segmentnr	original	analyzed	translated
['T27n1545_123:0640b18_0']	阿毘達磨大毘婆沙論卷第一百	阿毘達磨大毘婆沙論卷第一百	Abhidharma-mahāvibhāṣā-śāstra, fascicle 100
['T27n1545_123:0640b19_0']	二十三	二十三	twenty-three
['T27n1545_123:0640b21_0']	五百大阿羅漢等造	五百大阿羅漢等造	composed by five hundred great arhats and others
['T27n1545_123:0640b24_9']	三藏法師玄奘奉　詔譯2業蘊第四中表無表納息第四之二頗有業有漏有漏果耶。	三藏法師玄奘奉　詔譯2業蘊第四中表無表納息第四之二頗有業有漏有漏果耶。	tripiṭaka master Xuanzang respectfully received
['T27n1545_123:0640b24_14']	乃至廣說。	乃至廣說。	and so on at length
['T27n1545_123:0640b25_6']	應知此中依三果作論。	應知此中依三果作論。	one should know that in this [text], the discussion is based on three fruits.
['T27n1545_123:0640b25_15']	除士用果及增上果。	除士用果及增上果。	Excluding the human effort fruit and the dominant fruit.
['T27n1545_123:0640b26_6']	以士用果多雜亂故。	以士用果多雜亂故。	Because the human effort fruit is often mixed up.
['T27n1545_123:0640b26_15']	多法為因得一法故。	多法為因得一法故。	Because many dharmas become the cause for obtaining one dharma.
['T27n1545_123:0640b27_6']	以增上果不決定故。	以增上果不決定故。	Because the dominant fruit is not definite.
['T27n1545_123:0640b27_15']	極寬漫故如前已說。	極寬漫故如前已說。	Because it is extremely broad and vague, as has been explained before.
['T27n1545_123:0640b28_7']	迦濕彌羅國諸論師言。	迦濕彌羅國諸論師言。	The śāstra masters of Kaśmīra say:
['T27n1545_123:0640b28_17']	此中依一因多果作論。	此中依一因多果作論。	Here, the discussion is based on one cause having many fruits.
['T27n1545_123:0640b29_13']	若依此說頗有業有漏有漏果耶。	若依此說頗有業有漏有漏果耶。	If this is the explanation, is there any karma that has contaminated and uncontaminated fruits?
['T27n1545_123:0640b29_16']	答有。	答有。	The answer is yes.
['T27n1545_123:0640c01_5']	謂等流異熟果。	謂等流異熟果。	Namely, the homogeneous and retributive fruits.
['T27n1545_123:0640c01_15']	頗有業有漏無漏果耶。	頗有業有漏無漏果耶。	Is there any karma that has contaminated and uncontaminated fruits?
['T27n1545_123:0640c01_18']	答有。	答有。	The answer is yes.
['T27n1545_123:0640c02_4']	謂離繫果。	謂離繫果。	Namely, the fruit of separation.
['T27n1545_123:0640c02_16']	頗有業有漏有漏無漏果耶。	頗有業有漏有漏無漏果耶。	Is there any karma that has contaminated, uncontaminated, and uncontaminated fruits?
['T27n1545_123:0640c02_19']	答有。	答有。	The answer is yes.
['T27n1545_123:0640c03_8']	謂等流異熟離繫果。	謂等流異熟離繫果。	Namely, the outflow, karmic retribution, and disjunction fruits.
['T27n1545_123:0640c03_18']	頗有業無漏無漏果耶。	頗有業無漏無漏果耶。	Are there any actions that have pure and impure fruits?
['T27n1545_123:0640c04_2']	答有。	答有。	The answer is yes.
['T27n1545_123:0640c04_9']	謂等流離繫果。	謂等流離繫果。	Namely, the outflow and disjunction fruits.
['T27n1545_123:0640c05_1']	頗有業無漏有漏果耶。	頗有業無漏有漏果耶。	Are there any actions that have pure and impure fruits?
['T27n1545_123:0640c05_4']	答無。	答無。	The answer is no.
['T27n1545_123:0640c05_16']	頗有業無漏有漏無漏果耶。	頗有業無漏有漏無漏果耶。	Are there any actions that have pure, impure, and pure fruits?
['T27n1545_123:0640c06_1']	答無。	答無。	The answer is no.
['T27n1545_123:0640c06_15']	頗有業有漏無漏有漏無漏果耶。	頗有業有漏無漏有漏無漏果耶。	Are there any actions that have impure, pure, and impure and pure fruits?
['T27n1545_123:0640c06_18']	答無。	答無。	The answer is no.
['T27n1545_123:0640c07_4']	所以者何。	所以者何。	Why is it so?
['T27n1545_123:0640c07_15']	此中依一因多果而作論。	此中依一因多果而作論。	Here, the treatise is based on one cause and many fruits.
['T27n1545_123:0640c08_11']	故無如是因體是有漏亦是無漏。	故無如是因體是有漏亦是無漏。	Therefore, there is no such cause that is both impure and pure.
['T27n1545_123:0640c08_16']	如無此因。	如無此因。	Just as there is no such cause,
['T27n1545_123:0640c09_3']	亦無此果。	亦無此果。	there is also no such fruit.
['T27n1545_123:0640c09_8']	故答言無。	故答言無。	Therefore, the answer is no.
['T27n1545_123:0640c10_2']	頗有業有漏無漏有漏果耶。	頗有業有漏無漏有漏果耶。	Are there any actions that have impure and pure, and impure fruits?
['T27n1545_123:0640c10_5']	答無。	答無。	The answer is no.
['T27n1545_123:0640c10_17']	頗有業有漏無漏無漏果耶。	頗有業有漏無漏無漏果耶。	Are there any actions that have impure and pure, and pure fruits?
['T27n1545_123:0640c11_1']	答無。	答無。	The answer is no.
['T27n1545_123:0640c11_10']	西方諸師作如是說。	西方諸師作如是說。	The Western masters say:
['T27n1545_123:0640c12_3']	此中依多因一果而作論。	此中依多因一果而作論。	Here, the treatise is based on many causes and one fruit.
['T27n1545_123:0640c12_17']	若依此說頗有業有漏有漏果耶。	若依此說頗有業有漏有漏果耶。	If this is the explanation, is there any karma that has both contaminated and uncontaminated fruits?
['T27n1545_123:0640c13_2']	答有。	答有。	The answer is yes.
['T27n1545_123:0640c13_9']	謂等流異熟果。	謂等流異熟果。	It refers to the fruits of similarity and retribution.
['T27n1545_123:0640c13_19']	頗有業有漏無漏果耶。	頗有業有漏無漏果耶。	Is there any karma that has contaminated and uncontaminated fruits?
['T27n1545_123:0640c14_2']	答有。	答有。	The answer is yes.
['T27n1545_123:0640c14_7']	謂離繫果。	謂離繫果。	It refers to the fruit of separation.
['T27n1545_123:0640c15_1']	頗有業有漏有漏無漏果耶。	頗有業有漏有漏無漏果耶。	Is there any karma that has contaminated, uncontaminated, and both contaminated and uncontaminated fruits?
['T27n1545_123:0640c15_4']	答無。	答無。	The answer is no.
['T27n1545_123:0640c15_9']	所以者何。	所以者何。	Why is this?
['T27n1545_123:0640c16_1']	此中依多因一果而作論。	此中依多因一果而作論。	Here, the treatise is composed based on many causes and one fruit.
['T27n1545_123:0640c16_15']	故無如是果體是有漏亦是無漏。	故無如是果體是有漏亦是無漏。	Therefore, such a fruit is neither contaminated nor uncontaminated.
['T27n1545_123:0640c17_2']	如無此果。	如無此果。	Just as there is no such fruit,
['T27n1545_123:0640c17_7']	亦無此因。	亦無此因。	there is also no such cause.
['T27n1545_123:0640c17_12']	故答言無。	故答言無。	Therefore, the answer is no.
['T27n1545_123:0640c18_3']	頗有業無漏無漏果耶。	頗有業無漏無漏果耶。	Is there any karma that is uncontaminated and has uncontaminated fruits?
['T27n1545_123:0640c18_6']	答有。	答有。	The answer is yes.
['T27n1545_123:0640c18_13']	謂等流離繫果。	謂等流離繫果。	It refers to the fruits of similarity and separation.
['T27n1545_123:0640c19_4']	頗有業無漏有漏果耶。	頗有業無漏有漏果耶。	Is there any karma that is uncontaminated and has contaminated fruits?
['T27n1545_123:0640c19_7']	答無。	答無。	The answer is no.
['T27n1545_123:0640c20_1']	頗有業無漏有漏無漏果耶。	頗有業無漏有漏無漏果耶。	Is there any karma that is uncontaminated and has contaminated and uncontaminated fruits?
['T27n1545_123:0640c20_4']	答無。	答無。	The answer is no.
['T27n1545_123:0640c20_18']	頗有業有漏無漏有漏無漏果耶。	頗有業有漏無漏有漏無漏果耶。	Is there any karma that is contaminated and uncontaminated and has contaminated and uncontaminated fruits?
['T27n1545_123:0640c21_2']	答無。	答無。	The answer is no.
['T27n1545_123:0640c21_14']	頗有業有漏無漏有漏果耶。	頗有業有漏無漏有漏果耶。	Is there any karma that is both contaminated and uncontaminated, and has contaminated fruits?
['T27n1545_123:0640c21_17']	答無。	答無。	The answer is no.
['T27n1545_123:0640c22_10']	頗有業有漏無漏無漏果耶。	頗有業有漏無漏無漏果耶。	Is there any karma that is both contaminated and uncontaminated, and has uncontaminated fruits?
['T27n1545_123:0640c22_13']	答有。	答有。	The answer is yes.
['T27n1545_123:0640c23_2']	謂離繫果評曰。	謂離繫果評曰。	This refers to the fruit of disassociation. The commentators say:
['T27n1545_123:0640c23_11']	應知此中前說為善。	應知此中前說為善。	One should know that the previous explanation is correct.
['T27n1545_123:0640c24_2']	以本論文多同前故。	以本論文多同前故。	Because the original text is mostly the same as the previous,
['T27n1545_123:0640c24_11']	依一體業為問答故。	依一體業為問答故。	and because it asks about karma based on a single substance.
['T27n1545_123:0640c25_3']	無一業體通染淨故。	無一業體通染淨故。	Because there is no single karmic substance that is both defiled and pure.
['T27n1545_123:0640c26_7']	頗有業學學果耶。	頗有業學學果耶。	Is there any karma that is training and has the fruit of training?
['T27n1545_123:0640c26_10']	答有。	答有。	The answer is yes.
['T27n1545_123:0640c26_15']	謂等流果。	謂等流果。	This refers to the fruit of equal flow.
['T27n1545_123:0640c27_5']	頗有業學無學果耶。	頗有業學無學果耶。	Is there any karma that is training and has the fruit of post-training?
['T27n1545_123:0640c27_8']	答有。	答有。	The answer is yes.
['T27n1545_123:0640c27_13']	謂等流果。	謂等流果。	This refers to the fruit of equal flow.
['T27n1545_123:0640c28_6']	頗有業學非學非無學果耶。	頗有業學非學非無學果耶。	Is there any karma that is training and has the fruit of neither training nor post-training?
['T27n1545_123:0640c28_9']	答有。	答有。	The answer is yes.
['T27n1545_123:0640c28_14']	謂離繫果。	謂離繫果。	This refers to the fruit of disassociation.
['T27n1545_123:0640c29_3']	頗有業無學果耶。	頗有業無學果耶。	Is there any karma that is post-training and has the fruit of post-training?
['T27n1545_123:0640c29_6']	答有。	答有。	The answer is yes.
['T27n1545_123:0640c29_11']	謂等流果。	謂等流果。	This refers to the fruit of equal flow.
['T27n1545_123:0641a01_3']	頗有業無學無學學果耶。	頗有業無學無學學果耶。	Is there any karma that is post-training and has the fruit of training or neither training nor post-training?
['T27n1545_123:0641a01_6']	答無。	答無。	The answer is no.
['T27n1545_123:0641a02_1']	頗有業無學非學非無學果耶。	頗有業無學非學非無學果耶。	Is there any karma that is post-training and has the fruit of neither training nor post-training?
['T27n1545_123:0641a02_4']	答無。	答無。	The answer is no.
['T27n1545_123:0641a02_17']	問時解脫阿羅漢練根作不動。	問時解脫阿羅漢練根作不動。	Question: When a time-liberated arhat sharpens their faculties to become unshakable,
['T27n1545_123:0641a03_15']	第九無間道頓證三界見修所斷一切結斷。	第九無間道頓證三界見修所斷一切結斷。	in the ninth uninterrupted path, they suddenly realize the severance of all bonds that are to be severed by seeing and cultivation in the three realms.
['T27n1545_123:0641a04_10']	彼諸結斷是此道果應答言有。	彼諸結斷是此道果應答言有。	Those severed bonds are the fruits of this path. One should answer that there are.
['T27n1545_123:0641a04_15']	何故言無。	何故言無。	Why do you say there are none?
['T27n1545_123:0641a05_6']	答雖是此道士用果。	答雖是此道士用果。	Answer: Although they are the man-made fruits of this path,
['T27n1545_123:0641a05_12']	而非離繫果。	而非離繫果。	they are not the fruits of separation.
['T27n1545_123:0641a06_5']	前已說此中除士用增上果。	前已說此中除士用增上果。	It has already been said that in this context, the man-made and dominant fruits are excluded.
['T27n1545_123:0641a06_10']	故答言無。	故答言無。	Therefore, the answer is no.
['T27n1545_123:0641a07_7']	頗有業非學非無學非學非無學果耶。	頗有業非學非無學非學非無學果耶。	Are there any actions that are neither learner nor non-learner, and have neither learner nor non-learner fruits?
['T27n1545_123:0641a07_10']	答有。	答有。	Answer: There are.
['T27n1545_123:0641a07_19']	謂等流異熟離繫果。	謂等流異熟離繫果。	Namely, the homogeneous and ripening fruits, and the fruits of separation.
['T27n1545_123:0641a08_11']	頗有業非學非無學學果耶。	頗有業非學非無學學果耶。	Are there any actions that are neither learner nor non-learner, and have learner fruits?
['T27n1545_123:0641a08_14']	答無。	答無。	Answer: No.
['T27n1545_123:0641a09_9']	問世第一法無間引生苦法智忍。	問世第一法無間引生苦法智忍。	Question: The supreme worldly dharmas immediately induce the acceptance of the cognition of the dharma of suffering.
['T27n1545_123:0641a10_8']	此忍應是世第一法所引生果應答言有。	此忍應是世第一法所引生果應答言有。	This acceptance should be the fruit induced by the supreme worldly dharmas. One should answer that there are.
['T27n1545_123:0641a10_13']	何故言無。	何故言無。	Why do you say there are none?
['T27n1545_123:0641a11_3']	答彼雖是士用果。	答彼雖是士用果。	Answer: Although they are the man-made fruits,
['T27n1545_123:0641a11_10']	而非三果所攝。	而非三果所攝。	they are not included in the three fruits.
['T27n1545_123:0641a12_3']	前已說此中依三果作論。	前已說此中依三果作論。	It has already been explained that in this treatise, the three fruits are taken as the basis.
['T27n1545_123:0641a12_8']	故答言無。	故答言無。	Therefore, the answer is no.
['T27n1545_123:0641a13_3']	頗有業非學非無學無學果耶。	頗有業非學非無學無學果耶。	Is there any karma that is neither learner nor post-learner, but has learner fruit?
['T27n1545_123:0641a13_6']	答無。	答無。	The answer is no.
['T27n1545_123:0641a13_11']	如世尊說。	如世尊說。	As the World-Honored One said:
['T27n1545_123:0641a13_18']	不修身不修戒。	不修身不修戒。	Not cultivating the body, not cultivating precepts,
['T27n1545_123:0641a14_3']	不修心。	不修心。	not cultivating the mind,
['T27n1545_123:0641a14_7']	不修慧。	不修慧。	not cultivating wisdom.
['T27n1545_123:0641a14_12']	乃至廣說。	乃至廣說。	And so on, it is explained in detail.
['T27n1545_123:0641a14_17']	修有四種。	修有四種。	There are four kinds of cultivation:
['T27n1545_123:0641a15_10']	謂得修習修對治修除遣修。	謂得修習修對治修除遣修。	attainment cultivation, practice cultivation, counteractive cultivation, and elimination cultivation.
['T27n1545_123:0641a15_17']	如智蘊等廣說。	如智蘊等廣說。	As extensively explained in the Abhidharma-piṭaka and other texts.
['T27n1545_123:0641a16_6']	此中依二修作論。	此中依二修作論。	Among them, the treatise is based on two kinds of cultivation:
['T27n1545_123:0641a16_14']	謂對治修除遣修。	謂對治修除遣修。	counteractive cultivation and elimination cultivation.
['T27n1545_123:0641a17_6']	若於身戒心慧對治道。	若於身戒心慧對治道。	If the path of counteraction towards the body, precepts, mind, and wisdom
['T27n1545_123:0641a17_13']	未生名不修身。	未生名不修身。	has not yet arisen, it is called not cultivating the body,
['T27n1545_123:0641a17_19']	乃至不修慧。	乃至不修慧。	up to not cultivating wisdom.
['T27n1545_123:0641a18_6']	此依對治修說。	此依對治修說。	This is based on counteractive cultivation.
['T27n1545_123:0641a18_17']	又緣身戒心慧所有煩惱。	又緣身戒心慧所有煩惱。	Moreover, the afflictions that take the body, precepts, mind, and wisdom as their objects,
['T27n1545_123:0641a19_9']	未斷未遍知名不修身。	未斷未遍知名不修身。	if they have not yet been eliminated or thoroughly known, are called not cultivating the body,
['T27n1545_123:0641a19_15']	乃至不修慧。	乃至不修慧。	up to not cultivating wisdom.
['T27n1545_123:0641a20_3']	此依除遣修說。	此依除遣修說。	This is based on elimination cultivation.
['T27n1545_123:0641a20_15']	若於身戒心慧對治道已生。	若於身戒心慧對治道已生。	If the path of counteraction towards the body, precepts, mind, and wisdom has already arisen,
['T27n1545_123:0641a21_2']	名為修身。	名為修身。	It is called cultivating the body.
['T27n1545_123:0641a21_7']	乃至修慧。	乃至修慧。	Up to cultivating wisdom.
['T27n1545_123:0641a21_14']	此依對治修說。	此依對治修說。	This is said based on the cultivation of antidotes.
['T27n1545_123:0641a22_6']	又緣身戒心慧所有煩惱。	又緣身戒心慧所有煩惱。	Moreover, the afflictions that take the body, precepts, mind, and wisdom as objects,
['T27n1545_123:0641a22_12']	已斷已遍知。	已斷已遍知。	have already been eliminated and thoroughly known.
['T27n1545_123:0641a22_17']	名為修身。	名為修身。	It is called cultivating the body.
['T27n1545_123:0641a23_3', 'T27n1545_123:0641a23_10']	乃至修慧。🔽此依除遣修說。	乃至修慧。 此依除遣修說。	Up to cultivating wisdom.🔽This is said based on the cultivation of removal.
['T27n1545_123:0641a24_1']	是謂此處略毘婆沙。	是謂此處略毘婆沙。	This is the brief explanation of this topic.
['T27n1545_123:0641a25_5']	云何不修身。	云何不修身。	What is meant by not cultivating the body?
['T27n1545_123:0641a25_17']	答若於身未離貪欲潤憙渴。	答若於身未離貪欲潤憙渴。	Answer: If one has not yet eliminated craving, fondness, and thirst for the body,
['T27n1545_123:0641a26_8']	又無間道能盡色貪。	又無間道能盡色貪。	and the uninterrupted path that can eliminate attachment to form,
['T27n1545_123:0641a26_17']	彼於此道未修未安。	彼於此道未修未安。	one has not yet cultivated and stabilized this path.
['T27n1545_123:0641a27_7', 'T27n1545_123:0641a27_16']	若於身未離貪者。🔽謂未離愛未離欲者。	若於身未離貪者。 謂未離愛未離欲者。	If one has not yet eliminated craving for the body,🔽it means one has not yet eliminated love and desire.
['T27n1545_123:0641a28_9', 'T27n1545_123:0641a28_14', 'T27n1545_123:0641a29_6']	謂於愛欲未斷未遍知。🔽未離潤者。🔽謂於愛潤未斷未遍知。	謂於愛欲未斷未遍知。 未離潤者。 謂於愛潤未斷未遍知。	It means that love and desire have not yet been eliminated and thoroughly known.
['T27n1545_123:0641a29_11']	未離憙者。	未離憙者。	Not yet eliminating fondness means
['T27n1545_123:0641b01_3']	謂於愛憙未斷未遍知。	謂於愛憙未斷未遍知。	that fondness has not yet been eliminated and thoroughly known.
['T27n1545_123:0641b01_8']	未離渴者。	未離渴者。	Not yet eliminating thirst means
['T27n1545_123:0641b01_18']	謂於愛渴未斷未遍知。	謂於愛渴未斷未遍知。	that thirst has not yet been eliminated and thoroughly known.
['T27n1545_123:0641b02_9']	又無間道能盡色貪者。	又無間道能盡色貪者。	Moreover, the uninterrupted path that can eliminate attachment to form is
['T27n1545_123:0641b03_1']	謂無間道能盡色界愛。	謂無間道能盡色界愛。	the uninterrupted path that can eliminate attachment to the form realm.
['T27n1545_123:0641b03_11']	彼於此道未修未安者。	彼於此道未修未安者。	Those who have not yet cultivated and stabilized this path
['T27n1545_123:0641b04_3']	謂未修習及未安息。	謂未修習及未安息。	refer to those who have not yet cultivated and pacified.
['T27n1545_123:0641b04_12', 'T27n1545_123:0641b05_1']	修謂習修安謂得修。🔽又起名修滅名安。	修謂習修安謂得修。 又起名修滅名安。	Cultivation refers to habitual cultivation, and stabilization refers to attainment cultivation.🔽Moreover, arising is called cultivation, and cessation is called stabilization.
['T27n1545_123:0641b05_11']	又已生名修已滅名安。	又已生名修已滅名安。	Moreover, what has already arisen is called cultivation, and what has already ceased is called stabilization.
['T27n1545_123:0641b06_8']	應知此中若於身未離貪欲潤憙渴。	應知此中若於身未離貪欲潤憙渴。	It should be known that in this context, if one has not yet eliminated craving, fondness, and thirst for the body,
['T27n1545_123:0641b06_14']	名不修身者。	名不修身者。	it is called not cultivating the body.
['T27n1545_123:0641b07_2']	依除遣修說。	依除遣修說。	This is said based on the cultivation of removal.
['T27n1545_123:0641b07_11']	又無間道能盡色貪。	又無間道能盡色貪。	Moreover, the uninterrupted path that can eliminate attachment to form
['T27n1545_123:0641b08_7']	彼於此道未修未安名不修身者。	彼於此道未修未安名不修身者。	is called not cultivating the body by those who have not yet cultivated and stabilized this path.
['T27n1545_123:0641b08_13']	依對治修說。	依對治修說。	This is said based on the cultivation of antidotes.
['T27n1545_123:0641b09_1']	有餘師說。	有餘師說。	Other masters say:
['T27n1545_123:0641b09_12']	若於身未離貪欲潤憙渴。	若於身未離貪欲潤憙渴。	If one has not yet eliminated craving, fondness, and thirst for the body,
['T27n1545_123:0641b09_18']	名不修身者。	名不修身者。	it is called not cultivating the body.
['T27n1545_123:0641b10_10']	謂於緣身愛未斷未遍知。	謂於緣身愛未斷未遍知。	This refers to the love for the body that has not yet been eliminated or fully known.
['T27n1545_123:0641b11_2', 'T27n1545_123:0641b11_11']	又無間道能盡色貪。🔽彼於此道未修未安。	又無間道能盡色貪。 彼於此道未修未安。	Moreover, the uninterrupted path that can eliminate attachment to form
['T27n1545_123:0641b11_17']	名不修身者。	名不修身者。	is called not cultivating the body by those who have not yet cultivated and stabilized this path.
['T27n1545_123:0641b12_8']	謂於緣身諸餘煩惱。	謂於緣身諸餘煩惱。	It refers to the remaining afflictions in relation to the body.
['T27n1545_123:0641b12_14']	未斷未遍知。	未斷未遍知。	They have not been eliminated and have not been thoroughly known.
['T27n1545_123:0641b13_1']	有作是說。	有作是說。	There is an explanation that says:
['T27n1545_123:0641b13_10']	若於身未離貪等者。	若於身未離貪等者。	If one has not yet abandoned craving, etc., in relation to the body,
['T27n1545_123:0641b13_16']	顯未斷繫得。	顯未斷繫得。	It shows that one has not yet eliminated the acquisition of bondage.
['T27n1545_123:0641b14_9']	又無間道能盡色貪等者。	又無間道能盡色貪等者。	Moreover, if the uninterrupted path is able to exhaust the craving for form, etc.,
['T27n1545_123:0641b14_16']	顯未證離繫得。	顯未證離繫得。	It shows that one has not yet realized the acquisition of separation.
['T27n1545_123:0641b15_4']	如未斷繫得。	如未斷繫得。	Just as one has not yet eliminated the acquisition of bondage,
['T27n1545_123:0641b15_10']	未證離繫得。	未證離繫得。	One has not yet realized the acquisition of separation.
['T27n1545_123:0641b16_1']	如是未損減過失。	如是未損減過失。	In the same way, one has not yet diminished faults,
['T27n1545_123:0641b16_7']	未修習功德。	未修習功德。	One has not yet cultivated merits,
['T27n1545_123:0641b16_12']	未棄下劣。	未棄下劣。	One has not yet abandoned the inferior,
['T27n1545_123:0641b16_17']	未證勝妙。	未證勝妙。	One has not yet realized the sublime,
['T27n1545_123:0641b17_3']	未捨無義。	未捨無義。	One has not yet abandoned what is meaningless,
['T27n1545_123:0641b17_8', 'T27n1545_123:0641b17_15']	未得有義。🔽未除有愛熱惱。	未得有義。 未除有愛熱惱。	One has not yet attained what is meaningful,🔽One has not yet removed the heat of craving for existence,
['T27n1545_123:0641b18_4']	未受無愛快樂。	未受無愛快樂。	One has not yet experienced the bliss of being free from craving.
['T27n1545_123:0641b18_9']	應知亦爾。	應知亦爾。	One should understand it is the same.
['T27n1545_123:0641b18_14']	或有說者。	或有說者。	There are some who say:
['T27n1545_123:0641b19_4']	若於身未離貪等者。	若於身未離貪等者。	If one has not yet abandoned craving, etc., in relation to the body,
['T27n1545_123:0641b19_13']	顯無間道未起作用。	顯無間道未起作用。	It shows that the uninterrupted path has not yet arisen to function.
['T27n1545_123:0641b20_6']	又無間道能盡色貪等者。	又無間道能盡色貪等者。	Moreover, if the uninterrupted path is able to exhaust the craving for form, etc.,
['T27n1545_123:0641b20_15']	顯解脫道未起作用。	顯解脫道未起作用。	It shows that the path of liberation has not yet arisen to function.
['T27n1545_123:0641b21_2']	復有說者。	復有說者。	There are also some who say:🔽If one has not yet abandoned craving, etc., in relation to the body,
['T27n1545_123:0641b21_11']	若於身未離貪等者。	若於身未離貪等者。	If one has not yet abandoned craving for the body and so forth,
['T27n1545_123:0641b21_17']	顯未離欲界。	顯未離欲界。	It shows that one has not yet separated from the defilements of the desire realm,
['T27n1545_123:0641b22_7']	乃至第三靜慮染。	乃至第三靜慮染。	up to the third meditative absorption.
['T27n1545_123:0641b22_18']	又無間道能盡色貪等者。	又無間道能盡色貪等者。	Moreover, the uninterrupted path that can eliminate attachment to form, etc.,
['T27n1545_123:0641b23_8']	顯未離第四靜慮染。	顯未離第四靜慮染。	shows that one has not yet separated from the defilements of the fourth meditative absorption.
['T27n1545_123:0641b23_17']	此等差別如理應知。	此等差別如理應知。	These distinctions should be understood in accordance with reason.
['T27n1545_123:0641b24_4']	云何不修戒。	云何不修戒。	How does one not cultivate morality?
['T27n1545_123:0641b24_12']	答若於戒未離貪。	答若於戒未離貪。	Answer: If one has not yet separated from craving for morality,
['T27n1545_123:0641b24_17']	廣說如身。	廣說如身。	the extensive explanation is the same as for the body.
['T27n1545_123:0641b25_4']	云何不修心。	云何不修心。	How does one not cultivate the mind?
['T27n1545_123:0641b25_16']	答若於心未離貪欲潤憙渴。	答若於心未離貪欲潤憙渴。	Answer: If one has not yet separated from craving, desire, joy, and thirst for the mind,
['T27n1545_123:0641b26_8']	又無間道能盡無色貪。	又無間道能盡無色貪。	Moreover, the uninterrupted path that can eliminate attachment to the formless realm,
['T27n1545_123:0641b26_17']	彼於此道未修未安。	彼於此道未修未安。	one has not yet cultivated and stabilized this path.
['T27n1545_123:0641b27_10', 'T27n1545_123:0641b28_4']	若於心未離貪等如前說。🔽又無間道能盡無色貪者。	若於心未離貪等如前說。 又無間道能盡無色貪者。	If one has not yet separated from craving for the mind, etc., as explained above.🔽Moreover, the uninterrupted path that can eliminate attachment to the formless realm,
['T27n1545_123:0641b28_15']	謂無間道能盡無色界愛。	謂無間道能盡無色界愛。	refers to the uninterrupted path that can eliminate craving for the formless realm.
['T27n1545_123:0641b29_6']	未修未安如前說應知。	未修未安如前說應知。	One has not yet cultivated and stabilized it, as explained above, should be understood.
['T27n1545_123:0641c01_7']	此中若於心未離貪欲潤憙渴名不修心者。	此中若於心未離貪欲潤憙渴名不修心者。	Here, if one has not yet separated from craving, desire, joy, and thirst for the mind, it is called not cultivating the mind.
['T27n1545_123:0641c01_13']	依除遣修說。	依除遣修說。	This is explained based on the cultivation of removal.
['T27n1545_123:0641c02_5']	又無間道能盡無色貪。	又無間道能盡無色貪。	Moreover, the uninterrupted path that can eliminate attachment to the formless realm,
['T27n1545_123:0641c03_2']	彼於此道未修未安名不修心者。	彼於此道未修未安名不修心者。	Those who have not yet cultivated and stabilized this path are called those who have not yet cultivated the mind.
['T27n1545_123:0641c03_8']	依對治修說。	依對治修說。	This is said based on the cultivation of antidotes.
['T27n1545_123:0641c03_13']	有餘師說。	有餘師說。	Other masters say:
['T27n1545_123:0641c04_4']	若於心未離貪等者。	若於心未離貪等者。	If one has not yet become free from craving, etc., in the mind,
['T27n1545_123:0641c04_15']	謂於緣心愛未斷未遍知。	謂於緣心愛未斷未遍知。	it means that the love for the mind as an object has not yet been eliminated and has not yet been fully understood.
['T27n1545_123:0641c05_10']	又無間道能盡無色貪等者。	又無間道能盡無色貪等者。	Moreover, the uninterrupted path that can eliminate craving, etc., in the formless realm,
['T27n1545_123:0641c06_6']	謂於緣心諸餘煩惱未斷未遍知。	謂於緣心諸餘煩惱未斷未遍知。	means that the other afflictions in the mind as an object have not yet been eliminated and have not yet been fully understood.
['T27n1545_123:0641c06_12']	餘廣說如前。	餘廣說如前。	The rest is explained in detail as before.
['T27n1545_123:0641c06_17']	復有說者。	復有說者。	There are also those who say:
['T27n1545_123:0641c07_7']	若於心未離貪等者。	若於心未離貪等者。	If one has not yet become free from craving, etc., in the mind,
['T27n1545_123:0641c08_3']	顯未離欲界乃至無所有處染。	顯未離欲界乃至無所有處染。	it shows that one has not yet become free from the defilements of the desire realm up to the sphere of nothingness.
['T27n1545_123:0641c08_15']	又無間道能盡無色貪等者。	又無間道能盡無色貪等者。	Moreover, the uninterrupted path that can eliminate craving, etc., in the formless realm,
['T27n1545_123:0641c09_8']	顯未離非想非非想處染。	顯未離非想非非想處染。	shows that one has not yet become free from the defilements of the sphere of neither-perception-nor-non-perception.
['T27n1545_123:0641c09_17']	此等差別如理應知。	此等差別如理應知。	These distinctions should be understood according to reason.
['T27n1545_123:0641c10_4']	云何不修慧。	云何不修慧。	How does one not cultivate wisdom?
['T27n1545_123:0641c11_1']	答若於慧未離貪廣說如心已說。	答若於慧未離貪廣說如心已說。	The answer is: If one has not yet become free from craving, etc., in wisdom, it is explained in detail as with the mind.
['T27n1545_123:0641c11_15']	不修身等自性雜無雜相今當說。	不修身等自性雜無雜相今當說。	The nature, mixture, and non-mixture of the cultivation of the body, etc., will now be explained.
['T27n1545_123:0641c12_6']	若不修身彼不修戒耶。	若不修身彼不修戒耶。	If one does not cultivate the body, does one not cultivate precepts?
['T27n1545_123:0641c12_10']	答如是。	答如是。	Answer: It is so.
['T27n1545_123:0641c13_2']	設不修戒彼不修身耶。	設不修戒彼不修身耶。	If one does not cultivate precepts, do they not cultivate body?
['T27n1545_123:0641c13_6']	答如是。	答如是。	Answer: It is so.
['T27n1545_123:0641c14_7']	以身與戒俱於離第四靜慮染時方斷盡故。	以身與戒俱於離第四靜慮染時方斷盡故。	Because body and precepts are both eliminated upon detachment from the fourth dhyana.
['T27n1545_123:0641c14_17']	若不修身彼不修心耶。	若不修身彼不修心耶。	If one does not cultivate body, do they not cultivate mind?
['T27n1545_123:0641c15_9']	答諸不修身彼不修心。	答諸不修身彼不修心。	Answer: Those who do not cultivate body do not cultivate mind.
['T27n1545_123:0641c15_18', 'T27n1545_123:0641c16_5']	有不修心非不修身。🔽謂已離色染。	有不修心非不修身。 謂已離色染。	There are those who do not cultivate mind but do not not cultivate body.
['T27n1545_123:0641c16_11']	未離無色染。	未離無色染。	Namely, those already detached from form but not yet detached from formlessness.
['T27n1545_123:0641c17_3']	若不修身彼不修慧耶。	若不修身彼不修慧耶。	If one does not cultivate body, do they not cultivate wisdom?
['T27n1545_123:0641c17_13']	答諸不修身彼不修慧。	答諸不修身彼不修慧。	Answer: Those who do not cultivate body do not cultivate wisdom.
['T27n1545_123:0641c18_7']	有不修慧非不修身如前說。	有不修慧非不修身如前說。	There are those who do not cultivate wisdom but do not not cultivate body, as explained above.
['T27n1545_123:0641c18_17']	若不修戒彼不修心耶。	若不修戒彼不修心耶。	If one does not cultivate precepts, do they not cultivate mind?
['T27n1545_123:0641c19_9']	答諸不修戒彼不修心。	答諸不修戒彼不修心。	Answer: Those who do not cultivate precepts do not cultivate mind.
['T27n1545_123:0641c19_18']	有不修心非不修戒。	有不修心非不修戒。	There are those who do not cultivate mind but do not not cultivate precepts.
['T27n1545_123:0641c20_3']	如前說。	如前說。	As explained above.
['T27n1545_123:0641c20_13']	若不修戒彼不修慧耶。	若不修戒彼不修慧耶。	If one does not cultivate precepts, do they not cultivate wisdom?
['T27n1545_123:0641c21_5']	答諸不修戒彼不修慧。	答諸不修戒彼不修慧。	Answer: Those who do not cultivate precepts do not cultivate wisdom.
['T27n1545_123:0641c21_17']	有不修慧非不修戒如前說。	有不修慧非不修戒如前說。	There are those who do not cultivate wisdom but do not not cultivate precepts, as explained above.
['T27n1545_123:0641c22_7']	此中諸如前說者。	此中諸如前說者。	Here, the so-called various refers to the previously mentioned.🔽🔽
['T27n1545_123:0641c23_2']	俱謂已離色染未離無色染。	俱謂已離色染未離無色染。	Among these, the so-called various refers to those who have already separated from attachment to form but have not yet separated from attachment to the formless realm.
['T27n1545_123:0641c23_9']	以對治處同故。	以對治處同故。	This is because the place of counteraction is the same.
['T27n1545_123:0641c24_1']	若不修心彼不修慧耶。	若不修心彼不修慧耶。	If one does not cultivate the mind, does one not cultivate wisdom?
['T27n1545_123:0641c24_5']	答如是。	答如是。	The answer is yes.
['T27n1545_123:0641c24_15']	設不修慧彼不修心耶。	設不修慧彼不修心耶。	If one does not cultivate wisdom, does one not cultivate the mind?
['T27n1545_123:0641c24_19']	答如是。	答如是。	The answer is yes.
['T27n1545_123:0641c26_3']	以心與慧俱於離非想非非想處染時方斷盡故。	以心與慧俱於離非想非非想處染時方斷盡故。	This is because the mind and wisdom are both exhausted when one separates from attachment to the sphere of neither-perception-nor-non-perception.
['T27n1545_123:0641c27_4']	如世尊說。	如世尊說。	As the World-Honored One said:
['T27n1545_123:0641c27_13']	修身修戒修心修慧。	修身修戒修心修慧。	Cultivating the body, cultivating precepts, cultivating the mind, cultivating wisdom.
['T27n1545_123:0641c27_18']	云何修身。	云何修身。	What is cultivating the body?
['T27n1545_123:0641c28_10']	答若於身已離貪欲潤憙渴。	答若於身已離貪欲潤憙渴。	The answer is: If one has already separated from craving, desire, joy, and thirst towards the body,
['T27n1545_123:0641c29_1']	又無間道能盡色貪。	又無間道能盡色貪。	and the uninterrupted path is able to exhaust attachment to form,
['T27n1545_123:0641c29_10']	彼於此道已修已安。	彼於此道已修已安。	one has already cultivated and stabilized this path towards the body.
['T27n1545_123:0641c29_15']	云何修戒。	云何修戒。	What is cultivating precepts?
['T27n1545_123:0642a01_4']	答若於戒已離貪。	答若於戒已離貪。	The answer is: If one has already separated from craving towards precepts,
['T27n1545_123:0642a01_9']	廣說如身。	廣說如身。	the extensive explanation is the same as for the body.
['T27n1545_123:0642a01_14']	云何修心。	云何修心。	What is cultivating the mind?
['T27n1545_123:0642a02_7']	答若於心已離貪欲潤憙渴。	答若於心已離貪欲潤憙渴。	The answer is: If one has already separated from craving, desire, joy, and thirst towards the mind,
['T27n1545_123:0642a02_17']	又無間道能盡無色貪。	又無間道能盡無色貪。	and the uninterrupted path is able to exhaust attachment to the formless realm,
['T27n1545_123:0642a03_7']	彼於此道已修已安。	彼於此道已修已安。	one has already cultivated and stabilized this path towards the mind.
['T27n1545_123:0642a03_12']	云何修慧。	云何修慧。	What is cultivated wisdom?
['T27n1545_123:0642a04_2']	答若於慧已離貪。	答若於慧已離貪。	The answer is: If one is already free from craving in wisdom,
['T27n1545_123:0642a04_7']	廣說如心。	廣說如心。	it is explained in detail as in the case of the mind.
['T27n1545_123:0642a05_6']	略毘婆沙及釋諸句翻前黑品如理應思。	略毘婆沙及釋諸句翻前黑品如理應思。	The brief Vibhāṣā and the explanation of the various phrases should be contemplated in accordance with the principle, in contrast to the previously mentioned dark category.
['T27n1545_123:0642a06_8']	已分別修身等自性。	已分別修身等自性。	The intrinsic nature of cultivating the body and so forth has already been distinguished.
['T27n1545_123:0642a06_16']	雜無雜相今當說。	雜無雜相今當說。	The mixed and unmixed characteristics will now be explained.
['T27n1545_123:0642a07_5']	若修身彼修戒耶。	若修身彼修戒耶。	If one cultivates the body, does one also cultivate precepts?
['T27n1545_123:0642a07_9']	答如是。	答如是。	The answer is: It is so.
['T27n1545_123:0642a07_17']	設修戒彼修身耶。	設修戒彼修身耶。	If one cultivates precepts, does one also cultivate the body?
['T27n1545_123:0642a08_2']	答如是。	答如是。	The answer is: It is so.
['T27n1545_123:0642a08_8']	以身與戒俱。	以身與戒俱。	Because the body and precepts are both
['T27n1545_123:0642a08_16']	於離第四靜慮染。	於離第四靜慮染。	at the time of being free from the fourth dhyāna affliction,
['T27n1545_123:0642a09_4']	時方斷盡故。	時方斷盡故。	they are completely eliminated.
['T27n1545_123:0642a09_12']	若修身彼修心耶。	若修身彼修心耶。	If one cultivates the body, does one also cultivate the mind?
['T27n1545_123:0642a10_1']	答諸修心彼修身。	答諸修心彼修身。	The answer is: Those who cultivate the mind also cultivate the body.
['T27n1545_123:0642a10_8']	有修身非修心。	有修身非修心。	There are those who cultivate the body but do not cultivate the mind.
['T27n1545_123:0642a11_1']	謂已離色染未離無色染。	謂已離色染未離無色染。	Namely, those who are already free from the affliction of the form realm but not yet free from the affliction of the formless realm.
['T27n1545_123:0642a11_9']	若修身彼修慧耶。	若修身彼修慧耶。	If one cultivates the body, does one also cultivate wisdom?
['T27n1545_123:0642a11_17']	答諸修慧彼修身。	答諸修慧彼修身。	The answer is: Those who cultivate wisdom also cultivate the body.
['T27n1545_123:0642a12_4']	有修身非修慧。	有修身非修慧。	There are those who cultivate the body but do not cultivate wisdom.
['T27n1545_123:0642a12_8', 'T27n1545_123:0642a12_16']	如前說。🔽若修戒彼修心耶。	如前說。 若修戒彼修心耶。	As explained previously.🔽If one cultivates precepts, does one also cultivate the mind?
['T27n1545_123:0642a13_5']	答諸修心彼修戒。	答諸修心彼修戒。	The answer is: Those who cultivate the mind also cultivate precepts.
['T27n1545_123:0642a13_12']	有修戒非修心。	有修戒非修心。	There is cultivation of precepts but not cultivation of mind.
['T27n1545_123:0642a13_16']	如前說。	如前說。	As explained above.
['T27n1545_123:0642a14_5']	若修戒彼修慧耶。	若修戒彼修慧耶。	If one cultivates precepts, does one cultivate wisdom?
['T27n1545_123:0642a14_13']	答諸修慧彼修戒。	答諸修慧彼修戒。	Answer: Those who cultivate wisdom cultivate precepts.
['T27n1545_123:0642a15_1']	有修戒非修慧。	有修戒非修慧。	There is cultivation of precepts but not cultivation of wisdom.
['T27n1545_123:0642a15_5']	如前說。	如前說。	As explained above.
['T27n1545_123:0642a15_14']	此中諸句如前說者。	此中諸句如前說者。	Here, the phrases as explained above refer to
['T27n1545_123:0642a16_7']	俱謂已離色染未離無色染。	俱謂已離色染未離無色染。	those who have already separated from attachment to form but have not yet separated from attachment to formlessness.
['T27n1545_123:0642a16_14']	以對治處同故。	以對治處同故。	Because the objects of counteraction are the same.
['T27n1545_123:0642a17_4']	若修心彼修慧耶。	若修心彼修慧耶。	If one cultivates mind, does one cultivate wisdom?
['T27n1545_123:0642a17_8']	答如是。	答如是。	Answer: It is so.
['T27n1545_123:0642a17_16']	設修慧彼修心耶。	設修慧彼修心耶。	If one cultivates wisdom, does one cultivate mind?
['T27n1545_123:0642a18_1']	答如是。	答如是。	Answer: It is so.
['T27n1545_123:0642a18_17']	以心與慧俱於離非想非非想處染時。	以心與慧俱於離非想非非想處染時。	Because mind and wisdom, when separating from attachment to the sphere of neither-perception-nor-non-perception,
['T27n1545_123:0642a19_4']	方斷盡故。	方斷盡故。	are only then completely eliminated.
['T27n1545_123:0642a20_8']	已隨本論文句差別。	已隨本論文句差別。	The differences in the text and phrases have already been explained according to the original text.
['T27n1545_123:0642a20_17']	釋不修身戒心慧等。	釋不修身戒心慧等。	The explanation of not cultivating body, precepts, mind, and wisdom, etc.
['T27n1545_123:0642a21_8']	當復隨義釋此差別。	當復隨義釋此差別。	Will be further explained according to the meaning.
['T27n1545_123:0642a21_13']	有作是說。	有作是說。	There is a saying:
['T27n1545_123:0642a21_18', 'T27n1545_123:0642a22_4']	不修身者。🔽謂於不淨。	不修身者。 謂於不淨。	As for not cultivating the body,
['T27n1545_123:0642a22_14']	淨想顛倒未斷未遍知。	淨想顛倒未斷未遍知。	it refers to the inverted thought of purity regarding impurity, which has not yet been eliminated or completely known.
['T27n1545_123:0642a23_1']	不修戒者。	不修戒者。	As for not cultivating precepts,
['T27n1545_123:0642a23_9']	謂於苦樂想顛倒。	謂於苦樂想顛倒。	it refers to the inverted thought of happiness regarding suffering.
['T27n1545_123:0642a23_15']	未斷未遍知。	未斷未遍知。	Not yet eliminated and not yet fully understood.
['T27n1545_123:0642a24_1']	不修心者。	不修心者。	Those who do not cultivate the mind
['T27n1545_123:0642a24_10']	謂於無常常想顛倒。	謂於無常常想顛倒。	Refer to the inversion of the notion of permanence towards the impermanent.
['T27n1545_123:0642a24_16']	未斷未遍知。	未斷未遍知。	Not yet eliminated and not yet fully understood.
['T27n1545_123:0642a25_2']	不修慧者。	不修慧者。	Those who do not cultivate wisdom
['T27n1545_123:0642a25_11']	謂於無我我想顛倒。	謂於無我我想顛倒。	Refer to the inversion of the notion of self towards the non-self.
['T27n1545_123:0642a25_17']	未斷未遍知。	未斷未遍知。	Not yet eliminated and not yet fully understood.
['T27n1545_123:0642a26_3']	有餘師說。	有餘師說。	Other masters say:
['T27n1545_123:0642a26_8']	不修身者。	不修身者。	Those who do not cultivate the body
['T27n1545_123:0642a26_13']	謂於段食。	謂於段食。	Refer to the food of solid food.
['T27n1545_123:0642a26_19']	未斷未遍知。	未斷未遍知。	Not yet eliminated and not yet fully understood.
['T27n1545_123:0642a27_4']	不修戒者。	不修戒者。	Those who do not cultivate morality
['T27n1545_123:0642a27_9']	謂於觸食。	謂於觸食。	Refer to the food of contact.
['T27n1545_123:0642a27_15']	未斷未遍知。	未斷未遍知。	Not yet eliminated and not yet fully understood.
['T27n1545_123:0642a28_1']	不修心者。	不修心者。	Those who do not cultivate the mind
['T27n1545_123:0642a28_6']	謂於識食。	謂於識食。	Refer to the food of consciousness.
['T27n1545_123:0642a28_12']	未斷未遍知。	未斷未遍知。	Not yet eliminated and not yet fully understood.
['T27n1545_123:0642a28_17']	不修慧者。	不修慧者。	Those who do not cultivate wisdom
['T27n1545_123:0642a29_3']	謂於意思食。	謂於意思食。	Refer to the food of intention.
['T27n1545_123:0642a29_9']	未斷未遍知。	未斷未遍知。	Not yet eliminated and not yet fully understood.
['T27n1545_123:0642a29_14']	或有說者。	或有說者。	Some say:
['T27n1545_123:0642a29_19']	不修身者。	不修身者。	Those who do not cultivate the body
['T27n1545_123:0642b01_4']	謂於色蘊。	謂於色蘊。	Refer to the form aggregate.
['T27n1545_123:0642b01_10']	未斷未遍知。	未斷未遍知。	Not yet eliminated and not yet fully understood.
['T27n1545_123:0642b01_15']	不修戒者。	不修戒者。	Those who do not cultivate morality
['T27n1545_123:0642b02_1']	謂於受蘊。	謂於受蘊。	Refer to the feeling aggregate.
['T27n1545_123:0642b02_7']	未斷未遍知。	未斷未遍知。	Not yet eliminated and not yet fully understood.
['T27n1545_123:0642b02_12']	不修心者。	不修心者。	Those who do not cultivate the mind
['T27n1545_123:0642b02_17']	謂於識蘊。	謂於識蘊。	Refer to the consciousness aggregate.
['T27n1545_123:0642b03_3']	未斷未遍知。	未斷未遍知。	Not yet eliminated and not yet fully understood.
['T27n1545_123:0642b03_8']	不修慧者。	不修慧者。	Those who do not cultivate wisdom.
['T27n1545_123:0642b04_2']	謂於想蘊行蘊未斷未遍知。	謂於想蘊行蘊未斷未遍知。	It means that regarding the aggregate of perception and the aggregate of mental formations, they have not yet eliminated them and have not yet fully understood them.
['T27n1545_123:0642b04_7']	復有說者。	復有說者。	Furthermore, there are those who say:
['T27n1545_123:0642b04_12']	不修身者。	不修身者。	Those who do not cultivate the body.
['T27n1545_123:0642b04_19']	謂於色隨識住。	謂於色隨識住。	It means that regarding the form that is the abode of consciousness,
['T27n1545_123:0642b05_5']	未斷未遍知。	未斷未遍知。	they have not yet eliminated it and have not yet fully understood it.
['T27n1545_123:0642b05_10']	不修戒者。	不修戒者。	Those who do not cultivate precepts.
['T27n1545_123:0642b05_17']	謂於受隨識住。	謂於受隨識住。	It means that regarding the feeling that is the abode of consciousness,
['T27n1545_123:0642b06_4']	未斷未遍知。	未斷未遍知。	they have not yet eliminated it and have not yet fully understood it.
['T27n1545_123:0642b06_9']	不修心者。	不修心者。	Those who do not cultivate the mind.
['T27n1545_123:0642b06_15']	謂於能住識。	謂於能住識。	It means that regarding the consciousness that abides,
['T27n1545_123:0642b07_2']	未斷未遍知。	未斷未遍知。	they have not yet eliminated it and have not yet fully understood it.
['T27n1545_123:0642b07_7']	不修慧者。	不修慧者。	Those who do not cultivate wisdom.
['T27n1545_123:0642b07_18']	謂於想隨識住行隨識住。	謂於想隨識住行隨識住。	It means that regarding the perception that is the abode of consciousness and the mental formations that are the abode of consciousness,
['T27n1545_123:0642b08_5']	未斷未遍知。	未斷未遍知。	they have not yet eliminated them and have not yet fully understood them.
['T27n1545_123:0642b08_10']	有作是言。	有作是言。	There are those who say:
['T27n1545_123:0642b08_15']	不修身者。	不修身者。	Those who do not cultivate the body.
['T27n1545_123:0642b09_4']	謂未修身念住。	謂未修身念住。	It means that they have not yet cultivated the mindfulness of the body.
['T27n1545_123:0642b09_9']	不修戒者。	不修戒者。	Those who do not cultivate precepts.
['T27n1545_123:0642b09_16']	謂未修受念住。	謂未修受念住。	It means that they have not yet cultivated the mindfulness of feeling.
['T27n1545_123:0642b10_2']	不修心者。	不修心者。	Those who do not cultivate the mind.
['T27n1545_123:0642b10_9']	謂未修心念住。	謂未修心念住。	It means that they have not yet cultivated the mindfulness of the mind.
['T27n1545_123:0642b10_14']	不修慧者。	不修慧者。	Those who do not cultivate wisdom.
['T27n1545_123:0642b11_2']	謂未修法念住。	謂未修法念住。	It means that they have not yet cultivated the mindfulness of dharmas.
['T27n1545_123:0642b11_7', 'T27n1545_123:0642b11_12']	有餘師言。🔽不修身者。	有餘師言。 不修身者。	Other masters say:🔽Those who do not cultivate the body.
['T27n1545_123:0642b11_18']	謂未修身修。	謂未修身修。	It means that they have not yet cultivated the cultivation of the body.
['T27n1545_123:0642b12_3']	不修戒者。	不修戒者。	Those who do not cultivate precepts.
['T27n1545_123:0642b12_9']	謂未修戒修。	謂未修戒修。	It means not cultivating the training in precepts.
['T27n1545_123:0642b12_14']	不修心者。	不修心者。	As for not cultivating the mind,
['T27n1545_123:0642b13_1']	謂未修心修。	謂未修心修。	it means not cultivating the training in concentration.
['T27n1545_123:0642b13_6']	不修慧者。	不修慧者。	As for not cultivating wisdom,
['T27n1545_123:0642b13_12']	謂未修慧修。	謂未修慧修。	it means not cultivating the training in wisdom.
['T27n1545_123:0642b13_17']	有餘復說。	有餘復說。	Some others also say:
['T27n1545_123:0642b14_2']	不修身者。	不修身者。	As for not cultivating the body,
['T27n1545_123:0642b14_12']	謂身於覺支未能隨順。	謂身於覺支未能隨順。	it means the body is not yet able to accord with the factors of enlightenment.
['T27n1545_123:0642b14_17']	不修戒者。	不修戒者。	As for not cultivating precepts,
['T27n1545_123:0642b15_8']	謂戒於覺支未能隨順。	謂戒於覺支未能隨順。	it means precepts are not yet able to accord with the factors of enlightenment.
['T27n1545_123:0642b15_13']	不修心者。	不修心者。	As for not cultivating the mind,
['T27n1545_123:0642b16_5']	謂心於覺支未能隨順。	謂心於覺支未能隨順。	it means the mind is not yet able to accord with the factors of enlightenment.
['T27n1545_123:0642b16_10', 'T27n1545_123:0642b16_16']	不修慧者。🔽謂慧於覺支。	不修慧者。 謂慧於覺支。	As for not cultivating wisdom,
['T27n1545_123:0642b17_3']	未能隨順。	未能隨順。	it means wisdom is not yet able to accord with the factors of enlightenment.
['T27n1545_123:0642b17_8']	或復有說。	或復有說。	Or some also say:
['T27n1545_123:0642b17_13']	不修身者。	不修身者。	As for not cultivating the body,
['T27n1545_123:0642b18_4']	謂身未能為戒所依。	謂身未能為戒所依。	it means the body is not yet able to serve as the basis for precepts.
['T27n1545_123:0642b18_9']	不修戒者。	不修戒者。	As for not cultivating precepts,
['T27n1545_123:0642b19_2']	謂戒未能為奢摩他所依。	謂戒未能為奢摩他所依。	it means precepts are not yet able to serve as the basis for śamatha.
['T27n1545_123:0642b19_7']	不修心者。	不修心者。	As for not cultivating the mind,
['T27n1545_123:0642b20_3']	謂奢摩他未能為毘鉢舍那所依。	謂奢摩他未能為毘鉢舍那所依。	it means śamatha is not yet able to serve as the basis for vipaśyanā.
['T27n1545_123:0642b20_8']	不修慧者。	不修慧者。	As for not cultivating wisdom,
['T27n1545_123:0642b21_2']	謂毘鉢舍那未能害諸煩惱。	謂毘鉢舍那未能害諸煩惱。	it means vipaśyanā is not yet able to destroy afflictions.
['T27n1545_123:0642b21_8']	如不修身等。	如不修身等。	As for not cultivating the body and so forth,
['T27n1545_123:0642b21_15']	如是諸說差別。	如是諸說差別。	These are the various explanations of differences.
['T27n1545_123:0642b22_6']	如是修身等翻此應知。	如是修身等翻此應知。	The cultivation of body, etc., should be understood in the opposite way.
['T27n1545_123:0642b23_6']	若成就過去戒。	若成就過去戒。	If one possesses past precepts,
['T27n1545_123:0642b24_1']	彼成就未來現在此類戒耶。	彼成就未來現在此類戒耶。	does one possess future and present precepts of this type?
['T27n1545_123:0642b24_6']	乃至廣說。	乃至廣說。	And so on, explaining in detail.
['T27n1545_123:0642b24_11']	類有四種。	類有四種。	There are four types of similarity:
['T27n1545_123:0642b25_7']	一修類二律儀類三界類四相似類。	一修類二律儀類三界類四相似類。	1. The type of cultivation, 2. the type of precepts, 3. the type of realms, 4. the type of resemblance.
['T27n1545_123:0642b25_11']	修類者。	修類者。	The type of cultivation is
['T27n1545_123:0642b25_17']	如前智蘊說。	如前智蘊說。	as explained in the previous chapter on cognition.
['T27n1545_123:0642b26_7']	謂未曾得道現在前時。	謂未曾得道現在前時。	It is said that when the path that has not yet been attained appears in the present,
['T27n1545_123:0642b26_16']	能修未來自類諸道。	能修未來自類諸道。	one can cultivate the future paths of the same type.
['T27n1545_123:0642b27_2', 'T27n1545_123:0642b27_11']	此中有說。🔽諸有漏道有漏為類。	此中有說。 諸有漏道有漏為類。	Among them, some say:🔽The contaminated paths have contamination as their type.
['T27n1545_123:0642b28_2']	諸無漏道無漏為類。	諸無漏道無漏為類。	The uncontaminated paths have uncontamination as their type.
['T27n1545_123:0642b28_7', 'T27n1545_123:0642b29_2']	復有說者。🔽諸有漏道通以有漏無漏為類。	復有說者。 諸有漏道通以有漏無漏為類。	There are also those who say:🔽The contaminated paths have both contamination and uncontamination as their type.
['T27n1545_123:0642b29_15']	諸無漏道通以無漏有漏為類。	諸無漏道通以無漏有漏為類。	The uncontaminated paths have both uncontamination and contamination as their type.
['T27n1545_123:0642c01_6']	若有漏道現在前時。	若有漏道現在前時。	When the contaminated paths appear in the present,
['T27n1545_123:0642c02_9']	通修有漏及無漏道此由有漏道力修故俱名彼類。	通修有漏及無漏道此由有漏道力修故俱名彼類。	one cultivates both the contaminated and uncontaminated paths. Because of the power of cultivating the contaminated paths, both are called their type.
['T27n1545_123:0642c02_18']	若無漏道現在前時。	若無漏道現在前時。	When the pure path is present,
['T27n1545_123:0642c03_8']	通修無漏及有漏道。	通修無漏及有漏道。	one cultivates both the pure and impure paths.
['T27n1545_123:0642c04_3']	此由無漏道力修故俱名彼類。	此由無漏道力修故俱名彼類。	This is because they are cultivated by the power of the pure path, and are all called that type.
['T27n1545_123:0642c04_8']	律儀類者。	律儀類者。	The type of discipline is
['T27n1545_123:0642c04_14']	如此業蘊說。	如此業蘊說。	as explained in the Aggregates of Action.
['T27n1545_123:0642c05_3']	謂有成就過去戒。	謂有成就過去戒。	It says: There are those who possess past precepts,
['T27n1545_123:0642c05_13']	非未來現在此類戒等。	非未來現在此類戒等。	but not future or present precepts of this type, and so on.
['T27n1545_123:0642c06_3']	此中律儀律儀為類。	此中律儀律儀為類。	Here, discipline and non-discipline are the type.
['T27n1545_123:0642c06_17', 'T27n1545_123:0642c07_9', 'T27n1545_123:0642c08_2']	謂別解脫律儀別解脫律儀為類。🔽靜慮律儀靜慮律儀為類。🔽無漏律儀無漏律儀為類。	謂別解脫律儀別解脫律儀為類。 靜慮律儀靜慮律儀為類。 無漏律儀無漏律儀為類。	That is, the discipline of individual liberation is the type of the discipline of individual liberation.🔽The discipline of the meditative absorptions is the type of the discipline of the meditative absorptions.🔽The pure discipline is the type of the pure discipline.
['T27n1545_123:0642c08_13']	律儀加行律儀加行為類。	律儀加行律儀加行為類。	The preparatory stage of discipline is the type of the preparatory stage of discipline.
['T27n1545_123:0642c09_6']	律儀根本律儀根本為類。	律儀根本律儀根本為類。	The fundamental stage of discipline is the type of the fundamental stage of discipline.
['T27n1545_123:0642c10_5']	律儀後起律儀後起為類表戒表戒為類。	律儀後起律儀後起為類表戒表戒為類。	The subsequent stage of discipline is the type of the subsequent stage of discipline. The manifest precepts are the type of the manifest precepts.
['T27n1545_123:0642c10_14']	無表戒無表戒為類。	無表戒無表戒為類。	The unmanifest precepts are the type of the unmanifest precepts.
['T27n1545_123:0642c11_5']	界類者如後根蘊說。	界類者如後根蘊說。	The type of realm is as explained in the Aggregates of Faculties.
['T27n1545_123:0642c11_14']	謂有成就此類眼根。	謂有成就此類眼根。	It says: There are those who possess this type of eye faculty,
['T27n1545_123:0642c12_3']	非此類身根等。	非此類身根等。	but not this type of body faculty, and so on.
['T27n1545_123:0642c12_12']	此中若法於此界有。	此中若法於此界有。	In this context, if a dharma exists in a realm,
['T27n1545_123:0642c13_1']	即說此為彼類。	即說此為彼類。	it is said to be of that type.
['T27n1545_123:0642c13_10']	謂欲界法欲界為類。	謂欲界法欲界為類。	That is to say, dharmas of the desire realm are of the desire realm type.
['T27n1545_123:0642c13_18']	色界法色界為類。	色界法色界為類。	Dharmas of the form realm are of the form realm type.
['T27n1545_123:0642c14_9']	無色界法無色界為類。	無色界法無色界為類。	Dharmas of the formless realm are of the formless realm type.
['T27n1545_123:0642c15_1']	相似類者如毘奈耶說。	相似類者如毘奈耶說。	As for similar types, it is said in the Vinaya:
['T27n1545_123:0642c15_16']	謂物特子左手放光右手分僧臥具。	謂物特子左手放光右手分僧臥具。	The Buddha emitted light from his left hand and divided the monks' bedding with his right hand.
['T27n1545_123:0642c16_3']	與同類者。	與同類者。	Those of the same type
['T27n1545_123:0642c16_12']	諸持經者持經者共。	諸持經者持經者共。	those who uphold the sūtras are together with those who uphold the sūtras.
['T27n1545_123:0642c17_2']	諸持律者持律者共。	諸持律者持律者共。	Those who uphold the vinaya are together with those who uphold the vinaya.
['T27n1545_123:0642c17_11']	諸說法者說法者共。	諸說法者說法者共。	Those who expound the Dharma are together with those who expound the Dharma.
['T27n1545_123:0642c18_1']	諸閑居者閑居者共。	諸閑居者閑居者共。	Those who dwell in seclusion are together with those who dwell in seclusion.
['T27n1545_123:0642c18_6']	分配同類。	分配同類。	Distributing to those of the same type.
['T27n1545_123:0642c18_11']	非異類者。	非異類者。	Not to those of different types.
['T27n1545_123:0642c19_1']	欲令展轉相隨順故。	欲令展轉相隨順故。	In order to cause them to follow each other in turn.
['T27n1545_123:0642c19_10']	善法增進惡法損減。	善法增進惡法損減。	Good dharmas increase and evil dharmas diminish.
['T27n1545_123:0642c19_19']	如說有情諸界各別。	如說有情諸界各別。	As it is said, the realms of sentient beings are each different.
['T27n1545_123:0642c20_16']	有同類者更相隨順惡勝解者惡勝解俱。	有同類者更相隨順惡勝解者惡勝解俱。	Those of the same type follow each other. Those with evil resolve are together with those with evil resolve.
['T27n1545_123:0642c21_7']	善勝解者善勝解俱。	善勝解者善勝解俱。	Those with good resolve are together with those with good resolve.🔽Here is the corrected and aligned text:
['T27n1545_123:0642c21_16']	更相隨順作所應作。	更相隨順作所應作。	they mutually follow and do what should be done.
['T27n1545_123:0642c22_4']	今於此四類中。	今於此四類中。	Now, among these four types,
['T27n1545_123:0642c22_12']	依律儀類而作論。	依律儀類而作論。	based on the class of precepts, the treatise is composed.
['T27n1545_123:0642c23_6']	若成就過去戒。	若成就過去戒。	If one possesses past precepts,
['T27n1545_123:0642c24_1']	彼成就未來現在此類戒耶。	彼成就未來現在此類戒耶。	does one possess future and present precepts of this class?
['T27n1545_123:0642c24_9']	答有成就過去戒。	答有成就過去戒。	The answer is: There are those who possess past precepts,
['T27n1545_123:0642c24_18']	非未來現在此類戒。	非未來現在此類戒。	but not future and present precepts of this class.
['T27n1545_123:0642c25_7']	謂表戒已滅不失。	謂表戒已滅不失。	This refers to one whose manifest precepts have already ceased but not been lost,
['T27n1545_123:0642c25_14']	此類戒不現前。	此類戒不現前。	but the precepts of this class are not presently manifest.
['T27n1545_123:0642c26_4']	有及未來非現在。	有及未來非現在。	There are those who possess future but not present [precepts].
['T27n1545_123:0642c26_15']	謂靜慮無漏戒已滅不失。	謂靜慮無漏戒已滅不失。	This refers to one whose precepts of meditative absorption and the undefiled have already ceased but not been lost,
['T27n1545_123:0642c27_3']	此類戒不現前。	此類戒不現前。	but the precepts of this class are not presently manifest.
['T27n1545_123:0642c27_11']	有及現在非未來。	有及現在非未來。	There are those who possess present but not future [precepts].
['T27n1545_123:0642c28_1']	謂表戒已滅不失。	謂表戒已滅不失。	This refers to one whose manifest precepts have already ceased but not been lost,
['T27n1545_123:0642c28_7']	此類戒現前。	此類戒現前。	and the precepts of this class are presently manifest.
['T27n1545_123:0642c28_14']	有及未來現在。	有及未來現在。	There are those who possess future and present [precepts].
['T27n1545_123:0642c29_6']	謂靜慮無漏戒已滅不失。	謂靜慮無漏戒已滅不失。	This refers to one whose precepts of meditative absorption and the undefiled have already ceased but not been lost,
['T27n1545_123:0642c29_12']	此類戒現前。	此類戒現前。	and the precepts of this class are presently manifest.
['T27n1545_123:0642c29_18']	成就過去戒。	成就過去戒。	Possessing past precepts,
['T27n1545_123:0643a01_8']	非未來現在此類戒。	非未來現在此類戒。	but not future and present precepts of this class,
['T27n1545_123:0643a01_16']	謂表戒已滅不失。	謂表戒已滅不失。	this refers to one whose manifest precepts have already ceased but not been lost,
['T27n1545_123:0643a02_6']	此類戒不現前者。	此類戒不現前者。	but the precepts of this class are not presently manifest.
['T27n1545_123:0643a02_11']	此說表戒。	此說表戒。	This refers to the class of manifest precepts.
['T27n1545_123:0643a02_16']	表戒為類。	表戒為類。	The manifest precepts are the class.
['T27n1545_123:0643a03_5']	如先已受近事戒。	如先已受近事戒。	As previously explained, if one has already received the precepts of a lay devotee,
['T27n1545_123:0643a03_13']	勤策表戒不現前。	勤策表戒不現前。	the manifest precepts of a novice are not present.
['T27n1545_123:0643a04_3']	或先已受勤策戒。	或先已受勤策戒。	Or if one has already received the precepts of a novice,
['T27n1545_123:0643a04_11']	苾芻表戒不現前。	苾芻表戒不現前。	the manifest precepts of a fully ordained monk are not present.
['T27n1545_123:0643a04_19']	近事女等說亦爾。	近事女等說亦爾。	The same is explained for laywomen and so on.
['T27n1545_123:0643a05_12']	若說無表戒即以無表戒為類。	若說無表戒即以無表戒為類。	If one wishes to say that the unmanifest precepts are the class of unmanifest precepts,
['T27n1545_123:0643a06_9']	諸有欲令若犯戒時現在戒類斷。	諸有欲令若犯戒時現在戒類斷。	those who say that when one violates the precepts, the class of present precepts is severed,
['T27n1545_123:0643a06_15']	過去不失者。	過去不失者。	but the past [precepts] are not lost,
['T27n1545_123:0643a07_7']	彼說此中更應作是說。	彼說此中更應作是說。	they should say this in this context:
['T27n1545_123:0643a07_16']	及無表戒已滅不失。	及無表戒已滅不失。	and the class of unmanifest precepts that have ceased but are not lost,
['T27n1545_123:0643a08_5']	此類戒不現前。	此類戒不現前。	these precepts are not present.
['T27n1545_123:0643a08_15']	如已受近事戒而毀犯。	如已受近事戒而毀犯。	As when one has already received the precepts of a lay devotee but violates them,
['T27n1545_123:0643a09_10']	或已受勤策戒苾芻戒而毀犯。	或已受勤策戒苾芻戒而毀犯。	or when one has already received the precepts of a novice or fully ordained monk but violates them,
['T27n1545_123:0643a09_18']	近事女等說亦爾。	近事女等說亦爾。	the same is explained for laywomen and so on.
['T27n1545_123:0643a10_13']	諸有欲令若犯戒時現在戒不斷。	諸有欲令若犯戒時現在戒不斷。	Those who say that when one violates the precepts, the present precepts are not severed,
['T27n1545_123:0643a11_3']	過去亦不失者。	過去亦不失者。	and the past [precepts] are also not lost,
['T27n1545_123:0643a11_12']	彼說此中更無餘說。	彼說此中更無餘說。	they say there is nothing more to say in this context.
['T27n1545_123:0643a12_5']	無有唯成過去無表戒。	無有唯成過去無表戒。	There is no one who only possesses past unmanifest precepts.
['T27n1545_123:0643a12_15']	而非現在此類無表故。	而非現在此類無表故。	But it is not the present, because this type of unmanifest action does not exist.
['T27n1545_123:0643a13_4']	及未來非現在。	及未來非現在。	And the future is not the present.
['T27n1545_123:0643a13_15']	謂靜慮無漏戒已滅不失。	謂靜慮無漏戒已滅不失。	That is, the precepts of meditation and the undefiled precepts have already ceased but have not been lost.
['T27n1545_123:0643a14_5']	此類戒不現前者。	此類戒不現前者。	This type of precept is not present.
['T27n1545_123:0643a15_1']	此說靜慮無漏律儀已起已滅。	此說靜慮無漏律儀已起已滅。	This explains that the precepts of meditation and the undefiled precepts have already arisen and have already ceased.
['T27n1545_123:0643a15_9']	雖成就而不現前。	雖成就而不現前。	Although one possesses them, they are not present.
['T27n1545_123:0643a15_16']	及現在非未來。	及現在非未來。	And the present is not the future.
['T27n1545_123:0643a16_6']	謂表戒已滅不失。	謂表戒已滅不失。	That is, the manifest precepts have already ceased but have not been lost.
['T27n1545_123:0643a17_3']	此類戒現前此說表戒表戒為類。	此類戒現前此說表戒表戒為類。	This type of precept is present. This explains that the manifest precepts and the manifest precepts are of the same type.
['T27n1545_123:0643a17_11']	如先已受近事戒。	如先已受近事戒。	As previously, one has already received the precepts of the lay follower.
['T27n1545_123:0643a18_1']	勤策表戒現在前。	勤策表戒現在前。	The manifest precepts of the novice are present.
['T27n1545_123:0643a18_16']	或先已受勤策戒苾芻表戒現在前。	或先已受勤策戒苾芻表戒現在前。	Or, as previously, one has already received the precepts of the novice and the manifest precepts of the fully ordained monk are present.
['T27n1545_123:0643a19_7']	此中復應作如是說。	此中復應作如是說。	Here, one should further explain as follows.
['T27n1545_123:0643a19_16']	及無表戒已滅不失。	及無表戒已滅不失。	And the unmanifest precepts have already ceased but have not been lost.
['T27n1545_123:0643a20_10']	此說無表戒無表戒為類。	此說無表戒無表戒為類。	This explains that the unmanifest precepts and the unmanifest precepts are of the same type.
['T27n1545_123:0643a21_2']	諸說犯戒時現在戒斷。	諸說犯戒時現在戒斷。	Those who say that when one violates the precepts, the present precepts are severed
['T27n1545_123:0643a21_8']	過去不捨者。	過去不捨者。	but the past [precepts] are not abandoned,
['T27n1545_123:0643a21_17']	彼說受近事等戒已。	彼說受近事等戒已。	they say that after receiving the precepts of the lay follower and so forth,
['T27n1545_123:0643a22_8']	乃至第二剎那無犯。	乃至第二剎那無犯。	up to the second moment, there is no violation.
['T27n1545_123:0643a22_16']	彼成就現在無表。	彼成就現在無表。	If one possesses present non-manifest karma,
['T27n1545_123:0643a23_4']	亦成就過去。	亦成就過去。	one also possesses past [non-manifest karma].
['T27n1545_123:0643a23_15']	諸說犯戒時現在戒不斷。	諸說犯戒時現在戒不斷。	Those who say that when one violates precepts, present precepts are not severed,
['T27n1545_123:0643a24_4']	過去亦不捨者。	過去亦不捨者。	and past [precepts] are also not abandoned,
['T27n1545_123:0643a24_13']	彼說近事等受戒已。	彼說近事等受戒已。	say that when lay followers and others have received precepts,
['T27n1545_123:0643a25_12']	至第二剎那即犯者亦成就現在何況無犯。	至第二剎那即犯者亦成就現在何況無犯。	even if they violate them in the second moment, they still possess present [precepts], let alone those who do not violate them.
['T27n1545_123:0643a26_2']	近事女等說亦爾。	近事女等說亦爾。	The explanation for lay followers and others is also like this.
['T27n1545_123:0643a26_8']	及未來現在。	及未來現在。	And future and present [precepts].
['T27n1545_123:0643a26_19']	謂靜慮無漏戒已滅不失。	謂靜慮無漏戒已滅不失。	That is, if dhyāna and pure precepts have already ceased but have not been lost,
['T27n1545_123:0643a27_6']	此類戒現前者。	此類戒現前者。	and this type of precept is manifest,
['T27n1545_123:0643a27_15']	此說靜慮無漏律儀。	此說靜慮無漏律儀。	this explains dhyāna and pure precepts.
['T27n1545_123:0643a28_7']	已起已滅亦成就亦現前。	已起已滅亦成就亦現前。	If they have already arisen and have already ceased, one both possesses them and they are manifest.
['T27n1545_123:0643a29_6']	若成就未來戒。	若成就未來戒。	If one possesses future precepts,
['T27n1545_123:0643b01_1']	彼成就過去現在此類戒耶。	彼成就過去現在此類戒耶。	does one possess past and present precepts of this type?
['T27n1545_123:0643b01_17']	答有成就未來戒非過去現在此類戒。	答有成就未來戒非過去現在此類戒。	The answer is: There are those who possess future precepts but not past or present precepts of this type.
['T27n1545_123:0643b02_8']	謂阿羅漢生無色界。	謂阿羅漢生無色界。	That is, arhats reborn in the formless realm.
['T27n1545_123:0643b02_16']	有及過去非現在。	有及過去非現在。	There are those who possess past but not present [precepts].
['T27n1545_123:0643b03_8']	謂靜慮無漏戒已滅不失。	謂靜慮無漏戒已滅不失。	That is, if dhyāna and pure precepts have already ceased but have not been lost,
['T27n1545_123:0643b03_15']	此類戒不現前。	此類戒不現前。	and this type of precept is not manifest.
['T27n1545_123:0643b04_5']	有及現在非過去。	有及現在非過去。	There is [karma] that is future and present, but not past.
['T27n1545_123:0643b04_13']	謂無漏戒初現前。	謂無漏戒初現前。	This refers to the first manifestation of pure precepts.
['T27n1545_123:0643b05_1']	有及過去現在。	有及過去現在。	There is [karma] that is future, past, and present.
['T27n1545_123:0643b05_12']	謂靜慮無漏戒已滅不失。	謂靜慮無漏戒已滅不失。	This refers to the dhyāna and pure precepts that have already ceased but have not been lost.
['T27n1545_123:0643b05_18']	此類戒現前。	此類戒現前。	This type of precept is manifested.
['T27n1545_123:0643b06_6']	有成就未來戒。	有成就未來戒。	There is one who possesses future precepts,
['T27n1545_123:0643b06_15']	非過去現在此類戒。	非過去現在此類戒。	but not past or present precepts of this type.
['T27n1545_123:0643b07_12']	謂阿羅漢生無色界及過去非現在。	謂阿羅漢生無色界及過去非現在。	This refers to an arhat who is born in the formless realm, and the past but not the present.
['T27n1545_123:0643b08_5']	謂靜慮無漏戒已滅不失。	謂靜慮無漏戒已滅不失。	This refers to the dhyāna and pure precepts that have already ceased but have not been lost.
['T27n1545_123:0643b08_13']	此類戒不現前者。	此類戒不現前者。	This type of precept is not manifested.
['T27n1545_123:0643b09_8']	此說靜慮無漏律儀已起已滅。	此說靜慮無漏律儀已起已滅。	This refers to the dhyāna and pure precepts that have already arisen and have already ceased.
['T27n1545_123:0643b09_15']	雖成就不現前。	雖成就不現前。	Although they are possessed, they are not manifested.
['T27n1545_123:0643b10_4']	及現在非過去。	及現在非過去。	And there is [karma] that is present but not past.
['T27n1545_123:0643b10_13']	謂無漏戒初現前者。	謂無漏戒初現前者。	This refers to the first manifestation of pure precepts.
['T27n1545_123:0643b11_1']	此說苦法智忍。	此說苦法智忍。	This refers to the receptivity to the cognition of the factors with regard to suffering.
['T27n1545_123:0643b11_13']	及得果轉根初剎那現前位。	及得果轉根初剎那現前位。	And the first moment of the manifestation of attaining the fruit and changing faculties.
['T27n1545_123:0643b11_19']	及過去現在。	及過去現在。	And the past and present.
['T27n1545_123:0643b12_10']	謂靜慮無漏戒已滅不失。	謂靜慮無漏戒已滅不失。	This refers to the dhyāna and pure precepts that have already ceased but have not been lost.
['T27n1545_123:0643b13_3']	此類戒現前者皆如前說。	此類戒現前者皆如前說。	This type of precept is manifested, all as explained above.
['T27n1545_123:0643b14_6']	若成就現在戒。	若成就現在戒。	If one possesses present precepts,
['T27n1545_123:0643b15_1', 'T27n1545_123:0643b15_4']	彼成就過去未來此類戒耶。🔽答有。	彼成就過去未來此類戒耶。 答有。	Do they possess past and future of this type of precepts?
['T27n1545_123:0643b15_18']	成就現在戒非過去未來此類戒。	成就現在戒非過去未來此類戒。	The answer is: There are those who possess present precepts but not past or future of this type of precepts.
['T27n1545_123:0643b16_6']	謂表戒初現前。	謂表戒初現前。	This refers to those whose manifest precepts first appear.
['T27n1545_123:0643b16_14']	有及過去非未來。	有及過去非未來。	There are those who possess past but not future.
['T27n1545_123:0643b17_3']	謂表戒已滅不失。	謂表戒已滅不失。	This refers to those whose manifest precepts have ceased but not been lost,
['T27n1545_123:0643b17_9']	此類戒現前。	此類戒現前。	and this type of precepts is present.
['T27n1545_123:0643b17_17']	有及未來非過去。	有及未來非過去。	There are those who possess future but not past.
['T27n1545_123:0643b18_6']	謂無漏戒初現前。	謂無漏戒初現前。	This refers to those whose uncontaminated precepts first appear.
['T27n1545_123:0643b18_13']	有及過去未來。	有及過去未來。	There are those who possess past and future.
['T27n1545_123:0643b19_5']	謂靜慮無漏戒已滅不失。	謂靜慮無漏戒已滅不失。	This refers to those whose meditative and uncontaminated precepts have ceased but not been lost,
['T27n1545_123:0643b19_11']	此類戒現前。	此類戒現前。	and this type of precepts is present.
['T27n1545_123:0643b19_17']	成就現在戒。	成就現在戒。	Possessing present precepts,
['T27n1545_123:0643b20_7']	非過去未來此類戒。	非過去未來此類戒。	but not past or future of this type of precepts.
['T27n1545_123:0643b20_15']	謂表戒初現前者。	謂表戒初現前者。	This refers to those whose manifest precepts first appear.
['T27n1545_123:0643b21_8']	此說別解脫律儀初受得位。	此說別解脫律儀初受得位。	This refers to the stage of initially receiving the prātimokṣa precepts.
['T27n1545_123:0643b22_2']	問此位亦成就過去加行戒。	問此位亦成就過去加行戒。	Question: At this stage, one also possesses past preparatory precepts.
['T27n1545_123:0643b22_10', 'T27n1545_123:0643b23_5']	云何說非過去耶。🔽答此中依根本律儀類而作論。	云何說非過去耶。 答此中依根本律儀類而作論。	Why is it said that one does not possess past [precepts]?🔽Answer: Here, the treatise is composed based on the fundamental precepts.
['T27n1545_123:0643b23_13']	彼但是律儀加行。	彼但是律儀加行。	Those [preparatory precepts] are merely the preparatory stages of the precepts.
['T27n1545_123:0643b24_6']	而非根本律儀是故不說。	而非根本律儀是故不說。	but it is not the fundamental moral discipline, therefore it is not mentioned.
['T27n1545_123:0643b24_14']	及過去非未來者。	及過去非未來者。	And past but not future means:
['T27n1545_123:0643b25_16']	謂表戒已滅不失此類戒現前此說表戒表戒為類。	謂表戒已滅不失此類戒現前此說表戒表戒為類。	The manifest moral discipline has already ceased but is not lost, and this kind of moral discipline is present. This refers to manifest moral discipline, and manifest moral discipline is its class.
['T27n1545_123:0643b26_14']	如先已受近事戒勤策表戒現在前。	如先已受近事戒勤策表戒現在前。	As previously, one has already received the lay precepts and novice precepts, and manifest moral discipline is present.
['T27n1545_123:0643b27_12']	或先已受勤策戒苾芻表戒現在前。	或先已受勤策戒苾芻表戒現在前。	Or previously, one has already received the novice precepts and fully ordained precepts, and manifest moral discipline is present.
['T27n1545_123:0643b28_2']	近事女等說亦爾。	近事女等說亦爾。	The same is said for laywomen and so on.
['T27n1545_123:0643b28_13']	若說無表戒無表戒為類。	若說無表戒無表戒為類。	If one speaks of unmanifest moral discipline, unmanifest moral discipline is its class.
['T27n1545_123:0643b29_3']	二說差別如前應知。	二說差別如前應知。	The two explanations should be understood as before.
['T27n1545_123:0643b29_10']	及未來非過去。	及未來非過去。	And future but not past means:
['T27n1545_123:0643c01_1']	謂無漏戒初現前者。	謂無漏戒初現前者。	The pure moral discipline that is first present.
['T27n1545_123:0643c01_8']	此說苦法智忍。	此說苦法智忍。	This refers to the receptivity to the cognition of the factors with regard to suffering.
['T27n1545_123:0643c02_1']	及得果轉根初剎那現前位。	及得果轉根初剎那現前位。	And the attainment of the fruit and the first moment of the faculties of one who has changed faculties.
['T27n1545_123:0643c02_8']	及過去未來者。	及過去未來者。	And past and future means:
['T27n1545_123:0643c02_19']	謂靜慮無漏戒已滅不失。	謂靜慮無漏戒已滅不失。	The meditative and pure moral discipline that has already ceased but is not lost.
['T27n1545_123:0643c03_6']	此類戒現前者。	此類戒現前者。	This kind of moral discipline is present.
['T27n1545_123:0643c03_15']	此說靜慮無漏律儀。	此說靜慮無漏律儀。	This refers to the meditative and pure moral discipline.
['T27n1545_123:0643c04_7']	已起已滅亦成就亦現前。	已起已滅亦成就亦現前。	That which has already arisen and has already ceased is both accomplished and present.
['T27n1545_123:0643c05_6']	此中三種律儀。	此中三種律儀。	Among these, there are three kinds of precepts.
['T27n1545_123:0643c05_13']	謂別解脫律儀。	謂別解脫律儀。	Namely, the precepts of individual liberation,
['T27n1545_123:0643c05_18']	靜慮律儀。	靜慮律儀。	the precepts of meditation,
['T27n1545_123:0643c06_4']	無漏律儀。	無漏律儀。	and the precepts of the undefiled.
['T27n1545_123:0643c06_12']	唯依別解脫律儀。	唯依別解脫律儀。	Only based on the precepts of individual liberation,
['T27n1545_123:0643c07_5']	安立七眾差別不依餘二。	安立七眾差別不依餘二。	the distinctions of the seven assemblies are established, not based on the other two.
['T27n1545_123:0643c07_9']	七眾者。	七眾者。	The seven assemblies are:
['T27n1545_123:0643c09_10']	一苾芻二苾芻尼三式叉摩那四室羅摩拏洛迦五室羅摩拏理迦六鄔波索迦七鄔波斯迦。	一苾芻二苾芻尼三式叉摩那四室羅摩拏洛迦五室羅摩拏理迦六鄔波索迦七鄔波斯迦。	1. Bhikṣu, 2. Bhikṣuṇī, 3. Śikṣamāṇā, 4. Śrāmaṇerī, 5. Śrāmaṇerikā, 6. Upāsaka, 7. Upāsikā.
['T27n1545_123:0643c10_3']	問何故唯依別解脫律儀。	問何故唯依別解脫律儀。	Why is it that only based on the precepts of individual liberation,
['T27n1545_123:0643c10_14']	安立七眾差別不依餘耶。	安立七眾差別不依餘耶。	the distinctions of the seven assemblies are established, and not based on the other two?
['T27n1545_123:0643c11_14']	答以別解脫律儀漸次而得漸次安立故。	答以別解脫律儀漸次而得漸次安立故。	The answer is: because the precepts of individual liberation are obtained and established gradually.
['T27n1545_123:0643c12_7']	謂若能離四性罪一遮罪。	謂若能離四性罪一遮罪。	Namely, if one is able to abstain from the four fundamental offenses and one prohibited offense,
['T27n1545_123:0643c12_13']	名鄔波索迦。	名鄔波索迦。	one is called an upāsaka.
['T27n1545_123:0643c13_6']	若復能離四性罪多遮罪。	若復能離四性罪多遮罪。	If one is further able to abstain from the four fundamental offenses and many prohibited offenses,
['T27n1545_123:0643c13_14']	名室羅摩拏洛迦。	名室羅摩拏洛迦。	one is called a śrāmaṇerī.
['T27n1545_123:0643c14_9']	若有能離一切性罪一切遮罪。	若有能離一切性罪一切遮罪。	If one is able to abstain from all fundamental offenses and all prohibited offenses,
['T27n1545_123:0643c14_17']	名苾芻苾芻尼等。	名苾芻苾芻尼等。	one is called a bhikṣu, bhikṣuṇī, and so forth.
['T27n1545_123:0643c15_3']	准此應知。	准此應知。	According to this, it should be known that
['T27n1545_123:0643c15_12']	靜慮無漏七支律儀。	靜慮無漏七支律儀。	the seven branches of discipline of the meditative absorptions and the pure precepts
['T27n1545_123:0643c16_1']	頓得頓起頓安立。	頓得頓起頓安立。	are suddenly obtained, suddenly arise, and suddenly established.
['T27n1545_123:0643c16_14']	若依靜慮無漏律儀安立七眾。	若依靜慮無漏律儀安立七眾。	If the seven groups are established based on the discipline of the meditative absorptions and the pure precepts,
['T27n1545_123:0643c17_9']	是則七眾安立差別應頓非漸。	是則七眾安立差別應頓非漸。	then the distinctions in the establishment of the seven groups should be sudden, not gradual.
['T27n1545_123:0643c17_14']	有作是說。	有作是說。	There is an explanation that
['T27n1545_123:0643c18_2']	別解脫律儀。	別解脫律儀。	the discipline of individual liberation,
['T27n1545_123:0643c18_11']	從初表業發得已後。	從初表業發得已後。	from the initial arising of the expression of volition,
['T27n1545_123:0643c19_2']	於一切時現在成就。	於一切時現在成就。	is subsequently accomplished at all times.
['T27n1545_123:0643c19_11']	若眠若醉若狂若悶。	若眠若醉若狂若悶。	Whether sleeping, intoxicated, insane, or in a daze,
['T27n1545_123:0643c19_16']	若思不思。	若思不思。	whether thinking or not thinking,
['T27n1545_123:0643c20_2', 'T27n1545_123:0643c20_7']	若染污心。🔽若無記心。	若染污心。 若無記心。	whether with a defiled mind,🔽whether with a neutral mind,
['T27n1545_123:0643c20_12']	若無心等。	若無心等。	whether without a mind, and so on,
['T27n1545_123:0643c20_17']	一切位中。	一切位中。	in all states,
['T27n1545_123:0643c21_7']	現在相續隨轉不斷故。	現在相續隨轉不斷故。	the present continuity continues to turn without interruption.
['T27n1545_123:0643c21_15']	可依之立七眾別。	可依之立七眾別。	Based on this, the distinctions of the seven groups can be established.
['T27n1545_123:0643c22_12']	靜慮無漏律儀若正在定現在成就。	靜慮無漏律儀若正在定現在成就。	The discipline of the meditative absorptions and the pure precepts, if presently in concentration, are subsequently accomplished in the present.
['T27n1545_123:0643c23_3']	現在隨轉出則不然。	現在隨轉出則不然。	The present continuity turning out is not so.
['T27n1545_123:0643c23_12']	故不依之立七眾別。	故不依之立七眾別。	Therefore, based on this, the distinctions of the seven groups are not established.
['T27n1545_123:0643c24_8']	若依靜慮無漏律儀立七眾別者。	若依靜慮無漏律儀立七眾別者。	If the distinctions of the seven groups are established based on the discipline of the meditative absorptions and the pure precepts,
['T27n1545_123:0643c25_1']	則七眾安立應不決定。	則七眾安立應不決定。	Then the establishment of the seven assemblies would not be definite.
['T27n1545_123:0643c25_10']	入出定時無期限故。	入出定時無期限故。	Because there is no fixed time for entering and exiting concentration.
['T27n1545_123:0643c25_15']	有餘師說。	有餘師說。	Other masters say:
['T27n1545_123:0643c26_6']	別解脫律儀七眾差別。	別解脫律儀七眾差別。	The prātimokṣa precepts have seven assemblies as distinctions.
['T27n1545_123:0643c26_15']	俱唯欲界可得安立。	俱唯欲界可得安立。	They can only be established in the desire realm.
['T27n1545_123:0643c27_8']	靜慮無漏律儀通上界得。	靜慮無漏律儀通上界得。	The precepts of dhyāna and purity are common to the upper realms.
['T27n1545_123:0643c27_17']	若當依此立七眾者。	若當依此立七眾者。	If one were to establish the seven assemblies based on this,
['T27n1545_123:0643c28_9']	則七眾安立應通上界。	則七眾安立應通上界。	then the establishment of the seven assemblies would be common to the upper realms.
['T27n1545_123:0643c28_14']	有餘復說。	有餘復說。	Others also say:
['T27n1545_123:0643c29_6']	別解脫律儀七眾差別。	別解脫律儀七眾差別。	The prātimokṣa precepts have seven assemblies as distinctions.
['T27n1545_123:0643c29_15']	俱唯人趣可得安立。	俱唯人趣可得安立。	They can only be established in the human realm.
['T27n1545_123:0644a01_8']	靜慮無漏律儀亦通天趣。	靜慮無漏律儀亦通天趣。	The precepts of dhyāna and purity are also common to the heavenly realm.
['T27n1545_123:0644a01_17']	若當依此立七眾者。	若當依此立七眾者。	If one were to establish the seven assemblies based on this,
['T27n1545_123:0644a02_9']	則七眾安立應通天趣。	則七眾安立應通天趣。	then the establishment of the seven assemblies would be common to the heavenly realm.
['T27n1545_123:0644a02_14']	復有說者。	復有說者。	There are also those who say:
['T27n1545_123:0644a03_6']	別解脫律儀七眾差別。	別解脫律儀七眾差別。	The prātimokṣa precepts have seven assemblies as distinctions.
['T27n1545_123:0644a03_17']	但由有佛出世可得安立。	但由有佛出世可得安立。	They can only be established when the Buddha appears in the world.
['T27n1545_123:0644a04_6']	靜慮無漏律儀。	靜慮無漏律儀。	The precepts of dhyāna and purity,
['T27n1545_123:0644a05_1']	若佛出世若不出世俱可安立。	若佛出世若不出世俱可安立。	whether the Buddha appears in the world or not, can both be established.
['T27n1545_123:0644a05_10']	若當依此立七眾者。	若當依此立七眾者。	If one were to establish the seven assemblies based on this,
['T27n1545_123:0644a06_1']	是則七眾安立差別。	是則七眾安立差別。	then the distinction of the establishment of the seven assemblies
['T27n1545_123:0644a06_10']	亦應通在無佛出世。	亦應通在無佛出世。	would also be common to the absence of a Buddha appearing in the world.
['T27n1545_123:0644a06_15']	有餘師說。	有餘師說。	Other masters say:
['T27n1545_123:0644a07_9']	何故不依靜慮律儀以立七眾。	何故不依靜慮律儀以立七眾。	Why not establish the seven assemblies based on the precepts of the dhyanas?
['T27n1545_123:0644a07_16']	唯依別解脫者。	唯依別解脫者。	Only based on the precepts for individual liberation?
['T27n1545_123:0644a08_9']	以別解脫律儀七眾差別。	以別解脫律儀七眾差別。	Because the distinction of the seven assemblies of the precepts for individual liberation
['T27n1545_123:0644a08_18']	但內道有外道則無。	但內道有外道則無。	only exists for those within the Buddhist path, not for non-Buddhists.
['T27n1545_123:0644a09_9']	靜慮律儀通內外道有。	靜慮律儀通內外道有。	The precepts of the dhyanas exist for both those within and outside the Buddhist path.
['T27n1545_123:0644a10_1']	若當依此立七眾者。	若當依此立七眾者。	If one were to establish the seven assemblies based on this,
['T27n1545_123:0644a10_11']	則七眾安立應通外道。	則七眾安立應通外道。	then the establishment of the seven assemblies would be common to non-Buddhists.
['T27n1545_123:0644a11_7']	復何故不依無漏律儀以立七眾。	復何故不依無漏律儀以立七眾。	Also, why not establish the seven assemblies based on the precepts without outflows?
['T27n1545_123:0644a11_14']	但依別解脫者。	但依別解脫者。	But only based on the precepts for individual liberation?
['T27n1545_123:0644a12_11']	以別解脫律儀七眾差別俱通凡聖。	以別解脫律儀七眾差別俱通凡聖。	Because the distinction of the seven assemblies of the precepts for individual liberation is common to both ordinary beings and sages,
['T27n1545_123:0644a13_2']	無漏律儀唯聖非凡。	無漏律儀唯聖非凡。	while the precepts without outflows are only for sages, not ordinary beings.
['T27n1545_123:0644a13_11']	若當依此立七眾者。	若當依此立七眾者。	If one were to establish the seven assemblies based on this,
['T27n1545_123:0644a14_3']	則七眾安立應唯在聖。	則七眾安立應唯在聖。	then the establishment of the seven assemblies would only be for sages.
['T27n1545_123:0644a14_12']	由此所說諸因緣故。	由此所說諸因緣故。	For these reasons that have been explained,
['T27n1545_123:0644a15_10']	唯依別解脫律儀安立七眾不依餘二。	唯依別解脫律儀安立七眾不依餘二。	Only based on the prātimokṣa precepts are the seven assemblies established, not based on the other two.
['T27n1545_123:0644a16_4']	如世尊說。	如世尊說。	As the World-Honored One said:
['T27n1545_123:0644a16_13']	鄔波索迦有五學處。	鄔波索迦有五學處。	Upāsakas have five precepts to learn,
['T27n1545_123:0644a16_18']	謂離殺生。	謂離殺生。	namely, to abstain from killing,
['T27n1545_123:0644a17_4', 'T27n1545_123:0644a17_9']	離不與取。🔽離欲邪行。	離不與取。 離欲邪行。	to abstain from taking what is not given,🔽to abstain from sexual misconduct,
['T27n1545_123:0644a17_14']	離虛誑語。	離虛誑語。	to abstain from false speech,
['T27n1545_123:0644a17_19']	離飲諸酒。	離飲諸酒。	and to abstain from drinking alcohol.
['T27n1545_123:0644a18_8']	問何故名鄔波索迦。	問何故名鄔波索迦。	Question: Why is it called upāsaka?
['T27n1545_123:0644a19_1']	答親近修事諸善法故。	答親近修事諸善法故。	Answer: Because they closely cultivate and serve all wholesome dharmas.
['T27n1545_123:0644a19_10']	謂彼身心狎習善法。	謂彼身心狎習善法。	That is, their body and mind are accustomed to wholesome dharmas,
['T27n1545_123:0644a19_17']	故名鄔波索迦。	故名鄔波索迦。	therefore they are called upāsakas.
['T27n1545_123:0644a20_3']	問若爾者。	問若爾者。	Question: If that is so,
['T27n1545_123:0644a20_15']	諸不斷善皆名鄔波索迦耶。	諸不斷善皆名鄔波索迦耶。	are all those who do not sever wholesome dharmas called upāsakas?
['T27n1545_123:0644a21_6']	以彼身心亦修善故。	以彼身心亦修善故。	Because their body and mind also cultivate wholesome dharmas.
['T27n1545_123:0644a21_10']	答不爾。	答不爾。	Answer: No.
['T27n1545_123:0644a22_3']	此依律儀所攝妙行善法。	此依律儀所攝妙行善法。	This is based on the wholesome dharmas that are included in the precepts,
['T27n1545_123:0644a22_8']	以立名故。	以立名故。	therefore the name is established.
['T27n1545_123:0644a22_13']	問若爾者。	問若爾者。	Question: If that is so,
['T27n1545_123:0644a23_6']	諸住律儀皆名鄔波索迦耶。	諸住律儀皆名鄔波索迦耶。	are all those who abide in the precepts called upāsakas?
['T27n1545_123:0644a23_15']	以彼皆修律儀善故。	以彼皆修律儀善故。	Because they all cultivate the wholesome dharmas of the precepts.
['T27n1545_123:0644a24_6']	答此以在初故得名。	答此以在初故得名。	Answer: This is because they are at the beginning, therefore they get the name.
['T27n1545_123:0644a24_16']	餘律儀更以餘緣建立。	餘律儀更以餘緣建立。	The other precepts are established by other conditions.
['T27n1545_123:0644a25_13']	復次此是律儀初入加行為能近事。	復次此是律儀初入加行為能近事。	Moreover, this is the first precept for entering the preliminary stage of the upāsaka.
['T27n1545_123:0644a26_7']	餘律儀與此相違故彼非難。	餘律儀與此相違故彼非難。	The other precepts are contrary to this, so they are not difficult.
['T27n1545_123:0644a26_12']	有餘師說。	有餘師說。	Other masters say:
['T27n1545_123:0644a27_3']	親近承事諸善士故。	親近承事諸善士故。	Because one closely follows and serves all good people.
['T27n1545_123:0644a28_1']	謂彼恒時親承善士故名鄔波索迦。	謂彼恒時親承善士故名鄔波索迦。	That is to say, because one always closely follows good people, one is called an upāsaka.
['T27n1545_123:0644a28_6']	有作是說。	有作是說。	Some say:
['T27n1545_123:0644a28_15']	親近修事精進行故。	親近修事精進行故。	Because one closely cultivates and practices the path of vigor.
['T27n1545_123:0644a29_5']	謂彼恒時愛樂修習。	謂彼恒時愛樂修習。	That is to say, because one always loves to cultivate and practice,
['T27n1545_123:0644a29_10']	速捨生死。	速捨生死。	one quickly abandons birth and death,
['T27n1545_123:0644a29_15']	速證涅槃。	速證涅槃。	and quickly realizes nirvāṇa.
['T27n1545_123:0644b01_1']	精進之行。	精進之行。	The practice of vigor,
['T27n1545_123:0644b01_8']	故名鄔波索迦。	故名鄔波索迦。	is called the upāsaka.
['T27n1545_123:0644b01_13']	復有說者。	復有說者。	There are also those who say:
['T27n1545_123:0644b02_3']	親近承事諸佛法故。	親近承事諸佛法故。	Because one closely follows and serves the Buddha's teachings.
['T27n1545_123:0644b02_16']	謂彼至誠受持守護諸佛法律。	謂彼至誠受持守護諸佛法律。	That is to say, one sincerely upholds and protects the Buddha's precepts and rules,
['T27n1545_123:0644b03_9']	不惜身命故名鄔波索迦。	不惜身命故名鄔波索迦。	and does not begrudge one's life or body, so one is called an upāsaka.
['T27n1545_123:0644b04_2']	問何故此五名為學處。	問何故此五名為學處。	Question: Why are these five called precepts?
['T27n1545_123:0644b04_12']	答是近事者所應學故。	答是近事者所應學故。	Answer: Because they are what the upāsaka should learn.
['T27n1545_123:0644b05_3']	有說此應名為學迹。	有說此應名為學迹。	Some say these should be called traces of learning.
['T27n1545_123:0644b05_16']	若有遊此便升無上智慧殿故。	若有遊此便升無上智慧殿故。	If one practices these, one will ascend to the palace of unsurpassed wisdom.
['T27n1545_123:0644b06_10']	如尊者阿奴律陀告諸苾芻。	如尊者阿奴律陀告諸苾芻。	As the Venerable Aniruddha told the bhikshus:
['T27n1545_123:0644b07_3']	我依戒住戒戒為梯橙。	我依戒住戒戒為梯橙。	I rely on the precepts, abide by the precepts, and the precepts are the ladder.
['T27n1545_123:0644b07_12']	已能升陟無上慧殿。	已能升陟無上慧殿。	I have already ascended to the palace of unsurpassed wisdom.
['T27n1545_123:0644b08_3']	汝等應學勿生放逸。	汝等應學勿生放逸。	You should learn this and not be negligent.
['T27n1545_123:0644b08_12']	有說此應名為學害。	有說此應名為學害。	Some say this should be called the harm of learning.
['T27n1545_123:0644b09_3']	由學此五害惡戒故。	由學此五害惡戒故。	Because by learning these five, one harms bad precepts.
['T27n1545_123:0644b09_12']	有說此應名為學路。	有說此應名為學路。	Some say this should be called the path of learning.
['T27n1545_123:0644b10_3']	此為徑路一切律儀。	此為徑路一切律儀。	This is the direct path for all precepts.
['T27n1545_123:0644b10_12']	妙行善法皆得轉故。	妙行善法皆得轉故。	Because the wonderful practices and good dharmas can all be accomplished through this.
['T27n1545_123:0644b11_3']	有說此應名為學禁。	有說此應名為學禁。	Some say this should be called the prohibitions of learning.
['T27n1545_123:0644b11_12']	如諸外道所受禁法。	如諸外道所受禁法。	Like the various prohibitions and practices accepted by non-Buddhists.
['T27n1545_123:0644b12_3']	種種差別以為幖幟。	種種差別以為幖幟。	The various distinctions are used as their insignia.
['T27n1545_123:0644b13_3']	如是聖眾以此五種所學禁法為初幖幟。	如是聖眾以此五種所學禁法為初幖幟。	In the same way, the noble assembly uses these five kinds of prohibited practices as their initial insignia.
['T27n1545_123:0644b13_12']	有說此應名為學本。	有說此應名為學本。	Some say this should be called the basis of learning.
['T27n1545_123:0644b14_3']	諸所應學此為本故。	諸所應學此為本故。	Because all that should be learned is based on this.
['T27n1545_123:0644b14_12']	有說此五應名學基。	有說此五應名學基。	Some say these five should be called the foundation of learning.
['T27n1545_123:0644b15_3']	於涅槃城為基趾故。	於涅槃城為基趾故。	Because they are the foundation of the city of nirvana.
['T27n1545_123:0644b16_8']	問何故於非梵行中。	問何故於非梵行中。	Question: Why, among non-celibacy,
['T27n1545_123:0644b17_2']	唯依離犯他妻建立學處。	唯依離犯他妻建立學處。	only abstaining from violating others' spouses is established as a precept,
['T27n1545_123:0644b17_11']	而不依離犯自妻耶。	而不依離犯自妻耶。	and not abstaining from violating one's own spouse?
['T27n1545_123:0644b17_18']	答舊對法諸師。	答舊對法諸師。	Answer: The old masters of Abhidharma,
['T27n1545_123:0644b18_10']	及迦濕彌羅國諸論師說。	及迦濕彌羅國諸論師說。	and the scholars of Kaśmīra say:
['T27n1545_123:0644b19_5']	離欲邪行是近事者所受律儀。	離欲邪行是近事者所受律儀。	Abstaining from sexual misconduct is the precept taken by lay followers.
['T27n1545_123:0644b20_1']	家族本地離非梵行則不如是。	家族本地離非梵行則不如是。	Families and local areas abstaining from non-celibacy are not like this.
['T27n1545_123:0644b20_10']	故此唯立離犯他妻。	故此唯立離犯他妻。	Therefore, only abstaining from violating others' spouses is established here.
['T27n1545_123:0644b20_15', 'T27n1545_123:0644b21_5']	脇尊者曰。🔽法王法主知此律儀。	脇尊者曰。 法王法主知此律儀。	Venerable Pārśva said:
['T27n1545_123:0644b21_14']	有法能為障礙遮止。	有法能為障礙遮止。	The Dharma King, the Lord of Dharma, knows that there are dharmas that can obstruct and stop this precept,
['T27n1545_123:0644b22_5']	有法不為障礙遮止。	有法不為障礙遮止。	and there are dharmas that do not obstruct and stop it.
['T27n1545_123:0644b23_5']	謂欲邪行於此律儀最極能為障礙遮止。	謂欲邪行於此律儀最極能為障礙遮止。	Namely, sexual misconduct is the most able to obstruct and stop this precept.
['T27n1545_123:0644b23_14']	如守門者禁門不開。	如守門者禁門不開。	Like a gatekeeper who forbids the gate from opening.
['T27n1545_123:0644b24_5']	餘非梵行則不如是。	餘非梵行則不如是。	Other non-celibacy is not like this.
['T27n1545_123:0644b24_14']	故此唯立離犯他妻。	故此唯立離犯他妻。	Therefore, only abstaining from violating others' spouses is established here.
['T27n1545_123:0644b25_1']	有作是說。	有作是說。	There is a saying:
['T27n1545_123:0644b25_14']	犯欲邪行性罪所攝世所譏嫌。	犯欲邪行性罪所攝世所譏嫌。	Violating sexual misconduct is included in the nature offense and is despised by the world.
['T27n1545_123:0644b26_5']	餘非梵行雖性罪攝。	餘非梵行雖性罪攝。	Although the other forms of sexual misconduct are by nature offenses,
['T27n1545_123:0644b26_14', 'T27n1545_123:0644b27_1']	非世譏嫌故此不制。🔽有作是說。	非世譏嫌故此不制。 有作是說。	they are not prohibited here because they are not despised by the world.
['T27n1545_123:0644b27_14']	於他妻等遠離則易非於自妻。	於他妻等遠離則易非於自妻。	There is an interpretation that it is easy to avoid sexual misconduct with regard to the wives of others, but not with regard to one’s own wives.
['T27n1545_123:0644b28_5']	謂處居家妻子圍遶。	謂處居家妻子圍遶。	This is because one who remains in the home is surrounded by wives and children.
['T27n1545_123:0644b28_14']	晝夜習近恩愛纏心。	晝夜習近恩愛纏心。	Day and night he is in close contact with them, and the mind is bound by affection.
['T27n1545_123:0644b29_5']	不能受持遠離習近。	不能受持遠離習近。	He is unable to maintain the avoidance of close contact.
['T27n1545_123:0644b29_14']	內真不淨外假莊嚴。	內真不淨外假莊嚴。	The inside is really impure, but the outside is falsely adorned.
['T27n1545_123:0644c01_5']	如畫糞車自妻骸骨。	如畫糞車自妻骸骨。	It is like a painted carriage for carrying excrement.
['T27n1545_123:0644c01_14']	離欲邪行易防護者。	離欲邪行易防護者。	It is easy to guard against sexual misconduct with regard to the wives of others,
['T27n1545_123:0644c02_5', 'T27n1545_123:0644c02_10']	謂求他妻難遂心故。🔽有餘師說。	謂求他妻難遂心故。 有餘師說。	because it is difficult to satisfy the desire for the wives of others.
['T27n1545_123:0644c03_6']	若犯他妻即是根本惡業道攝。	若犯他妻即是根本惡業道攝。	There is an interpretation that if one violates the wife of another, this is included in the fundamental path of action.
['T27n1545_123:0644c03_15', 'T27n1545_123:0644c04_2']	非於自妻是故不說。🔽有餘師言。	非於自妻是故不說。 有餘師言。	It is not with regard to one’s own wife, and therefore it is not mentioned.
['T27n1545_123:0644c04_11']	於自妻室生喜足者。	於自妻室生喜足者。	There is an interpretation that one who is content with one’s own wife
['T27n1545_123:0644c05_10']	亦得名為純一圓滿清白梵行故此不立。	亦得名為純一圓滿清白梵行故此不立。	is also called one who practices pure conduct completely and perfectly, and therefore this is not established.
['T27n1545_123:0644c06_5']	有說此是諸佛方便令他入法。	有說此是諸佛方便令他入法。	There is an interpretation that this is a skillful means of the buddhas to cause others to enter the Dharma.
['T27n1545_123:0644c07_2']	謂佛先觀若作如是立近事戒者。	謂佛先觀若作如是立近事戒者。	The Buddha first observed that if the precepts for lay followers were established in this way,
['T27n1545_123:0644c07_15']	彼於惡行能離幾許即如實知。	彼於惡行能離幾許即如實知。	he would be able to know how much they could abstain from evil deeds.
['T27n1545_123:0644c08_6']	彼所離者如四海水。	彼所離者如四海水。	What they could abstain from would be like the four oceans,
['T27n1545_123:0644c08_15']	餘未離者如草端露。	餘未離者如草端露。	and what they could not yet abstain from would be like dew on grass tips.
['T27n1545_123:0644c09_10']	彼既能見犯他是罪能遠離之。	彼既能見犯他是罪能遠離之。	Since they could see the offenses that violate others and abstain from them,
['T27n1545_123:0644c10_7']	不久亦見犯自有罪亦當遠離故。	不久亦見犯自有罪亦當遠離故。	they would also see the offenses that violate themselves and abstain from them before long. Therefore,
['T27n1545_123:0644c10_15']	此唯立離犯他妻。	此唯立離犯他妻。	this only establishes abstaining from violating others' spouses.
['T27n1545_123:0644c11_2']	復有說者。	復有說者。	There is also a saying:
['T27n1545_123:0644c11_11']	此是諸佛善權方便。	此是諸佛善權方便。	This is the skillful means of the Buddhas.
['T27n1545_123:0644c12_2']	若佛為其制自妻者。	若佛為其制自妻者。	If the Buddha established precepts for one's own spouse,
['T27n1545_123:0644c12_11']	則諸國王宰官長者。	則諸國王宰官長者。	then kings, officials, and elders
['T27n1545_123:0644c13_2']	不能棄捨自妻室故。	不能棄捨自妻室故。	would not be able to abandon their own wives and concubines.
['T27n1545_123:0644c13_7']	便白佛言。	便白佛言。	They then said to the Buddha:
['T27n1545_123:0644c13_16']	我不能受如來禁戒。	我不能受如來禁戒。	We cannot accept the Buddha's precepts.
['T27n1545_123:0644c14_15']	復求請除離自妻室我等由斯得有繼嗣。	復求請除離自妻室我等由斯得有繼嗣。	They further requested to be exempted from abstaining from their own wives and concubines, so that they could have heirs.
['T27n1545_123:0644c15_7']	故佛唯立離犯他妻。	故佛唯立離犯他妻。	Therefore, the Buddha only established abstaining from violating others' spouses.
['T27n1545_123:0644c15_12']	有餘師言。	有餘師言。	Other masters say:
['T27n1545_123:0644c16_12']	若諸聖者經生不犯立近事戒於自妻不爾。	若諸聖者經生不犯立近事戒於自妻不爾。	If the noble ones do not violate the precepts of the upāsaka in the course of transmigration, they do not do so with regard to their own wives.
['T27n1545_123:0644c16_17']	所以者何。	所以者何。	Why is this?
['T27n1545_123:0644c17_5']	犯自妻有三。	犯自妻有三。	There are three kinds of violations of one's own wife:
['T27n1545_123:0644c17_12']	謂從貪瞋癡生。	謂從貪瞋癡生。	arising from greed, anger, and delusion.
['T27n1545_123:0644c18_6']	經生聖者雖不犯從癡所生。	經生聖者雖不犯從癡所生。	The noble ones in the course of transmigration, although not violating [the precepts] arising from delusion,
['T27n1545_123:0644c18_16']	癡見品攝故聖者已斷。	癡見品攝故聖者已斷。	because [the precepts] are included in the category of views of delusion, have already eliminated them.
['T27n1545_123:0644c19_9']	而犯貪瞋所生是故不立。	而犯貪瞋所生是故不立。	But they violate [the precepts] arising from greed and anger. Therefore [the precepts] are not established.
['T27n1545_123:0644c20_5']	問鄔波索迦。	問鄔波索迦。	Question: As for the upāsaka,
['T27n1545_123:0644c21_2']	若更受持遠離非梵行等五種學處。	若更受持遠離非梵行等五種學處。	if he further accepts and upholds the five precepts of abstaining from impure conduct and so forth,
['T27n1545_123:0644c21_15']	彼為別得異先所受諸律儀不。	彼為別得異先所受諸律儀不。	does he obtain a different set of precepts than those he previously received?
['T27n1545_123:0644c22_3']	答更不別得。	答更不別得。	Answer: He does not obtain anything different.
['T27n1545_123:0644c22_12']	然名最勝鄔波索迦。	然名最勝鄔波索迦。	However, he is called the most excellent upāsaka,
['T27n1545_123:0644c23_3']	以別受持遠離禁故。	以別受持遠離禁故。	because he separately accepts and upholds the precepts of abstention.
['T27n1545_123:0644c24_1']	如苾芻等若更受持十二杜多功德。	如苾芻等若更受持十二杜多功德。	Just as the bhikṣus, if they further accept and uphold the twelve dhuta ascetic practices,
['T27n1545_123:0644c24_14']	更不別得異先所受苾芻等戒。	更不別得異先所受苾芻等戒。	do not obtain a different set of bhikṣu precepts than those they previously received,
['T27n1545_123:0644c25_5']	然名最勝大苾芻等。	然名最勝大苾芻等。	but are called the most excellent great bhikṣus and so forth,
['T27n1545_123:0644c25_14']	以別受持遠離行故。	以別受持遠離行故。	because they separately accept and practice abstention.
['T27n1545_123:0644c26_1']	彼亦如是。	彼亦如是。	They are also like this.
['T27n1545_123:0644c26_11']	問何故語四善業道中。	問何故語四善業道中。	Question: Why, among the four good courses of action of speech,
['T27n1545_123:0644c26_16']	離虛誑語。	離虛誑語。	is abstaining from false speech
['T27n1545_123:0644c27_6']	獨立學處而非餘耶。	獨立學處而非餘耶。	established as a precept, but not the others?
['T27n1545_123:0644c27_13']	答舊對法諸師。	答舊對法諸師。	Answer: The old masters of Abhidharma
['T27n1545_123:0644c28_6']	及迦濕彌羅國諸論師說。	及迦濕彌羅國諸論師說。	and the scholars of Kaśmīra say:
['T27n1545_123:0644c29_5']	離虛誑語是近事者所受律儀家族本地。	離虛誑語是近事者所受律儀家族本地。	Abstaining from false speech is the family and native place of the precepts for the lay follower.
['T27n1545_123:0644c29_14']	離離間等則不如是。	離離間等則不如是。	Abstaining from divisive speech and so on is not like this.
['T27n1545_123:0645a01_5']	故此唯立離虛誑語。	故此唯立離虛誑語。	Therefore, only abstaining from false speech is established here.
['T27n1545_123:0645a01_10', 'T27n1545_123:0645a02_1']	脇尊者曰。🔽法王法主知此律儀。	脇尊者曰。 法王法主知此律儀。	Venerable Pārśva says:
['T27n1545_123:0645a02_10']	有法能為障礙遮止。	有法能為障礙遮止。	The Dharma King, the Lord of the Dharma, knows that there are dharmas that can obstruct and stop this precept,
['T27n1545_123:0645a03_1']	有法不為障礙遮止。	有法不為障礙遮止。	and there are dharmas that do not obstruct and stop it.
['T27n1545_123:0645a04_1']	謂虛誑語於此律儀最極能為障礙遮止。	謂虛誑語於此律儀最極能為障礙遮止。	Namely, false speech is the most able to obstruct and stop this precept.
['T27n1545_123:0645a04_10']	如守門者禁門不開。	如守門者禁門不開。	Like a gatekeeper who forbids the gate from opening.
['T27n1545_123:0645a05_1']	離間語等則不如是。	離間語等則不如是。	Divisive speech and so on are not like this.
['T27n1545_123:0645a05_6', 'T27n1545_123:0645a05_18']	有作是說。🔽虛誑語性罪所攝譏嫌最重。	有作是說。 虛誑語性罪所攝譏嫌最重。	Some say:🔽False speech is the most gravely censured among naturally sinful acts.
['T27n1545_123:0645a06_12']	離間語等雖性罪攝譏嫌少輕。	離間語等雖性罪攝譏嫌少輕。	Divisive speech and so on, although naturally sinful, are slightly less gravely censured.
['T27n1545_123:0645a07_4']	故不立為近事學處。	故不立為近事學處。	Therefore, they are not established as precepts for the Buddhist laity.
['T27n1545_123:0645a07_9']	有作是說。	有作是說。	There is an explanation that says:
['T27n1545_123:0645a08_5']	離虛誑語易可防護非離餘三。	離虛誑語易可防護非離餘三。	It is easy to guard against false speech, but it is difficult to be free from the other three.
['T27n1545_123:0645a08_14']	謂處居家御僮僕等。	謂處居家御僮僕等。	This is because those who stay at home and manage servants and others
['T27n1545_123:0645a09_6']	難可遠離離間等三。	難可遠離離間等三。	find it difficult to be free from the three of divisive speech and so on,
['T27n1545_123:0645a09_15']	及身業中捶撻等事。	及身業中捶撻等事。	as well as the actions of beating and striking with the body.
['T27n1545_123:0645a10_2']	復有說者。	復有說者。	There is also an explanation that says:
['T27n1545_123:0645a10_11']	作虛誑語業道最重。	作虛誑語業道最重。	The karmic path of false speech is the most serious.
['T27n1545_123:0645a11_6']	餘三少輕故不立為近事學處。	餘三少輕故不立為近事學處。	The other three are slightly lighter, so they are not established as precepts for the Buddhist laity.
['T27n1545_123:0645a11_11']	有餘師說。	有餘師說。	There are other teachers who say:
['T27n1545_123:0645a12_2']	唯虛誑語能破壞僧。	唯虛誑語能破壞僧。	Only false speech can destroy the Sangha.
['T27n1545_123:0645a12_11']	故立學處餘三不爾。	故立學處餘三不爾。	Therefore, it is established as a precept, but the other three are not.
['T27n1545_123:0645a12_16']	有餘復說。	有餘復說。	There are others who say:
['T27n1545_123:0645a13_10']	若諸聖者經生不犯立近事戒。	若諸聖者經生不犯立近事戒。	If the noble ones pass through birth without violating [the precepts], they establish the precepts for the Buddhist laity.
['T27n1545_123:0645a14_6']	聖者經生必定遠離虛誑語業。	聖者經生必定遠離虛誑語業。	The noble ones who pass through birth will definitely be free from the karmic activity of false speech,
['T27n1545_123:0645a14_11']	非餘語業。	非餘語業。	but not from the other karmic activities of speech.
['T27n1545_123:0645a14_16']	所以者何。	所以者何。	Why is this?
['T27n1545_123:0645a15_2']	餘語有三。	餘語有三。	The other karmic activities of speech are of three kinds:
['T27n1545_123:0645a15_9']	謂從貪瞋癡生。	謂從貪瞋癡生。	arising from greed, anger, and delusion.
['T27n1545_123:0645a15_14']	經生聖者。	經生聖者。	The noble ones who pass through birth,
['T27n1545_123:0645a16_8']	雖不犯從癡所生癡見品攝故。	雖不犯從癡所生癡見品攝故。	although they do not violate [the precepts] arising from delusion, are included in the category of deluded views.
['T27n1545_123:0645a17_5']	聖者已斷而犯貪瞋所生是故不立。	聖者已斷而犯貪瞋所生是故不立。	The noble ones have already eliminated it, but they may commit offenses born of greed and anger. Therefore it is not established.
['T27n1545_123:0645a17_15']	問世尊何故於遮罪中。	問世尊何故於遮罪中。	Question: Why did the World-Honored One, among the prohibitive precepts,
['T27n1545_123:0645a18_6']	唯離飲酒立為學處。	唯離飲酒立為學處。	only establish the precept of abstaining from drinking alcohol?
['T27n1545_123:0645a18_13']	答舊對法諸師。	答舊對法諸師。	Answer: The old masters of Abhidharma,
['T27n1545_123:0645a19_5', 'T27n1545_123:0645a19_14']	及迦濕彌羅國諸論師說。🔽唯離飲酒是近事者。	及迦濕彌羅國諸論師說。 唯離飲酒是近事者。	and the scholars of Kaśmīra say:🔽Abstaining from drinking alcohol is the precept received by the lay follower.
['T27n1545_123:0645a20_5']	所受律儀家族本地。	所受律儀家族本地。	It is the local precept of the family.
['T27n1545_123:0645a20_14']	離餘遮罪則不如是。	離餘遮罪則不如是。	Abstaining from the other prohibitive precepts is not like this.
['T27n1545_123:0645a21_5']	故此唯立離飲諸酒。	故此唯立離飲諸酒。	Therefore, it is only established as abstaining from drinking alcohol.
['T27n1545_123:0645a21_10']	脇尊者曰。	脇尊者曰。	Venerable Pārśva said:
['T27n1545_123:0645a22_9']	法王法主知此律儀有法能為障礙遮止。	法王法主知此律儀有法能為障礙遮止。	The Dharma King, the Lord of the Dharma, knows that there are dharmas that can obstruct and stop this discipline,
['T27n1545_123:0645a23_1', 'T27n1545_123:0645a23_10']	有法不為障礙遮止。🔽謂飲諸酒於此律儀。	有法不為障礙遮止。 謂飲諸酒於此律儀。	and there are dharmas that do not obstruct and stop it.
['T27n1545_123:0645a24_1']	最極能為障礙遮止。	最極能為障礙遮止。	Namely, drinking alcohol is the most able to obstruct and stop this discipline.
['T27n1545_123:0645a24_10']	如守門者禁門不開。	如守門者禁門不開。	Like a gatekeeper who forbids the gate from opening.
['T27n1545_123:0645a25_1']	離餘遮罪則不如是。	離餘遮罪則不如是。	Abstaining from the other prohibitive precepts is not like this.
['T27n1545_123:0645a25_10']	故此唯立離飲諸酒。	故此唯立離飲諸酒。	Therefore, it is only established as abstaining from drinking alcohol.
['T27n1545_123:0645a25_15']	有作是說。	有作是說。	There is a saying:
['T27n1545_123:0645a26_9']	離飲諸酒易可防護非餘遮罪。	離飲諸酒易可防護非餘遮罪。	Abstaining from drinking alcohol is easy to guard against, unlike the other precepts.
['T27n1545_123:0645a27_9']	謂酪清漿沙糖水等足能止渴何用酒為。	謂酪清漿沙糖水等足能止渴何用酒為。	That is, whey, clear wine, sugar water, etc. are sufficient to quench thirst, so why use alcohol?
['T27n1545_123:0645a27_14']	有餘師言。	有餘師言。	Other masters say:
['T27n1545_123:0645a28_9']	離飲酒戒能總防護諸餘律儀。	離飲酒戒能總防護諸餘律儀。	The precept of abstaining from drinking alcohol can comprehensively protect the other precepts.
['T27n1545_123:0645a28_18']	如塹垣城能總防護。	如塹垣城能總防護。	Like a moat and a wall can comprehensively protect a city.
['T27n1545_123:0645a29_4']	復有說者。	復有說者。	There are also those who say:
['T27n1545_123:0645a29_13']	若不防護離飲酒戒。	若不防護離飲酒戒。	If one does not protect the precept of abstaining from drinking alcohol,
['T27n1545_123:0645b01_8']	則總毀犯諸餘律儀餘則不爾。	則總毀犯諸餘律儀餘則不爾。	then one will comprehensively violate the other precepts, but the other precepts are not like this.
['T27n1545_123:0645b01_17']	曾聞有一鄔波索迦。	曾聞有一鄔波索迦。	Once there was an upāsaka
['T27n1545_123:0645b02_12']	稟性仁賢受持五戒專精不犯。	稟性仁賢受持五戒專精不犯。	who was by nature kind and virtuous, upholding the five precepts strictly and without violation.
['T27n1545_123:0645b03_8']	後於一時家屬大小當為賓客。	後於一時家屬大小當為賓客。	Later, on one occasion, the host and guests of his family were about to have guests.
['T27n1545_123:0645b04_4']	彼獨不往留食供之時至取食。	彼獨不往留食供之時至取食。	He alone did not go, leaving food for him. When it was time, he took the food.
['T27n1545_123:0645b04_13']	醎味多故須臾增渴。	醎味多故須臾增渴。	Because there was a lot of salty taste, he became thirsty in an instant.
['T27n1545_123:0645b05_4']	見一器中有酒如水。	見一器中有酒如水。	He saw that there was alcohol in a vessel, which looked like water.
['T27n1545_123:0645b05_13']	為渴所逼遂取飲之。	為渴所逼遂取飲之。	Because he was oppressed by thirst, he took it and drank it.
['T27n1545_123:0645b06_4']	爾時便犯離飲酒戒。	爾時便犯離飲酒戒。	At that time, he violated the precept of abstaining from drinking alcohol.
['T27n1545_123:0645b06_13']	時有隣雞來入其舍。	時有隣雞來入其舍。	At that time, a neighbor's chicken came into his house.
['T27n1545_123:0645b07_3']	盜心捕殺烹煮而噉。	盜心捕殺烹煮而噉。	With a thieving mind, he caught, killed, cooked, and ate them.
['T27n1545_123:0645b07_12']	於此復犯離殺盜戒。	於此復犯離殺盜戒。	In this, he further violated the precepts against killing and stealing.
['T27n1545_123:0645b08_3']	隣女尋雞來入其室。	隣女尋雞來入其室。	The neighbor's daughter came to his room in search of the chickens.
['T27n1545_123:0645b08_12']	復以威力強逼交通。	復以威力強逼交通。	He then forcefully had intercourse with her by his power.
['T27n1545_123:0645b09_3']	緣此更犯離邪行戒。	緣此更犯離邪行戒。	Because of this, he further violated the precept against sexual misconduct.
['T27n1545_123:0645b09_12']	隣家憤怒將至官司。	隣家憤怒將至官司。	The neighbor's family became angry and brought him before the authorities.
['T27n1545_123:0645b10_3']	時斷事者訊問所以。	時斷事者訊問所以。	The judge questioned him about the matter.
['T27n1545_123:0645b10_8']	彼皆拒諱。	彼皆拒諱。	He all denied it.
['T27n1545_123:0645b10_17']	因斯又犯離虛誑語。	因斯又犯離虛誑語。	Because of this, he also violated the precept against false speech.
['T27n1545_123:0645b11_7']	如是五戒皆因酒犯。	如是五戒皆因酒犯。	In this way, all five precepts were violated due to alcohol.
['T27n1545_123:0645b11_16']	故遮罪中獨制飲酒。	故遮罪中獨制飲酒。	Therefore, among the prohibitive offenses, only drinking alcohol is prohibited.
['T27n1545_123:0645b12_3']	有餘師說。	有餘師說。	Other teachers say:
['T27n1545_123:0645b12_12']	酒令失念增無慚愧。	酒令失念增無慚愧。	Alcohol causes loss of mindfulness and increases shamelessness.
['T27n1545_123:0645b13_3']	其過深重故偏制立。	其過深重故偏制立。	Its faults are so grave that it is specifically prohibited.
['T27n1545_123:0645b13_8']	如律中說。	如律中說。	As it is said in the Vinaya:
['T27n1545_123:0645b13_17']	制地國中有一毒龍。	制地國中有一毒龍。	In the country of Chetiya, there was a poisonous dragon.
['T27n1545_123:0645b14_7']	性極暴惡為稼穡害。	性極暴惡為稼穡害。	By nature, it was extremely violent and harmful to crops.
['T27n1545_123:0645b15_2']	其所居池水陸空飛無敢近者。	其所居池水陸空飛無敢近者。	In the pond where it lived, neither water nor land nor sky could be approached by it.
['T27n1545_123:0645b15_11']	時有尊者名曰善來。	時有尊者名曰善來。	At that time, there was an elder named Subhadra.
['T27n1545_123:0645b16_2']	以巧方便令其調伏。	以巧方便令其調伏。	With skillful means, he subdued it.
['T27n1545_123:0645b16_11']	因此名稱流布八方。	因此名稱流布八方。	Because of this, his reputation spread to the eight directions.
['T27n1545_123:0645b17_2']	於是信心競興供養。	於是信心競興供養。	Then, with faith, they competed in making offerings.
['T27n1545_123:0645b17_11']	漸次遊化至室羅筏。	漸次遊化至室羅筏。	Gradually traveling and teaching, he arrived in Śrāvastī.
['T27n1545_123:0645b18_2']	值彼城中請僧設會。	值彼城中請僧設會。	At that time, the city had invited monks to a feast.
['T27n1545_123:0645b18_11']	有近事女家不豐饒。	有近事女家不豐饒。	There was a laywoman whose family was not wealthy.
['T27n1545_123:0645b19_3']	獨請善來奉上飲食。	獨請善來奉上飲食。	She alone invited Su­gata and offered him food and drink.
['T27n1545_123:0645b19_12']	食多鹽味須臾增渴。	食多鹽味須臾增渴。	The food was salty and she soon became thirsty.
['T27n1545_123:0645b20_3']	為渴所逼現相求飲。	為渴所逼現相求飲。	Afflicted by thirst, she made a gesture asking for something to drink.
['T27n1545_123:0645b20_12']	時近事女作是思惟。	時近事女作是思惟。	At that time, the laywoman thought like this:
['T27n1545_123:0645b21_3']	尊者所食極為肥膩。	尊者所食極為肥膩。	The food the Venerable has eaten is very greasy.
['T27n1545_123:0645b21_12']	若飲冷水或當致疾。	若飲冷水或當致疾。	If he drinks cold water, he may fall ill.
['T27n1545_123:0645b22_4']	遂設方便授以清酒。	遂設方便授以清酒。	She then devised a way to give him clear wine.
['T27n1545_123:0645b22_13']	彼不審察便取飲之。	彼不審察便取飲之。	He did not examine it carefully and drank it.
['T27n1545_123:0645b23_4']	讚慰收衣趣勝林寺。	讚慰收衣趣勝林寺。	He praised and comforted her, put on his robes, and went to the Jetavana Monastery.
['T27n1545_123:0645b23_13']	將至醉悶䤄眩便倒。	將至醉悶䤄眩便倒。	He became drunk and unsteady, and fell down.
['T27n1545_123:0645b24_3']	衣鉢錫杖狼藉在地。	衣鉢錫杖狼藉在地。	His robes, bowl, and staff were scattered on the ground.
['T27n1545_123:0645b24_12']	露體而臥無所覺知。	露體而臥無所覺知。	He lay there naked, unaware of anything.
['T27n1545_123:0645b25_4']	佛將阿難經行遇見。	佛將阿難經行遇見。	The Buddha was taking a walk with Ānanda when he encountered this.
['T27n1545_123:0645b25_13']	知而故問此臥者誰。	知而故問此臥者誰。	Knowing, he deliberately asked, Who is this lying down?
['T27n1545_123:0645b26_3']	何為此間醉酒而臥。	何為此間醉酒而臥。	Why are you lying down drunk here?
['T27n1545_123:0645b26_12']	阿難白佛此是善來。	阿難白佛此是善來。	Ānanda said to the Buddha, This is a good coming.
['T27n1545_123:0645b27_4']	佛告阿難可集僧眾。	佛告阿難可集僧眾。	The Buddha told Ānanda, You may assemble the assembly of monks.
['T27n1545_123:0645b27_13']	僧眾集已佛在眾中。	僧眾集已佛在眾中。	After the assembly of monks had gathered, the Buddha was in the midst of the assembly.
['T27n1545_123:0645b28_4']	敷如常座結加趺坐。	敷如常座結加趺坐。	He spread out his usual seat and sat cross-legged.
['T27n1545_123:0645b28_13']	爾時世尊告苾芻眾。	爾時世尊告苾芻眾。	At that time, the World-Honored One told the assembly of monks,
['T27n1545_123:0645b29_11']	汝等聞見苾芻善來曾以巧便伏毒龍不。	汝等聞見苾芻善來曾以巧便伏毒龍不。	Have you heard or seen that the monk Sudatta has ever subdued a poisonous dragon with skillful means?
['T27n1545_123:0645c01_3']	諸苾芻眾隨已見聞。	諸苾芻眾隨已見聞。	The assembly of monks, according to what they had heard or seen,
['T27n1545_123:0645c01_8']	各白佛言。	各白佛言。	each said to the Buddha,
['T27n1545_123:0645c01_13']	我曾聞見。	我曾聞見。	I have heard or seen it.
['T27n1545_123:0645c01_16']	佛言。	佛言。	The Buddha said,
['T27n1545_123:0645c02_3']	汝等於意云何。	汝等於意云何。	What do you all think?
['T27n1545_123:0645c02_12']	善來今能伏蝦蟆不。	善來今能伏蝦蟆不。	Can Sudatta now subdue a frog?
['T27n1545_123:0645c02_17']	苾芻皆曰。	苾芻皆曰。	The monks all said,
['T27n1545_123:0645c03_3']	不也世尊。	不也世尊。	No, World-Honored One.
['T27n1545_123:0645c04_3']	爾時如來種種方便呵毀酒過告諸苾芻。	爾時如來種種方便呵毀酒過告諸苾芻。	At that time, the Tathāgata reprimanded the faults of drinking alcohol in various ways and told the monks,
['T27n1545_123:0645c04_12']	汝等若稱佛為師者。	汝等若稱佛為師者。	If you all consider the Buddha to be your teacher,
['T27n1545_123:0645c05_11']	自今已往下至茅端所沾酒渧亦不得飲。	自今已往下至茅端所沾酒渧亦不得飲。	from now on you should not drink even a drop of alcohol that touches the tip of a blade of grass.
['T27n1545_123:0645c06_3']	故遮罪中獨制飲酒。	故遮罪中獨制飲酒。	Therefore, among the offenses that are prohibited, drinking alcohol is strictly prohibited.
['T27n1545_123:0645c06_8']	有作是說。	有作是說。	There are those who say,
['T27n1545_123:0645c06_17']	飲酒能令智慧衰退。	飲酒能令智慧衰退。	Drinking alcohol can cause one's wisdom to decline.
['T27n1545_123:0645c07_7']	如說長者智慧衰退。	如說長者智慧衰退。	It is said that the elder's wisdom declined.
['T27n1545_123:0645c08_2']	是第六失故遮罪中獨制飲酒。	是第六失故遮罪中獨制飲酒。	This is the sixth fault, so drinking alcohol is uniquely prohibited among the offenses to be refrained from.
['T27n1545_123:0645c08_7']	有餘師說。	有餘師說。	Other masters say:
['T27n1545_123:0645c08_16']	聖者經生必不飲酒。	聖者經生必不飲酒。	The noble ones, even if reborn, definitely do not drink alcohol.
['T27n1545_123:0645c09_6']	雖嬰孩位養母以指。	雖嬰孩位養母以指。	Even in the state of infancy, if a nursing mother forcefully puts a finger
['T27n1545_123:0645c10_2']	強渧口中不自在故而無有失。	強渧口中不自在故而無有失。	in their mouth, it is not under their control, so there is no fault.
['T27n1545_123:0645c10_11']	纔有識別設遇強緣。	纔有識別設遇強緣。	As soon as they have consciousness, even if they encounter strong conditions,
['T27n1545_123:0645c11_3']	為護身命亦終不飲。	為護身命亦終不飲。	in order to protect their lives, they will never drink.
['T27n1545_123:0645c11_7', 'T27n1545_123:0645c11_13']	故遮罪。🔽中獨立酒戒。	故遮罪。 中獨立酒戒。	Therefore, among the offenses to be refrained from,🔽the precept against alcohol is established independently.Here is the corrected and aligned text:
['T27n1545_123:0645c13_100']	說一切有部發智大毘婆沙論卷第一百二十三	說一切有部發智大毘婆沙論卷第一百二十三	Sarvâstivāda Abhidharma-mahāvibhāṣā-śāstra, fascicle 123
