segmentnr	original	analyzed	translated
['T27n1545_106:0546c18_0']	阿毘達磨大毘婆沙論卷第一百	阿毘達磨大毘婆沙論卷第一百	Abhidharma-mahāvibhāṣā-śāstra, fascicle 100
['T27n1545_106:0546c19_0']	六	六	six
['T27n1545_106:0546c21_0']	五百大阿羅漢等造	五百大阿羅漢等造	composed by 500 great arhats and others
['T27n1545_106:0546c24_8']	三藏法師玄奘奉　詔譯2智蘊第三中修智納息第四之二或有一智攝一切智。	三藏法師玄奘奉　詔譯2智蘊第三中修智納息第四之二或有一智攝一切智。	tripiṭaka master Xuanzang respectfully received
['T27n1545_106:0546c25_5']	謂法智非如法智以智體是法故。	謂法智非如法智以智體是法故。	It means that the knowledge of dharmas is not like the knowledge of dharmas, because the essence of knowledge is dharma.
['T27n1545_106:0546c25_14']	或有二智攝一切智。	或有二智攝一切智。	Or there are two knowledges that encompass all knowledges.
['T27n1545_106:0546c26_4']	謂有漏智無漏智。	謂有漏智無漏智。	Namely, contaminated knowledge and uncontaminated knowledge.
['T27n1545_106:0546c26_13']	或有三智攝一切智。	或有三智攝一切智。	Or there are three knowledges that encompass all knowledges.
['T27n1545_106:0546c27_3']	謂法智類智世俗智。	謂法智類智世俗智。	Namely, knowledge of dharmas, knowledge of species, and conventional knowledge.
['T27n1545_106:0546c27_12']	或有四智攝一切智。	或有四智攝一切智。	Or there are four knowledges that encompass all knowledges.
['T27n1545_106:0546c28_3']	謂前三智加他心智。	謂前三智加他心智。	Namely, the previous three knowledges plus knowledge of others' minds.
['T27n1545_106:0546c28_12']	或有五智攝一切智。	或有五智攝一切智。	Or there are five knowledges that encompass all knowledges.
['T27n1545_106:0546c29_4']	謂世俗智及苦集滅道智。	謂世俗智及苦集滅道智。	Namely, conventional knowledge, and knowledge of suffering, accumulation, cessation, and path.
['T27n1545_106:0546c29_13']	或有六智攝一切智。	或有六智攝一切智。	Or there are six knowledges that encompass all knowledges.
['T27n1545_106:0547a01_3']	謂前五智加他心智。	謂前五智加他心智。	Namely, the previous five knowledges plus knowledge of others' minds.
['T27n1545_106:0547a01_12']	或有七智攝一切智。	或有七智攝一切智。	Or there are seven knowledges that encompass all knowledges.
['T27n1545_106:0547a02_2']	謂八智中除他心智。	謂八智中除他心智。	Namely, among the eight knowledges, excluding knowledge of others' minds.
['T27n1545_106:0547a02_11']	或有八智攝一切智。	或有八智攝一切智。	Or there are eight knowledges that encompass all knowledges.
['T27n1545_106:0547a03_16']	謂此中說法智類智他心智世俗智苦智集智滅智道智。	謂此中說法智類智他心智世俗智苦智集智滅智道智。	Namely, in this context, it is said that there are eight knowledges: knowledge of dharmas, inferential knowledge, knowledge of others' minds, conventional knowledge, knowledge of suffering, knowledge of origination, knowledge of cessation, and knowledge of the path.
['T27n1545_106:0547a04_8']	問若此八智攝一切智。	問若此八智攝一切智。	Question: If these eight knowledges encompass all knowledges,
['T27n1545_106:0547a04_13']	復有八智。	復有八智。	there are also eight knowledges.
['T27n1545_106:0547a04_18']	謂法住智。	謂法住智。	Namely, knowledge of the abiding of dharmas,
['T27n1545_106:0547a05_3']	涅槃智。	涅槃智。	knowledge of nirvana,
['T27n1545_106:0547a05_7']	死生智。	死生智。	knowledge of death and rebirth,
['T27n1545_106:0547a05_11']	漏盡智。	漏盡智。	knowledge of the destruction of defilements,
['T27n1545_106:0547a05_17']	宿住隨念智。	宿住隨念智。	knowledge of recollecting past abodes,
['T27n1545_106:0547a06_2']	妙願智。	妙願智。	knowledge of marvelous vows,
['T27n1545_106:0547a06_5']	盡智。	盡智。	knowledge of exhaustion,
['T27n1545_106:0547a06_9']	無生智。	無生智。	and knowledge of non-arising.
['T27n1545_106:0547a06_18']	如是八智何智攝耶。	如是八智何智攝耶。	Which of these eight knowledges are included in which knowledges?
['T27n1545_106:0547a07_8']	答隨其所應皆攝在此。	答隨其所應皆攝在此。	Answer: As appropriate, they are all included here.
['T27n1545_106:0547a07_17']	謂法住智是知因智。	謂法住智是知因智。	Namely, knowledge of the abiding of dharmas is the knowledge of causes.
['T27n1545_106:0547a08_13']	正知三界下中上果法所住因故。	正知三界下中上果法所住因故。	This is because one correctly knows the causes that abide in the dharmas of the lower, middle, and upper fruits of the three realms.
['T27n1545_106:0547a09_4']	彼智即此四智所攝。	彼智即此四智所攝。	That knowledge is included in these four knowledges.
['T27n1545_106:0547a09_12']	謂法類世俗集智。	謂法類世俗集智。	Namely, knowledge of dharmas, inferential knowledge, conventional knowledge, and knowledge of origination.
['T27n1545_106:0547a10_9']	涅槃智是知滅智彼智即此四智所攝。	涅槃智是知滅智彼智即此四智所攝。	Knowledge of nirvana is the knowledge of cessation. That knowledge is included in these four knowledges.
['T27n1545_106:0547a10_17']	謂法類世俗滅智。	謂法類世俗滅智。	Namely, knowledge of dharmas, inferential knowledge, conventional knowledge, and knowledge of cessation.
['T27n1545_106:0547a11_9']	死生智即此世俗智所攝。	死生智即此世俗智所攝。	Knowledge of death and rebirth is included in this conventional knowledge.
['T27n1545_106:0547a11_15']	尊者妙音說。	尊者妙音說。	The Venerable Subhūti said.
['T27n1545_106:0547a12_5']	死生智四智所攝。	死生智四智所攝。	The knowledge of death and rebirth is included in four knowledges.
['T27n1545_106:0547a12_13']	謂法類世俗苦智。	謂法類世俗苦智。	Namely, the knowledge of dharmas, inferential knowledge, conventional knowledge, and the knowledge of suffering.
['T27n1545_106:0547a12_16']	評曰。	評曰。	The commentators say:
['T27n1545_106:0547a13_5']	應知此中前說應理。	應知此中前說應理。	It should be known that the former explanation here is reasonable.
['T27n1545_106:0547a14_6']	漏盡智諸有欲令緣漏盡法故名漏盡智者。	漏盡智諸有欲令緣漏盡法故名漏盡智者。	As for the knowledge of the destruction of defilements, those who wish to call it the knowledge of the destruction of defilements because it takes the dharmas of the destruction of defilements as its object,
['T27n1545_106:0547a14_11']	四智所攝。	四智所攝。	It is included in four knowledges.
['T27n1545_106:0547a15_1']	謂法類世俗滅智。	謂法類世俗滅智。	Namely, the knowledge of dharmas, inferential knowledge, conventional knowledge, and the knowledge of cessation.
['T27n1545_106:0547a15_16']	諸有欲令漏盡身得故名漏盡智者。	諸有欲令漏盡身得故名漏盡智者。	Those who wish to call it the knowledge of the destruction of defilements because it takes the body that has destroyed defilements as its object,
['T27n1545_106:0547a16_4']	八智所攝。	八智所攝。	It is included in eight knowledges.
['T27n1545_106:0547a16_15']	宿住隨念智世俗智所攝。	宿住隨念智世俗智所攝。	The knowledge of the recollection of past abodes is included in conventional knowledge.
['T27n1545_106:0547a17_2']	尊者妙音說。	尊者妙音說。	The Venerable Subhūti says:
['T27n1545_106:0547a17_12']	宿住隨念智六智所攝。	宿住隨念智六智所攝。	The knowledge of the recollection of past abodes is included in six knowledges.
['T27n1545_106:0547a18_2']	即八智中除他心智。	即八智中除他心智。	That is, among the eight knowledges, it excludes the knowledge of others' minds.
['T27n1545_106:0547a18_8']	緣過去法故。	緣過去法故。	Because it takes past dharmas as its object.
['T27n1545_106:0547a18_13']	及除滅智。	及除滅智。	And it excludes the knowledge of cessation.
['T27n1545_106:0547a19_1']	緣有為法故。	緣有為法故。	Because it takes conditioned dharmas as its object.
['T27n1545_106:0547a19_4']	評曰。	評曰。	The commentators say:
['T27n1545_106:0547a19_13']	應知此中前說應理。	應知此中前說應理。	It should be known that the former explanation here is reasonable.
['T27n1545_106:0547a20_3']	妙願智世俗智所攝。	妙願智世俗智所攝。	The knowledge of marvelous observation is included in conventional knowledge.
['T27n1545_106:0547a20_9']	尊者妙音說。	尊者妙音說。	The Venerable Subhūti says:
['T27n1545_106:0547a20_17']	妙願智八智所攝。	妙願智八智所攝。	The knowledge of marvelous observation is included in eight knowledges.
['T27n1545_106:0547a21_8']	謂十智中除盡無生智。	謂十智中除盡無生智。	That is, among the ten knowledges, it excludes the knowledge of elimination and the knowledge of non-production.
['T27n1545_106:0547a21_13']	是見性故。	是見性故。	Because it is the nature of seeing.
['T27n1545_106:0547a21_16']	評曰。	評曰。	The commentator says:
['T27n1545_106:0547a22_6']	應知此中前說應理。	應知此中前說應理。	One should know that the former explanation here is reasonable.
['T27n1545_106:0547a22_17']	盡智無生智俱六智所攝。	盡智無生智俱六智所攝。	The knowledge of exhaustion and the knowledge of non-arising are included in six knowledges.
['T27n1545_106:0547a23_7']	除他心智非見性故。	除他心智非見性故。	Excluding the knowledge of others' minds, because it is not the nature of seeing.
['T27n1545_106:0547a23_17']	及除世俗智是無漏故。	及除世俗智是無漏故。	And excluding the knowledge of worldly matters, because it is without outflows.
['T27n1545_106:0547a24_8']	由此八智攝一切智。	由此八智攝一切智。	Therefore, the eight knowledges include all knowledges.
['T27n1545_106:0547a25_8']	尊者僧伽筏蘇說曰。	尊者僧伽筏蘇說曰。	The Venerable Saṃghabhadra says:
['T27n1545_106:0547a25_13']	應說一智。	應說一智。	One should say there is one knowledge,
['T27n1545_106:0547a26_8']	謂決定智以決定義是智義故。	謂決定智以決定義是智義故。	Namely, the knowledge of determination, because the meaning of determination is the meaning of knowledge.
['T27n1545_106:0547a26_13']	此決定智。	此決定智。	This knowledge of determination,
['T27n1545_106:0547a27_1']	有二差別。	有二差別。	Has two distinctions:
['T27n1545_106:0547a27_6']	一者有漏。	一者有漏。	First, it is with outflows;
['T27n1545_106:0547a27_11']	二者無漏。	二者無漏。	Second, it is without outflows.
['T27n1545_106:0547a27_16']	若有漏者。	若有漏者。	If it is with outflows,
['T27n1545_106:0547a28_6']	由自性故名世俗智。	由自性故名世俗智。	By its own nature, it is called the knowledge of worldly matters.
['T27n1545_106:0547a28_11']	若無漏者。	若無漏者。	If it is without outflows,
['T27n1545_106:0547a29_1']	由對治差別故。	由對治差別故。	By the distinction of its antidotes,
['T27n1545_106:0547a29_6']	復立二種。	復立二種。	It is further established as two kinds:
['T27n1545_106:0547a29_16']	謂對治欲界者名法智。	謂對治欲界者名法智。	That which counteracts the desire realm is called the knowledge of dharmas.
['T27n1545_106:0547b01_9']	對治色無色界者名類智。	對治色無色界者名類智。	That which counteracts the form and formless realms is called the knowledge of categories.
['T27n1545_106:0547b02_9']	即前三智若能知他心心所法名他心智。	即前三智若能知他心心所法名他心智。	The aforementioned three knowledges, if able to know the minds and mental factors of others, are called the knowledge of others' minds.
['T27n1545_106:0547b03_5']	又無漏智由行相別復立四智。	又無漏智由行相別復立四智。	Moreover, uncontaminated cognition is further established as four knowledges based on the distinction of aspects.
['T27n1545_106:0547b04_3']	若於苦諦作四行相轉者名苦智。	若於苦諦作四行相轉者名苦智。	If it turns with the four aspects of the truth of suffering, it is called the knowledge of suffering.
['T27n1545_106:0547b05_2']	乃至若於道諦作四行相轉者名道智。	乃至若於道諦作四行相轉者名道智。	Up to if it turns with the four aspects of the truth of the path, it is called the knowledge of the path.
['T27n1545_106:0547b05_16']	問若決定智唯有一種或二或三。	問若決定智唯有一種或二或三。	Question: If definite cognition is only of one kind, or two, or three,
['T27n1545_106:0547b06_7']	云何此中立有八智。	云何此中立有八智。	how is it established here as having eight knowledges?
['T27n1545_106:0547b06_17']	答以五事故立有八智。	答以五事故立有八智。	Answer: The existence of eight knowledges is established due to five things.
['T27n1545_106:0547b07_8']	一對治故立法類智。	一對治故立法類智。	First, in order to counteract, the knowledge of dharmas and subsequent knowledge are established.
['T27n1545_106:0547b07_17']	二自性故立世俗智。	二自性故立世俗智。	Second, in terms of their intrinsic nature, conventional knowledge is established.
['T27n1545_106:0547b08_7']	三加行故立他心智。	三加行故立他心智。	Third, in terms of their preparatory practice, knowledge of others' minds is established.
['T27n1545_106:0547b08_16']	四行相故立苦集智。	四行相故立苦集智。	Fourth, in terms of their aspects, the knowledge of suffering and origination are established.
['T27n1545_106:0547b09_8']	五行相所緣故立滅道智。	五行相所緣故立滅道智。	Fifth, in terms of their aspects and objects, the knowledge of cessation and path are established.
['T27n1545_106:0547b09_17']	尊者左受作如是說。	尊者左受作如是說。	The Venerable Vāmalabdha says as follows.
['T27n1545_106:0547b10_10']	對治四種愚故立有八智。	對治四種愚故立有八智。	The existence of eight knowledges is established in order to counteract four kinds of delusion.
['T27n1545_106:0547b10_15']	四種愚者。	四種愚者。	The four kinds of delusion are:
['T27n1545_106:0547b11_1']	一界愚。	一界愚。	1. Delusion regarding realms,
['T27n1545_106:0547b11_5']	二心愚。	二心愚。	2. Delusion regarding minds,
['T27n1545_106:0547b11_9']	三法愚。	三法愚。	3. Delusion regarding dharmas,
['T27n1545_106:0547b11_13']	四諦愚。	四諦愚。	4. Delusion regarding truths.
['T27n1545_106:0547b12_5']	對治界愚故立法類智。	對治界愚故立法類智。	In order to counteract delusion regarding realms, the knowledge of dharmas and subsequent knowledge are established.
['T27n1545_106:0547b12_15']	對治心愚故立他心智。	對治心愚故立他心智。	The knowledge of others' minds is established to counteract the delusion regarding the mind.
['T27n1545_106:0547b13_7']	對治法愚故立世俗智。	對治法愚故立世俗智。	The knowledge of conventional truth is established to counteract the delusion regarding phenomena.
['T27n1545_106:0547b14_2']	對治諦愚故立苦集滅道智。	對治諦愚故立苦集滅道智。	The knowledge of suffering, origination, cessation, and path are established to counteract the delusion regarding the truths.
['T27n1545_106:0547b15_10']	是名八智自性我物自體相分本性已說智自性所以今當說。	是名八智自性我物自體相分本性已說智自性所以今當說。	This is called the nature of the eight knowledges, their substance, essence, characteristics, and original nature. The reason for the knowledges will now be explained.
['T27n1545_106:0547b15_16']	問何故名智。	問何故名智。	Why are they called knowledges?
['T27n1545_106:0547b16_3']	智是何義。	智是何義。	What is the meaning of knowledge?
['T27n1545_106:0547b16_11']	答決定義是智義。	答決定義是智義。	The meaning of knowledge is the meaning of certainty.
['T27n1545_106:0547b17_4']	問若爾疑相應慧應不名智。	問若爾疑相應慧應不名智。	If that is so, then the wisdom associated with doubt should not be called knowledge,
['T27n1545_106:0547b17_13']	於所緣境不決定故。	於所緣境不決定故。	because it is not certain regarding the object to be known.
['T27n1545_106:0547b18_13']	答彼亦是智一剎那頃於所緣境亦決定故。	答彼亦是智一剎那頃於所緣境亦決定故。	That [wisdom] is also knowledge, because in one moment it is also certain regarding the object to be known.
['T27n1545_106:0547b19_4']	然此聚中疑勢用勝。	然此聚中疑勢用勝。	However, in this aggregate, the power of doubt is predominant.
['T27n1545_106:0547b19_17']	令心於境多剎那中猶豫不決。	令心於境多剎那中猶豫不決。	It causes the mind to hesitate and be uncertain regarding the object for many moments.
['T27n1545_106:0547b20_4']	說名疑聚。	說名疑聚。	It is called the aggregate of doubt.
['T27n1545_106:0547b20_17']	如三摩地一剎那中於境恒住。	如三摩地一剎那中於境恒住。	Just as samādhi always abides in the object for one moment,
['T27n1545_106:0547b21_8']	有時若與掉舉相應。	有時若與掉舉相應。	sometimes, if associated with restlessness,
['T27n1545_106:0547b22_4']	令多剎那於境轉易說名為亂。	令多剎那於境轉易說名為亂。	it causes the mind to change in the object for many moments and is called distraction.
['T27n1545_106:0547b22_17', 'T27n1545_106:0547b23_8']	又如有情若多貪者說名貪行。🔽若多瞋者說名瞋行。	又如有情若多貪者說名貪行。 若多瞋者說名瞋行。	Moreover, it is like sentient beings. If there are many who are greedy, they are called those who act out of greed.🔽If there are many who are hateful, they are called those who act out of hatred.
['T27n1545_106:0547b23_17']	若多癡者說名癡行。	若多癡者說名癡行。	If there are many who are deluded, they are called those who act out of delusion.
['T27n1545_106:0547b24_7']	一一非不有餘煩惱。	一一非不有餘煩惱。	Each one is not without the other afflictions.
['T27n1545_106:0547b24_16']	此亦如是故無有失。	此亦如是故無有失。	This is also like this, so there is no mistake.
['T27n1545_106:0547b25_3']	譬喻者說。	譬喻者說。	The proponents of similes say:
['T27n1545_106:0547b25_12']	若心有智則無無知。	若心有智則無無知。	If the mind has knowledge, then there is no ignorance.
['T27n1545_106:0547b26_3']	若心有疑則無決定。	若心有疑則無決定。	If the mind has doubt, then there is no certainty.
['T27n1545_106:0547b26_12']	若心有麁則無有細。	若心有麁則無有細。	If the mind has coarseness, then there is no subtlety.
['T27n1545_106:0547b27_7']	然對法者所說法相如鬧叢林。	然對法者所說法相如鬧叢林。	However, the dharmas that are explained by the Abhidharma masters are like a noisy forest.
['T27n1545_106:0547b27_12', 'T27n1545_106:0547b27_18']	謂一心中。🔽有智有無知。	謂一心中。 有智有無知。	That is to say, in one mind,🔽there is knowledge and there is ignorance.
['T27n1545_106:0547b28_6']	有非智非無知。	有非智非無知。	There is neither knowledge nor ignorance.
['T27n1545_106:0547b28_12']	有疑有決定。	有疑有決定。	There is doubt and there is certainty.
['T27n1545_106:0547b29_2']	有非疑非決定。	有非疑非決定。	There is neither doubt nor certainty.
['T27n1545_106:0547b29_7']	有麁有細。	有麁有細。	There is coarseness and there is subtlety.
['T27n1545_106:0547b29_13']	有非麁非細。	有非麁非細。	There is neither coarseness nor subtlety.
['T27n1545_106:0547c01_3']	阿毘達磨諸論師言。	阿毘達磨諸論師言。	The Abhidharma masters say:
['T27n1545_106:0547c01_12']	許法俱生斯有何失。	許法俱生斯有何失。	What is wrong with allowing dharmas to arise together?
['T27n1545_106:0547c02_12']	謂諸心所展轉力生一心相應相用各別智。	謂諸心所展轉力生一心相應相用各別智。	That is to say, the various mental factors arise through mutual power. The characteristics and functions of a single mind are distinct. Knowledge,
['T27n1545_106:0547c03_7']	謂般若無知謂無明非智非無知。	謂般若無知謂無明非智非無知。	Namely, prajñā without knowledge is called ignorance, neither knowledge nor non-knowledge.
['T27n1545_106:0547c03_13']	謂餘心所法。	謂餘心所法。	Namely, the other mental factors.
['T27n1545_106:0547c03_18']	疑謂猶豫。	疑謂猶豫。	Doubt means indecision.
['T27n1545_106:0547c04_4']	決定謂智。	決定謂智。	Certainty means knowledge.
['T27n1545_106:0547c04_10']	非疑非決定。	非疑非決定。	Neither doubt nor certainty.
['T27n1545_106:0547c04_16', 'T27n1545_106:0547c05_1']	謂餘心所法。🔽麁謂尋。	謂餘心所法。 麁謂尋。	Namely, the other mental factors.🔽Coarseness means investigation.
['T27n1545_106:0547c05_5']	細謂伺。	細謂伺。	Fineness means analysis.
['T27n1545_106:0547c05_10']	非麁非細。	非麁非細。	Neither coarse nor fine.
['T27n1545_106:0547c05_16']	謂餘心所法。	謂餘心所法。	Namely, the other mental factors.
['T27n1545_106:0547c06_5']	如諸色法異類俱生。	如諸色法異類俱生。	Just as various material dharmas arise together in different categories,
['T27n1545_106:0547c06_10']	心所亦爾。	心所亦爾。	the mental factors are also like this.
['T27n1545_106:0547c06_15']	故無有失。	故無有失。	Therefore there is no error.
['T27n1545_106:0547c07_1']	有作是說。	有作是說。	There is an explanation that says:
['T27n1545_106:0547c07_13']	於所緣境重決擇義是智義。	於所緣境重決擇義是智義。	The meaning of repeatedly determining the object is the meaning of knowledge.
['T27n1545_106:0547c08_16']	諸有漏慧於所緣境無始時來數數決擇故皆名智。	諸有漏慧於所緣境無始時來數數決擇故皆名智。	All contaminated wisdom is called knowledge because it repeatedly determines the object from beginningless time.
['T27n1545_106:0547c09_11', 'T27n1545_106:0547c10_2']	諸無漏慧重決擇者皆名為智。🔽唯無漏忍於四聖諦。	諸無漏慧重決擇者皆名為智。 唯無漏忍於四聖諦。	All uncontaminated wisdom that repeatedly determines is called knowledge.🔽Only uncontaminated patience
['T27n1545_106:0547c10_11']	未重決擇故不名智。	未重決擇故不名智。	does not repeatedly determine the four noble truths, so it is not called knowledge.
['T27n1545_106:0547c10_16']	復有說者。	復有說者。	There is also an explanation that says:
['T27n1545_106:0547c11_7', 'T27n1545_106:0547c11_12']	由二義故說名為智。🔽謂證知義。	由二義故說名為智。 謂證知義。	It is called knowledge because of two meanings.🔽Namely, the meaning of realizing and knowing,
['T27n1545_106:0547c11_17']	及了知義。	及了知義。	and the meaning of understanding and knowing.
['T27n1545_106:0547c12_3']	證知義者。	證知義者。	The meaning of realization is:
['T27n1545_106:0547c12_16']	謂證知苦乃至證知道故名智。	謂證知苦乃至證知道故名智。	Because one realizes suffering up to realizing the path, it is called knowledge.
['T27n1545_106:0547c13_4']	了知義者。	了知義者。	The meaning of understanding is:
['T27n1545_106:0547c14_2']	謂了知自相續了知他相續故名智。	謂了知自相續了知他相續故名智。	Because one understands one's own continuum and understands others' continuums, it is called knowledge.
['T27n1545_106:0547c15_14']	已總說諸智所以一一所以今當說。	已總說諸智所以一一所以今當說。	The reasons for each of the various knowledges will now be explained.
['T27n1545_106:0547c16_3']	問何故名法智。	問何故名法智。	Why is it called knowledge of dharmas?
['T27n1545_106:0547c16_13']	答智體是法故名法智。	答智體是法故名法智。	The essence of knowledge is dharma, therefore it is called knowledge of dharmas.
['T27n1545_106:0547c17_5']	問若爾餘智亦體是法。	問若爾餘智亦體是法。	If that is so, the essence of the other knowledges is also dharma.
['T27n1545_106:0547c17_13']	何故不名法智耶。	何故不名法智耶。	Why are they not called knowledge of dharmas?
['T27n1545_106:0547c18_5']	答雖一切智體皆是法。	答雖一切智體皆是法。	Although the essence of all knowledges is dharma,
['T27n1545_106:0547c19_1']	而但於一立法智名如十八界。	而但於一立法智名如十八界。	only one is given the name knowledge of dharmas, just like the eighteen elements,
['T27n1545_106:0547c19_5']	十二處。	十二處。	twelve sense bases,
['T27n1545_106:0547c19_9']	七覺支。	七覺支。	seven factors of awakening,
['T27n1545_106:0547c19_13', 'T27n1545_106:0547c19_17']	六隨念。🔽四念住。	六隨念。 四念住。	six recollections,🔽four establishments of mindfulness,
['T27n1545_106:0547c19_21']	四證淨。	四證淨。	four forms of spiritual conviction,
['T27n1545_106:0547c20_4']	四無礙解。	四無礙解。	four forms of unobstructed understanding,
['T27n1545_106:0547c20_7']	三寶。	三寶。	three jewels,
['T27n1545_106:0547c20_10']	三歸。	三歸。	and three refuges,
['T27n1545_106:0547c21_4']	皆體是法而但於一建立法名。	皆體是法而但於一建立法名。	all of which have the essence of dharma, but only one is established with the name dharma.
['T27n1545_106:0547c21_13']	此亦如是故不應責。	此亦如是故不應責。	This is also like that, so one should not question it.
['T27n1545_106:0547c22_4']	復次法智但有一名。	復次法智但有一名。	Furthermore, knowledge of dharmas has only one name,
['T27n1545_106:0547c22_8']	謂共名。	謂共名。	namely the shared name.
['T27n1545_106:0547c22_14']	餘智有二名。	餘智有二名。	The remaining knowledges have two names.
['T27n1545_106:0547c23_1']	謂共不共名。	謂共不共名。	They are called common and uncommon.
['T27n1545_106:0547c23_10']	為簡別故說不共名。	為簡別故說不共名。	In order to distinguish them, the name uncommon is used.
['T27n1545_106:0547c24_3']	復次初覺知法故名法智。	復次初覺知法故名法智。	Furthermore, because it first realizes the dharmas, it is called dharma knowledge.
['T27n1545_106:0547c24_12']	後覺知法故名類智。	後覺知法故名類智。	Because it realizes the dharmas later, it is called inferential knowledge.
['T27n1545_106:0547c25_11']	復次若初得法證淨相應智故名法智。	復次若初得法證淨相應智故名法智。	Furthermore, because it is the knowledge associated with the purity of the realization of the dharmas that is first attained, it is called dharma knowledge.
['T27n1545_106:0547c26_3']	此後所得故名類智。	此後所得故名類智。	Because it is attained later, it is called inferential knowledge.
['T27n1545_106:0547c26_10']	復次於現見法。	復次於現見法。	Furthermore, with regard to the presently seen dharmas,
['T27n1545_106:0547c27_1']	得現量智故名法智。	得現量智故名法智。	because one attains knowledge by direct experience, it is called dharma knowledge.
['T27n1545_106:0547c27_10']	此後所得故名類智。	此後所得故名類智。	Because it is attained later, it is called inferential knowledge.
['T27n1545_106:0547c28_3']	復次欲界多有非法煩惱。	復次欲界多有非法煩惱。	Furthermore, in the desire realm there are many non-dharmas and afflictions,
['T27n1545_106:0547c28_16']	謂忿恨覆惱嫉慳等相應煩惱。	謂忿恨覆惱嫉慳等相應煩惱。	namely the afflictions associated with anger, resentment, concealment, vexation, jealousy, stinginess, and so forth.
['T27n1545_106:0547c29_9']	若智是彼近對治者名法智。	若智是彼近對治者名法智。	If a knowledge is their proximate antidote, it is called dharma knowledge.
['T27n1545_106:0548a01_5']	色無色界無有如是非法煩惱。	色無色界無有如是非法煩惱。	In the form and formless realms there are no such non-dharmas and afflictions.
['T27n1545_106:0548a02_9']	對治彼者法智後生故名類智復次若智六地所攝。	對治彼者法智後生故名類智復次若智六地所攝。	The antidote to them arises after dharma knowledge, so it is called inferential knowledge. Furthermore, if a knowledge is included in the six stages,
['T27n1545_106:0548a03_1']	能緣一地說名法智。	能緣一地說名法智。	and is able to take one stage as its object, it is called dharma knowledge.
['T27n1545_106:0548a03_8']	若智九地所攝。	若智九地所攝。	If a knowledge is included in the nine stages,
['T27n1545_106:0548a03_17']	能緣八地說名類智。	能緣八地說名類智。	Able to take the eight stages as objects, it is called cognition of species.
['T27n1545_106:0548a04_5']	此依有漏地說。	此依有漏地說。	This is based on the contaminated stages.
['T27n1545_106:0548a04_14']	復次若智六地所攝。	復次若智六地所攝。	Furthermore, if cognition is included in the six stages,
['T27n1545_106:0548a05_5']	能緣六地說名法智。	能緣六地說名法智。	able to take the six stages as objects, it is called cognition of the dharma.
['T27n1545_106:0548a05_12']	若智九地所攝。	若智九地所攝。	If cognition is included in the nine stages,
['T27n1545_106:0548a06_3']	能緣九地說名類智。	能緣九地說名類智。	able to take the nine stages as objects, it is called cognition of species.
['T27n1545_106:0548a06_10']	此依無漏地說。	此依無漏地說。	This is based on the uncontaminated stages.
['T27n1545_106:0548a07_11']	復次若智對治十八界十二處五蘊者名法智。	復次若智對治十八界十二處五蘊者名法智。	Furthermore, if cognition counteracts the eighteen elements, twelve sense bases, and five aggregates, it is called cognition of the dharma.
['T27n1545_106:0548a08_9']	若智對治十四界十處五蘊者名類智。	若智對治十四界十處五蘊者名類智。	If cognition counteracts the fourteen elements, ten sense bases, and five aggregates, it is called cognition of species.
['T27n1545_106:0548a09_9']	復次若智對治善不善無記五蘊者名法智。	復次若智對治善不善無記五蘊者名法智。	Furthermore, if cognition counteracts the wholesome, unwholesome, and indeterminate five aggregates, it is called cognition of the dharma.
['T27n1545_106:0548a10_5']	若智對治善無記五蘊者名類智。	若智對治善無記五蘊者名類智。	If cognition counteracts the wholesome and indeterminate five aggregates, it is called cognition of species.
['T27n1545_106:0548a11_5']	復次若智對治福非福不動行者名法智。	復次若智對治福非福不動行者名法智。	Furthermore, if cognition counteracts the actions of merit, demerit, and immobility, it is called cognition of the dharma.
['T27n1545_106:0548a12_2']	若智對治福及不動行者名類智。	若智對治福及不動行者名類智。	If cognition counteracts the actions of merit and immobility, it is called cognition of species.
['T27n1545_106:0548a13_12']	復次若智對治段食婬欲愛者名法智若智對治諸定愛者名類智。	復次若智對治段食婬欲愛者名法智若智對治諸定愛者名類智。	Furthermore, if cognition counteracts the craving for material food and sexual desire, it is called cognition of the dharma. If cognition counteracts the craving for various concentrations, it is called cognition of species.
['T27n1545_106:0548a14_3']	問何故名他心智。	問何故名他心智。	Question: Why is it called knowledge of others' minds?
['T27n1545_106:0548a14_13']	答知他心故名他心智。	答知他心故名他心智。	Answer: Because it knows others' minds, it is called knowledge of others' minds.
['T27n1545_106:0548a15_5']	問此亦知他諸心所法。	問此亦知他諸心所法。	Question: This also knows the various mental factors of others.
['T27n1545_106:0548a15_14']	何故但名他心智耶。	何故但名他心智耶。	Why is it only called knowledge of others' minds?
['T27n1545_106:0548a16_10']	答以期心故謂修觀者先起意樂。	答以期心故謂修觀者先起意樂。	Answer: Because of the intention. It means that the practitioner first gives rise to the intention to know others' minds.
['T27n1545_106:0548a17_2']	欲知他心由此意樂。	欲知他心由此意樂。	Because of this intention,
['T27n1545_106:0548a17_11']	後知心時亦知心所。	後知心時亦知心所。	when later knowing the mind, one also knows the mental factors.
['T27n1545_106:0548a18_2']	如人意樂本欲見王。	如人意樂本欲見王。	It is like a person who originally intends to see the king.
['T27n1545_106:0548a18_11']	後見王時亦見臣等。	後見王時亦見臣等。	When later seeing the king, one also sees the ministers and others.
['T27n1545_106:0548a19_4']	復次諸法得名由多緣故。	復次諸法得名由多緣故。	Moreover, dharmas obtain their names due to many conditions.
['T27n1545_106:0548a19_12']	謂或由自性得名。	謂或由自性得名。	Namely, sometimes by their own nature they obtain their names.
['T27n1545_106:0548a20_4']	如諦如蘊如世俗智。	如諦如蘊如世俗智。	Such as the truths, such as the aggregates, such as conventional knowledge.
['T27n1545_106:0548a20_11']	或由對治得名。	或由對治得名。	Sometimes by their antidotes they obtain their names.
['T27n1545_106:0548a20_16']	如法類智。	如法類智。	Such as knowledge of dharmas and knowledge of the path.
['T27n1545_106:0548a21_10']	或由加行得名如他心智等。	或由加行得名如他心智等。	Sometimes by their practice they obtain their names, such as knowledge of others' minds, and so forth.
['T27n1545_106:0548a22_1']	或由相應得名。	或由相應得名。	Sometimes by their association they obtain their names.
['T27n1545_106:0548a22_4', 'T27n1545_106:0548a22_11']	如說。🔽樂受等相應法。	如說。 樂受等相應法。	It is said:🔽The dharmas associated with pleasant feeling,
['T27n1545_106:0548a22_18']	名順樂受等法。	名順樂受等法。	are called dharmas that accord with pleasant feeling, and so forth.
['T27n1545_106:0548a23_5']	或由所依得名。	或由所依得名。	Sometimes by their basis they obtain their names.
['T27n1545_106:0548a23_10']	如眼識等。	如眼識等。	Such as eye-consciousness, and so forth.
['T27n1545_106:0548a23_17']	或由行相得名。	或由行相得名。	Or it is named according to its mode of activity,
['T27n1545_106:0548a24_4']	如苦集智。	如苦集智。	like the cognition of suffering and the cognition of its origin.
['T27n1545_106:0548a24_11']	或由所緣得名。	或由所緣得名。	Or it is named according to its object,
['T27n1545_106:0548a24_16']	如念住等。	如念住等。	like the applications of mindfulness.
['T27n1545_106:0548a25_7']	或由行相所緣得名。	或由行相所緣得名。	Or it is named according to both its mode of activity and its object,
['T27n1545_106:0548a26_4']	如滅道智故由加行名他心智。	如滅道智故由加行名他心智。	like the cognition of cessation and the cognition of the path. Therefore, the cognition of others' minds is named according to its preparatory application.
['T27n1545_106:0548a26_16']	復次以心勝故雖亦知心所。	復次以心勝故雖亦知心所。	Moreover, because mind is superior, even though it also cognizes mental factors,
['T27n1545_106:0548a27_4']	但名他心智。	但名他心智。	it is only called the cognition of others' minds.
['T27n1545_106:0548a27_9']	如王來等。	如王來等。	It is like when a king comes, etc.
['T27n1545_106:0548a27_18']	復次以心是大地故。	復次以心是大地故。	Moreover, because mind is a great ground,
['T27n1545_106:0548a28_6']	心所名大地法。	心所名大地法。	mental factors are called dharmas of the great grounds.
['T27n1545_106:0548a29_4']	復次證他心通無間道時但緣心故。	復次證他心通無間道時但緣心故。	Moreover, when realizing the uninterrupted path of the supernormal knowledge of others' minds, it only takes mind as its object.
['T27n1545_106:0548a29_15']	復次說心遠行獨行等故。	復次說心遠行獨行等故。	Moreover, because it is said that mind travels far and alone, etc.
['T27n1545_106:0548b01_7', 'T27n1545_106:0548b01_17']	復次說心是前行等故。🔽復次說心是增上王故。	復次說心是前行等故。 復次說心是增上王故。	Moreover, because it is said that mind is the forerunner, etc.🔽Moreover, because it is said that mind is the superior king.
['T27n1545_106:0548b02_8']	復次說心是城主故。	復次說心是城主故。	Moreover, because it is said that mind is the lord of the city.
['T27n1545_106:0548b02_17', 'T27n1545_106:0548b03_10']	復次說心是依趣故。🔽復次說心能起善惡戒故。	復次說心是依趣故。 復次說心能起善惡戒故。	Moreover, because it is said that mind is the refuge.🔽Moreover, because it is said that mind can give rise to good and evil precepts.
['T27n1545_106:0548b04_3']	復次說心能引善惡趣故。	復次說心能引善惡趣故。	Moreover, because it is said that mind can lead to good and evil destinies.
['T27n1545_106:0548b05_1']	復次心是內處遍諸界地有所緣故。	復次心是內處遍諸界地有所緣故。	Furthermore, mind is the internal sense base, pervades all realms and stages, and has objects.
['T27n1545_106:0548b05_12']	復次心是所依非心所故。	復次心是所依非心所故。	Furthermore, mind is the basis, not the mental factors.
['T27n1545_106:0548b06_4']	復次若心行處心所隨故。	復次若心行處心所隨故。	Furthermore, when the mind moves, the mental factors follow.
['T27n1545_106:0548b06_15']	復次若心調伏不調伏時。	復次若心調伏不調伏時。	Furthermore, when the mind is subdued or unsubdued,
['T27n1545_106:0548b07_5']	諸心所法亦如是故。	諸心所法亦如是故。	the mental factors are also like this.
['T27n1545_106:0548b07_16']	復次若心流散不流散時。	復次若心流散不流散時。	Furthermore, when the mind is scattered or not scattered,
['T27n1545_106:0548b08_6']	諸心所法亦如是故。	諸心所法亦如是故。	the mental factors are also like this.
['T27n1545_106:0548b08_11']	由此等緣。	由此等緣。	For these reasons,
['T27n1545_106:0548b09_2']	此他心智雖亦知心所。	此他心智雖亦知心所。	although this knowledge of others' minds also knows the mental factors,
['T27n1545_106:0548b09_15']	而名他心智問何故名世俗智。	而名他心智問何故名世俗智。	it is called knowledge of others' minds. Why is it called conventional knowledge?
['T27n1545_106:0548b10_7']	答知世俗故名世俗智。	答知世俗故名世俗智。	Answer: Because it knows the conventional, it is called conventional knowledge.
['T27n1545_106:0548b10_13']	問亦知勝義。	問亦知勝義。	Question: It also knows the ultimate.
['T27n1545_106:0548b11_4']	何故但名世俗智耶。	何故但名世俗智耶。	Why is it only called conventional knowledge?
['T27n1545_106:0548b12_4']	答雖亦少分知蘊界處四聖諦等諸勝義法。	答雖亦少分知蘊界處四聖諦等諸勝義法。	Answer: Although it also partially knows the ultimate dharmas such as the aggregates, realms, sense bases, and four noble truths,
['T27n1545_106:0548b13_3']	而多分知男女往來瓶衣車乘舍林山等。	而多分知男女往來瓶衣車乘舍林山等。	it mostly knows the conventional dharmas such as men and women, coming and going, pots, clothes, carts, vehicles, houses, forests, mountains, etc.
['T27n1545_106:0548b13_12']	世俗法故名世俗智。	世俗法故名世俗智。	Therefore it is called conventional knowledge.
['T27n1545_106:0548b14_4']	復次此世俗智實無智相。	復次此世俗智實無智相。	Furthermore, this conventional knowledge is actually not characterized by knowledge.
['T27n1545_106:0548b14_13']	而諸世俗共立智名。	而諸世俗共立智名。	But all worldly people establish the name of knowledge conventionally.
['T27n1545_106:0548b15_4']	如非王種但諸人眾。	如非王種但諸人眾。	Just as one who is not of the royal lineage, but is a person of the masses,
['T27n1545_106:0548b15_13']	假想施設共立王名。	假想施設共立王名。	is given the name of a king by the people through false imagination and established conventionally.
['T27n1545_106:0548b16_13']	復次此世俗智一切有情展轉共許無有諍論。	復次此世俗智一切有情展轉共許無有諍論。	Furthermore, this conventional knowledge is universally accepted by all sentient beings without dispute.
['T27n1545_106:0548b17_13']	如僧上坐如悅眾人眾所許故名為世俗。	如僧上坐如悅眾人眾所許故名為世俗。	Just as the chief seat of the saṃgha is called conventional because he is accepted by the people.
['T27n1545_106:0548b18_7']	復次此世俗智遍諸有情。	復次此世俗智遍諸有情。	Furthermore, this conventional knowledge is universal to all sentient beings.
['T27n1545_106:0548b18_16']	緣一切境故名世俗。	緣一切境故名世俗。	Because it takes all objects as its domain, it is called conventional.
['T27n1545_106:0548b19_9']	復次此世俗智愚癡所依。	復次此世俗智愚癡所依。	Furthermore, this conventional knowledge is the basis of ignorance.
['T27n1545_106:0548b20_8']	繫屬愚癡是愚癡者安立足處故名世俗。	繫屬愚癡是愚癡者安立足處故名世俗。	It is bound to ignorance and is the established foothold of the ignorant, thus it is called conventional.
['T27n1545_106:0548b21_7']	聲論者說此世俗智為諸無知之所覆蔽。	聲論者說此世俗智為諸無知之所覆蔽。	The proponents of the śabdavidyā say that this conventional knowledge is covered by ignorance.
['T27n1545_106:0548b22_3']	如器中物器所覆蔽故名世俗。	如器中物器所覆蔽故名世俗。	Because the contents in a vessel are covered by the vessel, it is called conventional.
['T27n1545_106:0548b23_1']	復次此世俗智為對治道之所變壞。	復次此世俗智為對治道之所變壞。	Furthermore, this conventional knowledge is destroyed by the path of counteraction.
['T27n1545_106:0548b23_14']	為愚癡者之所欣尚故名世俗。	為愚癡者之所欣尚故名世俗。	Because it is cherished by the ignorant, it is called conventional.
['T27n1545_106:0548b24_3']	問何故名苦智。	問何故名苦智。	Question: Why is it called the knowledge of suffering,
['T27n1545_106:0548b24_9']	乃至道智耶。	乃至道智耶。	up to the knowledge of the path?
['T27n1545_106:0548b25_5']	答緣苦聖諦四行相轉故名苦智。	答緣苦聖諦四行相轉故名苦智。	Answer: Because it turns with the four aspects of the noble truth of suffering, it is called the knowledge of suffering.
['T27n1545_106:0548b26_3', 'T27n1545_106:0548b26_12']	乃至緣道聖諦四行相轉故名道智。🔽問諸世俗智亦能緣。	乃至緣道聖諦四行相轉故名道智。 問諸世俗智亦能緣。	Up to because it turns with the four aspects of the noble truth of the path, it is called the knowledge of the path.
['T27n1545_106:0548b27_6']	四諦各四行相轉豈名四智耶。	四諦各四行相轉豈名四智耶。	Question: Can the various conventional knowledges also turn with the four aspects of each of the four truths? Are they called the four knowledges?
['T27n1545_106:0548b28_4']	答若唯緣苦諦唯四行相轉者名苦智。	答若唯緣苦諦唯四行相轉者名苦智。	Answer: If it only turns with the four aspects of the noble truth of suffering, it is called the knowledge of suffering.
['T27n1545_106:0548b29_3']	乃至若唯緣道諦唯四行相轉者名道智。	乃至若唯緣道諦唯四行相轉者名道智。	Up to if it only turns with the four aspects of the noble truth of the path, it is called the knowledge of the path.
['T27n1545_106:0548b29_17']	諸世俗智於四聖諦或一一別緣。	諸世俗智於四聖諦或一一別緣。	The various conventional knowledges either individually take the four noble truths,
['T27n1545_106:0548c01_5']	或二二合緣。	或二二合緣。	or take two or two combined,
['T27n1545_106:0548c01_11']	或三三合緣。	或三三合緣。	or take three or three combined,
['T27n1545_106:0548c01_16']	或四總緣。	或四總緣。	or take all four combined,
['T27n1545_106:0548c02_1']	或緣餘法。	或緣餘法。	or take other dharmas,
['T27n1545_106:0548c02_10']	或復總緣所起行相。	或復總緣所起行相。	or again the aspects that arise from taking all combined,
['T27n1545_106:0548c03_6']	亦不決定故不名苦智乃至道智。	亦不決定故不名苦智乃至道智。	are also not definite, therefore they are not called the knowledge of suffering up to the knowledge of the path.
['T27n1545_106:0548c03_11']	以雜亂故。	以雜亂故。	Because they are mixed up.
['T27n1545_106:0548c04_6']	復次若別緣四諦各四行相轉。	復次若別緣四諦各四行相轉。	Furthermore, if they individually turn with the four aspects of each of the four truths,
['T27n1545_106:0548c05_2']	不與苦集同一縛者名四諦智。	不與苦集同一縛者名四諦智。	Those that are not bound to the same fetters as the truths of suffering and accumulation are called the knowledge of the four truths.
['T27n1545_106:0548c06_1']	諸世俗智雖亦有別緣四諦各四行相轉。	諸世俗智雖亦有別緣四諦各四行相轉。	Although the various conventional knowledges also have separate aspects of turning in relation to the four truths, each with four aspects,
['T27n1545_106:0548c06_9']	而與苦集同一縛。	而與苦集同一縛。	they are bound to the same fetters as the truths of suffering and accumulation.
['T27n1545_106:0548c06_16']	故不名四諦智。	故不名四諦智。	Therefore they are not called the knowledge of the four truths.
['T27n1545_106:0548c07_7']	問此與滅道不同一縛。	問此與滅道不同一縛。	Question: This [conventional knowledge] is not bound to the same fetters as cessation and the path.
['T27n1545_106:0548c07_16']	何故不立滅道智耶。	何故不立滅道智耶。	Why is it not established as the knowledge of cessation and the path?
['T27n1545_106:0548c08_8']	答初不立故後亦不立。	答初不立故後亦不立。	Answer: Because it was not established at first, it is also not established later.
['T27n1545_106:0548c09_4']	復次若別緣四諦各四行相轉。	復次若別緣四諦各四行相轉。	Furthermore, if it turns separately in relation to the four truths, each with four aspects,
['T27n1545_106:0548c09_15']	能對治煩惱者名四諦智。	能對治煩惱者名四諦智。	and is able to counteract afflictions, it is called the knowledge of the four truths.
['T27n1545_106:0548c10_2']	諸世俗智。	諸世俗智。	Although the various conventional knowledges
['T27n1545_106:0548c10_15']	雖亦有別緣四諦各四行相轉。	雖亦有別緣四諦各四行相轉。	also have separate aspects of turning in relation to the four truths, each with four aspects,
['T27n1545_106:0548c11_11']	而不能對治煩惱故不名四諦智。	而不能對治煩惱故不名四諦智。	they are not able to counteract afflictions, and therefore they are not called the knowledge of the four truths.
['T27n1545_106:0548c12_7']	復次若別緣四諦各四行相轉。	復次若別緣四諦各四行相轉。	Furthermore, if it turns separately in relation to the four truths, each with four aspects,
['T27n1545_106:0548c12_16']	於四聖諦證見明了。	於四聖諦證見明了。	and clearly realizes and sees the four noble truths,
['T27n1545_106:0548c13_7']	不為見疑無明所惑。	不為見疑無明所惑。	not being confused by views, doubts, and ignorance,
['T27n1545_106:0548c13_16']	不增煩惱不招三有。	不增煩惱不招三有。	not increasing afflictions and not inviting the three existences,
['T27n1545_106:0548c14_9']	定趣涅槃者名四諦智。	定趣涅槃者名四諦智。	and definitely heading towards nirvana, it is called the knowledge of the four truths.
['T27n1545_106:0548c14_14']	諸世俗智。	諸世俗智。	The various conventional knowledges
['T27n1545_106:0548c15_7']	無如是義故不名四諦智。	無如是義故不名四諦智。	do not have such meanings, so they are not called knowledges of the four truths.
['T27n1545_106:0548c16_3']	復次若別緣四諦各四行相轉。	復次若別緣四諦各四行相轉。	Furthermore, if they each turn with four aspects separately taking the four truths as objects,
['T27n1545_106:0548c16_12']	是聖性者名四諦智。	是聖性者名四諦智。	they are called knowledges of the four truths.
['T27n1545_106:0548c16_17']	諸世俗智。	諸世俗智。	The various conventional knowledges
['T27n1545_106:0548c17_8']	非聖性攝故不名四諦智。	非聖性攝故不名四諦智。	are not included in the holy nature, so they are not called knowledges of the four truths.
['T27n1545_106:0548c18_4']	如是八智。	如是八智。	These eight knowledges
['T27n1545_106:0548c18_16']	界者他心智若有漏是色界。	界者他心智若有漏是色界。	are in the realm of others' minds. If they are contaminated, they are in the form realm.
['T27n1545_106:0548c19_4']	若無漏是不繫。	若無漏是不繫。	If they are uncontaminated, they are unattached.
['T27n1545_106:0548c19_11']	世俗智通三界。	世俗智通三界。	Conventional knowledge is in the three realms.
['T27n1545_106:0548c19_18']	餘六智是不繫。	餘六智是不繫。	The remaining six knowledges are unattached.
['T27n1545_106:0548c20_6']	地者法智在六地。	地者法智在六地。	As for the stages, knowledge of dharmas is in six stages.
['T27n1545_106:0548c20_12']	類智在九地。	類智在九地。	Knowledge of species is in nine stages.
['T27n1545_106:0548c21_1']	他心智在四地。	他心智在四地。	Knowledge of others' minds is in four stages.
['T27n1545_106:0548c21_9']	世俗智在十八地。	世俗智在十八地。	Conventional knowledge is in eighteen stages.
['T27n1545_106:0548c22_5']	謂八等至八近分靜慮中間及欲界。	謂八等至八近分靜慮中間及欲界。	Namely, the eight meditative absorptions, the eight preliminary concentrations, the intermediate state of meditation, and the desire realm.
['T27n1545_106:0548c22_9']	餘四智。	餘四智。	The remaining four knowledges
['T27n1545_106:0548c22_17']	法智攝者在六地。	法智攝者在六地。	are included in knowledge of dharmas and are in six stages.
['T27n1545_106:0548c23_5']	類智攝者在九地。	類智攝者在九地。	Those included in knowledge of species are in nine stages.
['T27n1545_106:0548c23_9', 'T27n1545_106:0548c23_17']	所依者。🔽法智唯依欲界起。	所依者。 法智唯依欲界起。	As for the basis,🔽knowledge of dharmas only arises based on the desire realm.
['T27n1545_106:0548c24_8']	他心智唯依欲色界起。	他心智唯依欲色界起。	Knowledge of others' minds only arises based on the desire and form realms.
['T27n1545_106:0548c25_2']	類智世俗智俱依三界起。	類智世俗智俱依三界起。	The two knowledges of subsequent cognition and conventional cognition arise based on the three realms.
['T27n1545_106:0548c25_9']	餘智法智攝者。	餘智法智攝者。	As for the other knowledges that are included in the knowledge of dharmas,
['T27n1545_106:0548c25_15']	唯依欲界起。	唯依欲界起。	they only arise based on the desire realm.
['T27n1545_106:0548c26_1']	類智攝者。	類智攝者。	As for those included in the knowledge of subsequent cognition,
['T27n1545_106:0548c26_7']	通依三界起。	通依三界起。	they are able to arise based on the three realms.
['T27n1545_106:0548c27_3']	行相者法智類智俱作十六行相。	行相者法智類智俱作十六行相。	As for their aspects, both the knowledge of dharmas and the knowledge of subsequent cognition take the sixteen aspects.
['T27n1545_106:0548c27_10']	他心智無漏者。	他心智無漏者。	As for the pure knowledge of others' minds,
['T27n1545_106:0548c27_16']	作道四行相。	作道四行相。	it takes the four aspects of the path.
['T27n1545_106:0548c28_6']	有漏者作不明了行相。	有漏者作不明了行相。	As for the impure one, it takes unclear aspects.
['T27n1545_106:0548c28_15']	世俗智作十六行相。	世俗智作十六行相。	The conventional knowledge takes the sixteen aspects.
['T27n1545_106:0548c29_3']	亦作餘行相。	亦作餘行相。	It also takes other aspects.
['T27n1545_106:0548c29_14']	苦集滅道智各作四行相。	苦集滅道智各作四行相。	The knowledges of suffering, origination, cessation, and path each take four aspects.
['T27n1545_106:0549a01_7']	問諸苦智皆作苦行相轉耶。	問諸苦智皆作苦行相轉耶。	Question: Do all knowledges of suffering take the aspect of suffering?
['T27n1545_106:0549a01_13']	答應作四句。	答應作四句。	Answer: You should make four alternatives.
['T27n1545_106:0549a02_6']	或有苦智非作苦行相轉。	或有苦智非作苦行相轉。	There may be a knowledge of suffering that does not take the aspect of suffering.
['T27n1545_106:0549a03_1']	謂苦智作非常空非我行相轉。	謂苦智作非常空非我行相轉。	It refers to the knowledge of suffering that takes the aspects of impermanence, emptiness, and non-self.
['T27n1545_106:0549a03_12']	或有作苦行相轉非苦智。	或有作苦行相轉非苦智。	There may be one that takes the aspect of suffering but is not the knowledge of suffering.
['T27n1545_106:0549a04_6']	謂作苦行相轉苦智相應法。	謂作苦行相轉苦智相應法。	It refers to dharmas associated with the knowledge of suffering that take the aspect of suffering.
['T27n1545_106:0549a04_17']	或有苦智亦作苦行相轉。	或有苦智亦作苦行相轉。	There may be one that is both the knowledge of suffering and takes the aspect of suffering.
['T27n1545_106:0549a05_8']	謂作苦行相轉苦智。	謂作苦行相轉苦智。	That is, the suffering cognition that arises with the aspect of practicing suffering.
['T27n1545_106:0549a06_3']	有非苦智亦非作苦行相轉。	有非苦智亦非作苦行相轉。	There is that which is neither suffering cognition nor arises with the aspect of practicing suffering.
['T27n1545_106:0549a06_11']	若唯取此種類者。	若唯取此種類者。	If only this kind is taken,
['T27n1545_106:0549a07_9']	謂作非常空非我行相轉苦智相應法。	謂作非常空非我行相轉苦智相應法。	That is, the dharmas associated with the suffering cognition that arises with the aspects of impermanence, emptiness, and non-self.
['T27n1545_106:0549a08_5']	若不唯取此種類者謂除前相。	若不唯取此種類者謂除前相。	If this kind is not taken, that is, excluding the above aspects.
['T27n1545_106:0549a09_2']	如轉有四句已轉當轉應知亦爾。	如轉有四句已轉當轉應知亦爾。	It should be known that the four alternatives regarding arising are the same as those regarding having already arisen and those regarding will arise.
['T27n1545_106:0549a09_14']	如苦智對苦行相有三四句。	如苦智對苦行相有三四句。	Just as there are four, three, and two alternatives regarding the suffering cognition and the aspect of suffering,
['T27n1545_106:0549a10_9']	對非常空非我行相應知亦爾。	對非常空非我行相應知亦爾。	It should be known that the same is the case regarding the aspects of impermanence, emptiness, and non-self.
['T27n1545_106:0549a10_17']	如苦智有十二句。	如苦智有十二句。	Just as there are twelve alternatives regarding the suffering cognition,
['T27n1545_106:0549a11_8']	集滅道智應知亦爾。	集滅道智應知亦爾。	It should be known that the same is the case regarding the cognition of the origin, cessation, and path.
['T27n1545_106:0549a12_1']	如是總有四十八四句。	如是總有四十八四句。	Thus, there are altogether forty-eight four alternatives.
['T27n1545_106:0549a12_5']	所緣者。	所緣者。	As for the objects,
['T27n1545_106:0549a12_14']	法智類智俱緣四諦。	法智類智俱緣四諦。	The cognition of dharmas and the subsequent cognition both take the four truths as objects.
['T27n1545_106:0549a13_5']	他心智緣他心心所法。	他心智緣他心心所法。	The cognition of others' minds takes the minds and mental factors of others as objects.
['T27n1545_106:0549a13_13']	世俗智緣一切法。	世俗智緣一切法。	The conventional cognition takes all dharmas as objects.
['T27n1545_106:0549a14_1']	苦智緣苦諦。	苦智緣苦諦。	The suffering cognition takes the truth of suffering as its object.
['T27n1545_106:0549a14_7']	集智緣集諦。	集智緣集諦。	The cognition of the origin takes the truth of the origin as its object.
['T27n1545_106:0549a14_13']	滅智緣滅諦。	滅智緣滅諦。	The cognition of cessation takes the truth of cessation as its object.
['T27n1545_106:0549a14_19']	道智緣道諦。	道智緣道諦。	The cognition of the path takes the truth of the path as its object.
['T27n1545_106:0549a15_3']	念住者。	念住者。	The foundations of mindfulness are as follows:
['T27n1545_106:0549a15_15']	他心智是三念住除身念住。	他心智是三念住除身念住。	The knowledge of others' minds is three foundations of mindfulness, excluding the foundation of mindfulness of body.
['T27n1545_106:0549a16_3']	滅智是法念住。	滅智是法念住。	The knowledge of cessation is the foundation of mindfulness of dharmas.
['T27n1545_106:0549a16_10']	餘智通四念住。	餘智通四念住。	The remaining knowledges are associated with all four foundations of mindfulness.
['T27n1545_106:0549a16_13']	智者。	智者。	As for knowledge:
['T27n1545_106:0549a17_1']	此八智即是八智。	此八智即是八智。	These eight knowledges are precisely the eight knowledges.
['T27n1545_106:0549a17_6']	三摩地者。	三摩地者。	As for samādhi:
['T27n1545_106:0549a17_16', 'T27n1545_106:0549a18_11']	法智類智三三摩地俱。🔽他心智無漏者道無願三摩地俱。	法智類智三三摩地俱。 他心智無漏者道無願三摩地俱。	Knowledge of dharmas and inferential knowledge are associated with three samādhis.🔽The pure knowledge of others' minds is associated with the samādhi of the path and the wishlessness samādhi.
['T27n1545_106:0549a19_2']	有漏者非三摩地俱。	有漏者非三摩地俱。	The impure knowledge of others' minds is not associated with any samādhi.
['T27n1545_106:0549a19_11']	世俗智非三摩地俱。	世俗智非三摩地俱。	Knowledge of worldly dharmas is not associated with any samādhi.
['T27n1545_106:0549a20_2', 'T27n1545_106:0549a20_12']	苦智空無願三摩地俱。🔽集智集無願三摩地俱。	苦智空無願三摩地俱。 集智集無願三摩地俱。	The knowledge of suffering is associated with the emptiness and wishlessness samādhis.🔽The knowledge of the origin [of suffering] is associated with the samādhi of the origin and the wishlessness samādhi.
['T27n1545_106:0549a21_2']	滅智無相三摩地俱。	滅智無相三摩地俱。	The knowledge of cessation is associated with the signless samādhi.
['T27n1545_106:0549a21_12']	道智道無願三摩地俱。	道智道無願三摩地俱。	The knowledge of the path is associated with the path and the wishlessness samādhis.
['T27n1545_106:0549a21_17']	根相應者。	根相應者。	As for the faculties with which they are associated:
['T27n1545_106:0549a22_5']	世俗智五根相應。	世俗智五根相應。	Knowledge of worldly dharmas is associated with five faculties.
['T27n1545_106:0549a22_12']	餘智三根相應。	餘智三根相應。	The remaining knowledges are associated with three faculties,
['T27n1545_106:0549a22_17']	謂樂喜捨。	謂樂喜捨。	namely, pleasure, joy, and equanimity.
['T27n1545_106:0549a23_1']	三世者。	三世者。	As for the three times:
['T27n1545_106:0549a23_9']	此八智皆通三世。	此八智皆通三世。	These eight knowledges all pervade the three times.
['T27n1545_106:0549a23_14']	緣三世者。	緣三世者。	As for that which takes the three times as objects:
['T27n1545_106:0549a24_10']	法智類智世俗智皆緣三世及離世。	法智類智世俗智皆緣三世及離世。	Dharma cognition, subsequent cognition, and conventional cognition all take the three times and the unconditioned as objects.
['T27n1545_106:0549a25_1']	他心智過去緣過去。	他心智過去緣過去。	The cognition of others' minds takes the past as an object in the past,
['T27n1545_106:0549a25_7']	現在緣現在。	現在緣現在。	the present as an object in the present,
['T27n1545_106:0549a25_18']	未來生法緣未來不生法。	未來生法緣未來不生法。	and the future as an object in the future.
['T27n1545_106:0549a26_3']	緣三世。	緣三世。	It takes the three times as objects.
['T27n1545_106:0549a26_9']	滅智緣離世。	滅智緣離世。	The cognition of cessation takes the unconditioned as an object.
['T27n1545_106:0549a26_15']	餘智緣三世。	餘智緣三世。	The remaining cognitions take the three times as objects.
['T27n1545_106:0549a27_3']	善不善無記者。	善不善無記者。	As for wholesome, unwholesome, and indeterminate,
['T27n1545_106:0549a27_10']	世俗智通三種。	世俗智通三種。	conventional cognition is of all three kinds.
['T27n1545_106:0549a27_16']	餘智唯是善。	餘智唯是善。	The remaining cognitions are only wholesome.
['T27n1545_106:0549a28_5']	緣善不善無記者。	緣善不善無記者。	As for taking wholesome, unwholesome, and indeterminate as objects,
['T27n1545_106:0549a28_12']	類智緣善無記。	類智緣善無記。	subsequent cognition takes wholesome and indeterminate as objects.
['T27n1545_106:0549a29_1']	滅道智唯緣善。	滅道智唯緣善。	The cognition of cessation and the cognition of the path only take wholesome as objects.
['T27n1545_106:0549a29_7']	餘智緣三種。	餘智緣三種。	The remaining cognitions take all three kinds as objects.
['T27n1545_106:0549a29_14']	三界繫不繫者。	三界繫不繫者。	As for being bound to the three realms and unconditioned,
['T27n1545_106:0549b01_5']	他心智若有漏色界繫。	他心智若有漏色界繫。	the cognition of others' minds, if contaminated, is bound to the form realm.
['T27n1545_106:0549b01_12']	若無漏是不繫。	若無漏是不繫。	If uncontaminated, it is unconditioned.
['T27n1545_106:0549b02_1']	世俗智通三界繫。	世俗智通三界繫。	Conventional cognition is bound to the three realms.
['T27n1545_106:0549b02_7']	餘智是不繫。	餘智是不繫。	The remaining cognitions are unconditioned.
['T27n1545_106:0549b03_6']	緣三界繫不繫者法智緣欲界繫及不繫。	緣三界繫不繫者法智緣欲界繫及不繫。	As for taking the bound to the three realms and unconditioned as objects, the cognition of the law takes the bound to the desire realm and the unconditioned as objects.
['T27n1545_106:0549b03_18']	類智緣色無色界繫及不繫。	類智緣色無色界繫及不繫。	Subsequent cognition takes the bound to the form and formless realms and the unconditioned as objects.
['T27n1545_106:0549b04_11']	他心智緣欲色界繫及不繫。	他心智緣欲色界繫及不繫。	The knowledge of others' minds takes the desire and form realms, as well as the unconditioned, as objects.
['T27n1545_106:0549b05_4']	世俗智緣三界繫及不繫。	世俗智緣三界繫及不繫。	The conventional knowledge takes the three realms, as well as the unconditioned, as objects.
['T27n1545_106:0549b05_12']	苦集智緣三界繫。	苦集智緣三界繫。	The knowledge of suffering and accumulation takes the three realms as objects.
['T27n1545_106:0549b06_1']	滅道智緣不繫。	滅道智緣不繫。	The knowledge of cessation and path takes the unconditioned as objects.
['T27n1545_106:0549b06_11']	學無學非學非無學者。	學無學非學非無學者。	As for whether they are learners, post-learners, or neither learners nor post-learners,
['T27n1545_106:0549b06_18']	他心智通三種。	他心智通三種。	the knowledge of others' minds is of all three kinds.
['T27n1545_106:0549b07_8']	世俗智唯非學非無學。	世俗智唯非學非無學。	Conventional knowledge is only neither a learner nor a post-learner.
['T27n1545_106:0549b07_15']	餘智是學無學。	餘智是學無學。	The remaining knowledges are either learners or post-learners.
['T27n1545_106:0549b08_7']	緣學無學非學非無學者。	緣學無學非學非無學者。	As for whether they take learners, post-learners, or neither learners nor post-learners as objects,
['T27n1545_106:0549b09_1']	法類世俗他心智皆緣三種。	法類世俗他心智皆緣三種。	the knowledge of dharmas, inferential knowledge, conventional knowledge, and knowledge of others' minds all take the three kinds as objects.
['T27n1545_106:0549b09_13']	苦集滅智唯緣非學非無學。	苦集滅智唯緣非學非無學。	The knowledge of suffering, accumulation, and cessation only take neither learners nor post-learners as objects.
['T27n1545_106:0549b10_1']	道智緣學無學。	道智緣學無學。	The knowledge of the path takes learners and post-learners as objects.
['T27n1545_106:0549b10_9']	見修所斷不斷者。	見修所斷不斷者。	As for whether they are eliminated by seeing, cultivation, or are not eliminated,
['T27n1545_106:0549b10_19']	他心智若有漏修所斷。	他心智若有漏修所斷。	if the knowledge of others' minds is contaminated, it is eliminated by cultivation.
['T27n1545_106:0549b11_6']	若無漏是不斷。	若無漏是不斷。	If it is uncontaminated, it is not eliminated.
['T27n1545_106:0549b11_15']	世俗智是見修所斷。	世俗智是見修所斷。	Conventional knowledge is eliminated by seeing and cultivation.
['T27n1545_106:0549b12_2']	餘智是不斷。	餘智是不斷。	The remaining knowledges are not eliminated.
['T27n1545_106:0549b12_11']	緣見修所斷不斷者。	緣見修所斷不斷者。	As for whether they take what is eliminated by seeing, cultivation, or not eliminated as objects,
['T27n1545_106:0549b13_3']	法類世俗他心智緣三種。	法類世俗他心智緣三種。	the knowledge of dharmas, inferential knowledge, conventional knowledge, and knowledge of others' minds take the three kinds as objects.
['T27n1545_106:0549b13_12']	苦集智緣見修所斷。	苦集智緣見修所斷。	The knowledge of suffering and accumulation takes as objects what is eliminated by seeing and cultivation.
['T27n1545_106:0549b13_18']	滅道緣不斷。	滅道緣不斷。	The knowledge of cessation and path takes as objects what is not eliminated.
['T27n1545_106:0549b14_5']	緣名緣義者。	緣名緣義者。	As for taking names as objects and taking meanings as objects,
['T27n1545_106:0549b14_13']	法類世俗苦集智。	法類世俗苦集智。	the knowledge of dharmas, inferential knowledge, and conventional knowledge,
['T27n1545_106:0549b14_18']	通緣名義。	通緣名義。	both take names and meanings as objects.
['T27n1545_106:0549b15_5']	餘智唯緣義。	餘智唯緣義。	The remaining knowledges only take meanings as objects.
['T27n1545_106:0549b15_15']	緣自他相續非相續者。	緣自他相續非相續者。	As for taking one's own continuum and others' continuums as objects,
['T27n1545_106:0549b16_6']	法類世俗智緣三種。	法類世俗智緣三種。	the knowledge of dharmas, inferential knowledge, and conventional knowledge take all three kinds as objects.
['T27n1545_106:0549b17_5']	他心智緣他相續苦集道智緣自他相續。	他心智緣他相續苦集道智緣自他相續。	The knowledge of others' minds takes others' continuums as objects. The knowledge of suffering, accumulation, and path take one's own and others' continuums as objects.
['T27n1545_106:0549b17_12']	滅智緣非相續。	滅智緣非相續。	The knowledge of cessation takes non-continuums as objects.
['T27n1545_106:0549b18_3']	加行得離染得生得者。	加行得離染得生得者。	As for being attained through added effort, being attained through detachment, and being attained through birth,
['T27n1545_106:0549b18_10']	世俗智通三種。	世俗智通三種。	conventional knowledge is of all three kinds.
['T27n1545_106:0549b19_1']	餘智通加行離染得。	餘智通加行離染得。	The remaining knowledges are of added effort and attained through detachment.
['T27n1545_106:0549b19_8']	曾得未曾得者。	曾得未曾得者。	As for being previously attained and not previously attained,
['T27n1545_106:0549b20_1']	他心世俗智通曾得未曾得。	他心世俗智通曾得未曾得。	the knowledge of others' minds and conventional knowledge are of both previously attained and not previously attained.
['T27n1545_106:0549b20_8']	餘智唯未曾得。	餘智唯未曾得。	The remaining knowledges are only not previously attained.
['T27n1545_106:0549b21_7']	復次法智有四種。	復次法智有四種。	Next, there are four kinds of knowledge of dharmas.
['T27n1545_106:0549b21_17']	一於法初知故名法智。	一於法初知故名法智。	First, because one initially knows dharmas, it is called knowledge of dharmas.
['T27n1545_106:0549b22_9']	二於法現知故名法智。	二於法現知故名法智。	Second, because one presently knows dharmas, it is called knowledge of dharmas.
['T27n1545_106:0549b23_2']	三於法實知故名法智。	三於法實知故名法智。	Third, because one truly knows dharmas, it is called knowledge of dharmas.
['T27n1545_106:0549b23_12']	四於法出離知名法智。	四於法出離知名法智。	Fourth, knowing the liberation of dharmas is called dharma knowledge.
['T27n1545_106:0549b24_2', 'T27n1545_106:0549b24_10']	比類智亦有四種。🔽一以因比類知果。	比類智亦有四種。 一以因比類知果。	Inferential knowledge also has four kinds.🔽First, inferring the effect from the cause.
['T27n1545_106:0549b24_18']	二以果比類知因。	二以果比類知因。	Second, inferring the cause from the effect.
['T27n1545_106:0549b25_9']	三以身語業比類知心。	三以身語業比類知心。	Third, inferring the mind from bodily and verbal actions.
['T27n1545_106:0549b26_2']	四以所說法比類知佛。	四以所說法比類知佛。	Fourth, inferring the Buddha from the Dharma he taught.
['T27n1545_106:0549b26_10']	他心智亦有四種。	他心智亦有四種。	Knowledge of others' minds also has four kinds.
['T27n1545_106:0549b27_3']	謂從四緣生亦能為四緣。	謂從四緣生亦能為四緣。	That is, it arises from four conditions and is also able to be four conditions.
['T27n1545_106:0549b27_10']	此智所知亦爾。	此智所知亦爾。	The objects known by this knowledge are also like this.
['T27n1545_106:0549b27_18']	世俗智亦有四種。	世俗智亦有四種。	Conventional knowledge also has four kinds.
['T27n1545_106:0549b28_5']	一知名世俗。	一知名世俗。	First, knowing what is called conventional.
['T27n1545_106:0549b28_11']	二知縛世俗。	二知縛世俗。	Second, knowing the conventional of bondage.
['T27n1545_106:0549b28_18']	三知假立世俗。	三知假立世俗。	Third, knowing the conventional of provisional establishment.
['T27n1545_106:0549b29_6']	四知執著世俗。	四知執著世俗。	Fourth, knowing the conventional of attachment.
['T27n1545_106:0549b29_17']	苦智亦有四種一知生苦。	苦智亦有四種一知生苦。	Knowledge of suffering also has four kinds: first, knowing the suffering of birth;
['T27n1545_106:0549c01_5']	二知流轉苦。	二知流轉苦。	second, knowing the suffering of transmigration;
['T27n1545_106:0549c01_11']	三知熱惱苦。	三知熱惱苦。	third, knowing the suffering of affliction;
['T27n1545_106:0549c01_17']	四知和合苦。	四知和合苦。	fourth, knowing the suffering of union.
['T27n1545_106:0549c02_5']	集智亦有四種。	集智亦有四種。	Knowledge of the origin also has four kinds.
['T27n1545_106:0549c02_9']	一知業。	一知業。	First, knowing karma;
['T27n1545_106:0549c02_14']	二知煩惱。	二知煩惱。	second, knowing afflictions;
['T27n1545_106:0549c02_18']	三知愛。	三知愛。	third, knowing craving;
['T27n1545_106:0549c03_2']	四知事。	四知事。	fourth, knowing events.
['T27n1545_106:0549c03_15']	滅智亦有四種一知三結永斷。	滅智亦有四種一知三結永斷。	The knowledge of cessation also has four kinds: first, knowing the permanent elimination of the three bonds;
['T27n1545_106:0549c04_4']	二知薄貪瞋癡。	二知薄貪瞋癡。	second, knowing the thinning of greed, hatred, and delusion;
['T27n1545_106:0549c04_13']	三知五順下分結盡。	三知五順下分結盡。	third, knowing the exhaustion of the five lower-level bonds;
['T27n1545_106:0549c05_1']	四知一切結盡。	四知一切結盡。	fourth, knowing the exhaustion of all bonds.
['T27n1545_106:0549c05_8']	道智亦有四種。	道智亦有四種。	The knowledge of the path also has four kinds.
['T27n1545_106:0549c06_7']	一知從第八補特伽羅一切學位諸有所作。	一知從第八補特伽羅一切學位諸有所作。	First, knowing that all activities in the state of learning of the eighth person;
['T27n1545_106:0549c06_14']	二知降伏怨敵。	二知降伏怨敵。	second, knowing the subduing of enemies;
['T27n1545_106:0549c07_1']	三觀本所作。	三觀本所作。	third, contemplating what was done in the past;
['T27n1545_106:0549c07_7']	四觀近盡漏。	四觀近盡漏。	fourth, contemplating the imminent exhaustion of contaminants.
['T27n1545_106:0549c07_14']	盡智亦有四種。	盡智亦有四種。	The knowledge of exhaustion also has four kinds.
['T27n1545_106:0549c08_1']	一見所不攝。	一見所不攝。	First, not being included in the seen;
['T27n1545_106:0549c08_7']	二遠離空定。	二遠離空定。	second, being far removed from the concentration of emptiness;
['T27n1545_106:0549c08_13']	三非他心智。	三非他心智。	third, not being the knowledge of others' minds;
['T27n1545_106:0549c08_19']	四加行遲緩。	四加行遲緩。	fourth, being slow in added effort.
['T27n1545_106:0549c09_6']	無生智亦有四種。	無生智亦有四種。	The knowledge of non-arising also has four kinds.
['T27n1545_106:0549c09_10']	一因故。	一因故。	First, because of causes;
['T27n1545_106:0549c09_14']	二果故。	二果故。	second, because of effects;
['T27n1545_106:0549c09_19']	三相續故。	三相續故。	third, because of continuity;
['T27n1545_106:0549c10_5']	四補特伽羅。	四補特伽羅。	fourth, because of persons.
['T27n1545_106:0549c10_14']	此中所說四法智等。	此中所說四法智等。	The four kinds of knowledge of dharmas, etc. that are explained here,
['T27n1545_106:0549c11_4']	汎釋經中諸智差別。	汎釋經中諸智差別。	are general explanations of the distinctions among various knowledges in the sutras.
['T27n1545_106:0549c11_13']	非皆即是法智等攝。	非皆即是法智等攝。	They are not all included in the knowledge of dharmas, etc.
['T27n1545_106:0549c12_5']	復次應說十智總為一智。	復次應說十智總為一智。	Furthermore, it should be said that the ten knowledges are generally one knowledge.
['T27n1545_106:0549c12_15']	謂法智皆以法為體故。	謂法智皆以法為體故。	Because all dharma cognition has dharmas as its essence.
['T27n1545_106:0549c13_6']	應說十智總為一智。	應說十智總為一智。	It should be said that the ten knowledges are collectively one knowledge,
['T27n1545_106:0549c14_6']	謂類智皆是聖種類故應說十智總為一智。	謂類智皆是聖種類故應說十智總為一智。	Because all subsequent cognition is of the nature of the noble ones. It should be said that the ten knowledges are collectively one knowledge,
['T27n1545_106:0549c14_11']	謂決定智。	謂決定智。	That is, the knowledge of determination.
['T27n1545_106:0549c15_2']	以決定義是智義故。	以決定義是智義故。	Because the meaning of determination is the meaning of knowledge.
['T27n1545_106:0549c15_11']	應說十智總為一智。	應說十智總為一智。	It should be said that the ten knowledges are collectively one knowledge,
['T27n1545_106:0549c16_6']	謂所知智知所知故重審決故。	謂所知智知所知故重審決故。	That is, the knowledge of the knowable, because it knows the knowable and repeatedly examines and determines it.
['T27n1545_106:0549c16_15']	應說十智總為一智。	應說十智總為一智。	It should be said that the ten knowledges are collectively one knowledge,
['T27n1545_106:0549c17_5']	謂道智道諦攝故。	謂道智道諦攝故。	That is, the knowledge of the path, because it is included in the truth of the path.
['T27n1545_106:0549c17_14']	應說十智總為一智。	應說十智總為一智。	It should be said that the ten knowledges are collectively one knowledge,
['T27n1545_106:0549c18_4']	謂願智能滿所願故。	謂願智能滿所願故。	That is, the knowledge of aspiration, because it can fulfill one's aspirations.
['T27n1545_106:0549c18_13']	應說十智總為一智。	應說十智總為一智。	It should be said that the ten knowledges are collectively one knowledge,
['T27n1545_106:0549c19_7']	謂盡智煩惱盡者身中得故。	謂盡智煩惱盡者身中得故。	That is, the knowledge of extinction, because it is attained in the body of one whose afflictions are extinguished.
['T27n1545_106:0549c19_16']	應說十智總為一智。	應說十智總為一智。	It should be said that the ten knowledges are collectively one knowledge,
['T27n1545_106:0549c20_6']	謂無生智不退墮故。	謂無生智不退墮故。	That is, the knowledge of non-production, because it does not fall back.
['T27n1545_106:0549c20_11']	云何法智。	云何法智。	What is dharma cognition?
['T27n1545_106:0549c21_16']	答於欲界諸行諸行因諸行滅諸行能斷道所有無漏智。	答於欲界諸行諸行因諸行滅諸行能斷道所有無漏智。	Answer: It is the undefiled knowledge regarding the formations, causes of formations, cessation of formations, and the path that can eliminate formations in the desire realm.
['T27n1545_106:0549c22_4']	此中諸行者。	此中諸行者。	Here, the formations are...
['T27n1545_106:0549c22_8', 'T27n1545_106:0549c22_13']	謂苦諦。🔽諸行因者。	謂苦諦。 諸行因者。	Namely, the truth of suffering.
['T27n1545_106:0549c22_17', 'T27n1545_106:0549c23_1']	謂集諦。🔽諸行滅者。	謂集諦。 諸行滅者。	The cause of conditioned states refers to the truth of the origin of suffering.
['T27n1545_106:0549c23_5', 'T27n1545_106:0549c23_12']	謂滅諦。🔽諸行能斷道者。	謂滅諦。 諸行能斷道者。	The cessation of conditioned states refers to the truth of the cessation of suffering.
['T27n1545_106:0549c23_16']	謂道諦。	謂道諦。	The path that can eliminate conditioned states refers to the truth of the path.
['T27n1545_106:0549c24_5']	能知欲界如是四諦。	能知欲界如是四諦。	One who can know these four truths in the desire realm,
['T27n1545_106:0549c24_14']	諸無漏智總名法智。	諸無漏智總名法智。	All the undefiled wisdom is generally called the wisdom of dharmas.
['T27n1545_106:0549c25_15']	又於法智及法智地所有無漏智是謂法智者。	又於法智及法智地所有無漏智是謂法智者。	Moreover, the undefiled wisdom in the wisdom of dharmas and the stage of the wisdom of dharmas is called the wisdom of dharmas.
['T27n1545_106:0549c26_5']	問何故復說此耶。	問何故復說此耶。	Why is this said again?
['T27n1545_106:0549c27_1']	答前雖說能斷欲界諸行無間道。	答前雖說能斷欲界諸行無間道。	Although it was previously said that the uninterrupted path that can eliminate conditioned states in the desire realm,
['T27n1545_106:0549c27_12']	而未說加行解脫勝進道。	而未說加行解脫勝進道。	The path of preparation, the path of liberation, and the path of advancement have not yet been explained.
['T27n1545_106:0549c27_17', 'T27n1545_106:0549c28_4']	今欲說之。🔽此中法智者。	今欲說之。 此中法智者。	Now, I want to explain them.
['T27n1545_106:0549c28_10', 'T27n1545_106:0549c28_15']	謂三道法智。🔽法智地者。	謂三道法智。 法智地者。	Here, the wisdom of dharmas refers to the wisdom of dharmas in the three paths.
['T27n1545_106:0549c29_7', 'T27n1545_106:0549c29_14']	謂三道法智相應俱有等法。🔽復次能斷道者。	謂三道法智相應俱有等法。 復次能斷道者。	The stage of the wisdom of dharmas refers to the dharmas that are associated with and coexistent with the wisdom of dharmas in the three paths.
['T27n1545_106:0550a01_2', 'T27n1545_106:0550a01_6']	謂無間道法智。🔽法智者。	謂無間道法智。 法智者。	Furthermore, the path that can eliminate conditioned states refers to the uninterrupted path of the wisdom of dharmas.
['T27n1545_106:0550a01_13']	謂餘三道法智。	謂餘三道法智。	The wisdom of dharmas refers to the wisdom of dharmas in the other three paths.
['T27n1545_106:0550a01_18']	法智地者。	法智地者。	The stage of the wisdom of dharmas refers to
['T27n1545_106:0550a02_9']	謂四道法智相應俱有等法。	謂四道法智相應俱有等法。	Namely, the dharmas that are associated with and coexistent with the four paths and dharma cognition.
['T27n1545_106:0550a02_15']	及四法忍品。	及四法忍品。	And the four types of dharma forbearance.
['T27n1545_106:0550a03_3']	復次能斷道者。	復次能斷道者。	Next, the path of abandonment.
['T27n1545_106:0550a03_16']	謂能斷欲界煩惱四道無漏法。	謂能斷欲界煩惱四道無漏法。	Namely, the four paths of the uncontaminated dharmas that are able to abandon the afflictions of the desire realm.
['T27n1545_106:0550a04_1']	法智者。	法智者。	Dharma cognition.
['T27n1545_106:0550a04_11']	謂餘時所起所修法智。	謂餘時所起所修法智。	Namely, the dharma cognition that is produced and cultivated at other times.
['T27n1545_106:0550a04_16']	法智地者。	法智地者。	The stage of dharma cognition.
['T27n1545_106:0550a05_5']	謂彼相應俱有等法。	謂彼相應俱有等法。	Namely, the dharmas that are associated with and coexistent with it.
['T27n1545_106:0550a05_14']	次後類智准此應知。	次後類智准此應知。	The subsequent cognition of the class should be understood in the same way.
['T27n1545_106:0550a06_4']	他心智等如文廣說。	他心智等如文廣說。	The cognition of others' minds and so forth are explained in detail in the text.
['T27n1545_106:0550a06_9']	應知其相。	應知其相。	One should know their characteristics.
['T27n1545_106:0550a07_6']	法智乃至道智於八智中一一攝幾。	法智乃至道智於八智中一一攝幾。	How many of the eight cognitions are included in each, from dharma cognition up to the cognition of the path?
['T27n1545_106:0550a07_13']	問何故作此論。	問何故作此論。	Why is this treatise composed?
['T27n1545_106:0550a08_5', 'T27n1545_106:0550a08_14']	答為止他宗顯正理故。🔽謂或有執諸法攝者。	答為止他宗顯正理故。 謂或有執諸法攝者。	The answer is: in order to refute other schools and reveal the correct principle.
['T27n1545_106:0550a09_5']	謂攝他性不攝自性。	謂攝他性不攝自性。	Namely, some hold the view that all dharmas include others' natures but do not include their own natures.
['T27n1545_106:0550a09_11']	如分別論者。	如分別論者。	Like the Vaibhāṣika masters.
['T27n1545_106:0550a10_12']	為遮彼執欲顯諸法皆攝自性不攝他性故。	為遮彼執欲顯諸法皆攝自性不攝他性故。	In order to refute that view and show that all dharmas include their own natures but do not include others' natures,
['T27n1545_106:0550a10_16']	作斯論。	作斯論。	this treatise is composed.
['T27n1545_106:0550a11_12']	此中理趣如結蘊中已廣分別。	此中理趣如結蘊中已廣分別。	The principle here is explained in detail in the Saṃgraha-skandha.
['T27n1545_106:0550a12_5']	答法智攝法智五智少分。	答法智攝法智五智少分。	Answer: Dharma knowledge includes five parts of dharma knowledge.
['T27n1545_106:0550a12_16']	謂他心智苦集滅道智者。	謂他心智苦集滅道智者。	Namely, the knowledge of others' minds, the knowledge of suffering, the knowledge of accumulation, the knowledge of cessation, and the knowledge of the path.
['T27n1545_106:0550a13_7']	此中總說法智攝法智。	此中總說法智攝法智。	Here, it is said in general that dharma knowledge includes dharma knowledge.
['T27n1545_106:0550a13_14']	然法智在六地。	然法智在六地。	However, dharma knowledge is in six stages.
['T27n1545_106:0550a14_5']	未至定者攝未至定者。	未至定者攝未至定者。	The one in the preliminary concentration includes the one in the preliminary concentration.
['T27n1545_106:0550a15_1']	乃至第四靜慮者攝第四靜慮者。	乃至第四靜慮者攝第四靜慮者。	Up to the fourth meditation includes the one in the fourth meditation.
['T27n1545_106:0550a15_8']	又法智有四種。	又法智有四種。	Moreover, dharma knowledge is of four kinds.
['T27n1545_106:0550a16_7']	謂四諦智苦智攝苦智乃至道智攝道智。	謂四諦智苦智攝苦智乃至道智攝道智。	Namely, the knowledge of the four truths. The knowledge of suffering includes the knowledge of suffering, up to the knowledge of the path includes the knowledge of the path.
['T27n1545_106:0550a16_14']	又法智在三世。	又法智在三世。	Moreover, dharma knowledge is in the three periods of time.
['T27n1545_106:0550a17_2']	過去攝過去。	過去攝過去。	The past includes the past.
['T27n1545_106:0550a17_8']	未來攝未來。	未來攝未來。	The future includes the future.
['T27n1545_106:0550a17_14']	現在攝現在。	現在攝現在。	The present includes the present.
['T27n1545_106:0550a18_8']	過去未來各多剎那一一自攝。	過去未來各多剎那一一自攝。	The past and future each have many moments, and each includes itself.
['T27n1545_106:0550a19_2']	即此法智攝他心智少分者。	即此法智攝他心智少分者。	As for this dharma knowledge including a part of the knowledge of others' minds,
['T27n1545_106:0550a19_10']	謂他心智有有漏。	謂他心智有有漏。	the knowledge of others' minds is either contaminated
['T27n1545_106:0550a19_14']	有無漏。	有無漏。	or uncontaminated.
['T27n1545_106:0550a20_1']	此唯攝無漏。	此唯攝無漏。	This only includes the uncontaminated.
['T27n1545_106:0550a20_10']	彼無漏復有法智品。	彼無漏復有法智品。	That uncontaminated knowledge is further of the class of dharma knowledge
['T27n1545_106:0550a20_15']	有類智品。	有類智品。	and of the class of inferential knowledge.
['T27n1545_106:0550a21_3']	此唯攝法智品。	此唯攝法智品。	This only includes the class of dharma knowledge.
['T27n1545_106:0550a22_5']	故說攝彼少分即此法智攝苦集滅道智少分者。	故說攝彼少分即此法智攝苦集滅道智少分者。	Therefore, it is said that a small part of them is included in this dharma cognition. The small part of the cognition of suffering, origination, cessation, and path is included in this dharma cognition.
['T27n1545_106:0550a22_10']	謂彼四智。	謂彼四智。	This means that each of those four cognitions
['T27n1545_106:0550a22_16']	各有法智品。	各有法智品。	has a category of dharma cognition
['T27n1545_106:0550a23_2']	有類智品。	有類智品。	and a category of inferential cognition.
['T27n1545_106:0550a23_9']	此唯攝法智品。	此唯攝法智品。	This [dharma cognition] only includes the category of dharma cognition.
['T27n1545_106:0550a23_16', 'T27n1545_106:0550a24_7']	故說攝彼少分。🔽類智攝類智五智少分。	故說攝彼少分。 類智攝類智五智少分。	Therefore, it is said that a small part of them is included.
['T27n1545_106:0550a24_18']	謂他心智苦集滅道智者。	謂他心智苦集滅道智者。	Inferential cognition includes a small part of five cognitions, namely cognition of others' minds, cognition of suffering, cognition of origination, cognition of cessation, and cognition of the path.
['T27n1545_106:0550a25_9']	此中總說類智攝類智。	此中總說類智攝類智。	This [inferential cognition] generally includes inferential cognition.
['T27n1545_106:0550a25_16']	然類智在九地。	然類智在九地。	However, inferential cognition is in nine stages.
['T27n1545_106:0550a26_7']	未至定者攝未至定者。	未至定者攝未至定者。	The [inferential cognition] of the stage of preliminary concentration includes that of the stage of preliminary concentration.
['T27n1545_106:0550a27_3']	乃至無所有處者攝無所有處者。	乃至無所有處者攝無所有處者。	Up to the [inferential cognition] of the stage of the sphere of nothingness includes that of the stage of the sphere of nothingness.
['T27n1545_106:0550a27_10', 'T27n1545_106:0550a28_3']	餘廣說如法智。🔽他心智攝他心智四智少分。	餘廣說如法智。 他心智攝他心智四智少分。	The rest is explained in detail as in the case of dharma cognition.
['T27n1545_106:0550a28_16', 'T27n1545_106:0550a29_5']	謂法類世俗道智者此中總說。🔽他心智攝他心智。	謂法類世俗道智者此中總說。 他心智攝他心智。	Cognition of others' minds includes a small part of four cognitions, namely dharma cognition, inferential cognition, conventional cognition, and cognition of the path. This [cognition of others' minds] generally includes cognition of others' minds.
['T27n1545_106:0550b01_7']	然他心智在四根本靜慮初靜慮者攝初靜慮者。	然他心智在四根本靜慮初靜慮者攝初靜慮者。	However, cognition of others' minds is in the four fundamental concentrations. The [cognition of others' minds] of the first concentration includes that of the first concentration.
['T27n1545_106:0550b02_3']	乃至第四靜慮者攝第四靜慮者。	乃至第四靜慮者攝第四靜慮者。	up to the fourth dhyāna is included in the fourth dhyāna.
['T27n1545_106:0550b02_14']	又他心智有有漏有無漏。	又他心智有有漏有無漏。	Moreover, the knowledge of others' minds is either contaminated or uncontaminated.
['T27n1545_106:0550b03_2']	有漏攝有漏。	有漏攝有漏。	The contaminated includes the contaminated.
['T27n1545_106:0550b03_12']	無漏攝無漏此有漏者。	無漏攝無漏此有漏者。	The uncontaminated includes the uncontaminated. This contaminated one
['T27n1545_106:0550b04_2']	有曾得有未曾得。	有曾得有未曾得。	has that which has been obtained before and that which has not been obtained before.
['T27n1545_106:0550b04_8']	曾得攝曾得。	曾得攝曾得。	That which has been obtained before includes that which has been obtained before.
['T27n1545_106:0550b04_16']	未曾得攝未曾得。	未曾得攝未曾得。	That which has not been obtained before includes that which has not been obtained before.
['T27n1545_106:0550b05_10']	此無漏者有法智品有類智品。	此無漏者有法智品有類智品。	This uncontaminated one has the class of knowledge of dharmas and the class of inferential knowledge.
['T27n1545_106:0550b06_1']	法智品攝法智品。	法智品攝法智品。	The class of knowledge of dharmas includes the class of knowledge of dharmas.
['T27n1545_106:0550b06_9']	類智品攝類智品。	類智品攝類智品。	The class of inferential knowledge includes the class of inferential knowledge.
['T27n1545_106:0550b06_18']	又此他心智通三世。	又此他心智通三世。	Moreover, this knowledge of others' minds is common to the three times.
['T27n1545_106:0550b07_5']	過去攝過去。	過去攝過去。	The past includes the past.
['T27n1545_106:0550b07_11']	未來攝未來。	未來攝未來。	The future includes the future.
['T27n1545_106:0550b07_17']	現在攝現在。	現在攝現在。	The present includes the present.
['T27n1545_106:0550b08_11']	過去未來各多剎那一一自攝。	過去未來各多剎那一一自攝。	The past and future each have many moments, and each includes itself.
['T27n1545_106:0550b09_5']	即此他心智攝法智少分者。	即此他心智攝法智少分者。	This knowledge of others' minds includes a small part of the knowledge of dharmas.
['T27n1545_106:0550b09_12']	謂法智在六地。	謂法智在六地。	The knowledge of dharmas is in six stages.
['T27n1545_106:0550b10_6']	此唯攝彼在四根本靜慮者。	此唯攝彼在四根本靜慮者。	This only includes that in the four fundamental dhyānas.
['T27n1545_106:0550b10_13']	又法智有四種。	又法智有四種。	Moreover, this knowledge of dharmas is of four kinds.
['T27n1545_106:0550b10_18']	謂四諦智。	謂四諦智。	Namely, the knowledge of the four truths.
['T27n1545_106:0550b11_6']	此唯攝彼道智。	此唯攝彼道智。	This only includes that path knowledge.
['T27n1545_106:0550b11_11']	又彼道智。	又彼道智。	Moreover, that path knowledge
['T27n1545_106:0550b11_16']	有別緣者。	有別緣者。	has a separate object.
['T27n1545_106:0550b12_2', 'T27n1545_106:0550b12_8']	有總緣者。🔽有緣現在者。	有總緣者。 有緣現在者。	There is a general object.🔽There is an object of the present.
['T27n1545_106:0550b12_16']	有緣過去未來者。	有緣過去未來者。	There is an object of the past and future.
['T27n1545_106:0550b13_5']	有緣自相續者。	有緣自相續者。	There is an object of one's own continuity.
['T27n1545_106:0550b13_12']	有緣他相續者。	有緣他相續者。	There is an object of another's continuity.
['T27n1545_106:0550b14_3']	有緣心心所法者。	有緣心心所法者。	There is an object of mind and mental factors.
['T27n1545_106:0550b14_9']	有緣餘蘊者。	有緣餘蘊者。	There is an object of the remaining aggregates.
['T27n1545_106:0550b15_13']	此唯攝彼別緣現在他相續心心所法故說攝彼少分。	此唯攝彼別緣現在他相續心心所法故說攝彼少分。	This only includes that separate object of the present, another's continuity, mind and mental factors, therefore it is said to include a small part of it.
['T27n1545_106:0550b15_16']	如說。	如說。	As it is said:
['T27n1545_106:0550b16_5']	此攝法智少分。	此攝法智少分。	This includes a small part of dharma knowledge.
['T27n1545_106:0550b16_15']	說此攝類智少分亦爾。	說此攝類智少分亦爾。	It is the same for saying this includes a small part of species knowledge.
['T27n1545_106:0550b17_2']	有差別者。	有差別者。	There are differences.
['T27n1545_106:0550b17_10']	應說類智在九地。	應說類智在九地。	It should be said that species knowledge is in nine stages.
['T27n1545_106:0550b18_4']	此唯攝彼在根本四靜慮者。	此唯攝彼在根本四靜慮者。	This only includes that in the fundamental four meditations.
['T27n1545_106:0550b18_17']	又此他心智攝世俗智少分者。	又此他心智攝世俗智少分者。	Moreover, this knowledge of others' minds includes a small part of conventional knowledge.
['T27n1545_106:0550b19_7']	謂世俗智在十八地。	謂世俗智在十八地。	That is to say, conventional knowledge is in eighteen stages.
['T27n1545_106:0550b20_2']	此唯攝彼在根本四靜慮者。	此唯攝彼在根本四靜慮者。	This only includes that in the fundamental four meditations.
['T27n1545_106:0550b20_15']	又世俗智有善染污無覆無記。	又世俗智有善染污無覆無記。	Moreover, conventional knowledge is wholesome, defiled, and unobscured and indeterminate.
['T27n1545_106:0550b21_4']	此唯攝彼善者。	此唯攝彼善者。	This only includes the wholesome ones among them.
['T27n1545_106:0550b21_13']	又彼善者有別緣者。	又彼善者有別緣者。	Moreover, the wholesome ones have specific objects and general objects.
['T27n1545_106:0550b22_4']	有總緣者廣說如前。	有總緣者廣說如前。	The details are explained as before.
['T27n1545_106:0550b23_3']	此唯攝彼別緣現在他相續心心所法者。	此唯攝彼別緣現在他相續心心所法者。	This only includes the specific objects that are the minds and mental factors in the life-continuum of others in the present.
['T27n1545_106:0550b23_10']	故說攝彼少分。	故說攝彼少分。	Therefore it is said to include a small part of them.
['T27n1545_106:0550b24_4']	又此他心智攝道智少分者。	又此他心智攝道智少分者。	Moreover, the knowledge of others' minds includes a small part of the knowledge of the path.
['T27n1545_106:0550b24_11']	謂道智在九地。	謂道智在九地。	The knowledge of the path is in nine stages.
['T27n1545_106:0550b25_5', 'T27n1545_106:0550b25_14']	此唯攝彼在根本四靜慮者。🔽又彼道智有別緣者。	此唯攝彼在根本四靜慮者。 又彼道智有別緣者。	This only includes the fundamental four meditations among them.
['T27n1545_106:0550b26_1']	有總緣者。	有總緣者。	Moreover, the knowledge of the path has specific objects and general objects.
['T27n1545_106:0550b26_6']	廣說如前。	廣說如前。	The details are explained as before.
['T27n1545_106:0550b27_10']	此唯攝彼別緣現在他相續心心所法者故說攝彼少分。	此唯攝彼別緣現在他相續心心所法者故說攝彼少分。	This only includes the specific objects that are the minds and mental factors in the life-continuum of others in the present. Therefore it is said to include a small part of them.
['T27n1545_106:0550b28_7']	世俗智攝世俗智他心智少分者。	世俗智攝世俗智他心智少分者。	The knowledge of the conventional includes a small part of the knowledge of the conventional and the knowledge of others' minds.
['T27n1545_106:0550b29_1']	此中總說世俗智攝世俗智。	此中總說世俗智攝世俗智。	Here it is generally said that the knowledge of the conventional includes the knowledge of the conventional.
['T27n1545_106:0550b29_10']	然世俗智在十八地。	然世俗智在十八地。	However, the knowledge of the conventional is in eighteen stages.
['T27n1545_106:0550b29_18']	欲界者攝欲界者。	欲界者攝欲界者。	The one in the desire realm includes the one in the desire realm.
['T27n1545_106:0550c01_9']	乃至非想非非想處者。	乃至非想非非想處者。	Up to the one in the sphere of neither-perception-nor-non-perception.
['T27n1545_106:0550c01_18']	攝非想非非想處者。	攝非想非非想處者。	As for the inclusion of the sphere of neither-perception-nor-non-perception,
['T27n1545_106:0550c02_12']	又世俗智有善染污無覆無記。	又世俗智有善染污無覆無記。	Moreover, mundane cognition is of the wholesome, defiled, and unobscured-indeterminate types.
['T27n1545_106:0550c02_18']	善者攝善者。	善者攝善者。	The wholesome includes the wholesome.
['T27n1545_106:0550c03_7']	染污者攝染污者。	染污者攝染污者。	The defiled includes the defiled.
['T27n1545_106:0550c04_1']	無覆無記者攝無覆無記者。	無覆無記者攝無覆無記者。	The unobscured-indeterminate includes the unobscured-indeterminate.
['T27n1545_106:0550c04_9']	又世俗智通三世。	又世俗智通三世。	Moreover, mundane cognition is of the three times.
['T27n1545_106:0550c04_15']	過去攝過去。	過去攝過去。	The past includes the past.
['T27n1545_106:0550c05_2']	未來攝未來。	未來攝未來。	The future includes the future.
['T27n1545_106:0550c05_8']	現在攝現在。	現在攝現在。	The present includes the present.
['T27n1545_106:0550c06_2']	過去未來各多剎那一一自攝。	過去未來各多剎那一一自攝。	The past and future each have many moments, and each includes itself.
['T27n1545_106:0550c06_14']	又世俗智攝他心智少分者。	又世俗智攝他心智少分者。	Moreover, mundane cognition includes a part of the cognition of others' minds.
['T27n1545_106:0550c07_1', 'T27n1545_106:0550c07_5']	謂他心智。🔽有有漏。	謂他心智。 有有漏。	This refers to the cognition of others' minds.🔽It may be with outflows,
['T27n1545_106:0550c07_9']	有無漏。	有無漏。	and it may be without outflows.
['T27n1545_106:0550c07_18']	此唯攝彼有漏者故。	此唯攝彼有漏者故。	This only includes that with outflows, and therefore
['T27n1545_106:0550c08_4']	說攝彼少分。	說攝彼少分。	it is said to include a part of that.
['T27n1545_106:0550c08_14']	苦智攝苦智二智少分。	苦智攝苦智二智少分。	The cognition of suffering includes the cognition of suffering and a part of two cognitions,
['T27n1545_106:0550c09_1']	謂法類智者。	謂法類智者。	namely, the cognition of the law and the subsequent cognition.
['T27n1545_106:0550c09_11']	此中總說苦智攝苦智。	此中總說苦智攝苦智。	Here, it is generally said that the cognition of suffering includes the cognition of suffering.
['T27n1545_106:0550c09_18']	然苦智在九地。	然苦智在九地。	However, the cognition of suffering is in nine stages.
['T27n1545_106:0550c10_9']	未至定者攝未至定者。	未至定者攝未至定者。	The pre-attainment concentration includes the pre-attainment concentration.
['T27n1545_106:0550c11_5']	乃至無所有處者攝無所有處者。	乃至無所有處者攝無所有處者。	Up to the sphere of nothingness, it includes the sphere of nothingness.
['T27n1545_106:0550c11_10']	餘如前說。	餘如前說。	The rest is as explained above.
['T27n1545_106:0550c12_2']	又此苦智攝法智少分者。	又此苦智攝法智少分者。	Moreover, this suffering cognition includes a part of the cognition of dharmas.
['T27n1545_106:0550c12_12']	謂法智有苦集滅道智。	謂法智有苦集滅道智。	That is to say, the cognition of dharmas has the cognition of suffering, accumulation, cessation, and path.
['T27n1545_106:0550c13_7']	此唯攝彼苦智故說攝彼少分。	此唯攝彼苦智故說攝彼少分。	This only includes that suffering cognition, therefore it is said to include a part of it.
['T27n1545_106:0550c13_10']	如說。	如說。	As it is said:
['T27n1545_106:0550c13_17']	此攝法智少分。	此攝法智少分。	This includes a part of the cognition of dharmas.
['T27n1545_106:0550c14_9']	說此攝類智少分亦爾。	說此攝類智少分亦爾。	It is the same as saying this includes a part of the cognition of the species.
['T27n1545_106:0550c15_2']	如苦智攝一智二智少分。	如苦智攝一智二智少分。	Just as the suffering cognition includes one cognition and a part of two cognitions,
['T27n1545_106:0550c15_11']	集智滅智應知亦爾。	集智滅智應知亦爾。	The cognition of accumulation and the cognition of cessation should be understood in the same way.
['T27n1545_106:0550c16_2']	道智攝道智三智少分。	道智攝道智三智少分。	The cognition of the path includes the cognition of the path and a part of three cognitions.
['T27n1545_106:0550c16_10']	謂法類他心智者。	謂法類他心智者。	That is to say, the cognition of dharmas, the cognition of the species, and the cognition of others' minds.
['T27n1545_106:0550c17_1']	此中總說道智攝道智。	此中總說道智攝道智。	Herein, it is generally said that the cognition of the path includes the cognition of the path.
['T27n1545_106:0550c17_8']	然道智在九地。	然道智在九地。	However, the cognition of the path is in nine stages.
['T27n1545_106:0550c17_18']	未至定者攝未至定者。	未至定者攝未至定者。	The preliminary concentration includes the preliminary concentration.
['T27n1545_106:0550c18_7']	乃至無所有處者。	乃至無所有處者。	Up to the sphere of nothingness,
['T27n1545_106:0550c18_14']	攝無所有處者。	攝無所有處者。	It includes the sphere of nothingness.
['T27n1545_106:0550c19_1']	餘如前說。	餘如前說。	The rest is as explained above.
['T27n1545_106:0550c19_13']	又此道智攝法類智少分者。	又此道智攝法類智少分者。	Moreover, this cognition of the path includes a part of the cognition of dharmas and the cognition of the species.
['T27n1545_106:0550c20_7']	如前苦智攝法類智少分說。	如前苦智攝法類智少分說。	As previously explained, the knowledge of suffering subsumes part of the knowledge of dharmas and the knowledge of species.
['T27n1545_106:0550c21_2']	又此道智攝他心智少分者。	又此道智攝他心智少分者。	Moreover, this knowledge of the path subsumes part of the knowledge of others' minds.
['T27n1545_106:0550c21_13']	謂他心智有有漏有無漏。	謂他心智有有漏有無漏。	This is because the knowledge of others' minds is either contaminated or uncontaminated.
['T27n1545_106:0550c22_3', 'T27n1545_106:0550c22_10']	此唯攝彼無漏者。🔽故說攝彼少分。	此唯攝彼無漏者。 故說攝彼少分。	This [knowledge of the path] only subsumes the uncontaminated part of that [knowledge of others' minds].🔽Therefore, it is said to subsume part of that [knowledge of others' minds].
['T27n1545_106:0550c22_15']	此中攝者。	此中攝者。	Here, subsumes means
['T27n1545_106:0550c23_1']	謂攝自性。	謂攝自性。	subsumes its own nature.
['T27n1545_106:0550c23_11']	自性於自性實有可得。	自性於自性實有可得。	One's own nature can truly be obtained within one's own nature.
['T27n1545_106:0550c24_2']	不離不脫常住不空。	不離不脫常住不空。	It is not separate, not detached, eternally abiding, and not empty.
['T27n1545_106:0550c24_11']	恒為障礙故說為攝。	恒為障礙故說為攝。	It is always obstructed, and therefore it is said to be subsumed.
['T27n1545_106:0550c25_9']	若成就法智乃至廣說。	若成就法智乃至廣說。	If one possesses the knowledge of dharmas, and so on at length.
['T27n1545_106:0550c25_16']	問何故作此論。	問何故作此論。	Question: Why was this treatise composed?
['T27n1545_106:0550c26_7']	答為止他宗顯正理故。	答為止他宗顯正理故。	Answer: In order to stop other schools and reveal the correct principle.
['T27n1545_106:0550c26_12']	謂或有執。	謂或有執。	This is because some hold the view
['T27n1545_106:0550c27_3']	無實成就不成就性。	無實成就不成就性。	that there is no real nature of possession or non-possession.
['T27n1545_106:0550c27_8']	如譬喻者。	如譬喻者。	Like the Upāyahṛdaya.
['T27n1545_106:0550c28_7']	為遮彼執顯成就性不成就性決定實有。	為遮彼執顯成就性不成就性決定實有。	In order to refute that view and show that the nature of possession and non-possession definitely truly exists,
['T27n1545_106:0550c28_12']	故作斯論。	故作斯論。	this treatise is composed.
['T27n1545_106:0550c29_3']	若成就法智於此八智。	若成就法智於此八智。	If one possesses the knowledge of dharmas, with regard to these eight knowledges,
['T27n1545_106:0550c29_11']	幾成就幾不成就。	幾成就幾不成就。	how many does one possess and how many does one not possess?🔽Here is the corrected and aligned text:
['T27n1545_106:0551a01_10']	答或三四五六七八謂苦法智苦類智忍時。	答或三四五六七八謂苦法智苦類智忍時。	Answer: It is said that there are three, four, five, six, seven, or eight. When there is the patience of the knowledge of dharmas and the patience of the knowledge of subsequent aspects with regard to suffering,
['T27n1545_106:0551a02_1']	無他心智成就三。	無他心智成就三。	if one does not have the knowledge of others' minds, one possesses three.
['T27n1545_106:0551a02_9']	有他心智成就四。	有他心智成就四。	If one has the knowledge of others' minds, one possesses four.
['T27n1545_106:0551a02_14']	此中三者。	此中三者。	Here, three refers to
['T27n1545_106:0551a03_4']	謂法智苦智世俗智。	謂法智苦智世俗智。	the knowledge of dharmas, the knowledge of suffering, and conventional knowledge.
['T27n1545_106:0551a03_7']	四者。	四者。	Four refers to
['T27n1545_106:0551a03_15']	謂前三加他心智。	謂前三加他心智。	the previous three plus the knowledge of others' minds.
['T27n1545_106:0551a04_8']	若未離欲染入正性離生者。	若未離欲染入正性離生者。	If one who has not yet eliminated the attachments of the desire realm enters the certainty of correct knowledge,
['T27n1545_106:0551a04_14']	爾時成就三。	爾時成就三。	at that time one possesses three.
['T27n1545_106:0551a05_9']	若已離欲染入正性離生者。	若已離欲染入正性離生者。	If one who has already eliminated the attachments of the desire realm enters the certainty of correct knowledge,
['T27n1545_106:0551a05_15']	爾時成就四。	爾時成就四。	at that time one possesses four.
['T27n1545_106:0551a06_6']	後諸所說准此應知。	後諸所說准此應知。	The subsequent explanations should be understood according to this.
['T27n1545_106:0551a06_11']	苦法智時。	苦法智時。	At the time of the knowledge of dharmas with regard to suffering,
['T27n1545_106:0551a07_4']	法智苦智成就現在未來。	法智苦智成就現在未來。	the knowledge of dharmas and the knowledge of suffering are possessed in the present and future.
['T27n1545_106:0551a07_16']	即一智體以對治故名法智。	即一智體以對治故名法智。	The same substance of one knowledge is called the knowledge of dharmas because it is the antidote,
['T27n1545_106:0551a08_6']	以行相故名苦智。	以行相故名苦智。	and it is called the knowledge of suffering because of its mode of activity.
['T27n1545_106:0551a09_1']	世俗他心智成就過去未來。	世俗他心智成就過去未來。	Conventional knowledge and the knowledge of others' minds are possessed in the past and future.
['T27n1545_106:0551a09_7']	苦類智忍時。	苦類智忍時。	At the time of the patience of the subsequent knowledge with regard to suffering,
['T27n1545_106:0551a09_14']	增見增慧增道。	增見增慧增道。	there is an increase in views, an increase in wisdom, and an increase in the path.
['T27n1545_106:0551a09_19']	非智非名。	非智非名。	It is not knowledge, nor is it a name.
['T27n1545_106:0551a10_13']	爾時法智苦智世俗智或他心智。	爾時法智苦智世俗智或他心智。	At that time, the knowledge of dharmas, the knowledge of suffering, the conventional knowledge, or the knowledge of others' minds,
['T27n1545_106:0551a11_4']	皆唯成就過去未來。	皆唯成就過去未來。	all only possess the past and future.
['T27n1545_106:0551a11_10']	以現在無故。	以現在無故。	Because there is no present.
['T27n1545_106:0551a12_1']	後諸所說准此應知。	後諸所說准此應知。	The subsequent explanations should be understood according to this.
['T27n1545_106:0551a12_10']	苦類智集法智忍時。	苦類智集法智忍時。	At the time of the receptivity to the knowledge of the principle of suffering and the knowledge of the principle of suffering,
['T27n1545_106:0551a12_18']	無他心智成就四。	無他心智成就四。	without the knowledge of others' minds, one possesses four.
['T27n1545_106:0551a13_7']	有他心智成就五。	有他心智成就五。	With the knowledge of others' minds, one possesses five.
['T27n1545_106:0551a13_12']	此中四者。	此中四者。	Among them, the four are
['T27n1545_106:0551a14_2']	謂法類苦世俗智。	謂法類苦世俗智。	the knowledge of dharmas, the knowledge of the principle, the knowledge of suffering, and the conventional knowledge.
['T27n1545_106:0551a14_5']	五者。	五者。	The five are
['T27n1545_106:0551a14_13']	謂前四加他心智。	謂前四加他心智。	the previous four plus the knowledge of others' minds.
['T27n1545_106:0551a15_8']	苦類智時增見增慧增道增智增名。	苦類智時增見增慧增道增智增名。	At the time of the knowledge of the principle of suffering, there is an increase in views, wisdom, the path, knowledge, and names.
['T27n1545_106:0551a15_16']	謂類智名此苦智。	謂類智名此苦智。	That is to say, the name of the knowledge of the principle is the knowledge of suffering.
['T27n1545_106:0551a16_6']	名苦法智時已得故。	名苦法智時已得故。	Because it has already been attained at the time of the knowledge of the principle of suffering.
['T27n1545_106:0551a16_16']	集法智忍時增見慧道。	集法智忍時增見慧道。	At the time of the receptivity to the knowledge of the principle of accumulation and the knowledge of the principle of accumulation, there is an increase in views, wisdom, and the path.
['T27n1545_106:0551a17_2']	非智非名。	非智非名。	It is not knowledge and not a name.
['T27n1545_106:0551a17_13']	集法智乃至滅法智忍時。	集法智乃至滅法智忍時。	At the time of the knowledge of the principle of cessation and the receptivity to the knowledge of the principle of cessation,
['T27n1545_106:0551a18_3']	無他心智成就五。	無他心智成就五。	without the knowledge of others' minds, one possesses five.
['T27n1545_106:0551a18_11']	有他心智成就六。	有他心智成就六。	With the knowledge of others' minds, one possesses six.
['T27n1545_106:0551a18_16']	此中五者。	此中五者。	Among them, the five are
['T27n1545_106:0551a19_6']	謂法類苦集世俗智。	謂法類苦集世俗智。	the knowledge of dharmas, the knowledge of the principle, the knowledge of suffering, the knowledge of accumulation, and the conventional knowledge.
['T27n1545_106:0551a19_9']	六者。	六者。	The six are
['T27n1545_106:0551a19_17']	謂前五加他心智。	謂前五加他心智。	That is, the first five plus the knowledge of others' minds.
['T27n1545_106:0551a20_9']	集法智時增見慧道及智名。	集法智時增見慧道及智名。	When the knowledge of the origin of dharmas arises, it increases the names of views, wisdom, path, and knowledge.
['T27n1545_106:0551a20_17']	謂集智名此法智。	謂集智名此法智。	That is, the name of the knowledge of the origin is the knowledge of dharmas regarding the origin.
['T27n1545_106:0551a21_7']	名苦法智時已得故。	名苦法智時已得故。	Because it has already been obtained at the time of the knowledge of dharmas regarding suffering.
['T27n1545_106:0551a22_2']	集類智忍集類智滅法智忍時。	集類智忍集類智滅法智忍時。	At the time of the receptivity to the knowledge of the origin of the species and the knowledge of the origin of the species, the receptivity to the knowledge of the cessation of dharmas,
['T27n1545_106:0551a22_11']	增見慧道非智非名。	增見慧道非智非名。	it increases the views, wisdom, and path, but not knowledge or names.
['T27n1545_106:0551a22_16']	所以者何。	所以者何。	Why is this?
['T27n1545_106:0551a23_7']	集類智時所得集智名。	集類智時所得集智名。	Because the name of the knowledge of the origin obtained at the time of the knowledge of the origin of the species
['T27n1545_106:0551a24_2']	不異集法智時所得集智名故。	不異集法智時所得集智名故。	is no different from the name of the knowledge of the origin obtained at the time of the knowledge of dharmas regarding the origin.
['T27n1545_106:0551a24_10']	爾時所得類智名。	爾時所得類智名。	At that time, the name of the knowledge of the species obtained
['T27n1545_106:0551a25_5']	不異苦類智時所得類智名故。	不異苦類智時所得類智名故。	is no different from the name of the knowledge of the species obtained at the time of the knowledge of the species regarding suffering.
['T27n1545_106:0551a25_16']	滅法智乃至道法智忍時。	滅法智乃至道法智忍時。	At the time of the receptivity to the knowledge of dharmas regarding cessation up to the receptivity to the knowledge of dharmas regarding the path,
['T27n1545_106:0551a26_5']	無他心智成就六。	無他心智成就六。	if one does not have the knowledge of others' minds, one possesses six.
['T27n1545_106:0551a26_13']	有他心智成就七。	有他心智成就七。	If one has the knowledge of others' minds, one possesses seven.
['T27n1545_106:0551a26_18']	此中六者。	此中六者。	Here, the six are
['T27n1545_106:0551a27_9']	謂法類苦集滅世俗智。	謂法類苦集滅世俗智。	the knowledge of dharmas, the knowledge of species, the knowledge of suffering, the knowledge of the origin, the knowledge of cessation, and the conventional knowledge.
['T27n1545_106:0551a27_12']	七者。	七者。	The seven are
['T27n1545_106:0551a28_1']	謂前六加他心智。	謂前六加他心智。	the previous six plus the knowledge of others' minds.
['T27n1545_106:0551a28_13']	滅法智時增見慧道及智名。	滅法智時增見慧道及智名。	At the time of the knowledge of dharmas regarding cessation, it increases the names of views, wisdom, path, and knowledge.
['T27n1545_106:0551a29_3']	謂滅智名滅類智忍。	謂滅智名滅類智忍。	The knowledge of cessation is called the receptivity to the knowledge of the aspects of cessation.
['T27n1545_106:0551a29_16']	滅類智道法智忍時增見慧道。	滅類智道法智忍時增見慧道。	When there is the receptivity to the knowledge of the aspects of the path, it increases the views, wisdom, and path.
['T27n1545_106:0551b01_2']	非智非名。	非智非名。	It is neither knowledge nor name.
['T27n1545_106:0551b01_7']	所以者何。	所以者何。	Why is this?
['T27n1545_106:0551b01_17']	滅類智時所得滅智名。	滅類智時所得滅智名。	The knowledge of cessation obtained at that time is called the knowledge of cessation.
['T27n1545_106:0551b02_11']	不異滅法智時所得滅智名故。	不異滅法智時所得滅智名故。	It is no different from the knowledge of cessation obtained at the time of the knowledge of the aspects of cessation.
['T27n1545_106:0551b03_1']	爾時所得類智名。	爾時所得類智名。	The name of the knowledge of the aspects obtained at that time.
['T27n1545_106:0551b03_14']	不異苦類智時所得類智名故。	不異苦類智時所得類智名故。	It is no different from the knowledge of the aspects obtained at the time of the knowledge of the aspects of suffering.
['T27n1545_106:0551b04_6']	道法智乃至道類智時。	道法智乃至道類智時。	When there is the knowledge of the aspects of the path up to the knowledge of the aspects of the path.
['T27n1545_106:0551b04_14']	無他心智成就七。	無他心智成就七。	When there is no knowledge of others' minds, seven are accomplished.
['T27n1545_106:0551b05_4']	有他心智成就八。	有他心智成就八。	When there is the knowledge of others' minds, eight are accomplished.
['T27n1545_106:0551b05_9']	此中七者。	此中七者。	Among them, the seven are:
['T27n1545_106:0551b05_18']	謂八智中除他心智。	謂八智中除他心智。	Excluding the knowledge of others' minds from the eight knowledges.
['T27n1545_106:0551b06_2']	八者。	八者。	The eight are:
['T27n1545_106:0551b06_10']	謂前七加他心智。	謂前七加他心智。	The previous seven plus the knowledge of others' minds.
['T27n1545_106:0551b07_3']	道法智時增見慧道及智名。	道法智時增見慧道及智名。	When there is the knowledge of the aspects of the path, it increases the views, wisdom, path, and knowledge.
['T27n1545_106:0551b07_12']	謂道智名道類智忍。	謂道智名道類智忍。	The knowledge of the path is called the receptivity to the knowledge of the aspects of the path.
['T27n1545_106:0551b08_2']	道類智時增見慧道。	道類智時增見慧道。	When there is the knowledge of the aspects of the path, it increases the views, wisdom, and path.
['T27n1545_106:0551b08_7']	非智非名。	非智非名。	It is neither knowledge nor name.
['T27n1545_106:0551b08_12']	所以者何。	所以者何。	Why is this?
['T27n1545_106:0551b09_3']	道類智時所得道智名。	道類智時所得道智名。	The name of the knowledge of the path obtained at the time of the knowledge of the aspects of the path.
['T27n1545_106:0551b09_16']	不異道法智時所得道智名故。	不異道法智時所得道智名故。	Because the path knowledge obtained at the time of the non-differentiation of the path and dharma knowledge is called path knowledge.
['T27n1545_106:0551b10_6']	爾時所得類智名。	爾時所得類智名。	The name of the subsequent knowledge obtained at that time.
['T27n1545_106:0551b11_1']	不異苦類智時所得類智名故。	不異苦類智時所得類智名故。	Because the name of the subsequent knowledge obtained at the time of the non-differentiation of suffering and subsequent knowledge is called subsequent knowledge.
['T27n1545_106:0551b11_14']	若成就類智乃至若成就道智。	若成就類智乃至若成就道智。	If one possesses subsequent knowledge, up to if one possesses path knowledge.
['T27n1545_106:0551b12_5']	於此八智成就少多。	於此八智成就少多。	How many of these eight knowledges does one possess?
['T27n1545_106:0551b12_14']	如文廣說應知其相。	如文廣說應知其相。	The text explains in detail. One should understand its characteristics.
['T27n1545_106:0551b13_5']	增見慧道及增智名。	增見慧道及增智名。	Increasing the views, wisdom, path, and increasing the name of knowledge.
['T27n1545_106:0551b13_14']	如法智中應知其相。	如法智中應知其相。	One should understand its characteristics as in the case of dharma knowledge.
['T27n1545_106:0551b14_6']	然成就法智及苦智。	然成就法智及苦智。	However, one who possesses dharma knowledge and suffering knowledge.
['T27n1545_106:0551b14_16']	以苦法智時為初成就。	以苦法智時為初成就。	At the time of suffering and dharma knowledge, one first possesses it.
['T27n1545_106:0551b15_10']	類智以苦類智時為初成就。	類智以苦類智時為初成就。	Subsequent knowledge is first possessed at the time of suffering and subsequent knowledge.
['T27n1545_106:0551b16_6']	他心智以離欲染第九解脫道。	他心智以離欲染第九解脫道。	The knowledge of others' minds, in the ninth liberated path of detachment from desire,
['T27n1545_106:0551b17_6']	及無色界沒生色界中有結生心為初成就。	及無色界沒生色界中有結生心為初成就。	and in the intermediate state of rebirth in the form realm after falling from the formless realm, first possesses the mind of rebirth.
['T27n1545_106:0551b18_2']	世俗智無初一切有情本成就故。	世俗智無初一切有情本成就故。	Conventional knowledge is not the first, because all sentient beings originally possess it.
['T27n1545_106:0551b18_16']	成就集智以集法智時為初成就。	成就集智以集法智時為初成就。	The knowledge of accumulation is first possessed at the time of the knowledge of accumulation and dharma.
['T27n1545_106:0551b19_10']	滅智以滅法智時為初成就。	滅智以滅法智時為初成就。	The knowledge of cessation is initially accomplished at the time of the knowledge of cessation of the dharma.
['T27n1545_106:0551b20_2']	道智以法智時為初。	道智以法智時為初。	The knowledge of the path is initially accomplished at the time of the knowledge of the dharma.
['T27n1545_106:0551b20_10']	法類苦集滅道智。	法類苦集滅道智。	The knowledge of the dharma, knowledge of the classes, knowledge of suffering, knowledge of the cause, knowledge of cessation, and knowledge of the path.
['T27n1545_106:0551b20_15']	從初得後。	從初得後。	From the initial attainment,
['T27n1545_106:0551b21_7']	乃至未般涅槃恒時成就。	乃至未般涅槃恒時成就。	until one has not yet attained final nirvana, one is always accomplished.
['T27n1545_106:0551b21_17']	世俗智從不可知本際。	世俗智從不可知本際。	The knowledge of the conventional from the beginningless beginning,
['T27n1545_106:0551b22_9']	乃至未般涅槃恒時成就。	乃至未般涅槃恒時成就。	until one has not yet attained final nirvana, one is always accomplished.
['T27n1545_106:0551b23_13']	他心智已離欲染未生無色界未般涅槃恒時成就。	他心智已離欲染未生無色界未般涅槃恒時成就。	The knowledge of others' minds, having already been free from the defilements of desire, not yet born in the formless realm, and not yet attained final nirvana, one is always accomplished.
['T27n1545_106:0551b24_5']	是謂此處略毘婆沙。	是謂此處略毘婆沙。	This is called the brief explanation of this matter.
['T27n1545_106:0551b25_8']	若修法智亦類智耶。	若修法智亦類智耶。	If one cultivates the knowledge of the dharma, does one also cultivate the knowledge of the classes?
['T27n1545_106:0551b25_13']	乃至廣說。	乃至廣說。	And so on, it is explained in detail.
['T27n1545_106:0551b26_2']	問何故作此論。	問何故作此論。	Question: Why is this treatise composed?
['T27n1545_106:0551b26_12']	答為止他宗顯正理故。	答為止他宗顯正理故。	Answer: In order to stop other schools and reveal the correct principle.
['T27n1545_106:0551b26_17']	謂或有說。	謂或有說。	That is to say, some say:
['T27n1545_106:0551b27_9']	善染無記法皆有修義。	善染無記法皆有修義。	The good, defiled, and indeterminate dharmas all have the meaning of cultivation.
['T27n1545_106:0551b28_7']	為遮彼執顯唯善有為法得有修義。	為遮彼執顯唯善有為法得有修義。	In order to refute that attachment and reveal that only the good conditioned dharmas have the meaning of cultivation.
['T27n1545_106:0551b28_12']	云何知然。	云何知然。	How do we know this?
['T27n1545_106:0551b28_17']	如契經說。	如契經說。	As the sutra says:
['T27n1545_106:0551b29_7']	善有為法應修非餘。	善有為法應修非餘。	The good conditioned dharmas should be cultivated, not the others.
['T27n1545_106:0551b29_12']	所以者何。	所以者何。	Why is this?
['T27n1545_106:0551c01_3']	若法智者為愛果故。	若法智者為愛果故。	If a dharma is one that the wise cultivate in order to obtain its fruit of love,
['T27n1545_106:0551c01_12']	精勤修習令漸增長。	精勤修習令漸增長。	they diligently cultivate it and cause it to gradually increase.
['T27n1545_106:0551c01_17']	說名為修。	說名為修。	This is called cultivation.
['T27n1545_106:0551c02_8', 'T27n1545_106:0551c03_3']	唯善有為法能得愛果。🔽謂得世間可愛異熟增上果故。	唯善有為法能得愛果。 謂得世間可愛異熟增上果故。	Only good conditioned dharmas can obtain the fruit of love,🔽because they obtain the worldly loved retribution and dominant fruit.
['T27n1545_106:0551c03_12']	亦得出世離繫果故。	亦得出世離繫果故。	They also obtain the supramundane fruit of separation.
['T27n1545_106:0551c04_3']	諸有智者精勤修習。	諸有智者精勤修習。	The wise diligently cultivate them,
['T27n1545_106:0551c05_3']	從下至中從中至上令速獲得所求愛果。	從下至中從中至上令速獲得所求愛果。	from the lower to the middle, from the middle to the higher, causing them to be quickly obtained and becoming the loved fruit that is sought.
['T27n1545_106:0551c06_2']	染無記法及善無為無如是用故不名修。	染無記法及善無為無如是用故不名修。	Defiled indeterminate dharmas and good unconditioned dharmas do not have this function, therefore they are not called cultivation.
['T27n1545_106:0551c06_11']	或有撥無未來修義。	或有撥無未來修義。	Some deny the meaning of future cultivation,
['T27n1545_106:0551c07_4']	謂過去未來俱無實體故。	謂過去未來俱無實體故。	saying that past and future are both without real substance.
['T27n1545_106:0551c08_1']	為遮彼執顯定實有過去未來。	為遮彼執顯定實有過去未來。	In order to refute this view and show that past and future definitely really exist,
['T27n1545_106:0551c08_10']	現在能修未來善法。	現在能修未來善法。	[the text says] the present can cultivate future good dharmas.
['T27n1545_106:0551c09_1']	謂現在世勝善為因。	謂現在世勝善為因。	That is to say, the present excellent good serves as the cause,
['T27n1545_106:0551c09_10']	引起未來諸善法得。	引起未來諸善法得。	and causes the acquisition of future good dharmas to be brought forth.
['T27n1545_106:0551c10_3']	由得彼法故說彼為所修。	由得彼法故說彼為所修。	Because of acquiring those dharmas, they are said to be what is cultivated.
['T27n1545_106:0551c10_12']	若無能修未來善者。	若無能修未來善者。	If there were no cultivation of future wholesome dharmas,
['T27n1545_106:0551c11_4']	則應無有得果等義。	則應無有得果等義。	then there would be no such things as attaining the fruits [of the path].
['T27n1545_106:0551c12_3']	謂得果等時現在唯有一智未來修八智。	謂得果等時現在唯有一智未來修八智。	That is to say, when attaining the fruits [of the path], in the present there is only one kind of knowledge, and in the future one cultivates eight kinds of knowledge.
['T27n1545_106:0551c13_1']	現在唯有一行相未來修十六行相。	現在唯有一行相未來修十六行相。	In the present there is only one kind of aspect, and in the future one cultivates sixteen aspects.
['T27n1545_106:0551c13_16']	現在唯有一剎那未來修無量剎那。	現在唯有一剎那未來修無量剎那。	In the present there is only one instant, and in the future one cultivates innumerable instants.
['T27n1545_106:0551c14_10']	現在或唯有有漏心心所法。	現在或唯有有漏心心所法。	In the present there may only be defiled mind and mental factors,
['T27n1545_106:0551c15_4']	未來修有漏無漏心心所法。	未來修有漏無漏心心所法。	and in the future one cultivates defiled and undefiled mind and mental factors.
['T27n1545_106:0551c15_17']	或有現在唯有無漏心心所法。	或有現在唯有無漏心心所法。	Or in the present there may only be undefiled mind and mental factors,
['T27n1545_106:0551c16_10']	未來修無漏有漏心心所法。	未來修無漏有漏心心所法。	and in the future one cultivates undefiled and defiled mind and mental factors.
['T27n1545_106:0551c17_1']	如是等事皆應不成。	如是等事皆應不成。	Such things would all be impossible.
['T27n1545_106:0551c17_12']	復次諸佛證得大菩提時。	復次諸佛證得大菩提時。	Furthermore, when the Buddhas realize great enlightenment,
['T27n1545_106:0551c18_3']	現在唯有盡智功德。	現在唯有盡智功德。	in the present there is only the merit of the knowledge of exhaustion.
['T27n1545_106:0551c18_12']	若無未來修善義者。	若無未來修善義者。	If there were no meaning of cultivating future wholesome dharmas,
['T27n1545_106:0551c19_3']	則應諸佛無一切智。	則應諸佛無一切智。	then the Buddhas would not have omniscience.
['T27n1545_106:0551c19_12']	勿有此等大過失故。	勿有此等大過失故。	In order to avoid these great errors,
['T27n1545_106:0551c20_3']	必應許修未來善法。	必應許修未來善法。	one must certainly allow for the cultivation of future wholesome dharmas.
['T27n1545_106:0551c20_12']	為遮此等種種異執。	為遮此等種種異執。	In order to refute these various heterodox views,
['T27n1545_106:0551c21_3']	及顯正理故作斯論。	及顯正理故作斯論。	and to reveal the correct principles, this treatise is composed.
['T27n1545_106:0551c21_12']	修有四種如前廣說。	修有四種如前廣說。	There are four kinds of cultivation, as explained in detail above.
['T27n1545_106:0551c22_3']	此中唯依二修作論。	此中唯依二修作論。	Among them, only two kinds of cultivation are discussed here,
['T27n1545_106:0551c22_9']	謂得修習修。	謂得修習修。	namely, cultivation through attainment and cultivation through practice.🔽Here is the corrected and aligned text:
['T27n1545_106:0551c23_100']	說一切有部發智大毘婆沙論卷第一百六	說一切有部發智大毘婆沙論卷第一百六	Sarvâstivāda Abhidharma-mahāvibhāṣā-śāstra, fascicle 106
