segmentnr	original	analyzed	translated
['T27n1545_032:0163a19_0']	阿毘達磨大毘婆沙論卷第三十	阿毘達磨大毘婆沙論卷第三十	Abhidharma-mahāvibhāṣā-śāstra, fascicle 30
['T27n1545_032:0163a20_0']	二	二	two
['T27n1545_032:0163a22_0']	五百大阿羅漢等造	五百大阿羅漢等造	composed by 500 great arhats and others
['T27n1545_032:0163a25_8']	三藏法師玄奘奉　詔譯4雜蘊第一中愛敬納息第四之四如是擇滅亦名涅槃。	三藏法師玄奘奉　詔譯4雜蘊第一中愛敬納息第四之四如是擇滅亦名涅槃。	tripiṭaka master Xuanzang respectfully received
['T27n1545_032:0163a25_14', 'T27n1545_032:0163a26_1']	亦名不同類。🔽亦名非聚。	亦名不同類。 亦名非聚。	also called not of the same kind🔽also called not a collection
['T27n1545_032:0163a26_6']	亦名非顯。	亦名非顯。	also called not manifest
['T27n1545_032:0163a26_11']	亦名最勝。	亦名最勝。	also called supreme
['T27n1545_032:0163a26_16']	亦名通達。	亦名通達。	also called penetrating understanding
['T27n1545_032:0163a27_2', 'T27n1545_032:0163a27_8']	亦名阿羅漢。🔽亦名不親近。	亦名阿羅漢。 亦名不親近。	also called arhat🔽also called not associating closely
['T27n1545_032:0163a27_14']	亦名不修習。	亦名不修習。	also called not cultivating
['T27n1545_032:0163a28_1']	亦名可愛樂。	亦名可愛樂。	also called delightful
['T27n1545_032:0163a28_5']	亦名近。	亦名近。	also called near
['T27n1545_032:0163a28_9']	亦名妙。	亦名妙。	also called wonderful
['T27n1545_032:0163a28_14']	亦名出離。	亦名出離。	also called liberation
['T27n1545_032:0163a29_4']	問何故擇滅亦名涅槃。	問何故擇滅亦名涅槃。	Question: Why is cessation through discrimination also called nirvāṇa?
['T27n1545_032:0163a29_14']	答槃名為趣涅名為出。	答槃名為趣涅名為出。	Answer: Pan means to go, and nir means to come out.
['T27n1545_032:0163b01_5']	永出諸趣故名涅槃。	永出諸趣故名涅槃。	Because one permanently comes out of all going, it is called nirvāṇa.
['T27n1545_032:0163b01_16']	復次槃名為臭涅名為無。	復次槃名為臭涅名為無。	Furthermore, pan means foul, and nir means none.
['T27n1545_032:0163b02_11']	永無臭穢諸煩惱業故名涅槃。	永無臭穢諸煩惱業故名涅槃。	Because one permanently has no foul defilements and karmas, it is called nirvāṇa.
['T27n1545_032:0163b03_5']	復次槃名稠林涅名永離。	復次槃名稠林涅名永離。	Furthermore, pan means dense forest, and nir means permanently free from.
['T27n1545_032:0163b04_4']	永離一切三火三相諸蘊稠林故名涅槃。	永離一切三火三相諸蘊稠林故名涅槃。	Because one is permanently free from all three fires, three characteristics, and the dense forest of aggregates, it is called nirvāṇa.
['T27n1545_032:0163b04_15']	復次槃名為織涅名為不。	復次槃名為織涅名為不。	Furthermore, pan means weaving and nie means not.
['T27n1545_032:0163b05_6']	此中永無煩惱業縷。	此中永無煩惱業縷。	Here, there are no more threads of afflictions and karma.
['T27n1545_032:0163b06_2']	不織生死異熟果絹故名涅槃。	不織生死異熟果絹故名涅槃。	Because it does not weave the silk of the karmic retribution of birth and death, it is called nirvana.
['T27n1545_032:0163b06_7']	餘如前說。	餘如前說。	The rest is as explained above.
['T27n1545_032:0163b06_18']	問何故擇滅亦名不同類。	問何故擇滅亦名不同類。	Question: Why is cessation through discrimination also called not of the same type?
['T27n1545_032:0163b07_6']	答無同類因故。	答無同類因故。	Answer: Because it has no causes of the same type.
['T27n1545_032:0163b07_13']	亦非同類因故。	亦非同類因故。	And because it is also not a cause of the same type.
['T27n1545_032:0163b07_18']	餘如前說。	餘如前說。	The rest is as explained above.
['T27n1545_032:0163b08_9']	問何故擇滅亦名非聚。	問何故擇滅亦名非聚。	Question: Why is cessation through discrimination also called not a collection?
['T27n1545_032:0163b08_15']	答離諸聚故。	答離諸聚故。	Answer: Because it is apart from all collections.
['T27n1545_032:0163b09_6']	謂說有為無住相者。	謂說有為無住相者。	That is to say, those who say conditioned phenomena have no characteristic of abiding
['T27n1545_032:0163b09_17']	彼說有為法必四類共聚。	彼說有為法必四類共聚。	say that conditioned phenomena must be a collection of four categories,
['T27n1545_032:0163b10_6']	謂自體及三相。	謂自體及三相。	namely the substance itself and the three characteristics.
['T27n1545_032:0163b10_15']	若說有為有住相者。	若說有為有住相者。	If one says that conditioned phenomena have the characteristic of abiding,
['T27n1545_032:0163b11_8']	彼說有為法必五類共聚。	彼說有為法必五類共聚。	then one says that conditioned phenomena must be a collection of five categories,
['T27n1545_032:0163b11_15']	謂自體及四相。	謂自體及四相。	namely the substance itself and the four characteristics.
['T27n1545_032:0163b12_15']	復次諸界諸趣諸生諸蘊諸世諸苦皆名為聚。	復次諸界諸趣諸生諸蘊諸世諸苦皆名為聚。	Furthermore, the realms, destinies, births, aggregates, worlds, and sufferings are all called collections.
['T27n1545_032:0163b13_6']	擇滅異彼故名非聚。	擇滅異彼故名非聚。	Cessation through discrimination is different from them, so it is called not a collection.
['T27n1545_032:0163b13_16']	問何故擇滅亦名非顯。	問何故擇滅亦名非顯。	Question: Why is cessation through discrimination also called not manifest?
['T27n1545_032:0163b14_12']	答顯謂稱讚涅槃功德智者極成。	答顯謂稱讚涅槃功德智者極成。	Answer: Manifest refers to the praise of the merits of nirvana, which is well-known to the wise.
['T27n1545_032:0163b15_3']	不待稱讚故名非顯。	不待稱讚故名非顯。	It is called non-manifest because it does not need to be praised.
['T27n1545_032:0163b15_18']	復次涅槃功德無邊際故不可稱讚。	復次涅槃功德無邊際故不可稱讚。	Moreover, the merits of nirvana are boundless, so they cannot be praised.
['T27n1545_032:0163b16_2']	如說。	如說。	As it is said:
['T27n1545_032:0163b16_17']	此人技術無邊不可稱讚故名非顯。	此人技術無邊不可稱讚故名非顯。	This person's skills are boundless and cannot be praised, so it is called 'non-manifest'.
['T27n1545_032:0163b17_14']	復次顯名毀呰涅槃功德究竟圓滿。	復次顯名毀呰涅槃功德究竟圓滿。	Moreover, manifest means to disparage the ultimate perfection of the merits of nirvana.
['T27n1545_032:0163b18_15']	如末尼珠周圓光淨不可毀呰故名非顯。	如末尼珠周圓光淨不可毀呰故名非顯。	Like a maṇi jewel, which is completely pure and cannot be disparaged, so it is called non-manifest.
['T27n1545_032:0163b19_9']	復次涅槃功德究竟安住。	復次涅槃功德究竟安住。	Moreover, the merits of nirvana ultimately abide.
['T27n1545_032:0163b20_1']	如末尼珠體無增減。	如末尼珠體無增減。	Like a maṇi jewel, whose substance neither increases nor decreases.
['T27n1545_032:0163b21_1']	隨所置處即便安住不可毀呰故名非顯。	隨所置處即便安住不可毀呰故名非顯。	Wherever it is placed, it immediately abides and cannot be disparaged, so it is called non-manifest.
['T27n1545_032:0163b22_6']	復次顯謂顯說涅槃是聖現量所證不可顯說故名非顯。	復次顯謂顯說涅槃是聖現量所證不可顯說故名非顯。	Moreover, manifest means to explain that nirvana is realized by the direct perception of the sages, but it cannot be explained, so it is called non-manifest.
['T27n1545_032:0163b22_17', 'T27n1545_032:0163b23_8']	復次諸有為法有因有果。🔽可得以因顯說其果。	復次諸有為法有因有果。 可得以因顯說其果。	Moreover, all conditioned dharmas have causes and effects.🔽The effect can be explained by the cause.
['T27n1545_032:0163b24_1']	亦得以果顯說其因。	亦得以果顯說其因。	The cause can also be explained by the effect.
['T27n1545_032:0163b25_7']	涅槃無為無因無果不可顯說故名非顯復次顯謂顯示。	涅槃無為無因無果不可顯說故名非顯復次顯謂顯示。	Because nirvana is unconditioned, without cause or effect, and cannot be explained, it is called non-manifest. Furthermore, manifest means to reveal.
['T27n1545_032:0163b26_10']	涅槃寂靜無婆羅門剎帝利等種姓差別可以顯示。	涅槃寂靜無婆羅門剎帝利等種姓差別可以顯示。	Nirvana is tranquil, without distinctions of caste such as brahmin or kshatriya that can be revealed.
['T27n1545_032:0163b27_5']	亦無青黃赤白等相可以顯示。	亦無青黃赤白等相可以顯示。	It also has no characteristics such as blue, yellow, red, or white that can be revealed.
['T27n1545_032:0163b27_10']	故名非顯。	故名非顯。	Therefore, it is called non-manifest.
['T27n1545_032:0163b27_17']	復次顯謂顯現。	復次顯謂顯現。	Furthermore, manifest means to manifest.
['T27n1545_032:0163b29_6']	諸有為法或體是色其相顯現或雖非色而依色轉亦可顯現。	諸有為法或體是色其相顯現或雖非色而依色轉亦可顯現。	All conditioned dharmas, whether their substance is form or their characteristics are manifest, or although not form, they still depend on form and can be manifested.
['T27n1545_032:0163b29_15']	涅槃不然故名非顯。	涅槃不然故名非顯。	Nirvana is not like this, so it is called non-manifest.
['T27n1545_032:0163c01_7']	問何故擇滅亦名最勝。	問何故擇滅亦名最勝。	Why is cessation also called supreme?
['T27n1545_032:0163c01_13']	答以上妙故。	答以上妙故。	Because it is the most wonderful.
['T27n1545_032:0163c02_12']	如世上妙衣服飲食莊嚴具等名為最勝。	如世上妙衣服飲食莊嚴具等名為最勝。	Like the most wonderful clothes, food and drink, ornaments, etc. in the world are called supreme.
['T27n1545_032:0163c02_17']	涅槃亦爾。	涅槃亦爾。	Nirvana is also like this.
['T27n1545_032:0163c03_7']	尊者妙音作如是說。	尊者妙音作如是說。	The Venerable Subhagupta says like this.
['T27n1545_032:0163c04_3', 'T27n1545_032:0163c04_12']	擇滅涅槃於諸法中是最勝法。🔽於諸義中是最勝義。	擇滅涅槃於諸法中是最勝法。 於諸義中是最勝義。	Cessation and nirvana are the most supreme dharmas among all dharmas.🔽They are the most supreme meanings among all meanings.
['T27n1545_032:0163c05_3']	於諸事中是最勝事。	於諸事中是最勝事。	They are the most supreme events among all events.
['T27n1545_032:0163c05_12']	於諸理中是最勝理。	於諸理中是最勝理。	Among all principles, it is the most supreme principle.
['T27n1545_032:0163c06_3']	於諸果中是最勝果。	於諸果中是最勝果。	Among all fruits, it is the most supreme fruit.
['T27n1545_032:0163c06_8']	故名最勝。	故名最勝。	Therefore, it is called most supreme.
['T27n1545_032:0163c06_18']	問何故擇滅亦名通達。	問何故擇滅亦名通達。	Question: Why is cessation also called penetration?
['T27n1545_032:0163c07_15']	答通達謂慧涅槃是慧果故亦名通達。	答通達謂慧涅槃是慧果故亦名通達。	Answer: Penetration refers to wisdom. Nirvana is the fruit of wisdom, so it is also called penetration.
['T27n1545_032:0163c08_10']	如九遍知是智果故亦名遍知。	如九遍知是智果故亦名遍知。	Just as the nine kinds of complete knowledge are also called complete knowledge because they are the fruit of knowledge.
['T27n1545_032:0163c09_5']	亦如六處是業果故說名故業。	亦如六處是業果故說名故業。	It is also like the six sense bases, which are called intentional actions because they are the fruit of actions.
['T27n1545_032:0163c10_2']	復次擇滅涅槃是通達果故名通達。	復次擇滅涅槃是通達果故名通達。	Moreover, cessation and nirvana are the fruit of penetration, so they are called penetration.
['T27n1545_032:0163c10_15']	如天眼耳是通果故亦名為通。	如天眼耳是通果故亦名為通。	Just as the heavenly eye and ear are also called supernormal powers because they are the fruit of supernormal powers.
['T27n1545_032:0163c11_8']	問何故擇滅亦名阿羅漢。	問何故擇滅亦名阿羅漢。	Question: Why is cessation also called arhat?
['T27n1545_032:0163c11_15']	答應受供養故。	答應受供養故。	Answer: Because they should receive offerings.
['T27n1545_032:0163c13_5']	謂阿羅漢總目應義無有世間上妙供具擇滅涅槃不應受者。	謂阿羅漢總目應義無有世間上妙供具擇滅涅槃不應受者。	That is to say, arhat generally refers to the meaning of should. There is no worldly supreme offering that cessation and nirvana should not receive.
['T27n1545_032:0163c13_12']	復次羅漢名應。	復次羅漢名應。	Moreover, arhat is called should.
['T27n1545_032:0163c13_17']	阿之言不。	阿之言不。	A means not.
['T27n1545_032:0163c14_14']	擇滅涅槃於諸界趣不應流轉故名不應。	擇滅涅槃於諸界趣不應流轉故名不應。	Cessation and nirvana should not flow through the realms and destinies, so it is called should not.
['T27n1545_032:0163c15_4']	復次羅漢名賊。	復次羅漢名賊。	Moreover, arhat is called thief.
['T27n1545_032:0163c15_9']	亦名為怨。	亦名為怨。	It is also called an enemy.
['T27n1545_032:0163c15_14']	阿之言無。	阿之言無。	A means non-existence.
['T27n1545_032:0163c16_4']	涅槃中無煩惱怨賊。	涅槃中無煩惱怨賊。	In nirvana, there are no afflictions and thieves.
['T27n1545_032:0163c16_13']	是故擇滅名阿羅漢。	是故擇滅名阿羅漢。	Therefore, cessation through discrimination is called arhat.
['T27n1545_032:0163c17_5']	問何故擇滅亦名不親近。	問何故擇滅亦名不親近。	Question: Why is cessation through discrimination also called not closely associating?
['T27n1545_032:0163c17_12']	答離親近本故。	答離親近本故。	Answer: Because it is apart from closely associating with the fundamental.
['T27n1545_032:0163c18_7']	謂有親近有為法者以貪其果。	謂有親近有為法者以貪其果。	That is to say, one who closely associates with conditioned phenomena desires its fruits.
['T27n1545_032:0163c19_3']	如貪蔭涼花葉果等親近於樹。	如貪蔭涼花葉果等親近於樹。	Like desiring shade, flowers, leaves, fruits, etc., and closely associating with a tree.
['T27n1545_032:0163c19_16']	涅槃無果可令彼貪名不親近。	涅槃無果可令彼貪名不親近。	Nirvana has no fruit that can cause one to desire it, so it is called not closely associating.
['T27n1545_032:0163c20_10']	問何故說涅槃智者應親近。	問何故說涅槃智者應親近。	Question: Why is it said that the wise should closely associate with the knowledge of nirvana?
['T27n1545_032:0163c20_14']	答智者。	答智者。	Answer: The wise.
['T27n1545_032:0163c21_2']	謂佛及佛弟子。	謂佛及佛弟子。	Refers to the Buddha and the Buddha's disciples.
['T27n1545_032:0163c21_15']	彼應解了及起得證故名親近。	彼應解了及起得證故名親近。	Because they should understand and attain realization, it is called closely associating.
['T27n1545_032:0163c22_8']	非貪其果故亦名不親近。	非貪其果故亦名不親近。	It is not because of desiring its fruits that it is also called not closely associating.
['T27n1545_032:0163c23_1']	問何故擇滅亦名不修習。	問何故擇滅亦名不修習。	Question: Why is cessation through discrimination also called not cultivating?
['T27n1545_032:0163c23_8']	答不在相續故。	答不在相續故。	Answer: Because it is not in the continuity.
['T27n1545_032:0163c24_3']	若在相續數數現前漸漸增進。	若在相續數數現前漸漸增進。	If it were in the continuity, appearing frequently and gradually increasing,
['T27n1545_032:0163c24_8']	名可修習。	名可修習。	It would be called cultivable.
['T27n1545_032:0163c25_1']	涅槃不爾故亦名不修習。	涅槃不爾故亦名不修習。	Nirvana is not like this, so it is also called not cultivable.
['T27n1545_032:0163c25_11']	問若爾頌說當云何通。	問若爾頌說當云何通。	Question: If that is so, how can the verse be interpreted?
['T27n1545_032:0163c26_0']	喬答摩樹下　　靜慮不放逸	喬答摩樹下　　靜慮不放逸	Gautama, under a tree, contemplates, not being negligent.
['T27n1545_032:0163c27_0']	不久履道迹　　涅槃在心中	不久履道迹　　涅槃在心中	Before long, he treads the path, nirvana is in his mind.
['T27n1545_032:0163c28_13']	答以涅槃得依心起故名在心中。	答以涅槃得依心起故名在心中。	Answer: Because nirvana is attained and arises in dependence on the mind, it is said to be in the mind.
['T27n1545_032:0163c29_6']	非謂涅槃有修習義。	非謂涅槃有修習義。	It is not that nirvana has the meaning of cultivation.
['T27n1545_032:0163c29_17']	問何故擇滅亦名可愛樂。	問何故擇滅亦名可愛樂。	Question: Why is cessation by discrimination also called delightful?
['T27n1545_032:0164a01_5']	答聖所愛樂故。	答聖所愛樂故。	Answer: Because it is loved by the noble ones.
['T27n1545_032:0164a01_14']	謂諸聖者怖畏眾苦。	謂諸聖者怖畏眾苦。	That is to say, the noble ones fear various sufferings.
['T27n1545_032:0164a02_5']	涅槃離苦聖者愛樂。	涅槃離苦聖者愛樂。	Nirvana is free from suffering, so the noble ones delight in it.
['T27n1545_032:0164a02_12']	復次聖厭生死。	復次聖厭生死。	Furthermore, the noble ones are disgusted with birth and death.
['T27n1545_032:0164a03_3']	彼無生死故聖愛樂。	彼無生死故聖愛樂。	Because it is free from birth and death, the noble ones delight in it.
['T27n1545_032:0164a03_16']	謂涅槃中永離一切流轉事故。	謂涅槃中永離一切流轉事故。	That is to say, in nirvana, one is permanently free from all the events of transmigration.
['T27n1545_032:0164a04_4']	復次聖厭破戒。	復次聖厭破戒。	Furthermore, the noble ones are disgusted with breaking precepts.
['T27n1545_032:0164a04_13']	彼無破戒故聖愛樂。	彼無破戒故聖愛樂。	Because it is free from breaking precepts, the noble ones delight in it.
['T27n1545_032:0164a05_7']	謂涅槃中永離一切破戒事故。	謂涅槃中永離一切破戒事故。	That is to say, in nirvana, one is permanently free from all the events of breaking precepts.
['T27n1545_032:0164a05_17']	由涅槃故佛說無漏戒。	由涅槃故佛說無漏戒。	Because of nirvana, the Buddha said that the undefiled precepts
['T27n1545_032:0164a06_5']	名聖所愛戒。	名聖所愛戒。	are called the precepts loved by the noble ones.
['T27n1545_032:0164a06_16']	此戒能證得離破戒滅故。	此戒能證得離破戒滅故。	Because these precepts can realize and attain the cessation of breaking precepts.
['T27n1545_032:0164a09_4']	由此亦名時愛解脫待時愛樂得涅槃故問何故擇滅亦名為近答得聖道者現證得故如契經說。	由此亦名時愛解脫待時愛樂得涅槃故問何故擇滅亦名為近答得聖道者現證得故如契經說。	Because one who obtains the holy path realizes it. As a sutra says:
['T27n1545_032:0164a09_13']	精進成就十五法者。	精進成就十五法者。	One who accomplishes the fifteen dharmas
['T27n1545_032:0164a10_5']	名履學迹及近涅槃。	名履學迹及近涅槃。	is said to tread the traces of learning and be near nirvana.
['T27n1545_032:0164a10_16']	復次不選相續而證得故。	復次不選相續而證得故。	Moreover, because it is realized without selecting the continuum.
['T27n1545_032:0164a11_2']	擇滅名近。	擇滅名近。	Cessation through discrimination is called near.
['T27n1545_032:0164a12_1']	謂剎帝利婆羅門等能修道者皆證涅槃。	謂剎帝利婆羅門等能修道者皆證涅槃。	This means that those of the kshatriya, brahmin, etc. who are able to cultivate the path all realize nirvana.
['T27n1545_032:0164a12_16']	復次不選處所而證得故擇滅名近。	復次不選處所而證得故擇滅名近。	Moreover, because it is realized without selecting the place, cessation through discrimination is called near.
['T27n1545_032:0164a13_15']	謂在城邑或阿練若修習聖道皆得涅槃。	謂在城邑或阿練若修習聖道皆得涅槃。	This means that whether in towns or in the forest, cultivating the holy path all attain nirvana.
['T27n1545_032:0164a14_9']	復次由勝解故擇滅名近。	復次由勝解故擇滅名近。	Moreover, because of superior resolve, cessation through discrimination is called near.
['T27n1545_032:0164a15_4']	謂諸聖者滅忍滅智現在前時。	謂諸聖者滅忍滅智現在前時。	This means that when the patience for the extinction of suffering and the knowledge of the extinction of suffering of the noble ones are present,
['T27n1545_032:0164a15_17']	由勝解力如對目前明了觀故。	由勝解力如對目前明了觀故。	because of the power of superior resolve, one clearly contemplates it as if it were right before one's eyes.
['T27n1545_032:0164a16_10']	復次如近事故擇滅名近。	復次如近事故擇滅名近。	Moreover, because it is like a near object, cessation through discrimination is called near.
['T27n1545_032:0164a17_1']	謂隨在處皆可證得。	謂隨在處皆可證得。	This means that it can be realized wherever one is.
['T27n1545_032:0164a17_7']	如品類足說。	如品類足說。	As the Prakaraṇa-śāstra says:
['T27n1545_032:0164a17_12']	云何遠法。	云何遠法。	What are distant dharmas?
['T27n1545_032:0164a17_19']	謂過去未來法。	謂過去未來法。	They are past and future dharmas.
['T27n1545_032:0164a18_4']	云何近法。	云何近法。	What are proximate dharmas?
['T27n1545_032:0164a18_13']	謂現在法及諸無為。	謂現在法及諸無為。	They are present dharmas and unconditioned dharmas.
['T27n1545_032:0164a19_5']	復次依近得故擇滅名近。	復次依近得故擇滅名近。	Moreover, because of the attainment of the proximate, cessation is called proximate.
['T27n1545_032:0164a19_14']	謂現在世說名為近。	謂現在世說名為近。	The present world is called proximate.
['T27n1545_032:0164a20_13']	依現在世起離繫得證得擇滅故名為近。	依現在世起離繫得證得擇滅故名為近。	Because one gives rise to the attainment of disjunction and realizes cessation based on the present world, it is called proximate.
['T27n1545_032:0164a21_7']	復次捨近入故擇滅名近。	復次捨近入故擇滅名近。	Moreover, because one abandons the proximate and enters, cessation is called proximate.
['T27n1545_032:0164a21_16']	謂現在世說名近法。	謂現在世說名近法。	The present world is called a proximate dharma.
['T27n1545_032:0164a22_7']	捨此近法而入涅槃。	捨此近法而入涅槃。	One abandons this proximate dharma and enters nirvana.
['T27n1545_032:0164a22_16']	是故涅槃亦名為近。	是故涅槃亦名為近。	Therefore, nirvana is also called proximate.
['T27n1545_032:0164a23_3']	脇尊者曰。	脇尊者曰。	Venerable Pārśva said:
['T27n1545_032:0164a23_12']	勤修道者直趣涅槃。	勤修道者直趣涅槃。	Those who diligently cultivate the path go straight to nirvana.
['T27n1545_032:0164a23_17']	故名為近。	故名為近。	Therefore, it is called proximate.
['T27n1545_032:0164a24_9']	復次聖道所依各有差別。	復次聖道所依各有差別。	Moreover, the basis of the noble path has its own distinctions.
['T27n1545_032:0164a24_18']	涅槃無定故名為近。	涅槃無定故名為近。	Nirvana has no fixed [basis], therefore it is called proximate.
['T27n1545_032:0164a25_8']	能修道者皆證得故。	能修道者皆證得故。	Because those who are able to cultivate the path all realize it.
['T27n1545_032:0164a25_14']	問聖道亦妙。	問聖道亦妙。	Question: The noble path is also wonderful.
['T27n1545_032:0164a26_1']	如品類足說。	如品類足說。	As the Prakaraṇa-śāstra says:
['T27n1545_032:0164a26_6']	云何妙法。	云何妙法。	What are wonderful dharmas?
['T27n1545_032:0164a26_17']	謂學無學法及擇滅無為。	謂學無學法及擇滅無為。	They are the dharmas of learners, adepts, and the unconditioned of cessation through discernment.
['T27n1545_032:0164a27_6']	何故涅槃獨名為妙。	何故涅槃獨名為妙。	Why is nirvana alone called wonderful?
['T27n1545_032:0164a28_8']	答以涅槃是妙中妙故復次聖道雖妙而雜無常。	答以涅槃是妙中妙故復次聖道雖妙而雜無常。	Answer: Because nirvana is the most wonderful of all wonderful things. Moreover, although the noble path is wonderful, it is mixed with impermanence.
['T27n1545_032:0164a28_17']	涅槃不爾故獨名妙。	涅槃不爾故獨名妙。	Nirvana is not like this, so it is alone called wonderful.
['T27n1545_032:0164a29_9']	復次聖道雖妙有能對治。	復次聖道雖妙有能對治。	Moreover, although the noble path is wonderful, it has the ability to counteract.
['T27n1545_032:0164b01_1']	厭患善法謂空空等。	厭患善法謂空空等。	The good dharmas of disgust and aversion, such as emptiness and emptiness, etc.
['T27n1545_032:0164b01_10']	涅槃不爾故獨名妙。	涅槃不爾故獨名妙。	Nirvana is not like this, so it is alone called wonderful.
['T27n1545_032:0164b02_1']	問聖道亦是出離之法。	問聖道亦是出離之法。	Question: The noble path is also the Dharma of liberation.
['T27n1545_032:0164b02_7']	如品類足說。	如品類足說。	As the Abhidharma-nyāyânusāra-śāstra says:
['T27n1545_032:0164b03_5']	云何出離法。	云何出離法。	What are the dharmas of liberation?
['T27n1545_032:0164b03_11']	謂欲界善戒。	謂欲界善戒。	It refers to the good precepts of the desire realm,
['T27n1545_032:0164b04_2']	及色無色界離生善定。	及色無色界離生善定。	and the good samādhi of separation and arising in the form and formless realms,
['T27n1545_032:0164b04_11']	并學無學擇滅無為。	并學無學擇滅無為。	as well as the unconditioned nirvāṇa of learners and post-learners.
['T27n1545_032:0164b05_2']	何故涅槃獨名出離。	何故涅槃獨名出離。	Why is nirvana alone called liberation?
['T27n1545_032:0164b05_14']	答涅槃是出離非有出離故。	答涅槃是出離非有出離故。	Answer: Nirvana is liberation but not that which is liberated,
['T27n1545_032:0164b06_8']	聖道是出離亦是有出離。	聖道是出離亦是有出離。	while the noble path is liberation and also that which is liberated.
['T27n1545_032:0164b06_17']	般涅槃時出離彼故。	般涅槃時出離彼故。	Because when one attains parinirvāṇa, one is liberated from it.
['T27n1545_032:0164b07_10']	復次涅槃是真出離法故。	復次涅槃是真出離法故。	Moreover, because nirvana is the true Dharma of liberation.
['T27n1545_032:0164b08_1']	謂有漏法有二種捨。	謂有漏法有二種捨。	It means that contaminated dharmas have two kinds of abandonment:
['T27n1545_032:0164b08_5']	一斷捨。	一斷捨。	1. Abandonment by cutting off,
['T27n1545_032:0164b08_9']	二棄捨。	二棄捨。	Second, abandonment.
['T27n1545_032:0164b09_4']	無漏有為雖無斷捨而有棄捨。	無漏有為雖無斷捨而有棄捨。	Although the conditioned with outflows have no abandonment through cutting off, they have abandonment through relinquishment.
['T27n1545_032:0164b09_13']	唯有擇滅二捨俱無。	唯有擇滅二捨俱無。	Only cessation through discrimination has neither abandonment.
['T27n1545_032:0164b10_1']	名真出離。	名真出離。	It is called true liberation.
['T27n1545_032:0164b10_14']	復次涅槃是究竟出離功德故。	復次涅槃是究竟出離功德故。	Furthermore, nirvana is the merit of ultimate liberation,
['T27n1545_032:0164b11_1']	如契經說。	如契經說。	as a sutra says:
['T27n1545_032:0164b11_13']	以色出離欲以無色出離色。	以色出離欲以無色出離色。	Liberating desire through form, liberating form through the formless,
['T27n1545_032:0164b12_4']	以聖道出離無色。	以聖道出離無色。	liberating the formless through the noble path,
['T27n1545_032:0164b12_15']	以涅槃出離一切有為法。	以涅槃出離一切有為法。	liberating all conditioned dharmas through nirvana.
['T27n1545_032:0164b13_10']	問已知非擇滅體非離繫。	問已知非擇滅體非離繫。	It is already known that cessation not due to discrimination is not disjunction.
['T27n1545_032:0164b14_2']	應說何故名非擇滅耶。	應說何故名非擇滅耶。	It should be explained why it is called cessation not due to discrimination.
['T27n1545_032:0164b14_16']	答不由擇慧得此滅故名非擇滅。	答不由擇慧得此滅故名非擇滅。	The answer is: because this cessation is not attained through the discrimination of wisdom, it is called cessation not due to discrimination.
['T27n1545_032:0164b15_4']	非擇果故。	非擇果故。	Because it is not the fruit of discrimination.
['T27n1545_032:0164b16_11']	復次此滅不由一向劬勞一向加行一向功用簡擇諸法得故。	復次此滅不由一向劬勞一向加行一向功用簡擇諸法得故。	Furthermore, this cessation is not attained through one-sided exertion, one-sided practice, or one-sided effort in discriminating dharmas,
['T27n1545_032:0164b16_16']	名非擇滅。	名非擇滅。	therefore it is called cessation not due to discrimination.
['T27n1545_032:0164b17_1']	復次。	復次。	Furthermore,
['T27n1545_032:0164b17_15']	此滅不要由數數決擇苦等得故。	此滅不要由數數決擇苦等得故。	this cessation does not necessarily have to be attained through repeatedly discriminating suffering, etc.,
['T27n1545_032:0164b18_2']	名非擇滅。	名非擇滅。	therefore it is called cessation not due to discrimination.
['T27n1545_032:0164b18_12']	問若爾此滅由何而得。	問若爾此滅由何而得。	Question: If that is so, by what is this cessation obtained?
['T27n1545_032:0164b18_18']	答由緣闕故。	答由緣闕故。	Answer: It is obtained by the absence of conditions.
['T27n1545_032:0164b19_4']	如對一方。	如對一方。	Just as in one direction,
['T27n1545_032:0164b19_17']	餘方所有色聲香味觸等境滅。	餘方所有色聲香味觸等境滅。	in other directions, the objects of form, sound, smell, taste, and touch cease.
['T27n1545_032:0164b20_8']	於彼能緣心心所法。	於彼能緣心心所法。	For the mind and mental factors that can perceive them,
['T27n1545_032:0164b20_17']	由緣闕故畢竟不生。	由緣闕故畢竟不生。	by the absence of conditions, they are ultimately not produced.
['T27n1545_032:0164b21_8']	由此不生得非擇滅。	由此不生得非擇滅。	By this non-production, non-analytical cessation is obtained.
['T27n1545_032:0164b22_3']	問於何世諸法得非擇滅耶。	問於何世諸法得非擇滅耶。	Question: In what time period are dharmas obtained as non-analytical cessation?
['T27n1545_032:0164b22_8']	有作是說。	有作是說。	There is an explanation:
['T27n1545_032:0164b23_1']	於三世諸法皆得非擇滅。	於三世諸法皆得非擇滅。	Non-analytical cessation is obtained for dharmas in the three time periods.
['T27n1545_032:0164b23_6', 'T27n1545_032:0164b23_16']	是有為故。🔽問若爾於何不得此滅。	是有為故。 問若爾於何不得此滅。	Because they are conditioned.
['T27n1545_032:0164b24_10']	得與不得復有何異有餘師說。	得與不得復有何異有餘師說。	Question: If that is so, why is it not obtained? What is the difference between obtaining and not obtaining? Other masters say:
['T27n1545_032:0164b25_10']	但於過去未來諸法得非擇滅非於現在。	但於過去未來諸法得非擇滅非於現在。	Non-analytical cessation is only obtained for past and future dharmas, not for present ones.
['T27n1545_032:0164b26_2']	以現在法在身行故。	以現在法在身行故。	Because present dharmas are in the body and functioning.
['T27n1545_032:0164b27_2']	問若爾此滅應一一念得已還捨捨已復得。	問若爾此滅應一一念得已還捨捨已復得。	Question: If that is so, then this cessation should be obtained in each moment and then abandoned, and after abandoning it, it should be obtained again.
['T27n1545_032:0164b27_11']	謂未來法入現在時。	謂未來法入現在時。	That is to say, when future dharmas enter the present,
['T27n1545_032:0164b28_9']	彼非擇滅得已還捨現在諸法入過去時。	彼非擇滅得已還捨現在諸法入過去時。	When those dharmas that have already been obtained as non-analytical cessations enter the past,
['T27n1545_032:0164b29_1']	彼非擇滅捨已復得。	彼非擇滅捨已復得。	one abandons the attainment of those non-analytical cessations and then regains them.
['T27n1545_032:0164b29_10']	然非擇滅無如是義。	然非擇滅無如是義。	However, non-analytical cessation does not have this meaning.
['T27n1545_032:0164b29_15']	或有說者。	或有說者。	Some say:
['T27n1545_032:0164b30_6']	唯於未來法得非擇滅。	唯於未來法得非擇滅。	One only obtains non-analytical cessation with respect to future dharmas.
['T27n1545_032:0164b30_12']	非過去現在。	非過去現在。	Not with respect to past or present ones.
['T27n1545_032:0164b30_17']	所以者何。	所以者何。	Why is this?
['T27n1545_032:0164c01_7']	過去諸法已在身行。	過去諸法已在身行。	Because past dharmas have already been experienced by the body.
['T27n1545_032:0164c01_16']	現在諸法在身行故。	現在諸法在身行故。	Because present dharmas are being experienced by the body.
['T27n1545_032:0164c02_8']	問若爾此滅得已應捨。	問若爾此滅得已應捨。	Question: If that is so, then one should abandon the attainment of this cessation.
['T27n1545_032:0164c02_17']	謂未來法入現在時。	謂未來法入現在時。	That is to say, when future dharmas enter the present,
['T27n1545_032:0164c03_8']	彼非擇滅得已捨故。	彼非擇滅得已捨故。	one abandons the attainment of those non-analytical cessations.
['T27n1545_032:0164c03_17']	然非擇滅無如是義。	然非擇滅無如是義。	However, non-analytical cessation does not have this meaning.
['T27n1545_032:0164c04_2']	評曰。	評曰。	The judges say:
['T27n1545_032:0164c04_15']	此非擇滅唯於未來不生法得。	此非擇滅唯於未來不生法得。	This non-analytical cessation is only obtained with respect to future dharmas that will not arise.
['T27n1545_032:0164c05_1']	所以者何。	所以者何。	Why is this?
['T27n1545_032:0164c05_14']	此滅本欲遮有為法令永不生。	此滅本欲遮有為法令永不生。	This cessation originally intends to block conditioned dharmas, causing them to never arise.
['T27n1545_032:0164c06_5']	若法不生此得便起。	若法不生此得便起。	If a dharma does not arise, then its attainment arises.
['T27n1545_032:0164c06_14']	如與欲法繫屬有情。	如與欲法繫屬有情。	It is like the dharmas that are to be abandoned, which are connected to sentient beings.
['T27n1545_032:0164c07_13']	現在正行過去已行未來當行皆有生義。	現在正行過去已行未來當行皆有生義。	Present correct practice, past practice, and future practice all have the meaning of arising.
['T27n1545_032:0164c08_16']	故於彼法不得此滅問擇滅與非擇滅何者為多。	故於彼法不得此滅問擇滅與非擇滅何者為多。	Therefore, for those dharmas, this cessation is not obtained. Question: Which is more numerous, cessation through discrimination or cessation not through discrimination?
['T27n1545_032:0164c09_4']	有作是說。	有作是說。	There is an explanation that says:
['T27n1545_032:0164c09_8']	擇滅多。	擇滅多。	Cessation through discrimination is more numerous.
['T27n1545_032:0164c09_13']	非擇滅少。	非擇滅少。	Cessation not through discrimination is less.
['T27n1545_032:0164c09_18']	所以者何。	所以者何。	Why is this?
['T27n1545_032:0164c10_7']	擇滅通於三世法得。	擇滅通於三世法得。	Cessation through discrimination is obtained for dharmas of the three times.
['T27n1545_032:0164c11_2']	非擇滅唯於未來不生法得故。	非擇滅唯於未來不生法得故。	Cessation not through discrimination is only obtained for future dharmas that will not arise.
['T27n1545_032:0164c11_7']	有餘師說。	有餘師說。	Other masters say:
['T27n1545_032:0164c11_12']	非擇滅多。	非擇滅多。	Cessation not through discrimination is more numerous.
['T27n1545_032:0164c11_16']	擇滅少。	擇滅少。	Cessation through discrimination is less.
['T27n1545_032:0164c12_1']	所以者何。	所以者何。	Why is this?
['T27n1545_032:0164c12_13']	非擇滅通於有漏無漏法得。	非擇滅通於有漏無漏法得。	Cessation not through discrimination is obtained for both contaminated and uncontaminated dharmas.
['T27n1545_032:0164c13_3']	擇滅唯於有漏法得。	擇滅唯於有漏法得。	Cessation through discrimination is only obtained for contaminated dharmas.
['T27n1545_032:0164c13_6']	評曰。	評曰。	The evaluators say:
['T27n1545_032:0164c13_11']	應作是說。	應作是說。	It should be said:
['T27n1545_032:0164c13_19']	非擇滅多擇滅少。	非擇滅多擇滅少。	Cessation not through discrimination is more numerous, cessation through discrimination is less.
['T27n1545_032:0164c14_13']	所以者何非擇滅如有為法數量。	所以者何非擇滅如有為法數量。	Why is this? Cessation not through discrimination is as numerous as conditioned dharmas.
['T27n1545_032:0164c15_6']	擇滅但如有漏法數量故。	擇滅但如有漏法數量故。	Cessation through discrimination is only as numerous as contaminated dharmas.
['T27n1545_032:0164c16_7']	若不爾者諸可生法若得不生應不得非擇滅。	若不爾者諸可生法若得不生應不得非擇滅。	If it were not so, then when dharmas that can arise obtain non-arising, they should not obtain cessation not through discrimination.
['T27n1545_032:0164c17_3']	二滅自性多少雖爾而依得者。	二滅自性多少雖爾而依得者。	Although the self-natures of the two cessations are many, based on their attainment,
['T27n1545_032:0164c17_8']	應作四句。	應作四句。	one should make four alternatives.
['T27n1545_032:0164c18_4']	有法於彼得擇滅不得非擇滅。	有法於彼得擇滅不得非擇滅。	There are dharmas that attain the cessation due to discrimination with regard to them, but do not attain the cessation not due to discrimination.
['T27n1545_032:0164c19_1']	謂過去現在及未來可生有漏法。	謂過去現在及未來可生有漏法。	This refers to past, present, and future dharmas that can be produced and are contaminated.
['T27n1545_032:0164c19_14']	有法於彼得非擇滅不得擇滅。	有法於彼得非擇滅不得擇滅。	There are dharmas that attain the cessation not due to discrimination with regard to them, but do not attain the cessation due to discrimination.
['T27n1545_032:0164c20_5']	謂未來不生無漏法。	謂未來不生無漏法。	This refers to future dharmas that cannot be produced and are uncontaminated.
['T27n1545_032:0164c21_9']	有法於彼得擇滅亦得非擇滅謂未來不生有漏法。	有法於彼得擇滅亦得非擇滅謂未來不生有漏法。	There are dharmas that attain both the cessation due to discrimination and the cessation not due to discrimination with regard to them. This refers to future dharmas that cannot be produced and are contaminated.
['T27n1545_032:0164c23_4']	有法於彼不得擇滅亦不得非擇滅謂過去現在及未來可生無漏法。	有法於彼不得擇滅亦不得非擇滅謂過去現在及未來可生無漏法。	There are dharmas that do not attain the cessation due to discrimination with regard to them, nor do they attain the cessation not due to discrimination. This refers to past, present, and future dharmas that can be produced and are uncontaminated.
['T27n1545_032:0164c24_5']	問諸有情類。	問諸有情類。	Question: Do all sentient beings
['T27n1545_032:0164c25_1']	於非擇滅為皆共得不共得耶。	於非擇滅為皆共得不共得耶。	attain the cessation not due to discrimination together or separately?
['T27n1545_032:0164c25_7', 'T27n1545_032:0164c25_18']	答此不決定。🔽於共有法非擇滅則共得。	答此不決定。 於共有法非擇滅則共得。	Answer: This is not definite.🔽With regard to shared dharmas, the cessation not due to discrimination is attained together.
['T27n1545_032:0164c26_11']	於不共法非擇滅則各別得。	於不共法非擇滅則各別得。	With regard to unshared dharmas, the cessation not due to discrimination is attained separately.
['T27n1545_032:0164c27_2']	諸異生類若住一趣。	諸異生類若住一趣。	If ordinary beings abide in one destiny,🔽with regard to the dharmas of other destinies,
['T27n1545_032:0164c27_7']	於餘趣法。	於餘趣法。	In the dharmas of other destinies.
['T27n1545_032:0164c27_16']	剎那剎那得非擇滅。	剎那剎那得非擇滅。	At every moment, they attain non-analytical cessation.
['T27n1545_032:0164c28_6']	以色等境念念滅時。	以色等境念念滅時。	Because when form and other objects cease moment by moment,
['T27n1545_032:0164c28_17']	緣彼眼識等畢竟不生故。	緣彼眼識等畢竟不生故。	the eye consciousness and other consciousnesses that take them as objects are forever unarisen.
['T27n1545_032:0164c29_4']	如住一趣。	如住一趣。	Just as one abides in one destiny,
['T27n1545_032:0164c29_13']	一界一地一處亦爾。	一界一地一處亦爾。	one realm, one stage, and one location.
['T27n1545_032:0164c30_17']	問由何善法諸修行者於諸惡趣得非擇滅。	問由何善法諸修行者於諸惡趣得非擇滅。	By what wholesome dharmas do practitioners attain non-analytical cessation in the evil destinies?
['T27n1545_032:0165a01_5']	答或由布施。	答或由布施。	The answer is: Either by giving,
['T27n1545_032:0165a01_10']	或由持戒。	或由持戒。	or by upholding precepts,
['T27n1545_032:0165a01_15']	或由聞慧。	或由聞慧。	or by hearing wisdom,
['T27n1545_032:0165a02_5']	或由思慧或由修慧。	或由思慧或由修慧。	or by thinking wisdom, or by cultivating wisdom,
['T27n1545_032:0165a03_1']	諸修行者於諸惡趣得非擇滅。	諸修行者於諸惡趣得非擇滅。	practitioners attain non-analytical cessation in the evil destinies.
['T27n1545_032:0165a03_6']	由布施者。	由布施者。	As for giving,
['T27n1545_032:0165a04_7']	有雖十二年開門大施而於惡趣不得非擇滅。	有雖十二年開門大施而於惡趣不得非擇滅。	there are those who open their doors to give widely for twelve years but do not attain non-analytical cessation in the evil destinies.
['T27n1545_032:0165a05_7']	如吠邏摩屈路羅等由彼不能厭生死故。	如吠邏摩屈路羅等由彼不能厭生死故。	Like Vṛtra, Śukra, and others, because they are unable to become disgusted with birth and death.
['T27n1545_032:0165a06_8']	有雖於一施一團食而於惡趣得非擇滅。	有雖於一施一團食而於惡趣得非擇滅。	There are those who give a single lump of food to one person but attain non-analytical cessation in the evil destinies.
['T27n1545_032:0165a06_17']	由彼深能厭生死故。	由彼深能厭生死故。	Because they are deeply able to become disgusted with birth and death.
['T27n1545_032:0165a08_6']	由持戒者有雖盡壽持別解脫戒而於惡趣不得非擇滅。	由持戒者有雖盡壽持別解脫戒而於惡趣不得非擇滅。	Because there are those who uphold precepts and keep the prātimokṣa precepts all their life, but do not attain non-analytical cessation in the evil destinies.
['T27n1545_032:0165a08_11']	如前說故。	如前說故。	As explained above.
['T27n1545_032:0165a09_11']	有雖能持一晝夜戒而於惡趣得非擇滅。	有雖能持一晝夜戒而於惡趣得非擇滅。	There are those who are able to uphold the precepts for one day and night, but attain non-analytical cessation in the evil destinies.
['T27n1545_032:0165a09_16']	如前說故。	如前說故。	As explained above.
['T27n1545_032:0165a10_4']	由聞慧者。	由聞慧者。	By means of the wisdom of hearing.
['T27n1545_032:0165a11_6']	有雖具解了三藏文義而於惡趣不得非擇滅。	有雖具解了三藏文義而於惡趣不得非擇滅。	There are those who are fully versed in the texts and meanings of the Tripiṭaka, but do not attain non-analytical cessation in the evil destinies.
['T27n1545_032:0165a11_11']	如前說故。	如前說故。	As explained above.
['T27n1545_032:0165a12_11']	有雖解了一四句頌而於惡趣得非擇滅。	有雖解了一四句頌而於惡趣得非擇滅。	There are those who understand a four-line verse, but attain non-analytical cessation in the evil destinies.
['T27n1545_032:0165a12_16']	如前說故。	如前說故。	As explained above.
['T27n1545_032:0165a13_4']	由思慧者。	由思慧者。	By means of the wisdom of reflection.
['T27n1545_032:0165a14_6']	有雖具思惟外內書論而於惡趣不得非擇滅。	有雖具思惟外內書論而於惡趣不得非擇滅。	There are those who fully contemplate external and internal treatises, but do not attain non-analytical cessation in the evil destinies.
['T27n1545_032:0165a14_11']	如前說故。	如前說故。	As explained above.
['T27n1545_032:0165a15_11']	有雖思惟少分觀法而於惡趣得非擇滅。	有雖思惟少分觀法而於惡趣得非擇滅。	There are those who contemplate a small portion of the observed dharmas, but attain non-analytical cessation in the evil destinies.
['T27n1545_032:0165a15_16']	如前說故。	如前說故。	As explained above.
['T27n1545_032:0165a16_11']	即不淨觀持息念等及諸念住。	即不淨觀持息念等及諸念住。	Such as the contemplation of impurity, mindfulness of breathing, and the establishments of mindfulness.
['T27n1545_032:0165a16_16']	由修慧者。	由修慧者。	By means of the wisdom of cultivation.
['T27n1545_032:0165a18_1']	有雖具得八地世俗定而於惡趣不得非擇滅。	有雖具得八地世俗定而於惡趣不得非擇滅。	There are those who fully attain the mundane concentration of the eighth stage but do not attain non-analytical cessation in evil destinies.
['T27n1545_032:0165a18_6']	如前說故。	如前說故。	As explained above.
['T27n1545_032:0165a18_15']	即是外道猛憙子等。	即是外道猛憙子等。	This refers to the non-Buddhists such as the son of the sage Udraka.
['T27n1545_032:0165a19_13']	有雖修習少分觀門而於惡趣得非擇滅。	有雖修習少分觀門而於惡趣得非擇滅。	There are those who cultivate a small part of the path of insight but attain non-analytical cessation in evil destinies.
['T27n1545_032:0165a20_1']	如前說故。	如前說故。	As explained above.
['T27n1545_032:0165a20_10']	即煖頂忍極鈍根者。	即煖頂忍極鈍根者。	This refers to those of extremely dull faculties such as heat, summit, and patience.
['T27n1545_032:0165a20_16']	得下品忍時。	得下品忍時。	When attaining the lower level of patience,
['T27n1545_032:0165a21_7']	於諸惡趣皆得非擇滅。	於諸惡趣皆得非擇滅。	they attain non-analytical cessation in all evil destinies.
['T27n1545_032:0165a22_10']	大德說曰要無漏慧覺知緣起方於惡趣得非擇滅。	大德說曰要無漏慧覺知緣起方於惡趣得非擇滅。	The Venerable One says: Only by the wisdom of the uncontaminated path realizing dependent origination can one attain non-analytical cessation in evil destinies.
['T27n1545_032:0165a23_4']	離聖道不能越諸惡趣故。	離聖道不能越諸惡趣故。	Because without the noble path one cannot transcend evil destinies.
['T27n1545_032:0165a23_7']	評曰。	評曰。	The judges say:
['T27n1545_032:0165a23_14']	彼不應作是說。	彼不應作是說。	They should not say this.
['T27n1545_032:0165a24_6']	菩薩九十一劫不墮惡趣。	菩薩九十一劫不墮惡趣。	For ninety-one kalpas the Bodhisattva did not fall into evil destinies.
['T27n1545_032:0165a24_17']	豈由以無漏慧覺知緣起。	豈由以無漏慧覺知緣起。	How could it be due to realizing dependent origination with the wisdom of the uncontaminated path?
['T27n1545_032:0165a25_4']	應作是說。	應作是說。	It should be said:
['T27n1545_032:0165a25_13', 'T27n1545_032:0165a26_4']	或施或戒乃至下忍。🔽皆於惡趣得非擇滅。	或施或戒乃至下忍。 皆於惡趣得非擇滅。	Either through giving, or through precepts, up to the lower level of patience,🔽one attains non-analytical cessation in evil destinies.
['T27n1545_032:0165a26_16']	問三惡趣非擇滅為一時得。	問三惡趣非擇滅為一時得。	Question: Is the non-analytical cessation of the three evil destinies attained simultaneously?
['T27n1545_032:0165a27_3']	為別得耶。	為別得耶。	Are they obtained separately?
['T27n1545_032:0165a27_8']	有作是說。	有作是說。	There is an explanation.
['T27n1545_032:0165a27_13']	必一時得。	必一時得。	They must be obtained simultaneously.
['T27n1545_032:0165a28_14']	問若爾天授如何已得二惡趣非擇滅非地獄耶。	問若爾天授如何已得二惡趣非擇滅非地獄耶。	If so, why does Devadatta already possess the non-analytical cessation of two evil destinies but not of hell?
['T27n1545_032:0165a29_7']	答彼於地獄唯除一生。	答彼於地獄唯除一生。	It is answered that he only excludes one birth in hell.
['T27n1545_032:0165b01_5']	餘一切生與二惡趣皆頓得非擇滅。	餘一切生與二惡趣皆頓得非擇滅。	He suddenly obtains the non-analytical cessation of all other births and of the two evil destinies.
['T27n1545_032:0165b01_11']	問既除一生。	問既除一生。	If he excludes one birth,
['T27n1545_032:0165b01_16']	豈非別得。	豈非別得。	isn't it a separate obtainment?
['T27n1545_032:0165b02_2']	有餘師說。	有餘師說。	Other masters say:
['T27n1545_032:0165b02_7']	施戒聞等。	施戒聞等。	Giving, morality, and listening, etc.
['T27n1545_032:0165b02_16']	若於惡趣得非擇滅。	若於惡趣得非擇滅。	If one obtains the non-analytical cessation of evil destinies,
['T27n1545_032:0165b03_2']	或別或總。	或別或總。	it may be either separately or collectively.
['T27n1545_032:0165b03_11']	順決擇分得必總得。	順決擇分得必總得。	The obtainment of the aids to penetration is necessarily collective.
['T27n1545_032:0165b04_4']	問天授豈不得順決擇分耶。	問天授豈不得順決擇分耶。	How could Devadatta not obtain the aids to penetration?
['T27n1545_032:0165b04_7']	評曰。	評曰。	It is commented:
['T27n1545_032:0165b04_16']	應作是說忍位總得。	應作是說忍位總得。	It should be said that in the stage of patience one obtains collectively.
['T27n1545_032:0165b05_2', 'T27n1545_032:0165b05_11']	前位不定。🔽已說惡趣得非擇滅。	前位不定。 已說惡趣得非擇滅。	In the previous stages it is not fixed.🔽The non-analytical cessation obtained in evil destinies has already been explained.
['T27n1545_032:0165b06_2']	當說善趣得非擇滅。	當說善趣得非擇滅。	The non-analytical cessation obtained in good destinies will now be explained.
['T27n1545_032:0165b06_15']	增上忍時唯除欲界人天七生。	增上忍時唯除欲界人天七生。	At the time of supreme patience, only the seven births of humans and gods in the desire realm are excluded,
['T27n1545_032:0165b07_8']	色無色界一一處各一生。	色無色界一一處各一生。	and one birth in each of the form and formless realms.
['T27n1545_032:0165b08_1']	於餘一切生皆得非擇滅。	於餘一切生皆得非擇滅。	In all other births, they attain non-analytical cessation.
['T27n1545_032:0165b08_10']	預流者趣一來果時。	預流者趣一來果時。	When a stream-enterer is progressing towards the fruit of once-returning,
['T27n1545_032:0165b08_19']	不起定者加行道時。	不起定者加行道時。	when one who does not rise from concentration is in the path of preparation,
['T27n1545_032:0165b09_8']	於欲六生得非擇滅。	於欲六生得非擇滅。	in the six births in the desire realm, they attain non-analytical cessation.
['T27n1545_032:0165b10_4']	若起定者要至第六無間道時。	若起定者要至第六無間道時。	If one who rises from concentration, it is only when reaching the sixth uninterrupted path,
['T27n1545_032:0165b10_13']	於欲六生得非擇滅。	於欲六生得非擇滅。	in the six births in the desire realm, they attain non-analytical cessation.
['T27n1545_032:0165b11_4']	一來者趣不還果時。	一來者趣不還果時。	When a once-returner is progressing towards the fruit of non-returning,
['T27n1545_032:0165b11_13']	不起定者加行道時。	不起定者加行道時。	when one who does not rise from concentration is in the path of preparation,
['T27n1545_032:0165b12_3']	於欲一生得非擇滅。	於欲一生得非擇滅。	in one birth in the desire realm, they attain non-analytical cessation.
['T27n1545_032:0165b12_16']	若起定者要至第九無間道時。	若起定者要至第九無間道時。	If one who rises from concentration, it is only when reaching the ninth uninterrupted path,
['T27n1545_032:0165b13_7']	於欲一生得非擇滅。	於欲一生得非擇滅。	in one birth in the desire realm, they attain non-analytical cessation.
['T27n1545_032:0165b13_18']	爾時得欲界一切生擇滅。	爾時得欲界一切生擇滅。	At that time, they attain the analytical cessation of all births in the desire realm.
['T27n1545_032:0165b14_10']	不退法者離初靜慮染時。	不退法者離初靜慮染時。	When one who does not regress is free from the defilements of the first concentration,
['T27n1545_032:0165b15_1']	不起定者加行道時。	不起定者加行道時。	when one who does not rise from concentration is in the path of preparation,
['T27n1545_032:0165b15_12']	於初靜慮二生得非擇滅。	於初靜慮二生得非擇滅。	in the first concentration, they attain non-analytical cessation of two births.
['T27n1545_032:0165b16_7']	若起定者要至第九無間道時。	若起定者要至第九無間道時。	If one who rises from concentration, it is only when reaching the ninth uninterrupted path,
['T27n1545_032:0165b17_14']	於初靜慮二生得非擇滅爾時於初靜慮一切生皆得擇滅。	於初靜慮二生得非擇滅爾時於初靜慮一切生皆得擇滅。	At that time, all the births in the first trance are obtained through the cessation of discrimination.
['T27n1545_032:0165b18_7']	若退法者離初靜慮染時。	若退法者離初靜慮染時。	If one who is subject to retrogressing is free from the defilement of the first trance,
['T27n1545_032:0165b18_11']	若起定。	若起定。	if one produces concentration,
['T27n1545_032:0165b18_16']	若不起定。	若不起定。	if one does not produce concentration,
['T27n1545_032:0165b19_6']	俱至第九無間道時。	俱至第九無間道時。	both reach the ninth uninterrupted path,
['T27n1545_032:0165b19_16']	得初靜慮一切生擇滅。	得初靜慮一切生擇滅。	and obtain the cessation of discrimination of all births in the first trance.
['T27n1545_032:0165b20_4']	不得非擇滅。	不得非擇滅。	One does not obtain the non-discrimination cessation.
['T27n1545_032:0165b20_9']	可退生故。	可退生故。	Because one can retrogress and be born.
['T27n1545_032:0165b21_4']	乃至離無所有處染應知亦爾。	乃至離無所有處染應知亦爾。	Up to being free from the defilement of the sphere of nothingness, one should know it is also like this.
['T27n1545_032:0165b21_18']	不退法者離非想非非想處染時。	不退法者離非想非非想處染時。	One who is not subject to retrogressing, when free from the defilement of the sphere of neither-perception-nor-non-perception,
['T27n1545_032:0165b22_8']	不起定者加行道時。	不起定者加行道時。	if one does not produce concentration, at the time of the path of preparation,
['T27n1545_032:0165b23_4']	於非想非非想處一生得非擇滅。	於非想非非想處一生得非擇滅。	one obtains the non-discrimination cessation of one birth in the sphere of neither-perception-nor-non-perception.
['T27n1545_032:0165b23_17']	若起定者要至第九無間道時。	若起定者要至第九無間道時。	If one produces concentration, one must reach the ninth uninterrupted path,
['T27n1545_032:0165b24_13']	於非想非非想處一生得非擇滅。	於非想非非想處一生得非擇滅。	and obtains the non-discrimination cessation of one birth in the sphere of neither-perception-nor-non-perception.
['T27n1545_032:0165b25_6']	爾時於一切生皆得擇滅。	爾時於一切生皆得擇滅。	At that time, one obtains the cessation of discrimination of all births.
['T27n1545_032:0165b26_2']	若退法者離非想非非想處染時。	若退法者離非想非非想處染時。	If one who is subject to retrogressing is free from the defilement of the sphere of neither-perception-nor-non-perception,
['T27n1545_032:0165b26_11']	不起定者加行道時。	不起定者加行道時。	When one who does not arise from concentration is in the path of preparation,
['T27n1545_032:0165b27_2']	於八地生得非擇滅。	於八地生得非擇滅。	at the time of being born in the eight stages, one obtains non-analytical cessation.
['T27n1545_032:0165b27_15']	若起定者要至第九無間道時。	若起定者要至第九無間道時。	If one who arises from concentration, at the time of reaching the ninth uninterrupted path,
['T27n1545_032:0165b28_6']	於八地生得非擇滅。	於八地生得非擇滅。	at the time of being born in the eight stages, one obtains non-analytical cessation.
['T27n1545_032:0165b28_17']	爾時於一切生皆得擇滅。	爾時於一切生皆得擇滅。	At that time, one obtains analytical cessation with regard to all births.
['T27n1545_032:0165b29_8']	已說生處得非擇滅。	已說生處得非擇滅。	The obtaining of non-analytical cessation in the places of birth has already been explained.
['T27n1545_032:0165b29_17']	當說煩惱得非擇滅。	當說煩惱得非擇滅。	The obtaining of non-analytical cessation with regard to afflictions will now be explained.
['T27n1545_032:0165c01_4']	增上忍時。	增上忍時。	At the time of superior patience,
['T27n1545_032:0165c01_17']	於三界見所斷煩惱得非擇滅。	於三界見所斷煩惱得非擇滅。	with regard to the afflictions to be eliminated by seeing in the three realms, one obtains non-analytical cessation.
['T27n1545_032:0165c02_12']	至見道中隨無間道得彼擇滅。	至見道中隨無間道得彼擇滅。	Up to the path of seeing, one obtains analytical cessation according to the uninterrupted path.
['T27n1545_032:0165c03_4']	聖於修道不退法者。	聖於修道不退法者。	As for the noble ones in the path of cultivation who do not regress,
['T27n1545_032:0165c03_9']	離欲染時。	離欲染時。	at the time of being free from the defilements of the desire realm,
['T27n1545_032:0165c03_18']	不起定者加行道時。	不起定者加行道時。	when one who does not arise from concentration is in the path of preparation,
['T27n1545_032:0165c04_12']	於欲界修所斷煩惱得非擇滅。	於欲界修所斷煩惱得非擇滅。	with regard to the afflictions to be eliminated by cultivation in the desire realm, one obtains non-analytical cessation.
['T27n1545_032:0165c05_12']	若起定者隨至彼彼無間道時得非擇滅。	若起定者隨至彼彼無間道時得非擇滅。	If one who arises from concentration, at the time of reaching the uninterrupted path of each stage, one obtains non-analytical cessation.
['T27n1545_032:0165c06_4']	爾時得彼煩惱擇滅。	爾時得彼煩惱擇滅。	At that time, one obtains analytical cessation with regard to those afflictions.
['T27n1545_032:0165c06_13', 'T27n1545_032:0165c06_17']	若退法者離欲染時。🔽若起定。	若退法者離欲染時。 若起定。	As for those who regress, at the time of being free from the defilements of the desire realm,🔽if one arises from concentration,
['T27n1545_032:0165c07_4']	若不起定。	若不起定。	if one does not arise from concentration,
['T27n1545_032:0165c07_13']	隨至彼彼無間道時。	隨至彼彼無間道時。	When one reaches each of the uninterrupted paths,
['T27n1545_032:0165c08_2']	得彼煩惱擇滅。	得彼煩惱擇滅。	one attains the cessation through discrimination of those afflictions.
['T27n1545_032:0165c08_9']	不得彼非擇滅。	不得彼非擇滅。	One does not attain the non-analytical cessation.
['T27n1545_032:0165c09_2']	乃至離非想非非想處染。	乃至離非想非非想處染。	Up to the stage of detachment from the sphere of neither-perception-nor-non-perception,
['T27n1545_032:0165c09_8']	隨所應當說。	隨所應當說。	one should explain as appropriate.
['T27n1545_032:0165c09_14']	問諸退法者。	問諸退法者。	Question: For those who are liable to regress,
['T27n1545_032:0165c10_9']	何時於修所斷煩惱得非擇滅。	何時於修所斷煩惱得非擇滅。	at what time do they attain the non-analytical cessation of the afflictions to be eliminated through cultivation?
['T27n1545_032:0165c10_14']	有作是說。	有作是說。	There is an explanation:
['T27n1545_032:0165c11_7']	信勝解練根得見至時。	信勝解練根得見至時。	When those of faith and understanding sharpen their faculties and attain the state of seeing,
['T27n1545_032:0165c11_17']	時解脫練根得不動時。	時解脫練根得不動時。	and when those of time liberation sharpen their faculties and attain the state of unshakable,
['T27n1545_032:0165c12_12']	於修所斷已斷煩惱得非擇滅。	於修所斷已斷煩惱得非擇滅。	they attain the non-analytical cessation of the afflictions to be eliminated through cultivation that have already been eliminated.
['T27n1545_032:0165c12_15']	評曰。	評曰。	The discussion says:
['T27n1545_032:0165c13_3']	應作是說。	應作是說。	One should explain it like this:
['T27n1545_032:0165c13_11']	若得決定不復退。	若得決定不復退。	If one attains certainty and never regresses again,
['T27n1545_032:0165c13_17']	起彼煩惱時。	起彼煩惱時。	when one arouses those afflictions,
['T27n1545_032:0165c14_8']	於彼煩惱得非擇滅。	於彼煩惱得非擇滅。	one attains the non-analytical cessation of those afflictions.
['T27n1545_032:0165c15_1']	問若時於彼得非擇滅。	問若時於彼得非擇滅。	Question: If at a certain time one attains the non-analytical cessation,
['T27n1545_032:0165c15_8']	亦得彼擇滅耶。	亦得彼擇滅耶。	does one also attain the cessation through discrimination?
['T27n1545_032:0165c15_14']	答應作四句。	答應作四句。	Answer: One should make a four-part statement.
['T27n1545_032:0165c16_11']	有法先得非擇滅後得擇滅。	有法先得非擇滅後得擇滅。	There are dharmas that first attain the non-analytical cessation and later attain the cessation through discrimination.
['T27n1545_032:0165c17_2']	謂三界見所斷煩惱。	謂三界見所斷煩惱。	Namely, the afflictions to be eliminated through seeing in the three realms.
['T27n1545_032:0165c18_2']	及不退法者不起定離三界修所斷煩惱等。	及不退法者不起定離三界修所斷煩惱等。	And for those who are not yet at the stage of nonretrogression, when they arise from samādhi and are separated from the three realms, they abandon the afflictions that are eliminated by cultivation and so forth.
['T27n1545_032:0165c18_14']	有法先得擇滅後得非擇滅。	有法先得擇滅後得非擇滅。	There are dharmas that first attain the cessation due to deliberation and later attain the cessation not due to deliberation.
['T27n1545_032:0165c19_10']	謂退法者離三界修所斷煩惱等。	謂退法者離三界修所斷煩惱等。	This refers to those who are liable to retrogress, who are separated from the afflictions that are eliminated by cultivation in the three realms and so forth.
['T27n1545_032:0165c20_4']	有法俱時得非擇滅及擇滅。	有法俱時得非擇滅及擇滅。	There are dharmas that simultaneously attain the cessation not due to deliberation and the cessation due to deliberation.
['T27n1545_032:0165c21_4']	謂不退法者若起定離三界修所斷煩惱等。	謂不退法者若起定離三界修所斷煩惱等。	This refers to those who are not yet at the stage of nonretrogression, who, when they give rise to samādhi, are separated from the afflictions that are eliminated by cultivation in the three realms and so forth.
['T27n1545_032:0165c21_16']	若退法者離欲界前八品染。	若退法者離欲界前八品染。	If those who are liable to retrogress are separated from the first eight categories of defilements of the desire realm,
['T27n1545_032:0165c22_6']	隨無間道現在前時。	隨無間道現在前時。	then when the uninterrupted path is present,
['T27n1545_032:0165c22_15']	彼品染污眼等五識。	彼品染污眼等五識。	the five sense consciousnesses such as eye consciousness,
['T27n1545_032:0165c23_1']	及相應法等。	及相應法等。	and the associated dharmas, etc.,
['T27n1545_032:0165c24_8']	於現所緣得非擇滅及彼擇滅離欲界第九品染無間道時。	於現所緣得非擇滅及彼擇滅離欲界第九品染無間道時。	attain the cessation not due to deliberation and the cessation due to deliberation with regard to the present object. When separated from the ninth category of defilements of the desire realm by the uninterrupted path,
['T27n1545_032:0165c25_3']	彼品染污及善無記眼等五識。	彼品染污及善無記眼等五識。	the five sense consciousnesses such as eye consciousness, whether defiled or wholesome and indeterminate,
['T27n1545_032:0165c25_9']	及相應法等。	及相應法等。	and the associated dharmas, etc.,
['T27n1545_032:0165c26_3']	於現所緣得非擇滅及彼擇滅。	於現所緣得非擇滅及彼擇滅。	attain the cessation not due to deliberation and the cessation due to deliberation with regard to the present object.
['T27n1545_032:0165c26_12']	離初靜慮前八品染。	離初靜慮前八品染。	When separated from the first eight categories of defilements of the first dhyāna,
['T27n1545_032:0165c27_2']	隨無間道現在前時。	隨無間道現在前時。	then when the uninterrupted path is present,
['T27n1545_032:0165c27_16']	彼品染污眼等三識及相應法等。	彼品染污眼等三識及相應法等。	The defiled eye consciousness and so forth belonging to that category, as well as the associated dharmas,
['T27n1545_032:0165c28_2']	於現所緣。	於現所緣。	in regard to the present object,
['T27n1545_032:0165c28_11']	得非擇滅及彼擇滅。	得非擇滅及彼擇滅。	attain non-analytical cessation and their analytical cessation.
['T27n1545_032:0165c29_5']	離初靜慮第九品染無間道時。	離初靜慮第九品染無間道時。	When one is in the uninterrupted path free from the ninth category of defilements of the first dhyāna,
['T27n1545_032:0165c29_18']	彼品染污及善無記眼等三識。	彼品染污及善無記眼等三識。	the defiled, wholesome, and indeterminate eye consciousness and so forth belonging to that category,
['T27n1545_032:0166a01_5']	及相應法等。	及相應法等。	as well as the associated dharmas,
['T27n1545_032:0166a02_1']	於現所緣得非擇滅及彼擇滅。	於現所緣得非擇滅及彼擇滅。	in regard to the present object, attain non-analytical cessation and their analytical cessation.
['T27n1545_032:0166a02_12']	有法或時於二滅俱不得。	有法或時於二滅俱不得。	There are dharmas that sometimes do not attain either of the two cessations.
['T27n1545_032:0166a02_17']	謂除前相。	謂除前相。	This refers to what is excluded from the above.
['T27n1545_032:0166a03_8']	已說煩惱得非擇滅。	已說煩惱得非擇滅。	The attainment of non-analytical cessation by afflictions has already been explained.
['T27n1545_032:0166a03_17']	當說聖道得非擇滅。	當說聖道得非擇滅。	The attainment of non-analytical cessation by the noble path will now be explained.
['T27n1545_032:0166a04_13']	隨信行者於隨法行道得非擇滅。	隨信行者於隨法行道得非擇滅。	A follower of faith attains non-analytical cessation of the path of a follower of the teachings.
['T27n1545_032:0166a05_15']	隨法行者於隨信行信勝解時解脫道得非擇滅。	隨法行者於隨信行信勝解時解脫道得非擇滅。	A follower of the teachings attains non-analytical cessation of the path of a follower of faith and the path of momentary liberation.
['T27n1545_032:0166a06_14']	信勝解者若決定依信勝解道得無學果。	信勝解者若決定依信勝解道得無學果。	If one who is a faith-liberated one definitely attains the fruit of no-more-training by relying on the path of a faith-liberated one,
['T27n1545_032:0166a07_5']	於見至道得非擇滅。	於見至道得非擇滅。	one attains non-analytical cessation of the path of seeing-liberation.
['T27n1545_032:0166a08_4']	見至者於信勝解時解脫道得非擇滅。	見至者於信勝解時解脫道得非擇滅。	A seeing-liberated one attains non-analytical cessation of the path of a faith-liberated one and the path of momentary liberation.
['T27n1545_032:0166a09_3']	時解脫者若決定依時解脫道得究竟者。	時解脫者若決定依時解脫道得究竟者。	The one liberated at times, if they definitely rely on the path of liberation at times to reach the ultimate,
['T27n1545_032:0166a09_14']	於不時解脫道得非擇滅。	於不時解脫道得非擇滅。	attains the cessation not due to deliberation of the path of liberation not at times.
['T27n1545_032:0166a10_11']	不時解脫者於時解脫道得非擇滅。	不時解脫者於時解脫道得非擇滅。	The one liberated not at times, at the path of liberation at times attains the cessation not due to deliberation.
['T27n1545_032:0166a11_7']	聲聞種性於聲聞道得決定時。	聲聞種性於聲聞道得決定時。	The śrāvaka type, when they definitely attain the śrāvaka path,
['T27n1545_032:0166a11_17']	於佛獨覺道得非擇滅。	於佛獨覺道得非擇滅。	at the Buddha and pratyekabuddha paths attain the cessation not due to deliberation.
['T27n1545_032:0166a12_12']	獨覺種性於獨覺道得決定時。	獨覺種性於獨覺道得決定時。	The pratyekabuddha type, when they definitely attain the pratyekabuddha path,
['T27n1545_032:0166a13_5']	於佛聲聞道得非擇滅。	於佛聲聞道得非擇滅。	at the Buddha and śrāvaka paths attain the cessation not due to deliberation.
['T27n1545_032:0166a13_16']	佛種性於佛道得決定時。	佛種性於佛道得決定時。	The Buddha type, when they definitely attain the Buddha path,
['T27n1545_032:0166a14_10']	於獨覺聲聞道得非擇滅。	於獨覺聲聞道得非擇滅。	at the pratyekabuddha and śrāvaka paths attain the cessation not due to deliberation.
['T27n1545_032:0166a15_14']	阿羅漢果有六種性退法種性若依退道至究竟者。	阿羅漢果有六種性退法種性若依退道至究竟者。	The arhat fruit has six types. The type liable to regression, if relying on the path of regression to reach the ultimate,
['T27n1545_032:0166a16_6']	於上五道得非擇滅。	於上五道得非擇滅。	at the five higher paths attains the cessation not due to deliberation.
['T27n1545_032:0166a17_2']	思法種性若依思道至究竟者。	思法種性若依思道至究竟者。	The type liable to loss, if relying on the path of loss to reach the ultimate,
['T27n1545_032:0166a17_15']	於上四道及下一道得非擇滅。	於上四道及下一道得非擇滅。	at the four higher paths and the lower path attains the cessation not due to deliberation.
['T27n1545_032:0166a18_13']	乃至堪達種性若依堪達道至究竟者。	乃至堪達種性若依堪達道至究竟者。	Up to the type capable of penetrating, if relying on the path capable of penetrating to reach the ultimate,
['T27n1545_032:0166a19_9']	於上一道於下四道得非擇滅。	於上一道於下四道得非擇滅。	In the upper path, one obtains non-analytical cessation in the lower four paths.
['T27n1545_032:0166a20_5']	不動種性於下五道得非擇滅。	不動種性於下五道得非擇滅。	In the immovable lineage, one obtains non-analytical cessation in the lower five paths.
['T27n1545_032:0166a20_15']	問若勝進時得非擇滅。	問若勝進時得非擇滅。	Question: If one obtains non-analytical cessation when advancing,
['T27n1545_032:0166a21_6']	此滅何故非道果耶。	此滅何故非道果耶。	why is this cessation not the fruit of the path?
['T27n1545_032:0166a21_16']	答不為此滅而修道故。	答不為此滅而修道故。	Answer: Because one does not cultivate the path for the sake of this cessation.
['T27n1545_032:0166a22_11']	謂為涅槃及為離染勤修於道。	謂為涅槃及為離染勤修於道。	That is to say, one diligently cultivates the path for the sake of nirvana and for the sake of detachment from defilements.
['T27n1545_032:0166a23_8']	以修道故於惡趣等得非擇滅。	以修道故於惡趣等得非擇滅。	By cultivating the path, one obtains non-analytical cessation in evil destinies and so forth.
['T27n1545_032:0166a23_17']	若為此滅而修道者。	若為此滅而修道者。	If one cultivated the path for the sake of this cessation,
['T27n1545_032:0166a24_8']	於惡趣等不得此滅。	於惡趣等不得此滅。	one would not obtain this cessation in evil destinies and so forth.
['T27n1545_032:0166a25_9']	非於生死不深厭患可於惡趣得非擇滅。	非於生死不深厭患可於惡趣得非擇滅。	If one is not deeply disgusted with birth and death, one cannot obtain non-analytical cessation in evil destinies.
['T27n1545_032:0166a26_1']	故非擇滅不名道果。	故非擇滅不名道果。	Therefore, non-analytical cessation is not called the fruit of the path.
['T27n1545_032:0166a26_8']	如品類足論說。	如品類足論說。	As the Abhidharma-nyāyânusāra-śāstra says:
['T27n1545_032:0166a26_13']	云何果法。	云何果法。	What are dharmas that are fruits?
['T27n1545_032:0166a27_3']	謂一切有為法及擇滅。	謂一切有為法及擇滅。	It means all conditioned dharmas and cessation through discernment.
['T27n1545_032:0166a27_9']	云何非果法。	云何非果法。	What are dharmas that are not fruits?
['T27n1545_032:0166a27_16']	謂虛空非擇滅。	謂虛空非擇滅。	It means space and non-analytical cessation.
['T27n1545_032:0166a28_6']	問非擇滅得是何心果。	問非擇滅得是何心果。	Question: What mind is the attainment of non-analytical cessation the fruit of?
['T27n1545_032:0166a28_11']	有作是說。	有作是說。	There is an explanation:
['T27n1545_032:0166a29_3']	此滅得是引眾同分心果。	此滅得是引眾同分心果。	This attainment of cessation is the result of the mind that attracts the homogeneous character of the group.
['T27n1545_032:0166a29_8']	有餘師說。	有餘師說。	Other masters say:
['T27n1545_032:0166a29_17']	此滅得是續生心果。	此滅得是續生心果。	This attainment of cessation is the result of the mind of rebirth.
['T27n1545_032:0166b01_1']	評曰。	評曰。	The discussion says:
['T27n1545_032:0166b01_6']	應作是說。	應作是說。	It should be said:
['T27n1545_032:0166b01_15']	隨住何心得非擇滅。	隨住何心得非擇滅。	According to the mind that abides, one attains non-analytical cessation.
['T27n1545_032:0166b02_6']	即說此得是彼心果。	即說此得是彼心果。	It is said that this attainment is the result of that mind.
['T27n1545_032:0166b02_16']	問於何法得非擇滅耶。	問於何法得非擇滅耶。	Question: With regard to what dharmas is non-analytical cessation attained?
['T27n1545_032:0166b03_8']	答於三界繫不繫法得。	答於三界繫不繫法得。	Answer: It is attained with regard to dharmas bound to the three realms and unbound.
['T27n1545_032:0166b03_17']	生欲界者於四法得。	生欲界者於四法得。	One born in the desire realm attains it with regard to four dharmas.
['T27n1545_032:0166b04_8']	生色無色應知亦然。	生色無色應知亦然。	One born in the form and formless realms should be understood likewise.
['T27n1545_032:0166b05_4']	非擇滅得隨生何地即彼地繫。	非擇滅得隨生何地即彼地繫。	The attainment of non-analytical cessation is bound to whatever stage one is born in.
['T27n1545_032:0166b05_13']	唯是無覆無記性攝。	唯是無覆無記性攝。	It is only categorized as neither-retribution-nor-adventitious.
['T27n1545_032:0166b05_18']	唯是等流。	唯是等流。	It is only outflow.
['T27n1545_032:0166b06_8']	隨所依力起此得故。	隨所依力起此得故。	Because this attainment arises based on the power of the support.
['T27n1545_032:0166b07_5']	問非擇滅得於何法中漸漸增長。	問非擇滅得於何法中漸漸增長。	Question: In what dharmas does the attainment of non-analytical cessation gradually increase?
['T27n1545_032:0166b08_10']	答若生欲界於欲界繫五識身等非擇滅得漸漸增長。	答若生欲界於欲界繫五識身等非擇滅得漸漸增長。	Answer: If one is born in the desire realm, the attainment of non-analytical cessation with regard to the five sense consciousnesses, etc. bound to the desire realm gradually increases.
['T27n1545_032:0166b09_2']	亦有意識定緣現在。	亦有意識定緣現在。	There is also a definite present object of the mental consciousness.
['T27n1545_032:0166b09_15']	於此等法非擇滅得亦漸增長。	於此等法非擇滅得亦漸增長。	The attainment of non-analytical cessation with regard to these dharmas also gradually increases.
['T27n1545_032:0166b10_6']	然難知故不別顯示。	然難知故不別顯示。	However, because it is difficult to know, it is not separately shown.
['T27n1545_032:0166b11_10']	於色界繫三識身等及於無量解脫勝處遍處等法。	於色界繫三識身等及於無量解脫勝處遍處等法。	With regard to the three kinds of consciousness belonging to the form realm, and with regard to the immeasurable liberations, spheres of mastery, and spheres of totality, etc.,
['T27n1545_032:0166b12_9']	於無色界遍處法中非擇滅得漸漸增長。	於無色界遍處法中非擇滅得漸漸增長。	in the formless realm, the attainment of non-analytical cessation gradually increases.
['T27n1545_032:0166b13_5']	若生色界於欲界繫五識身等。	若生色界於欲界繫五識身等。	If one is born in the form realm, with regard to the five kinds of consciousness belonging to the desire realm,
['T27n1545_032:0166b13_14']	非擇滅得漸漸增長。	非擇滅得漸漸增長。	the attainment of non-analytical cessation gradually increases.
['T27n1545_032:0166b14_4']	於色界繫三識身等。	於色界繫三識身等。	With regard to the three kinds of consciousness belonging to the form realm,
['T27n1545_032:0166b14_17']	及於無量解脫勝處遍處等法。	及於無量解脫勝處遍處等法。	and with regard to the immeasurable liberations, spheres of mastery, and spheres of totality, etc.,
['T27n1545_032:0166b15_15']	於無色界遍處法中非擇滅得漸漸增長。	於無色界遍處法中非擇滅得漸漸增長。	in the formless realm, the attainment of non-analytical cessation gradually increases.
['T27n1545_032:0166b16_10']	生無色界於欲界繫五識身等。	生無色界於欲界繫五識身等。	If one is born in the formless realm, with regard to the five kinds of consciousness belonging to the desire realm,
['T27n1545_032:0166b17_1']	於色界繫三識身等。	於色界繫三識身等。	with regard to the three kinds of consciousness belonging to the form realm,
['T27n1545_032:0166b17_14']	及於無量解脫勝處遍處等法。	及於無量解脫勝處遍處等法。	and with regard to the immeasurable liberations, spheres of mastery, and spheres of totality, etc.,
['T27n1545_032:0166b18_12']	於無色界遍處法中非擇滅得漸漸增長。	於無色界遍處法中非擇滅得漸漸增長。	in the formless realm, the attainment of non-analytical cessation gradually increases.
['T27n1545_032:0166b19_2']	問聖者生色界。	問聖者生色界。	Question: As for the noble ones born in the form realm,
['T27n1545_032:0166b19_14']	於欲色界何法得非擇滅耶。	於欲色界何法得非擇滅耶。	In the desire and form realms, what dharmas can obtain non-analytical cessation?
['T27n1545_032:0166b20_6']	答若欲界沒生初靜慮。	答若欲界沒生初靜慮。	Answer: If one falls from the desire realm and is born in the first dhyāna,
['T27n1545_032:0166b21_5']	除欲界依上地起變化心品及所起法。	除欲界依上地起變化心品及所起法。	excluding the desire realm and the class of transformation minds and dharmas produced by the mind of the upper stages,
['T27n1545_032:0166b21_11']	於餘欲界法。	於餘欲界法。	in the remaining desire realm dharmas,
['T27n1545_032:0166b22_2']	及依欲界起色界法。	及依欲界起色界法。	and the form realm dharmas produced by the desire realm,
['T27n1545_032:0166b22_8']	皆得非擇滅。	皆得非擇滅。	all obtain non-analytical cessation.
['T27n1545_032:0166b23_6']	若欲界沒生第二靜慮除欲界初靜慮。	若欲界沒生第二靜慮除欲界初靜慮。	If one falls from the desire realm and is born in the second dhyāna, excluding the desire realm and the first dhyāna,
['T27n1545_032:0166b24_6']	依上地起上三靜慮果變化心品及所起法。	依上地起上三靜慮果變化心品及所起法。	the class of transformation minds and dharmas produced by the fruits of the upper three dhyānas of the upper stages,
['T27n1545_032:0166b25_1']	并初靜慮依上地起四識身等。	并初靜慮依上地起四識身等。	and the four sense-sphere consciousnesses, etc. produced by the upper stages of the first dhyāna,
['T27n1545_032:0166b25_10']	於餘欲界初靜慮法。	於餘欲界初靜慮法。	in the remaining desire realm and first dhyāna dharmas,
['T27n1545_032:0166b26_6']	及依欲界初靜慮起色界上地法。	及依欲界初靜慮起色界上地法。	and the upper stage dharmas of the form realm produced by the desire realm and first dhyāna,
['T27n1545_032:0166b26_12']	皆得非擇滅。	皆得非擇滅。	all obtain non-analytical cessation.
['T27n1545_032:0166b27_8']	若初靜慮沒生第二靜慮除初靜慮。	若初靜慮沒生第二靜慮除初靜慮。	If one falls from the first dhyāna and is born in the second dhyāna, excluding the first dhyāna,
['T27n1545_032:0166b28_8']	依上地起上三靜慮果變化心品及所起法。	依上地起上三靜慮果變化心品及所起法。	the class of transformation minds and dharmas produced by the fruits of the upper three dhyānas of the upper stages,
['T27n1545_032:0166b29_3']	并初靜慮依上地起四識身等。	并初靜慮依上地起四識身等。	and the four sense-sphere consciousnesses, etc. produced by the upper stages of the first dhyāna,🔽and so on.
['T27n1545_032:0166c01_2']	於餘初靜慮法及依初靜慮起上下地法。	於餘初靜慮法及依初靜慮起上下地法。	In the remaining dharmas of the first dhyāna and the dharmas of the upper and lower stages produced by the first dhyāna,
['T27n1545_032:0166c01_8']	皆得非擇滅。	皆得非擇滅。	all attain non-analytical cessation.
['T27n1545_032:0166c01_18']	若欲界沒生第三靜慮。	若欲界沒生第三靜慮。	If one dies in the desire realm and is reborn in the third dhyāna,
['T27n1545_032:0166c02_7']	除欲界初二靜慮。	除欲界初二靜慮。	excluding the desire realm and the first two dhyānas,
['T27n1545_032:0166c03_7']	依上地起上二靜慮果變化心品及所起法。	依上地起上二靜慮果變化心品及所起法。	the mind of transformation of the upper two dhyānas produced by the upper stages, and the dharmas produced by them,
['T27n1545_032:0166c04_2']	并初靜慮依上地起四識身等。	并初靜慮依上地起四識身等。	and the four groups of consciousness produced by the upper stages in the first dhyāna,
['T27n1545_032:0166c04_12']	於餘欲界初二靜慮法。	於餘欲界初二靜慮法。	in the remaining dharmas of the desire realm and the first two dhyānas,
['T27n1545_032:0166c05_8']	及依欲界初二靜慮起色界上地法。	及依欲界初二靜慮起色界上地法。	and the dharmas of the upper stages of the form realm produced by the desire realm and the first two dhyānas,
['T27n1545_032:0166c05_14']	皆得非擇滅。	皆得非擇滅。	all attain non-analytical cessation.
['T27n1545_032:0166c06_6']	若初靜慮沒生第三靜慮。	若初靜慮沒生第三靜慮。	If one dies in the first dhyāna and is reborn in the third dhyāna,
['T27n1545_032:0166c07_4']	除初二靜慮依上地起上二靜慮果。	除初二靜慮依上地起上二靜慮果。	excluding the mind of transformation of the upper two dhyānas produced by the upper stages in the first two dhyānas,
['T27n1545_032:0166c07_13']	變化心品及所起法。	變化心品及所起法。	and the dharmas produced by them,
['T27n1545_032:0166c08_7']	并初靜慮依上地起四識身等。	并初靜慮依上地起四識身等。	and the four groups of consciousness produced by the upper stages in the first dhyāna,
['T27n1545_032:0166c08_15']	於餘初二靜慮法。	於餘初二靜慮法。	in the remaining dharmas of the first two dhyānas,
['T27n1545_032:0166c09_9']	及依初二靜慮起上下地法。	及依初二靜慮起上下地法。	and the dharmas of the upper and lower stages produced by the first two dhyānas,
['T27n1545_032:0166c09_15']	皆得非擇滅。	皆得非擇滅。	all attain non-analytical cessation.
['T27n1545_032:0166c10_8']	若第二靜慮沒生第三靜慮。	若第二靜慮沒生第三靜慮。	If one falls from the second dhyāna and is reborn in the third dhyāna,
['T27n1545_032:0166c11_14']	除第二靜慮依上地起上二靜慮果變化心品及所起法。	除第二靜慮依上地起上二靜慮果變化心品及所起法。	excluding the second dhyāna and the two dhyāna fruits of the upper stages that arise based on the upper stages, and the dharmas that arise,
['T27n1545_032:0166c12_15']	於餘第二靜慮法及依第二靜慮起上下地法。	於餘第二靜慮法及依第二靜慮起上下地法。	in the remaining second dhyāna dharmas and the dharmas of the upper and lower stages that arise based on the second dhyāna,
['T27n1545_032:0166c13_13']	皆得非擇滅若欲界沒生第四靜慮。	皆得非擇滅若欲界沒生第四靜慮。	all attain non-analytical cessation. If one falls from the desire realm and is reborn in the fourth dhyāna,
['T27n1545_032:0166c14_4']	除欲界初三靜慮。	除欲界初三靜慮。	excluding the desire realm and the first three dhyānas,
['T27n1545_032:0166c15_6']	依第四靜慮起第四靜慮果變化心品及所起法。	依第四靜慮起第四靜慮果變化心品及所起法。	based on the fourth dhyāna, the fourth dhyāna fruit of the transformation mind category and the dharmas that arise,
['T27n1545_032:0166c16_3']	并初靜慮依第四靜慮起四識身等。	并初靜慮依第四靜慮起四識身等。	and the four consciousnesses, etc. of the first dhyāna that arise based on the fourth dhyāna,
['T27n1545_032:0166c16_13']	於餘欲界初三靜慮法。	於餘欲界初三靜慮法。	in the remaining desire realm and first three dhyāna dharmas,
['T27n1545_032:0166c17_9', 'T27n1545_032:0166c17_15']	及依欲界初三靜慮起第四靜慮法。🔽皆得非擇滅。	及依欲界初三靜慮起第四靜慮法。 皆得非擇滅。	and the dharmas of the fourth dhyāna that arise based on the desire realm and first three dhyānas,
['T27n1545_032:0166c18_7']	若初靜慮沒生第四靜慮。	若初靜慮沒生第四靜慮。	all attain non-analytical cessation. If one falls from the first dhyāna and is reborn in the fourth dhyāna,
['T27n1545_032:0166c18_13']	除初三靜慮。	除初三靜慮。	excluding the first three dhyānas,
['T27n1545_032:0166c19_15']	依第四靜慮起第四靜慮果變化心品及所起法。	依第四靜慮起第四靜慮果變化心品及所起法。	based on the fourth dhyāna, the fourth dhyāna fruit of the transformation mind category and the dharmas that arise,
['T27n1545_032:0166c20_12']	并初靜慮依第四靜慮起四識身等。	并初靜慮依第四靜慮起四識身等。	and the four kinds of consciousness that arise in the fourth trance state based on the first trance state, etc.
['T27n1545_032:0166c21_2']	於餘初三靜慮法。	於餘初三靜慮法。	in the first three trance states,
['T27n1545_032:0166c21_14']	及依初三靜慮起上下地法。	及依初三靜慮起上下地法。	and the dharmas of the upper and lower stages that arise based on the first three trance states,
['T27n1545_032:0166c22_13']	皆得非擇滅若第二靜慮沒生第四靜慮。	皆得非擇滅若第二靜慮沒生第四靜慮。	all attain non-analytical cessation. If one falls from the second trance state and is reborn in the fourth trance state,
['T27n1545_032:0166c24_5']	除第二第三靜慮依第四靜慮起第四靜慮果變化心品及所起法。	除第二第三靜慮依第四靜慮起第四靜慮果變化心品及所起法。	excluding the fourth trance state fruit and transformation mind categories and the dharmas produced by the fourth trance state based on the fourth trance state,
['T27n1545_032:0166c25_10']	於餘第二第三靜慮法及依第二第三靜慮起上下地法。	於餘第二第三靜慮法及依第二第三靜慮起上下地法。	in the second and third trance states, and the dharmas of the upper and lower stages that arise based on the second and third trance states,
['T27n1545_032:0166c25_16']	皆得非擇滅。	皆得非擇滅。	all attain non-analytical cessation.
['T27n1545_032:0166c26_9']	若第三靜慮沒生第四靜慮。	若第三靜慮沒生第四靜慮。	If one falls from the third trance state and is reborn in the fourth trance state,
['T27n1545_032:0166c26_15']	除第三靜慮。	除第三靜慮。	excluding the third trance state,
['T27n1545_032:0166c27_17']	依第四靜慮起第四靜慮果變化心品及所起法。	依第四靜慮起第四靜慮果變化心品及所起法。	and the fourth trance state fruit and transformation mind categories and the dharmas produced by the fourth trance state based on the fourth trance state,
['T27n1545_032:0166c28_7']	於餘第三靜慮法。	於餘第三靜慮法。	in the remaining third trance state dharmas,
['T27n1545_032:0166c29_1']	及依第三靜慮起上下地法。	及依第三靜慮起上下地法。	and the dharmas of the upper and lower stages that arise based on the third trance state,
['T27n1545_032:0166c29_7']	皆得非擇滅。	皆得非擇滅。	all attain non-analytical cessation.
['T27n1545_032:0166c29_15']	問聖者生無色界。	問聖者生無色界。	Question: When noble ones are born in the formless realm,
['T27n1545_032:0167a01_10']	於欲色無色界何法得非擇滅耶。	於欲色無色界何法得非擇滅耶。	In the desire, form, and formless realms, what dharmas can attain non-discrimination cessation?
['T27n1545_032:0167a02_4']	答若欲界沒生空無邊處。	答若欲界沒生空無邊處。	Answer: If one falls from the desire realm and is born in the sphere of infinite space,
['T27n1545_032:0167a03_2']	於欲色界法及依欲色界起無色界法。	於欲色界法及依欲色界起無色界法。	in the dharmas of the desire and form realms, and in the formless realm dharmas produced based on the desire and form realms,
['T27n1545_032:0167a03_8']	皆得非擇滅。	皆得非擇滅。	all can attain non-discrimination cessation.
['T27n1545_032:0167a03_19']	若初靜慮沒生空無邊處。	若初靜慮沒生空無邊處。	If one falls from the first concentration and is born in the sphere of infinite space,
['T27n1545_032:0167a04_15']	於四靜慮法及依四靜慮起上下界法。	於四靜慮法及依四靜慮起上下界法。	in the dharmas of the four concentrations, and in the dharmas of the upper and lower realms produced based on the four concentrations,
['T27n1545_032:0167a05_4']	皆得非擇滅。	皆得非擇滅。	all can attain non-discrimination cessation.
['T27n1545_032:0167a05_16']	若第二靜慮沒生空無邊處。	若第二靜慮沒生空無邊處。	If one falls from the second concentration and is born in the sphere of infinite space,
['T27n1545_032:0167a06_5']	於後三靜慮法。	於後三靜慮法。	in the dharmas of the last three concentrations,
['T27n1545_032:0167a06_17']	及依上三靜慮起上下地法。	及依上三靜慮起上下地法。	and in the dharmas of the upper and lower stages produced based on the last three concentrations,
['T27n1545_032:0167a07_4']	皆得非擇滅。	皆得非擇滅。	all can attain non-discrimination cessation.
['T27n1545_032:0167a07_16']	若第三靜慮沒生空無邊處。	若第三靜慮沒生空無邊處。	If one falls from the third concentration and is born in the sphere of infinite space,
['T27n1545_032:0167a08_5']	於後二靜慮法。	於後二靜慮法。	in the dharmas of the last two concentrations,
['T27n1545_032:0167a08_17']	及依上二靜慮起上下地法。	及依上二靜慮起上下地法。	and in the dharmas of the upper and lower stages produced based on the last two concentrations,
['T27n1545_032:0167a09_4']	皆得非擇滅。	皆得非擇滅。	all can attain non-discrimination cessation.
['T27n1545_032:0167a09_16']	若第四靜慮沒生空無邊處。	若第四靜慮沒生空無邊處。	If one falls from the fourth concentration and is born in the sphere of infinite space,
['T27n1545_032:0167a10_5']	於第四靜慮法。	於第四靜慮法。	in the dharmas of the fourth concentration,
['T27n1545_032:0167a10_17']	及依第四靜慮起上下地法。	及依第四靜慮起上下地法。	And the dharmas of the lower and upper stages that arise based on the fourth meditation,
['T27n1545_032:0167a11_4']	皆得非擇滅。	皆得非擇滅。	all attain non-analytical cessation.
['T27n1545_032:0167a11_18']	若欲界沒乃至生非想非非想處。	若欲界沒乃至生非想非非想處。	If one falls from the desire realm and is reborn in the sphere of neither-perception-nor-non-perception,
['T27n1545_032:0167a12_9']	於欲色界下三無色法。	於欲色界下三無色法。	the dharmas of the lower three formless realms in the desire and form realms,
['T27n1545_032:0167a13_5']	及依欲色界下三無色起有頂法。	及依欲色界下三無色起有頂法。	and the dharmas of the peak of existence that arise based on the lower three formless realms in the desire and form realms,
['T27n1545_032:0167a13_11']	皆得非擇滅。	皆得非擇滅。	all attain non-analytical cessation.
['T27n1545_032:0167a14_7']	若初靜慮沒乃至生非想非非想處。	若初靜慮沒乃至生非想非非想處。	If one falls from the first meditation and is reborn in the sphere of neither-perception-nor-non-perception,
['T27n1545_032:0167a14_16']	於色界下三無色法。	於色界下三無色法。	the dharmas of the lower three formless realms in the form realm,
['T27n1545_032:0167a15_12']	及依色界下三無色起上下地法。	及依色界下三無色起上下地法。	and the dharmas of the lower and upper stages that arise based on the lower three formless realms in the form realm,
['T27n1545_032:0167a16_1']	皆得非擇滅。	皆得非擇滅。	all attain non-analytical cessation.
['T27n1545_032:0167a16_17']	乃至若無所有處沒生非想非非想處。	乃至若無所有處沒生非想非非想處。	Up to if one falls from the sphere of nothingness and is reborn in the sphere of neither-perception-nor-non-perception,
['T27n1545_032:0167a17_5']	於無所有處法。	於無所有處法。	the dharmas of the sphere of nothingness,
['T27n1545_032:0167a17_16']	及依無所有處起有頂法。	及依無所有處起有頂法。	and the dharmas of the peak of existence that arise based on the sphere of nothingness,
['T27n1545_032:0167a18_4']	皆得非擇滅。	皆得非擇滅。	all attain non-analytical cessation.
['T27n1545_032:0167a19_5']	問聖者生無色界已得欲色界法非擇滅不。	問聖者生無色界已得欲色界法非擇滅不。	Question: Do the noble ones who have already been reborn in the formless realm attain the non-analytical cessation of the dharmas of the desire and form realms?
['T27n1545_032:0167a19_9']	答不得。	答不得。	Answer: They do not attain it.
['T27n1545_032:0167a19_14']	先已得故。	先已得故。	Because they have already attained it.
['T27n1545_032:0167a20_13']	問聖者生無色上地已得下地法非擇滅不。	問聖者生無色上地已得下地法非擇滅不。	Question: When an arhat is born in the formless realm, does he obtain the non-analytical cessation of the lower realms?
['T27n1545_032:0167a20_17']	答不得。	答不得。	Answer: He does not obtain it.
['T27n1545_032:0167a21_4', 'T27n1545_032:0167a21_17']	先已得故。🔽問為先般涅槃者得非擇滅多。	先已得故。 問為先般涅槃者得非擇滅多。	Because he has already obtained it before.🔽Question: Does the one who attains parinirvāṇa first obtain more non-analytical cessation?
['T27n1545_032:0167a22_12']	為後般涅槃者得非擇滅多耶。	為後般涅槃者得非擇滅多耶。	Or does the one who attains parinirvāṇa later obtain more non-analytical cessation?
['T27n1545_032:0167a23_7']	答前般涅槃者得非擇滅多。	答前般涅槃者得非擇滅多。	Answer: The one who attains parinirvāṇa first obtains more non-analytical cessation.
['T27n1545_032:0167a24_1']	後般涅槃者得非擇滅少。	後般涅槃者得非擇滅少。	The one who attains parinirvāṇa later obtains less non-analytical cessation.
['T27n1545_032:0167a24_16', 'T27n1545_032:0167a25_12']	如飲光佛時般涅槃者得非擇滅多。🔽能寂佛時般涅槃者得非擇滅少。	如飲光佛時般涅槃者得非擇滅多。 能寂佛時般涅槃者得非擇滅少。	For example, the one who attains parinirvāṇa at the time of Buddha Kāśyapa obtains more non-analytical cessation.🔽The one who attains parinirvāṇa at the time of Buddha Śākyamuni obtains less non-analytical cessation.
['T27n1545_032:0167a26_8']	能寂佛時般涅槃者得非擇滅多。	能寂佛時般涅槃者得非擇滅多。	The one who attains parinirvāṇa at the time of Buddha Śākyamuni obtains more non-analytical cessation.
['T27n1545_032:0167a27_4', 'T27n1545_032:0167a27_16']	慈氏佛時般涅槃者得非擇滅少。🔽問何等阿羅漢住最後心時。	慈氏佛時般涅槃者得非擇滅少。 問何等阿羅漢住最後心時。	The one who attains parinirvāṇa at the time of Buddha Maitreya obtains less non-analytical cessation.
['T27n1545_032:0167a28_6']	成就非擇滅最多。	成就非擇滅最多。	Question: Which arhat, when abiding in the final mind, accomplishes the most non-analytical cessation?
['T27n1545_032:0167a28_10', 'T27n1545_032:0167a28_14']	欲界耶。🔽色界耶。	欲界耶。 色界耶。	Is it in the desire realm?🔽Or is it in the form realm?
['T27n1545_032:0167a28_19']	無色界耶。	無色界耶。	Or is it in the formless realm?
['T27n1545_032:0167a29_3']	答無色界。	答無色界。	Answer: It is in the formless realm.
['T27n1545_032:0167a29_12']	阿羅漢住最後心時。	阿羅漢住最後心時。	The arhat, when abiding in the final mind,
['T27n1545_032:0167b01_2']	成就非擇滅最多。	成就非擇滅最多。	The most numerous is the attainment of non-analytical cessation.
['T27n1545_032:0167b01_11']	一切色法不現行故。	一切色法不現行故。	Because all visible dharmas do not manifest.
['T27n1545_032:0167b02_1']	爾時雖無先未得。	爾時雖無先未得。	At that time, although there is no prior non-attainment,
['T27n1545_032:0167b02_9']	今始得非擇滅者。	今始得非擇滅者。	Now there is the attainment of non-analytical cessation.
['T27n1545_032:0167b03_8']	而有無量非擇滅得猶現在前名多成就。	而有無量非擇滅得猶現在前名多成就。	But there are innumerable attainments of non-analytical cessation still present, called the attainment of many.
['T27n1545_032:0167b03_17']	有餘於此作問答言。	有餘於此作問答言。	Others make a question and answer on this:
['T27n1545_032:0167b04_10']	頗有蘊界處不相續永滅。	頗有蘊界處不相續永滅。	Is there a case where the aggregates, realms, and sense bases are eternally extinguished without continuity,
['T27n1545_032:0167b05_2']	於彼不得非擇滅耶。	於彼不得非擇滅耶。	But non-analytical cessation is not attained in them?
['T27n1545_032:0167b05_5']	答有。	答有。	The answer is yes.
['T27n1545_032:0167b05_18']	謂無色界阿羅漢住最後心時。	謂無色界阿羅漢住最後心時。	It refers to the case where an arhat in the formless realm dwells in the final mind.
['T27n1545_032:0167b06_12']	雖有無量蘊界處不相續永滅。	雖有無量蘊界處不相續永滅。	Although there are innumerable aggregates, realms, and sense bases that are eternally extinguished without continuity,
['T27n1545_032:0167b07_5']	而於彼畢竟不得非擇滅。	而於彼畢竟不得非擇滅。	But non-analytical cessation is never attained in them.
['T27n1545_032:0167b07_8']	評曰。	評曰。	The judges say:
['T27n1545_032:0167b07_15']	彼不應作是說。	彼不應作是說。	They should not say this.
['T27n1545_032:0167b08_1']	所以者何。	所以者何。	Why is it so?
['T27n1545_032:0167b09_3']	無有蘊界處不相續永滅於彼不得非擇滅者。	無有蘊界處不相續永滅於彼不得非擇滅者。	There is no case where the aggregates, realms, and sense bases are eternally extinguished without continuity, but non-analytical cessation is not attained in them.
['T27n1545_032:0167b09_16']	問無色界阿羅漢住最後心時。	問無色界阿羅漢住最後心時。	The question is: When an arhat in the formless realm dwells in the final mind,
['T27n1545_032:0167b10_8']	於不相續永滅蘊界處。	於不相續永滅蘊界處。	In the aggregates, realms, and sense bases that are eternally extinguished without continuity,
['T27n1545_032:0167b10_17']	豈非不得非擇滅耶。	豈非不得非擇滅耶。	Aren't they not obtained as non-analytical cessation?
['T27n1545_032:0167b11_9']	答雖非今得而名成就。	答雖非今得而名成就。	Answer: Although they are not obtained now, they are called attained.
['T27n1545_032:0167b11_14']	先已得故。	先已得故。	Because they were already obtained before.
['T27n1545_032:0167b12_11']	謂無色界阿羅漢若決定般涅槃時。	謂無色界阿羅漢若決定般涅槃時。	It means that when an arhat in the formless realm is definitely entering parinirvāṇa,
['T27n1545_032:0167b13_3']	除未來世正起剎那。	除未來世正起剎那。	Excluding the present moment of arising in the future,
['T27n1545_032:0167b13_14']	於餘蘊界處皆得非擇滅。	於餘蘊界處皆得非擇滅。	In the remaining aggregates, realms, and bases, all attain non-analytical cessation.
['T27n1545_032:0167b14_4']	如契經說。	如契經說。	As the sutra says:
['T27n1545_032:0167b14_10', 'T27n1545_032:0167b14_18']	有二涅槃界。🔽謂有餘依涅槃界。	有二涅槃界。 謂有餘依涅槃界。	There are two types of nirvāṇa realms.🔽Namely, the nirvāṇa realm with remaining support,
['T27n1545_032:0167b15_6']	及無餘依涅槃界。	及無餘依涅槃界。	And the nirvāṇa realm without remaining support.
['T27n1545_032:0167b15_11']	乃至廣說。	乃至廣說。	And so on, it is explained in detail.
['T27n1545_032:0167b15_18']	問何故作此論。	問何故作此論。	Question: Why is this treatise composed?
['T27n1545_032:0167b16_8']	答為廣分別契經義故。	答為廣分別契經義故。	Answer: In order to extensively distinguish the meaning of the sutras.
['T27n1545_032:0167b16_13']	謂契經說。	謂契經說。	Namely, the sutras say:
['T27n1545_032:0167b17_1', 'T27n1545_032:0167b17_9']	有二涅槃界。🔽一有餘依涅槃界。	有二涅槃界。 一有餘依涅槃界。	There are two types of nirvāṇa realms.🔽One is the nirvāṇa realm with remaining support,
['T27n1545_032:0167b17_17']	二無餘依涅槃界。	二無餘依涅槃界。	And the other is the nirvāṇa realm without remaining support.
['T27n1545_032:0167b18_8', 'T27n1545_032:0167b18_17']	契經雖作是說而不廣辨。🔽云何有餘依涅槃界。	契經雖作是說而不廣辨。 云何有餘依涅槃界。	Although the sutras explain it like this, they do not elaborate on it.🔽What is the nirvāṇa realm with remaining support?
['T27n1545_032:0167b19_8']	云何無餘依涅槃界。	云何無餘依涅槃界。	What is the nirvāṇa realm without remaining support?
['T27n1545_032:0167b19_17']	彼是此論所依根本。	彼是此論所依根本。	That is the basis of this treatise.
['T27n1545_032:0167b20_11']	彼所不分別者今皆應分別之。	彼所不分別者今皆應分別之。	What they did not analyze should now all be analyzed.
['T27n1545_032:0167b20_16']	復次前說。	復次前說。	Furthermore, it was said before:
['T27n1545_032:0167b21_3', 'T27n1545_032:0167b21_10']	云何擇滅。🔽謂諸滅是離繫。	云何擇滅。 謂諸滅是離繫。	What is cessation through discrimination?🔽It is said that cessation is the unbinding of afflictions.
['T27n1545_032:0167b21_17']	此離繫是涅槃。	此離繫是涅槃。	This unbinding is nirvana.
['T27n1545_032:0167b22_4']	然涅槃有二種。	然涅槃有二種。	However, nirvana is of two kinds:
['T27n1545_032:0167b22_9']	一有餘依。	一有餘依。	1. With remainder of support;
['T27n1545_032:0167b22_14']	二無餘依。	二無餘依。	2. Without remainder of support.
['T27n1545_032:0167b23_4']	今欲分別此二差別。	今欲分別此二差別。	Now, in order to distinguish the differences between these two,
['T27n1545_032:0167b23_15']	復次為止他宗顯正義故。	復次為止他宗顯正義故。	Furthermore, in order to refute other schools and reveal the correct principle,
['T27n1545_032:0167b24_2', 'T27n1545_032:0167b24_12']	謂或有執。🔽有餘依涅槃界有自性。	謂或有執。 有餘依涅槃界有自性。	Namely, some hold the view:🔽That the realm of nirvana with remainder of support has intrinsic nature,
['T27n1545_032:0167b25_3']	無餘依涅槃界無自性。	無餘依涅槃界無自性。	And the realm of nirvana without remainder of support has no intrinsic nature.
['T27n1545_032:0167b26_1']	為遮彼執顯二種涅槃界皆有自性。	為遮彼執顯二種涅槃界皆有自性。	In order to refute this view and show that both realms of nirvana have intrinsic nature,
['T27n1545_032:0167b26_6', 'T27n1545_032:0167b26_16']	或復有執。🔽有餘依涅槃界是有漏。	或復有執。 有餘依涅槃界是有漏。	Or, some hold the view:🔽That the realm of nirvana with remainder of support is contaminated,
['T27n1545_032:0167b27_6']	無餘依涅槃界是無漏。	無餘依涅槃界是無漏。	And the realm of nirvana without remainder of support is uncontaminated.
['T27n1545_032:0167b28_3']	為遮彼執顯二種涅槃界皆是無漏。	為遮彼執顯二種涅槃界皆是無漏。	In order to refute this view and show that both realms of nirvana are uncontaminated,
['T27n1545_032:0167b28_8', 'T27n1545_032:0167b28_18']	或復有執。🔽有餘依涅槃界是有為。	或復有執。 有餘依涅槃界是有為。	Or, some hold the view:🔽That the realm of nirvana with remainder of support is conditioned,
['T27n1545_032:0167b29_8']	無餘依涅槃界是無為。	無餘依涅槃界是無為。	And the realm of nirvana without remainder of support is unconditioned.
['T27n1545_032:0167c01_5']	為遮彼執顯二種涅槃界皆是無為。	為遮彼執顯二種涅槃界皆是無為。	To refute this view, it is shown that both kinds of nirvāṇa are unconditioned.
['T27n1545_032:0167c01_10']	或復有執。	或復有執。	Or, there may be the view
['T27n1545_032:0167c01_19']	有餘依涅槃界是善。	有餘依涅槃界是善。	that the nirvāṇa realm with remainder is good,
['T27n1545_032:0167c02_9']	無餘依涅槃界是無記。	無餘依涅槃界是無記。	and the nirvāṇa realm without remainder is indeterminate.
['T27n1545_032:0167c03_7']	為遮彼執顯二種涅槃界皆是善性。	為遮彼執顯二種涅槃界皆是善性。	To refute this view, it is shown that both kinds of nirvāṇa are of the nature of good.
['T27n1545_032:0167c03_12', 'T27n1545_032:0167c04_5']	或復有執。🔽有餘依涅槃界是道非道果。	或復有執。 有餘依涅槃界是道非道果。	Or, there may be the view🔽that the nirvāṇa realm with remainder is the fruit of the path but not the path,
['T27n1545_032:0167c04_17']	無餘依涅槃界是道果非道。	無餘依涅槃界是道果非道。	and the nirvāṇa realm without remainder is the path but not the fruit of the path.
['T27n1545_032:0167c05_13']	為遮彼執顯二種涅槃界皆是道果。	為遮彼執顯二種涅槃界皆是道果。	To refute this view, it is shown that both kinds of nirvāṇa are the fruit of the path.
['T27n1545_032:0167c06_1']	或復有執。	或復有執。	Or, there may be the view
['T27n1545_032:0167c06_11']	有餘依涅槃界是道果。	有餘依涅槃界是道果。	that the nirvāṇa realm with remainder is the fruit of the path,
['T27n1545_032:0167c07_2']	無餘依涅槃界非道果。	無餘依涅槃界非道果。	and the nirvāṇa realm without remainder is not the fruit of the path.
['T27n1545_032:0167c07_17']	為遮彼執顯二種涅槃界俱是道果。	為遮彼執顯二種涅槃界俱是道果。	To refute this view, it is shown that both kinds of nirvāṇa are the fruit of the path.
['T27n1545_032:0167c08_13']	或復有執有餘依涅槃界是諦攝。	或復有執有餘依涅槃界是諦攝。	Or, there may be the view that the nirvāṇa realm with remainder is included in the truths,
['T27n1545_032:0167c09_5']	無餘依涅槃界非諦攝。	無餘依涅槃界非諦攝。	and the nirvāṇa realm without remainder is not included in the truths.
['T27n1545_032:0167c10_3']	為遮彼執顯二種涅槃界皆是諦攝。	為遮彼執顯二種涅槃界皆是諦攝。	To refute this view, it is shown that both kinds of nirvāṇa are included in the truths.
['T27n1545_032:0167c10_8']	或復有執。	或復有執。	Or, there may be the view
['T27n1545_032:0167c10_18']	有餘依涅槃界是無學。	有餘依涅槃界是無學。	The realm of nirvāṇa with remainder is for one beyond training.
['T27n1545_032:0167c11_10']	無餘依涅槃界非學非無學。	無餘依涅槃界非學非無學。	The realm of nirvāṇa without remainder is neither for one in training nor for one beyond training.
['T27n1545_032:0167c12_10']	為遮彼執顯二種涅槃界皆非學非無學。	為遮彼執顯二種涅槃界皆非學非無學。	To refute this view, it is shown that both kinds of nirvāṇa realms are neither for one in training nor for one beyond training.
['T27n1545_032:0167c13_5']	由此所說種種因緣故作斯論。	由此所說種種因緣故作斯論。	For these various reasons, this treatise is composed.
['T27n1545_032:0167c13_14']	云何有餘依涅槃界。	云何有餘依涅槃界。	What is the realm of nirvāṇa with remainder?
['T27n1545_032:0167c14_5']	答若阿羅漢諸漏永盡。	答若阿羅漢諸漏永盡。	The answer is: If an arhat has completely extinguished all defilements,
['T27n1545_032:0167c14_10']	壽命猶存。	壽命猶存。	but his lifespan still remains,
['T27n1545_032:0167c14_19']	大種造色相續未斷。	大種造色相續未斷。	and the continuity of the great elements and derivative form has not yet ceased,
['T27n1545_032:0167c15_8']	依五根身心相續轉。	依五根身心相續轉。	and the continuity of body and mind based on the five sense faculties continues,
['T27n1545_032:0167c15_13']	有餘依故。	有餘依故。	because there is still a remainder,
['T27n1545_032:0167c16_10']	諸結永盡得獲觸證名有餘依涅槃界。	諸結永盡得獲觸證名有餘依涅槃界。	the attainment of touching and realizing with the complete cessation of all bonds is called the realm of nirvāṇa with remainder.
['T27n1545_032:0167c16_16']	此中壽命者。	此中壽命者。	Here, lifespan refers to
['T27n1545_032:0167c17_1']	謂命根。	謂命根。	the life faculty.
['T27n1545_032:0167c17_11']	問何故不說眾同分耶。	問何故不說眾同分耶。	Why is the similarity of species not mentioned?
['T27n1545_032:0167c18_3']	答是作論者意欲爾故。	答是作論者意欲爾故。	The answer is: Because this is the intention of the author of the treatise.
['T27n1545_032:0167c18_8']	乃至廣說。	乃至廣說。	And so on, it is explained in detail.
['T27n1545_032:0167c18_17']	復次應說而不說者。	復次應說而不說者。	Furthermore, what should be explained but is not explained,
['T27n1545_032:0167c19_5']	當知此義有餘。	當知此義有餘。	one should know that there is a remainder to the meaning.
['T27n1545_032:0167c20_3']	復次以命根眾同分俱是牽引業果。	復次以命根眾同分俱是牽引業果。	Furthermore, the life faculty and the similarity of species are both results of the karma that projects [rebirth].
['T27n1545_032:0167c20_12']	命根一向是異熟故。	命根一向是異熟故。	Because the faculty of life is exclusively a ripening,
['T27n1545_032:0167c20_17']	此中偏說。	此中偏說。	it is mentioned here.
['T27n1545_032:0167c21_6']	依此有餘色心等轉。	依此有餘色心等轉。	Based on this, the remaining form and mind, etc., continue.
['T27n1545_032:0167c21_15']	於中大種是所依故。	於中大種是所依故。	Among them, the great elements are the basis,
['T27n1545_032:0167c22_1']	最初說之。	最初說之。	so they are mentioned first.
['T27n1545_032:0167c22_10']	依此大種所造色生。	依此大種所造色生。	Based on these great elements, derivative form arises.
['T27n1545_032:0167c23_1']	依所造色心心所起。	依所造色心心所起。	Based on derivative form, mind and mental factors arise.
['T27n1545_032:0167c23_6']	心是主故。	心是主故。	Because mind is the main factor,
['T27n1545_032:0167c24_13']	此中偏說大種造色者總顯色身依五根身心相續者顯心心所。	此中偏說大種造色者總顯色身依五根身心相續者顯心心所。	it is mentioned here. The great elements and derivative form generally indicate the physical body. The continuation of mind and mental factors based on the five roots indicates the mind and mental factors.
['T27n1545_032:0167c25_5']	亦有生等不相應行。	亦有生等不相應行。	There are also dissociated formative forces such as birth, etc.
['T27n1545_032:0167c25_14']	難了知故屬前法故。	難了知故屬前法故。	Because they are difficult to understand and belong to the preceding dharmas,
['T27n1545_032:0167c26_1']	不別顯說。	不別顯說。	they are not separately explained.
['T27n1545_032:0167c26_16']	如是諸法相續未斷所得諸結永盡。	如是諸法相續未斷所得諸結永盡。	Thus, when the continuation of these dharmas is not yet severed and the bonds obtained are eternally extinguished,
['T27n1545_032:0167c27_6']	名有餘依涅槃界。	名有餘依涅槃界。	it is called the nirvana realm with remainder.
['T27n1545_032:0167c27_11']	有作是說。	有作是說。	Some say:
['T27n1545_032:0167c28_1']	大種造色是身五根。	大種造色是身五根。	The great elements and derivative form are the body and five roots.
['T27n1545_032:0167c28_17']	是根心相續是覺此身根覺相續未斷。	是根心相續是覺此身根覺相續未斷。	The continuation of the mind and mental factors based on these roots is cognition. The continuation of this body and cognition is not yet severed.
['T27n1545_032:0167c29_10']	諸結永盡名有餘依涅槃界。	諸結永盡名有餘依涅槃界。	The eternal extinction of the bonds is called the nirvana realm with remainder.
['T27n1545_032:0167c29_15']	如契經說。	如契經說。	As a sutra says:
['T27n1545_032:0168a01_8']	身根覺未斷名有餘依涅槃。	身根覺未斷名有餘依涅槃。	If the faculty of body is not yet eliminated, it is called nirvāṇa with remainder.
['T27n1545_032:0168a01_14']	有餘依故者。	有餘依故者。	Because there is remainder.
['T27n1545_032:0168a02_1']	依有二種。	依有二種。	There are two kinds of basis.
['T27n1545_032:0168a02_6']	一煩惱依。	一煩惱依。	The first is the basis of afflictions.
['T27n1545_032:0168a02_11']	二生身依。	二生身依。	The second is the basis of the physical body.
['T27n1545_032:0168a03_7']	此阿羅漢雖無煩惱依而有生身依。	此阿羅漢雖無煩惱依而有生身依。	This arhat, although without the basis of afflictions, has the basis of the physical body.
['T27n1545_032:0168a03_14']	復次依有二種。	復次依有二種。	Furthermore, there are two kinds of basis.
['T27n1545_032:0168a04_1']	一染污依。	一染污依。	The first is the defiled basis.
['T27n1545_032:0168a04_7']	二不染污依。	二不染污依。	The second is the undefiled basis.
['T27n1545_032:0168a05_6']	此阿羅漢雖無染污依而有不染污依故。	此阿羅漢雖無染污依而有不染污依故。	This arhat, although without the defiled basis, has the undefiled basis.
['T27n1545_032:0168a06_2']	所得諸結永盡名有餘依涅槃界。	所得諸結永盡名有餘依涅槃界。	Therefore, the complete elimination of all bonds is called nirvāṇa with remainder.
['T27n1545_032:0168a06_7']	得獲觸證。	得獲觸證。	To attain, to touch, to realize.
['T27n1545_032:0168a06_16']	文字雖別同顯一義。	文字雖別同顯一義。	Although the words are different, they all express the same meaning.
['T27n1545_032:0168a07_6']	云何無餘依涅槃界。	云何無餘依涅槃界。	What is the nirvāṇa element without remainder?
['T27n1545_032:0168a07_16']	答即阿羅漢諸漏永盡。	答即阿羅漢諸漏永盡。	The answer is: It is when the arhat has completely eliminated all contaminants.
['T27n1545_032:0168a08_10']	壽命已滅大種造色相續已斷。	壽命已滅大種造色相續已斷。	His lifespan has ended and the continuity of the great elements and derivative form has been severed.
['T27n1545_032:0168a09_1']	依五根身心不復轉。	依五根身心不復轉。	The mind and body do not function any longer in dependence on the five faculties.
['T27n1545_032:0168a09_6']	無餘依故。	無餘依故。	Because there is no remainder.
['T27n1545_032:0168a09_18']	諸結永盡名無餘依涅槃界。	諸結永盡名無餘依涅槃界。	The complete elimination of all bonds is called nirvāṇa without remainder.
['T27n1545_032:0168a10_15']	此中壽命已滅者顯命根及眾同分已滅。	此中壽命已滅者顯命根及眾同分已滅。	Here, the life span has already ceased means that the faculty of life and the homogeneity have already ceased.
['T27n1545_032:0168a11_5']	俱是牽引業果故。	俱是牽引業果故。	Both are the results of karmic actions that attract [rebirth].
['T27n1545_032:0168a11_10']	且舉命根。	且舉命根。	Just the faculty of life is mentioned.
['T27n1545_032:0168a12_7']	當知亦即說眾同分大種造色相續。	當知亦即說眾同分大種造色相續。	One should know that it also refers to the continuity of the great elements and derivative form that constitute the homogeneity.
['T27n1545_032:0168a13_1']	已斷者總顯色身相續已斷。	已斷者總顯色身相續已斷。	Already ceased generally shows that the continuity of the physical body has already ceased.
['T27n1545_032:0168a13_11']	依五根身心不復轉者。	依五根身心不復轉者。	The body and mind do not function again based on the five faculties
['T27n1545_032:0168a14_2']	顯心心所不復相續。	顯心心所不復相續。	shows that the mind and mental factors do not continue in continuity.
['T27n1545_032:0168a14_11']	不說生等義如前說。	不說生等義如前說。	Birth and so forth are not mentioned. The meaning is as explained before.
['T27n1545_032:0168a14_16']	有作是說。	有作是說。	Some say:
['T27n1545_032:0168a15_6']	大種造色者顯身。	大種造色者顯身。	The great elements and derivative form shows the body.
['T27n1545_032:0168a15_13']	五根身者顯根。	五根身者顯根。	The body based on the five faculties shows the faculties.
['T27n1545_032:0168a16_2']	心相續者顯覺。	心相續者顯覺。	The continuity of the mind shows cognition.
['T27n1545_032:0168a16_11']	如是色身心心所法。	如是色身心心所法。	Thus, the form, body, mind, and mental factors
['T27n1545_032:0168a17_1']	或身根覺相續已斷。	或身根覺相續已斷。	or the continuity of the body faculty and cognition has ceased.
['T27n1545_032:0168a17_13']	諸結永盡名無餘依涅槃界。	諸結永盡名無餘依涅槃界。	The complete cessation of all bonds is called the nirvāṇa realm without remainder.
['T27n1545_032:0168a18_4']	謂阿羅漢將般涅槃。	謂阿羅漢將般涅槃。	That is to say, when an arhat is about to enter parinirvāṇa,
['T27n1545_032:0168a18_13', 'T27n1545_032:0168a19_4']	身中風起令不調適。🔽不調適故內火羸劣。	身中風起令不調適。 不調適故內火羸劣。	winds arise in the body, causing it to become uncomfortable.🔽Because of the discomfort, the internal fire becomes weak.
['T27n1545_032:0168a19_13']	火羸劣故所食不消。	火羸劣故所食不消。	Because of the weak fire, food is not digested.
['T27n1545_032:0168a20_3']	食不消故不起食欲。	食不消故不起食欲。	Because food is not digested, there is no desire for food.
['T27n1545_032:0168a20_12']	無食欲故不復飲食。	無食欲故不復飲食。	Because there is no desire for food, one does not eat or drink again.
['T27n1545_032:0168a21_4']	不飲食故大種損減。	不飲食故大種損減。	Because of not eating or drinking, the great elements diminish.
['T27n1545_032:0168a22_15']	大損減故造色諸根亦隨損減根損減故心心所法無所依止不復相續。	大損減故造色諸根亦隨損減根損減故心心所法無所依止不復相續。	Because the great elements diminish, the derivative form of the faculties also diminishes. Because the faculties diminish, the mind and mental factors have no support and do not continue.
['T27n1545_032:0168a23_7']	心心所法不相續故。	心心所法不相續故。	Because the mind and mental factors do not continue,
['T27n1545_032:0168a23_12']	命根等斷。	命根等斷。	the life faculty and so forth are cut off.
['T27n1545_032:0168a24_3']	命等斷故名入涅槃。	命等斷故名入涅槃。	Because the life faculty and so forth are cut off, it is called entering nirvana.
['T27n1545_032:0168a24_13']	無餘依故者無二種依。	無餘依故者無二種依。	As for because there is no remainder, there are two kinds of remainder:
['T27n1545_032:0168a24_19']	一無煩惱依。	一無煩惱依。	First, the remainder of afflictions;
['T27n1545_032:0168a25_12']	二無生身依復次一無染污依。	二無生身依復次一無染污依。	second, the remainder of the body of birth. Furthermore, the first is the remainder of defilement;
['T27n1545_032:0168a26_10']	二無不染污依無餘依故諸結永盡。	二無不染污依無餘依故諸結永盡。	the second is the remainder of non-defilement. Because there is no remainder, all bonds are eternally extinguished.
['T27n1545_032:0168a26_18']	名無餘依涅槃界。	名無餘依涅槃界。	It is called the nirvana realm without remainder.
['T27n1545_032:0168a27_13']	問此中何故不說得獲觸證言耶。	問此中何故不說得獲觸證言耶。	Question: Why is the word attainment not used here?
['T27n1545_032:0168a28_6']	答依現在得說得等言。	答依現在得說得等言。	Answer: The words attainment and so forth are based on present attainment.
['T27n1545_032:0168a28_15']	現在得斷是故不說。	現在得斷是故不說。	The present attainment is cut off, therefore it is not mentioned.
['T27n1545_032:0168a29_12']	復次依補特伽羅故施設得獲觸證。	復次依補特伽羅故施設得獲觸證。	Furthermore, attainment, acquisition, contact, and realization are established based on the individual.
['T27n1545_032:0168b01_8']	此中無有補特伽羅唯有法性。	此中無有補特伽羅唯有法性。	In this case, there is no pudgala, only the nature of dharmas.
['T27n1545_032:0168b01_13']	是故不說。	是故不說。	Therefore, it is not mentioned.
['T27n1545_032:0168b02_9']	頗有阿羅漢不住有餘依涅槃界。	頗有阿羅漢不住有餘依涅槃界。	Can there be an arhat who does not abide in the nirvāṇa element with remainder of support
['T27n1545_032:0168b03_1']	及無餘依涅槃界耶。	及無餘依涅槃界耶。	and the nirvāṇa element without remainder of support?
['T27n1545_032:0168b03_15', 'T27n1545_032:0168b04_14']	答理雖無有而依此中所說亦有。🔽謂此中說具有三事者名有餘依涅槃界。	答理雖無有而依此中所說亦有。 謂此中說具有三事者名有餘依涅槃界。	Although there is no such principle, it also exists according to what is said here.🔽That is to say, it is said here that one who possesses all three is called one who abides in the nirvāṇa element with remainder of support.
['T27n1545_032:0168b05_9']	三事皆無者名無餘依涅槃界。	三事皆無者名無餘依涅槃界。	One who lacks all three is called one who abides in the nirvāṇa element without remainder of support.
['T27n1545_032:0168b05_17']	生無色界阿羅漢。	生無色界阿羅漢。	An arhat born in the formless realm
['T27n1545_032:0168b06_12']	無色身故非住有餘依涅槃界。	無色身故非住有餘依涅槃界。	does not abide in the nirvāṇa element with remainder of support because there is no physical body in the formless realm.
['T27n1545_032:0168b07_8']	有心轉故非住無餘依涅槃界。	有心轉故非住無餘依涅槃界。	He does not abide in the nirvāṇa element without remainder of support because the mind continues to function.
['T27n1545_032:0168b08_3']	生有色界阿羅漢入滅盡定。	生有色界阿羅漢入滅盡定。	An arhat born in the form realm who enters the concentration of cessation
['T27n1545_032:0168b08_17']	已無心轉故非住有餘依涅槃界。	已無心轉故非住有餘依涅槃界。	does not abide in the nirvāṇa element with remainder of support because the mind has ceased functioning.
['T27n1545_032:0168b09_11']	有色身故非住無餘依涅槃界。	有色身故非住無餘依涅槃界。	He does not abide in the nirvāṇa element without remainder of support because there is a physical body.
['T27n1545_032:0168b10_4']	生欲界不具根阿羅漢。	生欲界不具根阿羅漢。	An arhat born in the desire realm who lacks faculties
['T27n1545_032:0168b11_1']	不具五根故非住有餘依涅槃界。	不具五根故非住有餘依涅槃界。	does not abide in the nirvāṇa element with remainder of support because he lacks the five faculties.
['T27n1545_032:0168b11_14']	有色身故非住無餘依涅槃界。	有色身故非住無餘依涅槃界。	Because they have a physical body, they do not abide in the nirvāṇa realm without remainder.
['T27n1545_032:0168b11_17']	有說。	有說。	Some say:
['T27n1545_032:0168b12_5']	此文應作是說。	此文應作是說。	This text should be written like this:
['T27n1545_032:0168b12_14']	云何有餘依涅槃界。	云何有餘依涅槃界。	What is the nirvāṇa realm with remainder?
['T27n1545_032:0168b13_13']	答若阿羅漢壽命猶存諸結永盡得獲觸證。	答若阿羅漢壽命猶存諸結永盡得獲觸證。	Answer: If an arhat's lifespan is still present and all bonds are eternally severed, they attain and realize it.
['T27n1545_032:0168b14_4']	云何無餘依涅槃界。	云何無餘依涅槃界。	What is the nirvāṇa realm without remainder?
['T27n1545_032:0168b14_18']	答即阿羅漢壽命已滅諸結永盡。	答即阿羅漢壽命已滅諸結永盡。	Answer: It is when an arhat's lifespan has already ended and all bonds are eternally severed.
['T27n1545_032:0168b15_11', 'T27n1545_032:0168b15_16']	若作是說則生三界阿羅漢。🔽若有色身。	若作是說則生三界阿羅漢。 若有色身。	If this is said, then arhats born in the three realms,🔽whether they have a physical body,
['T27n1545_032:0168b16_3']	若無色身。	若無色身。	whether they have no physical body,
['T27n1545_032:0168b16_8']	若有心轉。	若有心轉。	whether their mind is active,
['T27n1545_032:0168b16_13']	若無心轉。	若無心轉。	whether their mind is inactive,
['T27n1545_032:0168b16_18']	若具五根。	若具五根。	whether they possess the five faculties,
['T27n1545_032:0168b17_4']	若不具五根。	若不具五根。	whether they do not possess the five faculties,
['T27n1545_032:0168b18_1']	但有壽命皆名住有餘依涅槃界。	但有壽命皆名住有餘依涅槃界。	as long as they have a lifespan, are all said to abide in the nirvāṇa realm with remainder.
['T27n1545_032:0168b18_15']	壽命滅已皆名住無餘依涅槃界。	壽命滅已皆名住無餘依涅槃界。	When their lifespan ends, they are all said to abide in the nirvāṇa realm without remainder.
['T27n1545_032:0168b19_2']	應作是說。	應作是說。	It should be written like this.
['T27n1545_032:0168b20_10']	而不爾者是本論師為欲饒益諸弟子眾令易解故作如是說。	而不爾者是本論師為欲饒益諸弟子眾令易解故作如是說。	But it is not. The author of this treatise, in order to benefit his disciples and make it easy for them to understand, writes it like this.
['T27n1545_032:0168b21_3']	問異生有學所得離繫。	問異生有學所得離繫。	Question: As for the disjunction obtained by ordinary beings and learners,
['T27n1545_032:0168b21_12']	彼是何等涅槃界攝。	彼是何等涅槃界攝。	to which of the two types of nirvana realms does it belong?
['T27n1545_032:0168b22_3']	答彼非二種涅槃界攝。	答彼非二種涅槃界攝。	Answer: It is not included in the two types of nirvana realms.
['T27n1545_032:0168b22_12']	謂諸異生所得離繫。	謂諸異生所得離繫。	That is to say, the disjunction obtained by ordinary beings
['T27n1545_032:0168b23_4']	但應名斷名離名滅名諦。	但應名斷名離名滅名諦。	should only be called cessation, separation, extinction, and truth.
['T27n1545_032:0168b23_9']	不名遍知。	不名遍知。	It is not called complete knowledge.
['T27n1545_032:0168b23_15', 'T27n1545_032:0168b24_6']	不名沙門果。🔽不名有餘依涅槃界。	不名沙門果。 不名有餘依涅槃界。	It is not called the fruit of the śramaṇa.🔽It is not called the nirvana realm with remainder.
['T27n1545_032:0168b24_15']	不名無餘依涅槃界。	不名無餘依涅槃界。	It is not called the nirvana realm without remainder.
['T27n1545_032:0168b25_5']	若諸有學所得離繫。	若諸有學所得離繫。	As for the disjunction obtained by learners,
['T27n1545_032:0168b25_14']	名斷名離名滅名諦。	名斷名離名滅名諦。	it is called cessation, separation, extinction, and truth.
['T27n1545_032:0168b26_2']	有位名遍知。	有位名遍知。	In some cases it is called complete knowledge.
['T27n1545_032:0168b26_9', 'T27n1545_032:0168b26_16']	有位不名遍知。🔽有位名沙門果。	有位不名遍知。 有位名沙門果。	In some cases it is not called complete knowledge.🔽In some cases it is called the fruit of the śramaṇa.
['T27n1545_032:0168b27_6', 'T27n1545_032:0168b27_15']	有位不名沙門果。🔽不名有餘依涅槃界。	有位不名沙門果。 不名有餘依涅槃界。	In some cases it is not called the fruit of the śramaṇa.🔽It is not called the nirvana realm with remainder.
['T27n1545_032:0168b28_6']	不名無餘依涅槃界。	不名無餘依涅槃界。	It is not called the nirvana realm without remainder.
['T27n1545_032:0168b28_15']	若諸無學所得離繫。	若諸無學所得離繫。	As for the disjunction obtained by post-learners,
['T27n1545_032:0168b29_8']	名斷名離名滅名諦名遍知。	名斷名離名滅名諦名遍知。	it is called cessation, separation, extinction, truth, and complete knowledge.
['T27n1545_032:0168b29_13']	名沙門果。	名沙門果。	It is called the fruit of the śramaṇa.
['T27n1545_032:0168c01_5']	有時名有餘依涅槃界。	有時名有餘依涅槃界。	Sometimes it is called the nirvana realm with remainder.
['T27n1545_032:0168c01_15']	有時名無餘依涅槃界。	有時名無餘依涅槃界。	Sometimes it is called the nirvāṇa realm without remainder.🔽Here is the corrected and aligned text:
['T27n1545_032:0168c03_13']	說一切有部發智大毘婆沙論卷第三十二此卷宋本第七幅已下有三處文。	說一切有部發智大毘婆沙論卷第三十二此卷宋本第七幅已下有三處文。	Abhidharma-mahāvibhāṣā-śāstra, Scroll 32. In the seventh column of the Song edition and below, there are three passages.
['T27n1545_032:0168c04_1']	文斷義絕。	文斷義絕。	The text is interrupted and the meaning is cut off.
['T27n1545_032:0168c05_5']	一者第七幅初三行有餘師說但之一便云答此不決定等。	一者第七幅初三行有餘師說但之一便云答此不決定等。	First, in the first three lines of the seventh column, it says Other masters say 'only', and then says 'The answer is: this is not definite, etc.'
['T27n1545_032:0168c07_2']	二者第八幅十四五行或忍或戒乃至不之下便云於過去未來諸法得非擇滅等。	二者第八幅十四五行或忍或戒乃至不之下便云於過去未來諸法得非擇滅等。	Second, in the fourteenth line of the eighth column, it says Either patience or precepts, up to not below, and then says 'In the past and future, one obtains non-analytical cessation, etc.'
['T27n1545_032:0168c08_9']	三者第十幅初四行不共得耶之下便云忍皆於惡趣得非擇滅等。	三者第十幅初四行不共得耶之下便云忍皆於惡趣得非擇滅等。	Third, in the first four lines of the tenth column, it says Obtained by non-commonality, and then says 'Patience obtains non-analytical cessation in the evil destinies, etc.'
['T27n1545_032:0168c09_9']	今撿國丹二本則宋本錯將不共得耶。	今撿國丹二本則宋本錯將不共得耶。	Now, when examined in the two editions of Korea and Japan, the Song edition mistakenly takes Obtained by non-commonality and
['T27n1545_032:0168c13_13']	之下答此不決定乃至或忍或戒乃至下等凡三十六行文進而寫之于餘師說但之下却將說但之下於過去未來諸法得非擇滅乃至不共得耶等凡三十五行文退而寫之于或戒乃至下之下。	之下答此不決定乃至或忍或戒乃至下等凡三十六行文進而寫之于餘師說但之下却將說但之下於過去未來諸法得非擇滅乃至不共得耶等凡三十五行文退而寫之于或戒乃至下之下。	Below this, answer this indecisively, up to or forbearance or precepts, up to below and so on, a total of thirty-six lines of text, advance and write it in the other teachers' explanations, but below this, retreat and write the text below, up to or precepts, up to below.
['T27n1545_032:0168c15_5']	忍字之上又錯下字為不字又錯重寫其忍字致使如是三處文斷。	忍字之上又錯下字為不字又錯重寫其忍字致使如是三處文斷。	Above the character forbearance, the character below is mistakenly written as not, and the character forbearance is mistakenly written twice, causing the text to be interrupted in these three places.
['T27n1545_032:0168c15_15']	今依二本進退而正之。	今依二本進退而正之。	Now, relying on the two versions, advance and retreat to correct it.
['T27n1545_032:0168c17_16']	又國本中第九幅十七行乃至下忍之下於過去未來得非擇滅乃至為皆共得不共得耶等。	又國本中第九幅十七行乃至下忍之下於過去未來得非擇滅乃至為皆共得不共得耶等。	Also, in the ninth section of the national version, from the seventeenth line below forbearance, up to the past and future, obtaining non-analytical cessation, up to all equally obtaining or not equally obtaining, and so on,
['T27n1545_032:0168c18_13']	凡十二行者亦錯重寫耳故今不取。	凡十二行者亦錯重寫耳故今不取。	a total of twelve lines are also mistakenly written twice, therefore, I do not take them now.
