segmentnr	original	analyzed	translated
['T27n1545_097:0499c06_0']	阿毘達磨大毘婆沙論卷第九十	阿毘達磨大毘婆沙論卷第九十	Abhidharma-mahāvibhāṣā-śāstra, fascicle 90
['T27n1545_097:0499c07_0']	七	七	seven
['T27n1545_097:0499c09_0']	五百大阿羅漢等造	五百大阿羅漢等造	composed by 500 great arhats and others
['T27n1545_097:0499c12_7']	三藏法師玄奘奉　詔譯5智蘊第三中學支納息第一之五諸法念覺支相應。	三藏法師玄奘奉　詔譯5智蘊第三中學支納息第一之五諸法念覺支相應。	tripiṭaka master Xuanzang respectfully received
['T27n1545_097:0499c12_17']	彼法擇法覺支相應耶。	彼法擇法覺支相應耶。	Are those dharmas associated with the factor of enlightenment that investigates dharmas?
['T27n1545_097:0499c13_3']	乃至廣說。	乃至廣說。	And so on, in detail.
['T27n1545_097:0499c13_10']	問何故作此論。	問何故作此論。	Question: Why was this treatise composed?
['T27n1545_097:0499c14_2']	答為止他宗顯正理故。	答為止他宗顯正理故。	Answer: In order to stop other schools and reveal the correct principle.
['T27n1545_097:0499c14_7']	謂或有執。	謂或有執。	That is to say, some hold the view
['T27n1545_097:0499c15_2']	無實相應諸心心所不俱起故。	無實相應諸心心所不俱起故。	that there is no real association, because all minds and mental factors do not arise together.
['T27n1545_097:0499c16_3']	為遮彼意欲顯相應是實有物故作斯論。	為遮彼意欲顯相應是實有物故作斯論。	In order to refute that view and show that association is a real entity, this treatise is composed.
['T27n1545_097:0499c16_9']	答應作四句。	答應作四句。	Answer: One should make a tetralemma.
['T27n1545_097:0499c16_18']	此中念及擇法覺支。	此中念及擇法覺支。	Here, mindfulness and the factor of enlightenment that investigates dharmas
['T27n1545_097:0499c17_11']	俱遍一切地一切無漏心故。	俱遍一切地一切無漏心故。	are both universally present in all stages and all uncontaminated minds.
['T27n1545_097:0499c17_17']	應作小四句。	應作小四句。	One should make a small tetralemma.
['T27n1545_097:0499c18_8']	有法念相應非擇法。	有法念相應非擇法。	There are dharmas associated with mindfulness but not with the investigation of dharmas.
['T27n1545_097:0499c18_15']	謂擇法覺支者。	謂擇法覺支者。	That is to say, the factor of enlightenment that investigates dharmas.
['T27n1545_097:0499c19_7']	謂念俱生擇法覺支自性。	謂念俱生擇法覺支自性。	That is to say, the intrinsic nature of the factor of enlightenment that investigates dharmas that arises together with mindfulness.
['T27n1545_097:0499c19_18']	彼與念相應非擇法覺支。	彼與念相應非擇法覺支。	It is associated with mindfulness but not with the factor of enlightenment that investigates dharmas.
['T27n1545_097:0499c20_12']	由三緣故自性不與自性相應。	由三緣故自性不與自性相應。	For three reasons, the intrinsic nature does not correspond to the intrinsic nature.
['T27n1545_097:0499c21_4', 'T27n1545_097:0499c21_9']	一無二體俱時起故。🔽二前與後。	一無二體俱時起故。 二前與後。	First, because two substances do not arise simultaneously.
['T27n1545_097:0499c21_14']	不和合故。	不和合故。	Second, because the former does not combine with the latter.
['T27n1545_097:0499c22_4']	三一切法不觀自體。	三一切法不觀自體。	Third, because all dharmas, not observing their own substance,
['T27n1545_097:0499c22_13']	必以他體為緣生故。	必以他體為緣生故。	necessarily arise with other substances as conditions.
['T27n1545_097:0499c23_4']	有法擇法相應非念。	有法擇法相應非念。	There are dharmas that correspond to investigation of dharmas but not to mindfulness.
['T27n1545_097:0499c23_10']	謂念覺支者。	謂念覺支者。	This refers to the factor of enlightenment of mindfulness.
['T27n1545_097:0499c24_2']	謂擇法俱生念覺支自性。	謂擇法俱生念覺支自性。	This refers to the intrinsic nature of the factor of enlightenment of mindfulness that arises together with the investigation of dharmas.
['T27n1545_097:0499c24_13']	彼與擇法相應非念覺支。	彼與擇法相應非念覺支。	It corresponds to the investigation of dharmas but not to the factor of enlightenment of mindfulness.
['T27n1545_097:0499c25_8']	自性不與自性相應義如前說。	自性不與自性相應義如前說。	The meaning of the intrinsic nature not corresponding to the intrinsic nature is as explained above.
['T27n1545_097:0499c25_17']	有法念相應亦擇法。	有法念相應亦擇法。	There are dharmas that correspond to mindfulness and also to the investigation of dharmas.
['T27n1545_097:0499c26_6']	謂二相應法者。	謂二相應法者。	This refers to the two corresponding dharmas.
['T27n1545_097:0499c26_15']	謂念擇法覺支俱生。	謂念擇法覺支俱生。	This refers to the investigation of dharmas and the factor of enlightenment of mindfulness that arise together.
['T27n1545_097:0499c27_5']	除二自性餘相應法。	除二自性餘相應法。	Excluding the two intrinsic natures, the other corresponding dharmas
['T27n1545_097:0499c27_11']	即八大地法。	即八大地法。	are the eight great fundamental mental factors,
['T27n1545_097:0499c27_17']	十大善地法。	十大善地法。	the ten great wholesome factors,
['T27n1545_097:0499c28_9']	隨地位亦有尋伺等及心。	隨地位亦有尋伺等及心。	and the mental factors of searching, etc. and mind that exist in their stage.
['T27n1545_097:0499c29_3']	有法非念相應亦非擇法。	有法非念相應亦非擇法。	There are dharmas that do not correspond to mindfulness and also do not correspond to the investigation of dharmas.
['T27n1545_097:0500a01_1']	謂餘心心所法色無為心不相應行者。	謂餘心心所法色無為心不相應行者。	It refers to the other mental factors, form, and unconditioned factors that are not associated with the mind.
['T27n1545_097:0500a01_10']	謂除無漏心心所法。	謂除無漏心心所法。	It refers to the pure mental factors and mental activities, excluding the pure ones.
['T27n1545_097:0500a01_19']	諸餘有漏心心所法。	諸餘有漏心心所法。	All the other defiled mental factors and mental activities,
['T27n1545_097:0500a02_15']	及一切色無為心不相應行作第四句。	及一切色無為心不相應行作第四句。	and all form, unconditioned factors, and factors not associated with the mind are the fourth alternative.
['T27n1545_097:0500a03_4']	如對擇法覺支。	如對擇法覺支。	Just as it is in relation to the factor of enlightenment of investigation of dharmas,
['T27n1545_097:0500a03_14']	對精進輕安定捨覺支。	對精進輕安定捨覺支。	it is the same in relation to the factors of enlightenment of vigor, tranquility, concentration, and equanimity,
['T27n1545_097:0500a04_3']	正勤正定亦爾者。	正勤正定亦爾者。	and the right efforts and right concentration.
['T27n1545_097:0500a05_13']	如念覺支對擇法覺支作小四句對精進覺支乃至正定應知亦爾。	如念覺支對擇法覺支作小四句對精進覺支乃至正定應知亦爾。	Just as the factor of enlightenment of mindfulness is in relation to the factor of enlightenment of investigation of dharmas, it should be understood that it is the same in relation to the factor of enlightenment of vigor, and so on up to right concentration.
['T27n1545_097:0500a06_11']	諸法念覺支相應彼法喜覺支相應耶。	諸法念覺支相應彼法喜覺支相應耶。	Are those dharmas associated with the factor of enlightenment of mindfulness also associated with the factor of enlightenment of joy?
['T27n1545_097:0500a06_17']	答應作四句。	答應作四句。	The answer is that four alternatives should be made.
['T27n1545_097:0500a07_13']	此中念覺支遍一切地一切無漏心。	此中念覺支遍一切地一切無漏心。	Here, the factor of enlightenment of mindfulness is found in all stages and in all pure minds,
['T27n1545_097:0500a08_5']	喜覺支遍一切無漏心。	喜覺支遍一切無漏心。	while the factor of enlightenment of joy is found in all pure minds
['T27n1545_097:0500a08_11']	非一切地故。	非一切地故。	but not in all stages.
['T27n1545_097:0500a08_17']	應作中四句。	應作中四句。	Therefore, the middle four alternatives should be made.
['T27n1545_097:0500a09_6']	有法念相應非喜。	有法念相應非喜。	There are dharmas associated with mindfulness but not with joy,
['T27n1545_097:0500a09_16']	謂喜覺支及喜不相應。	謂喜覺支及喜不相應。	namely, the factor of enlightenment of joy and that which is not associated with joy.
['T27n1545_097:0500a10_6']	念覺支相應法者。	念覺支相應法者。	The factors associated with the enlightenment factor of mindfulness are:
['T27n1545_097:0500a10_16']	謂念俱生喜覺支自性。	謂念俱生喜覺支自性。	The essence of the enlightenment factor of joy that arises together with mindfulness.
['T27n1545_097:0500a11_7']	彼與念相應非喜覺支。	彼與念相應非喜覺支。	It is associated with mindfulness but not with the enlightenment factor of joy.
['T27n1545_097:0500a12_3']	自性不與自性相應義如前說。	自性不與自性相應義如前說。	The meaning of the essence not being associated with the essence is as explained above.
['T27n1545_097:0500a12_15']	及喜不相應念覺支相應法。	及喜不相應念覺支相應法。	And the factors associated with the enlightenment factor of mindfulness that are not associated with joy.
['T27n1545_097:0500a13_5']	即未至定靜慮中間。	即未至定靜慮中間。	That is, the preliminary concentration, the intermediate concentration,
['T27n1545_097:0500a13_14']	後二靜慮前三無色。	後二靜慮前三無色。	the last two concentrations, and the first three formless attainments.
['T27n1545_097:0500a14_2']	念覺支相應法。	念覺支相應法。	The factors associated with the enlightenment factor of mindfulness.
['T27n1545_097:0500a14_12']	彼與念相應非喜覺支。	彼與念相應非喜覺支。	They are associated with mindfulness but not with the enlightenment factor of joy.
['T27n1545_097:0500a15_2']	彼諸地中皆無喜故。	彼諸地中皆無喜故。	Because in those stages there is no joy.
['T27n1545_097:0500a15_10']	有法喜相應非念。	有法喜相應非念。	There are factors associated with joy but not with mindfulness.
['T27n1545_097:0500a16_1']	謂喜覺支相應念者。	謂喜覺支相應念者。	That is, the mindfulness associated with the enlightenment factor of joy.
['T27n1545_097:0500a16_11']	謂喜俱生念覺支自性。	謂喜俱生念覺支自性。	The essence of the enlightenment factor of mindfulness that arises together with joy.
['T27n1545_097:0500a17_2']	彼與喜相應非念覺支。	彼與喜相應非念覺支。	It is associated with joy but not with the enlightenment factor of mindfulness.
['T27n1545_097:0500a17_15']	自性不與自性相應義如前說。	自性不與自性相應義如前說。	The meaning of the essence not being associated with the essence is as explained above.
['T27n1545_097:0500a18_5']	有法念相應亦喜。	有法念相應亦喜。	There are factors associated with both mindfulness and joy.
['T27n1545_097:0500a18_12']	謂二相應法者。	謂二相應法者。	That is, the factors associated with both.
['T27n1545_097:0500a19_1']	謂念喜覺支俱生。	謂念喜覺支俱生。	That is, the enlightenment factors of mindfulness and joy that arise together.
['T27n1545_097:0500a19_10']	除二自性餘相應法。	除二自性餘相應法。	Excluding the two essences, the remaining associated factors.
['T27n1545_097:0500a19_16']	即八大地法。	即八大地法。	They are the eight great fundamental mental factors.
['T27n1545_097:0500a20_3']	十大善地法。	十大善地法。	The ten wholesome factors.
['T27n1545_097:0500a21_6']	隨地位亦有尋伺等及心有法非念相應亦非喜。	隨地位亦有尋伺等及心有法非念相應亦非喜。	According to the stage, there are also investigation, analysis, etc., and mental factors that are neither associated with mindfulness nor with joy.
['T27n1545_097:0500a21_15']	謂喜不相應念覺支。	謂喜不相應念覺支。	Namely, the factor of mindfulness that is not associated with joy.
['T27n1545_097:0500a22_12']	及餘心心所法色無為心不相應行者。	及餘心心所法色無為心不相應行者。	And the other mental factors and forms, unconditioned factors, and mental factors not associated with mind.
['T27n1545_097:0500a23_3']	謂未至定靜慮中間。	謂未至定靜慮中間。	Namely, the preliminary concentration, the intermediate concentration,
['T27n1545_097:0500a23_17']	後二靜慮前三無色念覺支自性。	後二靜慮前三無色念覺支自性。	The last two concentrations, and the first three formless concentrations, which are the intrinsic nature of the factor of mindfulness.
['T27n1545_097:0500a24_6']	彼非念覺支相應。	彼非念覺支相應。	They are not associated with the factor of mindfulness.
['T27n1545_097:0500a24_16']	自性與自性不相應故。	自性與自性不相應故。	Because the intrinsic nature is not associated with the intrinsic nature.
['T27n1545_097:0500a25_6']	亦非喜覺支相應。	亦非喜覺支相應。	They are also not associated with the factor of joy.
['T27n1545_097:0500a25_15']	彼諸地中皆無喜故。	彼諸地中皆無喜故。	Because in those stages there is no joy.
['T27n1545_097:0500a26_5']	除無漏心心所法。	除無漏心心所法。	Excluding the pure mental factors and mental activities.
['T27n1545_097:0500a26_14']	諸餘有漏心心所法。	諸餘有漏心心所法。	The remaining defiled mental factors and mental activities.
['T27n1545_097:0500a27_11']	及一切色無為心不相應行作第四句。	及一切色無為心不相應行作第四句。	And all forms, unconditioned factors, and mental factors not associated with mind form the fourth alternative.
['T27n1545_097:0500a27_17']	如對喜覺支。	如對喜覺支。	As with the factor of joy.
['T27n1545_097:0500a28_9']	對正見正思惟亦爾者。	對正見正思惟亦爾者。	As with right view and right thought.
['T27n1545_097:0500a29_5']	如念覺支對喜覺支作中四句。	如念覺支對喜覺支作中四句。	As with the factor of mindfulness and the factor of joy forming the middle four alternatives.
['T27n1545_097:0500a29_16']	對正見正思惟應知亦爾。	對正見正思惟應知亦爾。	It should be known that the same applies to right view and right thought.
['T27n1545_097:0500b01_6']	諸法念覺支相應。	諸法念覺支相應。	Those dharmas that are associated with the factor of enlightenment of mindfulness,
['T27n1545_097:0500b01_14']	彼法正念相應耶。	彼法正念相應耶。	are those dharmas associated with right mindfulness?
['T27n1545_097:0500b01_18']	答如是。	答如是。	Answer: It is so.
['T27n1545_097:0500b02_13']	設法正念相應彼法念覺支相應耶。	設法正念相應彼法念覺支相應耶。	If dharmas are associated with right mindfulness, are those dharmas associated with the factor of enlightenment of mindfulness?
['T27n1545_097:0500b03_9']	答如是者謂念覺支即是正念故。	答如是者謂念覺支即是正念故。	Answer: It is so. This means that the factor of enlightenment of mindfulness is precisely right mindfulness,
['T27n1545_097:0500b03_15', 'T27n1545_097:0500b04_8']	應作如是句。🔽諸法擇法覺支相應。	應作如是句。 諸法擇法覺支相應。	one should make such a statement.🔽Those dharmas that are associated with the factor of enlightenment of investigation of dharmas,
['T27n1545_097:0500b04_18']	彼法精進覺支相應耶。	彼法精進覺支相應耶。	are those dharmas associated with the factor of enlightenment of energy?
['T27n1545_097:0500b05_5']	答應作四句。	答應作四句。	Answer: One should make four alternatives.
['T27n1545_097:0500b06_7']	此中擇法精進覺支俱遍一切地一切無漏心故。	此中擇法精進覺支俱遍一切地一切無漏心故。	Here, investigation of dharmas and the factor of enlightenment of energy are both universally present in all stages and all uncontaminated minds,
['T27n1545_097:0500b06_13']	應作小四句。	應作小四句。	one should make a small four alternatives.
['T27n1545_097:0500b07_5']	有法擇法相應非精進。	有法擇法相應非精進。	There are dharmas associated with investigation of dharmas but not associated with energy.
['T27n1545_097:0500b07_12']	謂精進覺支者。	謂精進覺支者。	This refers to the factor of enlightenment of energy.
['T27n1545_097:0500b08_5']	謂擇法俱生精進覺支自性。	謂擇法俱生精進覺支自性。	This refers to the self-nature of the factor of enlightenment of energy that arises together with investigation of dharmas.
['T27n1545_097:0500b08_17']	彼與擇法相應非精進覺支。	彼與擇法相應非精進覺支。	It is associated with investigation of dharmas but not with the factor of enlightenment of energy.
['T27n1545_097:0500b09_9']	自性與自性不相應故。	自性與自性不相應故。	Because the self-nature does not correspond with the self-nature.
['T27n1545_097:0500b10_2']	有法精進相應非擇法。	有法精進相應非擇法。	There are dharmas associated with energy but not with investigation of dharmas.
['T27n1545_097:0500b10_9']	謂擇法覺支者。	謂擇法覺支者。	It means the factor of enlightenment of investigation of dharmas.
['T27n1545_097:0500b11_2']	謂精進俱生擇法覺支自性。	謂精進俱生擇法覺支自性。	It means the essence of the factor of enlightenment of investigation of dharmas that arises together with vigor.
['T27n1545_097:0500b11_14']	彼與精進相應非擇法覺支。	彼與精進相應非擇法覺支。	It is associated with vigor but not with the essence of the factor of enlightenment of investigation of dharmas.
['T27n1545_097:0500b12_6']	自性與自性不相應故。	自性與自性不相應故。	Because the essence is not associated with the essence.
['T27n1545_097:0500b12_16']	有法擇法相應亦精進。	有法擇法相應亦精進。	There are dharmas that are associated with investigation of dharmas and also with vigor.
['T27n1545_097:0500b13_5']	謂二相應法者。	謂二相應法者。	It means the two associated dharmas.
['T27n1545_097:0500b13_15']	謂擇法精進覺支俱生。	謂擇法精進覺支俱生。	It means those that arise together with the factor of enlightenment of investigation of dharmas and the factor of enlightenment of vigor.
['T27n1545_097:0500b14_10']	除二自性餘相應法即九大地法。	除二自性餘相應法即九大地法。	Excluding the two essences, the other associated dharmas are the nine universal mental factors,
['T27n1545_097:0500b14_16']	九大善地法。	九大善地法。	the nine wholesome mental factors,
['T27n1545_097:0500b15_8']	隨地位亦有尋伺等及心。	隨地位亦有尋伺等及心。	and according to the stage, there are also applied thought, sustained thought, etc., and the mind.
['T27n1545_097:0500b17_1']	有法非擇法相應亦非精進謂餘心心所法色無為心不相應行者。	有法非擇法相應亦非精進謂餘心心所法色無為心不相應行者。	There are dharmas that are not associated with investigation of dharmas and also not with vigor. It means the other mental factors, form, unconditioned dharmas, and factors not directly associated with the mind.
['T27n1545_097:0500b17_10', 'T27n1545_097:0500b17_19']	謂除無漏心心所法。🔽諸餘有漏心心所法。	謂除無漏心心所法。 諸餘有漏心心所法。	It means the impure mental factors and form.🔽It means all the impure mental factors and form.
['T27n1545_097:0500b18_15']	及一切色無為心不相應行作第四句。	及一切色無為心不相應行作第四句。	The unconditioned dharmas and factors not directly associated with the mind form the fourth alternative.
['T27n1545_097:0500b20_3']	如對精進覺支對輕安定捨覺支正勤正念正定亦爾者。	如對精進覺支對輕安定捨覺支正勤正念正定亦爾者。	As with the factor of enlightenment of vigor, so it is with the factors of enlightenment of tranquility, concentration, and equanimity, the right efforts, right mindfulness, and right concentration.
['T27n1545_097:0500b21_1']	如擇法覺支對精進覺支作小四句。	如擇法覺支對精進覺支作小四句。	The same can be said of the four small dyads formed by the factor of investigation of the factors and the factor of energy.
['T27n1545_097:0500b21_9']	對輕安定捨覺支。	對輕安定捨覺支。	The same can be said of the factor of tranquility, the factor of concentration, and the factor of equanimity.
['T27n1545_097:0500b22_1']	正勤正念正定應知亦爾。	正勤正念正定應知亦爾。	The same can be said of the right efforts, the right mindfulness, and the right concentration.
['T27n1545_097:0500b22_18']	諸法擇法覺支相應彼法喜覺支相應耶。	諸法擇法覺支相應彼法喜覺支相應耶。	Are the factors associated with the factor of investigation of the factors also associated with the factor of joy?
['T27n1545_097:0500b23_5']	答應作四句。	答應作四句。	The answer is that four sentences should be made.
['T27n1545_097:0500b24_3']	此中擇法覺支遍一切地一切無漏心。	此中擇法覺支遍一切地一切無漏心。	Here, the factor of investigation of the factors is found in all stages and in all pure minds.
['T27n1545_097:0500b24_17']	喜覺支遍一切無漏心非一切地。	喜覺支遍一切無漏心非一切地。	The factor of joy is found in all pure minds but not in all stages.
['T27n1545_097:0500b25_6']	故應作中四句。	故應作中四句。	Therefore, the four middle sentences should be made.
['T27n1545_097:0500b25_15']	有法擇法相應非喜。	有法擇法相應非喜。	There are factors associated with investigation but not with joy.
['T27n1545_097:0500b26_7']	謂喜覺支及喜不相應。	謂喜覺支及喜不相應。	Namely, the factor of joy and those not associated with joy.
['T27n1545_097:0500b26_16']	擇法覺支相應法者。	擇法覺支相應法者。	The factors associated with the factor of investigation of the factors.
['T27n1545_097:0500b27_8']	謂擇法俱生喜覺支自性。	謂擇法俱生喜覺支自性。	Namely, the intrinsic nature of the factor of joy arising together with investigation of the factors.
['T27n1545_097:0500b28_1']	彼與擇法相應非喜覺支。	彼與擇法相應非喜覺支。	They are associated with investigation but not with the factor of joy.
['T27n1545_097:0500b28_11']	自性與自性不相應故。	自性與自性不相應故。	Because the intrinsic nature does not correspond with the intrinsic nature.
['T27n1545_097:0500b29_6']	及喜不相應擇法覺支相應法。	及喜不相應擇法覺支相應法。	And the factors associated with the factor of investigation of the factors but not associated with joy.
['T27n1545_097:0500b29_15']	即未至定靜慮中間。	即未至定靜慮中間。	Namely, the preliminary concentration, the intermediate concentration,
['T27n1545_097:0500c01_1']	後二靜慮。	後二靜慮。	and the last two concentrations.
['T27n1545_097:0500c01_13']	前三無色擇法覺支相應法。	前三無色擇法覺支相應法。	The first three formless [absorptions] are associated with the factor of enlightenment of investigation of dharmas.
['T27n1545_097:0500c02_13']	彼與擇法相應非喜覺支彼諸地中皆無喜故。	彼與擇法相應非喜覺支彼諸地中皆無喜故。	They are associated with investigation of dharmas but not with the factor of enlightenment of joy, because in those stages there is no joy.
['T27n1545_097:0500c03_5', 'T27n1545_097:0500c03_15']	有法喜相應非擇法。🔽謂喜覺支相應擇法者。	有法喜相應非擇法。 謂喜覺支相應擇法者。	There are dharmas associated with joy but not with investigation of dharmas.🔽This refers to the factor of enlightenment of joy associated with investigation of dharmas.
['T27n1545_097:0500c04_7']	謂喜俱生擇法覺支自性。	謂喜俱生擇法覺支自性。	This refers to the essence of the factor of enlightenment of investigation of dharmas that arises together with joy.
['T27n1545_097:0500c04_18']	彼與喜相應非擇法覺支。	彼與喜相應非擇法覺支。	It is associated with joy but not with the factor of enlightenment of investigation of dharmas,
['T27n1545_097:0500c05_9']	自性與自性不相應故。	自性與自性不相應故。	because an essence is not associated with its own essence.
['T27n1545_097:0500c06_1']	有法擇法相應亦喜。	有法擇法相應亦喜。	There are dharmas associated with both investigation of dharmas and joy.
['T27n1545_097:0500c06_8']	謂二相應法者。	謂二相應法者。	This refers to dharmas associated with both.
['T27n1545_097:0500c06_17']	謂擇法喜覺支俱生。	謂擇法喜覺支俱生。	This refers to what arises together with the factor of enlightenment of investigation of dharmas and joy.
['T27n1545_097:0500c07_11']	除二自性餘相應法即八大地法。	除二自性餘相應法即八大地法。	Excluding the two essences, the remaining associated dharmas are the eight great fundamental mental factors,
['T27n1545_097:0500c07_17']	十大善地法。	十大善地法。	the ten great wholesome factors,
['T27n1545_097:0500c08_9']	隨地位亦有尋伺等及心。	隨地位亦有尋伺等及心。	and according to the stage, also investigation, analysis, etc., and mind.
['T27n1545_097:0500c09_2']	有非擇法相應亦非喜。	有非擇法相應亦非喜。	There are dharmas not associated with investigation of dharmas and also not with joy.
['T27n1545_097:0500c09_12']	謂喜不相應擇法覺支。	謂喜不相應擇法覺支。	This refers to the factor of enlightenment of joy not associated with investigation of dharmas,
['T27n1545_097:0500c09_19']	及餘心心所法。	及餘心心所法。	and other mental factors and mental activities,
['T27n1545_097:0500c10_9']	色無為心不相應行者。	色無為心不相應行者。	and form, the unconditioned, and factors not directly associated with mind.
['T27n1545_097:0500c10_18']	謂未至定靜慮中間。	謂未至定靜慮中間。	Namely, the preliminary stage of concentration and the intermediate concentration.
['T27n1545_097:0500c11_14']	後二靜慮前三無色擇法覺支自性。	後二靜慮前三無色擇法覺支自性。	The last two concentrations and the first three formless concentrations are the essence of the factor of enlightenment of investigation of dharmas.
['T27n1545_097:0500c12_5']	彼非擇法覺支相應。	彼非擇法覺支相應。	They are not associated with the factor of enlightenment of investigation of dharmas.
['T27n1545_097:0500c12_15']	自性與自性不相應故。	自性與自性不相應故。	Because the essence is not associated with the essence.
['T27n1545_097:0500c13_5']	亦非喜覺支相應。	亦非喜覺支相應。	They are also not associated with the factor of enlightenment of joy.
['T27n1545_097:0500c13_14']	彼諸地中皆無喜故。	彼諸地中皆無喜故。	Because in those stages there is no joy.
['T27n1545_097:0500c14_11']	除無漏心心所法諸餘有漏心心所法。	除無漏心心所法諸餘有漏心心所法。	Excluding the pure mental and mental factor dharmas, the remaining defiled mental and mental factor dharmas,
['T27n1545_097:0500c15_9']	及一切色無為心不相應行作第四句。	及一切色無為心不相應行作第四句。	and all form, unconditioned dharmas, and dharmas not directly associated with mind make up the fourth alternative.
['T27n1545_097:0500c15_15']	如對喜覺支。	如對喜覺支。	Just as with the factor of enlightenment of joy,
['T27n1545_097:0500c16_5']	對正思惟亦爾者。	對正思惟亦爾者。	so it is with right conceptualization.
['T27n1545_097:0500c17_2']	如擇法覺支對喜覺支作中四句。	如擇法覺支對喜覺支作中四句。	Just as the factor of enlightenment of investigation of dharmas is used to make the four alternatives with the factor of enlightenment of joy,
['T27n1545_097:0500c17_11']	對正思惟應知亦爾。	對正思惟應知亦爾。	it should be understood that the same is so with right conceptualization.
['T27n1545_097:0500c18_9']	諸法擇法覺支相應彼法正見相應耶。	諸法擇法覺支相應彼法正見相應耶。	Are the dharmas associated with the factor of enlightenment of investigation of dharmas also associated with right view?
['T27n1545_097:0500c19_4']	答諸法正見相應亦擇法相應。	答諸法正見相應亦擇法相應。	The answer is: The dharmas associated with right view are also associated with investigation of dharmas.
['T27n1545_097:0500c19_16']	有法擇法相應非正見相應。	有法擇法相應非正見相應。	There are dharmas associated with investigation of dharmas that are not associated with right view.
['T27n1545_097:0500c20_12']	謂正見所不攝擇法覺支相應法者。	謂正見所不攝擇法覺支相應法者。	It means the dharmas associated with the factor of enlightenment of investigating dharmas that are not included in right view.
['T27n1545_097:0500c21_3']	謂盡無生智相應法。	謂盡無生智相應法。	It means the dharmas associated with the knowledge of elimination and non-arising.
['T27n1545_097:0500c21_15']	彼與擇法覺支相應非正見。	彼與擇法覺支相應非正見。	They are associated with the factor of enlightenment of investigating dharmas but not with right view.
['T27n1545_097:0500c22_6']	盡無生智非見性故。	盡無生智非見性故。	Because the knowledge of elimination and non-arising is not of the nature of seeing.
['T27n1545_097:0500c23_2']	由擇法寬正見狹故作順後句。	由擇法寬正見狹故作順後句。	Because investigating dharmas is broad while right view is narrow, the subsequent phrase is made.
['T27n1545_097:0500c24_1']	諸法精進覺支相應彼法喜覺支相應耶。	諸法精進覺支相應彼法喜覺支相應耶。	Are the dharmas associated with the factor of enlightenment of vigor also associated with the factor of enlightenment of joy?
['T27n1545_097:0500c24_7']	答應作四句。	答應作四句。	The answer is: Four sentences should be made.
['T27n1545_097:0500c25_5']	此中精進覺支遍一切地一切無漏心。	此中精進覺支遍一切地一切無漏心。	Here, the factor of enlightenment of vigor is found in all stages and in all impure minds.
['T27n1545_097:0500c25_15']	喜覺支遍一切無漏心。	喜覺支遍一切無漏心。	The factor of enlightenment of joy is found in all impure minds.
['T27n1545_097:0500c26_2']	非一切地故。	非一切地故。	But it is not found in all stages.
['T27n1545_097:0500c26_8']	應作中四句。	應作中四句。	Therefore, the middle four sentences should be made.
['T27n1545_097:0500c26_17']	廣釋四句准前應知。	廣釋四句准前應知。	The explanation of the four sentences should be understood according to the previous example.
['T27n1545_097:0500c27_14']	如對喜覺支對正見正思惟亦爾者。	如對喜覺支對正見正思惟亦爾者。	As with the factor of enlightenment of joy, so it is with right view and right thought.
['T27n1545_097:0500c28_11']	如精進覺支對喜覺支作中四句。	如精進覺支對喜覺支作中四句。	As with the factor of enlightenment of vigor and the factor of enlightenment of joy, four sentences should be made.
['T27n1545_097:0500c29_5']	對正見正思惟應知亦爾。	對正見正思惟應知亦爾。	It should be understood that with right view and right thought, the same is true.
['T27n1545_097:0500c29_14']	諸法精進覺支相應。	諸法精進覺支相應。	The dharmas associated with the factor of enlightenment of vigor,
['T27n1545_097:0501a01_5']	彼法輕安覺支相應耶。	彼法輕安覺支相應耶。	Are those dharmas associated with the factor of enlightenment of lightness and tranquility?
['T27n1545_097:0501a01_11']	答應作四句。	答應作四句。	The answer is that four alternatives should be made.
['T27n1545_097:0501a02_3']	此中精進與輕安覺支。	此中精進與輕安覺支。	Herein, vigor and the factor of enlightenment of lightness and tranquility,
['T27n1545_097:0501a02_15']	俱遍一切地一切無漏心故。	俱遍一切地一切無漏心故。	are both universally present in all stages and all uncontaminated minds.
['T27n1545_097:0501a03_11']	應作小四句廣釋四句准前應知。	應作小四句廣釋四句准前應知。	The four alternatives should be made into a small four-part formula, and the four-part formula should be understood according to the previous example.
['T27n1545_097:0501a04_13']	如對輕安覺支對定捨覺支正念正定亦爾者。	如對輕安覺支對定捨覺支正念正定亦爾者。	As for the factor of enlightenment of concentration and the factor of enlightenment of equanimity, right mindfulness and right concentration are also like this.
['T27n1545_097:0501a05_11']	如精進覺支對輕安覺支作小四句。	如精進覺支對輕安覺支作小四句。	Just as the factor of enlightenment of vigor is made into a small four-part formula in relation to the factor of enlightenment of lightness and tranquility,
['T27n1545_097:0501a06_8']	對定捨覺支正念正定應知亦爾。	對定捨覺支正念正定應知亦爾。	it should be understood that in relation to the factor of enlightenment of concentration and the factor of enlightenment of equanimity, right mindfulness and right concentration are also like this.
['T27n1545_097:0501a06_17']	諸法精進覺支相應。	諸法精進覺支相應。	The dharmas that are associated with the factor of enlightenment of vigor,
['T27n1545_097:0501a07_6']	彼法正勤相應耶。	彼法正勤相應耶。	are those dharmas associated with right effort?
['T27n1545_097:0501a07_10']	答如是。	答如是。	The answer is that it is so.
['T27n1545_097:0501a07_17']	設法正勤相應。	設法正勤相應。	If the dharmas are associated with right effort,
['T27n1545_097:0501a08_7']	彼法精進覺支相應耶。	彼法精進覺支相應耶。	are those dharmas associated with the factor of enlightenment of vigor?
['T27n1545_097:0501a08_12']	答如是者。	答如是者。	The answer is that it is so.
['T27n1545_097:0501a09_4']	謂精進覺支即是正勤故。	謂精進覺支即是正勤故。	This means that the factor of enlightenment of vigor is precisely right effort.
['T27n1545_097:0501a09_10', 'T27n1545_097:0501a09_18']	應作如是句。🔽諸法喜覺支相應。	應作如是句。 諸法喜覺支相應。	The formula should be made in this way.🔽The dharmas that are associated with the factor of enlightenment of joy,
['T27n1545_097:0501a10_9']	彼法輕安覺支相應耶。	彼法輕安覺支相應耶。	are those dharmas associated with the factor of enlightenment of lightness and tranquility?
['T27n1545_097:0501a10_15']	答應作四句。	答應作四句。	The answer is that four alternatives should be made.
['T27n1545_097:0501a11_12']	此中喜覺支遍一切無漏心非一切地。	此中喜覺支遍一切無漏心非一切地。	Herein, the factor of joy is found in all impure minds but not in all stages.
['T27n1545_097:0501a12_12']	輕安覺支遍一切無漏心亦遍一切地故。	輕安覺支遍一切無漏心亦遍一切地故。	The factor of serenity is found in all impure minds and also in all stages.
['T27n1545_097:0501a13_1']	應作中四句。	應作中四句。	Therefore, four alternatives should be made in the middle.
['T27n1545_097:0501a13_10']	廣釋四句准前應知。	廣釋四句准前應知。	The detailed explanation of the four alternatives should be understood according to the previous [explanation].
['T27n1545_097:0501a13_17']	如對輕安覺支。	如對輕安覺支。	As with the factor of serenity,
['T27n1545_097:0501a14_13']	對定捨覺支正勤正念正定亦爾者。	對定捨覺支正勤正念正定亦爾者。	it is the same for the factors of concentration, equanimity, right effort, right mindfulness, and right concentration.
['T27n1545_097:0501a15_9']	如喜覺支對輕安覺支作中四句。	如喜覺支對輕安覺支作中四句。	As with the factor of joy in relation to the factor of serenity, four alternatives are made in the middle.
['T27n1545_097:0501a16_8']	對定捨覺支正勤正念正定應知亦爾。	對定捨覺支正勤正念正定應知亦爾。	It should be understood that it is the same for the factors of concentration, equanimity, right effort, right mindfulness, and right concentration.
['T27n1545_097:0501a16_16']	諸法喜覺支相應。	諸法喜覺支相應。	The dharmas that are associated with the factor of joy,
['T27n1545_097:0501a17_5']	彼法正見相應耶。	彼法正見相應耶。	are those dharmas associated with right view?
['T27n1545_097:0501a17_11']	答應作四句。	答應作四句。	The answer is that four alternatives should be made.
['T27n1545_097:0501a18_9']	此中喜覺支遍一切無漏心非一切地。	此中喜覺支遍一切無漏心非一切地。	Herein, the factor of joy is found in all impure minds but not in all stages.
['T27n1545_097:0501a19_6']	正見遍一切地非一切無漏心故。	正見遍一切地非一切無漏心故。	Right view is found in all stages but not in all impure minds.
['T27n1545_097:0501a19_12', 'T27n1545_097:0501a20_3']	應作大四句。🔽有法喜相應非正見。	應作大四句。 有法喜相應非正見。	Therefore, four alternatives should be made in the great [explanation].🔽There are dharmas that are associated with joy but not with right view.
['T27n1545_097:0501a20_12']	謂喜覺支相應正見。	謂喜覺支相應正見。	Namely, right view associated with the factor of joy.
['T27n1545_097:0501a20_19']	及正見不相應。	及正見不相應。	and right view that are not associated.
['T27n1545_097:0501a21_7']	喜覺支相應法者。	喜覺支相應法者。	The dharmas associated with the factor of enlightenment of joy
['T27n1545_097:0501a22_10']	謂喜覺支俱生正見自性彼與喜覺支相應非正見。	謂喜覺支俱生正見自性彼與喜覺支相應非正見。	means the right view that arises simultaneously with the factor of enlightenment of joy. It is associated with the factor of enlightenment of joy, but not with right view.
['T27n1545_097:0501a23_3']	自性與自性不相應故。	自性與自性不相應故。	Because the intrinsic nature is not associated with the intrinsic nature.
['T27n1545_097:0501a23_10']	及正見不相應。	及正見不相應。	and right view that are not associated.
['T27n1545_097:0501a23_17']	喜覺支相應法。	喜覺支相應法。	The dharmas associated with the factor of enlightenment of joy
['T27n1545_097:0501a24_15']	即初二靜慮盡無生智俱生喜覺支相應法。	即初二靜慮盡無生智俱生喜覺支相應法。	are the dharmas associated with the factor of enlightenment of joy that arise simultaneously with the knowledge of exhaustion and non-arising in the first and second dhyānas.
['T27n1545_097:0501a25_5']	彼與喜覺支相應。	彼與喜覺支相應。	They are associated with the factor of enlightenment of joy,
['T27n1545_097:0501a25_13']	非正見是他聚故。	非正見是他聚故。	but not with right view, because they belong to a different aggregate.
['T27n1545_097:0501a26_4']	有法正見相應非喜。	有法正見相應非喜。	There are dharmas associated with right view that are not associated with joy.
['T27n1545_097:0501a26_13']	謂正見相應喜覺支。	謂正見相應喜覺支。	It means the factor of enlightenment of joy that is associated with right view,
['T27n1545_097:0501a27_2']	及喜覺支不相應。	及喜覺支不相應。	and the dharmas associated with right view that are not associated with the factor of enlightenment of joy.
['T27n1545_097:0501a27_9']	正見相應法者。	正見相應法者。	The dharmas associated with right view
['T27n1545_097:0501a28_1']	謂正見相應喜覺支自性。	謂正見相應喜覺支自性。	means the intrinsic nature of the factor of enlightenment of joy that is associated with right view.
['T27n1545_097:0501a28_12']	彼與正見相應非喜覺支。	彼與正見相應非喜覺支。	It is associated with right view, but not with the factor of enlightenment of joy.
['T27n1545_097:0501a29_4', 'T27n1545_097:0501a29_12']	自性與自性不相應故。🔽及喜覺支不相應。	自性與自性不相應故。 及喜覺支不相應。	Because the intrinsic nature is not associated with the intrinsic nature.🔽and the dharmas associated with right view that are not associated with the factor of enlightenment of joy.
['T27n1545_097:0501b01_7']	正見相應法即未至定靜慮中間。	正見相應法即未至定靜慮中間。	The dharmas associated with right view are the preliminary concentration, the intermediate concentration,
['T27n1545_097:0501b02_3']	後二靜慮前三無色正見相應法。	後二靜慮前三無色正見相應法。	The dharmas associated with right view in the last two meditations and the first three formless realms.
['T27n1545_097:0501b02_14']	彼與正見相應非喜覺支。	彼與正見相應非喜覺支。	They are associated with right view but not with the factor of joy.
['T27n1545_097:0501b03_5']	彼諸地中皆無喜故。	彼諸地中皆無喜故。	Because there is no joy in those stages.
['T27n1545_097:0501b03_14']	有法喜相應亦正見。	有法喜相應亦正見。	There are dharmas associated with joy and also with right view.
['T27n1545_097:0501b04_2']	謂二相應法者。	謂二相應法者。	The phrase the dharmas associated with both refers to
['T27n1545_097:0501b05_1']	謂喜覺支正見俱生除二自性餘相應法。	謂喜覺支正見俱生除二自性餘相應法。	the associated dharmas arising together with the factor of joy and right view, excluding the two intrinsic natures themselves.
['T27n1545_097:0501b05_7']	即八大地法。	即八大地法。	They are the eight great fundamental mental activities,
['T27n1545_097:0501b05_13']	十大善地法。	十大善地法。	the ten wholesome factors in the great stages,
['T27n1545_097:0501b06_5']	隨地位亦有尋伺等及心。	隨地位亦有尋伺等及心。	and the mental activities such as investigation and analysis in accordance with the stage.
['T27n1545_097:0501b06_16', 'T27n1545_097:0501b07_8']	有法非喜相應亦非正見。🔽謂喜覺支不相應正見。	有法非喜相應亦非正見。 謂喜覺支不相應正見。	There are dharmas not associated with joy and also not with right view.🔽The phrase the factor of joy not associated with right view refers to🔽the factor of joy not associated with right view.🔽The phrase right view not associated with the factor of joy refers to
['T27n1545_097:0501b07_17']	正見不相應喜覺支。	正見不相應喜覺支。	the factor of joy not associated with right view.
['T27n1545_097:0501b08_5']	及餘心心所法。	及餘心心所法。	The phrase other mental activities and dharmas not directly associated with mind refers to
['T27n1545_097:0501b08_15']	色無為心不相應行者。	色無為心不相應行者。	the form aggregate, the formless aggregates, and the dharmas not directly associated with mind.
['T27n1545_097:0501b09_6']	謂喜覺支不相應正見。	謂喜覺支不相應正見。	The phrase the factor of joy not associated with right view refers to
['T27n1545_097:0501b09_15']	即未至定靜慮中間。	即未至定靜慮中間。	the preliminary concentration, the intermediate concentration,
['T27n1545_097:0501b10_5']	後二靜慮前三無色。	後二靜慮前三無色。	the last two meditations, and the first three formless realms.
['T27n1545_097:0501b10_17']	正見自性彼非喜覺支相應。	正見自性彼非喜覺支相應。	The intrinsic nature of right view is not associated with the factor of joy.
['T27n1545_097:0501b11_7']	彼諸地中皆無喜故。	彼諸地中皆無喜故。	Because there is no joy in those stages.
['T27n1545_097:0501b11_14']	亦非正見相應。	亦非正見相應。	It is also not associated with right view.
['T27n1545_097:0501b12_5']	自性與自性不相應故。	自性與自性不相應故。	Because the essence is not associated with the essence itself.
['T27n1545_097:0501b12_14']	正見不相應喜覺支。	正見不相應喜覺支。	The factor of joy associated with right view
['T27n1545_097:0501b13_13']	即初二靜慮盡無生智俱生喜覺支自性。	即初二靜慮盡無生智俱生喜覺支自性。	is the essence of the factor of joy that arises together with the knowledge of elimination and non-arising in the first two meditations.
['T27n1545_097:0501b14_6']	彼非正見相應是他聚故。	彼非正見相應是他聚故。	It is not associated with right view because it belongs to another group.
['T27n1545_097:0501b14_14']	亦非喜覺支相應。	亦非喜覺支相應。	It is also not associated with the factor of joy.
['T27n1545_097:0501b15_6']	自性與自性不相應故。	自性與自性不相應故。	Because the essence is not associated with the essence itself.
['T27n1545_097:0501b15_13']	及餘心心所法。	及餘心心所法。	And the rest of the mental factors and activities
['T27n1545_097:0501b16_4']	即未至定靜慮中間。	即未至定靜慮中間。	are the mind and mental factors that arise together with the knowledge of elimination and non-arising in the preliminary concentration, the intermediate concentration,
['T27n1545_097:0501b16_13', 'T27n1545_097:0501b17_6']	後二靜慮前三無色。🔽盡無生智俱生聚心心所法。	後二靜慮前三無色。 盡無生智俱生聚心心所法。	the last two meditations, and the first three formless concentrations.
['T27n1545_097:0501b17_16']	及一切有漏心心所法。	及一切有漏心心所法。	And all defiled mental factors and activities.
['T27n1545_097:0501b18_13']	并一切色無為心不相應行作第四句。	并一切色無為心不相應行作第四句。	And all forms, unconditioned dharmas, and mental activities that are not associated with the mind are the fourth alternative.
['T27n1545_097:0501b19_8']	如對正見對正思惟亦爾者。	如對正見對正思惟亦爾者。	As with right view, so with right thought.
['T27n1545_097:0501b20_3']	如喜覺支對正見作大四句。	如喜覺支對正見作大四句。	Just as the factor of joy is made into the four alternatives with right view,
['T27n1545_097:0501b20_12']	對正思惟應知亦爾。	對正思惟應知亦爾。	it should be known that it is the same with right thought.
['T27n1545_097:0501b21_8']	諸法輕安覺支相應。	諸法輕安覺支相應。	The dharmas that are associated with the factor of enlightenment of lightness and tranquility,
['T27n1545_097:0501b21_17']	彼法定覺支相應耶。	彼法定覺支相應耶。	are those dharmas also associated with the factor of enlightenment of samādhi?
['T27n1545_097:0501b22_4']	答應作四句。	答應作四句。	The answer is: Four sentences should be made.
['T27n1545_097:0501b23_5']	此中輕安定覺支俱遍一切地一切無漏心故。	此中輕安定覺支俱遍一切地一切無漏心故。	Here, lightness, tranquility, and the factor of enlightenment of samādhi are all present in all stages and all pure minds,
['T27n1545_097:0501b23_11']	應作小四句。	應作小四句。	so four small sentences should be made.
['T27n1545_097:0501b24_2']	廣釋四句准前應知。	廣釋四句准前應知。	The explanation of the four sentences should be understood according to the previous [example].
['T27n1545_097:0501b25_4']	如對定覺支對捨覺支正勤正念正定亦爾者。	如對定覺支對捨覺支正勤正念正定亦爾者。	As with the factor of enlightenment of samādhi, so it is with the factor of enlightenment of equanimity, right effort, right mindfulness, and right samādhi.
['T27n1545_097:0501b26_1']	如輕安覺支對定覺支作小四句。	如輕安覺支對定覺支作小四句。	As with the factor of enlightenment of lightness and tranquility and the factor of enlightenment of samādhi, four small sentences are made.
['T27n1545_097:0501b26_10']	對捨覺支乃至正定。	對捨覺支乃至正定。	As with the factor of enlightenment of equanimity, up to right samādhi,
['T27n1545_097:0501b26_15']	應知亦爾。	應知亦爾。	it should be understood in the same way.
['T27n1545_097:0501b27_12']	諸法輕安覺支相應彼法正見相應耶。	諸法輕安覺支相應彼法正見相應耶。	Are the dharmas that are associated with the factor of enlightenment of lightness and tranquility also associated with right view?
['T27n1545_097:0501b27_18']	答應作四句。	答應作四句。	The answer is: Four sentences should be made.
['T27n1545_097:0501b28_15']	此中輕安覺支遍一切地一切無漏心。	此中輕安覺支遍一切地一切無漏心。	Here, the factor of enlightenment of lightness and tranquility is present in all stages and all pure minds,
['T27n1545_097:0501b29_11']	正見遍一切地非一切無漏心故。	正見遍一切地非一切無漏心故。	while right view is present in all stages but not in all pure minds,
['T27n1545_097:0501b29_17']	應作中四句。	應作中四句。	so four medium sentences should be made.
['T27n1545_097:0501c01_8']	廣釋四句准前應知。	廣釋四句准前應知。	The explanation of the four sentences should be understood according to the previous [example].
['T27n1545_097:0501c02_3']	如對正見對正思惟亦爾者。	如對正見對正思惟亦爾者。	As for the same as right view, the same as right thought,
['T27n1545_097:0501c03_7']	如輕安覺支對正見作中四句對正思惟應知亦爾。	如輕安覺支對正見作中四句對正思惟應知亦爾。	it should be known that the same four sentences are to be made regarding the enlightenment factor of pliancy and right thought.
['T27n1545_097:0501c04_7']	諸法定覺支相應。	諸法定覺支相應。	The dharmas that are associated with the enlightenment factor of concentration,
['T27n1545_097:0501c04_16']	彼法捨覺支相應耶。	彼法捨覺支相應耶。	are those dharmas associated with the enlightenment factor of equanimity?
['T27n1545_097:0501c05_3']	答應作四句。	答應作四句。	The answer is: four sentences should be made.
['T27n1545_097:0501c05_10']	此中定捨覺支。	此中定捨覺支。	Here, the enlightenment factors of concentration and equanimity,
['T27n1545_097:0501c06_4']	俱遍一切地一切無漏心故。	俱遍一切地一切無漏心故。	are both universal in all stages and in all pure minds.
['T27n1545_097:0501c06_10']	應作小四句。	應作小四句。	One should make the small four sentences.
['T27n1545_097:0501c07_1']	廣釋四句准前應知。	廣釋四句准前應知。	The explanation of the four sentences should be understood according to the previous example.
['T27n1545_097:0501c07_15']	如對捨覺支對正勤正念亦爾者。	如對捨覺支對正勤正念亦爾者。	As for the same as the enlightenment factor of equanimity, the same as right effort and right mindfulness,
['T27n1545_097:0501c08_11']	如定覺支對捨覺支作小四句。	如定覺支對捨覺支作小四句。	just as the enlightenment factor of concentration is made into the small four sentences with the enlightenment factor of equanimity,
['T27n1545_097:0501c09_4']	對正勤正念應知亦爾。	對正勤正念應知亦爾。	it should be known that the same is so for right effort and right mindfulness.
['T27n1545_097:0501c09_12']	諸法定覺支相應。	諸法定覺支相應。	The dharmas that are associated with the enlightenment factor of concentration,
['T27n1545_097:0501c10_1']	彼法正見相應耶。	彼法正見相應耶。	are those dharmas associated with right view?
['T27n1545_097:0501c10_7']	答應作四句。	答應作四句。	The answer is: four sentences should be made.
['T27n1545_097:0501c11_4']	此中定覺支遍一切地一切無漏心。	此中定覺支遍一切地一切無漏心。	Here, the enlightenment factor of concentration is universal in all stages and in all pure minds,
['T27n1545_097:0501c12_1']	正見遍一切地非一切無漏心故。	正見遍一切地非一切無漏心故。	while right view is universal in all stages but not in all pure minds.
['T27n1545_097:0501c12_7']	應作中四句。	應作中四句。	The four alternatives should be made.
['T27n1545_097:0501c12_16']	廣釋四句准前應知。	廣釋四句准前應知。	The detailed explanation of the four alternatives should be understood according to the previous [explanation].
['T27n1545_097:0501c13_10']	如對正見對正思惟亦爾者。	如對正見對正思惟亦爾者。	Just as with right view, so it is with right thought.
['T27n1545_097:0501c14_13']	如定覺支對正見作中四句對正思惟應知亦爾。	如定覺支對正見作中四句對正思惟應知亦爾。	Just as the factor of concentration is related to right view in the four alternatives, it should be understood that it is the same with right thought.
['T27n1545_097:0501c15_4']	諸法定覺支相應。	諸法定覺支相應。	The dharmas that are associated with the factor of concentration,
['T27n1545_097:0501c15_12']	彼法正定相應耶。	彼法正定相應耶。	are those dharmas associated with right concentration?
['T27n1545_097:0501c15_16']	答如是。	答如是。	The answer is: It is so.
['T27n1545_097:0501c16_3']	設法正定相應。	設法正定相應。	If the dharmas are associated with right concentration,
['T27n1545_097:0501c16_12']	彼法定覺支相應耶。	彼法定覺支相應耶。	are those dharmas associated with the factor of concentration?
['T27n1545_097:0501c16_17']	答如是者。	答如是者。	The answer is: It is so.
['T27n1545_097:0501c17_12']	謂定覺支即是正定故應作如是句。	謂定覺支即是正定故應作如是句。	That is to say, the factor of concentration is precisely right concentration, therefore the statement should be made in this way.
['T27n1545_097:0501c18_7']	諸法捨覺支相應。	諸法捨覺支相應。	The dharmas that are associated with the factor of equanimity,
['T27n1545_097:0501c18_15']	彼法正見相應耶。	彼法正見相應耶。	are those dharmas associated with right view?
['T27n1545_097:0501c19_1', 'T27n1545_097:0501c19_17']	乃至廣說。🔽此中捨覺支對正見正思惟作中四句。	乃至廣說。 此中捨覺支對正見正思惟作中四句。	And so on, explaining in detail.🔽Here, the factor of equanimity is related to right view and right thought in the four alternatives.
['T27n1545_097:0501c20_11']	對正勤正念正定作小四句。	對正勤正念正定作小四句。	It is related to right effort, right mindfulness, and right concentration in the four small alternatives.
['T27n1545_097:0501c21_5']	正見對正思惟作大四句。	正見對正思惟作大四句。	Right view is related to right thought in the four large alternatives.
['T27n1545_097:0501c21_17']	對正勤正念正定作中四句。	對正勤正念正定作中四句。	It is related to right effort, right mindfulness, and right concentration in the four middle alternatives.
['T27n1545_097:0501c22_14', 'T27n1545_097:0501c23_9']	正思惟對正勤正念正定作中四句。🔽正勤對正念正定作小四句。	正思惟對正勤正念正定作中四句。 正勤對正念正定作小四句。	The four sentences are formed by comparing right thought with right effort, right mindfulness, and right concentration.🔽The four small sentences are formed by comparing right effort with right mindfulness and right concentration.
['T27n1545_097:0501c24_2']	正念對正定作小四句。	正念對正定作小四句。	The four small sentences are formed by comparing right mindfulness with right concentration.
['T27n1545_097:0501c24_11']	如是一切准前應知。	如是一切准前應知。	In this way, all should be understood according to the previous [method].
['T27n1545_097:0501c25_6']	云何世俗正見。	云何世俗正見。	What is worldly right view?
['T27n1545_097:0501c25_11']	乃至廣說。	乃至廣說。	And so on, explaining in detail.
['T27n1545_097:0501c25_18']	問何故作此論。	問何故作此論。	Why was this treatise composed?
['T27n1545_097:0501c26_12']	答為欲分別諸契經中深隱義故。	答為欲分別諸契經中深隱義故。	The answer is: in order to distinguish the profound meanings in various sutras.
['T27n1545_097:0501c26_17']	如契經說。	如契經說。	As the sutras say:
['T27n1545_097:0501c27_10']	若成就增上世俗正見者。	若成就增上世俗正見者。	If one achieves the supreme worldly right view,
['T27n1545_097:0501c28_4']	設經百千生終不墮惡趣。	設經百千生終不墮惡趣。	even if one goes through hundreds of thousands of lifetimes, one will never fall into evil realms.
['T27n1545_097:0501c29_16']	如是等經雖說種種世俗正見而不廣釋。	如是等經雖說種種世俗正見而不廣釋。	Although the sutras speak of various worldly right views, they do not explain them in detail.
['T27n1545_097:0502a01_8']	經是此論所依根本。	經是此論所依根本。	The sutras are the fundamental basis of this treatise.
['T27n1545_097:0502a01_17']	彼未釋者今應分別。	彼未釋者今應分別。	What has not been explained in them should now be distinguished.
['T27n1545_097:0502a02_9', 'T27n1545_097:0502a03_3']	復次前雖總說見智慧三。🔽而未別說云何世俗正見。	復次前雖總說見智慧三。 而未別說云何世俗正見。	Furthermore, although the three of view, wisdom, and knowledge have been generally discussed above,🔽the specific explanations of what is worldly right view
['T27n1545_097:0502a03_10']	云何世俗正智。	云何世俗正智。	and what is worldly right knowledge have not yet been given.
['T27n1545_097:0502a03_19']	前論是此所依根本。	前論是此所依根本。	The previous treatise is the fundamental basis of this one.
['T27n1545_097:0502a04_8']	彼未說者今應說之。	彼未說者今應說之。	What has not been explained should be explained now.
['T27n1545_097:0502a05_2']	復次為止他宗顯正理故。	復次為止他宗顯正理故。	Moreover, in order to refute other schools and reveal the correct principle.
['T27n1545_097:0502a05_7']	謂或有說。	謂或有說。	That is to say, some say:
['T27n1545_097:0502a06_2']	意識相應善有漏慧非皆是見。	意識相應善有漏慧非皆是見。	The wholesome and contaminated wisdom associated with mental consciousness is not all view.
['T27n1545_097:0502a06_11']	如譬喻者彼作是說。	如譬喻者彼作是說。	Like the Vaibhāṣikas, they say:
['T27n1545_097:0502a07_2']	五識所引能發表業。	五識所引能發表業。	The wholesome wisdom of the mental ground, which is able to initiate manifest karma,
['T27n1545_097:0502a07_15']	及命終時意地善慧皆非見性。	及命終時意地善慧皆非見性。	and the wholesome wisdom of the mental ground at the time of death, are all not of the nature of view.
['T27n1545_097:0502a08_1']	所以者何。	所以者何。	Why is this?
['T27n1545_097:0502a08_14']	見有分別五識所引意地善慧。	見有分別五識所引意地善慧。	View has discrimination. The wholesome wisdom of the mental ground, which is attracted by the five consciousnesses,
['T27n1545_097:0502a09_9']	如五識身不能分別故非見性。	如五識身不能分別故非見性。	is not of the nature of view because it is unable to discriminate like the five consciousnesses.
['T27n1545_097:0502a10_1']	見內門起能發表業。	見內門起能發表業。	View arises internally and is able to initiate manifest karma.
['T27n1545_097:0502a10_14']	意地善慧依外門轉故非見性。	意地善慧依外門轉故非見性。	The wholesome wisdom of the mental ground revolves around the external gate, so it is not of the nature of view.
['T27n1545_097:0502a11_5']	見用強猛命終善慧。	見用強猛命終善慧。	View has strong and fierce function. The wholesome wisdom at the time of death
['T27n1545_097:0502a11_14']	勢用微劣故非見性。	勢用微劣故非見性。	has weak and inferior power, so it is not of the nature of view.
['T27n1545_097:0502a12_5']	問彼云何通契經所說。	問彼云何通契經所說。	Question: How do they explain the following statement in the sutras?
['T27n1545_097:0502a12_10']	如契經說。	如契經說。	As a sutra says:
['T27n1545_097:0502a13_1']	彼命終時善心心所法。	彼命終時善心心所法。	At the time of death, the wholesome mind and mental factors
['T27n1545_097:0502a13_11']	與正見俱行彼作是答。	與正見俱行彼作是答。	are accompanied by right view. They answer:
['T27n1545_097:0502a14_2']	世尊說彼將命終時。	世尊說彼將命終時。	The World-Honored One said that when they are about to die,
['T27n1545_097:0502a14_11']	相續善心正見俱起。	相續善心正見俱起。	the mind-series of wholesome thoughts arises together with right view.
['T27n1545_097:0502a15_2', 'T27n1545_097:0502a15_11']	非正死位有正見行。🔽為遮彼執顯意識俱。	非正死位有正見行。 為遮彼執顯意識俱。	It is not the case that at the time of death there is the practice of right view.🔽In order to refute that view, it is shown that all wholesome wisdom associated with the mental consciousness
['T27n1545_097:0502a16_2']	一切善慧皆見性攝。	一切善慧皆見性攝。	is included in the nature of right view.
['T27n1545_097:0502a16_15']	由如是等種種因緣故作斯論。	由如是等種種因緣故作斯論。	For these and other various reasons, this treatise is composed.
['T27n1545_097:0502a17_6']	云何世俗正見。	云何世俗正見。	What is worldly right view?
['T27n1545_097:0502a17_16']	答意識相應有漏善慧。	答意識相應有漏善慧。	The answer is: It is wholesome wisdom with outflows associated with the mental consciousness.
['T27n1545_097:0502a18_2']	此有三種。	此有三種。	This is of three kinds.
['T27n1545_097:0502a18_7']	一加行得。	一加行得。	First, that obtained through practice;
['T27n1545_097:0502a18_12']	二離染得。	二離染得。	second, that obtained through freedom from defilements;
['T27n1545_097:0502a18_16']	三生得。	三生得。	third, that obtained through birth.
['T27n1545_097:0502a19_1']	加行得者。	加行得者。	That obtained through practice refers to
['T27n1545_097:0502a19_7']	謂聞所成慧。	謂聞所成慧。	the wisdom that is accomplished through hearing,
['T27n1545_097:0502a19_12']	思所成慧。	思所成慧。	the wisdom that is accomplished through reflection,
['T27n1545_097:0502a19_17']	修所成慧。	修所成慧。	and the wisdom that is accomplished through cultivation.
['T27n1545_097:0502a20_9']	此中差別有不淨觀持息念等。	此中差別有不淨觀持息念等。	Among them, there are distinctions such as the contemplation of impurity, mindfulness of breathing, etc.,
['T27n1545_097:0502a20_14']	及諸念住。	及諸念住。	and the various foundations of mindfulness,
['T27n1545_097:0502a21_8']	并𤏙頂忍世第一法等俱生慧。	并𤏙頂忍世第一法等俱生慧。	as well as the wisdom that arises together with the peak, forbearance, and supreme worldly dharmas, etc.
['T27n1545_097:0502a21_13', 'T27n1545_097:0502a22_4']	離染得者。🔽謂靜慮無量無色解脫。	離染得者。 謂靜慮無量無色解脫。	That obtained through freedom from defilements refers to🔽the wisdom that arises together with the meditative absorptions, immeasurables, formless states, liberations,
['T27n1545_097:0502a22_13']	勝處遍處等俱生慧。	勝處遍處等俱生慧。	special attainments, and all-pervasiveness, etc.
['T27n1545_097:0502a22_17']	生得者。	生得者。	That obtained through birth refers to
['T27n1545_097:0502a23_6']	謂生彼地所得善慧。	謂生彼地所得善慧。	It refers to the wholesome wisdom obtained by being born in that stage.
['T27n1545_097:0502a23_15']	諸如是等世俗正見。	諸如是等世俗正見。	Such various kinds of conventional right views.
['T27n1545_097:0502a24_9']	差別無邊如四大海水渧無量。	差別無邊如四大海水渧無量。	The distinctions are boundless, like the countless drops of water in the four great oceans.
['T27n1545_097:0502a25_5']	今於此中略說麁顯世俗正見。	今於此中略說麁顯世俗正見。	Now, within this, I will briefly explain the coarse and obvious conventional right views.
['T27n1545_097:0502a25_12']	云何世俗正智。	云何世俗正智。	What is conventional right knowledge?
['T27n1545_097:0502a26_1']	答五識相應善慧。	答五識相應善慧。	Answer: Wholesome wisdom associated with the five consciousnesses,
['T27n1545_097:0502a26_11']	及意識相應有漏善慧。	及意識相應有漏善慧。	and wholesome wisdom with outflows associated with the mental consciousness.
['T27n1545_097:0502a26_19']	五識相應善慧者。	五識相應善慧者。	Wholesome wisdom associated with the five consciousnesses means:
['T27n1545_097:0502a27_7']	謂眼識相應善慧。	謂眼識相應善慧。	Wholesome wisdom associated with eye consciousness,
['T27n1545_097:0502a27_16']	乃至身識相應善慧。	乃至身識相應善慧。	up to wholesome wisdom associated with body consciousness.
['T27n1545_097:0502a28_5']	眼識相應善慧者。	眼識相應善慧者。	Wholesome wisdom associated with eye consciousness means:
['T27n1545_097:0502a29_4']	謂觀父母諸佛獨覺菩薩聲聞親教軌範。	謂觀父母諸佛獨覺菩薩聲聞親教軌範。	The wholesome wisdom associated with eye consciousness that arises from contemplating one's parents, buddhas, pratyekabuddhas, bodhisattvas, śrāvakas, preceptors, teachers,
['T27n1545_097:0502a29_13', 'T27n1545_097:0502b01_3']	及餘尊重同梵行等。🔽所起眼識相應善慧。	及餘尊重同梵行等。 所起眼識相應善慧。	and other venerable ones who practice the same pure conduct as oneself.
['T27n1545_097:0502b01_11']	耳識相應善慧者。	耳識相應善慧者。	Ear consciousness associated with wholesome wisdom means:
['T27n1545_097:0502b02_1']	謂聽父母親教軌範。	謂聽父母親教軌範。	Listening to the good words of one's parents, preceptors, teachers,
['T27n1545_097:0502b02_14']	及餘尊重同梵行等所有善語。	及餘尊重同梵行等所有善語。	and other venerable ones who practice the same pure conduct as oneself,
['T27n1545_097:0502b03_8']	及聽諸佛聖弟子等三藏法教。	及聽諸佛聖弟子等三藏法教。	and listening to the teachings of the Tripiṭaka of the buddhas and their noble disciples.
['T27n1545_097:0502b03_17']	所起耳識相應善慧。	所起耳識相應善慧。	The wholesome wisdom associated with the ear consciousness that arises from it.
['T27n1545_097:0502b04_8']	鼻舌身識相應善慧者。	鼻舌身識相應善慧者。	The wholesome wisdom associated with the nose, tongue, and body consciousnesses refers to
['T27n1545_097:0502b05_5']	謂受用段食時所起三識相應善慧。	謂受用段食時所起三識相應善慧。	the wholesome wisdom associated with the three consciousnesses that arise when enjoying material food.
['T27n1545_097:0502b05_14']	此非一切皆能起之。	此非一切皆能起之。	This is not all that can give rise to it.
['T27n1545_097:0502b06_4']	要觀行者觀察段食。	要觀行者觀察段食。	It is necessary for the practitioner to contemplate and observe material food.
['T27n1545_097:0502b06_13']	而受用時方能發起。	而受用時方能發起。	Only when enjoying it can it be given rise to.
['T27n1545_097:0502b07_7']	意識相應有漏善慧廣如前說。	意識相應有漏善慧廣如前說。	The wholesome wisdom with outflows associated with the mental consciousness is as extensively explained before.
['T27n1545_097:0502b08_10']	已說世俗正見正智自性。	已說世俗正見正智自性。	The intrinsic nature of mundane right view and right cognition has already been explained.
['T27n1545_097:0502b08_18']	雜不雜相今當說。	雜不雜相今當說。	The characteristics of being mixed and unmixed will now be discussed.
['T27n1545_097:0502b09_5']	諸世俗正見。	諸世俗正見。	All mundane right views
['T27n1545_097:0502b09_12']	是世俗正智耶。	是世俗正智耶。	are mundane right cognition?
['T27n1545_097:0502b10_6']	答諸世俗正見亦是世俗正智。	答諸世俗正見亦是世俗正智。	The answer is: All mundane right views are also mundane right cognition.
['T27n1545_097:0502b10_17']	有世俗正智非世俗正見。	有世俗正智非世俗正見。	There is mundane right cognition that is not mundane right view.
['T27n1545_097:0502b11_7']	謂五識相應善慧。	謂五識相應善慧。	It refers to the wholesome wisdom associated with the five consciousnesses.
['T27n1545_097:0502b12_4']	此中世俗正見必於所緣重審決故。	此中世俗正見必於所緣重審決故。	Here, mundane right view must be repeatedly examined and decided regarding the object.
['T27n1545_097:0502b12_17']	五識俱慧不名為見如前已說。	五識俱慧不名為見如前已說。	The wisdom associated with the five consciousnesses is not called view, as has been explained before.
['T27n1545_097:0502b13_9']	世俗正見攝世俗正智。	世俗正見攝世俗正智。	Mundane right view includes mundane right cognition.
['T27n1545_097:0502b14_2']	世俗正智攝世俗正見耶。	世俗正智攝世俗正見耶。	Does right worldly wisdom include right worldly view?
['T27n1545_097:0502b14_13']	答世俗正智攝世俗正見。	答世俗正智攝世俗正見。	Answer: Right worldly wisdom includes right worldly view.
['T27n1545_097:0502b15_6']	非世俗正見攝世俗正智。	非世俗正見攝世俗正智。	But right worldly view does not include right worldly wisdom.
['T27n1545_097:0502b15_11']	不攝何等。	不攝何等。	What does it not include?
['T27n1545_097:0502b16_1']	謂五識相應善慧。	謂五識相應善慧。	It does not include the wholesome wisdom associated with the five consciousnesses.
['T27n1545_097:0502b16_12']	此中正智體寬正見狹故。	此中正智體寬正見狹故。	Because in this case, the substance of right wisdom is broad while right view is narrow.
['T27n1545_097:0502b17_3']	如大攝小非小攝大。	如大攝小非小攝大。	It is like the great including the small, but not the small including the great.
['T27n1545_097:0502b18_7']	諸成就世俗正見。	諸成就世俗正見。	Those who attain right worldly view,
['T27n1545_097:0502b18_14']	彼世俗正智耶。	彼世俗正智耶。	do they also attain right worldly wisdom?
['T27n1545_097:0502b18_18']	答如是。	答如是。	Answer: Yes.
['T27n1545_097:0502b19_7']	設成就世俗正智。	設成就世俗正智。	If one attains right worldly wisdom,
['T27n1545_097:0502b19_14']	彼世俗正見耶。	彼世俗正見耶。	does one also attain right worldly view?
['T27n1545_097:0502b19_18']	答如是。	答如是。	Answer: Yes.
['T27n1545_097:0502b20_11']	問誰成就世俗正見正智耶。	問誰成就世俗正見正智耶。	Who attains right worldly view and right worldly wisdom?
['T27n1545_097:0502b20_18']	答不斷善根者。	答不斷善根者。	Answer: Those who have not severed wholesome roots.
['T27n1545_097:0502b21_4']	此則總說。	此則總說。	This is a general statement.
['T27n1545_097:0502b21_13']	若別說者有多有少。	若別說者有多有少。	If explained separately, there are many who have it and few who do not.
['T27n1545_097:0502b22_10']	謂或有唯成就欲界世俗正見正智。	謂或有唯成就欲界世俗正見正智。	There are some who only attain right worldly view and right worldly wisdom of the desire realm.
['T27n1545_097:0502b22_18']	或有唯成就色界。	或有唯成就色界。	Some only attain those of the form realm.
['T27n1545_097:0502b23_8']	或有唯成就無色界。	或有唯成就無色界。	Some only attain those of the formless realm.
['T27n1545_097:0502b23_16']	或有成就欲色界。	或有成就欲色界。	Some attain those of the desire and form realms.
['T27n1545_097:0502b24_7']	或有成就色無色界。	或有成就色無色界。	Some may possess the form and formless realms.
['T27n1545_097:0502b25_3']	或有成就三界世俗正見正智。	或有成就三界世俗正見正智。	Some may possess the right view and right knowledge of the three realms.
['T27n1545_097:0502b25_12']	如說三界九地亦爾。	如說三界九地亦爾。	As it is said of the three realms, so it is of the nine stages.
['T27n1545_097:0502b26_2']	或少或多如理應說。	或少或多如理應說。	Whether few or many, it should be explained according to reason.
['T27n1545_097:0502b26_13']	諸世俗正見已斷已遍知。	諸世俗正見已斷已遍知。	If one has already eliminated and completely known the mundane right view,
['T27n1545_097:0502b27_1']	彼世俗正智耶。	彼世俗正智耶。	does one also have the mundane right knowledge?
['T27n1545_097:0502b27_5']	答如是。	答如是。	The answer is: Yes.
['T27n1545_097:0502b27_16']	設世俗正智已斷已遍知。	設世俗正智已斷已遍知。	If one has already eliminated and completely known the mundane right knowledge,
['T27n1545_097:0502b28_3']	彼世俗正見耶。	彼世俗正見耶。	does one also have the mundane right view?
['T27n1545_097:0502b28_7', 'T27n1545_097:0502b28_17']	答如是。🔽問誰於世俗正見正智。	答如是。 問誰於世俗正見正智。	The answer is: Yes.
['T27n1545_097:0502b29_5']	已斷已遍知耶。	已斷已遍知耶。	Who has already eliminated and completely known the mundane right view and right knowledge?
['T27n1545_097:0502b29_11']	答諸阿羅漢。	答諸阿羅漢。	The answer is: The arhats.
['T27n1545_097:0502b29_16']	此則總說。	此則總說。	This is a general statement.
['T27n1545_097:0502c01_5']	若別說者有多有少。	若別說者有多有少。	If explained separately, there are many and few.
['T27n1545_097:0502c02_1']	謂已離無所有處染異生聖者。	謂已離無所有處染異生聖者。	That is to say, ordinary beings and noble ones who have already separated from the attachment to the sphere of nothingness,
['T27n1545_097:0502c02_15']	八地世俗正見正智已斷已遍知。	八地世俗正見正智已斷已遍知。	have already eliminated and completely known the mundane right view and right knowledge of the eight stages.
['T27n1545_097:0502c03_13']	乃至已離欲染未離初靜慮染異生聖者。	乃至已離欲染未離初靜慮染異生聖者。	Up to ordinary beings and noble ones who have already separated from the attachment to the desire realm but not yet separated from the attachment to the first meditation,
['T27n1545_097:0502c04_10']	一地世俗正見正智已斷已遍知。	一地世俗正見正智已斷已遍知。	have already eliminated and completely known the mundane right view and right knowledge of the one stage.
['T27n1545_097:0502c05_4']	此世俗正見正智是有漏故。	此世俗正見正智是有漏故。	Because this conventional right view and right cognition are contaminated.
['T27n1545_097:0502c05_16']	具問定攝成就斷五門分別。	具問定攝成就斷五門分別。	The five aspects of inclusion, attainment, and abandonment are fully discussed.
['T27n1545_097:0502c06_6']	問何故名世俗。	問何故名世俗。	Question: Why is it called conventional?
['T27n1545_097:0502c06_15']	為可變壞故名世俗。	為可變壞故名世俗。	Is it called conventional because it can be transformed and destroyed?
['T27n1545_097:0502c07_6']	為貪依處故名世俗。	為貪依處故名世俗。	Or is it called conventional because it is the basis of craving?
['T27n1545_097:0502c07_16']	若可變壞故名世俗者。	若可變壞故名世俗者。	If it is called conventional because it can be transformed and destroyed,
['T27n1545_097:0502c08_9']	聖道亦可變壞應名世俗。	聖道亦可變壞應名世俗。	then the noble path, which can also be transformed and destroyed, should be called conventional.
['T27n1545_097:0502c09_2']	若貪依處故名世俗者。	若貪依處故名世俗者。	If it is called conventional because it is the basis of craving,
['T27n1545_097:0502c09_13']	亦是瞋癡依處何獨說貪。	亦是瞋癡依處何獨說貪。	then it is also the basis of aversion and delusion. Why is it said to be only craving?
['T27n1545_097:0502c10_1']	答應作是說。	答應作是說。	Answer: It should be said that
['T27n1545_097:0502c10_10']	是可變壞故名世俗。	是可變壞故名世俗。	it is called conventional because it can be transformed and destroyed.
['T27n1545_097:0502c11_6']	問若爾聖道亦可變壞應名世俗。	問若爾聖道亦可變壞應名世俗。	Question: If so, then the noble path, which can also be transformed and destroyed, should be called conventional.
['T27n1545_097:0502c12_8']	答若可變壞能續諸有增長有者名為世俗。	答若可變壞能續諸有增長有者名為世俗。	Answer: If that which can be transformed and destroyed can continue existence and increase existence, it is called conventional.
['T27n1545_097:0502c13_4']	聖道雖可變壞而不能續諸有。	聖道雖可變壞而不能續諸有。	Although the noble path can be transformed and destroyed, it cannot continue existence.
['T27n1545_097:0502c13_15']	乃令諸有損減故非世俗。	乃令諸有損減故非世俗。	Because it causes existence to diminish, it is not conventional.
['T27n1545_097:0502c14_12']	復次若可變壞能令生死流轉無窮。	復次若可變壞能令生死流轉無窮。	Furthermore, if that which can be transformed and destroyed can cause the cycle of birth and death to continue endlessly,
['T27n1545_097:0502c15_7']	生老病死恒相續者名為世俗。	生老病死恒相續者名為世俗。	The constant succession of birth, old age, sickness, and death is called conventional.
['T27n1545_097:0502c16_6']	聖道雖可變壞而不令生死流轉無窮。	聖道雖可變壞而不令生死流轉無窮。	Although the noble path can be transformed and destroyed, it does not cause the endless transmigration of birth and death.
['T27n1545_097:0502c17_4']	乃斷生老病死令不相續故非世俗。	乃斷生老病死令不相續故非世俗。	It rather cuts off birth, old age, sickness, and death, preventing their continuation, and is therefore not conventional.
['T27n1545_097:0502c17_16']	復次若可變壞是趣苦集行。	復次若可變壞是趣苦集行。	Furthermore, if it can be transformed and destroyed, it is the practice leading to suffering and the origin of suffering.
['T27n1545_097:0502c18_15']	亦是趣有世間生老病死集行者名為世俗。	亦是趣有世間生老病死集行者名為世俗。	It is also the practice leading to the origin of birth, old age, sickness, and death in the world of existence. This is called conventional.
['T27n1545_097:0502c19_10']	聖道雖可變壞而非趣苦集行。	聖道雖可變壞而非趣苦集行。	Although the noble path can be transformed and destroyed, it is not the practice leading to suffering and the origin of suffering.
['T27n1545_097:0502c20_10']	亦非趣有世間生老病死集行故非世俗。	亦非趣有世間生老病死集行故非世俗。	It is also not the practice leading to the origin of birth, old age, sickness, and death in the world of existence. Therefore, it is not conventional.
['T27n1545_097:0502c21_4']	復次若可變壞是有身見處。	復次若可變壞是有身見處。	Furthermore, if it can be transformed and destroyed, it is the abode of the view of self.
['T27n1545_097:0502c21_9']	是顛倒處。	是顛倒處。	It is the abode of perversion.
['T27n1545_097:0502c21_12']	愛處。	愛處。	It is the abode of craving.
['T27n1545_097:0502c21_16']	隨眠處。	隨眠處。	It is the abode of latent tendencies.
['T27n1545_097:0502c22_4']	是貪恚癡安立足處。	是貪恚癡安立足處。	It is the established basis for greed, anger, and delusion.
['T27n1545_097:0502c23_1']	有垢有毒有過有刺有濁有染。	有垢有毒有過有刺有濁有染。	It has defilements, poisons, faults, thorns, impurities, and stains.
['T27n1545_097:0502c23_15']	隨有世間隨苦集諦者名為世俗。	隨有世間隨苦集諦者名為世俗。	Whatever exists in the world, and whatever follows the truth of suffering and its origin, is called conventional.
['T27n1545_097:0502c24_13']	聖道雖可變壞而與彼相違故非世俗。	聖道雖可變壞而與彼相違故非世俗。	Although the noble path can be transformed and destroyed, it is contrary to those, and therefore is not conventional.
['T27n1545_097:0502c25_1']	復有說者。	復有說者。	There is another explanation.
['T27n1545_097:0502c25_10']	是貪依處故名世俗。	是貪依處故名世俗。	Because it is the basis of craving, it is called conventional.
['T27n1545_097:0502c26_5']	問若爾亦是瞋癡依處何獨說貪。	問若爾亦是瞋癡依處何獨說貪。	Question: If that is so, it is also the basis of hatred and delusion. Why is it said to be only craving?
['T27n1545_097:0502c26_15']	答彼雖亦是瞋癡依處。	答彼雖亦是瞋癡依處。	Answer: Although it is also the basis of hatred and delusion,
['T27n1545_097:0502c27_5']	而貪初勝是故偏說。	而貪初勝是故偏說。	craving is superior at the beginning, therefore it is said in a biased way.
['T27n1545_097:0502c28_1']	然契經中說可變壞故名世俗。	然契經中說可變壞故名世俗。	However, in the sutras it is said that because it can be transformed and destroyed, it is called conventional.
['T27n1545_097:0502c28_6']	如契經言。	如契經言。	As a sutra says:
['T27n1545_097:0502c28_15']	具壽豐贍來詣佛所。	具壽豐贍來詣佛所。	The Venerable Puṇṇiya came to where the Buddha was.
['T27n1545_097:0502c29_5']	頂禮雙足而白佛言。	頂禮雙足而白佛言。	He bowed at the Buddha's feet and said to the Buddha:
['T27n1545_097:0502c29_8']	世尊。	世尊。	World-Honored One,
['T27n1545_097:0503a01_1']	所說世俗世俗義何謂耶。	所說世俗世俗義何謂耶。	what is the meaning of the conventional in the conventional that is taught?
['T27n1545_097:0503a01_6']	佛告豐贍。	佛告豐贍。	The Buddha told Puṇṇiya:
['T27n1545_097:0503a01_15']	是可變壞故名世俗。	是可變壞故名世俗。	Because it can be transformed and destroyed, it is called conventional.
['T27n1545_097:0503a02_2']	具壽豐贍。	具壽豐贍。	The Venerable Puṇṇiya
['T27n1545_097:0503a02_7']	復白佛言。	復白佛言。	further said to the Buddha:
['T27n1545_097:0503a02_13']	何謂可變壞。	何謂可變壞。	What is meant by 'can be transformed and destroyed'?
['T27n1545_097:0503a02_18']	佛告豐贍。	佛告豐贍。	The Buddha told Puṇṇiya:
['T27n1545_097:0503a03_5']	眼處可變壞。	眼處可變壞。	The eye faculty can be transformed and destroyed.
['T27n1545_097:0503a03_11']	色處可變壞。	色處可變壞。	The form faculty can be transformed and destroyed.
['T27n1545_097:0503a04_1']	乃至意處可變壞。	乃至意處可變壞。	Up to the mind faculty can be transformed and destroyed.
['T27n1545_097:0503a04_7']	法處可變壞。	法處可變壞。	The dharma faculty can be transformed and destroyed.
['T27n1545_097:0503a04_16']	由可變壞故名世俗。	由可變壞故名世俗。	Because it can be transformed and destroyed, it is called conventional.
['T27n1545_097:0503a06_2']	問何故世尊說十二處是可變壞故名世俗非餘法耶。	問何故世尊說十二處是可變壞故名世俗非餘法耶。	Question: Why did the World-Honored One say that the twelve sense bases are changeable and destructible, and therefore called conventional, but not the other dharmas?
['T27n1545_097:0503a06_8']	答觀受化者。	答觀受化者。	Answer: Observing those to be taught,
['T27n1545_097:0503a06_17']	宜聞諸處是世俗言。	宜聞諸處是世俗言。	it is suitable to hear that the various sense bases are conventional words,
['T27n1545_097:0503a07_7']	而得悟解故偏說處。	而得悟解故偏說處。	and thus they can attain understanding, so the sense bases are mentioned in particular.
['T27n1545_097:0503a08_7']	如餘經中說取蘊等名為世俗此經亦然。	如餘經中說取蘊等名為世俗此經亦然。	Just as in other sūtras, the appropriated aggregates and so forth are called conventional, so is it in this sūtra.
['T27n1545_097:0503a08_18']	復次十二處教是處中說。	復次十二處教是處中說。	Moreover, the teaching on the twelve sense bases is said to be in the middle,
['T27n1545_097:0503a09_8']	而攝法盡故偏說之。	而攝法盡故偏說之。	and because it includes all dharmas, it is mentioned in particular.
['T27n1545_097:0503a09_18']	問諸變壞者皆世俗耶。	問諸變壞者皆世俗耶。	Question: Are all that which is changeable and destructible conventional?
['T27n1545_097:0503a10_5']	答應作四句。	答應作四句。	Answer: One should make four statements.
['T27n1545_097:0503a10_14']	有是世俗而非變壞。	有是世俗而非變壞。	There is that which is conventional but not changeable or destructible.
['T27n1545_097:0503a11_6']	謂過去未來苦集二諦。	謂過去未來苦集二諦。	Namely, the past and future truths of suffering and accumulation.
['T27n1545_097:0503a11_15']	有是變壞而非世俗。	有是變壞而非世俗。	There is that which is changeable and destructible but not conventional.
['T27n1545_097:0503a12_3']	謂現在道諦。	謂現在道諦。	Namely, the present truth of the path.
['T27n1545_097:0503a12_12']	有是世俗亦是變壞。	有是世俗亦是變壞。	There is that which is both conventional and changeable and destructible.
['T27n1545_097:0503a13_1']	謂現在苦集二諦。	謂現在苦集二諦。	Namely, the present truths of suffering and accumulation.
['T27n1545_097:0503a13_10']	有非世俗亦非變壞。	有非世俗亦非變壞。	There is that which is neither conventional nor changeable or destructible.
['T27n1545_097:0503a13_18']	謂過去未來道諦。	謂過去未來道諦。	Namely, the past and future truth of the path,
['T27n1545_097:0503a14_5']	及一切無為。	及一切無為。	and all unconditioned dharmas.
['T27n1545_097:0503a14_14']	問變與壞有何差別。	問變與壞有何差別。	Question: What is the difference between change and destruction?
['T27n1545_097:0503a15_6']	答變者顯示細無常法。	答變者顯示細無常法。	Answer: Change manifests subtle impermanence,
['T27n1545_097:0503a15_15']	壞者顯示麁無常法。	壞者顯示麁無常法。	while destruction manifests coarse impermanence.
['T27n1545_097:0503a16_7']	復次變者顯示剎那無常。	復次變者顯示剎那無常。	Furthermore, change manifests momentariness,
['T27n1545_097:0503a16_17']	壞者顯示眾同分無常。	壞者顯示眾同分無常。	while destruction manifests the impermanence of the same life-stream.
['T27n1545_097:0503a17_9']	復次變者顯示內分無常。	復次變者顯示內分無常。	Furthermore, change manifests internal impermanence,
['T27n1545_097:0503a17_18']	壞者顯示外分無常。	壞者顯示外分無常。	while destruction manifests external impermanence.
['T27n1545_097:0503a18_11']	復次變者顯示有情數無常。	復次變者顯示有情數無常。	Furthermore, change manifests the impermanence of sentient beings,
['T27n1545_097:0503a19_3']	壞者顯示非情數無常。	壞者顯示非情數無常。	while destruction manifests the impermanence of non-sentient beings.
['T27n1545_097:0503a19_12']	如說舍壞倉庫等壞。	如說舍壞倉庫等壞。	For example, saying the house is destroyed or the granary is destroyed.
['T27n1545_097:0503a20_3']	云何無漏見乃至廣說。	云何無漏見乃至廣說。	What is pure view, and so on in detail?
['T27n1545_097:0503a20_10']	問何故作此論。	問何故作此論。	Question: Why was this treatise composed?
['T27n1545_097:0503a21_2']	答前雖總說見智慧三。	答前雖總說見智慧三。	Answer: Although it was previously said in general that there are three: view, wisdom, and knowledge,
['T27n1545_097:0503a21_17']	而未別說云何無漏見云何無漏智。	而未別說云何無漏見云何無漏智。	it was not specifically explained what is pure view and what is pure knowledge.
['T27n1545_097:0503a22_8']	前論是此所依根本。	前論是此所依根本。	The previous treatise is the basis for this one.
['T27n1545_097:0503a22_17']	彼未說者今應說之。	彼未說者今應說之。	What was not explained there should be explained now.
['T27n1545_097:0503a23_10']	復次前雖已說世俗見智。	復次前雖已說世俗見智。	Furthermore, although it was previously explained that there is conventional view and knowledge,
['T27n1545_097:0503a24_6']	今欲顯彼近對治法故作斯論。	今欲顯彼近對治法故作斯論。	Now, in order to clarify the proximate counteractive dharmas, this treatise is composed.
['T27n1545_097:0503a24_12']	云何無漏見。	云何無漏見。	What is undefiled view?
['T27n1545_097:0503a25_5']	答除盡無生智餘無漏慧。	答除盡無生智餘無漏慧。	Answer: Excluding the knowledge of exhaustion and non-arising, the rest is undefiled wisdom.
['T27n1545_097:0503a25_10']	此復是何。	此復是何。	What is this again?
['T27n1545_097:0503a25_19']	謂現觀邊八無漏忍。	謂現觀邊八無漏忍。	It refers to the eight undefiled forbearances at the edge of realization,
['T27n1545_097:0503a26_8']	及學八智無學正見。	及學八智無學正見。	and the eight knowledges of the learner, and the right view of the post-learner.
['T27n1545_097:0503a26_14']	云何無漏智。	云何無漏智。	What is undefiled knowledge?
['T27n1545_097:0503a27_5']	答除無漏忍餘無漏慧。	答除無漏忍餘無漏慧。	Answer: Excluding the undefiled forbearances, the rest is undefiled wisdom.
['T27n1545_097:0503a27_10']	此復是何。	此復是何。	What is this again?
['T27n1545_097:0503a27_17']	謂學無學八智。	謂學無學八智。	It refers to the eight knowledges of the learner and post-learner.
['T27n1545_097:0503a28_7']	已說無漏見智自性。	已說無漏見智自性。	The nature of undefiled view and knowledge has already been explained.
['T27n1545_097:0503a28_16']	今當顯示雜不雜相。	今當顯示雜不雜相。	Now, the mixed and unmixed characteristics are to be revealed.
['T27n1545_097:0503a29_8']	諸無漏見是無漏智耶。	諸無漏見是無漏智耶。	Are all undefiled views undefiled knowledge?
['T27n1545_097:0503a29_14']	答應作四句。	答應作四句。	Answer: Four sentences should be made.
['T27n1545_097:0503b01_5']	有無漏見非無漏智。	有無漏見非無漏智。	There is undefiled view that is not undefiled knowledge.
['T27n1545_097:0503b01_10']	謂無漏忍。	謂無漏忍。	It refers to undefiled forbearance.
['T27n1545_097:0503b02_1']	此有見相無智相故。	此有見相無智相故。	This has the characteristic of view but not the characteristic of knowledge.
['T27n1545_097:0503b02_10']	有無漏智非無漏見。	有無漏智非無漏見。	There is undefiled knowledge that is not undefiled view.
['T27n1545_097:0503b02_16']	謂盡無生智。	謂盡無生智。	It refers to the knowledge of exhaustion and non-arising.
['T27n1545_097:0503b03_6']	此有智相無見相故。	此有智相無見相故。	This has the characteristic of knowledge but not the characteristic of view.
['T27n1545_097:0503b03_15']	有無漏見亦無漏智。	有無漏見亦無漏智。	There is undefiled view that is also undefiled knowledge.
['T27n1545_097:0503b04_7']	謂除無漏忍盡無生智。	謂除無漏忍盡無生智。	That is, excluding the undefiled patience and the knowledge of exhaustion and non-production.
['T27n1545_097:0503b04_16']	餘無漏慧此復是何。	餘無漏慧此復是何。	What else is this?
['T27n1545_097:0503b05_6']	謂學八智無學正見。	謂學八智無學正見。	It refers to the eight knowledges of the learner and the right view of the post-learner.
['T27n1545_097:0503b05_15']	此有見相及智相故。	此有見相及智相故。	This is because it has the characteristics of seeing and the characteristics of knowledge.
['T27n1545_097:0503b06_8']	有非無漏見亦非無漏智。	有非無漏見亦非無漏智。	There is that which is neither undefiled seeing nor undefiled knowledge.
['T27n1545_097:0503b06_13']	謂除前相。	謂除前相。	That is, excluding the above characteristics.
['T27n1545_097:0503b07_4']	相謂所名廣如前說。	相謂所名廣如前說。	Characteristics refer to the named, which are explained in detail as above.
['T27n1545_097:0503b07_9']	此復是何。	此復是何。	What else is this?
['T27n1545_097:0503b07_18']	謂行蘊中除無漏慧。	謂行蘊中除無漏慧。	It refers to the remaining formations in the aggregate of formations, excluding the undefiled wisdom.
['T27n1545_097:0503b08_8']	諸餘行蘊及四蘊全。	諸餘行蘊及四蘊全。	And the four aggregates in their entirety,
['T27n1545_097:0503b08_13']	并無為法。	并無為法。	As well as unconditioned dharmas.
['T27n1545_097:0503b08_18']	作第四句。	作第四句。	This constitutes the fourth alternative.
['T27n1545_097:0503b09_11', 'T27n1545_097:0503b10_6']	無漏見智相攝四句准定應知。🔽諸成就無漏見彼無漏智耶。	無漏見智相攝四句准定應知。 諸成就無漏見彼無漏智耶。	The four alternatives of the inclusion of undefiled seeing and knowledge should be understood accordingly.🔽Do those who possess undefiled seeing also possess undefiled knowledge?
['T27n1545_097:0503b11_1']	答諸成就無漏智亦無漏見。	答諸成就無漏智亦無漏見。	The answer is: Those who possess undefiled knowledge also possess undefiled seeing.
['T27n1545_097:0503b11_12']	有成就無漏見非無漏智。	有成就無漏見非無漏智。	There are those who possess undefiled seeing but not undefiled knowledge.
['T27n1545_097:0503b12_4']	謂苦法智忍現在前時。	謂苦法智忍現在前時。	That is, when the patience for the knowledge of dharmas regarding suffering is present.
['T27n1545_097:0503b12_13']	爾時未修無漏智故。	爾時未修無漏智故。	At that time, one has not yet cultivated undefiled knowledge.
['T27n1545_097:0503b13_8']	此本論師善知諸法性相差別。	此本論師善知諸法性相差別。	The author of this treatise is well-versed in the distinctions of the natures and characteristics of all dharmas.
['T27n1545_097:0503b14_3']	若應說者乃至一念亦別說之。	若應說者乃至一念亦別說之。	If it should be explained, even a single thought is explained separately.
['T27n1545_097:0503b15_3']	不應說者乃至量過四大海水而亦不說。	不應說者乃至量過四大海水而亦不說。	If it should not be explained, even if it exceeds the four great oceans, it is still not explained.
['T27n1545_097:0503b15_12']	所說廣略要觀有用。	所說廣略要觀有用。	The broad and concise explanations given are all for the purpose of contemplation.
['T27n1545_097:0503b16_11']	問何故此中但說問定攝成就四不說斷耶。	問何故此中但說問定攝成就四不說斷耶。	Question: Why is it that in this text only the four of concentration, inclusion, accomplishment, and abandonment are explained, but not cutting off?
['T27n1545_097:0503b16_17']	答有垢者斷。	答有垢者斷。	Answer: Those with defilements are cut off.
['T27n1545_097:0503b17_8']	無漏無垢故不說斷。	無漏無垢故不說斷。	Because the uncontaminated is undefiled, it is not said to be cut off.
['T27n1545_097:0503b17_17']	如衣器等要有垢者。	如衣器等要有垢者。	Just as clothes and utensils, etc., must have defilements.
['T27n1545_097:0503b18_8']	須浣滌之非無垢者。	須浣滌之非無垢者。	They need to be washed and cleaned, not those without defilements.
['T27n1545_097:0503b19_1']	是故無漏不應說斷。	是故無漏不應說斷。	Therefore, the uncontaminated should not be said to be cut off.
['T27n1545_097:0503b19_11', 'T27n1545_097:0503b19_16', 'T27n1545_097:0503b20_2']	問若無漏法不應斷者。🔽契經所說。🔽當云何通。	問若無漏法不應斷者。 契經所說。 當云何通。	Question: If the uncontaminated dharmas should not be cut off,🔽how can the sutras say:
['T27n1545_097:0503b20_7']	如說苾芻。	如說苾芻。	Bhikṣus,
['T27n1545_097:0503b21_1']	汝等若解我之所說筏喻法門。	汝等若解我之所說筏喻法門。	if you understand my teaching of the raft simile,
['T27n1545_097:0503b21_6']	法尚應斷。	法尚應斷。	even the Dharma should be abandoned,
['T27n1545_097:0503b21_11']	何況非法。	何況非法。	let alone the non-Dharma.
['T27n1545_097:0503b22_1']	此法應知即無漏道。	此法應知即無漏道。	This Dharma should be known as the uncontaminated path.
['T27n1545_097:0503b22_7']	答斷有二種。	答斷有二種。	Answer: There are two kinds of cutting off.
['T27n1545_097:0503b22_12']	一斷愛斷。	一斷愛斷。	The first is cutting off through desire.
['T27n1545_097:0503b23_10']	二棄捨斷聖道雖無斷愛斷而有棄捨斷。	二棄捨斷聖道雖無斷愛斷而有棄捨斷。	Second, abandonment-extinction. Although the noble path does not have the extinction of love, it has abandonment-extinction.
['T27n1545_097:0503b24_2', 'T27n1545_097:0503b25_2']	般涅槃時棄捨此故。🔽謂諸苾芻先依聖道得盡諸漏念報恩故。	般涅槃時棄捨此故。 謂諸苾芻先依聖道得盡諸漏念報恩故。	Because at the time of parinirvāṇa one abandons it.
['T27n1545_097:0503b25_11']	數復修起聖道現前。	數復修起聖道現前。	It is said that bhikṣus first rely on the noble path to attain the exhaustion of all defilements, and out of gratitude they often cultivate and give rise to the manifestation of the noble path.
['T27n1545_097:0503b26_7']	後為世間四百四病眾苦逼切故。	後為世間四百四病眾苦逼切故。	Later, they are afflicted by the four hundred and four diseases and various sufferings of the world.
['T27n1545_097:0503b27_3']	佛告曰。	佛告曰。	The Buddha said:
['T27n1545_097:0503b27_8']	汝等苾芻。	汝等苾芻。	You bhikṣus,
['T27n1545_097:0503b27_17']	已依聖道作所應作。	已依聖道作所應作。	you have already relied on the noble path to do what should be done.
['T27n1545_097:0503b28_9']	當應棄捨入無餘依涅槃。	當應棄捨入無餘依涅槃。	You should abandon it and enter nirvāṇa without remainder.
['T27n1545_097:0503b29_2']	如人依筏得渡河已。	如人依筏得渡河已。	Just as a person who relies on a raft to cross a river,
['T27n1545_097:0503b29_11']	念報其恩而猶荷戴。	念報其恩而猶荷戴。	remembers the kindness and still carries it on his back.
['T27n1545_097:0503c01_6']	他人告曰汝先依此已得渡河。	他人告曰汝先依此已得渡河。	Other people tell him, 'You have already crossed the river relying on this.
['T27n1545_097:0503c02_2']	今可棄捨自在而去苾芻亦爾。	今可棄捨自在而去苾芻亦爾。	You can now abandon it and go freely.' The bhikṣus are also like this.
['T27n1545_097:0503c03_9']	問此中云何是法非法。	問此中云何是法非法。	Question: What is the Dharma and what is not the Dharma in this context?
['T27n1545_097:0503c03_17']	答內道言教是法。	答內道言教是法。	Answer: The teachings of the Buddhist scriptures are the Dharma.
['T27n1545_097:0503c04_6']	外道言教是非法。	外道言教是非法。	The teachings of non-Buddhist scriptures are not the Dharma.
['T27n1545_097:0503c05_1']	內道言教顯空非我隨順涅槃。	內道言教顯空非我隨順涅槃。	The teachings of the Buddhist scriptures reveal emptiness and non-self, and accord with nirvāṇa.
['T27n1545_097:0503c05_14']	能令永斷生老病死尚應斷之。	能令永斷生老病死尚應斷之。	Even if it can permanently eliminate birth, old age, sickness, and death, it should still be eliminated.
['T27n1545_097:0503c06_5']	何況外道所有言教。	何況外道所有言教。	How much more so for the teachings of non-Buddhists.
['T27n1545_097:0503c06_14']	背空非我違逆涅槃。	背空非我違逆涅槃。	Turning one's back on emptiness and non-self, going against nirvana,
['T27n1545_097:0503c07_13']	能令世間生老病死增長相續而不應斷。	能令世間生老病死增長相續而不應斷。	Causing birth, old age, sickness, and death in the world to increase and continue, it should not be eliminated.
['T27n1545_097:0503c08_1']	復有說者。	復有說者。	There is another explanation.
['T27n1545_097:0503c08_13']	若善受持名句文身者是法。	若善受持名句文身者是法。	If one skillfully upholds the collection of names, phrases, and syllables, it is the Dharma.
['T27n1545_097:0503c09_7']	不善受持名句文身者是非法。	不善受持名句文身者是非法。	If one does not skillfully uphold the collection of names, phrases, and syllables, it is not the Dharma.
['T27n1545_097:0503c09_16']	善受持者尚應斷之。	善受持者尚應斷之。	Even if one skillfully upholds it, it should still be eliminated.
['T27n1545_097:0503c10_6']	況不善者而不應斷。	況不善者而不應斷。	How much more so for what is not skillfully upheld, which should not be eliminated.
['T27n1545_097:0503c10_15']	尊者妙音作如是說。	尊者妙音作如是說。	The Venerable Subhūti said this:
['T27n1545_097:0503c11_8']	若善受持阿笈摩者是法。	若善受持阿笈摩者是法。	If one skillfully upholds the Āgamas, it is the Dharma.
['T27n1545_097:0503c12_3']	不善受持阿笈摩者是非法。	不善受持阿笈摩者是非法。	If one does not skillfully uphold the Āgamas, it is not the Dharma.
['T27n1545_097:0503c12_12']	善受持者尚應斷之。	善受持者尚應斷之。	Even if one skillfully upholds it, it should still be eliminated.
['T27n1545_097:0503c13_2']	況不善者而不應斷。	況不善者而不應斷。	How much more so for what is not skillfully upheld, which should not be eliminated.
['T27n1545_097:0503c13_7']	脇尊者曰。	脇尊者曰。	The Venerable Pārśva said:
['T27n1545_097:0503c13_14']	如理作意是法。	如理作意是法。	Proper mental application is the Dharma.
['T27n1545_097:0503c14_4']	不如理作意是非法。	不如理作意是非法。	Improper mental application is not the Dharma.
['T27n1545_097:0503c14_14']	如理作意者尚應斷之。	如理作意者尚應斷之。	Even proper mental application should be eliminated.
['T27n1545_097:0503c15_5']	況不如理者而不應斷。	況不如理者而不應斷。	How much more so for those who do not understand in accordance with principle, who should not cut them off.
['T27n1545_097:0503c15_12']	復次慚愧是法。	復次慚愧是法。	Furthermore, shame and conscience are the Dharma.
['T27n1545_097:0503c16_1']	無慚無愧是非法。	無慚無愧是非法。	Lack of shame and conscience are non-Dharma.
['T27n1545_097:0503c16_7']	三善根是法。	三善根是法。	The three roots of goodness are the Dharma.
['T27n1545_097:0503c16_15']	三不善根是非法。	三不善根是非法。	The three unwholesome roots are non-Dharma.
['T27n1545_097:0503c17_1']	四念住是法。	四念住是法。	The four establishments of mindfulness are the Dharma.
['T27n1545_097:0503c17_8']	四顛倒是非法。	四顛倒是非法。	The four perversions are non-Dharma.
['T27n1545_097:0503c17_13']	五根是法。	五根是法。	The five faculties are the Dharma.
['T27n1545_097:0503c17_19']	五蓋是非法。	五蓋是非法。	The five hindrances are non-Dharma.
['T27n1545_097:0503c18_4']	六隨念是法。	六隨念是法。	The six recollections are the Dharma.
['T27n1545_097:0503c18_11']	六愛身是非法。	六愛身是非法。	The six sense bases are non-Dharma.
['T27n1545_097:0503c18_17']	七覺支是法。	七覺支是法。	The seven factors of awakening are the Dharma.
['T27n1545_097:0503c19_4']	七隨眠是非法。	七隨眠是非法。	The seven latent afflictions are non-Dharma.
['T27n1545_097:0503c19_10']	八道支是法。	八道支是法。	The eightfold noble path is the Dharma.
['T27n1545_097:0503c19_17']	八邪支是非法。	八邪支是非法。	The eight wrong paths are non-Dharma.
['T27n1545_097:0503c20_4']	九次第定是法。	九次第定是法。	The nine successive concentrations are the Dharma.
['T27n1545_097:0503c20_10']	九結是非法。	九結是非法。	The nine fetters are non-Dharma.
['T27n1545_097:0503c20_17']	十善業道是法。	十善業道是法。	The ten wholesome courses of action are the Dharma.
['T27n1545_097:0503c21_6']	十不善業道是非法。	十不善業道是非法。	The ten unwholesome courses of action are non-Dharma.
['T27n1545_097:0503c21_16']	此等清淨法尚應斷之。	此等清淨法尚應斷之。	Even these pure dharmas should be cut off.
['T27n1545_097:0503c22_8']	況彼等雜染法而不應斷。	況彼等雜染法而不應斷。	How much more so for those defiled dharmas that should not be cut off.
['T27n1545_097:0503c24_12']	2 五種納息1智蘊第三中五種納息第二之一云何邪見如是等章及解章義。	2 五種納息1智蘊第三中五種納息第二之一云何邪見如是等章及解章義。	2. The five types of nidāna, the third of the wisdom aggregates, the second of the first part. What is wrong view? Such chapters and the meaning of the chapters.
['T27n1545_097:0503c25_3']	既領會已次應廣釋。	既領會已次應廣釋。	Having understood, one should next explain in detail.
['T27n1545_097:0503c25_10']	問何故作此論。	問何故作此論。	Question: Why is this treatise composed?
['T27n1545_097:0503c26_2']	答為欲分別契經義故。	答為欲分別契經義故。	Answer: In order to distinguish the meaning of the sūtras.
['T27n1545_097:0503c26_7']	如契經說。	如契經說。	As the sūtras say:
['T27n1545_097:0503c26_10', 'T27n1545_097:0503c26_17']	苾芻。🔽當知諸邪見者。	苾芻。 當知諸邪見者。	Bhikṣus,
['T27n1545_097:0503c27_6']	如其所見起身語業。	如其所見起身語業。	you should know that for those with wrong views, whatever bodily and verbal actions they perform,
['T27n1545_097:0503c27_15']	思求願行皆是彼類。	思求願行皆是彼類。	whatever thoughts, wishes, and practices they have, all belong to that category.🔽Such dharmas all lead to what is unlovable,
['T27n1545_097:0503c28_10', 'T27n1545_097:0503c28_15']	如是諸法一切能招不可愛樂。🔽不可欣喜。	如是諸法一切能招不可愛樂。 不可欣喜。	unpleasant,
['T27n1545_097:0503c29_1']	不隨所欲。	不隨所欲。	not what one desires,
['T27n1545_097:0503c29_6']	不如意果。	不如意果。	and undesirable results.
['T27n1545_097:0503c29_11']	所以者何。	所以者何。	Why is this so?
['T27n1545_097:0504a01_2']	由此邪見是勃惡見故。	由此邪見是勃惡見故。	Because this wrong view is an evil view.
['T27n1545_097:0504a01_9']	契經雖有是說。	契經雖有是說。	Although the sūtras have this explanation,
['T27n1545_097:0504a01_16']	而不分別其義。	而不分別其義。	they do not distinguish its meaning.
['T27n1545_097:0504a02_6']	經是此論所依根本。	經是此論所依根本。	The sūtras are the basis of this treatise.
['T27n1545_097:0504a02_15']	彼未說者今應說之。	彼未說者今應說之。	What has not been explained there should be explained now.
['T27n1545_097:0504a03_8']	復次前雖總說見智慧三。	復次前雖總說見智慧三。	Furthermore, although the three of view, wisdom, and insight have been generally explained before,
['T27n1545_097:0504a03_13']	而未別說。	而未別說。	but it has not yet been explained separately.
['T27n1545_097:0504a04_4']	云何邪見云何邪智。	云何邪見云何邪智。	What is wrong view? What is wrong cognition?
['T27n1545_097:0504a04_13']	前論是此所依根本。	前論是此所依根本。	The previous treatise is the basis for this.
['T27n1545_097:0504a05_7']	彼未說者今應說之故作斯論。	彼未說者今應說之故作斯論。	What has not been explained there should be explained now, so this treatise is composed.
['T27n1545_097:0504a05_12']	云何邪見。	云何邪見。	What is wrong view?
['T27n1545_097:0504a06_7', 'T27n1545_097:0504a06_17']	答若不安立則五見皆名邪見。🔽謂若不安立薩迦耶等。	答若不安立則五見皆名邪見。 謂若不安立薩迦耶等。	Answer: If it is not established, then the five views are all called wrong view.🔽That is, if the five views such as the view of the aggregates, etc.
['T27n1545_097:0504a07_7']	五見名及行相差別。	五見名及行相差別。	are not established in terms of their names and characteristics,
['T27n1545_097:0504a07_16']	即彼五見皆名邪見。	即彼五見皆名邪見。	then those five views are all called wrong view.
['T27n1545_097:0504a08_6']	皆於所緣邪推度故。	皆於所緣邪推度故。	Because they all wrongly determine their objects.
['T27n1545_097:0504a09_1']	若安立即唯無施與無愛樂。	若安立即唯無施與無愛樂。	If they are established, then only the view that there is no giving, no love,
['T27n1545_097:0504a09_5', 'T27n1545_097:0504a09_9']	無祠祀。🔽無妙行。	無祠祀。 無妙行。	no sacrifice,🔽no good conduct,🔽no bad conduct,
['T27n1545_097:0504a09_13', 'T27n1545_097:0504a09_19']	無惡行。🔽無妙惡行業。	無惡行。 無妙惡行業。	no good or bad conduct,
['T27n1545_097:0504a10_8']	果異熟等見名邪見。	果異熟等見名邪見。	and no results of good or bad conduct, etc. is called wrong view.
['T27n1545_097:0504a11_8']	謂若安立薩迦耶等五見名及行相差別。	謂若安立薩迦耶等五見名及行相差別。	That is, if the five views such as the view of the aggregates, etc. are established in terms of their names and characteristics,
['T27n1545_097:0504a11_17']	則唯作無行相轉者。	則唯作無行相轉者。	then only the one that operates without a specific mode of activity
['T27n1545_097:0504a12_7']	獨名邪見邪中極故。	獨名邪見邪中極故。	is uniquely called wrong view, because it is the most extreme among the wrong ones.
['T27n1545_097:0504a13_2']	如說嗅酥及惡旃茶羅等。	如說嗅酥及惡旃茶羅等。	Just as one speaks of smelling ghee or a bad chandāla, etc.
['T27n1545_097:0504a13_7']	云何邪智。	云何邪智。	What is wrong knowledge?
['T27n1545_097:0504a13_16']	答六識相應染污慧。	答六識相應染污慧。	Answer: Defiled wisdom associated with the six consciousnesses.
['T27n1545_097:0504a14_7']	此中五識相應染污慧者。	此中五識相應染污慧者。	Among them, defiled wisdom associated with the five consciousnesses means
['T27n1545_097:0504a14_14']	謂貪瞋相應慧。	謂貪瞋相應慧。	the wisdom associated with craving and hatred.
['T27n1545_097:0504a15_4']	意識相應染污慧者。	意識相應染污慧者。	Defiled wisdom associated with the mental consciousness means
['T27n1545_097:0504a15_17']	謂五見及貪瞋慢疑不共無明。	謂五見及貪瞋慢疑不共無明。	the five views, craving, hatred, pride, doubt, and unique ignorance,
['T27n1545_097:0504a16_6']	并餘纏垢相應慧。	并餘纏垢相應慧。	as well as the wisdom associated with the other entanglements and defilements.
['T27n1545_097:0504a16_15']	如是一切皆名邪智。	如是一切皆名邪智。	All of these are called wrong knowledge.
['T27n1545_097:0504a17_6']	已說邪見邪智自性。	已說邪見邪智自性。	The nature of wrong views and wrong knowledge has already been explained.
['T27n1545_097:0504a17_14']	雜不雜相今當說。	雜不雜相今當說。	The characteristics of mixed and unmixed [wrong views and wrong knowledge] will now be discussed.
['T27n1545_097:0504a18_3']	諸邪見是邪智耶。	諸邪見是邪智耶。	Are all wrong views also wrong knowledge?
['T27n1545_097:0504a18_11']	答諸邪見是邪智。	答諸邪見是邪智。	Answer: All wrong views are wrong knowledge.
['T27n1545_097:0504a19_3']	謂邪推求者必邪審決故。	謂邪推求者必邪審決故。	This is because one who wrongly investigates must also wrongly ascertain and decide.
['T27n1545_097:0504a19_10']	有邪智非邪見。	有邪智非邪見。	There is wrong knowledge that is not wrong view.
['T27n1545_097:0504a20_1']	謂五識相應染污慧。	謂五識相應染污慧。	This refers to defiled wisdom associated with the five consciousnesses,
['T27n1545_097:0504a20_8']	即貪瞋相應慧。	即貪瞋相應慧。	namely the wisdom associated with craving and hatred,
['T27n1545_097:0504a21_2']	及除五見餘意識相應染污慧。	及除五見餘意識相應染污慧。	and the defiled wisdom associated with the mental consciousness other than the five views,
['T27n1545_097:0504a22_2']	即貪瞋慢疑及不共無明并餘纏垢相應慧。	即貪瞋慢疑及不共無明并餘纏垢相應慧。	namely craving, hatred, pride, doubt, unique ignorance, and the wisdom associated with the other entanglements and defilements.
['T27n1545_097:0504a22_14']	邪見攝邪智邪智攝邪見耶。	邪見攝邪智邪智攝邪見耶。	Are wrong views included in wrong knowledge? Are wrong knowledge included in wrong views?
['T27n1545_097:0504a23_3']	答邪智攝邪見。	答邪智攝邪見。	Answer: It is included in wrong knowledge.
['T27n1545_097:0504a23_14']	非邪見攝邪智不攝何等。	非邪見攝邪智不攝何等。	What is not included in wrong views but is included in wrong knowledge?
['T27n1545_097:0504a24_17']	謂五識相應染污慧及除五見餘意識相應染污慧。	謂五識相應染污慧及除五見餘意識相應染污慧。	It refers to the defiled wisdom associated with the five consciousnesses, and the defiled wisdom associated with the sixth consciousness, excluding the five views.
['T27n1545_097:0504a25_9']	有審決相無推度相故。	有審決相無推度相故。	Because it has the characteristics of examination and determination, but not the characteristics of investigation and judgment.
['T27n1545_097:0504a26_2']	諸成就邪見彼邪智耶。	諸成就邪見彼邪智耶。	Do those who possess wrong views also possess wrong knowledge?
['T27n1545_097:0504a26_12']	答諸成就邪見亦邪智。	答諸成就邪見亦邪智。	Answer: Those who possess wrong views also possess wrong knowledge.
['T27n1545_097:0504a27_2']	邪智多故見亦智故。	邪智多故見亦智故。	Because wrong knowledge is more, and views are also knowledge.
['T27n1545_097:0504a27_11']	即道類智未已生位。	即道類智未已生位。	That is, in the stage before the knowledge of the class of the path has arisen.
['T27n1545_097:0504a28_2', 'T27n1545_097:0504a28_13']	有成就邪智非邪見。🔽謂學見迹即道類智已生。	有成就邪智非邪見。 謂學見迹即道類智已生。	There are those who possess wrong knowledge but not wrong views.🔽That is, those in the stage of learning who have already given rise to the knowledge of the class of the path.
['T27n1545_097:0504a29_3']	諸有學位名學見迹。	諸有學位名學見迹。	The stage of learning is called the stage of having seen the traces of the noble truths.
['T27n1545_097:0504a29_12']	已具見四聖諦迹故。	已具見四聖諦迹故。	Because they have already fully seen the traces of the four noble truths.
['T27n1545_097:0504a29_17']	此則總說。	此則總說。	This is a general statement.
['T27n1545_097:0504b01_7']	若別說者有多有少。	若別說者有多有少。	If it is explained separately, there are more and less.
['T27n1545_097:0504b01_16']	謂或成就九地邪智。	謂或成就九地邪智。	That is, some may possess wrong knowledge of nine stages,
['T27n1545_097:0504b02_9']	乃至或有成就一地邪智。	乃至或有成就一地邪智。	up to some may possess wrong knowledge of one stage.
['T27n1545_097:0504b03_5']	一一地中或有成就九品邪智。	一一地中或有成就九品邪智。	In each stage, some may possess wrong knowledge of nine grades,
['T27n1545_097:0504b03_16', 'T27n1545_097:0504b04_10']	乃至或有成就一品邪智。🔽諸邪見已斷已遍知彼邪智耶。	乃至或有成就一品邪智。 諸邪見已斷已遍知彼邪智耶。	up to some may possess one category of wrong knowledge.
['T27n1545_097:0504b05_5']	答諸邪智已斷已遍知亦邪見。	答諸邪智已斷已遍知亦邪見。	For those who have already eliminated and completely known wrong views, have they also eliminated and completely known wrong knowledge?🔽The answer is: Those who have already eliminated and completely known wrong knowledge have also eliminated and completely known wrong views.
['T27n1545_097:0504b06_3']	謂阿羅漢有邪見已斷已遍知非邪智。	謂阿羅漢有邪見已斷已遍知非邪智。	There are arhats who have already eliminated and completely known wrong views but not wrong knowledge.
['T27n1545_097:0504b06_12']	謂學見迹此則總說。	謂學見迹此則總說。	This refers to those in training who have seen the truths. This is the general explanation.
['T27n1545_097:0504b07_2']	若別說者有多有少。	若別說者有多有少。	If explained separately, there are more or less.
['T27n1545_097:0504b07_16']	謂或有九地邪智非已斷已遍知。	謂或有九地邪智非已斷已遍知。	There are those who have not yet eliminated and completely known the wrong knowledge of the nine grounds.
['T27n1545_097:0504b08_13']	乃至或有一地邪智非已斷已遍知。	乃至或有一地邪智非已斷已遍知。	Up to those who have not yet eliminated and completely known the wrong knowledge of one ground.
['T27n1545_097:0504b09_12']	一一地中或有九品邪智非已斷已遍知。	一一地中或有九品邪智非已斷已遍知。	In each ground, there are those who have not yet eliminated and completely known the wrong knowledge of the nine categories.
['T27n1545_097:0504b10_9']	乃至或有一品邪智非已斷已遍知。	乃至或有一品邪智非已斷已遍知。	Up to those who have not yet eliminated and completely known the wrong knowledge of one category.
['T27n1545_097:0504b10_18']	染污邪智九品斷故。	染污邪智九品斷故。	Because the defiled wrong knowledge is eliminated in nine categories.
['T27n1545_097:0504b11_8']	云何正見乃至廣說。	云何正見乃至廣說。	What is right view, and so on in detail?
['T27n1545_097:0504b11_15']	問何故作此論。	問何故作此論。	Why does this treatise ask this question?
['T27n1545_097:0504b12_7']	答為欲分別契經義故。	答為欲分別契經義故。	The answer is: In order to analyze the meaning of the sutras.
['T27n1545_097:0504b12_12']	如契經說。	如契經說。	As the sutras say:
['T27n1545_097:0504b13_3']	諸正見者如其所見。	諸正見者如其所見。	Those with right view see as it truly is.
['T27n1545_097:0504b13_16']	起身語業思求願行皆是彼類。	起身語業思求願行皆是彼類。	The volition, seeking, vowing, and practice of bodily and verbal karma are all of that type.
['T27n1545_097:0504b15_2']	如是一切能招可愛可樂可欣可喜隨所欲如意果。	如是一切能招可愛可樂可欣可喜隨所欲如意果。	All of these can attract desirable, enjoyable, delightful, and pleasing results according to one's wishes.
['T27n1545_097:0504b15_7']	所以者何。	所以者何。	Why is this so?
['T27n1545_097:0504b15_17']	由此正見是賢善見故。	由此正見是賢善見故。	Because this right view is the view of the wise and virtuous.
['T27n1545_097:0504b16_11']	契經雖有是說而不分別其義。	契經雖有是說而不分別其義。	Although the sutras have this teaching, they do not analyze its meaning.
['T27n1545_097:0504b17_3']	經是此論所依根本。	經是此論所依根本。	The sutras are the basis of this treatise.
['T27n1545_097:0504b17_12']	彼未說者今應說之。	彼未說者今應說之。	What has not been explained there should be explained now.
['T27n1545_097:0504b18_5']	復次前雖總說見智慧三。	復次前雖總說見智慧三。	Furthermore, although right view, wisdom, and the three have been generally discussed before,
['T27n1545_097:0504b19_1']	而未別說云何正見云何正智。	而未別說云何正見云何正智。	the specific distinctions of what is right view and what is right wisdom have not yet been explained.
['T27n1545_097:0504b19_10']	前論是此所依根本。	前論是此所依根本。	The previous treatise is the basis of this one.
['T27n1545_097:0504b20_1']	彼未說者今應說之。	彼未說者今應說之。	What has not been explained there should be explained now.
['T27n1545_097:0504b20_12']	復次前雖已說邪見邪智。	復次前雖已說邪見邪智。	Furthermore, although wrong view and wrong wisdom have already been discussed before,
['T27n1545_097:0504b21_7']	今欲說彼近對治法故作斯論。	今欲說彼近對治法故作斯論。	now, in order to explain the proximate counteractive dharmas to them, this treatise is composed.
['T27n1545_097:0504b21_12']	云何正見。	云何正見。	What is right view?
['T27n1545_097:0504b22_8']	答盡無生智所不攝意識相應善慧。	答盡無生智所不攝意識相應善慧。	The answer is: good wisdom associated with the mental consciousness not included in the knowledge of exhaustion and the knowledge of non-arising.
['T27n1545_097:0504b22_13']	此有二種。	此有二種。	This is of two kinds.
['T27n1545_097:0504b22_17']	一有漏。	一有漏。	One is contaminated.
['T27n1545_097:0504b23_2']	二無漏。	二無漏。	The other is uncontaminated.
['T27n1545_097:0504b23_6']	有漏者。	有漏者。	As for the contaminated ones,
['T27n1545_097:0504b23_16']	即世俗正見如前廣說。	即世俗正見如前廣說。	they are the mundane right views as explained in detail above.
['T27n1545_097:0504b24_1']	無漏者。	無漏者。	As for the uncontaminated ones,
['T27n1545_097:0504b24_14']	謂無漏忍及學八智無學正見。	謂無漏忍及學八智無學正見。	they are the uncontaminated receptivities and the eight knowledges of the learner and the right view of the post-learner.
['T27n1545_097:0504b24_19']	云何正智。	云何正智。	What is right knowledge?
['T27n1545_097:0504b25_7']	答五識相應善慧。	答五識相應善慧。	The answer is: wholesome wisdom associated with the five consciousnesses,
['T27n1545_097:0504b26_3']	及無漏忍所不攝意識相應善慧。	及無漏忍所不攝意識相應善慧。	and wholesome wisdom associated with mental consciousness not included in the receptivities.
['T27n1545_097:0504b26_8']	此有二種。	此有二種。	This is of two kinds:
['T27n1545_097:0504b26_17']	一有漏即世俗正見。	一有漏即世俗正見。	the contaminated, which is the mundane right view,
['T27n1545_097:0504b27_7']	二無漏即學無學八智。	二無漏即學無學八智。	and the uncontaminated, which is the eight knowledges of the learner and the post-learner.
['T27n1545_097:0504b28_8']	已說正見正智自性。	已說正見正智自性。	The intrinsic natures of right view and right knowledge have already been explained.
['T27n1545_097:0504b28_16']	雜不雜相今當說。	雜不雜相今當說。	The characteristics of their combination and non-combination will now be explained.
['T27n1545_097:0504b29_5']	諸正見是正智耶。	諸正見是正智耶。	Are all right views right knowledge?
['T27n1545_097:0504b29_11']	答應作四句。	答應作四句。	The answer is: Four sentences should be made.
['T27n1545_097:0504b29_18']	有正見非正智。	有正見非正智。	There is right view that is not right knowledge.
['T27n1545_097:0504c02_2']	謂無漏忍此有見相無智相故有正智非正見。	謂無漏忍此有見相無智相故有正智非正見。	Namely, the uncontaminated receptivities. This has the characteristic of seeing but not the characteristic of knowledge, so there is right knowledge that is not right view.
['T27n1545_097:0504c02_10']	謂五識相應善慧。	謂五識相應善慧。	Namely, wholesome wisdom associated with the five consciousnesses,
['T27n1545_097:0504c02_16', 'T27n1545_097:0504c03_5']	及盡無生智。🔽此有智相無見相故。	及盡無生智。 此有智相無見相故。	and the knowledge of elimination and non-production.
['T27n1545_097:0504c03_12']	有正見亦正智。	有正見亦正智。	This has the characteristic of knowledge but not the characteristic of seeing, so there is right view that is also right knowledge.
['T27n1545_097:0504c03_17']	謂無漏忍。	謂無漏忍。	Namely, the uncontaminated receptivities.
['T27n1545_097:0504c04_12']	盡無生智所不攝意識相應善慧。	盡無生智所不攝意識相應善慧。	The wholesome wisdom associated with the mental consciousness not included in the knowledge of exhaustion and non-arising.
['T27n1545_097:0504c04_17']	此有二種。	此有二種。	This is of two kinds.
['T27n1545_097:0504c05_8']	一有漏即世俗正見。	一有漏即世俗正見。	The first is contaminated, which is right worldly view.
['T27n1545_097:0504c06_2']	二無漏即學八智無學正見。	二無漏即學八智無學正見。	The second is uncontaminated, which is the eight knowledges of the learner and the right view of the post-learner.
['T27n1545_097:0504c06_11']	此二皆具見智相故。	此二皆具見智相故。	These two are both called right view and right knowledge because they have the characteristics of seeing and knowing.
['T27n1545_097:0504c07_2']	有非正見亦非正智。	有非正見亦非正智。	There is that which is neither right view nor right knowledge.
['T27n1545_097:0504c07_11']	謂除前相相即所名。	謂除前相相即所名。	This refers to the characteristics excluded from the above.
['T27n1545_097:0504c07_16', 'T27n1545_097:0504c08_6']	廣如前說。🔽謂行蘊中除諸善慧。	廣如前說。 謂行蘊中除諸善慧。	The characteristics are explained in detail as above.
['T27n1545_097:0504c08_15']	諸餘行蘊及四蘊全。	諸餘行蘊及四蘊全。	It refers to the remaining formations in the aggregate of formations, excluding the wholesome wisdom, and the four aggregates in their entirety.
['T27n1545_097:0504c09_5']	并無為法作第四句。	并無為法作第四句。	And unconditioned dharmas are the fourth alternative.
['T27n1545_097:0504c09_14']	此攝四句准定應知。	此攝四句准定應知。	These include the four alternatives, which should be understood according to the fixed rules.
['T27n1545_097:0504c10_6']	諸成就正見彼正智耶。	諸成就正見彼正智耶。	Those who possess right view, do they also possess right knowledge?
['T27n1545_097:0504c10_10']	答如是。	答如是。	The answer is: So it is.
['T27n1545_097:0504c11_2']	設成就正智彼正見耶。	設成就正智彼正見耶。	If one possesses right knowledge, does one also possess right view?
['T27n1545_097:0504c11_6']	答如是。	答如是。	The answer is: So it is.
['T27n1545_097:0504c11_16']	問誰成就正見正智耶。	問誰成就正見正智耶。	Who possesses right view and right knowledge?
['T27n1545_097:0504c12_8']	答不斷善根者此則總說。	答不斷善根者此則總說。	The answer is: Those who have not cut off wholesome roots. This is a general statement.
['T27n1545_097:0504c12_16']	若別說有多有少。	若別說有多有少。	If explained separately, there are many who possess more and few who possess less.
['T27n1545_097:0504c13_7']	謂或有唯成就欲界二。	謂或有唯成就欲界二。	It means there are some who only possess the two of the desire realm,
['T27n1545_097:0504c13_16']	或有唯成就色界二。	或有唯成就色界二。	Some only possess the two of the form realm.
['T27n1545_097:0504c14_8', 'T27n1545_097:0504c15_2']	或有唯成就無色界二。🔽或有唯成就色界無漏二。	或有唯成就無色界二。 或有唯成就色界無漏二。	Some only possess the two of the formless realm.🔽Some only possess the two of the form realm and the pure [realms].
['T27n1545_097:0504c15_14']	或有唯成就無色界無漏二。	或有唯成就無色界無漏二。	Some only possess the two of the formless realm and the pure [realms].
['T27n1545_097:0504c16_6']	或有唯成就欲色界二。	或有唯成就欲色界二。	Some only possess the two of the desire and form realms.
['T27n1545_097:0504c16_17']	或有唯成就色無色界二。	或有唯成就色無色界二。	Some only possess the two of the form and formless realms.
['T27n1545_097:0504c17_10', 'T27n1545_097:0504c18_4']	或有成就欲色無色界三。🔽或有成就欲色界無漏二。	或有成就欲色無色界三。 或有成就欲色界無漏二。	Some possess the three of the three realms.🔽Some possess the two of the desire and form realms and the pure [realms].
['T27n1545_097:0504c18_16']	或有成就色無色界無漏二。	或有成就色無色界無漏二。	Some possess the two of the form and formless realms and the pure [realms].
['T27n1545_097:0504c19_7']	或有成就三界無漏二。	或有成就三界無漏二。	Some possess the two of the three realms and the pure [realms].
['T27n1545_097:0504c20_2']	諸正見已斷已遍知彼正智耶。	諸正見已斷已遍知彼正智耶。	If right view has already been eliminated and completely known, has right knowledge also?
['T27n1545_097:0504c20_6']	答如是。	答如是。	The answer is: So it is.
['T27n1545_097:0504c20_19']	設正智已斷已遍知彼正見耶。	設正智已斷已遍知彼正見耶。	If right knowledge has already been eliminated and completely known, has right view also?
['T27n1545_097:0504c21_3']	答如是。	答如是。	The answer is: So it is.
['T27n1545_097:0504c21_17']	問誰於正見正智已斷已遍知耶。	問誰於正見正智已斷已遍知耶。	Who has already eliminated and completely known right view and right knowledge?
['T27n1545_097:0504c22_8']	答阿羅漢此則總說。	答阿羅漢此則總說。	The answer is: The arhat. This is a general statement.
['T27n1545_097:0504c22_17']	若別說者有多有少。	若別說者有多有少。	If explained separately, there are many and few.
['T27n1545_097:0504c23_11']	謂已離無所有處染有學異生。	謂已離無所有處染有學異生。	It refers to those who have already separated from the defilements of the sphere of nothingness, who are learners or ordinary beings,
['T27n1545_097:0504c24_5']	八地正見正智已斷已遍知。	八地正見正智已斷已遍知。	who have already abandoned and completely known the eight grounds of right view and right knowledge,
['T27n1545_097:0504c25_5']	乃至已離欲染未離初靜慮染有學異生。	乃至已離欲染未離初靜慮染有學異生。	up to those who have already separated from the defilements of the desire realm but not yet separated from the defilements of the first dhyana, who are learners or ordinary beings,
['T27n1545_097:0504c25_17']	一切正見正智已斷已遍知。	一切正見正智已斷已遍知。	who have already abandoned and completely known all right views and right knowledge.
['T27n1545_097:0504c26_8']	依究竟說唯阿羅漢。	依究竟說唯阿羅漢。	Based on the ultimate, it is said to be only arhats.🔽Here is the corrected and aligned text:
['T27n1545_097:0504c27_100']	說一切有部發智大毘婆沙論卷第九十七	說一切有部發智大毘婆沙論卷第九十七	Abhidharma-mahāvibhāṣā-śāstra, fascicle 97
