segmentnr	original	analyzed	translated
['T27n1545_186:0930a12_0']	阿毘達磨大毘婆沙論卷第一百	阿毘達磨大毘婆沙論卷第一百	Abhidharma-mahāvibhāṣā-śāstra, fascicle 100🔽
['T27n1545_186:0930a13_0']	八十六	八十六	Abhidharma-mahāvibhāṣā-śāstra, fascicle 186
['T27n1545_186:0930a15_0', 'T27n1545_186:0930a18_17']	五百大阿羅漢等造🔽三藏法師玄奘奉　詔譯4定蘊第七中一行納息第五之四諸不定彼一切非聰慧無明趣耶乃至廣說。	五百大阿羅漢等造 三藏法師玄奘奉　詔譯4定蘊第七中一行納息第五之四諸不定彼一切非聰慧無明趣耶乃至廣說。	Composed by 500 great arhats and others🔽Tripiṭaka master Xuanzang respectfully received
['T27n1545_186:0930a19_6']	問何故作此論。	問何故作此論。	Question: Why was this treatise composed?
['T27n1545_186:0930a19_16']	答為欲分別契經義故。	答為欲分別契經義故。	Answer: In order to analyze the meaning of the sūtras.
['T27n1545_186:0930a20_3']	如契經說。	如契經說。	As the sūtras say:
['T27n1545_186:0930a20_13']	諸有情類有定有不定。	諸有情類有定有不定。	Among sentient beings, some are fixed, some are unfixed.
['T27n1545_186:0930a21_1']	有聰慧明趣。	有聰慧明趣。	Some have the bright path of sharp wisdom,
['T27n1545_186:0930a21_9']	有非聰慧無明趣。	有非聰慧無明趣。	Some do not have the bright path of dull wisdom.
['T27n1545_186:0930a22_4']	雖作是說而不分別相攝差別。	雖作是說而不分別相攝差別。	Although this is said, the distinctions in inclusion are not analyzed.
['T27n1545_186:0930a22_14']	彼經是此論所依根本。	彼經是此論所依根本。	That sūtra is the fundamental basis of this treatise.
['T27n1545_186:0930a23_5']	彼所不說者今盡應說。	彼所不說者今盡應說。	What is not explained there should all be explained now.
['T27n1545_186:0930a23_10']	故作斯論。	故作斯論。	Therefore, this treatise is composed.
['T27n1545_186:0930a24_6']	問諸不定彼一切非聰慧無明趣耶。	問諸不定彼一切非聰慧無明趣耶。	Question: Are all those who are unfixed not of the dull wisdom and dark path?
['T27n1545_186:0930a25_2']	答諸不定彼一切非聰慧無明趣。	答諸不定彼一切非聰慧無明趣。	Answer: All those who are unfixed are not of the dull wisdom and dark path.
['T27n1545_186:0930a25_14']	有非聰慧無明趣而非不定。	有非聰慧無明趣而非不定。	There are those who are of the dull wisdom and dark path but are not unfixed.
['T27n1545_186:0930a25_18']	謂邪定。	謂邪定。	Namely, those of wrong fixation.
['T27n1545_186:0930a26_10']	問諸定彼一切聰慧明趣耶。	問諸定彼一切聰慧明趣耶。	Question: Are all those who are fixed of the sharp wisdom and bright path?
['T27n1545_186:0930a27_3']	答諸聰慧明趣彼一切定。	答諸聰慧明趣彼一切定。	Answer: Those who are wise, bright, and of right practice are all definitely so.
['T27n1545_186:0930a27_12']	有定彼非聰慧明趣。	有定彼非聰慧明趣。	There are those who are definitely so, but are not wise or of right practice.
['T27n1545_186:0930a27_16']	謂邪定。	謂邪定。	This refers to those of wrong practice.
['T27n1545_186:0930a28_12']	此中非聰慧者謂愚夫異生無聖慧故。	此中非聰慧者謂愚夫異生無聖慧故。	Here, those who are not wise are ordinary beings, because they lack the wisdom of the noble ones.
['T27n1545_186:0930a29_6']	聰慧者謂諸聖者有聖慧故。	聰慧者謂諸聖者有聖慧故。	Those who are wise are the noble ones, because they possess the wisdom of the noble ones.
['T27n1545_186:0930a29_11']	云何知然。	云何知然。	How do we know this?
['T27n1545_186:0930a29_16']	契經說故。	契經說故。	Because it is said in the sutras.
['T27n1545_186:0930b01_2']	如契經說。	如契經說。	As a sutra says:
['T27n1545_186:0930b01_7']	佛告苾芻。	佛告苾芻。	The Buddha told the bhikṣus:
['T27n1545_186:0930b01_13']	於汝意云何。	於汝意云何。	What do you think?
['T27n1545_186:0930b02_4']	諸有於苦聖諦如實知。	諸有於苦聖諦如實知。	Those who know the noble truth of suffering as it really is,
['T27n1545_186:0930b02_14']	於苦集聖諦苦滅聖諦。	於苦集聖諦苦滅聖諦。	the noble truth of the arising of suffering, the noble truth of the cessation of suffering,
['T27n1545_186:0930b03_5']	趣苦滅行聖諦如實知。	趣苦滅行聖諦如實知。	and the noble truth of the path leading to the cessation of suffering as it really is,
['T27n1545_186:0930b03_14']	或有於此不如實知。	或有於此不如實知。	or those who do not know this as it really is,
['T27n1545_186:0930b04_5']	此中說何是聰慧者。	此中說何是聰慧者。	who among them are called the wise ones here?
['T27n1545_186:0930b04_10']	苾芻白佛。	苾芻白佛。	The bhikṣus said to the Buddha:
['T27n1545_186:0930b05_1']	如我解佛所說義者。	如我解佛所說義者。	According to the meaning of what the Buddha has said,
['T27n1545_186:0930b05_8']	諸有於苦聖諦。	諸有於苦聖諦。	those who know the noble truth of suffering,
['T27n1545_186:0930b06_7']	乃至於趣苦滅行聖諦如實知名聰慧者。	乃至於趣苦滅行聖諦如實知名聰慧者。	up to the noble truth of the path leading to the cessation of suffering as it really is are called the wise ones,
['T27n1545_186:0930b06_13']	非不如實知。	非不如實知。	not those who do not know this as it really is.
['T27n1545_186:0930b07_9']	由此故知聖是聰慧異生非聰慧。	由此故知聖是聰慧異生非聰慧。	Therefore, we know that the noble ones are wise and the ordinary beings are not wise.
['T27n1545_186:0930b08_2']	聰慧者是明趣明所依故。	聰慧者是明趣明所依故。	The wise ones are the basis for proceeding towards light and illumination.
['T27n1545_186:0930b08_16']	非聰慧者是無明趣無明所依故。	非聰慧者是無明趣無明所依故。	The unwise ones are the basis for proceeding towards ignorance and darkness.
['T27n1545_186:0930b09_7']	諸不定彼一切非聰慧。	諸不定彼一切非聰慧。	All those who are undetermined are all unwise.
['T27n1545_186:0930b10_2']	無明趣者謂諸不定必是異生。	無明趣者謂諸不定必是異生。	Those who proceed towards ignorance refer to those who are undetermined, who must be ordinary beings.
['T27n1545_186:0930b10_11']	一切異生皆非聰慧。	一切異生皆非聰慧。	All ordinary beings are all unwise.
['T27n1545_186:0930b10_16']	無明趣攝。	無明趣攝。	They are included in proceeding towards ignorance.
['T27n1545_186:0930b11_9']	有非聰慧無明趣而非不定。	有非聰慧無明趣而非不定。	There are those who are unwise and proceed towards ignorance but are not undetermined.
['T27n1545_186:0930b12_4']	謂邪定者謂諸邪定亦必異生。	謂邪定者謂諸邪定亦必異生。	Those who are wrongly determined are also necessarily ordinary beings.
['T27n1545_186:0930b12_15']	彼於邪性定故不名不定。	彼於邪性定故不名不定。	They are not called undetermined because they are determined in wrong natures.
['T27n1545_186:0930b13_8']	諸聰慧明趣彼一切定者。	諸聰慧明趣彼一切定者。	All those who are wise and proceed towards light are necessarily determined.
['T27n1545_186:0930b14_4']	謂諸聖者於正性定故說名為定。	謂諸聖者於正性定故說名為定。	The noble ones are called determined because they are determined in right natures.
['T27n1545_186:0930b15_13']	諸不定彼一切不成就等覺支耶。	諸不定彼一切不成就等覺支耶。	Are all those who are undetermined not those who do not accomplish the factors of enlightenment?
['T27n1545_186:0930b16_9']	答諸不定彼一切不成就等覺支。	答諸不定彼一切不成就等覺支。	Answer: All those who are undetermined are all those who do not accomplish the factors of enlightenment.
['T27n1545_186:0930b17_4']	有不成就等覺支而非不定。	有不成就等覺支而非不定。	There are those who do not accomplish the factors of enlightenment but are not undetermined.
['T27n1545_186:0930b17_16']	謂邪定是異生故邪性定故。	謂邪定是異生故邪性定故。	It means that those of wrong determination are ordinary beings, and their nature is determined as wrong.
['T27n1545_186:0930b18_9']	諸定彼一切成就等覺支耶。	諸定彼一切成就等覺支耶。	Do all those who attain the factors of enlightenment definitely attain them?
['T27n1545_186:0930b19_4']	答諸成就等覺支彼一切定。	答諸成就等覺支彼一切定。	The answer is: Those who attain the factors of enlightenment definitely attain them.
['T27n1545_186:0930b19_14']	有定而不成就等覺支。	有定而不成就等覺支。	There are those who attain them but do not attain the factors of enlightenment.
['T27n1545_186:0930b20_3']	謂邪定如前釋。	謂邪定如前釋。	It means those of wrong determination, as explained above.
['T27n1545_186:0930b20_7']	有三聚。	有三聚。	There are three groups:
['T27n1545_186:0930b20_13']	一邪性定聚。	一邪性定聚。	The group of those determined as of wrong nature,
['T27n1545_186:0930b21_1']	二正性定聚。	二正性定聚。	The group of those determined as of right nature,
['T27n1545_186:0930b21_10']	三不定聚邪性定聚。	三不定聚邪性定聚。	And the indeterminate group. The group of those determined as of wrong nature
['T27n1545_186:0930b21_18']	謂成就五無間業。	謂成就五無間業。	Refers to those who have committed the five heinous crimes.
['T27n1545_186:0930b22_10']	正性定聚謂成就學無學法。	正性定聚謂成就學無學法。	The group of those determined as of right nature refers to those who have attained the dharmas of learners and adepts.
['T27n1545_186:0930b23_7']	不定聚謂唯成就餘有漏法及無為。	不定聚謂唯成就餘有漏法及無為。	The indeterminate group refers to those who have only attained the remaining contaminated dharmas and the unconditioned.
['T27n1545_186:0930b23_14']	是名三聚自性。	是名三聚自性。	This is called the intrinsic nature of the three groups.
['T27n1545_186:0930b24_6']	界者邪性定聚一界少分。	界者邪性定聚一界少分。	In terms of realms, the group of those determined as of wrong nature belongs to one realm,
['T27n1545_186:0930b24_10']	謂欲界。	謂欲界。	Namely the desire realm.
['T27n1545_186:0930b24_19']	正性定聚三界少分。	正性定聚三界少分。	The group of those determined as of right nature belongs to three realms.
['T27n1545_186:0930b25_5']	不定聚亦爾。	不定聚亦爾。	The indeterminate group is also like this.
['T27n1545_186:0930b25_16']	趣者邪性定聚一趣少分。	趣者邪性定聚一趣少分。	In terms of destinies, the group of those determined as of wrong nature belongs to one destiny,
['T27n1545_186:0930b25_19']	謂人。	謂人。	Namely the human realm.
['T27n1545_186:0930b26_8']	正性定聚二趣少分。	正性定聚二趣少分。	The group of those determined as of right nature belongs to two destinies,
['T27n1545_186:0930b26_12']	謂人天。	謂人天。	Namely the human and heavenly realms.
['T27n1545_186:0930b26_19']	不定聚三趣全。	不定聚三趣全。	The indeterminate aggregate includes the three destinies in their entirety.
['T27n1545_186:0930b27_7']	謂地獄傍生餓鬼。	謂地獄傍生餓鬼。	Namely, the hells, animals, and hungry ghosts.
['T27n1545_186:0930b27_12']	二趣少分。	二趣少分。	And a part of two destinies.
['T27n1545_186:0930b27_16']	謂人天。	謂人天。	Namely, humans and gods.
['T27n1545_186:0930b28_7']	生者邪性定聚一生少分。	生者邪性定聚一生少分。	Those of wrong nature and fixed aggregate include one birth in part.
['T27n1545_186:0930b28_11']	謂胎生。	謂胎生。	Namely, womb birth.
['T27n1545_186:0930b29_1']	正性定聚二生少分。	正性定聚二生少分。	Those of right nature and fixed aggregate include two births in part.
['T27n1545_186:0930b29_7']	謂胎生化生。	謂胎生化生。	Namely, womb birth and transformation birth.
['T27n1545_186:0930b29_14']	不定聚二生全。	不定聚二生全。	The indeterminate aggregate includes two births in their entirety.
['T27n1545_186:0930b29_20']	謂卵生濕生。	謂卵生濕生。	Namely, egg birth and moisture birth.
['T27n1545_186:0930c01_4']	二生少分。	二生少分。	And two births in part.
['T27n1545_186:0930c01_9']	謂餘二生。	謂餘二生。	Namely, the other two births.
['T27n1545_186:0930c01_12']	有說。	有說。	Some say:
['T27n1545_186:0930c02_1']	邪性定聚三生少分。	邪性定聚三生少分。	Those of wrong nature and fixed aggregate include three births in part.
['T27n1545_186:0930c02_5']	除化生。	除化生。	Excluding transformation birth.
['T27n1545_186:0930c02_19']	正性定聚四生少分不定聚亦爾。	正性定聚四生少分不定聚亦爾。	Those of right nature and fixed aggregate and the indeterminate aggregate also include four births in part.
['T27n1545_186:0930c03_4']	處者有說。	處者有說。	As for realms, some say:
['T27n1545_186:0930c03_13']	邪性定聚三處少分。	邪性定聚三處少分。	Those of wrong nature and fixed aggregate include three realms in part.
['T27n1545_186:0930c04_2']	正性定聚五處全。	正性定聚五處全。	Those of right nature and fixed aggregate include five realms in their entirety.
['T27n1545_186:0930c04_9']	二十四處少分。	二十四處少分。	And twenty-four realms in part.
['T27n1545_186:0930c04_16']	不定聚五處全。	不定聚五處全。	The indeterminate aggregate includes five realms in their entirety.
['T27n1545_186:0930c05_3']	二十四處少分。	二十四處少分。	And twenty-four realms in part.
['T27n1545_186:0930c05_8', 'T27n1545_186:0930c05_15']	如是說者。🔽諸行有四十處。	如是說者。 諸行有四十處。	According to this explanation,🔽all conditioned phenomena have forty realms.
['T27n1545_186:0930c06_4']	不定聚十一處全。	不定聚十一處全。	The indeterminate aggregate includes eleven realms in their entirety.
['T27n1545_186:0930c06_11']	二十四處少分。	二十四處少分。	and a small part of the twenty-four places.
['T27n1545_186:0930c06_16']	譬喻者說。	譬喻者說。	The Vaibhāṣikas say:
['T27n1545_186:0930c07_10']	從無間地獄乃至有頂皆有三聚。	從無間地獄乃至有頂皆有三聚。	From Avīci hell up to the peak of existence, there are three groups.
['T27n1545_186:0930c08_5']	彼說般涅槃法名正性定聚。	彼說般涅槃法名正性定聚。	They say that the dharmas that are destined for parinirvāṇa are called the group of right nature,
['T27n1545_186:0930c08_16']	不般涅槃法名邪性定聚。	不般涅槃法名邪性定聚。	the dharmas that are not destined for parinirvāṇa are called the group of wrong nature,
['T27n1545_186:0930c09_6']	不決定者名不定聚。	不決定者名不定聚。	and the undetermined ones are called the group of undetermined nature.
['T27n1545_186:0930c09_9']	評曰。	評曰。	The evaluators say:
['T27n1545_186:0930c09_15']	如前說者好。	如前說者好。	The previous explanation is better.
['T27n1545_186:0930c10_3']	此依集異門說。	此依集異門說。	This is based on the Saṃyuktâbhidharmahṛdaya.
['T27n1545_186:0930c10_10']	若依施設論說。	若依施設論說。	If based on the Prajñaptiśāstra,
['T27n1545_186:0930c11_1']	邪性定聚謂五無間業。	邪性定聚謂五無間業。	the group of wrong nature refers to the five immediate karmas,
['T27n1545_186:0930c12_4']	若彼因彼果彼等流彼異熟及成就彼法補特伽羅。	若彼因彼果彼等流彼異熟及成就彼法補特伽羅。	if they are the causes, fruits, natural outflow, or retribution of that, and the pudgala who accomplishes those dharmas.
['T27n1545_186:0930c12_14']	正性定聚謂學無學法。	正性定聚謂學無學法。	The group of right nature refers to the dharmas of learners and non-learners,
['T27n1545_186:0930c13_4']	若彼因彼果彼等流。	若彼因彼果彼等流。	if they are the causes, fruits, or natural outflow of that,
['T27n1545_186:0930c13_14']	及成就彼法補特伽羅。	及成就彼法補特伽羅。	and the pudgala who accomplishes those dharmas.
['T27n1545_186:0930c14_3']	不定聚謂諸餘法。	不定聚謂諸餘法。	The undetermined group refers to the remaining dharmas,
['T27n1545_186:0930c14_9']	若彼因彼果。	若彼因彼果。	if they are the causes, fruits,
['T27n1545_186:0930c14_16']	彼等流彼異熟。	彼等流彼異熟。	natural outflow, or retribution of that,
['T27n1545_186:0930c15_6']	及成就彼法補特伽羅。	及成就彼法補特伽羅。	and the pudgala who accomplishes those dharmas.
['T27n1545_186:0930c15_13']	是名三聚自性。	是名三聚自性。	This is called the intrinsic nature of the three groups.
['T27n1545_186:0930c16_1']	界者如前說。	界者如前說。	The realms are as explained above.
['T27n1545_186:0930c16_12']	趣者邪性定聚二趣少分。	趣者邪性定聚二趣少分。	The destinies are the two destinies of the group of those with wrong nature and the group of those with right nature.
['T27n1545_186:0930c16_18', 'T27n1545_186:0930c17_8']	謂地獄及人。🔽正性定聚亦二趣少分。	謂地獄及人。 正性定聚亦二趣少分。	This refers to the hells and humans.
['T27n1545_186:0930c17_12', 'T27n1545_186:0930c17_19']	謂人天。🔽不定聚二趣全。	謂人天。 不定聚二趣全。	The group of those with right nature also refers to the two destinies of humans and gods.
['T27n1545_186:0930c18_5', 'T27n1545_186:0930c18_10']	謂傍生餓鬼。🔽三趣少分。	謂傍生餓鬼。 三趣少分。	The group of those with indeterminate nature refers to the two complete destinies of animals and hungry ghosts.
['T27n1545_186:0930c18_16']	謂地獄人天。	謂地獄人天。	It also refers to the three destinies of the hells, humans, and gods.
['T27n1545_186:0930c19_7']	生者邪性定聚二生少分。	生者邪性定聚二生少分。	As for birth, the group of those with wrong nature refers to the two types of birth of those with wrong nature.
['T27n1545_186:0930c19_13']	謂胎生化生。	謂胎生化生。	This refers to birth from the womb and birth from transformation.
['T27n1545_186:0930c20_3']	正性定聚四生少分。	正性定聚四生少分。	The group of those with right nature refers to the four types of birth.
['T27n1545_186:0930c20_9']	不定聚亦爾。	不定聚亦爾。	The group of those with indeterminate nature is also like this.
['T27n1545_186:0930c20_18']	處所分別如應當知。	處所分別如應當知。	The distinctions of locations should be understood as appropriate.
['T27n1545_186:0930c21_4']	毘奈耶說。	毘奈耶說。	The Vinaya says:
['T27n1545_186:0930c22_4']	世尊於菩提樹下建立一切有情為三聚。	世尊於菩提樹下建立一切有情為三聚。	The World-Honored One, under the Bodhi tree, established all sentient beings into three groups.
['T27n1545_186:0930c22_13']	謂齊爾許名邪定聚。	謂齊爾許名邪定聚。	This is called the group of those with wrong nature.
['T27n1545_186:0930c23_4']	齊爾許名正定聚。	齊爾許名正定聚。	This is called the group of those with right nature.
['T27n1545_186:0930c23_12']	齊爾許名不定聚。	齊爾許名不定聚。	This is called the group of those with indeterminate nature.
['T27n1545_186:0930c24_4']	問為依有情分齊建立。	問為依有情分齊建立。	Question: Are they established based on the limits of sentient beings?
['T27n1545_186:0930c24_11']	為依法分齊耶。	為依法分齊耶。	Or are they based on the limits of the Dharma?
['T27n1545_186:0930c24_17']	若依有情者。	若依有情者。	If it is based on sentient beings,
['T27n1545_186:0930c25_11']	云何非是得有情海邊際耶。	云何非是得有情海邊際耶。	How is it not the limit of the ocean of sentient beings that can be attained?
['T27n1545_186:0930c25_16']	若依法者。	若依法者。	If it is based on the Dharma,
['T27n1545_186:0930c26_7']	聲聞亦能如是建立。	聲聞亦能如是建立。	the śrāvakas are also able to establish it in this way.
['T27n1545_186:0930c26_16']	佛與聲聞有何不共。	佛與聲聞有何不共。	What is not shared by the Buddha and the śrāvakas?
['T27n1545_186:0930c27_1']	有說。	有說。	Some say:
['T27n1545_186:0930c27_7']	依有情建立。	依有情建立。	It is based on sentient beings to establish it.
['T27n1545_186:0930c27_11']	問若爾。	問若爾。	Question: If so,
['T27n1545_186:0930c28_4']	云何非是得有情海邊際耶。	云何非是得有情海邊際耶。	how is it not the limit of the ocean of sentient beings that can be attained?
['T27n1545_186:0930c28_17']	答佛得有情海邊際亦無有過。	答佛得有情海邊際亦無有過。	Answer: The Buddha attaining the limit of the ocean of sentient beings is also without fault.
['T27n1545_186:0930c29_7']	然總相得非別相。	然總相得非別相。	However, it is attained in general characteristics, not in specific characteristics.
['T27n1545_186:0930c29_17']	謂一切有情不出四生。	謂一切有情不出四生。	That is to say, all sentient beings do not go beyond the four modes of birth.
['T27n1545_186:0931a01_4']	如是而得。	如是而得。	It is attained in this way.
['T27n1545_186:0931a01_7']	有說。	有說。	Some say:
['T27n1545_186:0931a01_12']	依法建立。	依法建立。	It is based on the Dharma to establish it.
['T27n1545_186:0931a01_16']	問若爾。	問若爾。	Question: If so,
['T27n1545_186:0931a02_5']	聲聞亦能如是建立。	聲聞亦能如是建立。	the śrāvakas are also able to establish it in this way.
['T27n1545_186:0931a02_14']	佛與聲聞有何不共。	佛與聲聞有何不共。	What is not shared by the Buddha and the śrāvakas?
['T27n1545_186:0931a03_4']	答聲聞因從佛聞。	答聲聞因從佛聞。	Answer: The śrāvakas hear it from the Buddha.
['T27n1545_186:0931a03_12']	佛無師自能建立。	佛無師自能建立。	The Buddha is able to establish it on his own without a teacher.
['T27n1545_186:0931a03_17']	是為不共。	是為不共。	This is what is not shared.
['T27n1545_186:0931a04_1']	有說。	有說。	Some say:
['T27n1545_186:0931a04_17']	若三千世界及千歲以來依有情建立。	若三千世界及千歲以來依有情建立。	If it is based on sentient beings to establish it, it is the three thousand worlds and the thousand years that have passed.
['T27n1545_186:0931a05_11']	若餘世界及餘時依法建立。	若餘世界及餘時依法建立。	If in other worlds and at other times, the establishment of dharmas is based on other [methods].
['T27n1545_186:0931a06_11']	問若佛於菩提樹下已建立有情為三聚者。	問若佛於菩提樹下已建立有情為三聚者。	Question: If the Buddha has already established sentient beings into three groups under the Bodhi tree,
['T27n1545_186:0931a07_10']	何故復言晝夜六時以佛眼觀世間耶。	何故復言晝夜六時以佛眼觀世間耶。	why does he say again that he observes the world with the Buddha eye six times a day and night?
['T27n1545_186:0931a08_1']	答先雖建立三聚。	答先雖建立三聚。	Answer: Although he has previously established the three groups,
['T27n1545_186:0931a08_9']	而未觀分位差別。	而未觀分位差別。	he has not yet observed the distinctions in their states.
['T27n1545_186:0931a09_4']	誰於何時從邪定聚入不定聚。	誰於何時從邪定聚入不定聚。	Who at what time enters the indeterminate group from the group of wrong determination?
['T27n1545_186:0931a10_4']	誰於何時從不定聚入邪定聚或正定聚。	誰於何時從不定聚入邪定聚或正定聚。	Who at what time enters the group of right determination or the group of wrong determination from the indeterminate group?
['T27n1545_186:0931a10_17']	欲知此故復以佛眼晝夜觀察。	欲知此故復以佛眼晝夜觀察。	In order to know this, he observes again with the Buddha eye day and night.
['T27n1545_186:0931a11_2']	有說。	有說。	Some say:
['T27n1545_186:0931a12_2']	欲顯佛於一切時分恒樂思惟利他事故。	欲顯佛於一切時分恒樂思惟利他事故。	In order to show that the Buddha always delights in contemplating benefiting others at all times.
['T27n1545_186:0931a12_5']	有說。	有說。	Some say:
['T27n1545_186:0931a13_1']	欲顯世尊大悲熏心無懈倦故。	欲顯世尊大悲熏心無懈倦故。	In order to show that the World-Honored One's mind is pervaded by great compassion without indolence.
['T27n1545_186:0931a13_8']	尊者世友說曰。	尊者世友說曰。	Venerable Vasumitra says:
['T27n1545_186:0931a14_5']	有諸有情數數從餘世界來生此土。	有諸有情數數從餘世界來生此土。	There are sentient beings who repeatedly come to be born in this land from other worlds.
['T27n1545_186:0931a14_12']	由先未建立故。	由先未建立故。	Because they have not been established before,
['T27n1545_186:0931a15_5']	今以佛眼觀之重為建立。	今以佛眼觀之重為建立。	now he observes them with the Buddha eye and re-establishes them.
['T27n1545_186:0931a15_12']	尊者覺天說曰。	尊者覺天說曰。	Venerable Bodhyāṣṭi says:
['T27n1545_186:0931a15_18']	佛以法為師。	佛以法為師。	The Buddha takes the Dharma as his teacher.
['T27n1545_186:0931a16_7']	欲恭敬承事法故。	欲恭敬承事法故。	In order to respectfully serve the Dharma,
['T27n1545_186:0931a17_2']	晝夜六時以佛眼觀察世間。	晝夜六時以佛眼觀察世間。	he observes the world with the Buddha eye six times during the day and night.
['T27n1545_186:0931a17_9']	尊者妙音說曰。	尊者妙音說曰。	Venerable Subhagupta says:
['T27n1545_186:0931a18_1']	佛欲顯己所作審諦故。	佛欲顯己所作審諦故。	The Buddha wants to show that what he does is well-considered,
['T27n1545_186:0931a18_9']	雖建立而復觀察。	雖建立而復觀察。	so although he has established [the teachings], he still observes [them].
['T27n1545_186:0931a19_6']	諸成就等覺支。	諸成就等覺支。	For those who have accomplished the factors of enlightenment,
['T27n1545_186:0931a19_14']	彼成就無漏法耶。	彼成就無漏法耶。	do they also accomplish the uncontaminated dharmas?
['T27n1545_186:0931a20_10']	答諸成就等覺支彼成就無漏法。	答諸成就等覺支彼成就無漏法。	Answer: Those who have accomplished the factors of enlightenment have also accomplished the uncontaminated dharmas.
['T27n1545_186:0931a21_2']	以等覺支是無漏故。	以等覺支是無漏故。	Because the factors of enlightenment are uncontaminated.
['T27n1545_186:0931a21_13']	有成就無漏法非等覺支。	有成就無漏法非等覺支。	There are those who have accomplished the uncontaminated dharmas but not the factors of enlightenment.
['T27n1545_186:0931a21_18']	謂諸異生。	謂諸異生。	This refers to ordinary beings.
['T27n1545_186:0931a22_10']	以諸異生皆成就非擇滅。	以諸異生皆成就非擇滅。	Because all ordinary beings have accomplished non-analytical cessation.
['T27n1545_186:0931a23_5']	隨離何品染亦成就擇滅故。	隨離何品染亦成就擇滅故。	Because they also have accomplished analytical cessation according to the level of defilements they have abandoned.
['T27n1545_186:0931a23_13']	諸不成就等覺支。	諸不成就等覺支。	For those who have not accomplished the factors of enlightenment,
['T27n1545_186:0931a24_4']	彼不成就無漏法耶。	彼不成就無漏法耶。	do they also not accomplish the uncontaminated dharmas?
['T27n1545_186:0931a24_13']	答無不成就無漏法。	答無不成就無漏法。	Answer: There are none who do not accomplish the uncontaminated dharmas.
['T27n1545_186:0931a25_4']	以必成就非擇滅故。	以必成就非擇滅故。	Because they necessarily have accomplished non-analytical cessation.
['T27n1545_186:0931a25_12']	有不成就等覺支。	有不成就等覺支。	There are those who have not accomplished the factors of enlightenment.
['T27n1545_186:0931a25_17']	謂諸異生。	謂諸異生。	It refers to ordinary beings.
['T27n1545_186:0931a26_13']	以諸異生必不成就有為無漏法故。	以諸異生必不成就有為無漏法故。	Because ordinary beings necessarily do not possess conditioned and uncontaminated dharmas.
['T27n1545_186:0931a27_11']	諸得等覺支彼得無漏法耶。	諸得等覺支彼得無漏法耶。	Do those who obtain the factors of enlightenment also obtain uncontaminated dharmas?
['T27n1545_186:0931a28_6']	答諸得等覺支彼得無漏法。	答諸得等覺支彼得無漏法。	The answer is: Those who obtain the factors of enlightenment also obtain uncontaminated dharmas.
['T27n1545_186:0931a28_16']	有得無漏法非等覺支。	有得無漏法非等覺支。	There are those who obtain uncontaminated dharmas but not the factors of enlightenment.
['T27n1545_186:0931a29_3']	謂諸異生。	謂諸異生。	It refers to ordinary beings.
['T27n1545_186:0931a29_10']	問等覺支言得。	問等覺支言得。	The question is: The words obtaining the factors of enlightenment
['T27n1545_186:0931a29_15']	是事可爾。	是事可爾。	are reasonable.
['T27n1545_186:0931b01_9']	入正性離生時未曾得而得故。	入正性離生時未曾得而得故。	Because when entering the stage of certainty of liberation, one obtains what was not previously obtained.
['T27n1545_186:0931b01_17']	無漏法云何言得。	無漏法云何言得。	How can it be said that one obtains uncontaminated dharmas?
['T27n1545_186:0931b02_11']	無有本來不成就非擇滅故。	無有本來不成就非擇滅故。	Because there is no originally unestablished non-analytical cessation.
['T27n1545_186:0931b02_14']	有說。	有說。	Some say:
['T27n1545_186:0931b03_6']	此文但應言得等覺支。	此文但應言得等覺支。	This text should only say obtaining the factors of enlightenment.
['T27n1545_186:0931b03_14']	不應言得無漏法。	不應言得無漏法。	It should not say obtaining uncontaminated dharmas.
['T27n1545_186:0931b03_17']	有說。	有說。	Some say:
['T27n1545_186:0931b04_8']	此中無漏法有二品。	此中無漏法有二品。	Here, uncontaminated dharmas are of two kinds.
['T27n1545_186:0931b04_15']	一覺支二擇滅。	一覺支二擇滅。	One is the factors of enlightenment, the other is analytical cessation.
['T27n1545_186:0931b05_6']	入正性離生時得覺支。	入正性離生時得覺支。	When entering the stage of certainty of liberation, one obtains the factors of enlightenment.
['T27n1545_186:0931b05_16']	隨離何品染時得擇滅。	隨離何品染時得擇滅。	When one is free from any category of defilement, one obtains analytical cessation.
['T27n1545_186:0931b06_16']	異生於八地見修所斷隨離何品皆得擇滅。	異生於八地見修所斷隨離何品皆得擇滅。	Ordinary beings, in the eight stages, attain the cessation of discrimination with regard to the objects abandoned by the path of insight and the path of cultivation.
['T27n1545_186:0931b07_4']	故作是說。	故作是說。	Therefore, this statement is made.
['T27n1545_186:0931b07_7']	有說。	有說。	Some say:
['T27n1545_186:0931b07_16']	此中無漏法有三品。	此中無漏法有三品。	Here, there are three kinds of pure dharmas.
['T27n1545_186:0931b08_8']	一覺支二擇滅三非擇滅。	一覺支二擇滅三非擇滅。	First, the factors of enlightenment; second, cessation through discrimination; third, cessation not through discrimination.
['T27n1545_186:0931b09_1']	入正性離生時得覺支。	入正性離生時得覺支。	When one enters the stage of right and definite progress, one attains the factors of enlightenment.
['T27n1545_186:0931b09_11']	隨離何品染時得擇滅。	隨離何品染時得擇滅。	When one is free from any category of defilement, one attains cessation through discrimination.
['T27n1545_186:0931b10_2']	隨於何時得非擇滅。	隨於何時得非擇滅。	At any time, one attains cessation not through discrimination.
['T27n1545_186:0931b10_16']	問豈不異生本皆成就非擇滅耶。	問豈不異生本皆成就非擇滅耶。	Question: Aren't ordinary beings originally all endowed with cessation not through discrimination?
['T27n1545_186:0931b11_3']	何故言得。	何故言得。	Why is it said that they attain it?
['T27n1545_186:0931b12_2']	答雖本成就而依勝進位中亦可言得。	答雖本成就而依勝進位中亦可言得。	Answer: Although they are originally endowed with it, it can also be said that they attain it in the stage of superior progress.
['T27n1545_186:0931b12_7']	如或以施。	如或以施。	For example, by means of giving,
['T27n1545_186:0931b12_11']	或以戒。	或以戒。	by means of precepts,
['T27n1545_186:0931b12_15']	或以聞。	或以聞。	by means of hearing,
['T27n1545_186:0931b12_19']	或以思。	或以思。	by means of contemplation,
['T27n1545_186:0931b13_10']	或以不淨觀持息念念住。	或以不淨觀持息念念住。	by means of the contemplation of impurity, mindfulness of breathing, or the foundations of mindfulness,
['T27n1545_186:0931b14_4']	或以煗頂忍世第一法等故。	或以煗頂忍世第一法等故。	or by means of the stages of heat, summit, patience, and the highest worldly dharmas,
['T27n1545_186:0931b14_14']	令惡趣等法得非擇滅。	令惡趣等法得非擇滅。	one causes the dharmas of the evil destinies, etc., to attain cessation not through discrimination.
['T27n1545_186:0931b15_9']	復次若以種類言之不應言得。	復次若以種類言之不應言得。	Furthermore, if it is spoken of in terms of categories, it should not be said that one attains it.
['T27n1545_186:0931b16_5']	若以事差別言之亦可言得。	若以事差別言之亦可言得。	If we speak in terms of the distinctions of events, we can also say that they are attained.
['T27n1545_186:0931b17_1']	剎那剎那隨彼彼事各別得故。	剎那剎那隨彼彼事各別得故。	Because in each moment, according to each event, they are attained separately.
['T27n1545_186:0931b17_13']	諸捨等覺支彼捨無漏法耶。	諸捨等覺支彼捨無漏法耶。	Do those who abandon the factors of enlightenment also abandon the uncontaminated dharmas?
['T27n1545_186:0931b18_3']	答無全捨等覺支。	答無全捨等覺支。	The answer is: There is no complete abandonment of the factors of enlightenment.
['T27n1545_186:0931b18_11']	亦無全捨無漏法。	亦無全捨無漏法。	Nor is there complete abandonment of the uncontaminated dharmas.
['T27n1545_186:0931b19_3']	必無聖者還為異生故。	必無聖者還為異生故。	Because it is impossible for the noble ones to revert to being ordinary beings.
['T27n1545_186:0931b19_15']	亦無有情不成就非擇滅故。	亦無有情不成就非擇滅故。	And because there are no sentient beings who do not accomplish non-analytical cessation.
['T27n1545_186:0931b20_11']	然非不有隨分捨義故言無全捨。	然非不有隨分捨義故言無全捨。	However, there is no complete abandonment because there is the meaning of partial abandonment.
['T27n1545_186:0931b21_6']	諸退等覺支彼退無漏法耶。	諸退等覺支彼退無漏法耶。	Do those who regress from the factors of enlightenment also regress from the uncontaminated dharmas?
['T27n1545_186:0931b21_14']	答無全退等覺支。	答無全退等覺支。	The answer is: There is no complete regression from the factors of enlightenment.
['T27n1545_186:0931b22_4']	亦無全退無漏法。	亦無全退無漏法。	Nor is there complete regression from the uncontaminated dharmas.
['T27n1545_186:0931b22_9']	義如前釋。	義如前釋。	The meaning is explained as before.
['T27n1545_186:0931b23_7']	復次為止摩訶僧祇部說預流果有退。	復次為止摩訶僧祇部說預流果有退。	Furthermore, in order to stop the Mahāsāṃghika school's claim that the fruit of stream-entry can be regressed from,
['T27n1545_186:0931b24_3']	及止譬喻者不許有非擇滅法。	及止譬喻者不許有非擇滅法。	and to stop the Sautrāntikas' denial of the existence of non-analytical cessation,
['T27n1545_186:0931b24_8']	故作是說。	故作是說。	this is said.
['T27n1545_186:0931b25_2']	無全捨全退等覺支及無漏法。	無全捨全退等覺支及無漏法。	There is no complete abandonment or complete regression from the factors of enlightenment or the uncontaminated dharmas.
['T27n1545_186:0931b25_11']	諸未斷彼未遍知耶。	諸未斷彼未遍知耶。	Are those not yet abandoned not yet fully understood?
['T27n1545_186:0931b25_16']	乃至廣說。	乃至廣說。	And so on, explaining in detail.
['T27n1545_186:0931b26_7']	此中依二種遍知作論。	此中依二種遍知作論。	Here, the treatise is composed based on two kinds of complete knowledge.
['T27n1545_186:0931b26_12']	一智遍知。	一智遍知。	First, complete knowledge of cognition.
['T27n1545_186:0931b26_17']	二斷遍知。	二斷遍知。	Second, complete knowledge of elimination.
['T27n1545_186:0931b27_4']	於智遍知中。	於智遍知中。	Within complete knowledge of cognition,
['T27n1545_186:0931b27_7']	有說。	有說。	some say:
['T27n1545_186:0931b27_12']	唯無漏智。	唯無漏智。	Only uncontaminated cognition.
['T27n1545_186:0931b27_15']	有說。	有說。	Some say:
['T27n1545_186:0931b28_2']	通有漏無漏智。	通有漏無漏智。	Both contaminated and uncontaminated cognition.
['T27n1545_186:0931b28_10']	諸說唯無漏智者。	諸說唯無漏智者。	Those who say it is only uncontaminated cognition,
['T27n1545_186:0931b29_12']	彼說苦現觀時於五所斷法由智遍知故名遍知。	彼說苦現觀時於五所斷法由智遍知故名遍知。	they say that at the time of realizing suffering, with regard to the five dharmas to be eliminated, one is called completely knowing by means of complete knowledge of cognition.
['T27n1545_186:0931c01_9']	於見苦所斷法由斷遍知故名斷。	於見苦所斷法由斷遍知故名斷。	With regard to the dharmas to be eliminated by seeing suffering, one is called eliminating by means of complete knowledge of elimination.
['T27n1545_186:0931c01_16']	集現觀時亦爾。	集現觀時亦爾。	At the time of realizing accumulation, it is also like this.
['T27n1545_186:0931c02_5']	差別者說自諦。	差別者說自諦。	The difference is that one's own truth is spoken of.
['T27n1545_186:0931c03_4']	滅現觀時於滅諦由智遍知故名遍知。	滅現觀時於滅諦由智遍知故名遍知。	At the time of realizing cessation, with regard to the truth of cessation, one is called completely knowing by means of complete knowledge of cognition.
['T27n1545_186:0931c04_1']	於見滅所斷法由斷遍知故名斷。	於見滅所斷法由斷遍知故名斷。	With regard to the dharmas to be eliminated by seeing cessation, one is called eliminating by means of complete knowledge of elimination.
['T27n1545_186:0931c04_8']	道現觀時亦爾。	道現觀時亦爾。	At the time of realizing the path, it is also like this.
['T27n1545_186:0931c04_15']	差別者說自諦。	差別者說自諦。	The difference is that one's own truth is spoken of.
['T27n1545_186:0931c05_10']	修道中隨起何智於隨何所緣法。	修道中隨起何智於隨何所緣法。	In the path of cultivation, no matter what cognition arises, with regard to any dharma that is the object,
['T27n1545_186:0931c06_2']	由智遍知故名遍知。	由智遍知故名遍知。	one is called completely knowing by means of complete knowledge of cognition.
['T27n1545_186:0931c06_9']	於隨何所斷法。	於隨何所斷法。	With regard to any dharma to be eliminated,
['T27n1545_186:0931c06_17']	由斷遍知故名斷。	由斷遍知故名斷。	It is called eliminated because of the complete knowledge of elimination.
['T27n1545_186:0931c07_7']	是謂此處略毘婆沙。	是謂此處略毘婆沙。	This is the brief explanation of this matter.
['T27n1545_186:0931c07_16']	諸未斷彼未遍知耶。	諸未斷彼未遍知耶。	Are those not yet eliminated not yet completely known?
['T27n1545_186:0931c08_6']	答諸未遍知彼未斷。	答諸未遍知彼未斷。	The answer is: Those not yet completely known are not yet eliminated.
['T27n1545_186:0931c08_15']	要由智知乃能斷故。	要由智知乃能斷故。	Because one must know through wisdom in order to eliminate.
['T27n1545_186:0931c09_5']	有未斷非未遍知。	有未斷非未遍知。	There are those that are not yet eliminated but not yet completely known.
['T27n1545_186:0931c09_15']	謂若智遍知故已遍知。	謂若智遍知故已遍知。	This refers to those that are already completely known because they are completely known through wisdom,
['T27n1545_186:0931c10_15']	非斷遍知故已斷此謂苦智已生集智未生。	非斷遍知故已斷此謂苦智已生集智未生。	but not already eliminated because they are not already eliminated through complete knowledge of elimination. This refers to those for whom the knowledge of suffering has arisen but the knowledge of accumulation has not yet arisen.
['T27n1545_186:0931c11_12']	於四所斷法由智遍知故已遍知。	於四所斷法由智遍知故已遍知。	Regarding the four dharmas to be eliminated, they are already completely known because they are completely known through wisdom,
['T27n1545_186:0931c12_3']	非斷遍知故已斷。	非斷遍知故已斷。	but not already eliminated because they are not already eliminated through complete knowledge of elimination.
['T27n1545_186:0931c12_12']	集智已生滅智未生。	集智已生滅智未生。	For those for whom the knowledge of accumulation has arisen but the knowledge of cessation has not yet arisen,
['T27n1545_186:0931c13_8']	於三所斷法滅智已生道智未生。	於三所斷法滅智已生道智未生。	regarding the three dharmas to be eliminated, for those for whom the knowledge of cessation has arisen but the knowledge of the path has not yet arisen,
['T27n1545_186:0931c14_7']	於二所斷法道智已生未離修所斷染。	於二所斷法道智已生未離修所斷染。	regarding the two dharmas to be eliminated, for those for whom the knowledge of the path has arisen but who have not yet eliminated the defilements to be eliminated during cultivation,
['T27n1545_186:0931c15_4']	於一所斷法由智遍知故已遍知。	於一所斷法由智遍知故已遍知。	regarding the one dharma to be eliminated, they are already completely known because they are completely known through wisdom,
['T27n1545_186:0931c15_12']	非斷遍知故已斷。	非斷遍知故已斷。	but not already eliminated because they are not already eliminated through complete knowledge of elimination.
['T27n1545_186:0931c16_6']	即彼已離欲界染未離上染。	即彼已離欲界染未離上染。	That is, for those who have already become free from the desire of the desire realm but have not yet become free from the desire of the higher realms,
['T27n1545_186:0931c17_7']	於色無色界修所斷法已離色染未離上染。	於色無色界修所斷法已離色染未離上染。	In the form and formless realms, for dharmas to be eliminated by cultivation, having already abandoned attachment to form but not yet abandoned attachment above that,
['T27n1545_186:0931c18_7']	於無色界修所斷法由智遍知故已遍知。	於無色界修所斷法由智遍知故已遍知。	in the formless realm, for dharmas to be eliminated by cultivation, they are already fully understood by means of the complete knowledge of cognition.
['T27n1545_186:0931c18_15']	非斷遍知故已斷。	非斷遍知故已斷。	They are not already eliminated by means of the complete knowledge of elimination.
['T27n1545_186:0931c19_6']	諸已斷彼已遍知耶。	諸已斷彼已遍知耶。	Are all those that have already been eliminated already fully understood?
['T27n1545_186:0931c19_15']	答諸已斷彼已遍知。	答諸已斷彼已遍知。	The answer is: Those that have already been eliminated have already been fully understood.
['T27n1545_186:0931c20_6']	謂苦智已生集智未生。	謂苦智已生集智未生。	This refers to when the cognition of suffering has already arisen but the cognition of accumulation has not yet arisen.
['T27n1545_186:0931c21_3']	於一所斷法由智遍知故已遍知。	於一所斷法由智遍知故已遍知。	For one dharma to be eliminated, it is already fully understood by means of the complete knowledge of cognition.
['T27n1545_186:0931c21_10']	斷遍知故已斷。	斷遍知故已斷。	It is already eliminated by means of the complete knowledge of elimination.
['T27n1545_186:0931c21_19']	集智已生滅智未生。	集智已生滅智未生。	When the cognition of accumulation has already arisen but the cognition of cessation has not yet arisen,
['T27n1545_186:0931c22_13']	於二所斷法滅智已生道智未生。	於二所斷法滅智已生道智未生。	for two dharmas to be eliminated, when the cognition of cessation has already arisen but the cognition of the path has not yet arisen,
['T27n1545_186:0931c23_12']	於三所斷法道智已生未離修所斷染。	於三所斷法道智已生未離修所斷染。	for three dharmas to be eliminated, when the cognition of the path has already arisen but one has not yet abandoned the defilements to be eliminated by cultivation,
['T27n1545_186:0931c24_9']	於四所斷法由智遍知故已遍知。	於四所斷法由智遍知故已遍知。	for four dharmas to be eliminated, they are already fully understood by means of the complete knowledge of cognition.
['T27n1545_186:0931c24_16']	斷遍知故已斷。	斷遍知故已斷。	They are already eliminated by means of the complete knowledge of elimination.
['T27n1545_186:0931c25_10']	即彼已離欲界染未離上染。	即彼已離欲界染未離上染。	That very [person], having already abandoned attachment to the desire realm but not yet abandoned attachment above that,
['T27n1545_186:0931c25_17']	於三界見所斷。	於三界見所斷。	for the dharmas to be eliminated by seeing in the three realms
['T27n1545_186:0931c26_7']	及欲界修所斷法。	及欲界修所斷法。	and the dharmas to be eliminated by cultivation in the desire realm,
['T27n1545_186:0931c26_17']	已離色界染未離上染。	已離色界染未離上染。	Having already separated from the defilements of the form realm but not yet separated from those above,
['T27n1545_186:0931c27_6']	於三界見所斷。	於三界見所斷。	with regard to the three realms' objects to be eliminated by the path of seeing,
['T27n1545_186:0931c28_1']	及欲色界修所斷法盡智已生。	及欲色界修所斷法盡智已生。	and the objects to be eliminated by the path of cultivation in the desire and form realms, the knowledge of elimination has already arisen.
['T27n1545_186:0931c29_1']	於三界見修所斷法由智遍知故已遍知。	於三界見修所斷法由智遍知故已遍知。	With regard to the objects to be eliminated by the path of seeing and cultivation in the three realms, they are already fully understood due to the full understanding by knowledge.
['T27n1545_186:0931c29_8']	斷遍知故已斷。	斷遍知故已斷。	They are already eliminated due to the full understanding by elimination.
['T27n1545_186:0931c29_16']	有已遍知非已斷。	有已遍知非已斷。	There are those who have already fully understood but have not yet eliminated.
['T27n1545_186:0932a01_7']	謂若智遍知故已遍知。	謂若智遍知故已遍知。	This refers to those who have already fully understood due to the full understanding by knowledge,
['T27n1545_186:0932a01_16']	非斷遍知故已斷此。	非斷遍知故已斷此。	but have not yet eliminated due to the full understanding by elimination.
['T27n1545_186:0932a02_8']	謂苦智已生集智未生。	謂苦智已生集智未生。	This refers to when the knowledge of suffering has already arisen but the knowledge of accumulation has not yet arisen.
['T27n1545_186:0932a03_1']	於四所斷法等廣說如上。	於四所斷法等廣說如上。	With regard to the four objects to be eliminated, etc., it is explained in detail as above.
['T27n1545_186:0932a03_14']	諸說智遍知通有漏無漏智者。	諸說智遍知通有漏無漏智者。	Those who say that the full understanding by knowledge includes both contaminated and uncontaminated knowledge,
['T27n1545_186:0932a04_6']	彼說順決擇分善根位。	彼說順決擇分善根位。	they say that during the stage of the roots of goodness that accord with penetration,
['T27n1545_186:0932a05_3']	於五所斷法由智遍知故名遍知。	於五所斷法由智遍知故名遍知。	with regard to the five objects to be eliminated, they are called fully understood due to the full understanding by knowledge.
['T27n1545_186:0932a05_11']	非斷遍知故名斷。	非斷遍知故名斷。	They are not called eliminated due to the full understanding by elimination.
['T27n1545_186:0932a06_2']	見道修道位如前說。	見道修道位如前說。	The stages of the path of seeing and the path of cultivation are explained as above.
['T27n1545_186:0932a07_16']	問豈不念住位中於一切法已名遍知耶。	問豈不念住位中於一切法已名遍知耶。	Question: Aren't all phenomena already called fully understood during the stage of the applications of mindfulness?
['T27n1545_186:0932a08_10']	答雖亦名遍知而非勝進。	答雖亦名遍知而非勝進。	Answer: Although it is also called complete knowledge, it is not the superior progress.
['T27n1545_186:0932a08_17']	此中說勝進者。	此中說勝進者。	Here, the superior progress is explained.
['T27n1545_186:0932a09_11']	若行相與聖道同者名勝進。	若行相與聖道同者名勝進。	If the aspect is the same as the noble path, it is called the superior progress.
['T27n1545_186:0932a09_14']	有說。	有說。	Some say:
['T27n1545_186:0932a10_8']	若聞所成思所成修所成慧。	若聞所成思所成修所成慧。	If it is wisdom accomplished through hearing, thinking, or cultivation,
['T27n1545_186:0932a10_17']	若煗頂忍世第一法。	若煗頂忍世第一法。	if it is the heat, summit, patience, or supreme worldly dharmas,
['T27n1545_186:0932a11_15']	於有漏事遍知自相共相故皆名智遍知。	於有漏事遍知自相共相故皆名智遍知。	because it completely knows the specific and general characteristics of contaminated things, it is all called the complete knowledge of wisdom.
['T27n1545_186:0932a12_7']	是謂此處略毘婆沙。	是謂此處略毘婆沙。	This is the brief discussion here.
['T27n1545_186:0932a12_16']	諸未斷彼未遍知耶。	諸未斷彼未遍知耶。	Are all those not yet eliminated not yet completely known?
['T27n1545_186:0932a13_6']	答諸未遍知彼未斷。	答諸未遍知彼未斷。	Answer: Those not yet completely known are not yet eliminated.
['T27n1545_186:0932a14_6']	以先於彼得智遍知後方於彼斷遍知故。	以先於彼得智遍知後方於彼斷遍知故。	Because one first attains the complete knowledge of wisdom regarding them, and then later eliminates them and attains complete knowledge.
['T27n1545_186:0932a14_14']	有未斷非未遍知。	有未斷非未遍知。	There are those not yet eliminated but not yet completely known.
['T27n1545_186:0932a15_5']	謂若智遍知故已遍知。	謂若智遍知故已遍知。	This refers to those that are already completely known because of the complete knowledge of wisdom,
['T27n1545_186:0932a15_13']	非斷遍知故已斷。	非斷遍知故已斷。	but are not yet eliminated because of the complete knowledge of elimination.
['T27n1545_186:0932a16_10']	此謂順決擇分善根已生見道未生。	此謂順決擇分善根已生見道未生。	This refers to the roots of goodness conducive to penetration that have already arisen, and the path of seeing that has not yet arisen.
['T27n1545_186:0932a17_6']	於五所斷法由智遍知故已遍知。	於五所斷法由智遍知故已遍知。	Regarding the five dharmas to be eliminated, they are already completely known because of the complete knowledge of wisdom,
['T27n1545_186:0932a17_14']	非斷遍知故已斷。	非斷遍知故已斷。	but are not yet eliminated because of the complete knowledge of elimination.
['T27n1545_186:0932a18_2']	餘廣說如上。	餘廣說如上。	The rest is explained in detail as above.
['T27n1545_186:0932a18_11']	諸已斷彼已遍知耶。	諸已斷彼已遍知耶。	Have all those who have already eliminated it already fully known it?
['T27n1545_186:0932a19_2']	答諸已斷彼已遍知。	答諸已斷彼已遍知。	The answer is: Those who have already eliminated it have already fully known it.
['T27n1545_186:0932a19_7']	此如前釋。	此如前釋。	This is explained as above.
['T27n1545_186:0932a19_15']	有已遍知非已斷。	有已遍知非已斷。	There are those who have already fully known it but have not yet eliminated it.
['T27n1545_186:0932a20_6']	謂若智遍知故已遍知。	謂若智遍知故已遍知。	This refers to those who have already fully known it through the knowledge of elimination.
['T27n1545_186:0932a20_14']	非斷遍知故已斷。	非斷遍知故已斷。	But have not yet eliminated it through the knowledge of elimination.
['T27n1545_186:0932a21_8']	此謂順決擇分善根已生等。	此謂順決擇分善根已生等。	This refers to those who have already given rise to the roots of goodness conducive to penetration, and so on.
['T27n1545_186:0932a21_13']	廣說如上。	廣說如上。	The detailed explanation is as above.
['T27n1545_186:0932a22_6']	異生雖有斷而非斷遍知。	異生雖有斷而非斷遍知。	Although ordinary beings have eliminated [afflictions], it is not the elimination through full knowledge.
['T27n1545_186:0932a22_11']	是故不說。	是故不說。	Therefore, it is not mentioned.
['T27n1545_186:0932a23_2']	以非智遍知所證故。	以非智遍知所證故。	Because it is not realized through the full knowledge of knowledge.
['T27n1545_186:0932a23_12']	智遍知者唯聖行相故。	智遍知者唯聖行相故。	Because the full knowledge of knowledge is only characterized by the noble path.
['T27n1545_186:0932a24_8']	諸有此生眼不見色。	諸有此生眼不見色。	Those who are born in this life but do not see forms with the eyes,
['T27n1545_186:0932a25_1']	彼依何法引發天眼耶。	彼依何法引發天眼耶。	on what basis do they give rise to the divine eye?
['T27n1545_186:0932a25_6']	乃至廣說。	乃至廣說。	And so on, in detail.
['T27n1545_186:0932a25_13']	問何故作此論。	問何故作此論。	Question: Why did he compose this treatise?
['T27n1545_186:0932a26_4']	答欲令疑者得決定故。	答欲令疑者得決定故。	Answer: In order to make the doubtful attain certainty.
['T27n1545_186:0932a26_10', 'T27n1545_186:0932a27_2']	如施設論說。🔽死生智證通云何加行。	如施設論說。 死生智證通云何加行。	As the Abhidharma states:🔽How does one practice the supernormal knowledge of death and rebirth?
['T27n1545_186:0932a27_12']	云何引發死生智證通。	云何引發死生智證通。	How does one give rise to the supernormal knowledge of death and rebirth?
['T27n1545_186:0932a28_5']	謂初修業者於世俗三摩地。	謂初修業者於世俗三摩地。	It means that a beginner, in the worldly samādhi,
['T27n1545_186:0932a28_18']	已善修習善得自在令起現前。	已善修習善得自在令起現前。	has already well cultivated and attained mastery, causing it to manifest.
['T27n1545_186:0932a29_8']	為欲引發天眼通故。	為欲引發天眼通故。	In order to induce the supernormal power of the divine eye,
['T27n1545_186:0932a29_15']	先取淨鏡面相。	先取淨鏡面相。	first one grasps the appearance of a pure mirror surface,
['T27n1545_186:0932b01_14']	或日月輪星宮藥草燈燭末尼諸光明相。	或日月輪星宮藥草燈燭末尼諸光明相。	or the appearance of the orbs of the sun, moon, stars, palaces, herbs, lamps, jewels, and various lights,
['T27n1545_186:0932b02_13']	或大火聚燒諸城邑多踰繕那焰洞然相。	或大火聚燒諸城邑多踰繕那焰洞然相。	or the appearance of a great bonfire burning many yojanas of cities and towns, blazing with flames.
['T27n1545_186:0932b03_6']	取是相已由假想作意力。	取是相已由假想作意力。	Having grasped these appearances, by the power of conceptual imagination,
['T27n1545_186:0932b03_15']	於不見位能起光明。	於不見位能起光明。	in the state of not seeing, one is able to give rise to light,
['T27n1545_186:0932b04_6', 'T27n1545_186:0932b05_4']	勝解相續引發天眼。🔽有時即於常眼處所有色界大種所造。	勝解相續引發天眼。 有時即於常眼處所有色界大種所造。	and by the continuity of resolve, induce the divine eye.🔽Sometimes, right where the ordinary eyes are, there arises the pure divine eye of the form realm, which is derived from the great elements,
['T27n1545_186:0932b05_17']	淨天眼起能見眾色若好若惡。	淨天眼起能見眾色若好若惡。	able to see various forms, whether good or bad,
['T27n1545_186:0932b06_3']	乃至廣說。	乃至廣說。	and so on at length.
['T27n1545_186:0932b06_10']	或有生如是疑。	或有生如是疑。	Or there may be those who give rise to such doubts:
['T27n1545_186:0932b07_1']	諸有此生眼不見色。	諸有此生眼不見色。	Those whose eyes in this life do not see forms,
['T27n1545_186:0932b07_11']	彼便不能引發天眼耶。	彼便不能引發天眼耶。	are they then unable to induce the divine eye?
['T27n1545_186:0932b08_2']	為令此疑得決定故。	為令此疑得決定故。	In order to cause this doubt to be resolved,
['T27n1545_186:0932b09_2']	顯雖此生眼不見色而彼亦能引發天眼。	顯雖此生眼不見色而彼亦能引發天眼。	It shows that although the eyes of this life do not see forms, they can still give rise to the divine eye.
['T27n1545_186:0932b09_7']	故作斯論。	故作斯論。	Therefore, this treatise is composed.
['T27n1545_186:0932b09_13', 'T27n1545_186:0932b10_4']	又施設論說。🔽天耳智證通云何加行。	又施設論說。 天耳智證通云何加行。	Moreover, the Prajñaptiśāstra says:🔽What is the practice of the supernormal knowledge of the divine ear?
['T27n1545_186:0932b10_14', 'T27n1545_186:0932b11_7']	云何引發天耳智證通。🔽謂初修業者於世俗三摩地。	云何引發天耳智證通。 謂初修業者於世俗三摩地。	How does one attain the supernormal knowledge of the divine ear?🔽It is said that a beginner,
['T27n1545_186:0932b12_2']	已善修習善得自在令起現前。	已善修習善得自在令起現前。	having already well cultivated and well mastered the worldly samādhi, causes it to manifest.
['T27n1545_186:0932b12_17']	為欲引發天耳通故先取象馬車聲。	為欲引發天耳通故先取象馬車聲。	In order to attain the divine ear, one first grasps the sounds of elephants, horses, and carriages,
['T27n1545_186:0932b13_13']	或鍾鼓𧋠貝簫笛歌詠讚誦等聲。	或鍾鼓𧋠貝簫笛歌詠讚誦等聲。	or the sounds of bells, drums, gongs, conches, flutes, pipes, singing, chanting, and so forth,
['T27n1545_186:0932b14_9']	或四大聚互相扣擊所發音聲。	或四大聚互相扣擊所發音聲。	or the sounds produced by the mutual striking of the four great elements.
['T27n1545_186:0932b15_1']	善取如是諸聲相已。	善取如是諸聲相已。	Having well grasped these various sounds,
['T27n1545_186:0932b15_16']	由假想作意力於離聞時能起諸聲。	由假想作意力於離聞時能起諸聲。	by the power of conceptual imagination, one is able to produce various sounds even when apart from hearing.
['T27n1545_186:0932b16_7']	勝解相續引發天耳。	勝解相續引發天耳。	One continues to cultivate this understanding and attains the divine ear.
['T27n1545_186:0932b16_15']	有時即於常耳處。	有時即於常耳處。	Sometimes, right at the place of the ordinary ear,
['T27n1545_186:0932b17_9']	所有色界大種所造淨天耳起。	所有色界大種所造淨天耳起。	the pure divine ear composed of form-realm primary elements arises.
['T27n1545_186:0932b17_18']	能聞眾聲或人非人。	能聞眾聲或人非人。	It is able to hear various sounds, whether human or non-human,
['T27n1545_186:0932b18_4']	乃至廣說。	乃至廣說。	and so forth, in great detail.
['T27n1545_186:0932b18_13']	由此復有生如是疑。	由此復有生如是疑。	Because of this, there arises such a doubt.
['T27n1545_186:0932b19_4']	諸有此生耳不聞聲。	諸有此生耳不聞聲。	Those who have this life but whose ears do not hear sounds,
['T27n1545_186:0932b19_13']	彼應不能引發天耳。	彼應不能引發天耳。	they should not be able to give rise to the divine ear.
['T27n1545_186:0932b20_5']	欲令此疑得決定故。	欲令此疑得決定故。	In order to cause this doubt to be resolved,
['T27n1545_186:0932b20_14']	顯雖此生耳不聞聲。	顯雖此生耳不聞聲。	it is shown that although in this life the ears do not hear sounds,
['T27n1545_186:0932b21_5']	而彼亦能引發天耳。	而彼亦能引發天耳。	they are also able to give rise to the divine ear.
['T27n1545_186:0932b21_10']	故作斯論。	故作斯論。	Therefore, this treatise is composed.
['T27n1545_186:0932b22_1']	諸有此生眼不見色。	諸有此生眼不見色。	Those who have this life but whose eyes do not see forms,
['T27n1545_186:0932b22_11']	彼依何法引發天眼耶。	彼依何法引發天眼耶。	on what basis do they give rise to the divine eye?
['T27n1545_186:0932b23_4']	答如有一得自性生念。	答如有一得自性生念。	Answer: It is like someone who attains recollection born from their own nature.
['T27n1545_186:0932b23_13']	先餘生中眼曾見色。	先餘生中眼曾見色。	In a previous life, the eyes once saw forms.
['T27n1545_186:0932b24_4']	彼依此故引發天眼。	彼依此故引發天眼。	Based on this, they give rise to the divine eye.
['T27n1545_186:0932b24_13']	諸有此生耳不聞聲。	諸有此生耳不聞聲。	Those who have this life but whose ears do not hear sounds,
['T27n1545_186:0932b25_5']	彼依何法引發天耳耶。	彼依何法引發天耳耶。	on what basis do they give rise to the divine ear?
['T27n1545_186:0932b25_15']	答如有一得自性生念。	答如有一得自性生念。	Answer: It is like someone who attains recollection born from their own nature.
['T27n1545_186:0932b26_6']	先餘生中耳曾聞聲。	先餘生中耳曾聞聲。	In a previous life, the ears once heard sounds.
['T27n1545_186:0932b26_15']	彼依此故引發天耳。	彼依此故引發天耳。	Based on this, they give rise to the divine ear.
['T27n1545_186:0932b27_9']	問諸有獲得宿住隨念智者。	問諸有獲得宿住隨念智者。	Question: Those who attain the knowledge of recollecting past abodes and lives,
['T27n1545_186:0932b28_6']	亦能引發天眼天耳此中何故不說。	亦能引發天眼天耳此中何故不說。	are also able to give rise to the divine eye and divine ear. Why is this not mentioned here?
['T27n1545_186:0932b28_14']	答應說而不說者。	答應說而不說者。	The answer is that although it should be explained, it is not explained.
['T27n1545_186:0932b29_3']	當知此義有餘。	當知此義有餘。	One should know that this meaning is incomplete.
['T27n1545_186:0932b29_6']	有說。	有說。	Some say:
['T27n1545_186:0932c01_10']	若於生盲者天眼生聾者天耳俱能引發者此中說之。	若於生盲者天眼生聾者天耳俱能引發者此中說之。	If the heavenly eye of the blind and the heavenly ear of the deaf can both be induced, it is explained here.
['T27n1545_186:0932c01_16']	宿住隨念智。	宿住隨念智。	The knowledge of recollecting past abodes.
['T27n1545_186:0932c02_9']	唯能引發彼類天眼非天耳。	唯能引發彼類天眼非天耳。	Only able to induce that kind of heavenly eye, not the heavenly ear.
['T27n1545_186:0932c02_14']	所以者何。	所以者何。	Why is it so?
['T27n1545_186:0932c03_8']	諸生聾者無宿住隨念智故。	諸生聾者無宿住隨念智故。	Because those who are born deaf do not have the knowledge of recollecting past abodes.
['T27n1545_186:0932c03_17']	要由他教此智生故。	要由他教此智生故。	Because this knowledge arises only through the teachings of others.
['T27n1545_186:0932c04_4']	是以不說。	是以不說。	Therefore, it is not explained.
['T27n1545_186:0932c06_1']	問何故天眼唯在四根本靜慮非近分地耶。	問何故天眼唯在四根本靜慮非近分地耶。	Question: Why is the heavenly eye only in the four fundamental meditations and not in the preliminary stages?
['T27n1545_186:0932c06_9']	答非其田非其器。	答非其田非其器。	Answer: It is not their field, not their vessel.
['T27n1545_186:0932c06_14']	乃至廣說。	乃至廣說。	And so on, it is explained in detail.
['T27n1545_186:0932c07_11']	復次若地有通所依三摩地則有天眼。	復次若地有通所依三摩地則有天眼。	Furthermore, if a stage has the concentration that is the basis for spiritual powers, then it has the heavenly eye.
['T27n1545_186:0932c08_9']	近分地無通所依三摩地故無天眼。	近分地無通所依三摩地故無天眼。	Because the preliminary stages do not have the concentration that is the basis for spiritual powers, they do not have the heavenly eye.
['T27n1545_186:0932c09_7']	復次若地有支所攝三摩地則有天眼。	復次若地有支所攝三摩地則有天眼。	Furthermore, if a stage has the concentration that is included in the factors [of enlightenment], then it has the heavenly eye.
['T27n1545_186:0932c09_13']	近分地不爾。	近分地不爾。	The preliminary stages are not like this.
['T27n1545_186:0932c09_16']	有說。	有說。	Some say:
['T27n1545_186:0932c10_9']	若地有樂通行道則有天眼。	若地有樂通行道則有天眼。	If there is a path of pleasant practice on a certain level, then there is the divine eye on that level.
['T27n1545_186:0932c10_15']	近分地不爾。	近分地不爾。	The preliminary stages are not like this.
['T27n1545_186:0932c11_6']	如是天眼或說唯一。	如是天眼或說唯一。	Thus, the divine eye is sometimes said to be only one kind,
['T27n1545_186:0932c11_10']	謂天眼。	謂天眼。	namely the divine eye.
['T27n1545_186:0932c11_14']	或說二。	或說二。	Sometimes it is said to be two kinds,
['T27n1545_186:0932c12_2']	謂曾得未曾得。	謂曾得未曾得。	namely the previously acquired and the newly acquired.
['T27n1545_186:0932c12_6']	或說三。	或說三。	Sometimes it is said to be three kinds,
['T27n1545_186:0932c12_11']	謂軟中上。	謂軟中上。	namely weak, medium, and strong.
['T27n1545_186:0932c12_15']	或說四。	或說四。	Sometimes it is said to be four kinds,
['T27n1545_186:0932c13_1']	謂四靜慮果。	謂四靜慮果。	namely the fruits of the four meditations.
['T27n1545_186:0932c13_5']	或說六。	或說六。	Sometimes it is said to be six kinds,
['T27n1545_186:0932c13_17']	謂軟中上各有曾得未曾得。	謂軟中上各有曾得未曾得。	namely the weak, medium, and strong, each divided into previously acquired and newly acquired.
['T27n1545_186:0932c14_2']	或說八。	或說八。	Sometimes it is said to be eight kinds,
['T27n1545_186:0932c14_15']	謂四靜慮果各有曾得未曾得。	謂四靜慮果各有曾得未曾得。	namely the fruits of the four meditations, each divided into previously acquired and newly acquired.
['T27n1545_186:0932c15_1']	或說九。	或說九。	Sometimes it is said to be nine kinds,
['T27n1545_186:0932c15_9']	謂軟軟乃至上上。	謂軟軟乃至上上。	namely the weakest, up to the strongest.
['T27n1545_186:0932c15_14']	或說十二。	或說十二。	Sometimes it is said to be twelve kinds,
['T27n1545_186:0932c16_6']	謂四靜慮果各有軟中上。	謂四靜慮果各有軟中上。	namely the fruits of the four meditations, each divided into weak, medium, and strong.
['T27n1545_186:0932c16_11']	或說十八。	或說十八。	Sometimes it is said to be eighteen kinds,
['T27n1545_186:0932c17_8']	謂軟軟乃至上上各有曾得未曾得。	謂軟軟乃至上上各有曾得未曾得。	namely the weakest, up to the strongest, each divided into previously acquired and newly acquired.
['T27n1545_186:0932c17_14']	或說二十四。	或說二十四。	Sometimes it is said to be twenty-four kinds,
['T27n1545_186:0932c18_4']	謂四靜慮各有前六。	謂四靜慮各有前六。	namely the first six of each of the four meditations.
['T27n1545_186:0932c18_10', 'T27n1545_186:0932c18_16']	或說三十二。🔽謂十六生得。	或說三十二。 謂十六生得。	Sometimes it is said to be thirty-two kinds,
['T27n1545_186:0932c19_3']	及十六修得。	及十六修得。	namely sixteen innate and sixteen cultivated.
['T27n1545_186:0932c19_6']	有說。	有說。	Some say:
['T27n1545_186:0932c20_1']	四靜慮果各有軟中上為十二。	四靜慮果各有軟中上為十二。	The fruits of the four meditations are each divided into soft, medium, and superior, making twelve.
['T27n1545_186:0932c20_15']	復各有五品雜修靜慮果為二十。	復各有五品雜修靜慮果為二十。	Each is further divided into five grades of mixed cultivation of meditation, making twenty.
['T27n1545_186:0932c21_3']	是謂三十二。	是謂三十二。	These are called the thirty-two.
['T27n1545_186:0932c21_9']	或說三十六。	或說三十六。	Some say thirty-six:
['T27n1545_186:0932c22_4']	謂四靜慮果各有軟軟乃至上上。	謂四靜慮果各有軟軟乃至上上。	The fruits of the four meditations are each divided into soft-soft up to superior-superior.
['T27n1545_186:0932c22_10']	或說七十二。	或說七十二。	Some say seventy-two:
['T27n1545_186:0932c23_1']	謂四靜慮各有前十八。	謂四靜慮各有前十八。	Each of the four meditations has the previous eighteen.
['T27n1545_186:0932c23_13']	若以相續及剎那則有無量。	若以相續及剎那則有無量。	If divided by continuity and moment, there are innumerable [types].
['T27n1545_186:0932c24_3']	今但總說一天眼。	今但總說一天眼。	Now, it is simply said that there is one divine eye.
['T27n1545_186:0932c24_11']	如天眼天耳亦爾。	如天眼天耳亦爾。	The divine eye, divine ear, and so forth are also like this.
['T27n1545_186:0932c25_7']	問何故有不同分天眼耳現在前。	問何故有不同分天眼耳現在前。	Question: Why do the divine eye and ear of different realms appear,
['T27n1545_186:0932c26_3']	而無不同分天鼻舌身現在前耶。	而無不同分天鼻舌身現在前耶。	But the divine nose, tongue, and body of different realms do not appear?
['T27n1545_186:0932c26_13']	答眼耳二根取不至境。	答眼耳二根取不至境。	Answer: The two faculties of eye and ear take distant objects.
['T27n1545_186:0932c27_11']	欲遠見遠聞故起不同分天眼耳現前。	欲遠見遠聞故起不同分天眼耳現前。	In order to see and hear far away, the divine eye and ear of different realms appear.
['T27n1545_186:0932c28_2']	鼻舌身根唯取至境。	鼻舌身根唯取至境。	The faculties of nose, tongue, and body only take proximate objects.
['T27n1545_186:0932c28_15']	於不同分無別用故不起現前。	於不同分無別用故不起現前。	There is no separate function in different realms, so they do not appear.
['T27n1545_186:0932c29_1']	有說。	有說。	Some say:
['T27n1545_186:0932c29_15']	若起不同分鼻舌二根現在前者。	若起不同分鼻舌二根現在前者。	If the two different types of nose and tongue faculties appear,
['T27n1545_186:0933a01_3']	則世所嗤誚。	則世所嗤誚。	it would be ridiculed by the world.
['T27n1545_186:0933a01_12']	云何此人重鼻兩舌。	云何此人重鼻兩舌。	How could this person have two noses and two tongues?
['T27n1545_186:0933a02_5']	若有不同分身根現在前者。	若有不同分身根現在前者。	If there are different types of body faculties appearing,
['T27n1545_186:0933a02_10']	世亦嗤誚。	世亦嗤誚。	the world would also ridicule it.
['T27n1545_186:0933a03_4']	云何此人如雙生者有兩身耶。	云何此人如雙生者有兩身耶。	How could this person be like a twin with two bodies?
['T27n1545_186:0933a03_13']	是故鼻等無不同分。	是故鼻等無不同分。	Therefore, the nose and other faculties do not have different types.
['T27n1545_186:0933a04_7']	又天眼左右勝劣品類必同。	又天眼左右勝劣品類必同。	Moreover, the heavenly eyes on the left and right are necessarily the same in excellence and inferiority.
['T27n1545_186:0933a04_15']	謂非左劣右勝等。	謂非左劣右勝等。	That is to say, the left is not inferior and the right is not superior, and so on.
['T27n1545_186:0933a05_5']	又現前時必皆具足。	又現前時必皆具足。	Moreover, when they appear, they are necessarily all complete.
['T27n1545_186:0933a06_1']	無瞎無闕亦無眩亂及彼同分。	無瞎無闕亦無眩亂及彼同分。	There are no blind or missing ones, nor any blurred or confused ones, nor their different types.
['T27n1545_186:0933a06_12']	餘如根蘊觸納息中廣說。	餘如根蘊觸納息中廣說。	The rest is explained in detail in the chapter on the aggregate of faculties and contact.
['T27n1545_186:0933a07_14']	問何故異生退時見修所斷結增益。	問何故異生退時見修所斷結增益。	Question: Why do the bonds to be eliminated by insight and cultivation increase when ordinary beings retrogress?
['T27n1545_186:0933a08_11']	世尊弟子退時唯修所斷結增益耶。	世尊弟子退時唯修所斷結增益耶。	When the disciples of the World-Honored One retrogress, only the bonds to be eliminated by cultivation increase?
['T27n1545_186:0933a09_5']	答異生用此道斷見所斷結。	答異生用此道斷見所斷結。	Answer: Ordinary beings use this path to eliminate the bonds to be eliminated by insight.
['T27n1545_186:0933a09_16']	即用此道斷修所斷結故。	即用此道斷修所斷結故。	They use this same path to eliminate the bonds to be eliminated by cultivation.
['T27n1545_186:0933a10_7']	彼退時二結俱增益。	彼退時二結俱增益。	Therefore, when they retrogress, both bonds increase.
['T27n1545_186:0933a11_2']	世尊弟子用此道斷見所斷結。	世尊弟子用此道斷見所斷結。	The disciples of the World-Honored One use this path to eliminate the bonds to be eliminated by seeing.
['T27n1545_186:0933a11_10']	彼於此道定不退。	彼於此道定不退。	They are definitely not retrogressing from this path.
['T27n1545_186:0933a12_1']	用餘道斷修所斷結。	用餘道斷修所斷結。	Using other paths to eliminate the bonds to be eliminated by cultivation,
['T27n1545_186:0933a12_11']	彼於餘道有退有不退。	彼於餘道有退有不退。	they may or may not retrogress from the other paths.
['T27n1545_186:0933a13_7']	世尊弟子設用此道斷見所斷結。	世尊弟子設用此道斷見所斷結。	Even if the disciples of the World-Honored One use this path to eliminate the bonds to be eliminated by seeing,
['T27n1545_186:0933a14_5']	即用此道斷修所斷結者彼亦無退。	即用此道斷修所斷結者彼亦無退。	they also do not retrogress from using this path to eliminate the bonds to be eliminated by cultivation.
['T27n1545_186:0933a14_11']	何故作此論。	何故作此論。	Why is this treatise composed?
['T27n1545_186:0933a15_3']	答為止撥無退性者意。	答為止撥無退性者意。	The answer is: to stop the intention of those who deny the existence of retrogressing nature.
['T27n1545_186:0933a15_12']	顯實有退故作斯論。	顯實有退故作斯論。	To show that there is indeed retrogressing, this treatise is composed.
['T27n1545_186:0933a16_7', 'T27n1545_186:0933a16_13']	此中諸得以增益名說積集生。🔽故有處說得。	此中諸得以增益名說積集生。 故有處說得。	Here, the attainments are called increase and accumulation because they give rise to [the path].
['T27n1545_186:0933a17_5']	名為近生近彼法生故。	名為近生近彼法生故。	Therefore, in some places, attainment is called near arising. Because it is near to the arising of that dharma.
['T27n1545_186:0933a17_11']	如施設論說。	如施設論說。	As the Abhidharma Treatise says:
['T27n1545_186:0933a18_6']	異生欲貪隨眠起時有五法起。	異生欲貪隨眠起時有五法起。	When the latent tendency of desire for sensual pleasure of ordinary beings arises, five dharmas arise.
['T27n1545_186:0933a18_13']	一者欲貪隨眠。	一者欲貪隨眠。	First, the latent tendency of desire for sensual pleasure.
['T27n1545_186:0933a19_3']	二者欲貪隨眠近生。	二者欲貪隨眠近生。	Second, the near arising of the latent tendency of desire for sensual pleasure.
['T27n1545_186:0933a19_10']	三者無明隨眠。	三者無明隨眠。	Third, the latent tendency of ignorance.
['T27n1545_186:0933a19_19']	四者無明隨眠近生。	四者無明隨眠近生。	Fourth, the near arising of the latent tendency of ignorance.
['T27n1545_186:0933a20_4']	五者掉舉。	五者掉舉。	Fifth, agitation.
['T27n1545_186:0933a20_17']	此中異生用此道斷見所斷結。	此中異生用此道斷見所斷結。	In this case, ordinary beings use this path to eliminate the bonds to be eliminated by seeing.
['T27n1545_186:0933a21_10']	即用此道斷修所斷結者。	即用此道斷修所斷結者。	Those who use this path to eliminate the bonds to be eliminated by cultivation,
['T27n1545_186:0933a22_8']	謂用九品道俱時斷見修所斷結故。	謂用九品道俱時斷見修所斷結故。	They use the nine types of paths to simultaneously eliminate the bonds to be eliminated by seeing and cultivation.
['T27n1545_186:0933a22_17']	彼退時二結得俱起。	彼退時二結得俱起。	When they regress, the two bonds are obtained simultaneously.
['T27n1545_186:0933a23_13']	世尊弟子用此道斷見所斷結者。	世尊弟子用此道斷見所斷結者。	The disciples of the World-Honored One who use this path to eliminate the bonds to be eliminated by seeing,
['T27n1545_186:0933a24_7']	謂用一品道斷見所斷結。	謂用一品道斷見所斷結。	They use the one type of path to eliminate the bonds to be eliminated by seeing.
['T27n1545_186:0933a24_15']	彼於此道定不退。	彼於此道定不退。	They are definitely not regressing from this path.
['T27n1545_186:0933a25_7']	用餘道斷修所斷結者。	用餘道斷修所斷結者。	Those who use the remaining paths to eliminate the bonds to be eliminated by cultivation,
['T27n1545_186:0933a26_1']	謂用九品道斷修所斷結。	謂用九品道斷修所斷結。	They use the nine types of paths to eliminate the bonds to be eliminated by cultivation.
['T27n1545_186:0933a26_11']	彼於餘道有退有不退。	彼於餘道有退有不退。	They may regress from the remaining paths or not regress.
['T27n1545_186:0933a27_7']	世尊弟子設用此道斷見所斷結。	世尊弟子設用此道斷見所斷結。	The disciples of the World-Honored One, even if they use this path to eliminate the bonds to be eliminated by seeing,
['T27n1545_186:0933a28_6']	即用此道斷修所斷結者彼亦無退者。	即用此道斷修所斷結者彼亦無退者。	Those who use this path to eliminate the bonds to be eliminated by cultivation are also those who do not regress.
['T27n1545_186:0933a29_8', 'T27n1545_186:0933a29_12']	謂設用一品道俱時斷見修所斷結者彼亦無退。🔽以世尊。	謂設用一品道俱時斷見修所斷結者彼亦無退。 以世尊。	Even if they use the one type of path to simultaneously eliminate the bonds to be eliminated by seeing and cultivation, they do not regress.
['T27n1545_186:0933b01_4']	弟子見所斷結必不退故。	弟子見所斷結必不退故。	Because the disciples of the World-Honored One definitely do not regress from the bonds to be eliminated by seeing.
['T27n1545_186:0933b01_13']	不可俱斷而別退故。	不可俱斷而別退故。	Because it is impossible for them to abandon both simultaneously and then fall away from one.
['T27n1545_186:0933b02_15']	又佛弟子先異生時用九品道俱斷見修所斷結。	又佛弟子先異生時用九品道俱斷見修所斷結。	Moreover, disciples of the Buddha, when they were ordinary beings, used the nine grades of the path to abandon the bonds that are to be eliminated by seeing and cultivation.
['T27n1545_186:0933b03_7']	今亦不退二道所鎮故。	今亦不退二道所鎮故。	Now, they also do not fall away from the two paths that suppress [the bonds].
['T27n1545_186:0933b04_6']	復次異生用修道俱時斷見修所斷結故。	復次異生用修道俱時斷見修所斷結故。	Furthermore, ordinary beings use the path of cultivation to simultaneously abandon the bonds that are to be eliminated by seeing and cultivation.
['T27n1545_186:0933b04_15']	彼退時二結得俱起。	彼退時二結得俱起。	Therefore, when they fall away, the two bonds are obtained simultaneously.
['T27n1545_186:0933b05_9']	世尊弟子用見道斷見所斷結。	世尊弟子用見道斷見所斷結。	The World-Honored One's disciples use the path of seeing to eliminate the bonds that are to be eliminated by seeing.
['T27n1545_186:0933b05_17']	彼於此道定不退。	彼於此道定不退。	They are definitely not falling away from this path.
['T27n1545_186:0933b06_8']	用修道斷修所斷結。	用修道斷修所斷結。	They use the path of cultivation to eliminate the bonds that are to be eliminated by cultivation.
['T27n1545_186:0933b07_1']	彼於此道有退有不退。	彼於此道有退有不退。	They may or may not fall away from this path.
['T27n1545_186:0933b07_6']	餘准前說。	餘准前說。	The rest is explained according to the previous [principles].
['T27n1545_186:0933b08_4']	復次異生用智俱時斷見修所斷結故。	復次異生用智俱時斷見修所斷結故。	Furthermore, ordinary beings use wisdom to simultaneously abandon the bonds that are to be eliminated by seeing and cultivation.
['T27n1545_186:0933b08_13']	彼退時二結得俱起。	彼退時二結得俱起。	Therefore, when they fall away, the two bonds are obtained simultaneously.
['T27n1545_186:0933b09_6']	世尊弟子用忍斷見所斷結。	世尊弟子用忍斷見所斷結。	The World-Honored One's disciples use patience to eliminate the bonds that are to be eliminated by seeing.
['T27n1545_186:0933b09_14']	彼於此道定不退。	彼於此道定不退。	They are definitely not falling away from this path.
['T27n1545_186:0933b10_5']	用智斷修所斷結。	用智斷修所斷結。	They use wisdom to eliminate the bonds that are to be eliminated by cultivation.
['T27n1545_186:0933b10_15']	彼於此道有退有不退。	彼於此道有退有不退。	They may or may not fall away from this path.
['T27n1545_186:0933b11_2']	餘准前說。	餘准前說。	The rest is explained according to the previous [principles].🔽Here is the corrected and aligned text:
['T27n1545_186:0933b12_2']	復次異生不觀諦俱時斷見修所斷結故。	復次異生不觀諦俱時斷見修所斷結故。	Moreover, ordinary beings do not simultaneously abandon the bonds to be abandoned by seeing and cultivation when contemplating the truths.
['T27n1545_186:0933b12_11']	彼退時二結得俱起。	彼退時二結得俱起。	Therefore, when they retrogress, the two bonds are obtained simultaneously.
['T27n1545_186:0933b13_4']	世尊弟子觀諦斷見所斷結。	世尊弟子觀諦斷見所斷結。	The disciples of the World-Honored One abandon the bonds to be abandoned by seeing when contemplating the truths.
['T27n1545_186:0933b13_12']	彼於此道定不退。	彼於此道定不退。	They definitely do not retrogress from this path.
['T27n1545_186:0933b14_7']	或觀諦或不觀諦斷修所斷結。	或觀諦或不觀諦斷修所斷結。	They abandon the bonds to be abandoned by cultivation, whether contemplating the truths or not.
['T27n1545_186:0933b14_17']	彼於此道有退有不退。	彼於此道有退有不退。	They may or may not retrogress from this path.
['T27n1545_186:0933b15_4']	餘准前說。	餘准前說。	The rest is explained according to the previous pattern.
['T27n1545_186:0933b16_5']	復次異生用起不起道俱時斷見修所斷結。	復次異生用起不起道俱時斷見修所斷結。	Moreover, ordinary beings simultaneously abandon the bonds to be abandoned by seeing and cultivation using the path that is both being produced and not being produced.
['T27n1545_186:0933b16_15']	故彼退時二結得俱起。	故彼退時二結得俱起。	Therefore, when they retrogress, the two bonds are obtained simultaneously.
['T27n1545_186:0933b17_10']	世尊弟子用不起道斷見所斷結。	世尊弟子用不起道斷見所斷結。	The disciples of the World-Honored One abandon the bonds to be abandoned by seeing using the path that is not being produced.
['T27n1545_186:0933b18_1']	彼於此道定不退。	彼於此道定不退。	They definitely do not retrogress from this path.
['T27n1545_186:0933b18_12']	用起不起道斷修所斷結。	用起不起道斷修所斷結。	They abandon the bonds to be abandoned by cultivation using the path that is both being produced and not being produced.
['T27n1545_186:0933b19_4']	彼於此道有退有不退。	彼於此道有退有不退。	They may or may not retrogress from this path.
['T27n1545_186:0933b19_9']	餘准前說。	餘准前說。	The rest is explained according to the previous pattern.
['T27n1545_186:0933b20_9']	復次異生用不猛利道俱時斷見修所斷結。	復次異生用不猛利道俱時斷見修所斷結。	Moreover, ordinary beings simultaneously abandon the bonds to be abandoned by seeing and cultivation using a path that is not sharp.
['T27n1545_186:0933b21_1']	故彼退時二結得俱起。	故彼退時二結得俱起。	Therefore, when they retrogress, the two bonds are obtained simultaneously.
['T27n1545_186:0933b21_15']	世尊弟子用猛利道斷見所斷結。	世尊弟子用猛利道斷見所斷結。	The disciples of the World-Honored One use the sharp path to eliminate the bonds to be eliminated by seeing.
['T27n1545_186:0933b22_5']	彼於此道定不退。	彼於此道定不退。	They are definitely not retrogressing from this path.
['T27n1545_186:0933b22_16']	用不猛利道斷修所斷結。	用不猛利道斷修所斷結。	Using the non-sharp path to eliminate the bonds to be eliminated by cultivation,
['T27n1545_186:0933b23_8', 'T27n1545_186:0933b23_13']	彼於此道有退有不退。🔽餘准前說。	彼於此道有退有不退。 餘准前說。	they may or may not retrogress from this path.🔽The rest is explained according to the previous.
['T27n1545_186:0933b23_16']	有說。	有說。	Some say:
['T27n1545_186:0933b24_13']	異生用有漏道俱時斷見修所斷結。	異生用有漏道俱時斷見修所斷結。	Ordinary beings use the contaminated path to simultaneously eliminate the bonds to be eliminated by seeing and cultivation.
['T27n1545_186:0933b25_5']	故彼退時二結得俱起。	故彼退時二結得俱起。	Therefore, when they retrogress, the two bonds arise together.
['T27n1545_186:0933b26_2']	世尊弟子用無漏道斷見所斷結。	世尊弟子用無漏道斷見所斷結。	The disciples of the World-Honored One use the uncontaminated path to eliminate the bonds to be eliminated by seeing.
['T27n1545_186:0933b26_10']	彼於此道定不退。	彼於此道定不退。	They are definitely not retrogressing from this path.
['T27n1545_186:0933b27_5']	用有漏無漏道斷修所斷結。	用有漏無漏道斷修所斷結。	Using the contaminated and uncontaminated paths to eliminate the bonds to be eliminated by cultivation,
['T27n1545_186:0933b27_15']	彼於此道有退有不退。	彼於此道有退有不退。	they may or may not retrogress from this path.
['T27n1545_186:0933b28_12']	然彼說用無漏道斷者決定不退。	然彼說用無漏道斷者決定不退。	However, they say that those who use the uncontaminated path to eliminate [bonds] are definitely not retrogressing.
['T27n1545_186:0933b28_16']	問若爾。	問若爾。	Question: If that is so,
['T27n1545_186:0933b29_7']	應無退阿羅漢果者。	應無退阿羅漢果者。	then there should be no retrogressing from the fruit of arhatship,
['T27n1545_186:0933c01_1']	以有頂結唯無漏道斷故。	以有頂結唯無漏道斷故。	because the bonds of the peak of existence are eliminated only by the uncontaminated path.
['T27n1545_186:0933c02_3']	答若阿羅漢先以有漏道斷下八地修所斷結者。	答若阿羅漢先以有漏道斷下八地修所斷結者。	Answer: If an arhat first uses the contaminated path to eliminate the bonds to be eliminated by cultivation in the lower eight stages,
['T27n1545_186:0933c02_8']	彼容有退。	彼容有退。	They may have retrogression.
['T27n1545_186:0933c02_16']	以根本不堅牢故。	以根本不堅牢故。	Because the fundamental [roots] are not firm.
['T27n1545_186:0933c03_13']	若先以無漏道斷下八地修所斷結者。	若先以無漏道斷下八地修所斷結者。	If one has previously used the uncontaminated path to sever the bonds to be severed by cultivation in the lower eight stages,
['T27n1545_186:0933c04_1']	彼必不退。	彼必不退。	They will definitely not retrogress.
['T27n1545_186:0933c04_8']	以根本堅牢故。	以根本堅牢故。	Because the fundamental [roots] are firm.
['T27n1545_186:0933c05_2']	問何故無有退見道者耶。	問何故無有退見道者耶。	Why is there no one who retrogresses from the path of seeing?
['T27n1545_186:0933c05_10']	答以根本堅牢故。	答以根本堅牢故。	The answer is: because the fundamental [roots] are firm.
['T27n1545_186:0933c05_15']	云何根本。	云何根本。	What are the fundamental [roots]?
['T27n1545_186:0933c06_16']	謂求解脫者所有若施若戒若修若營佛法僧事。	謂求解脫者所有若施若戒若修若營佛法僧事。	They refer to the giving, precepts, and cultivation of those who seek liberation, as well as the activities for the Buddha, Dharma, and Saṅgha,
['T27n1545_186:0933c07_9']	若給侍老病若讀誦聖言。	若給侍老病若讀誦聖言。	Serving the old and sick, reading and reciting the holy teachings,
['T27n1545_186:0933c08_1']	為他演說如理作意。	為他演說如理作意。	Expounding them for others, and proper contemplation.
['T27n1545_186:0933c09_7']	若修不淨觀持息念念住三義觀七處善煗頂忍世第一法。	若修不淨觀持息念念住三義觀七處善煗頂忍世第一法。	Cultivating the contemplation of impurity, mindfulness of breathing, the three characteristics, the seven good factors, the heat stage, the peak stage, the forbearance stage, and the supreme mundane qualities.
['T27n1545_186:0933c09_16']	如是皆名見道根本。	如是皆名見道根本。	All of these are called the fundamental roots of the path of seeing.
['T27n1545_186:0933c10_1']	有說。	有說。	Some say:
['T27n1545_186:0933c10_17']	見道猛利捷疾能以一品道斷九品結。	見道猛利捷疾能以一品道斷九品結。	The path of seeing is fierce and swift, able to sever the nine categories of bonds with a single category of path.
['T27n1545_186:0933c11_4']	是故不退。	是故不退。	Therefore, there is no retrogression.
['T27n1545_186:0933c11_7']	有說。	有說。	Some say:
['T27n1545_186:0933c11_18']	見道唯一剎那忍智現前。	見道唯一剎那忍智現前。	The path of seeing is only a single moment, with the forbearance and knowledge present.
['T27n1545_186:0933c12_4']	是故不退。	是故不退。	Therefore, there is no retrogression.
['T27n1545_186:0933c12_7']	有說。	有說。	Some say:
['T27n1545_186:0933c13_4']	若見道有退即所修梵行不可保信。	若見道有退即所修梵行不可保信。	If one can retrogress from the path of seeing, then the holy life one cultivates cannot be relied upon.
['T27n1545_186:0933c13_13']	以退見道為異生故。	以退見道為異生故。	Because one can retrogress from the path of seeing and become an ordinary person again.
['T27n1545_186:0933c14_9']	問所說聖者用餘道斷修所斷結。	問所說聖者用餘道斷修所斷結。	Question: As for the arhats who use other paths to eliminate the bonds to be eliminated through cultivation,
['T27n1545_186:0933c15_3']	彼於餘道有退有不退者。	彼於餘道有退有不退者。	are there those who retrogress and those who do not retrogress in those other paths?
['T27n1545_186:0933c15_10']	誰退誰不退耶。	誰退誰不退耶。	Who retrogresses and who does not?
['T27n1545_186:0933c15_16']	答時解脫退。	答時解脫退。	Answer: The occasional liberation [arhats] retrogress.
['T27n1545_186:0933c16_2']	不動法不退。	不動法不退。	The immovable [arhats] do not retrogress.
['T27n1545_186:0933c16_9']	復次鈍根者退。	復次鈍根者退。	Furthermore, the dull-witted retrogress.
['T27n1545_186:0933c16_15']	利根者不退。	利根者不退。	The sharp-witted do not retrogress.
['T27n1545_186:0933c17_5']	復次內因力斷者不退。	復次內因力斷者不退。	Furthermore, those who eliminate [bonds] through the power of internal causes do not retrogress.
['T27n1545_186:0933c17_12']	外緣力斷者退。	外緣力斷者退。	Those who eliminate [bonds] through the power of external conditions retrogress.
['T27n1545_186:0933c17_15']	有說。	有說。	Some say:
['T27n1545_186:0933c18_6']	不淨觀為加行斷者退。	不淨觀為加行斷者退。	Those who eliminate [bonds] through the preparatory practice of the contemplation of impurity retrogress.
['T27n1545_186:0933c18_17']	持息念為加行斷者不退。	持息念為加行斷者不退。	Those who eliminate [bonds] through the preparatory practice of mindfulness of breathing do not retrogress.
['T27n1545_186:0933c19_2']	有說。	有說。	Some say:
['T27n1545_186:0933c20_2']	若以世俗道斷下八地修所斷結者有退。	若以世俗道斷下八地修所斷結者有退。	Those who eliminate the bonds to be eliminated through cultivation in the lower eight stages through the worldly path retrogress.
['T27n1545_186:0933c20_12']	若以出世道斷者不退。	若以出世道斷者不退。	Those who eliminate [bonds] through the supramundane path do not retrogress.
['T27n1545_186:0933c21_3']	譬如臺觀基危可傾。	譬如臺觀基危可傾。	It is like a terrace or pavilion with a shaky foundation that can be toppled.
['T27n1545_186:0933c21_8']	牢則不爾。	牢則不爾。	If it is firm, it will not be so.
['T27n1545_186:0933c22_13']	問何故上三果有退非預流果耶。	問何故上三果有退非預流果耶。	Question: Why do the upper three fruits have retrogression, but not the stream-enterer fruit?
['T27n1545_186:0933c23_5']	答修所斷結依有事起。	答修所斷結依有事起。	Answer: The bonds to be eliminated by cultivation arise based on substantial things.
['T27n1545_186:0933c23_14']	謂有淨相有不淨相。	謂有淨相有不淨相。	That is to say, there are pure aspects and impure aspects.
['T27n1545_186:0933c24_7']	彼由非理作意觀淨相時。	彼由非理作意觀淨相時。	When one contemplates the pure aspects through improper attention,
['T27n1545_186:0933c24_14']	便於不淨想退。	便於不淨想退。	one then retrogresses from the conception of impurity.
['T27n1545_186:0933c25_1']	見所斷結。	見所斷結。	The bonds to be eliminated by the path of seeing,
['T27n1545_186:0933c25_6']	依無事起。	依無事起。	arise based on insubstantial things.
['T27n1545_186:0933c25_15']	無有一法是我我所。	無有一法是我我所。	There is not a single dharma that is the self or what belongs to the self,
['T27n1545_186:0933c26_6']	可令彼觀於無我見退。	可令彼觀於無我見退。	that can cause one to retrogress from the view of non-self.
['T27n1545_186:0933c26_13']	問何故作此論。	問何故作此論。	Question: Why did he compose this treatise?
['T27n1545_186:0933c27_10']	答欲止摩訶僧祇部說預流果有退。	答欲止摩訶僧祇部說預流果有退。	Answer: In order to stop the Mahāsāṃghika school's claim that the stream-enterer fruit has retrogression.
['T27n1545_186:0933c28_5']	顯預流果決定無退故作斯論。	顯預流果決定無退故作斯論。	In order to show that the stream-enterer fruit is definitely without retrogression, he composed this treatise.
['T27n1545_186:0933c28_15']	修所斷結依有事起者。	修所斷結依有事起者。	As for the bonds to be eliminated by cultivation arise based on substantial things,
['T27n1545_186:0933c29_14']	謂所執取髮毛爪等非無世間少分淨相。	謂所執取髮毛爪等非無世間少分淨相。	it means that the grasped hair, body hair, nails, etc. are not completely without a small amount of pure aspect in the world.
['T27n1545_186:0934a01_14']	若非理作意思惟此時便於所修不淨想退。	若非理作意思惟此時便於所修不淨想退。	If one contemplates this at an improper time through improper attention, one then retrogresses from the cultivated conception of impurity.
['T27n1545_186:0934a02_5']	起先所斷修所斷結。	起先所斷修所斷結。	The bonds to be eliminated by cultivation that were previously eliminated arise.
['T27n1545_186:0934a02_15']	見所斷結依無事起者。	見所斷結依無事起者。	As for the bonds to be eliminated by the path of seeing arise based on insubstantial things,🔽...
['T27n1545_186:0934a03_9']	謂所執取我我所相畢竟無有。	謂所執取我我所相畢竟無有。	It means that the characteristics of self and what belongs to self that are grasped and attached to are ultimately non-existent.
['T27n1545_186:0934a03_14']	故契經說。	故契經說。	Therefore the sutra says:
['T27n1545_186:0934a04_9']	法無作用亦無有情命者養者。	法無作用亦無有情命者養者。	Dharmas have no function, nor do they have sentient beings, life, or nourishment.
['T27n1545_186:0934a05_1']	補特伽羅作者受者。	補特伽羅作者受者。	The pudgala is neither the doer nor the experiencer.
['T27n1545_186:0934a05_10']	唯集諸行中無有我。	唯集諸行中無有我。	It is only the accumulation of various activities, within which there is no self.
['T27n1545_186:0934a06_2']	如以空拳誑諸童稚。	如以空拳誑諸童稚。	It is like using an empty fist to deceive young children.
['T27n1545_186:0934a06_11']	智者了達如見舒指。	智者了達如見舒指。	The wise understand it as seeing an extended finger.
['T27n1545_186:0934a07_4']	是故見無我已必無有退。	是故見無我已必無有退。	Therefore, having seen no-self, there is definitely no regression.
['T27n1545_186:0934a07_13']	故無退失預流果者。	故無退失預流果者。	Therefore there is no regression from the fruit of stream-entry.
['T27n1545_186:0934a08_5']	退上三果時。	退上三果時。	When regressing from the upper three fruits,
['T27n1545_186:0934a08_17']	諸所得無漏根力覺支道支。	諸所得無漏根力覺支道支。	all the undefiled roots, powers, factors of enlightenment, and factors of the path that one has attained,
['T27n1545_186:0934a09_3']	乃至廣說。	乃至廣說。	and so on at length.
['T27n1545_186:0934a09_10']	問何故作此論。	問何故作此論。	Question: Why is this treatise composed?
['T27n1545_186:0934a10_9']	答為止尊者設摩達多說退阿羅漢果時。	答為止尊者設摩達多說退阿羅漢果時。	Answer: In order to refute Venerable Saṃmati's statement that when regressing from the fruit of arhatship,
['T27n1545_186:0934a11_6']	唯得未來先所捨學法不得過去。	唯得未來先所捨學法不得過去。	one only attains the previously abandoned factors of training in the future, and does not attain the past.
['T27n1545_186:0934a11_11']	所以者何。	所以者何。	Why is this?
['T27n1545_186:0934a12_2']	以彼畢竟不現前故。	以彼畢竟不現前故。	Because they are ultimately not manifested.
['T27n1545_186:0934a12_12']	今欲顯退阿羅漢果時。	今欲顯退阿羅漢果時。	Now, in order to show that when regressing from the fruit of arhatship,
['T27n1545_186:0934a13_5']	得過去未來先所捨學法。	得過去未來先所捨學法。	One obtains the previously abandoned wholesome dharmas of the past and future.
['T27n1545_186:0934a13_17']	過去雖不可現前而可成就。	過去雖不可現前而可成就。	Although the past cannot be manifested, it can be accomplished.
['T27n1545_186:0934a14_8']	由此因緣故作斯論。	由此因緣故作斯論。	For this reason, this treatise is composed.
['T27n1545_186:0934a15_8']	退上三果時諸所得無漏根力覺支道支。	退上三果時諸所得無漏根力覺支道支。	When one falls away from the three higher fruits, the uncontaminated faculties, powers, factors of enlightenment, and factors of the path that one obtains,
['T27n1545_186:0934a16_1']	當言曾得得未曾得得耶。	當言曾得得未曾得得耶。	should it be said that one obtains what was previously obtained or what was not previously obtained?
['T27n1545_186:0934a16_8']	答當言曾得得。	答當言曾得得。	The answer is: it should be said that one obtains what was previously obtained.
['T27n1545_186:0934a16_15']	謂先得果時捨。	謂先得果時捨。	This is because when one previously obtained the fruit, it was abandoned.
['T27n1545_186:0934a17_3']	今退時還得故。	今退時還得故。	Now, when one falls away, one regains it.
['T27n1545_186:0934a17_16']	諸未曾得聖道唯勝進時得故。	諸未曾得聖道唯勝進時得故。	All the previously unobtained noble paths are only obtained at the time of progress.
['T27n1545_186:0934a18_14']	無色界歿生欲界時諸所得蘊界處。	無色界歿生欲界時諸所得蘊界處。	When one dies in the formless realm and is born in the desire realm, the aggregates, realms, and bases that one obtains,
['T27n1545_186:0934a19_2']	乃至廣說。	乃至廣說。	and so on, are explained in detail.
['T27n1545_186:0934a19_9']	問何故作此論。	問何故作此論。	Question: Why is this treatise composed?
['T27n1545_186:0934a20_10']	答亦為遮止設摩達多說無色界歿生欲界時。	答亦為遮止設摩達多說無色界歿生欲界時。	Answer: It is also in order to refute the statement of Samghabhadra that when one dies in the formless realm and is born in the desire realm,
['T27n1545_186:0934a21_6']	唯得先所捨未來法不得過去。	唯得先所捨未來法不得過去。	one only obtains the future dharmas that were previously abandoned, and not the past.
['T27n1545_186:0934a21_11']	所以者何。	所以者何。	Why is this?
['T27n1545_186:0934a22_2']	以彼畢竟不現前故。	以彼畢竟不現前故。	Because they are ultimately not manifested.
['T27n1545_186:0934a22_14']	今欲顯無色界歿生欲界時。	今欲顯無色界歿生欲界時。	Now, in order to show that when one dies in the formless realm and is born in the desire realm,
['T27n1545_186:0934a23_10']	得過去未來先所捨法故作斯論。	得過去未來先所捨法故作斯論。	This treatise is composed because one obtains the dharmas of the past and future that were previously abandoned.
['T27n1545_186:0934a24_10']	若不爾者從無色界歿生欲界初結生時。	若不爾者從無色界歿生欲界初結生時。	If it were not so, when one dies in the formless realm and is reborn in the desire realm for the first time,
['T27n1545_186:0934a25_2']	但應成就二世生死。	但應成就二世生死。	one should only accomplish the life-death of two time periods.
['T27n1545_186:0934a25_15']	然無有情但成就二世生死者。	然無有情但成就二世生死者。	However, there are no sentient beings who only accomplish the life-death of two time periods.
['T27n1545_186:0934a26_8']	決定成就三世有漏法故。	決定成就三世有漏法故。	Because one definitely accomplishes the contaminated dharmas of the three time periods.
['T27n1545_186:0934a26_17']	無色界歿生欲界時。	無色界歿生欲界時。	When one dies in the formless realm and is reborn in the desire realm,
['T27n1545_186:0934a27_12']	諸所得蘊界處善不善無記根。	諸所得蘊界處善不善無記根。	the aggregates, realms, and sense bases that one obtains, whether wholesome, unwholesome, or indeterminate,
['T27n1545_186:0934a28_2']	結縛隨眠隨煩惱纏。	結縛隨眠隨煩惱纏。	the roots, bonds, latent afflictions, secondary afflictions, and entanglements,
['T27n1545_186:0934a28_13']	當言曾得得未曾得得耶。	當言曾得得未曾得得耶。	should it be said that one obtains what was previously obtained or that one obtains what was not previously obtained?
['T27n1545_186:0934a29_6']	答應言善染污法曾得得。	答應言善染污法曾得得。	The answer is: wholesome and defiled dharmas are obtained through what was previously obtained.
['T27n1545_186:0934a29_14']	異熟法未曾得得。	異熟法未曾得得。	Ripened dharmas are obtained through what was not previously obtained.
['T27n1545_186:0934b01_4']	善染污法曾得得者。	善染污法曾得得者。	As for wholesome and defiled dharmas being obtained through what was previously obtained,
['T27n1545_186:0934b01_12']	善謂生得善四蘊。	善謂生得善四蘊。	wholesome refers to the four aggregates obtained through birth.
['T27n1545_186:0934b01_15']	有說。	有說。	Some say:
['T27n1545_186:0934b02_7']	亦得串習聞思所成四蘊。	亦得串習聞思所成四蘊。	One also obtains the four aggregates accomplished through hearing and contemplation.
['T27n1545_186:0934b03_1']	此諸善法先由越界地故捨。	此諸善法先由越界地故捨。	These wholesome dharmas are previously abandoned due to transcending the realms and stages.
['T27n1545_186:0934b03_11']	今界地來還故得染污。	今界地來還故得染污。	Now, since one returns to the realms and stages, one obtains them. As for defiled [dharmas],
['T27n1545_186:0934b04_6']	謂不善有覆無記四蘊此染污法。	謂不善有覆無記四蘊此染污法。	That is, the four aggregates of non-good and obscured-neutral dharmas. These defiled dharmas
['T27n1545_186:0934b04_13']	先由離染故捨。	先由離染故捨。	are first abandoned due to separation from defilements.
['T27n1545_186:0934b05_2']	今界地來還故得。	今界地來還故得。	Now, they are obtained again due to coming to the realm and stage.
['T27n1545_186:0934b05_18']	問威儀路工巧處四蘊串習者亦應得。	問威儀路工巧處四蘊串習者亦應得。	Question: Those who are well-versed in the four aggregates of deportment and craftsmanship should also obtain them.
['T27n1545_186:0934b06_4']	何故不說。	何故不說。	Why is it not mentioned?
['T27n1545_186:0934b06_12']	答應說而不說者。	答應說而不說者。	Answer: Although it should be mentioned, it is not mentioned.
['T27n1545_186:0934b07_1']	當知此義有餘。	當知此義有餘。	One should know that this meaning is incomplete.
['T27n1545_186:0934b07_4']	有說。	有說。	Some say:
['T27n1545_186:0934b07_15']	無覆無記法中多分不得。	無覆無記法中多分不得。	For the most part, one does not obtain the undefiled-neutral dharmas.
['T27n1545_186:0934b08_8']	謂異熟生通果全及餘少分。	謂異熟生通果全及餘少分。	That is, the whole of the dharmas born of retribution and the results of the spiritual faculties, and a small part of the rest.
['T27n1545_186:0934b08_17']	故雖少得而亦不說。	故雖少得而亦不說。	Therefore, although one obtains a small part, it is also not mentioned.
['T27n1545_186:0934b09_4']	有餘師說。	有餘師說。	Other masters say:
['T27n1545_186:0934b09_11']	串習者亦不得。	串習者亦不得。	Those who are well-versed also do not obtain them.
['T27n1545_186:0934b09_16']	以羸劣故。	以羸劣故。	Because they are weak.
['T27n1545_186:0934b10_6']	異熟法未曾得得者。	異熟法未曾得得者。	As for the dharmas of retribution that are obtained but not previously obtained,
['T27n1545_186:0934b11_2']	謂無始來未曾得唯現在成就故。	謂無始來未曾得唯現在成就故。	that is, those that have never been obtained since beginningless time, one only presently accomplishes them.
['T27n1545_186:0934b12_1']	問長養諸蘊亦未曾得得何故不說耶。	問長養諸蘊亦未曾得得何故不說耶。	Question: The nourished aggregates are also obtained but not previously obtained. Why is it not mentioned?
['T27n1545_186:0934b12_9']	答應說而不說者。	答應說而不說者。	Answer: Although it should be mentioned, it is not mentioned.
['T27n1545_186:0934b12_16']	當知此義有餘。	當知此義有餘。	One should know that this meaning is incomplete.
['T27n1545_186:0934b13_11']	復次若說異熟應知亦已說長養。	復次若說異熟應知亦已說長養。	Moreover, if you say there is a maturation, you should know that there is also nourishment.
['T27n1545_186:0934b14_2']	以長養防護異熟。	以長養防護異熟。	Because nourishment protects the maturation.
['T27n1545_186:0934b14_7']	如人重人。	如人重人。	It is like one person supporting another.
['T27n1545_186:0934b14_12']	如牆重牆。	如牆重牆。	It is like a wall supporting another wall.
['T27n1545_186:0934b14_17']	必相隨故。	必相隨故。	Because they must accompany each other.
['T27n1545_186:0934b15_9']	爾時亦有等流法未曾得得。	爾時亦有等流法未曾得得。	At that time, there is also the attainment of the acquired nature of dharmas.
['T27n1545_186:0934b16_3']	如異生性等以少故不說。	如異生性等以少故不說。	Because it is small, it is not mentioned, like the nature of ordinary beings and so forth.
['T27n1545_186:0934b17_1']	無色界歿生色界時諸所得蘊界處。	無色界歿生色界時諸所得蘊界處。	When one dies in the formless realm and is reborn in the form realm, the aggregates, realms, and sense bases that one obtains
['T27n1545_186:0934b17_5']	善無記。	善無記。	are wholesome and indeterminate.
['T27n1545_186:0934b17_15']	根結縛隨眠隨煩惱纏。	根結縛隨眠隨煩惱纏。	The faculties, bonds, latent afflictions, secondary afflictions, and entanglements
['T27n1545_186:0934b18_7']	當言曾得得未曾得得耶。	當言曾得得未曾得得耶。	should be said to be attained through prior attainment or attained through non-attainment?
['T27n1545_186:0934b19_1']	答應言善染污法曾得得。	答應言善染污法曾得得。	The answer is: wholesome and defiled dharmas are attained through prior attainment.
['T27n1545_186:0934b19_9']	異熟法未曾得得。	異熟法未曾得得。	Maturation dharmas are attained through non-attainment.
['T27n1545_186:0934b19_18']	善染污法曾得得者。	善染污法曾得得者。	As for wholesome and defiled dharmas being attained through prior attainment,
['T27n1545_186:0934b20_6']	善謂生得善四蘊。	善謂生得善四蘊。	wholesome refers to the four aggregates of innate wholesomeness
['T27n1545_186:0934b20_12']	加行善五蘊。	加行善五蘊。	and the five aggregates of preparatory wholesomeness.
['T27n1545_186:0934b21_5']	此諸善法先由越界地故捨。	此諸善法先由越界地故捨。	These wholesome dharmas are first abandoned through transcending the realms and stages.
['T27n1545_186:0934b21_13']	今界地來還故得。	今界地來還故得。	Now, since one returns to the realms and stages, one attains them again.
['T27n1545_186:0934b22_4']	染污謂有覆無記四蘊。	染污謂有覆無記四蘊。	Defiled refers to the four aggregates of obscured indeterminate.
['T27n1545_186:0934b22_15']	此染污法先由離染故捨。	此染污法先由離染故捨。	These defiled dharmas are first abandoned due to separation from defilements.
['T27n1545_186:0934b23_4']	今界地來還故得。	今界地來還故得。	Now, since one returns to the realm and stage, one obtains them again.
['T27n1545_186:0934b24_1']	無覆無記法中通果四蘊亦曾得得。	無覆無記法中通果四蘊亦曾得得。	Among the undefiled-neutral dharmas, the four aggregates of the fruit of karmic maturation are also obtained through prior acquisition.
['T27n1545_186:0934b24_7']	以少故不說。	以少故不說。	Because they are few, they are not mentioned.
['T27n1545_186:0934b24_16']	長養及等流如前釋。	長養及等流如前釋。	The nourished and the homogeneous are explained as before.
['T27n1545_186:0934b25_12']	色界歿生欲界時諸所得蘊界處等。	色界歿生欲界時諸所得蘊界處等。	When one dies in the form realm and is reborn in the desire realm, the aggregates, realms, and bases that one obtains,
['T27n1545_186:0934b26_4']	如無色界歿生欲界說。	如無色界歿生欲界說。	are like those explained when dying in the formless realm and being reborn in the desire realm.
['T27n1545_186:0934b26_14']	此中解釋亦如前應知。	此中解釋亦如前應知。	Here, the explanation should be understood as before.
['T27n1545_186:0934b27_11']	依初靜慮引發神境通道時。	依初靜慮引發神境通道時。	When one, relying on the first meditation, arouses the supernormal power of spiritual penetrations,
['T27n1545_186:0934b28_2']	彼極遠至何處耶。	彼極遠至何處耶。	how far can one reach at the farthest?
['T27n1545_186:0934b28_8']	答乃至梵世。	答乃至梵世。	The answer is: up to the Brahma world.
['T27n1545_186:0934b29_2']	依初靜慮引發天耳通道時。	依初靜慮引發天耳通道時。	When one, relying on the first meditation, arouses the supernormal power of divine hearing,
['T27n1545_186:0934b29_11']	彼極遠聞何繫聲耶。	彼極遠聞何繫聲耶。	what kind of sound belonging to what realm can one hear at the farthest?
['T27n1545_186:0934b29_17']	答乃至梵世。	答乃至梵世。	The answer is: up to the Brahma world.
['T27n1545_186:0934c01_10']	依初靜慮引發他心通道時。	依初靜慮引發他心通道時。	When one, relying on the first meditation, arouses the supernormal power of knowing others' minds,
['T27n1545_186:0934c02_5']	彼極遠知何繫心心所法耶。	彼極遠知何繫心心所法耶。	what kind of mind and mental factors belonging to what realm can one know at the farthest?
['T27n1545_186:0934c02_11']	答乃至梵世。	答乃至梵世。	The answer is: up to the Brahma world.
['T27n1545_186:0934c03_8']	依初靜慮引發宿住隨念通道時。	依初靜慮引發宿住隨念通道時。	When one, relying on the first meditation, arouses the supernormal power of recollecting past lives,
['T27n1545_186:0934c04_1']	彼極遠憶何繫宿住事耶。	彼極遠憶何繫宿住事耶。	What past events can they recollect from the most distant past?
['T27n1545_186:0934c04_7']	答乃至梵世。	答乃至梵世。	Answer: Up to the Brahma world.
['T27n1545_186:0934c05_1']	依初靜慮引發天眼通道時。	依初靜慮引發天眼通道時。	When they use the supernormal power of heavenly eye developed based on the first meditation,
['T27n1545_186:0934c05_10']	彼極遠見何繫色耶。	彼極遠見何繫色耶。	what forms can they see from the most distant?
['T27n1545_186:0934c05_16']	答乃至梵世。	答乃至梵世。	Answer: Up to the Brahma world.
['T27n1545_186:0934c06_10']	如依初靜慮乃至依第四靜慮。	如依初靜慮乃至依第四靜慮。	Just as based on the first meditation, up to based on the fourth meditation,
['T27n1545_186:0934c07_2']	各隨自處廣說亦爾。	各隨自處廣說亦爾。	each according to its own place, the extensive explanation is also like this.
['T27n1545_186:0934c07_9']	問何故作此論。	問何故作此論。	Question: Why is this treatise composed?
['T27n1545_186:0934c08_1']	答欲令疑者得決定故。	答欲令疑者得決定故。	Answer: In order to make the doubtful attain certainty.
['T27n1545_186:0934c08_10']	如素怛纜毘奈耶說。	如素怛纜毘奈耶說。	As the sūtras and vinaya say:
['T27n1545_186:0934c09_5']	具神通者乃至梵世身自在轉。	具神通者乃至梵世身自在轉。	Those with spiritual powers can freely transform their bodies up to the Brahma world.
['T27n1545_186:0934c09_12']	或有生如是疑。	或有生如是疑。	Some give rise to such doubts:
['T27n1545_186:0934c10_7']	神通自在但至梵世非至上地。	神通自在但至梵世非至上地。	The spiritual powers and freedom only reach the Brahma world, not the higher stages.
['T27n1545_186:0934c10_16']	欲令此疑得決定故。	欲令此疑得決定故。	In order to make this doubt attain certainty,
['T27n1545_186:0934c11_12']	說乃至依第四靜慮所起神通。	說乃至依第四靜慮所起神通。	it is said that the spiritual powers produced based on the fourth meditation
['T27n1545_186:0934c12_11']	乃至廣果或色究竟身自在轉故作斯論。	乃至廣果或色究竟身自在轉故作斯論。	can freely transform the body up to the heaven of vast fruit or the ultimate form realm. Therefore this treatise is composed.
['T27n1545_186:0934c12_15']	問若爾。	問若爾。	Question: If that is so,
['T27n1545_186:0934c13_8']	素怛纜毘奈耶說當云何通。	素怛纜毘奈耶說當云何通。	how can the sūtras and vinaya be understood?
['T27n1545_186:0934c14_1']	答若處有自地身表者。	答若處有自地身表者。	Answer: If there is bodily expression of one's own stage in a place,
['T27n1545_186:0934c14_6']	世尊說之。	世尊說之。	the World-Honored One speaks of it.
['T27n1545_186:0934c14_18']	第二靜慮以上無自地身表。	第二靜慮以上無自地身表。	Above the second meditation, there is no bodily expression of one's own stage.
['T27n1545_186:0934c15_4']	是以不說。	是以不說。	Therefore, it is not spoken of.
['T27n1545_186:0934c15_7']	有說。	有說。	Some say:
['T27n1545_186:0934c16_4']	彼中佛說最初所得上地非初所得。	彼中佛說最初所得上地非初所得。	In that place, the Buddha speaks of the highest stage initially attained, not the first attained.
['T27n1545_186:0934c16_7']	有說。	有說。	Some say:
['T27n1545_186:0934c17_10']	梵世言攝四靜慮以皆有支所攝受清淨三摩地故。	梵世言攝四靜慮以皆有支所攝受清淨三摩地故。	The word Brahma world includes the four meditations, because they all have the pure samādhi that is embraced by the members.
['T27n1545_186:0934c18_4']	問乃至初靜慮有語表故。	問乃至初靜慮有語表故。	Question: Up to the first meditation, there is verbal expression,
['T27n1545_186:0934c19_5']	依初靜慮發天耳聞彼聲上地既無語表。	依初靜慮發天耳聞彼聲上地既無語表。	so relying on the first meditation, the divine ear hears that sound. Above the stages, since there is no verbal expression,
['T27n1545_186:0934c20_4']	依第二靜慮等引發天耳聞何等聲耶。	依第二靜慮等引發天耳聞何等聲耶。	relying on the second meditation and so forth, what kind of sound does the divine ear hear?
['T27n1545_186:0934c21_7']	答如生初靜慮者依初靜慮語表業等起心發語。	答如生初靜慮者依初靜慮語表業等起心發語。	Answer: Just as one born in the first meditation, relying on the first meditation, gives rise to the mind that produces verbal action,
['T27n1545_186:0934c22_12']	如是生上三靜慮者亦依初靜慮語表業等起心發語。	如是生上三靜慮者亦依初靜慮語表業等起心發語。	in the same way, one born in the upper three meditations also relies on the first meditation, gives rise to the mind that produces verbal action,
['T27n1545_186:0934c23_3']	即是彼地天耳所聞。	即是彼地天耳所聞。	and that is precisely what is heard by the divine ear of that stage.
['T27n1545_186:0934c23_6']	有說。	有說。	Some say:
['T27n1545_186:0934c23_14']	上地雖無語表聲。	上地雖無語表聲。	Although the upper stages have no verbal expression or sound,
['T27n1545_186:0934c24_4']	而有餘聲是彼所聞。	而有餘聲是彼所聞。	but there are other sounds that are heard by them.
['T27n1545_186:0934c24_9']	故無有失。	故無有失。	Therefore there is no error.
['T27n1545_186:0934c25_5']	問若生欲界依初靜慮發天耳通。	問若生欲界依初靜慮發天耳通。	Question: If one is born in the desire realm and, based on the first dhyāna, gives rise to the divine ear supernormal power,
['T27n1545_186:0934c26_1']	能聞上三靜慮諸天語表聲不。	能聞上三靜慮諸天語表聲不。	can one hear the sound of the bodily expression of the gods in the upper three dhyānas?
['T27n1545_186:0934c26_6']	有說不聞。	有說不聞。	Some say one cannot hear it,
['T27n1545_186:0934c26_11']	以處遠故。	以處遠故。	because the place is far away.
['T27n1545_186:0934c26_16']	或微細故。	或微細故。	Or because it is subtle.
['T27n1545_186:0934c26_19']	有說。	有說。	Some say,
['T27n1545_186:0934c27_8']	若極作意者亦能聞。	若極作意者亦能聞。	if one makes a supreme effort, one can also hear it,
['T27n1545_186:0934c27_15']	以是同地法故。	以是同地法故。	because it is a dharma of the same stage.
['T27n1545_186:0934c28_12']	問隨依何靜慮發神境通能至何處。	問隨依何靜慮發神境通能至何處。	Question: Based on which dhyāna does one give rise to the supernormal power of spiritual penetrations and be able to reach which place?
['T27n1545_186:0934c29_7']	答依初靜慮發者能至梵世。	答依初靜慮發者能至梵世。	Answer: One who gives rise to it based on the first dhyāna can reach the Brahma world.
['T27n1545_186:0935a02_2']	乃至依第四靜慮發者能至廣果或色究竟聲聞不作意傍極小千世界。	乃至依第四靜慮發者能至廣果或色究竟聲聞不作意傍極小千世界。	Up to one who gives rise to it based on the fourth dhyāna can reach the Bṛhatphala or Akaniṣṭha heavens. Śrāvakas, without making a supreme effort, can reach the smallest chiliocosm.
['T27n1545_186:0935a02_10']	作意極中千世界。	作意極中千世界。	With a supreme effort, they can reach the middle chiliocosm.
['T27n1545_186:0935a03_2']	獨覺不作意極中千世界。	獨覺不作意極中千世界。	Pratyekabuddhas, without making a supreme effort, can reach the middle chiliocosm.
['T27n1545_186:0935a04_1']	作意極大千世界佛不作意極大千世界。	作意極大千世界佛不作意極大千世界。	With a supreme effort, they can reach the greatest chiliocosm. Buddhas, without making a supreme effort, can reach the greatest chiliocosm.
['T27n1545_186:0935a04_10']	作意能極無邊世界。	作意能極無邊世界。	With a supreme effort, they can reach boundless worlds.
['T27n1545_186:0935a05_1']	如神境通四通亦爾。	如神境通四通亦爾。	The four supernormal powers are also like this.
['T27n1545_186:0935a05_10']	廣釋六通如大種蘊。	廣釋六通如大種蘊。	The detailed explanation of the six supernormal powers is like in the Great Aggregates.
['T27n1545_186:0935a06_11']	若於苦思惟苦得阿羅漢果。	若於苦思惟苦得阿羅漢果。	If one attains the fruit of arhatship by contemplating suffering as suffering,
['T27n1545_186:0935a07_1']	彼思惟何繫苦。	彼思惟何繫苦。	what kind of suffering does one contemplate?
['T27n1545_186:0935a07_8']	答無色界繫苦。	答無色界繫苦。	Answer: The suffering associated with the formless realm.
['T27n1545_186:0935a07_14']	此隨界總說。	此隨界總說。	This is said in general according to the realm.
['T27n1545_186:0935a08_14']	若隨地者應言非想非非想處繫苦即苦類智。	若隨地者應言非想非非想處繫苦即苦類智。	If according to the stage, it should be said that the suffering associated with the neither-perception-nor-non-perception stage is the knowledge of the class of suffering.
['T27n1545_186:0935a09_14']	若於集思惟集得阿羅漢果彼思惟何繫集。	若於集思惟集得阿羅漢果彼思惟何繫集。	If one attains the fruit of arhatship by contemplating the origin as the origin, what kind of origin does one contemplate?
['T27n1545_186:0935a10_4']	答無色界繫集。	答無色界繫集。	Answer: The origin associated with the formless realm.
['T27n1545_186:0935a10_11']	此亦隨界總說。	此亦隨界總說。	This is also said in general according to the realm.
['T27n1545_186:0935a11_12']	若隨地者應言非想非非想處繫集即集類智。	若隨地者應言非想非非想處繫集即集類智。	If according to the stage, it should be said that the origin associated with the neither-perception-nor-non-perception stage is the knowledge of the class of origin.
['T27n1545_186:0935a12_6']	若於滅思惟滅得阿羅漢果。	若於滅思惟滅得阿羅漢果。	If one attains the fruit of arhatship by contemplating cessation as cessation,
['T27n1545_186:0935a12_15']	彼思惟何繫諸行滅。	彼思惟何繫諸行滅。	what kind of cessation of conditioned states does one contemplate?
['T27n1545_186:0935a13_3']	答或欲界繫。	答或欲界繫。	Answer: Either associated with the desire realm,
['T27n1545_186:0935a13_10']	或色無色界繫。	或色無色界繫。	or associated with the form and formless realms.
['T27n1545_186:0935a14_2']	諸行滅即滅法智滅類智。	諸行滅即滅法智滅類智。	The cessation of conditioned states is the knowledge of dharmas of cessation and the knowledge of the class of cessation.
['T27n1545_186:0935a14_14']	若於道思惟道得阿羅漢果。	若於道思惟道得阿羅漢果。	If one attains the fruit of arhatship by contemplating the path as the path,
['T27n1545_186:0935a15_7']	彼思惟何繫諸行能斷道。	彼思惟何繫諸行能斷道。	What type of conditioned factors does this contemplation sever, and what is the path?
['T27n1545_186:0935a15_18']	答或欲界或色無色界繫。	答或欲界或色無色界繫。	The answer is: either belonging to the desire realm, or belonging to the form or formless realms.
['T27n1545_186:0935a16_12']	諸行能斷道即道法智道類智。	諸行能斷道即道法智道類智。	The path that severs conditioned factors is the path knowledge and the subsequent knowledge.
['T27n1545_186:0935a17_7']	如是六智各四行相作無間道。	如是六智各四行相作無間道。	These six knowledges each have four aspects as the uninterrupted path.
['T27n1545_186:0935a18_10']	斷非想非非想處下下品煩惱與金剛喻三摩地俱。	斷非想非非想處下下品煩惱與金剛喻三摩地俱。	Severing the lowest of the low grade of defilements of the sphere of neither-perception-nor-non-perception, together with the vajra-like samādhi.
['T27n1545_186:0935a19_8']	此能證得阿羅漢果金剛喻三摩地。	此能證得阿羅漢果金剛喻三摩地。	This is able to realize the fruit of arhatship, the vajra-like samādhi.
['T27n1545_186:0935a19_18']	廣說如雜蘊第三納息。	廣說如雜蘊第三納息。	It is explained in detail in the third chapter of the Saṃyukta-āgama.
['T27n1545_186:0935a20_16']	雜色無色修所斷染皆用六智為無間道。	雜色無色修所斷染皆用六智為無間道。	The defilements of the form and formless realms to be severed by cultivation all use the six knowledges as the uninterrupted path.
['T27n1545_186:0935a21_13']	謂四類智滅道法智此說無漏道。	謂四類智滅道法智此說無漏道。	Namely, the four subsequent knowledges, the knowledge of the cessation of suffering, and the knowledge of the path. This refers to the uncontaminated path.
['T27n1545_186:0935a22_4']	若有漏道唯世俗智。	若有漏道唯世俗智。	If it is the contaminated path, it is only the conventional knowledge.
['T27n1545_186:0935a22_13']	彼不遍故非此所說。	彼不遍故非此所說。	Because it is not universal, it is not mentioned here.
['T27n1545_186:0935a23_8']	依初靜慮起苦類智無間道時。	依初靜慮起苦類智無間道時。	When the uninterrupted path of the knowledge of the class of suffering is produced based on the first meditation,
['T27n1545_186:0935a23_15']	有唯緣自地苦。	有唯緣自地苦。	there is only that which takes the suffering of its own stage as its object.
['T27n1545_186:0935a25_7']	有唯緣第二靜慮苦乃至有唯緣非想非非想處苦無合緣二。	有唯緣第二靜慮苦乃至有唯緣非想非非想處苦無合緣二。	There are those that only take the suffering of the second dhyana as their object, up to those that only take the suffering of the sphere of neither-perception-nor-non-perception as their object, without combining two.
['T27n1545_186:0935a25_12']	乃至緣八。	乃至緣八。	Up to taking eight as their object.
['T27n1545_186:0935a26_2']	麁細異故地別斷故。	麁細異故地別斷故。	Because of the difference in coarseness and subtlety, and because of the separate elimination of the stages.
['T27n1545_186:0935a26_12']	如苦類智集類智亦爾。	如苦類智集類智亦爾。	Just as with the knowledge of the aspects of suffering, so it is with the knowledge of the aspects of origination.
['T27n1545_186:0935a27_2']	起滅類智無間道時。	起滅類智無間道時。	When the uninterrupted path of the knowledge of the aspects of cessation arises,
['T27n1545_186:0935a27_11']	有唯緣自地諸行滅。	有唯緣自地諸行滅。	there are those that only take the cessation of the activities of their own stage as their object,
['T27n1545_186:0935a28_4']	有唯緣第二靜慮諸行滅。	有唯緣第二靜慮諸行滅。	there are those that only take the cessation of the activities of the second dhyana as their object,
['T27n1545_186:0935a29_5']	乃至有唯緣非想非非想處諸行滅有合緣二。	乃至有唯緣非想非非想處諸行滅有合緣二。	up to those that only take the cessation of the activities of the sphere of neither-perception-nor-non-perception as their object, without combining two.
['T27n1545_186:0935a29_10']	乃至緣八。	乃至緣八。	Up to taking eight as their object.
['T27n1545_186:0935a29_15']	等微妙故。	等微妙故。	Because of the equality in subtlety,
['T27n1545_186:0935b01_1']	皆違染故。	皆違染故。	and because they all oppose defilement.
['T27n1545_186:0935b01_10']	起道類智無間道時。	起道類智無間道時。	When the uninterrupted path of the knowledge of the aspects of the path arises,
['T27n1545_186:0935b02_5']	皆緣九地類智品道互相因故。	皆緣九地類智品道互相因故。	they all take the path of the class of knowledge of the aspects of the nine stages as their object, because they are mutually causal.
['T27n1545_186:0935b02_10']	種類等故。	種類等故。	Because of the equality of type,
['T27n1545_186:0935b03_1']	起滅法智無間道時。	起滅法智無間道時。	When the uninterrupted path of the knowledge of the aspects of cessation of the dharma arises,
['T27n1545_186:0935b03_9']	唯緣欲界諸行滅。	唯緣欲界諸行滅。	it only takes the cessation of the activities of the desire realm as its object.
['T27n1545_186:0935b03_18']	起道法智無間道時。	起道法智無間道時。	When the uninterrupted path of the knowledge of the aspects of the path of the dharma arises,
['T27n1545_186:0935b04_8']	皆緣六地法智品道。	皆緣六地法智品道。	it all takes the path of the class of knowledge of the aspects of the six stages as its object.
['T27n1545_186:0935b04_14']	如依初靜慮。	如依初靜慮。	Just as based on the first dhyana,
['T27n1545_186:0935b05_6']	乃至依無所有處亦爾。	乃至依無所有處亦爾。	Up to the sphere of nothingness, it is the same.
['T27n1545_186:0935b06_5']	差別者依三無色無二法智不緣下滅。	差別者依三無色無二法智不緣下滅。	The difference is that in the three formless [realms], the two kinds of dharma knowledge do not take the cessation of lower [realms] as their object.
['T27n1545_186:0935b06_16']	此中一切地不緣下苦集。	此中一切地不緣下苦集。	Here, all [realms] do not take the suffering and accumulation of lower [realms] as their objects.
['T27n1545_186:0935b07_7']	已離下染起無用故。	已離下染起無用故。	Because it is useless to give rise to [the knowledge] when one is already free from the defilements of lower [realms].
['T27n1545_186:0935b08_14']	依初靜慮起無間道離初靜慮染時。	依初靜慮起無間道離初靜慮染時。	When one relies on the first meditation to give rise to the uninterrupted path to abandon the defilements of the first meditation,
['T27n1545_186:0935b09_9']	苦集類智唯緣初靜慮苦集。	苦集類智唯緣初靜慮苦集。	the knowledge of the suffering and accumulation of the class [of dharmas] only takes the suffering and accumulation of the first meditation as its object.
['T27n1545_186:0935b10_4']	滅類智有唯緣初靜慮諸行滅。	滅類智有唯緣初靜慮諸行滅。	The knowledge of the cessation of the class [of dharmas] only takes the cessation of the conditioned dharmas of the first meditation as its object.
['T27n1545_186:0935b10_15', 'T27n1545_186:0935b11_10']	有緣初第二靜慮諸行滅。🔽有緣初第二第三靜慮諸行滅。	有緣初第二靜慮諸行滅。 有緣初第二第三靜慮諸行滅。	Some take the cessation of the conditioned dharmas of the first and second meditations as their object.🔽Some take the cessation of the conditioned dharmas of the first, second, and third meditations as their object.
['T27n1545_186:0935b12_7', 'T27n1545_186:0935b13_4', 'T27n1545_186:0935b14_1']	有緣初第二第三第四靜慮諸行滅。🔽有緣初靜慮乃至空無邊處諸行滅。🔽有緣初靜慮乃至識無邊處諸行滅。	有緣初第二第三第四靜慮諸行滅。 有緣初靜慮乃至空無邊處諸行滅。 有緣初靜慮乃至識無邊處諸行滅。	Some take the cessation of the conditioned dharmas of the first, second, third, and fourth meditations as their object.🔽Some take the cessation of the conditioned dharmas of the first meditation up to the sphere of infinite space as their object.🔽Some take the cessation of the conditioned dharmas of the first meditation up to the sphere of infinite consciousness as their object.
['T27n1545_186:0935b14_16']	有緣初靜慮乃至無所有處諸行滅。	有緣初靜慮乃至無所有處諸行滅。	Some take the cessation of the conditioned dharmas of the first meditation up to the sphere of nothingness as their object.
['T27n1545_186:0935b15_15']	有緣初靜慮乃至非想非非想處諸行滅。	有緣初靜慮乃至非想非非想處諸行滅。	There is the cessation of the formative forces of the first meditative absorption up to the sphere of neither-perception-nor-non-perception.
['T27n1545_186:0935b16_9']	道類智總緣九地類智品道。	道類智總緣九地類智品道。	The knowledge of the spiritual powers in general takes as its object the path of the class of the knowledge of the spiritual powers in the nine stages.
['T27n1545_186:0935b17_2']	滅法智唯緣欲界諸行滅。	滅法智唯緣欲界諸行滅。	The knowledge of the cessation of the factors takes as its object only the cessation of the formative forces of the realm of desire.
['T27n1545_186:0935b17_14']	道法智總緣六地法智品道。	道法智總緣六地法智品道。	The knowledge of the factors in general takes as its object the path of the class of the knowledge of the factors in the six stages.
['T27n1545_186:0935b18_5']	依初靜慮起無間道。	依初靜慮起無間道。	Relying on the first meditative absorption, it gives rise to the uninterrupted path.
['T27n1545_186:0935b18_13']	離第二靜慮染時。	離第二靜慮染時。	When one is free from the defilements of the second meditative absorption,
['T27n1545_186:0935b19_8']	苦集類智唯緣第二靜慮苦集。	苦集類智唯緣第二靜慮苦集。	the knowledge of suffering and the knowledge of the origin of the class of the spiritual powers only take as their objects the suffering and the origin of the second meditative absorption.
['T27n1545_186:0935b20_3']	滅類智有唯緣初靜慮諸行滅。	滅類智有唯緣初靜慮諸行滅。	The knowledge of the cessation of the class of the spiritual powers has only the cessation of the formative forces of the first meditative absorption as its object.
['T27n1545_186:0935b20_14']	有唯緣第二靜慮諸行滅。	有唯緣第二靜慮諸行滅。	It has only the cessation of the formative forces of the second meditative absorption as its object.
['T27n1545_186:0935b21_7', 'T27n1545_186:0935b22_1']	有緣初第二靜慮諸行滅。🔽有緣第二第三靜慮諸行滅。	有緣初第二靜慮諸行滅。 有緣第二第三靜慮諸行滅。	It has the cessation of the formative forces of the first and second meditative absorptions as its object.🔽It has the cessation of the formative forces of the second and third meditative absorptions as its object.
['T27n1545_186:0935b22_14', 'T27n1545_186:0935b23_10']	有緣初第二第三靜慮諸行滅。🔽有緣第二第三第四靜慮諸行滅。	有緣初第二第三靜慮諸行滅。 有緣第二第三第四靜慮諸行滅。	It has the cessation of the formative forces of the first, second, and third meditative absorptions as its object.🔽It has the cessation of the formative forces of the second, third, and fourth meditative absorptions as its object.
['T27n1545_186:0935b24_7']	有緣初第二第三第四靜慮諸行滅。	有緣初第二第三第四靜慮諸行滅。	It has the cessation of the formative forces of the first, second, third, and fourth meditative absorptions as its object.
['T27n1545_186:0935b25_5']	有緣第二靜慮乃至空無邊處諸行滅。	有緣第二靜慮乃至空無邊處諸行滅。	There are those whose cessation is conditioned by the activities of the second dhyana up to the sphere of infinite space.
['T27n1545_186:0935b26_2']	有緣初靜慮乃至空無邊處諸行滅。	有緣初靜慮乃至空無邊處諸行滅。	There are those whose cessation is conditioned by the activities of the first dhyana up to the sphere of infinite space.
['T27n1545_186:0935b26_18']	有緣第二靜慮乃至識無邊處諸行滅。	有緣第二靜慮乃至識無邊處諸行滅。	There are those whose cessation is conditioned by the activities of the second dhyana up to the sphere of infinite consciousness.
['T27n1545_186:0935b27_14']	有緣初靜慮乃至識無邊處諸行滅。	有緣初靜慮乃至識無邊處諸行滅。	There are those whose cessation is conditioned by the activities of the first dhyana up to the sphere of infinite consciousness.
['T27n1545_186:0935b28_12']	有緣第二靜慮乃至無所有處諸行滅。	有緣第二靜慮乃至無所有處諸行滅。	There are those whose cessation is conditioned by the activities of the second dhyana up to the sphere of nothingness.
['T27n1545_186:0935b29_9']	有緣初靜慮乃至無所有處諸行滅。	有緣初靜慮乃至無所有處諸行滅。	There are those whose cessation is conditioned by the activities of the first dhyana up to the sphere of nothingness.
['T27n1545_186:0935c01_9']	有緣第二靜慮乃至非想非非想處諸行滅。	有緣第二靜慮乃至非想非非想處諸行滅。	There are those whose cessation is conditioned by the activities of the second dhyana up to the sphere of neither-perception-nor-non-perception.
['T27n1545_186:0935c02_8']	有緣初靜慮乃至非想非非想處諸行滅。	有緣初靜慮乃至非想非非想處諸行滅。	There are those whose cessation is conditioned by the activities of the first dhyana up to the sphere of neither-perception-nor-non-perception.
['T27n1545_186:0935c03_1']	道類智滅道法智如前說。	道類智滅道法智如前說。	The cessation of the knowledge of the path and the knowledge of the dharmas of the path is as previously explained.
['T27n1545_186:0935c04_1']	依初靜慮起無間道離第三靜慮染時。	依初靜慮起無間道離第三靜慮染時。	When the uninterrupted path of the first dhyana arises, one is free from the defilements of the third dhyana.
['T27n1545_186:0935c04_14']	苦集類智唯緣第三靜慮苦集。	苦集類智唯緣第三靜慮苦集。	The knowledge of the aspects of suffering and accumulation of the third dhyana only takes the suffering and accumulation of the third dhyana as objects.
['T27n1545_186:0935c05_9']	滅類智有唯緣初靜慮諸行滅。	滅類智有唯緣初靜慮諸行滅。	The knowledge of the aspects of cessation only takes the cessation of the activities of the first dhyana as its object.
['T27n1545_186:0935c06_3']	有唯緣第二靜慮諸行滅。	有唯緣第二靜慮諸行滅。	There is one that only takes the cessation of activities in the second concentration as its object.
['T27n1545_186:0935c06_14']	有唯緣第三靜慮諸行滅。	有唯緣第三靜慮諸行滅。	There is one that only takes the cessation of activities in the third concentration as its object.
['T27n1545_186:0935c07_7']	有緣初第二靜慮諸行滅。	有緣初第二靜慮諸行滅。	There is one that takes the cessation of activities in the first and second concentrations as its object.
['T27n1545_186:0935c08_1']	有緣第二第三靜慮諸行滅。	有緣第二第三靜慮諸行滅。	There is one that takes the cessation of activities in the second and third concentrations as its object.
['T27n1545_186:0935c08_13']	有緣第三第四靜慮諸行滅。	有緣第三第四靜慮諸行滅。	There is one that takes the cessation of activities in the third and fourth concentrations as its object.
['T27n1545_186:0935c09_8']	有緣初第二第三靜慮諸行滅。	有緣初第二第三靜慮諸行滅。	There is one that takes the cessation of activities in the first, second, and third concentrations as its object.
['T27n1545_186:0935c10_4']	有緣第二第三第四靜慮諸行滅。	有緣第二第三第四靜慮諸行滅。	There is one that takes the cessation of activities in the second, third, and fourth concentrations as its object.
['T27n1545_186:0935c11_2']	有緣第三第四靜慮空無邊處諸行滅。	有緣第三第四靜慮空無邊處諸行滅。	There is one that takes the cessation of activities in the third, fourth concentrations, and the sphere of infinite space as its object.
['T27n1545_186:0935c11_17']	有緣初第二第三第四靜慮諸行滅。	有緣初第二第三第四靜慮諸行滅。	There is one that takes the cessation of activities in the first, second, third, and fourth concentrations as its object.
['T27n1545_186:0935c12_14']	有緣第二靜慮乃至空無邊處諸行滅。	有緣第二靜慮乃至空無邊處諸行滅。	There is one that takes the cessation of activities in the second concentration up to the sphere of infinite space as its object.
['T27n1545_186:0935c13_12']	有緣第三靜慮乃至識無邊處諸行滅。	有緣第三靜慮乃至識無邊處諸行滅。	There is one that takes the cessation of activities in the third concentration up to the sphere of infinite consciousness as its object.
['T27n1545_186:0935c14_9']	有緣初靜慮乃至空無邊處諸行滅。	有緣初靜慮乃至空無邊處諸行滅。	There is one that takes the cessation of activities in the first concentration up to the sphere of infinite space as its object.
['T27n1545_186:0935c15_7']	有緣第二靜慮乃至識無邊處諸行滅。	有緣第二靜慮乃至識無邊處諸行滅。	There is one that takes the cessation of activities in the second concentration up to the sphere of infinite consciousness as its object.
['T27n1545_186:0935c16_5']	有緣第三靜慮乃至無所有處諸行滅。	有緣第三靜慮乃至無所有處諸行滅。	There are those that take the cessation of activities up to the sphere of nothingness in the third meditation as their object.
['T27n1545_186:0935c17_2']	有緣初靜慮乃至識無邊處諸行滅。	有緣初靜慮乃至識無邊處諸行滅。	There are those that take the cessation of activities up to the sphere of consciousness in the first meditation as their object.
['T27n1545_186:0935c17_18']	有緣第二靜慮乃至無所有處諸行滅。	有緣第二靜慮乃至無所有處諸行滅。	There are those that take the cessation of activities up to the sphere of nothingness in the second meditation as their object.
['T27n1545_186:0935c18_17']	有緣第三靜慮乃至非想非非想處諸行滅。	有緣第三靜慮乃至非想非非想處諸行滅。	There are those that take the cessation of activities up to the sphere of neither-perception-nor-non-perception in the third meditation as their object.
['T27n1545_186:0935c19_14']	有緣初靜慮乃至無所有處諸行滅。	有緣初靜慮乃至無所有處諸行滅。	There are those that take the cessation of activities up to the sphere of nothingness in the first meditation as their object.
['T27n1545_186:0935c20_15']	有緣第二靜慮乃至非想非非想處諸行滅。	有緣第二靜慮乃至非想非非想處諸行滅。	There are those that take the cessation of activities up to the sphere of neither-perception-nor-non-perception in the second meditation as their object.
['T27n1545_186:0935c21_14']	有緣初靜慮乃至非想非非想處諸行滅。	有緣初靜慮乃至非想非非想處諸行滅。	There are those that take the cessation of activities up to the sphere of neither-perception-nor-non-perception in the first meditation as their object.
['T27n1545_186:0935c22_7']	道類智滅道法智如前說。	道類智滅道法智如前說。	The cessation of the knowledge of the path and the knowledge of the dharmas of the path are as explained above.
['T27n1545_186:0935c23_6']	依初靜慮起無間道離第四靜慮染時。	依初靜慮起無間道離第四靜慮染時。	When one, relying on the first meditation, gives rise to the uninterrupted path to abandon the defilements of the fourth meditation,
['T27n1545_186:0935c24_1']	苦集類智唯緣第四靜慮苦集。	苦集類智唯緣第四靜慮苦集。	the knowledge of suffering and the knowledge of the aggregates only take the suffering and aggregates of the fourth meditation as their object.
['T27n1545_186:0935c24_14']	滅類智有唯緣初靜慮諸行滅。	滅類智有唯緣初靜慮諸行滅。	The knowledge of cessation has only the cessation of activities up to the first meditation as its object.
['T27n1545_186:0935c25_9']	乃至有唯緣第四靜慮諸行滅。	乃至有唯緣第四靜慮諸行滅。	Up to having only the cessation of activities up to the fourth meditation as its object.
['T27n1545_186:0935c26_2']	有緣初第二靜慮諸行滅。	有緣初第二靜慮諸行滅。	There is [a path of action] that takes the cessation of activities in the first and second dhyānas as its object.
['T27n1545_186:0935c26_14']	有緣第二第三靜慮諸行滅。	有緣第二第三靜慮諸行滅。	There is [a path of action] that takes the cessation of activities in the second and third dhyānas as its object.
['T27n1545_186:0935c27_8']	有緣第三第四靜慮諸行滅。	有緣第三第四靜慮諸行滅。	There is [a path of action] that takes the cessation of activities in the third and fourth dhyānas as its object.
['T27n1545_186:0935c28_4']	有緣第四靜慮空無邊處諸行滅。	有緣第四靜慮空無邊處諸行滅。	There is [a path of action] that takes the cessation of activities in the fourth dhyāna and the sphere of infinite space as its object.
['T27n1545_186:0935c28_17']	有緣初第二第三靜慮諸行滅。	有緣初第二第三靜慮諸行滅。	There is [a path of action] that takes the cessation of activities in the first, second, and third dhyānas as its object.
['T27n1545_186:0935c29_12']	有緣第二第三第四靜慮諸行滅。	有緣第二第三第四靜慮諸行滅。	There is [a path of action] that takes the cessation of activities in the second, third, and fourth dhyānas as its object.
['T27n1545_186:0936a01_11']	有緣第三第四靜慮空無邊處諸行滅。	有緣第三第四靜慮空無邊處諸行滅。	There is [a path of action] that takes the cessation of activities in the third, fourth dhyānas, and the sphere of infinite space as its object.
['T27n1545_186:0936a02_8']	有緣第四靜慮空識無邊處諸行滅。	有緣第四靜慮空識無邊處諸行滅。	There is [a path of action] that takes the cessation of activities in the fourth dhyāna and the sphere of infinite consciousness as its object.
['T27n1545_186:0936a03_3']	有緣初乃至第四靜慮諸行滅。	有緣初乃至第四靜慮諸行滅。	There is [a path of action] that takes the cessation of activities in the first through fourth dhyānas as its object.
['T27n1545_186:0936a04_1']	有緣第二靜慮乃至空無邊處諸行滅。	有緣第二靜慮乃至空無邊處諸行滅。	There is [a path of action] that takes the cessation of activities in the second through fourth dhyānas and the sphere of infinite space as its object.
['T27n1545_186:0936a04_17']	有緣第三靜慮乃至識無邊處諸行滅。	有緣第三靜慮乃至識無邊處諸行滅。	There is [a path of action] that takes the cessation of activities in the third through fourth dhyānas and the sphere of infinite consciousness as its object.
['T27n1545_186:0936a05_14']	有緣第四靜慮乃至無所有處諸行滅。	有緣第四靜慮乃至無所有處諸行滅。	There is [a path of action] that takes the cessation of activities in the fourth dhyāna and the sphere of nothingness as its object.
['T27n1545_186:0936a06_7']	五六七八地合緣如前說。	五六七八地合緣如前說。	The combination of objects of the fifth, sixth, seventh, and eighth grounds is explained as above.
['T27n1545_186:0936a07_1']	道類智滅道法智亦如前說。	道類智滅道法智亦如前說。	The extinction and path knowledge of the path class are also as previously explained.
['T27n1545_186:0936a07_17']	依初靜慮起無間道離空無邊處染時。	依初靜慮起無間道離空無邊處染時。	When the uninterrupted path of the first meditation arises, separating from the defilement of the sphere of infinite space,
['T27n1545_186:0936a08_12']	苦集類智唯緣空無邊處苦集。	苦集類智唯緣空無邊處苦集。	the knowledge of suffering and accumulation only takes the suffering and accumulation of the sphere of infinite space as objects.
['T27n1545_186:0936a09_8']	滅類智有唯緣初靜慮諸行滅。	滅類智有唯緣初靜慮諸行滅。	The knowledge of extinction has only that which takes the extinction of the activities of the first meditation as its object,
['T27n1545_186:0936a10_3', 'T27n1545_186:0936a10_14']	乃至有唯緣空無邊處諸行滅。🔽有緣初第二靜慮諸行滅。	乃至有唯緣空無邊處諸行滅。 有緣初第二靜慮諸行滅。	up to that which only takes the extinction of the activities of the sphere of infinite space as its object.🔽There is that which takes the extinction of the activities of the first and second meditations as its object,
['T27n1545_186:0936a11_8']	有緣第二第三靜慮諸行滅。	有緣第二第三靜慮諸行滅。	there is that which takes the extinction of the activities of the second and third meditations as its object,
['T27n1545_186:0936a12_2']	有緣第三第四靜慮諸行滅。	有緣第三第四靜慮諸行滅。	there is that which takes the extinction of the activities of the third and fourth meditations as its object,
['T27n1545_186:0936a12_16']	有緣第四靜慮空無邊處諸行滅。	有緣第四靜慮空無邊處諸行滅。	there is that which takes the extinction of the activities of the fourth meditation and the sphere of infinite space as its object,
['T27n1545_186:0936a13_9']	有緣空識無邊處諸行滅。	有緣空識無邊處諸行滅。	there is that which takes the extinction of the activities of the sphere of infinite space and the sphere of infinite consciousness as its object,
['T27n1545_186:0936a14_5']	有緣初第二第三靜慮諸行滅。	有緣初第二第三靜慮諸行滅。	there is that which takes the extinction of the activities of the first, second, and third meditations as its object,
['T27n1545_186:0936a15_2', 'T27n1545_186:0936a16_1']	有緣第二第三第四靜慮諸行滅。🔽有緣第三第四靜慮空無邊處諸行滅。	有緣第二第三第四靜慮諸行滅。 有緣第三第四靜慮空無邊處諸行滅。	there is that which takes the extinction of the activities of the second, third, and fourth meditations as its object,🔽there is that which takes the extinction of the activities of the third, fourth meditations, and the sphere of infinite space as its object,
['T27n1545_186:0936a16_16']	有緣第四靜慮空識無邊處諸行滅。	有緣第四靜慮空識無邊處諸行滅。	there is that which takes the extinction of the activities of the fourth meditation, the sphere of infinite space, and the sphere of infinite consciousness as its object.
['T27n1545_186:0936a17_13']	有緣空識無邊處無所有處諸行滅。	有緣空識無邊處無所有處諸行滅。	There are those who, based on the cessation of the activities of the sphere of infinite space, the sphere of infinite consciousness, and the sphere of nothingness,
['T27n1545_186:0936a18_7']	四五六七八地合緣如前說。	四五六七八地合緣如前說。	The fourth, fifth, sixth, seventh, and eighth grounds are combined and taken as objects as explained before.
['T27n1545_186:0936a19_1']	道類智滅道法智亦如前說。	道類智滅道法智亦如前說。	The cessation of the knowledge of the species of the path and the knowledge of the dharmas of the path are also as explained before.
['T27n1545_186:0936a19_17']	依初靜慮起無間道離識無邊處染時。	依初靜慮起無間道離識無邊處染時。	When, based on the first meditation, one gives rise to the uninterrupted path that is free from the defilements of the sphere of infinite consciousness,
['T27n1545_186:0936a20_12']	苦集類智唯緣識無邊處苦集。	苦集類智唯緣識無邊處苦集。	The knowledge of suffering and the knowledge of the species of the cause only take the suffering and cause of the sphere of infinite consciousness as objects.
['T27n1545_186:0936a21_7']	滅類智有唯緣初靜慮諸行滅。	滅類智有唯緣初靜慮諸行滅。	The knowledge of the species of cessation only takes the cessation of the activities of the first meditation as an object.
['T27n1545_186:0936a22_2', 'T27n1545_186:0936a22_13']	乃至有唯緣識無邊處諸行滅。🔽有緣初第二靜慮諸行滅。	乃至有唯緣識無邊處諸行滅。 有緣初第二靜慮諸行滅。	Up to there are those that only take the cessation of the activities of the sphere of infinite consciousness as an object.🔽There are those that take the activities of the first and second meditations as an object.
['T27n1545_186:0936a23_7']	有緣第二第三靜慮諸行滅。	有緣第二第三靜慮諸行滅。	There are those that take the activities of the second and third meditations as an object.
['T27n1545_186:0936a24_1']	有緣第三第四靜慮諸行滅。	有緣第三第四靜慮諸行滅。	There are those that take the activities of the third and fourth meditations as an object.
['T27n1545_186:0936a24_15', 'T27n1545_186:0936a25_8']	有緣第四靜慮空無邊處諸行滅。🔽有緣空識無邊處諸行滅。	有緣第四靜慮空無邊處諸行滅。 有緣空識無邊處諸行滅。	There are those that take the activities of the fourth meditation and the sphere of infinite space as an object.🔽There are those that take the activities of the sphere of infinite space and the sphere of infinite consciousness as an object.
['T27n1545_186:0936a26_4']	有緣識無邊處無所有處諸行滅。	有緣識無邊處無所有處諸行滅。	There are those that take the activities of the sphere of infinite consciousness and the sphere of nothingness as an object.
['T27n1545_186:0936a26_17']	有緣初第二第三靜慮諸行滅。	有緣初第二第三靜慮諸行滅。	There are those that take the activities of the first, second, and third meditations as an object.
['T27n1545_186:0936a27_12']	有緣第二第三第四靜慮諸行滅。	有緣第二第三第四靜慮諸行滅。	There are those that take as their object the cessation of the activities of the second, third, and fourth dhyānas.
['T27n1545_186:0936a28_11']	有緣第三第四靜慮空無邊處諸行滅。	有緣第三第四靜慮空無邊處諸行滅。	There are those that take as their object the cessation of the activities of the sphere of infinite space and the third and fourth dhyānas.
['T27n1545_186:0936a29_8', 'T27n1545_186:0936b01_5']	有緣第四靜慮空識無邊處諸行滅。🔽有緣空識無邊處無所有處諸行滅。	有緣第四靜慮空識無邊處諸行滅。 有緣空識無邊處無所有處諸行滅。	There are those that take as their object the cessation of the activities of the sphere of infinite consciousness and the fourth dhyāna.🔽There are those that take as their object the cessation of the activities of the sphere of nothingness and the sphere of infinite consciousness.
['T27n1545_186:0936b02_7']	有緣識無邊處無所有處非想非非想處諸行滅。	有緣識無邊處無所有處非想非非想處諸行滅。	There are those that take as their object the cessation of the activities of the sphere of neither-perception-nor-non-perception and the sphere of infinite consciousness.
['T27n1545_186:0936b03_1', 'T27n1545_186:0936b03_13', 'T27n1545_186:0936b04_11', 'T27n1545_186:0936b05_7']	四五六七八地合緣如前說。🔽道類智滅道法智亦如前說。🔽依初靜慮起無間道離無所有處染時。🔽苦集類智唯緣無所有處苦集。	四五六七八地合緣如前說。 道類智滅道法智亦如前說。 依初靜慮起無間道離無所有處染時。 苦集類智唯緣無所有處苦集。	The fourth, fifth, sixth, seventh, and eighth grounds take as their objects the cessation of the activities of the four formless concentrations, as explained above.🔽The path of insight into the cessation of the path of insight into the truths and the path of insight into the truths of suffering and accumulation only take as their objects the suffering and accumulation of the sphere of nothingness.
['T27n1545_186:0936b06_3']	滅類智有唯緣初靜慮諸行滅。	滅類智有唯緣初靜慮諸行滅。	The path of insight into the cessation of the path of insight into the truths of suffering and accumulation only takes as its object the cessation of the activities of the first dhyāna.
['T27n1545_186:0936b06_16', 'T27n1545_186:0936b07_9']	乃至有唯緣無所有處諸行滅。🔽有緣初第二靜慮諸行滅。	乃至有唯緣無所有處諸行滅。 有緣初第二靜慮諸行滅。	Up to those that only take as their object the cessation of the activities of the sphere of nothingness.🔽There are those that take as their object the cessation of the activities of the first and second dhyānas.
['T27n1545_186:0936b08_4']	有緣第二第三靜慮諸行滅。	有緣第二第三靜慮諸行滅。	There are those that take as their object the cessation of the activities of the second and third dhyānas.
['T27n1545_186:0936b08_16']	有緣第三第四靜慮諸行滅。	有緣第三第四靜慮諸行滅。	There are those that take the cessation of the activities of the third and fourth dhyanas as their object.
['T27n1545_186:0936b09_12']	有緣第四靜慮空無邊處諸行滅。	有緣第四靜慮空無邊處諸行滅。	There are those that take the cessation of the activities of the fourth dhyana and the sphere of infinite space as their object.
['T27n1545_186:0936b10_6', 'T27n1545_186:0936b11_2']	有緣空識無邊處諸行滅。🔽有緣識無邊處無所有處諸行滅。	有緣空識無邊處諸行滅。 有緣識無邊處無所有處諸行滅。	There are those that take the cessation of the activities of the sphere of infinite space and the sphere of infinite consciousness as their object.🔽There are those that take the cessation of the activities of the sphere of infinite consciousness and the sphere of nothingness as their object.
['T27n1545_186:0936b11_18']	有緣無所有處非想非非想處諸行滅。	有緣無所有處非想非非想處諸行滅。	There are those that take the cessation of the activities of the sphere of nothingness and the sphere of neither-perception-nor-non-perception as their object.
['T27n1545_186:0936b12_12']	三四五六七八地合緣如前說。	三四五六七八地合緣如前說。	The combined objects of the fourth, fifth, sixth, seventh, and eighth stages are as explained above.
['T27n1545_186:0936b13_6']	道類智滅道法智亦如前說。	道類智滅道法智亦如前說。	The cessation of the path of insight and the path of insight into the dharmas are also as explained above.
['T27n1545_186:0936b14_7']	依初靜慮起無間道離非想非非想處染時。	依初靜慮起無間道離非想非非想處染時。	When one, relying on the first dhyana, gives rise to the uninterrupted path to detach from the defilements of the sphere of neither-perception-nor-non-perception,
['T27n1545_186:0936b15_4']	苦集類智唯緣非想非非想處苦集。	苦集類智唯緣非想非非想處苦集。	The insight into suffering and its cause only takes the suffering and its cause in the sphere of neither-perception-nor-non-perception as their object.
['T27n1545_186:0936b15_17']	滅類智有唯緣初靜慮諸行滅。	滅類智有唯緣初靜慮諸行滅。	The insight into cessation only takes the cessation of the activities of the first dhyana as its object.
['T27n1545_186:0936b16_13']	乃至有唯緣非想非非想處諸行滅。	乃至有唯緣非想非非想處諸行滅。	Up to only taking the cessation of the activities of the sphere of neither-perception-nor-non-perception as its object.
['T27n1545_186:0936b17_9']	二三四五六七八地合緣如前說。	二三四五六七八地合緣如前說。	The combined objects of the second, third, fourth, fifth, sixth, seventh, and eighth stages are as explained above.
['T27n1545_186:0936b18_3']	道類智滅道法智亦如前說。	道類智滅道法智亦如前說。	The cessation of the path of insight and the path of insight into the dharmas are also as explained above.
['T27n1545_186:0936b19_12']	如是依第二靜慮起無間道離第二靜慮乃至非想非非想處染。	如是依第二靜慮起無間道離第二靜慮乃至非想非非想處染。	In this way, based on the second concentration, one gives rise to the uninterrupted path to abandon the defilements of the second concentration up to the sphere of neither-perception-nor-non-perception.
['T27n1545_186:0936b20_6']	乃至依無所有處起無間道。	乃至依無所有處起無間道。	Up to based on the sphere of nothingness, one gives rise to the uninterrupted path.
['T27n1545_186:0936b21_2']	離無所有處及非想非非想處染。	離無所有處及非想非非想處染。	Abandoning the defilements of the sphere of nothingness and the sphere of neither-perception-nor-non-perception.
['T27n1545_186:0936b21_11']	如其所應皆當廣說。	如其所應皆當廣說。	As appropriate, all should be explained in detail.
['T27n1545_186:0936b21_16']	有差別者。	有差別者。	There are differences.
['T27n1545_186:0936b22_2']	三無色地。	三無色地。	In the three formless realms,
['T27n1545_186:0936b22_7']	除二法智。	除二法智。	exclude the two Dharma knowledges,
['T27n1545_186:0936b22_15']	及不能緣下地滅。	及不能緣下地滅。	and cannot take the cessation of the lower realms as object.
['T27n1545_186:0936b23_6']	如是即說生欲界者。	如是即說生欲界者。	In this way, it is said that one born in the desire realm,
['T27n1545_186:0936b24_3']	若生色無色界一切法智皆不現起。	若生色無色界一切法智皆不現起。	if born in the form or formless realms, all Dharma knowledges do not manifest.
['T27n1545_186:0936b24_12']	生彼上地不緣下滅。	生彼上地不緣下滅。	Being born in the higher realms does not take the cessation of the lower realms as object.
['T27n1545_186:0936b24_17']	如無間道。	如無間道。	Like the uninterrupted path,
['T27n1545_186:0936b25_5']	解脫道亦爾。	解脫道亦爾。	the liberation path is also like this.
['T27n1545_186:0936b26_5']	唯除離非想非非想處下下品染解脫道。	唯除離非想非非想處下下品染解脫道。	Only excluding the liberation path that abandons the lowest of the low defilements of the sphere of neither-perception-nor-non-perception,
['T27n1545_186:0936b26_14']	唯容得有苦集類智。	唯容得有苦集類智。	only allowing for the knowledge of suffering and accumulation.🔽Here is the corrected and aligned text:
['T27n1545_186:0936b28_100']	說一切有部發智大毘婆沙論卷第一百八十六	說一切有部發智大毘婆沙論卷第一百八十六	Abhidharma-mahāvibhāṣā-śāstra, fascicle 186
