segmentnr	original	analyzed	translated
['T27n1545_005:0020b14_0']	阿毘達磨大毘婆沙論卷第五	阿毘達磨大毘婆沙論卷第五	Abhidharma-mahāvibhāṣā-śāstra, fascicle 5
['T27n1545_005:0020b16_0']	五百大阿羅漢等造	五百大阿羅漢等造	Composed by 500 great arhats and others🔽Translated by Tripiṭaka Master Xuanzang on imperial command
['T27n1545_005:0020b17_0', 'T27n1545_005:0020b19_4']	三藏法師玄奘奉　詔譯🔽4雜蘊第一中世第一法納息第一之四世第一法。	三藏法師玄奘奉　詔譯 4雜蘊第一中世第一法納息第一之四世第一法。	Tripiṭaka master Xuanzang respectfully translated by imperial decree🔽4. Miscellaneous Aggregates, Part 1, Chapter on the Attainment of the Highest Mundane State, Section 1.4, on the Attainment of the Highest Mundane State.
['T27n1545_005:0020b19_12']	當言一心多心耶。	當言一心多心耶。	Should it be said to be one mind or many minds?
['T27n1545_005:0020b19_17']	乃至廣說。	乃至廣說。	... and so on at length.
['T27n1545_005:0020b20_5']	問何故作此論。	問何故作此論。	Question: Why was this treatise composed?
['T27n1545_005:0020b20_15']	答雖已說彼相應差別。	答雖已說彼相應差別。	Answer: Although the distinctions in association have already been explained,
['T27n1545_005:0020b21_6']	而未顯示現前多少。	而未顯示現前多少。	the present number has not yet been revealed.
['T27n1545_005:0020b21_15']	今欲顯示唯一剎那。	今欲顯示唯一剎那。	Now, in order to reveal that there is only one instant,
['T27n1545_005:0020b22_13']	故作斯論復次為欲遮遣他宗義故。	故作斯論復次為欲遮遣他宗義故。	this treatise is composed. Furthermore, in order to refute the meaning of other schools,
['T27n1545_005:0020b23_3']	如分別論者執。	如分別論者執。	such as the proponents of discrimination,🔽who hold that
['T27n1545_005:0020b23_8']	世第一法。	世第一法。	the supreme worldly dharmas
['T27n1545_005:0020b23_13']	相續現前。	相續現前。	appear in a continuum.
['T27n1545_005:0020b24_3']	彼說相續總有三種。	彼說相續總有三種。	They say that there are three kinds of continua in general:
['T27n1545_005:0020b24_8']	一時相續。	一時相續。	1. temporal continuum,
['T27n1545_005:0020b24_13']	二生相續。	二生相續。	2. continuum of birth,
['T27n1545_005:0020b24_19', 'T27n1545_005:0020b25_4']	三相似相續。🔽世第一法。	三相似相續。 世第一法。	3. continuum of similarity.🔽Although the supreme worldly dharmas
['T27n1545_005:0020b25_9']	雖無前二。	雖無前二。	lack the first two,
['T27n1545_005:0020b25_14']	而有後一。	而有後一。	they have the latter one.🔽Now, in order to refute the meaning they hold and to show that the supreme worldly dharmas appear in only one moment,
['T27n1545_005:0020b26_14']	今欲遮遣彼所執義顯世第一法唯一念現前。	今欲遮遣彼所執義顯世第一法唯一念現前。	Now, in order to refute the meaning they grasp and show that the supreme worldly dharma appears in only one moment,
['T27n1545_005:0020b27_7']	復次為令疑者得決定故。	復次為令疑者得決定故。	Furthermore, in order to make the doubtful attain certainty.
['T27n1545_005:0020b27_12']	謂先已說。	謂先已說。	It is said that previously it was said:
['T27n1545_005:0020b27_18']	若心心所法。	若心心所法。	If the mind and mental factors
['T27n1545_005:0020b28_9']	為等無間入正性離生。	為等無間入正性離生。	are the immediately preceding condition for entering the correct separation from birth,
['T27n1545_005:0020b28_16']	是謂世第一法。	是謂世第一法。	this is called the supreme worldly dharmas.
['T27n1545_005:0020b29_3']	勿有生疑。	勿有生疑。	Do not give rise to doubt,
['T27n1545_005:0020b29_16']	如心所法既有多種心亦應然。	如心所法既有多種心亦應然。	just as the mental factors are of many kinds, the mind should also be so.
['T27n1545_005:0020c01_8']	為令彼疑得決定故。	為令彼疑得決定故。	In order to make that doubt certain,
['T27n1545_005:0020c02_5', 'T27n1545_005:0020c02_10']	顯心所法雖有多種而心唯一。🔽由此因緣。	顯心所法雖有多種而心唯一。 由此因緣。	it is shown that although the mental factors are of many kinds, the mind is only one.🔽For this reason,
['T27n1545_005:0020c02_15']	故作斯論。	故作斯論。	therefore this treatise is composed.
['T27n1545_005:0020c03_8']	世第一法當言一心多心耶。	世第一法當言一心多心耶。	Should the supreme worldly dharmas be said to be one mind or many minds?
['T27n1545_005:0020c03_14']	答應言一心。	答應言一心。	The answer is: they should be said to be one mind.
['T27n1545_005:0020c04_2']	問如前已說。	問如前已說。	The question is: as previously stated,
['T27n1545_005:0020c04_7']	未來修者。	未來修者。	those cultivated in the future
['T27n1545_005:0020c04_16']	亦得名為世第一法。	亦得名為世第一法。	are also called supreme worldly dharmas.
['T27n1545_005:0020c05_6']	是則此法應有多心。	是則此法應有多心。	Then this dharma should have many minds.
['T27n1545_005:0020c05_15']	而言一心斯有何意。	而言一心斯有何意。	What is the meaning of saying it is one mind?
['T27n1545_005:0020c06_11']	答此中但說現在前者故言一心。	答此中但說現在前者故言一心。	The answer is: here it is only said that what is present is one mind.
['T27n1545_005:0020c07_8']	問今於此中何故不說未來修者。	問今於此中何故不說未來修者。	The question is: why is it not said here about those cultivated in the future?
['T27n1545_005:0020c07_16']	答應說而不說者。	答應說而不說者。	The answer is that although it should be explained, it is not explained.
['T27n1545_005:0020c08_5']	當知此義有餘。	當知此義有餘。	One should know that this meaning is incomplete.
['T27n1545_005:0020c08_14']	此中復有多復次釋。	此中復有多復次釋。	Here there are also many further explanations.
['T27n1545_005:0020c09_5']	前已說故今不說之。	前已說故今不說之。	Because they have already been explained before, they are not explained now.
['T27n1545_005:0020c09_14']	雖說一心而未釋義。	雖說一心而未釋義。	Although it is said to be a single mind, the meaning has not yet been explained.
['T27n1545_005:0020c10_6']	何故此法非多心耶。	何故此法非多心耶。	Why is this dharma not many minds?
['T27n1545_005:0020c10_15']	非但有言義則可了。	非但有言義則可了。	The meaning cannot be understood merely by words.
['T27n1545_005:0020c11_7']	答從此心心所法無間。	答從此心心所法無間。	The answer is: immediately after this mind and mental factors,
['T27n1545_005:0020c12_2']	不起餘世間心唯起出世心。	不起餘世間心唯起出世心。	no other worldly mind arises, only the supramundane mind arises.
['T27n1545_005:0020c12_13']	世間心者謂有漏墮有心。	世間心者謂有漏墮有心。	The worldly mind refers to the defiled mind that falls into existence.
['T27n1545_005:0020c13_7']	即所遮止第二念等世第一法。	即所遮止第二念等世第一法。	It is the second moment and so on of the supreme worldly dharmas that are being refuted.
['T27n1545_005:0020c13_12']	出世心者。	出世心者。	The supramundane mind refers to
['T27n1545_005:0020c13_19']	謂無漏斷有心。	謂無漏斷有心。	the undefiled mind that cuts off existence.
['T27n1545_005:0020c14_12']	即所引起苦法智忍相應之心。	即所引起苦法智忍相應之心。	It is the mind associated with the acceptance of the knowledge of the dharma with regard to suffering that is being aroused.
['T27n1545_005:0020c15_4']	若當起餘世間心者。	若當起餘世間心者。	If another worldly mind were to arise,
['T27n1545_005:0020c15_11']	為劣為等為勝。	為劣為等為勝。	would it be inferior, equal, or superior?
['T27n1545_005:0020c15_16']	無有是處。	無有是處。	This is impossible.
['T27n1545_005:0020c16_7']	為分別故假設斯問。	為分別故假設斯問。	The question is hypothetically posed for the sake of discrimination.
['T27n1545_005:0020c16_12']	劣等勝者。	劣等勝者。	The inferior, equal, and superior ones
['T27n1545_005:0020c16_17']	對前剎那。	對前剎那。	refer to the preceding moment.
['T27n1545_005:0020c17_3']	但有三故。	但有三故。	There are only three possibilities.
['T27n1545_005:0020c17_16']	若當劣者應不能入正性離生。	若當劣者應不能入正性離生。	If it were inferior, it should not be able to enter the correct separation from birth.
['T27n1545_005:0020c18_2']	何以故。	何以故。	Why is it so?
['T27n1545_005:0020c18_14']	非以退道能入正性離生故。	非以退道能入正性離生故。	It is because the path of retrogression cannot enter the correct separation from birth.
['T27n1545_005:0020c19_15']	謂非衰退萎悴墜落破壞之道能入正性離生。	謂非衰退萎悴墜落破壞之道能入正性離生。	That is to say, the path of retrogression, decay, depression, falling, breaking, and destruction cannot enter the correct separation from birth.
['T27n1545_005:0020c20_10']	要以勝進增盛勇猛堅固之道。	要以勝進增盛勇猛堅固之道。	It is necessary to rely on the path of progress, increase, vigor, firmness, and solidity.
['T27n1545_005:0020c21_1']	能入正性離生故。	能入正性離生故。	Only then can one enter the correct separation from birth.
['T27n1545_005:0020c21_6']	若當等者。	若當等者。	If it were equal,
['T27n1545_005:0020c21_15']	亦不能入正性離生。	亦不能入正性離生。	it also would not be able to enter the correct separation from birth.
['T27n1545_005:0020c21_19']	何以故。	何以故。	Why is it so?
['T27n1545_005:0020c22_13']	先以此類道不能入正性離生故。	先以此類道不能入正性離生故。	It is because this type of path was previously unable to enter the correct separation from birth.
['T27n1545_005:0020c23_3']	謂此初後品類。	謂此初後品類。	That is to say, this initial and subsequent type
['T27n1545_005:0020c23_10']	相似如初剎那。	相似如初剎那。	is similar to the initial moment.
['T27n1545_005:0020c23_17']	有障礙有留難。	有障礙有留難。	It has obstacles and hindrances,
['T27n1545_005:0020c24_3']	無勢力故。	無勢力故。	and lacks power.
['T27n1545_005:0020c24_11']	不能入正性離生。	不能入正性離生。	Therefore, it cannot enter the correct separation from birth.
['T27n1545_005:0020c25_7']	後諸剎那亦應如是如初剎那。	後諸剎那亦應如是如初剎那。	The subsequent moments should also be like this, just like the initial moment.
['T27n1545_005:0020c25_16']	不能無間引起聖道。	不能無間引起聖道。	It cannot immediately give rise to the noble path.
['T27n1545_005:0020c26_7']	後諸剎那亦應如是。	後諸剎那亦應如是。	The subsequent moments should also be like this.
['T27n1545_005:0020c26_12']	品類同故。	品類同故。	Because the types are the same.
['T27n1545_005:0020c27_7']	則應究竟不能證入正性離生。	則應究竟不能證入正性離生。	Then one would be ultimately unable to realize and enter the state of certainty beyond birth.
['T27n1545_005:0020c27_16']	如是應無解脫出離。	如是應無解脫出離。	In this way, there would be no liberation or escape.
['T27n1545_005:0020c28_4', 'T27n1545_005:0020c28_12']	若當勝者。🔽先應非世第一法。	若當勝者。 先應非世第一法。	If it were superior,🔽it should not be the supreme worldly dharma first,
['T27n1545_005:0020c29_2']	後方是世第一法。	後方是世第一法。	and only later be the supreme worldly dharma.
['T27n1545_005:0020c29_9']	以世第一法聲。	以世第一法聲。	Because the term supreme worldly dharma
['T27n1545_005:0020c29_16']	顯最勝等義故。	顯最勝等義故。	expresses the meaning of supreme excellence, etc.
['T27n1545_005:0021a01_8']	問先者既非世第一法。	問先者既非世第一法。	Question: If the former is not the supreme worldly dharma,
['T27n1545_005:0021a01_13']	為是何法。	為是何法。	what dharma is it?
['T27n1545_005:0021a02_1', 'T27n1545_005:0021a02_13']	答是增上忍。🔽問何故見道唯勝加行無間。	答是增上忍。 問何故見道唯勝加行無間。	Answer: It is the supreme forbearance.
['T27n1545_005:0021a03_1']	引生於修道。	引生於修道。	Question: Why does the path of seeing only give rise to the path of cultivation immediately after the supreme worldly dharma,
['T27n1545_005:0021a03_7', 'T27n1545_005:0021a03_12']	中引生聖道。🔽通劣等勝。	中引生聖道。 通劣等勝。	and not give rise to the noble path?
['T27n1545_005:0021a04_3', 'T27n1545_005:0021a04_8']	答以見道是未曾得道。🔽要多功用。	答以見道是未曾得道。 要多功用。	Answer: The path of seeing is a previously unattained path,
['T27n1545_005:0021a04_13']	加行作意。	加行作意。	and requires much effort and intention in practice
['T27n1545_005:0021a04_18']	方能現前。	方能現前。	in order to manifest.
['T27n1545_005:0021a05_5']	是故唯勝加行。	是故唯勝加行。	Therefore, only the superior practice
['T27n1545_005:0021a05_10']	引起修道。	引起修道。	can give rise to the path of cultivation.
['T27n1545_005:0021a05_17', 'T27n1545_005:0021a06_4']	既是本曾得道。🔽不多功用。	既是本曾得道。 不多功用。	Since it is a previously attained path,
['T27n1545_005:0021a06_13']	加行作意而現在前。	加行作意而現在前。	it does not require much effort and intention in practice to manifest.
['T27n1545_005:0021a07_3']	故劣等勝皆能引起。	故劣等勝皆能引起。	Therefore, it can give rise to the inferior, equal, and superior [paths].
['T27n1545_005:0021a07_13']	然世第一法與第一法。	然世第一法與第一法。	However, the supreme worldly dharmas and the supreme dharmas,
['T27n1545_005:0021a08_2']	為因緣增上緣。	為因緣增上緣。	are the conditions of cause and dominant condition.
['T27n1545_005:0021a08_9']	因緣者有三因。	因緣者有三因。	The conditions of cause have three causes,
['T27n1545_005:0021a08_14', 'T27n1545_005:0021a08_18']	謂相應因。🔽俱有因。	謂相應因。 俱有因。	namely, the condition of association,🔽the condition of co-existence,
['T27n1545_005:0021a09_2']	同類因。	同類因。	and the condition of the same type.
['T27n1545_005:0021a09_7']	此是總說。	此是總說。	This is a general statement.
['T27n1545_005:0021a09_12']	若別說者。	若別說者。	If explained in detail,
['T27n1545_005:0021a10_2']	過去與過去為二因。	過去與過去為二因。	the past [dharmas] are two causes for the past [dharmas],
['T27n1545_005:0021a10_8']	謂相應俱有。	謂相應俱有。	namely, the condition of association and the condition of co-existence.
['T27n1545_005:0021a10_15']	與未來為一因。	與未來為一因。	They are one cause for the future,
['T27n1545_005:0021a11_8']	謂同類未來與未來為二因。	謂同類未來與未來為二因。	namely, the condition of the same type. The future [dharmas] are two causes for the future [dharmas],
['T27n1545_005:0021a11_14']	謂相應俱有。	謂相應俱有。	namely, the condition of association and the condition of co-existence.
['T27n1545_005:0021a12_5']	現在與現在為二因。	現在與現在為二因。	The present [dharmas] are two causes for the present [dharmas],
['T27n1545_005:0021a12_11']	謂相應俱有。	謂相應俱有。	namely, the condition of association and the condition of co-existence.
['T27n1545_005:0021a12_18']	與未來為一因。	與未來為一因。	They are one cause for the future,
['T27n1545_005:0021a13_7']	謂同類增上緣者。	謂同類增上緣者。	namely, the condition of the same type. The dominant condition is
['T27n1545_005:0021a13_16']	謂不礙生及唯不障。	謂不礙生及唯不障。	that which does not obstruct arising and only does not hinder.
['T27n1545_005:0021a14_4']	世第一法。	世第一法。	The supreme worldly dharmas,
['T27n1545_005:0021a14_11']	當言退不退耶。	當言退不退耶。	should they be said to be retrogressive or non-retrogressive?
['T27n1545_005:0021a14_16']	乃至廣說。	乃至廣說。	And so on at length.
['T27n1545_005:0021a15_4']	問何故作此論。	問何故作此論。	Question: Why is this treatise composed?
['T27n1545_005:0021a15_14']	答雖已說彼一心非多。	答雖已說彼一心非多。	Answer: Although it has already been said that they are one mind and not many,
['T27n1545_005:0021a16_5']	而未分別為退不退。	而未分別為退不退。	it has not yet been distinguished whether they are retrogressive or non-retrogressive.
['T27n1545_005:0021a16_14']	今欲分別故作此論。	今欲分別故作此論。	Now, in order to make distinctions, this treatise is composed.
['T27n1545_005:0021a17_7']	復次為止他宗顯正義故。	復次為止他宗顯正義故。	Moreover, in order to refute other schools and reveal the correct principle.
['T27n1545_005:0021a17_12']	謂或有執。	謂或有執。	That is to say, some hold the view that
['T27n1545_005:0021a18_3']	世第一法亦有退者。	世第一法亦有退者。	the supreme worldly dharmas can also retrogress.
['T27n1545_005:0021a18_8']	為止彼意。	為止彼意。	In order to refute this idea,
['T27n1545_005:0021a19_3']	顯示此法決定不退故作斯論。	顯示此法決定不退故作斯論。	to reveal that this dharma is definitely non-retrogressing, this treatise is composed.
['T27n1545_005:0021a19_14']	世第一法當言退不退耶。	世第一法當言退不退耶。	Should the supreme worldly dharmas be said to retrogress or not retrogress?
['T27n1545_005:0021a20_2']	答應言不退。	答應言不退。	Answer: It should be said that they do not retrogress.
['T27n1545_005:0021a20_15']	雖有此說應更顯示不退因緣。	雖有此說應更顯示不退因緣。	Although there is this statement, the reasons for non-retrogressing should be further revealed.
['T27n1545_005:0021a21_6']	非但有言義便顯了。	非但有言義便顯了。	It is not that the meaning is made clear merely by words.
['T27n1545_005:0021a21_15']	何故此法定不退耶。	何故此法定不退耶。	Why is this dharma definitely non-retrogressing?
['T27n1545_005:0021a22_2']	答世第一法。	答世第一法。	Answer: The supreme worldly dharmas
['T27n1545_005:0021a22_12']	隨順諦趣向諦臨入諦。	隨順諦趣向諦臨入諦。	accord with the truth, approach the truth, and are about to enter the truth.
['T27n1545_005:0021a22_17', 'T27n1545_005:0021a23_7']	此彼中間。🔽無容得起不相似心。	此彼中間。 無容得起不相似心。	Between this and that,🔽there is no room for the arising of dissimilar thoughts,
['T27n1545_005:0021a23_16']	令不得入聖諦現觀。	令不得入聖諦現觀。	causing one to be unable to enter into the realization of the noble truths.
['T27n1545_005:0021a24_8']	問云何名為隨順諦。	問云何名為隨順諦。	Question: What is meant by accord with the truth,
['T27n1545_005:0021a24_12']	趣向諦。	趣向諦。	approach the truth,
['T27n1545_005:0021a24_17']	臨入諦耶。	臨入諦耶。	and are about to enter the truth?
['T27n1545_005:0021a25_9']	有說此中現觀說名為諦。	有說此中現觀說名為諦。	Some say that here, realization is called the truth.
['T27n1545_005:0021a25_15']	謂世第一法。	謂世第一法。	That is to say, the supreme worldly dharmas.
['T27n1545_005:0021a26_2']	隨順現觀。	隨順現觀。	It is in accordance with realization.
['T27n1545_005:0021a26_7']	趣向現觀。	趣向現觀。	It is directed towards realization.
['T27n1545_005:0021a26_12']	臨入現觀。	臨入現觀。	It is about to enter realization.
['T27n1545_005:0021a27_4']	有說此中道諦說名為諦。	有說此中道諦說名為諦。	Some say that in this context the truth of the path is called the truth.
['T27n1545_005:0021a27_10', 'T27n1545_005:0021a27_15']	謂世第一法。🔽隨順道諦。	謂世第一法。 隨順道諦。	That is, the supreme worldly dharmas.🔽It is in accordance with the truth of the path.
['T27n1545_005:0021a28_1']	趣向道諦。	趣向道諦。	It is directed towards the truth of the path.
['T27n1545_005:0021a28_6']	臨入道諦。	臨入道諦。	It is about to enter the truth of the path.
['T27n1545_005:0021a28_17']	有說此中見道說名為諦。	有說此中見道說名為諦。	Some say that in this context the path of seeing is called the truth.
['T27n1545_005:0021a29_4', 'T27n1545_005:0021a29_9']	謂世第一法。🔽隨順見道。	謂世第一法。 隨順見道。	That is, the supreme worldly dharmas.🔽It is in accordance with the path of seeing.
['T27n1545_005:0021a29_14']	趣向見道。	趣向見道。	It is directed towards the path of seeing.
['T27n1545_005:0021a29_19']	臨入見道。	臨入見道。	It is about to enter the path of seeing.
['T27n1545_005:0021b01_10']	有說此中苦諦說名為諦。	有說此中苦諦說名為諦。	Some say that in this context the truth of suffering is called the truth.
['T27n1545_005:0021b01_16', 'T27n1545_005:0021b02_3']	謂世第一法。🔽隨順苦諦。	謂世第一法。 隨順苦諦。	That is, the supreme worldly dharmas.🔽It is in accordance with the truth of suffering.
['T27n1545_005:0021b02_8']	趣向苦諦。	趣向苦諦。	It is directed towards the truth of suffering.
['T27n1545_005:0021b02_13']	臨入苦諦。	臨入苦諦。	It is about to enter the truth of suffering.
['T27n1545_005:0021b03_5']	有說此中苦法智忍名諦。	有說此中苦法智忍名諦。	Some say that in this context the acceptance of the knowledge of the dharma of suffering is called the truth.
['T27n1545_005:0021b03_11', 'T27n1545_005:0021b03_18']	謂世第一法。🔽隨順苦法智忍。	謂世第一法。 隨順苦法智忍。	That is, the supreme worldly dharmas.🔽It is in accordance with the acceptance of the knowledge of the dharma of suffering.
['T27n1545_005:0021b04_6']	趣向苦法智忍。	趣向苦法智忍。	It is directed towards the acceptance of the knowledge of the dharma of suffering.
['T27n1545_005:0021b04_13']	臨入苦法智忍。	臨入苦法智忍。	It is about to enter the acceptance of the knowledge of the dharma of suffering.
['T27n1545_005:0021b05_4']	然於此中隨順有二。	然於此中隨順有二。	However, in this context there are two kinds of accordance.
['T27n1545_005:0021b05_10']	一趣向隨順。	一趣向隨順。	The first is the accordance of being directed towards.
['T27n1545_005:0021b05_16']	二臨入隨順。	二臨入隨順。	The second is the accordance of being about to enter.
['T27n1545_005:0021b06_1']	世第一法。	世第一法。	The supreme worldly dharmas.
['T27n1545_005:0021b06_7']	於苦法智忍。	於苦法智忍。	In the receptivity to the knowledge of the dharmas of suffering.
['T27n1545_005:0021b06_12']	具二隨順。	具二隨順。	Possesses two kinds of conformity.
['T27n1545_005:0021b06_18']	為等無間緣。	為等無間緣。	As the immediately antecedent condition.
['T27n1545_005:0021b07_3']	引生彼故。	引生彼故。	Because it induces the arising of that [receptivity].
['T27n1545_005:0021b07_8']	此彼中間。	此彼中間。	In the interval between this [supreme worldly dharma] and that [receptivity],
['T27n1545_005:0021b08_1']	無容得起不相似心者。	無容得起不相似心者。	There is no possibility of giving rise to a dissimilar mind.
['T27n1545_005:0021b08_8']	謂此世第一法。	謂此世第一法。	That is to say, between this supreme worldly dharma
['T27n1545_005:0021b08_16']	彼苦法智忍中間。	彼苦法智忍中間。	And that receptivity to the knowledge of the dharmas of suffering,
['T27n1545_005:0021b09_10']	無容得起有漏墮有不相似心。	無容得起有漏墮有不相似心。	There is no possibility of giving rise to a defiled mind that falls into existence and is dissimilar.
['T27n1545_005:0021b10_3']	令不得入聖諦現觀者。	令不得入聖諦現觀者。	It prevents one from entering into the direct realization of the noble truths.
['T27n1545_005:0021b10_14']	謂令苦法智忍不得現前。	謂令苦法智忍不得現前。	That is to say, it prevents the receptivity to the knowledge of the dharmas of suffering from being able to manifest.
['T27n1545_005:0021b11_2']	問世第一法。	問世第一法。	Question: The supreme worldly dharmas,
['T27n1545_005:0021b11_11']	既是有漏與無漏心。	既是有漏與無漏心。	Since they are defiled and dissimilar to the undefiled mind,
['T27n1545_005:0021b11_16', 'T27n1545_005:0021b12_11']	可不相似。🔽何故乃說有漏墮有心名不相似。	可不相似。 何故乃說有漏墮有心名不相似。	Why are they called dissimilar?
['T27n1545_005:0021b13_4']	無漏斷有心名相似耶。	無漏斷有心名相似耶。	Why is it that the undefiled mind that cuts off existence is called similar?
['T27n1545_005:0021b13_10']	答世第一法。	答世第一法。	Answer: The supreme worldly dharmas,
['T27n1545_005:0021b13_15']	厭惡有漏。	厭惡有漏。	Disdain defiled [dharmas],
['T27n1545_005:0021b14_1']	趣向無漏。	趣向無漏。	And aspire towards the undefiled.
['T27n1545_005:0021b14_10']	故說有漏名不相似。	故說有漏名不相似。	Therefore, defiled [dharmas] are called dissimilar,
['T27n1545_005:0021b14_16']	無漏名相似。	無漏名相似。	And the undefiled are called similar.
['T27n1545_005:0021b15_3']	背此向彼故。	背此向彼故。	Because they turn away from this [defiled] and aspire towards that [undefiled].
['T27n1545_005:0021b15_16']	猶如有人為自親里之所苦惱。	猶如有人為自親里之所苦惱。	It is like a person who is tormented by their own relatives.
['T27n1545_005:0021b16_7', 'T27n1545_005:0021b16_16']	依附他人以為救護。🔽於自親里作他人想。	依附他人以為救護。 於自親里作他人想。	Relying on others as their savior.🔽Regarding their own relatives as others.
['T27n1545_005:0021b17_7']	於他人處作親里想。	於他人處作親里想。	Regarding others as relatives.
['T27n1545_005:0021b17_12']	此亦如是。	此亦如是。	This is also like that.
['T27n1545_005:0021b17_17']	復有說者。	復有說者。	Furthermore, there are those who say:
['T27n1545_005:0021b18_3']	世第一法。	世第一法。	The supreme worldly dharmas.
['T27n1545_005:0021b18_14']	以與苦法智忍同辦一事。	以與苦法智忍同辦一事。	With the acceptance of the knowledge of the dharmas of suffering accomplishing the same task.
['T27n1545_005:0021b19_3']	謂捨異生性等。	謂捨異生性等。	Namely, abandoning the nature of ordinary beings, etc.
['T27n1545_005:0021b19_8', 'T27n1545_005:0021b19_13']	故說有漏。🔽名不相似。	故說有漏。 名不相似。	Therefore, it is said to be defiled.🔽It is called dissimilar.
['T27n1545_005:0021b19_19']	無漏名相似。	無漏名相似。	The undefiled is called similar.
['T27n1545_005:0021b20_5']	同辦一事故。	同辦一事故。	Because it accomplishes the same task.
['T27n1545_005:0021b20_10']	為於前義。	為於前義。	For the sake of the previous meaning.
['T27n1545_005:0021b20_15']	乃至愚夫。	乃至愚夫。	Up to the foolish and ignorant.
['T27n1545_005:0021b21_1']	亦能解了。	亦能解了。	Are also able to understand.
['T27n1545_005:0021b21_6']	故說現喻。	故說現喻。	Therefore, a present analogy is given.
['T27n1545_005:0021b22_3']	譬如壯士渡河渡谷渡山渡崖。	譬如壯士渡河渡谷渡山渡崖。	It is like a strong man crossing a river, crossing a valley, crossing a mountain, crossing a cliff.
['T27n1545_005:0021b22_10']	中間無能迴轉。	中間無能迴轉。	In the middle, he is unable to turn back.
['T27n1545_005:0021b22_17']	彼身還至本處。	彼身還至本處。	His body returns to its original place.
['T27n1545_005:0021b23_4']	或往餘處。	或往餘處。	Or goes to another place.
['T27n1545_005:0021b23_9']	先所發起。	先所發起。	What was previously initiated.
['T27n1545_005:0021b23_18']	增上身行未至所趣。	增上身行未至所趣。	The superior bodily actions have not yet reached their destination.
['T27n1545_005:0021b24_4']	必不止息。	必不止息。	They will certainly not cease.
['T27n1545_005:0021b24_13']	世第一法亦復如是。	世第一法亦復如是。	The supreme worldly dharmas are also like this.
['T27n1545_005:0021b24_17']	隨順諦。	隨順諦。	In accordance with the truth.🔽Approaching the truth.
['T27n1545_005:0021b25_2', 'T27n1545_005:0021b25_6']	趣向諦。🔽臨入諦。	趣向諦。 臨入諦。	Approaching the entry into the truth.
['T27n1545_005:0021b25_11']	此彼中間。	此彼中間。	Here and there in the middle.
['T27n1545_005:0021b26_1']	無容得起不相似心。	無容得起不相似心。	There is no room for the arising of a dissimilar mind.
['T27n1545_005:0021b26_10']	令不得入聖諦現觀。	令不得入聖諦現觀。	Preventing entry into the direct realization of the noble truths.
['T27n1545_005:0021b26_16']	此中渡河者。	此中渡河者。	Here, the one who crosses the river
['T27n1545_005:0021b27_8']	謂從此岸往趣彼岸。	謂從此岸往趣彼岸。	Refers to going from this shore to the other shore.
['T27n1545_005:0021b27_12', 'T27n1545_005:0021b28_7']	渡谷者。🔽謂從此邊往趣彼邊渡山者。	渡谷者。 謂從此邊往趣彼邊渡山者。	The one who crosses the valley🔽Refers to going from this side to the other side. The one who crosses the mountain
['T27n1545_005:0021b29_3']	謂從此峯往趣彼峯渡崖者。	謂從此峯往趣彼峯渡崖者。	Refers to going from this peak to that peak. The one who crosses the cliff
['T27n1545_005:0021b29_9', 'T27n1545_005:0021b29_14', 'T27n1545_005:0021c01_2']	謂從高趣下。🔽或如有人。🔽從屋𣖷墮。	謂從高趣下。 或如有人。 從屋𣖷墮。	Refers to going from high to low. The one who crosses the abyss🔽Refers to going from deep to shallow. The one who crosses the pit🔽Refers to going from the edge to the center. The one who crosses the house🔽Refers to going from the roof to the ground. The one who crosses the tree
['T27n1545_005:0021c01_7', 'T27n1545_005:0021c01_12']	未至地頃。🔽便起是心。	未至地頃。 便起是心。	Refers to going from the top to the bottom. The one who crosses the wall
['T27n1545_005:0021c02_3', 'T27n1545_005:0021c02_12', 'T27n1545_005:0021c02_17', 'T27n1545_005:0021c03_4']	我當騰踴却還本處。🔽彼如意不無如是事。🔽假使彼人。🔽或以神力。	我當騰踴却還本處。 彼如意不無如是事。 假使彼人。 或以神力。	Refers to going from the top to the bottom. The one who crosses the fence🔽Refers to going from the top to the bottom. The one who crosses the moat
['T27n1545_005:0021c03_9', 'T27n1545_005:0021c03_14']	或以呪術。🔽或以藥物。	或以呪術。 或以藥物。	Refers to going from the top to the bottom. The one who crosses the ditch
['T27n1545_005:0021c03_19', 'T27n1545_005:0021c04_4', 'T27n1545_005:0021c04_11']	還至本處。🔽可有是事。🔽然從世第一法。	還至本處。 可有是事。 然從世第一法。	Refers to going from the top to the bottom. The one who crosses the pit🔽Refers to going from the top to the bottom. The one who crosses the pit🔽Refers to going from the top to the bottom. The one who crosses the pit
['T27n1545_005:0021c04_18']	未至苦法智忍。	未至苦法智忍。	Refers to going from the top to the bottom. The one who crosses the pit🔽Refers to going from the top to the bottom. The one who crosses the pit🔽Refers to going from the top to the bottom. The one who crosses the pit🔽Refers to going from the top to the bottom. The one who crosses the pit🔽Refers to going from the top to the bottom. The one who crosses the pit🔽Refers to going from the top to the bottom. The one who crosses the pit🔽Refers to going from the top to the bottom. The one who crosses the pit🔽Refers to going from the top to the bottom. The one who crosses the pit🔽Refers to going from the top to the bottom. The one who crosses the pit🔽Refers to going from the top to the bottom. The one who crosses the pit🔽Refers to going from the top to the bottom. The one who crosses the pit
['T27n1545_005:0021c05_8']	中間能起不相似心。	中間能起不相似心。	In the middle, one can give rise to dissimilar minds.
['T27n1545_005:0021c05_17']	令不得入聖諦現觀。	令不得入聖諦現觀。	Causing one to be unable to enter into the direct realization of the noble truths.
['T27n1545_005:0021c06_4']	無有是處。	無有是處。	This is impossible.
['T27n1545_005:0021c06_13']	為令此義轉得明了。	為令此義轉得明了。	In order to make this meaning even clearer,
['T27n1545_005:0021c07_4']	故今復舉第二現喻。	故今復舉第二現喻。	Now, a second present analogy is given.
['T27n1545_005:0021c07_9']	如贍部洲。	如贍部洲。	Like in Jambudvīpa,
['T27n1545_005:0021c07_14']	有五大河。	有五大河。	There are five great rivers.
['T27n1545_005:0021c07_19']	一名殑伽。	一名殑伽。	The first is called Gaṅgā.
['T27n1545_005:0021c08_5']	二名閻母那。	二名閻母那。	The second is called Yamunā.
['T27n1545_005:0021c08_11']	三名薩落瑜。	三名薩落瑜。	The third is called Śatadru.
['T27n1545_005:0021c09_5']	四名阿氏羅筏底五名莫醯。	四名阿氏羅筏底五名莫醯。	The fourth is called Aciravatī. The fifth is called Mahī.
['T27n1545_005:0021c09_10', 'T27n1545_005:0021c09_15', 'T27n1545_005:0021c10_1']	如是五河。🔽隨順大海。🔽趣向大海。	如是五河。 隨順大海。 趣向大海。	These five rivers,🔽In accordance with the great ocean,🔽Head towards the great ocean.
['T27n1545_005:0021c10_6']	臨入大海。	臨入大海。	On the verge of entering the great ocean,
['T27n1545_005:0021c10_13']	中間無能迴轉。	中間無能迴轉。	In the middle, there is no way to turn back.
['T27n1545_005:0021c11_2']	彼流還至本處。	彼流還至本處。	Those currents cannot return to their original places,
['T27n1545_005:0021c11_7']	或往餘處。	或往餘處。	Or go to other places.
['T27n1545_005:0021c11_16']	彼決定能流入大海。	彼決定能流入大海。	They are certain to flow into the great ocean.
['T27n1545_005:0021c12_2']	世第一法。	世第一法。	The supreme worldly dharmas,
['T27n1545_005:0021c12_7', 'T27n1545_005:0021c12_11']	亦復如是。🔽隨順諦。	亦復如是。 隨順諦。	Are also like this.🔽In accordance with the truths,
['T27n1545_005:0021c12_15']	趣向諦。	趣向諦。	Head towards the truths,
['T27n1545_005:0021c12_19']	臨入諦。	臨入諦。	On the verge of entering the truths,
['T27n1545_005:0021c13_4', 'T27n1545_005:0021c13_13']	彼此中間。🔽無容得起不相似心。	彼此中間。 無容得起不相似心。	In the middle of this,🔽There is no way to give rise to dissimilar minds,
['T27n1545_005:0021c14_5']	令不得入聖諦現觀。	令不得入聖諦現觀。	Causing one to be unable to enter into the direct realization of the noble truths.
['T27n1545_005:0021c14_11']	問前喻今喻。	問前喻今喻。	Question: The previous analogy and the present analogy.
['T27n1545_005:0021c14_16', 'T27n1545_005:0021c15_2']	有何差別。🔽又前於義。	有何差別。 又前於義。	Question: What is the difference between the previous metaphor and the present metaphor?
['T27n1545_005:0021c15_15']	有何不盡而更須說第二喻耶。	有何不盡而更須說第二喻耶。	Moreover, what is incomplete in the meaning of the previous [metaphor] that requires the explanation of a second metaphor?
['T27n1545_005:0021c16_1']	有說。	有說。	Some say:
['T27n1545_005:0021c16_8']	二喻於義無別。	二喻於義無別。	The two metaphors have no difference in meaning.
['T27n1545_005:0021c17_3']	欲令前喻所顯義理轉復增明。	欲令前喻所顯義理轉復增明。	In order to make the meaning revealed by the previous metaphor even more clear,
['T27n1545_005:0021c17_8']	故說今喻。	故說今喻。	The present metaphor is explained.
['T27n1545_005:0021c17_11']	有說。	有說。	Some say:
['T27n1545_005:0021c17_18']	二喻亦有差別。	二喻亦有差別。	The two metaphors also have differences.
['T27n1545_005:0021c18_7']	前喻為遮不如理事。	前喻為遮不如理事。	The previous metaphor is to prevent non-corresponding principles,
['T27n1545_005:0021c18_16']	後喻為顯如理事故。	後喻為顯如理事故。	While the later metaphor is to reveal corresponding principles and events.
['T27n1545_005:0021c20_2']	復次前以內分具足為喻後以外分具足為喻。	復次前以內分具足為喻後以外分具足為喻。	Moreover, the previous metaphor uses the perfection of internal divisions as a metaphor, while the later metaphor uses the perfection of external divisions as a metaphor.
['T27n1545_005:0021c20_13']	復次前喻為止內分留難。	復次前喻為止內分留難。	Moreover, the previous metaphor is to stop the difficulties of internal divisions,
['T27n1545_005:0021c21_4']	後喻為止外分留難。	後喻為止外分留難。	While the later metaphor is to stop the difficulties of external divisions.
['T27n1545_005:0021c21_13']	如五大河流入大海。	如五大河流入大海。	Just as the five great rivers enter the great ocean,
['T27n1545_005:0021c22_12']	無能迴彼還至本處謂令還入無熱惱池。	無能迴彼還至本處謂令還入無熱惱池。	There is no way to turn them back to their original places, meaning to make them return to the Anavatapta Lake.
['T27n1545_005:0021c23_4']	無能轉彼往趣餘處。	無能轉彼往趣餘處。	There is no way to turn them to go elsewhere,
['T27n1545_005:0021c23_13']	謂使傍流或左或右。	謂使傍流或左或右。	Meaning to make them flow sideways, either to the left or the right.
['T27n1545_005:0021c24_3']	前喻迴轉准此應知。	前喻迴轉准此應知。	The turning back of the previous metaphor should be understood in accordance with this.
['T27n1545_005:0021c24_12']	彼五大河未入海頃。	彼五大河未入海頃。	Before those five great rivers enter the ocean,
['T27n1545_005:0021c25_3']	頗有能令不入海不。	頗有能令不入海不。	can they be prevented from entering the ocean?
['T27n1545_005:0021c25_8']	無如是事。	無如是事。	There is no such thing.
['T27n1545_005:0021c25_13', 'T27n1545_005:0021c25_18']	假使有人。🔽或以神力。	假使有人。 或以神力。	Suppose there is a person,🔽either by supernatural power,
['T27n1545_005:0021c26_4']	或以呪術。	或以呪術。	or by spells,
['T27n1545_005:0021c26_9']	或以藥物。	或以藥物。	or by drugs,
['T27n1545_005:0021c26_14']	令至本處。	令至本處。	to return to their original place,
['T27n1545_005:0021c27_1']	可有是事。	可有是事。	is this possible?
['T27n1545_005:0021c27_7']	然世第一法。	然世第一法。	However, the supreme worldly dharmas,
['T27n1545_005:0021c27_14']	未至苦法智忍。	未至苦法智忍。	before the acceptance of the knowledge of the law in regard to suffering,
['T27n1545_005:0021c28_4']	中間能起不相似心。	中間能起不相似心。	in the meantime, can arouse dissimilar minds,
['T27n1545_005:0021c28_13']	令不得入聖諦現觀。	令不得入聖諦現觀。	preventing them from entering the direct realization of the noble truths,
['T27n1545_005:0021c29_1']	無有是處。	無有是處。	there is no such thing.
['T27n1545_005:0021c29_10']	尊者造此發智論時。	尊者造此發智論時。	When the Venerable One composed this Abhidharma treatise,
['T27n1545_005:0021c29_15']	住在東方。	住在東方。	he was staying in the East,
['T27n1545_005:0022a01_2']	故引東方。	故引東方。	therefore he cited the East,
['T27n1545_005:0022a01_7']	共所現見。	共所現見。	which is commonly seen,
['T27n1545_005:0022a01_12']	五河為喻。	五河為喻。	using the five rivers as a metaphor.
['T27n1545_005:0022a02_2']	而實於此贍部洲中。	而實於此贍部洲中。	In reality, in this Jambudvīpa,
['T27n1545_005:0022a02_11']	有四大河眷屬各四。	有四大河眷屬各四。	there are four great rivers, each with four tributaries,
['T27n1545_005:0022a03_2']	隨其方面流趣大海。	隨其方面流趣大海。	flowing in the direction of the great ocean.
['T27n1545_005:0022a03_11']	謂即於此贍部洲中。	謂即於此贍部洲中。	That is to say, in this Jambudvīpa,
['T27n1545_005:0022a04_2']	有一大池名無熱惱。	有一大池名無熱惱。	there is a large pond called Anavatapta.
['T27n1545_005:0022a04_11']	初但從彼出四大河。	初但從彼出四大河。	At first, it only gives rise to the four great rivers,
['T27n1545_005:0022a04_16']	一名殑伽。	一名殑伽。	The first is called Ganges.
['T27n1545_005:0022a05_10']	二名信度三名縛芻四名私多。	二名信度三名縛芻四名私多。	The second is called Sindhu, the third is called Vakshu, and the fourth is called Sita.
['T27n1545_005:0022a05_15']	初殑伽河。	初殑伽河。	The first Ganges River.
['T27n1545_005:0022a06_15']	從池東面金象口出右遶池一匝流入東海。	從池東面金象口出右遶池一匝流入東海。	Emerges from the mouth of a golden elephant on the east side of the pond, circles the pond clockwise once, and flows into the East Sea.
['T27n1545_005:0022a07_3']	次信度河。	次信度河。	Next, the Sindhu River.
['T27n1545_005:0022a07_12']	從池南面銀牛口出。	從池南面銀牛口出。	Emerges from the mouth of a silver ox on the south side of the pond.
['T27n1545_005:0022a08_4']	右遶池一匝流入南海。	右遶池一匝流入南海。	Circling the pond clockwise once, it flows into the South Sea.
['T27n1545_005:0022a08_9']	次縛芻河。	次縛芻河。	Next, the Vakshu River.
['T27n1545_005:0022a09_2']	從池西面吠琉璃馬口出。	從池西面吠琉璃馬口出。	Emerges from the mouth of a horse made of lapis lazuli on the west side of the pond.
['T27n1545_005:0022a09_12']	右遶池一匝流入西海。	右遶池一匝流入西海。	Circling the pond clockwise once, it flows into the West Sea.
['T27n1545_005:0022a09_17']	後私多河。	後私多河。	Later, the Sita River.
['T27n1545_005:0022a10_10']	從池北面頗胝迦師子口出。	從池北面頗胝迦師子口出。	Emerges from the mouth of a lion made of crystal on the north side of the pond.
['T27n1545_005:0022a11_2']	右遶池一匝流入北海。	右遶池一匝流入北海。	Circling the pond clockwise once, it flows into the North Sea.
['T27n1545_005:0022a11_7']	殑伽大河。	殑伽大河。	The Ganges River.
['T27n1545_005:0022a11_12']	有四眷屬。	有四眷屬。	Has four tributaries.
['T27n1545_005:0022a11_18']	一名閻母那。	一名閻母那。	The first is called Yamuna.
['T27n1545_005:0022a12_4']	二名薩落瑜。	二名薩落瑜。	The second is called Sarayu.
['T27n1545_005:0022a12_16']	三名阿氏羅筏底四名莫醯。	三名阿氏羅筏底四名莫醯。	The third is called Aciravatī, and the fourth is called Mahī.
['T27n1545_005:0022a13_3']	信度大河。	信度大河。	The Sindhu River.
['T27n1545_005:0022a13_8']	有四眷屬。	有四眷屬。	Has four tributaries.
['T27n1545_005:0022a13_14']	一名毘𮆎奢。	一名毘𮆎奢。	The first is called Vipaśā.
['T27n1545_005:0022a14_2']	二名藹羅筏底。	二名藹羅筏底。	The second is called Aciravatī.
['T27n1545_005:0022a14_9']	三名設呾荼盧。	三名設呾荼盧。	The third is called Śītā.
['T27n1545_005:0022a14_16']	四名毘呾婆多。	四名毘呾婆多。	The fourth is called Vipulā.
['T27n1545_005:0022a15_2']	縛芻大河。	縛芻大河。	The Bāhudā river.
['T27n1545_005:0022a15_7']	有四眷屬。	有四眷屬。	Has four tributaries.
['T27n1545_005:0022a15_13']	一名筏刺弩。	一名筏刺弩。	The first is called Vālukā.
['T27n1545_005:0022a16_1']	二名吠呾刺尼。	二名吠呾刺尼。	The second is called Vaitaraṇī.
['T27n1545_005:0022a16_6']	三名防奢。	三名防奢。	The third is called Pāṇḍu.
['T27n1545_005:0022a16_12']	四名屈惷婆。	四名屈惷婆。	The fourth is called Kuṭuṃba.
['T27n1545_005:0022a16_17']	私多大河。	私多大河。	The Siṃha river.
['T27n1545_005:0022a17_2']	有四眷屬。	有四眷屬。	Has four tributaries.
['T27n1545_005:0022a17_7']	一名薩梨。	一名薩梨。	The first is called Śālī.
['T27n1545_005:0022a17_12']	二名避魔。	二名避魔。	The second is called Māravibhā.
['T27n1545_005:0022a17_17']	三名捺地。	三名捺地。	The third is called Nadī.
['T27n1545_005:0022a18_2']	四名電光。	四名電光。	The fourth is called Lightning.
['T27n1545_005:0022a18_11']	如是且說有大名者。	如是且說有大名者。	This is just mentioning the ones with great names.
['T27n1545_005:0022a18_16']	然四大河。	然四大河。	However, each of the four great rivers.
['T27n1545_005:0022a19_6']	一一各有五百眷屬。	一一各有五百眷屬。	Each has five hundred tributaries.
['T27n1545_005:0022a19_15']	并本合有二千四河。	并本合有二千四河。	Together, there are two thousand four rivers.
['T27n1545_005:0022a20_6']	隨其方面流趣大海。	隨其方面流趣大海。	Flowing in the direction of the great ocean.
['T27n1545_005:0022a20_11']	如是所說。	如是所說。	This is what is said.
['T27n1545_005:0022a21_2']	二千四河未入海頃。	二千四河未入海頃。	Before the two thousand four rivers enter the ocean.
['T27n1545_005:0022a21_11']	頗有能令不入海不。	頗有能令不入海不。	Is it possible to make them not enter the ocean?
['T27n1545_005:0022a21_16']	無如是事。	無如是事。	There is no such thing.
['T27n1545_005:0022a22_3', 'T27n1545_005:0022a22_8']	假使有人。🔽或以神力。	假使有人。 或以神力。	Suppose there is a person.🔽Either by spiritual power.
['T27n1545_005:0022a22_13']	或以呪術。	或以呪術。	Or by spells.
['T27n1545_005:0022a22_18']	廣說乃至。	廣說乃至。	Explained in detail up to...
['T27n1545_005:0022a23_7', 'T27n1545_005:0022a23_12']	令不得入聖諦現觀。🔽無有是處。	令不得入聖諦現觀。 無有是處。	It is impossible for them to enter into the direct realization of the noble truths.
['T27n1545_005:0022a24_6']	復次世第一法。	復次世第一法。	Moreover, the supreme worldly dharmas
['T27n1545_005:0022a24_17']	與苦法智忍作等無間緣。	與苦法智忍作等無間緣。	serve as the immediately antecedent condition for the receptivity to the knowledge of the factors with regard to suffering.
['T27n1545_005:0022a25_12']	無有一法速疾迴轉過於心者。	無有一法速疾迴轉過於心者。	There is no dharma that turns more quickly than the mind.
['T27n1545_005:0022a26_12']	可於爾時能作障礙令不得入聖諦現觀。	可於爾時能作障礙令不得入聖諦現觀。	At that time, it is possible to create obstacles and prevent them from entering into the direct realization of the noble truths.
['T27n1545_005:0022a27_4']	是故此法決定不退。	是故此法決定不退。	Therefore, these dharmas are definitely not retrogressive.
['T27n1545_005:0022a27_13']	此中復次難釋如前。	此中復次難釋如前。	The difficulties in this regard are explained as before.
['T27n1545_005:0022a28_7']	謂此前文但是方便開縱論道。	謂此前文但是方便開縱論道。	That is to say, the previous text is merely a provisional opening of the path of discussion.
['T27n1545_005:0022a29_3']	今所說者乃是根本遮奪論道故。	今所說者乃是根本遮奪論道故。	What is being said now is the fundamental blocking and refutation of the path of discussion, therefore,
['T27n1545_005:0022a29_13']	應言復次及如本文說。	應言復次及如本文說。	it should be said next and as explained in the original text.
['T27n1545_005:0022a29_18']	此中意說。	此中意說。	The meaning of this is explained as follows.
['T27n1545_005:0022b01_4', 'T27n1545_005:0022b01_10']	世第一法。🔽與苦法智忍。	世第一法。 與苦法智忍。	The supreme worldly dharmas
['T27n1545_005:0022b01_16']	作等無間緣。	作等無間緣。	serve as the immediately antecedent condition for the receptivity to the knowledge of the factors with regard to suffering.
['T27n1545_005:0022b02_6']	此正滅位取果與果。	此正滅位取果與果。	At the very moment of cessation, they take effect and give effect.
['T27n1545_005:0022b02_16']	彼苦法智忍次必現前。	彼苦法智忍次必現前。	That receptivity to the knowledge of the factors with regard to suffering will then definitely appear.
['T27n1545_005:0022b03_8']	若法與彼法為等無間緣。	若法與彼法為等無間緣。	If a dharma serves as the immediately antecedent condition for that dharma,
['T27n1545_005:0022b03_17']	正滅位中取果與果。	正滅位中取果與果。	at the very moment of cessation, it takes effect and gives effect.
['T27n1545_005:0022b04_8']	若法若有情若呪術。	若法若有情若呪術。	whether it be a dharma, a sentient being, a spell,
['T27n1545_005:0022b04_17']	若藥物若佛若獨覺。	若藥物若佛若獨覺。	a medicine, a Buddha, a pratyekabuddha,
['T27n1545_005:0022b05_3']	若到彼岸。	若到彼岸。	or a perfections,
['T27n1545_005:0022b05_8']	諸聲聞等。	諸聲聞等。	all the śrāvakas, etc.,
['T27n1545_005:0022b05_13']	能作障礙。	能作障礙。	are able to create obstacles
['T27n1545_005:0022b06_3']	使第二念不現前者。	使第二念不現前者。	and cause the second moment not to appear,
['T27n1545_005:0022b06_8']	無有是處。	無有是處。	there is no such possibility.
['T27n1545_005:0022b06_13']	此中所言。	此中所言。	Among what is said here,
['T27n1545_005:0022b07_8']	無有一法速疾迴轉過於心者。	無有一法速疾迴轉過於心者。	there is not a single dharma that turns back more quickly than the mind.
['T27n1545_005:0022b08_3']	應知即是苦法智忍相應之心。	應知即是苦法智忍相應之心。	One should know that this is the mind associated with the receptivity to the knowledge of the dharmas pertaining to suffering.
['T27n1545_005:0022b08_12']	此心必定速疾現前。	此心必定速疾現前。	This mind will definitely appear quickly.
['T27n1545_005:0022b09_6']	無有餘法速疾迴轉過於此故。	無有餘法速疾迴轉過於此故。	There is no other dharma that turns back more quickly than this.
['T27n1545_005:0022b09_15']	如世尊說苾芻當知。	如世尊說苾芻當知。	As the World-Honored One said, Bhikṣus, you should know that
['T27n1545_005:0022b10_11']	我不見一法速疾迴轉猶如心者。	我不見一法速疾迴轉猶如心者。	I do not see a single dharma that turns back more quickly than the mind.
['T27n1545_005:0022b10_16']	乃至廣說。	乃至廣說。	And so on, in detail.
['T27n1545_005:0022b11_3']	彼契經文。	彼契經文。	The text of that sūtra
['T27n1545_005:0022b11_12']	如後定蘊當廣分別。	如後定蘊當廣分別。	will be extensively distinguished later in the定蘊.
['T27n1545_005:0022b12_7']	以佛說心速疾迴轉過餘法故。	以佛說心速疾迴轉過餘法故。	Because the Buddha said that the mind turns back more quickly than other dharmas,
['T27n1545_005:0022b12_16']	世第一法無間剎那。	世第一法無間剎那。	immediately after the supreme worldly dharmas,
['T27n1545_005:0022b13_6']	苦法智忍必現在前。	苦法智忍必現在前。	the receptivity to the knowledge of the dharmas pertaining to suffering will definitely appear.
['T27n1545_005:0022b13_15']	是故此法決定不退。	是故此法決定不退。	Therefore, this dharma is definitely not regressing.
['T27n1545_005:0022b14_8']	於此義中復有分別。	於此義中復有分別。	In this meaning, there is further discrimination.
['T27n1545_005:0022b15_2']	問何緣世第一法定不退耶。	問何緣世第一法定不退耶。	Question: Why is it that the supreme worldly dharmas are definitely not regressing?
['T27n1545_005:0022b15_9']	答加行廣大故。	答加行廣大故。	Answer: Because the practice is vast,
['T27n1545_005:0022b15_15']	安足堅牢故。	安足堅牢故。	and because the footing is firm.
['T27n1545_005:0022b16_1']	加行廣大者。	加行廣大者。	As for the practice being vast,
['T27n1545_005:0022b16_14']	謂彼所習施戒聞思修所成善。	謂彼所習施戒聞思修所成善。	it refers to the wholesome consisting of giving, morality, hearing, thinking, and cultivation that they cultivate.
['T27n1545_005:0022b17_8']	悉以迴向解脫涅槃心無所著。	悉以迴向解脫涅槃心無所著。	All of this is dedicated to liberation and nirvana, with a mind free from attachment.
['T27n1545_005:0022b17_17']	施者即是莊嚴心施。	施者即是莊嚴心施。	Giving is precisely the giving that adorns the mind.
['T27n1545_005:0022b18_7']	戒者即是別解脫戒。	戒者即是別解脫戒。	Morality is precisely the morality of individual liberation.
['T27n1545_005:0022b18_12']	聞所成者。	聞所成者。	As for what is accomplished through hearing,
['T27n1545_005:0022b19_7']	謂於聖教決擇文義思所成者。	謂於聖教決擇文義思所成者。	it refers to the selection of texts and meanings in the holy teachings. As for what is accomplished through thinking,
['T27n1545_005:0022b19_15']	謂不淨觀持息念。	謂不淨觀持息念。	it refers to the contemplation of impurity, mindfulness of breathing,
['T27n1545_005:0022b20_5']	念住三義觀七處善。	念住三義觀七處善。	the three meanings of mindfulness, and the seven aspects of goodness.
['T27n1545_005:0022b20_10']	修所成者。	修所成者。	As for what is accomplished through cultivation,
['T27n1545_005:0022b20_17']	謂煖頂下中忍。	謂煖頂下中忍。	it refers to the lower, middle, and upper forbearances of heat and peak.
['T27n1545_005:0022b21_7']	安足堅牢者謂增上忍。	安足堅牢者謂增上忍。	As for the footing being firm, it refers to the supreme forbearance.
['T27n1545_005:0022b21_13']	由世第一法。	由世第一法。	By means of the supreme worldly dharmas,
['T27n1545_005:0022b21_18']	加行廣大。	加行廣大。	because the practice is vast,
['T27n1545_005:0022b22_3']	安足堅牢。	安足堅牢。	and because the footing is firm,
['T27n1545_005:0022b22_8']	故定不退。	故定不退。	therefore they are definitely not regressing.
['T27n1545_005:0022b23_5']	復次以此法後總證三界見所斷斷。	復次以此法後總證三界見所斷斷。	Furthermore, after this dharma, one universally realizes the abandonment of the views to be abandoned in the three realms.
['T27n1545_005:0022b24_1']	非於三界見所斷斷有還退者。	非於三界見所斷斷有還退者。	There is no one who falls back from the abandonment of the views to be abandoned in the three realms.
['T27n1545_005:0022b24_6']	是故不退。	是故不退。	Therefore, one does not fall back.
['T27n1545_005:0022b25_7']	復次以此法後總證非想非非想地見所斷斷。	復次以此法後總證非想非非想地見所斷斷。	Furthermore, after this dharma, one universally realizes the abandonment of the views to be abandoned in the sphere of neither-perception-nor-non-perception.
['T27n1545_005:0022b26_6']	非於非想非非想地見所斷斷有還退者。	非於非想非非想地見所斷斷有還退者。	There is no one who falls back from the abandonment of the views to be abandoned in the sphere of neither-perception-nor-non-perception.
['T27n1545_005:0022b26_11']	是故不退。	是故不退。	Therefore, one does not fall back.
['T27n1545_005:0022b27_4']	復次以此法後必起忍智。	復次以此法後必起忍智。	Furthermore, after this dharma, one necessarily gives rise to the acceptance and knowledge.
['T27n1545_005:0022b27_13']	非於忍智有還退者。	非於忍智有還退者。	There is no one who falls back from the acceptance and knowledge.
['T27n1545_005:0022b28_1']	是故不退。	是故不退。	Therefore, one does not fall back.
['T27n1545_005:0022b29_4']	復次以此法後必起見道以為重鎮決定無有退。	復次以此法後必起見道以為重鎮決定無有退。	Furthermore, after this dharma, one necessarily gives rise to the path of seeing as a heavy anchor, and there is definitely no falling back.
['T27n1545_005:0022b29_12']	見道者是故不退。	見道者是故不退。	Because it is the path of seeing, therefore one does not fall back.
['T27n1545_005:0022b29_18']	問因論生論。	問因論生論。	A question arises from the discussion:
['T27n1545_005:0022c01_8']	何緣見道定不退耶。	何緣見道定不退耶。	Why is it that one definitely does not fall back from the path of seeing?
['T27n1545_005:0022c02_4']	答以彼見道是速疾道無留難道。	答以彼見道是速疾道無留難道。	Answer: Because that path of seeing is a swift path, a path without obstruction,
['T27n1545_005:0022c02_13']	非中起道是故不退。	非中起道是故不退。	it is not a path that arises in the middle, therefore one does not fall back.
['T27n1545_005:0022c03_6']	復次以彼行者墮在見道。	復次以彼行者墮在見道。	Furthermore, because that practitioner has fallen into the path of seeing,🔽...
['T27n1545_005:0022c04_3']	大法駃流為流㵱激無容可退。	大法駃流為流㵱激無容可退。	In the swift current of the great Dharma, there is no room for regression.
['T27n1545_005:0022c04_12']	其心慢緩方可退故。	其心慢緩方可退故。	Only when the mind is slow and lax can one regress.
['T27n1545_005:0022c05_11']	如人墮在山谷暴流為流所㵱無得暫住。	如人墮在山谷暴流為流所㵱無得暫住。	Just as a person who has fallen into a mountain valley is swept away by the current and cannot stay still for a moment,
['T27n1545_005:0022c06_4']	行者亦爾是故不退。	行者亦爾是故不退。	so it is for the practitioner. Therefore, there is no regression.
['T27n1545_005:0022c06_15']	復次退者多起煩惱現前。	復次退者多起煩惱現前。	Furthermore, one who regresses often gives rise to afflictions that manifest.
['T27n1545_005:0022c07_6']	住見道時無覆無記。	住見道時無覆無記。	When abiding in the path of seeing, there are no afflictions that cover and obscure the mind.
['T27n1545_005:0022c07_15']	有漏善心尚不得起。	有漏善心尚不得起。	Even contaminated wholesome minds cannot arise,
['T27n1545_005:0022c08_6']	何況得起煩惱之心。	何況得起煩惱之心。	let alone the arising of afflictions.
['T27n1545_005:0022c08_11']	是故不退。	是故不退。	Therefore, there is no regression.
['T27n1545_005:0022c08_18']	復次以住見道。	復次以住見道。	Furthermore, by abiding in the path of seeing,
['T27n1545_005:0022c09_8']	總證三界見所斷斷。	總證三界見所斷斷。	one universally realizes the abandonment of what is seen and eliminated in the three realms.
['T27n1545_005:0022c10_4']	非於三界見所斷斷有還退者。	非於三界見所斷斷有還退者。	There is no regression from the abandonment of what is seen and eliminated in the three realms.
['T27n1545_005:0022c10_9']	是故不退。	是故不退。	Therefore, there is no regression.
['T27n1545_005:0022c11_10']	復次以住見道總證非想非非想地見所斷斷。	復次以住見道總證非想非非想地見所斷斷。	Furthermore, by abiding in the path of seeing, one universally realizes the abandonment of what is seen and eliminated in the stage of neither perception nor non-perception.
['T27n1545_005:0022c12_9']	非於非想非非想地見所斷斷有還退者。	非於非想非非想地見所斷斷有還退者。	There is no regression from the abandonment of what is seen and eliminated in the stage of neither perception nor non-perception.
['T27n1545_005:0022c12_14']	是故不退。	是故不退。	Therefore, there is no regression.
['T27n1545_005:0022c13_7']	復次若從見道有還退者。	復次若從見道有還退者。	Furthermore, if one were to regress from the path of seeing,
['T27n1545_005:0022c13_16']	應見諦已還不見諦。	應見諦已還不見諦。	One who should see the truth would not see the truth again.
['T27n1545_005:0022c14_8']	應得果已還不得果。	應得果已還不得果。	One who should attain the fruit would not attain the fruit again.
['T27n1545_005:0022c14_17', 'T27n1545_005:0022c15_7']	應現觀已還不現觀。🔽應入正性離生已。	應現觀已還不現觀。 應入正性離生已。	One who should realize would not realize again.
['T27n1545_005:0022c15_15']	還不入正性離生。	還不入正性離生。	One who should enter the certainty of perfection would not enter the certainty of perfection again.
['T27n1545_005:0022c16_8']	應成聖者已還作異生。	應成聖者已還作異生。	One who should become a noble one would become a worldling again.
['T27n1545_005:0022c17_2']	應住定聚已還住不定聚。	應住定聚已還住不定聚。	One who should abide in the fixed group would abide in the unfixed group again.
['T27n1545_005:0022c17_11']	勿有如是眾多過失。	勿有如是眾多過失。	Do not have so many faults.
['T27n1545_005:0022c18_2']	是故見道決定不退。	是故見道決定不退。	Therefore, the path of seeing is definitely not regressing.
['T27n1545_005:0022c18_7']	有作是說。	有作是說。	There is an explanation like this.
['T27n1545_005:0022c19_7']	以此善根唯一剎那無有能退半剎那者。	以此善根唯一剎那無有能退半剎那者。	Because this wholesome root is only one moment, there is no one who can regress for half a moment.
['T27n1545_005:0022c19_12']	是故不退。	是故不退。	Therefore, it does not regress.
['T27n1545_005:0022c19_17']	或有說者。	或有說者。	Or some say.
['T27n1545_005:0022c20_7']	以此善根似無間道。	以此善根似無間道。	Because this wholesome root is similar to the uninterrupted path,
['T27n1545_005:0022c20_17']	非住無間道可有退者。	非住無間道可有退者。	one who abides in the uninterrupted path cannot have regression.
['T27n1545_005:0022c21_4']	是故不退。	是故不退。	Therefore, it does not regress.
['T27n1545_005:0022c21_9']	復有說者。	復有說者。	There is also an explanation.
['T27n1545_005:0022c21_18']	以此善根是順勝分。	以此善根是順勝分。	Because this wholesome root is in accordance with the superior division,
['T27n1545_005:0022c22_9']	非住順勝分可有退者。	非住順勝分可有退者。	one who abides in what is in accordance with the superior division cannot have regression.
['T27n1545_005:0022c22_14']	是故不退。	是故不退。	Therefore, it does not regress.
['T27n1545_005:0022c23_5']	然有三種順決擇分。	然有三種順決擇分。	However, there are three kinds of factors in accordance with penetration.
['T27n1545_005:0022c23_10']	一順退分。	一順退分。	The first is the factor conducive to regression.
['T27n1545_005:0022c23_15']	二順住分。	二順住分。	The second is the factor conducive to abiding.
['T27n1545_005:0022c23_20']	三順勝分。	三順勝分。	The third is the factor conducive to penetrating insight.
['T27n1545_005:0022c24_4']	謂順退者。	謂順退者。	That is to say, that which is conducive to regression
['T27n1545_005:0022c24_9']	名順退分。	名順退分。	is called the factor conducive to regression.
['T27n1545_005:0022c24_14', 'T27n1545_005:0022c25_4']	若順住者。🔽名順住分順勝進者。	若順住者。 名順住分順勝進者。	If it is conducive to abiding,🔽it is called the factor conducive to abiding. That which is conducive to penetrating insight
['T27n1545_005:0022c25_9']	名順勝分。	名順勝分。	is called the factor conducive to penetrating insight.
['T27n1545_005:0022c25_14']	煖具三種。	煖具三種。	Heat has three kinds.
['T27n1545_005:0022c26_1']	頂亦具三。	頂亦具三。	The summit also has three.
['T27n1545_005:0022c26_4']	有說。	有說。	Some say
['T27n1545_005:0022c26_11']	唯二除順住分。	唯二除順住分。	it only has two, excluding the factor conducive to abiding.
['T27n1545_005:0022c27_1']	以頂位是進退際故。	以頂位是進退際故。	Because the summit stage is the juncture of progress and regression.
['T27n1545_005:0022c27_6']	忍亦有二。	忍亦有二。	Forbearance also has two.
['T27n1545_005:0022c27_11']	除順退分。	除順退分。	Excluding the factor conducive to regression.
['T27n1545_005:0022c27_16']	世第一法。	世第一法。	The supreme worldly dharmas
['T27n1545_005:0022c28_1']	唯順勝分。	唯順勝分。	only have the factor conducive to penetrating insight.
['T27n1545_005:0022c28_15']	是故此位定無退理問此中三分。	是故此位定無退理問此中三分。	Therefore, in this stage, there is definitely no principle of regression. The question is: In this case, the three factors
['T27n1545_005:0022c29_9']	一切皆是順決擇分善根所攝。	一切皆是順決擇分善根所攝。	are all included in the wholesome roots conducive to penetrating insight.
['T27n1545_005:0023a01_4']	與後定蘊所說四分有何差別。	與後定蘊所說四分有何差別。	What is the difference between them and the four factors explained in the later chapter on meditative absorption?
['T27n1545_005:0023a01_10']	答所依各異。	答所依各異。	The answer is: The bases are different.
['T27n1545_005:0023a02_1']	謂此但依隨順見道。	謂此但依隨順見道。	That is to say, this [chapter] only relies on that which accords with the path of seeing,
['T27n1545_005:0023a02_10']	總立一種順決擇分。	總立一種順決擇分。	generally establishing one kind of wholesome roots conducive to penetrating insight.
['T27n1545_005:0023a03_1']	於中義別復開三種。	於中義別復開三種。	Within this, the different meanings are further divided into three kinds.
['T27n1545_005:0023a03_6']	後定蘊中。	後定蘊中。	In the later chapter on meditative absorption,
['T27n1545_005:0023a03_15']	總依有漏修所成善。	總依有漏修所成善。	In general, based on the wholesome acquired through cultivation with outflows,
['T27n1545_005:0023a04_1']	建立四分。	建立四分。	the four parts are established.
['T27n1545_005:0023a04_6']	若順退者。	若順退者。	If it is conducive to regression,
['T27n1545_005:0023a04_11']	名順退分。	名順退分。	it is called the part conducive to regression.
['T27n1545_005:0023a04_16']	若順住者。	若順住者。	If it is conducive to abiding,
['T27n1545_005:0023a05_1']	名順住分。	名順住分。	it is called the part conducive to abiding.
['T27n1545_005:0023a05_7']	若順勝進者。	若順勝進者。	If it is conducive to superior progress,
['T27n1545_005:0023a05_13']	名順勝進分。	名順勝進分。	it is called the part conducive to superior progress.
['T27n1545_005:0023a05_19']	若順聖道者。	若順聖道者。	If it is conducive to the noble path,
['T27n1545_005:0023a06_5']	名順決擇分。	名順決擇分。	it is called the part conducive to penetrating insight.
['T27n1545_005:0023a06_14']	是故此彼所依各異。	是故此彼所依各異。	Therefore, the bases of these two are different.
['T27n1545_005:0023a07_7', 'T27n1545_005:0023a07_14']	問頗有世第一法。🔽緣有所緣法耶。	問頗有世第一法。 緣有所緣法耶。	Question: Can there be supreme worldly dharmas🔽that take the existent as their object?
['T27n1545_005:0023a08_3']	緣無所緣法耶。	緣無所緣法耶。	That take the nonexistent as their object?
['T27n1545_005:0023a08_9']	緣有所緣法。	緣有所緣法。	That take the existent as their object
['T27n1545_005:0023a08_17']	亦緣無所緣法耶。	亦緣無所緣法耶。	and also take the nonexistent as their object?
['T27n1545_005:0023a09_5']	非緣有所緣法。	非緣有所緣法。	That do not take the existent as their object
['T27n1545_005:0023a09_14']	亦非緣無所緣法耶。	亦非緣無所緣法耶。	and also do not take the nonexistent as their object?
['T27n1545_005:0023a10_6']	答有緣有所緣法者。	答有緣有所緣法者。	Answer: There are those that take the existent as their object.
['T27n1545_005:0023a10_13']	謂若世第一法。	謂若世第一法。	This refers to when supreme worldly dharmas
['T27n1545_005:0023a11_1']	緣心心所法。	緣心心所法。	take mind and mental factors as their object.
['T27n1545_005:0023a11_8']	緣無所緣法者。	緣無所緣法者。	Those that take the nonexistent as their object
['T27n1545_005:0023a11_15']	謂若世第一法。	謂若世第一法。	refer to when supreme worldly dharmas
['T27n1545_005:0023a12_4']	緣色心不相應行。	緣色心不相應行。	take form and factors not directly associated with mind as their object.
['T27n1545_005:0023a12_10']	緣有所緣法。	緣有所緣法。	Those that take the existent as their object🔽and also take the nonexistent as their object
['T27n1545_005:0023a12_18']	亦緣無所緣法者。	亦緣無所緣法者。	Also, it takes the dharma that has no object as its object means
['T27n1545_005:0023a13_6']	謂若世第一法。	謂若世第一法。	if the supreme worldly dharmas
['T27n1545_005:0023a13_12']	緣心心所法。	緣心心所法。	take the mind and mental factors as their object,
['T27n1545_005:0023a14_2']	及緣色心不相應行。	及緣色心不相應行。	and take form and the factors not directly associated with the mind as their object,
['T27n1545_005:0023a14_9']	非緣有所緣法。	非緣有所緣法。	it is not the dharma that has an object as its object.
['T27n1545_005:0023a14_18']	亦非緣無所緣法者。	亦非緣無所緣法者。	It is also not the dharma that has no object as its object means
['T27n1545_005:0023a15_5']	謂隨心轉色。	謂隨心轉色。	form that accompanies the mind,
['T27n1545_005:0023a15_15']	及隨心轉心不相應行。	及隨心轉心不相應行。	and the factors not directly associated with the mind that accompany the mind.
['T27n1545_005:0023a16_1']	世第一法。	世第一法。	The supreme worldly dharmas.
['T27n1545_005:0023a16_10', 'T27n1545_005:0023a16_18']	問頗有住一剎那頃。🔽當得緣有所緣法。	問頗有住一剎那頃。 當得緣有所緣法。	Question: Can one, abiding for a single moment,
['T27n1545_005:0023a17_5', 'T27n1545_005:0023a17_11']	世第一法耶。🔽緣無所緣法。	世第一法耶。 緣無所緣法。	attain the supreme worldly dharmas that take the dharma that has an object as their object?
['T27n1545_005:0023a17_17', 'T27n1545_005:0023a18_4', 'T27n1545_005:0023a18_11']	世第一法耶。🔽緣有所緣法。🔽亦緣無所緣法。	世第一法耶。 緣有所緣法。 亦緣無所緣法。	The supreme worldly dharmas that take the dharma that has no object as their object?
['T27n1545_005:0023a18_17', 'T27n1545_005:0023a19_5', 'T27n1545_005:0023a19_13']	世第一法耶。🔽非緣有所緣法。🔽亦非緣無所緣法。	世第一法耶。 非緣有所緣法。 亦非緣無所緣法。	The supreme worldly dharmas that take the dharma that has an object as their object, and also take the dharma that has no object as their object?
['T27n1545_005:0023a20_1']	世第一法耶。	世第一法耶。	The supreme worldly dharmas that do not take the dharma that has an object as their object, and also do not take the dharma that has no object as their object?
['T27n1545_005:0023a20_4']	答有。	答有。	Answer: There are.
['T27n1545_005:0023a20_11']	謂住增上忍時。	謂住增上忍時。	When abiding in the supreme patience,
['T27n1545_005:0023a21_1']	當得如上所說四句。	當得如上所說四句。	one will attain the four statements as explained above.
['T27n1545_005:0023a21_6']	世第一法。	世第一法。	The supreme worldly dharmas.
['T27n1545_005:0023a21_15']	問頗有住一剎那頃。	問頗有住一剎那頃。	Question: Can one, abiding for a single moment,
['T27n1545_005:0023a22_8']	當得世第一法非彼所緣耶。	當得世第一法非彼所緣耶。	Will one attain the supreme worldly dharmas but not their object?
['T27n1545_005:0023a23_3']	當得彼所緣非世第一法耶。	當得彼所緣非世第一法耶。	Will one attain their object but not the supreme worldly dharmas?
['T27n1545_005:0023a23_15']	當得世第一法及彼所緣耶。	當得世第一法及彼所緣耶。	Will one attain both the supreme worldly dharmas and their object?
['T27n1545_005:0023a24_5']	不當得世第一法。	不當得世第一法。	Will one not attain the supreme worldly dharmas
['T27n1545_005:0023a24_11']	及彼所緣耶。	及彼所緣耶。	and their object?
['T27n1545_005:0023a24_14']	答有。	答有。	Answer: There are.
['T27n1545_005:0023a25_1']	住增上忍時。	住增上忍時。	When abiding in the supreme patience,
['T27n1545_005:0023a25_7']	應作此四句。	應作此四句。	one should make these four statements.
['T27n1545_005:0023a25_13']	且依未至定。	且依未至定。	Moreover, based on the stage of non-transcendence,
['T27n1545_005:0023a26_1']	入正性離生者。	入正性離生者。	one who enters the correct state of renunciation,
['T27n1545_005:0023a26_7']	住增上忍時。	住增上忍時。	when abiding in the supreme patience,
['T27n1545_005:0023a26_14']	當得世第一法。	當得世第一法。	will attain the supreme worldly dharmas,
['T27n1545_005:0023a27_2', 'T27n1545_005:0023a27_9']	非彼所緣者。🔽謂未至定所攝。	非彼所緣者。 謂未至定所攝。	but not their object.
['T27n1545_005:0023a27_15']	世第一法中。	世第一法中。	This refers to the supreme worldly dharmas included in the stage of non-transcendence,
['T27n1545_005:0023a28_3']	除緣當現在前。	除緣當現在前。	excluding those that will presently manifest as objects.
['T27n1545_005:0023a28_10']	所依世第一法。	所依世第一法。	The supreme worldly dharmas that are the basis,
['T27n1545_005:0023a28_16']	諸緣所餘境。	諸緣所餘境。	and the remaining objects that are conditions,
['T27n1545_005:0023a29_1']	世第一法。	世第一法。	are the supreme worldly dharmas.
['T27n1545_005:0023a29_7']	當得彼所緣。	當得彼所緣。	One will attain their object,
['T27n1545_005:0023a29_14', 'T27n1545_005:0023b01_3']	非世第一法者。🔽謂上五地所攝。	非世第一法者。 謂上五地所攝。	but not the supreme worldly dharmas.
['T27n1545_005:0023b01_9']	世第一法中。	世第一法中。	This refers to the supreme worldly dharmas included in the five higher stages,
['T27n1545_005:0023b01_15']	緣當現在前。	緣當現在前。	when those that will presently manifest as objects,
['T27n1545_005:0023b02_2']	所依世第一法。	所依世第一法。	and the supreme worldly dharmas that are the basis,
['T27n1545_005:0023b02_9']	當得世第一法。	當得世第一法。	will attain the supreme worldly dharmas.
['T27n1545_005:0023b02_15']	及彼所緣者。	及彼所緣者。	And their objects.
['T27n1545_005:0023b03_3']	謂未至定所攝。	謂未至定所攝。	Refers to those included in the preliminary concentration.
['T27n1545_005:0023b03_9']	世第一法中。	世第一法中。	In the supreme worldly dharmas.
['T27n1545_005:0023b03_15']	緣當現在前。	緣當現在前。	The objects that will presently manifest.
['T27n1545_005:0023b04_2']	所依世第一法。	所依世第一法。	The basis of the supreme worldly dharmas.
['T27n1545_005:0023b04_15']	不當得世第一法及彼所緣者。	不當得世第一法及彼所緣者。	Will not attain the supreme worldly dharmas and their objects.
['T27n1545_005:0023b05_4']	謂上五地所攝。	謂上五地所攝。	Refers to those included in the five upper stages.
['T27n1545_005:0023b05_10']	世第一法中。	世第一法中。	In the supreme worldly dharmas.
['T27n1545_005:0023b05_17']	除緣當現在前。	除緣當現在前。	Excluding the objects that will presently manifest.
['T27n1545_005:0023b06_5']	所依世第一法。	所依世第一法。	The basis of the supreme worldly dharmas.
['T27n1545_005:0023b06_11']	諸緣所餘境。	諸緣所餘境。	All the remaining objects.
['T27n1545_005:0023b06_16']	世第一法。	世第一法。	The supreme worldly dharmas.
['T27n1545_005:0023b07_2']	如依未至定。	如依未至定。	As based on the preliminary concentration.
['T27n1545_005:0023b07_9']	入正性離生者。	入正性離生者。	One who enters the certainty of perfection.
['T27n1545_005:0023b07_15']	住增上忍時。	住增上忍時。	While abiding in the supreme patience.
['T27n1545_005:0023b08_1']	作此四句。	作此四句。	Makes these four statements.
['T27n1545_005:0023b08_12']	依上五地入正性離生者。	依上五地入正性離生者。	One who enters the certainty of perfection based on the five upper stages.
['T27n1545_005:0023b08_18']	住增上忍時。	住增上忍時。	While abiding in the supreme patience.
['T27n1545_005:0023b09_4']	應知亦爾。	應知亦爾。	One should know it is also like this.
['T27n1545_005:0023b09_14']	問頗有成就世第一法。	問頗有成就世第一法。	Question: Can one who has attained the supreme worldly dharmas
['T27n1545_005:0023b10_5']	不成就彼離繫得耶。	不成就彼離繫得耶。	Not attain the disjunction acquisition of those?
['T27n1545_005:0023b10_11']	答應作四句。	答應作四句。	Answer: One should make four statements.
['T27n1545_005:0023b10_18']	成就世第一法。	成就世第一法。	One who has attained the supreme worldly dharmas.
['T27n1545_005:0023b11_8']	不成就彼離繫得者。	不成就彼離繫得者。	Those who do not possess the disjunction acquisition of that [stage] are:
['T27n1545_005:0023b11_14']	謂若依此地。	謂若依此地。	If one relies on this stage,
['T27n1545_005:0023b12_2']	入正性離生。	入正性離生。	enters the correct certainty of birth,
['T27n1545_005:0023b12_9']	彼未離此地染。	彼未離此地染。	they have not yet separated from the defilements of this stage.
['T27n1545_005:0023b12_16']	成就彼離繫得。	成就彼離繫得。	They possess the disjunction acquisition of that [stage].
['T27n1545_005:0023b13_6']	不成就世第一法者。	不成就世第一法者。	Those who do not possess the supreme worldly dharmas are:
['T27n1545_005:0023b13_12']	謂若依此地。	謂若依此地。	If one relies on this stage,
['T27n1545_005:0023b13_18']	入正性離生。	入正性離生。	enters the correct certainty of birth,
['T27n1545_005:0023b14_6']	彼命終生上地。	彼命終生上地。	they die and are reborn in a higher stage.
['T27n1545_005:0023b14_13']	成就世第一法。	成就世第一法。	They possess the supreme worldly dharmas.
['T27n1545_005:0023b15_4']	亦成就彼離繫得者。	亦成就彼離繫得者。	They also possess the disjunction acquisition of that [stage] are:
['T27n1545_005:0023b15_15']	謂若依此地入正性離生。	謂若依此地入正性離生。	If one relies on this stage and enters the correct certainty of birth,
['T27n1545_005:0023b16_4']	彼已離此地染。	彼已離此地染。	they have already separated from the defilements of this stage.
['T27n1545_005:0023b16_11']	不命終生上地。	不命終生上地。	They do not die and are not reborn in a higher stage.
['T27n1545_005:0023b17_1']	不成就世第一法。	不成就世第一法。	They do not possess the supreme worldly dharmas.
['T27n1545_005:0023b17_11']	亦不成就彼離繫得者。	亦不成就彼離繫得者。	They also do not possess the disjunction acquisition of that [stage] are:
['T27n1545_005:0023b18_4']	謂若未能入正性離生位。	謂若未能入正性離生位。	If one has not yet entered the state of correct certainty of birth,
['T27n1545_005:0023b18_14']	有餘依彼有漏離繫得。	有餘依彼有漏離繫得。	there are those who possess the contaminated disjunction acquisition of that [stage].
['T27n1545_005:0023b19_6']	作如是言問頗有聖者。	作如是言問頗有聖者。	Making such a statement, one asks: Can there be an ārya who
['T27n1545_005:0023b19_13']	成就世第一法。	成就世第一法。	possesses the supreme worldly dharmas,
['T27n1545_005:0023b20_4']	不成就彼離繫得耶。	不成就彼離繫得耶。	but does not possess the disjunction acquisition of that [stage]?
['T27n1545_005:0023b20_10']	答應作四句。	答應作四句。	The answer is: One should make four statements.
['T27n1545_005:0023b20_17']	成就世第一法。	成就世第一法。	Attaining the supreme worldly dharmas.
['T27n1545_005:0023b21_7']	不成就彼離繫得者。	不成就彼離繫得者。	Not attaining the acquisition of disjunction from them means:
['T27n1545_005:0023b22_1']	謂若依此地入正性離生。	謂若依此地入正性離生。	If one enters the correct certainty of birth based on this stage,
['T27n1545_005:0023b22_8']	彼未離此地染。	彼未離此地染。	One has not yet separated from the defilements of this stage.
['T27n1545_005:0023b22_15']	成就彼離繫得。	成就彼離繫得。	Attaining the acquisition of disjunction from them means:
['T27n1545_005:0023b23_5']	不成就世第一法者。	不成就世第一法者。	Not attaining the supreme worldly dharmas means:
['T27n1545_005:0023b23_16']	謂若依此地入正性離生。	謂若依此地入正性離生。	If one enters the correct certainty of birth based on this stage,
['T27n1545_005:0023b24_6', 'T27n1545_005:0023b24_13']	彼命終生次上地。🔽成就世第一法。	彼命終生次上地。 成就世第一法。	One ends one's life and is reborn in the next higher stage.
['T27n1545_005:0023b25_4']	亦成就彼離繫得者。	亦成就彼離繫得者。	Attaining the supreme worldly dharmas and also attaining the acquisition of disjunction from them means:
['T27n1545_005:0023b25_15']	謂若依此地入正性離生。	謂若依此地入正性離生。	If one enters the correct certainty of birth based on this stage,
['T27n1545_005:0023b26_4']	彼已離此地染。	彼已離此地染。	One has already separated from the defilements of this stage.
['T27n1545_005:0023b26_11', 'T27n1545_005:0023b27_2']	不命終生上地。🔽不成就世第一法。	不命終生上地。 不成就世第一法。	One does not end one's life and is reborn in a higher stage.
['T27n1545_005:0023b27_12']	亦不成就彼離繫得者。	亦不成就彼離繫得者。	Not attaining the supreme worldly dharmas and also not attaining the acquisition of disjunction from them means:
['T27n1545_005:0023b28_5']	謂若依此地入正性離生。	謂若依此地入正性離生。	If one enters the correct certainty of birth based on this stage,
['T27n1545_005:0023b28_13', 'T27n1545_005:0023b29_9']	彼命終超次上地。🔽生餘上地有餘依一切世第一法。	彼命終超次上地。 生餘上地有餘依一切世第一法。	One ends one's life and transcends the next higher stage,🔽Being reborn in another higher stage with the remaining supports.
['T27n1545_005:0023b29_17']	及彼一切離繫得。	及彼一切離繫得。	All the supreme worldly dharmas and all the acquisitions of disjunction,
['T27n1545_005:0023c01_4']	作如是言。	作如是言。	One makes such a statement:
['T27n1545_005:0023c01_14']	問頗有成就世第一法。	問頗有成就世第一法。	Question: Can one attain the supreme worldly dharmas
['T27n1545_005:0023c02_5']	不成就彼離繫得耶。	不成就彼離繫得耶。	but not attain the disjunction resulting from them?
['T27n1545_005:0023c02_11']	答應作四句。	答應作四句。	Answer: Four sentences should be made.
['T27n1545_005:0023c02_16']	第一句者。	第一句者。	The first sentence is:🔽If one enters the certainty of goodness
['T27n1545_005:0023c03_5']	謂若依未至定。	謂若依未至定。	based on the stage of non-arising,
['T27n1545_005:0023c03_10']	或初靜慮。	或初靜慮。	or the first dhyāna,
['T27n1545_005:0023c03_15', 'T27n1545_005:0023c04_2']	靜慮中間。🔽入正性離生。	靜慮中間。 入正性離生。	or the intermediate dhyāna,
['T27n1545_005:0023c04_10']	彼未離初靜慮染。	彼未離初靜慮染。	and has not yet separated from the defilements of the first dhyāna,
['T27n1545_005:0023c04_15']	第二句者。	第二句者。	The second sentence is:
['T27n1545_005:0023c05_7']	謂若依此地入正性離生。	謂若依此地入正性離生。	If one enters the certainty of goodness based on this stage,
['T27n1545_005:0023c05_14']	彼命終生上地。	彼命終生上地。	and dies and is reborn in a higher stage,
['T27n1545_005:0023c06_4']	若未得世第一法。	若未得世第一法。	if one has not yet attained the supreme worldly dharmas,
['T27n1545_005:0023c06_10']	生欲色界已。	生欲色界已。	and is reborn in the desire or form realms,
['T27n1545_005:0023c06_16']	離初靜慮染。	離初靜慮染。	having separated from the defilements of the first dhyāna,
['T27n1545_005:0023c07_4']	及生空無邊處。	及生空無邊處。	and is reborn in the sphere of infinite space,
['T27n1545_005:0023c07_9']	第三句者。	第三句者。	The third sentence is:
['T27n1545_005:0023c08_3']	謂若依此地入正性離生已。	謂若依此地入正性離生已。	If one enters the certainty of goodness based on this stage,
['T27n1545_005:0023c08_9']	離初靜慮染。	離初靜慮染。	having separated from the defilements of the first dhyāna,
['T27n1545_005:0023c08_16']	不命終生上地。	不命終生上地。	and does not die and is not reborn in a higher stage,
['T27n1545_005:0023c09_2']	第四句者。	第四句者。	The fourth sentence is:
['T27n1545_005:0023c09_7']	謂除前相。	謂除前相。	Except for the above cases.
['T27n1545_005:0023c10_4']	尊者此中。	尊者此中。	The Venerable One, in this context,
['T27n1545_005:0023c10_9']	七門分別。	七門分別。	analyzes in seven aspects.
['T27n1545_005:0023c10_14']	世第一法。	世第一法。	The supreme worldly dharmas,
['T27n1545_005:0023c11_3']	謂初云何世第一法。	謂初云何世第一法。	It is said: First, what is the supreme worldly factor?
['T27n1545_005:0023c11_12']	乃至第七世第一法。	乃至第七世第一法。	Up to the seventh, the supreme worldly factor.
['T27n1545_005:0023c12_1']	當言退不退耶。	當言退不退耶。	Should it be said to be regressing or non-regressing?
['T27n1545_005:0023c12_11']	於中前三門是根本論。	於中前三門是根本論。	Among them, the first three sections are the fundamental treatise.
['T27n1545_005:0023c13_1']	後四門是因生論。	後四門是因生論。	The last four sections are the treatise arising from causes.
['T27n1545_005:0023c13_6']	世第一法。	世第一法。	The supreme worldly factor.
['T27n1545_005:0023c13_11']	由此七門。	由此七門。	By means of these seven sections,
['T27n1545_005:0023c13_16']	分別顯示。	分別顯示。	Discrimination and elucidation are carried out.
['T27n1545_005:0023c14_1']	極為明了。	極為明了。	They are extremely clear.
['T27n1545_005:0023c15_7']	云何頂乃至廣說。	云何頂乃至廣說。	What is the peak, and so on in detail?
['T27n1545_005:0023c15_13']	問先應說煖。	問先應說煖。	The question is: One should first explain the heat,
['T27n1545_005:0023c15_18']	後方說頂。	後方說頂。	And only then explain the peak.
['T27n1545_005:0023c16_8']	如何於此先說頂耶。	如何於此先說頂耶。	How is it that the peak is explained first here?
['T27n1545_005:0023c16_14']	答如前已說。	答如前已說。	The answer is: As explained before,
['T27n1545_005:0023c17_1']	此中逆說。	此中逆說。	Here it is explained in reverse.
['T27n1545_005:0023c17_10']	異生身中淨染諸法。	異生身中淨染諸法。	The pure and defiled dharmas in the body of an ordinary person,
['T27n1545_005:0023c18_1']	故先說頂後方說煖。	故先說頂後方說煖。	Therefore, the peak is explained first, and then the heat.
['T27n1545_005:0023c18_11']	問若爾此中應先說忍。	問若爾此中應先說忍。	The question is: If so, one should first explain the forbearance here.
['T27n1545_005:0023c19_2']	何故於此超說頂耶。	何故於此超說頂耶。	Why is the peak explained first here?
['T27n1545_005:0023c19_12']	答先已說忍而不彰顯。	答先已說忍而不彰顯。	The answer is: Forbearance has already been explained but is not made clear.
['T27n1545_005:0023c20_3', 'T27n1545_005:0023c20_11']	謂先已說若當勝者。🔽先應非世第一法。	謂先已說若當勝者。 先應非世第一法。	It is said: If it were superior,🔽One should first not be the supreme worldly factor,
['T27n1545_005:0023c21_1']	後方是世第一法。	後方是世第一法。	And only then be the supreme worldly factor.
['T27n1545_005:0023c21_6']	先者是何。	先者是何。	What is meant by first?
['T27n1545_005:0023c21_11']	謂增上忍。	謂增上忍。	It refers to the supreme patience.
['T27n1545_005:0023c21_16']	既已說忍。	既已說忍。	Since patience has already been discussed,
['T27n1545_005:0023c22_1']	故今說頂。	故今說頂。	therefore the peak is now discussed.
['T27n1545_005:0023c22_11']	問尊者何故覆相說忍。	問尊者何故覆相說忍。	Why did the Venerable [Vasubandhu] speak of patience in a concealed manner,
['T27n1545_005:0023c23_2']	而不彰顯廣說忍耶。	而不彰顯廣說忍耶。	and not clearly and extensively explain patience?
['T27n1545_005:0023c23_12']	答亦應彰顯廣說忍相。	答亦應彰顯廣說忍相。	The answer is: The characteristics of patience should also be clearly and extensively explained.
['T27n1545_005:0023c24_3']	謂云何忍何故名忍。	謂云何忍何故名忍。	That is, what is patience? Why is it called patience?
['T27n1545_005:0023c24_10']	忍當言何界繫。	忍當言何界繫。	Patience should be said to be bound to what realm?
['T27n1545_005:0023c24_15']	及因生論。	及因生論。	And the treatise on causes and conditions,
['T27n1545_005:0023c25_1']	皆應廣說。	皆應廣說。	all should be extensively explained.
['T27n1545_005:0023c25_6']	而不說者。	而不說者。	But why is it not explained?
['T27n1545_005:0023c25_11']	有何意耶。	有何意耶。	What is the meaning of this?
['T27n1545_005:0023c26_2']	答是作論者意欲爾故。	答是作論者意欲爾故。	The answer is: It is because the author of the treatise intends it to be so.
['T27n1545_005:0023c26_7']	謂作論者。	謂作論者。	That is, the author of the treatise,
['T27n1545_005:0023c26_12']	隨自意欲。	隨自意欲。	according to his own intention,
['T27n1545_005:0023c26_17']	或顯或隱。	或顯或隱。	either reveals or conceals,
['T27n1545_005:0023c27_2']	或廣或略。	或廣或略。	either extensively or briefly,
['T27n1545_005:0023c27_7']	而作此論。	而作此論。	and composes this treatise.
['T27n1545_005:0023c27_12']	不應徵詰。	不應徵詰。	One should not question it.
['T27n1545_005:0023c28_6']	尊者此中彰顯廣說世第一法。	尊者此中彰顯廣說世第一法。	The Venerable [Vasubandhu] clearly and extensively explains the supreme worldly dharmas in this [treatise],
['T27n1545_005:0023c28_11']	隱略說忍。	隱略說忍。	but briefly explains patience.
['T27n1545_005:0023c29_3']	於頂及煖顯略而說。	於頂及煖顯略而說。	He explains briefly and extensively the peak and heat.
['T27n1545_005:0023c29_8', 'T27n1545_005:0023c29_13']	有餘師說。🔽若契經中。	有餘師說。 若契經中。	Other masters say:🔽If it is clearly explained
['T27n1545_005:0023c29_18']	顯了說者。	顯了說者。	in the sutras,
['T27n1545_005:0024a01_8']	尊者於此彰顯而說。	尊者於此彰顯而說。	The Venerable One elucidated and spoke about this.
['T27n1545_005:0024a01_17']	忍於經中不顯了說。	忍於經中不顯了說。	Patience is not clearly explained in the sūtras.
['T27n1545_005:0024a02_8']	是故於此覆相說之。	是故於此覆相說之。	Therefore, it is explained here in a concealed manner.
['T27n1545_005:0024a03_1']	問豈不經中顯了說忍。	問豈不經中顯了說忍。	Question: Isn't patience clearly explained in the sūtras?
['T27n1545_005:0024a03_6']	如世尊說。	如世尊說。	As the World-Honored One said:
['T27n1545_005:0024a03_15']	若有一類成就六法。	若有一類成就六法。	If there is a type of person who possesses six dharmas,
['T27n1545_005:0024a04_2']	於現法中。	於現法中。	in this present life,
['T27n1545_005:0024a04_11']	必不能得遠塵離垢。	必不能得遠塵離垢。	they will definitely not be able to distance themselves from defilements and impurities,
['T27n1545_005:0024a05_2']	於諸法中生淨法眼。	於諸法中生淨法眼。	and give rise to the pure Dharma eye towards dharmas.
['T27n1545_005:0024a05_7']	云何六法。	云何六法。	What are the six dharmas?
['T27n1545_005:0024a05_13']	一不樂聞法。	一不樂聞法。	First, not delighting in hearing the Dharma.
['T27n1545_005:0024a06_5']	二雖聞說法而不囑耳。	二雖聞說法而不囑耳。	Second, even if hearing the Dharma being spoken, not paying attention.
['T27n1545_005:0024a06_11']	三雖囑耳聽。	三雖囑耳聽。	Third, even if paying attention,
['T27n1545_005:0024a07_3']	而不安住奉行教心。	而不安住奉行教心。	but not abiding in the mind of respectfully practicing the teachings.
['T27n1545_005:0024a07_14']	四於未證善法不勤求證。	四於未證善法不勤求證。	Fourth, not diligently seeking to realize good dharmas that have not yet been realized.
['T27n1545_005:0024a08_7']	五於已證善法不勤守護。	五於已證善法不勤守護。	Fifth, not diligently guarding and protecting good dharmas that have already been realized.
['T27n1545_005:0024a08_14']	六不成就順忍。	六不成就順忍。	Sixth, not possessing compliant patience.
['T27n1545_005:0024a09_5']	應知白品與此相違。	應知白品與此相違。	One should know that the opposite of this is the bright aspect.
['T27n1545_005:0024a09_14']	忍於此經既彰顯說。	忍於此經既彰顯說。	Since patience is clearly explained in this sūtra,
['T27n1545_005:0024a10_5']	尊者何故覆相說耶。	尊者何故覆相說耶。	why did the Venerable One explain it in a concealed manner?
['T27n1545_005:0024a10_10']	彼作是言。	彼作是言。	He said:
['T27n1545_005:0024a10_17']	經中雖說順忍。	經中雖說順忍。	Although the sūtra speaks of compliant patience,
['T27n1545_005:0024a11_5']	而不說順諦忍。	而不說順諦忍。	But it does not speak of acquiescence in accordance with the truths.
['T27n1545_005:0024a11_10', 'T27n1545_005:0024a11_17']	故非顯說。🔽問順忍順諦忍。	故非顯說。 問順忍順諦忍。	Therefore it is not explicit.
['T27n1545_005:0024a12_3']	有何差別。	有何差別。	Question: What is the difference between acquiescence in accordance with [the truths] and acquiescence in accordance with the truths?
['T27n1545_005:0024a12_8']	義無異故。	義無異故。	Because there is no difference in meaning,
['T27n1545_005:0024a12_15']	應知前說為善。	應知前說為善。	it should be known that the previous explanation is correct.
['T27n1545_005:0024a13_2']	問因論生論。	問因論生論。	Question: A discussion arising from a treatise.
['T27n1545_005:0024a13_11']	何故此忍獨名順諦。	何故此忍獨名順諦。	Why is this acquiescence alone called in accordance with the truths,
['T27n1545_005:0024a13_16']	非煖頂耶。	非煖頂耶。	and not heat and summit?
['T27n1545_005:0024a14_9']	答亦應說順諦煖順諦頂。	答亦應說順諦煖順諦頂。	Answer: Heat in accordance with the truths and summit in accordance with the truths should also be explained.
['T27n1545_005:0024a14_14']	而不說者。	而不說者。	But it does not explain it.
['T27n1545_005:0024a15_5']	當知此是有餘之說。	當知此是有餘之說。	One should know that this is an incomplete explanation.
['T27n1545_005:0024a15_10']	義皆有故。	義皆有故。	Because the meaning is all present.
['T27n1545_005:0024a15_17', 'T27n1545_005:0024a16_8']	復次言順諦者。🔽謂極隨順聖諦現觀。	復次言順諦者。 謂極隨順聖諦現觀。	Furthermore, as for in accordance with the truths,🔽it means extremely in accordance with the direct realization of the noble truths.
['T27n1545_005:0024a16_17']	忍極隨順聖諦現觀。	忍極隨順聖諦現觀。	Acquiescence is extremely in accordance with the direct realization of the noble truths.
['T27n1545_005:0024a17_8']	煖頂不爾故偏說忍。	煖頂不爾故偏說忍。	Heat and summit are not like this, so acquiescence is explained in particular.
['T27n1545_005:0024a17_16']	復次忍隣近見道。	復次忍隣近見道。	Furthermore, acquiescence is adjacent to the path of seeing.
['T27n1545_005:0024a18_4']	煖頂不爾故。	煖頂不爾故。	Heat and summit are not like this. Therefore,
['T27n1545_005:0024a18_13']	復次忍與見道相似。	復次忍與見道相似。	Furthermore, acquiescence is similar to the path of seeing.
['T27n1545_005:0024a19_1']	煖頂不爾故。	煖頂不爾故。	Heat and summit are not like this.
['T27n1545_005:0024a19_10']	謂見道位唯法念住。	謂見道位唯法念住。	That is to say, in the stage of the path of seeing, only the mindfulness of dharmas
['T27n1545_005:0024a20_4']	恒現在前忍位亦爾煖頂不然。	恒現在前忍位亦爾煖頂不然。	is always present. Acquiescence is also like this. Heat and summit are not like this.
['T27n1545_005:0024a20_15']	謂彼初位雖但起法念住。	謂彼初位雖但起法念住。	That is, although in the initial stage one only arouses the mindfulness of dharmas,
['T27n1545_005:0024a21_2']	而增進位。	而增進位。	in the stage of increase,
['T27n1545_005:0024a21_11']	亦得起餘三念住故。	亦得起餘三念住故。	one can also arouse the other three mindfulnesses.
['T27n1545_005:0024a21_16']	復次忍位。	復次忍位。	Furthermore, in the stage of acceptance,
['T27n1545_005:0024a22_8']	必有不出意樂趣入聖道。	必有不出意樂趣入聖道。	one necessarily has the intention to enter the holy path without fail.
['T27n1545_005:0024a22_14']	煖頂不爾故。	煖頂不爾故。	The stages of heat and summit are not like this.
['T27n1545_005:0024a23_3']	復次修觀行者。	復次修觀行者。	Furthermore, the practitioner of contemplation,
['T27n1545_005:0024a23_12']	於忍位中樂別觀諦。	於忍位中樂別觀諦。	in the stage of acceptance, delights in separately contemplating the truths.
['T27n1545_005:0024a24_13']	於頂位中樂別觀寶於煖位中樂別觀蘊故。	於頂位中樂別觀寶於煖位中樂別觀蘊故。	In the stage of summit, he delights in separately contemplating the jewels. In the stage of heat, he delights in separately contemplating the aggregates.
['T27n1545_005:0024a25_5', 'T27n1545_005:0024a25_12']	復次煖止緣諦下愚。🔽頂止緣諦中愚。	復次煖止緣諦下愚。 頂止緣諦中愚。	Furthermore, heat stops the foolishness regarding the lower truths.🔽Summit stops the foolishness regarding the middling truths.
['T27n1545_005:0024a26_2', 'T27n1545_005:0024a26_11']	忍止緣諦上愚故。🔽復次煖止緣諦麁愚。	忍止緣諦上愚故。 復次煖止緣諦麁愚。	Acceptance stops the foolishness regarding the upper truths.🔽Furthermore, heat stops the coarse foolishness regarding the truths.
['T27n1545_005:0024a26_18']	頂止緣諦中愚。	頂止緣諦中愚。	Summit stops the middling foolishness regarding the truths.
['T27n1545_005:0024a27_7']	忍止緣諦細愚故。	忍止緣諦細愚故。	Acceptance stops the subtle foolishness regarding the truths.
['T27n1545_005:0024a28_6']	復次煖起緣諦下明頂起緣諦中明。	復次煖起緣諦下明頂起緣諦中明。	Furthermore, heat arises from the lower illumination regarding the truths. Summit arises from the middling illumination regarding the truths.
['T27n1545_005:0024a28_14']	忍起緣諦上明故。	忍起緣諦上明故。	Acceptance arises from the upper illumination regarding the truths.
['T27n1545_005:0024a29_5', 'T27n1545_005:0024a29_12']	復次煖起緣諦麁明。🔽頂起緣諦中明。	復次煖起緣諦麁明。 頂起緣諦中明。	Furthermore, heat arises from the coarse illumination regarding the truths.🔽Summit arises from the middling illumination regarding the truths.
['T27n1545_005:0024b01_2']	忍起緣諦細明故。	忍起緣諦細明故。	Acceptance arises from the subtle illumination regarding the truths.
['T27n1545_005:0024b01_11', 'T27n1545_005:0024b01_18', 'T27n1545_005:0024b02_7']	復次煖得緣諦下信。🔽頂得緣諦中信。🔽忍得緣諦上信故。	復次煖得緣諦下信。 頂得緣諦中信。 忍得緣諦上信故。	Furthermore, the attainment of heat is the lower faith that takes the truths as its object.🔽The attainment of summit is the middle faith that takes the truths as its object.
['T27n1545_005:0024b02_16', 'T27n1545_005:0024b03_5']	復次煖得緣諦麁信。🔽頂得緣諦中信。	復次煖得緣諦麁信。 頂得緣諦中信。	The attainment of acceptance is the upper faith that takes the truths as its object.🔽Furthermore, the attainment of heat is the coarse faith that takes the truths as its object.🔽The attainment of summit is the middle faith that takes the truths as its object.
['T27n1545_005:0024b03_13']	忍得緣諦細信故。	忍得緣諦細信故。	The attainment of acceptance is the subtle faith that takes the truths as its object.
['T27n1545_005:0024b04_2']	復次以忍位中。	復次以忍位中。	Furthermore, in the stage of acceptance,
['T27n1545_005:0024b04_10']	或時以十六行相。	或時以十六行相。	sometimes using the sixteen aspects,
['T27n1545_005:0024b04_15']	觀察聖諦。	觀察聖諦。	one contemplates the noble truths,
['T27n1545_005:0024b05_4']	或時以十二行相。	或時以十二行相。	sometimes using the twelve aspects,
['T27n1545_005:0024b05_9']	觀察聖諦。	觀察聖諦。	one contemplates the noble truths,
['T27n1545_005:0024b05_16']	或時以八行相。	或時以八行相。	sometimes using the eight aspects,
['T27n1545_005:0024b06_2']	觀察聖諦。	觀察聖諦。	one contemplates the noble truths,
['T27n1545_005:0024b06_9']	或時以四行相。	或時以四行相。	sometimes using the four aspects,
['T27n1545_005:0024b06_14']	觀察聖諦。	觀察聖諦。	one contemplates the noble truths.
['T27n1545_005:0024b06_19']	煖頂位中。	煖頂位中。	In the stages of heat and summit,
['T27n1545_005:0024b07_6']	但以十六行相。	但以十六行相。	only using the sixteen aspects,
['T27n1545_005:0024b07_12']	觀察聖諦故。	觀察聖諦故。	one contemplates the noble truths.
['T27n1545_005:0024b08_5']	復次以忍位中無雜作意。	復次以忍位中無雜作意。	Furthermore, in the stage of acceptance, there is no mixed intention,
['T27n1545_005:0024b08_15']	煖頂位中有雜作意故。	煖頂位中有雜作意故。	while in the stages of heat and summit, there is a mixed intention.
['T27n1545_005:0024b09_2']	謂煖頂位。	謂煖頂位。	That is to say, in the stages of heat and summit,
['T27n1545_005:0024b09_15']	數數復起欲界善心觀欲界苦。	數數復起欲界善心觀欲界苦。	one frequently again gives rise to the wholesome mind of the desire realm, contemplating the suffering of the desire realm.
['T27n1545_005:0024b10_2']	為間雜已。	為間雜已。	Having mixed it,
['T27n1545_005:0024b10_11']	復能引此善根現前。	復能引此善根現前。	one is then able to bring this wholesome root to the fore.
['T27n1545_005:0024b10_16']	忍位不爾。	忍位不爾。	The stage of patience is not like this.
['T27n1545_005:0024b11_12']	復次以忍位中唯別作意別觀諸諦。	復次以忍位中唯別作意別觀諸諦。	Moreover, in the stage of patience, one only makes separate mental applications and separately contemplates the truths.
['T27n1545_005:0024b12_3']	煖頂位中不如是故。	煖頂位中不如是故。	In the stages of heat and summit, it is not like this.
['T27n1545_005:0024b12_8']	謂煖頂位。	謂煖頂位。	That is to say, in the stages of heat and summit,
['T27n1545_005:0024b12_17']	雖別作意別觀諸諦。	雖別作意別觀諸諦。	although one makes separate mental applications and separately contemplates the truths,
['T27n1545_005:0024b13_3']	而於中間。	而於中間。	in the middle,
['T27n1545_005:0024b13_12']	修總行相總觀諸諦。	修總行相總觀諸諦。	one cultivates a general mode of activity and generally contemplates the truths.
['T27n1545_005:0024b14_3']	謂觀一切有漏皆苦。	謂觀一切有漏皆苦。	That is to say, one contemplates that all contaminated [dharmas] are suffering,
['T27n1545_005:0024b14_12']	觀一切行皆是無常。	觀一切行皆是無常。	one contemplates that all conditioned [dharmas] are impermanent,
['T27n1545_005:0024b15_2']	觀一切法皆空無我。	觀一切法皆空無我。	one contemplates that all dharmas are empty and without self,
['T27n1545_005:0024b15_11']	唯觀涅槃是真寂靜。	唯觀涅槃是真寂靜。	and one only contemplates nirvāṇa as true quiescence.
['T27n1545_005:0024b16_3']	復次以忍位中有時相續。	復次以忍位中有時相續。	Moreover, in the stage of patience, sometimes there is a continuum,
['T27n1545_005:0024b16_12']	有一剎那觀察聖諦。	有一剎那觀察聖諦。	and there is a single moment of contemplation of the noble truths.
['T27n1545_005:0024b17_7']	煖頂位中唯有相續觀聖諦故。	煖頂位中唯有相續觀聖諦故。	In the stages of heat and summit, there is only a continuum of contemplation of the noble truths.
['T27n1545_005:0024b18_1']	復次以忍位中漸略觀諦。	復次以忍位中漸略觀諦。	Moreover, in the stage of patience, one gradually abbreviates the contemplation of the truths,
['T27n1545_005:0024b18_6']	極能隨順。	極能隨順。	and is able to accord with and
['T27n1545_005:0024b18_11']	趣向涅槃。	趣向涅槃。	head towards nirvāṇa.
['T27n1545_005:0024b18_16']	如適他方。	如適他方。	It is like traveling to a foreign land,
['T27n1545_005:0024b19_2']	以多貿少。	以多貿少。	exchanging much for little.
['T27n1545_005:0024b19_11']	煖頂位中不如是故。	煖頂位中不如是故。	In the stages of heat and summit, it is not like this.
['T27n1545_005:0024b20_2']	以如是等種種因緣。	以如是等種種因緣。	For these various reasons,
['T27n1545_005:0024b20_7']	忍名順諦。	忍名順諦。	Patience is called conforming to the truths.
['T27n1545_005:0024b20_12']	煖頂不爾。	煖頂不爾。	Heat and summit are not like this.
['T27n1545_005:0024b20_18']	問世第一法。	問世第一法。	Question: Why is the supreme worldly dharma
['T27n1545_005:0024b21_7']	何故不立順諦名耶。	何故不立順諦名耶。	not established as having the name of conforming to the truths?
['T27n1545_005:0024b21_17']	答雖復此位一切皆勝。	答雖復此位一切皆勝。	Answer: Although in this stage everything is supreme,
['T27n1545_005:0024b22_9']	而於四諦不遍觀察故。	而於四諦不遍觀察故。	one does not universally contemplate the four truths, therefore
['T27n1545_005:0024b23_1']	不建立順諦之名。	不建立順諦之名。	the name of conforming to the truths is not established.
['T27n1545_005:0024b24_6']	問忍為幾念住。	問忍為幾念住。	Question: How many moments of mindfulness does patience have?
['T27n1545_005:0024b24_12']	答現在唯一。	答現在唯一。	Answer: In the present, there is only one,
['T27n1545_005:0024b24_18']	雜緣法念住。	雜緣法念住。	the miscellaneous mindfulness of dharmas.
['T27n1545_005:0024b25_7']	未來具四似見道故。	未來具四似見道故。	In the future, there are four, because it resembles the path of seeing.
['T27n1545_005:0024b25_13']	問忍為幾緣。	問忍為幾緣。	Question: How many conditions does patience have?
['T27n1545_005:0024b25_18']	答為四緣。	答為四緣。	Answer: It has four conditions,
['T27n1545_005:0024b26_10']	謂因等無間所緣增上緣。	謂因等無間所緣增上緣。	namely causal, immediately preceding, object, and dominant conditions.
['T27n1545_005:0024b26_15']	為因緣者。	為因緣者。	As for being a causal condition,
['T27n1545_005:0024b27_13']	謂與彼相應俱有同類等法為因緣。	謂與彼相應俱有同類等法為因緣。	it is a causal condition for the dharmas associated with it, coexisting with it, and of the same type.
['T27n1545_005:0024b28_4']	為等無間緣者。	為等無間緣者。	As for being an immediately preceding condition,
['T27n1545_005:0024b28_16']	謂與世第一法為等無間緣。	謂與世第一法為等無間緣。	it is an immediately preceding condition for the supreme worldly dharma.
['T27n1545_005:0024b29_5']	為所緣緣者。	為所緣緣者。	As for being an object condition,
['T27n1545_005:0024c01_3']	謂與能緣此心心所法為所緣緣。	謂與能緣此心心所法為所緣緣。	it is an object condition for the mind and mental factors that are able to take it as an object.
['T27n1545_005:0024c01_9']	為增上緣者。	為增上緣者。	As for being a dominant condition,
['T27n1545_005:0024c02_7']	謂除自性與餘一切有為法為增上緣。	謂除自性與餘一切有為法為增上緣。	It is said that except for its own nature, it is the dominant condition for all other conditioned dharmas.
['T27n1545_005:0024c02_13']	問忍有幾緣。	問忍有幾緣。	Question: How many conditions does patience have?
['T27n1545_005:0024c02_18']	答有四緣。	答有四緣。	Answer: It has four conditions.
['T27n1545_005:0024c03_4', 'T27n1545_005:0024c03_14']	有因緣者。🔽謂此相應俱有同類法。	有因緣者。 謂此相應俱有同類法。	As for the causal condition,🔽it refers to the associated, coexistent, and homogeneous dharmas.
['T27n1545_005:0024c04_3']	有等無間緣者。	有等無間緣者。	As for the condition as the equivalent and immediate antecedent,
['T27n1545_005:0024c04_8']	謂已生頂。	謂已生頂。	it refers to the already arisen peak.
['T27n1545_005:0024c04_18']	有所緣緣者謂四聖諦。	有所緣緣者謂四聖諦。	As for the condition of the object, it refers to the four noble truths.
['T27n1545_005:0024c05_5']	有增上緣者。	有增上緣者。	As for the dominant condition,
['T27n1545_005:0024c05_14']	謂除自性餘一切法。	謂除自性餘一切法。	it refers to all dharmas except for its own nature.
['T27n1545_005:0024c06_4']	問忍當言何界繫。	問忍當言何界繫。	Question: Should patience be said to be bound to which realm?
['T27n1545_005:0024c06_12']	答應言唯色界繫。	答應言唯色界繫。	Answer: It should be said to be bound only to the form realm.
['T27n1545_005:0024c07_4']	問忍當言有尋有伺。	問忍當言有尋有伺。	Question: Should patience be said to have investigation and analysis,
['T27n1545_005:0024c07_9']	無尋唯伺。	無尋唯伺。	to be without investigation but only have analysis,
['T27n1545_005:0024c07_15']	無尋無伺耶。	無尋無伺耶。	or to be without investigation and without analysis?
['T27n1545_005:0024c08_2']	答應言三種。	答應言三種。	Answer: It should be said to be of three kinds.
['T27n1545_005:0024c08_11']	問忍當言樂根相應。	問忍當言樂根相應。	Question: Should patience be said to be associated with the faculty of pleasure,
['T27n1545_005:0024c08_16']	喜根相應。	喜根相應。	associated with the faculty of joy,
['T27n1545_005:0024c09_3']	捨根相應耶。	捨根相應耶。	or associated with the faculty of equanimity?
['T27n1545_005:0024c09_11', 'T27n1545_005:0024c10_3']	答應言三根相應。🔽問忍當言一心多心耶。	答應言三根相應。 問忍當言一心多心耶。	Answer: It should be said to be associated with three faculties.🔽Question: Should patience be said to be of one mind or many minds?
['T27n1545_005:0024c10_13']	答應言或多心或一心。	答應言或多心或一心。	Answer: It should be said to be either many minds or one mind.
['T27n1545_005:0024c11_4']	以增上忍一剎那故。	以增上忍一剎那故。	Because the supreme patience is only one moment.
['T27n1545_005:0024c11_13']	問忍當言退不退耶。	問忍當言退不退耶。	Question: Should patience be said to be retrogressive or non-retrogressive?
['T27n1545_005:0024c12_1']	答應言不退。	答應言不退。	Answer: It should be said to be non-retrogressive.
['T27n1545_005:0024c12_6']	如是等義。	如是等義。	Such meanings as these.
['T27n1545_005:0024c12_11']	依上所說。	依上所說。	Based on the above explanations.
['T27n1545_005:0024c12_16']	世第一法。	世第一法。	The supreme worldly dharmas.
['T27n1545_005:0024c13_1']	如理應知。	如理應知。	Should be understood according to reason.
['T27n1545_005:0024c14_12', 'T27n1545_005:0024c14_17', 'T27n1545_005:0024c16_2']	問緣何諦忍後入正性離生耶。🔽有作是說。🔽緣道諦忍後入正性離生問若爾云何所緣行相。	問緣何諦忍後入正性離生耶。 有作是說。 緣道諦忍後入正性離生問若爾云何所緣行相。	Question: After patience towards which truth does one enter the certainty of perfection?
['T27n1545_005:0024c16_7']	不成倒錯。	不成倒錯。	Some say: After patience towards the truth of the path, one enters the certainty of perfection. Question: If so, how does the object and aspect not become inverted and confused?
['T27n1545_005:0024c16_12']	若倒錯者。	若倒錯者。	If inverted and confused,
['T27n1545_005:0024c17_7', 'T27n1545_005:0024c17_15']	云何不與入正性離生而作留難。🔽答此於所緣行相。	云何不與入正性離生而作留難。 答此於所緣行相。	why does it not create an obstacle for entering the certainty of perfection?
['T27n1545_005:0024c18_2']	雖有倒錯。	雖有倒錯。	Answer: Although there is inversion and confusion regarding the object and aspect,
['T27n1545_005:0024c18_14']	而於入正性離生不作留難。	而於入正性離生不作留難。	it does not create an obstacle for entering the certainty of perfection.
['T27n1545_005:0024c19_1']	所以者何。	所以者何。	Why is this?
['T27n1545_005:0024c19_6']	已串習故。	已串習故。	Because it has already been well-practiced.
['T27n1545_005:0024c20_6']	謂修行者於此串習已成徑路自在現前。	謂修行者於此串習已成徑路自在現前。	That is to say, for the practitioner, this has already become a well-trodden path, freely present.
['T27n1545_005:0024c20_11']	如見道中。	如見道中。	Just like in the path of seeing,
['T27n1545_005:0024c20_17']	緣欲界忍智。	緣欲界忍智。	the patience and knowledge towards the desire realm.
['T27n1545_005:0024c21_8']	後緣有頂忍智現在前。	後緣有頂忍智現在前。	Later, the acceptance and knowledge regarding the peak of existence appear before one.
['T27n1545_005:0024c21_14']	緣有頂忍智。	緣有頂忍智。	One takes the acceptance and knowledge regarding the peak of existence as objects.
['T27n1545_005:0024c22_6']	後緣欲界忍智現在前。	後緣欲界忍智現在前。	Later, the acceptance and knowledge regarding the desire realm appear before one.
['T27n1545_005:0024c22_12']	緣苦諦行相。	緣苦諦行相。	One takes the aspects of the truth of suffering as objects.
['T27n1545_005:0024c23_4']	後緣集諦行相現在前。	後緣集諦行相現在前。	Later, the aspects of the truth of the accumulation of suffering appear before one.
['T27n1545_005:0024c23_10']	緣集諦行相。	緣集諦行相。	One takes the aspects of the truth of the accumulation of suffering as objects.
['T27n1545_005:0024c24_2']	後緣滅諦行相現在前。	後緣滅諦行相現在前。	Later, the aspects of the truth of the cessation of suffering appear before one.
['T27n1545_005:0024c24_9']	此等所緣行相。	此等所緣行相。	Although the objects and aspects of these
['T27n1545_005:0024c24_14']	雖有倒錯。	雖有倒錯。	may be inverted and confused,
['T27n1545_005:0024c25_4']	而於現觀不作留難。	而於現觀不作留難。	they do not create obstacles for the realization of the truth.
['T27n1545_005:0024c25_13']	已串習故此忍亦爾。	已串習故此忍亦爾。	Because one has already become familiar with them, this acceptance is also like this.
['T27n1545_005:0024c25_18', 'T27n1545_005:0024c26_4']	若作是說。🔽緣道諦忍。	若作是說。 緣道諦忍。	If one explains it in this way,🔽after the acceptance regarding the truth of the path,
['T27n1545_005:0024c26_12']	後入正性離生者。	後入正性離生者。	one who enters the certainty of correct liberation
['T27n1545_005:0024c26_17', 'T27n1545_005:0024c27_4']	則有三心。🔽同一所緣。	則有三心。 同一所緣。	then has three minds.🔽They have the same object.
['T27n1545_005:0024c27_9']	同一行相。	同一行相。	They have the same aspect.
['T27n1545_005:0024c27_15']	謂世第一法。	謂世第一法。	Namely, the supreme worldly dharmas,
['T27n1545_005:0024c27_20']	苦法智忍。	苦法智忍。	the acceptance of the knowledge of the dharma of suffering,
['T27n1545_005:0024c28_7']	苦法智相應二心。	苦法智相應二心。	and the two minds associated with the knowledge of the dharma of suffering.
['T27n1545_005:0024c28_12']	同一行相。	同一行相。	They have the same aspect.
['T27n1545_005:0024c28_18']	不同一所緣。	不同一所緣。	They do not have the same object.
['T27n1545_005:0024c29_5']	謂苦類智忍。	謂苦類智忍。	Namely, the acceptance of the knowledge of the subsequent class of suffering,
['T27n1545_005:0024c29_13']	苦類智相應二心。	苦類智相應二心。	and the two minds associated with the knowledge of the subsequent class of suffering.
['T27n1545_005:0024c29_18']	同一所緣。	同一所緣。	They have the same object.
['T27n1545_005:0025a01_5', 'T27n1545_005:0025a01_11']	不同一行相。🔽謂集法智忍。	不同一行相。 謂集法智忍。	It is not the same in terms of aspect.🔽That is, the receptivity to the cognition of the truth of origination.
['T27n1545_005:0025a01_19']	集法智相應餘心。	集法智相應餘心。	The mind associated with the cognition of the truth of origination.
['T27n1545_005:0025a02_5']	不同一所緣。	不同一所緣。	It is not the same in terms of object.
['T27n1545_005:0025a02_11']	不同一行相。	不同一行相。	It is not the same in terms of aspect.
['T27n1545_005:0025a02_16']	如是說者。	如是說者。	According to this explanation,
['T27n1545_005:0025a03_2']	緣苦諦忍。	緣苦諦忍。	The receptivity to the truth of suffering,
['T27n1545_005:0025a03_9']	後入正性離生。	後入正性離生。	Later enters the certainty of rightness and leaves birth.
['T27n1545_005:0025a03_14']	所以者何。	所以者何。	Why is it so?
['T27n1545_005:0025a04_3']	見道是無漏善根。	見道是無漏善根。	The path of seeing is a wholesome root without outflows,
['T27n1545_005:0025a04_8']	有大勢力。	有大勢力。	It has great power.
['T27n1545_005:0025a04_17']	雖所緣行相有倒錯。	雖所緣行相有倒錯。	Although the object and aspect are inverted and confused,
['T27n1545_005:0025a05_7']	而於現觀不作留難。	而於現觀不作留難。	It does not create obstacles for the realization of the truth.
['T27n1545_005:0025a05_14']	忍是有漏善根。	忍是有漏善根。	Receptivity is a wholesome root with outflows,
['T27n1545_005:0025a06_1']	無大勢力。	無大勢力。	It does not have great power.
['T27n1545_005:0025a06_11']	若所緣行相有倒錯者。	若所緣行相有倒錯者。	If the object and aspect are inverted and confused,
['T27n1545_005:0025a07_5']	則於入正性離生便作留難。	則於入正性離生便作留難。	Then it creates obstacles for entering the certainty of rightness and leaving birth.
['T27n1545_005:0025a07_14']	故修行者住忍位中。	故修行者住忍位中。	Therefore, the practitioner who abides in the stage of receptivity,
['T27n1545_005:0025a08_1']	所緣行相。	所緣行相。	The object and aspect,
['T27n1545_005:0025a08_6']	先廣後略。	先廣後略。	First extensive and later concise.
['T27n1545_005:0025a08_15', 'T27n1545_005:0025a09_8']	由此得入正性離生。🔽謂彼先以四行相觀欲界苦。	由此得入正性離生。 謂彼先以四行相觀欲界苦。	By this, one enters the certainty of rightness and leaves birth.🔽That is, one first contemplates the suffering of the desire realm with four aspects,
['T27n1545_005:0025a10_3']	次以四行相觀色無色界苦。	次以四行相觀色無色界苦。	Next, with four aspects, one contemplates the suffering of the form and formless realms.
['T27n1545_005:0025a10_9']	次以四行相。	次以四行相。	Next, with four aspects,
['T27n1545_005:0025a10_16']	觀欲界諸行因。	觀欲界諸行因。	contemplate the causes of all conditioned phenomena in the desire realm.
['T27n1545_005:0025a11_3']	次以四行相。	次以四行相。	Next, with four aspects,
['T27n1545_005:0025a11_12']	觀色無色界諸行因。	觀色無色界諸行因。	contemplate the causes of all conditioned phenomena in the form and formless realms.
['T27n1545_005:0025a11_18']	次以四行相。	次以四行相。	Next, with four aspects,
['T27n1545_005:0025a12_6']	觀欲界諸行滅。	觀欲界諸行滅。	contemplate the cessation of all conditioned phenomena in the desire realm.
['T27n1545_005:0025a12_12']	次以四行相。	次以四行相。	Next, with four aspects,
['T27n1545_005:0025a13_3']	觀色無色界諸行滅。	觀色無色界諸行滅。	contemplate the cessation of all conditioned phenomena in the form and formless realms.
['T27n1545_005:0025a13_9']	次以四行相。	次以四行相。	Next, with four aspects,
['T27n1545_005:0025a13_16']	觀欲界諸行道。	觀欲界諸行道。	contemplate the path to the cessation of all conditioned phenomena in the desire realm.
['T27n1545_005:0025a14_3']	後以四行相。	後以四行相。	Finally, with four aspects,
['T27n1545_005:0025a14_12']	觀色無色界諸行道。	觀色無色界諸行道。	contemplate the path to the cessation of all conditioned phenomena in the form and formless realms.
['T27n1545_005:0025a14_18']	齊此名下忍。	齊此名下忍。	This is called the lower stage of acceptance.
['T27n1545_005:0025a15_4']	從此以後。	從此以後。	From this point on,
['T27n1545_005:0025a15_9']	漸漸略之。	漸漸略之。	gradually reduce [the scope of contemplation].
['T27n1545_005:0025a15_16']	謂復以四行相。	謂復以四行相。	That is to say, again with four aspects,
['T27n1545_005:0025a16_3']	先觀欲界苦。	先觀欲界苦。	first contemplate the suffering in the desire realm,
['T27n1545_005:0025a16_11']	次觀色無色界苦。	次觀色無色界苦。	next contemplate the suffering in the form and formless realms,
['T27n1545_005:0025a17_3']	乃至最後觀欲界諸行道。	乃至最後觀欲界諸行道。	up to the last contemplation of the path to the cessation of all conditioned phenomena in the desire realm.
['T27n1545_005:0025a17_15']	漸次略去色無色界諸行道。	漸次略去色無色界諸行道。	Gradually reduce the path to the cessation of all conditioned phenomena in the form and formless realms.
['T27n1545_005:0025a18_2']	復以四行相。	復以四行相。	Again, with four aspects,
['T27n1545_005:0025a18_8']	先觀欲界苦。	先觀欲界苦。	first contemplate the suffering in the desire realm,
['T27n1545_005:0025a18_16']	次觀色無色界苦。	次觀色無色界苦。	next contemplate the suffering in the form and formless realms,
['T27n1545_005:0025a19_10']	乃至最後觀色無色界諸行滅。	乃至最後觀色無色界諸行滅。	Up to the last, observing the cessation of the formations of the form and formless realms.
['T27n1545_005:0025a20_7']	漸次略去一切諸行道復以四行相。	漸次略去一切諸行道復以四行相。	Gradually eliminating all formations, again with four aspects.
['T27n1545_005:0025a20_13']	先觀欲界苦。	先觀欲界苦。	First, observing the suffering of the desire realm,
['T27n1545_005:0025a21_3']	次觀色無色界苦。	次觀色無色界苦。	next, observing the suffering of the form and formless realms,
['T27n1545_005:0025a21_14']	乃至最後觀欲界諸行滅。	乃至最後觀欲界諸行滅。	up to the last, observing the cessation of the formations of the desire realm.
['T27n1545_005:0025a22_7']	漸次略去色無色界諸行滅。	漸次略去色無色界諸行滅。	Gradually eliminating the cessation of the formations of the form and formless realms,
['T27n1545_005:0025a22_13']	復以四行相。	復以四行相。	again with four aspects.
['T27n1545_005:0025a23_1']	先觀欲界苦。	先觀欲界苦。	First, observing the suffering of the desire realm,
['T27n1545_005:0025a23_9']	次觀色無色界苦。	次觀色無色界苦。	next, observing the suffering of the form and formless realms,
['T27n1545_005:0025a24_3']	乃至最後觀色無色界諸行因。	乃至最後觀色無色界諸行因。	up to the last, observing the cause of the formations of the desire realm.
['T27n1545_005:0025a24_13']	漸次略去一切諸行滅。	漸次略去一切諸行滅。	Gradually eliminating the cessation of all formations,
['T27n1545_005:0025a25_1']	復以四行相。	復以四行相。	again with four aspects.
['T27n1545_005:0025a25_7']	先觀欲界苦。	先觀欲界苦。	First, observing the suffering of the desire realm,
['T27n1545_005:0025a25_15']	次觀色無色界苦。	次觀色無色界苦。	next, observing the suffering of the form and formless realms,
['T27n1545_005:0025a26_4']	後觀欲界諸行因。	後觀欲界諸行因。	and later observing the cause of the formations of the desire realm.
['T27n1545_005:0025a26_16']	漸次略去色無色界諸行因。	漸次略去色無色界諸行因。	Gradually eliminating the cause of the formations of the form and formless realms,
['T27n1545_005:0025a27_3']	復以四行相。	復以四行相。	again with four aspects.
['T27n1545_005:0025a27_9']	先觀欲界苦。	先觀欲界苦。	First, observing the suffering of the desire realm,
['T27n1545_005:0025a27_17']	後觀色無色界苦。	後觀色無色界苦。	and later observing the suffering of the form and formless realms.
['T27n1545_005:0025a28_8']	漸次略去一切諸行因。	漸次略去一切諸行因。	Gradually eliminating the cause of all formations,
['T27n1545_005:0025a28_14']	復以四行相。	復以四行相。	Furthermore, with four aspects,
['T27n1545_005:0025a28_19']	觀欲界苦。	觀欲界苦。	Contemplate the suffering of the desire realm.
['T27n1545_005:0025a29_9']	漸次略去色無色界苦。	漸次略去色無色界苦。	Gradually reduce the suffering of the form and formless realms.
['T27n1545_005:0025a29_15']	彼於欲界苦。	彼於欲界苦。	Regarding the suffering of the desire realm,
['T27n1545_005:0025b01_2']	以四行相。	以四行相。	With four aspects,
['T27n1545_005:0025b01_7']	相續觀察。	相續觀察。	Contemplate in continuity.
['T27n1545_005:0025b01_12']	復漸略之。	復漸略之。	Then gradually reduce it,
['T27n1545_005:0025b02_3']	至一行相二剎那觀察。	至一行相二剎那觀察。	Until contemplating with one aspect for two moments.
['T27n1545_005:0025b02_13']	如苦法智忍及苦法智。	如苦法智忍及苦法智。	Like the receptivity to the cognition of the teaching on suffering and the cognition of the teaching on suffering.
['T27n1545_005:0025b03_1']	齊此名中忍。	齊此名中忍。	This is called middling receptivity.
['T27n1545_005:0025b03_8']	彼復於欲界苦。	彼復於欲界苦。	Furthermore, regarding the suffering of the desire realm,
['T27n1545_005:0025b04_1']	一剎那觀察如苦法智忍。	一剎那觀察如苦法智忍。	Contemplate in one moment like the receptivity to the cognition of the teaching on suffering.
['T27n1545_005:0025b04_6']	此名上忍。	此名上忍。	This is called higher receptivity.
['T27n1545_005:0025b05_1']	從此無間復一剎那觀欲界苦。	從此無間復一剎那觀欲界苦。	Immediately after this, in one moment, contemplate the suffering of the desire realm.
['T27n1545_005:0025b05_7']	名世第一法。	名世第一法。	This is called the highest worldly dharmas.
['T27n1545_005:0025b05_17']	從此無間生苦法智忍。	從此無間生苦法智忍。	Immediately after this, the receptivity to the cognition of the teaching on suffering arises.
['T27n1545_005:0025b06_3']	展轉乃至。	展轉乃至。	In succession, up to
['T27n1545_005:0025b06_8']	生道類智。	生道類智。	The cognition of the class of the path arises.
['T27n1545_005:0025b06_13']	譬如有人。	譬如有人。	It is like a person
['T27n1545_005:0025b07_4']	欲從己國適於他國。	欲從己國適於他國。	Who wants to go from their own country to another country.
['T27n1545_005:0025b07_13', 'T27n1545_005:0025b08_5']	多有財產不能持去。🔽遂以易鍮猶嫌其多。	多有財產不能持去。 遂以易鍮猶嫌其多。	Having much wealth and property, they cannot take it with them.🔽So they exchange it for brass, still dissatisfied with its abundance.
['T27n1545_005:0025b08_14']	復以易金猶嫌金重。	復以易金猶嫌金重。	They further exchange it for gold, still dissatisfied with the weight of the gold.
['T27n1545_005:0025b09_6']	復以貿易大價寶珠。	復以貿易大價寶珠。	And then trade it for a very valuable jewel.
['T27n1545_005:0025b09_15']	持此寶珠隨意所往。	持此寶珠隨意所往。	Holding this jewel, one can go wherever one wishes.
['T27n1545_005:0025b10_2']	行者亦爾。	行者亦爾。	The practitioner is also like this.
['T27n1545_005:0025b10_11']	先廣觀察上下諸諦。	先廣觀察上下諸諦。	First, extensively contemplate the upper and lower truths.
['T27n1545_005:0025b10_16']	後漸略之。	後漸略之。	Later, gradually abbreviate them.
['T27n1545_005:0025b11_6']	乃至唯以一剎那心。	乃至唯以一剎那心。	Until finally, with a single moment of mind,
['T27n1545_005:0025b11_11']	觀欲界苦。	觀欲界苦。	Contemplate the suffering of the desire realm.
['T27n1545_005:0025b11_18']	次生世第一法。	次生世第一法。	Next, the supreme worldly dharmas arise.
['T27n1545_005:0025b12_6']	次生苦法智忍。	次生苦法智忍。	Next, the acceptance of the knowledge of the factors of the path arises.
['T27n1545_005:0025b12_15']	展轉乃至生道類智。	展轉乃至生道類智。	In succession, up to the arising of the knowledge of the class of the path.
['T27n1545_005:0025b13_6']	若如是說緣苦諦忍。	若如是說緣苦諦忍。	If it is explained in this way, the acceptance that takes suffering as its object,
['T27n1545_005:0025b13_13']	後入正性離生。	後入正性離生。	Later enters the correct certainty of separation from birth.
['T27n1545_005:0025b13_18', 'T27n1545_005:0025b14_4']	則有四心。🔽同一所緣。	則有四心。 同一所緣。	Then there are four minds.🔽The same object.
['T27n1545_005:0025b14_9']	同一行相。	同一行相。	The same aspect.
['T27n1545_005:0025b14_14']	謂增上忍。	謂增上忍。	That is, the supreme acceptance.
['T27n1545_005:0025b14_19', 'T27n1545_005:0025b15_3', 'T27n1545_005:0025b15_11']	世第一法。🔽苦法智忍。🔽苦法智相應二心。	世第一法。 苦法智忍。 苦法智相應二心。	The supreme worldly dharmas.🔽The acceptance of the knowledge of the factors of the path of suffering.
['T27n1545_005:0025b15_16']	同一行相。	同一行相。	The two minds associated with the knowledge of the factors of the path of suffering.🔽The same aspect.
['T27n1545_005:0025b16_2', 'T27n1545_005:0025b16_8', 'T27n1545_005:0025b16_14']	不同一所緣。🔽謂苦類智忍。🔽苦類智相應。	不同一所緣。 謂苦類智忍。 苦類智相應。	Not the same object.🔽That is, the acceptance of the knowledge of the class of suffering.
['T27n1545_005:0025b17_1']	二心同一所緣。	二心同一所緣。	The two associated with the knowledge of the class of suffering.🔽The same object.
['T27n1545_005:0025b17_7']	不同一行相。	不同一行相。	Not the same aspect.
['T27n1545_005:0025b17_13']	謂集法智忍。	謂集法智忍。	That is, the acceptance of the knowledge of the factors of the path of accumulation.
['T27n1545_005:0025b18_1']	集法智相應餘心。	集法智相應餘心。	The other minds associated with the cognition of the assemblage of factors.
['T27n1545_005:0025b18_7', 'T27n1545_005:0025b18_18']	不同一所緣。🔽不同一行相問世第一法。	不同一所緣。 不同一行相問世第一法。	Do not have the same object.
['T27n1545_005:0025b19_7']	亦如忍有三品耶。	亦如忍有三品耶。	Do not have the same aspect. Question: Are the supreme worldly dharmas also divided into three grades like the acceptances?
['T27n1545_005:0025b19_15']	答一相續中則無。	答一相續中則無。	Answer: In a single continuum, there are none.
['T27n1545_005:0025b20_3', 'T27n1545_005:0025b20_11']	多相續中則有。🔽謂佛種性是上品。	多相續中則有。 謂佛種性是上品。	In many continua, there are.🔽Namely, the Buddha lineage is the superior grade.
['T27n1545_005:0025b21_1']	獨覺種性是中品。	獨覺種性是中品。	The pratyekabuddha lineage is the middle grade.
['T27n1545_005:0025b21_9']	聲聞種性是下品。	聲聞種性是下品。	The śrāvaka lineage is the inferior grade.
['T27n1545_005:0025b21_14']	依六種性。	依六種性。	Based on the six lineages,
['T27n1545_005:0025b22_1']	三根說亦爾。	三根說亦爾。	The three faculties are also explained in the same way.Here is the corrected and aligned text:
['T27n1545_005:0025b23_100']	說一切有部發智大毘婆沙論卷第五	說一切有部發智大毘婆沙論卷第五	Sarvâstivāda Abhidharma-mahāvibhāṣā-śāstra, fascicle 5
