segmentnr	original	analyzed	translated
['T27n1545_057:0293a23_0']	阿毘達磨大毘婆沙論卷第五十	阿毘達磨大毘婆沙論卷第五十	Abhidharma-mahāvibhāṣā-śāstra, fascicle 50
['T27n1545_057:0293a24_0']	七	七	seven
['T27n1545_057:0293a26_0']	五百大阿羅漢等造	五百大阿羅漢等造	composed by 500 great arhats and others
['T27n1545_057:0293a29_6']	三藏法師玄奘奉　詔譯2結蘊第二中一行納息第二之二或有二俱不繫。	三藏法師玄奘奉　詔譯2結蘊第二中一行納息第二之二或有二俱不繫。	tripiṭaka master Xuanzang respectfully received
['T27n1545_057:0293a29_16']	謂集智已生滅智未生。	謂集智已生滅智未生。	It means that the knowledge of accumulation has already arisen, but the knowledge of cessation has not yet arisen.
['T27n1545_057:0293b01_6']	於見苦集所斷法。	於見苦集所斷法。	Regarding the dharmas to be eliminated by seeing suffering and accumulation,
['T27n1545_057:0293b02_6']	及於色無色界見滅道所斷見結不相應法。	及於色無色界見滅道所斷見結不相應法。	and regarding the dharmas not associated with the view of cessation and path to be eliminated by seeing in the form and formless realms,
['T27n1545_057:0293b03_3']	并於色無色界修所斷法無二結繫。	并於色無色界修所斷法無二結繫。	and regarding the dharmas to be eliminated by cultivation in the form and formless realms, there is no bondage of the two fetters.
['T27n1545_057:0293b03_12']	滅智已生道智未生。	滅智已生道智未生。	The knowledge of cessation has already arisen, but the knowledge of the path has not yet arisen.
['T27n1545_057:0293b04_2']	於見苦集滅所斷法。	於見苦集滅所斷法。	Regarding the dharmas to be eliminated by seeing suffering, accumulation, and cessation,
['T27n1545_057:0293b05_1']	及於色無色界見道所斷見結不相應法。	及於色無色界見道所斷見結不相應法。	and regarding the dharmas not associated with the view of the path to be eliminated by seeing in the form and formless realms,
['T27n1545_057:0293b05_16']	并於色無色界修所斷法無二結繫。	并於色無色界修所斷法無二結繫。	and regarding the dharmas to be eliminated by cultivation in the form and formless realms, there is no bondage of the two fetters.
['T27n1545_057:0293b06_5', 'T27n1545_057:0293b07_12']	具見世尊弟子。🔽未離欲染於見所斷法及於色無色界修所斷法無二結繫。	具見世尊弟子。 未離欲染於見所斷法及於色無色界修所斷法無二結繫。	The fully seeing Bhagavān's disciples,🔽who have not yet eliminated the defilements of desire, have no bondage of the two fetters regarding the dharmas to be eliminated by seeing and the dharmas to be eliminated by cultivation in the form and formless realms.
['T27n1545_057:0293b08_8']	已離欲染於欲界法無二結繫。	已離欲染於欲界法無二結繫。	Those who have already eliminated the defilements of desire have no bondage of the two fetters regarding the dharmas of the desire realm.🔽Here is the corrected and aligned text:
['T27n1545_057:0293b09_5']	已離色染於欲色界法無二結繫。	已離色染於欲色界法無二結繫。	Those who have already separated from attachment to the form realm are not bound by two fetters to dharmas of the desire and form realms.
['T27n1545_057:0293b10_2']	已離無色染於三界法無二結繫。	已離無色染於三界法無二結繫。	Those who have already separated from attachment to the formless realm are not bound by two fetters to dharmas of the three realms.
['T27n1545_057:0293b11_1']	此中諸法能繫所繫俱已斷故皆離二結。	此中諸法能繫所繫俱已斷故皆離二結。	Here, all dharmas that bind and those that are bound have already been severed, so they are all free from two fetters.
['T27n1545_057:0293b11_10']	謂恚見結俱離繫故。	謂恚見結俱離繫故。	This is because both the fetter of anger and the fetter of views are both severed.
['T27n1545_057:0293b11_16']	問欲界有恚。	問欲界有恚。	Question: In the desire realm there is anger.
['T27n1545_057:0293b12_10']	彼於恚結得離繫時可說不繫。	彼於恚結得離繫時可說不繫。	When one obtains freedom from the fetter of anger, one can be said to be unfettered.
['T27n1545_057:0293b13_2']	色無色界本無恚結。	色無色界本無恚結。	The form and formless realms are originally without the fetter of anger.
['T27n1545_057:0293b13_11']	如何言彼恚結不繫。	如何言彼恚結不繫。	How can it be said that they are unfettered by the fetter of anger?
['T27n1545_057:0293b14_6']	答不繫有二種一從繫得不繫。	答不繫有二種一從繫得不繫。	Answer: There are two kinds of unfettered: the first is obtaining unfetteredness from being fettered;
['T27n1545_057:0293b14_12']	二本性無繫。	二本性無繫。	the second is originally unfettered by nature.
['T27n1545_057:0293b14_17']	故名不繫。	故名不繫。	Therefore it is called unfettered.
['T27n1545_057:0293b15_7']	欲界諸法有恚結故。	欲界諸法有恚結故。	Because dharmas of the desire realm have the fetter of anger,
['T27n1545_057:0293b16_3']	得解脫時說彼從繫而得不繫。	得解脫時說彼從繫而得不繫。	when one attains liberation, it is said that one obtains unfetteredness from being fettered.
['T27n1545_057:0293b16_12']	上二界法本無恚結。	上二界法本無恚結。	Dharmas of the upper two realms are originally without the fetter of anger.
['T27n1545_057:0293b17_3']	故說彼為本性不繫。	故說彼為本性不繫。	Therefore it is said that they are originally unfettered by nature.
['T27n1545_057:0293b18_3']	以不繫言含二種義故此說為二俱不繫。	以不繫言含二種義故此說為二俱不繫。	Because the word unfettered includes both meanings, it is said here that they are both unfettered.
['T27n1545_057:0293b18_16']	如毘奈耶說有二種補特伽羅。	如毘奈耶說有二種補特伽羅。	As the Vinaya says there are two kinds of pudgalas.
['T27n1545_057:0293b19_3']	名為清淨。	名為清淨。	They are called pure.
['T27n1545_057:0293b19_12']	一者本來不犯禁戒。	一者本來不犯禁戒。	The first is one who originally does not violate the precepts.
['T27n1545_057:0293b20_2']	二者犯已如法悔除。	二者犯已如法悔除。	The second is one who, having violated them, repents according to the Dharma.
['T27n1545_057:0293b20_13']	第一本性無染故名清淨。	第一本性無染故名清淨。	The first is called pure because of being originally undefiled.
['T27n1545_057:0293b21_5']	第二從染得淨故名清淨。	第二從染得淨故名清淨。	The second is called pure because of attaining purity from defilement.
['T27n1545_057:0293b21_10']	不繫亦爾。	不繫亦爾。	Unrestrained is also like this.
['T27n1545_057:0293b21_15']	故無有失。	故無有失。	Therefore there is no error.
['T27n1545_057:0293b22_17']	問色無色界見滅道所斷見結不相應法何者是耶。	問色無色界見滅道所斷見結不相應法何者是耶。	Question: What are the dharmas dissociated from the view-fetters abandoned by seeing cessation and the path in the form and formless realms?
['T27n1545_057:0293b24_9']	答彼邪見自性及見取戒禁取疑貪慢不共無明等聚相應不相應法。	答彼邪見自性及見取戒禁取疑貪慢不共無明等聚相應不相應法。	Answer: Those with the nature of wrong views, those associated with the aggregates of views, attachment to precepts and vows, doubt, craving, pride, and unique ignorance, and the dharmas associated and not associated with them.
['T27n1545_057:0293b24_14']	相應法者。	相應法者。	The associated dharmas are:
['T27n1545_057:0293b25_16']	謂邪見自性及見取乃至不共無明聚中心心所法。	謂邪見自性及見取乃至不共無明聚中心心所法。	The mental and mental factors in the aggregates of wrong views, attachment to views, up to unique ignorance.
['T27n1545_057:0293b26_4']	不相應法者。	不相應法者。	The dissociated dharmas are:
['T27n1545_057:0293b26_16']	謂邪見乃至不共無明聚中。	謂邪見乃至不共無明聚中。	In the aggregates of wrong views, up to unique ignorance,
['T27n1545_057:0293b27_12']	所有四相及彼諸得聚中能相所相。	所有四相及彼諸得聚中能相所相。	The four characteristics and the characteristics of the aggregates of attainment.
['T27n1545_057:0293b27_17']	如對見結。	如對見結。	As with the view-fetters,
['T27n1545_057:0293b28_4']	對疑結亦爾。	對疑結亦爾。	The same applies to the doubt fetter.
['T27n1545_057:0293b28_15']	謂如見結通三界唯四部。	謂如見結通三界唯四部。	That is to say, just as the view fetter extends to the three realms and is only of four categories,
['T27n1545_057:0293b29_9']	通有漏無漏緣遍行非遍行。	通有漏無漏緣遍行非遍行。	it has both contaminated and uncontaminated objects, and is both omnipresent and not omnipresent.
['T27n1545_057:0293b29_14']	疑結亦爾。	疑結亦爾。	The doubt fetter is also like this.
['T27n1545_057:0293c01_8']	是故恚結若對疑結如對見結。	是故恚結若對疑結如對見結。	Therefore, if the anger fetter is compared to the doubt fetter, it is the same as comparing it to the view fetter.
['T27n1545_057:0293c02_7']	若於此事有恚結繫亦有取結繫耶。	若於此事有恚結繫亦有取結繫耶。	If there is bondage by the anger fetter in a certain thing, is there also bondage by the grasping fetter?
['T27n1545_057:0293c02_13']	答應作四句。	答應作四句。	The answer is: Four sentences should be made.
['T27n1545_057:0293c03_6']	此中恚結唯欲界通五部。	此中恚結唯欲界通五部。	Here, the anger fetter is only in the desire realm and extends to the five categories.
['T27n1545_057:0293c03_14']	唯有漏緣非遍行。	唯有漏緣非遍行。	It only has contaminated objects and is not omnipresent.
['T27n1545_057:0293c04_14', 'T27n1545_057:0293c05_7']	取結通三界唯四部有漏緣通遍行非遍行。🔽諸具縛者於欲界五部事。	取結通三界唯四部有漏緣通遍行非遍行。 諸具縛者於欲界五部事。	The grasping fetter extends to the three realms and is only of four categories. It has contaminated objects and extends to both omnipresent and not omnipresent.
['T27n1545_057:0293c06_1']	若有恚結繫亦有取結繫。	若有恚結繫亦有取結繫。	Those who are fully bound have bondage by the anger fetter in the five categories of things in the desire realm, and also have bondage by the grasping fetter.
['T27n1545_057:0293c06_12']	若有取結繫亦有恚結繫。	若有取結繫亦有恚結繫。	If there is bondage by the grasping fetter, there is also bondage by the anger fetter.
['T27n1545_057:0293c07_3']	於色無色界五部事。	於色無色界五部事。	In the five categories of things in the form and formless realms,
['T27n1545_057:0293c07_12']	有取結繫無恚結繫。	有取結繫無恚結繫。	there is bondage by the grasping fetter but no bondage by the anger fetter.
['T27n1545_057:0293c08_9']	不具縛者恚結唯欲界非遍行故短。	不具縛者恚結唯欲界非遍行故短。	For those who are not fully bound, the anger fetter is only in the desire realm and is not omnipresent, so it is short.
['T27n1545_057:0293c08_15']	通五部故長。	通五部故長。	Because it extends to the five categories, it is long.
['T27n1545_057:0293c09_4']	取結唯四部故短。	取結唯四部故短。	The fetter of grasping is only four parts, so it is short.
['T27n1545_057:0293c09_15']	通三界遍行非遍行故長。	通三界遍行非遍行故長。	It is long because it is universal and non-universal in the three realms.
['T27n1545_057:0293c10_6']	此二互有長短義故。	此二互有長短義故。	These two have the meaning of being long and short in turn.
['T27n1545_057:0293c10_15']	所問應作四句而答。	所問應作四句而答。	The question should be answered in four sentences.
['T27n1545_057:0293c11_8']	或有恚結繫無取結繫。	或有恚結繫無取結繫。	There may be one who is bound by the fetter of anger but not by the fetter of grasping.
['T27n1545_057:0293c11_14']	謂未離欲染。	謂未離欲染。	Namely, one who has not yet eliminated the defilements of the desire realm.
['T27n1545_057:0293c12_5']	集智已生滅智未生。	集智已生滅智未生。	The cognition of accumulation has already arisen, but the cognition of cessation has not yet arisen.
['T27n1545_057:0293c13_1']	於欲界修所斷法有恚結未斷。	於欲界修所斷法有恚結未斷。	With regard to the dharmas to be eliminated by cultivation in the desire realm, the fetter of anger has not yet been eliminated.
['T27n1545_057:0293c13_10']	滅智已生道智未生。	滅智已生道智未生。	The cognition of cessation has already arisen, but the cognition of the path has not yet arisen.
['T27n1545_057:0293c14_5']	於欲界修所斷法有恚結未斷。	於欲界修所斷法有恚結未斷。	With regard to the dharmas to be eliminated by cultivation in the desire realm, the fetter of anger has not yet been eliminated.
['T27n1545_057:0293c14_12']	具見世尊弟子。	具見世尊弟子。	The fully seeing disciples of the World-Honored One.
['T27n1545_057:0293c15_11']	未離欲染於欲界修所斷法有恚結未斷。	未離欲染於欲界修所斷法有恚結未斷。	Those who have not yet eliminated the defilements of the desire realm have the fetter of anger that has not yet been eliminated with regard to the dharmas to be eliminated by cultivation in the desire realm.
['T27n1545_057:0293c16_4']	此中或有九品恚結未斷。	此中或有九品恚結未斷。	Among them, there may be nine grades of the fetter of anger that have not yet been eliminated.
['T27n1545_057:0293c16_15']	乃至或有一品恚結未斷。	乃至或有一品恚結未斷。	Up to there may be one grade of the fetter of anger that has not yet been eliminated.
['T27n1545_057:0293c17_10']	由未斷故有恚結繫無取結繫。	由未斷故有恚結繫無取結繫。	Because it has not yet been eliminated, there is the fetter of anger but not the fetter of grasping.
['T27n1545_057:0293c17_15']	所以者何。	所以者何。	Why is it so?
['T27n1545_057:0293c18_10']	遍行取結緣五部者彼已斷故。	遍行取結緣五部者彼已斷故。	Because the universal fetter of grasping that takes the five categories as objects has already been eliminated.
['T27n1545_057:0293c19_12']	非遍行取結於修所斷法未斷已斷俱不能繫故。	非遍行取結於修所斷法未斷已斷俱不能繫故。	Because the fetter of grasping that is not a pervasive fetter cannot bind those that are abandoned by cultivation, whether they have been severed or not.
['T27n1545_057:0293c20_4']	修所斷部無取結故。	修所斷部無取結故。	Because the class of those that are abandoned by cultivation has no fetter of grasping.
['T27n1545_057:0293c20_14']	或有取結繫無恚結繫。	或有取結繫無恚結繫。	There may be one who is bound by the fetter of grasping but not bound by the fetter of anger.
['T27n1545_057:0293c21_3']	謂未離欲染。	謂未離欲染。	This refers to one who has not yet eliminated the passion of the desire realm.
['T27n1545_057:0293c21_12']	苦智已生集智未生。	苦智已生集智未生。	When the cognition of suffering has already arisen but the cognition of accumulation has not yet arisen,
['T27n1545_057:0293c22_3']	於欲界見苦所斷法。	於欲界見苦所斷法。	with regard to dharmas abandoned by the vision of suffering in the desire realm,
['T27n1545_057:0293c22_13']	有見集所斷取結未斷。	有見集所斷取結未斷。	the fetter of grasping that is abandoned by the vision of accumulation has not yet been severed.
['T27n1545_057:0293c23_6']	於色無色界法有取結未斷。	於色無色界法有取結未斷。	With regard to dharmas in the form and formless realms, the fetter of grasping has not yet been severed.
['T27n1545_057:0293c23_13']	此中未離欲染。	此中未離欲染。	Here, one who has not yet eliminated the passion of the desire realm,
['T27n1545_057:0293c24_4']	苦智已生集智未生。	苦智已生集智未生。	when the cognition of suffering has already arisen but the cognition of accumulation has not yet arisen,
['T27n1545_057:0293c25_1']	欲界見苦所斷恚結取結二俱已斷。	欲界見苦所斷恚結取結二俱已斷。	the fetter of anger and the fetter of grasping that are abandoned by the vision of suffering in the desire realm have both already been severed.
['T27n1545_057:0293c25_13']	欲界見集所斷取結未斷故。	欲界見集所斷取結未斷故。	Because the fetter of grasping that is abandoned by the vision of accumulation in the desire realm has not yet been severed.
['T27n1545_057:0293c26_7']	於欲界見苦所斷法為所緣繫。	於欲界見苦所斷法為所緣繫。	With regard to dharmas abandoned by the vision of suffering in the desire realm, it is a binding as an object.
['T27n1545_057:0293c27_10', 'T27n1545_057:0293c28_2']	欲界見集所斷恚結雖未斷而於欲界見苦所斷法。🔽非所緣繫非遍行故。	欲界見集所斷恚結雖未斷而於欲界見苦所斷法。 非所緣繫非遍行故。	Although the fetter of anger that is abandoned by the vision of accumulation in the desire realm has not yet been severed, with regard to dharmas abandoned by the vision of suffering in the desire realm,🔽it is not a binding as an object because it is not a pervasive fetter.
['T27n1545_057:0293c28_11']	非相應繫是他聚故。	非相應繫是他聚故。	It is not a binding as association because it belongs to a different aggregate.
['T27n1545_057:0293c29_6']	於色無色界法有取結未斷者。	於色無色界法有取結未斷者。	In the form and formless realms, there are those who have not yet eliminated the fetter of grasping.
['T27n1545_057:0293c29_15']	或有八地取結未斷。	或有八地取結未斷。	Some have not yet eliminated the fetter of grasping in eight stages,
['T27n1545_057:0294a01_7']	乃至或有一地取結未斷。	乃至或有一地取結未斷。	up to some who have not yet eliminated the fetter of grasping in one stage.
['T27n1545_057:0294a02_3']	於此地中或有四部取結未斷。	於此地中或有四部取結未斷。	Within this stage, some have not yet eliminated the fetter of grasping in four parts,
['T27n1545_057:0294a02_14']	乃至或有一部取結未斷。	乃至或有一部取結未斷。	up to some who have not yet eliminated the fetter of grasping in one part.
['T27n1545_057:0294a03_9']	由未斷故有取結繫無恚結繫。	由未斷故有取結繫無恚結繫。	Because they have not yet eliminated it, they are bound by the fetter of grasping but not by the fetter of anger.
['T27n1545_057:0294a03_14']	彼無恚故。	彼無恚故。	Because they are without anger.
['T27n1545_057:0294a04_2']	或有二俱繫。	或有二俱繫。	Some are bound by both.
['T27n1545_057:0294a05_1', 'T27n1545_057:0294a05_15']	謂具縛者於欲界見修所斷法有二結繫。🔽此中具縛者於欲界見苦所斷法。	謂具縛者於欲界見修所斷法有二結繫。 此中具縛者於欲界見苦所斷法。	Those who are fully bound are bound by two fetters in the desire realm with respect to dharmas that are eliminated by seeing and cultivation.
['T27n1545_057:0294a06_8']	有一部恚結繫二部取結繫。	有一部恚結繫二部取結繫。	Here, those who are fully bound are bound by one part of the fetter of anger and two parts of the fetter of grasping with respect to dharmas eliminated by seeing suffering in the desire realm.
['T27n1545_057:0294a07_1']	於欲界見集所斷法亦爾。	於欲界見集所斷法亦爾。	It is the same with respect to dharmas eliminated by seeing the accumulation in the desire realm.
['T27n1545_057:0294a07_10']	於欲界見滅所斷法。	於欲界見滅所斷法。	With respect to dharmas eliminated by seeing cessation in the desire realm,
['T27n1545_057:0294a08_3']	有一部恚結繫三部取結繫。	有一部恚結繫三部取結繫。	they are bound by one part of the fetter of anger and three parts of the fetter of grasping.
['T27n1545_057:0294a08_14']	於欲界見道所斷法亦爾。	於欲界見道所斷法亦爾。	It is the same with respect to dharmas eliminated by seeing the path in the desire realm.
['T27n1545_057:0294a09_15']	於欲界修所斷法有一部恚結繫二部取結繫。	於欲界修所斷法有一部恚結繫二部取結繫。	Regarding dharmas to be eliminated by cultivation in the desire realm, there is one part of the enmity结 that binds, and two parts of the grasping结 that bind.
['T27n1545_057:0294a10_4']	復次未離欲染。	復次未離欲染。	Next, those who have not yet eliminated desire realm attachment,
['T27n1545_057:0294a10_13']	苦智已生集智未生。	苦智已生集智未生。	when the knowledge of suffering has arisen but the knowledge of accumulation has not yet arisen,
['T27n1545_057:0294a11_11']	於欲界見集滅道修所斷法有二結繫。	於欲界見集滅道修所斷法有二結繫。	regarding dharmas to be eliminated by seeing the accumulation, cessation, path, and cultivation in the desire realm, there are two结 that bind.
['T27n1545_057:0294a12_4']	此中於欲界見集所斷法。	此中於欲界見集所斷法。	Among them, regarding dharmas to be eliminated by seeing the accumulation in the desire realm,
['T27n1545_057:0294a12_16']	有一部恚結繫一部取結繫。	有一部恚結繫一部取結繫。	there is one part of the enmity结 that binds, and one part of the grasping结 that binds.
['T27n1545_057:0294a13_7']	於欲界見滅道所斷法。	於欲界見滅道所斷法。	Regarding dharmas to be eliminated by seeing the cessation and path in the desire realm,
['T27n1545_057:0294a14_2']	各有一部恚結繫二部取結繫。	各有一部恚結繫二部取結繫。	each has one part of the enmity结 that binds, and two parts of the grasping结 that bind.
['T27n1545_057:0294a14_10']	於欲界修所斷法。	於欲界修所斷法。	Regarding dharmas to be eliminated by cultivation in the desire realm,
['T27n1545_057:0294a15_3']	有一部恚結繫一部取結繫。	有一部恚結繫一部取結繫。	there is one part of the enmity结 that binds, and one part of the grasping结 that binds.
['T27n1545_057:0294a15_14']	爾時於欲界見苦所斷法。	爾時於欲界見苦所斷法。	At that time, regarding dharmas to be eliminated by seeing suffering in the desire realm,
['T27n1545_057:0294a16_7']	雖有取結繫而無恚結繫。	雖有取結繫而無恚結繫。	although there is the grasping结 that binds, there is no enmity结 that binds.
['T27n1545_057:0294a16_12']	故此不說。	故此不說。	Therefore, this is not mentioned.
['T27n1545_057:0294a17_10']	復次集智已生滅智未生。	復次集智已生滅智未生。	Next, when the knowledge of accumulation has arisen but the knowledge of cessation has not yet arisen,
['T27n1545_057:0294a18_6']	於欲界見滅道所斷法有二結繫。	於欲界見滅道所斷法有二結繫。	regarding dharmas to be eliminated by seeing the cessation and path in the desire realm, there are two结 that bind.
['T27n1545_057:0294a18_14']	此中亦未離欲染。	此中亦未離欲染。	Among them, those who have not yet eliminated desire realm attachment,
['T27n1545_057:0294a19_6']	於欲界見滅道所斷法。	於欲界見滅道所斷法。	In the desire realm, in relation to dharmas to be eliminated by seeing cessation and the path,
['T27n1545_057:0294a20_1']	各有一部恚結繫一部取結繫。	各有一部恚結繫一部取結繫。	there is one category of the fetter of anger and one category of the fetter of grasping.
['T27n1545_057:0294a20_11']	爾時於欲界修所斷法。	爾時於欲界修所斷法。	At that time, in the desire realm, in relation to dharmas to be eliminated by cultivation,
['T27n1545_057:0294a21_4']	雖有恚結繫而無取結繫。	雖有恚結繫而無取結繫。	although there is the fetter of anger, there is no fetter of grasping.
['T27n1545_057:0294a21_9']	故此不說。	故此不說。	Therefore this is not mentioned.
['T27n1545_057:0294a22_2']	復次滅智已生道智未生。	復次滅智已生道智未生。	Next, when the knowledge of cessation has arisen but the knowledge of the path has not yet arisen,
['T27n1545_057:0294a22_15']	於欲界見道所斷法有二結繫。	於欲界見道所斷法有二結繫。	in the desire realm, in relation to dharmas to be eliminated by seeing the path, there are two fetters.
['T27n1545_057:0294a23_5']	此中亦未離欲染。	此中亦未離欲染。	Here, one has not yet become free from the desire realm.
['T27n1545_057:0294a23_12']	於見道所斷法。	於見道所斷法。	In relation to dharmas to be eliminated by seeing the path,
['T27n1545_057:0294a24_6']	有一部恚結繫一部取結繫。	有一部恚結繫一部取結繫。	there is one category of the fetter of anger and one category of the fetter of grasping.
['T27n1545_057:0294a24_16']	爾時於欲界修所斷法。	爾時於欲界修所斷法。	At that time, in the desire realm, in relation to dharmas to be eliminated by cultivation,
['T27n1545_057:0294a25_9']	雖有恚結繫而無取結繫。	雖有恚結繫而無取結繫。	although there is the fetter of anger, there is no fetter of grasping.
['T27n1545_057:0294a25_14']	故此不說。	故此不說。	Therefore this is not mentioned.
['T27n1545_057:0294a26_3']	或有二俱不繫。	或有二俱不繫。	Next, there are some who are not bound by either.
['T27n1545_057:0294a26_9']	謂未離欲染。	謂未離欲染。	Namely, those who have not yet become free from the desire realm,
['T27n1545_057:0294a26_18']	集智已生滅智未生。	集智已生滅智未生。	when the knowledge of accumulation has arisen but the knowledge of cessation has not yet arisen,
['T27n1545_057:0294a27_7']	於見苦集所斷法。	於見苦集所斷法。	in relation to dharmas to be eliminated by seeing suffering and accumulation,
['T27n1545_057:0294a28_4']	及於色無色界修所斷法無二結繫。	及於色無色界修所斷法無二結繫。	and in relation to dharmas to be eliminated by cultivation in the form and formless realms, there are no two fetters.
['T27n1545_057:0294a28_13']	滅智已生道智未生。	滅智已生道智未生。	When the knowledge of cessation has arisen but the knowledge of the path has not yet arisen,
['T27n1545_057:0294a29_4']	於見苦集滅所斷法。	於見苦集滅所斷法。	In the case of dharmas to be eliminated by seeing suffering, origination, and cessation,
['T27n1545_057:0294b01_1']	及於色無色界修所斷法無二結繫。	及於色無色界修所斷法無二結繫。	and in the case of dharmas to be eliminated by cultivation in the form and formless realms, there is no bondage of two fetters.
['T27n1545_057:0294b01_8']	具見世尊弟子。	具見世尊弟子。	The fully awakened disciple of the World-Honored One,
['T27n1545_057:0294b01_13']	未離欲染。	未離欲染。	who has not yet eliminated the defilements of desire,
['T27n1545_057:0294b01_19']	於見所斷法。	於見所斷法。	in the case of dharmas to be eliminated by seeing,
['T27n1545_057:0294b02_14']	及於色無色界修所斷法無二結繫。	及於色無色界修所斷法無二結繫。	and in the case of dharmas to be eliminated by cultivation in the form and formless realms, there is no bondage of two fetters.
['T27n1545_057:0294b03_10']	已離欲染於欲界法無二結繫。	已離欲染於欲界法無二結繫。	Having already eliminated the defilements of desire, in the case of dharmas of the desire realm there is no bondage of two fetters.
['T27n1545_057:0294b04_7']	已離色染於欲色界法無二結繫。	已離色染於欲色界法無二結繫。	Having already eliminated the defilements of form, in the case of dharmas of the desire and form realms there is no bondage of two fetters.
['T27n1545_057:0294b05_4']	已離無色染於三界法無二結繫。	已離無色染於三界法無二結繫。	Having already eliminated the defilements of the formless, in the case of dharmas of the three realms there is no bondage of two fetters.
['T27n1545_057:0294b06_3']	此中諸法能繫所繫俱已斷故皆離二結。	此中諸法能繫所繫俱已斷故皆離二結。	Here, the dharmas that bind and that which is bound have both been eliminated, so all are free from two fetters.
['T27n1545_057:0294b06_12']	謂恚取結俱離繫故。	謂恚取結俱離繫故。	This is because the fetters of anger and grasping are both eliminated.
['T27n1545_057:0294b07_9']	若於此事有恚結繫亦有嫉結繫耶。	若於此事有恚結繫亦有嫉結繫耶。	If there is bondage of the fetter of anger towards a certain thing, is there also bondage of the fetter of jealousy?
['T27n1545_057:0294b08_2']	答若於此事有嫉結繫。	答若於此事有嫉結繫。	Answer: If there is bondage of the fetter of jealousy,
['T27n1545_057:0294b08_8']	必有恚結繫。	必有恚結繫。	there must be bondage of the fetter of anger.
['T27n1545_057:0294b08_18']	或有恚結繫無嫉結繫。	或有恚結繫無嫉結繫。	There may be bondage of the fetter of anger without bondage of the fetter of jealousy.
['T27n1545_057:0294b09_13']	謂於欲界見所斷法有恚結未斷。	謂於欲界見所斷法有恚結未斷。	This refers to the case where the fetter of anger towards dharmas to be eliminated by seeing in the desire realm has not yet been eliminated.
['T27n1545_057:0294b10_6']	此中恚結唯欲界通五部。	此中恚結唯欲界通五部。	Here, the fetter of ill-will is only in the desire realm and is common to the five categories.
['T27n1545_057:0294b11_10']	唯有漏緣非遍行嫉結唯欲界修所斷有漏緣非遍行。	唯有漏緣非遍行嫉結唯欲界修所斷有漏緣非遍行。	It only has impure objects and is not universal. The fetter of jealousy is only in the desire realm and is eliminated by cultivation. It has impure objects and is not universal.
['T27n1545_057:0294b12_4']	諸具縛者於欲界修所斷事。	諸具縛者於欲界修所斷事。	Those who are fully bound, with regard to the objects eliminated by cultivation in the desire realm,
['T27n1545_057:0294b12_15']	若有恚結繫亦有嫉結繫。	若有恚結繫亦有嫉結繫。	if there is the fetter of ill-will, there is also the fetter of jealousy.
['T27n1545_057:0294b13_3']	若有嫉結繫。	若有嫉結繫。	If there is the fetter of jealousy,
['T27n1545_057:0294b13_16']	亦有恚結繫於欲界見所斷事。	亦有恚結繫於欲界見所斷事。	there is also the fetter of ill-will. With regard to the objects eliminated by insight in the desire realm,
['T27n1545_057:0294b14_7']	有恚結繫無嫉繫結。	有恚結繫無嫉繫結。	there is the fetter of ill-will but not the fetter of jealousy.
['T27n1545_057:0294b14_17']	不具縛者若未離欲染。	不具縛者若未離欲染。	Those who are not fully bound, if they have not yet eliminated the desire realm attachment,
['T27n1545_057:0294b15_11']	於欲界修所斷事具二結繫。	於欲界修所斷事具二結繫。	with regard to the objects eliminated by cultivation in the desire realm, they are bound by both fetters.
['T27n1545_057:0294b16_14']	於欲界見所斷事隨未斷處有恚結繫無嫉結繫。	於欲界見所斷事隨未斷處有恚結繫無嫉結繫。	With regard to the objects eliminated by insight in the desire realm, where they have not yet been eliminated, there is the fetter of ill-will but not the fetter of jealousy.
['T27n1545_057:0294b17_6']	若已斷處無二結繫。	若已斷處無二結繫。	Where they have already been eliminated, there are no two fetters.
['T27n1545_057:0294b18_5']	若已離欲染於欲界五部事無二結繫。	若已離欲染於欲界五部事無二結繫。	If they have already eliminated the desire realm attachment, with regard to the five categories of objects in the desire realm, there are no two fetters.
['T27n1545_057:0294b18_14']	於色無色界五部事。	於色無色界五部事。	With regard to the five categories of objects in the form and formless realms,
['T27n1545_057:0294b19_11']	若具縛若不具縛一切時無二結繫。	若具縛若不具縛一切時無二結繫。	whether fully bound or not fully bound, at all times there are no two fetters.
['T27n1545_057:0294b20_2']	由恚結長嫉結短故。	由恚結長嫉結短故。	This is because the fetter of ill-will is longer and the fetter of jealousy is shorter.
['T27n1545_057:0294b20_11']	所問應作順後句答。	所問應作順後句答。	The question should be answered according to the latter clause.
['T27n1545_057:0294b21_7']	若於此事有嫉結繫必有恚結繫。	若於此事有嫉結繫必有恚結繫。	If there is a fetter of envy on this object, there must be a fetter of hatred.
['T27n1545_057:0294b22_1']	謂於欲界修所斷未離繫事。	謂於欲界修所斷未離繫事。	That is, on the objects not yet abandoned by cultivation in the desire realm.
['T27n1545_057:0294b22_11']	或有恚結繫無嫉結繫。	或有恚結繫無嫉結繫。	There may be a fetter of hatred without a fetter of envy.
['T27n1545_057:0294b23_7']	謂於欲界見所斷法有恚結未斷。	謂於欲界見所斷法有恚結未斷。	That is, on the dharmas abandoned by insight in the desire realm, where the fetter of hatred has not yet been eliminated.
['T27n1545_057:0294b24_1']	此中或有四部恚結未斷。	此中或有四部恚結未斷。	Here, there may be four parts of the fetter of hatred not yet eliminated,
['T27n1545_057:0294b24_12']	乃至或有一部恚結未斷。	乃至或有一部恚結未斷。	up to there may be one part of the fetter of hatred not yet eliminated.
['T27n1545_057:0294b25_7']	由未斷故有恚結繫無嫉結繫。	由未斷故有恚結繫無嫉結繫。	Because it has not yet been eliminated, there is a fetter of hatred but no fetter of envy.
['T27n1545_057:0294b25_12']	所以者何。	所以者何。	Why is this?
['T27n1545_057:0294b26_3', 'T27n1545_057:0294b26_8']	見所斷部無嫉結故。🔽如對嫉結。	見所斷部無嫉結故。 如對嫉結。	Because the part abandoned by insight is devoid of the fetter of envy.🔽As with the fetter of envy,
['T27n1545_057:0294b26_14']	對慳結亦爾。	對慳結亦爾。	it is the same with the fetter of stinginess.
['T27n1545_057:0294b27_15']	謂嫉與慳俱唯欲界修所斷有漏緣非遍行故。	謂嫉與慳俱唯欲界修所斷有漏緣非遍行故。	That is, envy and stinginess are both abandoned by cultivation in the desire realm, have impure objects, and are not universal.
['T27n1545_057:0294b28_15']	若於此事有無明結繫亦有見結繫耶。	若於此事有無明結繫亦有見結繫耶。	If there is a fetter of ignorance on this object, is there also a fetter of views?
['T27n1545_057:0294b29_14']	答若於此事有見結繫必有無明結繫。	答若於此事有見結繫必有無明結繫。	The answer is: If there is a fetter of views on this object, there must be a fetter of ignorance.
['T27n1545_057:0294c01_8']	或有無明結繫無見結繫。	或有無明結繫無見結繫。	There may be a fetter of ignorance without a fetter of views.
['T27n1545_057:0294c01_13']	乃至廣說。	乃至廣說。	And so on, explaining in detail.
['T27n1545_057:0294c02_15']	此中無明結通三界五部有漏無漏緣遍行非遍行。	此中無明結通三界五部有漏無漏緣遍行非遍行。	Here, the fetter of ignorance pervades the three realms and the five categories, with contaminated and uncontaminated objects, as well as pervasive and non-pervasive [mental factors].
['T27n1545_057:0294c03_17']	見結通三界唯四部通有漏無漏緣遍行非遍行。	見結通三界唯四部通有漏無漏緣遍行非遍行。	The fetter of views pervades the three realms and only the four categories, with contaminated and uncontaminated objects, as well as pervasive and non-pervasive [mental factors].
['T27n1545_057:0294c04_10']	諸具縛者於三界五部事。	諸具縛者於三界五部事。	Those who are fully bound, with regard to the five categories of objects in the three realms,
['T27n1545_057:0294c05_4']	若有無明結繫亦有見結繫。	若有無明結繫亦有見結繫。	if there is the fetter of ignorance, there is also the fetter of views.
['T27n1545_057:0294c05_16']	若有見結繫亦有無明結繫。	若有見結繫亦有無明結繫。	If there is the fetter of views, there is also the fetter of ignorance.
['T27n1545_057:0294c06_11']	不具縛者無明結長見結短故。	不具縛者無明結長見結短故。	Those who are not fully bound have a long fetter of ignorance and a short fetter of views.
['T27n1545_057:0294c07_2']	所問應作順後句答。	所問應作順後句答。	The question should be answered in accordance with the latter statement.
['T27n1545_057:0294c07_17']	若於此事有見結繫必有無明結繫。	若於此事有見結繫必有無明結繫。	If there is the fetter of views on a certain object, there must be the fetter of ignorance.
['T27n1545_057:0294c08_12']	謂於三界五部有見結未斷事。	謂於三界五部有見結未斷事。	This refers to objects in the three realms and five categories where the fetter of views has not yet been severed.
['T27n1545_057:0294c09_6']	或有無明結繫無見結繫。	或有無明結繫無見結繫。	There may be the fetter of ignorance but not the fetter of views.
['T27n1545_057:0294c09_16']	謂集智已生滅智未生。	謂集智已生滅智未生。	This refers to when the knowledge of the origin [of suffering] has arisen but the knowledge of cessation has not yet arisen,
['T27n1545_057:0294c10_11']	於見滅道所斷見結不相應法。	於見滅道所斷見結不相應法。	with regard to dharmas not associated with the fetter of views that are to be eliminated by the path of cessation and the path of the spiritual path,
['T27n1545_057:0294c11_6']	及於修所斷法有無明結未斷。	及於修所斷法有無明結未斷。	and where the fetter of ignorance has not yet been severed with regard to dharmas to be eliminated by the spiritual path.
['T27n1545_057:0294c13_13']	此中見滅道所斷見結不相應法者謂彼邪見自性及見取戒禁取疑貪瞋慢不共無明等聚相應不相應法。	此中見滅道所斷見結不相應法者謂彼邪見自性及見取戒禁取疑貪瞋慢不共無明等聚相應不相應法。	Here, the dharmas not associated with the view-fetters abandoned by the paths of seeing cessation and the path are the essence of that wrong view, and the aggregates associated with and not associated with the view of holding to an extreme, the view of grasping extremes, doubt, craving, hatred, pride, and the unique ignorance.
['T27n1545_057:0294c14_11']	於此諸法無明結未斷故有無明結繫。	於此諸法無明結未斷故有無明結繫。	Because the fetter of ignorance has not yet been severed regarding these dharmas, there is the bondage of the fetter of ignorance.
['T27n1545_057:0294c15_7']	彼於自聚為所緣繫及相應繫。	彼於自聚為所緣繫及相應繫。	Regarding their own aggregates, there is bondage as object and bondage as association.
['T27n1545_057:0294c16_7']	若於他聚為所緣繫非相應繫無見結繫。	若於他聚為所緣繫非相應繫無見結繫。	If regarding other aggregates, there is bondage as object but not bondage as association. There is no bondage of the view-fetters.
['T27n1545_057:0294c16_12']	所以者何。	所以者何。	Why is this?
['T27n1545_057:0294c17_7', 'T27n1545_057:0294c18_2', 'T27n1545_057:0294c18_11']	遍行見結緣五部者彼已斷故。🔽餘未斷者於此見結不相應法。🔽非所緣繫無漏緣故。	遍行見結緣五部者彼已斷故。 餘未斷者於此見結不相應法。 非所緣繫無漏緣故。	Because the pervasive view-fetters that take the five categories as objects have already been severed.🔽The remaining ones that have not yet been severed are not the objects of bondage of the view-fetters that are not associated with the view-fetters.🔽Because they are not the objects of bondage of the fetter of ignorance that takes the pure as its object.
['T27n1545_057:0294c19_2', 'T27n1545_057:0294c19_12']	非相應繫是他聚故。🔽自性與自性不相應故。	非相應繫是他聚故。 自性與自性不相應故。	Because they are not the objects of bondage of the fetter of ignorance that takes the pure as its object.🔽Because they are not the objects of bondage of the fetter of ignorance that takes the pure as its object.🔽Because they are not the objects of bondage of the fetter of ignorance that takes the pure as its object.🔽Because they are not the objects of bondage of the fetter of ignorance that takes the pure as its object.🔽Because they are not the objects of bondage of the fetter of ignorance that takes the pure as its object.🔽Because they are not the objects of bondage of the fetter of ignorance that takes the pure as its object.🔽Because they are not the objects of bondage of the fetter of ignorance that takes the pure as its object.🔽Because they are not the objects of bondage of the fetter of ignorance that takes the pure as its object.🔽Because they are not the objects of bondage of the fetter of ignorance that takes the pure as its object.🔽Because they are not the objects of bondage of the fetter of ignorance that takes the pure as its object.🔽Because they are not the objects of bondage of the fetter of ignorance that takes the pure as its object.
['T27n1545_057:0294c21_5', 'T27n1545_057:0294c21_17']	彼於修所斷法無明結未斷故有無明結繫或有九地無明結未斷。🔽乃至或有一地無明結未斷。	彼於修所斷法無明結未斷故有無明結繫或有九地無明結未斷。🔽乃至或有一地無明結未斷。	Because they are not the objects of bondage of the fetter of ignorance that takes the pure as its object.🔽Because they are not the objects of bondage of the fetter of
['T27n1545_057:0294c22_12']	於此地中或有九品無明結未斷。	於此地中或有九品無明結未斷。	In this stage, there may be nine grades of ignorance bonds that have not yet been severed,
['T27n1545_057:0294c23_11']	乃至或有一品無明結未斷無見結繫。	乃至或有一品無明結未斷無見結繫。	up to there may be one grade of ignorance bonds that have not yet been severed, but no view bonds are bound.
['T27n1545_057:0294c23_16']	所以者何。	所以者何。	Why is this?
['T27n1545_057:0294c24_7']	遍行見結緣五部者。	遍行見結緣五部者。	Because the omnipresent view bonds that take the five categories as objects
['T27n1545_057:0294c24_12']	彼已斷故。	彼已斷故。	have already been severed.
['T27n1545_057:0294c25_3']	修所斷部無見結故。	修所斷部無見結故。	Because there are no view bonds to be severed by cultivation.
['T27n1545_057:0294c25_14']	復次滅智已生道智未生。	復次滅智已生道智未生。	Furthermore, when the knowledge of cessation has arisen but the knowledge of the path has not yet arisen,
['T27n1545_057:0294c26_8']	於見道所斷見結不相應法。	於見道所斷見結不相應法。	with regard to the dharmas that are not associated with the view bonds to be severed by the path of insight,
['T27n1545_057:0294c27_3']	及於修所斷法有無明結未斷。	及於修所斷法有無明結未斷。	and with regard to the dharmas to be severed by cultivation, there is ignorance bond that has not yet been severed.
['T27n1545_057:0294c28_1']	此中見道所斷見結不相應法如前說。	此中見道所斷見結不相應法如前說。	Among them, the dharmas to be severed by the path of insight that are not associated with the view bonds are as explained above.
['T27n1545_057:0294c29_8']	於此諸法及於修所斷法有無明結繫無見結繫亦如前說。	於此諸法及於修所斷法有無明結繫無見結繫亦如前說。	With regard to these dharmas and the dharmas to be severed by cultivation, there is ignorance bond that binds, but no view bond that binds, as explained above.
['T27n1545_057:0294c29_17']	復次具見世尊弟子。	復次具見世尊弟子。	Furthermore, the World-Honored Buddha who possesses insight,
['T27n1545_057:0295a01_11']	於修所斷法有無明結未斷。	於修所斷法有無明結未斷。	with regard to the dharmas to be severed by cultivation, there is ignorance bond that has not yet been severed.
['T27n1545_057:0295a02_6']	此中或有九地無明結未斷。	此中或有九地無明結未斷。	Among them, there may be nine stages of ignorance bonds that have not yet been severed,
['T27n1545_057:0295a02_18']	乃至或有一地無明結未斷。	乃至或有一地無明結未斷。	up to there may be one stage of ignorance bonds that have not yet been severed.
['T27n1545_057:0295a03_13']	於此地中或有九品無明結未斷。	於此地中或有九品無明結未斷。	In this stage, there may be nine grades of ignorance bonds that have not yet been severed,
['T27n1545_057:0295a04_8']	乃至或有一品無明結未斷。	乃至或有一品無明結未斷。	up to there may be one grade of ignorance bonds that have not yet been severed.
['T27n1545_057:0295a05_5']	由未斷故有無明結繫無見結繫。	由未斷故有無明結繫無見結繫。	Because they have not yet been severed, there are bonds of ignorance but no bonds of views.
['T27n1545_057:0295a05_10']	所以者何。	所以者何。	Why is this?
['T27n1545_057:0295a06_1']	一切見結彼已斷故。	一切見結彼已斷故。	Because all bonds of views have already been severed by them.
['T27n1545_057:0295a06_6']	如對見結。	如對見結。	As with the bonds of views,
['T27n1545_057:0295a06_11']	對疑亦爾。	對疑亦爾。	the bonds of doubt are also the same.
['T27n1545_057:0295a07_15']	謂如見結通三界唯四部通有漏無漏緣遍行非遍行。	謂如見結通三界唯四部通有漏無漏緣遍行非遍行。	That is to say, just as the bonds of views are found in the three realms and are only of four categories, and are both with outflows and without outflows, and have universal objects and non-universal objects,
['T27n1545_057:0295a08_2']	疑結亦爾。	疑結亦爾。	the bonds of doubt are also the same.
['T27n1545_057:0295a08_16']	是故無明結若對疑結如對見結。	是故無明結若對疑結如對見結。	Therefore, if the bonds of ignorance are compared to the bonds of doubt, they are the same as compared to the bonds of views.
['T27n1545_057:0295a09_14']	若於此事有無明結繫亦有取結繫耶。	若於此事有無明結繫亦有取結繫耶。	If there are bonds of ignorance with regard to a certain thing, are there also bonds of grasping with regard to it?
['T27n1545_057:0295a10_7']	答若於此事有取結繫。	答若於此事有取結繫。	The answer is: If there are bonds of grasping with regard to a certain thing,
['T27n1545_057:0295a10_14']	必有無明結繫。	必有無明結繫。	there must be bonds of ignorance with regard to it.
['T27n1545_057:0295a11_3']	或有無明結繫。	或有無明結繫。	There may be bonds of ignorance,
['T27n1545_057:0295a11_8']	無取結繫。	無取結繫。	but no bonds of grasping.
['T27n1545_057:0295a11_13']	乃至廣說。	乃至廣說。	And so on, it is explained in detail.
['T27n1545_057:0295a12_15']	此中無明結通三界五部有漏無漏緣遍行非遍行。	此中無明結通三界五部有漏無漏緣遍行非遍行。	Here, the bonds of ignorance are found in the three realms and in the five categories, and have both outflows and no outflows, and have universal objects and non-universal objects.
['T27n1545_057:0295a13_15']	取結通三界唯四部有漏緣通遍行非遍行。	取結通三界唯四部有漏緣通遍行非遍行。	The fetter of grasping is found in all three realms and is only associated with the four mental aggregates. It has two types of objects: contaminated objects and universal and non-universal objects.
['T27n1545_057:0295a14_8']	諸具縛者於三界五部事。	諸具縛者於三界五部事。	The fetter of grasping is found in the three realms and is only associated with the four categories. It has two types of objects: contaminated objects and both omnipresent and non-omnipresent objects.🔽Those who are bound by all fetters
['T27n1545_057:0295a15_3']	若有無明結繫亦有取結繫。	若有無明結繫亦有取結繫。	if they are bound by the fetter of ignorance, they are also bound by the fetter of grasping.
['T27n1545_057:0295a15_15']	若有取結繫亦有無明結繫。	若有取結繫亦有無明結繫。	If they are bound by the fetter of grasping, they are also bound by the fetter of ignorance.
['T27n1545_057:0295a16_10']	不具縛者無明結長取結短故。	不具縛者無明結長取結短故。	Those who are not bound by all fetters have a long fetter of ignorance but a short fetter of grasping.
['T27n1545_057:0295a17_1']	所問應作順後句答。	所問應作順後句答。	Therefore, the question should be answered in accordance with the latter statement.
['T27n1545_057:0295a17_16']	若於此事有取結繫必有無明結繫。	若於此事有取結繫必有無明結繫。	If there is a fetter of grasping bound to a thing, there must also be a fetter of ignorance bound to it.
['T27n1545_057:0295a18_11']	謂於三界五部有取結未斷事。	謂於三界五部有取結未斷事。	This refers to things in the three realms and five categories where the fetter of grasping has not yet been eliminated.
['T27n1545_057:0295a19_5']	或有無明結繫無取結繫。	或有無明結繫無取結繫。	There may be a fetter of ignorance bound to it but no fetter of grasping bound to it.
['T27n1545_057:0295a19_15']	謂集智已生滅智未生。	謂集智已生滅智未生。	This refers to when the knowledge of accumulation has arisen but the knowledge of cessation has not yet arisen.
['T27n1545_057:0295a20_9']	於修所斷法有無明結未斷。	於修所斷法有無明結未斷。	There is a fetter of ignorance that has not yet been eliminated regarding dharmas to be eliminated by cultivation.
['T27n1545_057:0295a21_1']	滅智已生道智未生。	滅智已生道智未生。	When the knowledge of cessation has arisen but the knowledge of the path has not yet arisen,
['T27n1545_057:0295a21_13']	於修所斷法有無明結未斷。	於修所斷法有無明結未斷。	there is a fetter of ignorance that has not yet been eliminated regarding dharmas to be eliminated by cultivation.
['T27n1545_057:0295a22_2']	具見世尊弟子。	具見世尊弟子。	The fully seeing Bhagavān's disciples
['T27n1545_057:0295a22_14']	於修所斷法有無明結未斷。	於修所斷法有無明結未斷。	have a fetter of ignorance that has not yet been eliminated regarding dharmas to be eliminated by cultivation.
['T27n1545_057:0295a23_8']	此中或有九地無明結未斷。	此中或有九地無明結未斷。	Here, there may be nine grounds of ignorance bonds that have not yet been severed,
['T27n1545_057:0295a24_2']	乃至或有一地無明結未斷。	乃至或有一地無明結未斷。	up to there may be one ground of ignorance bonds that have not yet been severed.
['T27n1545_057:0295a24_16']	於此地中或有九品無明結未斷。	於此地中或有九品無明結未斷。	Within this ground, there may be nine grades of ignorance bonds that have not yet been severed,
['T27n1545_057:0295a25_10']	乃至或有一品無明結未斷。	乃至或有一品無明結未斷。	up to there may be one grade of ignorance bonds that have not yet been severed.
['T27n1545_057:0295a26_7']	由未斷故有無明結繫無取結繫。	由未斷故有無明結繫無取結繫。	Because they have not yet been severed, there are bonds of ignorance and bonds of grasping.
['T27n1545_057:0295a26_12']	所以者何。	所以者何。	Why is this?
['T27n1545_057:0295a27_7', 'T27n1545_057:0295a28_9']	遍行取結緣五部者彼已斷故。🔽非遍行取結未斷已斷於修所斷法非能繫故。	遍行取結緣五部者彼已斷故。 非遍行取結未斷已斷於修所斷法非能繫故。	The all-pervading grasping bonds that take the five categories as objects have already been severed.🔽The non-pervading grasping bonds that have not yet been severed have already been severed, because they cannot bind the dharmas to be severed through cultivation.
['T27n1545_057:0295a29_1']	修所斷部無取結故。	修所斷部無取結故。	Because there are no grasping bonds in the category of dharmas to be severed through cultivation.
['T27n1545_057:0295a29_17']	若於此事有無明結繫亦有嫉結繫耶。	若於此事有無明結繫亦有嫉結繫耶。	If there are bonds of ignorance with regard to this matter, are there also bonds of jealousy?
['T27n1545_057:0295b01_15']	答若於此事有嫉結繫必有無明結繫。	答若於此事有嫉結繫必有無明結繫。	The answer is: If there are bonds of jealousy with regard to this matter, there must be bonds of ignorance.
['T27n1545_057:0295b02_9']	或有無明結繫無嫉結繫。	或有無明結繫無嫉結繫。	There may be bonds of ignorance without bonds of jealousy.
['T27n1545_057:0295b03_1']	謂於欲界見所斷法。	謂於欲界見所斷法。	Namely, with regard to the dharmas to be severed through the path of seeing in the desire realm,
['T27n1545_057:0295b03_15']	及於色無色界法有無明結未斷。	及於色無色界法有無明結未斷。	and with regard to the dharmas in the form and formless realms, there may be bonds of ignorance that have not yet been severed.
['T27n1545_057:0295b05_1']	此中無明結通三界五部有漏無漏緣遍行非遍行。	此中無明結通三界五部有漏無漏緣遍行非遍行。	Here, the fetter of ignorance pervades the three realms and the five categories, and has as its objects both contaminated and uncontaminated dharmas, and both universal and non-universal dharmas.
['T27n1545_057:0295b05_16']	嫉結唯欲界修所斷有漏緣非遍行。	嫉結唯欲界修所斷有漏緣非遍行。	The fetter of envy is only in the desire realm, is eliminated by cultivation, has as its objects contaminated dharmas, and is not universal.
['T27n1545_057:0295b06_9', 'T27n1545_057:0295b07_4']	諸具縛者於欲界修所斷事。🔽若有無明結繫亦有嫉結繫。	諸具縛者於欲界修所斷事。 若有無明結繫亦有嫉結繫。	Those who are completely bound, with regard to the objects eliminated by cultivation in the desire realm,🔽if they are bound by the fetter of ignorance, they are also bound by the fetter of envy.
['T27n1545_057:0295b07_16']	若有嫉結繫亦有無明結繫。	若有嫉結繫亦有無明結繫。	If they are bound by the fetter of envy, they are also bound by the fetter of ignorance.
['T27n1545_057:0295b08_8']	於欲界見所斷四部事。	於欲界見所斷四部事。	With regard to the four categories of objects eliminated by the path of seeing in the desire realm,
['T27n1545_057:0295b08_17']	及色無色界五部事。	及色無色界五部事。	and the five categories of objects in the form and formless realms,
['T27n1545_057:0295b09_8']	有無明結繫無嫉結繫。	有無明結繫無嫉結繫。	they are bound by the fetter of ignorance but not by the fetter of envy.
['T27n1545_057:0295b10_1']	不具縛者若未離欲染。	不具縛者若未離欲染。	Those who are not completely bound, if they have not yet abandoned the desire realm,
['T27n1545_057:0295b10_13']	於欲界修所斷事具二結繫。	於欲界修所斷事具二結繫。	with regard to the objects eliminated by cultivation in the desire realm, they are bound by both fetters.
['T27n1545_057:0295b11_5']	於三界見所斷四部事。	於三界見所斷四部事。	With regard to the four categories of objects eliminated by the path of seeing in the three realms,
['T27n1545_057:0295b12_3']	隨未離繫處有無明結繫無嫉結繫。	隨未離繫處有無明結繫無嫉結繫。	in places where they have not yet abandoned the bonds, they are bound by the fetter of ignorance but not by the fetter of envy.
['T27n1545_057:0295b12_13']	若已離繫處無二結繫。	若已離繫處無二結繫。	In places where they have already abandoned the bonds, they are not bound by either fetter.
['T27n1545_057:0295b13_4']	於色無色界修所斷事。	於色無色界修所斷事。	With regard to the objects eliminated by cultivation in the form and formless realms,
['T27n1545_057:0295b13_14']	有無明結繫無嫉結繫。	有無明結繫無嫉結繫。	they are bound by the fetter of ignorance but not by the fetter of envy.
['T27n1545_057:0295b14_11']	已離欲染於欲界五部事無二結繫。	已離欲染於欲界五部事無二結繫。	Those who have already separated from the desire realm's defilements have no two fetters binding them to the five types of objects in the desire realm.
['T27n1545_057:0295b15_3']	於色無色界五部事。	於色無色界五部事。	As for the five types of objects in the form and formless realms,
['T27n1545_057:0295b15_9']	隨未離繫處。	隨未離繫處。	according to the places where they are not yet separated from,
['T27n1545_057:0295b16_1']	有無明結繫無嫉結繫。	有無明結繫無嫉結繫。	there is the fetter of ignorance binding them, but no fetter of jealousy binding them.
['T27n1545_057:0295b16_11']	若已離繫處無二結繫。	若已離繫處無二結繫。	If they are already separated from, there are no two fetters binding them.
['T27n1545_057:0295b17_3']	由無明結長嫉結短故。	由無明結長嫉結短故。	This is because the fetter of ignorance is long, while the fetter of jealousy is short.
['T27n1545_057:0295b17_12']	所問應作順後句答。	所問應作順後句答。	The question should be answered in accordance with the latter phrase.
['T27n1545_057:0295b18_9']	若於此事有嫉結繫必有無明結繫。	若於此事有嫉結繫必有無明結繫。	If there is the fetter of jealousy binding to this object, there must be the fetter of ignorance binding.
['T27n1545_057:0295b19_3']	謂於欲界修所斷未離繫事。	謂於欲界修所斷未離繫事。	This refers to the objects in the desire realm that are to be eliminated by cultivation and are not yet separated from.
['T27n1545_057:0295b19_10']	或有無明結繫。	或有無明結繫。	There may be the fetter of ignorance binding,
['T27n1545_057:0295b19_15']	無嫉結繫。	無嫉結繫。	but no fetter of jealousy binding.
['T27n1545_057:0295b21_5']	謂於欲界見所斷法有無明結未離此中或有四部無明結未斷。	謂於欲界見所斷法有無明結未離此中或有四部無明結未斷。	This refers to the dharmas to be eliminated by the path of seeing in the desire realm, where the fetter of ignorance has not yet been eliminated. Here, there may be four types of the fetter of ignorance that have not yet been eliminated,
['T27n1545_057:0295b21_17']	乃至或有一部無明結未斷。	乃至或有一部無明結未斷。	up to there may be one type of the fetter of ignorance that has not yet been eliminated.
['T27n1545_057:0295b22_11']	於色無色界法有無明結未斷。	於色無色界法有無明結未斷。	As for the dharmas in the form and formless realms, the fetter of ignorance has not yet been eliminated.
['T27n1545_057:0295b23_5']	此中或有八地無明結未斷。	此中或有八地無明結未斷。	Here, there may be eight levels of the fetter of ignorance that have not yet been eliminated,
['T27n1545_057:0295b23_17']	乃至或有一地無明結未斷。	乃至或有一地無明結未斷。	up to there may be one level of the fetter of ignorance that has not yet been eliminated.
['T27n1545_057:0295b24_12']	於此地中或有五部無明結未斷。	於此地中或有五部無明結未斷。	In this stage, there may be five types of ignorance bonds that have not yet been severed.
['T27n1545_057:0295b25_6']	乃至或有一部無明結未斷。	乃至或有一部無明結未斷。	Up to there may be one type of ignorance bond that has not yet been severed.
['T27n1545_057:0295b26_2']	於此部中或有九品無明結未斷。	於此部中或有九品無明結未斷。	Within this type, there may be nine grades of ignorance bonds that have not yet been severed.
['T27n1545_057:0295b26_14']	乃至或有一品無明結未斷。	乃至或有一品無明結未斷。	Up to there may be one grade of ignorance bonds that have not yet been severed.
['T27n1545_057:0295b27_10']	由未斷故有無明結繫無嫉結繫。	由未斷故有無明結繫無嫉結繫。	Due to not yet being severed, there are bonds of ignorance and bonds of jealousy.
['T27n1545_057:0295b27_15']	所以者何。	所以者何。	Why is this?
['T27n1545_057:0295b28_6']	見所斷部無嫉結故。	見所斷部無嫉結故。	Because the category of that which is severed by insight is devoid of the bonds of jealousy.
['T27n1545_057:0295b28_15']	色無色界亦無嫉故。	色無色界亦無嫉故。	The form and formless realms are also devoid of jealousy.
['T27n1545_057:0295b29_3']	如對嫉結。	如對嫉結。	As with the bonds of jealousy,
['T27n1545_057:0295b29_9']	對慳結亦爾。	對慳結亦爾。	the bonds of stinginess are also so.
['T27n1545_057:0295c01_10']	謂嫉與慳俱唯欲界修所斷有漏緣非遍行故。	謂嫉與慳俱唯欲界修所斷有漏緣非遍行故。	This is because jealousy and stinginess are both only in the desire realm, severed by cultivation, have contaminated objects, and are not universal.
['T27n1545_057:0295c02_7']	若於此事有見結繫亦有取結繫耶。	若於此事有見結繫亦有取結繫耶。	If there are bonds of view with regard to this thing, are there also bonds of grasping?
['T27n1545_057:0295c03_5']	答若於此事有見結繫必有取結繫。	答若於此事有見結繫必有取結繫。	The answer is: If there are bonds of view with regard to this thing, there must be bonds of grasping.
['T27n1545_057:0295c03_15']	或有取結繫無見結繫。	或有取結繫無見結繫。	There may be bonds of grasping without bonds of view.
['T27n1545_057:0295c04_2']	乃至廣說。	乃至廣說。	And so on, explaining in detail.
['T27n1545_057:0295c05_6']	此中見結通三界唯四部通有漏無漏緣遍行非遍行。	此中見結通三界唯四部通有漏無漏緣遍行非遍行。	Among these, the view fetter is found in the three realms and is only associated with the four categories, having both contaminated and uncontaminated objects, and is both omnipresent and not omnipresent.
['T27n1545_057:0295c06_6']	取結通三界唯四部有漏緣通遍行非遍行。	取結通三界唯四部有漏緣通遍行非遍行。	The grasping fetter is found in the three realms and is only associated with the four categories, having only contaminated objects, and is both omnipresent and not omnipresent.
['T27n1545_057:0295c06_17']	諸具縛者於三界五部事。	諸具縛者於三界五部事。	Those who are fully bound to the three realms and five categories of objects,
['T27n1545_057:0295c07_9']	若有見結繫亦有取結繫。	若有見結繫亦有取結繫。	if they are bound by the view fetter, they are also bound by the grasping fetter.
['T27n1545_057:0295c08_3']	若有取結繫亦有見結繫。	若有取結繫亦有見結繫。	If they are bound by the grasping fetter, they are also bound by the view fetter.
['T27n1545_057:0295c09_3']	不具縛者有於見滅道所斷見結不相應法。	不具縛者有於見滅道所斷見結不相應法。	Those who are not fully bound may have the view fetter not associated with the objects abandoned by the paths of seeing and cultivation,
['T27n1545_057:0295c09_12']	有取結繫無見結繫。	有取結繫無見結繫。	but have the grasping fetter bound, and do not have the view fetter bound.
['T27n1545_057:0295c10_3']	由見結短取結長故。	由見結短取結長故。	This is because the view fetter is shorter and the grasping fetter is longer.
['T27n1545_057:0295c10_12']	所問應作順前句答。	所問應作順前句答。	The question should be answered in accordance with the preceding statement.
['T27n1545_057:0295c11_8']	若於此事有見結繫必有取結繫。	若於此事有見結繫必有取結繫。	If there is a view fetter bound to this object, there must be a grasping fetter bound.
['T27n1545_057:0295c12_4']	謂於三界五部未離見結繫事。	謂於三界五部未離見結繫事。	This refers to the objects bound by the view fetter in the three realms and five categories that have not yet been abandoned.
['T27n1545_057:0295c12_14']	或有取結繫無見結繫。	或有取結繫無見結繫。	There may be a grasping fetter bound but not a view fetter.
['T27n1545_057:0295c13_7']	謂集智已生滅智未生。	謂集智已生滅智未生。	This refers to when the knowledge of accumulation has arisen but the knowledge of cessation has not yet arisen,
['T27n1545_057:0295c14_8']	於見滅道所斷見結不相應法有取結未斷。	於見滅道所斷見結不相應法有取結未斷。	and the grasping fetter has not yet been abandoned in the objects not associated with the view fetter that are abandoned by the paths of seeing and cultivation.
['T27n1545_057:0295c14_17']	滅智已生道智未生。	滅智已生道智未生。	When the knowledge of cessation has already arisen but the knowledge of the path has not yet arisen,
['T27n1545_057:0295c15_16']	於見道所斷見結不相應法有取結未斷。	於見道所斷見結不相應法有取結未斷。	in the dharmas not associated with the view-fetter that are to be eliminated by the path of seeing, the fetter of grasping is not yet eliminated.
['T27n1545_057:0295c16_15']	此中見滅道所斷見結不相應法如前說。	此中見滅道所斷見結不相應法如前說。	Among them, the dharmas not associated with the view-fetter that are to be eliminated by the path of cessation and the path of cultivation are as explained above.
['T27n1545_057:0295c17_12']	於此諸法取結未斷故有取結繫。	於此諸法取結未斷故有取結繫。	Because the fetter of grasping is not yet eliminated in these dharmas, there is bondage by the fetter of grasping.
['T27n1545_057:0295c18_8']	彼於自聚為所緣繫及相應繫。	彼於自聚為所緣繫及相應繫。	They are bound by the fetter of grasping in their own aggregates as the object of perception and as association.
['T27n1545_057:0295c19_8']	若於他聚為所緣繫非相應繫無見結繫。	若於他聚為所緣繫非相應繫無見結繫。	If they are bound by the fetter of grasping in other aggregates as the object of perception, they are not bound by association. There is no bondage by the view-fetter.
['T27n1545_057:0295c19_13']	所以者何。	所以者何。	Why is this?
['T27n1545_057:0295c20_8']	遍行見結緣五部者彼已斷故。	遍行見結緣五部者彼已斷故。	Because the pervasive view-fetter that takes the five categories as its object has already been eliminated.
['T27n1545_057:0295c21_11']	餘未斷者於此見結不相應法非所緣繫無漏緣故。	餘未斷者於此見結不相應法非所緣繫無漏緣故。	The remaining uneliminated [fetters] are not bound as the object of perception in the dharmas not associated with the view-fetter. Because they have pure objects as their object.
['T27n1545_057:0295c22_3']	非相應繫是他聚故。	非相應繫是他聚故。	They are not bound by association. Because they belong to other aggregates.
['T27n1545_057:0295c22_13']	自性與自性不相應故。	自性與自性不相應故。	Because the intrinsic nature is not associated with the intrinsic nature.
['T27n1545_057:0295c23_10']	若於此事有見結繫亦有疑結繫耶。	若於此事有見結繫亦有疑結繫耶。	If there is bondage by the view-fetter in this matter, is there also bondage by the doubt-fetter?
['T27n1545_057:0295c23_16']	答應作四句。	答應作四句。	The answer is: Four sentences should be made.
['T27n1545_057:0295c25_3']	此中見結通三界唯四部通有漏無漏緣遍行非遍行。	此中見結通三界唯四部通有漏無漏緣遍行非遍行。	Among these, the view fetter extends to the three realms and only to the four categories, and it has both contaminated and uncontaminated objects, as well as both universal and non-universal [objects].
['T27n1545_057:0295c25_8']	疑結亦爾。	疑結亦爾。	The doubt fetter is also like this.
['T27n1545_057:0295c25_19']	諸具縛者於三界五部事。	諸具縛者於三界五部事。	Those who are fully bound [by afflictions] with regard to the five categories of objects in the three realms,
['T27n1545_057:0295c26_10']	若有見結繫亦有疑結繫。	若有見結繫亦有疑結繫。	if they are bound by the view fetter, they are also bound by the doubt fetter.
['T27n1545_057:0295c27_4']	若有疑結繫亦有見結繫。	若有疑結繫亦有見結繫。	If they are bound by the doubt fetter, they are also bound by the view fetter.
['T27n1545_057:0295c28_3']	不具縛者見疑二結各於自聚有繫故長。	不具縛者見疑二結各於自聚有繫故長。	Those who are not fully bound, the two fetters of view and doubt, each bind their own aggregates, so they are long.
['T27n1545_057:0295c28_12']	各於他聚無繫故短。	各於他聚無繫故短。	Each does not bind other aggregates, so they are short.
['T27n1545_057:0295c29_7']	是故所問應作自本四句而答。	是故所問應作自本四句而答。	Therefore, the question should be answered by making four original sentences for oneself.
['T27n1545_057:0295c29_17']	或有見結繫無疑結繫。	或有見結繫無疑結繫。	There may be those who are bound by the view fetter but not by the doubt fetter.
['T27n1545_057:0296a01_9']	謂集智已生滅智未生。	謂集智已生滅智未生。	This refers to when the cognition of accumulation has arisen but the cognition of cessation has not yet arisen.
['T27n1545_057:0296a02_8']	於見滅道所斷見結相應法有見結未斷。	於見滅道所斷見結相應法有見結未斷。	With regard to dharmas associated with the view fetter to be eliminated by the cognition of cessation and the cognition of the path, the view fetter that has not yet been eliminated exists.
['T27n1545_057:0296a02_17']	滅智已生道智未生。	滅智已生道智未生。	When the cognition of cessation has arisen but the cognition of the path has not yet arisen,
['T27n1545_057:0296a03_15']	於見道所斷見結相應法有見結未斷。	於見道所斷見結相應法有見結未斷。	with regard to dharmas associated with the view fetter to be eliminated by the cognition of the path, the view fetter that has not yet been eliminated exists.
['T27n1545_057:0296a04_11']	此中見滅道所斷見結相應法者。	此中見滅道所斷見結相應法者。	Here, the dharmas associated with the view fetter to be eliminated by the cognition of cessation and the cognition of the path,
['T27n1545_057:0296a05_4']	謂彼邪見相應心心所法。	謂彼邪見相應心心所法。	That is, the mind and mental factors associated with that wrong view.
['T27n1545_057:0296a05_17']	見結於彼有相應繫以未斷故。	見結於彼有相應繫以未斷故。	The view fetter is bound to it through association because it has not yet been eliminated.
['T27n1545_057:0296a06_8']	無所緣繫無漏緣故。	無所緣繫無漏緣故。	There is no object-support bond because it has pure dharmas as its object.
['T27n1545_057:0296a06_17']	疑結於彼全無繫義。	疑結於彼全無繫義。	The doubt fetter is completely unrelated to it.
['T27n1545_057:0296a07_4']	所以者何。	所以者何。	Why is this so?
['T27n1545_057:0296a07_17']	遍行疑結緣五部者彼已斷故。	遍行疑結緣五部者彼已斷故。	Because the pervasive doubt fetter that takes the five categories as its object has already been eliminated.
['T27n1545_057:0296a09_9']	餘未斷者於見結相應法非所緣繫無漏緣故非相應繫是他聚故。	餘未斷者於見結相應法非所緣繫無漏緣故非相應繫是他聚故。	The remaining unabandoned [fetters] are not object-support bonds to the dharmas associated with the view fetter because they have pure dharmas as their object. They are not association bonds because they belong to a different aggregate.
['T27n1545_057:0296a10_11']	或有疑結繫無見結繫謂集智已生滅智未生。	或有疑結繫無見結繫謂集智已生滅智未生。	There may be those bound by the doubt fetter but not by the view fetter. This refers to those in whom the knowledge of the origin [of suffering] has arisen but the knowledge of cessation has not yet arisen.
['T27n1545_057:0296a11_10']	於見滅道所斷疑結相應法有疑結未斷。	於見滅道所斷疑結相應法有疑結未斷。	With regard to the dharmas associated with the doubt fetter that are to be eliminated by the path of cessation and the path, the doubt fetter has not yet been eliminated.
['T27n1545_057:0296a12_16']	滅智已生道智未生於見道所斷疑結相應法有疑結未斷。	滅智已生道智未生於見道所斷疑結相應法有疑結未斷。	For those in whom the knowledge of cessation has arisen but the knowledge of the path has not yet arisen, with regard to the dharmas associated with the doubt fetter that are to be eliminated by the path of the path, the doubt fetter has not yet been eliminated.
['T27n1545_057:0296a13_12']	此中見滅道所斷疑結相應法者。	此中見滅道所斷疑結相應法者。	Here, the dharmas associated with the doubt fetter that are to be eliminated by the path of cessation and the path refer to
['T27n1545_057:0296a14_4']	謂彼疑相應心心所法。	謂彼疑相應心心所法。	those mind and mental factors associated with doubt.
['T27n1545_057:0296a14_17']	疑結於彼有相應繫以未斷故。	疑結於彼有相應繫以未斷故。	The doubt fetter is bound to them through association because it has not yet been eliminated.
['T27n1545_057:0296a15_8']	無所緣繫無漏緣故。	無所緣繫無漏緣故。	Because they are not bound by the uncontaminated path.
['T27n1545_057:0296a15_17']	見結於彼全無繫義。	見結於彼全無繫義。	The view fetter is completely unattached to them.
['T27n1545_057:0296a16_4']	所以者何。	所以者何。	Why is this?
['T27n1545_057:0296a16_17']	遍行見結緣五部者彼已斷故。	遍行見結緣五部者彼已斷故。	Because the pervasive view fetter that takes the five categories as objects has already been eliminated.
['T27n1545_057:0296a18_10']	餘未斷者於疑結相應法非所緣繫無漏緣故非相應繫是他聚故。	餘未斷者於疑結相應法非所緣繫無漏緣故非相應繫是他聚故。	The remaining unabandoned [fetters] are not bound as objects to the dharmas associated with doubt, because they are uncontaminated. They are not bound as associations because they belong to a different aggregate.
['T27n1545_057:0296a18_16']	或有二俱繫。	或有二俱繫。	There are some who are bound by both.
['T27n1545_057:0296a19_13']	謂具縛者於見修所斷法有二結繫。	謂具縛者於見修所斷法有二結繫。	This refers to those who are fully bound who are bound by two fetters to the dharmas eliminated by seeing and cultivation.
['T27n1545_057:0296a21_1']	此中具縛者於見苦所斷法有二部見結繫二部疑結繫。	此中具縛者於見苦所斷法有二部見結繫二部疑結繫。	Here, those who are fully bound are bound by two parts of the view fetter to the dharmas eliminated by seeing suffering, and are bound by two parts of the doubt fetter.
['T27n1545_057:0296a21_10']	於見集所斷法亦爾。	於見集所斷法亦爾。	It is the same for the dharmas eliminated by seeing the accumulation.
['T27n1545_057:0296a22_3']	於見滅所斷見結相應法。	於見滅所斷見結相應法。	For the dharmas eliminated by seeing cessation that are associated with the view fetter,
['T27n1545_057:0296a22_15']	有三部見結繫二部疑結繫。	有三部見結繫二部疑結繫。	there is binding by three parts of the view fetter and two parts of the doubt fetter.
['T27n1545_057:0296a23_7']	於見滅所斷疑結相應法。	於見滅所斷疑結相應法。	For the dharmas eliminated by seeing cessation that are associated with the doubt fetter,
['T27n1545_057:0296a24_1']	有三部疑結繫二部見結繫。	有三部疑結繫二部見結繫。	there is binding by three parts of the doubt fetter and two parts of the view fetter.
['T27n1545_057:0296a24_15']	於見滅所斷見疑一結不相應法。	於見滅所斷見疑一結不相應法。	For the dharmas eliminated by seeing cessation that are not associated with the view and doubt fetters,
['T27n1545_057:0296a25_9']	有二部見結繫二部疑結繫。	有二部見結繫二部疑結繫。	There are two types of views and two types of doubts that bind.
['T27n1545_057:0296a25_18']	於見道所斷法亦爾。	於見道所斷法亦爾。	The same applies to dharmas to be eliminated during the path of seeing.
['T27n1545_057:0296a26_5']	於修所斷法。	於修所斷法。	Regarding dharmas to be eliminated during cultivation,
['T27n1545_057:0296a26_17']	有二部見結繫二部疑結繫。	有二部見結繫二部疑結繫。	there are two types of views and two types of doubts that bind.
['T27n1545_057:0296a27_8']	苦智已生集智未生。	苦智已生集智未生。	When the cognition of suffering has arisen but the cognition of accumulation has not yet arisen,
['T27n1545_057:0296a28_6']	於見苦集滅道修所斷法有二結繫。	於見苦集滅道修所斷法有二結繫。	there are two fetters that bind regarding dharmas to be eliminated during the seeing of suffering, accumulation, cessation, and the path, and during cultivation.
['T27n1545_057:0296a28_17']	此中苦智已生集智未生。	此中苦智已生集智未生。	Here, when the cognition of suffering has arisen but the cognition of accumulation has not yet arisen,
['T27n1545_057:0296a29_6']	於見苦所斷法。	於見苦所斷法。	regarding dharmas to be eliminated during the seeing of suffering,
['T27n1545_057:0296a29_18']	有一部見結繫一部疑結繫。	有一部見結繫一部疑結繫。	there is one type of views that bind and one type of doubts that bind.
['T27n1545_057:0296b01_8']	於見集所斷法亦爾。	於見集所斷法亦爾。	The same applies to dharmas to be eliminated during the seeing of accumulation.
['T27n1545_057:0296b02_2']	於見滅所斷見結相應法。	於見滅所斷見結相應法。	Regarding dharmas associated with the views to be eliminated during the seeing of cessation,
['T27n1545_057:0296b02_14']	有二部見結繫一部疑結繫。	有二部見結繫一部疑結繫。	there are two types of views that bind and one type of doubts that bind.
['T27n1545_057:0296b03_7']	於見滅所斷疑結相應法。	於見滅所斷疑結相應法。	Regarding dharmas associated with doubts to be eliminated during the seeing of cessation,
['T27n1545_057:0296b04_1']	有二部疑結繫一部見結繫。	有二部疑結繫一部見結繫。	there are two types of doubts that bind and one type of views that bind.
['T27n1545_057:0296b04_15']	於見滅所斷見疑二結不相應法。	於見滅所斷見疑二結不相應法。	Regarding dharmas not associated with the views and doubts to be eliminated during the seeing of cessation,
['T27n1545_057:0296b05_9']	有一部見結繫一部疑結繫。	有一部見結繫一部疑結繫。	there is one type of views that bind and one type of doubts that bind.
['T27n1545_057:0296b06_1']	於見道所斷法亦爾。	於見道所斷法亦爾。	The same applies to dharmas to be eliminated during the seeing of the path.
['T27n1545_057:0296b06_7']	於修所斷法。	於修所斷法。	Regarding the dharmas to be eliminated by cultivation,
['T27n1545_057:0296b07_1']	有一部見結繫一部疑結繫。	有一部見結繫一部疑結繫。	there is one part that is bound by the view-fetters and one part that is bound by the doubt-fetters.
['T27n1545_057:0296b07_8']	或有二俱不繫。	或有二俱不繫。	Or there may be both that are not bound.
['T27n1545_057:0296b07_18']	謂集智已生滅智未生。	謂集智已生滅智未生。	This refers to when the knowledge of the truth of accumulation has already arisen but the knowledge of the truth of cessation has not yet arisen.
['T27n1545_057:0296b08_7']	於見苦集所斷法。	於見苦集所斷法。	Regarding the dharmas to be eliminated by seeing the truths of suffering and accumulation,
['T27n1545_057:0296b09_5']	及於見滅道所斷見疑二結不相應法。	及於見滅道所斷見疑二結不相應法。	and regarding the dharmas that are not associated with the two fetters of view and doubt to be eliminated by seeing the truths of cessation and path,
['T27n1545_057:0296b10_6']	并於修所斷法無二結繫滅智已生道智未生。	并於修所斷法無二結繫滅智已生道智未生。	and regarding the dharmas to be eliminated by cultivation, there is no binding of the two fetters. When the knowledge of the truth of cessation has already arisen but the knowledge of the truth of the path has not yet arisen,
['T27n1545_057:0296b10_15']	於見苦集滅所斷法。	於見苦集滅所斷法。	regarding the dharmas to be eliminated by seeing the truths of suffering, accumulation, and cessation,
['T27n1545_057:0296b11_12']	及於見道所斷見疑二結不相應法。	及於見道所斷見疑二結不相應法。	and regarding the dharmas that are not associated with the two fetters of view and doubt to be eliminated by seeing the truth of the path,
['T27n1545_057:0296b12_5']	并於修所斷法無二結繫。	并於修所斷法無二結繫。	and regarding the dharmas to be eliminated by cultivation, there is no binding of the two fetters.
['T27n1545_057:0296b12_12']	具見世尊弟子。	具見世尊弟子。	The fully seeing Bhagavān disciples,
['T27n1545_057:0296b13_5']	於見修所斷法無二結繫。	於見修所斷法無二結繫。	regarding the dharmas to be eliminated by seeing and cultivation, are not bound by the two fetters.
['T27n1545_057:0296b14_1']	已離欲染於欲界法無二結繫。	已離欲染於欲界法無二結繫。	Those who have already become free from the defilements of desire are not bound by the two fetters regarding the dharmas of the desire realm.
['T27n1545_057:0296b14_15']	已離色染於欲色界法無二結繫。	已離色染於欲色界法無二結繫。	Those who have already become free from the defilements of form are not bound by the two fetters regarding the dharmas of the desire and form realms.
['T27n1545_057:0296b15_11']	已離無色染於三界法無二結繫。	已離無色染於三界法無二結繫。	Those who have already become free from the defilements of the formless are not bound by the two fetters regarding the dharmas of the three realms.
['T27n1545_057:0296b16_11']	此中諸法能繫所繫俱已斷故皆離二結。	此中諸法能繫所繫俱已斷故皆離二結。	Because in this case, both the fetters and the objects to be fettered have already been severed, one is free from both fetters.
['T27n1545_057:0296b17_2']	謂見疑結俱離繫故。	謂見疑結俱離繫故。	This means that one is free from both the fetters of view and doubt.
['T27n1545_057:0296b17_16']	見滅道所斷見疑二結不相應法。	見滅道所斷見疑二結不相應法。	Dharmas that are not associated with the two fetters of view and doubt that are to be eliminated by the path of seeing and the path of cultivation.
['T27n1545_057:0296b18_4']	雖未離自部繫。	雖未離自部繫。	Although one has not yet severed the fetters of one's own category,
['T27n1545_057:0296b19_3']	而見疑二結於彼不繫故名無二結繫。	而見疑二結於彼不繫故名無二結繫。	the two fetters of view and doubt do not bind one to them, so it is said that one is free from the two fetters.
['T27n1545_057:0296b20_1']	若於此事有見結繫亦有嫉結繫耶。	若於此事有見結繫亦有嫉結繫耶。	If there is bondage of the fetter of view to this thing, is there also bondage of the fetter of jealousy?
['T27n1545_057:0296b20_7']	答應作四句。	答應作四句。	The answer is: Four sentences should be made.
['T27n1545_057:0296b21_11']	此中見結通三界唯四部通有漏無漏緣遍行非遍行。	此中見結通三界唯四部通有漏無漏緣遍行非遍行。	Here, the fetter of view is common to the three realms and only has four categories, with both contaminated and uncontaminated objects, and is both universal and non-universal.
['T27n1545_057:0296b22_8']	嫉結唯欲界修所斷有漏緣非遍行。	嫉結唯欲界修所斷有漏緣非遍行。	The fetter of jealousy is only in the desire realm, eliminated by cultivation, has contaminated objects, and is not universal.
['T27n1545_057:0296b23_2']	諸具縛者於欲界修所斷事。	諸具縛者於欲界修所斷事。	Those who are fully bound to the things eliminated by cultivation in the desire realm,
['T27n1545_057:0296b23_13']	若有見結繫亦有嫉結繫。	若有見結繫亦有嫉結繫。	if there is bondage of the fetter of view, there is also bondage of the fetter of jealousy.
['T27n1545_057:0296b24_1']	若有嫉結繫。	若有嫉結繫。	If there is bondage of the fetter of jealousy,
['T27n1545_057:0296b24_7']	亦有見結繫。	亦有見結繫。	there is also bondage of the fetter of view.
['T27n1545_057:0296b24_17']	於欲界見所斷四部事。	於欲界見所斷四部事。	To the four categories of things eliminated by the path of seeing in the desire realm,
['T27n1545_057:0296b25_15']	及色無色界五部事有見結繫無嫉結繫。	及色無色界五部事有見結繫無嫉結繫。	and to the five categories of things in the form and formless realms, there is bondage of the fetter of view but no bondage of the fetter of jealousy.
['T27n1545_057:0296b26_8']	不具縛者若未離欲染。	不具縛者若未離欲染。	Those who are not bound by all bonds, if they have not yet separated from desire,
['T27n1545_057:0296b26_17']	苦智已生集智未生。	苦智已生集智未生。	when the cognition of suffering has arisen but the cognition of the cause has not yet arisen,
['T27n1545_057:0296b27_9']	於三界見所斷四部事。	於三界見所斷四部事。	with regard to the four types of objects abandoned by insight in the three realms,
['T27n1545_057:0296b28_2']	及於色無色界修所斷事。	及於色無色界修所斷事。	and with regard to the objects abandoned by cultivation in the form and formless realms,
['T27n1545_057:0296b28_11']	有見結繫無嫉結繫。	有見結繫無嫉結繫。	there is the bond of views but not the bond of jealousy.
['T27n1545_057:0296b29_5']	於欲界修所斷事具二結繫。	於欲界修所斷事具二結繫。	With regard to the objects abandoned by cultivation in the desire realm, there is the bond of both.
['T27n1545_057:0296b29_16']	集智已生滅或道智未生。	集智已生滅或道智未生。	When the cognition of the cause has arisen but the cognition of cessation or the cognition of the path has not yet arisen,
['T27n1545_057:0296c01_14']	於欲界修所斷事有嫉結繫無見結繫。	於欲界修所斷事有嫉結繫無見結繫。	with regard to the objects abandoned by cultivation in the desire realm, there is the bond of jealousy but not the bond of views.
['T27n1545_057:0296c02_12']	於三界見滅或道所斷見結相應法。	於三界見滅或道所斷見結相應法。	With regard to the dharmas associated with the bond of views that are abandoned by insight into cessation or the path in the three realms,
['T27n1545_057:0296c03_3']	有見結繫無嫉結繫。	有見結繫無嫉結繫。	there is the bond of views but not the bond of jealousy.
['T27n1545_057:0296c03_13']	於三界見苦集所斷法。	於三界見苦集所斷法。	With regard to the dharmas abandoned by insight into suffering and the cause in the three realms,
['T27n1545_057:0296c04_11']	及見滅道所斷見結不相應法無二結繫。	及見滅道所斷見結不相應法無二結繫。	and the dharmas not associated with the bond of views that are abandoned by insight into cessation and the path, there is neither bond.
['T27n1545_057:0296c05_10']	若已離欲染於欲界五部事無二結繫。	若已離欲染於欲界五部事無二結繫。	If one has already separated from desire, with regard to the five types of objects in the desire realm there is neither bond.
['T27n1545_057:0296c06_2']	於色無色界五部事。	於色無色界五部事。	With regard to the five types of objects in the form and formless realms,
['T27n1545_057:0296c06_17']	隨未離見結者有見結繫無嫉結繫。	隨未離見結者有見結繫無嫉結繫。	according to those who have not yet separated from the bond of views, there is the bond of views but not the bond of jealousy.
['T27n1545_057:0296c07_10']	若已離見結者無二結繫。	若已離見結者無二結繫。	If one has already eliminated the fetter of views, one is not bound by both fetters.
['T27n1545_057:0296c08_2']	此二互有長短義故。	此二互有長短義故。	This is because the two have the meaning of being long and short with each other.
['T27n1545_057:0296c08_11']	所問應作四句而答。	所問應作四句而答。	The question should be answered in four sentences.
['T27n1545_057:0296c09_4']	或有見結繫無嫉結繫。	或有見結繫無嫉結繫。	There may be one who is bound by the fetter of views but not bound by the fetter of jealousy.
['T27n1545_057:0296c09_13']	謂於欲界見所斷法。	謂於欲界見所斷法。	This refers to the dharmas to be eliminated by seeing in the desire realm.
['T27n1545_057:0296c10_8']	及於色無色界法有見結未斷。	及於色無色界法有見結未斷。	And to the dharmas in the form and formless realms, where the fetter of views has not yet been eliminated.
['T27n1545_057:0296c11_7']	此中於欲界見所斷法有見結未斷者。	此中於欲界見所斷法有見結未斷者。	Among them, as for the dharmas to be eliminated by seeing in the desire realm, where the fetter of views has not yet been eliminated,
['T27n1545_057:0296c11_16']	或有四部見結未斷。	或有四部見結未斷。	there may be four parts of the fetter of views that have not yet been eliminated,
['T27n1545_057:0296c12_9']	乃至或有一部見結未斷。	乃至或有一部見結未斷。	up to there may be one part of the fetter of views that has not yet been eliminated.
['T27n1545_057:0296c13_5']	於色無色界法有見結未斷者。	於色無色界法有見結未斷者。	As for the dharmas in the form and formless realms, where the fetter of views has not yet been eliminated,
['T27n1545_057:0296c13_14']	或有八地見結未斷。	或有八地見結未斷。	there may be eight stages of the fetter of views that have not yet been eliminated,
['T27n1545_057:0296c14_7']	乃至或有一地見結未斷。	乃至或有一地見結未斷。	up to there may be one stage of the fetter of views that has not yet been eliminated.
['T27n1545_057:0296c15_3']	於此地中或有四部見結未斷。	於此地中或有四部見結未斷。	Within this stage, there may be four parts of the fetter of views that have not yet been eliminated,
['T27n1545_057:0296c15_14']	乃至或有一部見結未斷。	乃至或有一部見結未斷。	up to there may be one part of the fetter of views that has not yet been eliminated.
['T27n1545_057:0296c16_9']	由未斷故有見結繫無嫉結繫。	由未斷故有見結繫無嫉結繫。	Because they have not yet been eliminated, there is the fetter of views but not the fetter of jealousy.
['T27n1545_057:0296c16_14']	所以者何。	所以者何。	Why is it so?
['T27n1545_057:0296c17_9']	見所斷部及上二界無嫉結故。	見所斷部及上二界無嫉結故。	Because the category of views to be eliminated and the two upper realms do not have the fetter of jealousy.
['T27n1545_057:0296c18_2']	或有嫉結繫無見結繫。	或有嫉結繫無見結繫。	There may be those bound by the fetter of jealousy but not by the fetter of views.
['T27n1545_057:0296c18_8']	謂未離欲染。	謂未離欲染。	This refers to those who have not yet eliminated desire realm attachment.
['T27n1545_057:0296c18_17']	集智已生滅智未生。	集智已生滅智未生。	When the knowledge of the accumulation has arisen but the knowledge of cessation has not yet arisen,
['T27n1545_057:0296c19_11']	於欲界修所斷法有嫉結未斷。	於欲界修所斷法有嫉結未斷。	with regard to dharmas to be eliminated by cultivation in the desire realm, the fetter of jealousy has not yet been eliminated.
['T27n1545_057:0296c20_2']	滅智已生道智未生。	滅智已生道智未生。	When the knowledge of cessation has arisen but the knowledge of the path has not yet arisen,
['T27n1545_057:0296c20_15']	於欲界修所斷法有嫉結未斷。	於欲界修所斷法有嫉結未斷。	with regard to dharmas to be eliminated by cultivation in the desire realm, the fetter of jealousy has not yet been eliminated.
['T27n1545_057:0296c21_4']	具見世尊弟子。	具見世尊弟子。	Fully seeing disciples of the World-Honored One,
['T27n1545_057:0296c22_4']	未離欲染於欲界修所斷法有嫉結未斷。	未離欲染於欲界修所斷法有嫉結未斷。	who have not yet eliminated desire realm attachment, with regard to dharmas to be eliminated by cultivation in the desire realm, the fetter of jealousy has not yet been eliminated.
['T27n1545_057:0296c22_15']	此中或有九品嫉結未斷。	此中或有九品嫉結未斷。	Here, there may be nine grades of the fetter of jealousy that have not yet been eliminated,
['T27n1545_057:0296c23_7']	乃至或有一品嫉結未斷。	乃至或有一品嫉結未斷。	up to there may be one grade of the fetter of jealousy that has not yet been eliminated.
['T27n1545_057:0296c24_3']	由未斷故有嫉結繫無見結繫。	由未斷故有嫉結繫無見結繫。	Because it has not yet been eliminated, there is the fetter of jealousy but not the fetter of views.
['T27n1545_057:0296c24_8']	所以者何。	所以者何。	Why is this?
['T27n1545_057:0296c25_2']	遍行見結緣五部者彼已斷故。	遍行見結緣五部者彼已斷故。	Because the pervasive fetter of views that takes the five categories as objects has already been eliminated.
['T27n1545_057:0296c26_3']	餘未斷者於修所斷法不能為繫無漏緣故。	餘未斷者於修所斷法不能為繫無漏緣故。	The remaining un-eliminated [fetters] cannot serve as fetters with regard to dharmas to be eliminated by cultivation, because they take the pure [dharmas] as objects.
['T27n1545_057:0296c26_12']	修所斷部無見結故。	修所斷部無見結故。	Because there is no fetter of views in the category of dharmas to be eliminated by cultivation.
['T27n1545_057:0296c26_18']	或有二俱繫。	或有二俱繫。	There may be those bound by both [the fetter of jealousy and the fetter of views].
['T27n1545_057:0296c27_15']	謂具縛者於欲界修所斷法有二結繫。	謂具縛者於欲界修所斷法有二結繫。	It means that one who is bound by all fetters has two fetters binding him to dharmas to be eliminated by cultivation in the desire realm.
['T27n1545_057:0296c28_10']	此中具縛者於欲界修所斷法。	此中具縛者於欲界修所斷法。	Here, one who is bound by all fetters has two groups of fetters binding him to dharmas to be eliminated by cultivation in the desire realm.
['T27n1545_057:0296c29_4']	有二部見結繫一部嫉結繫。	有二部見結繫一部嫉結繫。	He has one group of the fetter of views binding him and one group of the fetter of jealousy binding him.
['T27n1545_057:0296c29_11']	復次未離欲染。	復次未離欲染。	Next, one who has not yet eliminated the desire realm [afflictions],
['T27n1545_057:0297a01_1']	苦智已生集智未生。	苦智已生集智未生。	where the knowledge of suffering has arisen but the knowledge of accumulation has not yet arisen,
['T27n1545_057:0297a01_13']	於欲界修所斷法有二結繫。	於欲界修所斷法有二結繫。	has two fetters binding him to dharmas to be eliminated by cultivation in the desire realm.
['T27n1545_057:0297a02_9']	此中未離欲染者或有九品未離。	此中未離欲染者或有九品未離。	Here, one who has not yet eliminated the desire realm [afflictions] may have nine grades that have not yet been eliminated,
['T27n1545_057:0297a03_10']	乃至或有一品未離彼苦智已生集智未生。	乃至或有一品未離彼苦智已生集智未生。	up to one grade that has not yet been eliminated. The knowledge of suffering has arisen but the knowledge of accumulation has not yet arisen.
['T27n1545_057:0297a04_1']	於欲界修所斷法。	於欲界修所斷法。	With regard to dharmas to be eliminated by cultivation in the desire realm,
['T27n1545_057:0297a04_13']	有一部見結繫一部嫉結繫。	有一部見結繫一部嫉結繫。	he has one group of the fetter of views binding him and one group of the fetter of jealousy binding him.
['T27n1545_057:0297a05_1']	或有二俱不繫。	或有二俱不繫。	Or there may be two that are not bound.
['T27n1545_057:0297a05_7']	謂未離欲染。	謂未離欲染。	It means one who has not yet eliminated the desire realm [afflictions],
['T27n1545_057:0297a05_16']	集智已生滅智未生。	集智已生滅智未生。	where the knowledge of accumulation has arisen but the knowledge of cessation has not yet arisen,
['T27n1545_057:0297a06_6']	於見苦集所斷法。	於見苦集所斷法。	with regard to dharmas eliminated by seeing suffering and accumulation,
['T27n1545_057:0297a07_2']	及於見滅道所斷見結不相應法。	及於見滅道所斷見結不相應法。	and with regard to dharmas not associated with the fetter of views eliminated by seeing cessation and the path,
['T27n1545_057:0297a07_17']	并於色無色界修所斷法無二結繫。	并於色無色界修所斷法無二結繫。	and with regard to dharmas to be eliminated by cultivation in the form and formless realms, there are no two fetters binding him.
['T27n1545_057:0297a08_7']	滅智已生道智未生。	滅智已生道智未生。	When the knowledge of cessation has already arisen but the knowledge of the path has not yet arisen,
['T27n1545_057:0297a08_16']	於見苦集滅所斷法。	於見苦集滅所斷法。	with regard to the dharmas to be eliminated by seeing suffering, origination, and cessation,
['T27n1545_057:0297a09_11']	及於見道所斷見結不相應法。	及於見道所斷見結不相應法。	and with regard to the dharmas not associated with the view-fetters to be eliminated by seeing the path,
['T27n1545_057:0297a10_8']	并於色無色界修所斷法無二結繫。	并於色無色界修所斷法無二結繫。	and with regard to the dharmas to be eliminated by cultivation in the form and formless realms, there is no bondage of the two fetters.
['T27n1545_057:0297a10_15']	具見世尊弟子。	具見世尊弟子。	The fully seeing Bhagavān's disciples,
['T27n1545_057:0297a11_2']	未離欲染。	未離欲染。	who have not yet eliminated the defilements of desire,
['T27n1545_057:0297a11_8']	於見所斷法。	於見所斷法。	with regard to the dharmas to be eliminated by seeing,
['T27n1545_057:0297a12_5']	及於色無色界修所斷法無二結繫。	及於色無色界修所斷法無二結繫。	and with regard to the dharmas to be eliminated by cultivation in the form and formless realms, there is no bondage of the two fetters.
['T27n1545_057:0297a13_1', 'T27n1545_057:0297a13_15']	已離欲染於欲界法無二結繫。🔽已離色染於欲色界法無二結繫。	已離欲染於欲界法無二結繫。 已離色染於欲色界法無二結繫。	Those who have already eliminated the defilements of desire, with regard to the dharmas of the desire realm, there is no bondage of the two fetters.🔽Those who have already eliminated the defilements of form, with regard to the dharmas of the desire and form realms, there is no bondage of the two fetters.
['T27n1545_057:0297a14_11']	已離無色染於三界法無二結繫。	已離無色染於三界法無二結繫。	Those who have already eliminated the defilements of the formless realm, with regard to the dharmas of the three realms, there is no bondage of the two fetters.
['T27n1545_057:0297a15_4']	此中或有已斷故不繫。	此中或有已斷故不繫。	Here, some are not bound because they have already been eliminated,
['T27n1545_057:0297a15_12']	或有本無故不繫。	或有本無故不繫。	some are not bound because they have never existed.
['T27n1545_057:0297a15_17']	如對嫉結。	如對嫉結。	As with the fetter of envy,
['T27n1545_057:0297a16_5']	對慳結亦爾。	對慳結亦爾。	the fetter of stinginess is also like this.
['T27n1545_057:0297a17_6']	謂嫉與慳俱唯欲界修所斷有漏緣非遍行故。	謂嫉與慳俱唯欲界修所斷有漏緣非遍行故。	This is because envy and stinginess are both eliminated by cultivation in the desire realm, have contaminated objects, and are not universal.
['T27n1545_057:0297a17_15']	如見結對後作一行。	如見結對後作一行。	As with the fetter of views, it is the same for the subsequent single line.
['T27n1545_057:0297a18_7']	疑結對後作一行亦爾。	疑結對後作一行亦爾。	The same is true for the line of doubt and attachment.
['T27n1545_057:0297a19_14']	謂見與疑俱通三界唯四部通有漏無漏緣遍行非遍行故。	謂見與疑俱通三界唯四部通有漏無漏緣遍行非遍行故。	That is, both views and doubts are found in all three realms and are only of four categories, with both contaminated and uncontaminated objects, and are both universal and non-universal mental factors.
['T27n1545_057:0297a20_14']	若於此事有取結繫亦有疑結繫耶。	若於此事有取結繫亦有疑結繫耶。	If there is bondage by the fetter of attachment to a certain thing, is there also bondage by the fetter of doubt?
['T27n1545_057:0297a21_12']	答若於此事有疑結繫必有取結繫。	答若於此事有疑結繫必有取結繫。	The answer is: If there is bondage by the fetter of doubt, there must be bondage by the fetter of attachment.
['T27n1545_057:0297a22_5']	或有取結繫無疑結繫。	或有取結繫無疑結繫。	There may be bondage by the fetter of attachment but not by the fetter of doubt.
['T27n1545_057:0297a22_10']	乃至廣說。	乃至廣說。	And so on, in detail.
['T27n1545_057:0297a23_12']	此中取結通三界唯四部有漏緣通遍行非遍行。	此中取結通三界唯四部有漏緣通遍行非遍行。	Here, the fetter of attachment is found in all three realms and is only of four categories, with contaminated objects, and is both universal and non-universal.
['T27n1545_057:0297a24_14']	疑結通三界唯四部通有漏無漏緣遍行非遍行。	疑結通三界唯四部通有漏無漏緣遍行非遍行。	The fetter of doubt is found in all three realms and is only of four categories, with both contaminated and uncontaminated objects, and is both universal and non-universal.
['T27n1545_057:0297a25_7']	諸具縛者於三界五部事。	諸具縛者於三界五部事。	Those who are fully bound to the three realms and five categories of things
['T27n1545_057:0297a26_1']	若有取結繫亦有疑結繫。	若有取結繫亦有疑結繫。	If there is bondage by the fetter of attachment, there is also bondage by the fetter of doubt.
['T27n1545_057:0297a26_12']	若有疑結繫亦有取結繫。	若有疑結繫亦有取結繫。	If there is bondage by the fetter of doubt, there is also bondage by the fetter of attachment.
['T27n1545_057:0297a27_12']	不具縛者有於見滅道所斷疑結不相應法。	不具縛者有於見滅道所斷疑結不相應法。	Those who are not fully bound may have dharmas that are not associated with the fetter of doubt that is to be eliminated by the path of seeing or cultivation,
['T27n1545_057:0297a28_4']	有取結繫無疑結繫。	有取結繫無疑結繫。	and are bound by the fetter of attachment but not by the fetter of doubt.
['T27n1545_057:0297a28_13']	由取結長疑結短故。	由取結長疑結短故。	Because the fetter of clinging is longer and the fetter of doubt is shorter.
['T27n1545_057:0297a29_4']	所問應作順後句答。	所問應作順後句答。	The question should be answered in accordance with the latter clause.
['T27n1545_057:0297b01_1']	若於此事有疑結繫必有取結繫。	若於此事有疑結繫必有取結繫。	If the fetter of doubt binds to a thing, the fetter of clinging must also bind to it.
['T27n1545_057:0297b01_13']	謂於三界五部未離疑結事。	謂於三界五部未離疑結事。	This refers to things in the three realms and five categories that have not yet been freed from the fetter of doubt.
['T27n1545_057:0297b02_5']	或有取結繫無疑結繫。	或有取結繫無疑結繫。	There may be binding by the fetter of clinging but not by the fetter of doubt.
['T27n1545_057:0297b02_15']	謂集智已生滅智未生。	謂集智已生滅智未生。	This refers to when the knowledge of accumulation has arisen but the knowledge of cessation has not yet arisen.
['T27n1545_057:0297b03_15']	於見滅道所斷疑結不相應法有取結未斷。	於見滅道所斷疑結不相應法有取結未斷。	In dharmas not associated with the fetter of doubt that are to be eliminated by the path of cessation and the path of insight, the fetter of clinging has not yet been eliminated.
['T27n1545_057:0297b05_5']	滅智已生道智未生於見道所斷疑結不相應法有取結未斷。	滅智已生道智未生於見道所斷疑結不相應法有取結未斷。	When the knowledge of cessation has arisen but the knowledge of the path has not yet arisen, in dharmas not associated with the fetter of doubt that are to be eliminated by the path of insight, the fetter of clinging has not yet been eliminated.
['T27n1545_057:0297b06_2']	此中見滅道所斷疑結不相應法者。	此中見滅道所斷疑結不相應法者。	Here, dharmas not associated with the fetter of doubt that are to be eliminated by the path of cessation and the path of insight refer to:
['T27n1545_057:0297b07_11']	謂彼疑自性及見取戒禁取貪瞋慢不共無明等聚相應不相應法。	謂彼疑自性及見取戒禁取貪瞋慢不共無明等聚相應不相應法。	The aggregates of doubt itself, the views of grasping, the views of precepts and observances, craving, hatred, pride, and the unique ignorance, whether associated or not associated with dharmas.
['T27n1545_057:0297b08_7']	於此諸法取結未斷故有取結繫。	於此諸法取結未斷故有取結繫。	Because the fetter of clinging has not yet been eliminated in these dharmas, there is binding by the fetter of clinging.
['T27n1545_057:0297b09_3']	彼於自聚為所緣繫及相應繫。	彼於自聚為所緣繫及相應繫。	They are bound by the fetter of clinging in their own aggregates through the binding of the object and through the binding of association.
['T27n1545_057:0297b09_16']	若於他聚為所緣繫非相應繫。	若於他聚為所緣繫非相應繫。	If it is a supporting object bond for another aggregate, it is not a corresponding bond.
['T27n1545_057:0297b10_3']	無疑結繫。	無疑結繫。	There is no doubt bond.
['T27n1545_057:0297b10_8']	所以者何。	所以者何。	Why is this?
['T27n1545_057:0297b11_2']	遍行疑結緣五部者彼已斷故。	遍行疑結緣五部者彼已斷故。	The pervasive doubt bond that takes the five categories as objects has already been eliminated.
['T27n1545_057:0297b11_15']	餘未斷者於此疑結不相應法。	餘未斷者於此疑結不相應法。	The remaining unabandoned ones are not corresponding dharmas of this doubt bond.
['T27n1545_057:0297b12_5']	非所緣繫無漏緣故。	非所緣繫無漏緣故。	They are not supporting object bonds because they have pure objects.
['T27n1545_057:0297b12_14']	非相應繫是他聚故。	非相應繫是他聚故。	They are not corresponding bonds because they belong to another aggregate.
['T27n1545_057:0297b13_6']	自性與自性不相應故。	自性與自性不相應故。	The intrinsic nature does not correspond with the intrinsic nature.
['T27n1545_057:0297b14_4']	若於此事有取結繫亦有嫉結繫耶。	若於此事有取結繫亦有嫉結繫耶。	If there is a bond of grasping on this matter, is there also a bond of jealousy?
['T27n1545_057:0297b14_10']	答應作四句。	答應作四句。	The answer is that four sentences should be made.
['T27n1545_057:0297b15_12']	此中取結通三界唯四部有漏緣通遍行非遍行。	此中取結通三界唯四部有漏緣通遍行非遍行。	Here, the bond of grasping is common to the three realms and only has four categories. It has contaminated objects, is common and not common.
['T27n1545_057:0297b16_9']	嫉結唯欲界修所斷有漏緣非遍行。	嫉結唯欲界修所斷有漏緣非遍行。	The bond of jealousy is only in the desire realm, eliminated by cultivation, has contaminated objects, and is not common.
['T27n1545_057:0297b17_3', 'T27n1545_057:0297b17_14']	諸具縛者於欲界修所斷事。🔽若有取結繫亦有嫉結繫。	諸具縛者於欲界修所斷事。 若有取結繫亦有嫉結繫。	Those who are fully bound, with regard to matters eliminated by cultivation in the desire realm,🔽if there is a bond of grasping, there is also a bond of jealousy.
['T27n1545_057:0297b18_7']	若有嫉結繫亦有取結繫。	若有嫉結繫亦有取結繫。	If there is a bond of jealousy, there is also a bond of grasping.
['T27n1545_057:0297b19_7']	於欲界見所斷四部事及色無色界五部事。	於欲界見所斷四部事及色無色界五部事。	The four types of objects abandoned by seeing in the desire realm, and the five types of objects in the form and formless realms.
['T27n1545_057:0297b19_16']	有取結繫無嫉結繫。	有取結繫無嫉結繫。	In the desire realm, one is bound by the fetter of grasping to the four types of objects abandoned by the path of seeing, and in the form and formless realms, one is bound by the fetter of grasping to the five types of objects.🔽One is not bound by the fetter of jealousy.
['T27n1545_057:0297b20_7']	不具縛者若未離欲染。	不具縛者若未離欲染。	Those who are not completely bound, if they have not yet abandoned desire realm attachment,
['T27n1545_057:0297b20_16']	苦智已生集智未生。	苦智已生集智未生。	and the cognition of suffering has arisen but the cognition of the cause of suffering has not yet arisen,
['T27n1545_057:0297b21_8']	於三界見所斷四部事。	於三界見所斷四部事。	in the three realms, one is bound by the fetter of grasping to the four types of objects abandoned by the path of seeing,
['T27n1545_057:0297b22_4']	及色無色界修所斷事有取結繫。	及色無色界修所斷事有取結繫。	and in the form and formless realms, one is bound by the fetter of grasping to the objects abandoned by the path of cultivation.
['T27n1545_057:0297b22_9']	無嫉結繫。	無嫉結繫。	One is not bound by the fetter of jealousy.
['T27n1545_057:0297b23_3']	於欲界修所斷事具二結繫。	於欲界修所斷事具二結繫。	In the desire realm, one is bound by both fetters to the objects abandoned by the path of cultivation.
['T27n1545_057:0297b23_14']	集智已生滅或道智未生。	集智已生滅或道智未生。	When the cognition of the cause of suffering has arisen but the cognition of cessation or the cognition of the path has not yet arisen,
['T27n1545_057:0297b24_3']	於欲界修所斷事。	於欲界修所斷事。	in the desire realm, one is bound by the fetter of jealousy to the objects abandoned by the path of cultivation.
['T27n1545_057:0297b24_12']	有嫉結繫無取結繫。	有嫉結繫無取結繫。	One is not bound by the fetter of grasping.
['T27n1545_057:0297b25_5']	於三界見滅或道所斷事。	於三界見滅或道所斷事。	In the three realms, one is bound by the fetter of grasping to the objects abandoned by the path of seeing cessation or the path,
['T27n1545_057:0297b25_14']	有取結繫無嫉結繫。	有取結繫無嫉結繫。	but is not bound by the fetter of jealousy.
['T27n1545_057:0297b26_10']	於三界見苦集所斷事無二結繫。	於三界見苦集所斷事無二結繫。	In the three realms, one is not bound by either fetter to the objects abandoned by the path of seeing suffering or the cause of suffering.
['T27n1545_057:0297b26_16']	若已離欲染。	若已離欲染。	If one has already abandoned desire realm attachment,
['T27n1545_057:0297b27_9']	於欲界五部事無二結繫。	於欲界五部事無二結繫。	in the desire realm, one is not bound by either fetter to the five types of objects.
['T27n1545_057:0297b28_6']	於色無色界五部事隨未離取結者。	於色無色界五部事隨未離取結者。	In the form and formless realms, one is bound by the fetter of grasping to the five types of objects as long as one has not yet abandoned the fetter of grasping.
['T27n1545_057:0297b29_9']	有取結繫無嫉結繫若已離取結者無二結繫。	有取結繫無嫉結繫若已離取結者無二結繫。	If one is bound by the fetter of grasping but not by the fetter of jealousy, then one is not bound by both fetters if one has already eliminated the fetter of grasping.
['T27n1545_057:0297c01_1']	此二互有長短義故。	此二互有長短義故。	This is because these two have the meaning of long and short.
['T27n1545_057:0297c01_10']	所問應作四句而答。	所問應作四句而答。	The question should be answered in four sentences.
['T27n1545_057:0297c02_2']	或有取結繫無嫉結繫。	或有取結繫無嫉結繫。	There may be one who is bound by the fetter of grasping but not by the fetter of jealousy.
['T27n1545_057:0297c02_11']	謂於欲界見所斷法。	謂於欲界見所斷法。	This refers to the dharmas to be eliminated by seeing in the desire realm.
['T27n1545_057:0297c03_6']	及於色無色界法有取結未斷。	及於色無色界法有取結未斷。	And to the dharmas in the form and formless realms where the fetter of grasping has not yet been eliminated.
['T27n1545_057:0297c04_5']	此中於欲界見所斷法有取結未斷者。	此中於欲界見所斷法有取結未斷者。	Here, as for the dharmas to be eliminated by seeing in the desire realm where the fetter of grasping has not yet been eliminated,
['T27n1545_057:0297c04_14']	或有四部取結未斷。	或有四部取結未斷。	there may be four parts of the fetter of grasping that have not yet been eliminated,
['T27n1545_057:0297c05_7']	乃至或有一部取結未斷。	乃至或有一部取結未斷。	up to there may be one part of the fetter of grasping that has not yet been eliminated.
['T27n1545_057:0297c06_3']	於色無色界法有取結未斷者。	於色無色界法有取結未斷者。	As for the dharmas in the form and formless realms where the fetter of grasping has not yet been eliminated,
['T27n1545_057:0297c06_12']	或有八地取結未斷。	或有八地取結未斷。	there may be eight stages of the fetter of grasping that have not yet been eliminated,
['T27n1545_057:0297c07_5']	乃至或有一地取結未斷。	乃至或有一地取結未斷。	up to there may be one stage of the fetter of grasping that has not yet been eliminated.
['T27n1545_057:0297c08_1']	於此地中或有四部取結未斷。	於此地中或有四部取結未斷。	Within this stage, there may be four parts of the fetter of grasping that have not yet been eliminated,
['T27n1545_057:0297c08_12']	乃至或有一部取結未斷。	乃至或有一部取結未斷。	up to there may be one part of the fetter of grasping that has not yet been eliminated.
['T27n1545_057:0297c09_11']	由未斷故有取結繫無嫉結繫所以者何。	由未斷故有取結繫無嫉結繫所以者何。	Because they have not yet been eliminated, one is bound by the fetter of grasping but not by the fetter of jealousy. The reason is as follows.
['T27n1545_057:0297c10_6']	見所斷部及上二界無嫉結故。	見所斷部及上二界無嫉結故。	Because the category of views to be eliminated and the two upper realms do not have the fetter of jealousy.
['T27n1545_057:0297c10_16']	或有嫉結繫無取結繫。	或有嫉結繫無取結繫。	There may be those bound by the fetter of jealousy but not bound by the fetter of grasping.
['T27n1545_057:0297c11_12']	謂未離欲染集智已生滅智未生。	謂未離欲染集智已生滅智未生。	Those who have not yet eliminated desire realm attachment, for whom the cognition of accumulation has arisen but the cognition of cessation has not yet arisen,
['T27n1545_057:0297c12_8']	於欲界修所斷法有嫉結未斷。	於欲界修所斷法有嫉結未斷。	have not yet eliminated the fetter of jealousy towards dharmas to be eliminated through cultivation in the desire realm.
['T27n1545_057:0297c13_12']	滅智已生道智未生於欲界修所斷法有嫉結未斷。	滅智已生道智未生於欲界修所斷法有嫉結未斷。	For those for whom the cognition of cessation has arisen but the cognition of the path has not yet arisen, they have not yet eliminated the fetter of jealousy towards dharmas to be eliminated through cultivation in the desire realm.
['T27n1545_057:0297c14_1', 'T27n1545_057:0297c14_6']	具見世尊弟子。🔽未離欲染。	具見世尊弟子。 未離欲染。	Fully seeing the World-Honored One's disciples,🔽who have not yet eliminated desire realm attachment,
['T27n1545_057:0297c15_1']	於欲界修所斷法有嫉結未斷。	於欲界修所斷法有嫉結未斷。	have not yet eliminated the fetter of jealousy towards dharmas to be eliminated through cultivation in the desire realm.
['T27n1545_057:0297c15_10']	此中或有九品未斷。	此中或有九品未斷。	Here, there may be nine grades that have not yet been eliminated,
['T27n1545_057:0297c16_1']	乃至或有一品未斷。	乃至或有一品未斷。	up to there may be one grade that has not yet been eliminated.
['T27n1545_057:0297c16_14']	由未斷故有嫉結繫無取結繫。	由未斷故有嫉結繫無取結繫。	Because they have not yet been eliminated, there is the fetter of jealousy but not the fetter of grasping.
['T27n1545_057:0297c17_1']	所以者何。	所以者何。	Why is this?
['T27n1545_057:0297c17_14']	遍行取結緣五部者彼已斷故。	遍行取結緣五部者彼已斷故。	Because the pervasive fetter of grasping that takes the five categories as objects has already been eliminated.
['T27n1545_057:0297c18_9']	餘未斷者於修所斷法不能為繫。	餘未斷者於修所斷法不能為繫。	The remaining uneliminated [fetters] cannot serve as fetters towards dharmas to be eliminated through cultivation.
['T27n1545_057:0297c18_14']	非所緣故。	非所緣故。	Because they are not the objects [of those fetters].
['T27n1545_057:0297c19_6']	修所斷部無取結故。	修所斷部無取結故。	Because there is no fetter of grasping in the category of dharmas to be eliminated through cultivation.
['T27n1545_057:0297c19_12']	或有二俱繫。	或有二俱繫。	There may be those bound by both [fetters].
['T27n1545_057:0297c20_10', 'T27n1545_057:0297c21_5']	謂具縛者於欲界修所斷法有二結繫。🔽此中具縛者於欲界修所斷法。	謂具縛者於欲界修所斷法有二結繫。 此中具縛者於欲界修所斷法。	It means that one who is bound by all fetters has two fetters that bind him to dharmas to be eliminated by cultivation in the desire realm.
['T27n1545_057:0297c21_17']	有二部取結繫一部嫉結繫。	有二部取結繫一部嫉結繫。	Here, one who is bound by all fetters has two parts of the fetter of grasping that bind him to dharmas to be eliminated by cultivation in the desire realm, and one part of the fetter of jealousy that bind him.
['T27n1545_057:0297c22_13']	復次未離欲染苦智已生集智未生。	復次未離欲染苦智已生集智未生。	Next, for one who has not yet eliminated desire, the knowledge of suffering has arisen but the knowledge of accumulation has not yet arisen,
['T27n1545_057:0297c23_8']	於欲界修所斷法有二結繫。	於欲界修所斷法有二結繫。	he has two fetters that bind him to dharmas to be eliminated by cultivation in the desire realm.
['T27n1545_057:0297c24_5']	此中未離欲染者或有九品未離。	此中未離欲染者或有九品未離。	Here, one who has not yet eliminated desire may have nine grades that have not yet been eliminated,
['T27n1545_057:0297c24_14']	乃至或有一品未離。	乃至或有一品未離。	up to one grade that has not yet been eliminated.
['T27n1545_057:0297c25_5']	彼苦智已生集智未生。	彼苦智已生集智未生。	His knowledge of suffering has arisen but the knowledge of accumulation has not yet arisen.
['T27n1545_057:0297c25_13']	於欲界修所斷法。	於欲界修所斷法。	With regard to dharmas to be eliminated by cultivation in the desire realm,
['T27n1545_057:0297c26_7']	有一部取結繫一部嫉結繫。	有一部取結繫一部嫉結繫。	he has one part of the fetter of grasping that binds him, and one part of the fetter of jealousy that binds him.
['T27n1545_057:0297c26_14']	或有二俱不繫。	或有二俱不繫。	Or there may be two that are not bound.
['T27n1545_057:0297c27_2']	謂未離欲染。	謂未離欲染。	It means one who has not yet eliminated desire,
['T27n1545_057:0297c27_11']	集智已生滅智未生。	集智已生滅智未生。	the knowledge of accumulation has arisen but the knowledge of cessation has not yet arisen,
['T27n1545_057:0297c28_1']	於見苦集所斷法。	於見苦集所斷法。	with regard to dharmas to be eliminated by seeing suffering and accumulation,
['T27n1545_057:0297c28_16']	及於色無色界修所斷法無二結繫。	及於色無色界修所斷法無二結繫。	and with regard to dharmas to be eliminated by cultivation in the form and formless realms, he is not bound by two fetters.
['T27n1545_057:0297c29_7']	滅智已生道智未生。	滅智已生道智未生。	The knowledge of cessation has arisen but the knowledge of the path has not yet arisen,
['T27n1545_057:0297c29_16']	於見苦集滅所斷法。	於見苦集滅所斷法。	In the case of dharmas to be eliminated by seeing suffering, origination, and cessation,
['T27n1545_057:0298a01_13']	及於色無色界修所斷法無二結繫。	及於色無色界修所斷法無二結繫。	and in the case of dharmas to be eliminated by cultivation in the form and formless realms, there is no bondage of two fetters.
['T27n1545_057:0298a02_2']	具見世尊弟子。	具見世尊弟子。	The fully seeing Bhagavān's disciples,
['T27n1545_057:0298a02_12']	未離欲染於見所斷法。	未離欲染於見所斷法。	who have not yet eliminated the defilements of desire, in the case of dharmas to be eliminated by seeing,
['T27n1545_057:0298a03_9']	及於色無色界修所斷法無二結繫。	及於色無色界修所斷法無二結繫。	and in the case of dharmas to be eliminated by cultivation in the form and formless realms, there is no bondage of two fetters.
['T27n1545_057:0298a04_5', 'T27n1545_057:0298a05_2']	已離欲染於欲界法無二結繫。🔽已離色染於欲色界法無二結繫。	已離欲染於欲界法無二結繫。 已離色染於欲色界法無二結繫。	Those who have already eliminated the defilements of desire, in the case of dharmas of the desire realm, there is no bondage of two fetters.🔽Those who have already eliminated the defilements of form, in the case of dharmas of the desire and form realms, there is no bondage of two fetters.
['T27n1545_057:0298a05_16']	已離無色染於三界法無二結繫。	已離無色染於三界法無二結繫。	Those who have already eliminated the defilements of the formless realm, in the case of dharmas of the three realms, there is no bondage of two fetters.
['T27n1545_057:0298a06_8']	此中或有已斷故不繫。	此中或有已斷故不繫。	Here, some are not bound because they have already been eliminated,
['T27n1545_057:0298a06_16']	或有本無故不繫。	或有本無故不繫。	while some are not bound because they have never existed.
['T27n1545_057:0298a07_8']	如對嫉結對慳結亦爾。	如對嫉結對慳結亦爾。	The case of the fetter of envy is the same as that of the fetter of stinginess.
['T27n1545_057:0298a08_10']	謂嫉與慳俱唯欲界修所斷有漏緣非遍行故。	謂嫉與慳俱唯欲界修所斷有漏緣非遍行故。	This is because envy and stinginess are both eliminated by cultivation in the desire realm, have contaminated objects, and are not universal.
['T27n1545_057:0298a10_1']	若於此事有嫉結繫亦有慳結繫耶答如是。	若於此事有嫉結繫亦有慳結繫耶答如是。	If there is bondage of the fetter of envy in this matter, is there also bondage of the fetter of stinginess? The answer is yes.
['T27n1545_057:0298a10_13']	設有慳結繫復有嫉結繫耶。	設有慳結繫復有嫉結繫耶。	If there is bondage of the fetter of stinginess, is there also bondage of the fetter of envy?
['T27n1545_057:0298a10_17']	答如是。	答如是。	The answer is yes.🔽Here is the corrected and aligned text:
['T27n1545_057:0298a11_11']	謂嫉慳結俱唯欲界修所斷故。	謂嫉慳結俱唯欲界修所斷故。	This is because both the fetters of jealousy and stinginess are only eliminated by cultivation in the desire realm.
['T27n1545_057:0298a12_2']	所問應作如是句答。	所問應作如是句答。	The question should be answered in this way.
['T27n1545_057:0298a13_2']	若未離欲染於欲界修所斷法具二結繫。	若未離欲染於欲界修所斷法具二結繫。	If one has not yet eliminated desire, one is bound by both fetters to the dharmas eliminated by cultivation in the desire realm.
['T27n1545_057:0298a13_10']	於三界見所斷法。	於三界見所斷法。	As for the dharmas eliminated by insight in the three realms,
['T27n1545_057:0298a15_3']	及色無色界修所斷法無二結繫已離欲染於三界一切法無二結繫。	及色無色界修所斷法無二結繫已離欲染於三界一切法無二結繫。	and the dharmas eliminated by cultivation in the form and formless realms, one is not bound by both fetters. Having already eliminated desire, one is not bound by both fetters to any dharmas in the three realms.
['T27n1545_057:0298a15_12']	長短相似故言如是。	長短相似故言如是。	Because they are similar in being long and short, it is said to be like this.
['T27n1545_057:0298a16_8']	問嫉結依他而轉慳結依自而轉。	問嫉結依他而轉慳結依自而轉。	The question is, the fetter of jealousy arises based on others, while the fetter of stinginess arises based on oneself.
['T27n1545_057:0298a17_1']	何緣互相問俱答如是耶。	何緣互相問俱答如是耶。	Why do they ask about each other and answer like this?
['T27n1545_057:0298a17_6']	有作是說。	有作是說。	Some say:
['T27n1545_057:0298a17_16']	嫉結於他能緣亦現起。	嫉結於他能緣亦現起。	The fetter of jealousy can also arise based on others,
['T27n1545_057:0298a18_5']	於自能緣不現起。	於自能緣不現起。	but it does not arise based on oneself.
['T27n1545_057:0298a18_15']	慳結於自能緣亦現起。	慳結於自能緣亦現起。	The fetter of stinginess can arise based on oneself,
['T27n1545_057:0298a19_5']	於他能緣不現起。	於他能緣不現起。	but it does not arise based on others.
['T27n1545_057:0298a19_14']	此據能緣故言如是。	此據能緣故言如是。	This is said to be like this based on what can be grasped.
['T27n1545_057:0298a20_1']	復有說者。	復有說者。	There are also those who say:
['T27n1545_057:0298a20_10']	此二俱緣自他而起。	此二俱緣自他而起。	These two arise based on both oneself and others.
['T27n1545_057:0298a21_2']	問嫉結緣他而起可爾。	問嫉結緣他而起可爾。	The question is, it is possible for the fetter of jealousy to arise based on others,
['T27n1545_057:0298a21_9']	緣自而起云何。	緣自而起云何。	How does it arise in relation to oneself?
['T27n1545_057:0298a22_5']	答如有施主為二苾芻作資生具。	答如有施主為二苾芻作資生具。	Answer: It is like a patron providing necessities for two bhikṣus.
['T27n1545_057:0298a22_14']	一則成好一不成好。	一則成好一不成好。	One is well-made, the other is not well-made.
['T27n1545_057:0298a23_5']	不成好者見而生嫉。	不成好者見而生嫉。	The one who is not well-made sees and gives rise to jealousy.
['T27n1545_057:0298a23_10']	作是念言。	作是念言。	He thinks like this:
['T27n1545_057:0298a24_5']	彼資生具如我所得豈不快哉。	彼資生具如我所得豈不快哉。	Wouldn't it be great if those necessities were obtained by me!
['T27n1545_057:0298a24_14']	此嫉亦能緣自而起。	此嫉亦能緣自而起。	This jealousy can also arise in relation to oneself.
['T27n1545_057:0298a25_6']	問慳結緣自而起可爾。	問慳結緣自而起可爾。	Question: It is possible for the fetter of stinginess to arise in relation to oneself.
['T27n1545_057:0298a25_13']	緣他而起云何。	緣他而起云何。	How does it arise in relation to others?
['T27n1545_057:0298a26_5']	答如有一類見他施時。	答如有一類見他施時。	Answer: It is like a certain type of person who, when seeing others giving,
['T27n1545_057:0298a26_14']	便起慳心作如是念。	便起慳心作如是念。	gives rise to a stingy mind and thinks like this:
['T27n1545_057:0298a27_6']	彼人何用施他物為。	彼人何用施他物為。	What use is it for that person to give things to others?
['T27n1545_057:0298a27_15']	然所施物自全無分。	然所施物自全無分。	However, the things that are given are completely not his own.
['T27n1545_057:0298a28_7']	此慳亦能緣他而起故。	此慳亦能緣他而起故。	This stinginess can also arise in relation to others. Therefore,
['T27n1545_057:0298a28_15']	答如是於理無違。	答如是於理無違。	Answer: This is in accord with reason and without contradiction.🔽Here is the corrected and aligned text:
['T27n1545_057:0298a29_100']	說一切有部發智大毘婆沙論卷第五十七	說一切有部發智大毘婆沙論卷第五十七	Sarvâstivāda Abhidharma-mahāvibhāṣā-śāstra, fascicle 57
