segmentnr	original	analyzed	translated
['T27n1545_086:0442b21_0']	阿毘達磨大毘婆沙論卷第八十	阿毘達磨大毘婆沙論卷第八十	Abhidharma-mahāvibhāṣā-śāstra, fascicle 80
['T27n1545_086:0442b22_0']	六	六	six
['T27n1545_086:0442b24_0']	五百大阿羅漢等造	五百大阿羅漢等造	composed by 500 great arhats and others
['T27n1545_086:0442b27_2']	三藏法師玄奘奉　詔譯16結蘊第二中十門納息第四之十六眼根。	三藏法師玄奘奉　詔譯16結蘊第二中十門納息第四之十六眼根。	tripiṭaka master Xuanzang respectfully received
['T27n1545_086:0442b27_15']	乃至無色界修所斷無明隨眠。	乃至無色界修所斷無明隨眠。	up to the ignorance latent tendencies to be eliminated by cultivation in the formless realm.
['T27n1545_086:0442b28_4']	於九十八隨眠中。	於九十八隨眠中。	Among the ninety-eight latent tendencies,
['T27n1545_086:0442b28_14']	一一有幾隨眠隨增耶。	一一有幾隨眠隨增耶。	how many latent tendencies increase for each one?
['T27n1545_086:0442b29_3']	問何故作此論。	問何故作此論。	Why is this treatise composed?
['T27n1545_086:0442b29_13']	答為依前章顯門義故。	答為依前章顯門義故。	The answer is: in order to reveal the meaning of the chapters based on the previous ones.
['T27n1545_086:0442c01_13']	謂依前說四十二章顯隨眠等十種門義。	謂依前說四十二章顯隨眠等十種門義。	That is, based on the previously explained forty-two chapters, it reveals the meaning of the ten kinds of chapters such as the latent tendencies and so forth.
['T27n1545_086:0442c02_7']	復次為止他宗顯正理故。	復次為止他宗顯正理故。	Furthermore, in order to stop other schools and reveal the correct principle.
['T27n1545_086:0442c02_12']	謂或有執。	謂或有執。	That is, some hold the view
['T27n1545_086:0442c03_7']	無學身中眼根等法亦是無漏。	無學身中眼根等法亦是無漏。	that the eye faculties and other dharmas in the body of a post-learner are also uncontaminated.
['T27n1545_086:0442c04_11']	為遮彼執顯眼根等唯是有漏是諸隨眠所隨增故。	為遮彼執顯眼根等唯是有漏是諸隨眠所隨增故。	In order to refute this view and show that the eye faculties and so forth are only contaminated, because they are increased by the latent tendencies.
['T27n1545_086:0442c04_16']	或復有執。	或復有執。	Or, some hold the view
['T27n1545_086:0442c05_7']	煩惱顛倒無實所緣。	煩惱顛倒無實所緣。	that the afflictions and inversions have no real objects.
['T27n1545_086:0442c06_3']	為遮彼執顯諸煩惱有實所緣。	為遮彼執顯諸煩惱有實所緣。	In order to refute this view and show that the afflictions have real objects.
['T27n1545_086:0442c06_8']	或復有執。	或復有執。	Or, some hold the view
['T27n1545_086:0442c06_17']	無有所緣相應縛義。	無有所緣相應縛義。	There is no meaning of bondage through association with objects.
['T27n1545_086:0442c07_7']	若於所緣有縛義者。	若於所緣有縛義者。	If there were a meaning of bondage with regard to objects,
['T27n1545_086:0442c07_16']	緣無漏法應有縛義。	緣無漏法應有縛義。	then one would be bound by taking the uncontaminated dharmas as objects.
['T27n1545_086:0442c08_8']	若於相應有縛義者。	若於相應有縛義者。	If there were a meaning of bondage through association,
['T27n1545_086:0442c09_1']	彼得斷已亦應有縛。	彼得斷已亦應有縛。	then even after one has eliminated them, one would still be bound.
['T27n1545_086:0442c09_14']	為遮彼執顯有所緣相應縛義。	為遮彼執顯有所緣相應縛義。	In order to refute this view, it is shown that there is a meaning of bondage through association with objects.
['T27n1545_086:0442c10_1']	所緣縛者。	所緣縛者。	As for bondage through objects,
['T27n1545_086:0442c10_14']	唯於有漏隨眠緣彼必隨增故。	唯於有漏隨眠緣彼必隨增故。	it only exists with regard to the contaminated, because the latent afflictions necessarily increase when they take them as objects.
['T27n1545_086:0442c11_9']	雖緣無漏而不隨增故無縛義。	雖緣無漏而不隨增故無縛義。	Even though one takes the uncontaminated as objects, they do not increase, and therefore there is no meaning of bondage.
['T27n1545_086:0442c11_14']	相應縛者。	相應縛者。	As for bondage through association,
['T27n1545_086:0442c12_5']	要彼相應煩惱未斷。	要彼相應煩惱未斷。	it is necessary that the associated afflictions have not yet been eliminated.
['T27n1545_086:0442c13_1']	煩惱斷已雖有相應而無縛義。	煩惱斷已雖有相應而無縛義。	Even though there is association after the afflictions have been eliminated, there is no meaning of bondage.
['T27n1545_086:0442c14_4']	復次為遮有縛而於自身起增上慢謂已解脫。	復次為遮有縛而於自身起增上慢謂已解脫。	Moreover, in order to refute those who are bound but who give rise to the conceit of superiority, thinking they are liberated,
['T27n1545_086:0442c14_13']	謂彼暫時伏諸煩惱。	謂彼暫時伏諸煩惱。	it is said that they temporarily subdue the afflictions,
['T27n1545_086:0442c15_4']	而稱自身已得解脫。	而稱自身已得解脫。	but they claim that they have attained liberation for themselves.
['T27n1545_086:0442c16_4']	欲令彼知於自眼等猶有貪等隨眠隨增。	欲令彼知於自眼等猶有貪等隨眠隨增。	One wants to make them understand that even with regard to their own eyes, etc., there are still latent afflictions such as craving that increase.🔽Moreover, in order to extensively discriminate the meaning of the sutras,
['T27n1545_086:0442c16_15']	復次為廣分別契經義故。	復次為廣分別契經義故。	.Here is the corrected and aligned text:
['T27n1545_086:0442c18_5']	謂契經中說眼根等有諸貪等隨眠隨增雖有此言不廣分別。	謂契經中說眼根等有諸貪等隨眠隨增雖有此言不廣分別。	That is, a sutra says that in the eye faculty and so forth, various latent afflictions increase. Although this is said, it is not extensively distinguished.
['T27n1545_086:0442c18_14']	今欲分別故作斯論。	今欲分別故作斯論。	Now, in order to distinguish, this treatise is composed.
['T27n1545_086:0442c19_8']	應知此中有五部法。	應知此中有五部法。	It should be known that there are five categories of dharmas here.
['T27n1545_086:0442c19_17']	即為五部隨眠隨增。	即為五部隨眠隨增。	They are the five categories of latent afflictions that increase.
['T27n1545_086:0442c20_4']	五部法者。	五部法者。	As for the five categories of dharmas,
['T27n1545_086:0442c20_17']	謂見苦所斷法乃至修所斷法。	謂見苦所斷法乃至修所斷法。	they refer to dharmas that are to be eliminated by seeing suffering, up to dharmas that are to be eliminated by cultivation.
['T27n1545_086:0442c21_7']	五部隨眠應知亦爾。	五部隨眠應知亦爾。	It should be known that the five categories of latent afflictions are also like this.
['T27n1545_086:0442c22_6']	此中見苦所斷法為見苦所斷一切隨眠。	此中見苦所斷法為見苦所斷一切隨眠。	Here, dharmas that are to be eliminated by seeing suffering are followed and increased by all latent afflictions that are to be eliminated by seeing suffering,
['T27n1545_086:0442c23_2']	及見集所斷遍行隨眠之所隨增。	及見集所斷遍行隨眠之所隨增。	and by the universal latent afflictions that are to be eliminated by seeing the arising of suffering.
['T27n1545_086:0442c23_17']	見集所斷法為見集所斷一切隨眠。	見集所斷法為見集所斷一切隨眠。	Dharmas that are to be eliminated by seeing the arising of suffering are followed and increased by all latent afflictions that are to be eliminated by seeing the arising of suffering,
['T27n1545_086:0442c24_12']	及見苦所斷遍行隨眠之所隨增。	及見苦所斷遍行隨眠之所隨增。	and by the universal latent afflictions that are to be eliminated by seeing suffering.
['T27n1545_086:0442c25_9']	見滅所斷法為見滅所斷一切隨眠。	見滅所斷法為見滅所斷一切隨眠。	Dharmas that are to be eliminated by seeing the cessation of suffering are followed and increased by all latent afflictions that are to be eliminated by seeing the cessation of suffering,
['T27n1545_086:0442c26_1']	及遍行隨眠之所隨增。	及遍行隨眠之所隨增。	and by the universal latent afflictions.
['T27n1545_086:0442c26_16']	見道所斷法為見道所斷一切隨眠。	見道所斷法為見道所斷一切隨眠。	Dharmas that are to be eliminated by seeing the path are followed and increased by all latent afflictions that are to be eliminated by seeing the path,🔽and by the universal latent afflictions.
['T27n1545_086:0442c27_7']	及遍行隨眠之所隨增。	及遍行隨眠之所隨增。	and the pervasive latent afflictions that increase with it.
['T27n1545_086:0442c28_2']	修所斷法為修所斷一切隨眠。	修所斷法為修所斷一切隨眠。	The dharmas to be eliminated by cultivation are increased by all the latent afflictions to be eliminated by cultivation,
['T27n1545_086:0442c28_12']	及遍行隨眠之所隨增。	及遍行隨眠之所隨增。	and the pervasive latent afflictions that increase with it.
['T27n1545_086:0442c29_1']	復次有十種法。	復次有十種法。	Next, there are ten kinds of dharmas,
['T27n1545_086:0442c29_10']	復為九種隨眠隨增。	復為九種隨眠隨增。	which are increased by nine kinds of latent afflictions.
['T27n1545_086:0442c29_15']	十種法者。	十種法者。	The ten kinds of dharmas are:
['T27n1545_086:0443a01_9']	謂見苦集滅道所斷各有二種法。	謂見苦集滅道所斷各有二種法。	The dharmas to be eliminated by seeing suffering, origination, cessation, and the path, each have two kinds:
['T27n1545_086:0443a01_13']	一相應。	一相應。	The first is associated,
['T27n1545_086:0443a01_18']	二不相應。	二不相應。	and the second is not associated.
['T27n1545_086:0443a02_7']	修所斷亦有二種法。	修所斷亦有二種法。	The dharmas to be eliminated by cultivation also have two kinds:
['T27n1545_086:0443a02_11']	一染污。	一染污。	The first is defiled,
['T27n1545_086:0443a02_16']	二不染污。	二不染污。	and the second is undefiled.
['T27n1545_086:0443a03_2']	九種隨眠者。	九種隨眠者。	The nine kinds of latent afflictions are:
['T27n1545_086:0443a03_15']	謂見苦集所斷隨眠各有二種。	謂見苦集所斷隨眠各有二種。	The latent afflictions to be eliminated by seeing suffering and origination each have two kinds:
['T27n1545_086:0443a03_19']	一遍行。	一遍行。	The first is pervasive,
['T27n1545_086:0443a04_4']	二不遍行。	二不遍行。	and the second is not pervasive.
['T27n1545_086:0443a04_16']	見滅道所斷隨眠各有二種。	見滅道所斷隨眠各有二種。	The latent afflictions to be eliminated by seeing cessation and the path each have two kinds:
['T27n1545_086:0443a05_2']	一有漏緣。	一有漏緣。	The first is with contaminated objects,
['T27n1545_086:0443a05_7']	二無漏緣。	二無漏緣。	and the second is with uncontaminated objects.
['T27n1545_086:0443a05_14']	及修所斷隨眠。	及修所斷隨眠。	And the latent afflictions to be eliminated by cultivation,
['T27n1545_086:0443a05_19']	總為九種。	總為九種。	are collectively nine kinds.
['T27n1545_086:0443a06_9']	此中見苦所斷相應法。	此中見苦所斷相應法。	Among them, the associated dharmas to be eliminated by seeing suffering,
['T27n1545_086:0443a07_14']	為見苦所斷一切隨眠及見集所斷遍行隨眠之所隨增。	為見苦所斷一切隨眠及見集所斷遍行隨眠之所隨增。	It is increased by all the latent afflictions eliminated by seeing suffering and by the pervasive latent afflictions eliminated by seeing the origin.
['T27n1545_086:0443a07_18']	自部者。	自部者。	As for the same category,
['T27n1545_086:0443a08_10']	隨其所應有所緣相應縛。	隨其所應有所緣相應縛。	according to circumstances, there is the bondage of the object and the bondage of association.
['T27n1545_086:0443a08_14']	他部者。	他部者。	As for the other categories,
['T27n1545_086:0443a09_2']	唯有所緣縛。	唯有所緣縛。	there is only the bondage of the object.
['T27n1545_086:0443a09_11', 'T27n1545_086:0443a10_2']	見苦所斷不相應法。🔽為見苦所斷一切隨眠。	見苦所斷不相應法。 為見苦所斷一切隨眠。	The dharmas not associated with the eliminated by seeing suffering🔽are increased by all the latent afflictions eliminated by seeing suffering
['T27n1545_086:0443a10_16']	及見集所斷遍行隨眠之所隨增。	及見集所斷遍行隨眠之所隨增。	and by the pervasive latent afflictions eliminated by seeing the origin.
['T27n1545_086:0443a11_4', 'T27n1545_086:0443a12_3']	皆唯有所緣縛。🔽見集所斷相應法為見集所斷一切隨眠。	皆唯有所緣縛。 見集所斷相應法為見集所斷一切隨眠。	They are all only bound by the bondage of the object.🔽The associated dharmas eliminated by seeing the origin are increased by all the latent afflictions eliminated by seeing the origin
['T27n1545_086:0443a12_17']	及見苦所斷遍行隨眠之所隨增。	及見苦所斷遍行隨眠之所隨增。	and by the pervasive latent afflictions eliminated by seeing suffering.
['T27n1545_086:0443a13_2']	自部者。	自部者。	As for the same category,
['T27n1545_086:0443a13_13']	隨其所應有所緣相應縛。	隨其所應有所緣相應縛。	according to circumstances, there is the bondage of the object and the bondage of association.
['T27n1545_086:0443a13_17']	他部者。	他部者。	As for the other categories,
['T27n1545_086:0443a14_4']	唯有所緣縛。	唯有所緣縛。	there is only the bondage of the object.
['T27n1545_086:0443a14_13']	見集所斷不相應法。	見集所斷不相應法。	The dharmas not associated with the eliminated by seeing the origin
['T27n1545_086:0443a15_4']	為見集所斷一切隨眠。	為見集所斷一切隨眠。	are increased by all the latent afflictions eliminated by seeing the origin🔽and
['T27n1545_086:0443a16_6']	及見苦所斷遍行隨眠之所隨增皆唯有所緣縛。	及見苦所斷遍行隨眠之所隨增皆唯有所緣縛。	And the pervasive contaminants to be eliminated by [the path of] vision of suffering that increase in association with them are only bound by the object.
['T27n1545_086:0443a16_14', 'T27n1545_086:0443a17_5']	見滅所斷相應法。🔽為見滅所斷一切隨眠。	見滅所斷相應法。 為見滅所斷一切隨眠。	The associated dharmas to be eliminated by [the path of] vision of cessation,🔽are increased by all the contaminants to be eliminated by [the path of] vision of cessation,
['T27n1545_086:0443a17_15']	及遍行隨眠之所隨增。	及遍行隨眠之所隨增。	and by the pervasive contaminants.
['T27n1545_086:0443a18_3']	自部有漏緣者。	自部有漏緣者。	Those of one's own category that have impure objects,
['T27n1545_086:0443a18_14']	隨其所應有所緣相應縛。	隨其所應有所緣相應縛。	according to what is appropriate, are bound by the object and by association.
['T27n1545_086:0443a19_1']	無漏緣者。	無漏緣者。	Those with pure objects,
['T27n1545_086:0443a19_7']	唯有相應縛。	唯有相應縛。	only have the bond of association.
['T27n1545_086:0443a19_11']	他部者。	他部者。	Those of other categories,
['T27n1545_086:0443a19_17']	唯有所緣縛。	唯有所緣縛。	only have the bond of the object.
['T27n1545_086:0443a20_7', 'T27n1545_086:0443a20_18']	見滅所斷不相應法。🔽為見滅所斷有漏緣隨眠。	見滅所斷不相應法。 為見滅所斷有漏緣隨眠。	The disassociated dharmas to be eliminated by [the path of] vision of cessation,🔽are increased by the contaminants with impure objects to be eliminated by [the path of] vision of cessation,
['T27n1545_086:0443a21_9']	及遍行隨眠之所隨增。	及遍行隨眠之所隨增。	and by the pervasive contaminants.
['T27n1545_086:0443a21_16']	皆唯有所緣縛。	皆唯有所緣縛。	They are all only bound by the object.
['T27n1545_086:0443a22_5', 'T27n1545_086:0443a22_15']	見道所斷相應法。🔽為見道所斷一切隨眠。	見道所斷相應法。 為見道所斷一切隨眠。	The associated dharmas to be eliminated by [the path of] vision of the path,🔽are increased by all the contaminants to be eliminated by [the path of] vision of the path,
['T27n1545_086:0443a23_6']	及遍行隨眠之所隨增。	及遍行隨眠之所隨增。	and by the pervasive contaminants.
['T27n1545_086:0443a23_13']	自部有漏緣者。	自部有漏緣者。	Those of one's own category that have impure objects,
['T27n1545_086:0443a24_6']	隨其所應有所緣相應縛。	隨其所應有所緣相應縛。	according to what is appropriate, are bound by the object and by association.
['T27n1545_086:0443a24_11']	無漏緣者。	無漏緣者。	Those with pure objects,
['T27n1545_086:0443a24_17']	唯有相應縛。	唯有相應縛。	There is only the bond of association.
['T27n1545_086:0443a25_2']	他部者。	他部者。	As for the other categories,
['T27n1545_086:0443a25_8']	唯有所緣縛。	唯有所緣縛。	there is only the bond of the object.
['T27n1545_086:0443a25_17', 'T27n1545_086:0443a26_9']	見道所斷不相應法。🔽為見道所斷有漏緣隨眠。	見道所斷不相應法。 為見道所斷有漏緣隨眠。	The dissociated dharmas eliminated by the path of seeing,🔽are increased by the contaminants eliminated by the path of seeing that have impure objects,
['T27n1545_086:0443a27_1']	及遍行隨眠之所隨增。	及遍行隨眠之所隨增。	and by the universal contaminants.
['T27n1545_086:0443a27_8']	皆唯有所緣縛。	皆唯有所緣縛。	They are all only the bond of the object.
['T27n1545_086:0443a27_15', 'T27n1545_086:0443a28_5']	修所斷染污法。🔽為修所斷一切隨眠。	修所斷染污法。 為修所斷一切隨眠。	The defiled dharmas eliminated by cultivation,🔽are increased by all the contaminants eliminated by cultivation,
['T27n1545_086:0443a28_15']	及遍行隨眠之所隨增。	及遍行隨眠之所隨增。	and by the universal contaminants.
['T27n1545_086:0443a29_10']	自部者隨其所應有所緣相應縛。	自部者隨其所應有所緣相應縛。	As appropriate, the same category [of dharmas] is the bond of the object and the bond of association.
['T27n1545_086:0443b01_2']	他部者唯有所緣縛。	他部者唯有所緣縛。	As for the other categories, there is only the bond of the object.
['T27n1545_086:0443b01_10', 'T27n1545_086:0443b01_19']	修所斷不染污法。🔽為修所斷一切隨眠。	修所斷不染污法。 為修所斷一切隨眠。	The undefiled dharmas eliminated by cultivation,🔽are increased by all the contaminants eliminated by cultivation,
['T27n1545_086:0443b02_9']	及遍行隨眠之所隨增。	及遍行隨眠之所隨增。	and by the universal contaminants.
['T27n1545_086:0443b02_16']	皆唯有所緣縛。	皆唯有所緣縛。	They are all only the bond of the object.
['T27n1545_086:0443b03_11']	應知此中見苦所斷遍行隨眠。	應知此中見苦所斷遍行隨眠。	It should be known that here, the universal contaminants eliminated by seeing suffering,
['T27n1545_086:0443b04_6']	於見苦所斷遍行隨眠相應法。	於見苦所斷遍行隨眠相應法。	with regard to the dharmas associated with the universal contaminants eliminated by seeing suffering,
['T27n1545_086:0443b04_17']	隨其所應為所緣相應縛。	隨其所應為所緣相應縛。	as appropriate, are the bond of the object and the bond of association.
['T27n1545_086:0443b05_12']	於餘自地自部他部諸有漏法。	於餘自地自部他部諸有漏法。	In the other [realms] of one's own stage, in the dharmas of one's own and other categories,
['T27n1545_086:0443b05_18']	但為所緣縛。	但為所緣縛。	it only serves as the bond of the object.
['T27n1545_086:0443b06_9']	見苦所斷不遍行隨眠。	見苦所斷不遍行隨眠。	The latent afflictions to be eliminated by insight into suffering, which are not universal,
['T27n1545_086:0443b07_5']	於見苦所斷不遍行隨眠相應法。	於見苦所斷不遍行隨眠相應法。	in the dharmas associated with the latent afflictions to be eliminated by insight into suffering, which are not universal,
['T27n1545_086:0443b07_16']	隨其所應為所緣相應縛。	隨其所應為所緣相應縛。	according to what is appropriate, serve as the bond of the object and the bond of association.
['T27n1545_086:0443b08_11']	於餘自地自部他部諸有漏法。	於餘自地自部他部諸有漏法。	In the other [realms] of one's own stage, in the dharmas of one's own and other categories,
['T27n1545_086:0443b08_17', 'T27n1545_086:0443b09_7']	但為所緣縛。🔽見集所斷遍行隨眠。	但為所緣縛。 見集所斷遍行隨眠。	it only serves as the bond of the object.🔽The universal latent afflictions to be eliminated by insight into the origin [of suffering],
['T27n1545_086:0443b10_2']	於見集所斷遍行隨眠相應法。	於見集所斷遍行隨眠相應法。	in the dharmas associated with the universal latent afflictions to be eliminated by insight into the origin [of suffering],
['T27n1545_086:0443b10_13']	隨其所應為所緣相應縛。	隨其所應為所緣相應縛。	according to what is appropriate, serve as the bond of the object and the bond of association.
['T27n1545_086:0443b11_13']	於餘自地自部他部諸有漏法但為所緣縛。	於餘自地自部他部諸有漏法但為所緣縛。	In the other [realms] of one's own stage, in the dharmas of one's own and other categories, it only serves as the bond of the object.
['T27n1545_086:0443b12_5']	見集所斷不遍行隨眠。	見集所斷不遍行隨眠。	The latent afflictions to be eliminated by insight into the origin [of suffering], which are not universal,
['T27n1545_086:0443b13_1']	於見集所斷不遍行隨眠相應法。	於見集所斷不遍行隨眠相應法。	in the dharmas associated with the latent afflictions to be eliminated by insight into the origin [of suffering], which are not universal,
['T27n1545_086:0443b13_12']	隨其所應為所緣相應縛。	隨其所應為所緣相應縛。	according to what is appropriate, serve as the bond of the object and the bond of association.
['T27n1545_086:0443b14_5']	於餘自地自部諸有漏法。	於餘自地自部諸有漏法。	In the other [realms] of one's own stage, in the defiled dharmas of one's own category,
['T27n1545_086:0443b14_11']	但為所緣縛。	但為所緣縛。	it only serves as the bond of the object.
['T27n1545_086:0443b15_2']	見滅所斷有漏緣隨眠。	見滅所斷有漏緣隨眠。	The contaminants to be eliminated by the path of seeing cessation have contaminated objects as their objects.
['T27n1545_086:0443b15_16']	於見滅所斷有漏緣隨眠相應法。	於見滅所斷有漏緣隨眠相應法。	In the dharmas associated with the contaminants to be eliminated by the path of seeing cessation that have contaminated objects as their objects,
['T27n1545_086:0443b16_8']	隨其所應為所緣相應縛。	隨其所應為所緣相應縛。	they are the bonds of objects and bonds of association as appropriate.
['T27n1545_086:0443b17_1']	於餘自地自部諸有漏法。	於餘自地自部諸有漏法。	In the other contaminated dharmas of their own stage and class,
['T27n1545_086:0443b17_7', 'T27n1545_086:0443b17_17']	但為所緣縛。🔽見滅所斷無漏緣隨眠。	但為所緣縛。 見滅所斷無漏緣隨眠。	they are only the bonds of objects.🔽The contaminants to be eliminated by the path of seeing cessation that have pure objects as their objects,
['T27n1545_086:0443b18_12']	於見滅所斷無漏緣隨眠相應法。	於見滅所斷無漏緣隨眠相應法。	in the dharmas associated with the contaminants to be eliminated by the path of seeing cessation that have pure objects as their objects,
['T27n1545_086:0443b19_4', 'T27n1545_086:0443b19_14']	隨其所應但為相應縛。🔽見道所斷有漏緣隨眠。	隨其所應但為相應縛。 見道所斷有漏緣隨眠。	they are only the bonds of association as appropriate.🔽The contaminants to be eliminated by the path of seeing the truth of the path have contaminated objects as their objects.
['T27n1545_086:0443b20_9']	於見道所斷有漏緣隨眠相應法。	於見道所斷有漏緣隨眠相應法。	In the dharmas associated with the contaminants to be eliminated by the path of seeing the truth of the path that have contaminated objects as their objects,
['T27n1545_086:0443b21_2']	隨其所應有所緣相應縛。	隨其所應有所緣相應縛。	they are the bonds of objects and bonds of association as appropriate.
['T27n1545_086:0443b21_13']	於餘自地自部諸有漏法。	於餘自地自部諸有漏法。	In the other contaminated dharmas of their own stage and class,
['T27n1545_086:0443b22_10']	但為所緣縛見道所斷無漏緣隨眠。	但為所緣縛見道所斷無漏緣隨眠。	they are only the bonds of objects. The contaminants to be eliminated by the path of seeing the truth of the path that have pure objects as their objects,
['T27n1545_086:0443b23_6']	於見道所斷無漏緣隨眠相應法。	於見道所斷無漏緣隨眠相應法。	in the dharmas associated with the contaminants to be eliminated by the path of seeing the truth of the path that have pure objects as their objects,
['T27n1545_086:0443b23_12', 'T27n1545_086:0443b23_18']	但為相應縛。🔽修所斷隨眠。	但為相應縛。 修所斷隨眠。	they are only the bonds of association.🔽The contaminants to be eliminated by cultivation,
['T27n1545_086:0443b24_9']	於修所斷隨眠相應法。	於修所斷隨眠相應法。	in the dharmas associated with the contaminants to be eliminated by cultivation,
['T27n1545_086:0443b25_3']	隨其所應為所緣相應縛。	隨其所應為所緣相應縛。	According to what is appropriate, they are bound by the object and association.
['T27n1545_086:0443b25_14']	於餘自地自部諸有漏法。	於餘自地自部諸有漏法。	In the remaining self-grounds and self-categories of contaminated dharmas,
['T27n1545_086:0443b26_1']	但為所緣縛。	但為所緣縛。	they are only bound by the object.
['T27n1545_086:0443b27_8']	復次有四十一種法。	復次有四十一種法。	Next, there are forty-one kinds of dharmas.
['T27n1545_086:0443b28_1']	復為三十六種隨眠隨增。	復為三十六種隨眠隨增。	They are further increased by thirty-six kinds of latent afflictions.
['T27n1545_086:0443b28_8']	四十一種法者。	四十一種法者。	The forty-one kinds of dharmas are:
['T27n1545_086:0443b28_18']	謂見苦所斷有十一法。	謂見苦所斷有十一法。	There are eleven dharmas to be eliminated by seeing suffering.
['T27n1545_086:0443b29_3']	即十隨眠。	即十隨眠。	They are the ten latent afflictions,
['T27n1545_086:0443b29_7', 'T27n1545_086:0443b29_12']	相應法。🔽并不相應。	相應法。 并不相應。	the associated dharmas,🔽and the dissociated dharmas,
['T27n1545_086:0443b29_17']	法為十一。	法為十一。	making eleven.
['T27n1545_086:0443c01_5']	見集所斷有八法。	見集所斷有八法。	There are eight dharmas to be eliminated by seeing the cause.
['T27n1545_086:0443c01_13']	即七隨眠相應法。	即七隨眠相應法。	They are the seven latent afflictions and the associated dharmas,
['T27n1545_086:0443c02_2']	并不相應法為八。	并不相應法為八。	and the dissociated dharmas, making eight.
['T27n1545_086:0443c02_9']	見滅所斷亦爾。	見滅所斷亦爾。	Elimination by seeing cessation is also like this.
['T27n1545_086:0443c02_17']	見道所斷有九法。	見道所斷有九法。	There are nine dharmas to be eliminated by seeing the path.
['T27n1545_086:0443c03_6']	即八隨眠相應法。	即八隨眠相應法。	They are the eight latent afflictions and the associated dharmas,
['T27n1545_086:0443c03_14']	并不相應法為九。	并不相應法為九。	and the dissociated dharmas, making nine.
['T27n1545_086:0443c04_2']	修所斷有五法。	修所斷有五法。	There are five dharmas to be eliminated by cultivation.
['T27n1545_086:0443c04_10']	即四隨眠相應法。	即四隨眠相應法。	They are the four latent afflictions and the associated dharmas,
['T27n1545_086:0443c04_18']	并不相應法為五。	并不相應法為五。	and the dissociated dharmas, making five.
['T27n1545_086:0443c05_6']	三十六種隨眠者。	三十六種隨眠者。	The thirty-six kinds of latent afflictions are:
['T27n1545_086:0443c05_14']	謂見苦所斷有十。	謂見苦所斷有十。	That is to say, there are ten [afflictions] abandoned by seeing suffering.
['T27n1545_086:0443c06_3']	見集滅所斷各七。	見集滅所斷各七。	There are seven each abandoned by seeing the origin and cessation [of suffering].
['T27n1545_086:0443c06_10']	見道所斷有八。	見道所斷有八。	There are eight abandoned by seeing the path.
['T27n1545_086:0443c06_16']	修所斷有四。	修所斷有四。	There are four abandoned by cultivation.
['T27n1545_086:0443c07_6']	唯依部說不依界故。	唯依部說不依界故。	This is said only in terms of categories, not in terms of realms.
['T27n1545_086:0443c07_15']	此中有身見相應法。	此中有身見相應法。	Among these, the dharmas associated with the view of the aggregates as real are
['T27n1545_086:0443c08_14']	為有身見及彼相應無明隨眠之所隨增。	為有身見及彼相應無明隨眠之所隨增。	followed by the latent tendencies of the view of the aggregates as real and ignorance associated with it,
['T27n1545_086:0443c09_7']	隨其所應為所緣相應縛。	隨其所應為所緣相應縛。	and they are bound by the object and association as appropriate.
['T27n1545_086:0443c09_16']	此即總說若別說者。	此即總說若別說者。	This is a general statement. If we speak specifically,
['T27n1545_086:0443c10_6']	若於彼為所緣縛。	若於彼為所緣縛。	if [a dharma] is bound by the object with regard to them,
['T27n1545_086:0443c10_14']	即於彼非相應縛。	即於彼非相應縛。	then it is not bound by association with regard to them.
['T27n1545_086:0443c11_4']	若於彼為相應縛。	若於彼為相應縛。	If [a dharma] is bound by association with regard to them,
['T27n1545_086:0443c11_12']	即於彼非所緣縛。	即於彼非所緣縛。	then it is not bound by the object with regard to them.
['T27n1545_086:0443c11_17', 'T27n1545_086:0443c12_12']	餘應准此。🔽此復為餘見苦所斷一切隨眠。	餘應准此。 此復為餘見苦所斷一切隨眠。	The rest should be understood in the same way.🔽Moreover, these [dharmas] are followed by all the latent tendencies abandoned by seeing suffering,
['T27n1545_086:0443c13_8']	及見集所斷遍行隨眠之所隨增。	及見集所斷遍行隨眠之所隨增。	and by the latent tendencies that are universal and abandoned by seeing the origin [of suffering].
['T27n1545_086:0443c13_14']	但為所緣縛。	但為所緣縛。	They are only bound by the object.
['T27n1545_086:0443c14_4']	如有身見相應法。	如有身見相應法。	Just as with the dharmas associated with the view of the aggregates as real,
['T27n1545_086:0443c14_8']	邊執見。	邊執見。	the view of grasping extremes,
['T27n1545_086:0443c14_16']	及見苦所斷邪見。	及見苦所斷邪見。	and the wrong views abandoned by seeing suffering,
['T27n1545_086:0443c15_8']	乃至慢相應法隨應亦爾。	乃至慢相應法隨應亦爾。	The same applies to the dharmas associated with pride.
['T27n1545_086:0443c16_2']	見苦所斷不共無明相應法。	見苦所斷不共無明相應法。	The dharmas associated with the ignorance that is not shared and is to be eliminated by [the path of] insight into suffering,
['T27n1545_086:0443c16_18']	為見苦所斷不共無明隨眠之所隨增。	為見苦所斷不共無明隨眠之所隨增。	are increased by the latent tendency of the ignorance that is not shared and is to be eliminated by [the path of] insight into suffering.
['T27n1545_086:0443c17_10', 'T27n1545_086:0443c18_6']	隨其所應為所緣相應縛。🔽此復為餘見苦所斷一切隨眠。	隨其所應為所緣相應縛。 此復為餘見苦所斷一切隨眠。	They are bound by the object and by association, as appropriate.🔽Moreover, they are increased by all the latent tendencies that are to be eliminated by [the path of] insight into suffering,
['T27n1545_086:0443c19_2']	及見集所斷遍行隨眠之所隨增。	及見集所斷遍行隨眠之所隨增。	and by the latent tendencies that are to be eliminated by [the path of] insight into the origin [of suffering] and that are universal.
['T27n1545_086:0443c19_8']	但為所緣縛。	但為所緣縛。	[They are bound] only by the object.
['T27n1545_086:0443c19_17', 'T27n1545_086:0443c20_8']	見苦所斷不相應法。🔽為見苦所斷一切隨眠。	見苦所斷不相應法。 為見苦所斷一切隨眠。	The dharmas that are not associated with those that are to be eliminated by [the path of] insight into suffering,🔽are increased by all the latent tendencies that are to be eliminated by [the path of] insight into suffering,
['T27n1545_086:0443c21_4']	及見集所斷遍行隨眠之所隨增。	及見集所斷遍行隨眠之所隨增。	and by the latent tendencies that are to be eliminated by [the path of] insight into the origin [of suffering] and that are universal.
['T27n1545_086:0443c21_10']	但為所緣縛。	但為所緣縛。	[They are bound] only by the object.
['T27n1545_086:0443c22_1']	如見苦所斷十一法。	如見苦所斷十一法。	As for the eleven dharmas that are to be eliminated by [the path of] insight into suffering,
['T27n1545_086:0443c22_12', 'T27n1545_086:0443c23_3', 'T27n1545_086:0443c23_11']	見集所斷八法隨應亦爾。🔽見滅所斷邪見相應法。🔽為見滅所斷邪見。	見集所斷八法隨應亦爾。 見滅所斷邪見相應法。 為見滅所斷邪見。	the same applies to the eight dharmas that are to be eliminated by [the path of] insight into the origin [of suffering], as appropriate.🔽The dharmas associated with wrong views that are to be eliminated by [the path of] insight into cessation,🔽are increased by the wrong views that are to be eliminated by [the path of] insight into cessation,
['T27n1545_086:0443c24_5']	及彼相應無明隨眠之所隨增。	及彼相應無明隨眠之所隨增。	and by the latent tendency of ignorance associated with them.
['T27n1545_086:0443c24_11']	但為相應縛。	但為相應縛。	[They are bound] only by association.
['T27n1545_086:0443c25_6']	此復為餘見滅所斷有漏緣隨眠。	此復為餘見滅所斷有漏緣隨眠。	This is also increased by the remaining contaminants to be eliminated by seeing cessation, which take impure objects as their objects,
['T27n1545_086:0443c25_16']	及遍行隨眠之所隨增。	及遍行隨眠之所隨增。	and by the universal contaminants.
['T27n1545_086:0443c26_3']	但為所緣縛。	但為所緣縛。	It is only bound by the objects as conditions.
['T27n1545_086:0443c26_14']	如見滅所斷邪見相應法。	如見滅所斷邪見相應法。	Just as the dharmas associated with wrong views to be eliminated by seeing cessation,
['T27n1545_086:0443c27_8']	見滅所斷疑相應法隨應亦爾。	見滅所斷疑相應法隨應亦爾。	the dharmas associated with doubt to be eliminated by seeing cessation should be understood in the same way according to the circumstances.
['T27n1545_086:0443c27_18']	見滅所斷見取相應法。	見滅所斷見取相應法。	The dharmas associated with attachment to views to be eliminated by seeing cessation,
['T27n1545_086:0443c28_7']	為見滅所斷見取。	為見滅所斷見取。	are increased by the attachment to views to be eliminated by seeing cessation,
['T27n1545_086:0443c29_2']	及彼相應無明隨眠之所隨增。	及彼相應無明隨眠之所隨增。	and by the ignorance associated with it as contaminants.
['T27n1545_086:0443c29_13']	隨其所應為所緣相應縛。	隨其所應為所緣相應縛。	According to the circumstances, they are bound by the objects as conditions and by association.
['T27n1545_086:0444a01_9']	此復為餘見滅所斷有漏緣隨眠。	此復為餘見滅所斷有漏緣隨眠。	This is also increased by the remaining contaminants to be eliminated by seeing cessation, which take impure objects as their objects,
['T27n1545_086:0444a02_6']	及遍行隨眠之所隨增但為所緣縛。	及遍行隨眠之所隨增但為所緣縛。	and by the universal contaminants. It is only bound by the objects as conditions.
['T27n1545_086:0444a02_17']	如見滅所斷見取相應法。	如見滅所斷見取相應法。	Just as the dharmas associated with attachment to views to be eliminated by seeing cessation,
['T27n1545_086:0444a03_13', 'T27n1545_086:0444a04_7']	見滅所斷貪瞋慢相應法隨應亦爾。🔽見滅所斷不共無明相應法。	見滅所斷貪瞋慢相應法隨應亦爾。 見滅所斷不共無明相應法。	the dharmas associated with craving, hatred, and pride to be eliminated by seeing cessation should be understood in the same way according to the circumstances.🔽The dharmas associated with the unique ignorance to be eliminated by seeing cessation,
['T27n1545_086:0444a05_3']	為見滅所斷不共無明隨眠之所。	為見滅所斷不共無明隨眠之所。	are increased by the unique ignorance to be eliminated by seeing cessation as a contaminant.
['T27n1545_086:0444a05_11', 'T27n1545_086:0444a06_6']	隨增但為相應縛。🔽此復為餘見滅所斷有漏緣隨眠。	隨增但為相應縛。 此復為餘見滅所斷有漏緣隨眠。	The only increase is the bond of association.🔽Moreover, it is increased by the remaining contaminants to be eliminated by seeing cessation, which have impure objects,
['T27n1545_086:0444a06_16']	及遍行隨眠之所隨增。	及遍行隨眠之所隨增。	and by the universal contaminants.
['T27n1545_086:0444a07_3']	但為所緣縛。	但為所緣縛。	It is only the bond of the object.
['T27n1545_086:0444a07_12', 'T27n1545_086:0444a08_4']	見滅所斷不相應法。🔽為見滅所斷有漏緣隨眠。	見滅所斷不相應法。 為見滅所斷有漏緣隨眠。	The dharmas not associated with the contaminants to be eliminated by seeing cessation,🔽are increased by the contaminants to be eliminated by seeing cessation, which have impure objects,
['T27n1545_086:0444a08_14']	及遍行隨眠之所隨增。	及遍行隨眠之所隨增。	and by the universal contaminants.
['T27n1545_086:0444a09_1']	但為所緣縛。	但為所緣縛。	They are only the bond of the object.
['T27n1545_086:0444a09_9']	如見滅所斷八法。	如見滅所斷八法。	The eight dharmas to be eliminated by seeing cessation are like this.
['T27n1545_086:0444a09_16']	見道所斷九法。	見道所斷九法。	The nine dharmas to be eliminated by seeing the path
['T27n1545_086:0444a10_2', 'T27n1545_086:0444a10_10']	隨應亦爾。🔽修所斷貪相應法。	隨應亦爾。 修所斷貪相應法。	are also like this, as appropriate.🔽The dharmas associated with the craving to be eliminated by cultivation,
['T27n1545_086:0444a11_10']	為修所斷貪及彼相應無明隨眠之所隨增。	為修所斷貪及彼相應無明隨眠之所隨增。	are increased by the craving to be eliminated by cultivation and the ignorance associated with it.
['T27n1545_086:0444a12_4', 'T27n1545_086:0444a12_14']	隨其所應為所緣相應縛。🔽此復為餘修所斷隨眠。	隨其所應為所緣相應縛。 此復為餘修所斷隨眠。	As appropriate, they are the bonds of the object and association.🔽Moreover, they are increased by the remaining contaminants to be eliminated by cultivation,
['T27n1545_086:0444a13_5']	及遍行隨眠之所隨增。	及遍行隨眠之所隨增。	and by the universal contaminants.
['T27n1545_086:0444a13_11']	但為所緣縛。	但為所緣縛。	They are only the bonds of the object.
['T27n1545_086:0444a14_2']	如修所斷貪相應法。	如修所斷貪相應法。	The dharmas associated with the craving to be eliminated by cultivation are like this.
['T27n1545_086:0444a14_11']	修所斷瞋慢相應法。	修所斷瞋慢相應法。	The dharmas associated with the hatred and pride to be eliminated by cultivation
['T27n1545_086:0444a14_16']	隨應亦爾。	隨應亦爾。	are also like this, as appropriate.
['T27n1545_086:0444a15_7']	修所斷不共無明相應法。	修所斷不共無明相應法。	The dharmas associated with the ignorance that is eliminated by cultivation and is not universal
['T27n1545_086:0444a16_4']	為修所斷不共無明隨眠之所隨增。	為修所斷不共無明隨眠之所隨增。	are increased by the latent tendency of the ignorance that is eliminated by cultivation and is not universal.
['T27n1545_086:0444a16_15', 'T27n1545_086:0444a17_7']	隨其所應為所緣相應縛。🔽此復為餘修所斷隨眠。	隨其所應為所緣相應縛。 此復為餘修所斷隨眠。	According to circumstances, they are bound by the object and association.🔽Moreover, they are increased by the remaining latent tendencies that are eliminated by cultivation
['T27n1545_086:0444a17_17']	及遍行隨眠之所隨增。	及遍行隨眠之所隨增。	and by the universal latent tendencies.
['T27n1545_086:0444a18_4']	但為所緣縛。	但為所緣縛。	They are only bound by the object.
['T27n1545_086:0444a18_12', 'T27n1545_086:0444a19_2']	修所斷不相應法。🔽為修所斷一切隨眠。	修所斷不相應法。 為修所斷一切隨眠。	The dharmas not associated with those eliminated by cultivation🔽are increased by all the latent tendencies eliminated by cultivation
['T27n1545_086:0444a19_12']	及遍行隨眠之所隨增。	及遍行隨眠之所隨增。	and by the universal latent tendencies.
['T27n1545_086:0444a19_18']	但為所緣縛。	但為所緣縛。	They are only bound by the object.
['T27n1545_086:0444a20_9']	若說攝法應依十八界。	若說攝法應依十八界。	If one explains the inclusion of dharmas, one should rely on the eighteen elements.
['T27n1545_086:0444a21_3']	若說諸識應依十二處。	若說諸識應依十二處。	If one explains the various consciousnesses, one should rely on the twelve sense bases.
['T27n1545_086:0444a21_13']	若說諸智應依四聖諦。	若說諸智應依四聖諦。	If one explains the various knowledges, one should rely on the four noble truths.
['T27n1545_086:0444a22_5']	若說諸隨眠應依五部。	若說諸隨眠應依五部。	If one explains the various latent tendencies, one should rely on the five categories.
['T27n1545_086:0444a22_11']	今說隨眠故。	今說隨眠故。	Now, because it explains the latent tendencies,
['T27n1545_086:0444a23_6']	依五部分別隨眠隨增差別。	依五部分別隨眠隨增差別。	it distinguishes the differences in the increase of the latent tendencies according to the five categories.
['T27n1545_086:0444a24_7']	眼根欲色界遍行。	眼根欲色界遍行。	The eye faculty is increased by the universal latent tendencies of the desire realm and form realm,🔽and by the latent tendencies eliminated by cultivation.
['T27n1545_086:0444a24_17']	及修所斷隨眠隨增者。	及修所斷隨眠隨增者。	Here is the corrected and aligned text:
['T27n1545_086:0444a25_10']	眼根通欲色界唯修所斷故。	眼根通欲色界唯修所斷故。	The eye faculty is found only in the desire and form realms and is eliminated only by cultivation.
['T27n1545_086:0444a26_1']	有爾所隨眠隨增。	有爾所隨眠隨增。	There are that many latent afflictions that increase.
['T27n1545_086:0444a26_10']	然此眼根通在五地。	然此眼根通在五地。	However, this eye faculty is found in five stages.
['T27n1545_086:0444a26_17']	謂欲界四靜慮。	謂欲界四靜慮。	Namely, the desire realm and the four meditations.
['T27n1545_086:0444a27_6']	此五各為自地遍行。	此五各為自地遍行。	These five each serve as the universal and
['T27n1545_086:0444a27_15']	及修所斷隨眠隨增。	及修所斷隨眠隨增。	afflictions eliminated by cultivation increase.
['T27n1545_086:0444a28_5']	耳鼻舌身根亦爾者。	耳鼻舌身根亦爾者。	The ear, nose, tongue, and body faculties are also like this.
['T27n1545_086:0444a28_13']	亦通欲色界五地。	亦通欲色界五地。	They are also found in the desire and form realms and in five stages.
['T27n1545_086:0444a29_4']	唯修所斷如眼根故。	唯修所斷如眼根故。	Because they are eliminated only by cultivation, like the eye faculty.
['T27n1545_086:0444a29_11']	女根欲界遍行。	女根欲界遍行。	The female faculty is found in the desire realm and increases the universal
['T27n1545_086:0444b01_2']	及修所斷隨眠隨增者。	及修所斷隨眠隨增者。	and afflictions eliminated by cultivation.
['T27n1545_086:0444b01_12']	女根唯欲界修所斷故。	女根唯欲界修所斷故。	Because the female faculty is found only in the desire realm and is eliminated by cultivation.
['T27n1545_086:0444b02_1']	有爾所隨眠隨增。	有爾所隨眠隨增。	There are that many latent afflictions that increase.
['T27n1545_086:0444b02_8']	男苦根亦爾者。	男苦根亦爾者。	The male and suffering faculties are also like this.
['T27n1545_086:0444b03_1']	亦唯欲界修所斷如女根故。	亦唯欲界修所斷如女根故。	Because they are found only in the desire realm and are eliminated by cultivation, like the female faculty.
['T27n1545_086:0444b03_8']	命根三界遍行。	命根三界遍行。	The life faculty is found in the three realms and increases the universal
['T27n1545_086:0444b03_18']	及修所斷隨眠隨增者。	及修所斷隨眠隨增者。	and afflictions eliminated by cultivation.
['T27n1545_086:0444b04_9']	命根通三界唯修所斷故。	命根通三界唯修所斷故。	Because the life faculty is found in the three realms and is eliminated only by cultivation.
['T27n1545_086:0444b05_8']	有爾所隨眠隨增然此命根通在九地。	有爾所隨眠隨增然此命根通在九地。	There are that many latent afflictions that increase. However, this life faculty is found in nine stages.
['T27n1545_086:0444b05_18']	謂欲界四靜慮四無色。	謂欲界四靜慮四無色。	Namely, the four meditations of the desire realm and the four formless [absorptions].
['T27n1545_086:0444b06_8']	此九各為自地遍行。	此九各為自地遍行。	These nine each serve as the universal [contaminants] of their own stage,
['T27n1545_086:0444b06_17']	及修所斷隨眠隨增。	及修所斷隨眠隨增。	and the latent tendencies to be eliminated by cultivation increase.
['T27n1545_086:0444b07_6']	信等五根亦爾者。	信等五根亦爾者。	The five faculties such as faith are also like this.
['T27n1545_086:0444b07_16']	信等五根通有漏無漏。	信等五根通有漏無漏。	The five faculties such as faith are both contaminated and uncontaminated.
['T27n1545_086:0444b08_7']	有漏者亦通三界九地。	有漏者亦通三界九地。	The contaminated ones also pervade the three realms and nine stages,
['T27n1545_086:0444b08_16']	唯修所斷如命根故。	唯修所斷如命根故。	only being eliminated by cultivation, like the faculty of life.
['T27n1545_086:0444b09_7']	無漏者非隨眠隨增。	無漏者非隨眠隨增。	The uncontaminated ones are not increased by latent tendencies.
['T27n1545_086:0444b09_17']	意根一切隨眠隨增者。	意根一切隨眠隨增者。	The mental faculty is increased by all latent tendencies.
['T27n1545_086:0444b10_6']	意根通有漏無漏。	意根通有漏無漏。	The mental faculty is both contaminated and uncontaminated.
['T27n1545_086:0444b10_16']	有漏者通三界五部故。	有漏者通三界五部故。	The contaminated ones pervade the three realms and five categories,
['T27n1545_086:0444b11_6']	有爾所隨眠隨增。	有爾所隨眠隨增。	so there are that many latent tendencies that increase.
['T27n1545_086:0444b11_14']	然此意根在九地。	然此意根在九地。	However, this mental faculty is in nine stages.
['T27n1545_086:0444b12_5']	謂欲界四靜慮四無色。	謂欲界四靜慮四無色。	Namely, the four meditations and four formless [absorptions] of the desire realm.
['T27n1545_086:0444b12_18']	此九各為自地一切隨眠隨增。	此九各為自地一切隨眠隨增。	These nine each increase the latent tendencies of their own stage.
['T27n1545_086:0444b13_8']	無漏者非隨眠隨增。	無漏者非隨眠隨增。	The uncontaminated ones are not increased by latent tendencies.
['T27n1545_086:0444b13_14']	捨根亦爾者。	捨根亦爾者。	The faculty of equanimity is also like this.
['T27n1545_086:0444b14_2']	亦通有漏無漏。	亦通有漏無漏。	It is also both contaminated and uncontaminated.
['T27n1545_086:0444b15_1']	有漏者亦通三界九地五部如意根故。	有漏者亦通三界九地五部如意根故。	The contaminated ones also pervade the three realms, nine stages, and five categories, like the faculty of thought.
['T27n1545_086:0444b15_12']	樂根色界一切欲界遍行。	樂根色界一切欲界遍行。	The faculty of pleasure increases with all the contaminants of the form realm and the universal contaminants of the desire realm,
['T27n1545_086:0444b16_3']	及修所斷隨眠隨增者。	及修所斷隨眠隨增者。	and with the contaminants eliminated by the path of cultivation.
['T27n1545_086:0444b16_14']	樂根通欲色界唯三地有。	樂根通欲色界唯三地有。	The faculty of pleasure is found in both the desire and form realms, and exists in only three stages.
['T27n1545_086:0444b17_5']	謂欲界初及第三靜慮。	謂欲界初及第三靜慮。	Namely, the desire realm, the first, and the third meditative absorptions.
['T27n1545_086:0444b17_12']	欲界者在五識。	欲界者在五識。	In the desire realm, it is found in the five consciousnesses.
['T27n1545_086:0444b18_1']	初靜慮者在三識。	初靜慮者在三識。	In the first meditative absorption, it is found in three consciousnesses.
['T27n1545_086:0444b18_10']	此二俱唯修所斷故。	此二俱唯修所斷故。	Both of these are only eliminated by the path of cultivation.
['T27n1545_086:0444b18_19']	一一各為自地遍行。	一一各為自地遍行。	Each is increased by the universal contaminants of its own stage,
['T27n1545_086:0444b19_8']	及修所斷隨眠隨增。	及修所斷隨眠隨增。	and by the contaminants eliminated by the path of cultivation.
['T27n1545_086:0444b20_4']	第三靜慮者在意識通有漏無漏。	第三靜慮者在意識通有漏無漏。	In the third meditative absorption, it is found in mental consciousness, and is both contaminated and uncontaminated.
['T27n1545_086:0444b21_2']	有漏者通五部及通一切隨眠相應故。	有漏者通五部及通一切隨眠相應故。	The contaminated [faculty of pleasure] is associated with the five categories [of contaminants] and with all the contaminants, and therefore
['T27n1545_086:0444b21_11']	自地一切隨眠隨增。	自地一切隨眠隨增。	it is increased by all the contaminants of its own stage.
['T27n1545_086:0444b22_1']	無漏者非隨眠隨增。	無漏者非隨眠隨增。	The uncontaminated [faculty of pleasure] is not increased by the contaminants.
['T27n1545_086:0444b22_10']	喜根色界一切欲界。	喜根色界一切欲界。	The faculty of joy increases with all the contaminants of the form realm and the desire realm,
['T27n1545_086:0444b23_3']	除無漏緣疑及彼相應無明。	除無漏緣疑及彼相應無明。	except for doubt and the ignorance associated with it that take the uncontaminated as their object.
['T27n1545_086:0444b23_12']	餘一切隨眠隨增者。	餘一切隨眠隨增者。	The remaining contaminants all increase it.
['T27n1545_086:0444b24_4']	喜根通欲色界唯三地有。	喜根通欲色界唯三地有。	The faculty of joy is found in both the desire and form realms, and exists in only three stages.
['T27n1545_086:0444b24_12']	謂欲界初二靜慮。	謂欲界初二靜慮。	Namely, the desire realm and the first and second meditative absorptions.
['T27n1545_086:0444b24_19']	欲界者通五部。	欲界者通五部。	In the desire realm, it is associated with the five classes of afflictions.
['T27n1545_086:0444b25_8']	不與瞋疑隨眠相應。	不與瞋疑隨眠相應。	It is not associated with the latent tendencies of anger and doubt.
['T27n1545_086:0444b25_16']	由喜根歡行相轉。	由喜根歡行相轉。	Because it arises with the mode of activity of delight,
['T27n1545_086:0444b26_5']	瞋疑慼行相轉。	瞋疑慼行相轉。	while anger and doubt arise with the mode of activity of dejection.
['T27n1545_086:0444b26_14']	歡慼相違不相應故。	歡慼相違不相應故。	Delight and dejection are mutually exclusive and not associated.
['T27n1545_086:0444b27_13']	欲界喜根除見滅道所斷疑及彼相應無明。	欲界喜根除見滅道所斷疑及彼相應無明。	In the desire realm, the faculty of joy excludes doubt and ignorance associated with it that are eliminated by seeing cessation and the path.
['T27n1545_086:0444b28_6']	為餘一切欲界隨眠隨增。	為餘一切欲界隨眠隨增。	Are the remaining latent tendencies in the desire realm all that increase?
['T27n1545_086:0444b29_1']	見滅道所斷疑及彼相應無明。	見滅道所斷疑及彼相應無明。	Doubt and ignorance associated with it that are eliminated by seeing cessation and the path.
['T27n1545_086:0444b29_13']	於喜根非所緣縛緣無漏故。	於喜根非所緣縛緣無漏故。	With regard to the faculty of joy, they are not bound as objects, because they take the undefiled as their object.
['T27n1545_086:0444c01_5']	非相應縳不相應故。	非相應縳不相應故。	They are not bound as associates, because they are not associated.
['T27n1545_086:0444c01_14']	餘疑及瞋雖不相應。	餘疑及瞋雖不相應。	Although the remaining doubts and anger are not associated,
['T27n1545_086:0444c02_5']	而於喜根有緣縛義。	而於喜根有緣縛義。	they do have the meaning of being bound as objects with regard to the faculty of joy.
['T27n1545_086:0444c02_17']	故說喜根欲界除無漏緣疑。	故說喜根欲界除無漏緣疑。	Therefore it is said that in the desire realm, the faculty of joy excludes doubt that takes the undefiled as its object,
['T27n1545_086:0444c03_6']	及彼相應無明。	及彼相應無明。	and ignorance associated with it.
['T27n1545_086:0444c03_14']	餘一切隨眠隨增。	餘一切隨眠隨增。	The remaining latent tendencies all increase.
['T27n1545_086:0444c04_9']	初二靜慮喜根俱通有漏無漏。	初二靜慮喜根俱通有漏無漏。	In the first two meditations, the faculty of joy is both defiled and undefiled.
['T27n1545_086:0444c05_7']	有漏者俱通五部及通一切隨眠相應。	有漏者俱通五部及通一切隨眠相應。	The defiled one is associated with the five classes and is associated with all the latent tendencies.
['T27n1545_086:0444c06_1']	定地疑亦與喜樂相應故。	定地疑亦與喜樂相應故。	Doubt in the stage of concentration is also associated with joy and pleasure.
['T27n1545_086:0444c06_12']	各自地一切隨眠隨增故。	各自地一切隨眠隨增故。	Because each of them increases all the latent tendencies of their own stage.
['T27n1545_086:0444c07_5']	說喜根色界一切隨眠隨增。	說喜根色界一切隨眠隨增。	It is said that the faculty of joy increases all the latent tendencies of the form realm.
['T27n1545_086:0444c08_7']	無漏者非隨眠隨增憂根欲界一切隨眠隨增者。	無漏者非隨眠隨增憂根欲界一切隨眠隨增者。	The undefiled ones are not increased by the latent tendencies. The faculty of sorrow increases all the latent tendencies of the desire realm.
['T27n1545_086:0444c08_16']	憂根唯欲界通五部。	憂根唯欲界通五部。	The faculty of sorrow is only in the desire realm and is common to the five categories.
['T27n1545_086:0444c09_6']	及一分隨眠相應故。	及一分隨眠相應故。	And because it is associated with a part of the latent tendencies.
['T27n1545_086:0444c09_14']	有爾所隨眠隨增。	有爾所隨眠隨增。	There are that many latent tendencies that increase.
['T27n1545_086:0444c10_7']	三無漏根無隨眠隨增者。	三無漏根無隨眠隨增者。	The three undefiled faculties are not increased by the latent tendencies.
['T27n1545_086:0444c11_3']	一切無漏法非諸隨眠隨增事故。	一切無漏法非諸隨眠隨增事故。	Because all undefiled dharmas are not increased by the latent tendencies.
['T27n1545_086:0444c11_8']	所以者何。	所以者何。	Why is this?
['T27n1545_086:0444c11_16', 'T27n1545_086:0444c12_1']	若法是有身見事。🔽是顛倒事。	若法是有身見事。 是顛倒事。	If a dharma is the object of the view of self,🔽it is the object of perversion,
['T27n1545_086:0444c12_6']	是隨眠事。	是隨眠事。	it is the object of the latent tendencies,
['T27n1545_086:0444c12_15']	是貪瞋癡所安足處。	是貪瞋癡所安足處。	and it is the place where craving, hatred, and delusion can stand.
['T27n1545_086:0444c13_3']	有垢有穢有濁者。	有垢有穢有濁者。	That which is defiled, stained, and turbid
['T27n1545_086:0444c13_12']	為諸隨眠之所隨增。	為諸隨眠之所隨增。	is increased by the latent tendencies.
['T27n1545_086:0444c13_18']	無漏法不爾。	無漏法不爾。	The undefiled dharmas are not like this.
['T27n1545_086:0444c14_8']	故非隨眠之所隨增。	故非隨眠之所隨增。	Therefore they are not increased by the latent tendencies.
['T27n1545_086:0444c15_5']	復次若處有愛是處即為隨眠隨增。	復次若處有愛是處即為隨眠隨增。	Moreover, where there is craving, that place is where the latent afflictions increase.
['T27n1545_086:0444c15_14']	如濕膩處塵穢易著。	如濕膩處塵穢易著。	Like a damp and oily place where dust and dirt easily adhere.
['T27n1545_086:0444c16_2']	無漏法不爾。	無漏法不爾。	The pure dharmas are not like this.
['T27n1545_086:0444c16_11']	故非隨眠之所隨增。	故非隨眠之所隨增。	Therefore, they are not increased by the latent afflictions.
['T27n1545_086:0444c17_6']	復次若法有身見執為我我所。	復次若法有身見執為我我所。	Moreover, if a dharma is grasped by the view of self as the self or what belongs to the self,
['T27n1545_086:0444c17_15']	是處即為隨眠隨增。	是處即為隨眠隨增。	that place is where the latent afflictions increase.
['T27n1545_086:0444c18_2']	無漏法不爾。	無漏法不爾。	The pure dharmas are not like this.
['T27n1545_086:0444c18_13']	復次若法是隨眠所緣事。	復次若法是隨眠所緣事。	Moreover, if a dharma is the object-support of the latent afflictions
['T27n1545_086:0444c18_19']	及隨增事者。	及隨增事者。	and is also the object of increase,
['T27n1545_086:0444c19_8']	即為隨眠之所隨增。	即為隨眠之所隨增。	then it is increased by the latent afflictions.
['T27n1545_086:0444c20_8']	無漏法雖是隨眠所緣事而非隨增事故。	無漏法雖是隨眠所緣事而非隨增事故。	Although the pure dharmas are the object-support of the latent afflictions, they are not the object of increase,
['T27n1545_086:0444c20_16']	非隨眠之所隨增。	非隨眠之所隨增。	so they are not increased by the latent afflictions.
['T27n1545_086:0444c21_9']	復次若法是隨眠所緣處。	復次若法是隨眠所緣處。	Moreover, if a dharma is the object-support of the latent afflictions
['T27n1545_086:0444c21_16']	亦是隨增處者。	亦是隨增處者。	and is also the place of increase,
['T27n1545_086:0444c22_7']	即為隨眠之所隨增。	即為隨眠之所隨增。	then it is increased by the latent afflictions.
['T27n1545_086:0444c23_1']	無漏法雖是隨眠所緣處。	無漏法雖是隨眠所緣處。	Although the pure dharmas are the object-support of the latent afflictions,
['T27n1545_086:0444c23_15']	而非隨增處故非隨眠之所隨增。	而非隨增處故非隨眠之所隨增。	they are not the place of increase, so they are not increased by the latent afflictions.
['T27n1545_086:0444c24_2']	脇尊者曰。	脇尊者曰。	The Venerable Pārśva said:
['T27n1545_086:0444c24_15']	無漏滑淨非諸隨眠能安其足。	無漏滑淨非諸隨眠能安其足。	Uncontaminated dharmas are smooth and pure, and the various latent afflictions cannot find a foothold in them.
['T27n1545_086:0444c25_5']	是故不為隨眠隨增。	是故不為隨眠隨增。	Therefore, they are not increased by the latent afflictions.
['T27n1545_086:0444c25_14']	如吠琉璃極滑淨者。	如吠琉璃極滑淨者。	It is like a very smooth and pure lapis lazuli.
['T27n1545_086:0444c26_5']	蚊虻蠅等不能安足。	蚊虻蠅等不能安足。	Mosquitoes, flies, and other insects cannot find a foothold in it.
['T27n1545_086:0444c26_10']	大德說曰。	大德說曰。	The Venerable Vasumitra says:
['T27n1545_086:0444c27_5']	無漏焰熱非諸隨眠能安其足。	無漏焰熱非諸隨眠能安其足。	Uncontaminated dharmas are burning hot, and the various latent afflictions cannot find a foothold in them.
['T27n1545_086:0444c27_14']	是故不為隨眠隨增。	是故不為隨眠隨增。	Therefore, they are not increased by the latent afflictions.
['T27n1545_086:0444c28_5']	如焰熱地不可安足。	如焰熱地不可安足。	It is like a burning hot ground where one cannot find a foothold.
['T27n1545_086:0444c28_14']	尊者妙音作如是說。	尊者妙音作如是說。	The Venerable Suvarṇa says:
['T27n1545_086:0444c29_9']	無漏威猛隨眠緣彼而不隨增。	無漏威猛隨眠緣彼而不隨增。	Uncontaminated dharmas are powerful, and the latent afflictions take them as their objects but do not increase.
['T27n1545_086:0445a01_7']	如栴茶羅子觀威猛王面心極戰怯。	如栴茶羅子觀威猛王面心極戰怯。	It is like the son of a candāla who, when looking at the face of a powerful king, becomes extremely frightened in his mind.
['T27n1545_086:0445a01_16']	尊者世友作如是說。	尊者世友作如是說。	The Venerable Vasu says:
['T27n1545_086:0445a02_11']	緣有漏法起隨眠時隨眠漸增。	緣有漏法起隨眠時隨眠漸增。	When latent afflictions arise in relation to contaminated dharmas, the latent afflictions gradually increase.
['T27n1545_086:0445a03_3']	如人觀月眼根增長。	如人觀月眼根增長。	It is like a person looking at the moon, and the eye faculty becomes enhanced.
['T27n1545_086:0445a03_12']	故有漏法隨眠隨增。	故有漏法隨眠隨增。	Therefore, contaminated dharmas are increased by the latent afflictions.
['T27n1545_086:0445a04_7']	緣無漏法起隨眠時隨眠漸減。	緣無漏法起隨眠時隨眠漸減。	When latent afflictions arise in relation to uncontaminated dharmas, the latent afflictions gradually decrease.
['T27n1545_086:0445a04_16']	如人觀日眼根損減。	如人觀日眼根損減。	It is like a person looking at the sun, and the eye faculty becomes damaged.
['T27n1545_086:0445a05_11']	故無漏法不為隨眠之所隨增。	故無漏法不為隨眠之所隨增。	Therefore, pure dharmas are not increased by the latent afflictions.
['T27n1545_086:0445a06_13']	眼耳鼻舌身色聲觸眼耳身識界。	眼耳鼻舌身色聲觸眼耳身識界。	The eye, ear, nose, tongue, and body elements, the form, sound, and tangible-object elements, and the eye, ear, and body consciousness elements.
['T27n1545_086:0445a07_10']	欲色界遍行及修所斷隨眠隨增者。	欲色界遍行及修所斷隨眠隨增者。	The universal and those eliminated by cultivation in the desire and form realms increase the latent afflictions.
['T27n1545_086:0445a08_1']	此十一界通欲色界。	此十一界通欲色界。	These eleven elements are common to the desire and form realms.
['T27n1545_086:0445a08_18']	唯修所斷故有爾所隨眠隨增此依界說。	唯修所斷故有爾所隨眠隨增此依界說。	They are only eliminated by cultivation, so there are that many latent afflictions that increase. This is based on the realms.
['T27n1545_086:0445a09_4']	然地有異。	然地有異。	However, there are differences in the stages.
['T27n1545_086:0445a09_14']	謂眼等八通在五地故。	謂眼等八通在五地故。	That is to say, the eight such as the eye are common to the five stages,
['T27n1545_086:0445a10_10']	為五地遍行及修所斷隨眠隨增。	為五地遍行及修所斷隨眠隨增。	so the universal of the five stages and the latent afflictions eliminated by cultivation increase.
['T27n1545_086:0445a11_1']	眼耳身識唯在二地。	眼耳身識唯在二地。	The eye, ear, and body consciousnesses are only in two stages,
['T27n1545_086:0445a11_14']	謂欲界初靜慮故唯二地遍行。	謂欲界初靜慮故唯二地遍行。	namely the desire realm and the first dhyāna, so only the universal of two stages
['T27n1545_086:0445a12_4']	及修所斷隨眠隨增。	及修所斷隨眠隨增。	and the latent afflictions eliminated by cultivation increase.
['T27n1545_086:0445a13_1']	眼耳鼻舌身色聲觸處色蘊色取蘊。	眼耳鼻舌身色聲觸處色蘊色取蘊。	The eye, ear, nose, tongue, and body sense bases, the form, sound, and tangible-object sense bases, the form aggregate, and the form clinging aggregate.
['T27n1545_086:0445a13_15']	前五界有色有見有對法亦爾者。	前五界有色有見有對法亦爾者。	The five elements that are form, have visible form, and have resistance are also like this.
['T27n1545_086:0445a14_8']	如是諸法亦通欲色界五地。	如是諸法亦通欲色界五地。	These dharmas are also common to the desire and form realms and the five stages,
['T27n1545_086:0445a15_1']	唯修所斷如眼界等故。	唯修所斷如眼界等故。	only eliminated by cultivation, like the eye element and so forth.
['T27n1545_086:0445a15_12']	香味鼻舌識界欲界遍行。	香味鼻舌識界欲界遍行。	The nose, tongue, and olfactory and gustatory consciousness realms in the desire realm are universal.
['T27n1545_086:0445a16_3']	及修所斷隨眠隨增者。	及修所斷隨眠隨增者。	The nose, tongue, and olfactory and gustatory consciousness elements in the desire realm are the universal [contaminants] and those eliminated by cultivation.🔽The latent tendencies increase.
['T27n1545_086:0445a16_15']	如是四界唯欲界修所斷故。	如是四界唯欲界修所斷故。	These four elements are only eliminated by cultivation in the desire realm.
['T27n1545_086:0445a17_4']	有爾所隨眠隨增。	有爾所隨眠隨增。	There are that many latent tendencies that increase.
['T27n1545_086:0445a17_11']	香味處亦爾者。	香味處亦爾者。	The olfactory and gustatory objects are also like this.
['T27n1545_086:0445a18_5']	亦唯欲界修所斷如香界等故。	亦唯欲界修所斷如香界等故。	They are also only eliminated by cultivation in the desire realm, like the olfactory element, etc.
['T27n1545_086:0445a18_18']	意法意識界一切隨眠隨增者。	意法意識界一切隨眠隨增者。	The mental, dharma, and mental consciousness elements are increased by all latent tendencies.
['T27n1545_086:0445a19_10']	如是三界皆通有漏無漏。	如是三界皆通有漏無漏。	These three elements are both contaminated and uncontaminated.
['T27n1545_086:0445a20_3']	有漏者通三界九地五部。	有漏者通三界九地五部。	The contaminated ones are common to the three realms, the nine grounds, the five categories,
['T27n1545_086:0445a20_13']	及通一切隨眠相應故。	及通一切隨眠相應故。	and are associated with all latent tendencies.
['T27n1545_086:0445a21_3']	為一切隨眠隨增。	為一切隨眠隨增。	They are increased by all latent tendencies.
['T27n1545_086:0445a21_12']	無漏者非隨眠隨增。	無漏者非隨眠隨增。	The uncontaminated ones are not increased by latent tendencies.
['T27n1545_086:0445a22_6']	意法處後四蘊後四取蘊識界。	意法處後四蘊後四取蘊識界。	The mental and dharma elements, the last four aggregates, the last four clingings, and the consciousness element,
['T27n1545_086:0445a22_13']	無色無見無對。	無色無見無對。	are formless, invisible, and unimpeded.
['T27n1545_086:0445a23_6']	有漏有為法過去未來現在。	有漏有為法過去未來現在。	The contaminated conditioned dharmas, the past, future, and present,
['T27n1545_086:0445a23_16']	非學非無學法亦爾者。	非學非無學法亦爾者。	are neither learners nor post-learners.
['T27n1545_086:0445a24_6']	此諸法中有唯有漏。	此諸法中有唯有漏。	These dharmas only have contamination.
['T27n1545_086:0445a24_13']	有通有漏無漏。	有通有漏無漏。	Some are both contaminated and uncontaminated.
['T27n1545_086:0445a25_8']	諸有漏者皆通三界九地五部。	諸有漏者皆通三界九地五部。	All defiled dharmas are associated with the three realms, the nine grounds, and the five categories,
['T27n1545_086:0445a26_1']	及通一切隨眠相應故。	及通一切隨眠相應故。	and are associated with all latent afflictions.
['T27n1545_086:0445a26_9', 'T27n1545_086:0445a26_18']	為一切隨眠隨增。🔽無漏者非隨眠隨增。	為一切隨眠隨增。 無漏者非隨眠隨增。	Therefore, all latent afflictions increase in them.🔽The undefiled dharmas are not increased by latent afflictions.
['T27n1545_086:0445a27_10']	無漏無為法無隨眠隨增。	無漏無為法無隨眠隨增。	The undefiled and unconditioned dharmas have no latent afflictions that increase.
['T27n1545_086:0445a28_2']	學無學無斷法亦爾者。	學無學無斷法亦爾者。	The same is true for the dharmas of learners, post-learners, and those without cutting off.
['T27n1545_086:0445a28_11']	皆無漏故義如前說。	皆無漏故義如前說。	They are all undefiled, and the meaning is as explained above.
['T27n1545_086:0445a29_12']	善及修所斷法三界遍行及修所斷隨眠隨增者。	善及修所斷法三界遍行及修所斷隨眠隨增者。	The good dharmas and the dharmas to be eliminated by cultivation are increased by the universal and eliminated by cultivation of the three realms.
['T27n1545_086:0445b01_4']	此中善法通有漏無漏。	此中善法通有漏無漏。	Here, the good dharmas are both defiled and undefiled.
['T27n1545_086:0445b01_12']	修所斷法唯有漏。	修所斷法唯有漏。	The dharmas to be eliminated by cultivation are only defiled.
['T27n1545_086:0445b02_4']	諸有漏者皆通三界九地。	諸有漏者皆通三界九地。	All defiled dharmas are associated with the three realms and the nine grounds,
['T27n1545_086:0445b02_10']	唯修所斷故。	唯修所斷故。	and are only eliminated by cultivation.
['T27n1545_086:0445b02_18']	有爾所隨眠隨增。	有爾所隨眠隨增。	Therefore, the corresponding number of latent afflictions increase in them.
['T27n1545_086:0445b03_7']	無漏者非隨眠隨增。	無漏者非隨眠隨增。	The undefiled dharmas are not increased by latent afflictions.
['T27n1545_086:0445b03_15']	不善及欲界繫法。	不善及欲界繫法。	The unwholesome dharmas and the dharmas bound to the desire realm.
['T27n1545_086:0445b04_6']	欲界一切隨眠隨增者。	欲界一切隨眠隨增者。	The desire realm is increased by all latent afflictions.
['T27n1545_086:0445b05_1']	如是二法唯欲界通五部故。	如是二法唯欲界通五部故。	These two dharmas are only associated with the five categories of the desire realm.
['T27n1545_086:0445b05_9']	有爾所隨眠隨增。	有爾所隨眠隨增。	Therefore, the corresponding number of latent afflictions increase in them.
['T27n1545_086:0445b06_4']	無記法色無色界一切欲界二部。	無記法色無色界一切欲界二部。	The indeterminate dharmas are all in the form and formless realms, and the two parts in the desire realm.
['T27n1545_086:0445b06_17']	及見集所斷遍行隨眠隨增者。	及見集所斷遍行隨眠隨增者。	And the pervasive contaminants to be eliminated by seeing the truth of origination increase.
['T27n1545_086:0445b07_2']	無記法。	無記法。	Indeterminate dharmas.
['T27n1545_086:0445b07_12']	謂色無色界諸染污法。	謂色無色界諸染污法。	Refers to the defiled dharmas in the form and formless realms,
['T27n1545_086:0445b07_19']	及無覆無記法。	及無覆無記法。	and the non-obscuring indeterminate dharmas.
['T27n1545_086:0445b08_13']	欲界有身見邊執見品諸染污法。	欲界有身見邊執見品諸染污法。	The defiled dharmas in the desire realm belonging to the category of the view of self and extreme views,
['T27n1545_086:0445b09_2']	及無覆無記法。	及無覆無記法。	and the non-obscuring indeterminate dharmas.
['T27n1545_086:0445b09_9']	并虛空非擇滅。	并虛空非擇滅。	Along with space and non-analytical cessation.
['T27n1545_086:0445b09_18']	若色無色界無記法。	若色無色界無記法。	If the indeterminate dharmas in the form and formless realms,
['T27n1545_086:0445b10_7']	通二界八地五部故。	通二界八地五部故。	They belong to both realms, the eight stages, and the five categories.
['T27n1545_086:0445b11_1']	為色無色界一切隨眠隨增。	為色無色界一切隨眠隨增。	Therefore, all the contaminants in the form and formless realms increase.
['T27n1545_086:0445b11_11']	若欲界無記法染污者。	若欲界無記法染污者。	If the indeterminate dharmas in the desire realm are defiled,
['T27n1545_086:0445b11_18']	唯見苦所斷故。	唯見苦所斷故。	They are only eliminated by seeing the truth of suffering.
['T27n1545_086:0445b12_8']	為欲界見苦所斷一切。	為欲界見苦所斷一切。	Therefore, all those to be eliminated by seeing the truth of suffering in the desire realm,
['T27n1545_086:0445b13_2']	及見集所斷遍行隨眠隨增。	及見集所斷遍行隨眠隨增。	And the pervasive contaminants to be eliminated by seeing the truth of origination increase.
['T27n1545_086:0445b13_12']	不染污者唯修所斷故。	不染污者唯修所斷故。	If they are non-defiled, they are only eliminated by cultivation.
['T27n1545_086:0445b14_2']	為欲界修所斷一切。	為欲界修所斷一切。	Therefore, all those to be eliminated by cultivation in the desire realm,
['T27n1545_086:0445b14_10']	及遍行隨眠隨增。	及遍行隨眠隨增。	And the pervasive contaminants increase.
['T27n1545_086:0445b15_2']	虛空非擇滅非隨眠隨增。	虛空非擇滅非隨眠隨增。	Space and non-analytical cessation are not associated with the latent afflictions.
['T27n1545_086:0445b15_16']	色界繫法色界一切隨眠隨增者。	色界繫法色界一切隨眠隨增者。	The statement The latent afflictions of the form realm increase in the dharmas of the form realm means
['T27n1545_086:0445b16_8']	此唯色界通四地五部故。	此唯色界通四地五部故。	that these [afflictions] are only of the form realm, belonging to the four stages and five categories.
['T27n1545_086:0445b16_16', 'T27n1545_086:0445b17_4']	有爾所隨眠隨增。🔽無色界繫法。	有爾所隨眠隨增。 無色界繫法。	There are just so many latent afflictions that increase.
['T27n1545_086:0445b17_15']	無色界一切隨眠隨增者。	無色界一切隨眠隨增者。	The statement The latent afflictions of the formless realm increase in the dharmas of the formless realm means
['T27n1545_086:0445b18_8']	此唯無色界通四地五部故。	此唯無色界通四地五部故。	that these [afflictions] are only of the formless realm, belonging to the four stages and five categories.
['T27n1545_086:0445b18_16']	有爾所隨眠隨增。	有爾所隨眠隨增。	There are just so many latent afflictions that increase.
['T27n1545_086:0445b19_13']	見所斷法見所斷一切隨眠隨增者。	見所斷法見所斷一切隨眠隨增者。	The statement The latent afflictions of the seen realm increase in the dharmas of the seen realm means
['T27n1545_086:0445b20_7']	此通三界九地及前四部故。	此通三界九地及前四部故。	that these [afflictions] are common to the three realms, nine stages, and the first four categories.
['T27n1545_086:0445b20_15']	有爾所隨眠隨增。	有爾所隨眠隨增。	There are just so many latent afflictions that increase.
['T27n1545_086:0445b21_2']	修所斷隨眠。	修所斷隨眠。	The latent afflictions of the stage of cultivation
['T27n1545_086:0445b21_11']	不能緣見所斷法故。	不能緣見所斷法故。	cannot take the dharmas of the seen realm as objects.
['T27n1545_086:0445b22_2']	非修所斷隨眠隨增。	非修所斷隨眠隨增。	Therefore, the latent afflictions of the stage of cultivation do not increase.
['T27n1545_086:0445b23_10']	苦集諦一切隨眠隨增者。	苦集諦一切隨眠隨增者。	The statement The latent afflictions of the truths of suffering and accumulation increase means
['T27n1545_086:0445b24_10']	苦集二諦總攝三界九地五部諸有漏法故。	苦集二諦總攝三界九地五部諸有漏法故。	that the two truths of suffering and accumulation comprehensively include the contaminated dharmas of the three realms, nine stages, and five categories.
['T27n1545_086:0445b24_18']	為一切隨眠隨增。	為一切隨眠隨增。	Therefore, all latent afflictions increase.
['T27n1545_086:0445b25_8']	滅道諦無隨眠隨增。	滅道諦無隨眠隨增。	The truths of cessation and path are not increased by the latent afflictions.
['T27n1545_086:0445b26_5']	法類苦集滅道智三三摩地亦爾者。	法類苦集滅道智三三摩地亦爾者。	The three knowledges of dharmas, inferential, and of suffering, origin, cessation, and path are also like this.
['T27n1545_086:0445b26_18']	皆無漏故一切不為隨眠隨增。	皆無漏故一切不為隨眠隨增。	All are without outflows, and none are increased by the latent afflictions.
['T27n1545_086:0445b27_8']	三三摩地唯無漏者。	三三摩地唯無漏者。	The three samādhis are only without outflows.
['T27n1545_086:0445b28_3']	此中唯說三解脫門所攝定故。	此中唯說三解脫門所攝定故。	Here, only the samādhis included in the three gates of liberation are discussed.
['T27n1545_086:0445b28_16']	四靜慮色界一切隨眠隨增者。	四靜慮色界一切隨眠隨增者。	All latent afflictions of the form realm increase the four formless concentrations.
['T27n1545_086:0445b29_7']	此四靜慮通有漏無漏。	此四靜慮通有漏無漏。	These four formless concentrations are both with and without outflows.
['T27n1545_086:0445c01_6']	有漏者唯色界通五部通染污不染污。	有漏者唯色界通五部通染污不染污。	Those with outflows are only of the form realm, belonging to the five classes, and are both defiled and undefiled.
['T27n1545_086:0445c02_1']	若定若生皆是此四靜慮所攝。	若定若生皆是此四靜慮所攝。	Whether samādhi or birth, they are all included in these four formless concentrations.
['T27n1545_086:0445c02_14']	是故總為色界一切隨眠隨增。	是故總為色界一切隨眠隨增。	Therefore, they are collectively increased by all the latent afflictions of the form realm.
['T27n1545_086:0445c03_4', 'T27n1545_086:0445c03_12']	無漏者非隨眠隨增。🔽四無量色界遍行。	無漏者非隨眠隨增。 四無量色界遍行。	Those without outflows are not increased by the latent afflictions.🔽The form realm universal and
['T27n1545_086:0445c04_3']	及修所斷隨眠隨增者。	及修所斷隨眠隨增者。	the latent afflictions eliminated by cultivation increase the four immeasurables.
['T27n1545_086:0445c04_16']	此中唯說成滿無量唯在色界。	此中唯說成滿無量唯在色界。	Here, only the perfected immeasurables are said to be only in the form realm.
['T27n1545_086:0445c05_8']	然喜無量唯在初二靜慮。	然喜無量唯在初二靜慮。	However, the immeasurable joy is only in the first two concentrations.
['T27n1545_086:0445c06_6']	餘三無量通在四靜慮皆唯修所斷。	餘三無量通在四靜慮皆唯修所斷。	The remaining three immeasurables are found in the four meditations and are eliminated only by cultivation.
['T27n1545_086:0445c07_5']	是故總說色界遍行及修所斷隨眠隨增。	是故總說色界遍行及修所斷隨眠隨增。	Therefore, it is said in general that the universal contaminants of the form realm and those eliminated by cultivation increase in accordance with the latent tendencies.
['T27n1545_086:0445c07_13']	前三解脫八勝處。	前三解脫八勝處。	The first three liberations and eight spheres of mastery,
['T27n1545_086:0445c08_5']	前八遍處他心智亦爾者。	前八遍處他心智亦爾者。	the first eight universal bases, and the cognition of the minds of others are also like this.
['T27n1545_086:0445c09_1']	此中亦說成滿解脫勝處遍處故。	此中亦說成滿解脫勝處遍處故。	Here, it is also said that the perfected liberations, spheres of mastery, and universal bases are attained.
['T27n1545_086:0445c09_9']	唯色界修所斷攝。	唯色界修所斷攝。	They are only included in the realm of form and are eliminated by cultivation.
['T27n1545_086:0445c09_18']	依地差別如前應知。	依地差別如前應知。	The distinctions of the stages should be understood as before.
['T27n1545_086:0445c10_8']	他心智通有漏無漏。	他心智通有漏無漏。	The cognition of the minds of others is either contaminated or uncontaminated.
['T27n1545_086:0445c11_8']	有漏者唯在色界通四靜慮唯修所斷故。	有漏者唯在色界通四靜慮唯修所斷故。	The contaminated one is only in the realm of form, in the four meditations, and is eliminated only by cultivation.
['T27n1545_086:0445c12_2']	此及前三種有漏如無量說。	此及前三種有漏如無量說。	This and the first three kinds of contaminated ones are like the immeasurables.
['T27n1545_086:0445c12_16']	四無色無色界一切隨眠隨增者。	四無色無色界一切隨眠隨增者。	The four formless [absorptions] are increased by all the latent tendencies of the formless realm.
['T27n1545_086:0445c13_9']	四無色中前三通有漏無漏。	四無色中前三通有漏無漏。	Among the four formless [absorptions], the first three are either contaminated or uncontaminated.
['T27n1545_086:0445c13_15']	第四唯有漏。	第四唯有漏。	The fourth is only contaminated.
['T27n1545_086:0445c14_14']	諸有漏者唯無色界通五部通染污不染污。	諸有漏者唯無色界通五部通染污不染污。	The contaminated ones are only in the formless realm, in the five categories, and are either defiled or undefiled.
['T27n1545_086:0445c15_9']	若定若生皆是此四無色所攝。	若定若生皆是此四無色所攝。	Whether in concentration or in birth, they are all included in these four formless [absorptions].
['T27n1545_086:0445c16_5']	是故總為無色界一切隨眠隨增。	是故總為無色界一切隨眠隨增。	Therefore, all the latent afflictions of the formless realm increase together.
['T27n1545_086:0445c16_14']	無漏者非隨眠隨增。	無漏者非隨眠隨增。	The pure [mind] is not increased by the latent afflictions.
['T27n1545_086:0445c17_4']	後五解脫後二遍處。	後五解脫後二遍處。	The last five liberations and the last two bases of totality.
['T27n1545_086:0445c18_1']	無色界遍行及修所斷隨眠隨增者。	無色界遍行及修所斷隨眠隨增者。	The latent afflictions of the formless realm, the universal [contaminants], and those eliminated by cultivation increase.
['T27n1545_086:0445c18_11']	此中有漏者隨地差別。	此中有漏者隨地差別。	Among these, the contaminated [mind] is distinguished by the stages.
['T27n1545_086:0445c19_3']	皆唯無色界唯修所斷故。	皆唯無色界唯修所斷故。	They are only of the formless realm and are only eliminated by cultivation.
['T27n1545_086:0445c19_11']	有爾所隨眠隨增。	有爾所隨眠隨增。	There are so many latent afflictions that increase.
['T27n1545_086:0445c20_1']	無漏者非隨眠隨增。	無漏者非隨眠隨增。	The pure [mind] is not increased by the latent afflictions.
['T27n1545_086:0445c20_10']	世俗智除無漏緣見。	世俗智除無漏緣見。	Conventional knowledge, excluding the view of the pure [mind],
['T27n1545_086:0445c20_19']	餘一切隨眠隨增者。	餘一切隨眠隨增者。	all the latent afflictions increase.
['T27n1545_086:0445c21_11']	此世俗智通三界九地五部。	此世俗智通三界九地五部。	This conventional knowledge is common to the three realms, the nine stages, and the five categories.
['T27n1545_086:0445c22_5']	染污不染污一切有漏慧故。	染污不染污一切有漏慧故。	Because it is defiled and undefiled, all contaminated wisdom.
['T27n1545_086:0445c22_13']	有爾所隨眠隨增。	有爾所隨眠隨增。	There are so many latent afflictions that increase.
['T27n1545_086:0445c23_2']	除無漏緣見者。	除無漏緣見者。	Excluding the view of the pure [mind].
['T27n1545_086:0445c23_12']	謂除見滅道所斷邪見。	謂除見滅道所斷邪見。	That is, excluding the wrong views eliminated by the cessation and path [truths].
['T27n1545_086:0445c24_4']	彼於世俗智非所緣縛。	彼於世俗智非所緣縛。	They are not bound as objects of the conventional knowledge.
['T27n1545_086:0445c24_13']	緣無漏故非相應縛。	緣無漏故非相應縛。	Because they take the pure [mind] as their object, they are not bound as associations.
['T27n1545_086:0445c25_5']	自性與自性不相應故。	自性與自性不相應故。	Because the essence does not correspond to the essence.
['T27n1545_086:0445c25_14']	邪見即是世俗智故。	邪見即是世俗智故。	Because wrong views are precisely conventional knowledge.
['T27n1545_086:0445c26_11']	然諸隨眠於世俗智所緣相應二縛。	然諸隨眠於世俗智所緣相應二縛。	However, regarding the conventional knowledge of all latent afflictions, there are two bonds in terms of objects and concomitance.
['T27n1545_086:0445c27_1', 'T27n1545_086:0445c27_10']	差別應作四句。🔽或有隨眠於世俗智。	差別應作四句。 或有隨眠於世俗智。	The four alternatives should be made.
['T27n1545_086:0445c28_1']	為所緣縛非相應縛。	為所緣縛非相應縛。	There are latent afflictions that are bonds in terms of objects for conventional knowledge, but not bonds in terms of concomitance.
['T27n1545_086:0445c28_7', 'T27n1545_086:0445c28_16']	謂有漏緣見。🔽或有隨眠於世俗智。	謂有漏緣見。 或有隨眠於世俗智。	This refers to the views that take contaminated objects as their objects.
['T27n1545_086:0445c29_7', 'T27n1545_086:0445c29_14']	為相應縛非所緣縛。🔽謂除無漏緣見。	為相應縛非所緣縛。 謂除無漏緣見。	There are latent afflictions that are bonds in terms of concomitance for conventional knowledge, but not bonds in terms of objects.
['T27n1545_086:0446a01_4', 'T27n1545_086:0446a01_13']	諸餘無漏緣隨眠。🔽或有隨眠於世俗智。	諸餘無漏緣隨眠。 或有隨眠於世俗智。	This refers to the latent afflictions that take uncontaminated objects as their objects, excluding the views.
['T27n1545_086:0446a02_4', 'T27n1545_086:0446a02_11']	為所緣縛亦相應縛。🔽謂除有漏緣見。	為所緣縛亦相應縛。 謂除有漏緣見。	There are latent afflictions that are bonds in terms of objects and also bonds in terms of concomitance for conventional knowledge.
['T27n1545_086:0446a02_19']	諸餘有漏緣隨眠。	諸餘有漏緣隨眠。	This refers to the latent afflictions that take contaminated objects as their objects, excluding the views.
['T27n1545_086:0446a03_4']	此即總說。	此即總說。	This is the general explanation.
['T27n1545_086:0446a03_9']	若別說者。	若別說者。	If the specific explanation is given,
['T27n1545_086:0446a03_17']	若於彼為所緣縛。	若於彼為所緣縛。	if [a latent affliction] is a bond in terms of objects for that [conventional knowledge],
['T27n1545_086:0446a04_6']	即於彼非相應縛。	即於彼非相應縛。	then it is not a bond in terms of concomitance for that.
['T27n1545_086:0446a04_14']	若於彼為相應縛。	若於彼為相應縛。	If [a latent affliction] is a bond in terms of concomitance for that,
['T27n1545_086:0446a05_4']	即於彼非所緣縛。	即於彼非所緣縛。	then it is not a bond in terms of objects for that.🔽There are latent afflictions that are
['T27n1545_086:0446a05_13']	或有隨眠於世俗智。	或有隨眠於世俗智。	neither bonds in terms of objects nor bonds in terms of concomitance for conventional knowledge.
['T27n1545_086:0446a06_5']	非所緣縛亦非相應縛。	非所緣縛亦非相應縛。	It is neither bound by the object nor bound by association.
['T27n1545_086:0446a06_15']	謂無漏緣見於此義中。	謂無漏緣見於此義中。	This refers to the view that takes the uncontaminated as its object.
['T27n1545_086:0446a07_5', 'T27n1545_086:0446a07_14']	霧尊者說四句有異。🔽或有隨眠於世俗智。	霧尊者說四句有異。 或有隨眠於世俗智。	The Venerable Megha has a different four-part statement.
['T27n1545_086:0446a08_5']	為所緣縛非相應縛。	為所緣縛非相應縛。	There are some latent afflictions that are bound by the object in relation to conventional knowledge, but not bound by association.
['T27n1545_086:0446a09_1', 'T27n1545_086:0446a09_10']	謂自地緣世俗智見隨眠未斷。🔽或有隨眠於世俗智。	謂自地緣世俗智見隨眠未斷。 或有隨眠於世俗智。	This refers to the latent afflictions of the same stage that have not yet been eliminated in relation to the view of conventional knowledge that takes the same stage as its object.
['T27n1545_086:0446a10_1']	為相應縛非所緣縛。	為相應縛非所緣縛。	There are some latent afflictions that are bound by association in relation to conventional knowledge, but not bound by the object.
['T27n1545_086:0446a10_9']	謂除自地他界緣。	謂除自地他界緣。	This refers to the latent afflictions of other realms that are not eliminated,
['T27n1545_086:0446a10_14', 'T27n1545_086:0446a11_1']	或他地緣。🔽或自界他界緣。	或他地緣。 或自界他界緣。	or those that take other stages as their object,🔽or those that take the same realm and other realms as their object,
['T27n1545_086:0446a11_8']	或自地餘法緣。	或自地餘法緣。	or those that take other phenomena of the same stage as their object,
['T27n1545_086:0446a11_16', 'T27n1545_086:0446a12_4', 'T27n1545_086:0446a12_15']	或無漏緣見隨眠。🔽諸餘自地他界緣。🔽或他地緣或自界他界緣。	或無漏緣見隨眠。 諸餘自地他界緣。 或他地緣或自界他界緣。	or those that take the uncontaminated as their object.🔽The remaining latent afflictions of the same stage that are not eliminated,🔽or those that take other realms as their object,🔽or those that take other stages as their object, or those that take the same realm and other realms as their object,
['T27n1545_086:0446a13_3']	或自地餘法緣。	或自地餘法緣。	or those that take other phenomena of the same stage as their object,
['T27n1545_086:0446a13_12', 'T27n1545_086:0446a14_3']	或無漏緣隨眠未斷。🔽或有隨眠於世俗智。	或無漏緣隨眠未斷。 或有隨眠於世俗智。	or those that take the uncontaminated as their object.
['T27n1545_086:0446a14_12']	為所緣縛亦相應縛。	為所緣縛亦相應縛。	There are some latent afflictions that are bound by the object and also bound by association in relation to conventional knowledge.
['T27n1545_086:0446a15_6']	謂除自地緣世俗智見隨眠。	謂除自地緣世俗智見隨眠。	This refers to the latent afflictions of the view of conventional knowledge that take the same stage as their object, which have not yet been eliminated.
['T27n1545_086:0446a16_1']	諸餘自地緣世俗智隨眠未斷。	諸餘自地緣世俗智隨眠未斷。	The remaining latent afflictions of the same stage that are not yet eliminated, which take conventional knowledge as their object, are also the same.
['T27n1545_086:0446a16_6']	此即總說。	此即總說。	This is the general explanation.
['T27n1545_086:0446a16_11', 'T27n1545_086:0446a16_19']	若別說者。🔽若於彼為所緣縛。	若別說者。 若於彼為所緣縛。	If we explain it in detail,🔽if [a latent affliction] binds as an object in relation to [conventional knowledge],
['T27n1545_086:0446a17_14']	即於彼非相應縛若於彼為相應縛。	即於彼非相應縛若於彼為相應縛。	it does not bind as association. If [a latent affliction] binds as association in relation to [conventional knowledge],
['T27n1545_086:0446a18_5', 'T27n1545_086:0446a18_14']	即於彼非所緣縛。🔽或有隨眠於世俗智。	即於彼非所緣縛。 或有隨眠於世俗智。	it does not bind as an object.
['T27n1545_086:0446a19_6']	非所緣縛亦非相應縛。	非所緣縛亦非相應縛。	There are latent afflictions that do not bind as an object or as association in relation to conventional knowledge.
['T27n1545_086:0446a19_14']	謂一切他地隨眠。	謂一切他地隨眠。	This refers to all the latent afflictions of other stages,
['T27n1545_086:0446a20_3']	及自地隨眠已斷。	及自地隨眠已斷。	and the latent afflictions of the same stage that have already been eliminated.
['T27n1545_086:0446a20_8']	設未斷者。	設未斷者。	Even if they have not yet been eliminated,
['T27n1545_086:0446a20_14']	而是他界緣。	而是他界緣。	they are the latent afflictions that take other realms as their objects.
['T27n1545_086:0446a21_6']	或他地緣或自界他界緣。	或他地緣或自界他界緣。	Or they take other stages as their objects, or they take their own realm and other realms as their objects.
['T27n1545_086:0446a21_13']	或自地餘法緣。	或自地餘法緣。	Or they take the remaining dharmas of their own stage as their objects.
['T27n1545_086:0446a22_2']	或無漏緣見隨眠。	或無漏緣見隨眠。	Or they take the pure dharmas as their objects. The latent afflictions of the view of the aggregates as real,
['T27n1545_086:0446a22_12']	三重三摩地三界遍行。	三重三摩地三界遍行。	the three heavy samādhis, the universal [latent afflictions] of the three realms,
['T27n1545_086:0446a23_3']	及修所斷隨眠隨增者。	及修所斷隨眠隨增者。	and the latent afflictions eliminated by cultivation increase [in these cases].
['T27n1545_086:0446a23_13']	重三摩地通三界九地。	重三摩地通三界九地。	The three heavy samādhis are common to the nine stages of the three realms,
['T27n1545_086:0446a23_19']	唯修所斷故。	唯修所斷故。	and are only eliminated by cultivation.
['T27n1545_086:0446a24_7']	有爾所隨眠隨增。	有爾所隨眠隨增。	There are that many latent afflictions that increase.
['T27n1545_086:0446a25_4']	有身見結。	有身見結。	The fetter of the view of the aggregates as real,
['T27n1545_086:0446a25_11']	見苦所斷一切。	見苦所斷一切。	All [afflictions] eliminated by insight into the truth of suffering,
['T27n1545_086:0446a26_5']	及見集所斷遍行隨眠隨增者。	及見集所斷遍行隨眠隨增者。	and the omnipresent [afflictions] eliminated by insight into the truth of origination.
['T27n1545_086:0446a26_14']	謂三結中有身見結。	謂三結中有身見結。	This refers to the fetter of satkāya-drṛṣṭi among the three fetters.
['T27n1545_086:0446a27_7']	通三界九地唯見苦所斷故。	通三界九地唯見苦所斷故。	It is found in the three realms and nine stages, and is eliminated only by insight into the truth of suffering.
['T27n1545_086:0446a27_15', 'T27n1545_086:0446a28_4']	有爾所隨眠隨增。🔽有身見順下分結。	有爾所隨眠隨增。 有身見順下分結。	There are that many latent afflictions that increase.🔽The fetter of satkāya-drṛṣṭi is a lower fetter.
['T27n1545_086:0446a28_14']	有身見邊執見亦爾者。	有身見邊執見亦爾者。	The extreme views of satkāya-drṛṣṭi are also like this.
['T27n1545_086:0446a29_3']	謂五順下分結中。	謂五順下分結中。	This refers to the five lower fetters.
['T27n1545_086:0446a29_17']	有身見及五見中有身見邊執見。	有身見及五見中有身見邊執見。	Among the five views, the satkāya-drṛṣṭi and extreme views.
['T27n1545_086:0446b01_10']	亦通三界九地唯見苦所斷。	亦通三界九地唯見苦所斷。	They are also found in the three realms and nine stages, and are eliminated only by insight into the truth of suffering.
['T27n1545_086:0446b02_2']	如三結中有身見故。	如三結中有身見故。	Because it is like the satkāya-drṛṣṭi among the three fetters.
['T27n1545_086:0446b02_13']	戒禁取結見苦所斷一切。	戒禁取結見苦所斷一切。	The fetter of śīlavrataparāmarśa is eliminated by insight into the truth of suffering,
['T27n1545_086:0446b03_2']	及見集所斷遍行。	及見集所斷遍行。	and the omnipresent [afflictions] eliminated by insight into the truth of origination.
['T27n1545_086:0446b03_15']	見道所斷有漏緣隨眠隨增者。	見道所斷有漏緣隨眠隨增者。	The contaminants with impure objects eliminated by insight into the truth of the path that increase.
['T27n1545_086:0446b04_5']	謂三結中戒禁取結。	謂三結中戒禁取結。	This refers to the fetter of śīlavrataparāmarśa among the three fetters.
['T27n1545_086:0446b04_17']	通三界九地唯見苦道所斷。	通三界九地唯見苦道所斷。	It is found in the three realms and nine stages, and is eliminated only by insight into the truths of suffering and the path.
['T27n1545_086:0446b05_11']	唯有漏緣故有爾所隨眠隨增。	唯有漏緣故有爾所隨眠隨增。	Because it only has impure objects, there are that many latent afflictions that increase.
['T27n1545_086:0446b06_7']	見道所斷無漏緣隨眠於戒禁取。	見道所斷無漏緣隨眠於戒禁取。	The impure-only-percepts of the path of insight are not the bonds of the object of the clinging to precepts and vows.
['T27n1545_086:0446b06_16']	非所緣縛緣無漏故。	非所緣縛緣無漏故。	Because they do not take the impure as their object.
['T27n1545_086:0446b07_7']	非相應縛不相應故。	非相應縛不相應故。	They are not the bonds of association because they are not associated.
['T27n1545_086:0446b07_17']	戒禁取及戒禁取身繫。	戒禁取及戒禁取身繫。	The clinging to precepts and vows and the fetter of the clinging to precepts and vows,
['T27n1545_086:0446b08_9', 'T27n1545_086:0446b08_17']	順下分結戒禁取亦爾者。🔽謂四取中戒禁取。	順下分結戒禁取亦爾者。 謂四取中戒禁取。	and the clinging to precepts and vows as a lower fetter are also like this.🔽This means that among the four kinds of grasping, the grasping of precepts and vows,
['T27n1545_086:0446b09_6']	四身繫中戒禁取。	四身繫中戒禁取。	among the four kinds of fetters, the grasping of precepts and vows,
['T27n1545_086:0446b09_16']	五順下分結中戒禁取。	五順下分結中戒禁取。	among the five lower fetters, the grasping of precepts and vows,
['T27n1545_086:0446b10_4']	五見中戒禁取。	五見中戒禁取。	and among the five views, the grasping of precepts and vows,
['T27n1545_086:0446b10_17']	亦通三界九地唯見苦道所斷。	亦通三界九地唯見苦道所斷。	are also found in the three realms and nine stages, and are only eliminated by the paths of insight into suffering and into the path.
['T27n1545_086:0446b11_11']	唯有漏緣如三結中戒禁取故。	唯有漏緣如三結中戒禁取故。	They only have impure objects, just like the grasping of precepts and vows among the three bonds.
['T27n1545_086:0446b12_2']	疑結見所斷有漏緣。	疑結見所斷有漏緣。	The bond of doubt is eliminated by insight and has impure objects,
['T27n1545_086:0446b12_17']	及疑相應無漏緣無明隨眠隨增者。	及疑相應無漏緣無明隨眠隨增者。	and the proclivity of ignorance associated with doubt and having pure objects increases.
['T27n1545_086:0446b13_10']	謂三結中疑結通三界九地。	謂三結中疑結通三界九地。	This means that among the three bonds, the bond of doubt is found in the three realms and nine stages.
['T27n1545_086:0446b14_3']	前四部通有漏無漏緣故。	前四部通有漏無漏緣故。	Because the first four categories have both impure and pure objects.
['T27n1545_086:0446b14_11']	有爾所隨眠隨增。	有爾所隨眠隨增。	There are that many proclivities that increase.
['T27n1545_086:0446b15_1']	見所斷有漏緣者。	見所斷有漏緣者。	Those eliminated by insight have impure objects.
['T27n1545_086:0446b16_3']	謂見苦集所斷一切及見滅道所斷有漏緣隨眠。	謂見苦集所斷一切及見滅道所斷有漏緣隨眠。	That is, all those eliminated by seeing suffering and accumulation, and those eliminated by seeing cessation and path that are with outflows.
['T27n1545_086:0446b16_14']	見滅道所斷無漏緣隨眠。	見滅道所斷無漏緣隨眠。	The latent tendencies eliminated by seeing cessation and path that are with pure objects.
['T27n1545_086:0446b16_18']	於疑結。	於疑結。	In the fetter of doubt,
['T27n1545_086:0446b17_8']	非所緣縛緣無漏故。	非所緣縛緣無漏故。	it is not bound by the object, because it takes the pure as its object.
['T27n1545_086:0446b17_17']	非相應縛或異聚故。	非相應縛或異聚故。	It is not bound by association, because it is of a different group.
['T27n1545_086:0446b18_10']	或自性與自性不相應故。	或自性與自性不相應故。	Or because the intrinsic nature does not associate with the intrinsic nature.
['T27n1545_086:0446b19_2']	疑順下分結疑隨眠疑。	疑順下分結疑隨眠疑。	Doubt, the fetter of the lower part, the latent tendency of doubt,
['T27n1545_086:0446b19_7']	結亦爾者。	結亦爾者。	and the fetter are also like this.
['T27n1545_086:0446b19_17']	謂五順下分結中疑結。	謂五順下分結中疑結。	That is, among the five fetters of the lower part, the fetter of doubt.
['T27n1545_086:0446b20_5']	七隨眠中疑隨眠。	七隨眠中疑隨眠。	Among the seven latent tendencies, the latent tendency of doubt.
['T27n1545_086:0446b20_11']	九結中疑結。	九結中疑結。	Among the nine fetters, the fetter of doubt.
['T27n1545_086:0446b20_18']	亦通三界九地。	亦通三界九地。	Also, it is common to the three realms and the nine stages.
['T27n1545_086:0446b21_7']	前四部有漏無漏緣。	前四部有漏無漏緣。	The four categories have outflows and pure objects as their objects.
['T27n1545_086:0446b21_15']	如三結中疑結故。	如三結中疑結故。	Because it is like the fetter of doubt among the three fetters.
['T27n1545_086:0446b22_12']	貪瞋不善根欲界有漏緣隨眠隨增者。	貪瞋不善根欲界有漏緣隨眠隨增者。	The latent tendencies of the unwholesome roots of greed and hatred increase in the desire realm with outflows as their objects.
['T27n1545_086:0446b23_3']	謂三不善根中貪瞋。	謂三不善根中貪瞋。	That is, among the three unwholesome roots, greed and hatred.
['T27n1545_086:0446b23_10']	唯欲界通五部。	唯欲界通五部。	Only in the desire realm, common to the five categories.
['T27n1545_086:0446b24_4']	唯有漏緣故有爾所隨眠隨增。	唯有漏緣故有爾所隨眠隨增。	Because it only has outflows as its objects, there are that many latent tendencies that increase.
['T27n1545_086:0446b24_13']	無漏緣隨眠於貪瞋。	無漏緣隨眠於貪瞋。	The latent tendencies with pure objects in greed and hatred,
['T27n1545_086:0446b25_4']	非所緣縛緣無漏故。	非所緣縛緣無漏故。	Because they are not bound by the object, taking the undefiled as their object.
['T27n1545_086:0446b25_12']	非相應縛異聚故。	非相應縛異聚故。	Because they are not bound by association, being of different aggregates.
['T27n1545_086:0446b25_17']	餘准應知。	餘准應知。	The rest should be understood by analogy.
['T27n1545_086:0446b27_1']	前二身繫前二蓋瞋結前二順下分結前二隨眠。	前二身繫前二蓋瞋結前二順下分結前二隨眠。	The first two fetters, the first two hindrances, the enmity shackle, the first two lower fetters, and the first two latent afflictions,
['T27n1545_086:0446b27_7']	恚結亦爾者。	恚結亦爾者。	and the enmity shackle are also like this.
['T27n1545_086:0446b27_15', 'T27n1545_086:0446b28_2']	謂四身繫中貪瞋。🔽五蓋中貪瞋。	謂四身繫中貪瞋。 五蓋中貪瞋。	That is to say, among the four fetters, craving and enmity,🔽among the five hindrances, craving and enmity,
['T27n1545_086:0446b28_8']	五結中瞋結。	五結中瞋結。	among the five shackle, the enmity shackle,
['T27n1545_086:0446b28_17']	五順下分結中貪瞋。	五順下分結中貪瞋。	among the five lower fetters, craving and enmity,
['T27n1545_086:0446b29_6']	七隨眠中欲貪瞋恚。	七隨眠中欲貪瞋恚。	among the seven latent afflictions, desire-attachment and enmity,
['T27n1545_086:0446b29_12']	九結中恚結。	九結中恚結。	and among the nine shackle, the enmity shackle,
['T27n1545_086:0446c01_5']	亦唯欲界通五部唯有漏緣。	亦唯欲界通五部唯有漏緣。	are only in the desire realm, belonging to all five categories, and only have contaminated objects.
['T27n1545_086:0446c01_13']	如貪瞋不善根故。	如貪瞋不善根故。	This is because they are like the unwholesome roots of craving and enmity.
['T27n1545_086:0446c02_8']	癡不善根欲界除無漏緣無明。	癡不善根欲界除無漏緣無明。	The unwholesome root of delusion in the desire realm excludes the ignorance with uncontaminated objects.
['T27n1545_086:0446c02_17']	餘一切隨眠隨增者。	餘一切隨眠隨增者。	The rest of the latent afflictions increase.
['T27n1545_086:0446c03_5']	謂三不善根中。	謂三不善根中。	That is to say, among the three unwholesome roots,
['T27n1545_086:0446c04_1']	癡唯欲界通五部有漏無漏緣故。	癡唯欲界通五部有漏無漏緣故。	delusion is only in the desire realm, belonging to all five categories, and has contaminated and uncontaminated objects.
['T27n1545_086:0446c04_9']	有爾所隨眠隨增。	有爾所隨眠隨增。	There are just so many latent afflictions that increase.
['T27n1545_086:0446c04_17']	除無漏緣無明者。	除無漏緣無明者。	Excluding the ignorance with uncontaminated objects.
['T27n1545_086:0446c05_13']	見滅道所斷無漏緣相應不共無明。	見滅道所斷無漏緣相應不共無明。	The ignorance associated with and not commonly found with the views that are eliminated by the paths of vision of cessation and path,
['T27n1545_086:0446c06_1']	於癡不善根。	於癡不善根。	in the unwholesome root delusion,
['T27n1545_086:0446c06_10']	非所緣縛緣無漏故。	非所緣縛緣無漏故。	is not bound as an object, because it takes the pure as its object.
['T27n1545_086:0446c07_7']	非相應縛自性與自性不相應故。	非相應縛自性與自性不相應故。	It is not bound as an association, because its own nature does not associate with its own nature.
['T27n1545_086:0446c08_1']	欲漏欲界一切隨眠隨增者。	欲漏欲界一切隨眠隨增者。	As for the statement all proclivities increase in the flood, yoke, grasping, and the hindrances of desire,
['T27n1545_086:0446c08_14']	謂三漏中欲漏唯欲界通五部。	謂三漏中欲漏唯欲界通五部。	among the three floods, the flood of desire is only in the desire realm and is common to the five classes.
['T27n1545_086:0446c09_2']	有漏無漏緣故。	有漏無漏緣故。	Because it has the pure as its object,
['T27n1545_086:0446c09_10']	有爾所隨眠隨增。	有爾所隨眠隨增。	there are so many proclivities that increase.
['T27n1545_086:0446c10_8', 'T27n1545_086:0446c10_17']	欲暴流軛取惛沈睡眠掉舉蓋亦爾者。🔽謂四暴流中欲暴流。	欲暴流軛取惛沈睡眠掉舉蓋亦爾者。 謂四暴流中欲暴流。	As for the statement the same is true of the flood, yoke, grasping, and the hindrances of desire,🔽among the four floods, the flood of desire,
['T27n1545_086:0446c11_4']	四軛中欲軛。	四軛中欲軛。	among the four yokes, the yoke of desire,
['T27n1545_086:0446c11_10']	四取中欲取。	四取中欲取。	among the four graspings, the grasping of desire,
['T27n1545_086:0446c12_2']	五蓋中惛沈睡眠掉舉蓋。	五蓋中惛沈睡眠掉舉蓋。	among the five hindrances, the hindrances of torpor, sleep, and restlessness,
['T27n1545_086:0446c12_10']	亦唯欲界通五部。	亦唯欲界通五部。	are only in the desire realm and are common to the five classes.
['T27n1545_086:0446c13_2']	有漏無漏緣如欲漏故。	有漏無漏緣如欲漏故。	Because they have the pure as their object, like the flood of desire.
['T27n1545_086:0446c13_16']	有漏色無色界一切隨眠隨增者。	有漏色無色界一切隨眠隨增者。	As for the statement all proclivities increase in the flood, yoke, grasping, and the hindrances of existence,
['T27n1545_086:0446c14_13']	謂三漏中有漏通色無色界八地五部。	謂三漏中有漏通色無色界八地五部。	among the three floods, the flood of existence is common to the eight stages of the form and formless realms and the five classes.
['T27n1545_086:0446c15_2']	有漏無漏緣故。	有漏無漏緣故。	Because they take contaminated and uncontaminated objects as their objects.
['T27n1545_086:0446c15_10']	有爾所隨眠隨增。	有爾所隨眠隨增。	There are that many latent afflictions that increase.
['T27n1545_086:0446c16_2']	有暴流軛我語取亦爾者。	有暴流軛我語取亦爾者。	The same applies to the flood, yoke, grasping of self-theory.
['T27n1545_086:0446c16_11']	謂四暴流中有暴流。	謂四暴流中有暴流。	It means that within the four floods, there is the flood.
['T27n1545_086:0446c16_17']	四軛中有軛。	四軛中有軛。	Within the four yokes, there is the yoke.
['T27n1545_086:0446c17_4']	四取中我語取。	四取中我語取。	Within the four graspings, there is the grasping of self-theory.
['T27n1545_086:0446c17_15']	亦通色無色界八地五部。	亦通色無色界八地五部。	It also extends to the form and formless realms, the eight stages, and the five categories.
['T27n1545_086:0446c18_6']	有漏無漏緣如有漏故。	有漏無漏緣如有漏故。	Because it takes contaminated and uncontaminated objects as its objects, just as contaminated objects.
['T27n1545_086:0446c18_16']	無明漏除無漏緣無明。	無明漏除無漏緣無明。	The flood of ignorance excludes the ignorance that takes uncontaminated objects as its objects.
['T27n1545_086:0446c19_7']	餘一切隨眠隨增者。	餘一切隨眠隨增者。	The rest of the latent afflictions increase.
['T27n1545_086:0446c20_4']	謂三漏中無明漏通三界九地五部。	謂三漏中無明漏通三界九地五部。	It means that within the three floods, the flood of ignorance extends to the three realms, the nine stages, and the five categories.
['T27n1545_086:0446c20_11']	有漏無漏緣故。	有漏無漏緣故。	Because it takes contaminated and uncontaminated objects as its objects.
['T27n1545_086:0446c20_19']	有爾所隨眠隨增。	有爾所隨眠隨增。	There are that many latent afflictions that increase.
['T27n1545_086:0446c21_7', 'T27n1545_086:0446c21_13']	除無漏緣無明者。🔽彼於無明漏。	除無漏緣無明者。 彼於無明漏。	Excluding the ignorance that takes uncontaminated objects as its objects.
['T27n1545_086:0446c22_4']	非所緣縛緣無漏故。	非所緣縛緣無漏故。	That [ignorance] is not the object-bond of the flood of ignorance, because it takes uncontaminated objects as its objects.
['T27n1545_086:0446c23_1']	非相應縛自性與自性不相應故。	非相應縛自性與自性不相應故。	It is not the association-bond of the intrinsic nature, because the intrinsic nature does not associate with itself.
['T27n1545_086:0446c23_17']	無明暴流軛無明隨眠無明結亦爾者。	無明暴流軛無明隨眠無明結亦爾者。	The same applies to the flood, yoke, latent affliction, and bond of ignorance.
['T27n1545_086:0446c24_8']	謂四暴流中無明暴流。	謂四暴流中無明暴流。	It means that within the four floods, there is the flood of ignorance.
['T27n1545_086:0446c24_15']	四軛中無明軛。	四軛中無明軛。	Among the four yokes, the yoke of ignorance.
['T27n1545_086:0446c25_5']	七隨眠中無明隨眠。	七隨眠中無明隨眠。	Among the seven latent afflictions, the latent affliction of ignorance.
['T27n1545_086:0446c25_12']	九結中無明結。	九結中無明結。	Among the nine fetters, the fetter of ignorance.
['T27n1545_086:0446c26_2']	亦通三界九地五部。	亦通三界九地五部。	Also extends to the three realms, nine stages, and five categories.
['T27n1545_086:0446c26_13']	有漏無漏緣如無明漏故。	有漏無漏緣如無明漏故。	With contaminated and uncontaminated objects as conditions, it is like the flood of ignorance.
['T27n1545_086:0446c26_18']	見暴流軛。	見暴流軛。	The flood and yoke of views.
['T27n1545_086:0446c27_6']	見所斷有漏緣。	見所斷有漏緣。	The objects of views to be eliminated are contaminated objects,
['T27n1545_086:0446c27_14']	及見相應無漏緣。	及見相應無漏緣。	And the uncontaminated objects associated with views.
['T27n1545_086:0446c28_11']	無明隨眠隨增者謂四暴流中見暴流。	無明隨眠隨增者謂四暴流中見暴流。	The latent affliction of ignorance increases means that among the four floods, the flood of views.
['T27n1545_086:0446c29_7']	四軛中見軛通三界九地前四部。	四軛中見軛通三界九地前四部。	The yoke of views among the four yokes extends to the three realms, nine stages, and the first four categories.
['T27n1545_086:0446c29_14']	有漏無漏緣故。	有漏無漏緣故。	Because it has contaminated and uncontaminated objects as conditions.
['T27n1545_086:0447a01_3']	有爾所隨眠隨增。	有爾所隨眠隨增。	There are so many latent afflictions that increase.
['T27n1545_086:0447a01_11']	除無漏緣邪見疑。	除無漏緣邪見疑。	Excluding uncontaminated objects, wrong views and doubts,
['T27n1545_086:0447a01_19']	及彼疑相應無明。	及彼疑相應無明。	And the ignorance associated with those doubts,
['T27n1545_086:0447a02_8', 'T27n1545_086:0447a02_16']	并無漏緣不共無明。🔽以彼於見暴流軛。	并無漏緣不共無明。 以彼於見暴流軛。	And uncontaminated objects, the unique ignorance.
['T27n1545_086:0447a03_7']	非所緣縛緣無漏故。	非所緣縛緣無漏故。	Because they are not bound by the object-condition in the flood and yoke of views, they have uncontaminated objects as conditions.
['T27n1545_086:0447a04_4']	非相應縛自性與自性不相應故。	非相應縛自性與自性不相應故。	They are not bound by association because the intrinsic nature does not correspond with the intrinsic nature itself.
['T27n1545_086:0447a04_9']	或他聚故。	或他聚故。	Or because they belong to other groups.
['T27n1545_086:0447a05_3']	見取邪見見隨眠見結亦爾者。	見取邪見見隨眠見結亦爾者。	The same applies to the view-attainments, wrong views, the view-latency, and the view-fetters.
['T27n1545_086:0447a05_10']	謂四取中見取。	謂四取中見取。	It refers to the view-attainments among the four graspings.
['T27n1545_086:0447a05_16']	五見中邪見。	五見中邪見。	It refers to wrong views among the five views.
['T27n1545_086:0447a06_4']	七隨眠中見隨眠。	七隨眠中見隨眠。	It refers to the view-latency among the seven latent tendencies.
['T27n1545_086:0447a06_10']	九結中見結。	九結中見結。	It refers to the view-fetters among the nine fetters.
['T27n1545_086:0447a07_1']	亦通三界九地前四部。	亦通三界九地前四部。	They also pervade the three realms and the nine grounds, and the first four categories.
['T27n1545_086:0447a07_7']	有漏無漏緣。	有漏無漏緣。	They have contaminated and uncontaminated objects.
['T27n1545_086:0447a07_14']	如見暴流軛故。	如見暴流軛故。	Because they are like the flood of views and the yoke of views.
['T27n1545_086:0447a08_1']	此實執身繫。	此實執身繫。	This is the fetter of grasping at false views.
['T27n1545_086:0447a08_13']	見所斷有漏緣隨眠隨增者。	見所斷有漏緣隨眠隨增者。	The latent tendencies with contaminated objects to be eliminated by the path of seeing increase.
['T27n1545_086:0447a09_5']	謂四身繫中此實執身繫。	謂四身繫中此實執身繫。	It refers to the fetter of grasping at false views among the four fetters.
['T27n1545_086:0447a09_14']	通三界九地前四部。	通三界九地前四部。	It pervades the three realms and the nine grounds, and the first four categories.
['T27n1545_086:0447a10_1']	唯有漏緣故。	唯有漏緣故。	It only has contaminated objects.
['T27n1545_086:0447a10_9']	有爾所隨眠隨增。	有爾所隨眠隨增。	There are just so many latent tendencies that increase.
['T27n1545_086:0447a10_17']	見取取結亦爾者。	見取取結亦爾者。	The same applies to the grasping-at-attainments and the fetter of grasping.
['T27n1545_086:0447a11_4']	謂五見中見取。	謂五見中見取。	It refers to the grasping-at-attainments among the five views.
['T27n1545_086:0447a11_10']	九結中取結。	九結中取結。	It refers to the fetter of grasping among the nine fetters.
['T27n1545_086:0447a12_1']	亦通三界九地前四部。	亦通三界九地前四部。	It also pervades the three realms and the nine grounds, and the first four categories.
['T27n1545_086:0447a12_6']	唯有漏緣。	唯有漏緣。	It only has contaminated objects.
['T27n1545_086:0447a12_14']	如此實執身繫故。	如此實執身繫故。	Because it is like the fetter of grasping at false views.
['T27n1545_086:0447a13_11']	惡作蓋欲界遍行及修所斷隨眠隨增者。	惡作蓋欲界遍行及修所斷隨眠隨增者。	The latent tendencies of remorse, the hindrances, the pervasive [contaminants] of the desire realm, and those to be eliminated by cultivation increase.
['T27n1545_086:0447a14_8']	謂五蓋中惡作蓋唯欲界修所斷故。	謂五蓋中惡作蓋唯欲界修所斷故。	This means that among the five hindrances, the hindrance of remorse is only eliminated by cultivation in the desire realm.
['T27n1545_086:0447a14_16']	有爾所隨眠隨增。	有爾所隨眠隨增。	There are that many latent afflictions that increase.
['T27n1545_086:0447a15_14']	嫉慳結鼻舌觸所生愛身嫉慳結亦爾者。	嫉慳結鼻舌觸所生愛身嫉慳結亦爾者。	The fetters of envy and stinginess, and the bodily afflictions born from nose and tongue contact, are also like this.
['T27n1545_086:0447a16_4']	謂五結中嫉慳結。	謂五結中嫉慳結。	This means that among the five fetters, the fetters of envy and stinginess.
['T27n1545_086:0447a16_16']	六愛身中鼻舌觸所生愛身。	六愛身中鼻舌觸所生愛身。	Among the six bodily afflictions, the bodily afflictions born from nose and tongue contact.
['T27n1545_086:0447a17_4']	九結中嫉慳結。	九結中嫉慳結。	Among the nine fetters, the fetters of envy and stinginess.
['T27n1545_086:0447a17_17']	亦唯欲界修所斷如惡作蓋故。	亦唯欲界修所斷如惡作蓋故。	Are also only eliminated by cultivation in the desire realm, just like the hindrance of remorse.
['T27n1545_086:0447a18_9']	疑蓋欲界見所斷有漏緣。	疑蓋欲界見所斷有漏緣。	The hindrance of doubt in the desire realm is eliminated by insight, and has contaminated objects.
['T27n1545_086:0447a19_6']	及疑相應無漏緣無明隨眠隨增者。	及疑相應無漏緣無明隨眠隨增者。	And the latent afflictions of ignorance associated with doubt have uncontaminated objects that increase.
['T27n1545_086:0447a19_13']	謂五蓋中疑蓋。	謂五蓋中疑蓋。	This means that among the five hindrances, the hindrance of doubt.
['T27n1545_086:0447a20_2']	唯欲界通前四部。	唯欲界通前四部。	Is only in the desire realm and is common to the first four categories.
['T27n1545_086:0447a20_9']	有漏無漏緣故。	有漏無漏緣故。	Because it has contaminated and uncontaminated objects.
['T27n1545_086:0447a20_17']	有爾所隨眠隨增。	有爾所隨眠隨增。	There are that many latent afflictions that increase.
['T27n1545_086:0447a21_8']	除欲界無漏緣疑邪見。	除欲界無漏緣疑邪見。	Excluding doubt with uncontaminated objects in the desire realm, and wrong views,
['T27n1545_086:0447a21_17']	及彼邪見相應無明。	及彼邪見相應無明。	and the ignorance associated with that wrong view,
['T27n1545_086:0447a22_7', 'T27n1545_086:0447a22_13']	并無漏緣不共無明。🔽以彼於疑蓋。	并無漏緣不共無明。 以彼於疑蓋。	And uncontaminated objects that are not common to all.🔽Because they are not objects of grasping in relation to the hindrance of doubt.
['T27n1545_086:0447a23_4']	非所緣縛緣無漏故。	非所緣縛緣無漏故。	Because they have uncontaminated objects.
['T27n1545_086:0447a24_1']	非相應縛自性與自性不相應故。	非相應縛自性與自性不相應故。	Because the nature of the bonds of association is not associated with its own nature.
['T27n1545_086:0447a24_6']	或他聚故。	或他聚故。	Or because it belongs to another group.
['T27n1545_086:0447a25_1']	貪慢結三界有漏緣隨眠隨增者。	貪慢結三界有漏緣隨眠隨增者。	The latent tendencies of craving and pride increase in the three realms and in the objects of contamination.
['T27n1545_086:0447a25_9']	謂五結中貪慢結。	謂五結中貪慢結。	This refers to the bonds of craving and pride among the five bonds.
['T27n1545_086:0447a25_17']	通三界九地五部。	通三界九地五部。	They are common to the three realms, the nine grounds, and the five categories.
['T27n1545_086:0447a26_3']	唯有漏緣故。	唯有漏緣故。	They only have contaminated objects.
['T27n1545_086:0447a26_11']	有爾所隨眠隨增。	有爾所隨眠隨增。	There are that many latent tendencies that increase.
['T27n1545_086:0447a27_2']	意觸所生愛身慢隨眠。	意觸所生愛身慢隨眠。	The latent tendencies of craving and pride that arise from contact with the mind.
['T27n1545_086:0447a27_9']	愛慢結亦爾者。	愛慢結亦爾者。	The bonds of craving and pride are also like this.
['T27n1545_086:0447a28_2']	謂六愛身中意觸所生愛身。	謂六愛身中意觸所生愛身。	This refers to the craving that arises from contact with the mind among the six bases of craving.
['T27n1545_086:0447a28_10']	七隨眠中慢隨眠。	七隨眠中慢隨眠。	The latent tendencies of pride among the seven latent tendencies.
['T27n1545_086:0447a28_17']	九結中愛慢結。	九結中愛慢結。	The bonds of craving and pride among the nine bonds.
['T27n1545_086:0447a29_6']	亦通三界九地五部。	亦通三界九地五部。	They are also common to the three realms, the nine grounds, and the five categories.
['T27n1545_086:0447a29_11']	唯有漏緣。	唯有漏緣。	They only have contaminated objects.
['T27n1545_086:0447b01_1', 'T27n1545_086:0447b01_8']	如五結中貪慢結故。🔽色貪色界遍行。	如五結中貪慢結故。 色貪色界遍行。	Because they are like the bonds of craving and pride among the five bonds.🔽The latent tendencies of craving for form increase in the form realm and in the universal [grounds].
['T27n1545_086:0447b01_18']	及修所斷隨眠隨增者。	及修所斷隨眠隨增者。	And in the objects of cultivation.
['T27n1545_086:0447b02_8']	謂五順上分結中色貪。	謂五順上分結中色貪。	This refers to the craving for form among the five higher bonds.
['T27n1545_086:0447b02_17']	唯色界四地修所斷。	唯色界四地修所斷。	It is only in the four grounds of the form realm and is an object of cultivation.
['T27n1545_086:0447b03_7']	不還者身中現行故。	不還者身中現行故。	Because it is presently active in the body of a non-returner.
['T27n1545_086:0447b03_15']	有爾所隨眠隨增。	有爾所隨眠隨增。	The latent afflictions that increase in accordance with the number of objects are as follows.
['T27n1545_086:0447b04_14']	異生位中色界遍行已於彼貪有所緣縛故。	異生位中色界遍行已於彼貪有所緣縛故。	In the stage of ordinary beings, the universal [afflictions] of the form realm have already bound the craving for those [objects] through the connection of objects.
['T27n1545_086:0447b05_6']	無色貪無色界遍行。	無色貪無色界遍行。	The craving for the formless realm is the universal [afflictions] of the formless realm.
['T27n1545_086:0447b05_16', 'T27n1545_086:0447b06_8']	及修所斷隨眠隨增者。🔽謂五順上分結中無色貪。	及修所斷隨眠隨增者。 謂五順上分結中無色貪。	The latent afflictions that increase in accordance with the number of objects are as follows.
['T27n1545_086:0447b06_18']	唯無色界四地修所斷。	唯無色界四地修所斷。	Among the five higher fetters, the craving for the formless realm is only the four stages of the formless realm that are eliminated by cultivation.
['T27n1545_086:0447b07_8']	不還者身中現行故。	不還者身中現行故。	Because it is presently active in the body of a non-returner.
['T27n1545_086:0447b07_16']	有爾所隨眠隨增。	有爾所隨眠隨增。	The latent afflictions that increase in accordance with the number of objects are as follows.
['T27n1545_086:0447b08_2']	餘如前說。	餘如前說。	The rest is as explained above.
['T27n1545_086:0447b08_15']	後三順上分結色無色界遍行。	後三順上分結色無色界遍行。	The last three higher fetters are the universal [afflictions] of the form and formless realms.
['T27n1545_086:0447b09_6', 'T27n1545_086:0447b10_1']	及修所斷隨眠隨增者。🔽謂五順上分結中掉舉慢無明。	及修所斷隨眠隨增者。 謂五順上分結中掉舉慢無明。	The latent afflictions that increase in accordance with the number of objects are as follows.
['T27n1545_086:0447b10_13']	通色無色界八地唯修所斷。	通色無色界八地唯修所斷。	Among the five higher fetters, the agitation, pride, and ignorance are common to the eight stages of the form and formless realms and are only eliminated by cultivation.
['T27n1545_086:0447b11_3']	不還者身中現行故。	不還者身中現行故。	Because they are presently active in the body of a non-returner.
['T27n1545_086:0447b11_11']	有爾所隨眠隨增。	有爾所隨眠隨增。	The latent afflictions that increase in accordance with the number of objects are as follows.
['T27n1545_086:0447b11_16', 'T27n1545_086:0447b12_6']	餘如前說。🔽眼耳身觸所生愛身。	餘如前說。 眼耳身觸所生愛身。	The rest is as explained above.
['T27n1545_086:0447b12_12']	欲色界遍行。	欲色界遍行。	The love that arises from eye, ear, and body contact is universal in the desire and form realms.
['T27n1545_086:0447b13_3']	及修所斷隨眠隨增者。	及修所斷隨眠隨增者。	The meaning of the phrase the proclivities that increase in accordance with the proclivities that are to be eliminated by cultivation is as follows:
['T27n1545_086:0447b13_17']	謂六愛身中眼耳身觸所生愛身。	謂六愛身中眼耳身觸所生愛身。	The six bodies of craving are the bodies of craving produced by eye, ear, and body contact.
['T27n1545_086:0447b14_10']	通欲界初靜慮唯修所斷故。	通欲界初靜慮唯修所斷故。	They are only to be eliminated by cultivation in the desire realm and the first meditative absorption.
['T27n1545_086:0447b14_18']	有爾所隨眠隨增。	有爾所隨眠隨增。	There are that many proclivities that increase in accordance with them.
['T27n1545_086:0447b15_8']	有貪隨眠色無色界。	有貪隨眠色無色界。	The proclivity of craving in the form and formless realms.
['T27n1545_086:0447b15_17']	有漏緣隨眠隨增者。	有漏緣隨眠隨增者。	The meaning of the phrase the proclivities that increase in accordance with the proclivities that have impure objects is as follows:
['T27n1545_086:0447b16_8']	謂七隨眠中有貪隨眠。	謂七隨眠中有貪隨眠。	Among the seven proclivities, the proclivity of craving.
['T27n1545_086:0447b16_18']	通色無色界八地五部。	通色無色界八地五部。	It is common to the form and formless realms, the eight stages, and the five categories.
['T27n1545_086:0447b17_5']	唯有漏緣故。	唯有漏緣故。	It only has impure objects.
['T27n1545_086:0447b17_13']	有爾所隨眠隨增。	有爾所隨眠隨增。	There are that many proclivities that increase in accordance with it.
['T27n1545_086:0447b18_8']	欲界見苦所斷隨眠。	欲界見苦所斷隨眠。	The proclivities to be eliminated by seeing suffering in the desire realm.
['T27n1545_086:0447b18_17']	欲界見苦所斷一切。	欲界見苦所斷一切。	All those to be eliminated by seeing suffering in the desire realm.
['T27n1545_086:0447b19_11']	及見集所斷遍行隨眠隨增者。	及見集所斷遍行隨眠隨增者。	And the pervasive proclivities to be eliminated by seeing the origin.
['T27n1545_086:0447b20_10']	謂九十八隨眠中欲界見苦所斷十隨眠。	謂九十八隨眠中欲界見苦所斷十隨眠。	Among the ninety-eight proclivities, the ten proclivities to be eliminated by seeing suffering in the desire realm.
['T27n1545_086:0447b21_7']	一一皆為欲界見苦所斷一切隨眠。	一一皆為欲界見苦所斷一切隨眠。	Each of them is for all the proclivities to be eliminated by seeing suffering in the desire realm.
['T27n1545_086:0447b22_1']	及見集所斷遍行隨眠隨增。	及見集所斷遍行隨眠隨增。	And the pervasive proclivities to be eliminated by seeing the origin, they increase in accordance with them.
['T27n1545_086:0447b22_10']	欲界見集所斷隨眠。	欲界見集所斷隨眠。	The proclivities to be eliminated by seeing the origin in the desire realm.
['T27n1545_086:0447b22_19']	欲界見集所斷一切。	欲界見集所斷一切。	All [afflictions] to be eliminated by seeing the truth of origination in the desire realm.
['T27n1545_086:0447b23_12']	及見苦所斷遍行隨眠隨增者。	及見苦所斷遍行隨眠隨增者。	And the pervasive afflictions to be eliminated by seeing the truth of suffering increase.
['T27n1545_086:0447b24_11']	謂九十八隨眠中欲界見集所斷七隨眠。	謂九十八隨眠中欲界見集所斷七隨眠。	Among the ninety-eight afflictions, the seven afflictions to be eliminated by seeing the truth of origination in the desire realm.
['T27n1545_086:0447b25_8']	一一皆為欲界見集所斷一切隨眠。	一一皆為欲界見集所斷一切隨眠。	Each of them is for all the afflictions to be eliminated by seeing the truth of origination in the desire realm.
['T27n1545_086:0447b26_2']	及見苦所斷遍行隨眠隨增。	及見苦所斷遍行隨眠隨增。	And the pervasive afflictions to be eliminated by seeing the truth of suffering increase.
['T27n1545_086:0447b26_11']	欲界見滅所斷隨眠。	欲界見滅所斷隨眠。	The afflictions to be eliminated by seeing the truth of cessation in the desire realm.
['T27n1545_086:0447b27_8']	欲界見滅所斷除無漏緣不共無明。	欲界見滅所斷除無漏緣不共無明。	In the desire realm, except for the non-outflow, non-shared ignorance with the objects of the truth of cessation.
['T27n1545_086:0447b28_2']	餘一切及遍行隨眠隨增者。	餘一切及遍行隨眠隨增者。	The remaining all and the pervasive afflictions increase.
['T27n1545_086:0447b29_1']	謂九十八隨眠中欲界見滅所斷七隨眠。	謂九十八隨眠中欲界見滅所斷七隨眠。	Among the ninety-eight afflictions, the seven afflictions to be eliminated by seeing the truth of cessation in the desire realm.
['T27n1545_086:0447b29_12']	一一皆為爾所隨眠隨增。	一一皆為爾所隨眠隨增。	Each of them is for that many afflictions to increase.
['T27n1545_086:0447c01_2']	欲界見道所斷隨眠。	欲界見道所斷隨眠。	The afflictions to be eliminated by seeing the truth of the path in the desire realm.
['T27n1545_086:0447c01_17']	欲界見道所斷除無漏緣不共無明。	欲界見道所斷除無漏緣不共無明。	In the desire realm, except for the non-outflow, non-shared ignorance with the objects of the truth of the path.
['T27n1545_086:0447c02_10']	餘一切及遍行隨眠隨增者。	餘一切及遍行隨眠隨增者。	The remaining all and the pervasive afflictions increase.
['T27n1545_086:0447c03_9']	謂九十八隨眠中欲界見道所斷八隨眠。	謂九十八隨眠中欲界見道所斷八隨眠。	Among the ninety-eight afflictions, the eight afflictions to be eliminated by seeing the truth of the path in the desire realm.
['T27n1545_086:0447c04_2']	一一皆為爾所隨眠隨增。	一一皆為爾所隨眠隨增。	Each of them increases the corresponding latent afflictions.
['T27n1545_086:0447c04_9']	見滅道所斷中。	見滅道所斷中。	Among those abandoned by seeing cessation and path,
['T27n1545_086:0447c05_2']	俱說除無漏緣不共無明者。	俱說除無漏緣不共無明者。	it is said that the exception is the non-universal ignorance with impure objects.
['T27n1545_086:0447c05_7', 'T27n1545_086:0447c05_16']	彼於隨眠。🔽非所緣縛緣無漏故。	彼於隨眠。 非所緣縛緣無漏故。	As for the latent afflictions,🔽they are not bound by the object, because they take the pure as their object.
['T27n1545_086:0447c06_10']	非相應縛不與隨眠相應故。	非相應縛不與隨眠相應故。	They are not bound by association, because they are not associated with the latent afflictions.
['T27n1545_086:0447c07_1']	欲界修所斷隨眠。	欲界修所斷隨眠。	The latent afflictions abandoned by cultivation in the desire realm,
['T27n1545_086:0447c07_9']	欲界修所斷一切。	欲界修所斷一切。	all those abandoned by cultivation in the desire realm,
['T27n1545_086:0447c07_18']	及遍行隨眠隨增者。	及遍行隨眠隨增者。	and the universal latent afflictions increase.
['T27n1545_086:0447c08_6']	謂九十八隨眠中。	謂九十八隨眠中。	That is to say, among the ninety-eight latent afflictions,
['T27n1545_086:0447c08_15']	欲界修所斷四隨眠。	欲界修所斷四隨眠。	the four latent afflictions abandoned by cultivation in the desire realm,
['T27n1545_086:0447c09_7']	一一皆為爾所隨眠隨增。	一一皆為爾所隨眠隨增。	each of them increases the corresponding latent afflictions.
['T27n1545_086:0447c10_4']	色無色界五部隨眠廣說亦爾等者。	色無色界五部隨眠廣說亦爾等者。	The same extensive explanation applies to the latent afflictions of the five categories in the form and formless realms.
['T27n1545_086:0447c10_12']	謂九十八隨眠中。	謂九十八隨眠中。	That is to say, among the ninety-eight latent afflictions,
['T27n1545_086:0447c11_1']	色界五部三十一。	色界五部三十一。	there are thirty-one of the five categories in the form realm,
['T27n1545_086:0447c11_10', 'T27n1545_086:0447c11_19']	無色界五部三十一。🔽一一皆為自界自部。	無色界五部三十一。 一一皆為自界自部。	and thirty-one of the five categories in the formless realm.🔽Each of them increases the corresponding latent afflictions of the same realm and category,
['T27n1545_086:0447c12_7']	及遍行隨眠隨增。	及遍行隨眠隨增。	and the universal latent afflictions.
['T27n1545_086:0447c12_17']	廣如欲界說以相同故。	廣如欲界說以相同故。	The extensive explanation is the same as that of the desire realm, because the characteristics are the same.
['T27n1545_086:0447c13_100']	說一切有部發智大毘婆沙論卷第八十六	說一切有部發智大毘婆沙論卷第八十六	Abhidharma-mahāvibhāṣā-śāstra, fascicle 86
