segmentnr	original	analyzed	translated
['T27n1545_091:0467c22_0']	阿毘達磨大毘婆沙論卷第九十	阿毘達磨大毘婆沙論卷第九十	Abhidharma-mahāvibhāṣā-śāstra, fascicle 90
['T27n1545_091:0467c23_0']	一	一	one
['T27n1545_091:0467c25_0']	五百大阿羅漢等造	五百大阿羅漢等造	composed by 500 great arhats and others
['T27n1545_091:0467c28_7']	三藏法師玄奘奉　詔譯21結蘊第二中十門納息第四之二十一眼根乃至無色界。	三藏法師玄奘奉　詔譯21結蘊第二中十門納息第四之二十一眼根乃至無色界。	tripiṭaka master Xuanzang respectfully received
['T27n1545_091:0467c28_16']	修所斷無明隨眠滅。	修所斷無明隨眠滅。	the cessation of the latent tendency of ignorance that is to be eliminated by cultivation
['T27n1545_091:0467c29_4']	緣識及緣緣識。	緣識及緣緣識。	the consciousness that takes it as an object and the consciousness that takes it as an object of apprehension
['T27n1545_091:0467c29_12']	於九十八隨眠中。	於九十八隨眠中。	among the ninety-eight latent afflictions
['T27n1545_091:0468a01_2']	一一有幾隨眠隨增。	一一有幾隨眠隨增。	how many latent afflictions increase for each one?
['T27n1545_091:0468a01_9']	答眼根滅緣識。	答眼根滅緣識。	Answer: The consciousness that takes the cessation of the eye faculty as an object
['T27n1545_091:0468a01_15']	欲色界二部。	欲色界二部。	the two categories in the desire realm and form realm,
['T27n1545_091:0468a02_3']	及遍行隨眠隨增。	及遍行隨眠隨增。	and the omnipresent latent afflictions increase.
['T27n1545_091:0468a02_7']	緣緣識。	緣緣識。	The consciousness that takes it as an object of apprehension
['T27n1545_091:0468a02_14']	欲色界有為緣。	欲色界有為緣。	in the desire realm and form realm, the conditioned objects,
['T27n1545_091:0468a02_20']	無色界二部。	無色界二部。	the two categories in the formless realm,
['T27n1545_091:0468a03_7']	及遍行隨眠隨增。	及遍行隨眠隨增。	and the omnipresent latent afflictions increase.
['T27n1545_091:0468a03_18']	耳鼻舌身樂喜根滅緣識。	耳鼻舌身樂喜根滅緣識。	The consciousness that takes the cessation of the ear, nose, tongue, body, pleasure, and joy faculties as an object
['T27n1545_091:0468a04_6']	及緣緣識亦爾。	及緣緣識亦爾。	and the consciousness that takes it as an object of apprehension are also like this.
['T27n1545_091:0468a04_12']	女根滅緣識。	女根滅緣識。	The consciousness that takes the cessation of the female faculty as an object
['T27n1545_091:0468a04_17']	欲界二部。	欲界二部。	the two categories in the desire realm,
['T27n1545_091:0468a05_1']	及遍行。	及遍行。	and the omnipresent [latent afflictions],
['T27n1545_091:0468a05_6']	色界遍行。	色界遍行。	the omnipresent [latent afflictions] in the form realm,
['T27n1545_091:0468a05_15']	及修所斷隨眠隨增。	及修所斷隨眠隨增。	and the latent afflictions to be eliminated by cultivation increase.
['T27n1545_091:0468a05_19']	緣緣識。	緣緣識。	The consciousness that takes it as an object of apprehension
['T27n1545_091:0468a06_4']	欲界有為緣。	欲界有為緣。	in the desire realm, the conditioned objects,
['T27n1545_091:0468a06_9']	色界三部。	色界三部。	the three categories in the form realm,
['T27n1545_091:0468a06_15']	無色界遍行。	無色界遍行。	The universal [contaminants] of the formless realm,
['T27n1545_091:0468a07_4']	及修所斷隨眠隨增。	及修所斷隨眠隨增。	and the contaminants to be eliminated by cultivation increase.
['T27n1545_091:0468a07_12']	男苦憂根滅緣識。	男苦憂根滅緣識。	The consciousness that takes the male faculty, the faculty of suffering, and the faculty of sorrow as objects of cessation,
['T27n1545_091:0468a08_1']	及緣緣識亦爾。	及緣緣識亦爾。	and the consciousness that takes them as objects of condition as well, are also like this.
['T27n1545_091:0468a08_7']	命根滅緣識。	命根滅緣識。	The consciousness that takes the faculty of life as an object of cessation,
['T27n1545_091:0468a08_12']	三界二部。	三界二部。	the two categories of the three realms,
['T27n1545_091:0468a08_20']	及遍行隨眠隨增。	及遍行隨眠隨增。	and the universal contaminants increase.
['T27n1545_091:0468a09_3']	緣緣識。	緣緣識。	The consciousness that takes it as an object of condition,
['T27n1545_091:0468a09_13']	三界有為緣隨眠隨增。	三界有為緣隨眠隨增。	the contaminants that take conditioned things of the three realms as objects increase.
['T27n1545_091:0468a10_4']	意捨信等五根滅緣識。	意捨信等五根滅緣識。	The consciousness that takes the faculty of thought, the faculty of equanimity, and the five faculties such as faith as objects of cessation,
['T27n1545_091:0468a10_11']	及緣緣識亦爾。	及緣緣識亦爾。	and the consciousness that takes them as objects of condition as well, are also like this.
['T27n1545_091:0468a11_2']	通餘章義准此應知。	通餘章義准此應知。	The meaning of the remaining chapters should be understood by analogy with this.
['T27n1545_091:0468a12_16']	眼根乃至無色界修所斷無明隨眠斷道。	眼根乃至無色界修所斷無明隨眠斷道。	The path of eliminating the contaminants of the eye faculty up to the ignorance to be eliminated by cultivation in the formless realm,
['T27n1545_091:0468a13_5']	緣識及緣緣識。	緣識及緣緣識。	the consciousness that takes it as an object and the consciousness that takes it as an object of condition,
['T27n1545_091:0468a13_14']	一一有幾隨眠隨增。	一一有幾隨眠隨增。	how many contaminants increase for each?
['T27n1545_091:0468a14_1']	答眼根斷道。	答眼根斷道。	Answer: The path of eliminating the eye faculty,
['T27n1545_091:0468a14_8']	緣識及緣緣識。	緣識及緣緣識。	the consciousness that takes it as an object and the consciousness that takes it as an object of condition,
['T27n1545_091:0468a14_17']	三界四部隨眠隨增。	三界四部隨眠隨增。	the contaminants of the four categories of the three realms increase.
['T27n1545_091:0468a15_11']	耳鼻舌身命意捨信等五根斷道。	耳鼻舌身命意捨信等五根斷道。	The path of eliminating the ear, nose, tongue, body, faculty of life, faculty of thought, faculty of equanimity, and the five faculties such as faith,
['T27n1545_091:0468a16_2']	緣識及緣緣識亦爾。	緣識及緣緣識亦爾。	the consciousness that takes it as an object and the consciousness that takes it as an object of condition are also like this.
['T27n1545_091:0468a16_9']	女根斷道緣識。	女根斷道緣識。	The consciousness that takes the path of eliminating the female faculty as an object,
['T27n1545_091:0468a16_14']	欲界四部。	欲界四部。	The four types in the desire realm.
['T27n1545_091:0468a17_3']	色界三部隨眠隨增。	色界三部隨眠隨增。	The three types of latent afflictions in the form realm increase.
['T27n1545_091:0468a17_12']	緣緣識欲色界四部。	緣緣識欲色界四部。	The sixth consciousness as object condition and the sixth consciousness as object-object condition in the desire and form realms are of four types.
['T27n1545_091:0468a17_18', 'T27n1545_091:0468a18_6']	無色界二部。🔽及遍行隨眠隨增。	無色界二部。 及遍行隨眠隨增。	In the formless realm, they are of two types.🔽And the universal latent afflictions increase.
['T27n1545_091:0468a18_13']	男苦憂根斷道。	男苦憂根斷道。	The path of practice for severing the male faculty, the faculty of suffering, and the faculty of sorrow.
['T27n1545_091:0468a19_3']	緣識及緣緣識亦爾。	緣識及緣緣識亦爾。	The sixth consciousness as object condition and the sixth consciousness as object-object condition are also like this.
['T27n1545_091:0468a19_8']	樂根斷道。	樂根斷道。	The path of practice for severing the faculty of pleasure.
['T27n1545_091:0468a19_16']	緣識欲色界四部。	緣識欲色界四部。	The sixth consciousness as object condition in the desire and form realms is of four types.
['T27n1545_091:0468a20_2']	無色界二部。	無色界二部。	In the formless realm, it is of two types.
['T27n1545_091:0468a20_10']	及遍行隨眠隨增。	及遍行隨眠隨增。	And the universal latent afflictions increase.
['T27n1545_091:0468a20_14']	緣緣識。	緣緣識。	The sixth consciousness as object-object condition.
['T27n1545_091:0468a21_7']	三界四部隨眠隨增喜根斷道。	三界四部隨眠隨增喜根斷道。	The latent afflictions of the three realms are of four types and increase. The path of practice for severing the faculty of joy.
['T27n1545_091:0468a21_16']	緣識及緣緣識亦爾。	緣識及緣緣識亦爾。	The sixth consciousness as object condition and the sixth consciousness as object-object condition are also like this.
['T27n1545_091:0468a22_6']	通餘章義准此應知。	通餘章義准此應知。	The meaning of the remaining chapters should be understood by analogy with this.
['T27n1545_091:0468a23_14']	眼根乃至無色界修所斷無明隨眠。	眼根乃至無色界修所斷無明隨眠。	The eye faculty up to the ignorance to be eliminated by cultivation in the formless realm.
['T27n1545_091:0468a24_7', 'T27n1545_091:0468a24_17']	緣識及緣緣識所增隨眠。🔽幾為所緣縛非相應縛。	緣識及緣緣識所增隨眠。 幾為所緣縛非相應縛。	The sixth consciousness as object condition and the sixth consciousness as object-object condition increase the latent afflictions.🔽How many are bound by the object but not by association?🔽How many are bound by association but not by the object?
['T27n1545_091:0468a25_9', 'T27n1545_091:0468a26_2']	幾為相應縛非所緣縛。🔽幾為所緣縛亦相應縛。	幾為相應縛非所緣縛。🔽幾為所緣縛亦相應縛。	How many are bound by the object and also by association?
['T27n1545_091:0468a26_13']	幾非所緣縛亦非相應縛。	幾非所緣縛亦非相應縛。	How many are not bound by the object and also not bound by association?
['T27n1545_091:0468a27_5']	答眼根緣識所增隨眠。	答眼根緣識所增隨眠。	Answer: The latent afflictions that increase the consciousness associated with the eye faculty
['T27n1545_091:0468a27_15']	有為所緣縛非相應縛。	有為所緣縛非相應縛。	are bound by the conditioned object but not bound by association.
['T27n1545_091:0468a28_10']	謂欲色界見苦集所斷不遍行。	謂欲色界見苦集所斷不遍行。	Namely, the non-pervasive afflictions abandoned by seeing suffering and origin in the desire and form realms,
['T27n1545_091:0468a28_16']	無色界遍行。	無色界遍行。	the pervasive afflictions in the formless realm,
['T27n1545_091:0468a29_4']	及修所斷隨眠。	及修所斷隨眠。	and the latent afflictions abandoned by cultivation.
['T27n1545_091:0468a29_14', 'T27n1545_091:0468b01_8']	有為相應縛非所緣縛。🔽謂緣眼根欲色界他界地緣。	有為相應縛非所緣縛。 謂緣眼根欲色界他界地緣。	There are those bound by the conditioned association but not bound by the object.
['T27n1545_091:0468b01_13']	遍行隨眠。	遍行隨眠。	Namely, the pervasive latent afflictions that take the eye faculty as their object in the desire and form realms, and in other realms and stages.
['T27n1545_091:0468b02_5']	有為所緣縛亦相應縛。	有為所緣縛亦相應縛。	There are those bound by the conditioned object and also bound by association.
['T27n1545_091:0468b02_12']	謂欲色界遍行。	謂欲色界遍行。	Namely, the pervasive afflictions in the desire and form realms,
['T27n1545_091:0468b02_19']	及修所斷隨眠。	及修所斷隨眠。	and the latent afflictions abandoned by cultivation.
['T27n1545_091:0468b03_8']	眼根緣識所增隨眠。	眼根緣識所增隨眠。	The latent afflictions that increase the consciousness associated with the eye faculty
['T27n1545_091:0468b04_4']	非所緣縛亦非相應縛者無也。	非所緣縛亦非相應縛者無也。	are neither bound by the object nor bound by association.
['T27n1545_091:0468b04_12']	若非此所增隨眠。	若非此所增隨眠。	If the latent afflictions that do not increase this [consciousness]
['T27n1545_091:0468b05_8']	而於此非所緣縛亦非相應縛者。	而於此非所緣縛亦非相應縛者。	are neither bound by the object nor bound by association with this [consciousness],
['T27n1545_091:0468b05_14']	謂三界二部。	謂三界二部。	Namely, the two categories in the three realms,
['T27n1545_091:0468b06_11']	及無色界見苦集所斷不遍行隨眠。	及無色界見苦集所斷不遍行隨眠。	and the non-pervasive latent afflictions abandoned by seeing suffering and origin in the formless realm.
['T27n1545_091:0468b07_3']	眼根緣緣識所增隨眠。	眼根緣緣識所增隨眠。	The latent afflictions that increase the eye faculty's dominant condition and the consciousness that takes it as its object,
['T27n1545_091:0468b07_13']	有為所緣縛非相應縛。	有為所緣縛非相應縛。	are bound by the object of conditioned [dharmas], but not bound by association.
['T27n1545_091:0468b08_6', 'T27n1545_091:0468b08_16']	謂三界見道所斷有漏緣。🔽及無色界見苦集所斷。	謂三界見道所斷有漏緣。 及無色界見苦集所斷。	This refers to the contaminated objects that are abandoned by seeing the truth of the path in the three realms,
['T27n1545_091:0468b09_3']	不遍行隨眠。	不遍行隨眠。	and the non-pervasive latent afflictions abandoned by seeing the truths of suffering and accumulation in the formless realm.
['T27n1545_091:0468b09_13']	有為相應縛非所緣縛。	有為相應縛非所緣縛。	The conditioned [dharmas] are bound by association but not by the object.
['T27n1545_091:0468b10_6']	謂三界見道所斷無漏緣。	謂三界見道所斷無漏緣。	This refers to the pure objects abandoned by seeing the truth of the path in the three realms,
['T27n1545_091:0468b11_1']	及欲色界他界地緣遍行隨眠。	及欲色界他界地緣遍行隨眠。	and the pervasive latent afflictions with objects in other realms and stages in the desire and form realms.
['T27n1545_091:0468b11_11']	有為所緣縛亦相應縛。	有為所緣縛亦相應縛。	The conditioned [dharmas] are bound by both the object and association.
['T27n1545_091:0468b11_18']	謂欲色界三部。	謂欲色界三部。	This refers to the three categories in the desire and form realms,
['T27n1545_091:0468b12_5']	無色界遍行。	無色界遍行。	the pervasive [afflictions] in the formless realm,
['T27n1545_091:0468b12_12']	及修所斷隨眠。	及修所斷隨眠。	and the latent afflictions abandoned by cultivation.
['T27n1545_091:0468b13_4']	眼根緣緣識所增隨眠。	眼根緣緣識所增隨眠。	The latent afflictions that increase the eye faculty's dominant condition and the consciousness that takes it as its object,
['T27n1545_091:0468b13_17']	非所緣縛亦非相應縛者無也。	非所緣縛亦非相應縛者無也。	are neither bound by the object nor bound by association.
['T27n1545_091:0468b14_7']	若非此所增隨眠。	若非此所增隨眠。	If the latent afflictions do not increase in this [faculty],
['T27n1545_091:0468b14_15']	而於此非所緣縛。	而於此非所緣縛。	they are neither bound by the object of this [faculty],
['T27n1545_091:0468b15_4']	亦非相應縛者。	亦非相應縛者。	nor bound by association.
['T27n1545_091:0468b16_5']	謂三界見滅所斷一切隨眠耳鼻舌身根緣識。	謂三界見滅所斷一切隨眠耳鼻舌身根緣識。	This refers to all the latent afflictions abandoned by seeing the truth of cessation in the three realms, and the consciousness that takes the ear, nose, tongue, and body faculties as its objects.
['T27n1545_091:0468b16_16']	及緣緣識所增隨眠亦爾。	及緣緣識所增隨眠亦爾。	The same applies to the latent afflictions that increase due to the cognizing consciousness that takes it as its object.
['T27n1545_091:0468b17_6']	女根緣識所增隨眠。	女根緣識所增隨眠。	The latent afflictions that increase due to the cognizing consciousness that takes the female faculty as its object
['T27n1545_091:0468b17_16']	有為所緣縛非相應縛。	有為所緣縛非相應縛。	are bound by the object of the conditioned, but not by association.
['T27n1545_091:0468b18_10']	謂欲界見苦集所斷不遍行。	謂欲界見苦集所斷不遍行。	This refers to the non-pervasive afflictions eliminated by seeing suffering and its cause in the desire realm,
['T27n1545_091:0468b18_15']	色界遍行。	色界遍行。	the pervasive afflictions in the form realm,
['T27n1545_091:0468b19_3']	及修所斷隨眠。	及修所斷隨眠。	and the latent afflictions eliminated by cultivation.
['T27n1545_091:0468b19_16']	有為相應縛非所緣縛者無也。	有為相應縛非所緣縛者無也。	There are none that are bound by association with the conditioned, but not by the object.
['T27n1545_091:0468b20_8']	有為所緣縛亦相應縛。	有為所緣縛亦相應縛。	There are some that are bound by the object of the conditioned and also by association.
['T27n1545_091:0468b20_14']	謂欲界遍行。	謂欲界遍行。	This refers to the pervasive afflictions in the desire realm,
['T27n1545_091:0468b21_2']	及修所斷隨眠。	及修所斷隨眠。	and the latent afflictions eliminated by cultivation.
['T27n1545_091:0468b21_11']	女根緣識所增隨眠。	女根緣識所增隨眠。	The latent afflictions that increase due to the cognizing consciousness that takes the female faculty as its object🔽are neither bound by the object nor by association.
['T27n1545_091:0468b22_6']	非所緣縛亦非相應縛者無也。	非所緣縛亦非相應縛者無也。	There are none.
['T27n1545_091:0468b22_14']	若非此所增隨眠。	若非此所增隨眠。	If the latent afflictions do not increase in this [cognizing consciousness],
['T27n1545_091:0468b23_4']	而於此非所緣縛。	而於此非所緣縛。	they are neither bound by the object of this [cognizing consciousness]
['T27n1545_091:0468b23_11']	亦非相應縛者。	亦非相應縛者。	nor by association.
['T27n1545_091:0468b23_18']	謂欲色界二部。	謂欲色界二部。	This refers to the two categories in the desire and form realms,
['T27n1545_091:0468b24_10']	色界見苦集所斷不遍行。	色界見苦集所斷不遍行。	the non-pervasive afflictions eliminated by seeing suffering and its cause in the form realm,
['T27n1545_091:0468b25_1']	及無色界一切隨眠。	及無色界一切隨眠。	and all the latent afflictions in the formless realm.🔽The latent afflictions that increase due to the cognizing consciousness that takes the female faculty as its object and condition
['T27n1545_091:0468b25_11']	女根緣緣識所增隨眠。	女根緣緣識所增隨眠。	The latent afflictions that increase the consciousness that takes the female faculty as its object and dominant condition.
['T27n1545_091:0468b26_3']	有為所緣縛非相應縛。	有為所緣縛非相應縛。	The fetter of the object is not the fetter of association.
['T27n1545_091:0468b26_14']	謂欲界見道所斷有漏緣。	謂欲界見道所斷有漏緣。	It refers to the contaminated objects to be eliminated by seeing the path in the desire realm.
['T27n1545_091:0468b27_6']	色界見苦集所斷不遍行。	色界見苦集所斷不遍行。	The non-pervasive factors to be eliminated by seeing the truths of suffering and origin in the form realm.
['T27n1545_091:0468b27_12']	無色界遍行。	無色界遍行。	The pervasive factors in the formless realm.
['T27n1545_091:0468b27_19']	及修所斷隨眠。	及修所斷隨眠。	And the proclivities to be eliminated by cultivation.
['T27n1545_091:0468b28_9']	有為相應縛非所緣縛。	有為相應縛非所緣縛。	The fetter of association is not the fetter of the object.
['T27n1545_091:0468b29_3']	謂欲界見道所斷無漏緣。	謂欲界見道所斷無漏緣。	It refers to the pure objects to be eliminated by seeing the path in the desire realm.
['T27n1545_091:0468b29_16']	及欲色界他界地緣遍行隨眠。	及欲色界他界地緣遍行隨眠。	And the pervasive proclivities with objects in other realms and stages in the desire and form realms.
['T27n1545_091:0468c01_7']	有為所緣縛亦相應縛。	有為所緣縛亦相應縛。	The fetter of the object is also the fetter of association.
['T27n1545_091:0468c01_17']	謂欲界三部色界遍行。	謂欲界三部色界遍行。	It refers to the three categories in the desire realm, the pervasive factors in the form realm,
['T27n1545_091:0468c02_5', 'T27n1545_091:0468c02_15']	及修所斷隨眠。🔽女根緣緣識所增隨眠。	及修所斷隨眠。 女根緣緣識所增隨眠。	and the proclivities to be eliminated by cultivation.🔽The proclivities that increase with the consciousness that has the female faculty as its object are not the fetter of the object nor the fetter of association.
['T27n1545_091:0468c03_9']	非所緣縛亦非相應縛者無也。	非所緣縛亦非相應縛者無也。	There is none.
['T27n1545_091:0468c03_17']	若非此所增隨眠。	若非此所增隨眠。	If the proclivities do not increase with this,
['T27n1545_091:0468c04_7']	而於此非所緣縛。	而於此非所緣縛。	they are not the fetter of the object with regard to this,
['T27n1545_091:0468c04_14']	亦非相應縛者。	亦非相應縛者。	and also not the fetter of association.
['T27n1545_091:0468c05_4']	謂欲界見滅所斷。	謂欲界見滅所斷。	It refers to all that is to be eliminated by seeing cessation in the desire realm,
['T27n1545_091:0468c05_13']	一切色無色界二部。	一切色無色界二部。	and the two categories in the form and formless realms.
['T27n1545_091:0468c06_9', 'T27n1545_091:0468c06_15']	及無色界見苦集所斷不遍行隨眠。🔽男苦根緣識。	及無色界見苦集所斷不遍行隨眠。 男苦根緣識。	and the contaminants to be eliminated by insight into suffering and into the origin in the formless realm that are not universal.🔽The associated and the objects of the associated consciousnesses of the male faculty and the faculty of pain
['T27n1545_091:0468c07_7']	及緣緣識所增隨眠亦爾。	及緣緣識所增隨眠亦爾。	are also the same.
['T27n1545_091:0468c07_16']	命根緣識所增隨眠。	命根緣識所增隨眠。	The contaminants that increase with the consciousness that has the life faculty as its object
['T27n1545_091:0468c08_7']	有為所緣縛非相應縛。	有為所緣縛非相應縛。	are bound to the object of the conditioned, but not bound to association.
['T27n1545_091:0468c09_3']	謂三界見苦集所斷不遍行隨眠。	謂三界見苦集所斷不遍行隨眠。	They are the contaminants to be eliminated by insight into suffering and into the origin in the three realms that are not universal.
['T27n1545_091:0468c09_13']	有為相應縛非所緣縛。	有為相應縛非所緣縛。	The conditioned are bound to association, but not bound to the object.
['T27n1545_091:0468c10_10']	謂緣命根三界他界地緣遍行隨眠。	謂緣命根三界他界地緣遍行隨眠。	They are the contaminants that have the life faculty as their object in the three realms, the contaminants of other realms and stages that are universal.
['T27n1545_091:0468c11_2']	有為所緣縛亦相應縛。	有為所緣縛亦相應縛。	The conditioned are bound to the object and also bound to association.
['T27n1545_091:0468c11_14']	謂三界遍行及修所斷隨眠。	謂三界遍行及修所斷隨眠。	They are the universal contaminants and those to be eliminated by cultivation in the three realms.
['T27n1545_091:0468c12_4']	命根緣識所增隨眠。	命根緣識所增隨眠。	The contaminants that increase with the consciousness that has the life faculty as its object
['T27n1545_091:0468c12_9']	非所緣縛。	非所緣縛。	are not bound to the object,🔽and also not bound to association.
['T27n1545_091:0468c12_18']	亦非相應縛者無也。	亦非相應縛者無也。	There are none.
['T27n1545_091:0468c13_7']	若非此所增隨眠。	若非此所增隨眠。	If the contaminants do not increase with this,
['T27n1545_091:0468c13_15']	而於此非所緣縛。	而於此非所緣縛。	they are not bound to the object of this,
['T27n1545_091:0468c14_4']	亦非相應縛者。	亦非相應縛者。	and also not bound to association.
['T27n1545_091:0468c14_12']	謂三界三部隨眠。	謂三界三部隨眠。	They are the contaminants of the three categories in the three realms.
['T27n1545_091:0468c15_4']	命根緣緣識所增隨眠。	命根緣緣識所增隨眠。	The contaminants that increase with the consciousness that has the life faculty as its object and condition
['T27n1545_091:0468c15_14']	有為所緣縛非相應縛。	有為所緣縛非相應縛。	The conditioned are bound by the object but not by association.
['T27n1545_091:0468c16_9']	謂三界見道所斷有漏緣隨眠。	謂三界見道所斷有漏緣隨眠。	This refers to the latent afflictions that are to be eliminated by seeing the truth of the path in the three realms and have contaminated objects.
['T27n1545_091:0468c17_2']	有為相應縛非所緣縛。	有為相應縛非所緣縛。	The conditioned are bound by association but not by the object.
['T27n1545_091:0468c17_13']	謂三界見道所斷無漏緣。	謂三界見道所斷無漏緣。	This refers to the latent afflictions that are to be eliminated by seeing the truth of the path in the three realms and have pure objects,
['T27n1545_091:0468c18_6']	及三界他界地緣遍行隨眠。	及三界他界地緣遍行隨眠。	as well as the universal latent afflictions that take other realms and stages as their objects in the three realms.
['T27n1545_091:0468c18_16']	有為所緣縛亦相應縛。	有為所緣縛亦相應縛。	The conditioned are bound by both the object and association.
['T27n1545_091:0468c19_5']	謂三界三部隨眠。	謂三界三部隨眠。	This refers to the latent afflictions of the three categories in the three realms.
['T27n1545_091:0468c19_15']	命根緣緣識所增隨眠。	命根緣緣識所增隨眠。	The latent afflictions that increase through the consciousness that takes the life faculty as its object and condition.
['T27n1545_091:0468c20_9']	非所緣縛亦非相應縛者無也。	非所緣縛亦非相應縛者無也。	There are none that are not bound by the object and also not bound by association.
['T27n1545_091:0468c20_17']	若非此所增隨眠。	若非此所增隨眠。	If the latent afflictions do not increase in this [consciousness],
['T27n1545_091:0468c21_7']	而於此非所緣縛。	而於此非所緣縛。	then they are not bound by the object in this [consciousness],
['T27n1545_091:0468c21_14']	亦非相應縛者。	亦非相應縛者。	and also not bound by association in this [consciousness].
['T27n1545_091:0468c22_8']	謂三界見滅所斷一切隨眠。	謂三界見滅所斷一切隨眠。	This refers to all the latent afflictions that are to be eliminated by seeing the truth of cessation in the three realms.
['T27n1545_091:0468c22_13']	意根緣識。	意根緣識。	The consciousness that takes the mind faculty as its object,
['T27n1545_091:0468c23_3']	及緣緣識所增隨眠。	及緣緣識所增隨眠。	and the latent afflictions that increase through the consciousness that takes it as its object and condition.
['T27n1545_091:0468c23_16']	有為所緣縛非相應縛者無也。	有為所緣縛非相應縛者無也。	There are none that are bound by the object but not by association in the conditioned [realm].
['T27n1545_091:0468c24_8']	有為相應縛非所緣縛。	有為相應縛非所緣縛。	The conditioned are bound by association but not by the object.
['T27n1545_091:0468c25_1']	謂三界見道所斷無漏緣。	謂三界見道所斷無漏緣。	This refers to the latent afflictions that are to be eliminated by seeing the truth of the path in the three realms and have pure objects.
['T27n1545_091:0468c25_16']	及緣意根三界他界地緣遍行隨眠。	及緣意根三界他界地緣遍行隨眠。	And the universal contaminants of the three realms that take the mental faculty of other realms and stages as their objects.
['T27n1545_091:0468c26_7']	有為所緣縛亦相應縛。	有為所緣縛亦相應縛。	The contaminants that increase with the conditioned objects as their objects are also the contaminants that increase with the associated objects.
['T27n1545_091:0468c26_16']	謂三界有漏緣隨眠。	謂三界有漏緣隨眠。	That is, the contaminants of the three realms that take the contaminated as their objects.
['T27n1545_091:0468c27_6']	意根緣識所增隨眠。	意根緣識所增隨眠。	The contaminants that increase with the consciousnesses that take the mental faculty as their objects.
['T27n1545_091:0468c28_2']	非所緣縛亦非相應縛者無也。	非所緣縛亦非相應縛者無也。	There are none that are neither the contaminants that increase with the objects as their objects nor the contaminants that increase with the associated objects.
['T27n1545_091:0468c28_10']	若非此所增隨眠。	若非此所增隨眠。	If the contaminants do not increase with this [mental faculty],
['T27n1545_091:0468c28_18']	而於此非所緣縛。	而於此非所緣縛。	they are not the contaminants that increase with the objects as their objects.
['T27n1545_091:0468c29_6']	亦非相應縛者。	亦非相應縛者。	They are also not the contaminants that increase with the associated objects.
['T27n1545_091:0468c29_15']	謂三界無為緣隨眠。	謂三界無為緣隨眠。	That is, the contaminants of the three realms that take the unconditioned as their objects.
['T27n1545_091:0469a01_11']	捨根緣識及緣緣識所增隨眠亦爾。	捨根緣識及緣緣識所增隨眠亦爾。	The contaminants that increase with the consciousnesses that take the faculty of equanimity as their objects and the consciousnesses that take them as their objects as a condition are also like this.
['T27n1545_091:0469a02_2']	樂根緣識所增隨眠。	樂根緣識所增隨眠。	The contaminants that increase with the consciousnesses that take the faculty of pleasure as their objects.
['T27n1545_091:0469a02_8']	有為所緣縛。	有為所緣縛。	The conditioned objects as their objects are the contaminants that increase with the associated objects.
['T27n1545_091:0469a02_13']	非相應縛。	非相應縛。	They are not the contaminants that increase with the objects as their objects.
['T27n1545_091:0469a03_7']	謂欲無色界見道所斷有漏緣。	謂欲無色界見道所斷有漏緣。	That is, the contaminants of the desire realm and the formless realm that are eliminated by the path of seeing and take the contaminated as their objects.
['T27n1545_091:0469a03_18']	欲界見苦集所斷不遍行。	欲界見苦集所斷不遍行。	The non-pervasive contaminants of the desire realm that are eliminated by the paths of seeing suffering and seeing its origin.
['T27n1545_091:0469a04_5']	無色界遍行。	無色界遍行。	The pervasive contaminants of the formless realm.
['T27n1545_091:0469a04_12']	及修所斷隨眠。	及修所斷隨眠。	And the contaminants that are eliminated by cultivation.
['T27n1545_091:0469a05_4']	有為相應縛非所緣縛。	有為相應縛非所緣縛。	The conditioned associated objects are the contaminants that increase with the associated objects, but not the contaminants that increase with the objects as their objects.
['T27n1545_091:0469a05_15']	謂三界見道所斷無漏緣。	謂三界見道所斷無漏緣。	That is, the contaminants of the three realms that are eliminated by the path of seeing and take the uncontaminated as their objects.
['T27n1545_091:0469a06_12']	及緣樂根欲色界他界地緣遍行隨眠。	及緣樂根欲色界他界地緣遍行隨眠。	And the pervasive latent afflictions of the desire and form realms that take the faculty of pleasure as their object.
['T27n1545_091:0469a07_4']	有為所緣縛亦相應縛。	有為所緣縛亦相應縛。	The fetters of the conditioned objects and the fetters of association exist.
['T27n1545_091:0469a07_13']	謂欲界遍行修所斷。	謂欲界遍行修所斷。	Namely, the pervasive and cultivated latent afflictions of the desire realm,
['T27n1545_091:0469a08_3']	及色界有漏緣隨眠。	及色界有漏緣隨眠。	And the latent afflictions of the form realm that take the contaminated as their object.
['T27n1545_091:0469a08_10', 'T27n1545_091:0469a08_15']	樂根所增隨眠。🔽非所緣縛。	樂根所增隨眠。 非所緣縛。	The latent afflictions that increase with the faculty of pleasure,🔽Are not the fetters of the object,
['T27n1545_091:0469a09_5']	亦非相應縛者無也。	亦非相應縛者無也。	Nor are they the fetters of association.
['T27n1545_091:0469a09_13']	若非此所增隨眠。	若非此所增隨眠。	If the latent afflictions do not increase with this,
['T27n1545_091:0469a10_3']	而於此非所緣縛。	而於此非所緣縛。	They are not the fetters of the object with regard to this,
['T27n1545_091:0469a10_10']	亦非相應縛者。	亦非相應縛者。	Nor are they the fetters of association.
['T27n1545_091:0469a10_16', 'T27n1545_091:0469a11_13']	謂欲無色界。🔽見滅所斷一切色界見滅所斷無為緣。	謂欲無色界。 見滅所斷一切色界見滅所斷無為緣。	Namely, the desire and formless realms,🔽All the latent afflictions abandoned by seeing cessation in the form realm, and those that take the unconditioned as their object,
['T27n1545_091:0469a12_9']	無色界見苦集所斷不遍行隨眠。	無色界見苦集所斷不遍行隨眠。	And the non-pervasive latent afflictions abandoned by seeing suffering and accumulation in the formless realm.
['T27n1545_091:0469a13_1']	樂根緣緣識所增隨眠。	樂根緣緣識所增隨眠。	The latent afflictions that increase with the consciousness that takes the faculty of pleasure as its object,
['T27n1545_091:0469a13_11']	有為所緣縛非相應縛。	有為所緣縛非相應縛。	The fetters of the conditioned objects exist, but not the fetters of association.
['T27n1545_091:0469a14_8']	謂無色界見苦集所斷不遍行隨眠。	謂無色界見苦集所斷不遍行隨眠。	Namely, the non-pervasive latent afflictions abandoned by seeing suffering and accumulation in the formless realm.
['T27n1545_091:0469a15_1']	有為相應縛非所緣縛。	有為相應縛非所緣縛。	The fetters of association exist, but not the fetters of the objects.
['T27n1545_091:0469a15_12']	謂三界見道所斷無漏緣。	謂三界見道所斷無漏緣。	Namely, the pure objects abandoned by seeing the path in the three realms.
['T27n1545_091:0469a16_5']	及三界他界地緣遍行隨眠。	及三界他界地緣遍行隨眠。	and the pervasive latent afflictions of the three realms and other realms and stages.
['T27n1545_091:0469a16_15']	有為所緣縛亦相應縛。	有為所緣縛亦相應縛。	The fetters of the conditioned objects and the fetters of association exist.
['T27n1545_091:0469a17_9']	謂欲界三部見道所斷有漏緣。	謂欲界三部見道所斷有漏緣。	Namely, the three categories of the desire realm and the impure objects abandoned by the path of seeing.
['T27n1545_091:0469a17_17']	色界一切有漏緣。	色界一切有漏緣。	All the impure objects of the form realm.
['T27n1545_091:0469a18_4']	無色界遍行。	無色界遍行。	The pervasive [afflictions] of the formless realm.
['T27n1545_091:0469a18_12']	修所斷見道所斷。	修所斷見道所斷。	The impure objects abandoned by the path of cultivation and the path of seeing.
['T27n1545_091:0469a18_18']	有漏緣隨眠。	有漏緣隨眠。	The latent afflictions of the impure objects.
['T27n1545_091:0469a19_8']	樂根緣緣識所增隨眠。	樂根緣緣識所增隨眠。	The latent afflictions that increase with the consciousness that takes the faculty of pleasure as its object.
['T27n1545_091:0469a20_4']	非所緣縛亦非相應縛者無也。	非所緣縛亦非相應縛者無也。	There are none that are neither the fetters of the objects nor the fetters of association.
['T27n1545_091:0469a20_12', 'T27n1545_091:0469a21_2']	若非此所增隨眠。🔽而於此非所緣縛。	若非此所增隨眠。 而於此非所緣縛。	If the latent afflictions do not increase with this,🔽and are neither the fetters of the objects nor the fetters of association with this,
['T27n1545_091:0469a21_9']	亦非相應縛者。	亦非相應縛者。	then
['T27n1545_091:0469a22_14']	謂欲無色界見滅所斷一切及色界見滅所斷無為緣隨眠。	謂欲無色界見滅所斷一切及色界見滅所斷無為緣隨眠。	all those abandoned by the path of seeing in the desire and formless realms, and the latent afflictions with the unconditioned objects abandoned by the path of seeing in the form realm.
['T27n1545_091:0469a23_5']	喜根緣識所增隨眠。	喜根緣識所增隨眠。	The latent afflictions that increase with the consciousness that takes the faculty of joy as its object.
['T27n1545_091:0469a23_15']	有為所緣縛非相應縛。	有為所緣縛非相應縛。	The fetters of the conditioned objects but not the fetters of association.
['T27n1545_091:0469a24_4']	謂無色界遍行。	謂無色界遍行。	Namely, the pervasive [afflictions] of the formless realm.
['T27n1545_091:0469a24_13']	修所斷及見道所斷。	修所斷及見道所斷。	Those abandoned by the path of cultivation and the path of seeing.
['T27n1545_091:0469a24_19']	有漏緣隨眠。	有漏緣隨眠。	The latent afflictions of the impure objects.
['T27n1545_091:0469a25_9', 'T27n1545_091:0469a26_3']	有為相應縛非所緣縛。🔽謂三界見道所斷無漏緣。	有為相應縛非所緣縛。 謂三界見道所斷無漏緣。	There are those that are bound by association with conditioned [dharmas] but not bound by objects.
['T27n1545_091:0469a27_1']	及緣喜根欲色界他界地緣遍行隨眠。	及緣喜根欲色界他界地緣遍行隨眠。	Namely, the impure dharmas to be eliminated by seeing the path in the three realms, and the universal defilements that take joy as their object in the desire and form realms, and the defilements of other realms and stages.
['T27n1545_091:0469a27_7']	有為所緣縛。	有為所緣縛。	There are those that are bound by objects of conditioned [dharmas]
['T27n1545_091:0469a27_12']	亦相應縛。	亦相應縛。	and also bound by association.
['T27n1545_091:0469a28_5']	謂欲色界一切有漏緣隨眠。	謂欲色界一切有漏緣隨眠。	Namely, the latent afflictions that take all impure dharmas in the desire and form realms as their objects.
['T27n1545_091:0469a28_14', 'T27n1545_091:0469a28_19']	喜根緣識所增隨眠。🔽非所緣縛。	喜根緣識所增隨眠。 非所緣縛。	The latent afflictions that increase due to the consciousnesses that take joy as their object.🔽There are those that are neither bound by objects
['T27n1545_091:0469a29_8']	亦非相應縛者無也。	亦非相應縛者無也。	nor bound by association.
['T27n1545_091:0469a29_16']	若非此所增隨眠。	若非此所增隨眠。	If the latent afflictions do not increase in a certain [dharma],
['T27n1545_091:0469b01_6']	而於此非所緣縛。	而於此非所緣縛。	then they are neither bound by objects
['T27n1545_091:0469b01_13']	亦非相應縛者。	亦非相應縛者。	nor bound by association in that [dharma].
['T27n1545_091:0469b02_7']	謂欲色界見滅所斷無為緣。	謂欲色界見滅所斷無為緣。	Namely, the latent afflictions that take the unconditioned dharmas to be eliminated by seeing cessation in the desire and form realms as their objects,
['T27n1545_091:0469b03_10']	無色界見滅所斷一切及見苦集所斷不遍行隨眠。	無色界見滅所斷一切及見苦集所斷不遍行隨眠。	all the latent afflictions to be eliminated by seeing cessation in the formless realm, and the non-universal ones to be eliminated by seeing suffering and aggregation in the formless realm.
['T27n1545_091:0469b04_2']	喜根緣緣識所增隨眠。	喜根緣緣識所增隨眠。	The latent afflictions that increase due to the consciousnesses that take joy as their object and that take other dharmas as their objects.
['T27n1545_091:0469b04_12']	有為所緣縛非相應縛。	有為所緣縛非相應縛。	There are those that are bound by objects of conditioned [dharmas] but not bound by association.
['T27n1545_091:0469b05_9']	謂無色界見苦集所斷不遍行隨眠。	謂無色界見苦集所斷不遍行隨眠。	Namely, the non-universal latent afflictions to be eliminated by seeing suffering and aggregation in the formless realm.
['T27n1545_091:0469b06_2']	有為相應縛非所緣縛。	有為相應縛非所緣縛。	There are those that are bound by association with conditioned [dharmas] but not bound by objects.
['T27n1545_091:0469b06_13']	謂三界見道所斷無漏緣。	謂三界見道所斷無漏緣。	Namely, the impure objects of the three realms that are to be eliminated by the path of seeing.
['T27n1545_091:0469b07_6']	及三界他界地緣遍行隨眠。	及三界他界地緣遍行隨眠。	And the universal contaminants of the three realms that take other realms and stages as objects.
['T27n1545_091:0469b07_16']	有為所緣縛亦相應縛。	有為所緣縛亦相應縛。	There are those that are bound by objects and also bound by association with conditioned [dharmas].
['T27n1545_091:0469b08_7']	謂欲色界一切有漏緣。	謂欲色界一切有漏緣。	Namely, all the impure objects of the realms of desire and form.
['T27n1545_091:0469b08_13']	無色界遍行。	無色界遍行。	The universal [contaminants] of the formless realm.
['T27n1545_091:0469b09_7']	修所斷見道所斷有漏緣隨眠。	修所斷見道所斷有漏緣隨眠。	The contaminants to be eliminated by cultivation and by the path of seeing that take impure objects as objects.
['T27n1545_091:0469b09_17', 'T27n1545_091:0469b10_3']	喜根緣緣識所增隨眠。🔽非所緣縛。	喜根緣緣識所增隨眠。 非所緣縛。	The contaminants that increase through the recognition that takes the faculty of joy as its object.🔽There are none that are not bound by objects.
['T27n1545_091:0469b10_12']	亦非相應縛者無也。	亦非相應縛者無也。	Nor are there any that are not bound by association.
['T27n1545_091:0469b11_2']	若非此所增隨眠。	若非此所增隨眠。	If there are contaminants that do not increase through this [faculty of joy],
['T27n1545_091:0469b11_10']	而於此非所緣縛。	而於此非所緣縛。	then with regard to this [faculty of joy], they are not bound by objects.
['T27n1545_091:0469b11_17']	亦非相應縛者。	亦非相應縛者。	Nor are they bound by association.
['T27n1545_091:0469b12_10']	謂欲色界見滅所斷無為緣。	謂欲色界見滅所斷無為緣。	Namely, the objects of cessation of the realms of desire and form that take the unconditioned as objects.
['T27n1545_091:0469b13_5']	及無色界見滅所斷一切隨眠。	及無色界見滅所斷一切隨眠。	And all the contaminants of the formless realm that are to be eliminated by the path of cessation.
['T27n1545_091:0469b13_14']	憂根緣識所增隨眠。	憂根緣識所增隨眠。	The contaminants that increase through the recognition that takes the faculty of sorrow as its object.
['T27n1545_091:0469b14_5']	有為所緣縛非相應縛。	有為所緣縛非相應縛。	There are those that are bound by objects of conditioned [dharmas] but not bound by association.
['T27n1545_091:0469b14_11']	謂色界遍行。	謂色界遍行。	Namely, the universal [contaminants] of the realm of form.
['T27n1545_091:0469b14_18']	及修所斷隨眠。	及修所斷隨眠。	And the contaminants to be eliminated by cultivation.
['T27n1545_091:0469b15_12']	有為相應縛非所緣縛者無也。	有為相應縛非所緣縛者無也。	There is none that is bound by association with the conditioned but not bound by the object.
['T27n1545_091:0469b16_5']	有為所緣縛亦相應縛。	有為所緣縛亦相應縛。	There are those that are bound by the object and also bound by association with the conditioned.
['T27n1545_091:0469b16_16']	謂欲界一切有漏緣隨眠。	謂欲界一切有漏緣隨眠。	Namely, all the latent afflictions that take the contaminated factors of the desire realm as their object.
['T27n1545_091:0469b17_6']	憂根緣識所增隨眠。	憂根緣識所增隨眠。	The latent afflictions that increase due to the consciousness that takes the faculty of sorrow as its object.
['T27n1545_091:0469b18_2']	非所緣縛亦非相應縛者無也。	非所緣縛亦非相應縛者無也。	There is none that is not bound by the object and also not bound by association.
['T27n1545_091:0469b18_10']	若非此所增隨眠。	若非此所增隨眠。	If the latent afflictions do not increase in this [faculty of sorrow],
['T27n1545_091:0469b18_18']	而於此非所緣縛。	而於此非所緣縛。	then they are not bound by the object in this [faculty of sorrow].
['T27n1545_091:0469b19_6']	亦非相應縛者。	亦非相應縛者。	They are also not bound by association in this [faculty of sorrow].
['T27n1545_091:0469b19_15']	謂欲界一切無漏緣。	謂欲界一切無漏緣。	Namely, all the latent afflictions that take the uncontaminated factors of the desire realm as their object.
['T27n1545_091:0469b20_1']	色界二部。	色界二部。	The two types of latent afflictions in the form realm,
['T27n1545_091:0469b20_10']	及苦集所斷不遍行。	及苦集所斷不遍行。	and those that are eliminated by the path of insight into the truths of suffering and origination but are not pervasive.
['T27n1545_091:0469b20_19']	及無色界一切隨眠。	及無色界一切隨眠。	And all the latent afflictions in the formless realm.
['T27n1545_091:0469b21_9']	憂根緣緣識所增隨眠。	憂根緣緣識所增隨眠。	The latent afflictions that increase due to the consciousness that takes the faculty of sorrow as its object and also takes it as its object.
['T27n1545_091:0469b22_2']	有為所緣縛非相應縛。	有為所緣縛非相應縛。	There are those that are bound by the object of the conditioned but not bound by association.
['T27n1545_091:0469b22_14']	謂色界見苦集所斷不遍行。	謂色界見苦集所斷不遍行。	Namely, those that are eliminated by the path of insight into the truths of suffering and origination in the form realm but are not pervasive.
['T27n1545_091:0469b23_1']	無色界遍行。	無色界遍行。	Those that are pervasive in the formless realm,
['T27n1545_091:0469b23_8']	及修所斷隨眠。	及修所斷隨眠。	and those that are eliminated by cultivation.
['T27n1545_091:0469b23_18']	有為相應縛非所緣縛。	有為相應縛非所緣縛。	There are those that are bound by association with the conditioned but not bound by the object.
['T27n1545_091:0469b24_10']	謂欲界見道所斷無漏緣。	謂欲界見道所斷無漏緣。	Namely, those that take the uncontaminated factors as their object and are eliminated by the path of insight into the truth of the path in the desire realm.
['T27n1545_091:0469b25_4']	欲色界他界地緣遍行隨眠。	欲色界他界地緣遍行隨眠。	The pervasive latent afflictions of other realms and stages in the desire and form realms.
['T27n1545_091:0469b25_14']	有為所緣縛亦相應縛。	有為所緣縛亦相應縛。	The fetters of the conditioned objects and the fetters of association exist.
['T27n1545_091:0469b26_4']	謂欲界一切有漏緣。	謂欲界一切有漏緣。	Namely, all contaminated objects in the desire realm.
['T27n1545_091:0469b26_9']	色界遍行。	色界遍行。	The pervasive [afflictions] of the form realm.
['T27n1545_091:0469b26_16']	及修所斷隨眠。	及修所斷隨眠。	And the latent afflictions to be eliminated by cultivation.
['T27n1545_091:0469b27_7']	憂根緣緣識所增隨眠。	憂根緣緣識所增隨眠。	The latent afflictions that increase due to the object-condition of the faculty of sorrow.
['T27n1545_091:0469b27_12']	非所緣縛。	非所緣縛。	Are not fetters of the object.
['T27n1545_091:0469b28_3']	亦非相應縛者無也。	亦非相應縛者無也。	Nor are they fetters of association.
['T27n1545_091:0469b28_11', 'T27n1545_091:0469b29_1']	若非此所增隨眠。🔽而於此非所緣縛。	若非此所增隨眠。 而於此非所緣縛。	If the latent afflictions that do not increase this [faculty of sorrow],🔽Are not fetters of the object with regard to this [faculty of sorrow],
['T27n1545_091:0469b29_8']	亦非相應縛者。	亦非相應縛者。	And are also not fetters of association with regard to this [faculty of sorrow],
['T27n1545_091:0469c01_1']	謂欲界見滅所斷無為緣。	謂欲界見滅所斷無為緣。	Namely, the latent afflictions with unconditioned objects to be eliminated by the path of cultivation in the desire realm.
['T27n1545_091:0469c01_8']	色無色界二部。	色無色界二部。	The two categories in the form and formless realms.
['T27n1545_091:0469c02_4']	及無色界見苦集所斷不遍行隨眠。	及無色界見苦集所斷不遍行隨眠。	And the non-pervasive latent afflictions to be eliminated by seeing the truth of suffering and origination in the formless realm.
['T27n1545_091:0469c02_15']	信等五根緣識所增隨眠。	信等五根緣識所增隨眠。	The latent afflictions that increase due to the object-condition of the five faculties such as faith, etc.
['T27n1545_091:0469c03_7']	有為所緣縛非相應縛。	有為所緣縛非相應縛。	The fetters of the conditioned objects exist, but not the fetters of association.
['T27n1545_091:0469c04_1']	謂三界見苦集所斷不遍行。	謂三界見苦集所斷不遍行。	Namely, the non-pervasive [afflictions] to be eliminated by seeing the truths of suffering and origination in the three realms.
['T27n1545_091:0469c04_12']	及見道所斷有漏緣隨眠。	及見道所斷有漏緣隨眠。	And the contaminated objects to be eliminated by seeing the truth of the path.
['T27n1545_091:0469c05_4']	有為相應縛非所緣縛。	有為相應縛非所緣縛。	The fetters of association exist, but not the fetters of the object.
['T27n1545_091:0469c05_15']	謂三界見道所斷無漏緣。	謂三界見道所斷無漏緣。	Namely, the uncontaminated [dharmas] that are objects of the path of seeing to be eliminated in the three realms.
['T27n1545_091:0469c06_3']	及緣信等五根。	及緣信等五根。	Namely, the pure dharmas that are to be eliminated by the path of seeing in the three realms, and those that take the five roots such as faith as their objects.
['T27n1545_091:0469c06_14']	三界他界地緣遍行隨眠。	三界他界地緣遍行隨眠。	The universal contaminants that take other realms and stages as their objects in the three realms.
['T27n1545_091:0469c07_5']	有為所緣縛亦相應縛。	有為所緣縛亦相應縛。	The fetters of conditioned objects and the fetters of association.
['T27n1545_091:0469c07_11']	謂三界遍行。	謂三界遍行。	Namely, the universal contaminants in the three realms,
['T27n1545_091:0469c07_18']	及修所斷隨眠。	及修所斷隨眠。	and the contaminants to be eliminated by cultivation.
['T27n1545_091:0469c08_9', 'T27n1545_091:0469c08_14']	信等五根緣識所增隨眠。🔽非所緣縛。	信等五根緣識所增隨眠。 非所緣縛。	The contaminants that increase through taking the consciousness that takes the five roots such as faith as its object as their objects.🔽They are not the fetters of the objects,
['T27n1545_091:0469c09_4']	亦非相應縛者無也。	亦非相應縛者無也。	and they are also not the fetters of association.
['T27n1545_091:0469c09_12', 'T27n1545_091:0469c10_2']	若非此所增隨眠。🔽而於此非所緣縛。	若非此所增隨眠。 而於此非所緣縛。	If they do not increase the contaminants,🔽they are not the fetters of the objects with regard to them,
['T27n1545_091:0469c10_9']	亦非相應縛者。	亦非相應縛者。	and they are also not the fetters of association with regard to them.
['T27n1545_091:0469c11_2']	謂三界見滅所斷一切隨眠。	謂三界見滅所斷一切隨眠。	Namely, all the contaminants to be eliminated by the path of seeing in the three realms.
['T27n1545_091:0469c11_14']	信等五根緣緣識所增隨眠。	信等五根緣緣識所增隨眠。	The contaminants that increase through taking the consciousness that takes the five roots such as faith as its object as their objects.
['T27n1545_091:0469c13_1']	有為所緣縛非相應縛者無也有為相應縛非所緣縛。	有為所緣縛非相應縛者無也有為相應縛非所緣縛。	There are none that are the fetters of conditioned objects and not the fetters of association. There are conditioned fetters of association but not fetters of objects.
['T27n1545_091:0469c13_12']	謂三界見道所斷無漏緣。	謂三界見道所斷無漏緣。	Namely, the pure dharmas that are to be eliminated by the path of seeing in the three realms,
['T27n1545_091:0469c14_3']	及他界地緣遍行隨眠。	及他界地緣遍行隨眠。	and the universal contaminants that take other realms and stages as their objects.
['T27n1545_091:0469c14_13']	有為所緣縛亦相應縛。	有為所緣縛亦相應縛。	The fetters of conditioned objects and the fetters of association.
['T27n1545_091:0469c15_1']	謂三界三部。	謂三界三部。	Namely, the three divisions of the three realms.
['T27n1545_091:0469c15_12']	及見道所斷有漏緣隨眠。	及見道所斷有漏緣隨眠。	And the proclivities that are to be eliminated by the path of insight and have contaminated objects.
['T27n1545_091:0469c16_5']	信等五根緣緣識所增隨眠。	信等五根緣緣識所增隨眠。	The proclivities that increase through the object condition of the consciousness that has the five roots such as faith as its object.
['T27n1545_091:0469c17_1']	非所緣縛亦非相應縛者無也。	非所緣縛亦非相應縛者無也。	There are none that are neither bound by the object nor bound by association.
['T27n1545_091:0469c17_9']	若非此所增隨眠。	若非此所增隨眠。	If the proclivities do not increase through this,
['T27n1545_091:0469c17_14']	非所緣縛。	非所緣縛。	they are not bound by the object.
['T27n1545_091:0469c18_2']	亦非相應縛者。	亦非相應縛者。	They are also not bound by association.
['T27n1545_091:0469c18_14']	謂三界見滅所斷一切隨眠。	謂三界見滅所斷一切隨眠。	Namely, all the proclivities to be eliminated by insight in the three realms.
['T27n1545_091:0469c19_6']	三無漏根緣識所增隨眠。	三無漏根緣識所增隨眠。	The proclivities that increase through the consciousness that has the three pure roots as its object.
['T27n1545_091:0469c19_12']	有為所緣縛。	有為所緣縛。	They are bound by the object of the conditioned.
['T27n1545_091:0469c19_17']	非相應縛。	非相應縛。	They are not bound by association.
['T27n1545_091:0469c20_7']	謂三界遍行修所斷。	謂三界遍行修所斷。	Namely, the universal proclivities and those to be eliminated by cultivation in the three realms,
['T27n1545_091:0469c20_18']	及見道所斷有漏緣隨眠。	及見道所斷有漏緣隨眠。	and the proclivities that are to be eliminated by the path of insight and have contaminated objects in the three realms.
['T27n1545_091:0469c21_9']	有為相應縛非所緣縛。	有為相應縛非所緣縛。	They are bound by association of the conditioned, but not bound by the object.
['T27n1545_091:0469c22_5']	謂三界見道所斷無漏緣隨眠。	謂三界見道所斷無漏緣隨眠。	Namely, the proclivities that are to be eliminated by the path of insight in the three realms and have the pure objects as their object.
['T27n1545_091:0469c23_1']	有為所緣縛亦相應縛者無也。	有為所緣縛亦相應縛者無也。	There are none that are bound by the object of the conditioned and also bound by association.
['T27n1545_091:0469c23_12', 'T27n1545_091:0469c23_17']	三無漏根緣識所增隨眠。🔽非所緣縛。	三無漏根緣識所增隨眠。 非所緣縛。	The proclivities that increase through the consciousness that has the three pure roots as its object.🔽They are not bound by the object.
['T27n1545_091:0469c24_7']	亦非相應縛者無也。	亦非相應縛者無也。	They are also not bound by association. There are none.
['T27n1545_091:0469c24_15']	若非此所增隨眠。	若非此所增隨眠。	If it is not the proclivity that increases in this [object],
['T27n1545_091:0469c25_5']	而於此非所緣縛。	而於此非所緣縛。	it is not the object-bondage in this [object],
['T27n1545_091:0469c25_12']	亦非相應縛者。	亦非相應縛者。	and it is also not the association-bondage.
['T27n1545_091:0469c26_4']	謂三界見滅所斷一切。	謂三界見滅所斷一切。	This refers to all [proclivities] that are eliminated by seeing cessation in the three realms,
['T27n1545_091:0469c26_16']	及見苦集所斷不遍行隨眠。	及見苦集所斷不遍行隨眠。	and the proclivities that are eliminated by seeing suffering and seeing origination, which are not universal.
['T27n1545_091:0469c27_9']	三無漏根緣緣識所增隨眠。	三無漏根緣緣識所增隨眠。	The proclivities that increase in the dependent consciousness of the three pure faculties
['T27n1545_091:0469c28_2']	有為所緣縛非相應縛。	有為所緣縛非相應縛。	are object-bondage in conditioned [dharmas], but not association-bondage.
['T27n1545_091:0469c28_16']	謂三界見苦集所斷不遍行隨眠。	謂三界見苦集所斷不遍行隨眠。	This refers to the proclivities that are eliminated by seeing suffering and seeing origination in the three realms, which are not universal.
['T27n1545_091:0469c29_7']	有為相應縛非所緣縛。	有為相應縛非所緣縛。	There is association-bondage in conditioned [dharmas], but not object-bondage.
['T27n1545_091:0469c29_18']	謂三界見道所斷無漏緣。	謂三界見道所斷無漏緣。	This refers to the proclivities that are eliminated by seeing the path in the three realms, which have pure objects,
['T27n1545_091:0470a01_9']	及他界地緣遍行隨眠。	及他界地緣遍行隨眠。	and the universal proclivities that have other realms and stages as objects.
['T27n1545_091:0470a02_1']	有為所緣縛亦相應縛。	有為所緣縛亦相應縛。	There is both object-bondage and association-bondage in conditioned [dharmas].
['T27n1545_091:0470a02_10']	謂三界遍行修所斷。	謂三界遍行修所斷。	This refers to the universal proclivities in the three realms, those that are eliminated by cultivation,
['T27n1545_091:0470a03_2']	及見道所斷有漏緣隨眠。	及見道所斷有漏緣隨眠。	and the proclivities that are eliminated by seeing the path, which have contaminated objects.
['T27n1545_091:0470a03_14', 'T27n1545_091:0470a03_19']	三無漏根緣緣識所增隨眠。🔽非所緣縛。	三無漏根緣緣識所增隨眠。 非所緣縛。	The proclivities that increase in the dependent consciousness of the three pure faculties🔽are neither object-bondage nor association-bondage.
['T27n1545_091:0470a04_8']	亦非相應縛者無也。	亦非相應縛者無也。	There is none [that is neither].
['T27n1545_091:0470a04_16']	若非此所增隨眠。	若非此所增隨眠。	If it is not the proclivity that increases in this [object],
['T27n1545_091:0470a05_6']	而於此非所緣縛。	而於此非所緣縛。	But it is not bound to the non-object.
['T27n1545_091:0470a05_13']	亦非相應縛者。	亦非相應縛者。	But in this case, it is neither an object-bond nor an associated-bond.
['T27n1545_091:0470a06_7']	謂三界見滅所斷一切隨眠。	謂三界見滅所斷一切隨眠。	This refers to all the latent afflictions to be eliminated by seeing the truth of cessation in the three realms.
['T27n1545_091:0470a07_15']	通餘章義准此應知眼根乃至無色界修所斷無明隨眠滅。	通餘章義准此應知眼根乃至無色界修所斷無明隨眠滅。	The meaning of the remaining chapters should be understood by analogy with this. The cessation of the eye faculty up to the cessation of ignorance to be eliminated by cultivation in the formless realm,
['T27n1545_091:0470a08_8', 'T27n1545_091:0470a08_14']	緣識及緣緣識所增隨眠。🔽幾為所緣縛。	緣識及緣緣識所增隨眠。 幾為所緣縛。	the latent afflictions that increase due to the consciousness that takes them as objects and the consciousness that takes their objects as objects,
['T27n1545_091:0470a09_1', 'T27n1545_091:0470a09_7']	非相應縛。🔽幾為相應縛。	非相應縛。 幾為相應縛。	how many are object-bonds but not associated-bonds,
['T27n1545_091:0470a09_12']	非所緣縛。	非所緣縛。	how many are associated-bonds but not object-bonds,
['T27n1545_091:0470a09_18', 'T27n1545_091:0470a10_3', 'T27n1545_091:0470a10_9']	幾為所緣縛。🔽亦相應縛。🔽幾非所緣縛。	幾為所緣縛。 亦相應縛。 幾非所緣縛。	how many are both object-bonds and associated-bonds,
['T27n1545_091:0470a10_15']	亦非相應縛。	亦非相應縛。	and how many are neither object-bonds nor associated-bonds?
['T27n1545_091:0470a11_7']	答眼根滅緣識所增隨眠。	答眼根滅緣識所增隨眠。	The answer is: The latent afflictions that increase due to the consciousness that takes the cessation of the eye faculty as an object
['T27n1545_091:0470a11_17']	有為所緣縛非相應縛。	有為所緣縛非相應縛。	are object-bonds but not associated-bonds.
['T27n1545_091:0470a12_6']	謂欲色界遍行。	謂欲色界遍行。	This refers to the universal [afflictions] of the desire realm and form realm,
['T27n1545_091:0470a13_2']	修所斷及見滅所斷有為緣隨眠。	修所斷及見滅所斷有為緣隨眠。	and the latent afflictions with conditioned objects to be eliminated by cultivation and the latent afflictions to be eliminated by seeing the truth of cessation.
['T27n1545_091:0470a13_12']	有為相應縛非所緣縛。	有為相應縛非所緣縛。	They are associated-bonds but not object-bonds.
['T27n1545_091:0470a14_9']	謂欲色界見滅所斷無為緣隨眠。	謂欲色界見滅所斷無為緣隨眠。	This refers to the latent afflictions with unconditioned objects to be eliminated by seeing the truth of cessation in the desire realm and form realm.
['T27n1545_091:0470a15_4']	有為所緣縛亦相應縛者無也。	有為所緣縛亦相應縛者無也。	There is none that is both bound by the object and bound by association.
['T27n1545_091:0470a15_14']	眼根滅緣識所增隨眠。	眼根滅緣識所增隨眠。	The eye root ceases, and the associated latent afflictions increase in the consciousness that is the condition.
['T27n1545_091:0470a16_9', 'T27n1545_091:0470a17_7']	非所緣縛亦非相應縛者無也。🔽若非此所增隨眠而於此非所緣縛。	非所緣縛亦非相應縛者無也。 若非此所增隨眠而於此非所緣縛。	There is none that is neither bound by the object nor bound by association.
['T27n1545_091:0470a17_14']	亦非相應縛者。	亦非相應縛者。	If the latent afflictions do not increase in this [consciousness], they are neither bound by the object nor bound by association.
['T27n1545_091:0470a18_7', 'T27n1545_091:0470a18_16']	謂欲色界見道所斷一切。🔽見苦集所斷不遍行。	謂欲色界見道所斷一切。 見苦集所斷不遍行。	Namely, all [latent afflictions] eliminated during the path of seeing in the desire and form realms,
['T27n1545_091:0470a19_6']	及無色界一切隨眠。	及無色界一切隨眠。	and the non-pervasive [latent afflictions] eliminated during the [first] two truths of suffering and accumulation in the [formless] realm of formlessness.
['T27n1545_091:0470a19_14']	緣緣識所增隨眠。	緣緣識所增隨眠。	The latent afflictions that increase in the consciousness that is the condition
['T27n1545_091:0470a20_5']	有為所緣縛非相應縛。	有為所緣縛非相應縛。	are bound by the object but not bound by association.
['T27n1545_091:0470a20_16']	謂三界見道所斷有漏緣。	謂三界見道所斷有漏緣。	Namely, the [latent afflictions] eliminated during the path of seeing in the three realms that take contaminated [dharmas] as their objects,
['T27n1545_091:0470a21_9']	欲色界見苦集所斷不遍行。	欲色界見苦集所斷不遍行。	and the non-pervasive [latent afflictions] eliminated during the [first] two truths of suffering and accumulation in the desire and form realms,
['T27n1545_091:0470a21_16']	及無色界遍行。	及無色界遍行。	as well as the pervasive [latent afflictions] in the formless realm.
['T27n1545_091:0470a22_3']	修所斷隨眠。	修所斷隨眠。	The latent afflictions eliminated during [the path of] cultivation.
['T27n1545_091:0470a22_13']	有為相應縛非所緣縛。	有為相應縛非所緣縛。	Are bound by association but not bound by the object.
['T27n1545_091:0470a23_6']	謂三界見道所斷無漏緣。	謂三界見道所斷無漏緣。	Namely, the [latent afflictions] eliminated during the path of seeing in the three realms that take the uncontaminated [dharmas] as their objects,
['T27n1545_091:0470a24_1']	及欲色界他界地緣遍行隨眠。	及欲色界他界地緣遍行隨眠。	as well as the pervasive [latent afflictions] in the desire and form realms that take other realms and stages as their objects.
['T27n1545_091:0470a24_11']	有為所緣縛亦相應縛。	有為所緣縛亦相應縛。	Those that are both bound by the object and bound by association are:
['T27n1545_091:0470a24_18']	謂欲色界遍行。	謂欲色界遍行。	The universal [contaminants] of the desire and form realms,
['T27n1545_091:0470a25_13']	修所斷及見滅所斷有為緣隨眠。	修所斷及見滅所斷有為緣隨眠。	and the contaminants that are abandoned by seeing cessation, and have conditioned things as their objects.
['T27n1545_091:0470a26_6']	眼根滅緣緣識所增隨眠。	眼根滅緣緣識所增隨眠。	The contaminants that increase through the cognition of the cessation of the eye faculty,
['T27n1545_091:0470a27_2']	非所緣縛亦非相應縛者無也。	非所緣縛亦非相應縛者無也。	are neither bound by the object nor bound by association.
['T27n1545_091:0470a27_10', 'T27n1545_091:0470a27_18']	若非此所增隨眠。🔽而於此非所緣縛。	若非此所增隨眠。 而於此非所緣縛。	If the contaminants do not increase through this [cognition],🔽and are neither bound by the object nor bound by association with this [cognition],
['T27n1545_091:0470a28_6']	亦非相應縛者。	亦非相應縛者。	then
['T27n1545_091:0470a28_18']	謂欲色界見滅所斷無為緣。	謂欲色界見滅所斷無為緣。	The contaminants that have unconditioned things as their objects and are abandoned by seeing cessation in the desire and form realms,
['T27n1545_091:0470a29_9']	無色界見滅所斷一切。	無色界見滅所斷一切。	all those abandoned by seeing cessation in the formless realm,
['T27n1545_091:0470b01_2']	及見苦集所斷不遍行隨眠。	及見苦集所斷不遍行隨眠。	and the contaminants that are abandoned by seeing suffering and origination, but are not universal.
['T27n1545_091:0470b01_13']	耳鼻舌身樂喜根滅緣識。	耳鼻舌身樂喜根滅緣識。	The contaminants that increase through the cognition of the cessation of the ear, nose, tongue, body, pleasure, and joy faculties,
['T27n1545_091:0470b02_5']	及緣緣識所增隨眠亦爾。	及緣緣識所增隨眠亦爾。	and through the cognition of the cessation of their objects, are also like this.
['T27n1545_091:0470b02_15']	女根滅緣識所增隨眠。	女根滅緣識所增隨眠。	The contaminants that increase through the cognition of the cessation of the female faculty,
['T27n1545_091:0470b03_6']	有為所緣縛非相應縛。	有為所緣縛非相應縛。	are bound by the object of conditioned things, but not bound by association.
['T27n1545_091:0470b03_13']	謂欲色界遍行。	謂欲色界遍行。	They are the universal [contaminants] of the desire and form realms,
['T27n1545_091:0470b04_11']	修所斷及欲界見滅所斷有為緣隨眠。	修所斷及欲界見滅所斷有為緣隨眠。	and the contaminants that are abandoned by seeing cessation in the desire realm, and have conditioned things as their objects.
['T27n1545_091:0470b05_4']	有為相應縛非所緣縛。	有為相應縛非所緣縛。	There are those that are bound by association but not by object.
['T27n1545_091:0470b06_11']	謂欲界見滅所斷無為緣隨眠有為所緣縛亦相應縛者無也。	謂欲界見滅所斷無為緣隨眠有為所緣縛亦相應縛者無也。	Namely, the latent tendencies of the unconditioned that are to be eliminated by seeing cessation in the desire realm are not bound by either the conditioned object or by association.
['T27n1545_091:0470b07_3']	女根滅緣識所增隨眠。	女根滅緣識所增隨眠。	The latent tendencies that increase due to the consciousness that takes the cessation of the female faculty as its object.
['T27n1545_091:0470b07_16']	非所緣縛亦非相應縛者無也。	非所緣縛亦非相應縛者無也。	There are none that are not bound by object or by association.
['T27n1545_091:0470b08_6']	若非此所增隨眠。	若非此所增隨眠。	If they do not increase the latent tendencies,
['T27n1545_091:0470b08_14']	而於此非所緣縛。	而於此非所緣縛。	then they are not bound by object with regard to this.
['T27n1545_091:0470b09_3']	亦非相應縛者。	亦非相應縛者。	They are also not bound by association.
['T27n1545_091:0470b09_13']	謂欲界見道所斷一切。	謂欲界見道所斷一切。	Namely, all those to be eliminated by seeing the path in the desire realm,
['T27n1545_091:0470b10_3']	見苦集所斷不遍行。	見苦集所斷不遍行。	those to be eliminated by seeing suffering and origination that are not pervasive,
['T27n1545_091:0470b10_16']	色界二部見苦集所斷不遍行。	色界二部見苦集所斷不遍行。	those in the two categories to be eliminated by seeing suffering and origination in the form realm that are not pervasive,
['T27n1545_091:0470b11_6']	及無色界一切隨眠。	及無色界一切隨眠。	and all the latent tendencies in the formless realm.
['T27n1545_091:0470b11_14']	緣緣識所增隨眠。	緣緣識所增隨眠。	The latent tendencies that increase due to the consciousness that takes them as objects.
['T27n1545_091:0470b12_5']	有為所緣縛非相應縛。	有為所緣縛非相應縛。	They are bound by the conditioned object but not by association.
['T27n1545_091:0470b12_16']	謂欲界見道所斷有漏緣。	謂欲界見道所斷有漏緣。	Namely, those to be eliminated by seeing the path in the desire realm that have contaminated objects,
['T27n1545_091:0470b13_9']	欲色界見苦集所斷不遍行。	欲色界見苦集所斷不遍行。	those to be eliminated by seeing suffering and origination in the desire and form realms that are not pervasive,
['T27n1545_091:0470b14_3']	無色界遍行及修所斷隨眠。	無色界遍行及修所斷隨眠。	and the pervasive and those to be eliminated by cultivation in the formless realm.
['T27n1545_091:0470b14_13']	有為相應縛非所緣縛。	有為相應縛非所緣縛。	There are those that are bound by association with conditioned [dharmas] but not bound by objects.
['T27n1545_091:0470b15_6']	謂欲界見道所斷無漏緣。	謂欲界見道所斷無漏緣。	Namely, the pure [dharmas] to be eliminated by seeing the path in the desire realm,
['T27n1545_091:0470b16_1']	及欲色界他界地緣遍行隨眠。	及欲色界他界地緣遍行隨眠。	and the universal contaminants with objects in other realms and stages in the desire and form realms.
['T27n1545_091:0470b16_11']	有為所緣縛亦相應縛。	有為所緣縛亦相應縛。	There are those that are bound by objects and also bound by association with conditioned [dharmas].
['T27n1545_091:0470b17_14']	謂欲色界遍行修所斷及欲界見滅所斷有為緣隨眠。	謂欲色界遍行修所斷及欲界見滅所斷有為緣隨眠。	Namely, the universal contaminants and those to be eliminated by cultivation in the desire and form realms, and the conditioned contaminants to be eliminated by seeing cessation in the desire realm.
['T27n1545_091:0470b18_7']	女根滅緣緣識所增隨眠。	女根滅緣緣識所增隨眠。	The contaminants that increase with the consciousness that has the cessation of the female faculty as its object and the consciousness that has the cessation of the female faculty as its object and condition are
['T27n1545_091:0470b19_3']	非所緣縛亦非相應縛者無也。	非所緣縛亦非相應縛者無也。	not bound by objects and also not bound by association.
['T27n1545_091:0470b19_11']	若非此所增隨眠。	若非此所增隨眠。	If the contaminants do not increase with this [consciousness],
['T27n1545_091:0470b20_1']	而於此非所緣縛。	而於此非所緣縛。	then with regard to this [consciousness], they are not bound by objects,
['T27n1545_091:0470b20_8']	亦非相應縛者。	亦非相應縛者。	and also not bound by association.
['T27n1545_091:0470b21_1']	謂欲界見滅所斷無為緣。	謂欲界見滅所斷無為緣。	Namely, the unconditioned contaminants to be eliminated by seeing cessation in the desire realm,
['T27n1545_091:0470b21_8']	色無色界二部。	色無色界二部。	the two categories in the form and formless realms,
['T27n1545_091:0470b22_4']	及無色界見苦集所斷不遍行隨眠。	及無色界見苦集所斷不遍行隨眠。	and the non-universal contaminants to be eliminated by seeing suffering and origination in the formless realm.
['T27n1545_091:0470b23_4']	男苦憂根滅緣識及緣緣識所增隨眠亦爾。	男苦憂根滅緣識及緣緣識所增隨眠亦爾。	The contaminants that increase with the consciousness that has the cessation of the male faculty, the faculty of suffering, and the faculty of sorrow as its object and the consciousness that has the cessation of the male faculty, the faculty of suffering, and the faculty of sorrow as its object and condition are also like this.
['T27n1545_091:0470b23_14']	命根滅緣識所增隨眠。	命根滅緣識所增隨眠。	The contaminants that increase with the consciousness that has the cessation of the life faculty as its object are
['T27n1545_091:0470b24_5']	有為所緣縛非相應縛。	有為所緣縛非相應縛。	bound by objects but not bound by association with conditioned [dharmas].
['T27n1545_091:0470b24_14']	謂三界遍行修所斷。	謂三界遍行修所斷。	Namely, the universal and cultivated afflictions of the three realms,
['T27n1545_091:0470b25_6']	及見滅所斷有為緣隨眠。	及見滅所斷有為緣隨眠。	and the afflictions to be eliminated by the path of seeing that take conditioned phenomena as their objects.
['T27n1545_091:0470b25_16']	有為相應縛非所緣縛。	有為相應縛非所緣縛。	The conditioned phenomena are bound by association but not by objects.
['T27n1545_091:0470b26_11']	謂三界見滅所斷無為緣隨眠。	謂三界見滅所斷無為緣隨眠。	Namely, the afflictions to be eliminated by the path of seeing that take unconditioned phenomena as their objects of the three realms.
['T27n1545_091:0470b27_6']	有為所緣縛亦相應縛者無也。	有為所緣縛亦相應縛者無也。	There are none that are bound by both conditioned phenomena as objects and association.
['T27n1545_091:0470b27_16']	命根滅緣識所增隨眠。	命根滅緣識所增隨眠。	The afflictions that increase with the consciousness that takes the cessation of the life faculty as its object,
['T27n1545_091:0470b28_10']	非所緣縛亦非相應縛者無也。	非所緣縛亦非相應縛者無也。	are neither bound by objects nor by association.
['T27n1545_091:0470b29_1', 'T27n1545_091:0470b29_9']	若非此所增隨眠。🔽而於此非所緣縛。	若非此所增隨眠。 而於此非所緣縛。	If the afflictions do not increase with this [consciousness],
['T27n1545_091:0470b29_16']	亦非相應縛者。	亦非相應縛者。	they are neither bound by objects nor by association with this [consciousness].
['T27n1545_091:0470c01_7']	謂三界見道所斷一切。	謂三界見道所斷一切。	Namely, all those to be eliminated by the path of seeing of the three realms,
['T27n1545_091:0470c02_1']	及見苦集所斷不遍行隨眠。	及見苦集所斷不遍行隨眠。	and the universal afflictions to be eliminated by the paths of seeing of suffering and accumulation.
['T27n1545_091:0470c02_9']	緣緣識所增隨眠。	緣緣識所增隨眠。	The afflictions that increase with the consciousness that takes them as objects,
['T27n1545_091:0470c03_1']	有為所緣縛非相應縛。	有為所緣縛非相應縛。	are bound by conditioned phenomena as objects but not by association.
['T27n1545_091:0470c04_5']	謂三界見道所斷有漏緣及見苦集所斷不遍行隨眠。	謂三界見道所斷有漏緣及見苦集所斷不遍行隨眠。	Namely, the afflictions to be eliminated by the path of seeing of the three realms that take contaminated phenomena as their objects, and the universal afflictions to be eliminated by the paths of seeing of suffering and accumulation.
['T27n1545_091:0470c04_15']	有為相應縛非所緣縛。	有為相應縛非所緣縛。	The conditioned phenomena are bound by association but not by objects.
['T27n1545_091:0470c05_8']	謂三界見道所斷無漏緣。	謂三界見道所斷無漏緣。	Namely, the pure objects abandoned by the path of seeing in the three realms,
['T27n1545_091:0470c05_18']	及他界地緣遍行隨眠。	及他界地緣遍行隨眠。	and the universal contaminants that take objects in other realms and stages as their objects.
['T27n1545_091:0470c06_9']	有為所緣縛亦相應縛。	有為所緣縛亦相應縛。	The fetters of conditioned objects are also the fetters of association.
['T27n1545_091:0470c07_10']	謂三界遍行修所斷及見滅所斷有為緣隨眠。	謂三界遍行修所斷及見滅所斷有為緣隨眠。	Namely, the universal contaminants in the three realms, those abandoned by cultivation and by the path of seeing cessation, and the contaminants that take conditioned objects as their objects.
['T27n1545_091:0470c08_3']	命根滅緣緣識所增隨眠。	命根滅緣緣識所增隨眠。	The contaminants that increase with the consciousness that takes the cessation of the faculty of life as its object are also the fetters of association.
['T27n1545_091:0470c08_16']	非所緣縛亦非相應縛者無也。	非所緣縛亦非相應縛者無也。	There are none that are neither the fetters of object nor the fetters of association.
['T27n1545_091:0470c09_6']	若非此所增隨眠。	若非此所增隨眠。	If the contaminants do not increase with this,
['T27n1545_091:0470c09_14']	而於此非所緣縛。	而於此非所緣縛。	they are neither the fetters of object nor the fetters of association with this.
['T27n1545_091:0470c10_15']	亦非相應縛者謂三界見滅所斷無為緣隨眠。	亦非相應縛者謂三界見滅所斷無為緣隨眠。	Namely, the contaminants that take the unconditioned objects abandoned by the path of seeing cessation in the three realms as their objects.
['T27n1545_091:0470c11_5']	意捨信等五根滅。	意捨信等五根滅。	The cessation of the mental faculty and the faculties of faith, etc.,
['T27n1545_091:0470c11_18']	緣識及緣緣識所增隨眠亦爾。	緣識及緣緣識所增隨眠亦爾。	the contaminants that increase with the consciousness that takes them as objects and the consciousness that takes them as objects of objects are also like this.
['T27n1545_091:0470c12_8']	通餘章義准此應知。	通餘章義准此應知。	The meaning of the remaining chapters should be understood by analogy with this.
['T27n1545_091:0470c13_16']	眼根乃至無色界修所斷無明隨眠斷道。	眼根乃至無色界修所斷無明隨眠斷道。	The paths for abandoning the contaminants of the eye faculty up to the ignorance to be abandoned by cultivation in the formless realm,
['T27n1545_091:0470c14_9']	緣識及緣緣識所增隨眠。	緣識及緣緣識所增隨眠。	the consciousness that takes them as objects and the consciousness that takes them as objects of objects,
['T27n1545_091:0470c14_15']	幾為所緣縛。	幾為所緣縛。	how many contaminants that increase with them are fetters of object,
['T27n1545_091:0470c15_1']	非相應縛。	非相應縛。	but not fetters of association?
['T27n1545_091:0470c15_7']	幾為相應縛。	幾為相應縛。	How many are bound by association?
['T27n1545_091:0470c15_12']	非所緣縛。	非所緣縛。	Not bound by object?
['T27n1545_091:0470c15_18']	幾為所緣縛。	幾為所緣縛。	How many are bound by object?
['T27n1545_091:0470c16_3']	亦相應縛。	亦相應縛。	Also bound by association?
['T27n1545_091:0470c16_9']	幾非所緣縛。	幾非所緣縛。	How many are neither bound by object?
['T27n1545_091:0470c16_15']	亦非相應縛。	亦非相應縛。	Nor bound by association?
['T27n1545_091:0470c17_8']	答眼根斷道緣識所增隨眠。	答眼根斷道緣識所增隨眠。	Answer: The ancillaries of the path that eliminate the eye faculty are increased by the consciousness that takes them as objects.
['T27n1545_091:0470c18_1']	有為所緣縛非相應縛。	有為所緣縛非相應縛。	There are those that are bound by object but not by association.
['T27n1545_091:0470c18_12']	謂三界見道所斷有漏緣。	謂三界見道所斷有漏緣。	Namely, the ancillaries of the path of seeing in the three realms that take contaminated objects as their objects.
['T27n1545_091:0470c19_4']	見苦集所斷不遍行隨眠。	見苦集所斷不遍行隨眠。	The pervasive and non-pervasive ancillaries of the path of seeing that eliminate suffering and accumulation.
['T27n1545_091:0470c19_14']	有為相應縛非所緣縛。	有為相應縛非所緣縛。	There are those that are bound by association but not by object.
['T27n1545_091:0470c20_7']	謂三界見道所斷無漏緣。	謂三界見道所斷無漏緣。	Namely, the ancillaries of the path of seeing in the three realms that take pure objects as their objects.
['T27n1545_091:0470c21_2']	及欲色界他界地緣遍行隨眠。	及欲色界他界地緣遍行隨眠。	And the pervasive ancillaries of the path of seeing in the desire and form realms that take other realms and stages as their objects.
['T27n1545_091:0470c21_12']	有為所緣縛亦相應縛。	有為所緣縛亦相應縛。	There are those that are bound by object and also bound by association.
['T27n1545_091:0470c21_18']	謂三界遍行。	謂三界遍行。	Namely, the pervasive ancillaries of the path of seeing in the three realms.
['T27n1545_091:0470c22_16']	及修所斷隨眠眼根斷道緣識所增隨眠。	及修所斷隨眠眼根斷道緣識所增隨眠。	And the ancillaries of the path of cultivation that eliminate the eye faculty are increased by the consciousness that takes them as objects.
['T27n1545_091:0470c23_11']	非所緣縛亦非相應縛者無也。	非所緣縛亦非相應縛者無也。	There are none that are neither bound by object nor bound by association.
['T27n1545_091:0470c24_2']	若非此所增隨眠。	若非此所增隨眠。	If the ancillaries of the path are not increased by the ancillaries of the path,
['T27n1545_091:0470c24_10']	而於此非所緣縛。	而於此非所緣縛。	then they are not bound by object.
['T27n1545_091:0470c24_17']	亦非相應縛者。	亦非相應縛者。	It is also not the bond of association.
['T27n1545_091:0470c25_10']	謂三界見滅所斷一切隨眠。	謂三界見滅所斷一切隨眠。	It refers to all the latent tendencies eliminated by seeing cessation in the three realms.
['T27n1545_091:0470c25_18']	緣緣識所增隨眠。	緣緣識所增隨眠。	The latent tendencies that increase the cognizing subject that is the dominant condition.
['T27n1545_091:0470c26_12']	有為所緣縛非相應縛者無也。	有為所緣縛非相應縛者無也。	There is none that is the bond of the conditioned object but not the bond of association.
['T27n1545_091:0470c27_5', 'T27n1545_091:0470c27_16']	有為相應縛非所緣縛。🔽謂三界見道所斷無漏緣。	有為相應縛非所緣縛。 謂三界見道所斷無漏緣。	There is the bond of association of the conditioned but not the bond of the object.🔽It refers to the latent tendencies that are universal and take as their object the pure [truths] eliminated by seeing the path in the three realms.
['T27n1545_091:0470c28_7']	及他界地緣遍行隨眠。	及他界地緣遍行隨眠。	And the latent tendencies of other realms and stages.
['T27n1545_091:0470c28_17']	有為所緣縛亦相應縛。	有為所緣縛亦相應縛。	There is the bond of the conditioned object and also the bond of association.
['T27n1545_091:0470c29_4']	謂三界三部。	謂三界三部。	It refers to the three categories in the three realms.
['T27n1545_091:0470c29_15']	及見道所斷有漏緣隨眠。	及見道所斷有漏緣隨眠。	And the latent tendencies that take as their object the impure [truths] eliminated by seeing the path.
['T27n1545_091:0471a01_8']	眼根斷道緣緣識所增隨眠。	眼根斷道緣緣識所增隨眠。	The latent tendencies that increase the cognizing subject that is the dominant condition of the object of the path of elimination of the eye faculty.
['T27n1545_091:0471a02_4']	非所緣縛亦非相應縛者無也。	非所緣縛亦非相應縛者無也。	There is none that is neither the bond of the object nor the bond of association.
['T27n1545_091:0471a02_12']	若非此所增隨眠。	若非此所增隨眠。	If the latent tendencies do not increase this [cognizing subject],
['T27n1545_091:0471a03_2']	而於此非所緣縛。	而於此非所緣縛。	while [the latent tendencies] are not the bond of the object with regard to this [cognizing subject],
['T27n1545_091:0471a03_9']	亦非相應縛者。	亦非相應縛者。	they are also not the bond of association.
['T27n1545_091:0471a04_2']	謂三界見滅所斷一切隨眠。	謂三界見滅所斷一切隨眠。	It refers to all the latent tendencies eliminated by seeing cessation in the three realms.
['T27n1545_091:0471a04_10']	耳鼻舌身根斷道。	耳鼻舌身根斷道。	The path of elimination of the ear, nose, tongue, and body faculties,
['T27n1545_091:0471a05_4']	緣識及緣緣識所增隨眠亦爾。	緣識及緣緣識所增隨眠亦爾。	the latent tendencies that increase the cognizing subject that is the dominant condition and the cognizing subject that is the dominant condition of the object are also the same.
['T27n1545_091:0471a05_15']	女根斷道緣識所增隨眠。	女根斷道緣識所增隨眠。	The anusaya that increase with the consciousness that takes as its object the path of abandoning the female faculty,
['T27n1545_091:0471a06_6']	有為所緣縛非相應縛。	有為所緣縛非相應縛。	are bound by the object of the conditioned, but not bound by association.
['T27n1545_091:0471a06_17']	謂欲界見道所斷有漏緣。	謂欲界見道所斷有漏緣。	Namely, the anusaya that are to be abandoned by seeing the truth of the path in the desire realm and have contaminated objects,
['T27n1545_091:0471a07_13']	及欲色界見苦集所斷不遍行隨眠。	及欲色界見苦集所斷不遍行隨眠。	and the anusaya that are to be abandoned by seeing the truths of suffering and origin in the desire and form realms and are not universal.
['T27n1545_091:0471a08_5']	有為相應縛非所緣縛。	有為相應縛非所緣縛。	The conditioned are bound by association but not by the object.
['T27n1545_091:0471a08_16']	謂欲界見道所斷無漏緣。	謂欲界見道所斷無漏緣。	Namely, the anusaya that are to be abandoned by seeing the truth of the path in the desire realm and have pure objects,
['T27n1545_091:0471a09_10']	及欲色界他界地緣遍行隨眠。	及欲色界他界地緣遍行隨眠。	and the anusaya that are to be abandoned by seeing the truths of suffering and origin in the desire and form realms and have objects in other realms and stages and are universal.
['T27n1545_091:0471a10_2']	有為所緣縛亦相應縛。	有為所緣縛亦相應縛。	The conditioned are bound by both the object and association.
['T27n1545_091:0471a10_9']	謂欲色界遍行。	謂欲色界遍行。	Namely, the universal anusaya in the desire and form realms,
['T27n1545_091:0471a10_16']	及修所斷隨眠。	及修所斷隨眠。	and the anusaya that are to be abandoned by cultivation.
['T27n1545_091:0471a11_7']	女根斷道緣識所增隨眠。	女根斷道緣識所增隨眠。	The anusaya that increase with the consciousness that takes as its object the path of abandoning the female faculty,
['T27n1545_091:0471a12_2']	非所緣縛亦相應縛者無也。	非所緣縛亦相應縛者無也。	are neither bound by the object nor bound by association.
['T27n1545_091:0471a12_10']	若非此所增隨眠。	若非此所增隨眠。	If the anusaya do not increase with this,
['T27n1545_091:0471a12_18']	而於此非所緣縛。	而於此非所緣縛。	they are neither bound by the object of this,
['T27n1545_091:0471a13_6']	亦非相應縛者。	亦非相應縛者。	nor bound by association with this.
['T27n1545_091:0471a13_17']	謂欲色界見滅所斷一切。	謂欲色界見滅所斷一切。	Namely, all that are to be abandoned by seeing the truth of cessation in the desire and form realms,
['T27n1545_091:0471a14_7']	色界見道所斷一切。	色界見道所斷一切。	all that are to be abandoned by seeing the truth of the path in the form realm,
['T27n1545_091:0471a14_16']	及無色界一切隨眠。	及無色界一切隨眠。	and all the anusaya in the formless realm.
['T27n1545_091:0471a15_5']	緣緣識所增隨眠。	緣緣識所增隨眠。	The latent afflictions that increase the object-as-condition consciousness
['T27n1545_091:0471a15_15']	有為所緣縛非相應縛。	有為所緣縛非相應縛。	are bound by the conditioned object but not bound by association.
['T27n1545_091:0471a16_10']	謂色無色界見道所斷有漏緣。	謂色無色界見道所斷有漏緣。	This refers to the contaminated objects of the form and formless realms that are eliminated by the path of seeing.
['T27n1545_091:0471a17_13']	無色界遍行及修所斷隨眠有為相應縛非所緣縛。	無色界遍行及修所斷隨眠有為相應縛非所緣縛。	The latent afflictions of the formless realm that are eliminated by cultivation and the universal ones are bound by association with the conditioned but not bound by the object.
['T27n1545_091:0471a18_7']	謂三界見道所斷無漏緣。	謂三界見道所斷無漏緣。	This refers to the pure objects of the three realms that are eliminated by the path of seeing.
['T27n1545_091:0471a19_2']	及欲色界他界地緣遍行隨眠。	及欲色界他界地緣遍行隨眠。	And the universal latent afflictions of the other realms and stages in the desire and form realms.
['T27n1545_091:0471a19_12']	有為所緣縛亦相應縛。	有為所緣縛亦相應縛。	The conditioned object and association are both bound.
['T27n1545_091:0471a20_1']	謂欲色界三部。	謂欲色界三部。	This refers to the three categories of the desire and form realms.
['T27n1545_091:0471a20_14']	及欲界見道所斷有漏緣隨眠。	及欲界見道所斷有漏緣隨眠。	And the contaminated objects of the desire realm that are eliminated by the path of seeing.
['T27n1545_091:0471a21_11']	女根斷道緣緣識所增隨眠非所緣縛。	女根斷道緣緣識所增隨眠非所緣縛。	The latent afflictions that increase the object-as-condition consciousness of the path that eliminates the female faculty are not bound by the object.
['T27n1545_091:0471a22_2']	亦非相應縛者無也。	亦非相應縛者無也。	Nor are they bound by association.
['T27n1545_091:0471a22_10']	若非此所增隨眠。	若非此所增隨眠。	If the latent afflictions do not increase this,
['T27n1545_091:0471a22_18']	而於此非所緣縛。	而於此非所緣縛。	they are not bound by the object of this.
['T27n1545_091:0471a23_6']	亦非相應縛者。	亦非相應縛者。	Nor are they bound by association.
['T27n1545_091:0471a23_16']	謂三界見滅所斷一切。	謂三界見滅所斷一切。	This refers to all that is eliminated by seeing cessation in the three realms.
['T27n1545_091:0471a24_12']	及無色界見苦集所斷不遍行隨眠。	及無色界見苦集所斷不遍行隨眠。	And the non-universal latent afflictions eliminated by seeing suffering and accumulation in the formless realm.
['T27n1545_091:0471a25_13']	男苦憂根斷道緣識及緣緣識所增隨眠亦爾。	男苦憂根斷道緣識及緣緣識所增隨眠亦爾。	The same applies to the dormant afflictions that increase the cognition that takes as its object the path that severs the male faculty, the faculties of pain and sorrow.
['T27n1545_091:0471a26_6']	命根斷道緣識所增隨眠。	命根斷道緣識所增隨眠。	The dormant afflictions that increase the cognition that takes as its object the path that severs the life faculty
['T27n1545_091:0471a26_16']	有為所緣縛非相應縛。	有為所緣縛非相應縛。	are bound by the object of the conditioned, but not by association.
['T27n1545_091:0471a27_8']	謂三界見道所斷有漏緣。	謂三界見道所斷有漏緣。	This refers to the contaminated objects of the three realms that are severed by the path of seeing,
['T27n1545_091:0471a28_2']	及見苦集所斷不遍行隨眠。	及見苦集所斷不遍行隨眠。	and the dormant afflictions that are not universal and are severed by the insight into suffering and the origin of suffering.
['T27n1545_091:0471a28_12']	有為相應縛非所緣縛。	有為相應縛非所緣縛。	The conditioned is bound by association, but not by the object.
['T27n1545_091:0471a29_5']	謂三界見道所斷無漏緣。	謂三界見道所斷無漏緣。	This refers to the pure objects of the three realms that are severed by the path of seeing,
['T27n1545_091:0471a29_15']	及他界地緣遍行隨眠。	及他界地緣遍行隨眠。	and the universal dormant afflictions that take other realms and stages as objects.
['T27n1545_091:0471b01_6']	有為所緣縛亦相應縛。	有為所緣縛亦相應縛。	The conditioned is bound by both the object and association.
['T27n1545_091:0471b01_12']	謂三界遍行。	謂三界遍行。	This refers to the universal dormant afflictions of the three realms,
['T27n1545_091:0471b01_19']	及修所斷隨眠。	及修所斷隨眠。	and the dormant afflictions that are severed by cultivation.
['T27n1545_091:0471b02_10']	命根斷道緣識所增隨眠。	命根斷道緣識所增隨眠。	The dormant afflictions that increase the cognition that takes as its object the path that severs the life faculty
['T27n1545_091:0471b03_5']	非所緣縛亦非相應縛者無也。	非所緣縛亦非相應縛者無也。	are neither bound by the object nor by association.
['T27n1545_091:0471b03_13', 'T27n1545_091:0471b04_3']	若非此所增隨眠。🔽而於此非所緣縛。	若非此所增隨眠。 而於此非所緣縛。	If the dormant afflictions do not increase in this [cognition],🔽they are neither bound by the object nor by association in this [cognition].
['T27n1545_091:0471b04_10']	亦非相應縛者。	亦非相應縛者。	This refers to
['T27n1545_091:0471b05_10']	謂三界見滅所斷一切隨眠緣緣識所增隨眠。	謂三界見滅所斷一切隨眠緣緣識所增隨眠。	all the dormant afflictions that are severed by the insight into cessation of the three realms, and the dormant afflictions that increase in the cognition that takes as its object the object of the conditioned.
['T27n1545_091:0471b06_6']	有為所緣縛非相應縛者無也。	有為所緣縛非相應縛者無也。	There is none that is bound by the object of the conditioned but not bound by association.
['T27n1545_091:0471b06_16']	有為相應縛非所緣縛。	有為相應縛非所緣縛。	There is that which is bound by association with the conditioned but not bound by the object.
['T27n1545_091:0471b07_9']	謂三界見道所斷無漏緣。	謂三界見道所斷無漏緣。	It refers to the impure objects of the three realms that are eliminated during the path of seeing.
['T27n1545_091:0471b08_11']	及他界地緣遍行隨眠有為所緣縛亦相應縛者。	及他界地緣遍行隨眠有為所緣縛亦相應縛者。	And the universal proclivities that take other realms and stages as objects are bound by the object of the conditioned and also bound by association.
['T27n1545_091:0471b08_17']	謂三界三部。	謂三界三部。	It refers to the three categories of the three realms.
['T27n1545_091:0471b09_10']	及見道所斷有漏緣隨眠。	及見道所斷有漏緣隨眠。	And the impure objects of the proclivities that are eliminated during the path of seeing.
['T27n1545_091:0471b10_4']	命根斷道緣緣識所增隨眠。	命根斷道緣緣識所增隨眠。	The proclivities that increase through the object-condition of the path that eliminates the faculty of life.
['T27n1545_091:0471b10_9']	非所緣縛。	非所緣縛。	They are not bound by the object.
['T27n1545_091:0471b10_18']	亦非相應縛者無也。	亦非相應縛者無也。	There is none that is not bound by the object and also not bound by association.
['T27n1545_091:0471b11_7']	若非此所增隨眠。	若非此所增隨眠。	If the proclivities do not increase in this [faculty of life],
['T27n1545_091:0471b11_15']	而於此非所緣縛。	而於此非所緣縛。	they are not bound by the object in this [faculty of life].
['T27n1545_091:0471b12_4']	亦非相應縛者。	亦非相應縛者。	And they are also not bound by association in this [faculty of life].
['T27n1545_091:0471b12_16']	謂三界見滅所斷一切隨眠。	謂三界見滅所斷一切隨眠。	It refers to all the proclivities that are eliminated during the path of seeing in the three realms.
['T27n1545_091:0471b14_1']	意捨信等五根斷道緣識及緣緣識所增隨眠亦爾。	意捨信等五根斷道緣識及緣緣識所增隨眠亦爾。	The proclivities that increase through the object-condition of the object-condition of the path that eliminates the faculty of thought and the five faculties such as faith are also like this.
['T27n1545_091:0471b14_12']	樂根斷道緣識所增隨眠。	樂根斷道緣識所增隨眠。	The proclivities that increase through the object-condition of the path that eliminates the faculty of pleasure.
['T27n1545_091:0471b15_4']	有為所緣縛非相應縛。	有為所緣縛非相應縛。	They are bound by the object of the conditioned but not bound by association.
['T27n1545_091:0471b15_15']	謂三界見道所斷有漏緣。	謂三界見道所斷有漏緣。	Namely, the contaminants to be eliminated during the path of seeing in the three realms that take contaminated objects as their objects.
['T27n1545_091:0471b16_8']	欲色界見苦集所斷不遍行。	欲色界見苦集所斷不遍行。	The non-pervasive contaminants to be eliminated by seeing suffering and origin in the desire and form realms.
['T27n1545_091:0471b16_14']	無色界遍行。	無色界遍行。	The pervasive contaminants in the formless realm.
['T27n1545_091:0471b17_2']	及修所斷隨眠。	及修所斷隨眠。	And the contaminants to be eliminated by cultivation.
['T27n1545_091:0471b17_12']	有為相應縛非所緣縛。	有為相應縛非所緣縛。	The fetters of association for conditioned [dharmas], but not the fetters of objects.
['T27n1545_091:0471b18_5']	謂三界見道所斷無漏緣。	謂三界見道所斷無漏緣。	Namely, the contaminants that take the uncontaminated as their objects to be eliminated during the path of seeing in the three realms.
['T27n1545_091:0471b18_18']	及欲色界他界地緣遍行隨眠。	及欲色界他界地緣遍行隨眠。	And the pervasive contaminants that take other realms and stages as their objects in the desire and form realms.
['T27n1545_091:0471b19_9']	有為所緣縛亦相應縛。	有為所緣縛亦相應縛。	The fetters of objects and the fetters of association for conditioned [dharmas].
['T27n1545_091:0471b19_16']	謂欲色界遍行。	謂欲色界遍行。	Namely, the pervasive contaminants in the desire and form realms.
['T27n1545_091:0471b20_4']	及修所斷隨眠。	及修所斷隨眠。	And the contaminants to be eliminated by cultivation.
['T27n1545_091:0471b20_15']	樂根斷道緣識所增隨眠。	樂根斷道緣識所增隨眠。	The contaminants that increase through the consciousness that takes the path of elimination of the faculty of pleasure as its object.
['T27n1545_091:0471b21_1']	非所緣縛。	非所緣縛。	Are not the fetters of objects.
['T27n1545_091:0471b21_10']	亦非相應縛者無也。	亦非相應縛者無也。	Also, there are none that are the fetters of association.
['T27n1545_091:0471b21_18']	若非此所增隨眠。	若非此所增隨眠。	If the contaminants do not increase through this [path],
['T27n1545_091:0471b22_7']	而於此非所緣縛。	而於此非所緣縛。	They are not the fetters of objects with regard to this [path].
['T27n1545_091:0471b22_14']	亦非相應縛者。	亦非相應縛者。	Also, they are not the fetters of association with regard to this [path].
['T27n1545_091:0471b23_6']	謂三界見滅所斷一切。	謂三界見滅所斷一切。	Namely, all [contaminants] to be eliminated by seeing cessation in the three realms.
['T27n1545_091:0471b24_3']	及無色界見苦集所斷不遍行隨眠。	及無色界見苦集所斷不遍行隨眠。	And the non-pervasive contaminants to be eliminated by seeing suffering and origin in the formless realm.
['T27n1545_091:0471b25_3']	緣緣識所增隨眠有為所緣縛非相應縛。	緣緣識所增隨眠有為所緣縛非相應縛。	The latent afflictions that increase the object-as-condition consciousness are bound by the object-as-condition, but not by association.
['T27n1545_091:0471b25_18']	謂無色界見苦集所斷不遍行隨眠。	謂無色界見苦集所斷不遍行隨眠。	This refers to the non-pervasive latent afflictions abandoned by seeing suffering and its cause in the formless realm.
['T27n1545_091:0471b26_9']	有為相應縛非所緣縛。	有為相應縛非所緣縛。	The bound by the conditioned association, but not by the object-as-condition.
['T27n1545_091:0471b27_3']	謂三界見道所斷無漏緣。	謂三界見道所斷無漏緣。	This refers to the impure objects abandoned by seeing the truth of the path in the three realms.
['T27n1545_091:0471b27_13']	及他界地緣遍行隨眠。	及他界地緣遍行隨眠。	And the pervasive latent afflictions that take other realms and stages as objects.
['T27n1545_091:0471b28_4']	有為所緣縛亦相應縛。	有為所緣縛亦相應縛。	The bound by the conditioned object-as-condition and also by association.
['T27n1545_091:0471b28_11']	謂欲色界三部。	謂欲色界三部。	This refers to the three categories in the desire and form realms.
['T27n1545_091:0471b29_1']	無色界遍行修所斷。	無色界遍行修所斷。	The pervasive and cultivated abandonment in the formless realm.
['T27n1545_091:0471b29_14', 'T27n1545_091:0471c01_7']	及三界見道所斷有漏緣隨眠。🔽樂根斷道緣緣識所增隨眠。	及三界見道所斷有漏緣隨眠。 樂根斷道緣緣識所增隨眠。	And the latent afflictions that take the impure objects abandoned by seeing the truth of the path in the three realms as objects.🔽The latent afflictions that increase the object-as-condition consciousness of the path that abandons the faculty of pleasure are not bound by the object-as-condition, nor are they bound by association.
['T27n1545_091:0471c02_3']	非所緣縛亦非相應縛者無也。	非所緣縛亦非相應縛者無也。	There are none.
['T27n1545_091:0471c02_11']	若非此所增隨眠。	若非此所增隨眠。	If the latent afflictions do not increase this,
['T27n1545_091:0471c03_1']	而於此非所緣縛。	而於此非所緣縛。	they are not bound by the object-as-condition of this,
['T27n1545_091:0471c03_8']	亦非相應縛者。	亦非相應縛者。	nor are they bound by association.
['T27n1545_091:0471c04_1']	謂三界見滅所斷一切隨眠。	謂三界見滅所斷一切隨眠。	This refers to all the latent afflictions abandoned by seeing the truth of cessation in the three realms.
['T27n1545_091:0471c04_18']	喜根斷道緣識及緣緣識所增隨眠亦爾。	喜根斷道緣識及緣緣識所增隨眠亦爾。	The same applies to the latent afflictions that increase the consciousness that takes as objects the path that abandons the faculty of joy, as well as the consciousness that takes as objects the object-as-condition of that.
['T27n1545_091:0471c05_8']	通餘章義准此應知。	通餘章義准此應知。	The meaning of the remaining chapters should be understood by analogy with this.
['T27n1545_091:0471c06_14']	眼根乃至無色界修所斷無明隨眠。	眼根乃至無色界修所斷無明隨眠。	The latent tendencies of the eye faculty up to the latent tendencies of ignorance eliminated by cultivation in the formless realm,
['T27n1545_091:0471c07_3']	緣識及緣緣識。	緣識及緣緣識。	the consciousness that takes them as objects and the consciousness that takes that consciousness as its object,
['T27n1545_091:0471c07_12']	於三界十五部心中。	於三界十五部心中。	in the fifteen categories of mind in the three realms,
['T27n1545_091:0471c08_2']	一一等無間生幾心。	一一等無間生幾心。	how many minds are produced immediately after each one?
['T27n1545_091:0471c08_12']	答眼根緣識及緣緣識。	答眼根緣識及緣緣識。	The answer is: The consciousness that takes the eye faculty as its object and the consciousness that takes that consciousness as its object
['T27n1545_091:0471c09_3']	一一等無間生十五心。	一一等無間生十五心。	produce fifteen minds immediately after each one.
['T27n1545_091:0471c10_1']	耳乃至三無漏根緣識及緣緣識亦爾。	耳乃至三無漏根緣識及緣緣識亦爾。	The same is true for the consciousness that takes the ear faculty up to the three pure faculties as its object and the consciousness that takes that consciousness as its object.
['T27n1545_091:0471c10_10']	通餘章義准此應知。	通餘章義准此應知。	The meaning of the remaining chapters should be understood by analogy with this.
['T27n1545_091:0471c11_14']	眼根乃至無色界修所斷無明隨眠。	眼根乃至無色界修所斷無明隨眠。	The latent tendencies of the eye faculty up to the latent tendencies of ignorance eliminated by cultivation in the formless realm,
['T27n1545_091:0471c12_7']	緣識及緣緣識所增隨眠。	緣識及緣緣識所增隨眠。	the consciousness that takes them as objects and the consciousness that takes that consciousness as its object, the secondary afflictions that increase
['T27n1545_091:0471c12_16']	一一等無間生幾心。	一一等無間生幾心。	how many minds are produced immediately after each one?
['T27n1545_091:0471c13_11']	答眼根緣識及緣緣識所增隨眠。	答眼根緣識及緣緣識所增隨眠。	The answer is: The secondary afflictions that increase due to the consciousness that takes the eye faculty as its object and the consciousness that takes that consciousness as its object
['T27n1545_091:0471c14_3']	一一等無間生十五心。	一一等無間生十五心。	produce fifteen minds immediately after each one.
['T27n1545_091:0471c15_14']	耳鼻舌身命意樂喜捨信等五三無漏根緣識及緣緣識所增隨眠亦爾。	耳鼻舌身命意樂喜捨信等五三無漏根緣識及緣緣識所增隨眠亦爾。	The same is true for the secondary afflictions that increase due to the consciousness that takes the ear faculty, nose faculty, tongue faculty, body faculty, life faculty, mind faculty, joy faculty, pleasure faculty, and equanimity faculty as its object, and the consciousness that takes that consciousness as its object, up to the secondary afflictions that increase due to the consciousness that takes the three pure faculties as its object and the consciousness that takes that consciousness as its object.
['T27n1545_091:0471c16_5']	女根緣識所增隨眠。	女根緣識所增隨眠。	The latent afflictions that increase due to the consciousness that takes the female faculty as its object
['T27n1545_091:0471c16_12']	等無間生十心。	等無間生十心。	Immediately give rise to ten minds.
['T27n1545_091:0471c17_8']	緣緣識所增隨眠等無間生十五心。	緣緣識所增隨眠等無間生十五心。	The latent afflictions that increase due to the consciousness that takes it as its object and as its dominant condition immediately give rise to fifteen minds.
['T27n1545_091:0471c18_7']	男苦憂根緣識及緣緣識所增隨眠亦爾。	男苦憂根緣識及緣緣識所增隨眠亦爾。	The same is true for the male faculty, the faculty of suffering, and the faculty of sorrow, as well as the consciousness that takes them as objects and as dominant conditions.
['T27n1545_091:0471c18_16']	通餘章義准此應知。	通餘章義准此應知。	The meaning of the remaining chapters should be understood by analogy with this.
['T27n1545_091:0471c19_14']	眼根乃至無色界修所斷無明隨眠滅。	眼根乃至無色界修所斷無明隨眠滅。	The cessation of the latent afflictions of ignorance to be eliminated through cultivation in the formless realm, up to the cessation of the eye faculty,
['T27n1545_091:0471c20_3']	緣識及緣緣識。	緣識及緣緣識。	The consciousness that takes them as objects and the consciousness that takes them as dominant conditions,
['T27n1545_091:0471c20_12']	一一等無間生幾心。	一一等無間生幾心。	How many minds do they immediately give rise to one by one?
['T27n1545_091:0471c21_4']	答眼根滅緣識及緣緣識。	答眼根滅緣識及緣緣識。	The cessation of the eye faculty, as well as the consciousness that takes it as an object and the consciousness that takes it as a dominant condition,
['T27n1545_091:0471c21_14']	一一等無間生十五心。	一一等無間生十五心。	Each immediately gives rise to fifteen minds.
['T27n1545_091:0471c22_12']	耳乃至信等五根滅緣識及緣緣識亦爾。	耳乃至信等五根滅緣識及緣緣識亦爾。	The same is true for the ear faculty up to the five faculties such as faith, as well as the consciousness that takes them as objects and as dominant conditions.
['T27n1545_091:0471c23_3']	通餘章義准此應知。	通餘章義准此應知。	The meaning of the remaining chapters should be understood by analogy with this.
['T27n1545_091:0471c24_1']	眼根乃至無色界修所斷無明隨眠滅。	眼根乃至無色界修所斷無明隨眠滅。	The cessation of the latent afflictions of ignorance to be eliminated through cultivation in the formless realm, up to the cessation of the eye faculty,
['T27n1545_091:0471c25_2']	緣識及緣緣識所增隨眠一一等無間生幾心。	緣識及緣緣識所增隨眠一一等無間生幾心。	The consciousness that takes them as objects and the consciousness that takes them as dominant conditions, as well as the latent afflictions that increase due to them, how many minds do they immediately give rise to one by one?
['T27n1545_091:0471c26_1']	答眼根滅緣識所增隨眠等無間生十心。	答眼根滅緣識所增隨眠等無間生十心。	The answer is: immediately after the cessation of the eye faculty, ten minds arise, increased by the latent afflictions that take that consciousness as their object.
['T27n1545_091:0471c26_16']	緣緣識所增隨眠等無間生十五心。	緣緣識所增隨眠等無間生十五心。	Immediately after the cessation of the eye faculty, fifteen minds arise, increased by the latent afflictions that take that consciousness as their object and that take the consciousness that takes that as its object as their object.
['T27n1545_091:0471c27_6']	耳乃至信等五根滅。	耳乃至信等五根滅。	The same applies to the cessation of the ear faculty up to the five faculties such as faith.
['T27n1545_091:0471c28_1']	緣識及緣緣識所增隨眠亦爾。	緣識及緣緣識所增隨眠亦爾。	The same applies to the latent afflictions that take the consciousness as their object and that take the consciousness that takes that as its object as their object.
['T27n1545_091:0471c28_10']	通餘章義准此應知。	通餘章義准此應知。	The meaning of the remaining chapters should be understood by analogy with this.
['T27n1545_091:0471c29_9']	眼根乃至無色界修所斷無明隨眠斷道。	眼根乃至無色界修所斷無明隨眠斷道。	The path of elimination of the latent afflictions of the eye faculty up to the ignorance to be eliminated by cultivation in the formless realm,
['T27n1545_091:0471c29_16']	緣識及緣緣識。	緣識及緣緣識。	the consciousness that takes that as its object and the consciousness that takes the consciousness that takes that as its object as its object,
['T27n1545_091:0472a01_6', 'T27n1545_091:0472a01_18']	一一等無間生幾心。🔽答眼根斷道緣識及緣緣識。	一一等無間生幾心。 答眼根斷道緣識及緣緣識。	how many minds arise immediately after each one?
['T27n1545_091:0472a02_9']	一一等無間生十五心。	一一等無間生十五心。	The answer is: immediately after the path of elimination of the eye faculty, fifteen minds arise, increased by the consciousness that takes that as its object and the consciousness that takes the consciousness that takes that as its object as its object.
['T27n1545_091:0472a03_9']	耳乃至信等五根斷道緣識及緣緣識亦爾。	耳乃至信等五根斷道緣識及緣緣識亦爾。	The same applies to the path of elimination of the ear faculty up to the five faculties such as faith, increased by the consciousness that takes that as its object and the consciousness that takes the consciousness that takes that as its object as its object.
['T27n1545_091:0472a04_1', 'T27n1545_091:0472a04_9']	通餘章義准此應知。🔽眼根乃至無色界。	通餘章義准此應知。 眼根乃至無色界。	The meaning of the remaining chapters should be understood by analogy with this.🔽The eye faculty up to the ignorance to be eliminated by cultivation in the formless realm,
['T27n1545_091:0472a04_19']	修所斷無明隨眠斷道。	修所斷無明隨眠斷道。	the path of elimination of the latent afflictions,
['T27n1545_091:0472a05_10']	緣識及緣緣識所增隨眠。	緣識及緣緣識所增隨眠。	the consciousness that takes that as its object and the consciousness that takes the consciousness that takes that as its object as its object,
['T27n1545_091:0472a06_1']	一一等無間生幾心。	一一等無間生幾心。	how many minds arise immediately after each one?
['T27n1545_091:0472a06_17']	答眼根斷道緣識及緣緣識所增隨眠。	答眼根斷道緣識及緣緣識所增隨眠。	The answer is: the anusayas that increase with the consciousness that has the eye faculty as its object, and with the consciousness that has that as its object-support,
['T27n1545_091:0472a07_8']	一一等無間生十五心。	一一等無間生十五心。	immediately give rise to fifteen minds.
['T27n1545_091:0472a08_6']	耳鼻舌身命意樂喜捨信等五根斷道。	耳鼻舌身命意樂喜捨信等五根斷道。	The paths of abandoning the ear, nose, tongue, body, life faculty, mind faculty, joy, pleasure, and equanimity faculties,
['T27n1545_091:0472a09_1']	緣識及緣緣識所增隨眠亦爾。	緣識及緣緣識所增隨眠亦爾。	the anusayas that increase with the consciousness that has them as objects, and with the consciousness that has them as object-supports, are also like this.
['T27n1545_091:0472a09_18']	女根斷道緣識所增隨眠等無間生十心。	女根斷道緣識所增隨眠等無間生十心。	The paths of abandoning the female faculty immediately give rise to ten minds,
['T27n1545_091:0472a10_14']	緣緣識所增隨眠等無間生十五心。	緣緣識所增隨眠等無間生十五心。	the anusayas that increase with the consciousness that has them as object-supports immediately give rise to fifteen minds.
['T27n1545_091:0472a11_15']	男苦憂根斷道緣識及緣緣識所增隨眠亦爾。	男苦憂根斷道緣識及緣緣識所增隨眠亦爾。	The paths of abandoning the male, suffering, and grief faculties, the consciousness that has them as objects, and the consciousness that has them as object-supports, and the anusayas that increase with them, are also like this.
['T27n1545_091:0472a12_6']	通餘章義准此應知。	通餘章義准此應知。	The meaning of the remaining chapters should be understood by analogy with this.
['T27n1545_091:0472a13_7']	眼根乃至無色界。	眼根乃至無色界。	The eye faculty up to the formless realm,
['T27n1545_091:0472a13_15']	修所斷無明隨眠。	修所斷無明隨眠。	the anusayas that are to be abandoned by cultivation and ignorance,
['T27n1545_091:0472a14_3']	緣識及緣緣識。	緣識及緣緣識。	the consciousness that has them as objects, and the consciousness that has them as object-supports,
['T27n1545_091:0472a14_10']	當言有尋有伺。	當言有尋有伺。	should be said to have applied thought and sustained thought,
['T27n1545_091:0472a14_15']	無尋唯伺。	無尋唯伺。	to have no applied thought but only sustained thought,
['T27n1545_091:0472a15_2']	無尋無伺耶。	無尋無伺耶。	to have neither applied thought nor sustained thought?
['T27n1545_091:0472a15_12']	答眼根緣識及緣緣識。	答眼根緣識及緣緣識。	The answer is: the consciousness that has the eye faculty as its object, and the consciousness that has it as its object-support,
['T27n1545_091:0472a15_16']	各具三。	各具三。	each has all three.
['T27n1545_091:0472a16_13']	耳乃至三無漏根緣識及緣緣識亦爾。	耳乃至三無漏根緣識及緣緣識亦爾。	The same applies to the consciousnesses that are the condition qua object and the dominant conditions of the ear and the three pure faculties.
['T27n1545_091:0472a17_4', 'T27n1545_091:0472a18_1']	通餘章義准此應知。🔽眼根乃至無色界修所斷無明隨眠。	通餘章義准此應知。 眼根乃至無色界修所斷無明隨眠。	The meaning of the remaining chapters should be understood by analogy with this.🔽The ignorance to be eliminated by cultivation in the form realm and formless realm,
['T27n1545_091:0472a18_8']	緣識及緣緣識。	緣識及緣緣識。	the consciousnesses that are the condition qua object and the dominant conditions of the fetters,
['T27n1545_091:0472a18_13']	所增隨眠。	所增隨眠。	the fetters that increase,
['T27n1545_091:0472a19_1']	當言有尋有伺。	當言有尋有伺。	should be said to have investigation and analysis,
['T27n1545_091:0472a19_6']	無尋唯伺。	無尋唯伺。	to be without investigation but only have analysis,
['T27n1545_091:0472a19_12']	無尋無伺耶。	無尋無伺耶。	or to be without investigation and without analysis?
['T27n1545_091:0472a20_6']	答眼根緣識及緣緣識所增隨眠。	答眼根緣識及緣緣識所增隨眠。	Answer: The fetters that increase due to the consciousnesses that are the condition qua object and the dominant conditions of the eye faculty,
['T27n1545_091:0472a20_10']	各具三。	各具三。	each have three.
['T27n1545_091:0472a21_11']	耳乃至三無漏根緣識及緣緣識所增隨眠亦爾。	耳乃至三無漏根緣識及緣緣識所增隨眠亦爾。	The same applies to the fetters that increase due to the consciousnesses that are the condition qua object and the dominant conditions of the ear and the three pure faculties.
['T27n1545_091:0472a22_2', 'T27n1545_091:0472a22_10', 'T27n1545_091:0472a22_19']	通餘章義准此應知。🔽眼根乃至無色界。🔽修所斷無明隨眠滅。	通餘章義准此應知。 眼根乃至無色界。 修所斷無明隨眠滅。	The meaning of the remaining chapters should be understood by analogy with this.🔽The cessation of the ignorance to be eliminated by cultivation in the form realm and formless realm,
['T27n1545_091:0472a23_6']	緣識及緣緣識。	緣識及緣緣識。	the consciousnesses that are the condition qua object and the dominant conditions of the eye faculty,
['T27n1545_091:0472a23_13']	當言有尋有伺。	當言有尋有伺。	should be said to have investigation and analysis,
['T27n1545_091:0472a23_18']	無尋唯伺。	無尋唯伺。	to be without investigation but only have analysis,
['T27n1545_091:0472a24_5']	無尋無伺耶。	無尋無伺耶。	or to be without investigation and without analysis?
['T27n1545_091:0472a24_16']	答眼根滅緣識及緣緣識。	答眼根滅緣識及緣緣識。	Answer: The consciousnesses that are the condition qua object and the dominant conditions of the cessation of the eye faculty,
['T27n1545_091:0472a25_1']	各具三。	各具三。	each have three.
['T27n1545_091:0472a25_18']	耳乃至信等五根滅緣識及緣緣識亦爾。	耳乃至信等五根滅緣識及緣緣識亦爾。	The same applies to the consciousness that takes as object the cessation of the ear and so on up to the five faculties such as faith, as well as the consciousness that takes as object the consciousness that takes that as object.
['T27n1545_091:0472a26_8']	通餘章義准此應知。	通餘章義准此應知。	The meaning of the remaining chapters should be understood by analogy with this.
['T27n1545_091:0472a26_16']	眼根乃至無色界。	眼根乃至無色界。	The cessation of the eye faculty up to the formless realm.
['T27n1545_091:0472a27_7']	修所斷無明隨眠滅。	修所斷無明隨眠滅。	The cessation of the dormant afflictions eliminated by cultivation of ignorance.
['T27n1545_091:0472a28_6']	緣識及緣緣識所增隨眠當言有尋有伺。	緣識及緣緣識所增隨眠當言有尋有伺。	The dormant afflictions that increase due to the consciousness that takes that as object and the consciousness that takes the consciousness that takes that as object as object should be said to have investigation and have analysis,
['T27n1545_091:0472a28_11']	無尋唯伺。	無尋唯伺。	to have no investigation and only have analysis,
['T27n1545_091:0472a28_17']	無尋無伺耶。	無尋無伺耶。	and to have no investigation and no analysis.
['T27n1545_091:0472a29_9']	答眼根滅緣識及緣緣識。	答眼根滅緣識及緣緣識。	The dormant afflictions that increase due to the consciousness that takes as object the cessation of the eye faculty and the consciousness that takes that as object
['T27n1545_091:0472a29_17']	所增隨眠各具三。	所增隨眠各具三。	are each of the three kinds.
['T27n1545_091:0472b01_9']	耳乃至信等五根滅緣識。	耳乃至信等五根滅緣識。	The same applies to the consciousness that takes as object the cessation of the ear and so on up to the five faculties such as faith,
['T27n1545_091:0472b02_1']	及緣緣識所增隨眠亦爾。	及緣緣識所增隨眠亦爾。	as well as the consciousness that takes the consciousness that takes that as object as object and the dormant afflictions that increase due to them.
['T27n1545_091:0472b02_10']	通餘章義准此應知。	通餘章義准此應知。	The meaning of the remaining chapters should be understood by analogy with this.
['T27n1545_091:0472b02_18']	眼根乃至無色界。	眼根乃至無色界。	The cessation of the eye faculty up to the formless realm.
['T27n1545_091:0472b03_9']	修所斷無明隨眠斷道。	修所斷無明隨眠斷道。	The path that eliminates the dormant afflictions eliminated by cultivation of ignorance.
['T27n1545_091:0472b03_16']	緣識及緣緣識。	緣識及緣緣識。	The consciousness that takes that as object and the consciousness that takes the consciousness that takes that as object as object.
['T27n1545_091:0472b04_4']	當言有尋有伺。	當言有尋有伺。	Should be said to have investigation and have analysis,
['T27n1545_091:0472b04_9']	無尋唯伺。	無尋唯伺。	to have no investigation and only have analysis,
['T27n1545_091:0472b04_15']	無尋無伺耶。	無尋無伺耶。	and to have no investigation and no analysis.
['T27n1545_091:0472b05_7']	答眼根斷道緣識及緣緣識。	答眼根斷道緣識及緣緣識。	The consciousness that takes as object the path that eliminates the eye faculty and the consciousness that takes that as object
['T27n1545_091:0472b05_11']	各具三。	各具三。	are each of the three kinds.
['T27n1545_091:0472b06_10']	耳乃至信等五根斷道緣識及緣緣識亦爾。	耳乃至信等五根斷道緣識及緣緣識亦爾。	The consciousness that takes as its object the path of cutting off the ear faculty up to the five faculties such as faith, as well as the consciousness that takes that as its object, are also like this.
['T27n1545_091:0472b07_1']	通餘章義准此應知。	通餘章義准此應知。	The meaning of the remaining chapters should be understood by analogy with this.
['T27n1545_091:0472b07_9', 'T27n1545_091:0472b07_19']	眼根乃至無色界。🔽修所斷無明隨眠斷道。	眼根乃至無色界。 修所斷無明隨眠斷道。	The eye faculty up to the formless realm,🔽the path of cutting off the ignorance that is eliminated by cultivation,
['T27n1545_091:0472b08_10']	緣識及緣緣識所增隨眠。	緣識及緣緣識所增隨眠。	the consciousness that takes as its object the dormant afflictions that increase through the consciousness that takes that as its object,
['T27n1545_091:0472b08_17']	當言有尋有伺。	當言有尋有伺。	should be said to have investigation and analysis,
['T27n1545_091:0472b09_3']	無尋唯伺。	無尋唯伺。	to have no investigation but only analysis,
['T27n1545_091:0472b09_9']	無尋無伺耶。	無尋無伺耶。	or to have neither investigation nor analysis?
['T27n1545_091:0472b10_9']	答眼根斷道緣識及緣緣識所增隨眠各具三。	答眼根斷道緣識及緣緣識所增隨眠各具三。	The answer is: The dormant afflictions that increase through the consciousness that takes as its object the path of cutting off the eye faculty, as well as the consciousness that takes that as its object, each have all three.
['T27n1545_091:0472b11_13']	耳乃至信等五根斷道緣識及緣緣識所增隨眠亦爾。	耳乃至信等五根斷道緣識及緣緣識所增隨眠亦爾。	The dormant afflictions that increase through the consciousness that takes as its object the path of cutting off the ear faculty up to the five faculties such as faith, as well as the consciousness that takes that as its object, are also like this.
['T27n1545_091:0472b12_4']	通餘章義准此應知。	通餘章義准此應知。	The meaning of the remaining chapters should be understood by analogy with this.
['T27n1545_091:0472b13_7']	眼根乃至無色界。	眼根乃至無色界。	The eye faculty up to the formless realm,
['T27n1545_091:0472b14_3']	修所斷無明隨眠緣識及緣緣識。	修所斷無明隨眠緣識及緣緣識。	the consciousness that takes as its object the dormant afflictions that are eliminated by cultivation, as well as the consciousness that takes that as its object,
['T27n1545_091:0472b14_15', 'T27n1545_091:0472b15_11']	當言樂苦喜憂捨根相應耶。🔽答眼根緣識及緣緣識四根相應。	當言樂苦喜憂捨根相應耶。 答眼根緣識及緣緣識四根相應。	should be said to be associated with the faculties of pleasure, suffering, joy, sorrow, or equanimity?
['T27n1545_091:0472b15_15']	除苦根。	除苦根。	The answer is: The consciousness that takes as its object the eye faculty, as well as the consciousness that takes that as its object, are associated with four faculties, excluding the faculty of suffering.
['T27n1545_091:0472b16_12']	耳乃至三無漏根緣識及緣緣識亦爾。	耳乃至三無漏根緣識及緣緣識亦爾。	The same applies to the consciousnesses that are the condition qua object and the dominant conditions of the ear and the three pure faculties.
['T27n1545_091:0472b17_3']	通餘章義准此應知。	通餘章義准此應知。	The meaning of the remaining chapters should be understood by analogy with this.
['T27n1545_091:0472b17_11']	眼根乃至無色界。	眼根乃至無色界。	The eye faculty up to the formless realm.
['T27n1545_091:0472b18_10']	修所斷無明隨眠緣識及緣緣識所增隨眠。	修所斷無明隨眠緣識及緣緣識所增隨眠。	The dormant afflictions eliminated by cultivation of ignorance that increase the consciousnesses that are the condition qua object and the dominant conditions.
['T27n1545_091:0472b19_3']	當言樂乃至捨根相應耶。	當言樂乃至捨根相應耶。	Should it be said to be associated with the faculties of pleasure up to equanimity?
['T27n1545_091:0472b19_17']	答眼根緣識及緣緣識所增隨眠。	答眼根緣識及緣緣識所增隨眠。	The answer is: The dormant afflictions that increase the consciousnesses that are the condition qua object and the dominant conditions of the eye faculty.
['T27n1545_091:0472b20_3']	四根相應。	四根相應。	Are associated with four faculties.
['T27n1545_091:0472b20_7']	除苦根。	除苦根。	Excluding the faculty of pain.
['T27n1545_091:0472b20_15']	耳乃至三無漏根。	耳乃至三無漏根。	The ear up to the three pure faculties.
['T27n1545_091:0472b21_8']	緣識及緣緣識所增隨眠亦爾。	緣識及緣緣識所增隨眠亦爾。	The dormant afflictions that increase the consciousnesses that are the condition qua object and the dominant conditions are also the same.
['T27n1545_091:0472b21_17']	通餘章義准此應知。	通餘章義准此應知。	The meaning of the remaining chapters should be understood by analogy with this.
['T27n1545_091:0472b22_7']	眼根乃至無色界。	眼根乃至無色界。	The eye faculty up to the formless realm.
['T27n1545_091:0472b23_4']	修所斷無明隨眠滅緣識及緣緣識。	修所斷無明隨眠滅緣識及緣緣識。	The cessation of the dormant afflictions eliminated by cultivation of ignorance that increase the consciousnesses that are the condition qua object and the dominant conditions.
['T27n1545_091:0472b23_15']	當言樂乃至捨根相應耶。	當言樂乃至捨根相應耶。	Should it be said to be associated with the faculties of pleasure up to equanimity?
['T27n1545_091:0472b24_8']	答眼根滅緣識及緣緣識。	答眼根滅緣識及緣緣識。	The answer is: The consciousnesses that are the condition qua object and the dominant conditions of the cessation of the eye faculty.
['T27n1545_091:0472b24_13']	四根相應。	四根相應。	Are associated with four faculties.
['T27n1545_091:0472b24_17']	除苦根。	除苦根。	Excluding the faculty of pain.
['T27n1545_091:0472b25_14']	耳乃至信等五根滅緣識及緣緣識亦爾。	耳乃至信等五根滅緣識及緣緣識亦爾。	The same applies to the consciousness that takes as object the cessation of the ear and so on up to the five faculties such as faith, as well as the consciousness that takes as object the consciousness that takes that as object.
['T27n1545_091:0472b26_5']	通餘章義准此應知。	通餘章義准此應知。	The meaning of the remaining chapters should be understood by analogy with this.
['T27n1545_091:0472b26_13']	眼根乃至無色界。	眼根乃至無色界。	The cessation of the eye faculty up to the formless realm,
['T27n1545_091:0472b27_14']	修所斷無明隨眠滅緣識及緣緣識所增隨眠。	修所斷無明隨眠滅緣識及緣緣識所增隨眠。	the dormant afflictions that increase the consciousness that takes as object the cessation of the ignorance eliminated by cultivation, as well as the consciousness that takes that as object,
['T27n1545_091:0472b28_7']	當言樂乃至捨根相應耶。	當言樂乃至捨根相應耶。	should be said to be associated with the faculties of pleasure up to equanimity.
['T27n1545_091:0472b29_4']	答眼根滅緣識及緣緣識所增隨眠。	答眼根滅緣識及緣緣識所增隨眠。	The dormant afflictions that increase the consciousness that takes as object the cessation of the eye faculty, as well as the consciousness that takes that as object,
['T27n1545_091:0472b29_9']	四根相應。	四根相應。	are associated with four faculties,
['T27n1545_091:0472b29_13']	除苦根。	除苦根。	excluding the faculty of pain.
['T27n1545_091:0472c01_14']	耳乃至信等五根滅緣識及緣緣識所增隨眠亦爾。	耳乃至信等五根滅緣識及緣緣識所增隨眠亦爾。	The same applies to the consciousness that takes as object the cessation of the ear and so on up to the five faculties such as faith, as well as the consciousness that takes that as object.
['T27n1545_091:0472c02_5']	通餘章義准此應知。	通餘章義准此應知。	The meaning of the remaining chapters should be understood by analogy with this.
['T27n1545_091:0472c02_13']	眼根乃至無色界。	眼根乃至無色界。	The path that eliminates the eye faculty up to the formless realm,
['T27n1545_091:0472c04_4']	修所斷無明隨眠斷道緣識及緣緣識當言樂乃至捨根相應耶。	修所斷無明隨眠斷道緣識及緣緣識當言樂乃至捨根相應耶。	the dormant afflictions that increase the consciousness that takes as object the cessation of the ignorance eliminated by cultivation, as well as the consciousness that takes that as object, should be said to be associated with the faculties of pleasure up to equanimity.
['T27n1545_091:0472c04_16']	答眼根斷道緣識及緣緣識。	答眼根斷道緣識及緣緣識。	The consciousness that takes as object the path that eliminates the eye faculty, as well as the consciousness that takes that as object,
['T27n1545_091:0472c05_2']	四根相應。	四根相應。	are associated with four faculties,
['T27n1545_091:0472c05_6']	除苦根。	除苦根。	excluding the faculty of pain.
['T27n1545_091:0472c06_5']	耳乃至信等五根斷道緣識及緣緣識亦爾。	耳乃至信等五根斷道緣識及緣緣識亦爾。	The consciousness that takes as its object the path of elimination of the ear faculty up to the five faculties such as faith, as well as the consciousness that takes that as its object, are also like this.
['T27n1545_091:0472c06_14']	通餘章義准此應知。	通餘章義准此應知。	The meaning of the remaining chapters should be understood by analogy with this.
['T27n1545_091:0472c07_7', 'T27n1545_091:0472c07_17']	眼根乃至無色界。🔽修所斷無明隨眠斷道。	眼根乃至無色界。 修所斷無明隨眠斷道。	The eye faculty up to the formless realm,🔽the consciousness that takes as its object the path of elimination of the ignorance to be eliminated by cultivation,
['T27n1545_091:0472c08_9']	緣識及緣緣識所增隨眠。	緣識及緣緣識所增隨眠。	and the proclivities that are increased by the consciousness that takes that as its object,
['T27n1545_091:0472c09_2']	當言樂乃至捨根相應耶。	當言樂乃至捨根相應耶。	should be said to be associated with the faculties of pleasure up to equanimity.
['T27n1545_091:0472c10_4']	答眼根斷道緣識及緣緣識所增隨眠四根相應。	答眼根斷道緣識及緣緣識所增隨眠四根相應。	The proclivities that are increased by the consciousness that takes as its object the path of elimination of the eye faculty, as well as the consciousness that takes that as its object, are associated with four faculties,
['T27n1545_091:0472c10_8']	除苦根。	除苦根。	excluding the faculty of pain.
['T27n1545_091:0472c11_11']	耳乃至信等五根斷道緣識及緣緣識所增隨眠亦爾。	耳乃至信等五根斷道緣識及緣緣識所增隨眠亦爾。	The proclivities that are increased by the consciousness that takes as its object the path of elimination of the ear faculty up to the five faculties such as faith, as well as the consciousness that takes that as its object, are also like this.
['T27n1545_091:0472c12_2']	通餘章義准此應知。	通餘章義准此應知。	The meaning of the remaining chapters should be understood by analogy with this.
['T27n1545_091:0472c13_7']	眼根乃至無色界。	眼根乃至無色界。	The eye faculty up to the formless realm,
['T27n1545_091:0472c14_2']	修所斷無明隨眠緣識及緣緣識。	修所斷無明隨眠緣識及緣緣識。	the consciousness that takes as its object the proclivities of ignorance to be eliminated by cultivation, as well as the consciousness that takes that as its object,
['T27n1545_091:0472c14_10']	誰成就誰不成就。	誰成就誰不成就。	who possesses which, and who does not possess which?
['T27n1545_091:0472c14_16']	答眼根緣識。	答眼根緣識。	The answer is: The consciousness that takes the eye faculty as its object,
['T27n1545_091:0472c15_3']	空無邊處以下。	空無邊處以下。	below the sphere of infinite space,
['T27n1545_091:0472c15_18']	及聖者生上成就異生生上不成就。	及聖者生上成就異生生上不成就。	and the noble ones born above possess it, while ordinary beings born above do not possess it.
['T27n1545_091:0472c16_10']	緣緣識一切有情皆成就。	緣緣識一切有情皆成就。	The object-perceived-condition consciousness is accomplished by all sentient beings.
['T27n1545_091:0472c17_6']	耳鼻舌身根緣識及緣緣識亦爾。	耳鼻舌身根緣識及緣緣識亦爾。	The object-perceived-condition consciousness of the ear, nose, tongue, and body roots are also like this.
['T27n1545_091:0472c17_14']	女根緣識欲色界。	女根緣識欲色界。	The object-perceived-condition consciousness of the female root is in the desire and form realms.
['T27n1545_091:0472c18_5']	及聖者生無色界成就。	及聖者生無色界成就。	And the noble ones born in the formless realm accomplish it.
['T27n1545_091:0472c18_15']	異生生無色界不成就。	異生生無色界不成就。	Ordinary beings born in the formless realm do not accomplish it.
['T27n1545_091:0472c19_7']	緣緣識空無邊處以下。	緣緣識空無邊處以下。	The object-perceived-condition consciousness of the space-infinity-pervasion and below.
['T27n1545_091:0472c19_15']	及聖者生上成就。	及聖者生上成就。	And the noble ones born above accomplish it.
['T27n1545_091:0472c20_4']	異生生上不成就。	異生生上不成就。	Ordinary beings born above do not accomplish it.
['T27n1545_091:0472c20_17']	男苦憂根緣識及緣緣識亦爾。	男苦憂根緣識及緣緣識亦爾。	The object-perceived-condition consciousness and object-perceived-condition consciousness of the male, suffering, and sorrow roots are also like this.
['T27n1545_091:0472c21_7']	命根緣識及緣緣識。	命根緣識及緣緣識。	The object-perceived-condition consciousness and object-perceived-condition consciousness of the life root.
['T27n1545_091:0472c21_15', 'T27n1545_091:0472c22_8']	一切有情皆成就。🔽意樂喜捨信等五三無漏根。	一切有情皆成就。 意樂喜捨信等五三無漏根。	All sentient beings accomplish it.
['T27n1545_091:0472c22_17']	緣識及緣緣識亦爾。	緣識及緣緣識亦爾。	The object-perceived-condition consciousness and object-perceived-condition consciousness of the mind, joy, pleasure, and equanimity roots, faith and the other five roots, and the three uncontaminated roots are also like this.
['T27n1545_091:0472c23_7']	通餘章義准此應知。	通餘章義准此應知。	The meaning of the remaining chapters should be understood by analogy with this.
['T27n1545_091:0472c23_15']	眼根乃至無色界。	眼根乃至無色界。	From the eye root up to the formless realm.
['T27n1545_091:0472c24_4']	修所斷無明隨眠。	修所斷無明隨眠。	The dormant afflictions eliminated by cultivation.
['T27n1545_091:0472c24_15']	緣識及緣緣識所增隨眠。	緣識及緣緣識所增隨眠。	The dormant afflictions that increase due to the object-perceived-condition consciousness and object-perceived-condition consciousness.
['T27n1545_091:0472c25_4']	誰成就誰不成就。	誰成就誰不成就。	Who accomplishes what and who does not accomplish what.
['T27n1545_091:0472c25_14']	答眼根緣識所增隨眠。	答眼根緣識所增隨眠。	Answer: The latent afflictions that increase the consciousness associated with the eye faculty.
['T27n1545_091:0472c26_15']	未離空無邊處染成就已離空無邊處染不成就。	未離空無邊處染成就已離空無邊處染不成就。	Those who have not yet abandoned attachment to the sphere of infinite space possess it, while those who have already abandoned attachment to the sphere of infinite space do not possess it.
['T27n1545_091:0472c27_5']	緣緣識所增隨眠。	緣緣識所增隨眠。	The latent afflictions that increase the consciousness that takes it as its object.
['T27n1545_091:0472c27_14']	未離無色界染成就。	未離無色界染成就。	Those who have not yet abandoned attachment to the formless realm possess it.
['T27n1545_091:0472c28_6']	已離無色界染不成就。	已離無色界染不成就。	Those who have already abandoned attachment to the formless realm do not possess it.
['T27n1545_091:0472c29_6']	耳鼻舌身根緣識及緣緣識所增隨眠亦爾。	耳鼻舌身根緣識及緣緣識所增隨眠亦爾。	The latent afflictions that increase the consciousness and the consciousness that takes it as its object associated with the ear, nose, tongue, and body faculties are also like this.
['T27n1545_091:0472c29_15']	女根緣識所增隨眠。	女根緣識所增隨眠。	The latent afflictions that increase the consciousness associated with the female faculty.
['T27n1545_091:0473a01_4']	未離色界染成就。	未離色界染成就。	Those who have not yet abandoned attachment to the form realm possess it.
['T27n1545_091:0473a01_13']	已離色界染不成就。	已離色界染不成就。	Those who have already abandoned attachment to the form realm do not possess it.
['T27n1545_091:0473a02_12']	緣緣識所增隨眠未離空無邊處染成就。	緣緣識所增隨眠未離空無邊處染成就。	The latent afflictions that increase the consciousness that takes it as its object. Those who have not yet abandoned attachment to the sphere of infinite space possess it.
['T27n1545_091:0473a03_6']	已離空無邊處染不成就。	已離空無邊處染不成就。	Those who have already abandoned attachment to the sphere of infinite space do not possess it.
['T27n1545_091:0473a04_5']	男苦憂根緣識及緣緣識所增隨眠亦爾。	男苦憂根緣識及緣緣識所增隨眠亦爾。	The latent afflictions that increase the consciousness and the consciousness that takes it as its object associated with the male, suffering, and sorrow faculties are also like this.
['T27n1545_091:0473a04_18', 'T27n1545_091:0473a05_8']	命根緣識及緣緣識所增隨眠。🔽未離無色界染成就。	命根緣識及緣緣識所增隨眠。 未離無色界染成就。	The latent afflictions that increase the consciousness and the consciousness that takes it as its object associated with the life faculty.🔽Those who have not yet abandoned attachment to the formless realm possess it.
['T27n1545_091:0473a06_1']	已離無色界染不成就。	已離無色界染不成就。	Those who have already abandoned attachment to the formless realm do not possess it.
['T27n1545_091:0473a07_7']	意樂喜捨信等五三無漏根緣識及緣緣識所增隨眠亦爾。	意樂喜捨信等五三無漏根緣識及緣緣識所增隨眠亦爾。	The roots of wholesome, unwholesome, and indeterminate dharmas, the three roots of non-greed, non-hatred, and non-delusion, the five faculties of faith, etc., the three roots of non-greed, non-hatred, and non-delusion, and the three uncontaminated faculties, as well as the corresponding latent afflictions that increase with the consciousness that takes them as objects and the consciousness that takes their corresponding objects as objects, are also like this.
['T27n1545_091:0473a07_16']	通餘章義准此應知。	通餘章義准此應知。	The meaning of the remaining chapters should be understood by analogy with this.
['T27n1545_091:0473a08_6']	眼根乃至無色界。	眼根乃至無色界。	The cessation of the eye faculty up to the cessation of the formless realm.
['T27n1545_091:0473a08_15']	修所斷無明隨眠滅。	修所斷無明隨眠滅。	The latent afflictions of ignorance eliminated by cultivation.
['T27n1545_091:0473a09_3']	緣識及緣緣識。	緣識及緣緣識。	The consciousness that takes them as objects and the consciousness that takes their corresponding objects as objects.
['T27n1545_091:0473a09_11']	誰成就誰不成就。	誰成就誰不成就。	Who possesses which, and who does not possess which?
['T27n1545_091:0473a10_2']	答眼根滅緣識欲色界。	答眼根滅緣識欲色界。	The cessation of the eye faculty as an object of consciousness is in the desire realm and form realm.
['T27n1545_091:0473a11_4']	及聖者生無色界成就異生生無色界不成就。	及聖者生無色界成就異生生無色界不成就。	Noble ones born in the formless realm possess it, while ordinary beings born in the formless realm do not possess it.
['T27n1545_091:0473a11_15']	緣緣識一切有情皆成就。	緣緣識一切有情皆成就。	The consciousness that takes their corresponding objects as objects is possessed by all sentient beings.
['T27n1545_091:0473a12_5']	耳鼻舌身樂喜根滅。	耳鼻舌身樂喜根滅。	The cessation of the ear, nose, tongue, body, pleasure, and joy faculties.
['T27n1545_091:0473a12_14']	緣識及緣緣識亦爾。	緣識及緣緣識亦爾。	The consciousness that takes them as objects and the consciousness that takes their corresponding objects as objects are also like this.
['T27n1545_091:0473a13_13']	女根滅緣識欲色界及聖者生無色界成就。	女根滅緣識欲色界及聖者生無色界成就。	The cessation of the female faculty as an object of consciousness is in the desire realm and form realm, and noble ones born in the formless realm possess it.
['T27n1545_091:0473a14_5']	異生生無色界不成就。	異生生無色界不成就。	Ordinary beings born in the formless realm do not possess it.
['T27n1545_091:0473a14_15']	緣緣識空無邊處以下。	緣緣識空無邊處以下。	The consciousness that takes their corresponding objects as objects is in the sphere of infinite space and below.
['T27n1545_091:0473a15_4']	及聖者生上成就。	及聖者生上成就。	Noble ones born above possess it.
['T27n1545_091:0473a15_12']	異生生上不成就。	異生生上不成就。	Ordinary beings born above do not possess it.
['T27n1545_091:0473a16_7']	男苦憂根滅緣識及緣緣識亦爾。	男苦憂根滅緣識及緣緣識亦爾。	The cessation of the male faculty and the faculty of suffering and sorrow are also like this in terms of the consciousness that takes them as objects and the consciousness that takes them as objects and conditions.
['T27n1545_091:0473a16_17']	命根滅緣識及緣緣識。	命根滅緣識及緣緣識。	The cessation of the faculty of life is also like this in terms of the consciousness that takes it as an object and the consciousness that takes it as an object and conditions.
['T27n1545_091:0473a17_6']	一切有情皆成就。	一切有情皆成就。	All sentient beings are endowed with it.
['T27n1545_091:0473a18_4']	意捨信等五根滅緣識及緣緣識亦爾。	意捨信等五根滅緣識及緣緣識亦爾。	The cessation of the mental faculty, the faculty of equanimity, and the five faculties such as faith are also like this in terms of the consciousness that takes them as objects and the consciousness that takes them as objects and conditions.
['T27n1545_091:0473a18_13']	通餘章義准此應知。	通餘章義准此應知。	The meaning of the remaining chapters should be understood by analogy with this.
['T27n1545_091:0473a19_3']	眼根乃至無色界。	眼根乃至無色界。	The eye faculty up to the formless realm.
['T27n1545_091:0473a19_12']	修所斷無明隨眠滅。	修所斷無明隨眠滅。	The cessation of the ignorance that is eliminated by cultivation.
['T27n1545_091:0473a20_4']	緣識及緣緣識所增隨眠。	緣識及緣緣識所增隨眠。	The latent afflictions that increase due to the consciousness that takes it as an object and the consciousness that takes it as an object and conditions.
['T27n1545_091:0473a20_12']	誰成就誰不成就。	誰成就誰不成就。	Who is endowed with what, and who is not endowed with what?
['T27n1545_091:0473a21_4']	答眼根滅緣識所增隨眠。	答眼根滅緣識所增隨眠。	The answer: The latent afflictions that increase due to the consciousness that takes the cessation of the eye faculty as an object.
['T27n1545_091:0473a21_12']	未離色界染成就。	未離色界染成就。	Those who have not yet eliminated the defilements of the form realm are endowed with it.
['T27n1545_091:0473a22_3']	已離色界染不成就。	已離色界染不成就。	Those who have already eliminated the defilements of the form realm are not endowed with it.
['T27n1545_091:0473a22_11']	緣緣識所增隨眠。	緣緣識所增隨眠。	The latent afflictions that increase due to the consciousness that takes it as an object and conditions.
['T27n1545_091:0473a23_2']	未離無色界染成就。	未離無色界染成就。	Those who have not yet eliminated the defilements of the formless realm are endowed with it.
['T27n1545_091:0473a23_12']	已離無色界染不成就。	已離無色界染不成就。	Those who have already eliminated the defilements of the formless realm are not endowed with it.
['T27n1545_091:0473a24_14']	耳鼻舌身樂喜根滅緣識及緣緣識所增隨眠亦爾。	耳鼻舌身樂喜根滅緣識及緣緣識所增隨眠亦爾。	The latent afflictions that increase due to the consciousness that takes the cessation of the ear, nose, tongue, body, pleasure, and joy faculties as objects and the consciousness that takes them as objects and conditions are also like this.
['T27n1545_091:0473a25_6']	女根滅緣識所增隨眠。	女根滅緣識所增隨眠。	The latent afflictions that increase due to the consciousness that takes the cessation of the female faculty as an object.
['T27n1545_091:0473a25_14']	未離色界染成就。	未離色界染成就。	Those who have not yet eliminated the defilements of the form realm possess it.
['T27n1545_091:0473a26_5']	已離色界染不成就。	已離色界染不成就。	Those who have already eliminated the defilements of the form realm do not possess it.
['T27n1545_091:0473a26_13']	緣緣識所增隨眠。	緣緣識所增隨眠。	The latent afflictions that increase the perceiving consciousness and the perceived object consciousness.
['T27n1545_091:0473a27_5']	未離空無邊處染成就。	未離空無邊處染成就。	Those who have not yet eliminated the defilements of the sphere of infinite space possess it.
['T27n1545_091:0473a27_16', 'T27n1545_091:0473a28_15']	已離空無邊處染不成就。🔽男苦憂根滅緣識及緣緣識所增隨眠亦爾。	已離空無邊處染不成就。 男苦憂根滅緣識及緣緣識所增隨眠亦爾。	Those who have already eliminated the defilements of the sphere of infinite space do not possess it.🔽The same applies to the perceiving consciousness and the perceived object consciousness that increase the latent afflictions of the male faculty, the faculties of pain and grief.
['T27n1545_091:0473a29_11']	命根滅緣識及緣緣識所增隨眠。	命根滅緣識及緣緣識所增隨眠。	The same applies to the perceiving consciousness and the perceived object consciousness that increase the latent afflictions of the life faculty.
['T27n1545_091:0473b01_2']	未離無色界染成就。	未離無色界染成就。	Those who have not yet eliminated the defilements of the formless realm possess it.
['T27n1545_091:0473b01_12']	已離無色界染不成就。	已離無色界染不成就。	Those who have already eliminated the defilements of the formless realm do not possess it.
['T27n1545_091:0473b02_13']	意捨信等五根滅緣識及緣緣識所增隨眠亦爾。	意捨信等五根滅緣識及緣緣識所增隨眠亦爾。	The same applies to the perceiving consciousness and the perceived object consciousness that increase the latent afflictions of the mental faculty, the faculty of equanimity, and the five faculties such as faith.
['T27n1545_091:0473b03_4']	通餘章義准此應知。	通餘章義准此應知。	The meaning of the remaining chapters should be understood by analogy with this.🔽Here is the corrected and aligned text:
['T27n1545_091:0473b04_100']	說一切有部發智大毘婆沙論卷第九十一	說一切有部發智大毘婆沙論卷第九十一	Abhidharma-mahāvibhāṣā-śāstra, fascicle 91
