segmentnr	original	analyzed	translated
['T27n1545_011:0051a02_0']	阿毘達磨大毘婆沙論卷第十一	阿毘達磨大毘婆沙論卷第十一	Abhidharma-mahāvibhāṣā-śāstra, fascicle 11
['T27n1545_011:0051a04_0']	五百大阿羅漢等造	五百大阿羅漢等造	Composed by 500 great arhats and others
['T27n1545_011:0051a05_0', 'T27n1545_011:0051a07_11']	三藏法師玄奘奉　詔譯🔽3雜蘊第一中智納息第二之三問未來世中有等無間緣不。	三藏法師玄奘奉　詔譯 3雜蘊第一中智納息第二之三問未來世中有等無間緣不。	Translated by Tripiṭaka Master Xuanzang on imperial command🔽.
['T27n1545_011:0051a07_16']	設爾何失。	設爾何失。	If so, what is the error?
['T27n1545_011:0051a08_9']	若有者未來諸法應次第住。	若有者未來諸法應次第住。	If there is, then future dharmas should abide in sequence.
['T27n1545_011:0051a09_1']	修正加行應成無用。	修正加行應成無用。	Correctly cultivating preparatory effort should be useless.
['T27n1545_011:0051a09_6']	所以者何。	所以者何。	Why is it so?
['T27n1545_011:0051a09_15']	若法在此無間而住。	若法在此無間而住。	If a dharma abides in the present without interval,
['T27n1545_011:0051a10_5']	彼法從此無間必生。	彼法從此無間必生。	then that dharma will certainly arise without interval from this.
['T27n1545_011:0051a10_14']	修正加行復何所用。	修正加行復何所用。	What is the use of again correctly cultivating preparatory effort?
['T27n1545_011:0051a11_9']	又應無有伏諸煩惱生對治義。	又應無有伏諸煩惱生對治義。	Moreover, there should be no meaning of subduing afflictions and generating antidotes.
['T27n1545_011:0051a12_1']	如是便無究竟解脫。	如是便無究竟解脫。	In this way, there is ultimately no liberation.
['T27n1545_011:0051a12_10']	見蘊所說復云何通。	見蘊所說復云何通。	How does the explanation in the Abhidharma-piṭaka make sense?
['T27n1545_011:0051a12_13']	如說。	如說。	It is said:
['T27n1545_011:0051a13_4']	若法與彼法作等無間。	若法與彼法作等無間。	If a dharma acts as the equivalent and immediate antecedent for that dharma,
['T27n1545_011:0051a13_13']	或時不與彼法作耶。	或時不與彼法作耶。	is it sometimes not the equivalent and immediate antecedent for that dharma?
['T27n1545_011:0051a14_5']	答若時此法未至已生。	答若時此法未至已生。	Answer: If at that time this dharma has not yet reached the present.
['T27n1545_011:0051a14_17']	若無者何故世第一法無間。	若無者何故世第一法無間。	If not, why does the supreme worldly dharma without interval🔽only generate the receptivity to the knowledge of the dharma of suffering?
['T27n1545_011:0051a15_5']	唯生苦法智忍。	唯生苦法智忍。	Only the receptivity to the knowledge of the law of suffering arises.
['T27n1545_011:0051a15_14']	不生乃至盡無生智。	不生乃至盡無生智。	up to the knowledge of the non-arising of all dharmas.
['T27n1545_011:0051a15_19']	八分經說。	八分經說。	The eight-part sutra says.
['T27n1545_011:0051a16_4']	復云何通。	復云何通。	How can this be understood?
['T27n1545_011:0051a16_7']	如說。	如說。	It is said:
['T27n1545_011:0051a16_18']	如是補特伽羅作此業已。	如是補特伽羅作此業已。	Thus, a certain person, having done this karma,
['T27n1545_011:0051a17_4']	或十三劫。	或十三劫。	for thirteen eons,
['T27n1545_011:0051a17_9']	或十四劫。	或十四劫。	for fourteen eons,
['T27n1545_011:0051a17_16']	或乃至二十劫。	或乃至二十劫。	up to twenty eons,
['T27n1545_011:0051a18_2']	不墮惡趣。	不墮惡趣。	does not fall into evil destinies.
['T27n1545_011:0051a18_8']	又云何建立。	又云何建立。	Also, how is it established?
['T27n1545_011:0051a18_13', 'T27n1545_011:0051a18_18']	順現法受。🔽順次生受。	順現法受。 順次生受。	Karma to be experienced in the present life,🔽karma to be experienced in the next life,
['T27n1545_011:0051a19_2']	順後次受。	順後次受。	and karma to be experienced in a subsequent life.
['T27n1545_011:0051a19_7']	三種業耶。	三種業耶。	The three kinds of karma?
['T27n1545_011:0051a19_17']	答未來無有等無間緣。	答未來無有等無間緣。	Answer: In the future, there is no equal and immediately antecedent condition.
['T27n1545_011:0051a20_10']	問若爾何故世第一法無間。	問若爾何故世第一法無間。	Question: If that is so, why, immediately after the supreme worldly dharmas,
['T27n1545_011:0051a20_17']	唯生苦法智忍。	唯生苦法智忍。	only the receptivity to the knowledge of the dharma of suffering arises,
['T27n1545_011:0051a21_8']	不生乃至盡無生智耶。	不生乃至盡無生智耶。	and not up to the knowledge of the non-arising of all dharmas?
['T27n1545_011:0051a21_14']	答此名數定。	答此名數定。	Answer: This number is fixed,
['T27n1545_011:0051a22_1']	非事相定。	非事相定。	but the specific characteristics are not fixed.
['T27n1545_011:0051a22_6']	所以者何。	所以者何。	Why is this?
['T27n1545_011:0051a22_11']	苦法智忍。	苦法智忍。	The receptivity to the knowledge of the dharma of suffering,
['T27n1545_011:0051a23_1']	在六地未知何地者。	在六地未知何地者。	being in six stages, is unknown in which stage.
['T27n1545_011:0051a23_8']	當生三根相應。	當生三根相應。	It will arise associated with three faculties.
['T27n1545_011:0051a23_16']	未知何根相應者。	未知何根相應者。	Unknown with which faculties it is associated,
['T27n1545_011:0051a24_4']	當生有四行相。	當生有四行相。	it will arise with four aspects.
['T27n1545_011:0051a24_10']	未知何行相。	未知何行相。	We do not know what aspects they will take.
['T27n1545_011:0051a24_17']	當生無量剎那。	當生無量剎那。	They will arise in countless moments.
['T27n1545_011:0051a25_7']	未知何剎那當生故。	未知何剎那當生故。	We do not know in which moment they will arise.
['T27n1545_011:0051a25_15']	乃至住增上忍時。	乃至住增上忍時。	Up to the time of abiding in the supreme worldly dharmas,
['T27n1545_011:0051a26_1']	苦法智忍。	苦法智忍。	the receptivity to the knowledge of dharmas with regard to suffering,
['T27n1545_011:0051a26_7']	唯於三事定。	唯於三事定。	is only certain with regard to three things:
['T27n1545_011:0051a26_16']	謂地定根定行相定。	謂地定根定行相定。	the stage, the faculties, and the aspects.
['T27n1545_011:0051a27_4']	於二事猶不定。	於二事猶不定。	It is still uncertain with regard to two things:
['T27n1545_011:0051a27_10']	謂剎那不定。	謂剎那不定。	the moment is uncertain,
['T27n1545_011:0051a27_17']	等無間緣不定。	等無間緣不定。	and the condition as direct antecedent is uncertain.
['T27n1545_011:0051a28_6']	若住世第一法時。	若住世第一法時。	If one abides in the supreme worldly dharmas,
['T27n1545_011:0051a28_12']	於五事皆定。	於五事皆定。	it is certain with regard to all five things.
['T27n1545_011:0051a29_5']	復次不必要有等無間緣。	復次不必要有等無間緣。	Furthermore, it is not necessarily the case that there is a condition as direct antecedent.
['T27n1545_011:0051a29_14']	諸法次第相續而起。	諸法次第相續而起。	The various dharmas arise in a continuous sequence.
['T27n1545_011:0051b01_1']	所以者何。	所以者何。	Why is this?
['T27n1545_011:0051b01_8']	若法依屬彼法。	若法依屬彼法。	If a dharma is dependent on another dharma,
['T27n1545_011:0051b01_17']	從彼法後無間得生。	從彼法後無間得生。	it can arise immediately after that dharma.
['T27n1545_011:0051b02_3']	餘則不爾。	餘則不爾。	The others are not like this.
['T27n1545_011:0051b02_14']	猶如外物雖無等無間緣。	猶如外物雖無等無間緣。	Just like external things, although there is no condition as direct antecedent,
['T27n1545_011:0051b03_7']	而相依屬前後次第生起。	而相依屬前後次第生起。	they arise in a continuous sequence, one after another, in dependence on each other.
['T27n1545_011:0051b03_16']	如種芽莖枝條花果。	如種芽莖枝條花果。	Like seeds, sprouts, stems, branches, leaves, and fruits.
['T27n1545_011:0051b04_2']	依屬彼者。	依屬彼者。	That which is dependent on them
['T27n1545_011:0051b04_7']	彼無間生。	彼無間生。	arises immediately after them.
['T27n1545_011:0051b04_12']	餘則不爾。	餘則不爾。	The others are not like this.
['T27n1545_011:0051b05_2']	如是內法在未來世。	如是內法在未來世。	In this way, internal dharmas in the future,
['T27n1545_011:0051b05_9']	雖無等無間緣。	雖無等無間緣。	although lacking the condition of equal and immediate [antecedent],
['T27n1545_011:0051b06_1']	而依屬彼者彼無間生。	而依屬彼者彼無間生。	are born immediately after that which depends on it.
['T27n1545_011:0051b06_6']	餘則不爾。	餘則不爾。	The others are not like this.
['T27n1545_011:0051b06_11']	苦法智忍。	苦法智忍。	The receptivity to the cognition of the factors of suffering,
['T27n1545_011:0051b06_18']	依屬世第一法。	依屬世第一法。	depends on the supreme worldly dharmas.
['T27n1545_011:0051b07_7']	苦法智等則不如是。	苦法智等則不如是。	The cognition of the factors of suffering, etc. are not like this.
['T27n1545_011:0051b07_16']	是故世第一法無間。	是故世第一法無間。	Therefore, immediately after the supreme worldly dharmas,
['T27n1545_011:0051b08_5']	唯生苦法智忍。	唯生苦法智忍。	only the receptivity to the cognition of the factors of suffering is born.
['T27n1545_011:0051b08_14']	不生乃至盡無生智。	不生乃至盡無生智。	It does not give rise to the cognition of the exhaustion [of defilements] and the cognition of non-production [of future suffering].
['T27n1545_011:0051b09_2']	復次未來法生。	復次未來法生。	Furthermore, the arising of future dharmas,
['T27n1545_011:0051b09_7']	依現在法。	依現在法。	depends on present dharmas.
['T27n1545_011:0051b09_14']	若現在法和合。	若現在法和合。	If present dharmas are combined,
['T27n1545_011:0051b09_19']	彼則得生。	彼則得生。	then they can be born.
['T27n1545_011:0051b10_8']	若不和合彼則不生。	若不和合彼則不生。	If they are not combined, they do not arise.
['T27n1545_011:0051b11_1', 'T27n1545_011:0051b11_10']	雖無是處為分別故。🔽假使修道生緣先合。	雖無是處為分別故。 假使修道生緣先合。	Although this is not possible, for the sake of discrimination,🔽if the path of cultivation were to arise in combination with what precedes it,
['T27n1545_011:0051b11_15']	亦應先生。	亦應先生。	it should also arise first.
['T27n1545_011:0051b12_1']	然無是事。	然無是事。	But this is not the case.
['T27n1545_011:0051b12_7']	唯苦法智忍。	唯苦法智忍。	Only the receptivity to the cognition of the factors of suffering,
['T27n1545_011:0051b12_17']	依世第一法和合而生。	依世第一法和合而生。	arises in combination with the supreme worldly dharmas.
['T27n1545_011:0051b13_7']	苦法智等依餘和合。	苦法智等依餘和合。	The cognition of the factors of suffering, etc. arise in combination with the others.
['T27n1545_011:0051b13_16']	是故世第一法無間。	是故世第一法無間。	Therefore, immediately after the supreme worldly dharmas,
['T27n1545_011:0051b14_4']	唯生苦法智忍。	唯生苦法智忍。	Only the receptivity to the cognition of the factors of the path of seeing of suffering arises.
['T27n1545_011:0051b14_13']	不生乃至盡無生智。	不生乃至盡無生智。	Neither the cognition of exhaustion nor the cognition of non-arising arise.
['T27n1545_011:0051b14_19']	問八分經等。	問八分經等。	Question: How does one understand the sūtra passage on the eight parts, etc.?
['T27n1545_011:0051b15_4']	復云何通。	復云何通。	How can it be understood?
['T27n1545_011:0051b15_7']	有說。	有說。	Some say:
['T27n1545_011:0051b15_15']	世尊依過去現在。	世尊依過去現在。	The World-Honored One, based on the past and present,
['T27n1545_011:0051b16_1']	比知未來。	比知未來。	inferred the future.
['T27n1545_011:0051b16_6']	故作是說。	故作是說。	Therefore, he said this.
['T27n1545_011:0051b16_15']	謂世尊觀過去現在。	謂世尊觀過去現在。	That is to say, the World-Honored One observed that in the past and present,
['T27n1545_011:0051b17_5']	如是種類補特伽羅。	如是種類補特伽羅。	such and such a type of person
['T27n1545_011:0051b17_10']	造如是業。	造如是業。	creates such and such karma,
['T27n1545_011:0051b18_2']	爾所劫中不墮惡趣。	爾所劫中不墮惡趣。	and for so many eons does not fall into evil destinies.
['T27n1545_011:0051b18_11', 'T27n1545_011:0051b19_2']	如是種類補特伽羅。🔽造如是業現世受果。	如是種類補特伽羅。 造如是業現世受果。	Such and such a type of person🔽creates such and such karma and experiences its results in the present life.
['T27n1545_011:0051b19_11']	造如是業次生受果。	造如是業次生受果。	Creates such and such karma and experiences its results in the next life.
['T27n1545_011:0051b20_3']	造如是業後次受果。	造如是業後次受果。	Creates such and such karma and experiences its results later.
['T27n1545_011:0051b20_8']	由此現見。	由此現見。	Because of this, it is seen
['T27n1545_011:0051b20_17']	如是種類補特伽羅。	如是種類補特伽羅。	that such and such a type of person
['T27n1545_011:0051b21_8']	造如是業比知當來。	造如是業比知當來。	creates such and such karma, and it is inferred that in the future,
['T27n1545_011:0051b21_17']	爾所劫中不墮惡趣。	爾所劫中不墮惡趣。	for so many eons, they will not fall into evil destinies.
['T27n1545_011:0051b22_8', 'T27n1545_011:0051b22_17']	如是種類補特伽羅。🔽造如是業當現受果。	如是種類補特伽羅。 造如是業當現受果。	Such and such a type of person🔽creates such and such karma and will experience its results in the present life.
['T27n1545_011:0051b23_8']	造如是業當生受果。	造如是業當生受果。	Creates such and such karma and will experience its results in the next life.
['T27n1545_011:0051b24_1']	造如是業當後受果。	造如是業當後受果。	One creates such karma and will later receive its fruits.
['T27n1545_011:0051b24_6']	有餘師說。	有餘師說。	Other masters say:
['T27n1545_011:0051b24_15']	有情身中有如是相。	有情身中有如是相。	There are such marks in the bodies of sentient beings.
['T27n1545_011:0051b25_5']	是不相應行蘊所攝。	是不相應行蘊所攝。	They are included in the formations dissociated from thought.
['T27n1545_011:0051b25_10']	世尊觀彼。	世尊觀彼。	The World-Honored One observes them
['T27n1545_011:0051b26_5']	便知如是補特伽羅於未來世。	便知如是補特伽羅於未來世。	and then knows that such a person
['T27n1545_011:0051b26_14']	爾所劫中不墮惡趣。	爾所劫中不墮惡趣。	will not fall into evil destinies for so many eons in the future.
['T27n1545_011:0051b27_9', 'T27n1545_011:0051b27_14']	亦知如是補特伽羅所造諸業。🔽或當現受。	亦知如是補特伽羅所造諸業。 或當現受。	He also knows the various karmas created by such a person,🔽which may be experienced in the present,
['T27n1545_011:0051b27_19']	或當生受。	或當生受。	may be experienced upon rebirth,
['T27n1545_011:0051b28_4']	或當後受。	或當後受。	or may be experienced later.
['T27n1545_011:0051b28_7']	評曰。	評曰。	The judges say:
['T27n1545_011:0051b28_14']	不應作如是說。	不應作如是說。	One should not speak in this way.
['T27n1545_011:0051b29_1']	若作是說。	若作是說。	If one speaks in this way,
['T27n1545_011:0051c01_2']	便顯世尊於未來事唯有比量智無現量智。	便顯世尊於未來事唯有比量智無現量智。	it would mean that the World-Honored One only has inferential knowledge of future events and does not have direct knowledge.
['T27n1545_011:0051c01_7']	此不應理。	此不應理。	This is unreasonable.
['T27n1545_011:0051c01_12']	應作是說。	應作是說。	One should speak in this way:
['T27n1545_011:0051c02_2']	佛知未來是現非比。	佛知未來是現非比。	The Buddha knows the future directly, not inferentially.
['T27n1545_011:0051c02_11']	謂佛智見明淨猛利。	謂佛智見明淨猛利。	That is to say, the Buddha's wisdom and insight are clear, pure, sharp, and powerful.
['T27n1545_011:0051c02_16']	未來諸法。	未來諸法。	Although future dharmas
['T27n1545_011:0051c03_6']	雖雜亂住無有次第。	雖雜亂住無有次第。	are mixed up and do not have a sequence,
['T27n1545_011:0051c03_11']	而能現知。	而能現知。	he is able to know them directly.
['T27n1545_011:0051c04_2']	如是種類補特伽羅。	如是種類補特伽羅。	Such and such a type of person
['T27n1545_011:0051c04_7']	造如是業。	造如是業。	One who creates such karma
['T27n1545_011:0051c05_2']	於未來世爾所劫中不墮惡趣。	於未來世爾所劫中不墮惡趣。	will not fall into evil destinies for so many eons in the future.
['T27n1545_011:0051c05_11']	如是種類補特伽羅。	如是種類補特伽羅。	An individual of this type
['T27n1545_011:0051c05_16', 'T27n1545_011:0051c06_2']	造如是業。🔽或當現受。	造如是業。 或當現受。	creates such karma.🔽Either one will experience it in the present,
['T27n1545_011:0051c06_7']	或當生受。	或當生受。	or one will experience it in the next life,
['T27n1545_011:0051c06_12']	或當後受。	或當後受。	or one will experience it in a later life.
['T27n1545_011:0051c06_17']	明了無謬。	明了無謬。	It is clear and without error.
['T27n1545_011:0051c07_2']	有餘師說。	有餘師說。	Other masters say:
['T27n1545_011:0051c07_11']	未來亦有等無間緣。	未來亦有等無間緣。	In the future, there is also an immediately antecedent condition.
['T27n1545_011:0051c08_4']	問若爾未來諸法應次第住。	問若爾未來諸法應次第住。	Question: If that is so, then future dharmas should exist in sequence.
['T27n1545_011:0051c08_13']	修正加行應成無用。	修正加行應成無用。	Correctly cultivating spiritual practices should be useless.
['T27n1545_011:0051c09_9']	又應無有伏諸煩惱生對治義。	又應無有伏諸煩惱生對治義。	Moreover, there should be no meaning of subduing afflictions and giving rise to antidotes.
['T27n1545_011:0051c10_1']	如是便無究竟解脫。	如是便無究竟解脫。	In this way, there would be no ultimate liberation.
['T27n1545_011:0051c10_16']	答未來諸法雖有等無間緣性相定。	答未來諸法雖有等無間緣性相定。	Answer: Although future dharmas have the nature and characteristics of the immediately antecedent condition,
['T27n1545_011:0051c11_6']	而無前後次第定。	而無前後次第定。	they do not have a definite sequence.
['T27n1545_011:0051c11_15']	謂心心所未已生位。	謂心心所未已生位。	That is to say, when mind and mental factors have not yet arisen,
['T27n1545_011:0051c12_14']	有應從彼無間生法而無前後次第行列。	有應從彼無間生法而無前後次第行列。	there are dharmas that should arise immediately after them, but there is no sequential arrangement of earlier and later.
['T27n1545_011:0051c13_2']	至已生位。	至已生位。	When they have already arisen,
['T27n1545_011:0051c13_11']	有應從彼無間生法。	有應從彼無間生法。	there are dharmas that should arise immediately after them.
['T27n1545_011:0051c14_2']	亦有前後次第行列。	亦有前後次第行列。	There is also a sequence of earlier and later stages,
['T27n1545_011:0051c14_7']	如多沙門。	如多沙門。	like many monks.
['T27n1545_011:0051c14_17']	若雜亂住雖大小已定。	若雜亂住雖大小已定。	If they live in a state of confusion, although their size is already determined,
['T27n1545_011:0051c15_4']	而行列未定。	而行列未定。	the arrangement is not yet determined.
['T27n1545_011:0051c15_13', 'T27n1545_011:0051c15_18']	若次第住大小亦定。🔽行列亦定。	若次第住大小亦定。 行列亦定。	If they live in order, both size and arrangement are determined.
['T27n1545_011:0051c16_8']	此亦如是故無有失。	此亦如是故無有失。	This is also like that, so there is no error.
['T27n1545_011:0051c17_1']	修正加行非成無用。	修正加行非成無用。	Correctly cultivating applied practices is not useless.
['T27n1545_011:0051c17_10', 'T27n1545_011:0051c18_1']	一心無間有二心故。🔽謂未來世一心無間。	一心無間有二心故。 謂未來世一心無間。	Because there are two minds in the interval of one mind.
['T27n1545_011:0051c18_10']	有二心住一善二染。	有二心住一善二染。	That is to say, in the future, there are two minds in the interval of one mind, one wholesome and one defiled.
['T27n1545_011:0051c19_1']	若現在世修正加行。	若現在世修正加行。	If one cultivates correct applied practices in the present,
['T27n1545_011:0051c19_10']	則善心生染心不生。	則善心生染心不生。	then a wholesome mind arises and a defiled mind does not arise.
['T27n1545_011:0051c20_1']	若現在世起邪加行。	若現在世起邪加行。	If one gives rise to false applied practices in the present,
['T27n1545_011:0051c20_10']	則染心生善心不生。	則染心生善心不生。	then a defiled mind arises and a wholesome mind does not arise.
['T27n1545_011:0051c21_5']	如一種後二事應生一芽二灰。	如一種後二事應生一芽二灰。	It is like the case of two things that should arise after one kind, one sprout and one ash.
['T27n1545_011:0051c22_1']	若芽緣和合則芽生灰不生。	若芽緣和合則芽生灰不生。	If the conditions for the sprout are combined, then the sprout arises and the ash does not arise.
['T27n1545_011:0051c22_13']	若灰緣和合則灰生芽不生。	若灰緣和合則灰生芽不生。	If the conditions for the ash are combined, then the ash arises and the sprout does not arise.
['T27n1545_011:0051c23_1']	此亦如是。	此亦如是。	This is also like that.
['T27n1545_011:0051c23_14']	由此亦有伏諸煩惱生對治義。	由此亦有伏諸煩惱生對治義。	Therefore, there is also the meaning of subduing all afflictions and giving rise to antidotes.
['T27n1545_011:0051c24_5']	漸次便證究竟解脫。	漸次便證究竟解脫。	Gradually they will attain ultimate liberation.
['T27n1545_011:0051c24_15']	問見蘊所說復云何通。	問見蘊所說復云何通。	Question: How can this be reconciled with what is said in the Aggregates of Views?
['T27n1545_011:0051c24_18']	如說。	如說。	It says:
['T27n1545_011:0051c25_9']	若法與彼法作等無間。	若法與彼法作等無間。	If a dharma acts as the equal and immediate condition for another dharma,
['T27n1545_011:0051c26_1']	或時不與彼法作耶。	或時不與彼法作耶。	can it sometimes not act as that dharma's equal and immediate condition?
['T27n1545_011:0051c26_11']	答若時此法未至已生。	答若時此法未至已生。	Answer: When that dharma has not yet reached the state of having arisen.
['T27n1545_011:0051c27_4']	答彼依前後次第定說。	答彼依前後次第定說。	Answer: That is said with reference to the definite sequence of prior and posterior.
['T27n1545_011:0051c27_13']	不依為緣性相定說。	不依為緣性相定說。	It is not said with reference to the definite nature of being a condition.
['T27n1545_011:0051c27_18']	故不相違。	故不相違。	Therefore there is no contradiction.
['T27n1545_011:0051c28_2']	評曰。	評曰。	The judges say:
['T27n1545_011:0051c28_7']	應作是說。	應作是說。	One should say:
['T27n1545_011:0051c28_16']	未來無有等無間緣。	未來無有等無間緣。	There is no equal and immediate condition in the future.
['T27n1545_011:0051c29_4']	所以者何。	所以者何。	Why is this?
['T27n1545_011:0051c29_13']	等無間緣不雜亂住。	等無間緣不雜亂住。	The equal and immediate condition does not exist in a state of confusion.
['T27n1545_011:0052a01_4']	未來世法雜亂住故。	未來世法雜亂住故。	Because dharmas in the future exist in a state of confusion.
['T27n1545_011:0052a01_13']	等無間緣次第而住。	等無間緣次第而住。	The equal and immediate condition exists in a state of sequence.
['T27n1545_011:0052a02_3']	未來世法無次第故。	未來世法無次第故。	Because dharmas in the future do not have sequence.
['T27n1545_011:0052a02_12', 'T27n1545_011:0052a02_18']	等無間緣依開避義。🔽立未來世法。	等無間緣依開避義。 立未來世法。	The equal and immediate condition is established based on the meaning of making way.
['T27n1545_011:0052a03_5']	無開避義故。	無開避義故。	Future dharmas do not have the meaning of making way.
['T27n1545_011:0052a03_17']	復次若未來有等無間緣則。	復次若未來有等無間緣則。	Furthermore, if there were an equal and immediate condition in the future, then
['T27n1545_011:0052a04_8']	欲修善者應常作善。	欲修善者應常作善。	those who wish to cultivate good should always do good.
['T27n1545_011:0052a05_1', 'T27n1545_011:0052a05_10']	欲作惡者應常作惡。🔽然今現見欲修善者。	欲作惡者應常作惡。 然今現見欲修善者。	Those who wish to do evil should always do evil.
['T27n1545_011:0052a05_15']	後便作惡。	後便作惡。	But now we see that those who wish to cultivate good later do evil.
['T27n1545_011:0052a06_1']	如天授等。	如天授等。	Like Devadatta and others.
['T27n1545_011:0052a06_10']	欲作惡者後便作善。	欲作惡者後便作善。	Those who wish to do evil later do good.
['T27n1545_011:0052a06_15']	如指鬘等。	如指鬘等。	Like Angulimāla and others.
['T27n1545_011:0052a07_9']	故未來世決定無有等無間緣。	故未來世決定無有等無間緣。	Therefore, in the future there will definitely be no immediately preceding conditions.
['T27n1545_011:0052a08_10']	問何故色法非等無間緣。	問何故色法非等無間緣。	Why is form not an immediately preceding condition?
['T27n1545_011:0052a08_16', 'T27n1545_011:0052a09_4']	答若法相應。🔽有所依有行相。	答若法相應。 有所依有行相。	If a dharma is associated,🔽has a basis, has aspects,
['T27n1545_011:0052a09_11']	有警覺有所緣。	有警覺有所緣。	is alert, and has an object,
['T27n1545_011:0052a10_3']	彼法可立等無間緣。	彼法可立等無間緣。	that dharma can be established as an immediately preceding condition.
['T27n1545_011:0052a10_9']	色法不爾故。	色法不爾故。	Form is not like this, so
['T27n1545_011:0052a10_15']	非等無間緣。	非等無間緣。	it is not an immediately preceding condition.
['T27n1545_011:0052a10_18']	有說。	有說。	Some say:
['T27n1545_011:0052a11_7']	等無間緣現前無亂。	等無間緣現前無亂。	The immediately preceding condition is unconfused in the present.
['T27n1545_011:0052a11_13']	色法有亂故。	色法有亂故。	Form is confused, so
['T27n1545_011:0052a12_1']	非等無間緣。	非等無間緣。	it is not an immediately preceding condition.🔽It is said:
['T27n1545_011:0052a12_6']	謂一剎那。	謂一剎那。	In one moment,
['T27n1545_011:0052a12_15']	起欲界色及色界色。	起欲界色及色界色。	form of the desire realm and form of the form realm arise.
['T27n1545_011:0052a13_1']	或一剎那。	或一剎那。	Or in one moment,
['T27n1545_011:0052a13_10']	起欲界色及不繫色。	起欲界色及不繫色。	form of the desire realm and unconditioned form arise.
['T27n1545_011:0052a13_15']	或一剎那。	或一剎那。	Or in one moment,
['T27n1545_011:0052a14_5']	起色界色及不繫色。	起色界色及不繫色。	form of the form realm and unconditioned form arise.
['T27n1545_011:0052a14_12']	尊者世友說曰。	尊者世友說曰。	Venerable Vasumitra said:
['T27n1545_011:0052a15_3']	一異熟色相續未滅。	一異熟色相續未滅。	When the continuity of resultant form has not yet ceased,
['T27n1545_011:0052a15_12']	有長養色及等流色。	有長養色及等流色。	there is nourished form and form as transformation.
['T27n1545_011:0052a16_2']	復相續生多類俱生。	復相續生多類俱生。	Moreover, multiple types are born in continuity, and many are born together.
['T27n1545_011:0052a16_9']	故非等無間緣。	故非等無間緣。	Therefore, it is not a condition as the equivalent and immediate antecedent.
['T27n1545_011:0052a16_14', 'T27n1545_011:0052a17_5']	大德說曰。🔽以諸色法少無間生多。	大德說曰。 以諸色法少無間生多。	The Venerable One said:🔽Because few forms are born immediately after many forms,
['T27n1545_011:0052a17_12']	多無間生少故。	多無間生少故。	and many are born immediately after few forms.
['T27n1545_011:0052a17_18']	非等無間緣。	非等無間緣。	Therefore, it is not a condition as the equivalent and immediate antecedent.
['T27n1545_011:0052a18_6']	少無間生多者。	少無間生多者。	Few are born immediately after many.
['T27n1545_011:0052a18_11']	如夏雨時。	如夏雨時。	For example, during the rainy season,
['T27n1545_011:0052a19_2']	少雲無間起無量雲。	少雲無間起無量雲。	from a small cloud, many clouds are born without interval,
['T27n1545_011:0052a19_7']	遍覆虛空。	遍覆虛空。	covering the sky everywhere.
['T27n1545_011:0052a20_2']	從小樹子生極高大諾瞿陀樹。	從小樹子生極高大諾瞿陀樹。	From a small tree seed, a very tall and large banyan tree is born.
['T27n1545_011:0052a20_13']	從小羯剌藍生廣大身色。	從小羯剌藍生廣大身色。	From a small kalala, a large body and form are born.
['T27n1545_011:0052a21_2']	多無間生少者。	多無間生少者。	Many are born immediately after few.
['T27n1545_011:0052a21_11']	如大草聚燒為少灰。	如大草聚燒為少灰。	For example, when a large pile of grass is burned, it becomes few ashes.
['T27n1545_011:0052a22_5']	問若爾心所法亦多無間生少。	問若爾心所法亦多無間生少。	Question: If that is so, then mental factors are also born immediately after many,
['T27n1545_011:0052a22_11']	少無間生多。	少無間生多。	and few are born immediately after many.
['T27n1545_011:0052a23_2']	應不建立等無間緣。	應不建立等無間緣。	They should not be established as a condition as the equivalent and immediate antecedent.
['T27n1545_011:0052a23_9']	多無間生少者。	多無間生少者。	Many are born immediately after few.
['T27n1545_011:0052a23_17']	如從有尋有伺地。	如從有尋有伺地。	For example, from the stage with initial and sustained thought,
['T27n1545_011:0052a24_5']	入無尋無伺地。	入無尋無伺地。	Entering the stage without initial or sustained thought.
['T27n1545_011:0052a24_12']	少無間生多者。	少無間生多者。	When few immediately give rise to many,
['T27n1545_011:0052a25_8']	如從無尋無伺地入有尋有伺地。	如從無尋無伺地入有尋有伺地。	such as when entering the stage with initial and sustained thought from the stage without initial or sustained thought.
['T27n1545_011:0052a26_1']	答此依同地前後數等說。	答此依同地前後數等說。	The answer is that this is based on the equal number of preceding and succeeding stages,
['T27n1545_011:0052a26_10']	不依異地故無有失。	不依異地故無有失。	but not on different stages, so there is no error.
['T27n1545_011:0052a26_13']	有說。	有說。	Some say,
['T27n1545_011:0052a27_5']	此依同類前後數等說。	此依同類前後數等說。	this is based on the equal number of preceding and succeeding homogeneous stages,
['T27n1545_011:0052a27_14']	不依異類故無有失。	不依異類故無有失。	but not on heterogeneous stages, so there is no error.
['T27n1545_011:0052a28_1']	謂一心中。	謂一心中。	That is to say, in one mind,
['T27n1545_011:0052a28_12']	若一受等無間二受等生。	若一受等無間二受等生。	if one feeling, etc. immediately gives rise to two feelings, etc.,
['T27n1545_011:0052a29_3']	二受等無間一受等生。	二受等無間一受等生。	and two feelings, etc. immediately give rise to one feeling, etc.,
['T27n1545_011:0052a29_8']	可有此失。	可有此失。	this error could occur.
['T27n1545_011:0052a29_17']	然無是事故與色別。	然無是事故與色別。	But since this does not happen, it is distinguished from form.
['T27n1545_011:0052b01_8']	以諸色法同類極微。	以諸色法同類極微。	Because the homogeneous atoms of material dharmas
['T27n1545_011:0052b01_17']	於一聚中眾多俱起。	於一聚中眾多俱起。	are numerous and arise together in one aggregate,
['T27n1545_011:0052b02_8']	故不可立等無間緣。	故不可立等無間緣。	therefore they cannot be established as the condition as the equivalent and immediate antecedent.
['T27n1545_011:0052b03_1']	心心所法無如是事。	心心所法無如是事。	Mind and mental factors do not have this.
['T27n1545_011:0052b04_7']	問何故不相應行。	問何故不相應行。	Question: Why are the dissociated formations
['T27n1545_011:0052b04_13']	非等無間緣。	非等無間緣。	not the condition as the equivalent and immediate antecedent?
['T27n1545_011:0052b04_19']	答若法相應。	答若法相應。	Answer: If a dharma is associated,
['T27n1545_011:0052b05_6']	有所依有行相。	有所依有行相。	it has a support and has a mode of activity.
['T27n1545_011:0052b05_13']	有警覺有所緣。	有警覺有所緣。	There is vigilance and an object.
['T27n1545_011:0052b06_5']	彼法可立等無間緣。	彼法可立等無間緣。	Those dharmas can be established as the condition as the equivalent and immediate antecedent.
['T27n1545_011:0052b06_12']	不相應行不爾。	不相應行不爾。	The dissociated formations are not like this.
['T27n1545_011:0052b07_1']	故非等無間緣。	故非等無間緣。	Therefore, they are not the condition as the equivalent and immediate antecedent.
['T27n1545_011:0052b07_4', 'T27n1545_011:0052b07_13']	有說。🔽等無間緣現前無亂。	有說。 等無間緣現前無亂。	Some say:🔽The condition as the equivalent and immediate antecedent is without confusion in the present.
['T27n1545_011:0052b08_2']	不相應行現前有亂。	不相應行現前有亂。	The dissociated formations are confused in the present.
['T27n1545_011:0052b08_9']	故非等無間緣。	故非等無間緣。	Therefore, they are not the condition as the equivalent and immediate antecedent.
['T27n1545_011:0052b08_14']	謂一剎那。	謂一剎那。	That is to say, in one moment,
['T27n1545_011:0052b09_2']	有起三界及不繫。	有起三界及不繫。	There are those that arise in the three realms and are unattached.
['T27n1545_011:0052b09_8']	不相應行故。	不相應行故。	Because the dissociated formations are so.
['T27n1545_011:0052b09_13']	餘隨所應。	餘隨所應。	The rest, as appropriate,
['T27n1545_011:0052b09_18', 'T27n1545_011:0052b10_3']	如前廣說。🔽品類足論。	如前廣說。 品類足論。	Are as extensively explained above.🔽The Abhidharma-nyāyânusāra-śāstra
['T27n1545_011:0052b10_8']	有如是言。	有如是言。	Has such words:
['T27n1545_011:0052b10_16']	云何心等無間法。	云何心等無間法。	What are the dharmas that are immediately antecedent to the mind?
['T27n1545_011:0052b11_4']	答若心等無間。	答若心等無間。	The answer is: If, immediately antecedent to the mind,
['T27n1545_011:0052b11_10']	餘心心所法。	餘心心所法。	Other mind and mental factors
['T27n1545_011:0052b11_15']	已生正生。	已生正生。	Have already arisen or are just arising,
['T27n1545_011:0052b12_3']	及無想定滅盡定。	及無想定滅盡定。	And the attainment of non-perception and the attainment of cessation
['T27n1545_011:0052b12_8']	已生正生。	已生正生。	Have already arisen or are just arising,
['T27n1545_011:0052b12_16']	是謂心等無間法。	是謂心等無間法。	These are called the dharmas that are immediately antecedent to the mind.
['T27n1545_011:0052b13_8']	問彼何故不說無想異熟耶。	問彼何故不說無想異熟耶。	Why don't they speak of the attainment of non-perception?
['T27n1545_011:0052b13_11']	有說。	有說。	Some say:
['T27n1545_011:0052b14_1']	應說而不說者。	應說而不說者。	Although it should be mentioned, it is not mentioned.
['T27n1545_011:0052b14_8']	當知此義有餘。	當知此義有餘。	One should know that there is more to this meaning.
['T27n1545_011:0052b14_11']	有說。	有說。	Some say:
['T27n1545_011:0052b14_16']	二無心定。	二無心定。	The two mindless samādhis
['T27n1545_011:0052b15_4']	有加行有功用。	有加行有功用。	have preparatory effort and are with applied thought.
['T27n1545_011:0052b15_13']	勤勞而得故彼說之。	勤勞而得故彼說之。	Because they are attained through diligent exertion, they are explained.
['T27n1545_011:0052b16_4']	無想異熟與此相違。	無想異熟與此相違。	The karmic maturation of the mindless state is the opposite of this.
['T27n1545_011:0052b16_9']	故彼不說。	故彼不說。	Therefore it is not explained.
['T27n1545_011:0052b16_12']	有說。	有說。	Some say:
['T27n1545_011:0052b17_2']	二無心定是善故說。	二無心定是善故說。	The two mindless samādhis are wholesome, so they are explained.
['T27n1545_011:0052b17_15']	無想異熟無覆無記故不說之。	無想異熟無覆無記故不說之。	The karmic maturation of the mindless state is indeterminate, so it is not explained.
['T27n1545_011:0052b17_18']	有說。	有說。	Some say:
['T27n1545_011:0052b18_8']	若由心力無間引起。	若由心力無間引起。	If something is immediately induced by the power of mind,
['T27n1545_011:0052b18_13']	不雜亂者。	不雜亂者。	and is not mixed up,
['T27n1545_011:0052b19_4']	可名為心等無間法。	可名為心等無間法。	it can be called a dharma that is equal and immediately antecedent to mind.
['T27n1545_011:0052b19_17']	無想異熟是異熟因力所引起。	無想異熟是異熟因力所引起。	The karmic maturation of the mindless state is induced by the power of the cause of karmic maturation.
['T27n1545_011:0052b20_4']	任運而轉。	任運而轉。	It occurs spontaneously.
['T27n1545_011:0052b20_13']	非入彼心勢力所引。	非入彼心勢力所引。	It is not induced by the power of entering that mind.
['T27n1545_011:0052b21_5']	故不名心等無間法。	故不名心等無間法。	Therefore it is not called a dharma that is equal and immediately antecedent to mind.
['T27n1545_011:0052b21_15']	問若爾異熟心心所法。	問若爾異熟心心所法。	Question: If that is so, then the mind and mental factors of karmic maturation
['T27n1545_011:0052b22_5']	亦異熟因力所引起。	亦異熟因力所引起。	are also induced by the power of the cause of karmic maturation.
['T27n1545_011:0052b22_10']	任運而轉。	任運而轉。	They occur spontaneously.
['T27n1545_011:0052b23_1']	應不名心等無間法。	應不名心等無間法。	They should not be called dharmas that are equal and immediately antecedent to mind.
['T27n1545_011:0052b23_11']	答自類相引有勝勢力。	答自類相引有勝勢力。	Answer: The power of mutual induction within the same class is superior.
['T27n1545_011:0052b23_16']	不同彼故。	不同彼故。	It is not the same as that.
['T27n1545_011:0052b24_6']	俱是相應有所依等。	俱是相應有所依等。	Both are associated with support, etc.
['T27n1545_011:0052b24_11']	說名自類。	說名自類。	They are called of the same kind.
['T27n1545_011:0052b25_1']	問何故二無心定。	問何故二無心定。	Question: Why are the two mindless samādhis
['T27n1545_011:0052b25_8']	是心等無間法。	是心等無間法。	the dharmas immediately following the mind,
['T27n1545_011:0052b25_17', 'T27n1545_011:0052b26_8']	而非心等無間緣耶。🔽答彼由心加行功用。	而非心等無間緣耶。 答彼由心加行功用。	but not the conditions immediately preceding the mind?
['T27n1545_011:0052b26_15']	勤勞所引得故。	勤勞所引得故。	Answer: Because they are attained through the exertion and effort of the mind,
['T27n1545_011:0052b27_4']	名心等無間法。	名心等無間法。	they are called the dharmas immediately following the mind.
['T27n1545_011:0052b27_13']	與心相違遮斷心故。	與心相違遮斷心故。	Because they oppose the mind and obstruct the mind,
['T27n1545_011:0052b28_1']	非心等無間緣。	非心等無間緣。	they are not the conditions immediately preceding the mind.
['T27n1545_011:0052b28_4']	有說。	有說。	Some say:
['T27n1545_011:0052b28_13']	彼由心勢力所引起。	彼由心勢力所引起。	Because they are aroused by the power of the mind,
['T27n1545_011:0052b29_2']	故名心等無間法。	故名心等無間法。	they are called the dharmas immediately following the mind.
['T27n1545_011:0052b29_9']	不相應無所依。	不相應無所依。	Because they are not associated, have no support,
['T27n1545_011:0052b29_16']	無行相無警覺。	無行相無警覺。	no aspect, no awareness,
['T27n1545_011:0052c01_2']	無所緣故。	無所緣故。	and no object,
['T27n1545_011:0052c01_9']	非心等無間緣。	非心等無間緣。	they are not the conditions immediately preceding the mind.
['T27n1545_011:0052c01_12']	有說。	有說。	Some say:
['T27n1545_011:0052c02_3']	彼由心勢力得增長。	彼由心勢力得增長。	Because they increase through the power of the mind
['T27n1545_011:0052c02_8']	有作用故。	有作用故。	and have function,
['T27n1545_011:0052c02_15']	名心等無間法。	名心等無間法。	they are called the dharmas immediately following the mind.
['T27n1545_011:0052c03_6']	損減心令不起作用故。	損減心令不起作用故。	Because they diminish the mind and prevent it from functioning,
['T27n1545_011:0052c03_13']	非心等無間緣。	非心等無間緣。	they are not the conditions immediately preceding the mind.
['T27n1545_011:0052c04_3']	問何故二無心定。	問何故二無心定。	Question: Why are the two mindless samādhis
['T27n1545_011:0052c04_12']	前後相似無亂續生。	前後相似無亂續生。	The preceding and succeeding moments are similar and arise in continuity without confusion.
['T27n1545_011:0052c05_3']	而前非後等無間緣。	而前非後等無間緣。	But the preceding moment is not the condition as the equivalent and immediate antecedent for the succeeding moment.
['T27n1545_011:0052c05_13']	答由入定心勢力所引。	答由入定心勢力所引。	Answer: It is attracted and brought forth by the power of the mind entering concentration.
['T27n1545_011:0052c06_4']	不由前念力所引生。	不由前念力所引生。	It is not brought forth by the power of the preceding moment.
['T27n1545_011:0052c06_13']	故前非後等無間緣。	故前非後等無間緣。	Therefore, the preceding moment is not the condition as the equivalent and immediate antecedent for the succeeding moment.
['T27n1545_011:0052c07_4']	問若爾異熟心心所法。	問若爾異熟心心所法。	Question: If this is so, then the mind and mental factors of karmic maturation
['T27n1545_011:0052c07_13']	由異熟因勢力引起。	由異熟因勢力引起。	are attracted and brought forth by the power of the cause of karmic maturation.
['T27n1545_011:0052c07_18']	任運而轉。	任運而轉。	They function spontaneously.
['T27n1545_011:0052c08_8']	前應非後等無間緣。	前應非後等無間緣。	The preceding moment should not be the condition as the equivalent and immediate antecedent for the succeeding moment.
['T27n1545_011:0052c08_14']	答心心所法。	答心心所法。	Answer: The mind and mental factors
['T27n1545_011:0052c09_3', 'T27n1545_011:0052c09_10']	是相應有所依。🔽有行相有警覺。	是相應有所依。 有行相有警覺。	are associated, have a support,🔽have a mode of activity, have an object,
['T27n1545_011:0052c09_15']	有所緣故。	有所緣故。	and have an object of perception.
['T27n1545_011:0052c10_6']	前念於後有勝勢力。	前念於後有勝勢力。	Therefore, the preceding moment has a superior power over the succeeding moment,
['T27n1545_011:0052c10_11']	引發開避。	引發開避。	attracting and making way for it.
['T27n1545_011:0052c11_2']	故皆是後等無間緣。	故皆是後等無間緣。	Therefore, they are all conditions as the equivalent and immediate antecedent for the succeeding moment.
['T27n1545_011:0052c11_11']	不相應行與此相違。	不相應行與此相違。	The dissociated formative forces are contrary to this.
['T27n1545_011:0052c11_16']	不可為例。	不可為例。	They cannot be used as an example.
['T27n1545_011:0052c12_7']	問入出無想滅盡定。	問入出無想滅盡定。	Question: When entering and exiting the attainment of non-perception and the attainment of cessation,
['T27n1545_011:0052c12_17']	心中間或經半劫一劫。	心中間或經半劫一劫。	the mind in between may last for half an eon or an eon.
['T27n1545_011:0052c13_8']	云何可說等無間耶。	云何可說等無間耶。	How can it be said to be the condition as the equivalent and immediate antecedent?
['T27n1545_011:0052c14_1']	答中間無餘心為隔故。	答中間無餘心為隔故。	The answer is: because there is no other mind in between.
['T27n1545_011:0052c14_10']	謂入出心相去雖遠。	謂入出心相去雖遠。	It is said that although the entering and exiting minds are far apart,
['T27n1545_011:0052c15_1']	中間更無餘心所間。	中間更無餘心所間。	there is no other mind in between that separates them.
['T27n1545_011:0052c15_10']	故後於前名等無間。	故後於前名等無間。	Therefore, the later one is called the equal and immediate antecedent of the former.
['T27n1545_011:0052c16_1']	猶如二人共涉遠路。	猶如二人共涉遠路。	It is just like two people traveling a long distance together.
['T27n1545_011:0052c16_10']	一前一後相遠而行。	一前一後相遠而行。	One is in front and the other is behind, far apart.
['T27n1545_011:0052c16_15']	有人問言。	有人問言。	Someone asks:
['T27n1545_011:0052c17_1']	汝有伴不。	汝有伴不。	Do you have a companion?
['T27n1545_011:0052c17_6']	彼答言有。	彼答言有。	They answer: Yes,
['T27n1545_011:0052c17_11']	次後而來。	次後而來。	the next one is coming.
['T27n1545_011:0052c18_1']	二人中間雖有禽獸。	二人中間雖有禽獸。	Although there are birds and beasts in between the two people,
['T27n1545_011:0052c18_10']	無人為隔故言次後。	無人為隔故言次後。	there is no one to separate them, so it is said that the next one is coming.
['T27n1545_011:0052c18_15']	此亦如是。	此亦如是。	This is also like that.
['T27n1545_011:0052c19_5']	無心為隔名等無間。	無心為隔名等無間。	Without mind to separate them, it is called equal and immediate antecedent.
['T27n1545_011:0052c19_14']	問若法是心等無間。	問若法是心等無間。	Question: If a dharma is the equal and immediate antecedent of mind,
['T27n1545_011:0052c20_2']	亦是心無間耶。	亦是心無間耶。	is it also the immediate antecedent of mind?
['T27n1545_011:0052c20_8']	答應作四句。	答應作四句。	Answer: Four sentences should be made.
['T27n1545_011:0052c20_16']	有法是心等無間。	有法是心等無間。	There are dharmas that are the equal and immediate antecedent of mind,
['T27n1545_011:0052c21_2']	非心無間。	非心無間。	but not the immediate antecedent of mind.
['T27n1545_011:0052c21_12']	謂除初剎那二無心定。	謂除初剎那二無心定。	This refers to the first moment of the two mindless samādhis,
['T27n1545_011:0052c22_3']	及有心位心心所法。	及有心位心心所法。	and the mind and mental factors of the state with mind.
['T27n1545_011:0052c22_8']	諸餘相續。	諸餘相續。	All the remaining continuities.
['T27n1545_011:0052c23_1']	二無心定及出定心心所法。	二無心定及出定心心所法。	The second is the mind and mental factors of the two mindless samādhis and the mind emerging from samādhi.
['T27n1545_011:0052c23_8']	有法是心無間。	有法是心無間。	There are dharmas that are immediately antecedent to mind,
['T27n1545_011:0052c23_14']	非心等無間。	非心等無間。	but not immediately antecedent to mind and its associates.
['T27n1545_011:0052c24_5']	謂初剎那二無心定。	謂初剎那二無心定。	Namely, the first moment of the two mindless samādhis,
['T27n1545_011:0052c24_14']	及有心位心心所法。	及有心位心心所法。	and the mind and mental factors in the state of having mind.
['T27n1545_011:0052c25_1']	生老住無常。	生老住無常。	Arising, old age, duration, and impermanence.
['T27n1545_011:0052c25_14']	有法是心等無間亦是心無間。	有法是心等無間亦是心無間。	There are dharmas that are immediately antecedent to mind and its associates, and also immediately antecedent to mind.
['T27n1545_011:0052c26_5']	謂初剎那二無心定。	謂初剎那二無心定。	Namely, the first moment of the two mindless samādhis,
['T27n1545_011:0052c26_14']	及有心位心心所法。	及有心位心心所法。	and the mind and mental factors in the state of having mind.
['T27n1545_011:0052c27_9']	有法非心等無間亦非心無間。	有法非心等無間亦非心無間。	There are dharmas that are neither immediately antecedent to mind and its associates, nor immediately antecedent to mind.
['T27n1545_011:0052c28_2']	謂除初剎那二無心定。	謂除初剎那二無心定。	Namely, excluding the first moment of the two mindless samādhis,
['T27n1545_011:0052c28_11']	及有心位心心所法。	及有心位心心所法。	and the mind and mental factors in the state of having mind.
['T27n1545_011:0052c28_17']	生老住無常。	生老住無常。	Arising, old age, duration, and impermanence.
['T27n1545_011:0052c29_7']	諸餘相續二無心定。	諸餘相續二無心定。	The remaining series of the two mindless samādhis,
['T27n1545_011:0053a01_1']	及出定心心法生老住無常。	及出定心心法生老住無常。	and the arising, old age, duration, and impermanence of the mind and mental factors emerging from samādhi.
['T27n1545_011:0053a01_10']	問若法是心等無間。	問若法是心等無間。	Question: If a dharma is immediately antecedent to mind and its associates,
['T27n1545_011:0053a01_19']	亦是無心定無間耶。	亦是無心定無間耶。	is it also immediately antecedent to the mindless samādhis?
['T27n1545_011:0053a02_5', 'T27n1545_011:0053a02_13']	答應作四句。🔽有法是心等無間。	答應作四句。 有法是心等無間。	Answer: Four sentences should be made.🔽There are dharmas that are immediately antecedent to mind and its associates,
['T27n1545_011:0053a03_2']	非無心定無間。	非無心定無間。	but not immediately antecedent to the mindless samādhis.
['T27n1545_011:0053a03_11']	謂初剎那二無心定。	謂初剎那二無心定。	It refers to the first moment of the two mindless samādhis,
['T27n1545_011:0053a04_1']	及有心位心心所法。	及有心位心心所法。	and the mind and mental factors in the state of having mind.
['T27n1545_011:0053a04_10']	有法是無心定無間。	有法是無心定無間。	There are dharmas that are immediately preceded by the mindless samādhis,
['T27n1545_011:0053a04_16']	非心等無間。	非心等無間。	but are not immediately followed by mind.
['T27n1545_011:0053a05_3']	謂除初剎那。	謂除初剎那。	Excluding the first moment,
['T27n1545_011:0053a05_8']	二無心定。	二無心定。	the two mindless samādhis,
['T27n1545_011:0053a05_17']	及有心位心心所法。	及有心位心心所法。	and the mind and mental factors in the state of having mind,
['T27n1545_011:0053a06_7']	生老住無常諸餘相續。	生老住無常諸餘相續。	the arising, aging, enduring, and impermanence of the continuum of other dharmas.
['T27n1545_011:0053a06_12', 'T27n1545_011:0053a07_1']	二無心定。🔽及出定心心所法。	二無心定。 及出定心心所法。	The two mindless samādhis,
['T27n1545_011:0053a07_7']	生老住無常。	生老住無常。	and the arising, aging, enduring, and impermanence of the mind and mental factors upon emerging from samādhi.
['T27n1545_011:0053a07_15']	有法是心等無間。	有法是心等無間。	There are dharmas that are immediately followed by mind,
['T27n1545_011:0053a08_3']	亦是無心定無間。	亦是無心定無間。	and are also immediately preceded by the mindless samādhis.
['T27n1545_011:0053a08_13']	謂除初剎那二無心定。	謂除初剎那二無心定。	Excluding the first moment of the two mindless samādhis,
['T27n1545_011:0053a09_3', 'T27n1545_011:0053a09_12']	及有心位心心所法。🔽諸餘相續二無心定。	及有心位心心所法。 諸餘相續二無心定。	and the mind and mental factors in the state of having mind,
['T27n1545_011:0053a10_1']	及出定心心所法。	及出定心心所法。	the two mindless samādhis and the mind and mental factors upon emerging from samādhi in the continuum of other dharmas.
['T27n1545_011:0053a10_9']	有法非心等無間。	有法非心等無間。	There are dharmas that are neither immediately followed by mind,
['T27n1545_011:0053a10_17']	亦非無心定無間。	亦非無心定無間。	nor immediately preceded by the mindless samādhis.
['T27n1545_011:0053a11_7']	謂初剎那二無心定。	謂初剎那二無心定。	The first moment of the two mindless samādhis,
['T27n1545_011:0053a11_16']	及有心位心心所法。	及有心位心心所法。	and the mind and mental factors in the state of having mind,
['T27n1545_011:0053a12_3']	生老住無常。	生老住無常。	the arising, aging, enduring, and impermanence of the two mindless samādhis.
['T27n1545_011:0053a13_5', 'T27n1545_011:0053a13_11']	有三種作意。🔽謂自相作意。	有三種作意。 謂自相作意。	There are three kinds of mental orientations.🔽Namely, the mental orientation of specific characteristics,
['T27n1545_011:0053a13_16', 'T27n1545_011:0053a14_1']	共相作意。🔽勝解作意。	共相作意。 勝解作意。	the mental orientation of common characteristics,🔽and the mental orientation of resolve.
['T27n1545_011:0053a14_7']	自相作意者。	自相作意者。	As for the mental orientation of specific characteristics,
['T27n1545_011:0053a14_15']	思惟色是變礙相。	思惟色是變礙相。	one contemplates form as having the characteristic of obstruction,
['T27n1545_011:0053a15_1', 'T27n1545_011:0053a15_7']	受是領納相。🔽想是取像相。	受是領納相。 想是取像相。	feeling as having the characteristic of sensation,🔽perception as having the characteristic of grasping images,
['T27n1545_011:0053a15_13']	行是造作相。	行是造作相。	mental formations as having the characteristic of conditioning,
['T27n1545_011:0053a15_19']	識是了別相。	識是了別相。	and consciousness as having the characteristic of cognition.
['T27n1545_011:0053a16_3']	地是堅相。	地是堅相。	Earth has the characteristic of solidity,
['T27n1545_011:0053a16_8']	水是濕相。	水是濕相。	water has the characteristic of wetness,
['T27n1545_011:0053a16_13']	火是煖相。	火是煖相。	fire has the characteristic of heat,
['T27n1545_011:0053a16_18']	風是動相。	風是動相。	and wind has the characteristic of motion.
['T27n1545_011:0053a17_2']	如是等。	如是等。	It is like this.
['T27n1545_011:0053a17_8']	共相作意者。	共相作意者。	As for the mental orientation of common characteristics,
['T27n1545_011:0053a17_15']	如十六行相等。	如十六行相等。	it is like the sixteen aspects such as impermanence, etc.
['T27n1545_011:0053a18_2']	勝解作意者。	勝解作意者。	As for the mental orientation of resolve,
['T27n1545_011:0053a18_10']	如不淨觀持息念。	如不淨觀持息念。	it is like the contemplation of impurity, mindfulness of breathing,
['T27n1545_011:0053a19_1']	無量解脫勝處遍處等。	無量解脫勝處遍處等。	the immeasurables, liberations, spheres of mastery, spheres of totality, etc.
['T27n1545_011:0053a19_8', 'T27n1545_011:0053a19_13']	問此三種作意。🔽幾種無間。	問此三種作意。 幾種無間。	Question: As for these three kinds of mental orientations,
['T27n1545_011:0053a19_19', 'T27n1545_011:0053a20_3']	聖道現在前。🔽聖道無間。	聖道現在前。 聖道無間。	how many kinds are immediately followed by the manifestation of the noble path?
['T27n1545_011:0053a20_10']	幾種現在前耶。	幾種現在前耶。	How many kinds manifest immediately after the noble path?
['T27n1545_011:0053a20_13', 'T27n1545_011:0053a20_18', 'T27n1545_011:0053a21_4']	有說。🔽三種無間。🔽聖道現在前。	有說。 三種無間。 聖道現在前。	Some say:🔽Three kinds are immediately followed by the manifestation of the noble path.
['T27n1545_011:0053a21_9']	聖道無間。	聖道無間。	The noble path manifests immediately after the noble path.
['T27n1545_011:0053a21_15']	三種現在前。	三種現在前。	The three are present.
['T27n1545_011:0053a22_5', 'T27n1545_011:0053a22_11']	如是善通契經所說。🔽不淨觀俱行。	如是善通契經所說。 不淨觀俱行。	In this way, it is well explained that the sutra says:🔽Practicing the factors of enlightenment such as mindfulness,
['T27n1545_011:0053a22_17']	修念等覺支。	修念等覺支。	accompanied by the contemplation of impurity,
['T27n1545_011:0053a23_8']	依止厭依止離依止滅。	依止厭依止離依止滅。	based on disgust, based on detachment, based on cessation,
['T27n1545_011:0053a23_13']	迴向於捨。	迴向於捨。	and dedicated to relinquishment.
['T27n1545_011:0053a23_18']	此中俱聲。	此中俱聲。	Here, the word accompanied
['T27n1545_011:0053a24_4']	顯無間義。	顯無間義。	shows the meaning of uninterrupted.
['T27n1545_011:0053a24_7']	有說。	有說。	Some say:
['T27n1545_011:0053a24_12']	二種無間。	二種無間。	There are two kinds of uninterrupted.
['T27n1545_011:0053a24_18']	聖道現在前。	聖道現在前。	The noble path is present.
['T27n1545_011:0053a25_8']	除自相作意聖道無間。	除自相作意聖道無間。	Excluding the noble path that is the uninterrupted immediately preceding condition of its own characteristics and mental activities.
['T27n1545_011:0053a25_14']	三種現在前。	三種現在前。	The three are present.
['T27n1545_011:0053a25_17']	有說。	有說。	Some say:
['T27n1545_011:0053a26_6', 'T27n1545_011:0053a26_12']	唯共相作意無間。🔽聖道現在前。	唯共相作意無間。 聖道現在前。	Only the uninterrupted immediately preceding condition of the common characteristics.🔽The noble path is present.
['T27n1545_011:0053a26_17']	聖道無間。	聖道無間。	The noble path is the uninterrupted immediately preceding condition.
['T27n1545_011:0053a27_3', 'T27n1545_011:0053a27_9']	三種現在前。🔽問契經所說。	三種現在前。 問契經所說。	The three are present.
['T27n1545_011:0053a27_14']	當云何通。	當云何通。	Question: How can we understand the explanation in the sutras?
['T27n1545_011:0053a27_17']	如說。	如說。	As it is said:🔽Practicing the factors of enlightenment such as mindfulness,
['T27n1545_011:0053a28_8']	不淨觀俱行修念等覺支。	不淨觀俱行修念等覺支。	accompanied by the contemplation of impurity.
['T27n1545_011:0053a29_1']	答依展轉因故作是說。	答依展轉因故作是說。	Answer: This is said based on the causal relationship of mutual dependence.
['T27n1545_011:0053a29_10']	如子孫法轉相生故。	如子孫法轉相生故。	It is like the principle of descendants, which is the mutual generation.
['T27n1545_011:0053a29_16', 'T27n1545_011:0053b01_4']	謂勝解作意。🔽引起共相作意。	謂勝解作意。 引起共相作意。	That is to say, the intention of resolve🔽arouses the intention of common characteristics.
['T27n1545_011:0053b01_9']	共相作意。	共相作意。	The intention of common characteristics.
['T27n1545_011:0053b01_14']	引起聖道。	引起聖道。	and induces the noble path.
['T27n1545_011:0053b01_17']	有說。	有說。	Some say:
['T27n1545_011:0053b02_4', 'T27n1545_011:0053b02_10']	共相作意無間。🔽聖道現在前。	共相作意無間。 聖道現在前。	Immediately after the attention to common characteristics,🔽the noble path appears.
['T27n1545_011:0053b02_15']	聖道無間。	聖道無間。	Immediately after the noble path,
['T27n1545_011:0053b03_3', 'T27n1545_011:0053b03_11']	共相作意現在前。🔽問若爾依未至定。	共相作意現在前。 問若爾依未至定。	the attention to common characteristics appears.
['T27n1545_011:0053b03_18']	入正性離生者。	入正性離生者。	Question: If so, for one who enters the state of being free from birth by relying on the stage of non-interruption,
['T27n1545_011:0053b04_4']	出聖道時。	出聖道時。	when emerging from the noble path,
['T27n1545_011:0053b04_13', 'T27n1545_011:0053b04_18']	可起欲界共相作意。🔽若依上地。	可起欲界共相作意。 若依上地。	one can give rise to the attention to common characteristics of the desire realm.
['T27n1545_011:0053b05_6']	入正性離生者。	入正性離生者。	If one enters the state of being free from birth by relying on the higher stages,
['T27n1545_011:0053b05_11']	出聖道時。	出聖道時。	when emerging from the noble path,
['T27n1545_011:0053b06_2']	彼欲界心既不得起。	彼欲界心既不得起。	the mind of the desire realm cannot arise in them,
['T27n1545_011:0053b06_7']	以極遠故。	以極遠故。	because it is too far away.
['T27n1545_011:0053b06_17']	復未得色界共相作意。	復未得色界共相作意。	And they have not yet attained the attention to common characteristics of the form realm.
['T27n1545_011:0053b07_8']	彼雖已得順決擇分。	彼雖已得順決擇分。	Although they have already attained the factors conducive to penetration,
['T27n1545_011:0053b07_17']	而聖道後不復現前。	而聖道後不復現前。	the noble path does not appear again after it.
['T27n1545_011:0053b08_8']	彼以何等共相作意。	彼以何等共相作意。	By what kind of attention to common characteristics
['T27n1545_011:0053b08_13']	出聖道耶。	出聖道耶。	do they emerge from the noble path?
['T27n1545_011:0053b09_5']	答彼於順決擇分中間。	答彼於順決擇分中間。	Answer: In the middle of the factors conducive to penetration,
['T27n1545_011:0053b09_13']	已修得如是行相。	已修得如是行相。	they have already cultivated and attained such aspects,
['T27n1545_011:0053b10_1']	謂一切行非常。	謂一切行非常。	namely, all conditioned things are impermanent,
['T27n1545_011:0053b10_7']	一切法非我。	一切法非我。	all dharmas are non-self,
['T27n1545_011:0053b10_13']	涅槃寂靜等。	涅槃寂靜等。	and nirvana is quiescent, etc.
['T27n1545_011:0053b11_3']	今出聖道起彼作意。	今出聖道起彼作意。	Now, when the noble path arises, it gives rise to that attention.
['T27n1545_011:0053b11_6']	評曰。	評曰。	The judges say:
['T27n1545_011:0053b11_13']	彼不應作是說。	彼不應作是說。	They should not say this.
['T27n1545_011:0053b12_1']	如前說者好。	如前說者好。	The previous explanation is better.
['T27n1545_011:0053b12_7']	謂三種無間。	謂三種無間。	It is said that there are three kinds of uninterrupted [paths].
['T27n1545_011:0053b12_13']	聖道現在前。	聖道現在前。	The noble path appears before one.
['T27n1545_011:0053b13_3']	聖道無間三種現在前。	聖道無間三種現在前。	Immediately after the noble path, three kinds appear before one.
['T27n1545_011:0053b14_9']	復次欲界有三種作意。	復次欲界有三種作意。	Furthermore, the desire realm has three kinds of attention.
['T27n1545_011:0053b14_16']	謂聞所成作意。	謂聞所成作意。	Namely, attention accomplished through hearing,
['T27n1545_011:0053b15_3']	思所成作意。	思所成作意。	attention accomplished through contemplation,
['T27n1545_011:0053b15_8']	生得作意。	生得作意。	and attention obtained through birth.
['T27n1545_011:0053b15_16', 'T27n1545_011:0053b16_3']	色界有三種作意。🔽謂聞所成作意。	色界有三種作意。 謂聞所成作意。	The form realm has three kinds of attention.🔽Namely, attention accomplished through hearing,
['T27n1545_011:0053b16_9']	修所成作意。	修所成作意。	attention accomplished through cultivation,
['T27n1545_011:0053b16_14']	生得作意。	生得作意。	and attention obtained through birth.
['T27n1545_011:0053b17_3']	無色界有二種作意。	無色界有二種作意。	The formless realm has two kinds of attention.
['T27n1545_011:0053b17_10']	謂修所成作意。	謂修所成作意。	Namely, attention accomplished through cultivation,
['T27n1545_011:0053b17_15']	生得作意。	生得作意。	and attention obtained through birth.
['T27n1545_011:0053b18_3']	無漏有一種作意。	無漏有一種作意。	The uncontaminated has one kind of attention.
['T27n1545_011:0053b18_10']	謂修所成作意。	謂修所成作意。	Namely, attention accomplished through cultivation.
['T27n1545_011:0053b18_15']	此中欲界。	此中欲界。	Among these, in the desire realm,
['T27n1545_011:0053b19_2']	唯思所成無間。	唯思所成無間。	only attention accomplished through contemplation is uninterrupted.
['T27n1545_011:0053b19_8']	聖道現在前。	聖道現在前。	The noble path appears before one.
['T27n1545_011:0053b19_13']	聖道無間。	聖道無間。	Immediately after the noble path,
['T27n1545_011:0053b19_19']	三種現在前。	三種現在前。	three kinds appear before one.
['T27n1545_011:0053b20_7']	色界唯修所成無間。	色界唯修所成無間。	In the form realm, only the acquired [attainments] arise immediately after.
['T27n1545_011:0053b20_13']	聖道現在前。	聖道現在前。	The noble path appears in the present.
['T27n1545_011:0053b20_18']	聖道無間。	聖道無間。	Immediately after the noble path,
['T27n1545_011:0053b21_8']	二種現在前除生得。	二種現在前除生得。	two kinds appear in the present, excluding those obtained from birth.
['T27n1545_011:0053b21_18']	無色界唯修所成無間。	無色界唯修所成無間。	In the formless realm, only the acquired [attainments] arise immediately after.
['T27n1545_011:0053b22_5']	聖道現在前。	聖道現在前。	The noble path appears in the present.
['T27n1545_011:0053b22_10']	聖道無間。	聖道無間。	Immediately after the noble path,
['T27n1545_011:0053b22_19']	亦唯修所成現在前。	亦唯修所成現在前。	only the acquired [attainments] appear in the present.
['T27n1545_011:0053b23_7']	問何故聖道無間。	問何故聖道無間。	Why is it that immediately after the noble path,
['T27n1545_011:0053b23_15']	欲界生得現在前。	欲界生得現在前。	the acquired [attainments] of the desire realm appear in the present?
['T27n1545_011:0053b24_6']	非色無色界生得耶。	非色無色界生得耶。	Why not the acquired [attainments] of the form and formless realms?
['T27n1545_011:0053b24_14']	答欲界生得猛利。	答欲界生得猛利。	The acquired [attainments] of the desire realm are intense,
['T27n1545_011:0053b24_19', 'T27n1545_011:0053b25_6', 'T27n1545_011:0053b25_12']	色無色界。🔽生得不猛利故。🔽若依未至定。	色無色界。 生得不猛利故。 若依未至定。	but those of the form and formless realms🔽are not intense.
['T27n1545_011:0053b25_18', 'T27n1545_011:0053b26_9']	得阿羅漢果。🔽彼或以欲界心出聖道。	得阿羅漢果。 彼或以欲界心出聖道。	If one attains the fruit of arhatship based on the preliminary concentration,🔽they may exit the noble path with a mind of the desire realm,
['T27n1545_011:0053b27_2', 'T27n1545_011:0053b27_9']	或以未至定心出聖道。🔽若依無所有處。	或以未至定心出聖道。 若依無所有處。	or they may exit the noble path with a mind of the preliminary concentration.
['T27n1545_011:0053b27_15', 'T27n1545_011:0053b28_8']	得阿羅漢果。🔽彼或以無所有處心出聖道。	得阿羅漢果。 彼或以無所有處心出聖道。	If one attains the fruit of arhatship based on the sphere of nothingness,🔽they may exit the noble path with a mind of the sphere of nothingness,
['T27n1545_011:0053b29_4']	或以非想非非想處心出聖道。	或以非想非非想處心出聖道。	or they may exit the noble path with a mind of neither perception nor non-perception.
['T27n1545_011:0053b29_9']	若依餘地。	若依餘地。	If one relies on other stages,
['T27n1545_011:0053b29_15']	得阿羅漢果。	得阿羅漢果。	and attains the fruit of arhatship,
['T27n1545_011:0053c01_6']	彼唯以自地心出聖道。	彼唯以自地心出聖道。	one only uses one's own stage of mind to emerge from the holy path.
['T27n1545_011:0053c02_8']	復次初靜慮有三種。	復次初靜慮有三種。	Next, the first meditation has three kinds,
['T27n1545_011:0053c02_16']	謂味相應淨無漏。	謂味相應淨無漏。	namely, associated with taste, pure, and uncontaminated.
['T27n1545_011:0053c03_6']	如是乃至無所有處。	如是乃至無所有處。	In this way, up to the sphere of nothingness,
['T27n1545_011:0053c03_11']	皆有三種。	皆有三種。	all have three kinds.
['T27n1545_011:0053c03_18']	非想非非想處。	非想非非想處。	The sphere of neither-perception-nor-non-perception,
['T27n1545_011:0053c04_3']	但有二種。	但有二種。	only has two kinds,
['T27n1545_011:0053c04_8']	謂除無漏。	謂除無漏。	excluding the uncontaminated.
['T27n1545_011:0053c04_16']	此中味相應無間。	此中味相應無間。	Among them, immediately after the associated with taste,
['T27n1545_011:0053c05_6']	二種現在前除無漏。	二種現在前除無漏。	two kinds appear in the present, excluding the uncontaminated.
['T27n1545_011:0053c05_15']	淨無間三種現在前。	淨無間三種現在前。	Immediately after the pure, three kinds appear in the present.
['T27n1545_011:0053c06_6']	無漏無間二種現在前。	無漏無間二種現在前。	Immediately after the uncontaminated, two kinds appear in the present,
['T27n1545_011:0053c06_11']	除味相應。	除味相應。	excluding the associated with taste.
['T27n1545_011:0053c07_1', 'T27n1545_011:0053c07_6']	淨初靜慮復有四種。🔽謂順退分。	淨初靜慮復有四種。 謂順退分。	The pure first meditation also has four kinds,🔽namely, the class that accords with regression,
['T27n1545_011:0053c07_10', 'T27n1545_011:0053c07_15']	順住分。🔽順勝進分。	順住分。 順勝進分。	the class that accords with abiding,🔽the class that accords with progress,
['T27n1545_011:0053c07_20']	順決擇分。	順決擇分。	and the class that accords with decisive discernment.
['T27n1545_011:0053c08_4']	如是乃至。	如是乃至。	In this way, up to
['T27n1545_011:0053c08_9']	無所有處。	無所有處。	the sphere of nothingness,
['T27n1545_011:0053c08_14']	皆有四種。	皆有四種。	all have four kinds.
['T27n1545_011:0053c09_2']	非想非非想處。	非想非非想處。	The sphere of neither-perception-nor-non-perception,
['T27n1545_011:0053c09_7']	唯有三種。	唯有三種。	only has three kinds,
['T27n1545_011:0053c09_13']	除順勝進分。	除順勝進分。	excluding the class that accords with progress.
['T27n1545_011:0053c10_2']	此中順退分無間。	此中順退分無間。	In this case, immediately after the stage conducive to regression,
['T27n1545_011:0053c10_8', 'T27n1545_011:0053c10_13']	二種現在前。🔽謂順退分。	二種現在前。 謂順退分。	two kinds appear in the present.🔽Namely, the stage conducive to regression,
['T27n1545_011:0053c10_18']	及順住分。	及順住分。	and the stage conducive to abiding.
['T27n1545_011:0053c11_3']	順住分無間。	順住分無間。	Immediately after the stage conducive to abiding,
['T27n1545_011:0053c11_9']	三種現在前。	三種現在前。	three kinds appear in the present.
['T27n1545_011:0053c11_16']	謂除順決擇分。	謂除順決擇分。	Excluding the stage conducive to penetration.
['T27n1545_011:0053c12_3']	順勝進分無間。	順勝進分無間。	Immediately after the stage conducive to advancement,
['T27n1545_011:0053c12_9']	三種現在前。	三種現在前。	three kinds appear in the present.
['T27n1545_011:0053c12_15']	謂除順退分。	謂除順退分。	Excluding the stage conducive to regression.
['T27n1545_011:0053c13_3']	順決擇分無間。	順決擇分無間。	Immediately after the stage conducive to penetration,
['T27n1545_011:0053c13_9', 'T27n1545_011:0053c13_15']	二種現在前。🔽謂順決擇分。	二種現在前。 謂順決擇分。	two kinds appear in the present.🔽Namely, the stage conducive to penetration,
['T27n1545_011:0053c14_1']	及順勝進分。	及順勝進分。	and the stage conducive to advancement.
['T27n1545_011:0053c14_13']	問若生第二第三第四靜慮。	問若生第二第三第四靜慮。	Question: If one is born in the second, third, or fourth meditative absorptions,
['T27n1545_011:0053c15_3']	起初靜慮諸識身時。	起初靜慮諸識身時。	when the various forms of consciousness belonging to the first meditative absorption arise,
['T27n1545_011:0053c15_13']	幾心無間入幾心出耶。	幾心無間入幾心出耶。	how many kinds of minds are there that enter and how many kinds of minds are there that exit?
['T27n1545_011:0053c16_1']	答隨所生地。	答隨所生地。	Answer: According to the place of rebirth,
['T27n1545_011:0053c16_7']	若未離染者。	若未離染者。	if one has not yet eliminated attachment,
['T27n1545_011:0053c16_13']	三種心無間。	三種心無間。	three kinds of minds are without interval,
['T27n1545_011:0053c17_1']	彼諸識身現在前。	彼諸識身現在前。	and those various forms of consciousness appear in the present.
['T27n1545_011:0053c17_8']	彼諸識身無間。	彼諸識身無間。	Those various forms of consciousness are without interval,
['T27n1545_011:0053c17_15']	三種心現在前。	三種心現在前。	and three kinds of minds appear in the present.
['T27n1545_011:0053c18_1']	謂善染污。	謂善染污。	Namely, wholesome, defiled,
['T27n1545_011:0053c18_6']	無覆無記。	無覆無記。	and unobscured indeterminate.
['T27n1545_011:0053c18_12']	若已離染者。	若已離染者。	If one has already eliminated attachment,🔽...
['T27n1545_011:0053c18_18', 'T27n1545_011:0053c19_5']	二種心無間。🔽彼諸識身現在前。	二種心無間。 彼諸識身現在前。	The two kinds of minds arise in succession.🔽Those various forms of consciousness appear in the present.
['T27n1545_011:0053c19_12']	彼諸識身無間。	彼諸識身無間。	Those various forms of consciousness arise in succession.
['T27n1545_011:0053c19_19']	二種心現在前。	二種心現在前。	The two kinds of minds appear in the present.
['T27n1545_011:0053c20_4', 'T27n1545_011:0053c21_7']	謂除染污。🔽有十二心欲界四。	謂除染污。 有十二心欲界四。	Except for the defiled ones.
['T27n1545_011:0053c21_12']	謂善不善。	謂善不善。	There are twelve minds in the desire realm, four of which are: wholesome, unwholesome,
['T27n1545_011:0053c21_17']	有覆無記。	有覆無記。	obscured indeterminate,
['T27n1545_011:0053c22_2']	無覆無記。	無覆無記。	and unobscured indeterminate.
['T27n1545_011:0053c22_9']	色無色界各三。	色無色界各三。	The form and formless realms each have three,
['T27n1545_011:0053c22_17']	謂前四中除不善。	謂前四中除不善。	which are the first four, excluding the unwholesome ones.
['T27n1545_011:0053c23_2']	無漏有二。	無漏有二。	The pure ones are of two kinds,
['T27n1545_011:0053c23_7']	謂學無學。	謂學無學。	which are the learner's and the post-learner's.
['T27n1545_011:0053c23_13', 'T27n1545_011:0053c24_2']	問此十二心。🔽一一無間生幾心。	問此十二心。 一一無間生幾心。	Question: As for these twelve minds,🔽how many minds arise immediately after each one?
['T27n1545_011:0053c24_11']	復從幾心無間生耶。	復從幾心無間生耶。	And how many minds arise immediately after it?
['T27n1545_011:0053c25_3']	答欲界善心無間生九心。	答欲界善心無間生九心。	Answer: A wholesome mind in the desire realm immediately gives rise to nine minds,
['T27n1545_011:0053c25_8', 'T27n1545_011:0053c25_12']	謂欲界四。🔽色界二。	謂欲界四。 色界二。	which are the four in the desire realm,
['T27n1545_011:0053c25_18', 'T27n1545_011:0053c26_3']	善有覆無記。🔽無色界一。	善有覆無記。 無色界一。	the two wholesome and obscured indeterminate ones in the form realm,
['T27n1545_011:0053c26_8']	有覆無記。	有覆無記。	the obscured indeterminate one in the formless realm,
['T27n1545_011:0053c26_14']	及學無學心。	及學無學心。	and the learner's and post-learner's minds.
['T27n1545_011:0053c27_4']	此心復從八心無間生。	此心復從八心無間生。	This mind arises immediately after eight minds,
['T27n1545_011:0053c27_9']	謂欲界四。	謂欲界四。	which are the four in the desire realm,
['T27n1545_011:0053c27_18']	色界二善有覆無記。	色界二善有覆無記。	the wholesome and obscured indeterminate ones in the form realm,
['T27n1545_011:0053c28_4']	及學無學心。	及學無學心。	and the minds of those in training and those no longer in training.
['T27n1545_011:0053c28_13']	不善心無間生四心。	不善心無間生四心。	Immediately after a wholesome mind, four minds can arise.
['T27n1545_011:0053c28_19']	謂欲界四心。	謂欲界四心。	Namely, the four minds of the desire realm.
['T27n1545_011:0053c29_9']	此心復從十心無間生。	此心復從十心無間生。	This mind, in turn, arises immediately after ten minds.
['T27n1545_011:0053c29_14']	謂欲界四。	謂欲界四。	Namely, the four of the desire realm,
['T27n1545_011:0054a01_4']	色無色界各三心。	色無色界各三心。	and the three minds of the form and formless realms.
['T27n1545_011:0054a01_9']	如不善心。	如不善心。	Just as with a wholesome mind,
['T27n1545_011:0054a01_19']	欲界有覆無記心亦爾。	欲界有覆無記心亦爾。	the obscured-neutral mind of the desire realm is also like this.
['T27n1545_011:0054a02_12']	欲界無覆無記心無間生七心。	欲界無覆無記心無間生七心。	Immediately after the unobscured-neutral mind of the desire realm, seven minds arise.
['T27n1545_011:0054a02_17']	謂欲界四。	謂欲界四。	Namely, the four of the desire realm,
['T27n1545_011:0054a03_11']	色界二善有覆無記無色界一。	色界二善有覆無記無色界一。	and the two wholesome and obscured-neutral minds of the form realm, and one of the formless realm.
['T27n1545_011:0054a03_17']	有覆無記心。	有覆無記心。	The obscured-neutral mind,
['T27n1545_011:0054a04_9']	此心復從五心無間生。	此心復從五心無間生。	this mind, in turn, arises immediately after five minds.
['T27n1545_011:0054a04_14', 'T27n1545_011:0054a05_2']	謂欲界四。🔽及色界一善心。	謂欲界四。 及色界一善心。	Namely, the four of the desire realm,🔽and the wholesome mind of the form realm.
['T27n1545_011:0054a05_9']	色界善心無間。	色界善心無間。	Immediately after the wholesome mind of the form realm,
['T27n1545_011:0054a05_14']	生十一心。	生十一心。	eleven minds arise.
['T27n1545_011:0054a06_1']	謂十二心中。	謂十二心中。	Namely, in the twelve minds,
['T27n1545_011:0054a06_11']	除無色界無覆無記心。	除無色界無覆無記心。	excluding the unobscured-neutral mind of the formless realm.
['T27n1545_011:0054a07_3']	此心復從九心無間生。	此心復從九心無間生。	This mind, in turn, arises immediately after nine minds.
['T27n1545_011:0054a07_8']	謂色界三。	謂色界三。	Namely, the three of the form realm,
['T27n1545_011:0054a07_17']	欲界二善無覆無記。	欲界二善無覆無記。	and the two wholesome and unobscured-neutral minds of the desire realm,
['T27n1545_011:0054a08_2']	無色界二。	無色界二。	and the two of the formless realm.
['T27n1545_011:0054a08_8']	善有覆無記。	善有覆無記。	wholesome, obscured, indeterminate,
['T27n1545_011:0054a08_14']	及學無學心。	及學無學心。	and learner and post-learner minds.
['T27n1545_011:0054a09_7']	色界有覆無記心無間生六心。	色界有覆無記心無間生六心。	The obscured indeterminate mind of the form realm arises immediately after six minds.
['T27n1545_011:0054a09_12']	謂色界三。	謂色界三。	Namely, the three of the form realm,
['T27n1545_011:0054a10_3']	欲界三除無覆無記心。	欲界三除無覆無記心。	and the three of the desire realm, excluding the unobscured indeterminate mind.
['T27n1545_011:0054a10_13']	此心復從八心無間生。	此心復從八心無間生。	This mind again arises immediately after eight minds.
['T27n1545_011:0054a11_3']	謂色無色界各三。	謂色無色界各三。	Namely, the three of the form and formless realms,
['T27n1545_011:0054a11_13']	欲界二善無覆無記心。	欲界二善無覆無記心。	and the two wholesome and unobscured indeterminate minds of the desire realm.
['T27n1545_011:0054a12_7']	色界無覆無記心無間生六心。	色界無覆無記心無間生六心。	The unobscured indeterminate mind of the form realm arises immediately after six minds.
['T27n1545_011:0054a12_12']	謂色界三。	謂色界三。	Namely, the three of the form realm,
['T27n1545_011:0054a13_3']	欲界二不善有覆無記。	欲界二不善有覆無記。	and the two unwholesome and obscured indeterminate minds of the desire realm,
['T27n1545_011:0054a13_13']	無色界一有覆無記心。	無色界一有覆無記心。	and the obscured indeterminate mind of the formless realm.
['T27n1545_011:0054a14_4']	此心復從三心無間生。	此心復從三心無間生。	This mind again arises immediately after three minds.
['T27n1545_011:0054a14_10']	謂色界三心。	謂色界三心。	Namely, the three minds of the form realm.
['T27n1545_011:0054a15_2']	無色界善心無間生九心。	無色界善心無間生九心。	The wholesome mind of the formless realm arises immediately after nine minds.
['T27n1545_011:0054a15_8']	謂無色界三。	謂無色界三。	Namely, the three of the formless realm,
['T27n1545_011:0054a15_18']	欲界二不善有覆無記。	欲界二不善有覆無記。	and the two unwholesome and obscured indeterminate minds of the desire realm,
['T27n1545_011:0054a16_7']	色界二善有覆無記。	色界二善有覆無記。	and the two wholesome and obscured indeterminate minds of the form realm,
['T27n1545_011:0054a16_13']	及學無學心。	及學無學心。	and the learner and post-learner minds.
['T27n1545_011:0054a17_4']	此心復從六心無間生。	此心復從六心無間生。	This mind again arises immediately after six minds.
['T27n1545_011:0054a17_10']	謂無色界三。	謂無色界三。	Namely, the three of the formless realm.
['T27n1545_011:0054a17_14']	色界一。	色界一。	One of the form realm.
['T27n1545_011:0054a18_2']	善及學無學心。	善及學無學心。	The wholesome and learner and post-learner minds.
['T27n1545_011:0054a18_16']	無色界有覆無記心無間生七心。	無色界有覆無記心無間生七心。	The obscured-neutral mind of the formless realm immediately produces seven minds.
['T27n1545_011:0054a19_3']	謂無色界三。	謂無色界三。	Namely, the three of the formless realm.
['T27n1545_011:0054a19_7']	欲界二。	欲界二。	The two of the desire realm.
['T27n1545_011:0054a19_14']	不善有覆無記。	不善有覆無記。	The unwholesome and obscured-neutral.
['T27n1545_011:0054a19_18']	色界二。	色界二。	The two of the form realm.
['T27n1545_011:0054a20_4']	善有覆無記心。	善有覆無記心。	The wholesome and obscured-neutral minds.
['T27n1545_011:0054a20_14']	此心復從七心無間生。	此心復從七心無間生。	This mind is also produced immediately after seven minds.
['T27n1545_011:0054a21_2']	謂無色界三。	謂無色界三。	Namely, the three of the formless realm.
['T27n1545_011:0054a21_8']	欲色界各二。	欲色界各二。	The two of the desire and form realms.
['T27n1545_011:0054a21_15']	善無覆無記心。	善無覆無記心。	The wholesome and unobscured-neutral minds.
['T27n1545_011:0054a22_9']	無色界無覆無記心無間生六心。	無色界無覆無記心無間生六心。	The unobscured-neutral mind of the formless realm immediately produces six minds.
['T27n1545_011:0054a22_15']	謂無色界三。	謂無色界三。	Namely, the three of the formless realm.
['T27n1545_011:0054a23_1']	欲界二。	欲界二。	The two of the desire realm.
['T27n1545_011:0054a23_8']	不善有覆無記。	不善有覆無記。	The unwholesome and obscured-neutral.
['T27n1545_011:0054a23_12']	色界一。	色界一。	One of the form realm.
['T27n1545_011:0054a23_18']	有覆無記心。	有覆無記心。	The obscured-neutral mind.
['T27n1545_011:0054a24_8']	此心復從三心無間生。	此心復從三心無間生。	This mind is also produced immediately after three minds.
['T27n1545_011:0054a24_15']	謂無色界三心。	謂無色界三心。	Namely, the three minds of the formless realm.
['T27n1545_011:0054a25_5']	學心無間生五心。	學心無間生五心。	The learner mind immediately produces five minds.
['T27n1545_011:0054a25_10']	謂三界善。	謂三界善。	Namely, the wholesome of the three realms.
['T27n1545_011:0054a25_16']	及學無學心。	及學無學心。	And the learner and post-learner minds.
['T27n1545_011:0054a26_7']	此心復從四心無間生。	此心復從四心無間生。	This mind is also produced immediately after four minds.
['T27n1545_011:0054a26_15']	謂三界善及學心。	謂三界善及學心。	Namely, the wholesome minds of the three realms and the learner's mind.
['T27n1545_011:0054a27_6']	無學心無間生四心。	無學心無間生四心。	Immediately after the learner's mind, four minds arise.
['T27n1545_011:0054a27_15']	謂三界善及無學心。	謂三界善及無學心。	Namely, the wholesome minds of the three realms and the post-learner's mind.
['T27n1545_011:0054a28_6']	此心復從五心無間生。	此心復從五心無間生。	This mind, in turn, arises immediately after five minds.
['T27n1545_011:0054a29_4']	謂三界善及學無學心有二十心。	謂三界善及學無學心有二十心。	Namely, the wholesome minds of the three realms and the learner's and post-learner's minds. There are twenty minds.
['T27n1545_011:0054a29_8']	欲界八。	欲界八。	Eight in the desire realm.
['T27n1545_011:0054a29_13']	謂加行善。	謂加行善。	Namely, wholesome minds arisen from added effort.
['T27n1545_011:0054a29_17']	生得善。	生得善。	Wholesome minds obtained by birth.
['T27n1545_011:0054b01_4']	不善有覆無記。	不善有覆無記。	Obscured indeterminate minds with hindrances in the desire realm.
['T27n1545_011:0054b01_17']	威儀路工巧處異熟生通果心。	威儀路工巧處異熟生通果心。	The minds arisen from karmic retribution and the supernormal power of transformation in the realm of deportment and craftsmanship.
['T27n1545_011:0054b02_2']	色界六。	色界六。	Six in the form realm.
['T27n1545_011:0054b02_8']	謂前八心中。	謂前八心中。	Namely, among the previous eight minds,
['T27n1545_011:0054b02_16']	除不善及工巧處。	除不善及工巧處。	excluding the unwholesome and those of the realm of craftsmanship.
['T27n1545_011:0054b03_1']	無色界四。	無色界四。	Four in the formless realm.
['T27n1545_011:0054b03_6']	謂加行善。	謂加行善。	Namely, wholesome minds arisen from added effort.
['T27n1545_011:0054b03_10']	生得善。	生得善。	Wholesome minds obtained by birth.
['T27n1545_011:0054b03_15']	有覆無記。	有覆無記。	Obscured indeterminate minds.
['T27n1545_011:0054b03_20']	異熟生心。	異熟生心。	The minds arisen from karmic retribution.
['T27n1545_011:0054b04_3']	無漏二。	無漏二。	Two pure minds.
['T27n1545_011:0054b04_9', 'T27n1545_011:0054b04_15']	謂學無學心。🔽問此二十心。	謂學無學心。 問此二十心。	Namely, the learner's mind and the post-learner's mind.
['T27n1545_011:0054b05_3']	一一無間生幾心。	一一無間生幾心。	Question: How many minds do these twenty minds immediately produce?
['T27n1545_011:0054b05_12']	復從幾心無間生耶。	復從幾心無間生耶。	And how many minds do they immediately arise from?
['T27n1545_011:0054b06_6']	答欲界加行善心無間生十心。	答欲界加行善心無間生十心。	Answer: The wholesome mind arisen from added effort in the desire realm immediately produces ten minds.
['T27n1545_011:0054b06_15']	謂欲界七除通果心。	謂欲界七除通果心。	Namely, the seven minds of the desire realm, excluding the mind obtained from retribution and the mind of supernormal power.
['T27n1545_011:0054b07_3']	色界一加行善。	色界一加行善。	The one mind of the form realm, which is the wholesome mind acquired through application.
['T27n1545_011:0054b07_9']	及學無學心。	及學無學心。	And the learner's mind and the post-learner's mind.
['T27n1545_011:0054b08_1']	此心復從八心無間生。	此心復從八心無間生。	This mind is immediately followed by eight minds.
['T27n1545_011:0054b08_6']	謂欲界四。	謂欲界四。	Namely, the four minds of the desire realm,
['T27n1545_011:0054b08_13']	除無覆無記四。	除無覆無記四。	excluding the unobscured-neutral minds.
['T27n1545_011:0054b08_17']	色界二。	色界二。	The two minds of the form realm,
['T27n1545_011:0054b09_10']	加行善有覆無記及學無學心。	加行善有覆無記及學無學心。	the wholesome mind acquired through application and the obscured-neutral mind, and the learner's mind and the post-learner's mind.
['T27n1545_011:0054b09_15']	有餘師說。	有餘師說。	Other masters say:
['T27n1545_011:0054b10_7', 'T27n1545_011:0054b10_14']	此心復從十一心無間生。🔽謂前八及欲界。	此心復從十一心無間生。 謂前八及欲界。	This mind is immediately followed by eleven minds.
['T27n1545_011:0054b11_6']	威儀路工巧處異熟生心。	威儀路工巧處異熟生心。	Namely, the previous eight, and the minds of deportment and craftsmanship of the desire realm, which are minds obtained from retribution.
['T27n1545_011:0054b11_11']	所以者何。	所以者何。	Why is this?
['T27n1545_011:0054b12_2']	以熟修習加行善心者。	以熟修習加行善心者。	Because one who has cultivated the wholesome mind acquired through application
['T27n1545_011:0054b12_12']	從自界威儀路工巧處。	從自界威儀路工巧處。	from the minds of deportment and craftsmanship of one's own realm,
['T27n1545_011:0054b13_1']	異熟生心無間。	異熟生心無間。	the mind obtained from retribution,
['T27n1545_011:0054b13_6']	亦現在前。	亦現在前。	also appears in the present.
['T27n1545_011:0054b13_18']	欲界生得善心無間生九心。	欲界生得善心無間生九心。	The wholesome mind obtained from birth of the desire realm is immediately followed by nine minds.
['T27n1545_011:0054b14_7', 'T27n1545_011:0054b14_14']	謂欲界七除通果心。🔽色無色界各一。	謂欲界七除通果心。 色無色界各一。	Namely, the seven minds of the desire realm, excluding the mind of supernormal power.
['T27n1545_011:0054b15_1']	有覆無記心。	有覆無記心。	The obscured-neutral minds of the form and formless realms.
['T27n1545_011:0054b15_12']	此心復從十一心無間生。	此心復從十一心無間生。	This mind is immediately followed by eleven minds.
['T27n1545_011:0054b15_17']	謂欲界七。	謂欲界七。	Namely, the seven minds of the desire realm.
['T27n1545_011:0054b16_3']	除通果心。	除通果心。	Excluding the mind attained through cultivation.
['T27n1545_011:0054b16_7']	色界二。	色界二。	The two minds of the form realm.
['T27n1545_011:0054b16_15']	加行善有覆無記。	加行善有覆無記。	The wholesome acquired through application and the obscured neutral mind.
['T27n1545_011:0054b17_1']	及學無學心。	及學無學心。	And the learner's mind and the post-learner's mind.
['T27n1545_011:0054b17_10']	不善心無間生七心。	不善心無間生七心。	An unwholesome mind immediately produces seven minds.
['T27n1545_011:0054b18_1']	謂欲界七除通果心。	謂欲界七除通果心。	Namely, the seven minds of the desire realm, excluding the mind attained through cultivation.
['T27n1545_011:0054b18_12']	此心復從十四心無間生。	此心復從十四心無間生。	This mind is also produced immediately after fourteen minds.
['T27n1545_011:0054b18_16']	欲界七。	欲界七。	The seven minds of the desire realm.
['T27n1545_011:0054b19_2']	除通果心。	除通果心。	Excluding the mind attained through cultivation.
['T27n1545_011:0054b19_6']	色界四。	色界四。	The four minds of the form realm.
['T27n1545_011:0054b19_15']	除加行善及通果心。	除加行善及通果心。	Excluding the wholesome acquired through application and the mind attained through cultivation.
['T27n1545_011:0054b20_1']	無色界三。	無色界三。	The three minds of the formless realm.
['T27n1545_011:0054b20_7']	除加行善心。	除加行善心。	Excluding the wholesome acquired through application.
['T27n1545_011:0054b20_12']	如不善心。	如不善心。	Just like the unwholesome mind.
['T27n1545_011:0054b21_3']	欲界有覆無記心亦爾。	欲界有覆無記心亦爾。	The obscured neutral mind of the desire realm is also like this.
['T27n1545_011:0054b21_15']	欲界威儀路心無間生八心。	欲界威儀路心無間生八心。	The mind of deportment of the desire realm immediately produces eight minds.
['T27n1545_011:0054b22_1']	謂欲界六。	謂欲界六。	Namely, the six minds of the desire realm.
['T27n1545_011:0054b22_10', 'T27n1545_011:0054b22_17']	除加行善及通果心。🔽色無色界各一。	除加行善及通果心。 色無色界各一。	Excluding the wholesome acquired through application and the mind attained through cultivation.
['T27n1545_011:0054b23_3']	有覆無記心。	有覆無記心。	The obscured neutral minds of the form and formless realms.
['T27n1545_011:0054b23_8']	有餘師說。	有餘師說。	Other masters say.
['T27n1545_011:0054b23_16']	此心無間生九心。	此心無間生九心。	This mind immediately produces nine minds.
['T27n1545_011:0054b24_8']	謂前八及欲界加行善心。	謂前八及欲界加行善心。	Namely, the previous eight and the wholesome acquired through application of the desire realm.
['T27n1545_011:0054b24_17']	熟修習者能現前故。	熟修習者能現前故。	because one who has cultivated it to a high degree can manifest it at will.
['T27n1545_011:0054b25_8']	此心復從七心無間生。	此心復從七心無間生。	This mind arises immediately after seven minds.
['T27n1545_011:0054b25_13']	謂欲界七。	謂欲界七。	That is, the seven minds of the desire realm,
['T27n1545_011:0054b25_18', 'T27n1545_011:0054b26_7']	除通果心。🔽如欲界威儀路心。	除通果心。 如欲界威儀路心。	excluding the mind resulting from the practice of spiritual powers.🔽Just as the mind of deportment in the desire realm,
['T27n1545_011:0054b26_16']	欲界異熟生心亦爾。	欲界異熟生心亦爾。	so is the mind of karmic retribution in the desire realm.
['T27n1545_011:0054b27_7']	工巧處心無間生六心。	工巧處心無間生六心。	The mind of the realm of craftsmanship immediately produces six minds.
['T27n1545_011:0054b28_2']	謂欲界六除加行善及通果心。	謂欲界六除加行善及通果心。	That is, the six minds of the desire realm, excluding the wholesome acquired through application and the mind resulting from the practice of spiritual powers.
['T27n1545_011:0054b28_7']	有餘師說。	有餘師說。	Other masters say:
['T27n1545_011:0054b28_15']	此心無間生七心。	此心無間生七心。	This mind immediately produces seven minds.
['T27n1545_011:0054b29_7']	謂前六及欲界加行善心。	謂前六及欲界加行善心。	That is, the previous six and the wholesome acquired through application in the desire realm.
['T27n1545_011:0054b29_16']	熟修習者能現前故。	熟修習者能現前故。	Because one who has cultivated it to a high degree can manifest it at will.
['T27n1545_011:0054c01_7']	此心復從七心無間生。	此心復從七心無間生。	This mind arises immediately after seven minds.
['T27n1545_011:0054c01_12']	謂欲界七。	謂欲界七。	That is, the seven minds of the desire realm,
['T27n1545_011:0054c01_17']	除通果心。	除通果心。	excluding the mind resulting from the practice of spiritual powers.
['T27n1545_011:0054c02_9']	欲界通果心無間生二心。	欲界通果心無間生二心。	The mind resulting from the practice of spiritual powers in the desire realm immediately produces two minds.
['T27n1545_011:0054c02_15']	謂欲界通果。	謂欲界通果。	That is, the mind resulting from the practice of spiritual powers in the desire realm,
['T27n1545_011:0054c03_4']	及色界加行善心。	及色界加行善心。	and the wholesome acquired through application in the form realm.
['T27n1545_011:0054c03_14']	此心復從二心無間生。	此心復從二心無間生。	This mind arises immediately after two minds.
['T27n1545_011:0054c04_1']	謂欲界通果。	謂欲界通果。	That is, the mind resulting from the practice of spiritual powers in the desire realm,
['T27n1545_011:0054c04_9']	及色界加行善心。	及色界加行善心。	and the wholesome acquired through application in the form realm.
['T27n1545_011:0054c05_3']	色界加行善心無間生十二心。	色界加行善心無間生十二心。	The wholesome mind obtained through practice in the form realm arises immediately after twelve minds.
['T27n1545_011:0054c05_8']	謂色界六。	謂色界六。	That is to say, the six of the form realm,
['T27n1545_011:0054c05_12']	欲界三。	欲界三。	the three of the desire realm,
['T27n1545_011:0054c06_1']	加行善生得善通果。	加行善生得善通果。	the wholesome mind obtained through practice, the wholesome mind obtained by birth, and the mind of spiritual powers,
['T27n1545_011:0054c06_6']	無色界一。	無色界一。	the one of the formless realm,
['T27n1545_011:0054c06_15']	加行善及學無學心。	加行善及學無學心。	the wholesome mind obtained through practice, and the learner and post-learner minds.
['T27n1545_011:0054c07_6']	此心復從十心無間生。	此心復從十心無間生。	This mind arises immediately after ten minds.
['T27n1545_011:0054c07_11']	謂色界四。	謂色界四。	That is to say, the four of the form realm,
['T27n1545_011:0054c08_2']	除威儀路異熟生心。	除威儀路異熟生心。	excluding the mind of deportment and the mind born of retribution,
['T27n1545_011:0054c08_6']	欲界二。	欲界二。	the two of the desire realm,
['T27n1545_011:0054c08_13']	加行善通果心。	加行善通果心。	the wholesome mind obtained through practice and the mind of spiritual powers,
['T27n1545_011:0054c08_18']	無色界二。	無色界二。	the two of the formless realm,
['T27n1545_011:0054c09_5']	加行善有覆無記。	加行善有覆無記。	the wholesome mind obtained through practice and the obscured indeterminate mind,
['T27n1545_011:0054c09_11']	及學無學心。	及學無學心。	and the learner and post-learner minds.
['T27n1545_011:0054c09_18']	色界生得善心。	色界生得善心。	The wholesome mind obtained by birth in the form realm,
['T27n1545_011:0054c10_9']	無間生八心謂色界五。	無間生八心謂色界五。	immediately gives rise to eight minds. That is to say, the five of the form realm,
['T27n1545_011:0054c10_13']	除通果。	除通果。	excluding the mind of spiritual powers,
['T27n1545_011:0054c10_17']	欲界二。	欲界二。	the two of the desire realm,
['T27n1545_011:0054c11_5']	不善有覆無記。	不善有覆無記。	the unwholesome and obscured indeterminate minds,
['T27n1545_011:0054c11_10']	無色界一。	無色界一。	and the one of the formless realm,
['T27n1545_011:0054c11_16']	有覆無記心。	有覆無記心。	the obscured indeterminate mind.
['T27n1545_011:0054c12_7']	此心復從五心無間生。	此心復從五心無間生。	This mind arises immediately after five minds.
['T27n1545_011:0054c12_12']	謂色界五。	謂色界五。	That is to say, the five of the form realm,
['T27n1545_011:0054c12_17']	除通果心。	除通果心。	excluding the mind of spiritual powers.
['T27n1545_011:0054c13_6']	色界有覆無記心。	色界有覆無記心。	The obscured indeterminate mind in the form realm,
['T27n1545_011:0054c13_16']	無間生九心謂色界五。	無間生九心謂色界五。	It arises immediately after nine minds, namely the five of the form realm,
['T27n1545_011:0054c14_2']	除通果。	除通果。	excluding the one arisen from the cause of added effort.
['T27n1545_011:0054c14_6']	欲界四。	欲界四。	The four of the desire realm,
['T27n1545_011:0054c14_10']	加行善。	加行善。	the wholesome of the realm of added effort,
['T27n1545_011:0054c14_14']	生得善。	生得善。	the wholesome of the realm of rebirth,
['T27n1545_011:0054c15_1']	不善有覆無記心。	不善有覆無記心。	and the obscured-neutral mind.
['T27n1545_011:0054c15_12']	此心復從十一心無間生。	此心復從十一心無間生。	This mind in turn arises immediately after eleven minds.
['T27n1545_011:0054c15_17']	謂色界五。	謂色界五。	The five of the form realm,
['T27n1545_011:0054c16_3']	除通果。	除通果。	excluding the one arisen from the cause of added effort.
['T27n1545_011:0054c16_7']	欲界三。	欲界三。	The three of the desire realm,
['T27n1545_011:0054c16_17']	生得善威儀路異熟生。	生得善威儀路異熟生。	the wholesome of the realm of rebirth, the wholesome of the realm of deportment, and the resultant-birth mind.
['T27n1545_011:0054c17_3']	無色界三。	無色界三。	The three of the formless realm,
['T27n1545_011:0054c17_9']	除加行善心。	除加行善心。	excluding the wholesome of the realm of added effort.
['T27n1545_011:0054c18_2']	色界威儀路心無間生七心。	色界威儀路心無間生七心。	The mind of the realm of deportment of the form realm arises immediately after seven minds.
['T27n1545_011:0054c18_7']	謂色界四。	謂色界四。	The four of the form realm,
['T27n1545_011:0054c18_15']	除加行善通果心。	除加行善通果心。	excluding the wholesome of the realm of added effort and the one arisen from the cause of added effort.
['T27n1545_011:0054c18_19']	欲界二。	欲界二。	The two of the desire realm,
['T27n1545_011:0054c19_6']	不善有覆無記。	不善有覆無記。	the unwholesome and the obscured-neutral.
['T27n1545_011:0054c19_11']	無色界一。	無色界一。	The one of the formless realm,
['T27n1545_011:0054c19_17']	有覆無記心。	有覆無記心。	the obscured-neutral mind.
['T27n1545_011:0054c20_8']	此心復從五心無間生。	此心復從五心無間生。	This mind in turn arises immediately after five minds.
['T27n1545_011:0054c20_13']	謂色界五。	謂色界五。	The five of the form realm,
['T27n1545_011:0054c20_18']	除通果心。	除通果心。	excluding the one arisen from the cause of added effort.
['T27n1545_011:0054c21_7']	如色界威儀路心。	如色界威儀路心。	Just as the mind of the realm of deportment of the form realm,
['T27n1545_011:0054c21_16']	色界異熟生心亦爾。	色界異熟生心亦爾。	the resultant-birth mind of the form realm is also like this.
['T27n1545_011:0054c22_8']	色界通果心無間生二心。	色界通果心無間生二心。	The mind arisen from the cause of added effort of the form realm arises immediately after two minds.
['T27n1545_011:0054c22_15']	謂色界加行善。	謂色界加行善。	Namely, the wholesome acquired through exertion of the form realm,
['T27n1545_011:0054c23_2']	及通果心。	及通果心。	and the mind of supernormal power.
['T27n1545_011:0054c23_12']	此心復從二心無間生。	此心復從二心無間生。	This mind is also immediately followed by two minds.
['T27n1545_011:0054c24_1']	謂色界加行善。	謂色界加行善。	Namely, the wholesome acquired through exertion of the form realm,
['T27n1545_011:0054c24_6']	及通果心。	及通果心。	and the mind of supernormal power.
['T27n1545_011:0054c24_19']	無色界加行善心無間生七心。	無色界加行善心無間生七心。	The wholesome acquired through exertion of the formless realm immediately produces seven minds.
['T27n1545_011:0054c25_5']	謂無色界四。	謂無色界四。	Namely, the four of the formless realm,
['T27n1545_011:0054c25_9']	色界一。	色界一。	one of the form realm,
['T27n1545_011:0054c25_18']	加行善及學無學心。	加行善及學無學心。	the wholesome acquired through exertion, and the minds of learning and no-learning.
['T27n1545_011:0054c26_8']	此心復從六心無間生。	此心復從六心無間生。	This mind is also immediately followed by six minds.
['T27n1545_011:0054c26_14']	謂無色界三。	謂無色界三。	Namely, the three of the formless realm,
['T27n1545_011:0054c27_4']	除異熟生色界一。	除異熟生色界一。	excluding the mind born of retribution. One of the form realm,
['T27n1545_011:0054c27_13']	加行善及學無學心。	加行善及學無學心。	the wholesome acquired through exertion, and the minds of learning and no-learning.
['T27n1545_011:0054c28_7']	無色界生得善心無間生七心。	無色界生得善心無間生七心。	The wholesome acquired through exertion of the formless realm immediately produces seven minds.
['T27n1545_011:0054c28_13']	謂無色界四。	謂無色界四。	Namely, the four of the formless realm,
['T27n1545_011:0054c28_17']	欲界二。	欲界二。	the two of the desire realm,
['T27n1545_011:0054c29_5']	不善有覆無記。	不善有覆無記。	the unwholesome and the obscured indeterminate,
['T27n1545_011:0054c29_9']	色界一。	色界一。	and one of the form realm,
['T27n1545_011:0054c29_15']	有覆無記心。	有覆無記心。	the obscured indeterminate mind.
['T27n1545_011:0055a01_6']	此心復從四心無間生。	此心復從四心無間生。	This mind is also immediately followed by four minds.
['T27n1545_011:0055a01_13']	謂無色界四心。	謂無色界四心。	Namely, the four minds of the formless realm.
['T27n1545_011:0055a02_8']	無色界有覆無記心無間生八心。	無色界有覆無記心無間生八心。	The obscured indeterminate mind of the formless realm immediately produces eight minds.
['T27n1545_011:0055a02_14']	謂無色界四。	謂無色界四。	Namely, the four of the formless realm,
['T27n1545_011:0055a02_18']	欲界二。	欲界二。	The desire realm has two.
['T27n1545_011:0055a03_5']	不善有覆無記。	不善有覆無記。	Unwholesome and obscured neutral.
['T27n1545_011:0055a03_9']	色界二。	色界二。	The form realm has two.
['T27n1545_011:0055a03_18']	加行善有覆無記心。	加行善有覆無記心。	The wholesome of preparation and the obscured neutral mind.
['T27n1545_011:0055a04_8']	此心復從十心無間生。	此心復從十心無間生。	This mind arises immediately after ten minds.
['T27n1545_011:0055a04_14']	謂無色界四。	謂無色界四。	Namely, the four of the formless realm.
['T27n1545_011:0055a05_1']	欲色界各三。	欲色界各三。	The three of the desire and form realms each.
['T27n1545_011:0055a05_12']	生得善威儀路異熟生心。	生得善威儀路異熟生心。	The wholesome of birth, the wholesome of deportment, and the mind of karmic retribution.
['T27n1545_011:0055a06_6']	無色界異熟生心無間生六心。	無色界異熟生心無間生六心。	The mind of karmic retribution of the formless realm arises immediately after six minds.
['T27n1545_011:0055a06_12']	謂無色界三。	謂無色界三。	Namely, the three of the formless realm.
['T27n1545_011:0055a06_18']	除加行善心。	除加行善心。	Excluding the wholesome of preparation.
['T27n1545_011:0055a07_9']	欲界二不善有覆無記。	欲界二不善有覆無記。	The two unwholesome and obscured neutral of the desire realm.
['T27n1545_011:0055a07_13']	色界一。	色界一。	The form realm has one.
['T27n1545_011:0055a08_1']	有覆無記心。	有覆無記心。	The obscured neutral mind.
['T27n1545_011:0055a08_11']	此心復從四心無間生。	此心復從四心無間生。	This mind arises immediately after four minds.
['T27n1545_011:0055a08_18']	謂無色界四心。	謂無色界四心。	Namely, the four minds of the formless realm.
['T27n1545_011:0055a09_7']	學心無間生六心。	學心無間生六心。	The learner's mind arises immediately after six minds.
['T27n1545_011:0055a09_12']	謂欲界二。	謂欲界二。	Namely, the two of the desire realm.
['T27n1545_011:0055a09_19']	加行善生得善。	加行善生得善。	The wholesome of preparation and the wholesome of birth.
['T27n1545_011:0055a10_6']	色無色界各一。	色無色界各一。	The form and formless realms each have one.
['T27n1545_011:0055a10_15']	加行善及學無學心。	加行善及學無學心。	The wholesome of preparation and the learner's and post-learner's minds.
['T27n1545_011:0055a11_6']	此心復從四心無間生。	此心復從四心無間生。	This mind arises immediately after four minds.
['T27n1545_011:0055a11_12']	謂三界各一。	謂三界各一。	Namely, the three realms each have one.
['T27n1545_011:0055a12_1']	加行善及學心。	加行善及學心。	The wholesome of added effort and the mind of learning.
['T27n1545_011:0055a12_10']	無學心無間生五心。	無學心無間生五心。	Immediately after the mind of no-more-learning, five minds arise.
['T27n1545_011:0055a12_15']	謂欲界二。	謂欲界二。	Namely, the two of the desire realm.
['T27n1545_011:0055a13_2']	加行善生得善。	加行善生得善。	The wholesome of added effort and the wholesome of birth.
['T27n1545_011:0055a13_9']	色無色界各一。	色無色界各一。	Each of the form and formless realms.
['T27n1545_011:0055a13_17']	加行善及無學心。	加行善及無學心。	The wholesome of added effort and the mind of no-more-learning.
['T27n1545_011:0055a14_7']	此心復從五心無間生。	此心復從五心無間生。	This mind again arises immediately after five minds.
['T27n1545_011:0055a14_13']	謂三界各一。	謂三界各一。	Namely, each of the three realms.
['T27n1545_011:0055a15_3']	加行善及學無學心。	加行善及學無學心。	The wholesome of added effort and the minds of learning and no-more-learning.
['T27n1545_011:0055a16_8']	補特伽羅既不可得。	補特伽羅既不可得。	Since the pudgala is not apprehended,
['T27n1545_011:0055a16_16']	又無前心往後心。	又無前心往後心。	and there is no previous mind going to the subsequent mind,
['T27n1545_011:0055a17_8']	理何緣能憶本所作事。	理何緣能憶本所作事。	what principle can one rely on to remember what was done in the past?
['T27n1545_011:0055a17_13']	乃至廣說。	乃至廣說。	And so on at length.
['T27n1545_011:0055a18_1']	問何故作此論。	問何故作此論。	Question: Why was this treatise composed?
['T27n1545_011:0055a18_11']	答為止他宗顯己義故。	答為止他宗顯己義故。	Answer: In order to refute other schools and reveal one's own meaning.
['T27n1545_011:0055a19_2']	謂或有執補特伽羅。	謂或有執補特伽羅。	Namely, some hold the view that the pudgala
['T27n1545_011:0055a19_7']	自體實有。	自體實有。	is a real entity by nature,
['T27n1545_011:0055a19_12']	如犢子部。	如犢子部。	like the Vātsīputrīya school.
['T27n1545_011:0055a19_17']	彼作是說。	彼作是說。	They say:
['T27n1545_011:0055a20_3']	我許有我。	我許有我。	We admit that there is a self,
['T27n1545_011:0055a20_12']	可能憶念本所作事。	可能憶念本所作事。	which can remember what was done in the past.
['T27n1545_011:0055a21_4']	先自領納今自憶故。	先自領納今自憶故。	Because it is now remembered by oneself after having been experienced by oneself in the past.
['T27n1545_011:0055a21_9']	若無我者。	若無我者。	If there were no self,
['T27n1545_011:0055a21_18']	何緣能憶本所作事。	何緣能憶本所作事。	How can one remember the things one did in the past?
['T27n1545_011:0055a22_4']	或復有執。	或復有執。	Or there are those who hold the view that
['T27n1545_011:0055a22_9']	物性相隱。	物性相隱。	the nature of things is hidden.
['T27n1545_011:0055a22_12']	如說。	如說。	As it is said:
['T27n1545_011:0055a22_17']	諸法相隱。	諸法相隱。	The characteristics of dharmas are hidden.
['T27n1545_011:0055a23_4']	外道彼作是說。	外道彼作是說。	Non-Buddhists have this to say:
['T27n1545_011:0055a23_13']	諸有為法有晝夜分。	諸有為法有晝夜分。	All conditioned dharmas have day and night divisions.
['T27n1545_011:0055a24_4']	互相藏隱夜時晝入。	互相藏隱夜時晝入。	They mutually conceal each other. At night, the day enters.
['T27n1545_011:0055a24_9']	夜中晝性。	夜中晝性。	In the night, the nature of the day
['T27n1545_011:0055a24_16']	雖在而不顯現。	雖在而不顯現。	exists but is not manifest.
['T27n1545_011:0055a25_2']	晝時夜入。	晝時夜入。	In the daytime, the night enters.
['T27n1545_011:0055a25_7']	晝中夜性。	晝中夜性。	In the daytime, the nature of the night
['T27n1545_011:0055a25_14']	雖在而不顯現。	雖在而不顯現。	exists but is not manifest.
['T27n1545_011:0055a26_4']	如是可能憶本所作。	如是可能憶本所作。	In this way, one can remember the things one did in the past.
['T27n1545_011:0055a26_9']	晝夜分中。	晝夜分中。	Within the day and night divisions,
['T27n1545_011:0055a26_14']	有夜晝故。	有夜晝故。	because there is night and day,
['T27n1545_011:0055a27_1']	夜晝時所作。	夜晝時所作。	what is done during the night and day
['T27n1545_011:0055a27_7']	晝夜時能憶。	晝夜時能憶。	can be remembered during the day and night.
['T27n1545_011:0055a27_12']	若不爾者。	若不爾者。	If it were not so,
['T27n1545_011:0055a28_2']	何緣能憶本所作事。	何緣能憶本所作事。	how could one remember the things one did in the past?
['T27n1545_011:0055a28_11']	或復有執物性相變。	或復有執物性相變。	Or there are those who hold the view that the nature of things changes.
['T27n1545_011:0055a28_14']	如說。	如說。	As it is said:
['T27n1545_011:0055a28_19']	諸法相變。	諸法相變。	The characteristics of dharmas change.
['T27n1545_011:0055a29_6']	外道彼作是說。	外道彼作是說。	Non-Buddhists have this to say:
['T27n1545_011:0055a29_14']	即羯剌藍位變作。	即羯剌藍位變作。	The state of kalala changes into
['T27n1545_011:0055a29_19']	頞部曇位。	頞部曇位。	the state of arbuda.🔽Up to the state of hard flesh changes into
['T27n1545_011:0055b01_8']	乃至即堅固位變作。	乃至即堅固位變作。	the state of bulk.
['T27n1545_011:0055b01_12']	衰老位。	衰老位。	The stage of decline and old age.
['T27n1545_011:0055b02_3']	如即青葉變作黃葉。	如即青葉變作黃葉。	Just as a green leaf changes into a yellow leaf.
['T27n1545_011:0055b02_12']	如是可能憶本所作。	如是可能憶本所作。	In this way, it is possible to remember what was done in the past.
['T27n1545_011:0055b03_3']	以前後位體無異故。	以前後位體無異故。	Because the substance of the previous and later stages is no different.
['T27n1545_011:0055b03_12']	前位所作後位能憶。	前位所作後位能憶。	What was done in the previous stage, the later stage can remember.
['T27n1545_011:0055b03_17']	若不爾者。	若不爾者。	If it were not so,
['T27n1545_011:0055b04_7']	何緣能憶本所作事。	何緣能憶本所作事。	how could one remember what was done in the past?
['T27n1545_011:0055b04_12']	或復有執。	或復有執。	Or there are those who hold the view that
['T27n1545_011:0055b04_17']	物性相往。	物性相往。	the nature of things changes.
['T27n1545_011:0055b05_1']	如說。	如說。	As it is said:
['T27n1545_011:0055b05_6']	諸法相往。	諸法相往。	The nature of dharmas changes.
['T27n1545_011:0055b05_13']	外道彼作是說。	外道彼作是說。	Non-Buddhists have this to say:
['T27n1545_011:0055b05_18']	羯剌藍往。	羯剌藍往。	The kalala changes,
['T27n1545_011:0055b06_5', 'T27n1545_011:0055b06_11']	入頞部曇位中。🔽乃至堅固往。	入頞部曇位中。 乃至堅固往。	and enters the stage of arbuda.🔽Up to the solid changes,
['T27n1545_011:0055b06_17']	入衰老位中。	入衰老位中。	and enters the stage of decline and old age.
['T27n1545_011:0055b07_7']	如是可能憶本所作。	如是可能憶本所作。	In this way, it is possible to remember what was done in the past.
['T27n1545_011:0055b07_16']	以後位中有前法故。	以後位中有前法故。	Because the later stage contains the previous dharma.
['T27n1545_011:0055b08_7']	前位所作後位能憶。	前位所作後位能憶。	What was done in the previous stage, the later stage can remember.
['T27n1545_011:0055b08_12']	若不爾者。	若不爾者。	If it were not so,
['T27n1545_011:0055b09_2', 'T27n1545_011:0055b09_10']	何緣能憶本所作事。🔽問物性相變相往。	何緣能憶本所作事。 問物性相變相往。	how could one remember what was done in the past?
['T27n1545_011:0055b09_17']	外道二執何別。	外道二執何別。	Question: What is the difference between the two views of the nature of things changing and the nature of things moving?
['T27n1545_011:0055b10_4']	答相變外道執。	答相變外道執。	Answer: The non-Buddhists who hold the view of change
['T27n1545_011:0055b10_12']	即前位變作後位。	即前位變作後位。	hold that the previous stage changes into the later stage.
['T27n1545_011:0055b11_1']	後位中無前位。	後位中無前位。	In the later stage, there is no earlier stage.
['T27n1545_011:0055b11_7']	相往外道執。	相往外道執。	The characteristics go to the non-Buddhist schools.
['T27n1545_011:0055b12_3']	前位往後位既至後位其相不壞。	前位往後位既至後位其相不壞。	The earlier stage goes to the later stage, and when it reaches the later stage, its characteristics are not destroyed.
['T27n1545_011:0055b12_12']	即與後位俱時增長。	即與後位俱時增長。	It increases and grows together with the later stage.
['T27n1545_011:0055b13_4']	有作是說相變外道執。	有作是說相變外道執。	There is an explanation that the characteristics change, which is the non-Buddhist schools' view.
['T27n1545_011:0055b13_12']	後與前不一不異。	後與前不一不異。	The later is neither the same as nor different from the earlier.
['T27n1545_011:0055b13_18']	相往外道執。	相往外道執。	The characteristics go to the non-Buddhist schools.
['T27n1545_011:0055b14_6']	後與前亦一亦異。	後與前亦一亦異。	The later is both the same as and different from the earlier.
['T27n1545_011:0055b14_11']	或復有執。	或復有執。	Or there are those who hold the view that
['T27n1545_011:0055b14_16']	覺性是一。	覺性是一。	The nature of cognition is one.
['T27n1545_011:0055b15_2']	如說前後。	如說前後。	As it is said, before and after,
['T27n1545_011:0055b15_7']	一覺論者。	一覺論者。	The theory of a single cognition.
['T27n1545_011:0055b15_12']	彼作是說。	彼作是說。	They explain it like this:
['T27n1545_011:0055b15_17']	前作事覺。	前作事覺。	The cognition that performs actions in the past,
['T27n1545_011:0055b16_2']	後憶念覺。	後憶念覺。	The cognition that remembers in the present.
['T27n1545_011:0055b16_11']	相用雖異其性是一。	相用雖異其性是一。	Although their characteristics and functions are different, their nature is the same.
['T27n1545_011:0055b17_3']	如是可能憶本所作。	如是可能憶本所作。	In this way, one can remember what was done in the past.
['T27n1545_011:0055b17_12']	以前後位覺體一故。	以前後位覺體一故。	Because the essence of cognition in the earlier and later stages is the same.
['T27n1545_011:0055b18_3']	前位所作後位能憶。	前位所作後位能憶。	What was done in the earlier stage can be remembered in the later stage.
['T27n1545_011:0055b18_8']	若不爾者。	若不爾者。	If it were not so,
['T27n1545_011:0055b18_17']	何緣能憶本所作事。	何緣能憶本所作事。	How could one remember what was done in the past?
['T27n1545_011:0055b19_3', 'T27n1545_011:0055b19_8']	或復有執。🔽意界是常。	或復有執。 意界是常。	Or there are those who hold the view that🔽The mind realm is permanent.
['T27n1545_011:0055b19_17']	如執意界是常論者。	如執意界是常論者。	As for those who hold the view that the mind realm is permanent,
['T27n1545_011:0055b20_4']	彼作是說。	彼作是說。	They say:
['T27n1545_011:0055b20_15']	六識雖生滅而意界是常。	六識雖生滅而意界是常。	Although the six consciousnesses arise and cease, the mind realm is permanent.
['T27n1545_011:0055b21_6', 'T27n1545_011:0055b21_12']	如是可能憶本所作。🔽六識所作事。	如是可能憶本所作。 六識所作事。	In this way, it can remember what was done in the past.
['T27n1545_011:0055b21_18']	意界能憶故。	意界能憶故。	Because the mind realm can remember what was done by the six consciousnesses.
['T27n1545_011:0055b22_4']	若不爾者。	若不爾者。	If it were not so,
['T27n1545_011:0055b22_13']	何緣能憶本所作事。	何緣能憶本所作事。	how could it remember what was done in the past?
['T27n1545_011:0055b22_18']	或復有執。	或復有執。	Or there are those who hold the view:
['T27n1545_011:0055b23_4']	蘊有二種。	蘊有二種。	There are two kinds of aggregates.
['T27n1545_011:0055b23_9']	一根本蘊。	一根本蘊。	One is the fundamental aggregates,
['T27n1545_011:0055b23_14', 'T27n1545_011:0055b24_1']	二作用蘊。🔽前蘊是常。	二作用蘊。 前蘊是常。	and the other is the aggregates of function.🔽The former aggregates are permanent,
['T27n1545_011:0055b24_6']	後蘊非常。	後蘊非常。	while the latter aggregates are impermanent.
['T27n1545_011:0055b24_11']	彼作是說。	彼作是說。	They say:
['T27n1545_011:0055b25_1']	根本作用二蘊雖別。	根本作用二蘊雖別。	Although the fundamental and functional aggregates are different,
['T27n1545_011:0055b25_10']	而共和合成一有情。	而共和合成一有情。	they combine to form a single sentient being.
['T27n1545_011:0055b26_2', 'T27n1545_011:0055b26_10']	如是可能憶本所作。🔽以作用蘊所作事。	如是可能憶本所作。 以作用蘊所作事。	In this way, it can remember what was done in the past.
['T27n1545_011:0055b26_17']	根本蘊能憶故。	根本蘊能憶故。	Because the fundamental aggregate can remember what was done by the functional aggregate.
['T27n1545_011:0055b27_3']	若不爾者。	若不爾者。	If it were not so,
['T27n1545_011:0055b27_12']	何緣能憶本所作事。	何緣能憶本所作事。	how could it remember what was done in the past?
['T27n1545_011:0055b27_17']	或復有執。	或復有執。	Or there are those who hold the view:
['T27n1545_011:0055b28_6']	前心往告後心。	前心往告後心。	The previous mind goes to inform the subsequent mind,
['T27n1545_011:0055b28_15']	我作是事汝可憶持。	我作是事汝可憶持。	I did this, you should remember it.
['T27n1545_011:0055b29_2']	彼作是說。	彼作是說。	They say:
['T27n1545_011:0055b29_7']	心細冥通。	心細冥通。	The mind is subtle and obscure,
['T27n1545_011:0055b29_16']	前有所作必告後知。	前有所作必告後知。	Previously, what was done must be reported to the later consciousness.
['T27n1545_011:0055c01_6']	如是可能憶本所作。	如是可能憶本所作。	In this way, one can remember what was done in the past.
['T27n1545_011:0055c01_11']	若不爾者。	若不爾者。	If it were not so,
['T27n1545_011:0055c02_2']	何緣能憶本所作事。	何緣能憶本所作事。	how could one remember what was done in the past?
['T27n1545_011:0055c03_5']	然過殑伽沙數諸佛及佛弟子雖不說有補特伽羅。	然過殑伽沙數諸佛及佛弟子雖不說有補特伽羅。	However, although the Buddhas and the Buddha's disciples, whose number is as great as the sands of the Ganges River, do not speak of the existence of pudgala,
['T27n1545_011:0055c04_1']	亦不說有物性相隱相變相往。	亦不說有物性相隱相變相往。	they also do not speak of the existence of substance, nature, hidden characteristics, transformed characteristics, or going.
['T27n1545_011:0055c04_8']	一覺性意界常。	一覺性意界常。	The nature of consciousness and the realm of mind are constant.
['T27n1545_011:0055c04_17']	根本蘊異作用蘊異。	根本蘊異作用蘊異。	The fundamental aggregates are different from the aggregates of function.
['T27n1545_011:0055c05_4']	前心往告後心。	前心往告後心。	The previous mind goes to report to the later mind.
['T27n1545_011:0055c05_13']	而說有能憶本所作。	而說有能憶本所作。	And it is said that there is the ability to remember what was done in the past.
['T27n1545_011:0055c05_18']	此義決定。	此義決定。	This meaning is certain.
['T27n1545_011:0055c06_8']	微細甚深難可覺了。	微細甚深難可覺了。	It is subtle and profound, difficult to perceive.
['T27n1545_011:0055c07_1']	為欲顯示如是決定。	為欲顯示如是決定。	In order to reveal such certainty,
['T27n1545_011:0055c07_6']	微細甚深。	微細甚深。	which is subtle and profound,
['T27n1545_011:0055c07_11']	難可覺了。	難可覺了。	difficult to perceive,
['T27n1545_011:0055c07_16']	諸法性相。	諸法性相。	the nature and characteristics of all dharmas,
['T27n1545_011:0055c08_5']	及止他宗不如理說。	及止他宗不如理說。	and to stop the other schools from speaking contrary to reason,
['T27n1545_011:0055c08_10']	故作斯論。	故作斯論。	this treatise is composed.
['T27n1545_011:0055c09_7']	問此中應具說補特伽羅既不可得。	問此中應具說補特伽羅既不可得。	It is asked: Here, one should fully explain that pudgala is unobtainable,
['T27n1545_011:0055c09_18']	亦無物性相隱相變相往。	亦無物性相隱相變相往。	and there is also no substance, nature, hidden characteristics, transformed characteristics, or going.
['T27n1545_011:0055c10_6']	一覺性意界常。	一覺性意界常。	The first is the constant mind and mental object realm.
['T27n1545_011:0055c10_15']	根本蘊異作用蘊異。	根本蘊異作用蘊異。	The fundamental aggregates are different from the aggregates of function.
['T27n1545_011:0055c11_4']	前心往告後心理。	前心往告後心理。	The previous mind goes to inform the subsequent mental state.
['T27n1545_011:0055c11_13']	何緣能憶本所作事。	何緣能憶本所作事。	On what basis can one remember the things one has done in the past?
['T27n1545_011:0055c12_8']	何故但說補特伽羅既不可得。	何故但說補特伽羅既不可得。	Why is it said that the pudgala is unobtainable?
['T27n1545_011:0055c12_17']	又無前心往後心理。	又無前心往後心理。	And there is no previous mind going to the subsequent mental state.
['T27n1545_011:0055c13_12']	答此中說補特伽羅不可得者。	答此中說補特伽羅不可得者。	The answer is: The unobtainability of the pudgala in this context
['T27n1545_011:0055c14_5']	別遮初一補特伽羅論。	別遮初一補特伽羅論。	Specifically refutes the first theory of pudgala.
['T27n1545_011:0055c14_15']	又無前心往後心理者。	又無前心往後心理者。	And there is no previous mind going to the subsequent mental state
['T27n1545_011:0055c15_3']	總遮後七論。	總遮後七論。	Overall refutes the latter seven theories.
['T27n1545_011:0055c15_6']	有說。	有說。	Some say:
['T27n1545_011:0055c16_1']	此中說補特伽羅既不可得者。	此中說補特伽羅既不可得者。	The unobtainability of the pudgala in this context
['T27n1545_011:0055c16_10']	遮第一補特伽羅論。	遮第一補特伽羅論。	Refutes the first theory of pudgala.
['T27n1545_011:0055c17_2']	又無前心往後心理者。	又無前心往後心理者。	And there is no previous mind going to the subsequent mental state
['T27n1545_011:0055c17_13']	遮第八前心往告後心論。	遮第八前心往告後心論。	Refutes the eighth theory of the previous mind going to inform the subsequent mind.
['T27n1545_011:0055c17_18']	既遮初後。	既遮初後。	Having refuted the first and last,
['T27n1545_011:0055c18_2']	應知。	應知。	One should know
['T27n1545_011:0055c18_9']	已遮中間六論。	已遮中間六論。	That the six theories in the middle have already been refuted.
['T27n1545_011:0055c18_18']	謂本論師略舉初後。	謂本論師略舉初後。	That is to say, the original treatise master briefly cites the first and last
['T27n1545_011:0055c19_8']	令諸弟子易受持故。	令諸弟子易受持故。	To make it easy for disciples to accept and uphold.
['T27n1545_011:0055c20_100']	說一切有部發智大毘婆沙論卷第十一	說一切有部發智大毘婆沙論卷第十一	Abhidharma-mahāvibhāṣā-śāstra, fascicle 11
