segmentnr	original	analyzed	translated
['T27n1545_064:0329c05_0']	阿毘達磨大毘婆沙論卷第六十	阿毘達磨大毘婆沙論卷第六十	Abhidharma-mahāvibhāṣā-śāstra, fascicle 60
['T27n1545_064:0329c06_0']	四	四	four
['T27n1545_064:0329c08_0']	五百大阿羅漢等造	五百大阿羅漢等造	composed by 500 great arhats and others
['T27n1545_064:0329c11_10']	三藏法師玄奘奉　詔譯2結蘊第二中有情納息第三之二生欲界聖者有三事命終。	三藏法師玄奘奉　詔譯2結蘊第二中有情納息第三之二生欲界聖者有三事命終。	tripiṭaka master Xuanzang respectfully received
['T27n1545_064:0329c12_1']	一全離染而命終。	一全離染而命終。	one who completely separates from defilements and then dies
['T27n1545_064:0329c12_8']	二全退而命終。	二全退而命終。	two who completely regress and then die
['T27n1545_064:0329c12_16']	三分離染而命終。	三分離染而命終。	three who separate from defilements and then die
['T27n1545_064:0329c13_5']	異生但有二事命終。	異生但有二事命終。	ordinary beings only have two things when they die
['T27n1545_064:0329c13_13']	一全離染而命終。	一全離染而命終。	one who completely separates from defilements and then dies
['T27n1545_064:0329c14_1']	二全退而命終。	二全退而命終。	two who completely regress and then die
['T27n1545_064:0329c14_10']	無分離染而命終者。	無分離染而命終者。	there are none who separate from defilements and then die
['T27n1545_064:0329c15_3']	生色界聖者有二事命終。	生色界聖者有二事命終。	holy ones born in the form realm have two things when they die
['T27n1545_064:0329c15_11']	一全離染而命終。	一全離染而命終。	one who completely separates from defilements and then dies
['T27n1545_064:0329c16_1']	二分離染而命終。	二分離染而命終。	two who separate from defilements and then die
['T27n1545_064:0329c16_6']	無有退者。	無有退者。	there are none who regress
['T27n1545_064:0329c16_15']	色無色界無退義故。	色無色界無退義故。	because there is no meaning of regression in the form and formless realms
['T27n1545_064:0329c17_5']	異生但有一事命終。	異生但有一事命終。	ordinary beings only have one thing when they die
['T27n1545_064:0329c17_14']	謂全離染彼無退故。	謂全離染彼無退故。	namely, completely separating from defilements, because they do not regress
['T27n1545_064:0329c18_5']	無分離染而命終故。	無分離染而命終故。	there are none who separate from defilements and then die
['T27n1545_064:0329c19_1']	生無色界聖者異生應知亦爾。	生無色界聖者異生應知亦爾。	it should be known that holy ones and ordinary beings born in the formless realm are also like this
['T27n1545_064:0329c19_14']	問何故聖者有分離染而命終。	問何故聖者有分離染而命終。	Question: Why do noble ones have separation from defilements and then die,
['T27n1545_064:0329c20_10']	異生不爾答以諸聖者有無漏定。	異生不爾答以諸聖者有無漏定。	while ordinary beings do not? Answer: Because noble ones have the uncontaminated concentrations,
['T27n1545_064:0329c21_2']	任持相續令極堅固。	任持相續令極堅固。	which support the continuity and make it extremely firm.
['T27n1545_064:0329c21_11']	異生但有世俗諸定。	異生但有世俗諸定。	Ordinary beings only have the worldly concentrations,
['T27n1545_064:0329c22_1']	任持相續非極堅固。	任持相續非極堅固。	which support the continuity but not extremely firmly.
['T27n1545_064:0329c23_2']	復次聖者成就勝奢摩他毘鉢舍那異生不爾。	復次聖者成就勝奢摩他毘鉢舍那異生不爾。	Moreover, noble ones accomplish the superior śamatha and vipaśyanā, while ordinary beings do not.
['T27n1545_064:0329c23_17']	復次聖者成就無漏道力隨意所為。	復次聖者成就無漏道力隨意所為。	Moreover, noble ones accomplish the power of the uncontaminated path and can do as they wish,
['T27n1545_064:0329c24_4']	異生不爾。	異生不爾。	while ordinary beings cannot.
['T27n1545_064:0329c24_17']	是故聖者有分離染而命終義。	是故聖者有分離染而命終義。	Therefore, noble ones have the meaning of separation from defilements and then dying,
['T27n1545_064:0329c25_4']	異生即無。	異生即無。	while ordinary beings do not.
['T27n1545_064:0329c25_9']	有作是說。	有作是說。	Some say:
['T27n1545_064:0329c25_18']	以諸聖者具三種力。	以諸聖者具三種力。	Because noble ones possess three kinds of power:
['T27n1545_064:0329c26_4']	一聖道力。	一聖道力。	First, the power of the noble path;
['T27n1545_064:0329c26_9']	二煩惱力。	二煩惱力。	second, the power of afflictions;
['T27n1545_064:0329c26_14']	三定業力。	三定業力。	third, the power of determined karma.
['T27n1545_064:0329c28_2']	定業力故有全離染而命終義煩惱力故有全退已而命終義。	定業力故有全離染而命終義煩惱力故有全退已而命終義。	Because of the power of determined karma, there is the meaning of completely separating from defilements and then dying. Because of the power of afflictions, there is the meaning of completely regressing and then dying.
['T27n1545_064:0329c29_4']	聖道力故有分離染而命終義異生但有二種力。	聖道力故有分離染而命終義異生但有二種力。	Because of the power of the holy path, there is the meaning of being separated from defilements and then dying. Ordinary beings only have two kinds of power.
['T27n1545_064:0329c29_9']	謂煩惱力。	謂煩惱力。	Namely, the power of afflictions.
['T27n1545_064:0329c29_13']	定業力。	定業力。	The power of fixed karma.
['T27n1545_064:0329c29_18']	無聖道力。	無聖道力。	There is no power of the holy path.
['T27n1545_064:0330a01_11']	定業力故有全離染而命終義。	定業力故有全離染而命終義。	Because of the power of fixed karma, there is the meaning of being completely separated from defilements and then dying.
['T27n1545_064:0330a02_6']	煩惱力故有全退已而命終義。	煩惱力故有全退已而命終義。	Because of the power of afflictions, there is the meaning of completely regressing and then dying.
['T27n1545_064:0330a03_3']	無聖道力故無分離染而命終義。	無聖道力故無分離染而命終義。	Because there is no power of the holy path, there is no meaning of being separated from defilements and then dying.
['T27n1545_064:0330a03_8']	有餘師說。	有餘師說。	Other masters say:
['T27n1545_064:0330a03_14']	聖者有三力。	聖者有三力。	The sages have three kinds of power.
['T27n1545_064:0330a03_18']	一道力。	一道力。	Namely, the power of the path.
['T27n1545_064:0330a04_3']	二煩惱力。	二煩惱力。	The power of afflictions.
['T27n1545_064:0330a04_8', 'T27n1545_064:0330a05_2']	三定業力。🔽由道力故有全離染而命終。	三定業力。 由道力故有全離染而命終。	The power of fixed karma.🔽Because of the power of the path, there is the meaning of being completely separated from defilements and then dying.
['T27n1545_064:0330a05_15']	由煩惱力故有全退已而命終。	由煩惱力故有全退已而命終。	Because of the power of afflictions, there is the meaning of completely regressing and then dying.
['T27n1545_064:0330a06_2']	由定業力。	由定業力。	Because of the power of fixed karma.
['T27n1545_064:0330a06_11', 'T27n1545_064:0330a07_6']	故有分離染而命終。🔽若全離染得此地生非擇滅故。	故有分離染而命終。 若全離染得此地生非擇滅故。	Therefore, there is the meaning of being separated from defilements and then dying.
['T27n1545_064:0330a07_15']	決定受業便不與果。	決定受業便不與果。	If one is completely separated from defilements and attains the non-analytical cessation of being born in this stage, then fixed karma will not give its results.
['T27n1545_064:0330a08_6']	由此定業為留難故。	由此定業為留難故。	Because this fixed karma becomes an obstacle.
['T27n1545_064:0330a08_15']	有分離染而命終者。	有分離染而命終者。	Therefore, there are those who are separated from defilements and then die.
['T27n1545_064:0330a09_2']	如家家等。	如家家等。	Like the family-to-family and so on.
['T27n1545_064:0330a09_9']	異生但有二力。	異生但有二力。	Ordinary beings only have two powers.
['T27n1545_064:0330a09_16']	謂道力煩惱力。	謂道力煩惱力。	Namely, the power of the path and the power of afflictions.
['T27n1545_064:0330a10_2']	無定業力。	無定業力。	There is no fixed power of karma.
['T27n1545_064:0330a10_14']	由道力故有全離染而命終。	由道力故有全離染而命終。	Due to the power of the path, there are those who completely detach from defilements and then die.
['T27n1545_064:0330a11_9']	由煩惱力故有全退已而命終。	由煩惱力故有全退已而命終。	Due to the power of afflictions, there are those who completely regress and then die.
['T27n1545_064:0330a12_5']	無定業力故無分離染而命終。	無定業力故無分離染而命終。	Because there is no fixed power of karma, there are none who detach from defilements and then die.
['T27n1545_064:0330a13_1']	設全離染而有還生此地義故。	設全離染而有還生此地義故。	Even if they completely detach from defilements, there is still the possibility of being reborn in this realm.
['T27n1545_064:0330a13_10']	決定受業不為留難。	決定受業不為留難。	Therefore, karma that is definitely to be experienced does not create obstacles.
['T27n1545_064:0330a13_15']	或有說者。	或有說者。	Some say:
['T27n1545_064:0330a14_9']	分離染位有別立聖補特伽羅。	分離染位有別立聖補特伽羅。	In the state of detachment from defilements, there is a separate establishment of noble individuals.
['T27n1545_064:0330a15_5']	謂離欲界三四品染別立家家。	謂離欲界三四品染別立家家。	That is to say, in detaching from three or four categories of defilements of the desire realm, one is separately established as a family-to-family.
['T27n1545_064:0330a15_14']	離六品染別立一來。	離六品染別立一來。	In detaching from six categories of defilements, one is separately established as a once-returner.
['T27n1545_064:0330a16_6']	離七八品別立一間。	離七八品別立一間。	In detaching from seven or eight categories, one is separately established as a one-intervener.
['T27n1545_064:0330a17_1']	是故聖者有分離染而命終義。	是故聖者有分離染而命終義。	Therefore, there is the possibility for noble ones to detach from defilements and then die.
['T27n1545_064:0330a18_1']	異生定無分離染位如聖別立補特伽羅。	異生定無分離染位如聖別立補特伽羅。	Ordinary beings definitely do not have the state of detachment from defilements like the noble ones' separate establishment of individuals.
['T27n1545_064:0330a18_14']	是故彼無分離染已而命終義。	是故彼無分離染已而命終義。	Therefore, they do not have the possibility of detaching from defilements and then dying.
['T27n1545_064:0330a19_1']	復有說者。	復有說者。	There are also those who say:
['T27n1545_064:0330a20_5']	聖者於定有自在力故離染時有離少分而命終者。	聖者於定有自在力故離染時有離少分而命終者。	Because the noble ones have mastery over concentration, when they are free from attachment, there are those who die while still partially attached.
['T27n1545_064:0330a20_14']	異生於定無自在力。	異生於定無自在力。	Ordinary beings do not have mastery over concentration.
['T27n1545_064:0330a21_9']	故離染時無離少分而命終者。	故離染時無離少分而命終者。	Therefore, when they are free from attachment, there are none who die while still partially attached.
['T27n1545_064:0330a22_1']	尊者僧伽筏蘇說曰。	尊者僧伽筏蘇說曰。	The Venerable Saṃghabhadra says:
['T27n1545_064:0330a22_14']	異生亦有分離染位而命終者。	異生亦有分離染位而命終者。	Ordinary beings also have the state of being free from attachment and then dying.
['T27n1545_064:0330a23_12']	然命終已結生心時先所斷結必還成就。	然命終已結生心時先所斷結必還成就。	However, after death, when the mind of rebirth is born, the previously severed bonds must be accomplished again.
['T27n1545_064:0330a23_15']	評曰。	評曰。	The judges say:
['T27n1545_064:0330a24_3']	彼不應作是說。	彼不應作是說。	They should not say this.
['T27n1545_064:0330a24_12']	彼命終心勢力劣故。	彼命終心勢力劣故。	Because the power of the mind of death is weak,
['T27n1545_064:0330a25_3']	先所斷結已得成就。	先所斷結已得成就。	the previously severed bonds are already accomplished.
['T27n1545_064:0330a25_12']	是故前說於理為善。	是故前說於理為善。	Therefore, the previous explanation is correct.
['T27n1545_064:0330a26_9']	問以世俗道離諸染時。	問以世俗道離諸染時。	Question: When one is free from defilements through the worldly path,
['T27n1545_064:0330a27_1']	無間解脫有幾行相。	無間解脫有幾行相。	how many aspects are there in the uninterrupted and liberation paths?
['T27n1545_064:0330a27_11']	答諸無間道有三行相。	答諸無間道有三行相。	Answer: The uninterrupted paths have three aspects:
['T27n1545_064:0330a27_16']	一麁行相。	一麁行相。	1. The aspect of coarseness,
['T27n1545_064:0330a28_1']	二苦行相。	二苦行相。	2. The aspect of suffering,
['T27n1545_064:0330a28_6']	三障行相。	三障行相。	3. The aspect of obstruction.
['T27n1545_064:0330a28_15']	諸解脫道有三行相。	諸解脫道有三行相。	The liberation paths have three aspects:
['T27n1545_064:0330a29_1']	一靜行相。	一靜行相。	1. The aspect of tranquility,
['T27n1545_064:0330a29_6']	二妙行相。	二妙行相。	Second, the aspect of wonderful practice.
['T27n1545_064:0330a29_11']	三離行相。	三離行相。	Third, the aspect of separation practice.
['T27n1545_064:0330b01_1']	問無間道中何行相後。	問無間道中何行相後。	Question: What aspect of practice is after the uninterrupted path?
['T27n1545_064:0330b01_10']	起解脫道何行相耶。	起解脫道何行相耶。	What aspect of practice does the liberation path arise from?
['T27n1545_064:0330b01_15', 'T27n1545_064:0330b01_19']	有作是說。🔽從麁行。	有作是說。 從麁行。	There is an explanation.🔽From the aspect of coarse practice,
['T27n1545_064:0330b02_5']	相無間道後。	相無間道後。	after the uninterrupted path,
['T27n1545_064:0330b02_14']	起靜行相為解脫道。	起靜行相為解脫道。	the aspect of tranquil practice arises as the liberation path.
['T27n1545_064:0330b03_5']	從苦行相無間道後。	從苦行相無間道後。	After the uninterrupted path of the aspect of suffering practice,
['T27n1545_064:0330b03_14']	起妙行相為解脫道。	起妙行相為解脫道。	the aspect of wonderful practice arises as the liberation path.
['T27n1545_064:0330b04_5']	從障行相無間道後。	從障行相無間道後。	After the uninterrupted path of the aspect of obstructed practice,
['T27n1545_064:0330b04_14']	起離行相為解脫道。	起離行相為解脫道。	the aspect of separation practice arises as the liberation path.
['T27n1545_064:0330b05_1']	有餘師說。	有餘師說。	Other masters say:
['T27n1545_064:0330b05_10']	從麁行相無間道後。	從麁行相無間道後。	After the uninterrupted path of the aspect of coarse practice,
['T27n1545_064:0330b06_1']	起妙行相為解脫道。	起妙行相為解脫道。	the aspect of wonderful practice arises as the liberation path.
['T27n1545_064:0330b06_10']	從苦行相無間道後。	從苦行相無間道後。	After the uninterrupted path of the aspect of suffering practice,
['T27n1545_064:0330b07_1']	起靜行相為解脫道。	起靜行相為解脫道。	the aspect of tranquil practice arises as the liberation path.
['T27n1545_064:0330b07_10']	從障行相無間道後。	從障行相無間道後。	After the uninterrupted path of the aspect of obstructed practice,
['T27n1545_064:0330b08_1']	起離行相為解脫道。	起離行相為解脫道。	the aspect of separation practice arises as the liberation path.
['T27n1545_064:0330b08_10']	麁妙苦靜障離對故。	麁妙苦靜障離對故。	Because coarse, wonderful, suffering, tranquil, obstructed, and separated are opposed.
['T27n1545_064:0330b08_13']	評曰。	評曰。	The judges say:
['T27n1545_064:0330b08_18']	此事不定。	此事不定。	This matter is not fixed.
['T27n1545_064:0330b09_7']	從麁行相無間道後。	從麁行相無間道後。	After the uninterrupted path of the aspect of coarse practice,
['T27n1545_064:0330b10_3']	容起靜等三種行相為解脫道。	容起靜等三種行相為解脫道。	It is possible that the three aspects of tranquility, etc., serve as the path of liberation.
['T27n1545_064:0330b10_11']	從苦行相無間道。	從苦行相無間道。	Immediately after the uninterrupted path of the aspect of suffering,
['T27n1545_064:0330b11_7']	後容起妙等三種行相為解脫道。	後容起妙等三種行相為解脫道。	it is possible that the three aspects of excellence, etc., serve as the path of liberation.
['T27n1545_064:0330b11_16']	從障行相無間道後。	從障行相無間道後。	Immediately after the uninterrupted path of the aspect of obstruction,
['T27n1545_064:0330b12_11']	容起離等三種行相為解脫道。	容起離等三種行相為解脫道。	it is possible that the three aspects of separation, etc., serve as the path of liberation.
['T27n1545_064:0330b13_11']	以此六種有漏行相隨離染者所樂起故。	以此六種有漏行相隨離染者所樂起故。	Because these six kinds of contaminated aspects arise according to the pleasure of one who is free from defilements.
['T27n1545_064:0330b15_1']	問以世俗道離諸染時無間解脫各緣何地。	問以世俗道離諸染時無間解脫各緣何地。	Question: When one is free from defilements through the worldly path, what levels do the uninterrupted and liberated paths each take as their objects?
['T27n1545_064:0330b15_7']	答離欲染時。	答離欲染時。	Answer: When one is free from the defilement of desire,
['T27n1545_064:0330b15_16']	九無間道唯緣欲界。	九無間道唯緣欲界。	the nine uninterrupted paths only take the desire realm as their objects.
['T27n1545_064:0330b16_6']	九解脫道緣初靜慮。	九解脫道緣初靜慮。	The nine liberated paths take the first concentration as their objects.
['T27n1545_064:0330b16_10']	問若爾。	問若爾。	Question: If that is so,
['T27n1545_064:0330b16_17']	善通根蘊所說。	善通根蘊所說。	it is well explained in the Aggregates of Abhidharma.
['T27n1545_064:0330b17_1']	如說。	如說。	As it is said:
['T27n1545_064:0330b17_9']	頗有思惟色界法。	頗有思惟色界法。	Is there a case where one contemplates dharmas of the form realm
['T27n1545_064:0330b17_17']	而能遍知欲界耶。	而能遍知欲界耶。	and can completely know the desire realm?
['T27n1545_064:0330b18_2']	答有。	答有。	Answer: There is.
['T27n1545_064:0330b18_9']	彼意說斷遍知。	彼意說斷遍知。	That means the intention to completely know the elimination.
['T27n1545_064:0330b19_3']	云何二道所緣行相而不雜亂。	云何二道所緣行相而不雜亂。	How is it that the objects and aspects of the two paths are not mixed up?
['T27n1545_064:0330b19_16']	若此二道所緣行相有雜亂者。	若此二道所緣行相有雜亂者。	If the objects and aspects of these two paths are mixed up,
['T27n1545_064:0330b20_11']	於離染事如何不為障礙留難。	於離染事如何不為障礙留難。	how can they not become obstacles and hindrances to the process of detachment?
['T27n1545_064:0330b21_8']	答如是二道所緣行相雖有雜亂。	答如是二道所緣行相雖有雜亂。	Answer: Although the objects and aspects of these two paths are mixed up,
['T27n1545_064:0330b22_4']	於離染事然不能為障礙留難。	於離染事然不能為障礙留難。	they are still unable to become obstacles and hindrances to the process of detachment.
['T27n1545_064:0330b22_9']	所以者何。	所以者何。	Why is this?
['T27n1545_064:0330b23_7']	彼於離染諸逕路中已善修習加行成故。	彼於離染諸逕路中已善修習加行成故。	Because they have already well cultivated and accomplished the practices in the various paths of detachment.
['T27n1545_064:0330b23_12', 'T27n1545_064:0330b24_9']	如見道中。🔽緣欲界忍智後緣有頂忍智現在前。	如見道中。 緣欲界忍智後緣有頂忍智現在前。	It is like in the path of seeing,🔽after the acceptance and knowledge regarding the desire realm, the acceptance and knowledge regarding the peak of existence appear.
['T27n1545_064:0330b25_7']	緣有頂忍智後緣欲界忍智現在前。	緣有頂忍智後緣欲界忍智現在前。	After the acceptance and knowledge regarding the peak of existence, the acceptance and knowledge regarding the desire realm appear.
['T27n1545_064:0330b25_16']	雖有所緣行相雜亂。	雖有所緣行相雜亂。	Although there is mixing up of objects and aspects,
['T27n1545_064:0330b26_3']	於現觀事。	於現觀事。	in the process of realization,
['T27n1545_064:0330b26_12']	然不能為障閡留難。	然不能為障閡留難。	they are still unable to become obstacles and hindrances.
['T27n1545_064:0330b26_17']	所以者何。	所以者何。	Why is this?
['T27n1545_064:0330b27_15']	彼於現觀諸逕路中已善修習加行成故。	彼於現觀諸逕路中已善修習加行成故。	Because they have already well cultivated and accomplished the practices in the various paths of realization.
['T27n1545_064:0330b28_2']	此亦如是。	此亦如是。	This is also like that.
['T27n1545_064:0330b28_7']	故無有失。	故無有失。	Therefore there is no error.
['T27n1545_064:0330b28_12']	有作是說。	有作是說。	There is another explanation:
['T27n1545_064:0330b29_11']	離欲染時九無間道八解脫道皆緣欲界。	離欲染時九無間道八解脫道皆緣欲界。	When one is free from the impurity of desire, the nine uninterrupted paths and eight liberation paths all have the desire realm as their object.
['T27n1545_064:0330c01_2']	最後解脫緣初靜慮。	最後解脫緣初靜慮。	The last liberation path has the first trance as its object.
['T27n1545_064:0330c01_17']	如以滅道智離非想非非想處染時。	如以滅道智離非想非非想處染時。	It is like when one is free from the impurity of the sphere of neither-perception-nor-non-perception using the cognition of cessation and the cognition of the path.
['T27n1545_064:0330c02_12']	九無間道八解脫道皆緣滅道。	九無間道八解脫道皆緣滅道。	The nine uninterrupted paths and eight liberation paths all have cessation and the path as their objects.
['T27n1545_064:0330c03_15']	最後解脫道緣非想非非想處有漏四蘊此亦如是。	最後解脫道緣非想非非想處有漏四蘊此亦如是。	The last liberation path has the impure four aggregates of the sphere of neither-perception-nor-non-perception as its object. This is also like that.
['T27n1545_064:0330c04_2']	有餘師說。	有餘師說。	Other masters say:
['T27n1545_064:0330c04_15']	離欲染時或無止息或有止息。	離欲染時或無止息或有止息。	When one is free from the impurity of desire, sometimes there is no cessation and sometimes there is cessation.
['T27n1545_064:0330c05_2']	無止息者。	無止息者。	Those without cessation
['T27n1545_064:0330c05_15']	九無間道八解脫道皆緣欲界。	九無間道八解脫道皆緣欲界。	have the desire realm as the object of the nine uninterrupted paths and eight liberation paths.
['T27n1545_064:0330c06_6']	最後解脫道緣初靜慮。	最後解脫道緣初靜慮。	The last liberation path has the first trance as its object.
['T27n1545_064:0330c06_11']	有止息者。	有止息者。	Those with cessation
['T27n1545_064:0330c07_2']	或離一品即便止息。	或離一品即便止息。	are free from one category and then there is cessation.
['T27n1545_064:0330c07_11']	或離二品而便止息。	或離二品而便止息。	Or they are free from two categories and then there is cessation.
['T27n1545_064:0330c08_6']	如是乃至或離八品方乃止息。	如是乃至或離八品方乃止息。	In this way, up to being free from eight categories and then there is cessation.
['T27n1545_064:0330c08_15']	若離一品即止息者。	若離一品即止息者。	If one ceases immediately upon being free from one category,
['T27n1545_064:0330c09_5']	彼無間道緣欲界。	彼無間道緣欲界。	the uninterrupted path has the desire realm as its object.
['T27n1545_064:0330c09_13']	解脫道緣初靜慮。	解脫道緣初靜慮。	The liberation path has the first trance as its object.
['T27n1545_064:0330c10_4']	若離二品便止息者。	若離二品便止息者。	If one abstains from the two categories, one will cease.
['T27n1545_064:0330c10_10']	彼二無間道。	彼二無間道。	The two uninterrupted paths
['T27n1545_064:0330c10_18']	一解脫道緣欲界。	一解脫道緣欲界。	One path of liberation takes the desire realm as its object.
['T27n1545_064:0330c11_8']	第二解脫道緣初靜慮。	第二解脫道緣初靜慮。	The second path of liberation takes the first dhyāna as its object.
['T27n1545_064:0330c12_4']	如是乃至若離八品方止息者。	如是乃至若離八品方止息者。	In this way, up to if one abstains from the eighth category, one will cease.
['T27n1545_064:0330c12_18']	彼八無間道七解脫道皆緣欲界。	彼八無間道七解脫道皆緣欲界。	The eight uninterrupted paths and seven paths of liberation all take the desire realm as their object.
['T27n1545_064:0330c13_9']	第八解脫道緣初靜慮。	第八解脫道緣初靜慮。	The eighth path of liberation takes the first dhyāna as its object.
['T27n1545_064:0330c13_14']	或有說者。	或有說者。	Some say
['T27n1545_064:0330c14_13']	離欲染時九無間道九解脫道皆緣欲界。	離欲染時九無間道九解脫道皆緣欲界。	When one is free from the defilements of the desire realm, the nine uninterrupted paths and nine paths of liberation all take the desire realm as their object.
['T27n1545_064:0330c15_5']	如以苦集智離欲染時。	如以苦集智離欲染時。	Just as when one is free from the defilements of the desire realm through the knowledge of suffering and the knowledge of the origin,
['T27n1545_064:0330c16_1']	九無間道九解脫道皆緣欲界。	九無間道九解脫道皆緣欲界。	The nine uninterrupted paths and nine paths of liberation all take the desire realm as their object.
['T27n1545_064:0330c16_6']	此亦如是。	此亦如是。	This is also like that.
['T27n1545_064:0330c16_10']	問若爾。	問若爾。	Question: If that is so,
['T27n1545_064:0330c17_6']	雖無無間解脫所緣行相雜亂過失。	雖無無間解脫所緣行相雜亂過失。	Although there is no fault of confusion between the objects and aspects of the uninterrupted and liberated paths,
['T27n1545_064:0330c17_15']	根蘊所說當云何通。	根蘊所說當云何通。	How can the explanation in the Root of the Aggregates be understood?
['T27n1545_064:0330c17_18']	如說。	如說。	As it is said:
['T27n1545_064:0330c18_14']	頗有思惟色界法而能遍知欲界耶。	頗有思惟色界法而能遍知欲界耶。	Is there a case where one can fully know the desire realm by contemplating the form realm?
['T27n1545_064:0330c18_17']	答有。	答有。	Answer: There is.
['T27n1545_064:0330c19_6']	彼意說斷遍知。	彼意說斷遍知。	That means the intention to eliminate and fully know.
['T27n1545_064:0330c19_16']	答根蘊依近加行而說。	答根蘊依近加行而說。	The aggregate of faculties is explained based on proximate application.
['T27n1545_064:0330c20_7']	謂修行者將離欲染。	謂修行者將離欲染。	That is to say, when a practitioner is about to detach from the desire realm,
['T27n1545_064:0330c20_16']	先起如是分別思惟。	先起如是分別思惟。	they first give rise to such conceptual thought and reflection.
['T27n1545_064:0330c21_10']	欲界苦麁障初靜慮靜妙離。	欲界苦麁障初靜慮靜妙離。	The desire realm is suffering, coarse, and obstructs the first meditative absorption, which is tranquil, wonderful, and free.
['T27n1545_064:0330c21_14']	問若爾。	問若爾。	Question: If that is so,
['T27n1545_064:0330c22_4']	根蘊後說復云何通。	根蘊後說復云何通。	how can the later explanation in the aggregate of faculties be reconciled?
['T27n1545_064:0330c23_5']	如說頗有思惟無色界法而能遍知欲界耶。	如說頗有思惟無色界法而能遍知欲界耶。	It is said, Is there a case where one can thoroughly know the desire realm by contemplating the formless realm?
['T27n1545_064:0330c23_8']	答無。	答無。	Answer: No.
['T27n1545_064:0330c23_15']	彼意說斷遍知。	彼意說斷遍知。	Their meaning is to speak of the thorough knowledge of elimination.
['T27n1545_064:0330c24_5']	豈修行者將離欲染。	豈修行者將離欲染。	How could it be that a practitioner, about to detach from the desire realm,
['T27n1545_064:0330c24_14']	不先起此分別思惟。	不先起此分別思惟。	would not first give rise to this conceptual thought and reflection:
['T27n1545_064:0330c25_9']	欲界苦麁障無色界靜妙離耶。	欲界苦麁障無色界靜妙離耶。	The desire realm is suffering, coarse, and obstructs the formless realm, which is tranquil, wonderful, and free?
['T27n1545_064:0330c26_2']	答雖起如是分別思惟。	答雖起如是分別思惟。	Answer: Although they give rise to such conceptual thought and reflection,
['T27n1545_064:0330c26_7']	而遠非近。	而遠非近。	it is distant, not proximate.
['T27n1545_064:0330c27_6']	非於思惟無色界後即能引生離欲染道。	非於思惟無色界後即能引生離欲染道。	It is not the case that immediately after contemplating the formless realm one can induce the path to detachment from the desire realm.
['T27n1545_064:0330c28_6']	思惟色界是近加行即能引生離欲染道。	思惟色界是近加行即能引生離欲染道。	Contemplating the form realm as the proximate application can induce the path to detachment from the desire realm.
['T27n1545_064:0330c28_15']	故彼二說非互相違。	故彼二說非互相違。	Therefore, the two explanations are not contradictory.
['T27n1545_064:0330c29_2']	復有說者。	復有說者。	There is another explanation.
['T27n1545_064:0331a01_2']	離欲染時九無間道九解脫道皆緣初靜慮。	離欲染時九無間道九解脫道皆緣初靜慮。	When one is free from the defilements of the desire realm, the nine uninterrupted paths and the nine liberated paths all take the first meditation as their object.
['T27n1545_064:0331a01_6']	問若爾。	問若爾。	Question: If that is so,
['T27n1545_064:0331a01_13']	善通根蘊所說。	善通根蘊所說。	it is well explained in the Aggregates of Abhidharma.
['T27n1545_064:0331a01_16']	如說。	如說。	As it is said:
['T27n1545_064:0331a02_11']	頗有思惟色界法而能遍知欲界耶。	頗有思惟色界法而能遍知欲界耶。	Is there a case where one contemplates the dharmas of the form realm and is able to completely know the desire realm?
['T27n1545_064:0331a02_14']	答有。	答有。	Answer: There is.
['T27n1545_064:0331a03_3']	彼意說斷遍知。	彼意說斷遍知。	That means the intention to eliminate and completely know.
['T27n1545_064:0331a03_16']	又無二道所緣行相雜亂過失。	又無二道所緣行相雜亂過失。	Moreover, there is no fault of the two paths mixing in terms of their objects and aspects.
['T27n1545_064:0331a04_8']	云何緣他地能離餘地染。	云何緣他地能離餘地染。	How is it that one can be free from the defilements of other stages by taking other stages as objects?
['T27n1545_064:0331a04_14']	答此亦無失。	答此亦無失。	Answer: This also has no fault.
['T27n1545_064:0331a05_5']	如滅道智離諸染時。	如滅道智離諸染時。	Just as when one is free from defilements by means of the knowledge of cessation and the knowledge of the path,
['T27n1545_064:0331a05_14']	雖緣滅道而斷苦集。	雖緣滅道而斷苦集。	even though one takes cessation and the path as objects, one eliminates suffering and its origin.
['T27n1545_064:0331a06_2']	此亦如是。	此亦如是。	This is also like that.
['T27n1545_064:0331a06_5']	評曰。	評曰。	The judges say:
['T27n1545_064:0331a06_18']	如是諸說雖各能生弟子覺慧。	如是諸說雖各能生弟子覺慧。	Although these various explanations are each able to give rise to the disciples' wisdom,
['T27n1545_064:0331a07_8']	而最初說於理為善。	而最初說於理為善。	the first explanation is good in principle.
['T27n1545_064:0331a08_1']	謂九無間道皆緣欲界。	謂九無間道皆緣欲界。	Namely, the nine uninterrupted paths all take the desire realm as their object.
['T27n1545_064:0331a08_11']	九解脫道皆緣初靜慮。	九解脫道皆緣初靜慮。	The nine liberated paths all take the first meditation as their object.
['T27n1545_064:0331a08_16']	所以者何。	所以者何。	Why is this so?
['T27n1545_064:0331a09_6']	以世俗道離欲染時。	以世俗道離欲染時。	When one is free from the defilements of the desire realm by means of the worldly path,
['T27n1545_064:0331a09_15']	厭下欣上方能離故。	厭下欣上方能離故。	one is able to be free from the lower by despising it and delighting in the higher.
['T27n1545_064:0331a10_7']	如離欲染離上七地染。	如離欲染離上七地染。	It is like the detachment from the defilements of desire and the detachment from the defilements of the upper seven stages.
['T27n1545_064:0331a10_12']	應知亦爾。	應知亦爾。	It should be understood that the same is true for the detachment from the seven higher stages.
['T27n1545_064:0331a11_17']	問世俗無間解脫道中一一能修幾種行相。	問世俗無間解脫道中一一能修幾種行相。	Question: In the mundane uninterrupted and liberated paths, how many kinds of aspects can one cultivate?
['T27n1545_064:0331a12_9']	答諸異生者離欲染時。	答諸異生者離欲染時。	Answer: When ordinary beings are detaching from the desire realm,
['T27n1545_064:0331a13_1']	九無間道中修三行相。	九無間道中修三行相。	in the nine uninterrupted paths, they cultivate three aspects,
['T27n1545_064:0331a13_15']	謂苦麁障八解脫道中修六行相。	謂苦麁障八解脫道中修六行相。	namely, suffering, coarseness, and obstruction. In the eight liberated paths, they cultivate six aspects,
['T27n1545_064:0331a14_5']	謂苦麁障及靜妙離。	謂苦麁障及靜妙離。	namely, suffering, coarseness, obstruction, tranquility, subtlety, and separation.
['T27n1545_064:0331a14_18']	最後解脫道中即修此六行相。	最後解脫道中即修此六行相。	In the final liberated path, they cultivate these six aspects,
['T27n1545_064:0331a15_12']	亦修未來初靜慮地無邊行相。	亦修未來初靜慮地無邊行相。	and also cultivate the boundless aspects of the first dhyāna stage in the future.
['T27n1545_064:0331a16_5']	如是乃至離無所有處染。	如是乃至離無所有處染。	In this way, up to detaching from the sphere of nothingness,
['T27n1545_064:0331a16_14']	隨其所應當知亦爾。	隨其所應當知亦爾。	it should be understood in the same way according to circumstances.
['T27n1545_064:0331a17_5']	若諸聖者離欲染時。	若諸聖者離欲染時。	If noble ones are detaching from the desire realm,
['T27n1545_064:0331a17_16']	九無間道中修十九行相。	九無間道中修十九行相。	in the nine uninterrupted paths, they cultivate nineteen aspects,
['T27n1545_064:0331a18_13']	謂麁等三及有漏無漏十六聖行相。	謂麁等三及有漏無漏十六聖行相。	namely, the three of coarseness, etc., and the sixteen noble aspects that are both contaminated and uncontaminated.
['T27n1545_064:0331a19_7']	八解脫道中修二十二行相。	八解脫道中修二十二行相。	In the eight liberated paths, they cultivate twenty-two aspects,
['T27n1545_064:0331a19_15']	謂麁等三靜等三。	謂麁等三靜等三。	namely, the three of coarseness, etc., and the three of tranquility, etc.
['T27n1545_064:0331a20_7']	及有漏無漏十六聖行相。	及有漏無漏十六聖行相。	and the sixteen aspects of the holy path that are both contaminated and uncontaminated.
['T27n1545_064:0331a21_4']	最後解脫道中即修此二十二行相。	最後解脫道中即修此二十二行相。	In the final path of liberation, one cultivates these twenty-two aspects.
['T27n1545_064:0331a21_17']	亦修未來初靜慮地無邊行相。	亦修未來初靜慮地無邊行相。	One also cultivates the boundless aspects of the first meditative absorption in the future.
['T27n1545_064:0331a22_9']	即諸聖者離初靜慮染時。	即諸聖者離初靜慮染時。	That is to say, when the noble ones are free from the defilements of the first meditative absorption,
['T27n1545_064:0331a23_2']	九無間道中修十九行相。	九無間道中修十九行相。	in the nine uninterrupted paths, one cultivates nineteen aspects,
['T27n1545_064:0331a23_16']	謂麁等三及唯無漏十六聖行相。	謂麁等三及唯無漏十六聖行相。	namely the three such as coarseness, and the sixteen holy aspects that are exclusively uncontaminated.
['T27n1545_064:0331a24_9']	八解脫道中修二十二行相。	八解脫道中修二十二行相。	In the eight paths of liberation, one cultivates twenty-two aspects,
['T27n1545_064:0331a24_17']	謂麁等三靜等三。	謂麁等三靜等三。	namely the three such as coarseness, the three such as calmness,
['T27n1545_064:0331a25_8']	及唯無漏十六聖行相。	及唯無漏十六聖行相。	and the sixteen holy aspects that are exclusively uncontaminated.
['T27n1545_064:0331a26_5']	最後解脫道中即修此二十二行相。	最後解脫道中即修此二十二行相。	In the final path of liberation, one cultivates these twenty-two aspects.
['T27n1545_064:0331a27_3']	亦修未來第二靜慮地無邊行相如是。	亦修未來第二靜慮地無邊行相如是。	One also cultivates the boundless aspects of the second meditative absorption in the future. In this way,
['T27n1545_064:0331a27_12']	乃至離無所有處染。	乃至離無所有處染。	up to being free from the defilements of the sphere of nothingness,
['T27n1545_064:0331a28_3']	隨其所應當知亦爾。	隨其所應當知亦爾。	one should understand it is the same accordingly.
['T27n1545_064:0331b01_2']	問何故初靜慮近分通修有漏無漏十六聖行相。	問何故初靜慮近分通修有漏無漏十六聖行相。	Why is it that in the preparatory stage of the first meditative absorption, one cultivates the sixteen holy aspects that are both contaminated and uncontaminated,
['T27n1545_064:0331b01_12']	上地近分唯修無漏耶。	上地近分唯修無漏耶。	but in the preparatory stages of the higher stages, one only cultivates the uncontaminated ones?
['T27n1545_064:0331b02_5']	答初靜慮近分有聖行相。	答初靜慮近分有聖行相。	The preliminary concentration of the first meditative absorption has the aspects of the noble path.
['T27n1545_064:0331b03_1']	故能通修有漏無漏十六聖行相。	故能通修有漏無漏十六聖行相。	Therefore, one is able to cultivate both contaminated and uncontaminated sixteen noble aspects.
['T27n1545_064:0331b03_10']	上地近分無聖行相。	上地近分無聖行相。	The preliminary concentrations of the upper stages do not have the aspects of the noble path.
['T27n1545_064:0331b04_1']	故唯能修無漏行相。	故唯能修無漏行相。	Therefore, one is only able to cultivate the uncontaminated aspects.
['T27n1545_064:0331b04_6']	有作是說。	有作是說。	There is an opinion that:
['T27n1545_064:0331b04_15']	諸異生者離欲染時。	諸異生者離欲染時。	When ordinary beings are free from the passion of desire,
['T27n1545_064:0331b05_6']	九無間道中修九行相。	九無間道中修九行相。	in the midst of the nine uninterrupted paths, they cultivate nine aspects,
['T27n1545_064:0331b05_16']	謂麁等三及慈悲喜捨。	謂麁等三及慈悲喜捨。	namely the three of coarseness, etc., and loving-kindness, compassion, joy, and equanimity.
['T27n1545_064:0331b06_4']	不淨觀持息念。	不淨觀持息念。	The contemplation of impurity and mindfulness of breathing.
['T27n1545_064:0331b06_15']	八解脫道中修十二行相。	八解脫道中修十二行相。	In the eight paths of liberation, they cultivate twelve aspects,
['T27n1545_064:0331b07_5']	謂即前九及靜等三。	謂即前九及靜等三。	namely the aforementioned nine, and the three of tranquility, etc.
['T27n1545_064:0331b08_1']	最後解脫道中即修此十二行相。	最後解脫道中即修此十二行相。	In the final path of liberation, they cultivate these twelve aspects,
['T27n1545_064:0331b08_14']	亦修未來初靜慮地無邊行相。	亦修未來初靜慮地無邊行相。	and also cultivate the boundless aspects of the first meditative absorption in the future.
['T27n1545_064:0331b09_4']	若諸聖者離欲染時。	若諸聖者離欲染時。	If the noble ones are free from the passion of desire,
['T27n1545_064:0331b09_16']	九無間道中修二十五行相。	九無間道中修二十五行相。	in the midst of the nine uninterrupted paths, they cultivate twenty-five aspects,
['T27n1545_064:0331b10_6']	謂麁等三慈悲喜捨。	謂麁等三慈悲喜捨。	namely the three of coarseness, etc., loving-kindness, compassion, joy, and equanimity,
['T27n1545_064:0331b10_13']	不淨觀持息念。	不淨觀持息念。	the contemplation of impurity, mindfulness of breathing,
['T27n1545_064:0331b11_5']	及有漏無漏十六聖行相。	及有漏無漏十六聖行相。	and the contaminated and uncontaminated sixteen noble aspects.
['T27n1545_064:0331b11_17']	八解脫道中修二十八行相。	八解脫道中修二十八行相。	In the eight paths of liberation, one cultivates twenty-eight aspects.
['T27n1545_064:0331b12_9']	謂即前二十五及靜等三。	謂即前二十五及靜等三。	Namely, the previous twenty-five, plus the three of quiescence, etc.
['T27n1545_064:0331b13_6']	最後解脫道中即修此二十八行相。	最後解脫道中即修此二十八行相。	In the final path of liberation, one cultivates these twenty-eight aspects.
['T27n1545_064:0331b14_1']	亦修未來初靜慮地無邊行相。	亦修未來初靜慮地無邊行相。	One also cultivates the boundless aspects of the first dhyāna ground in the future.
['T27n1545_064:0331b14_10']	上地近分修義如前。	上地近分修義如前。	The meaning of cultivation in the neighboring stages of the upper grounds is as before.
['T27n1545_064:0331b15_16']	問何故初靜慮近分能修如是種種行相。	問何故初靜慮近分能修如是種種行相。	Why can the neighboring stage of the first dhyāna cultivate such various aspects,
['T27n1545_064:0331b16_7']	上地近分不能修耶。	上地近分不能修耶。	but the neighboring stages of the upper grounds cannot cultivate them?
['T27n1545_064:0331b17_1']	答初靜慮近分有種種善根。	答初靜慮近分有種種善根。	The neighboring stage of the first dhyāna has various wholesome roots,
['T27n1545_064:0331b17_10']	故能修此種種行相。	故能修此種種行相。	therefore it can cultivate these various aspects.
['T27n1545_064:0331b17_19']	上地近分諸善根少。	上地近分諸善根少。	The wholesome roots of the neighboring stages of the upper grounds are few,
['T27n1545_064:0331b18_8']	故不能修種種行相。	故不能修種種行相。	therefore they cannot cultivate various aspects.
['T27n1545_064:0331b19_8']	復次欲界煩惱有種種相還修種種善根。	復次欲界煩惱有種種相還修種種善根。	Furthermore, the afflictions of the desire realm have various aspects and still cultivate various wholesome roots,
['T27n1545_064:0331b20_3']	對治上地煩惱無種種相故。	對治上地煩惱無種種相故。	the afflictions of the upper grounds have no various aspects, therefore
['T27n1545_064:0331b20_11']	彼不修種種對治。	彼不修種種對治。	they do not cultivate various antidotes.
['T27n1545_064:0331b21_9']	問現在俱行負重有用。	問現在俱行負重有用。	The present simultaneous bearing of a heavy burden is useful,
['T27n1545_064:0331b22_4']	世俗無間及解脫道行相所緣。	世俗無間及解脫道行相所緣。	The aspects and objects of the worldly uninterrupted and liberation paths.
['T27n1545_064:0331b22_9']	已如前說。	已如前說。	The aspects and objects of the uninterrupted and liberation paths of the conventional [cognition] have already been explained above.
['T27n1545_064:0331b22_18']	未來修者為何所緣。	未來修者為何所緣。	What are the objects of cultivation in the future?
['T27n1545_064:0331b23_5']	答離欲染時。	答離欲染時。	Answer: When one is free from the defilements of desire,
['T27n1545_064:0331b24_6']	九無間道中所修未來麁等三行相唯緣欲界。	九無間道中所修未來麁等三行相唯緣欲界。	among the nine uninterrupted paths, the future cultivation of the three aspects such as coarseness only takes the desire realm as its object.
['T27n1545_064:0331b24_12']	八解脫道中。	八解脫道中。	Among the eight liberation paths,
['T27n1545_064:0331b25_4']	所修未來麁等三行相。	所修未來麁等三行相。	the future cultivation of the three aspects such as coarseness
['T27n1545_064:0331b25_12']	緣欲界及初靜慮。	緣欲界及初靜慮。	takes the desire realm and the first meditation as its object.
['T27n1545_064:0331b25_18']	靜等三行相。	靜等三行相。	The three aspects such as tranquility
['T27n1545_064:0331b26_5']	唯緣初靜慮。	唯緣初靜慮。	only take the first meditation as their object.
['T27n1545_064:0331b26_12']	最後解脫道中。	最後解脫道中。	In the final liberation path,
['T27n1545_064:0331b27_8']	所修未來麁等三行相通緣三界。	所修未來麁等三行相通緣三界。	the future cultivation of the three aspects such as coarseness universally takes the three realms as its object.
['T27n1545_064:0331b27_18']	靜等三行相緣初靜慮。	靜等三行相緣初靜慮。	The three aspects such as tranquility take the first meditation as their object,
['T27n1545_064:0331b28_8']	乃至非想非非想處。	乃至非想非非想處。	up to the sphere of neither-perception-nor-non-perception.
['T27n1545_064:0331b28_15']	離初靜慮染時。	離初靜慮染時。	When one is free from the defilements of the first meditation,
['T27n1545_064:0331b29_2']	九無間道中。	九無間道中。	among the nine uninterrupted paths,
['T27n1545_064:0331b29_17']	所修未來麁等三行相唯緣初靜慮。	所修未來麁等三行相唯緣初靜慮。	the future cultivation of the three aspects such as coarseness only takes the first meditation as its object.
['T27n1545_064:0331c01_5']	八解脫道中。	八解脫道中。	Among the eight liberation paths,
['T27n1545_064:0331c02_2']	所修未來麁等三行相緣初二靜慮。	所修未來麁等三行相緣初二靜慮。	the future cultivation of the three aspects such as coarseness takes the first two meditations as its object.
['T27n1545_064:0331c02_14']	靜等三行相唯緣第二靜慮。	靜等三行相唯緣第二靜慮。	The three aspects of tranquility, etc., only take the second dhyāna as their object.
['T27n1545_064:0331c03_3']	最後解脫道中。	最後解脫道中。	In the final path of liberation,
['T27n1545_064:0331c03_17']	所修未來麁等三行相通緣三界。	所修未來麁等三行相通緣三界。	the three aspects of coarseness, etc., cultivated in the future universally take the three realms as their objects.
['T27n1545_064:0331c04_9']	靜等三行相緣第二靜慮。	靜等三行相緣第二靜慮。	The three aspects of tranquility, etc., take the second dhyāna as their object.
['T27n1545_064:0331c04_18']	乃至非想非非想處。	乃至非想非非想處。	Up to the sphere of neither-perception-nor-non-perception.
['T27n1545_064:0331c05_7']	離第二靜慮染時。	離第二靜慮染時。	When detaching from the second dhyāna,
['T27n1545_064:0331c05_13']	九無間道中。	九無間道中。	in the nine uninterrupted paths,
['T27n1545_064:0331c06_4']	所修未來麁等三行相。	所修未來麁等三行相。	the three aspects of coarseness, etc., cultivated in the future
['T27n1545_064:0331c06_11', 'T27n1545_064:0331c06_19']	唯緣第二靜慮。🔽八解脫道中所修。	唯緣第二靜慮。 八解脫道中所修。	only take the second dhyāna as their object.
['T27n1545_064:0331c07_14']	未來麁等三行相緣第二第三靜慮。	未來麁等三行相緣第二第三靜慮。	In the eight paths of liberation, the three aspects of coarseness, etc., cultivated in the future take the second and third dhyānas as their objects.
['T27n1545_064:0331c08_8']	靜等三行相唯緣第三靜慮。	靜等三行相唯緣第三靜慮。	The three aspects of tranquility, etc., only take the third dhyāna as their object.
['T27n1545_064:0331c08_15']	最後解脫道中。	最後解脫道中。	In the final path of liberation,
['T27n1545_064:0331c09_11']	所修未來麁等三行相通緣三界。	所修未來麁等三行相通緣三界。	the three aspects of coarseness, etc., cultivated in the future universally take the three realms as their objects.
['T27n1545_064:0331c10_12']	靜等三行相緣第三靜慮乃至非想非非想處。	靜等三行相緣第三靜慮乃至非想非非想處。	The three aspects of tranquility, etc., take the third dhyāna up to the sphere of neither-perception-nor-non-perception as their objects.
['T27n1545_064:0331c11_2']	離第三靜慮染時。	離第三靜慮染時。	When detaching from the third dhyāna,
['T27n1545_064:0331c11_8']	九無間道中。	九無間道中。	in the nine uninterrupted paths,
['T27n1545_064:0331c12_6']	所修未來麁等三行相唯緣第三靜慮。	所修未來麁等三行相唯緣第三靜慮。	The three aspects of practice cultivated in the future only take the third dhyana as their object.
['T27n1545_064:0331c12_12']	八解脫道中。	八解脫道中。	In the eight paths of liberation,
['T27n1545_064:0331c13_11', 'T27n1545_064:0331c13_18']	所修未來麁等三行相緣第三第四靜慮。🔽靜等三行相唯。	所修未來麁等三行相緣第三第四靜慮。 靜等三行相唯。	the three aspects of practice cultivated in the future, such as coarseness, take the third and fourth dhyanas as their objects.
['T27n1545_064:0331c14_5']	緣第四靜慮。	緣第四靜慮。	The three aspects of practice, such as tranquility, only take the fourth dhyana as their object.
['T27n1545_064:0331c14_12']	最後解脫道中。	最後解脫道中。	In the final path of liberation,
['T27n1545_064:0331c15_7']	所修未來麁等三行相通緣三界。	所修未來麁等三行相通緣三界。	the three aspects of practice cultivated in the future, such as coarseness, pervade the three realms.
['T27n1545_064:0331c16_8']	靜等三行相緣第四靜慮乃至非想非非想處。	靜等三行相緣第四靜慮乃至非想非非想處。	The three aspects of practice, such as tranquility, take the fourth dhyana up to the sphere of neither-perception-nor-non-perception as their object.
['T27n1545_064:0331c16_16']	離第四靜慮染時。	離第四靜慮染時。	When detaching from the fourth dhyana,
['T27n1545_064:0331c18_1']	九無間道中所修未來麁等三行相唯緣第四靜慮。	九無間道中所修未來麁等三行相唯緣第四靜慮。	in the nine uninterrupted paths, the three aspects of practice cultivated in the future only take the fourth dhyana as their object.
['T27n1545_064:0331c18_7']	八解脫道中。	八解脫道中。	In the eight paths of liberation,
['T27n1545_064:0331c19_8']	所修未來麁等三行相緣第四靜慮及空無邊處。	所修未來麁等三行相緣第四靜慮及空無邊處。	the three aspects of practice cultivated in the future, such as coarseness, take the fourth dhyana and the sphere of infinite space as their objects.
['T27n1545_064:0331c20_2']	靜等三行相唯緣空無邊處。	靜等三行相唯緣空無邊處。	The three aspects of practice, such as tranquility, only take the sphere of infinite space as their object.
['T27n1545_064:0331c20_9']	最後解脫道中。	最後解脫道中。	In the final path of liberation,
['T27n1545_064:0331c20_19']	所修未來麁等三行相。	所修未來麁等三行相。	the three aspects of practice cultivated in the future, such as coarseness,
['T27n1545_064:0331c21_6']	及靜等三行相。	及靜等三行相。	and the three aspects of practice, such as tranquility,
['T27n1545_064:0331c22_2']	緣空無邊處乃至非想非非想處。	緣空無邊處乃至非想非非想處。	Taking the sphere of infinite space up to the sphere of neither-perception-nor-non-perception as objects.
['T27n1545_064:0331c22_11']	問若離第四靜慮染。	問若離第四靜慮染。	Question: If one is free from the defilements of the fourth meditation,
['T27n1545_064:0331c23_7']	八解脫道中所修未來麁等三行相。	八解脫道中所修未來麁等三行相。	The three aspects of coarseness, etc., cultivated in the future in the eight paths of liberation,
['T27n1545_064:0331c24_2']	能緣第四靜慮及空無邊處者。	能緣第四靜慮及空無邊處者。	Can they take the fourth meditation and the sphere of infinite space as objects?
['T27n1545_064:0331c24_11']	識身論說當云何通。	識身論說當云何通。	How should the Vijñānakāya Śāstra be understood?
['T27n1545_064:0331c25_12']	如說頗有無色界善心能了別色無色界法耶。	如說頗有無色界善心能了別色無色界法耶。	As it says, Is there a wholesome mind of the formless realm that can cognize the form realm and formless realm dharmas?
['T27n1545_064:0331c25_15']	答無。	答無。	Answer: No.
['T27n1545_064:0331c26_6']	彼遮剎那不遮相續。	彼遮剎那不遮相續。	It prohibits [cognizing] in a single moment, but not in a continuum.
['T27n1545_064:0331c26_17']	謂一剎那頃無色界善心。	謂一剎那頃無色界善心。	That is to say, it is impossible for a wholesome mind of the formless realm in a single moment
['T27n1545_064:0331c27_11']	能了別色無色法者無有是處。	能了別色無色法者無有是處。	To cognize the form realm and formless realm dharmas.
['T27n1545_064:0331c28_13']	若離彼染八解脫道中所修未來麁等三行相。	若離彼染八解脫道中所修未來麁等三行相。	If the three aspects of coarseness, etc., cultivated in the future in the eight paths of liberation when free from those defilements,
['T27n1545_064:0331c29_4']	或緣色界第四靜慮。	或緣色界第四靜慮。	Either take the fourth meditation of the form realm as an object,
['T27n1545_064:0332a01_9']	或緣無色界空無邊處斯有是處故遮剎那不遮相續。	或緣無色界空無邊處斯有是處故遮剎那不遮相續。	Or take the sphere of infinite space of the formless realm as an object, this is possible. Therefore, it prohibits [cognizing] in a single moment, but not in a continuum.
['T27n1545_064:0332a02_2']	此與彼說俱為善通。	此與彼說俱為善通。	This and that explanation are both good explanations.
['T27n1545_064:0332a02_10']	離空無邊處染時。	離空無邊處染時。	When free from the defilements of the sphere of infinite space,
['T27n1545_064:0332a02_16']	九無間道中。	九無間道中。	In the nine uninterrupted paths,
['T27n1545_064:0332a03_7']	所修未來麁等三行相。	所修未來麁等三行相。	the future three aspects of coarseness, etc. that are cultivated,
['T27n1545_064:0332a03_14']	唯緣空無邊處。	唯緣空無邊處。	only take the sphere of infinite space as their object.
['T27n1545_064:0332a04_11']	八解脫道中所修未來麁等三行相。	八解脫道中所修未來麁等三行相。	In the eight paths of liberation, the future three aspects of coarseness, etc. that are cultivated,
['T27n1545_064:0332a05_4']	緣空無邊處及識無邊處。	緣空無邊處及識無邊處。	take the sphere of infinite space and the sphere of infinite consciousness as their objects.
['T27n1545_064:0332a05_16']	靜等三行相唯緣識無邊處。	靜等三行相唯緣識無邊處。	The three aspects of calmness, etc. only take the sphere of infinite consciousness as their object.
['T27n1545_064:0332a07_2']	最後解脫道中所修未來麁等三行相及靜等三行相。	最後解脫道中所修未來麁等三行相及靜等三行相。	In the final path of liberation, the future three aspects of coarseness, etc. and the three aspects of calmness, etc. that are cultivated,
['T27n1545_064:0332a07_16']	緣識無邊處乃至非想非非想處。	緣識無邊處乃至非想非非想處。	take the sphere of infinite consciousness up to the sphere of neither-perception-nor-non-perception as their objects.
['T27n1545_064:0332a08_6']	離識無邊處染時。	離識無邊處染時。	When detaching from the sphere of infinite consciousness,
['T27n1545_064:0332a09_9']	九無間道中所修未來麁等三行相唯緣識無邊處。	九無間道中所修未來麁等三行相唯緣識無邊處。	in the nine uninterrupted paths, the future three aspects of coarseness, etc. that are cultivated only take the sphere of infinite consciousness as their object.
['T27n1545_064:0332a10_6']	八解脫道中所修未來麁等三行相。	八解脫道中所修未來麁等三行相。	In the eight paths of liberation, the future three aspects of coarseness, etc. that are cultivated,
['T27n1545_064:0332a10_17']	緣識無邊處及無所有處。	緣識無邊處及無所有處。	take the sphere of infinite consciousness and the sphere of nothingness as their objects.
['T27n1545_064:0332a11_10']	靜等三行相唯緣無所有處。	靜等三行相唯緣無所有處。	The three aspects of calmness, etc. only take the sphere of nothingness as their object.
['T27n1545_064:0332a11_17']	最後解脫道中。	最後解脫道中。	In the final path of liberation,
['T27n1545_064:0332a12_15']	所修未來麁等三行相及靜等三行相。	所修未來麁等三行相及靜等三行相。	The three aspects of coarseness, etc., and the three aspects of calmness, etc., cultivated in the future,
['T27n1545_064:0332a13_10']	緣無所有處及非想非非想處。	緣無所有處及非想非非想處。	take the sphere of nothingness and the sphere of neither-perception-nor-non-perception as objects.
['T27n1545_064:0332a13_18']	離無所有處染時。	離無所有處染時。	When one is free from the defilements of the sphere of nothingness,
['T27n1545_064:0332a15_3']	九無間道中所修未來麁等三行相唯緣無所有處。	九無間道中所修未來麁等三行相唯緣無所有處。	the three aspects of coarseness, etc., cultivated in the future in the nine uninterrupted paths, only take the sphere of nothingness as their object.
['T27n1545_064:0332a15_18']	八解脫道中所修未來麁等三行相。	八解脫道中所修未來麁等三行相。	The three aspects of coarseness, etc., cultivated in the future in the eight paths of liberation,
['T27n1545_064:0332a16_12']	緣無所有處及非想非非想處。	緣無所有處及非想非非想處。	take the sphere of nothingness and the sphere of neither-perception-nor-non-perception as objects.
['T27n1545_064:0332a17_8']	靜等三行相唯緣非想非非想處。	靜等三行相唯緣非想非非想處。	The three aspects of calmness, etc., only take the sphere of neither-perception-nor-non-perception as their object.
['T27n1545_064:0332a18_6']	最後解脫道中所修未來麁等三行相。	最後解脫道中所修未來麁等三行相。	The three aspects of coarseness, etc., cultivated in the future in the final path of liberation,
['T27n1545_064:0332a18_13']	及靜等三行相。	及靜等三行相。	and the three aspects of calmness, etc.,
['T27n1545_064:0332a19_4']	唯緣非想非非想處。	唯緣非想非非想處。	only take the sphere of neither-perception-nor-non-perception as their object.
['T27n1545_064:0332a20_12']	問何故最後解脫道中所修未來靜慮所攝麁等行相通緣三界。	問何故最後解脫道中所修未來靜慮所攝麁等行相通緣三界。	Why is it that the three aspects of coarseness, etc., included in the meditative absorptions, cultivated in the future in the final path of liberation, take the three realms as their objects in common,
['T27n1545_064:0332a21_9']	無色所攝麁等行相唯緣無色界耶。	無色所攝麁等行相唯緣無色界耶。	while the three aspects of coarseness, etc., included in the formless realm, only take the formless realm as their object?
['T27n1545_064:0332a22_2']	答靜慮地中有遍緣智。	答靜慮地中有遍緣智。	The answer is: In the stage of the meditative absorptions, there is a cognition that takes everything as its object.
['T27n1545_064:0332a22_11']	能緣自地下地上地。	能緣自地下地上地。	It can take as its object the lower, upper, and same stages.
['T27n1545_064:0332a23_2']	無色地中無遍緣智。	無色地中無遍緣智。	In the formless realm, there is no all-encompassing cognition.
['T27n1545_064:0332a23_11', 'T27n1545_064:0332a24_6']	唯緣自上不緣下地。🔽復次靜慮地中功德麁顯易。	唯緣自上不緣下地。 復次靜慮地中功德麁顯易。	It only takes as its object the same and upper stages, not the lower stages.
['T27n1545_064:0332a24_10']	知易了。	知易了。	Furthermore, the merits and virtues in the dhyāna stages are coarse and obvious, easy to know and understand.
['T27n1545_064:0332a24_15']	非無色地。	非無色地。	They are not like those in the formless realm.
['T27n1545_064:0332a25_11']	復次靜慮地中多諸功德多諸勝利。	復次靜慮地中多諸功德多諸勝利。	Furthermore, there are many merits and benefits in the dhyāna stages.
['T27n1545_064:0332a25_16']	無色不爾。	無色不爾。	The formless realm is not like this.
['T27n1545_064:0332a26_13']	復次靜慮地中善有種種異相異性。	復次靜慮地中善有種種異相異性。	Furthermore, in the dhyāna stages, there are various different characteristics and natures of good dharmas.
['T27n1545_064:0332a26_18']	無色不爾。	無色不爾。	The formless realm is not like this.
['T27n1545_064:0332a28_2']	復次靜慮地中有異相根異相受異相心心所法。	復次靜慮地中有異相根異相受異相心心所法。	Furthermore, in the dhyāna stages, there are different characteristics of faculties, different characteristics of feelings, and different characteristics of mind and mental factors.
['T27n1545_064:0332a28_7']	無色不爾。	無色不爾。	The formless realm is not like this.
['T27n1545_064:0332a29_6']	是故爾時所修未來靜慮所攝麁等行相通。	是故爾時所修未來靜慮所攝麁等行相通。	Therefore, at that time, the coarse and other aspects cultivated in the future, which are included in the dhyāna, are common.
['T27n1545_064:0332a29_10']	緣三界。	緣三界。	They take the three realms as objects.
['T27n1545_064:0332b01_5']	無色所攝麁等行相唯緣無色界。	無色所攝麁等行相唯緣無色界。	The coarse and other aspects included in the formless realm only take the formless realm as objects.
['T27n1545_064:0332b02_10']	欲界見所斷結盡何果攝。	欲界見所斷結盡何果攝。	Under what fruit is the elimination of the bonds to be eliminated by seeing in the desire realm included?
['T27n1545_064:0332b02_15']	乃至廣說。	乃至廣說。	And so on, it is explained in detail.
['T27n1545_064:0332b03_3']	問何故作此論。	問何故作此論。	Question: Why is this treatise composed?
['T27n1545_064:0332b03_17']	答先說三界二部諸結頓漸得捨。	答先說三界二部諸結頓漸得捨。	Answer: First, it was explained that the various bonds of the three realms are abandoned suddenly or gradually.
['T27n1545_064:0332b04_8']	未說彼斷是何果攝。	未說彼斷是何果攝。	It has not yet been explained to which fruit their abandonment belongs.
['T27n1545_064:0332b04_17']	今欲說之故作斯論。	今欲說之故作斯論。	Now, wanting to explain this, this treatise is composed.
['T27n1545_064:0332b05_10']	欲界見所斷結盡何果攝。	欲界見所斷結盡何果攝。	To which fruit does the abandonment of the bonds to be eliminated by seeing in the desire realm belong?
['T27n1545_064:0332b06_1']	答四沙門果或無處。	答四沙門果或無處。	Answer: It belongs to the four fruits of the religious life or to no fruit.
['T27n1545_064:0332b06_8']	四沙門果攝者。	四沙門果攝者。	As for belonging to the four fruits of the religious life,
['T27n1545_064:0332b07_4']	謂彼結盡證預流果時即預流果攝。	謂彼結盡證預流果時即預流果攝。	when the abandonment of those bonds is realized as the fruit of stream-entry, it belongs to the fruit of stream-entry.
['T27n1545_064:0332b07_15']	證一來果時即一來果攝。	證一來果時即一來果攝。	When it is realized as the fruit of once-returning, it belongs to the fruit of once-returning.
['T27n1545_064:0332b08_8']	證不還果時即不還果攝。	證不還果時即不還果攝。	When it is realized as the fruit of non-returning, it belongs to the fruit of non-returning.
['T27n1545_064:0332b09_3']	證阿羅漢果時即阿羅漢果攝。	證阿羅漢果時即阿羅漢果攝。	When it is realized as the fruit of arhatship, it belongs to the fruit of arhatship.
['T27n1545_064:0332b10_4']	或無處者謂諸異生已離欲染彼結盡非果攝。	或無處者謂諸異生已離欲染彼結盡非果攝。	As for belonging to no fruit, it refers to the case where worldlings have already abandoned the passion of the desire realm, and the abandonment of those bonds does not belong to any fruit.
['T27n1545_064:0332b10_15']	已離欲染入正性離生者。	已離欲染入正性離生者。	Those who have already abandoned the passion of the desire realm and entered the certainty of perfection,
['T27n1545_064:0332b11_10']	見道十五心頃彼結盡非果攝。	見道十五心頃彼結盡非果攝。	at the time of the fifteen moments of the path of seeing, the abandonment of those bonds does not belong to any fruit.
['T27n1545_064:0332b12_8']	次第者道現觀二心頃彼結盡非果攝。	次第者道現觀二心頃彼結盡非果攝。	For those who progress in sequence, at the time of the two moments of the realization of the path, the abandonment of those bonds does not belong to any fruit.
['T27n1545_064:0332b13_1']	欲界修所斷結盡何果攝。	欲界修所斷結盡何果攝。	To which fruit does the abandonment of the bonds to be eliminated by cultivation in the desire realm belong?
['T27n1545_064:0332b13_9']	答不還阿羅漢果。	答不還阿羅漢果。	Answer: the non-returner and arhat fruits.
['T27n1545_064:0332b13_18']	或無處不還果攝者。	或無處不還果攝者。	Or there is no place where the non-returner fruit is included.
['T27n1545_064:0332b14_13']	謂彼結盡證不還果時即不還果攝。	謂彼結盡證不還果時即不還果攝。	This means that when one realizes the non-returner fruit by severing those bonds, it is included in the non-returner fruit.
['T27n1545_064:0332b15_2']	阿羅漢果攝者。	阿羅漢果攝者。	The arhat fruit is included.
['T27n1545_064:0332b16_1']	謂彼結盡證阿羅漢果時即阿羅漢果攝。	謂彼結盡證阿羅漢果時即阿羅漢果攝。	This means that when one realizes the arhat fruit by severing those bonds, it is included in the arhat fruit.
['T27n1545_064:0332b17_2']	或無處者謂諸異生已離欲染彼結盡非果攝。	或無處者謂諸異生已離欲染彼結盡非果攝。	Or there is no place, which means that when ordinary beings have already severed attachment to the desire realm, those bonds are severed but not included in the fruits.
['T27n1545_064:0332b17_13']	已離欲染入正性離生者。	已離欲染入正性離生者。	Those who have already severed attachment to the desire realm and entered the correct state of detachment from birth.
['T27n1545_064:0332b18_8']	見道十五心頃彼結盡非果攝。	見道十五心頃彼結盡非果攝。	At the time of the fifteen moments of the path of seeing, those bonds are severed but not included in the fruits.
['T27n1545_064:0332b18_17']	無次第者非果攝義。	無次第者非果攝義。	The meaning of no sequence is not included in the fruits.
['T27n1545_064:0332b19_3']	所以者何。	所以者何。	Why is this?
['T27n1545_064:0332b19_18']	離欲染第九無間道滅時方斷彼盡。	離欲染第九無間道滅時方斷彼盡。	When the ninth uninterrupted path of severing attachment to the desire realm is about to end, it severs those bonds.
['T27n1545_064:0332b20_11']	第九解脫道生時證不還果。	第九解脫道生時證不還果。	When the ninth path of liberation arises, one realizes the non-returner fruit.
['T27n1545_064:0332b21_3']	彼結盡即不還果攝故。	彼結盡即不還果攝故。	Because those bonds are severed and included in the non-returner fruit.
['T27n1545_064:0332b21_11']	色界見所斷結盡。	色界見所斷結盡。	The severing of bonds to be eliminated by seeing in the form realm.
['T27n1545_064:0332b21_15']	何果攝。	何果攝。	In which fruit are they included?
['T27n1545_064:0332b22_4']	答四沙門果或無處。	答四沙門果或無處。	Answer: the four fruits of the śramaṇa or there is no place.
['T27n1545_064:0332b22_11']	四沙門果攝者。	四沙門果攝者。	The four fruits of the śramaṇa are included.
['T27n1545_064:0332b23_7']	謂彼結盡證預流果時即預流果攝。	謂彼結盡證預流果時即預流果攝。	That is, when one who has exhausted those bonds realizes the fruit of stream-entry, it is included in the fruit of stream-entry.
['T27n1545_064:0332b24_4']	乃至證阿羅漢果時即阿羅漢果攝。	乃至證阿羅漢果時即阿羅漢果攝。	Up to when one realizes the fruit of arhatship, it is included in the fruit of arhatship.
['T27n1545_064:0332b25_5']	或無處者謂諸異生已離色染彼結盡非果攝。	或無處者謂諸異生已離色染彼結盡非果攝。	Or, where there is no [fruit] means that for ordinary beings who have already abandoned attachment to the form realm, the exhaustion of those bonds is not included in the fruits.
['T27n1545_064:0332b25_16']	已離色染入正性離生者。	已離色染入正性離生者。	Those who have already abandoned attachment to the form realm and entered the certainty of perfection,
['T27n1545_064:0332b26_11']	見道十五心頃彼結盡非果攝。	見道十五心頃彼結盡非果攝。	at the time of the fifteen moments of the path of seeing, the exhaustion of those bonds is not included in the fruits.
['T27n1545_064:0332b27_2']	無次第者非果攝義。	無次第者非果攝義。	The meaning of where there is no sequence is that it is not included in the fruits.
['T27n1545_064:0332b28_12']	所以者何道類智忍滅時方斷彼盡道類智生時隨其所應證前三果。	所以者何道類智忍滅時方斷彼盡道類智生時隨其所應證前三果。	Why is this? When the perseverance for the knowledge of the classes of the path is extinguished, it is precisely at that time that one abandons those [bonds]. When the knowledge of the classes of the path arises, one realizes the previous three fruits according to their respective [stages].
['T27n1545_064:0332b29_4']	彼結盡即前三果攝故。	彼結盡即前三果攝故。	Because the exhaustion of those bonds is included in the previous three fruits.
['T27n1545_064:0332b29_15']	色界修所斷結盡何果攝。	色界修所斷結盡何果攝。	In which fruit is the exhaustion of the bonds to be abandoned by cultivation in the form realm included?
['T27n1545_064:0332c01_2']	答阿羅漢果。	答阿羅漢果。	The answer is: It is included in the fruit of arhatship.
['T27n1545_064:0332c01_6']	或無處。	或無處。	Or, where there is no [fruit].
['T27n1545_064:0332c02_10']	阿羅漢果攝者謂彼結盡證阿羅漢果時即阿羅漢果攝。	阿羅漢果攝者謂彼結盡證阿羅漢果時即阿羅漢果攝。	That which is included in the fruit of arhatship means that when one who has exhausted those bonds realizes the fruit of arhatship, it is included in the fruit of arhatship.
['T27n1545_064:0332c03_11']	或無處者謂諸異生已離色染彼結盡非果攝。	或無處者謂諸異生已離色染彼結盡非果攝。	Or, where there is no [fruit] means that for ordinary beings who have already abandoned attachment to the form realm, the exhaustion of those bonds is not included in the fruits.
['T27n1545_064:0332c04_5']	已離色染入正性離生者。	已離色染入正性離生者。	Those who have already separated from attachment to form and entered the correct state of separation from birth,
['T27n1545_064:0332c04_17']	見道十五心頃及道類智等。	見道十五心頃及道類智等。	at the time of the fifteen minds of the path of seeing, and at the time of the knowledge of the class of the path, etc.,
['T27n1545_064:0332c05_9']	諸有學位彼結盡非果攝。	諸有學位彼結盡非果攝。	in the state of learning, the abandonment of those bonds is not included in the fruits.
['T27n1545_064:0332c06_7']	次第者從離第四靜慮染第九解脫道。	次第者從離第四靜慮染第九解脫道。	As for the sequential, from the ninth path of liberation that separates from attachment to the fourth meditation,
['T27n1545_064:0332c07_6']	乃至金剛喻定現在前時彼結盡非果攝。	乃至金剛喻定現在前時彼結盡非果攝。	up to the present manifestation of the diamond-like concentration, the abandonment of those bonds is not included in the fruits.
['T27n1545_064:0332c07_18']	無色界見所斷結盡何果攝。	無色界見所斷結盡何果攝。	In which fruit is the abandonment of the bonds to be abandoned by seeing in the formless realm included?
['T27n1545_064:0332c08_5']	答四沙門果。	答四沙門果。	The answer is: The four fruits of the śramaṇa.
['T27n1545_064:0332c09_2']	謂彼結盡證預流果時即預流果攝。	謂彼結盡證預流果時即預流果攝。	That is to say, when the abandonment of those bonds realizes the fruit of the stream-enterer, it is included in the fruit of the stream-enterer.
['T27n1545_064:0332c09_17']	乃至證阿羅漢果時即阿羅漢果攝。	乃至證阿羅漢果時即阿羅漢果攝。	Up to when it realizes the fruit of arhatship, it is included in the fruit of arhatship.
['T27n1545_064:0332c10_8']	無異生者非果攝義。	無異生者非果攝義。	There is no meaning of the abandonment of bonds of ordinary beings not being included in the fruits.
['T27n1545_064:0332c10_13']	所以者何。	所以者何。	Why is this?
['T27n1545_064:0332c11_13']	無有異生能離非想非非想處見所斷結故。	無有異生能離非想非非想處見所斷結故。	Because there are no ordinary beings who can separate from the bonds to be abandoned by seeing in the sphere of neither-perception-nor-non-perception.
['T27n1545_064:0332c12_5']	亦無次第者非果攝義。	亦無次第者非果攝義。	There is also no meaning of the abandonment of bonds of the sequential not being included in the fruits.
['T27n1545_064:0332c12_10']	所以者何。	所以者何。	Why is this?
['T27n1545_064:0332c13_2']	道類智忍滅時方斷彼盡。	道類智忍滅時方斷彼盡。	At the time of the cessation of the receptivity to the knowledge of the class of the path, it is precisely the abandonment of those bonds.
['T27n1545_064:0332c13_16']	道類智生時隨其所應證前三果。	道類智生時隨其所應證前三果。	When the path knowledge of the class of the path arises, one attains the first three fruits as appropriate.
['T27n1545_064:0332c14_8']	彼結盡即前三果攝故。	彼結盡即前三果攝故。	The exhaustion of those bonds is included in the first three fruits.
['T27n1545_064:0332c15_2']	無色界修所斷結盡何果攝。	無色界修所斷結盡何果攝。	To which fruit is the exhaustion of bonds to be eliminated by cultivation in the formless realm included?
['T27n1545_064:0332c15_8']	答阿羅漢果。	答阿羅漢果。	The answer is: the fruit of arhatship.
['T27n1545_064:0332c16_6']	謂彼結盡證阿羅漢果時即阿羅漢果攝。	謂彼結盡證阿羅漢果時即阿羅漢果攝。	When the exhaustion of those bonds is attained at the time of realizing the fruit of arhatship, it is included in the fruit of arhatship.
['T27n1545_064:0332c16_15']	無異生者非果攝義。	無異生者非果攝義。	There is no meaning of being included in a fruit for ordinary beings.
['T27n1545_064:0332c17_2']	所以者何。	所以者何。	Why is this?
['T27n1545_064:0332c18_2']	無有異生能離非想非非想處修所斷結故。	無有異生能離非想非非想處修所斷結故。	Because no ordinary being can eliminate the bonds to be eliminated by cultivation in the sphere of neither-perception-nor-non-perception.
['T27n1545_064:0332c18_12']	亦無次第者非果攝義。	亦無次第者非果攝義。	There is also no meaning of being included in a fruit for those in the sequence.
['T27n1545_064:0332c18_17']	所以者何。	所以者何。	Why is this?
['T27n1545_064:0332c19_12']	金剛喻定現在前時方斷彼盡。	金剛喻定現在前時方斷彼盡。	When the diamond-like concentration is present, it eliminates them completely.
['T27n1545_064:0332c20_6']	初盡智生時證阿羅漢果。	初盡智生時證阿羅漢果。	When the first knowledge of exhaustion arises, one realizes the fruit of arhatship.
['T27n1545_064:0332c20_17']	彼結盡即阿羅漢果攝故。	彼結盡即阿羅漢果攝故。	The exhaustion of those bonds is included in the fruit of arhatship.
['T27n1545_064:0332c21_3']	有五部結。	有五部結。	There are five types of bonds.
['T27n1545_064:0332c21_10']	謂見苦所斷結。	謂見苦所斷結。	The bonds to be eliminated by seeing suffering,
['T27n1545_064:0332c21_17', 'T27n1545_064:0332c22_5', 'T27n1545_064:0332c23_2']	乃至修所斷結。🔽問何故作此論。🔽答先雖說三界二部結盡諸果所攝。	乃至修所斷結。🔽問何故作此論。🔽答先雖說三界二部結盡諸果所攝。	up to the bonds to be eliminated by cultivation.
['T27n1545_064:0332c23_14']	而未說五部結盡諸果所攝。	而未說五部結盡諸果所攝。	But it has not yet been explained which fruits include the abandonment of the five categories of fetters.
['T27n1545_064:0332c24_5']	今欲說之故作斯論。	今欲說之故作斯論。	Now, wishing to explain this, this treatise is composed.
['T27n1545_064:0332c24_15']	見苦所斷結盡何果攝。	見苦所斷結盡何果攝。	To what fruit does the abandonment of the fetters to be eliminated by seeing suffering belong?
['T27n1545_064:0332c25_5']	答四沙門果或無處。	答四沙門果或無處。	The answer is: to the four fruits of the religious life or to no fruit.
['T27n1545_064:0332c25_12', 'T27n1545_064:0332c26_8']	四沙門果攝者。🔽謂彼結盡證預流果時即預流果攝。	四沙門果攝者。 謂彼結盡證預流果時即預流果攝。	As for being included in the four fruits of the religious life,🔽when one realizes the fruit of stream-entry through the abandonment of those fetters, it is included in the fruit of stream-entry.
['T27n1545_064:0332c27_5']	乃至證阿羅漢果時即阿羅漢果攝。	乃至證阿羅漢果時即阿羅漢果攝。	Up to when one realizes the fruit of arhatship, it is included in the fruit of arhatship.
['T27n1545_064:0332c27_14']	或無處者無有異生。	或無處者無有異生。	As for being included in no fruit, there are no ordinary beings.
['T27n1545_064:0332c28_1']	非果攝義。	非果攝義。	The meaning of not being included in any fruit.
['T27n1545_064:0332c28_6']	所以者何。	所以者何。	Why is this?
['T27n1545_064:0332c29_6']	無異生者能離非想非非想處見苦所斷結故。	無異生者能離非想非非想處見苦所斷結故。	Because there are no ordinary beings who can abandon the fetters to be eliminated by seeing suffering in the sphere of neither-perception-nor-non-perception.
['T27n1545_064:0332c29_16']	次第者苦現觀一心頃。	次第者苦現觀一心頃。	As for the sequence, at the moment of one thought during the insight into suffering,
['T27n1545_064:0333a01_6']	集滅現觀各四心頃。	集滅現觀各四心頃。	at the moment of four thoughts each during the insight into the origin and cessation,
['T27n1545_064:0333a01_13']	道現觀三心頃。	道現觀三心頃。	and at the moment of three thoughts during the insight into the path,
['T27n1545_064:0333a02_1']	彼結盡非果攝。	彼結盡非果攝。	the abandonment of those fetters is not included in any fruit.
['T27n1545_064:0333a02_11']	見集所斷結盡何果攝。	見集所斷結盡何果攝。	To what fruit does the abandonment of the fetters to be eliminated by seeing the origin belong?
['T27n1545_064:0333a03_7']	答四沙門果或無處四沙門果攝者。	答四沙門果或無處四沙門果攝者。	The answer is: to the four fruits of the religious life or to no fruit. As for being included in the four fruits of the religious life,
['T27n1545_064:0333a03_11']	如前說。	如前說。	it is as explained above.
['T27n1545_064:0333a04_6']	或無處者無有異生非果攝義。	或無處者無有異生非果攝義。	Or, there is no case where it is not included in the fruits.
['T27n1545_064:0333a04_11']	所以者何。	所以者何。	Why is this?
['T27n1545_064:0333a05_12']	無異生者能離非想非非想處見集所斷結故。	無異生者能離非想非非想處見集所斷結故。	Because there are no ordinary beings who can abandon the bonds to be eliminated by seeing the truth of origination in the base of neither-perception-nor-non-perception.
['T27n1545_064:0333a06_10']	次第者集現觀一心頃滅現觀四心頃。	次第者集現觀一心頃滅現觀四心頃。	The sequence is: in the moment of the direct realization of the truth of origination, in the four moments of the direct realization of the truth of cessation,
['T27n1545_064:0333a06_17']	道現觀三心頃。	道現觀三心頃。	and in the three moments of the direct realization of the truth of the path.
['T27n1545_064:0333a07_5']	彼結盡非果攝。	彼結盡非果攝。	The abandonment of those bonds is not included in the fruits.
['T27n1545_064:0333a07_15']	見滅所斷結盡何果攝。	見滅所斷結盡何果攝。	In which fruit is the abandonment of the bonds to be eliminated by seeing the truth of cessation included?
['T27n1545_064:0333a08_5']	答四沙門果或無處。	答四沙門果或無處。	The answer is: in the four fruits of the religious life, or there is no case [where it is not included].
['T27n1545_064:0333a08_12']	四沙門果攝者。	四沙門果攝者。	As for being included in the four fruits of the religious life,
['T27n1545_064:0333a08_16']	如前說。	如前說。	it is as explained above.
['T27n1545_064:0333a09_10']	或無處者無有異生非果攝義。	或無處者無有異生非果攝義。	Or, there is no case where it is not included in the fruits.
['T27n1545_064:0333a09_15']	所以者何。	所以者何。	Why is this?
['T27n1545_064:0333a10_16']	無異生者能離非想非非想處見滅所斷結故。	無異生者能離非想非非想處見滅所斷結故。	Because there are no ordinary beings who can abandon the bonds to be eliminated by seeing the truth of cessation in the base of neither-perception-nor-non-perception.
['T27n1545_064:0333a11_8']	次第者滅現觀一心頃。	次第者滅現觀一心頃。	The sequence is: in the moment of the direct realization of the truth of cessation,
['T27n1545_064:0333a11_15']	道現觀三心頃。	道現觀三心頃。	and in the three moments of the direct realization of the truth of the path.
['T27n1545_064:0333a12_3']	彼結盡非果攝。	彼結盡非果攝。	The abandonment of those bonds is not included in the fruits.
['T27n1545_064:0333a12_13']	見道所斷結盡何果攝。	見道所斷結盡何果攝。	In which fruit is the abandonment of the bonds to be eliminated by seeing the truth of the path included?
['T27n1545_064:0333a12_19']	答四沙門果。	答四沙門果。	The answer is: in the four fruits of the religious life.
['T27n1545_064:0333a13_14']	謂彼結盡證預流果時即預流果攝。	謂彼結盡證預流果時即預流果攝。	That is, when one realizes the fruit of stream-entry and severs those bonds, it is included in the fruit of stream-entry.
['T27n1545_064:0333a14_11']	乃至證阿羅漢果時即阿羅漢果攝。	乃至證阿羅漢果時即阿羅漢果攝。	Up to when one realizes the fruit of arhatship and severs those bonds, it is included in the fruit of arhatship.
['T27n1545_064:0333a15_3']	無有異生非果攝義。	無有異生非果攝義。	There is no meaning of ordinary beings not being included in the fruits.
['T27n1545_064:0333a15_8']	所以者何。	所以者何。	Why is this?
['T27n1545_064:0333a16_9']	無異生者能離非想非非想處見道所斷結故。	無異生者能離非想非非想處見道所斷結故。	Because there are no ordinary beings who can sever the bonds to be severed by the path of seeing in the sphere of neither-perception-nor-non-perception.
['T27n1545_064:0333a17_2']	亦無次第者非果攝義。	亦無次第者非果攝義。	There is also no meaning of those not being included in the fruits in sequence.
['T27n1545_064:0333a17_7']	所以者何。	所以者何。	Why is this?
['T27n1545_064:0333a17_18']	道類智忍滅時方斷彼盡。	道類智忍滅時方斷彼盡。	Because when the receptivity to the knowledge of the principles of the path ceases, one severs those bonds.
['T27n1545_064:0333a18_13']	道類智生時隨其所應證前三果。	道類智生時隨其所應證前三果。	When the knowledge of the principles of the path arises, one realizes the first three fruits according to one's circumstances.
['T27n1545_064:0333a19_5']	彼結盡即前三果攝故。	彼結盡即前三果攝故。	Because the severing of those bonds is included in the first three fruits.
['T27n1545_064:0333a19_14']	修所斷結盡何果攝。	修所斷結盡何果攝。	In which fruit are the severing of the bonds to be severed by cultivation included?
['T27n1545_064:0333a20_1']	答阿羅漢果。	答阿羅漢果。	The answer is: The fruit of arhatship.
['T27n1545_064:0333a20_18']	謂彼結盡證阿羅漢果時即阿羅漢果攝。	謂彼結盡證阿羅漢果時即阿羅漢果攝。	That is, when one realizes the fruit of arhatship and severs those bonds, it is included in the fruit of arhatship.
['T27n1545_064:0333a21_8']	無有異生非果攝義。	無有異生非果攝義。	There is no meaning of ordinary beings not being included in the fruits.
['T27n1545_064:0333a21_13']	所以者何。	所以者何。	Why is this?
['T27n1545_064:0333a22_13']	無異生者能離非想非非想處修所斷結故。	無異生者能離非想非非想處修所斷結故。	Because there are no ordinary beings who can sever the bonds to be severed by cultivation in the sphere of neither-perception-nor-non-perception.
['T27n1545_064:0333a23_5']	亦無次第者非果攝義。	亦無次第者非果攝義。	There is also no sequence, meaning it is not included in the fruits.
['T27n1545_064:0333a23_10']	所以者何。	所以者何。	Why is this?
['T27n1545_064:0333a24_4']	金剛喻定現在前時方斷彼盡。	金剛喻定現在前時方斷彼盡。	When the diamond-like concentration is present, it eliminates them all.
['T27n1545_064:0333a25_7']	初盡智生時證阿羅漢果彼結盡即阿羅漢果攝故。	初盡智生時證阿羅漢果彼結盡即阿羅漢果攝故。	When the first knowledge of exhaustion arises, one realizes the fruit of arhatship. The exhaustion of those bonds is included in the fruit of arhatship.
['T27n1545_064:0333a26_4']	有九部結。	有九部結。	There are nine categories of bonds.
['T27n1545_064:0333a26_12']	謂苦法智所斷結。	謂苦法智所斷結。	Namely, the bonds eliminated by the knowledge of the factors of the truth of suffering,
['T27n1545_064:0333a26_19']	乃至修所斷結。	乃至修所斷結。	up to the bonds eliminated by cultivation.
['T27n1545_064:0333a27_6']	問何故作此論。	問何故作此論。	Why is this treatise composed?
['T27n1545_064:0333a28_1']	答先雖說五部結盡諸果所攝。	答先雖說五部結盡諸果所攝。	Although it was previously said that the exhaustion of the five categories of bonds is included in the various fruits,
['T27n1545_064:0333a28_13']	而未說九部結盡諸果所攝。	而未說九部結盡諸果所攝。	it was not yet said that the exhaustion of the nine categories of bonds is included in the various fruits.
['T27n1545_064:0333a29_4']	今欲說之故作斯論。	今欲說之故作斯論。	Now, wishing to explain this, this treatise is composed.
['T27n1545_064:0333b01_3']	即前五部諸結依對治差別說為九部。	即前五部諸結依對治差別說為九部。	The aforementioned five categories of bonds are explained as nine categories based on the differences in their antidotes.
['T27n1545_064:0333b02_1']	謂法類智品各別所對治結分為八部。	謂法類智品各別所對治結分為八部。	Namely, the bonds eliminated by the categories of the knowledge of the factors and the knowledge of the principle are divided into eight categories.
['T27n1545_064:0333b02_14']	雜所對治總為一部故有九部。	雜所對治總為一部故有九部。	The bonds eliminated by the miscellaneous [antidotes] are collectively one category, thus there are nine categories.
['T27n1545_064:0333b03_7', 'T27n1545_064:0333b03_13']	苦法智所斷結盡何果攝。🔽答四沙門果。	苦法智所斷結盡何果攝。 答四沙門果。	To what fruit is the exhaustion of the bonds eliminated by the knowledge of the factors of the truth of suffering included?🔽The answer is: It is included in the four fruits of the śramaṇa,
['T27n1545_064:0333b04_4']	或無處四沙門果攝者。	或無處四沙門果攝者。	or it is not included in the four fruits of the śramaṇa.
['T27n1545_064:0333b05_1']	謂彼結盡證預流果時即預流果攝。	謂彼結盡證預流果時即預流果攝。	That is to say, when one who has exhausted those bonds realizes the fruit of stream-entry, it is included in the fruit of stream-entry.
['T27n1545_064:0333b05_16']	乃至證阿羅漢果時即阿羅漢果攝。	乃至證阿羅漢果時即阿羅漢果攝。	Up to when one realizes the fruit of arhatship, it is included in the fruit of arhatship.
['T27n1545_064:0333b06_16']	或無處者謂諸異生已離欲染彼結盡非果攝。	或無處者謂諸異生已離欲染彼結盡非果攝。	Or, there is no case where those bonds that have been exhausted are not included in the fruits. This refers to ordinary beings who have already become free from the passion of desire.
['T27n1545_064:0333b07_9']	已離欲染入正性離生者。	已離欲染入正性離生者。	Those who have already become free from the passion of desire and have entered the certainty of perfection,
['T27n1545_064:0333b08_5']	見道十五心頃彼結盡非果攝。	見道十五心頃彼結盡非果攝。	at the time of the fifteen moments of the path of seeing, those bonds that have been exhausted are not included in the fruits.
['T27n1545_064:0333b08_15']	次第者苦現觀三心頃。	次第者苦現觀三心頃。	As for the gradual [approach], at the time of the three moments of the direct realization of suffering,
['T27n1545_064:0333b09_5']	集滅現觀各四心頃。	集滅現觀各四心頃。	the four moments of the direct realization of the accumulation and cessation,
['T27n1545_064:0333b09_12']	道現觀三心頃。	道現觀三心頃。	and the three moments of the direct realization of the path,
['T27n1545_064:0333b09_19']	彼結盡非果攝。	彼結盡非果攝。	those bonds that have been exhausted are not included in the fruits.
['T27n1545_064:0333b10_15']	苦類智乃至道法智所斷結盡何果攝。	苦類智乃至道法智所斷結盡何果攝。	To which fruit are the bonds that have been exhausted by the knowledge of the categories of suffering up to the knowledge of the dharmas of the path included?
['T27n1545_064:0333b11_6']	答四沙門果或無處。	答四沙門果或無處。	The answer is: they are included in the four fruits of the ascetics, or there is no case [where they are not included].
['T27n1545_064:0333b11_13']	四沙門果攝者。	四沙門果攝者。	As for being included in the four fruits of the ascetics,
['T27n1545_064:0333b11_17']	如前說。	如前說。	it is as explained above.
['T27n1545_064:0333b12_10']	或無處者若苦類智所斷結盡。	或無處者若苦類智所斷結盡。	As for there being no case [where they are not included], if the bonds that have been exhausted by the knowledge of the categories of suffering,
['T27n1545_064:0333b13_2']	無有異生非果攝義。	無有異生非果攝義。	there is no meaning of ordinary beings not being included in the fruits.
['T27n1545_064:0333b13_7']	所以者何。	所以者何。	Why is this?
['T27n1545_064:0333b14_8']	無異生者能離非想非非想處見苦所斷結故。	無異生者能離非想非非想處見苦所斷結故。	Because no ordinary beings can abandon the bonds to be abandoned by seeing suffering in the sphere of neither-perception-nor-non-perception.
['T27n1545_064:0333b15_8']	次第者苦現觀一心頃集滅現觀各四心頃。	次第者苦現觀一心頃集滅現觀各四心頃。	As for the sequence, at the moment of the insight into suffering, at the moment of the insight into the origin and cessation, each for four moments,
['T27n1545_064:0333b15_15']	道現觀三心頃。	道現觀三心頃。	at the moment of the insight into the path, for three moments,
['T27n1545_064:0333b16_3']	彼結盡非果攝。	彼結盡非果攝。	those bonds that have been eliminated are not subsumed within the fruits.
['T27n1545_064:0333b16_12']	若集法智所斷結盡。	若集法智所斷結盡。	If the bonds to be eliminated by the cognition of the origin are eliminated,
['T27n1545_064:0333b17_8']	謂諸異生已離欲染彼結盡非果攝。	謂諸異生已離欲染彼結盡非果攝。	that is, for ordinary beings who have already separated from attachment to the desire realm, those bonds that have been eliminated are not subsumed within the fruits.
['T27n1545_064:0333b18_2']	已離欲染入正性離生者。	已離欲染入正性離生者。	For those who have separated from attachment to the desire realm and entered the correct state of detachment,
['T27n1545_064:0333b18_15']	見道十五心頃彼結盡非果攝。	見道十五心頃彼結盡非果攝。	at the moment of the fifteen mental states of the path of seeing, those bonds that have been eliminated are not subsumed within the fruits.
['T27n1545_064:0333b19_7']	次第者集現觀三心頃。	次第者集現觀三心頃。	As for the sequence, at the moment of the insight into the origin, for three moments,
['T27n1545_064:0333b19_14']	滅現觀四心頃。	滅現觀四心頃。	at the moment of the insight into cessation, for four moments,
['T27n1545_064:0333b20_2']	道現觀三心頃。	道現觀三心頃。	at the moment of the insight into the path, for three moments,
['T27n1545_064:0333b20_9']	彼結盡非果攝。	彼結盡非果攝。	those bonds that have been eliminated are not subsumed within the fruits.
['T27n1545_064:0333b20_18']	若集類智所斷結盡。	若集類智所斷結盡。	If the bonds to be eliminated by the cognition of the class of the origin are eliminated,
['T27n1545_064:0333b21_8']	無有異生非果攝義。	無有異生非果攝義。	there is no meaning of ordinary beings not being subsumed within the fruits.
['T27n1545_064:0333b21_13']	所以者何。	所以者何。	Why is this?
['T27n1545_064:0333b22_14']	無異生者能離非想非非想處見集所斷結故。	無異生者能離非想非非想處見集所斷結故。	Because no ordinary beings can abandon the bonds to be abandoned by seeing the origin in the sphere of neither-perception-nor-non-perception.
['T27n1545_064:0333b23_6']	次第者集現觀一心頃。	次第者集現觀一心頃。	As for the sequence, at the moment of the insight into the origin, for one moment,
['T27n1545_064:0333b23_13']	滅現觀四心頃。	滅現觀四心頃。	The four moments of the realization of cessation.
['T27n1545_064:0333b24_1']	道現觀三心頃。	道現觀三心頃。	The three moments of the realization of the path.
['T27n1545_064:0333b24_8']	彼結盡非果攝。	彼結盡非果攝。	Those bonds that are eliminated are not included in the fruits.
['T27n1545_064:0333b24_17']	若滅法智所斷結盡。	若滅法智所斷結盡。	If the bonds eliminated by the knowledge of the cessation of dharmas are eliminated,
['T27n1545_064:0333b25_12']	謂諸異生已離欲染彼結盡非果攝。	謂諸異生已離欲染彼結盡非果攝。	It means that ordinary beings who have already separated from the attachment to the desire realm, those bonds that are eliminated are not included in the fruits.
['T27n1545_064:0333b26_6']	已離欲染入正性離生者。	已離欲染入正性離生者。	Those who have already separated from the attachment to the desire realm and entered the correct state of renunciation,
['T27n1545_064:0333b27_1']	見道十五心頃彼結盡非果攝。	見道十五心頃彼結盡非果攝。	The bonds that are eliminated during the fifteen moments of the path of seeing are not included in the fruits.
['T27n1545_064:0333b28_1']	次第者滅道現觀各三心頃彼結盡非果攝。	次第者滅道現觀各三心頃彼結盡非果攝。	For those who progress in sequence, the bonds that are eliminated during the three moments of the realization of cessation and the path are not included in the fruits.
['T27n1545_064:0333b29_1']	若滅類智所斷結盡無有異生非果攝義。	若滅類智所斷結盡無有異生非果攝義。	If the bonds eliminated by the knowledge of the cessation of types are eliminated, there is no meaning of ordinary beings not being included in the fruits.
['T27n1545_064:0333b29_6']	所以者何。	所以者何。	Why is this?
['T27n1545_064:0333c01_6']	無異生者能離非想非非想處見滅所斷結故。	無異生者能離非想非非想處見滅所斷結故。	Because there are no ordinary beings who are able to separate from the bonds eliminated by seeing cessation in the sphere of neither-perception-nor-non-perception.
['T27n1545_064:0333c01_16', 'T27n1545_064:0333c02_4']	次第者滅現觀一心頃。🔽道現觀三心頃。	次第者滅現觀一心頃。 道現觀三心頃。	For those who progress in sequence, the bonds that are eliminated during the one moment of the realization of cessation,
['T27n1545_064:0333c02_11']	彼結盡非果攝。	彼結盡非果攝。	The bonds that are eliminated during the three moments of the realization of the path are not included in the fruits.
['T27n1545_064:0333c03_1']	若道法智所斷結盡。	若道法智所斷結盡。	If the bonds eliminated by the knowledge of the path of dharmas are eliminated,
['T27n1545_064:0333c03_16']	謂諸異生已離欲染彼結盡非果攝。	謂諸異生已離欲染彼結盡非果攝。	It means that ordinary beings who have already separated from the attachment to the desire realm, those bonds that are eliminated are not included in the fruits.
['T27n1545_064:0333c04_9']	已離欲染入正性離生者。	已離欲染入正性離生者。	Those who have already separated from desire realm defilements and entered the correct state of separation from birth,
['T27n1545_064:0333c05_5']	見道十五心頃彼結盡非果攝。	見道十五心頃彼結盡非果攝。	at the time of the fifteen moments of the path of seeing, the exhaustion of those bonds is not included in the fruits.
['T27n1545_064:0333c06_7']	次第者道現觀二心頃彼結盡非果攝故說無處。	次第者道現觀二心頃彼結盡非果攝故說無處。	For those who proceed in order, at the time of the two moments of the realization of the path, the exhaustion of those bonds is not included in the fruits, so it is said there is no place.
['T27n1545_064:0333c07_1']	道類智所斷結盡何果攝。	道類智所斷結盡何果攝。	To what fruit is the exhaustion of the bonds to be eliminated by the path of insight into the nature of things included?
['T27n1545_064:0333c07_7']	答四沙門果。	答四沙門果。	The answer is: the four fruits of the śramaṇa.
['T27n1545_064:0333c08_3']	謂彼結盡證預流果時即預流果攝。	謂彼結盡證預流果時即預流果攝。	That is to say, when the exhaustion of those bonds realizes the fruit of stream-entry, it is included in the fruit of stream-entry.
['T27n1545_064:0333c08_17']	乃至證阿羅漢果即阿羅漢果攝。	乃至證阿羅漢果即阿羅漢果攝。	Up to when it realizes the fruit of arhatship, it is included in the fruit of arhatship.
['T27n1545_064:0333c09_7']	無有異生非果攝義。	無有異生非果攝義。	There is no meaning of non-Buddhists not being included in the fruits.
['T27n1545_064:0333c09_12']	所以者何。	所以者何。	Why is this?
['T27n1545_064:0333c10_13']	無異生者能離非想非非想處見道所斷結故。	無異生者能離非想非非想處見道所斷結故。	Because there are no non-Buddhists who can separate from the bonds eliminated by the path of seeing in the sphere of neither-perception-nor-non-perception.
['T27n1545_064:0333c11_5']	亦無次第者非果攝義。	亦無次第者非果攝義。	There is also no meaning of those who proceed in order not being included in the fruits.
['T27n1545_064:0333c11_10']	所以者何。	所以者何。	Why is this?
['T27n1545_064:0333c12_3']	道類智忍滅時方斷彼盡。	道類智忍滅時方斷彼盡。	At the time of the cessation of the receptivity to the knowledge of the nature of things, one just eliminates them.
['T27n1545_064:0333c12_17']	道類智生時隨其所應證前三果。	道類智生時隨其所應證前三果。	At the time of the arising of the knowledge of the nature of things, one realizes the previous three fruits according to what is appropriate.
['T27n1545_064:0333c13_9']	彼結盡即前三果攝故。	彼結盡即前三果攝故。	The exhaustion of those bonds is included in the previous three fruits.
['T27n1545_064:0333c13_18']	修所斷結盡何果攝。	修所斷結盡何果攝。	To what fruit is the exhaustion of the bonds to be eliminated by cultivation included?
['T27n1545_064:0333c14_5']	答阿羅漢果。	答阿羅漢果。	The answer is: the fruit of arhatship.
['T27n1545_064:0333c15_4']	謂彼結盡證阿羅漢果時即阿羅漢果攝。	謂彼結盡證阿羅漢果時即阿羅漢果攝。	That is to say, when one who has exhausted the bonds realizes the fruit of arhatship, it is included in the fruit of arhatship.
['T27n1545_064:0333c15_13']	無有異生非果攝義。	無有異生非果攝義。	There is no meaning of ordinary beings not being included in the fruits.
['T27n1545_064:0333c15_18']	所以者何。	所以者何。	Why is this?
['T27n1545_064:0333c16_17']	無異生者能離非想非非想處修所斷結故。	無異生者能離非想非非想處修所斷結故。	Because there are no ordinary beings who can abandon the bonds to be abandoned by cultivation in the sphere of neither-perception-nor-non-perception.
['T27n1545_064:0333c17_9']	亦無次第者非果攝義。	亦無次第者非果攝義。	There is also no meaning of those in sequence not being included in the fruits.
['T27n1545_064:0333c17_14']	所以者何。	所以者何。	Why is this?
['T27n1545_064:0333c18_9']	金剛喻定現在前時方斷彼盡。	金剛喻定現在前時方斷彼盡。	When the diamond-like concentration is present, it precisely abandons them.
['T27n1545_064:0333c19_2']	初盡智生時證阿羅漢果。	初盡智生時證阿羅漢果。	When the first knowledge of exhaustion arises, one realizes the fruit of arhatship.
['T27n1545_064:0333c19_13']	彼結盡即阿羅漢果攝故。	彼結盡即阿羅漢果攝故。	Those bonds that have been exhausted are included in the fruit of arhatship.
['T27n1545_064:0333c20_9']	問為無間道能斷諸結。	問為無間道能斷諸結。	The question is: Can the uninterrupted path abandon the bonds?
['T27n1545_064:0333c21_1']	為解脫道能斷諸結。	為解脫道能斷諸結。	Or can the path of liberation abandon the bonds?
['T27n1545_064:0333c21_6']	設爾何失。	設爾何失。	If so, what is the error?
['T27n1545_064:0333c21_11']	二俱有過。	二俱有過。	Both have errors.
['T27n1545_064:0333c21_16']	所以者何。	所以者何。	Why is this?
['T27n1545_064:0333c22_5']	若無間道能斷諸結。	若無間道能斷諸結。	If the uninterrupted path can abandon the bonds,
['T27n1545_064:0333c22_14', 'T27n1545_064:0333c23_5']	此文所說當云何通。🔽如說苦法智所斷結。	此文所說當云何通。 如說苦法智所斷結。	how should this passage be understood?🔽It is said: The bonds abandoned by the knowledge of the factors of the path,
['T27n1545_064:0333c23_14']	乃至道類智所斷結。	乃至道類智所斷結。	up to the bonds abandoned by the knowledge of the lineage of the path.
['T27n1545_064:0333c24_4']	若解脫道能斷諸結。	若解脫道能斷諸結。	If the path of liberation can sever the fetters,
['T27n1545_064:0333c24_13']	智蘊所說當云何通。	智蘊所說當云何通。	how can we understand the explanation in the Abhidharma-piṭaka?
['T27n1545_064:0333c25_14']	如說諸結見苦所斷彼結非苦智斷是苦忍斷。	如說諸結見苦所斷彼結非苦智斷是苦忍斷。	It says, The fetters that are severed by seeing suffering are not severed by the knowledge of suffering, but by the receptivity to the knowledge of suffering.
['T27n1545_064:0333c26_15']	乃至諸結見道所斷彼結非道智斷是道忍斷。	乃至諸結見道所斷彼結非道智斷是道忍斷。	Up to the fetters that are severed by seeing the path are not severed by the knowledge of the path, but by the receptivity to the knowledge of the path.
['T27n1545_064:0333c27_3']	答應作是說。	答應作是說。	Answer: It should be said that
['T27n1545_064:0333c27_12']	唯無間道能斷諸結。	唯無間道能斷諸結。	only the uninterrupted path can sever the fetters.
['T27n1545_064:0333c28_4']	問若爾善通智蘊所說。	問若爾善通智蘊所說。	Question: If so, it well explains the explanation in the Abhidharma-piṭaka.
['T27n1545_064:0333c28_13']	此文所說當云何通。	此文所說當云何通。	How can we understand the explanation in this text?
['T27n1545_064:0333c29_3']	答此文應作是說。	答此文應作是說。	Answer: This text should say:
['T27n1545_064:0333c29_8']	有九部結。	有九部結。	There are nine categories of fetters,
['T27n1545_064:0333c29_16']	謂苦法智忍所斷。	謂苦法智忍所斷。	namely, those severed by the receptivity to the knowledge of the truths of suffering,
['T27n1545_064:0334a01_6']	乃至道類智忍所斷。	乃至道類智忍所斷。	up to those severed by the receptivity to the knowledge of the class of the path.
['T27n1545_064:0334a01_17']	而不作是說者有別意趣。	而不作是說者有別意趣。	But it does not say this, it has a separate intention.
['T27n1545_064:0334a02_8']	謂忍屬智是智助伴。	謂忍屬智是智助伴。	Namely, the receptivities belong to the knowledge, they are the assisting companions of the knowledge.
['T27n1545_064:0334a02_17']	諸忍所斷名智所斷。	諸忍所斷名智所斷。	The fetters severed by the receptivities are called severed by the knowledge.
['T27n1545_064:0334a03_8']	如臣所作名王所作。	如臣所作名王所作。	Just as what is done by the ministers is called done by the king.
['T27n1545_064:0334a03_18']	復次無間道正能斷結。	復次無間道正能斷結。	Furthermore, the uninterrupted path is able to sever the fetters.
['T27n1545_064:0334a04_7']	解脫道持令不生。	解脫道持令不生。	The path of liberation holds them so that they do not arise.
['T27n1545_064:0334a04_16']	謂無間道雖正斷結。	謂無間道雖正斷結。	Although the uninterrupted path directly eliminates the bonds,
['T27n1545_064:0334a05_9']	若無解脫道持令不生者。	若無解脫道持令不生者。	if there were no path of liberation to hold them and prevent their arising,
['T27n1545_064:0334a06_1']	彼結還起便為過患。	彼結還起便為過患。	those bonds would arise again, which would be a fault.
['T27n1545_064:0334a06_11']	顯解脫道於斷有用故。	顯解脫道於斷有用故。	This shows that the path of liberation has a function in eliminating [bonds].
['T27n1545_064:0334a07_1']	此文說法類智斷。	此文說法類智斷。	This text speaks of the elimination by the knowledge of dharmas and the subsequent knowledge.
['T27n1545_064:0334a07_12']	復次無間解脫同一所作。	復次無間解脫同一所作。	Furthermore, the uninterrupted and liberated paths have the same function.
['T27n1545_064:0334a08_3']	於斷結事俱有勢力。	於斷結事俱有勢力。	They both have the power to eliminate the bonds.
['T27n1545_064:0334a08_12']	如二力士同害一怨。	如二力士同害一怨。	It is like two strong men jointly killing an enemy.
['T27n1545_064:0334a09_3']	一撲置地一令不起。	一撲置地一令不起。	One knocks him to the ground and the other prevents him from getting up.
['T27n1545_064:0334a09_12']	不爾還起能為過患。	不爾還起能為過患。	If it were not so, he would get up again and be able to cause harm.
['T27n1545_064:0334a10_3']	又如二人同逐一賊。	又如二人同逐一賊。	It is also like two people jointly chasing a thief.
['T27n1545_064:0334a10_12']	一驅令出一牢閉門。	一驅令出一牢閉門。	One drives him out and the other firmly closes the door.
['T27n1545_064:0334a11_3']	不爾還入能為過患。	不爾還入能為過患。	If it were not so, he would return and be able to cause harm.
['T27n1545_064:0334a11_12']	又如二士同捉一蛇。	又如二士同捉一蛇。	It is also like two men jointly catching a snake.
['T27n1545_064:0334a12_3']	一內瓶中一牢蓋口。	一內瓶中一牢蓋口。	One puts it in a jar and the other firmly covers the mouth.
['T27n1545_064:0334a12_12']	不爾還出能為過患。	不爾還出能為過患。	If it were not so, it would come out again and be able to cause harm.
['T27n1545_064:0334a13_3']	無間解脫斷結亦然。	無間解脫斷結亦然。	The elimination of bonds by the uninterrupted and liberated paths is also like this.
['T27n1545_064:0334a13_13']	顯解脫道於斷有用故。	顯解脫道於斷有用故。	This shows that the path of liberation has a function in eliminating [bonds].
['T27n1545_064:0334a14_3']	此文說法類智斷。	此文說法類智斷。	This text speaks of the elimination by the knowledge of dharmas and the subsequent knowledge.
['T27n1545_064:0334a15_5']	復次欲顯解脫道於無間道所斷結中有多作用。	復次欲顯解脫道於無間道所斷結中有多作用。	Furthermore, in order to show that the path of liberation has many functions in the bonds severed by the uninterrupted path.
['T27n1545_064:0334a15_14']	此多作用如根蘊說。	此多作用如根蘊說。	These many functions are as explained in the Aggregates on the Faculties.
['T27n1545_064:0334a16_5']	故此文說法類智斷。	故此文說法類智斷。	Therefore this text speaks of the severing by the cognition of dharmas and the cognition of the path.
['T27n1545_064:0334a16_15']	復次諸無間道正斷結。	復次諸無間道正斷結。	Furthermore, the uninterrupted paths directly sever the bonds.
['T27n1545_064:0334a17_10']	得諸解脫道與彼諸結斷得俱生。	得諸解脫道與彼諸結斷得俱生。	The attainment of the paths of liberation arises together with the attainment of the severance of those bonds.
['T27n1545_064:0334a18_2']	既得彼斷有斷彼用。	既得彼斷有斷彼用。	Having attained that severance, there is the function of severing them.
['T27n1545_064:0334a18_11']	故此文說法類智斷。	故此文說法類智斷。	Therefore this text speaks of the severing by the cognition of dharmas and the cognition of the path.
['T27n1545_064:0334a18_18']	復次斷有二種。	復次斷有二種。	Furthermore, there are two kinds of severance.
['T27n1545_064:0334a19_4']	一別二通。	一別二通。	One is specific, the other is general.
['T27n1545_064:0334a19_12']	別唯無間通解脫。	別唯無間通解脫。	The specific is only the uninterrupted path, the general is the path of liberation.
['T27n1545_064:0334a20_3']	此依通說故不違理。	此依通說故不違理。	This is based on the general explanation, therefore it does not contradict reason.
['T27n1545_064:0334a21_5']	復次此中諸忍以智名說能引智故因立果名。	復次此中諸忍以智名說能引智故因立果名。	Furthermore, in this context, the forbearances are said to be called cognitions because they can induce cognitions, and the name of the effect is established for the cause.
['T27n1545_064:0334a21_14']	如飢渴名因彼因觸。	如飢渴名因彼因觸。	Like hunger and thirst are called the causes of them, because they are caused by contact.
['T27n1545_064:0334a22_5']	故能斷結唯無間道。	故能斷結唯無間道。	Therefore the only uninterrupted path can sever the bonds.
['T27n1545_064:0334a23_5']	有十五部結。	有十五部結。	There are fifteen types of bonds.
['T27n1545_064:0334a23_12']	謂三界各有五。	謂三界各有五。	Namely, each of the three realms has five.
['T27n1545_064:0334a24_1']	即見苦所斷結。	即見苦所斷結。	That is, the bonds to be severed by seeing suffering.
['T27n1545_064:0334a24_8']	乃至修所斷結。	乃至修所斷結。	Up to the bonds to be severed by cultivation.
['T27n1545_064:0334a24_15']	問何故作此論。	問何故作此論。	Question: Why is this treatise composed?
['T27n1545_064:0334a25_9']	答先雖說九部結盡諸果所攝。	答先雖說九部結盡諸果所攝。	Answer: Although it was previously explained that the exhaustion of the nine categories of fetters is included in the various fruits,
['T27n1545_064:0334a26_4']	而未說十五部結盡諸果所攝。	而未說十五部結盡諸果所攝。	it was not explained that the exhaustion of the fifteen categories of fetters is included in the various fruits.
['T27n1545_064:0334a26_13']	今欲說之故作斯論。	今欲說之故作斯論。	Now, wishing to explain this, this treatise is composed.
['T27n1545_064:0334a27_2']	謂約界部二門。	謂約界部二門。	Namely, in terms of the two aspects of realm and category,
['T27n1545_064:0334a27_13']	分別諸結差別有十五種。	分別諸結差別有十五種。	the various fetters are distinguished and there are fifteen kinds.
['T27n1545_064:0334a28_10']	欲界見苦集滅道所斷結盡何果攝。	欲界見苦集滅道所斷結盡何果攝。	To what fruit does the exhaustion of the fetters to be eliminated by seeing suffering, origination, cessation, and the path in the desire realm belong?
['T27n1545_064:0334a28_16']	答四沙門果。	答四沙門果。	Answer: It belongs to the four fruits of the śramaṇa.
['T27n1545_064:0334a29_1']	或無處。	或無處。	Or it is not included in any.
['T27n1545_064:0334a29_8']	四沙門果攝者。	四沙門果攝者。	As for being included in the four fruits of the śramaṇa,
['T27n1545_064:0334b01_4']	謂彼結盡證預流果時即預流果攝。	謂彼結盡證預流果時即預流果攝。	when the exhaustion of those fetters is realized and the fruit of stream-entry is attained, it is included in the fruit of stream-entry.
['T27n1545_064:0334b02_1']	乃至證阿羅漢果時即阿羅漢果攝。	乃至證阿羅漢果時即阿羅漢果攝。	Up to when the fruit of arhatship is attained, it is included in the fruit of arhatship.
['T27n1545_064:0334b02_15']	或無處者若欲界見苦所斷結盡。	或無處者若欲界見苦所斷結盡。	As for it not being included in any, when the exhaustion of the fetters to be eliminated by seeing suffering in the desire realm is realized,
['T27n1545_064:0334b03_11']	謂諸異生已離欲染彼結盡非果攝。	謂諸異生已離欲染彼結盡非果攝。	it is said that for ordinary beings who have already separated from desire, the exhaustion of those fetters is not included in any fruit.
['T27n1545_064:0334b04_5']	已離欲染入正性離生者。	已離欲染入正性離生者。	For those who have already separated from desire and have entered the correct state of separation from birth,
['T27n1545_064:0334b04_18']	見道十五心頃彼結盡非果攝。	見道十五心頃彼結盡非果攝。	the exhaustion of those fetters during the fifteen moments of the path of seeing is not included in any fruit.
['T27n1545_064:0334b05_9']	次第者苦現觀三心頃。	次第者苦現觀三心頃。	As for the gradual [attainment], during the three moments of the insight into suffering,
['T27n1545_064:0334b05_18']	集滅現觀各四心頃。	集滅現觀各四心頃。	The four moments of the realization of the accumulation and the realization of cessation.
['T27n1545_064:0334b06_6']	道現觀三心頃。	道現觀三心頃。	The three moments of the realization of the path.
['T27n1545_064:0334b06_13']	彼結盡非果攝。	彼結盡非果攝。	The abandonment of those bonds is not included in the fruits.
['T27n1545_064:0334b07_4']	若欲界見集所斷結盡。	若欲界見集所斷結盡。	If the abandonment of the bonds to be eliminated by seeing the accumulation in the desire realm is complete,
['T27n1545_064:0334b08_1']	謂諸異生已離欲染彼結盡非果攝。	謂諸異生已離欲染彼結盡非果攝。	It is said that ordinary beings who have already separated from desire are not included in the fruits.
['T27n1545_064:0334b08_12']	已離欲染入正性離生者。	已離欲染入正性離生者。	Those who have separated from desire and entered the correct state of separation from birth,
['T27n1545_064:0334b09_1']	見道十五心頃。	見道十五心頃。	At the time of the fifteen moments of the path of seeing,
['T27n1545_064:0334b09_8']	彼結盡非果攝。	彼結盡非果攝。	The abandonment of those bonds is not included in the fruits.
['T27n1545_064:0334b09_18']	次第者集現觀三心頃。	次第者集現觀三心頃。	The gradual [approach] is the three moments of the realization of the accumulation,
['T27n1545_064:0334b10_5']	滅現觀四心頃。	滅現觀四心頃。	The four moments of the realization of cessation,
['T27n1545_064:0334b10_12']	道現觀三心頃。	道現觀三心頃。	And the three moments of the realization of the path.
['T27n1545_064:0334b10_19']	彼結盡非果攝。	彼結盡非果攝。	The abandonment of those bonds is not included in the fruits.
['T27n1545_064:0334b11_8']	若欲界見所斷結盡。	若欲界見所斷結盡。	If the abandonment of the bonds to be eliminated by seeing in the desire realm is complete,
['T27n1545_064:0334b12_6']	謂諸異生已離欲染彼結盡非果攝。	謂諸異生已離欲染彼結盡非果攝。	It is said that ordinary beings who have already separated from desire are not included in the fruits.
['T27n1545_064:0334b12_17']	已離欲染入正性離生者。	已離欲染入正性離生者。	Those who have separated from desire and entered the correct state of separation from birth,
['T27n1545_064:0334b13_12']	見道十五心頃彼結盡非果攝。	見道十五心頃彼結盡非果攝。	At the time of the fifteen moments of the path of seeing, the abandonment of those bonds is not included in the fruits.
['T27n1545_064:0334b14_6']	次第者滅道現觀各三心頃。	次第者滅道現觀各三心頃。	The gradual [approach] is the three moments of the realization of cessation and the path,
['T27n1545_064:0334b14_13']	彼結盡非果攝。	彼結盡非果攝。	The abandonment of those bonds is not included in the fruits.
['T27n1545_064:0334b15_4']	若欲界見道所斷結盡。	若欲界見道所斷結盡。	If the abandonment of the bonds to be eliminated by seeing the path in the desire realm is complete,
['T27n1545_064:0334b16_1']	謂諸異生已離欲染彼結盡非果攝。	謂諸異生已離欲染彼結盡非果攝。	It refers to the case where ordinary beings who have already separated from desire realm defilements have exhausted those bonds, but it is not subsumed by the fruits.
['T27n1545_064:0334b16_12']	已離欲染入正性離生者。	已離欲染入正性離生者。	Those who have already separated from desire realm defilements and entered the certainty of perfection
['T27n1545_064:0334b17_7']	見道十五心頃彼結盡非果攝。	見道十五心頃彼結盡非果攝。	at the time of the fifteen moments of the path of seeing, those bonds have been exhausted but are not subsumed by the fruits.
['T27n1545_064:0334b17_17']	次第者道現觀二心頃。	次第者道現觀二心頃。	For those who progress in sequence, at the time of the two moments of the realization of the path,
['T27n1545_064:0334b18_5']	彼結盡非果攝。	彼結盡非果攝。	those bonds have been exhausted but are not subsumed by the fruits.
['T27n1545_064:0334b18_16']	欲界修所斷結盡何果攝。	欲界修所斷結盡何果攝。	To what fruit is the exhaustion of the bonds to be eliminated by cultivation in the desire realm subsumed?
['T27n1545_064:0334b19_8']	答不還阿羅漢果或無處。	答不還阿羅漢果或無處。	The answer is: it is subsumed by the fruit of non-returner or the fruit of arhatship, or it is not subsumed by any fruit.
['T27n1545_064:0334b19_14']	不還果攝者。	不還果攝者。	As for being subsumed by the fruit of non-returner,
['T27n1545_064:0334b20_10']	謂彼結盡證不還果時即不還果攝。	謂彼結盡證不還果時即不還果攝。	it refers to the case where at the time of realizing the fruit of non-returner by exhausting those bonds, it is subsumed by the fruit of non-returner.
['T27n1545_064:0334b20_17']	阿羅漢果攝者。	阿羅漢果攝者。	As for being subsumed by the fruit of arhatship,
['T27n1545_064:0334b21_15']	謂彼結盡證阿羅漢果時即阿羅漢果攝。	謂彼結盡證阿羅漢果時即阿羅漢果攝。	it refers to the case where at the time of realizing the fruit of arhatship by exhausting those bonds, it is subsumed by the fruit of arhatship.
['T27n1545_064:0334b22_2']	或無處者。	或無處者。	As for it not being subsumed by any fruit,
['T27n1545_064:0334b22_17']	謂諸異生已離欲染彼結盡非果攝。	謂諸異生已離欲染彼結盡非果攝。	it refers to the case where ordinary beings who have already separated from desire realm defilements have exhausted those bonds but it is not subsumed by the fruits.
['T27n1545_064:0334b23_10']	已離欲染入正性離生者。	已離欲染入正性離生者。	Those who have already separated from desire realm defilements and entered the certainty of perfection
['T27n1545_064:0334b24_6']	見道十五心頃彼結盡非果攝。	見道十五心頃彼結盡非果攝。	at the time of the fifteen moments of the path of seeing, those bonds have been exhausted but are not subsumed by the fruits.
['T27n1545_064:0334b24_15']	無次第者非果攝義。	無次第者非果攝義。	As for it not being subsumed by the fruit of the path of non-returner, it is because there is no sequence.
['T27n1545_064:0334b25_2']	所以者何。	所以者何。	Why is it so?
['T27n1545_064:0334b25_17']	離欲染第九無間道滅時方斷彼盡。	離欲染第九無間道滅時方斷彼盡。	When the ninth uninterrupted path of detachment from the desire realm is about to end, it is then eliminated.
['T27n1545_064:0334b26_17']	第九解脫道生時證不還果即不還果攝故。	第九解脫道生時證不還果即不還果攝故。	When the ninth liberation path arises, one realizes the fruit of non-returner, which is included in the fruit of non-returner.
['T27n1545_064:0334b27_14']	色界見苦集滅道所斷結盡何果攝。	色界見苦集滅道所斷結盡何果攝。	To which fruit is the elimination of the bonds to be eliminated by seeing suffering, origination, cessation, and the path in the form realm included?
['T27n1545_064:0334b28_2']	答四沙門果。	答四沙門果。	The answer is: the four fruits of the śramaṇa.
['T27n1545_064:0334b28_6', 'T27n1545_064:0334b28_12']	或無處。🔽四沙門果者。	或無處。 四沙門果者。	Or, there is no such case.
['T27n1545_064:0334b28_16']	如前說。	如前說。	The four fruits of the śramaṇa are as explained above.
['T27n1545_064:0334b29_10']	或無處者若色界見苦所斷結盡。	或無處者若色界見苦所斷結盡。	Or, there is no such case means that if the elimination of the bonds to be eliminated by seeing suffering in the form realm is complete,
['T27n1545_064:0334c01_7']	謂諸異生已離色染彼結盡非果攝。	謂諸異生已離色染彼結盡非果攝。	it is said that for ordinary beings who have already detached from the form realm, the elimination of those bonds is not included in the fruits.
['T27n1545_064:0334c02_1']	已離色染入正性離生者。	已離色染入正性離生者。	For those who have already detached from the form realm and entered the stage of correct direct seeing,
['T27n1545_064:0334c02_14']	見道十五心頃彼結盡非果攝。	見道十五心頃彼結盡非果攝。	the elimination of those bonds during the fifteen moments of the path of seeing is not included in the fruits.
['T27n1545_064:0334c03_5']	次第者苦現觀一心頃。	次第者苦現觀一心頃。	For those who progress in order, during the one moment of direct seeing of suffering,
['T27n1545_064:0334c03_14']	集滅現觀各四心頃。	集滅現觀各四心頃。	during the four moments of direct seeing of origination and cessation,
['T27n1545_064:0334c04_2']	道現觀三心頃。	道現觀三心頃。	and during the three moments of direct seeing of the path,
['T27n1545_064:0334c04_9']	彼結盡非果攝。	彼結盡非果攝。	the elimination of those bonds is not included in the fruits.
['T27n1545_064:0334c04_19']	若色界見集所斷結盡。	若色界見集所斷結盡。	If the elimination of the bonds to be eliminated by seeing origination in the form realm is complete,
['T27n1545_064:0334c05_14']	謂諸異生已離色染彼結盡非果攝。	謂諸異生已離色染彼結盡非果攝。	it is said that for ordinary beings who have already detached from the form realm, the elimination of those bonds is not included in the fruits.
['T27n1545_064:0334c06_8']	已離色染入正性離生者。	已離色染入正性離生者。	Those who have already separated from attachment to the form realm and have entered the correct state of detachment from birth,
['T27n1545_064:0334c07_3']	見道十五心頃彼結盡非果攝。	見道十五心頃彼結盡非果攝。	at the time of the fifteen moments of the path of seeing, the exhaustion of those bonds is not subsumed within the fruits.
['T27n1545_064:0334c07_13']	次第者集現觀一心頃。	次第者集現觀一心頃。	For those who proceed in order, at the time of the one moment of the realization of the accumulation,
['T27n1545_064:0334c08_1']	滅現觀四心頃。	滅現觀四心頃。	at the time of the four moments of the realization of cessation,
['T27n1545_064:0334c08_8']	道現觀三心頃。	道現觀三心頃。	at the time of the three moments of the realization of the path,
['T27n1545_064:0334c08_15']	彼結盡非果攝。	彼結盡非果攝。	the exhaustion of those bonds is not subsumed within the fruits.
['T27n1545_064:0334c09_5']	若色界見滅所斷結盡。	若色界見滅所斷結盡。	If the bonds to be eliminated by seeing cessation in the form realm are exhausted,
['T27n1545_064:0334c10_2']	謂諸異生已離色染彼結盡非果攝。	謂諸異生已離色染彼結盡非果攝。	it refers to ordinary beings who have already separated from attachment to the form realm. The exhaustion of those bonds is not subsumed within the fruits.
['T27n1545_064:0334c10_13']	已離色染入正性離生者。	已離色染入正性離生者。	Those who have already separated from attachment to the form realm and have entered the correct state of detachment from birth,
['T27n1545_064:0334c11_8']	見道十五心頃彼結盡非果攝。	見道十五心頃彼結盡非果攝。	at the time of the fifteen moments of the path of seeing, the exhaustion of those bonds is not subsumed within the fruits.
['T27n1545_064:0334c11_18']	次第者滅現觀一心頃。	次第者滅現觀一心頃。	For those who proceed in order, at the time of the one moment of the realization of cessation,
['T27n1545_064:0334c12_6']	道現觀三心頃。	道現觀三心頃。	at the time of the three moments of the realization of the path,
['T27n1545_064:0334c12_13']	彼結盡非果攝。	彼結盡非果攝。	the exhaustion of those bonds is not subsumed within the fruits.
['T27n1545_064:0334c13_4']	若色界見道所斷結盡。	若色界見道所斷結盡。	If the bonds to be eliminated by seeing the path in the form realm are exhausted,
['T27n1545_064:0334c14_1']	謂諸異生已離色染彼結盡非果攝。	謂諸異生已離色染彼結盡非果攝。	it refers to ordinary beings who have already separated from attachment to the form realm. The exhaustion of those bonds is not subsumed within the fruits.
['T27n1545_064:0334c14_12']	已離色染入正性離生者。	已離色染入正性離生者。	Those who have already separated from attachment to the form realm and have entered the correct state of detachment from birth,
['T27n1545_064:0334c15_7']	見道十五心頃彼結盡非果攝。	見道十五心頃彼結盡非果攝。	at the time of the fifteen moments of the path of seeing, the exhaustion of those bonds is not subsumed within the fruits.
['T27n1545_064:0334c15_16']	無次第者非果攝義。	無次第者非果攝義。	Those without sequence are not included in the fruits.
['T27n1545_064:0334c16_3']	所以者何。	所以者何。	Why is this?
['T27n1545_064:0334c16_14']	道類智忍滅時方斷彼盡。	道類智忍滅時方斷彼盡。	When the receptivity to the cognition of the class of the path ceases, it is precisely at that time that one severs the bonds.
['T27n1545_064:0334c18_1']	道類智生時隨其所應證前三果彼結盡即前三果攝故。	道類智生時隨其所應證前三果彼結盡即前三果攝故。	When the cognition of the class of the path arises, one realizes the previous three fruits according to one's circumstances. The severing of the bonds is precisely included in the previous three fruits.
['T27n1545_064:0334c18_12']	色界修所斷結盡何果攝。	色界修所斷結盡何果攝。	To what fruit is the severing of the bonds to be severed through cultivation in the form realm included?
['T27n1545_064:0334c19_2']	答阿羅漢果或無處。	答阿羅漢果或無處。	The answer is: it is included in the fruit of arhatship or it is not included anywhere.
['T27n1545_064:0334c19_9']	阿羅漢果攝者。	阿羅漢果攝者。	That which is included in the fruit of arhatship is as follows:
['T27n1545_064:0334c20_7']	謂彼結盡證阿羅漢果時即阿羅漢果攝。	謂彼結盡證阿羅漢果時即阿羅漢果攝。	When one realizes the fruit of arhatship, the severing of those bonds is precisely included in the fruit of arhatship.
['T27n1545_064:0334c20_12']	或無處者。	或無處者。	That which is not included anywhere is as follows:
['T27n1545_064:0334c21_8']	謂諸異生已離色染彼結盡非果攝。	謂諸異生已離色染彼結盡非果攝。	When ordinary beings have already severed attachment to the form realm, the severing of those bonds is not included in any fruit.
['T27n1545_064:0334c22_2']	已離色染入正性離生者。	已離色染入正性離生者。	Those who have already severed attachment to the form realm and have entered the production of the correct view of separation
['T27n1545_064:0334c23_6']	見道十五心頃及道類智等諸有學位彼結盡非果攝。	見道十五心頃及道類智等諸有學位彼結盡非果攝。	during the fifteen moments of the path of seeing and in the states of those still training such as the cognition of the class of the path, the severing of those bonds is not included in any fruit.
['T27n1545_064:0334c24_5']	次第者從離第四靜慮染第九解脫道。	次第者從離第四靜慮染第九解脫道。	Those with sequence are from the ninth path of liberation that severs attachment to the fourth meditative absorption
['T27n1545_064:0334c25_4']	乃至金剛喻定現在前時彼結盡非果攝。	乃至金剛喻定現在前時彼結盡非果攝。	up to when the diamond-like concentration is present, the severing of those bonds is not included in any fruit.
['T27n1545_064:0334c26_1']	無色界見苦集滅所斷結盡何果攝。	無色界見苦集滅所斷結盡何果攝。	The abandonment of the bonds to be eliminated by seeing suffering, origin, and cessation in the formless realm is included in which fruits?
['T27n1545_064:0334c26_10', 'T27n1545_064:0334c26_16']	答四沙門果或無處。🔽四沙門果者。	答四沙門果或無處。 四沙門果者。	The answer is: the four fruits of the śramaṇa, or none.
['T27n1545_064:0334c27_1']	如前說。	如前說。	The four fruits of the śramaṇa are as explained above.
['T27n1545_064:0334c27_16']	或無處者若無色界見苦所斷結盡。	或無處者若無色界見苦所斷結盡。	Or none means that if the abandonment of the bonds to be eliminated by seeing suffering in the formless realm is not included in the fruits,
['T27n1545_064:0334c28_6']	無有異生非果攝義。	無有異生非果攝義。	there is no meaning of ordinary beings not being included in the fruits.
['T27n1545_064:0334c28_11']	所以者何。	所以者何。	Why is this?
['T27n1545_064:0334c29_12']	無異生者能離非想非非想處見修所斷結故。	無異生者能離非想非非想處見修所斷結故。	Because there are no ordinary beings who can abandon the bonds to be eliminated by seeing and cultivation in the sphere of neither-perception-nor-non-perception.
['T27n1545_064:0335a01_4']	次第者苦現觀一心頃。	次第者苦現觀一心頃。	As for the sequence, at the time of one thought in the insight into suffering,
['T27n1545_064:0335a01_13']	集滅現觀各四心頃。	集滅現觀各四心頃。	at the time of four thoughts in the insight into origin and cessation,
['T27n1545_064:0335a02_1']	道現觀三心頃。	道現觀三心頃。	at the time of three thoughts in the insight into the path,
['T27n1545_064:0335a02_8']	彼結盡非果攝。	彼結盡非果攝。	the abandonment of those bonds is not included in the fruits.
['T27n1545_064:0335a02_19']	若無色界見集所斷結盡。	若無色界見集所斷結盡。	If the abandonment of the bonds to be eliminated by seeing the origin in the formless realm is not included in the fruits,
['T27n1545_064:0335a03_8']	無有異生非果攝義。	無有異生非果攝義。	there is no meaning of ordinary beings not being included in the fruits.
['T27n1545_064:0335a03_13']	義如前說。	義如前說。	The meaning is as explained above.
['T27n1545_064:0335a04_5']	次第者集現觀一心頃。	次第者集現觀一心頃。	As for the sequence, at the time of one thought in the insight into the origin,
['T27n1545_064:0335a04_12']	滅現觀四心頃。	滅現觀四心頃。	at the time of four thoughts in the insight into cessation,
['T27n1545_064:0335a04_19']	道現觀三心頃。	道現觀三心頃。	at the time of three thoughts in the insight into the path,
['T27n1545_064:0335a05_6']	彼結盡非果攝。	彼結盡非果攝。	the abandonment of those bonds is not included in the fruits.
['T27n1545_064:0335a06_7']	若無色界見滅所斷結盡無有異生非果攝義。	若無色界見滅所斷結盡無有異生非果攝義。	If the abandonment of the bonds to be eliminated by seeing cessation in the formless realm is not included in the fruits, there is no meaning of ordinary beings not being included in the fruits.
['T27n1545_064:0335a06_12']	義如前說。	義如前說。	The meaning is as explained above.
['T27n1545_064:0335a07_4']	次第者滅現觀一心頃。	次第者滅現觀一心頃。	As for the sequence, at the time of one thought in the realization of cessation,
['T27n1545_064:0335a07_11']	道現觀三心頃。	道現觀三心頃。	at the time of three thoughts in the realization of the path,
['T27n1545_064:0335a07_18']	彼結盡非果攝。	彼結盡非果攝。	the abandonment of those bonds is not included in the fruits.
['T27n1545_064:0335a08_12']	若無色界見道所斷結盡何果攝。	若無色界見道所斷結盡何果攝。	If the abandonment of the bonds to be eliminated by seeing the path in the formless realm is included in which fruit?
['T27n1545_064:0335a08_18']	答四沙門果。	答四沙門果。	The answer is: the four fruits of the śramaṇa.
['T27n1545_064:0335a09_14']	謂彼結盡證預流果時即預流果攝。	謂彼結盡證預流果時即預流果攝。	That is to say, when the abandonment of those bonds is realized as the fruit of stream-entry, it is included in the fruit of stream-entry.
['T27n1545_064:0335a10_11']	乃至證阿羅漢果時即阿羅漢果攝。	乃至證阿羅漢果時即阿羅漢果攝。	Up to when it is realized as the fruit of arhatship, it is included in the fruit of arhatship.
['T27n1545_064:0335a11_3']	無有異生非果攝義。	無有異生非果攝義。	There is no meaning of ordinary beings not being included in the fruits.
['T27n1545_064:0335a11_8']	義如前說。	義如前說。	The meaning is as explained above.
['T27n1545_064:0335a11_18']	亦無次第者非果攝義。	亦無次第者非果攝義。	There is also no meaning of the sequence not being included in the fruits.
['T27n1545_064:0335a12_4']	所以者何。	所以者何。	Why is this?
['T27n1545_064:0335a12_15']	道類智忍滅時方斷彼盡。	道類智忍滅時方斷彼盡。	At the time of the cessation of the receptivity to the knowledge of the classes of the path, one abandons them.
['T27n1545_064:0335a13_10']	道類智生時隨其所應證前三果。	道類智生時隨其所應證前三果。	At the time of the arising of the knowledge of the classes of the path, one realizes the first three fruits according to their respective cases.
['T27n1545_064:0335a14_2']	彼結盡即前三果攝故。	彼結盡即前三果攝故。	The abandonment of those bonds is included in the first three fruits.
['T27n1545_064:0335a14_14']	無色界修所斷結盡何果攝。	無色界修所斷結盡何果攝。	In which fruit is the abandonment of the bonds to be eliminated by cultivation in the formless realm included?
['T27n1545_064:0335a15_1']	答阿羅漢果。	答阿羅漢果。	The answer is: the fruit of arhatship.
['T27n1545_064:0335a15_18']	謂彼結盡證阿羅漢果時即阿羅漢果攝。	謂彼結盡證阿羅漢果時即阿羅漢果攝。	That is to say, when one who has exhausted those bonds realizes the fruit of arhatship, it is included in the fruit of arhatship.
['T27n1545_064:0335a16_8']	無有異生非果攝義。	無有異生非果攝義。	There is no meaning of non-fruit that is not a common person.
['T27n1545_064:0335a16_13']	義如前說。	義如前說。	The meaning is as explained above.
['T27n1545_064:0335a17_5']	亦無次第者非果攝義。	亦無次第者非果攝義。	There is also no meaning of non-fruit that is not in sequence.
['T27n1545_064:0335a17_10']	所以者何。	所以者何。	Why is this?
['T27n1545_064:0335a18_3']	金剛喻定現在前時方斷盡。	金剛喻定現在前時方斷盡。	When the diamond-like concentration is present, it is precisely exhausted.
['T27n1545_064:0335a19_7']	初盡智生時證阿羅漢果彼結盡即阿羅漢果攝故。	初盡智生時證阿羅漢果彼結盡即阿羅漢果攝故。	When the first knowledge of exhaustion arises, one realizes the fruit of arhatship. Those bonds that are exhausted are included in the fruit of arhatship.🔽Here is the corrected and aligned text:🔽Here is the corrected and aligned text:
['T27n1545_064:0335a20_100']	說一切有部發智大毘婆沙論卷第六十四	說一切有部發智大毘婆沙論卷第六十四	Here is the corrected and aligned text:
