segmentnr	original	analyzed	translated
['T27n1545_111:0573a02_0']	阿毘達磨大毘婆沙論卷第一百	阿毘達磨大毘婆沙論卷第一百	Abhidharma-mahāvibhāṣā-śāstra, fascicle 101
['T27n1545_111:0573a03_0']	一十一	一十一	eleven
['T27n1545_111:0573a05_0']	五百大阿羅漢等造	五百大阿羅漢等造	composed by 500 great arhats and others
['T27n1545_111:0573a08_5']	三藏法師玄奘奉　詔譯3智蘊第三中七聖納息第五之三若成就法智。	三藏法師玄奘奉　詔譯3智蘊第三中七聖納息第五之三若成就法智。	tripiṭaka master Xuanzang respectfully received
['T27n1545_111:0573a08_10']	彼類智耶。	彼類智耶。	Is it the class of subsequent cognition?
['T27n1545_111:0573a08_14']	答若得。	答若得。	Answer: If attained.
['T27n1545_111:0573a08_19']	此中得者。	此中得者。	In this context, attainment means
['T27n1545_111:0573a09_3']	已得名得。	已得名得。	having already attained.
['T27n1545_111:0573a09_12']	謂苦類智現前以後。	謂苦類智現前以後。	It means after the present manifestation of the subsequent cognition of suffering.
['T27n1545_111:0573a10_2']	後諸得言皆准此釋。	後諸得言皆准此釋。	The subsequent attainment of all [cognitions] is explained in the same way.
['T27n1545_111:0573a10_12']	設成就類智彼法智耶。	設成就類智彼法智耶。	If one has attained the class of cognition, does one also have the cognition of dharmas?
['T27n1545_111:0573a10_16']	答如是。	答如是。	Answer: So it is.
['T27n1545_111:0573a11_5']	謂苦法智現前以後。	謂苦法智現前以後。	It means after the present manifestation of the cognition of dharmas of suffering.
['T27n1545_111:0573a11_14']	法智苦智恒成就故。	法智苦智恒成就故。	Because the cognition of dharmas and the cognition of suffering are always attained.
['T27n1545_111:0573a12_6']	若成就法智彼他心智耶。	若成就法智彼他心智耶。	If one has attained the cognition of dharmas, does one also have the cognition of others' minds?
['T27n1545_111:0573a12_12']	答若得不失。	答若得不失。	Answer: If attained and not lost.
['T27n1545_111:0573a12_17']	此中得者。	此中得者。	In this context, attainment means
['T27n1545_111:0573a13_3']	謂已離欲染。	謂已離欲染。	having already become free from the defilements of the desire realm.
['T27n1545_111:0573a13_7']	不失者。	不失者。	Not lost means
['T27n1545_111:0573a13_16']	謂不退起欲界煩惱。	謂不退起欲界煩惱。	not regressing and giving rise to the defilements of the desire realm.
['T27n1545_111:0573a14_8']	設成就他心智彼法智耶。	設成就他心智彼法智耶。	If one has attained the cognition of others' minds, does one also have the cognition of dharmas?
['T27n1545_111:0573a15_2']	答若得謂苦法智現前以後。	答若得謂苦法智現前以後。	Answer: If attained, it means after the present manifestation of the cognition of dharmas of suffering.
['T27n1545_111:0573a15_13']	若成就法智彼世俗智耶。	若成就法智彼世俗智耶。	If one has attained the cognition of dharmas, does one also have conventional cognition?
['T27n1545_111:0573a15_17']	答如是。	答如是。	Answer: Yes.
['T27n1545_111:0573a16_11']	一切有情無不成就世俗智故。	一切有情無不成就世俗智故。	Because all sentient beings do not fail to accomplish conventional knowledge.
['T27n1545_111:0573a17_5']	設成就世俗智彼法智耶。	設成就世俗智彼法智耶。	If one accomplishes conventional knowledge, does one also accomplish dharma knowledge?
['T27n1545_111:0573a17_9']	答若得。	答若得。	Answer: If obtained.
['T27n1545_111:0573a17_18']	謂苦法智現前以後。	謂苦法智現前以後。	That is, after the present suffering dharma knowledge.
['T27n1545_111:0573a18_7']	餘智一行如文廣說。	餘智一行如文廣說。	The remaining knowledges are explained in detail according to the text.
['T27n1545_111:0573a18_17']	然法智類智及四諦智。	然法智類智及四諦智。	However, dharma knowledge, inferential knowledge, and the knowledge of the four truths,
['T27n1545_111:0573a19_10']	若得以後恒時成就他心智。	若得以後恒時成就他心智。	if obtained afterwards, are always accomplished. As for the knowledge of others' minds,
['T27n1545_111:0573a19_18', 'T27n1545_111:0573a20_8']	有漏者已離欲染。🔽若不退起欲界煩惱。	有漏者已離欲染。 若不退起欲界煩惱。	those with outflows, having already become free from the defilements of the desire realm,
['T27n1545_111:0573a21_2']	及不生無色界恒時成就。	及不生無色界恒時成就。	if they do not give rise to the defilements of the desire realm and do not take rebirth in the formless realm, always accomplish it.
['T27n1545_111:0573a21_10']	無漏者已離欲染。	無漏者已離欲染。	As for the uncontaminated [knowledge of others' minds], having already become free from the defilements of the desire realm,
['T27n1545_111:0573a22_5']	若不退起欲界煩惱恒時成就。	若不退起欲界煩惱恒時成就。	if they do not give rise to the defilements of the desire realm, they always accomplish it.
['T27n1545_111:0573a22_17']	世俗智一切有情恒時成就。	世俗智一切有情恒時成就。	As for conventional knowledge, all sentient beings always accomplish it.
['T27n1545_111:0573a23_7', 'T27n1545_111:0573a24_7']	是謂此處略毘婆沙。🔽若成就過去法智。	是謂此處略毘婆沙。 若成就過去法智。	This is the brief explanation of this topic.🔽If one accomplishes past dharma knowledge,
['T27n1545_111:0573a24_12']	彼未來耶。	彼未來耶。	does one also accomplish future [dharma knowledge]?
['T27n1545_111:0573a24_16']	答如是。	答如是。	Answer: Yes.
['T27n1545_111:0573a25_4']	此成就過去者。	此成就過去者。	Those who accomplish the past [dharma knowledge]
['T27n1545_111:0573a25_11']	必成就未來故。	必成就未來故。	necessarily also accomplish the future [dharma knowledge].
['T27n1545_111:0573a25_16']	此在何位。	此在何位。	In what state is this [accomplished]?
['T27n1545_111:0573a26_5']	謂已入正性離生。	謂已入正性離生。	It refers to those who have already entered the state of certainty of attaining nirvana.
['T27n1545_111:0573a26_13']	苦現觀後二心頃。	苦現觀後二心頃。	The two moments of mind after the realization of suffering.
['T27n1545_111:0573a27_3']	集滅現觀各四心頃。	集滅現觀各四心頃。	The four moments of mind for each of the realizations of the origin, cessation,
['T27n1545_111:0573a27_10']	道現觀三心頃。	道現觀三心頃。	and three moments of mind for the realization of the path.
['T27n1545_111:0573a27_16']	得四沙門果。	得四沙門果。	Attaining the four fruits of the śramaṇa.
['T27n1545_111:0573a28_5']	及學無學練根已。	及學無學練根已。	And after perfecting the faculties of the learner and post-learner.
['T27n1545_111:0573a28_13']	若法智已滅不失。	若法智已滅不失。	If the knowledge of the dharma has already ceased and not been lost,
['T27n1545_111:0573a29_1']	設成就未來。	設成就未來。	if one possesses future [knowledge of the dharma],
['T27n1545_111:0573a29_6']	彼過去耶。	彼過去耶。	does one also possess past [knowledge of the dharma]?
['T27n1545_111:0573a29_16']	答若已滅不失則成就。	答若已滅不失則成就。	Answer: If it has already ceased and not been lost, then one possesses it.
['T27n1545_111:0573b01_4']	謂前所說諸位。	謂前所說諸位。	It refers to the above-mentioned states.
['T27n1545_111:0573b01_16']	若未滅設滅已失則不成就。	若未滅設滅已失則不成就。	If it has not yet ceased, or if it has ceased but been lost, then one does not possess it.
['T27n1545_111:0573b02_2']	此在何位。	此在何位。	In what state is this?
['T27n1545_111:0573b02_10']	謂已入正性離生。	謂已入正性離生。	It refers to those who have already entered the state of certainty of attaining nirvana.
['T27n1545_111:0573b02_17']	苦現觀一心頃。	苦現觀一心頃。	At the moment of one mind during the realization of suffering.
['T27n1545_111:0573b03_8']	謂苦法智時得四沙門果。	謂苦法智時得四沙門果。	At the time of the knowledge of the dharma of suffering, one attains the four fruits of the śramaṇa.
['T27n1545_111:0573b03_16']	及學無學練根已。	及學無學練根已。	And after perfecting the faculties of the learner and post-learner.
['T27n1545_111:0573b04_6']	法智未滅設滅已失。	法智未滅設滅已失。	The knowledge of the dharma has not yet ceased, or if it has ceased, it has been lost.
['T27n1545_111:0573b04_16']	謂得果練根或退故失。	謂得果練根或退故失。	Because of attaining the fruits, perfecting the faculties, or regressing and losing them.
['T27n1545_111:0573b05_5']	若成就過去法智。	若成就過去法智。	If one possesses past knowledge of the dharma,
['T27n1545_111:0573b05_10']	彼現在耶。	彼現在耶。	does one also possess the present [knowledge of the dharma]?
['T27n1545_111:0573b05_16']	答若現在前。	答若現在前。	Answer: If it is presently manifest.
['T27n1545_111:0573b06_5']	謂若不起類智諸忍。	謂若不起類智諸忍。	If one does not arouse the various forbearances of the class of knowledge of the path,
['T27n1545_111:0573b06_14']	或世俗智非無心位。	或世俗智非無心位。	or worldly cognition, or when one is in a mindless state,
['T27n1545_111:0573b07_4']	爾時法智定現在前。	爾時法智定現在前。	at that time cognition of the law is definitely present.
['T27n1545_111:0573b07_9']	此在何位。	此在何位。	In what state is this?
['T27n1545_111:0573b07_17']	謂已入正性離生。	謂已入正性離生。	It is said that one who has already entered the state of certainty of liberation,
['T27n1545_111:0573b08_8']	集滅道現觀各一心頃。	集滅道現觀各一心頃。	in the state of insight into the truth of accumulation, cessation, and the path, each for one moment,
['T27n1545_111:0573b09_1']	謂三法智時得四沙門果。	謂三法智時得四沙門果。	that is, at the time of the three cognitions of the law, attains the four fruits of the śramaṇa,
['T27n1545_111:0573b09_9']	及學無學練根已。	及學無學練根已。	and those in training and those beyond training have already perfected their faculties.
['T27n1545_111:0573b10_2']	若法智已滅不失及現在前。	若法智已滅不失及現在前。	If cognition of the law has already ceased but not been lost, and is present,
['T27n1545_111:0573b10_8']	設成就現在。	設成就現在。	if one possesses it in the present,
['T27n1545_111:0573b10_13']	彼過去耶。	彼過去耶。	does one also possess it in the past?
['T27n1545_111:0573b11_2']	答已滅不失則成就。	答已滅不失則成就。	The answer is: If it has already ceased but not been lost, then one possesses it.
['T27n1545_111:0573b11_11']	此如次前所說諸位。	此如次前所說諸位。	This is as explained in the above states.
['T27n1545_111:0573b12_4']	若未滅設滅已失則不成就。	若未滅設滅已失則不成就。	If it has not yet ceased, or if it has ceased but been lost, then one does not possess it.
['T27n1545_111:0573b12_9']	此在何位。	此在何位。	In what state is this?
['T27n1545_111:0573b13_5']	謂已入正性離生苦現觀一心頃。	謂已入正性離生苦現觀一心頃。	It is said that one who has already entered the state of certainty of liberation, in the state of insight into the truth of suffering, for one moment,
['T27n1545_111:0573b13_16']	謂苦法智時得四沙門果。	謂苦法智時得四沙門果。	that is, at the time of cognition of the truth of suffering, attains the four fruits of the śramaṇa,
['T27n1545_111:0573b14_5']	及學無學練根已。	及學無學練根已。	and those in training and those beyond training have already perfected their faculties.
['T27n1545_111:0573b14_16']	若法智未已滅設滅已失。	若法智未已滅設滅已失。	If cognition of the law has not yet ceased, or if it has ceased but been lost,
['T27n1545_111:0573b15_4']	而法智現在前。	而法智現在前。	and cognition of the law is present,
['T27n1545_111:0573b15_16']	若成就未來法智彼現在耶。	若成就未來法智彼現在耶。	If one possesses future dharma cognition, does one possess present [dharma cognition]?
['T27n1545_111:0573b16_3']	答若現在前。	答若現在前。	The answer is: If it is presently manifest.
['T27n1545_111:0573b16_8']	此在何位。	此在何位。	In what state is this?
['T27n1545_111:0573b16_16']	謂已入正性離生。	謂已入正性離生。	It is said to be in the state of having already entered the certainty of attaining nirvana.
['T27n1545_111:0573b17_8']	苦集滅道現觀各一心頃。	苦集滅道現觀各一心頃。	In the case of the four truths, each with one moment of cognition, whether of suffering, origination, cessation, or path.
['T27n1545_111:0573b18_1']	謂四法智時得四沙門果。	謂四法智時得四沙門果。	It is said that at the time of the four dharma cognitions, one attains the four fruits of the śramaṇa.
['T27n1545_111:0573b18_9']	及學無學練根已。	及學無學練根已。	And for those in training and those beyond training, after perfecting the faculties.
['T27n1545_111:0573b18_16']	若法智現在前。	若法智現在前。	If dharma cognition is presently manifest.
['T27n1545_111:0573b19_6']	設成就現在彼未來耶。	設成就現在彼未來耶。	If one possesses present [dharma cognition], does one also possess future [dharma cognition]?
['T27n1545_111:0573b19_10']	答如是。	答如是。	The answer is: So it is.
['T27n1545_111:0573b20_7']	若成就現在法智者必成就未來故。	若成就現在法智者必成就未來故。	This is because one who possesses present dharma cognition necessarily possesses future [dharma cognition].
['T27n1545_111:0573b21_4']	若成就過去法智彼未來現在耶。	若成就過去法智彼未來現在耶。	If one possesses past dharma cognition, does one also possess future and present [dharma cognition]?
['T27n1545_111:0573b21_11']	答未來定成就。	答未來定成就。	The answer is: One definitely possesses future [dharma cognition].
['T27n1545_111:0573b21_18']	現在若現在前。	現在若現在前。	As for the present [dharma cognition], if it is presently manifest.
['T27n1545_111:0573b22_9']	此如前成就過去現在說。	此如前成就過去現在說。	This is as explained above for possessing past and present [dharma cognition].
['T27n1545_111:0573b23_3']	設成就未來現在彼過去耶。	設成就未來現在彼過去耶。	If one possesses future and present [dharma cognition], does one also possess past [dharma cognition]?
['T27n1545_111:0573b23_13']	答若已滅不失則成就。	答若已滅不失則成就。	The answer is: If it has already ceased but not been lost, then one possesses it.
['T27n1545_111:0573b24_6']	若未滅設滅已失則不成就。	若未滅設滅已失則不成就。	If it has not yet ceased, or if it has ceased but been lost, then one does not possess it.
['T27n1545_111:0573b24_11']	此如前說。	此如前說。	This is as explained above.
['T27n1545_111:0573b25_3']	設成就現在彼過去耶。	設成就現在彼過去耶。	If one possesses the present [knowledge of the future non-arising of contaminated dharmas], does one also possess the past [knowledge of the future non-arising of contaminated dharmas]?
['T27n1545_111:0573b25_18']	設若成就未來法智彼過去現在耶。	設若成就未來法智彼過去現在耶。	If one possesses the future knowledge of dharmas, does one also possess the past and present [knowledge of dharmas]?
['T27n1545_111:0573b26_4']	答有未來。	答有未來。	The answer is: There is [possession of the future knowledge of dharmas]
['T27n1545_111:0573b26_10']	非過去現在。	非過去現在。	but not the past and present [knowledge of dharmas].
['T27n1545_111:0573b26_15']	謂彼已得。	謂彼已得。	This refers to one who has already attained
['T27n1545_111:0573b27_7']	未滅設滅已失不現在前。	未滅設滅已失不現在前。	but has not yet extinguished, or has extinguished but lost, and is not presently experiencing [the knowledge of dharmas].
['T27n1545_111:0573b27_17']	此中已得者顯有未來。	此中已得者顯有未來。	Here, has already attained shows the existence of the future [knowledge of dharmas].
['T27n1545_111:0573b28_7']	未滅設滅已失者。	未滅設滅已失者。	Has not yet extinguished, or has extinguished but lost
['T27n1545_111:0573b28_12']	顯無過去。	顯無過去。	shows the absence of the past [knowledge of dharmas].
['T27n1545_111:0573b28_18']	不現在前者。	不現在前者。	Is not presently experiencing
['T27n1545_111:0573b29_4']	顯無現在。	顯無現在。	shows the absence of the present [knowledge of dharmas].
['T27n1545_111:0573b29_9']	此在何位。	此在何位。	In what state is this [knowledge of dharmas]?
['T27n1545_111:0573b29_16']	謂得四沙門果。	謂得四沙門果。	It refers to one who has attained the four fruits of the śramaṇa
['T27n1545_111:0573c01_5']	及學無學練根已。	及學無學練根已。	and has perfected the faculties of the learner and post-learner.
['T27n1545_111:0573c01_13']	若法智未已起滅。	若法智未已起滅。	If the knowledge of dharmas has not yet arisen and been extinguished,
['T27n1545_111:0573c02_2']	先已起滅者已失。	先已起滅者已失。	those that have already arisen and been extinguished have already been lost.
['T27n1545_111:0573c02_8']	及不現在前。	及不現在前。	And are not presently being experienced.
['T27n1545_111:0573c02_18', 'T27n1545_111:0573c03_10']	有未來及過去非現在。🔽謂彼已滅不失不現在前。	有未來及過去非現在。 謂彼已滅不失不現在前。	There is [possession of the future and past knowledge of dharmas] but not the present [knowledge of dharmas].🔽This refers to one who has already extinguished [the knowledge of dharmas] but has not lost it, and is not presently experiencing it.
['T27n1545_111:0573c03_18']	此中已滅不失者。	此中已滅不失者。	Here, has already extinguished but has not lost
['T27n1545_111:0573c04_4']	顯有過去。	顯有過去。	shows the existence of the past [knowledge of dharmas].
['T27n1545_111:0573c04_14']	不現在前者顯無現在。	不現在前者顯無現在。	Is not presently experiencing shows the absence of the present [knowledge of dharmas].
['T27n1545_111:0573c05_5']	但有過去必有未來。	但有過去必有未來。	But if there is past, there must be future.
['T27n1545_111:0573c05_10']	此在何位。	此在何位。	In what state is this?
['T27n1545_111:0573c05_18']	謂已入正性離生。	謂已入正性離生。	It refers to one who has already entered the state of certainty of liberation.
['T27n1545_111:0573c06_7']	苦現觀後二心頃。	苦現觀後二心頃。	In the last two moments of the insight into suffering.
['T27n1545_111:0573c06_16']	集滅現觀各三心頃。	集滅現觀各三心頃。	In the three moments of the insight into the origin and cessation of suffering.
['T27n1545_111:0573c07_2']	除法智時。	除法智時。	Excluding the time of the knowledge of dharmas.
['T27n1545_111:0573c07_10']	道現觀二忍心頃。	道現觀二忍心頃。	In the two moments of acceptance in the insight into the path.
['T27n1545_111:0573c07_16']	得四沙門果。	得四沙門果。	Attaining the four fruits of the śramaṇa.
['T27n1545_111:0573c08_5']	及學無學練根已。	及學無學練根已。	And after perfecting the faculties of the learner and post-learner.
['T27n1545_111:0573c08_17']	若法智已滅不失不現在前。	若法智已滅不失不現在前。	If the knowledge of dharmas has already ceased, is not lost, and is not present,
['T27n1545_111:0573c09_8']	有未來及現在非過去。	有未來及現在非過去。	There is future and present, but not past.
['T27n1545_111:0573c10_2']	謂彼現在前未滅設滅已失。	謂彼現在前未滅設滅已失。	It refers to when it is present and has not ceased, or even if it has ceased, it is lost.
['T27n1545_111:0573c10_9']	此中現在前者。	此中現在前者。	Among them, being present
['T27n1545_111:0573c10_16']	顯有現在未滅。	顯有現在未滅。	Shows that there is present and not yet ceased.
['T27n1545_111:0573c11_3']	設滅已失者。	設滅已失者。	Even if it has ceased, it is lost.
['T27n1545_111:0573c11_8']	顯無過去。	顯無過去。	Shows that there is no past.
['T27n1545_111:0573c11_17']	但有現在必有未來。	但有現在必有未來。	If there is only present, there must be future.
['T27n1545_111:0573c12_3']	此在何位。	此在何位。	In what state is this?
['T27n1545_111:0573c12_11']	謂已入正性離生。	謂已入正性離生。	It refers to one who has already entered the state of certainty of liberation.
['T27n1545_111:0573c12_18']	苦現觀一心頃。	苦現觀一心頃。	In the one moment of the insight into suffering.
['T27n1545_111:0573c13_10']	謂苦法智時得四沙門果。	謂苦法智時得四沙門果。	It refers to the time of the knowledge of dharmas regarding suffering. Attaining the four fruits of the śramaṇa.
['T27n1545_111:0573c13_18']	及學無學練根已。	及學無學練根已。	And after perfecting the faculties of the learner and post-learner.
['T27n1545_111:0573c14_13']	若法智未滅先滅已失而現在前。	若法智未滅先滅已失而現在前。	If dharma cognition has not yet ceased, has already ceased and been lost, but is present,
['T27n1545_111:0573c15_4']	有未來及過去現在。	有未來及過去現在。	it has future and past and present.
['T27n1545_111:0573c15_15']	謂彼已滅不失亦現在前。	謂彼已滅不失亦現在前。	This means that it has already ceased and not been lost, and is also present.
['T27n1545_111:0573c16_4']	此中已滅不失者。	此中已滅不失者。	Here, has already ceased and not been lost
['T27n1545_111:0573c16_9']	顯有過去。	顯有過去。	shows that it has past.
['T27n1545_111:0573c16_15']	亦現在前者。	亦現在前者。	And is also present
['T27n1545_111:0573c17_1']	顯有現在。	顯有現在。	shows that it has present.
['T27n1545_111:0573c17_12']	若有過去現在必有未來。	若有過去現在必有未來。	If one has past and present, one must have future.
['T27n1545_111:0573c18_5']	此如前成就過去現在說。	此如前成就過去現在說。	This is like the explanation of attaining past and present above.
['T27n1545_111:0573c18_17']	設成就過去現在彼未來耶。	設成就過去現在彼未來耶。	If one attains past and present, does one have future?
['T27n1545_111:0573c19_2']	答如是。	答如是。	The answer is yes.
['T27n1545_111:0573c19_10']	但成就過去現在。	但成就過去現在。	One who only attains past and present
['T27n1545_111:0573c19_17']	必成就未來故。	必成就未來故。	must attain future.
['T27n1545_111:0573c20_6']	若成就現在法智。	若成就現在法智。	If one attains present dharma cognition,
['T27n1545_111:0573c20_13']	彼過去未來耶。	彼過去未來耶。	does one have past and future?
['T27n1545_111:0573c21_2']	答未來定成就。	答未來定成就。	The answer is: One definitely attains future.
['T27n1545_111:0573c21_13']	過去若已滅不失則成就。	過去若已滅不失則成就。	Past, if already ceased and not lost, one attains it.
['T27n1545_111:0573c22_4']	如前成就三世位說。	如前成就三世位說。	As explained above in the section on attaining the three times.
['T27n1545_111:0573c22_16']	若未滅設滅已失則不成就。	若未滅設滅已失則不成就。	If it has not yet ceased, or if it has ceased but been lost, one does not attain it.
['T27n1545_111:0573c23_10']	如前成就未來現在非過去說。	如前成就未來現在非過去說。	As explained above in the section on attaining future and present but not past.
['T27n1545_111:0573c23_18']	設成就過去未來。	設成就過去未來。	If one possesses past and future,
['T27n1545_111:0573c24_4']	彼現在耶。	彼現在耶。	does one possess the present?
['T27n1545_111:0573c24_17']	若現在前如前成就三世位說。	若現在前如前成就三世位說。	If it is present, it is as explained in the section on the three times of accomplishment.
['T27n1545_111:0573c25_4']	如法智歷六。	如法智歷六。	Just as knowledge of dharmas has six,
['T27n1545_111:0573c25_14']	類苦集滅道智亦爾者。	類苦集滅道智亦爾者。	knowledge of suffering, origin, cessation, and path are also like this.
['T27n1545_111:0573c26_7']	如法智依三世有六句問答。	如法智依三世有六句問答。	Just as knowledge of dharmas has six statements in terms of the three times,
['T27n1545_111:0573c26_16']	類苦集滅道智亦爾。	類苦集滅道智亦爾。	knowledge of suffering, origin, cessation, and path are also like this.
['T27n1545_111:0573c27_3']	有差別者。	有差別者。	There are differences.
['T27n1545_111:0573c27_12']	各說自名隨應而說。	各說自名隨應而說。	Each is explained by its own name as appropriate.
['T27n1545_111:0573c28_8']	若成就過去他心智。	若成就過去他心智。	If one possesses past knowledge of others' minds,
['T27n1545_111:0573c28_13']	彼未來耶。	彼未來耶。	does one possess the future?
['T27n1545_111:0573c28_17']	答如是。	答如是。	The answer is: Yes.
['T27n1545_111:0573c29_10']	但成就過去必成就未來故。	但成就過去必成就未來故。	This is because if one only possesses the past, one necessarily possesses the future.
['T27n1545_111:0574a01_6']	此在何位謂生欲界已離欲染。	此在何位謂生欲界已離欲染。	This refers to the stage of birth in the desire realm, already free from the defilements of desire,
['T27n1545_111:0574a01_14']	若生色界若學者。	若生色界若學者。	or birth in the form realm, or the learner.
['T27n1545_111:0574a02_10']	在欲色界已起無漏他心智不失。	在欲色界已起無漏他心智不失。	In the desire and form realms, having already produced the uncontaminated knowledge of others' minds without losing it,
['T27n1545_111:0574a03_4']	生無色界未得無學果。	生無色界未得無學果。	born in the formless realm, not yet attaining the fruit of arhatship.
['T27n1545_111:0574a03_14']	設成就未來彼過去耶。	設成就未來彼過去耶。	If one possesses the future, does one possess the past?
['T27n1545_111:0574a04_6']	答若已滅不失則成就。	答若已滅不失則成就。	The answer is: If it has already ceased and is not lost, then one possesses it.
['T27n1545_111:0574a04_15']	此如次前所說諸位。	此如次前所說諸位。	These correspond to the various stages mentioned above.
['T27n1545_111:0574a05_8']	若未滅設滅已失則不成就。	若未滅設滅已失則不成就。	If it has not yet ceased, or has ceased but been lost, then it is not accomplished.
['T27n1545_111:0574a05_13']	此在何位。	此在何位。	In what state is this?
['T27n1545_111:0574a06_3']	謂學者在欲色界。	謂學者在欲色界。	It refers to learners in the desire and form realms.
['T27n1545_111:0574a06_11']	未起無漏他心智。	未起無漏他心智。	Who have not yet given rise to the uncontaminated knowledge of others' minds.
['T27n1545_111:0574a06_16']	設起已失。	設起已失。	Even if it has arisen, it has been lost.
['T27n1545_111:0574a07_6']	生無色界設起不失。	生無色界設起不失。	Born in the formless realm, even if it has arisen, it has not been lost.
['T27n1545_111:0574a07_15']	生無色界得無學果。	生無色界得無學果。	Born in the formless realm, attaining the fruit of arhatship.
['T27n1545_111:0574a08_6']	若成就過去他心智。	若成就過去他心智。	If one accomplishes past knowledge of others' minds,
['T27n1545_111:0574a08_11']	彼現在耶。	彼現在耶。	does one also accomplish the present?
['T27n1545_111:0574a08_17']	答若現在前。	答若現在前。	The answer is: if it is presently manifest.
['T27n1545_111:0574a09_6']	謂若不起餘智諸忍。	謂若不起餘智諸忍。	That is to say, if one does not give rise to other knowledges or forbearances,
['T27n1545_111:0574a09_11']	非無心位。	非無心位。	and is not in a mindless state.
['T27n1545_111:0574a10_2']	爾時此智定現在前。	爾時此智定現在前。	At that time, this knowledge definitely manifests in the present.
['T27n1545_111:0574a10_7']	此在何位。	此在何位。	In what state is this?
['T27n1545_111:0574a10_12']	謂諸聖者。	謂諸聖者。	It refers to the noble ones.
['T27n1545_111:0574a10_17']	或諸異生。	或諸異生。	Or to ordinary beings.
['T27n1545_111:0574a11_10']	生欲色界此他心智現在前時。	生欲色界此他心智現在前時。	When this knowledge of others' minds manifests in the desire and form realms.
['T27n1545_111:0574a11_16']	設成就現在。	設成就現在。	Even if one accomplishes the present,
['T27n1545_111:0574a12_2']	彼過去耶。	彼過去耶。	does one also accomplish the past?
['T27n1545_111:0574a12_6']	答如是。	答如是。	The answer is: it is so.
['T27n1545_111:0574a12_15']	此如次前所說諸位。	此如次前所說諸位。	This corresponds to the various stages mentioned above.
['T27n1545_111:0574a13_5']	若他心智現在前時。	若他心智現在前時。	When the knowledge of others' minds manifests,
['T27n1545_111:0574a13_16']	必成就過去有漏他心智。	必成就過去有漏他心智。	One necessarily accomplishes past contaminated knowledge of others' minds.
['T27n1545_111:0574a14_4']	無漏者則不定。	無漏者則不定。	The uncontaminated is then indefinite.
['T27n1545_111:0574a14_13']	若成就未來他心智。	若成就未來他心智。	If one accomplishes future knowledge of others' minds,
['T27n1545_111:0574a14_18']	彼現在耶。	彼現在耶。	does one also accomplish the present?
['T27n1545_111:0574a15_4']	答若現在前。	答若現在前。	The answer is: If it is present.
['T27n1545_111:0574a15_15', 'T27n1545_111:0574a16_2']	此如前成就過去現在說。🔽設成就現在。	此如前成就過去現在說。 設成就現在。	This is as explained above for accomplishing past and present.🔽If one accomplishes the present,
['T27n1545_111:0574a16_7']	彼未來耶。	彼未來耶。	does one also accomplish the future?
['T27n1545_111:0574a16_11']	答如是。	答如是。	The answer is: Yes.
['T27n1545_111:0574a17_3']	但成就現在必有未來故。	但成就現在必有未來故。	This is because one who necessarily accomplishes the present also has the future.
['T27n1545_111:0574a17_12']	若成就過去他心智。	若成就過去他心智。	If one accomplishes past knowledge of others' minds,
['T27n1545_111:0574a18_1']	彼未來現在耶。	彼未來現在耶。	does one also accomplish the future and present?
['T27n1545_111:0574a18_8']	答未來定成就。	答未來定成就。	The answer is: One definitely accomplishes the future.
['T27n1545_111:0574a18_15']	現在若現在前。	現在若現在前。	The present, if present.
['T27n1545_111:0574a18_20']	此在何位。	此在何位。	In what state is this?
['T27n1545_111:0574a19_8']	謂他心智現在前時。	謂他心智現在前時。	It is said: When knowledge of others' minds is present,
['T27n1545_111:0574a19_17']	即欲色界異生聖者。	即欲色界異生聖者。	it is in the desire and form realms for ordinary beings and noble ones.
['T27n1545_111:0574a20_6']	設成就未來現在。	設成就未來現在。	If one accomplishes the future and present,
['T27n1545_111:0574a20_11']	彼過去耶。	彼過去耶。	does one also accomplish the past?
['T27n1545_111:0574a20_15']	答如是。	答如是。	The answer is: Yes.
['T27n1545_111:0574a21_5']	此如次前所說諸位。	此如次前所說諸位。	This is as explained in the previous states.
['T27n1545_111:0574a21_14']	若成就未來他心智。	若成就未來他心智。	If one accomplishes future knowledge of others' minds,
['T27n1545_111:0574a22_2']	彼過去現在耶。	彼過去現在耶。	does one also accomplish the past and present?
['T27n1545_111:0574a22_7']	答有未來。	答有未來。	The answer is: There is the future.
['T27n1545_111:0574a22_13']	非過去現在。	非過去現在。	Not past or present.
['T27n1545_111:0574a23_1']	謂彼已得不失。	謂彼已得不失。	It means that which has been obtained and not lost.
['T27n1545_111:0574a23_12']	未滅設滅已失不現在前。	未滅設滅已失不現在前。	Not yet extinguished, or even if extinguished, already lost, not presently manifest.
['T27n1545_111:0574a24_1']	此中已得不失者。	此中已得不失者。	Here, that which has been obtained and not lost
['T27n1545_111:0574a24_6']	顯有未來。	顯有未來。	Shows that there is a future.
['T27n1545_111:0574a24_14']	未滅設滅已失者。	未滅設滅已失者。	Not yet extinguished, or even if extinguished, already lost
['T27n1545_111:0574a24_19', 'T27n1545_111:0574a25_5']	顯無過去。🔽不現在前者。	顯無過去。 不現在前者。	Shows that there is no past.🔽Not presently manifest
['T27n1545_111:0574a25_10']	顯無現在。	顯無現在。	Shows that there is no present.
['T27n1545_111:0574a25_15']	此在何位。	此在何位。	In what state is this?
['T27n1545_111:0574a26_5']	謂若學者在欲色界。	謂若學者在欲色界。	It means if a learner is in the desire or form realms,
['T27n1545_111:0574a26_13']	未起無漏他心智。	未起無漏他心智。	Has not yet aroused the uncontaminated knowledge of others' minds,
['T27n1545_111:0574a26_18']	設起已失。	設起已失。	Even if aroused, has already lost it.
['T27n1545_111:0574a27_8']	生無色界設起不失。	生無色界設起不失。	If born in the formless realm, even if aroused, has not lost it.
['T27n1545_111:0574a27_17']	生無色界得無學果。	生無色界得無學果。	If born in the formless realm and attained the fruit of no-more-training,
['T27n1545_111:0574a28_6']	有未來及過去。	有未來及過去。	There is a future and a past,
['T27n1545_111:0574a28_10']	非現在。	非現在。	But not a present.
['T27n1545_111:0574a29_2']	謂彼已滅不失不現在前。	謂彼已滅不失不現在前。	It means that which has already been extinguished, not lost, and not presently manifest.
['T27n1545_111:0574a29_7']	此在何位。	此在何位。	In what state is this?
['T27n1545_111:0574a29_16']	謂生欲界已離欲染。	謂生欲界已離欲染。	It means if born in the desire realm and already free from the defilements of desire,
['T27n1545_111:0574b01_5']	他心智不現在前。	他心智不現在前。	The knowledge of others' minds is not presently manifest.
['T27n1545_111:0574b01_17']	若生色界他心智不現在前。	若生色界他心智不現在前。	If born in the form realm, the knowledge of others' minds is not presently manifest.
['T27n1545_111:0574b02_6']	若學者在欲色界。	若學者在欲色界。	If a learner is in the desire or form realms,
['T27n1545_111:0574b02_16']	已起無漏他心智不失。	已起無漏他心智不失。	If one has already produced uncontaminated knowledge of others' minds and has not lost it,
['T27n1545_111:0574b03_16']	生無色界未得無學果有未來及過去現在。	生無色界未得無學果有未來及過去現在。	if one is born in the formless realm and has not yet attained the fruit of arhatship, one has future, past, and present [knowledge of others' minds].
['T27n1545_111:0574b04_5']	謂彼現在前。	謂彼現在前。	That is, when it is present.
['T27n1545_111:0574b04_15']	即生欲色界異生聖者。	即生欲色界異生聖者。	If one is born in the desire or form realms as an ordinary person or an ārya,
['T27n1545_111:0574b05_5']	他心智現在前時。	他心智現在前時。	when knowledge of others' minds is present,
['T27n1545_111:0574b05_13']	設成就過去現在。	設成就過去現在。	even if one possesses past and present [knowledge of others' minds],
['T27n1545_111:0574b05_18']	彼未來耶。	彼未來耶。	does one have future [knowledge of others' minds]?
['T27n1545_111:0574b06_3']	答如是。	答如是。	The answer is: so it is.
['T27n1545_111:0574b06_12']	此如次前所說諸位。	此如次前所說諸位。	This is as explained in the above various states.
['T27n1545_111:0574b07_3']	若成就現在他心智。	若成就現在他心智。	If one possesses present knowledge of others' minds,
['T27n1545_111:0574b07_10']	彼過去未來耶。	彼過去未來耶。	does one have past and future [knowledge of others' minds]?
['T27n1545_111:0574b07_14']	答如是。	答如是。	The answer is: so it is.
['T27n1545_111:0574b08_4']	亦如次前所說諸位。	亦如次前所說諸位。	This is also as explained in the above various states.
['T27n1545_111:0574b08_12']	設成就過去未來。	設成就過去未來。	Even if one possesses past and future [knowledge of others' minds],
['T27n1545_111:0574b08_17']	彼現在耶。	彼現在耶。	does one have the present [knowledge of others' minds]?
['T27n1545_111:0574b09_3']	答若現在前。	答若現在前。	The answer is: if it is present.
['T27n1545_111:0574b09_12']	此亦如前所說諸位。	此亦如前所說諸位。	This is also as explained in the above various states.
['T27n1545_111:0574b10_8']	若成就過去世俗智。	若成就過去世俗智。	If one possesses past conventional knowledge,
['T27n1545_111:0574b10_13']	彼未來耶。	彼未來耶。	does one have future [conventional knowledge]?
['T27n1545_111:0574b11_8']	答如是設成就未來彼過去耶。	答如是設成就未來彼過去耶。	The answer is: so it is. Even if one possesses future [conventional knowledge], does one have past [conventional knowledge]?
['T27n1545_111:0574b11_12']	答如是。	答如是。	The answer is: so it is.
['T27n1545_111:0574b12_11']	一切有情無不成就過去未來世俗智故。	一切有情無不成就過去未來世俗智故。	All sentient beings must have attained past and future conventional knowledge.
['T27n1545_111:0574b13_3']	若成就過去世俗智。	若成就過去世俗智。	If one has attained past conventional knowledge,
['T27n1545_111:0574b13_8']	彼現在耶。	彼現在耶。	does one have present [conventional knowledge]?
['T27n1545_111:0574b14_7']	答若現在前謂若不起諸無漏慧非無心位。	答若現在前謂若不起諸無漏慧非無心位。	The answer is: if it is present, that is, if one does not give rise to various uncontaminated wisdoms, and is not in a state without mind.
['T27n1545_111:0574b15_7']	此世俗智定現在前設成就現在彼過去耶。	此世俗智定現在前設成就現在彼過去耶。	If one has present [conventional knowledge], does one have past [conventional knowledge]?
['T27n1545_111:0574b15_11']	答如是。	答如是。	The answer is: it is so.
['T27n1545_111:0574b16_2']	此等准前應知其相。	此等准前應知其相。	The characteristics of these [conventional knowledges] should be understood according to the previous [answers].
['T27n1545_111:0574b17_7']	若成就過去法智。	若成就過去法智。	If one has attained past knowledge of dharmas,
['T27n1545_111:0574b17_14']	彼過去類智耶。	彼過去類智耶。	does one have past knowledge of species?
['T27n1545_111:0574b18_5']	答若已滅不失則成就。	答若已滅不失則成就。	The answer is: if it has already ceased but not been lost, then one has attained it.
['T27n1545_111:0574b18_17']	此在何位謂已入正性離生。	此在何位謂已入正性離生。	This [knowledge of species] is in what state? It is said: one who has already entered the certainty of perfection.
['T27n1545_111:0574b19_8']	集滅現觀各四心頃。	集滅現觀各四心頃。	In the four moments of the realization of the accumulation and cessation [of suffering],
['T27n1545_111:0574b19_15']	道現觀三心頃。	道現觀三心頃。	and in the three moments of the realization of the path,
['T27n1545_111:0574b20_2']	得四沙門果。	得四沙門果。	one attains the four fruits of the śramaṇa,
['T27n1545_111:0574b20_10']	及學無學練根已。	及學無學練根已。	and one who is still learning and one who has no more learning refine their faculties.
['T27n1545_111:0574b21_1']	起法類智已滅不失。	起法類智已滅不失。	Having given rise to the knowledge of dharmas and species, if they have already ceased but not been lost,
['T27n1545_111:0574b21_13']	若未滅設滅已失則不成就。	若未滅設滅已失則不成就。	if they have not yet ceased, or even if they have ceased but been lost, then one does not have [past knowledge of species].
['T27n1545_111:0574b21_18']	此在何位。	此在何位。	This [knowledge of species] is in what state?
['T27n1545_111:0574b22_7']	謂已入正性離生。	謂已入正性離生。	It is said: one who has already entered the certainty of perfection.
['T27n1545_111:0574b22_15']	苦現觀後二心頃。	苦現觀後二心頃。	In the two moments after the realization of suffering,
['T27n1545_111:0574b23_3']	得一來不還果。	得一來不還果。	one attains the fruit of once-returning or non-returning,
['T27n1545_111:0574b23_10']	及學者練根已。	及學者練根已。	and the learner perfects the faculties.
['T27n1545_111:0574b23_18']	若法智已滅不失。	若法智已滅不失。	If the knowledge of dharmas has already ceased and is not lost,
['T27n1545_111:0574b24_7']	類智未滅設滅已失。	類智未滅設滅已失。	and the knowledge of species has not yet ceased, or even if it has ceased it is lost,
['T27n1545_111:0574b24_15']	設成就過去類智。	設成就過去類智。	if one possesses past knowledge of species,
['T27n1545_111:0574b25_3']	彼過去法智耶。	彼過去法智耶。	does one also possess past knowledge of dharmas?
['T27n1545_111:0574b25_13']	答若已滅不失則成就。	答若已滅不失則成就。	If it has already ceased and is not lost, then one possesses it.
['T27n1545_111:0574b26_9']	此如前成就過去法智及類智位說。	此如前成就過去法智及類智位說。	This is as explained in the state of possessing past knowledge of dharmas and species.
['T27n1545_111:0574b27_3']	若未滅設滅已失則不成就。	若未滅設滅已失則不成就。	If it has not yet ceased, or even if it has ceased it is lost, then one does not possess it.
['T27n1545_111:0574b27_8']	此在何位。	此在何位。	In what state is this?
['T27n1545_111:0574b27_15']	謂得四沙門果。	謂得四沙門果。	It is the attainment of the four fruits of the śramaṇa,
['T27n1545_111:0574b28_4']	及學無學練根已。	及學無學練根已。	and the perfecting of the faculties by learners and post-learners.
['T27n1545_111:0574b28_11']	類智已滅不失。	類智已滅不失。	If the knowledge of species has already ceased and is not lost,
['T27n1545_111:0574b29_1']	法智未滅設滅已失。	法智未滅設滅已失。	and the knowledge of dharmas has not yet ceased, or even if it has ceased it is lost,
['T27n1545_111:0574b29_9']	若成就過去法智。	若成就過去法智。	if one possesses past knowledge of dharmas,
['T27n1545_111:0574b29_16']	彼未來類智耶。	彼未來類智耶。	does one also possess future knowledge of species?
['T27n1545_111:0574c01_1']	答若得。	答若得。	If attained,
['T27n1545_111:0574c01_8']	謂苦類智已生。	謂苦類智已生。	that is, when the knowledge of the species of suffering has already arisen.
['T27n1545_111:0574c01_13']	此在何位。	此在何位。	In what state is this?
['T27n1545_111:0574c02_1']	謂已入正性離生。	謂已入正性離生。	It is already entering the certainty of perfection.
['T27n1545_111:0574c02_9']	苦現觀後一心頃。	苦現觀後一心頃。	In the one moment after the realization of suffering,
['T27n1545_111:0574c02_18']	集滅現觀各四心頃。	集滅現觀各四心頃。	At the time of the four moments of the realization of accumulation and cessation.
['T27n1545_111:0574c03_5']	道現觀三心頃。	道現觀三心頃。	At the time of the three moments of the realization of the path.
['T27n1545_111:0574c03_11']	得四沙門果。	得四沙門果。	Obtaining the four fruits of the śramaṇa.
['T27n1545_111:0574c03_19']	及學無學練根已。	及學無學練根已。	And after the training of the faculties of the learner and post-learner.
['T27n1545_111:0574c04_7']	若法智已滅不失。	若法智已滅不失。	If the knowledge of dharmas has already ceased and is not lost,
['T27n1545_111:0574c04_15']	設成就未來類智。	設成就未來類智。	If one possesses future inferential knowledge,
['T27n1545_111:0574c05_3']	彼過去法智耶。	彼過去法智耶。	Does one possess past knowledge of dharmas?
['T27n1545_111:0574c05_13']	答若已滅不失則成就。	答若已滅不失則成就。	Answer: If it has already ceased and is not lost, then one possesses it.
['T27n1545_111:0574c06_3']	此如次前所說諸位。	此如次前所說諸位。	This is as explained in the above various states.
['T27n1545_111:0574c06_15']	若未滅設滅已失則不成就。	若未滅設滅已失則不成就。	If it has not yet ceased, or if it has ceased but is lost, then one does not possess it.
['T27n1545_111:0574c07_1']	此在何位。	此在何位。	In what state is this?
['T27n1545_111:0574c07_8']	謂得四沙門果。	謂得四沙門果。	Namely, obtaining the four fruits of the śramaṇa.
['T27n1545_111:0574c07_16']	及學無學練根已。	及學無學練根已。	And after the training of the faculties of the learner and post-learner.
['T27n1545_111:0574c08_5']	法智未滅設滅已失。	法智未滅設滅已失。	Knowledge of dharmas has not yet ceased, or if it has ceased but is lost.
['T27n1545_111:0574c08_13']	若成就過去法智。	若成就過去法智。	If one possesses past knowledge of dharmas,
['T27n1545_111:0574c09_1']	彼現在類智耶。	彼現在類智耶。	Does one possess present inferential knowledge?
['T27n1545_111:0574c09_7']	答若現在前。	答若現在前。	Answer: If it is present.
['T27n1545_111:0574c09_16']	謂若不起餘智諸忍。	謂若不起餘智諸忍。	Namely, if one does not give rise to other knowledges or forbearances.
['T27n1545_111:0574c10_2']	非無心位。	非無心位。	Not in a state without mind.
['T27n1545_111:0574c10_7']	此定現前。	此定現前。	This is definitely present.
['T27n1545_111:0574c10_12']	此在何位。	此在何位。	In what state is this?
['T27n1545_111:0574c11_1']	謂已入正性離生。	謂已入正性離生。	Namely, having already entered the certainty of the truth of cessation.
['T27n1545_111:0574c11_11']	苦集滅現觀各一心頃。	苦集滅現觀各一心頃。	At the time of the single moment of the realization of suffering, accumulation, and cessation.
['T27n1545_111:0574c11_16']	謂類智時。	謂類智時。	That is, at the time of the cognition of the class.
['T27n1545_111:0574c12_2']	得四沙門果。	得四沙門果。	One attains the four fruits of the śramaṇa.
['T27n1545_111:0574c12_10']	及學無學練根已。	及學無學練根已。	And after training in the faculties of the learner and post-learner.
['T27n1545_111:0574c12_18', 'T27n1545_111:0574c13_5']	若法智已滅不失。🔽類智現在前時。	若法智已滅不失。 類智現在前時。	If the cognition of the law has already ceased and is not lost,🔽when the cognition of the class is present,
['T27n1545_111:0574c13_13']	設成就現在類智。	設成就現在類智。	Even if one possesses the present cognition of the class,
['T27n1545_111:0574c14_1']	彼過去法智耶。	彼過去法智耶。	does one possess the past cognition of the law?
['T27n1545_111:0574c14_11']	答若已滅不失則成就。	答若已滅不失則成就。	If it has already ceased and is not lost, then one possesses it.
['T27n1545_111:0574c15_1']	此如次前所說諸位。	此如次前所說諸位。	This is as explained in the above various states.
['T27n1545_111:0574c15_13']	若未滅設滅已失則不成就。	若未滅設滅已失則不成就。	If it has not yet ceased, or if it has ceased but is lost, then one does not possess it.
['T27n1545_111:0574c15_18']	此在何位。	此在何位。	In what state is this?
['T27n1545_111:0574c16_6']	謂得四沙門果。	謂得四沙門果。	That is, after attaining the four fruits of the śramaṇa,
['T27n1545_111:0574c16_14']	及學無學練根已。	及學無學練根已。	and after training in the faculties of the learner and post-learner.
['T27n1545_111:0574c17_4']	法智未滅設滅已失。	法智未滅設滅已失。	The cognition of the law has not yet ceased, or if it has ceased but is lost,
['T27n1545_111:0574c17_11']	而類智現在前。	而類智現在前。	while the cognition of the class is present.
['T27n1545_111:0574c18_8']	若成就過去法智彼過去現在類智耶。	若成就過去法智彼過去現在類智耶。	If one possesses the past cognition of the law, does one possess the past and present cognition of the class?
['T27n1545_111:0574c18_15']	答有過去法智。	答有過去法智。	The answer is: There is past cognition of the law,
['T27n1545_111:0574c19_4']	非過去現在類智。	非過去現在類智。	but not past and present cognition of the class.
['T27n1545_111:0574c19_12']	謂法智已滅不失。	謂法智已滅不失。	That is, the cognition of the law has already ceased and is not lost,
['T27n1545_111:0574c20_6']	類智未滅設滅已失不現在前。	類智未滅設滅已失不現在前。	but the cognition of the class has not yet ceased, or if it has ceased it is lost and not present.
['T27n1545_111:0574c20_11']	此在何位。	此在何位。	In what state is this?
['T27n1545_111:0574c20_19']	謂已入正性離生。	謂已入正性離生。	It refers to those who have already entered the state of certainty of liberation.
['T27n1545_111:0574c21_6']	苦現觀一心頃。	苦現觀一心頃。	At the time of the single moment of direct realization of suffering.
['T27n1545_111:0574c21_12']	謂類智忍時。	謂類智忍時。	That is, at the time of the acceptance of the knowledge of the truth of suffering.
['T27n1545_111:0574c21_19']	得一來不還果。	得一來不還果。	Attaining the fruit of once-returning or non-returning.
['T27n1545_111:0574c22_5']	及學練根已。	及學練根已。	And having already cultivated the faculties as a learner.
['T27n1545_111:0574c22_13']	若法智已滅不失。	若法智已滅不失。	If the knowledge of the truth of suffering has already ceased and not been lost,
['T27n1545_111:0574c23_7']	類智未滅先滅已失不現在前。	類智未滅先滅已失不現在前。	and the knowledge of the truth of origination has not yet ceased, or has already ceased and been lost, and is not presently manifest.
['T27n1545_111:0574c24_3']	有過去法智及過去類智非現在。	有過去法智及過去類智非現在。	There is past knowledge of the truth of suffering and past knowledge of the truth of origination, but not present.
['T27n1545_111:0574c24_12']	謂法類智已滅不失。	謂法類智已滅不失。	It refers to when the knowledge of the truth of suffering and the knowledge of the truth of origination have already ceased and not been lost,
['T27n1545_111:0574c25_4']	類智不現在前此在何位。	類智不現在前此在何位。	and the knowledge of the truth of origination is not presently manifest. In what state is this?
['T27n1545_111:0574c25_12']	謂已入正性離生。	謂已入正性離生。	It refers to those who have already entered the state of certainty of liberation.
['T27n1545_111:0574c26_3']	集滅道現觀各三心頃。	集滅道現觀各三心頃。	At the time of the three moments of direct realization of the truths of origination, cessation, and path.
['T27n1545_111:0574c26_8']	除類智時。	除類智時。	Excluding the time of the knowledge of the truth of origination.
['T27n1545_111:0574c26_14']	得四沙門果。	得四沙門果。	Attaining the four fruits of the śramaṇa.
['T27n1545_111:0574c27_4']	及學無學練根已。	及學無學練根已。	And having already cultivated the faculties as a learner and post-learner.
['T27n1545_111:0574c27_13']	法智類智已滅不失。	法智類智已滅不失。	The knowledge of the truth of suffering and the knowledge of the truth of origination have already ceased and not been lost,
['T27n1545_111:0574c28_3']	而類智不現在前。	而類智不現在前。	and the knowledge of the truth of origination is not presently manifest.
['T27n1545_111:0574c28_17']	有過去法智及現在類智非過去。	有過去法智及現在類智非過去。	There is past knowledge of the truth of suffering and present knowledge of the truth of origination, but not past.
['T27n1545_111:0574c29_7']	謂法智已滅不失。	謂法智已滅不失。	It refers to when the knowledge of the truth of suffering has already ceased and not been lost,
['T27n1545_111:0575a01_1']	類智現在前未滅設滅已失。	類智現在前未滅設滅已失。	and the knowledge of the truth of origination is presently manifest, but has not yet ceased, or has already ceased and been lost.
['T27n1545_111:0575a01_6']	此在何位。	此在何位。	In what state is this?
['T27n1545_111:0575a02_2']	謂已入正性離生苦現觀一心頃。	謂已入正性離生苦現觀一心頃。	It is said that it is in the moment of the first thought of the present contemplation of suffering after having entered the certainty of perfection.
['T27n1545_111:0575a02_8']	謂苦類智時。	謂苦類智時。	It is said that it is at the time of the subsequent knowledge of suffering.
['T27n1545_111:0575a02_15']	得一來不還果。	得一來不還果。	Obtaining the fruit of once-returning or non-returning,
['T27n1545_111:0575a03_1']	及學練根已。	及學練根已。	and having already cultivated the faculties as a learner.
['T27n1545_111:0575a03_9']	若法智已滅不失。	若法智已滅不失。	If the knowledge of dharmas has already ceased and is not lost,
['T27n1545_111:0575a04_3']	類智未滅先滅已失而現在前。	類智未滅先滅已失而現在前。	and the subsequent knowledge has not yet ceased, having already ceased and lost, and is present.
['T27n1545_111:0575a04_9']	有過去法智。	有過去法智。	There is past knowledge of dharmas.
['T27n1545_111:0575a04_17']	及過去現在類智。	及過去現在類智。	And past and present subsequent knowledge.
['T27n1545_111:0575a05_6']	謂法類智已滅不失。	謂法類智已滅不失。	It is said that the knowledge of dharmas and subsequent knowledge have already ceased and are not lost,
['T27n1545_111:0575a05_12']	類智現在前。	類智現在前。	and subsequent knowledge is present.
['T27n1545_111:0575a05_17']	此在何位。	此在何位。	In what state is this?
['T27n1545_111:0575a06_6']	謂已入正性離生。	謂已入正性離生。	It is said that it is after having entered the certainty of perfection,
['T27n1545_111:0575a06_15']	集滅現觀各一心頃。	集滅現觀各一心頃。	in the moment of the present contemplation of the accumulation and cessation of suffering.
['T27n1545_111:0575a07_6']	謂類智時得四沙門果。	謂類智時得四沙門果。	Obtaining the four fruits of the śramaṇa,
['T27n1545_111:0575a07_14']	及學無學練根已。	及學無學練根已。	and having already cultivated the faculties as a learner and post-learner.
['T27n1545_111:0575a08_3']	法類智已滅不失。	法類智已滅不失。	The knowledge of dharmas and subsequent knowledge have already ceased and are not lost,
['T27n1545_111:0575a08_10']	而類智現在前。	而類智現在前。	and subsequent knowledge is present.
['T27n1545_111:0575a09_1']	設成就過去現在類智。	設成就過去現在類智。	If one possesses past and present subsequent knowledge,
['T27n1545_111:0575a09_8']	彼過去法智耶。	彼過去法智耶。	does one also possess past knowledge of dharmas?
['T27n1545_111:0575a09_18']	答若已滅不失則成就。	答若已滅不失則成就。	If it has already ceased and is not lost, then one possesses it.
['T27n1545_111:0575a10_7']	此如次前所說諸位。	此如次前所說諸位。	These correspond to the various stages mentioned above.
['T27n1545_111:0575a11_1']	若未滅設滅已失則不成就。	若未滅設滅已失則不成就。	If it has not yet ceased, or if it has ceased but has been lost, then it is not accomplished.
['T27n1545_111:0575a11_6']	此在何位。	此在何位。	In what state is this?
['T27n1545_111:0575a11_13']	謂得四沙門果。	謂得四沙門果。	It refers to attaining the four fruits of the śramaṇa,
['T27n1545_111:0575a12_2']	及學無學練根已。	及學無學練根已。	and the training of the faculties by those in training and those beyond training.
['T27n1545_111:0575a12_10']	若類智已滅不失。	若類智已滅不失。	If the cognition of the class has already ceased and has not been lost,
['T27n1545_111:0575a13_6']	法智未滅設滅已失而類智現在前。	法智未滅設滅已失而類智現在前。	and the cognition of the law has not yet ceased, or has ceased but has been lost, while the cognition of the class is present.
['T27n1545_111:0575a13_14']	若成就過去法智。	若成就過去法智。	If one accomplishes past cognition of the law,
['T27n1545_111:0575a14_5']	彼未來現在類智耶。	彼未來現在類智耶。	does one also accomplish future and present cognition of the class?
['T27n1545_111:0575a15_1']	答有過去法智非未來現在類智。	答有過去法智非未來現在類智。	The answer is: There is past cognition of the law but not future and present cognition of the class.
['T27n1545_111:0575a15_11']	謂法智已滅未得類智。	謂法智已滅未得類智。	It refers to when the cognition of the law has already ceased but the cognition of the class has not yet been attained.
['T27n1545_111:0575a15_16']	此在何位。	此在何位。	In what state is this?
['T27n1545_111:0575a16_5']	謂已入正性離生。	謂已入正性離生。	It refers to having already entered the certainty of perfection.
['T27n1545_111:0575a16_12']	苦現觀一心頃。	苦現觀一心頃。	At the moment of the single thought of the insight into suffering.
['T27n1545_111:0575a16_19']	謂苦類智忍時。	謂苦類智忍時。	It refers to the time of the receptivity to the cognition of the class of suffering.
['T27n1545_111:0575a17_13']	有過去法智及未來類智非現在。	有過去法智及未來類智非現在。	There is past cognition of the law and future cognition of the class but not present.
['T27n1545_111:0575a18_3']	謂法智已滅不失。	謂法智已滅不失。	It refers to when the cognition of the law has already ceased and has not been lost,
['T27n1545_111:0575a18_12']	已得類智不現在前。	已得類智不現在前。	and the cognition of the class has already been attained but is not presently manifest.
['T27n1545_111:0575a18_17']	此在何位。	此在何位。	In what state is this?
['T27n1545_111:0575a19_5']	謂已入正性離生。	謂已入正性離生。	It refers to having already entered the certainty of perfection.
['T27n1545_111:0575a19_16']	集滅道現觀各前三心頃。	集滅道現觀各前三心頃。	At the time of the first three moments of the direct realizations of the path of cessation and the path,
['T27n1545_111:0575a20_3']	得四沙門果。	得四沙門果。	one attains the four fruits of the śramaṇa.
['T27n1545_111:0575a20_11']	及學無學練根已。	及學無學練根已。	And after perfecting the faculties of the learner and post-learner,
['T27n1545_111:0575a21_1']	若法智已滅不失。	若法智已滅不失。	if the knowledge of dharmas has already ceased but not been lost,
['T27n1545_111:0575a21_8']	類智不現在前。	類智不現在前。	and the knowledge of species is not presently manifest,
['T27n1545_111:0575a21_14']	有過去法智。	有過去法智。	one possesses past knowledge of dharmas,
['T27n1545_111:0575a22_2']	及未來現在類智。	及未來現在類智。	and future and present knowledge of species.
['T27n1545_111:0575a22_10']	謂法智已滅不失。	謂法智已滅不失。	That is to say, if the knowledge of dharmas has already ceased but not been lost,
['T27n1545_111:0575a22_16']	類智現在前。	類智現在前。	and the knowledge of species is presently manifest,
['T27n1545_111:0575a23_1']	此在何位。	此在何位。	in what state is this?
['T27n1545_111:0575a23_9']	謂已入正性離生。	謂已入正性離生。	It is said that one who has already entered the certainty of perfection,
['T27n1545_111:0575a24_1']	苦集滅現觀各後一心頃。	苦集滅現觀各後一心頃。	at the time of the last one of the three moments of the direct realizations of the truths of suffering, accumulation, and cessation,
['T27n1545_111:0575a24_7']	得四沙門果。	得四沙門果。	attains the four fruits of the śramaṇa.
['T27n1545_111:0575a24_15']	及學無學練根已。	及學無學練根已。	And after perfecting the faculties of the learner and post-learner,
['T27n1545_111:0575a25_3']	若法智已滅不失。	若法智已滅不失。	if the knowledge of dharmas has already ceased but not been lost,
['T27n1545_111:0575a25_9']	類智現在前。	類智現在前。	and the knowledge of species is presently manifest,
['T27n1545_111:0575a25_19']	設成就未來現在類智。	設成就未來現在類智。	If one possesses future and present knowledge of species,
['T27n1545_111:0575a26_6']	彼過去法智耶。	彼過去法智耶。	does one also possess past knowledge of dharmas?
['T27n1545_111:0575a26_16']	答若已滅不失則成就。	答若已滅不失則成就。	If it has already ceased but not been lost, then one possesses it.
['T27n1545_111:0575a27_6']	此如次前所說諸位。	此如次前所說諸位。	This is in the various states mentioned above in order.
['T27n1545_111:0575a27_18']	若未滅設滅已失則不成就。	若未滅設滅已失則不成就。	If it has not yet ceased, or if it has ceased but been lost, then one does not possess it.
['T27n1545_111:0575a28_4']	此在何位。	此在何位。	In what state is this?
['T27n1545_111:0575a28_11']	謂得四沙門果。	謂得四沙門果。	Namely, attaining the four fruits of the śramaṇa,
['T27n1545_111:0575a29_1']	及學無學練根已。	及學無學練根已。	and having already cultivated the faculties of learning and no-more-learning.
['T27n1545_111:0575a29_10']	法智未滅設滅已失。	法智未滅設滅已失。	If the knowledge of dharmas has not yet ceased, or has ceased but is already lost,
['T27n1545_111:0575a29_17']	而類智現在前。	而類智現在前。	while the knowledge of subsequent events is present.
['T27n1545_111:0575b01_5']	若成就過去法智。	若成就過去法智。	If one possesses past knowledge of dharmas,
['T27n1545_111:0575b01_14']	彼過去未來類智耶。	彼過去未來類智耶。	do they possess past and future knowledge of subsequent events?
['T27n1545_111:0575b02_9']	答有過去法智非過去未來類智。	答有過去法智非過去未來類智。	The answer is: There is past knowledge of dharmas but not past or future knowledge of subsequent events.
['T27n1545_111:0575b03_1']	謂法智已滅未得類智。	謂法智已滅未得類智。	It refers to when knowledge of dharmas has already ceased but knowledge of subsequent events has not yet been attained.
['T27n1545_111:0575b03_13']	此在何位謂已入正性離生。	此在何位謂已入正性離生。	This is in what state? It refers to having already entered the certainty of attaining nirvāṇa.
['T27n1545_111:0575b04_2']	苦現觀一心頃。	苦現觀一心頃。	At the time of the single thought of the insight into suffering.
['T27n1545_111:0575b04_9']	謂苦類智忍時。	謂苦類智忍時。	It refers to the time of the acceptance of the knowledge of subsequent events regarding suffering.
['T27n1545_111:0575b05_4']	有過去法智及未來類智非過去。	有過去法智及未來類智非過去。	There is past knowledge of dharmas and future knowledge of subsequent events but not past.
['T27n1545_111:0575b05_12']	謂法智已滅不失。	謂法智已滅不失。	It refers to when knowledge of dharmas has already ceased without being lost,
['T27n1545_111:0575b06_1']	已得類智未滅。	已得類智未滅。	and knowledge of subsequent events has already been attained but has not yet ceased.
['T27n1545_111:0575b06_6']	設滅已失。	設滅已失。	Even if it has ceased, it has already been lost.
['T27n1545_111:0575b06_11']	此在何位。	此在何位。	In what state is this?
['T27n1545_111:0575b06_19']	謂已入正性離生。	謂已入正性離生。	It refers to having already entered the certainty of attaining nirvāṇa.
['T27n1545_111:0575b07_7']	苦現觀後一心頃。	苦現觀後一心頃。	At the time of the single thought after the insight into suffering,
['T27n1545_111:0575b07_14']	得一來不還果。	得一來不還果。	attaining the fruit of the once-returner and the non-returner,
['T27n1545_111:0575b08_1']	及學練根已。	及學練根已。	and having already cultivated the faculties of learning.
['T27n1545_111:0575b08_9']	若法智已滅不失。	若法智已滅不失。	If knowledge of dharmas has already ceased without being lost,
['T27n1545_111:0575b08_18']	類智未滅設滅已失。	類智未滅設滅已失。	If the inferential cognition has not yet ceased or has ceased but is lost,
['T27n1545_111:0575b09_11']	有過去法智及過去未來類智。	有過去法智及過去未來類智。	one possesses past dharma cognition and past and future inferential cognition.
['T27n1545_111:0575b10_2']	謂法類智已滅不失。	謂法類智已滅不失。	This means that dharma cognition and inferential cognition have already ceased without being lost.
['T27n1545_111:0575b10_7']	此在何位。	此在何位。	In what state is this?
['T27n1545_111:0575b10_15']	謂已入正性離生。	謂已入正性離生。	It is said that one has already entered the state of certainty of liberation.
['T27n1545_111:0575b11_5']	集滅現觀各四心頃。	集滅現觀各四心頃。	In the four moments of the realization of the origin and cessation,
['T27n1545_111:0575b11_12']	道現觀三心頃。	道現觀三心頃。	in the three moments of the realization of the path,
['T27n1545_111:0575b11_18']	得四沙門果。	得四沙門果。	one attains the four fruits of the śramaṇa,
['T27n1545_111:0575b12_6']	及學無學練根已。	及學無學練根已。	and one who is still learning and one beyond learning have already perfected their faculties.
['T27n1545_111:0575b12_15']	法智類智已滅不失。	法智類智已滅不失。	Dharma cognition and inferential cognition have already ceased without being lost.
['T27n1545_111:0575b13_6']	設成就過去未來類智。	設成就過去未來類智。	If one possesses past and future inferential cognition,
['T27n1545_111:0575b13_13']	彼過去法智耶。	彼過去法智耶。	does one also possess past dharma cognition?
['T27n1545_111:0575b14_4']	答若已滅不失則成就。	答若已滅不失則成就。	If it has already ceased without being lost, then one possesses it.
['T27n1545_111:0575b14_13']	此如次前所說諸位。	此如次前所說諸位。	This is in the various states mentioned above.
['T27n1545_111:0575b15_10']	若未滅設滅已失則不成就此在何位。	若未滅設滅已失則不成就此在何位。	If it has not yet ceased or has ceased but is lost, then one does not possess it. In what state is this?
['T27n1545_111:0575b15_17']	謂得四沙門果。	謂得四沙門果。	It is said that one attains the four fruits of the śramaṇa,
['T27n1545_111:0575b16_7']	及學無學練根已。	及學無學練根已。	and one who is still learning and one beyond learning have already perfected their faculties.
['T27n1545_111:0575b16_14']	類智已滅不失。	類智已滅不失。	Inferential cognition has already ceased without being lost.
['T27n1545_111:0575b17_4']	法智未滅設滅已失。	法智未滅設滅已失。	Dharma cognition has not yet ceased or has ceased but is lost.
['T27n1545_111:0575b17_12']	若成就過去法智。	若成就過去法智。	If one possesses past dharma cognition,
['T27n1545_111:0575b18_4']	彼過去未來現在類智耶。	彼過去未來現在類智耶。	Is that past, future, or present class knowledge?
['T27n1545_111:0575b18_11']	答有過去法智。	答有過去法智。	Answer: There is past dharma knowledge,
['T27n1545_111:0575b19_2']	非過去未來現在類智。	非過去未來現在類智。	but not past, future, or present class knowledge.
['T27n1545_111:0575b19_12']	謂法智已滅未得類智。	謂法智已滅未得類智。	This refers to dharma knowledge that has already ceased but class knowledge has not yet been attained.
['T27n1545_111:0575b19_17']	此在何位。	此在何位。	In what state is this?
['T27n1545_111:0575b20_6']	謂已入正性離生。	謂已入正性離生。	This refers to one who has already entered the certainty of attaining nirvana.
['T27n1545_111:0575b20_13']	苦現觀一心頃。	苦現觀一心頃。	At the time of the single moment of insight into suffering.
['T27n1545_111:0575b21_1']	謂苦類智忍時。	謂苦類智忍時。	This refers to the time of the acceptance of the knowledge of the classes of suffering.
['T27n1545_111:0575b21_7']	有過去法智。	有過去法智。	There is past dharma knowledge,
['T27n1545_111:0575b21_13']	及未來類智。	及未來類智。	and future class knowledge,
['T27n1545_111:0575b21_19']	非過去現在。	非過去現在。	but not past or present.
['T27n1545_111:0575b22_11']	謂法智已滅不失已得類智。	謂法智已滅不失已得類智。	This refers to dharma knowledge that has already ceased and not been lost, and class knowledge that has already been attained but not yet ceased.
['T27n1545_111:0575b23_4']	未滅設滅已失不現在前。	未滅設滅已失不現在前。	If it has ceased, it has already been lost and is not presently manifest.
['T27n1545_111:0575b23_9']	此在何位。	此在何位。	In what state is this?
['T27n1545_111:0575b23_17']	謂得一來不還果。	謂得一來不還果。	This refers to one who has attained the fruit of once-returning or non-returning,
['T27n1545_111:0575b24_10']	及學練根已若法智已滅不失。	及學練根已若法智已滅不失。	and a learner who has already perfected the faculties. If dharma knowledge has already ceased and not been lost,
['T27n1545_111:0575b25_5']	類智未滅設滅已失不現在前。	類智未滅設滅已失不現在前。	and class knowledge has not yet ceased, or if it has ceased it has already been lost and is not presently manifest.
['T27n1545_111:0575b25_11']	有過去法智。	有過去法智。	There is past dharma knowledge,
['T27n1545_111:0575b26_3']	及未來現在類智非過去。	及未來現在類智非過去。	and future and present class knowledge, but not past.
['T27n1545_111:0575b26_11']	謂法智已滅不失。	謂法智已滅不失。	This refers to dharma knowledge that has already ceased and not been lost,
['T27n1545_111:0575b26_17']	類智現在前。	類智現在前。	and class knowledge that is presently manifest.
['T27n1545_111:0575b27_4']	未滅設滅已失。	未滅設滅已失。	If it has not yet ceased, or if it has ceased but has already been lost.
['T27n1545_111:0575b27_9']	此在何位。	此在何位。	In what state is this?
['T27n1545_111:0575b27_17']	謂已入正性離生。	謂已入正性離生。	It refers to one who has already entered the state of certainty of liberation.
['T27n1545_111:0575b28_6']	苦現觀後一心頃。	苦現觀後一心頃。	At the moment of the single thought after the realization of suffering.
['T27n1545_111:0575b28_13']	得一來不還果。	得一來不還果。	Attaining the fruit of once-returning and non-returning.
['T27n1545_111:0575b28_19']	及學練根已。	及學練根已。	And after the training of the faculties by one who is still learning.
['T27n1545_111:0575b29_7']	若法智已滅不失。	若法智已滅不失。	If the knowledge of dharmas has already ceased and has not been lost,
['T27n1545_111:0575c01_1']	類智未滅設滅已失而現在前。	類智未滅設滅已失而現在前。	and the knowledge of species has not yet ceased, or if it has ceased but has already been lost and is now present.
['T27n1545_111:0575c01_7']	有過去法智。	有過去法智。	There is past knowledge of dharmas.
['T27n1545_111:0575c01_18']	及過去未來類智非現在。	及過去未來類智非現在。	And past and future knowledge of species, but not present.
['T27n1545_111:0575c02_8']	謂法類智已滅不失。	謂法類智已滅不失。	It refers to the knowledge of dharmas and species that have already ceased and have not been lost.
['T27n1545_111:0575c02_15']	類智不現在前。	類智不現在前。	But the knowledge of species is not presently manifest.
['T27n1545_111:0575c03_1']	此在何位。	此在何位。	In what state is this?
['T27n1545_111:0575c03_9']	謂已入正性離生。	謂已入正性離生。	It refers to one who has already entered the state of certainty of liberation.
['T27n1545_111:0575c04_1']	集滅道現觀各前三心頃。	集滅道現觀各前三心頃。	At the moment of the first three thoughts of the realization of the accumulation, cessation, and path.
['T27n1545_111:0575c04_7']	得四沙門果。	得四沙門果。	Attaining the four fruits of the śramaṇa.
['T27n1545_111:0575c04_15']	及學無學練根已。	及學無學練根已。	And after the training of the faculties by one who is still learning and one beyond learning.
['T27n1545_111:0575c05_4']	法智類智已滅不失。	法智類智已滅不失。	The knowledge of dharmas and species have already ceased and have not been lost.
['T27n1545_111:0575c05_11']	類智不現在前。	類智不現在前。	But the knowledge of species is not presently manifest.
['T27n1545_111:0575c06_7']	有過去法智及過去未來現在類智。	有過去法智及過去未來現在類智。	There is past knowledge of dharmas and past, future, and present knowledge of species.
['T27n1545_111:0575c06_16']	謂法類智已滅不失。	謂法類智已滅不失。	It refers to the knowledge of dharmas and species that have already ceased and have not been lost.
['T27n1545_111:0575c07_7']	類智現在前此在何位。	類智現在前此在何位。	When the cognition of the class is present, in what state is it?
['T27n1545_111:0575c07_15']	謂已入正性離生。	謂已入正性離生。	It is said: having already entered the state of certainty of liberation.
['T27n1545_111:0575c08_6']	集滅現觀各後一心頃。	集滅現觀各後一心頃。	In the last moment of each of the realizations of the aggregates and cessation.
['T27n1545_111:0575c08_12']	得四沙門果。	得四沙門果。	Obtaining the four fruits of the śramaṇa.
['T27n1545_111:0575c09_1']	及學無學練根已。	及學無學練根已。	And having already trained the faculties of the learner and post-learner.
['T27n1545_111:0575c09_10']	法智類智已滅不失。	法智類智已滅不失。	The cognition of the law and the cognition of the class have already ceased and are not lost.
['T27n1545_111:0575c09_17']	而類智現在前。	而類智現在前。	And the cognition of the class is present.
['T27n1545_111:0575c10_9']	設成就過去未來現在類智。	設成就過去未來現在類智。	If one possesses the past, future, and present cognition of the class,
['T27n1545_111:0575c10_16']	彼過去法智耶。	彼過去法智耶。	does one also possess the past cognition of the law?
['T27n1545_111:0575c11_7']	答若已滅不失則成就。	答若已滅不失則成就。	The answer is: if it has already ceased and is not lost, then one possesses it.
['T27n1545_111:0575c11_16']	此如次前所說諸位。	此如次前所說諸位。	This is in the various states mentioned above in order.
['T27n1545_111:0575c12_9']	若未滅設滅已失則不成就。	若未滅設滅已失則不成就。	If it has not yet ceased, or if it has ceased but is lost, then one does not possess it.
['T27n1545_111:0575c12_14']	此在何位。	此在何位。	In what state is it?
['T27n1545_111:0575c13_3']	謂得四沙門果。	謂得四沙門果。	It is said: obtaining the four fruits of the śramaṇa.
['T27n1545_111:0575c13_11']	及學無學練根已。	及學無學練根已。	And having already trained the faculties of the learner and post-learner.
['T27n1545_111:0575c14_4']	若類智已滅不失亦現在前。	若類智已滅不失亦現在前。	If the cognition of the class has already ceased and is not lost, and is also present,
['T27n1545_111:0575c14_13']	法智未滅設滅已失。	法智未滅設滅已失。	and the cognition of the law has not yet ceased, or if it has ceased but is lost.
['T27n1545_111:0575c15_3']	如對類智作小七。	如對類智作小七。	Just as the small seven is made with regard to the cognition of the class,
['T27n1545_111:0575c15_12']	對集滅道智亦爾者。	對集滅道智亦爾者。	it is the same with regard to the cognition of the aggregates, cessation, and path.
['T27n1545_111:0575c16_4']	如法智對類智作小七。	如法智對類智作小七。	Just as the small seven is made with regard to the cognition of the law and the cognition of the class,
['T27n1545_111:0575c16_15']	對集滅道智作小七亦爾。	對集滅道智作小七亦爾。	The same is true for the cognition of the aggregate, cessation, and path, with seven small [cognitions].
['T27n1545_111:0575c17_3']	有差別者。	有差別者。	There are differences.
['T27n1545_111:0575c17_12']	各說自名隨應而說。	各說自名隨應而說。	Each is explained by its own name as appropriate.
['T27n1545_111:0575c18_2']	若成就過去法智。	若成就過去法智。	If one possesses past cognition of dharmas,
['T27n1545_111:0575c18_10']	彼過去他心智耶。	彼過去他心智耶。	does one possess past cognition of others' minds?
['T27n1545_111:0575c19_1']	答若已滅不失則成就。	答若已滅不失則成就。	If it has already ceased but not been lost, then one possesses it.
['T27n1545_111:0575c19_6']	此在何位。	此在何位。	In what state is this?
['T27n1545_111:0575c19_17']	謂已離欲染入正性離生。	謂已離欲染入正性離生。	It is said that one who has already become free from the defilements of the desire realm enters the correct state of separation from birth.
['T27n1545_111:0575c20_6']	苦現觀後二心頃。	苦現觀後二心頃。	In the two moments after the insight into suffering.
['T27n1545_111:0575c20_15']	集滅現觀各四心頃。	集滅現觀各四心頃。	In the four moments of each of the insights into the aggregate, cessation, and path.
['T27n1545_111:0575c21_3']	道現觀三心頃。	道現觀三心頃。	In the three moments of the insight into the path.
['T27n1545_111:0575c22_10']	得後二沙門果及已離欲染學無學練根已法智已滅不失。	得後二沙門果及已離欲染學無學練根已法智已滅不失。	One who has attained the two later fruits of the śramaṇa, and who has already become free from the defilements of the desire realm, and who is training the faculties of the learner and post-learner, and whose cognition of dharmas has already ceased but not been lost.
['T27n1545_111:0575c23_7']	若學者法智無漏他心智已滅不失。	若學者法智無漏他心智已滅不失。	If one is a learner, and whose cognition of dharmas and uncontaminated cognition of others' minds have already ceased but not been lost.
['T27n1545_111:0575c23_17']	生無色界未得無學果。	生無色界未得無學果。	If one is born in the formless realm and has not yet attained the fruit of the post-learner.
['T27n1545_111:0575c24_11']	若未滅設滅已失則不成就。	若未滅設滅已失則不成就。	If it has not yet ceased, or if it has ceased but been lost, then one does not possess it.
['T27n1545_111:0575c24_16']	此在何位。	此在何位。	In what state is this?
['T27n1545_111:0575c25_8']	謂未離欲染入正性離生。	謂未離欲染入正性離生。	It is said that one who has not yet become free from the defilements of the desire realm enters the correct state of separation from birth.
['T27n1545_111:0575c25_16']	苦現觀後二心頃。	苦現觀後二心頃。	In the two moments after the insight into suffering.
['T27n1545_111:0575c26_7']	集滅現觀各四心頃。	集滅現觀各四心頃。	At the time of the four moments of the realization of accumulation and cessation.
['T27n1545_111:0575c26_14']	道現觀三心頃。	道現觀三心頃。	At the time of the three moments of the realization of the path.
['T27n1545_111:0575c27_2']	得初二沙門果。	得初二沙門果。	Obtaining the first two fruits of the śramaṇa.
['T27n1545_111:0575c27_12']	及未離欲染學練根已。	及未離欲染學練根已。	And the learner who has already cultivated the faculties and is not yet free from the attachment of desire.
['T27n1545_111:0575c28_2']	若法智已滅不失。	若法智已滅不失。	If the knowledge of dharmas has already ceased and has not been lost.
['T27n1545_111:0575c28_12']	若學者法智已滅不失。	若學者法智已滅不失。	If the learner's knowledge of dharmas has already ceased and has not been lost.
['T27n1545_111:0575c29_5']	無漏他心智未滅設滅已失。	無漏他心智未滅設滅已失。	If the uncontaminated knowledge of others' minds has not yet ceased, or even if it has ceased, it has been lost.
['T27n1545_111:0575c29_15']	生無色界未得無學果。	生無色界未得無學果。	If one is born in the formless realm and has not yet attained the fruit of arhatship.
['T27n1545_111:0576a01_6']	設成就過去他心智。	設成就過去他心智。	Even if one possesses the past knowledge of others' minds.
['T27n1545_111:0576a01_13']	彼過去法智耶。	彼過去法智耶。	Do they possess the past knowledge of dharmas?
['T27n1545_111:0576a02_4']	答若已滅不失則成就。	答若已滅不失則成就。	Answer: If it has already ceased and has not been lost, then it is possessed.
['T27n1545_111:0576a02_12']	此如前俱成就說。	此如前俱成就說。	This is as explained before in the section on simultaneous possession.
['T27n1545_111:0576a03_5']	若未滅設滅已失則不成就。	若未滅設滅已失則不成就。	If it has not yet ceased, or even if it has ceased, it has been lost, then it is not possessed.
['T27n1545_111:0576a03_10']	此在何位。	此在何位。	In what state is this?
['T27n1545_111:0576a03_15']	謂諸異生。	謂諸異生。	It refers to the ordinary beings.
['T27n1545_111:0576a04_4']	生欲界已離欲染。	生欲界已離欲染。	Born in the desire realm, already free from the attachment of desire.
['T27n1545_111:0576a04_9']	及生色界。	及生色界。	And born in the form realm.
['T27n1545_111:0576a05_2']	若已離欲染入正性離生。	若已離欲染入正性離生。	If one has already become free from the attachment of desire and enters the correct state of renunciation.
['T27n1545_111:0576a05_10']	苦現觀初二心頃。	苦現觀初二心頃。	At the time of the first two moments of the realization of suffering.
['T27n1545_111:0576a05_17']	得後二沙門果。	得後二沙門果。	Obtaining the latter two fruits of the śramaṇa.
['T27n1545_111:0576a06_4']	及已離欲染。	及已離欲染。	And already free from the attachment of desire.
['T27n1545_111:0576a06_11']	學無學練根已。	學無學練根已。	After the faculties of learners and non-learners have been cultivated,
['T27n1545_111:0576a07_1']	法智未滅設滅已失。	法智未滅設滅已失。	if the Dharma cognition has not yet ceased or has ceased but is lost,
['T27n1545_111:0576a07_14']	若學者無漏他心智已滅不失。	若學者無漏他心智已滅不失。	if the learner's uncontaminated cognition of others' minds has ceased but not lost,
['T27n1545_111:0576a08_4']	法智未滅設滅已失。	法智未滅設滅已失。	and the Dharma cognition has not yet ceased or has ceased but is lost,
['T27n1545_111:0576a08_14']	生無色界未得無學果。	生無色界未得無學果。	if one is born in the formless realm and has not yet attained the fruit of non-learning,
['T27n1545_111:0576a09_4']	若成就過去法智。	若成就過去法智。	if one possesses past Dharma cognition,
['T27n1545_111:0576a09_12']	彼未來他心智耶。	彼未來他心智耶。	does one also possess future cognition of others' minds?
['T27n1545_111:0576a09_19']	答若已得不失。	答若已得不失。	The answer is: if it has been attained and not lost.
['T27n1545_111:0576a10_5']	此中已得者。	此中已得者。	As for attained in this context,
['T27n1545_111:0576a10_11']	謂已離欲染。	謂已離欲染。	it refers to one who has already become free from the defilements of the desire realm.
['T27n1545_111:0576a10_15']	不失者。	不失者。	As for not lost,
['T27n1545_111:0576a11_3']	謂不退起欲染。	謂不退起欲染。	it refers to one who has not regressed and given rise to the defilements of the desire realm.
['T27n1545_111:0576a11_8']	此在何位。	此在何位。	In what state is this?
['T27n1545_111:0576a12_1']	謂已離欲染入正性離生。	謂已離欲染入正性離生。	It refers to one who has become free from the defilements of the desire realm and has entered the correct state of renunciation.
['T27n1545_111:0576a12_9']	苦現觀後二心頃。	苦現觀後二心頃。	During the last two moments of the insight into suffering,
['T27n1545_111:0576a12_18']	集滅現觀各四心頃。	集滅現觀各四心頃。	during the four moments of the insight into the origin and cessation,
['T27n1545_111:0576a13_5']	道現觀三心頃。	道現觀三心頃。	and during the three moments of the insight into the path,
['T27n1545_111:0576a13_12']	得後二沙門果。	得後二沙門果。	one attains the last two fruits of the path of the śramaṇa,
['T27n1545_111:0576a14_5']	及已離欲染學無學練根已。	及已離欲染學無學練根已。	and after becoming free from the defilements of the desire realm, the faculties of learners and non-learners have been cultivated.
['T27n1545_111:0576a14_12']	法智已滅不失。	法智已滅不失。	The Dharma cognition has ceased but not lost.
['T27n1545_111:0576a14_19']	若學者在欲界。	若學者在欲界。	If a learner is in the desire realm,
['T27n1545_111:0576a15_6']	法智已滅不失。	法智已滅不失。	the Dharma cognition has ceased but not lost.
['T27n1545_111:0576a15_17']	生色無色界未得無學果。	生色無色界未得無學果。	Those born in the form or formless realms who have not yet attained the fruit of arhatship.
['T27n1545_111:0576a16_8']	設成就未來他心智。	設成就未來他心智。	If one possesses future knowledge of others' minds,
['T27n1545_111:0576a16_15']	彼過去法智耶。	彼過去法智耶。	does one also possess past knowledge of dharmas?
['T27n1545_111:0576a17_6']	答若已滅不失則成就。	答若已滅不失則成就。	If it has already ceased but not been lost, then one possesses it.
['T27n1545_111:0576a17_15']	此如次前所說諸位。	此如次前所說諸位。	This is as explained in the above various states.
['T27n1545_111:0576a18_8']	若未滅設滅已失則不成就。	若未滅設滅已失則不成就。	If it has not yet ceased, or if it has ceased but been lost, then one does not possess it.
['T27n1545_111:0576a18_13']	此在何位。	此在何位。	In what states is this?
['T27n1545_111:0576a19_7']	謂諸異生已得他心智不失。	謂諸異生已得他心智不失。	It refers to ordinary beings who have attained knowledge of others' minds and have not lost it.
['T27n1545_111:0576a20_1']	若已離欲染入正性離生。	若已離欲染入正性離生。	If one has already become free from attachment to desire realm objects and has entered the certainty of perfection,
['T27n1545_111:0576a20_8']	苦現觀初二頃。	苦現觀初二頃。	during the first two moments of the insight into suffering,
['T27n1545_111:0576a20_15']	得後二沙門果。	得後二沙門果。	one has attained the latter two fruits of the religious life,
['T27n1545_111:0576a21_8']	及已離欲染學無學練根已。	及已離欲染學無學練根已。	and if one who is free from attachment to desire realm objects and is a learner or post-learner has already perfected the faculties,
['T27n1545_111:0576a21_17']	法智未滅設滅已失。	法智未滅設滅已失。	knowledge of dharmas has not yet ceased, or if it has ceased but been lost.
['T27n1545_111:0576a22_13']	若學者在欲界法智未滅設滅已失。	若學者在欲界法智未滅設滅已失。	If one who is a learner is in the desire realm and knowledge of dharmas has not yet ceased, or if it has ceased but been lost,
['T27n1545_111:0576a23_6']	生色無色界設滅已不失。	生色無色界設滅已不失。	if one is born in the form or formless realms and it has ceased but not been lost,
['T27n1545_111:0576a23_13']	生彼得無學果。	生彼得無學果。	if one is born there and attains the fruit of arhatship,
['T27n1545_111:0576a24_3']	若成就過去法智。	若成就過去法智。	if one possesses past knowledge of dharmas,
['T27n1545_111:0576a24_11']	彼現在他心智耶。	彼現在他心智耶。	does one also possess present knowledge of others' minds?
['T27n1545_111:0576a24_17']	答若現在前。	答若現在前。	If it is presently manifest.
['T27n1545_111:0576a25_3']	此在何位。	此在何位。	In what state does this [knowledge] exist?
['T27n1545_111:0576a25_11']	謂得後二沙門果。	謂得後二沙門果。	It exists in the state of attaining the latter two fruits of the śramaṇa,
['T27n1545_111:0576a26_5']	及已離欲染學無學練根已。	及已離欲染學無學練根已。	and in the state of having already separated from the defilements of the desire realm, for the learner and the post-learner who have already perfected their faculties.
['T27n1545_111:0576a26_12']	法智已滅不失。	法智已滅不失。	When the knowledge of dharmas has already ceased but not been lost,
['T27n1545_111:0576a26_19']	他心智現在前。	他心智現在前。	and the knowledge of others' minds is present.
['T27n1545_111:0576a27_8']	設成就現在他心智。	設成就現在他心智。	If one possesses the present knowledge of others' minds,
['T27n1545_111:0576a27_15']	彼過去法智耶。	彼過去法智耶。	does one also possess past knowledge of dharmas?
['T27n1545_111:0576a28_6']	答若已滅不失則成就。	答若已滅不失則成就。	If it has already ceased but not been lost, then one possesses it.
['T27n1545_111:0576a28_15']	此如次前所說諸位。	此如次前所說諸位。	This is in the various states mentioned above.
['T27n1545_111:0576a29_13']	若未滅設滅已失則不成就此在何位。	若未滅設滅已失則不成就此在何位。	If it has not yet ceased, or if it has ceased and been lost, then one does not possess it. In what state does this [knowledge] exist?
['T27n1545_111:0576b01_8']	謂諸異生起他心智現在前時。	謂諸異生起他心智現在前時。	It exists when ordinary beings give rise to the knowledge of others' minds and it is present.
['T27n1545_111:0576b01_16']	若得後二沙門果。	若得後二沙門果。	If one attains the latter two fruits of the śramaṇa,
['T27n1545_111:0576b02_10']	及已離欲染有學無學練根已。	及已離欲染有學無學練根已。	and in the state of having already separated from the defilements of the desire realm, for the learner and the post-learner who have already perfected their faculties.
['T27n1545_111:0576b03_1']	法智未滅設滅已失。	法智未滅設滅已失。	When the knowledge of dharmas has not yet ceased, or if it has ceased and been lost,
['T27n1545_111:0576b03_10']	而他心智現在前時。	而他心智現在前時。	and the knowledge of others' minds is present.
['T27n1545_111:0576b03_18']	若成就過去法智。	若成就過去法智。	If one possesses past knowledge of dharmas,
['T27n1545_111:0576b04_8']	彼過去現在他心智耶。	彼過去現在他心智耶。	does one also possess past and present knowledge of others' minds?
['T27n1545_111:0576b05_5']	答有過去法智非過去現在他心智。	答有過去法智非過去現在他心智。	The answer is: There is past knowledge of dharmas but not past and present knowledge of others' minds.
['T27n1545_111:0576b05_13']	謂法智已滅不失。	謂法智已滅不失。	It means when Dharma cognition has already ceased but has not been lost,
['T27n1545_111:0576b06_12']	他心智未滅設滅已失不現在前此在何位。	他心智未滅設滅已失不現在前此在何位。	and when cognition of others' minds has not yet ceased, or has ceased and been lost but is not presently manifest. In what state is this?
['T27n1545_111:0576b07_6']	謂未離欲染入正性離生。	謂未離欲染入正性離生。	It means when one who has not yet become free from the affliction of desire enters the process of realizing the transcendence of suffering,
['T27n1545_111:0576b07_14']	苦現觀後二心頃。	苦現觀後二心頃。	during the last two moments of the realization of suffering,
['T27n1545_111:0576b08_4']	集滅現觀各四心頃。	集滅現觀各四心頃。	during the four moments of the realization of the accumulation [of suffering] and the realization of cessation [of suffering],
['T27n1545_111:0576b08_11']	道現觀三心頃。	道現觀三心頃。	and during the three moments of the realization of the path.
['T27n1545_111:0576b08_18']	得初二沙門果。	得初二沙門果。	One who has attained the first two fruits of the śramaṇa,
['T27n1545_111:0576b09_8']	及未離欲染學練根已。	及未離欲染學練根已。	and one who has not yet become free from the affliction of desire but has already cultivated the faculties as a learner.
['T27n1545_111:0576b09_15']	法智已滅不失。	法智已滅不失。	Dharma cognition has already ceased but has not been lost.
['T27n1545_111:0576b10_7']	若學者法智已滅不失。	若學者法智已滅不失。	If one who is a learner has already ceased Dharma cognition but has not lost it,
['T27n1545_111:0576b11_1']	無漏他心智未滅設滅已失。	無漏他心智未滅設滅已失。	and has not yet ceased the uncontaminated cognition of others' minds, or has ceased and lost it,
['T27n1545_111:0576b11_11']	生無色界未得無學果。	生無色界未得無學果。	and has been born in the formless realm but has not yet attained the fruit of arhatship,
['T27n1545_111:0576b12_8']	有過去法智及過去他心智非現在。	有過去法智及過去他心智非現在。	one has past Dharma cognition and past cognition of others' minds but not present ones.
['T27n1545_111:0576b13_2']	謂法智他心智已滅不失。	謂法智他心智已滅不失。	It means when Dharma cognition and cognition of others' minds have already ceased but have not been lost,
['T27n1545_111:0576b13_10']	他心智不現在前。	他心智不現在前。	and cognition of others' minds is not presently manifest.
['T27n1545_111:0576b13_15']	此在何位。	此在何位。	In what state is this?
['T27n1545_111:0576b14_7']	謂已離欲染入正性離生。	謂已離欲染入正性離生。	It means when one who has already become free from the affliction of desire enters the process of realizing the transcendence of suffering,
['T27n1545_111:0576b14_15']	苦現觀後二心頃。	苦現觀後二心頃。	during the last two moments of the realization of suffering,
['T27n1545_111:0576b15_5']	集滅現觀各四心頃。	集滅現觀各四心頃。	At the time of the four moments of the realization of the accumulation and cessation.
['T27n1545_111:0576b15_12']	道現觀三心頃。	道現觀三心頃。	At the time of the three moments of the realization of the path.
['T27n1545_111:0576b16_1']	得後二沙門果。	得後二沙門果。	Obtaining the latter two fruits of the śramaṇa.
['T27n1545_111:0576b16_13']	及已離欲染學無學練根已。	及已離欲染學無學練根已。	And having already been free from the affliction of desire, the trainee and post-trainee have already undergone the training of faculties.
['T27n1545_111:0576b17_1']	法智已滅不失。	法智已滅不失。	The knowledge of dharmas has already ceased and is not lost.
['T27n1545_111:0576b17_9']	他心智不現在前。	他心智不現在前。	The knowledge of others' minds does not appear before one.
['T27n1545_111:0576b18_3']	若學者無漏他心智已滅不失。	若學者無漏他心智已滅不失。	If one is a trainee, the impure knowledge of others' minds has already ceased and is not lost.
['T27n1545_111:0576b18_13']	生無色界未得無學果。	生無色界未得無學果。	One is born in the formless realm and has not yet attained the fruit of post-training.
['T27n1545_111:0576b19_10']	有過去法智及過去現在他心智。	有過去法智及過去現在他心智。	There is past knowledge of dharmas and past and present knowledge of others' minds.
['T27n1545_111:0576b19_18']	謂法智已滅不失。	謂法智已滅不失。	That is to say, the knowledge of dharmas has already ceased and is not lost.
['T27n1545_111:0576b20_6']	他心智現在前。	他心智現在前。	The knowledge of others' minds appears before one.
['T27n1545_111:0576b20_11']	此在何位。	此在何位。	In what state is this?
['T27n1545_111:0576b21_12']	謂得後二沙門果及已離欲染學無學練根已。	謂得後二沙門果及已離欲染學無學練根已。	That is to say, obtaining the latter two fruits of the śramaṇa and having already been free from the affliction of desire, the trainee and post-trainee have already undergone the training of faculties.
['T27n1545_111:0576b23_1']	法智已滅不失他心智現在前設成就過去現在他心智。	法智已滅不失他心智現在前設成就過去現在他心智。	The knowledge of dharmas has already ceased and is not lost, and the knowledge of others' minds appears before one. If one possesses past and present knowledge of others' minds,
['T27n1545_111:0576b23_8']	彼過去法智耶。	彼過去法智耶。	does one possess past knowledge of dharmas?
['T27n1545_111:0576b23_17']	答已滅不失則成就。	答已滅不失則成就。	Answer: If it has already ceased and is not lost, then one possesses it.
['T27n1545_111:0576b24_6']	此如次前所說諸位。	此如次前所說諸位。	This is in the various states mentioned above in order.
['T27n1545_111:0576b24_18']	若未滅設滅已失則不成就。	若未滅設滅已失則不成就。	If it has not yet ceased, or if it has ceased but has been lost, then it is not accomplished.
['T27n1545_111:0576b25_4']	此在何位。	此在何位。	In what state is this?
['T27n1545_111:0576b25_17']	謂諸異生起他心智現在前時。	謂諸異生起他心智現在前時。	It refers to when ordinary beings give rise to the knowledge of others' minds in the present.
['T27n1545_111:0576b26_7']	若得後二沙門果。	若得後二沙門果。	If one attains the latter two fruits of the śramaṇa,
['T27n1545_111:0576b27_1']	及已離欲染學無學練根已。	及已離欲染學無學練根已。	and has already become free from the defilements of the desire realm, and the training of the learner and post-learner has been completed.
['T27n1545_111:0576b27_18']	法智未滅設滅已失而他心智現在前時。	法智未滅設滅已失而他心智現在前時。	When the knowledge of dharmas has not yet ceased, or if it has ceased but has been lost, and the knowledge of others' minds is present.
['T27n1545_111:0576b28_7']	若成就過去法智。	若成就過去法智。	If one is endowed with past knowledge of dharmas,
['T27n1545_111:0576b28_17']	彼未來現在他心智耶。	彼未來現在他心智耶。	does one also have future and present knowledge of others' minds?
['T27n1545_111:0576b29_5']	答有過去法智。	答有過去法智。	The answer is: There is past knowledge of dharmas,
['T27n1545_111:0576b29_14']	非未來現在他心智。	非未來現在他心智。	but not future and present knowledge of others' minds.
['T27n1545_111:0576c01_4']	謂法智已滅不失。	謂法智已滅不失。	It refers to when knowledge of dharmas has already ceased but has not been lost,
['T27n1545_111:0576c01_10']	未得他心智。	未得他心智。	and one has not yet attained knowledge of others' minds,
['T27n1545_111:0576c01_15']	設得已失。	設得已失。	or even if attained, it has been lost.
['T27n1545_111:0576c02_1']	此在何位。	此在何位。	In what state is this?
['T27n1545_111:0576c03_4']	謂未離欲染苦現觀後二心頃集滅現觀各四心頃。	謂未離欲染苦現觀後二心頃集滅現觀各四心頃。	It refers to the two moments of mind after the realization of suffering, the four moments of mind each during the realization of accumulation and cessation,
['T27n1545_111:0576c03_11']	道現觀三心頃。	道現觀三心頃。	and the three moments of mind during the realization of the path,
['T27n1545_111:0576c04_8']	得初二沙門果及未離欲染學練根已。	得初二沙門果及未離欲染學練根已。	when one attains the first two fruits of the śramaṇa and has not yet become free from the defilements of the desire realm, and the training of the learner has been completed.
['T27n1545_111:0576c04_15']	法智已滅不失。	法智已滅不失。	When knowledge of dharmas has already ceased but has not been lost,
['T27n1545_111:0576c05_12']	有過去法智及未來他心智非現在。	有過去法智及未來他心智非現在。	There is past dharma cognition and future cognition of others' minds but not present.
['T27n1545_111:0576c06_2']	謂法智已滅不失。	謂法智已滅不失。	It means dharma cognition has already ceased but not yet been lost.
['T27n1545_111:0576c06_14']	他心智已得不失不現在前。	他心智已得不失不現在前。	The cognition of others' minds has already been attained but not yet been lost, and is not presently manifest.
['T27n1545_111:0576c06_19']	此在何位。	此在何位。	In what state is this?
['T27n1545_111:0576c07_10']	謂已離欲染入正性離生。	謂已離欲染入正性離生。	It means one who has already become free from the affliction of desire enters the correct state of detachment from birth.
['T27n1545_111:0576c07_18']	苦現觀後二心頃。	苦現觀後二心頃。	In the two moments after the present observation of suffering.
['T27n1545_111:0576c08_8']	集滅現觀各四心頃。	集滅現觀各四心頃。	In the four moments of each of the present observations of accumulation and cessation.
['T27n1545_111:0576c08_15']	道現觀三心頃。	道現觀三心頃。	In the three moments of the present observation of the path.
['T27n1545_111:0576c09_3']	得後二沙門果。	得後二沙門果。	One attains the two subsequent fruits of the śramaṇa.
['T27n1545_111:0576c09_15']	及已離欲染學無學練根已。	及已離欲染學無學練根已。	And one who has already become free from the affliction of desire, the training of the learner and post-learner, and has already perfected the faculties.
['T27n1545_111:0576c11_6']	法智已滅不失他心智不現在前有過去法智及未來現在他心智。	法智已滅不失他心智不現在前有過去法智及未來現在他心智。	Dharma cognition has already ceased but not yet been lost, and the cognition of others' minds is not presently manifest. There is past dharma cognition and future and present cognition of others' minds.
['T27n1545_111:0576c11_14']	謂法智已滅不失。	謂法智已滅不失。	It means dharma cognition has already ceased but not yet been lost.
['T27n1545_111:0576c12_2']	他心智現在前。	他心智現在前。	The cognition of others' minds is presently manifest.
['T27n1545_111:0576c12_18']	此如前成就過去法智現在他心智說。	此如前成就過去法智現在他心智說。	This is as explained above for the attainment of past dharma cognition and present cognition of others' minds.
['T27n1545_111:0576c13_10']	設成就未來現在他心智。	設成就未來現在他心智。	If one attains future and present cognition of others' minds,
['T27n1545_111:0576c13_17']	彼過去法智耶。	彼過去法智耶。	does one also attain past dharma cognition?
['T27n1545_111:0576c14_8']	答若已滅不失則成就。	答若已滅不失則成就。	If it has already ceased and not yet been lost, then one attains it.
['T27n1545_111:0576c14_17']	此如次前所說諸位。	此如次前所說諸位。	These correspond to the various states mentioned above.
['T27n1545_111:0576c16_3']	若未滅設滅已失則不成就此如前成就現在他心智。	若未滅設滅已失則不成就此如前成就現在他心智。	If it has not yet ceased, or has ceased but been lost, then it is not presently accomplished. This is like the previously accomplished present knowledge of others' minds.
['T27n1545_111:0576c16_12']	不成就過去法智說。	不成就過去法智說。	This is said to be the non-accomplishment of past dharma knowledge.
['T27n1545_111:0576c17_2']	若成就過去法智。	若成就過去法智。	If one accomplishes past dharma knowledge,
['T27n1545_111:0576c17_12']	彼過去未來他心智耶。	彼過去未來他心智耶。	do they also accomplish past and future knowledge of others' minds?
['T27n1545_111:0576c18_1']	答有過去法智。	答有過去法智。	The answer is: There is past dharma knowledge
['T27n1545_111:0576c18_17']	非過去未來他心智謂法智已滅不失。	非過去未來他心智謂法智已滅不失。	but not past or future knowledge of others' minds. This refers to dharma knowledge that has already ceased and not been lost,
['T27n1545_111:0576c19_4']	未得他心智。	未得他心智。	but knowledge of others' minds has not yet been attained,
['T27n1545_111:0576c19_9']	設得已失。	設得已失。	or has been attained but lost.
['T27n1545_111:0576c20_9']	此如前有過去法智非未來現在他心智說。	此如前有過去法智非未來現在他心智說。	This is like the previously mentioned case of past dharma knowledge but not future or present knowledge of others' minds.
['T27n1545_111:0576c21_6']	有過去法智及未來他心智非過去。	有過去法智及未來他心智非過去。	There is past dharma knowledge and future knowledge of others' minds but not past.
['T27n1545_111:0576c21_14']	謂法智已滅不失。	謂法智已滅不失。	This refers to dharma knowledge that has already ceased and not been lost,
['T27n1545_111:0576c22_3']	他心智已得不失。	他心智已得不失。	and knowledge of others' minds that has already been attained and not been lost,
['T27n1545_111:0576c22_10']	未滅設滅已失。	未滅設滅已失。	but has not yet ceased, or has ceased but been lost.
['T27n1545_111:0576c22_15']	此在何位。	此在何位。	In what state is this?
['T27n1545_111:0576c23_6']	謂學者法智已滅不失。	謂學者法智已滅不失。	This refers to learners whose dharma knowledge has already ceased and not been lost,
['T27n1545_111:0576c24_9']	無漏他心智未滅設滅已失生無色界未得無學果。	無漏他心智未滅設滅已失生無色界未得無學果。	If one has not yet extinguished or has already lost the uncontaminated knowledge of others' minds, and has not yet attained the fruit of arhatship while in the formless realm,
['T27n1545_111:0576c25_6']	有過去法智及過去未來他心智。	有過去法智及過去未來他心智。	One has past knowledge of dharmas and past and future knowledge of others' minds.
['T27n1545_111:0576c25_17']	謂法智他心智已滅不失。	謂法智他心智已滅不失。	That is to say, the knowledge of dharmas and knowledge of others' minds have already ceased but have not been lost.
['T27n1545_111:0576c26_12']	此如前成就過去法智他心智說。	此如前成就過去法智他心智說。	This is as explained above in the attainment of past knowledge of dharmas and knowledge of others' minds.
['T27n1545_111:0576c27_5']	設成就過去未來他心智。	設成就過去未來他心智。	If one attains past and future knowledge of others' minds,
['T27n1545_111:0576c27_12']	彼過去法智耶。	彼過去法智耶。	Does one also have past knowledge of dharmas?
['T27n1545_111:0576c28_14']	答若已滅不失則成就若未滅設滅已失則不成就。	答若已滅不失則成就若未滅設滅已失則不成就。	If it has already ceased and has not been lost, then one attains it. If it has not yet ceased, or has ceased but been lost, then one does not attain it.
['T27n1545_111:0576c28_18']	此如前。	此如前。	This is as explained above.
['T27n1545_111:0576c29_8']	設成就過去他心智。	設成就過去他心智。	If one attains past knowledge of others' minds,
['T27n1545_111:0576c29_15']	彼過去法智耶。	彼過去法智耶。	Does one also have past knowledge of dharmas?
['T27n1545_111:0577a01_6']	說若成就過去法智。	說若成就過去法智。	If one attains past knowledge of dharmas,
['T27n1545_111:0577a01_18']	彼過去未來現在他心智耶。	彼過去未來現在他心智耶。	Does one also have past, future, and present knowledge of others' minds?
['T27n1545_111:0577a02_6']	答有過去法智。	答有過去法智。	The answer is: There is past knowledge of dharmas,
['T27n1545_111:0577a02_17']	非過去未來現在他心智。	非過去未來現在他心智。	But not past, future, or present knowledge of others' minds.
['T27n1545_111:0577a03_6']	謂法智已滅不失。	謂法智已滅不失。	That is to say, knowledge of dharmas has already ceased but has not been lost,
['T27n1545_111:0577a03_16']	未得他心智設得已失。	未得他心智設得已失。	But one has not yet attained knowledge of others' minds, or has attained it but lost it.
['T27n1545_111:0577a04_16']	此如前有過去法智非未來現在他心智說。	此如前有過去法智非未來現在他心智說。	This is like the previous case of possessing past knowledge of dharmas but not future or present knowledge of others' minds.
['T27n1545_111:0577a05_16']	有過去法智及未來他心智非過去現在。	有過去法智及未來他心智非過去現在。	There is past knowledge of dharmas and future knowledge of others' minds but not past or present.
['T27n1545_111:0577a06_6']	謂法智已滅不失。	謂法智已滅不失。	It refers to knowledge of dharmas that has already ceased but not yet been lost,
['T27n1545_111:0577a06_14']	他心智已得不失。	他心智已得不失。	and knowledge of others' minds that has already been attained and not yet been lost.
['T27n1545_111:0577a07_6']	未滅設滅已失不現在前。	未滅設滅已失不現在前。	It has not yet ceased, or even if it has ceased it has already been lost and is not presently manifest.
['T27n1545_111:0577a08_7']	此如前有過去法智及未來他心智非過去說。	此如前有過去法智及未來他心智非過去說。	This is like the previous case of possessing past knowledge of dharmas and future knowledge of others' minds but not past.
['T27n1545_111:0577a09_7']	有過去法智及過去未來他心智非現在。	有過去法智及過去未來他心智非現在。	There is past knowledge of dharmas and past and future knowledge of others' minds but not present.
['T27n1545_111:0577a10_1']	謂法智他心智已滅不失。	謂法智他心智已滅不失。	It refers to knowledge of dharmas and knowledge of others' minds that have already ceased but not yet been lost,
['T27n1545_111:0577a10_9']	他心智不現在前。	他心智不現在前。	and knowledge of others' minds that is not presently manifest.
['T27n1545_111:0577a11_9']	此如前有過去法智及過去他心智非現在說。	此如前有過去法智及過去他心智非現在說。	This is like the previous case of possessing past knowledge of dharmas and past knowledge of others' minds but not present.
['T27n1545_111:0577a12_8']	有過去法智及過去未來現在他心智。	有過去法智及過去未來現在他心智。	There is past knowledge of dharmas and past, future, and present knowledge of others' minds.
['T27n1545_111:0577a12_16']	謂法智已滅不失。	謂法智已滅不失。	It refers to knowledge of dharmas that has already ceased but not yet been lost,
['T27n1545_111:0577a13_4']	他心智現在前。	他心智現在前。	and knowledge of others' minds that is presently manifest.
['T27n1545_111:0577a14_4']	此如前有過去法智及過去現在他心智說。	此如前有過去法智及過去現在他心智說。	This is like the previous case of possessing past knowledge of dharmas and past and present knowledge of others' minds.
['T27n1545_111:0577a14_17']	設成就過去未來現在他心智。	設成就過去未來現在他心智。	If one has attained past, future, and present knowledge of others' minds,
['T27n1545_111:0577a15_5']	彼過去法智耶。	彼過去法智耶。	does one also have past knowledge of dharmas?
['T27n1545_111:0577a15_15']	答若已滅不失則成就。	答若已滅不失則成就。	If it has already ceased but not been lost, then one has it.
['T27n1545_111:0577a16_8']	若未滅設滅已失則不成就。	若未滅設滅已失則不成就。	If it has not yet ceased, or if it has ceased and been lost, then one does not have it.
['T27n1545_111:0577a16_12']	此如前。	此如前。	This is the same as before.
['T27n1545_111:0577a17_5']	設成就過去現在他心智。	設成就過去現在他心智。	If one has attained past and present knowledge of others' minds,
['T27n1545_111:0577a17_12']	彼過去法智耶。	彼過去法智耶。	does one also have past knowledge of dharmas?
['T27n1545_111:0577a18_3']	說若成就過去法智。	說若成就過去法智。	If one has attained past knowledge of dharmas,
['T27n1545_111:0577a18_11']	彼過去世俗智耶。	彼過去世俗智耶。	does one also have past conventional knowledge?
['T27n1545_111:0577a18_15']	答如是。	答如是。	The answer is: Yes.
['T27n1545_111:0577a19_13']	以過去未來世俗智一切有情皆成就故。	以過去未來世俗智一切有情皆成就故。	Because past and future conventional knowledge is attained by all sentient beings.
['T27n1545_111:0577a19_18']	此在何位。	此在何位。	In what state is this?
['T27n1545_111:0577a20_7']	謂已入正性離生。	謂已入正性離生。	It is said that one who has already entered the certainty of perfection,
['T27n1545_111:0577a20_15']	苦現觀後二心頃。	苦現觀後二心頃。	in the two moments after the insight into suffering,
['T27n1545_111:0577a21_5']	集滅現觀各四心頃。	集滅現觀各四心頃。	in the four moments each of the insight into the accumulation and the insight into cessation,
['T27n1545_111:0577a21_12']	道現觀三心頃。	道現觀三心頃。	in the three moments of the insight into the path,
['T27n1545_111:0577a21_18']	得四沙門果。	得四沙門果。	attains the four fruits of the śramaṇa,
['T27n1545_111:0577a22_6']	及學無學練根已。	及學無學練根已。	and perfects the faculties of the learner and the adept.
['T27n1545_111:0577a22_14']	若法智已滅不失。	若法智已滅不失。	If knowledge of dharmas has already ceased but not been lost,
['T27n1545_111:0577a23_4']	設成就過去世俗智。	設成就過去世俗智。	If one has attained past conventional knowledge,
['T27n1545_111:0577a23_11']	彼過去法智耶。	彼過去法智耶。	does one also have past knowledge of dharmas?
['T27n1545_111:0577a24_2']	答若已滅不失則成就。	答若已滅不失則成就。	Answer: If it has already ceased and is not lost, then it is accomplished.
['T27n1545_111:0577a24_11']	此如次前所說諸位。	此如次前所說諸位。	This is as explained in the previous states.
['T27n1545_111:0577a25_4']	若未滅設滅已失則不成就。	若未滅設滅已失則不成就。	If it has not yet ceased, or if it has ceased but is lost, then it is not accomplished.
['T27n1545_111:0577a25_9']	此在何位。	此在何位。	In what state is this?
['T27n1545_111:0577a25_15']	謂一切異生。	謂一切異生。	It refers to all ordinary beings.
['T27n1545_111:0577a26_4']	若已入正性離生。	若已入正性離生。	If one has already entered the state of certainty of liberation.
['T27n1545_111:0577a26_12']	苦現觀初二心頃。	苦現觀初二心頃。	In the first two moments of the direct realization of suffering.
['T27n1545_111:0577a26_18']	得四沙門果。	得四沙門果。	Obtaining the four fruits of the śramaṇa.
['T27n1545_111:0577a27_7']	及學無學練根已。	及學無學練根已。	And the training of the faculties of the learner and post-learner has already been completed.
['T27n1545_111:0577a27_16']	法智未滅設滅已失。	法智未滅設滅已失。	The knowledge of dharmas has not yet ceased, or if it has ceased it has already been lost.
['T27n1545_111:0577a28_12']	若成就過去法智彼未來世俗智耶。	若成就過去法智彼未來世俗智耶。	If one accomplishes past knowledge of dharmas, does one also have future conventional knowledge?
['T27n1545_111:0577a28_16']	答如是。	答如是。	Answer: It is so.
['T27n1545_111:0577a29_1']	此如前。	此如前。	This is as explained before.
['T27n1545_111:0577a29_9']	若成就過去法智。	若成就過去法智。	If one accomplishes past knowledge of dharmas,
['T27n1545_111:0577a29_17']	彼過去世俗智耶。	彼過去世俗智耶。	does one also have past conventional knowledge?
['T27n1545_111:0577b01_14']	說設成就未來世俗智彼過去法智耶。	說設成就未來世俗智彼過去法智耶。	If one accomplishes future conventional knowledge, does one also have past knowledge of dharmas?
['T27n1545_111:0577b02_6']	答若已滅不失則成就。	答若已滅不失則成就。	Answer: If it has already ceased and is not lost, then it is accomplished.
['T27n1545_111:0577b02_18']	若未滅設滅已失則不成就。	若未滅設滅已失則不成就。	If it has not yet ceased, or if it has ceased but is lost, then it is not accomplished.
['T27n1545_111:0577b03_3']	此如前。	此如前。	This is as explained before.
['T27n1545_111:0577b03_12']	設成就過去世俗智。	設成就過去世俗智。	If one accomplishes past conventional knowledge,
['T27n1545_111:0577b04_1']	彼過去法智耶。	彼過去法智耶。	does one also have past knowledge of dharmas?
['T27n1545_111:0577b04_10']	說若成就過去法智。	說若成就過去法智。	If one possesses past dharma cognition,
['T27n1545_111:0577b04_18']	彼現在世俗智耶。	彼現在世俗智耶。	does one also possess present conventional cognition?
['T27n1545_111:0577b05_5']	答若現在前。	答若現在前。	The answer is: if it is presently manifest.
['T27n1545_111:0577b06_5']	謂若不起諸無漏慧非無心位此定現前。	謂若不起諸無漏慧非無心位此定現前。	That is, if one does not arouse any uncontaminated wisdom, and is not in a mindless state, this concentration is presently manifest.
['T27n1545_111:0577b06_10']	此在何位。	此在何位。	In what state is it?
['T27n1545_111:0577b06_17']	謂得四沙門果。	謂得四沙門果。	It is said to be the attainment of the four fruits of the śramaṇa,
['T27n1545_111:0577b07_6']	及學無學練根已。	及學無學練根已。	and the training of faculties by those in training and those beyond training.
['T27n1545_111:0577b08_4']	若法智已滅不失起世俗智現在前時。	若法智已滅不失起世俗智現在前時。	If dharma cognition has already ceased but not been lost, and one arouses conventional cognition that is presently manifest,
['T27n1545_111:0577b08_13']	設成就現在世俗智。	設成就現在世俗智。	If one possesses present conventional cognition,
['T27n1545_111:0577b09_1']	彼過去法智耶。	彼過去法智耶。	does one also possess past dharma cognition?
['T27n1545_111:0577b09_11']	答若已滅不失則成就。	答若已滅不失則成就。	The answer is: if it has already ceased but not been lost, then one possesses it.
['T27n1545_111:0577b10_1']	此如次前所說諸位。	此如次前所說諸位。	This is as explained in the above states.
['T27n1545_111:0577b10_17']	若未滅設滅已失則不成就此在何位。	若未滅設滅已失則不成就此在何位。	If it has not yet ceased, or if it has ceased but been lost, then one does not possess it. In what state is it?
['T27n1545_111:0577b11_5']	謂一切異生。	謂一切異生。	It is said to be all ordinary beings,
['T27n1545_111:0577b11_12']	若得四沙門果。	若得四沙門果。	if one attains the four fruits of the śramaṇa,
['T27n1545_111:0577b12_1']	及學無學練根已。	及學無學練根已。	and the training of faculties by those in training and those beyond training.
['T27n1545_111:0577b12_10']	法智未滅設滅已失。	法智未滅設滅已失。	If dharma cognition has not yet ceased, or if it has ceased but been lost,
['T27n1545_111:0577b13_1']	起世俗智現在前時。	起世俗智現在前時。	and one arouses conventional cognition that is presently manifest,
['T27n1545_111:0577b13_10']	餘文准前應知其相。	餘文准前應知其相。	The meaning of the remaining passages should be understood according to the above.
['T27n1545_111:0577b13_18']	若成就過去法智。	若成就過去法智。	If one possesses past dharma knowledge,
['T27n1545_111:0577b14_6']	彼過去苦智耶。	彼過去苦智耶。	does one also possess past knowledge of suffering?
['T27n1545_111:0577b14_16']	答若已滅不失則成就。	答若已滅不失則成就。	Answer: If it has already ceased but not yet been lost, then one possesses it.
['T27n1545_111:0577b15_9']	此在何位謂已入正性離生。	此在何位謂已入正性離生。	This is in what state? It refers to having already entered the state of certainty of liberation.
['T27n1545_111:0577b15_17']	苦現觀後二心頃。	苦現觀後二心頃。	The two moments of subsequent cognition of suffering.
['T27n1545_111:0577b16_7']	集滅現觀各四心頃。	集滅現觀各四心頃。	The four moments of subsequent cognition of origin and cessation.
['T27n1545_111:0577b16_14']	道現觀三心頃。	道現觀三心頃。	The three moments of subsequent cognition of the path.
['T27n1545_111:0577b17_1']	得四沙門果。	得四沙門果。	Obtaining the four fruits of the śramaṇa.
['T27n1545_111:0577b17_9']	及學無學練根已。	及學無學練根已。	And the faculties of learning and no-more-learning of those in training.
['T27n1545_111:0577b17_19']	若法智苦智已滅不失。	若法智苦智已滅不失。	If dharma knowledge and knowledge of suffering have already ceased but not yet been lost,
['T27n1545_111:0577b18_11']	若未滅設滅已失則不成就。	若未滅設滅已失則不成就。	if they have not yet ceased, or if they have ceased but been lost, then one does not possess them.
['T27n1545_111:0577b18_16']	此在何位。	此在何位。	This is in what state?
['T27n1545_111:0577b19_4']	謂得四沙門果。	謂得四沙門果。	It refers to obtaining the four fruits of the śramaṇa.
['T27n1545_111:0577b19_12']	及學無學練根已。	及學無學練根已。	And the faculties of learning and no-more-learning of those in training.
['T27n1545_111:0577b20_3']	若非苦法智已滅不失。	若非苦法智已滅不失。	If knowledge of the truths of suffering and dharma have not yet ceased or have ceased but been lost,
['T27n1545_111:0577b20_12']	苦智未滅設滅已失。	苦智未滅設滅已失。	if knowledge of suffering has not yet ceased or has ceased but been lost,
['T27n1545_111:0577b21_1']	設成就過去苦智。	設成就過去苦智。	if one possesses past knowledge of suffering,
['T27n1545_111:0577b21_17']	彼過去法智耶答若已滅不失則成就。	彼過去法智耶答若已滅不失則成就。	does one also possess past dharma knowledge? Answer: If it has already ceased but not yet been lost, then one possesses it.
['T27n1545_111:0577b22_11']	此如前成就過去法智苦智說。	此如前成就過去法智苦智說。	This is as explained above for possessing past dharma knowledge and knowledge of suffering.
['T27n1545_111:0577b23_5']	若未滅設滅已失則不成就。	若未滅設滅已失則不成就。	If it has not yet ceased, or if it has ceased but has been lost, then it is not accomplished.
['T27n1545_111:0577b23_10']	此在何位。	此在何位。	In what state is this?
['T27n1545_111:0577b23_17']	謂得四沙門果。	謂得四沙門果。	It refers to attaining the four fruits of the śramaṇa,
['T27n1545_111:0577b24_6']	及學無學練根已。	及學無學練根已。	and to those in training and those beyond training who have already perfected the faculties.
['T27n1545_111:0577b24_15']	若苦類智已滅不失。	若苦類智已滅不失。	If the knowledge of the aspects of suffering has ceased and has not been lost,
['T27n1545_111:0577b25_5']	法智未滅設滅已失。	法智未滅設滅已失。	and the knowledge of dharmas has either not yet ceased, or if it has ceased it has been lost.
['T27n1545_111:0577b25_13']	若成就過去法智。	若成就過去法智。	If one accomplishes past knowledge of dharmas,
['T27n1545_111:0577b26_1']	彼未來苦智耶。	彼未來苦智耶。	does one also accomplish future knowledge of suffering?
['T27n1545_111:0577b26_5']	答如是。	答如是。	The answer is: It is so.
['T27n1545_111:0577b26_14']	若成就過去法智者。	若成就過去法智者。	If one accomplishes past knowledge of dharmas,
['T27n1545_111:0577b27_4']	必成就未來苦智故。	必成就未來苦智故。	one necessarily also accomplishes future knowledge of suffering.
['T27n1545_111:0577b27_9']	此在何位。	此在何位。	In what state is this?
['T27n1545_111:0577b27_17']	謂已入正性離生。	謂已入正性離生。	It refers to having already entered the certainty of perfection.
['T27n1545_111:0577b28_6']	苦現觀後二心頃。	苦現觀後二心頃。	In the last two moments of the insight into suffering,
['T27n1545_111:0577b29_2']	集滅現觀各四心頃道現觀三心頃。	集滅現觀各四心頃道現觀三心頃。	in the four moments of the insight into the accumulation and cessation, and in the three moments of the insight into the path,
['T27n1545_111:0577b29_8']	得四沙門果。	得四沙門果。	attaining the four fruits of the śramaṇa,
['T27n1545_111:0577b29_16']	及學無學練根已。	及學無學練根已。	and to those in training and those beyond training who have already perfected the faculties.
['T27n1545_111:0577c01_4']	若法智已滅不失。	若法智已滅不失。	If the knowledge of dharmas has ceased and has not been lost,
['T27n1545_111:0577c01_12']	設成就未來苦智。	設成就未來苦智。	if one accomplishes future knowledge of suffering,
['T27n1545_111:0577c01_19']	彼過去法智耶。	彼過去法智耶。	does one also accomplish past knowledge of dharmas?
['T27n1545_111:0577c02_9']	答若已滅不失則成就。	答若已滅不失則成就。	The answer is: If it has ceased and has not been lost, then it is accomplished.
['T27n1545_111:0577c02_18']	此如次前所說諸位。	此如次前所說諸位。	These correspond to the various stages mentioned above.
['T27n1545_111:0577c03_11']	若未滅設滅已失則不成就。	若未滅設滅已失則不成就。	If they have not yet been extinguished or have been extinguished but lost, then they are not accomplished.
['T27n1545_111:0577c03_16']	此在何位。	此在何位。	In what state is this?
['T27n1545_111:0577c04_5']	謂已入正性離生。	謂已入正性離生。	It refers to having already entered the state of certainty of liberation.
['T27n1545_111:0577c04_12']	苦現觀一心頃。	苦現觀一心頃。	At the time of the first moment of the insight into suffering.
['T27n1545_111:0577c04_18']	謂苦法智時。	謂苦法智時。	That is, at the time of the knowledge of the truth of suffering.
['T27n1545_111:0577c05_5']	得四沙門果。	得四沙門果。	Obtaining the four fruits of the śramaṇa.
['T27n1545_111:0577c05_13']	及學無學練根已。	及學無學練根已。	And having already cultivated the faculties of learning and no-more-learning.
['T27n1545_111:0577c06_3']	法智未滅設滅已失。	法智未滅設滅已失。	If the knowledge of dharmas has not yet been extinguished or has been extinguished but lost.
['T27n1545_111:0577c06_11']	若成就過去法智。	若成就過去法智。	If one accomplishes past knowledge of dharmas,
['T27n1545_111:0577c06_18']	彼現在苦智耶。	彼現在苦智耶。	does one also accomplish present knowledge of suffering?
['T27n1545_111:0577c07_4']	答若現在前。	答若現在前。	Answer: If it is present.
['T27n1545_111:0577c07_13']	謂若不起餘智諸忍。	謂若不起餘智諸忍。	That is, if one does not give rise to other knowledges or forbearances.
['T27n1545_111:0577c08_4']	非無心位此定現前。	非無心位此定現前。	Not in a state without thought, this is definitely present.
['T27n1545_111:0577c08_9']	此在何位。	此在何位。	In what state is this?
['T27n1545_111:0577c08_17']	謂已入正性離生。	謂已入正性離生。	It refers to having already entered the state of certainty of liberation.
['T27n1545_111:0577c09_5']	苦現觀一心頃。	苦現觀一心頃。	At the time of the first moment of the insight into suffering.
['T27n1545_111:0577c09_16']	謂苦類智時得四沙門果。	謂苦類智時得四沙門果。	That is, at the time of the knowledge of the truth of suffering, one obtains the four fruits of the śramaṇa.
['T27n1545_111:0577c10_5']	及學無學練根已。	及學無學練根已。	And having already cultivated the faculties of learning and no-more-learning.
['T27n1545_111:0577c10_13', 'T27n1545_111:0577c11_1']	若法智已滅不失。🔽而苦智現在前。	若法智已滅不失。 而苦智現在前。	If the knowledge of dharmas has already been extinguished but not lost,🔽and the knowledge of suffering is present.
['T27n1545_111:0577c11_9']	設成就現在苦智。	設成就現在苦智。	If one accomplishes present knowledge of suffering,
['T27n1545_111:0577c11_16']	彼過去法智耶。	彼過去法智耶。	Do they have past dharma cognition?
['T27n1545_111:0577c12_7']	答若已滅不失則成就。	答若已滅不失則成就。	Answer: If it has already ceased but not yet been lost, then it is accomplished.
['T27n1545_111:0577c12_16']	此如次前所說諸位。	此如次前所說諸位。	This is as explained in the previous states.
['T27n1545_111:0577c13_9']	若未滅設滅已失則不成就。	若未滅設滅已失則不成就。	If it has not yet ceased, or if it has ceased and been lost, then it is not accomplished.
['T27n1545_111:0577c13_14']	此在何位。	此在何位。	In what state is this?
['T27n1545_111:0577c14_4']	謂已入正性離生。	謂已入正性離生。	It is said that one who has already entered the state of certainty of liberation.
['T27n1545_111:0577c14_11']	苦現觀一心頃。	苦現觀一心頃。	In the moment of the present observation of suffering.
['T27n1545_111:0577c15_3']	謂苦法智時得四沙門果。	謂苦法智時得四沙門果。	That is, at the time of the cognition of the dharma of suffering, one attains the four fruits of the śramaṇa,
['T27n1545_111:0577c15_11']	及學無學練根已。	及學無學練根已。	and after the training of the faculties of the learner and post-learner has been completed.
['T27n1545_111:0577c16_1']	法智未滅設滅已失。	法智未滅設滅已失。	Dharma cognition has not yet ceased, or if it has ceased it has been lost,
['T27n1545_111:0577c16_9']	而苦智現在前時。	而苦智現在前時。	but the cognition of suffering is present.
['T27n1545_111:0577c16_18', 'T27n1545_111:0577c17_8']	餘文准前應知其相。🔽如法智對後作小七。	餘文准前應知其相。 如法智對後作小七。	The meaning of the remaining texts should be understood according to the previous example.
['T27n1545_111:0577c17_16']	乃至滅智對道智。	乃至滅智對道智。	Just as dharma cognition is compared to subsequent cognition, and so on, up to the cognition of cessation is compared to the cognition of the path,
['T27n1545_111:0577c18_9']	隨其所應作小七亦爾者。	隨其所應作小七亦爾者。	in the same way, the small seven should be made according to what is appropriate.
['T27n1545_111:0577c19_5']	謂如法智對後類智等作小七。	謂如法智對後類智等作小七。	That is to say, just as dharma cognition is compared to subsequent cognition, and so on, up to the small seven,
['T27n1545_111:0577c19_16']	如是類智對後他心智等。	如是類智對後他心智等。	in the same way, subsequent cognition is compared to the cognition of others' minds, and so on,
['T27n1545_111:0577c20_11']	乃至滅智對後道智應知亦爾。	乃至滅智對後道智應知亦爾。	up to the cognition of cessation is compared to the cognition of the path, it should be understood in the same way.
['T27n1545_111:0577c21_3']	如小七大七亦爾者。	如小七大七亦爾者。	Just as the small seven, the great seven is also like this.
['T27n1545_111:0577c21_15']	謂如八智以前對後作小七。	謂如八智以前對後作小七。	It is like the eight knowledges being considered smaller in relation to the subsequent ones.
['T27n1545_111:0577c22_13']	如是八智以前對後作大七應知亦爾。	如是八智以前對後作大七應知亦爾。	In the same way, the eight knowledges should be understood as being considered larger in relation to the subsequent ones.
['T27n1545_111:0577c22_17', 'T27n1545_111:0577c23_6']	差別者。🔽以二或多對一。	差別者。 以二或多對一。	The difference is:🔽Either two or more [knowledges] are considered in relation to one,
['T27n1545_111:0577c23_15']	或以一對二或多者。	或以一對二或多者。	or one is considered in relation to two or more.
['T27n1545_111:0577c24_8']	謂前小七中定以一對一。	謂前小七中定以一對一。	In the previous small seven, one is definitely considered in relation to one.
['T27n1545_111:0577c24_13']	今大七中。	今大七中。	Now, in the great seven,
['T27n1545_111:0577c25_10']	或以二或多對一或以一對二或多。	或以二或多對一或以一對二或多。	either two or more are considered in relation to one, or one is considered in relation to two or more.
['T27n1545_111:0577c26_2']	是謂小七大七差別。	是謂小七大七差別。	This is the difference between the small seven and the great seven.
['T27n1545_111:0577c26_10']	如過去為首有七。	如過去為首有七。	Just as there are seven with the past as the foremost,
['T27n1545_111:0577c27_9']	未來乃至過去未來現在為首亦各有七。	未來乃至過去未來現在為首亦各有七。	there are also seven each with the future up to the past and future present as the foremost.
['T27n1545_111:0577c27_15']	如應當知者。	如應當知者。	As appropriate means:
['T27n1545_111:0577c28_13']	謂如過去法智等為首問三世類智等。	謂如過去法智等為首問三世類智等。	Just as the knowledge of dharmas in the past, etc. as the foremost, asks about the knowledge of classes in the three times, etc.,
['T27n1545_111:0577c29_2']	有小大七差別。	有小大七差別。	there is a difference between the small and great seven.
['T27n1545_111:0577c29_12']	如是未來法智等為首。	如是未來法智等為首。	In the same way, the knowledge of dharmas in the future, etc. as the foremost,
['T27n1545_111:0578a01_13']	問三世類智等乃至過去未來現在法智等為首。	問三世類智等乃至過去未來現在法智等為首。	asks about the knowledge of classes in the three times, up to the knowledge of dharmas in the past, future, and present as the foremost,
['T27n1545_111:0578a02_2']	問三世類智等。	問三世類智等。	asks about the knowledge of classes in the three times.
['T27n1545_111:0578a02_11']	亦各有小大七差別。	亦各有小大七差別。	Each also has seven distinctions of small and large.
['T27n1545_111:0578a03_2']	皆如所應當知其相。	皆如所應當知其相。	All should be understood according to their respective characteristics.
['T27n1545_111:0578a03_17']	此中一行歷六小七大七差別等義。	此中一行歷六小七大七差別等義。	Here, the meaning of one line going through the six small and seven large distinctions, etc.,
['T27n1545_111:0578a04_7']	如前結蘊廣說應知。	如前結蘊廣說應知。	should be understood as explained in detail in the previous chapter on the aggregates.🔽Here is the corrected and aligned text:
['T27n1545_111:0578a06_100']	說一切有部發智大毘婆沙論卷第一百一十一	說一切有部發智大毘婆沙論卷第一百一十一	Abhidharma-mahāvibhāṣā-śāstra, fascicle 111
