segmentnr	original	analyzed	translated
['T27n1545_113:0583a21_0']	阿毘達磨大毘婆沙論卷第一百	阿毘達磨大毘婆沙論卷第一百	Abhidharma-mahāvibhāṣā-śāstra, fascicle 100
['T27n1545_113:0583a22_0']	一十三	一十三	thirteen
['T27n1545_113:0583a24_0']	五百大阿羅漢等造	五百大阿羅漢等造	composed by five hundred great arhats and others
['T27n1545_113:0583a27_3']	三藏法師玄奘奉　詔譯2業蘊第四中惡行納息第一之二三惡行。	三藏法師玄奘奉　詔譯2業蘊第四中惡行納息第一之二三惡行。	tripiṭaka master Xuanzang respectfully received
['T27n1545_113:0583a27_9', 'T27n1545_113:0583a27_14']	十不善業道。🔽為三攝十。	十不善業道。 為三攝十。	the ten unwholesome courses of action🔽are included in the three,
['T27n1545_113:0583a27_19']	十攝三耶。	十攝三耶。	are the ten included in the three?
['T27n1545_113:0583a28_4']	乃至廣說。	乃至廣說。	and so on, in detail.
['T27n1545_113:0583a28_11']	問何故作此論。	問何故作此論。	Question: Why was this treatise composed?
['T27n1545_113:0583a29_3']	答為欲分別契經義故。	答為欲分別契經義故。	Answer: In order to analyze the meaning of the sūtras.
['T27n1545_113:0583a29_8']	如契經說。	如契經說。	As the sūtras say:
['T27n1545_113:0583a29_18']	有三惡行十不善業道。	有三惡行十不善業道。	There are three kinds of evil conduct and ten unwholesome courses of action.
['T27n1545_113:0583b01_10']	契經雖作是說而不廣辯。	契經雖作是說而不廣辯。	Although the sūtras say this, they do not explain it in detail.
['T27n1545_113:0583b01_15']	廣說如前。	廣說如前。	The detailed explanation is as above.
['T27n1545_113:0583b02_2']	復有說者。	復有說者。	Furthermore, there are those who say:
['T27n1545_113:0583b02_11']	前已分別三種惡行。	前已分別三種惡行。	Previously, the three kinds of evil conduct have been analyzed,
['T27n1545_113:0583b03_3']	而未分別十不善業道。	而未分別十不善業道。	but the ten unwholesome courses of action have not yet been analyzed.
['T27n1545_113:0583b03_12']	今欲分別故作斯論。	今欲分別故作斯論。	Now, in order to analyze them, this treatise is composed.
['T27n1545_113:0583b04_9']	此中三惡行名略事廣。	此中三惡行名略事廣。	Here, the three kinds of evil conduct are called brief in name but extensive in meaning,
['T27n1545_113:0583b05_1', 'T27n1545_113:0583b05_12']	十不善業道名廣事略。🔽故三惡行攝十不善業道。	十不善業道名廣事略。 故三惡行攝十不善業道。	while the ten unwholesome courses of action are called extensive in name but brief in meaning.🔽Therefore, the three kinds of evil conduct include the ten unwholesome courses of action,
['T27n1545_113:0583b06_5']	非十不善業道攝三惡行。	非十不善業道攝三惡行。	but the ten unwholesome courses of action do not include the three kinds of evil conduct.
['T27n1545_113:0583b07_1']	以諸惡行攝業道已而更有餘。	以諸惡行攝業道已而更有餘。	Because all evil actions include the karmic paths, there are still others.
['T27n1545_113:0583b07_14']	譬如大器覆於小器而更有餘。	譬如大器覆於小器而更有餘。	It is like a large vessel covering a small vessel, and there are still others.
['T27n1545_113:0583b08_6']	是故三攝十非十攝三。	是故三攝十非十攝三。	Therefore, the three include the ten, but the ten do not include the three.
['T27n1545_113:0583b08_11', 'T27n1545_113:0583b08_18']	不攝者何。🔽謂除業道所攝。	不攝者何。 謂除業道所攝。	What is not included?
['T27n1545_113:0583b09_6']	餘身語意惡行。	餘身語意惡行。	It refers to the other bodily, verbal, and mental evil actions, excluding those included in the karmic paths.
['T27n1545_113:0583b09_15']	何者是餘身語惡行。	何者是餘身語惡行。	What are the other bodily and verbal evil actions?
['T27n1545_113:0583b10_6', 'T27n1545_113:0583b10_15']	謂身語業道加行後起。🔽及施設論所說諸業。	謂身語業道加行後起。 及施設論所說諸業。	They refer to the preparatory and subsequent actions of the bodily and verbal karmic paths,🔽as well as the various actions taught in the Abhidharma treatises,
['T27n1545_113:0583b11_5']	并一切遮罪所攝業。	并一切遮罪所攝業。	and the actions included in all the prohibitive precepts.
['T27n1545_113:0583b11_13']	何者是餘意惡行。	何者是餘意惡行。	What are the other mental evil actions?
['T27n1545_113:0583b12_9']	謂不善思今當顯示十不善業道。	謂不善思今當顯示十不善業道。	They refer to the unwholesome volition. Now I will explain the ten unwholesome courses of action.
['T27n1545_113:0583b13_2']	根本加行後起三種差別。	根本加行後起三種差別。	The three types of distinctions in the fundamental, preparatory, and subsequent actions.
['T27n1545_113:0583b13_10']	彼斷生命三種者。	彼斷生命三種者。	The three types of killing living beings refer to:
['T27n1545_113:0583b13_16']	謂若屠羊者。	謂若屠羊者。	If one is a butcher of sheep,
['T27n1545_113:0583b14_3']	彼先詣羊所。	彼先詣羊所。	they first go to the sheep,
['T27n1545_113:0583b14_12']	若買若牽若縛若打。	若買若牽若縛若打。	whether to buy it, lead it, bind it, beat it,
['T27n1545_113:0583b14_18']	乃至命未斷。	乃至命未斷。	up to when life has not yet been cut off.
['T27n1545_113:0583b15_9']	爾時所有不善身語業。	爾時所有不善身語業。	At that time, all the unwholesome bodily and verbal actions,
['T27n1545_113:0583b15_16']	是斷生命加行。	是斷生命加行。	are the preparatory actions of killing living beings.
['T27n1545_113:0583b16_6']	若以殺心正斷他命。	若以殺心正斷他命。	If with a mind to kill one directly severs the life of another,
['T27n1545_113:0583b16_15']	爾時所有不善身表。	爾時所有不善身表。	at that time all the unwholesome bodily expressions,
['T27n1545_113:0583b17_4']	及此剎那無表。	及此剎那無表。	and the non-manifest karma of that moment,
['T27n1545_113:0583b17_11']	是斷生命根本。	是斷生命根本。	are the basis of severing life.
['T27n1545_113:0583b18_1']	從是以後即於是處。	從是以後即於是處。	From then on, in that very place,
['T27n1545_113:0583b18_10']	所有剝皮斷截支肉。	所有剝皮斷截支肉。	all the flaying, cutting off of limbs, cutting of flesh,
['T27n1545_113:0583b18_15']	或賣或食。	或賣或食。	selling, or eating,
['T27n1545_113:0583b19_7']	所起不善身語表無表業。	所起不善身語表無表業。	the unwholesome bodily and verbal expressions and non-manifest karma that arise,
['T27n1545_113:0583b19_14']	是斷生命後起。	是斷生命後起。	are the subsequent actions of severing life.
['T27n1545_113:0583b20_2']	不與取三種者。	不與取三種者。	The three types of taking what is not given are:
['T27n1545_113:0583b20_12']	謂初起盜心往彼彼處。	謂初起盜心往彼彼處。	First, giving rise to a mind to steal and going to this and that place,
['T27n1545_113:0583b21_7']	圖謀伺察攻牆斷結取他財寶。	圖謀伺察攻牆斷結取他財寶。	plotting, spying, attacking walls, cutting off bonds, and taking others' wealth and treasures.
['T27n1545_113:0583b21_16']	乃至舉物未離本處。	乃至舉物未離本處。	Up to lifting the object but not yet leaving the original place,
['T27n1545_113:0583b22_8']	爾時所有不善身語業。	爾時所有不善身語業。	at that time all the unwholesome bodily and verbal karma,
['T27n1545_113:0583b22_15']	是不與取加行。	是不與取加行。	are the preparatory actions of taking what is not given.
['T27n1545_113:0583b23_9']	若以盜心正取他物舉離本處。	若以盜心正取他物舉離本處。	If with a mind to steal one directly takes another's things and lifts them away from the original place,
['T27n1545_113:0583b24_1']	爾時所有不善身表。	爾時所有不善身表。	at that time all the unwholesome bodily expressions,
['T27n1545_113:0583b24_8']	及此剎那無表。	及此剎那無表。	and the non-manifest karma of that moment,
['T27n1545_113:0583b24_15']	是不與取根本。	是不與取根本。	are the basis of taking what is not given.
['T27n1545_113:0583b25_10']	從是以後或物主覺乃至相繫相害。	從是以後或物主覺乃至相繫相害。	From then on, whether the owner is aware or not, up to binding and harming each other,
['T27n1545_113:0583b26_5']	則以殺生加行為偷盜後起。	則以殺生加行為偷盜後起。	Then killing becomes the preparatory action for stealing.
['T27n1545_113:0583b26_14']	若主不覺分張受用。	若主不覺分張受用。	If the owner does not notice and uses it,
['T27n1545_113:0583b27_9']	爾時所起不善身語表無表業。	爾時所起不善身語表無表業。	at that time the unwholesome bodily and verbal manifest and unmanifest actions
['T27n1545_113:0583b27_16']	是不與取後起。	是不與取後起。	are the subsequent action of taking what is not given.
['T27n1545_113:0583b28_4']	欲邪行三種者。	欲邪行三種者。	The three kinds of sexual misconduct are:
['T27n1545_113:0583b28_13']	謂以欲火所燒逼故。	謂以欲火所燒逼故。	Because of being burned by the fire of desire,
['T27n1545_113:0583b29_9']	若信若書若飲食財寶以表愛相。	若信若書若飲食財寶以表愛相。	if one expresses love through faith, writing, food and drink, or wealth and treasures,
['T27n1545_113:0583c01_3']	彼或摩或觸乃至未和合前。	彼或摩或觸乃至未和合前。	if they touch or even before they unite,
['T27n1545_113:0583c01_11']	所有不善身語業。	所有不善身語業。	all the unwholesome bodily and verbal actions
['T27n1545_113:0583c01_18']	是欲邪行加行。	是欲邪行加行。	are the preparatory action for sexual misconduct.
['T27n1545_113:0583c02_13']	若於爾時彼此和合所起不善身表。	若於爾時彼此和合所起不善身表。	If at that time the unwholesome bodily expression that arises from their union,
['T27n1545_113:0583c03_8']	及此剎那無表是欲邪行根本。	及此剎那無表是欲邪行根本。	and the unmanifest of that moment, are the fundamental sexual misconduct.
['T27n1545_113:0583c03_13']	此中有說。	此中有說。	Regarding this, some say:
['T27n1545_113:0583c04_3']	纔和合時即成業道。	纔和合時即成業道。	As soon as they unite, it becomes an karmic path.
['T27n1545_113:0583c04_6']	有說。	有說。	Some say:
['T27n1545_113:0583c04_15']	暢熱惱時方成業道。	暢熱惱時方成業道。	When the heat and distress are released, it becomes an karmic path.
['T27n1545_113:0583c05_16']	從是以後即依此事所有不善身語表無表業。	從是以後即依此事所有不善身語表無表業。	After that, the unwholesome bodily and verbal manifest and unmanifest actions that occur based on that event
['T27n1545_113:0583c06_5']	是欲邪行後起。	是欲邪行後起。	are the subsequent action of sexual misconduct.
['T27n1545_113:0583c06_12']	虛誑語三種者。	虛誑語三種者。	The three types of false speech are:
['T27n1545_113:0583c07_2']	謂以財利名譽等故。	謂以財利名譽等故。	That is, for the sake of wealth, fame, etc.,
['T27n1545_113:0583c07_7']	對一有情。	對一有情。	Facing a single sentient being,
['T27n1545_113:0583c07_12', 'T27n1545_113:0583c08_3']	或大眾會。🔽矯為明證覆想而說。	或大眾會。 矯為明證覆想而說。	Or a great assembly,🔽Feigning clear evidence, with a concealing thought one speaks.
['T27n1545_113:0583c08_15']	乃至未發所攝受虛誑語言。	乃至未發所攝受虛誑語言。	Until one utters the false speech that is accepted,
['T27n1545_113:0583c09_7']	爾時所有不善身語業。	爾時所有不善身語業。	At that time, all the unwholesome bodily and verbal actions,
['T27n1545_113:0583c09_14']	是虛誑語加行。	是虛誑語加行。	Are the preparatory stage of false speech.
['T27n1545_113:0583c10_6']	若正發所攝受虛誑語言。	若正發所攝受虛誑語言。	If one utters the false speech that is accepted,
['T27n1545_113:0583c10_15']	爾時所有不善語表。	爾時所有不善語表。	At that time, all the unwholesome verbal expressions,
['T27n1545_113:0583c11_3']	及此剎那無表。	及此剎那無表。	And the non-manifest of that moment,
['T27n1545_113:0583c11_10']	是虛誑語根本。	是虛誑語根本。	Are the fundamental false speech.
['T27n1545_113:0583c12_11']	從是以後即依此事所起不善身語表無表業。	從是以後即依此事所起不善身語表無表業。	From then on, the unwholesome bodily and verbal expressions and non-manifest actions that arise based on that event,
['T27n1545_113:0583c12_18']	是虛誑語後起。	是虛誑語後起。	Are the subsequent stage of false speech.
['T27n1545_113:0583c13_6']	離間語三種者。	離間語三種者。	The three types of divisive speech are:
['T27n1545_113:0583c13_15']	謂以財利名譽等故。	謂以財利名譽等故。	That is, for the sake of wealth, fame, etc.,
['T27n1545_113:0583c14_9']	種種方便於他親友破壞離間。	種種方便於他親友破壞離間。	Using various means to break apart and divide others' close friends,
['T27n1545_113:0583c15_1']	乃至未發正破壞言。	乃至未發正破壞言。	Until one utters the words that directly break them apart,
['T27n1545_113:0583c15_11']	爾時所有不善身語業。	爾時所有不善身語業。	At that time, all the unwholesome bodily and verbal actions,
['T27n1545_113:0583c15_18']	是離間語加行。	是離間語加行。	Are the preparatory stage of divisive speech.
['T27n1545_113:0583c17_4']	若以壞意正發壞言爾時所有不善語表及此剎那無表。	若以壞意正發壞言爾時所有不善語表及此剎那無表。	If one uses defiled thoughts to correctly utter defiled words, at that time the unwholesome verbal expression and the non-manifest of that moment,
['T27n1545_113:0583c17_11']	是離間語根本。	是離間語根本。	are the root of divisive speech.
['T27n1545_113:0583c18_11']	從是以後即依此事所起不善身語表無表業。	從是以後即依此事所起不善身語表無表業。	From then on, the unwholesome bodily and verbal expressions and non-manifest actions arising from that event,
['T27n1545_113:0583c18_18']	是離間語後起。	是離間語後起。	are the subsequent actions of divisive speech.
['T27n1545_113:0583c19_4']	此中有說。	此中有說。	Regarding this, some say:
['T27n1545_113:0583c19_17']	若離間語令他沮壞方成業道。	若離間語令他沮壞方成業道。	If divisive speech causes others to be destroyed, it only then becomes a karmic path.
['T27n1545_113:0583c20_3']	若爾者。	若爾者。	If so,
['T27n1545_113:0583c20_12']	破壞聖人應非業道。	破壞聖人應非業道。	then destroying an arhat should not be a karmic path.
['T27n1545_113:0583c21_3']	然離間語壞聖者重。	然離間語壞聖者重。	However, divisive speech that destroys an arhat is grave.
['T27n1545_113:0583c21_8']	如是說者。	如是說者。	Those who say this
['T27n1545_113:0583c21_17']	但起壞心作離間語。	但起壞心作離間語。	merely give rise to a mind to destroy and speak divisive words.
['T27n1545_113:0583c22_7']	若壞不壞皆成業道。	若壞不壞皆成業道。	Whether or not they are destroyed, they all become karmic paths.
['T27n1545_113:0583c22_14']	麁惡語三種者。	麁惡語三種者。	The three kinds of harsh speech,
['T27n1545_113:0583c23_4']	謂彼本性多瞋恚故。	謂彼本性多瞋恚故。	because they are by nature often angry,
['T27n1545_113:0583c23_13']	將出語時先現憤發。	將出語時先現憤發。	when about to speak, they first show anger.
['T27n1545_113:0583c24_4']	身掉色變怒目叱吒。	身掉色變怒目叱吒。	The body trembles, the expression changes, and they glare and scold.
['T27n1545_113:0583c24_17']	住彼人所乃至未發正毀辱言。	住彼人所乃至未發正毀辱言。	Staying in the presence of that person, until they have not yet uttered the words of true humiliation,
['T27n1545_113:0583c25_9']	爾時所有不善身語業。	爾時所有不善身語業。	at that time, the unwholesome bodily and verbal actions,
['T27n1545_113:0583c25_16']	是麁惡語加行。	是麁惡語加行。	This is the preparatory stage of coarse and evil speech.
['T27n1545_113:0583c26_6']	若至其所發毀辱言。	若至其所發毀辱言。	If one goes to their place and utters insulting words,
['T27n1545_113:0583c26_15']	爾時所有不善語表。	爾時所有不善語表。	at that time, all the unwholesome verbal expressions,
['T27n1545_113:0583c27_3']	及此剎那無表。	及此剎那無表。	and the non-manifest of that moment,
['T27n1545_113:0583c27_10']	是麁惡語根本。	是麁惡語根本。	this is the fundamental coarse and evil speech.
['T27n1545_113:0583c28_10']	從是以後即依此事所起不善身語表無表業。	從是以後即依此事所起不善身語表無表業。	From then on, the unwholesome bodily and verbal expressions and non-manifest actions arising from this event,
['T27n1545_113:0583c28_17']	是麁惡語後起。	是麁惡語後起。	this is the subsequent coarse and evil speech.
['T27n1545_113:0583c29_3']	此中有說。	此中有說。	Regarding this, some say:
['T27n1545_113:0583c29_12']	令彼瞋惱方成業道。	令彼瞋惱方成業道。	only when it causes the other person to become angry is it considered a karmic path.
['T27n1545_113:0583c29_16']	若爾者。	若爾者。	If that is so,
['T27n1545_113:0584a01_6']	罵離欲者應非業道。	罵離欲者應非業道。	then insulting those who are free from desire should not be a karmic path.
['T27n1545_113:0584a01_16']	然麁惡語罵離欲者重。	然麁惡語罵離欲者重。	However, coarse and evil speech insulting those who are free from desire is serious.
['T27n1545_113:0584a02_3']	如是說者。	如是說者。	Those who say this:
['T27n1545_113:0584a02_12']	但懷憤恚發麁惡言。	但懷憤恚發麁惡言。	merely harboring anger and uttering coarse and evil words,
['T27n1545_113:0584a03_3']	若惱不惱悉成業道。	若惱不惱悉成業道。	whether it annoys the other person or not, it is all a karmic path.
['T27n1545_113:0584a03_10']	雜穢語三種者。	雜穢語三種者。	The three kinds of frivolous speech:
['T27n1545_113:0584a04_4']	謂以財利恭敬名譽及戲樂故。	謂以財利恭敬名譽及戲樂故。	that is, for the sake of wealth, respect, fame, and entertainment,
['T27n1545_113:0584a04_17']	樂作種種非義非時不應法語。	樂作種種非義非時不應法語。	one happily speaks various meaningless, untimely, and inappropriate words.
['T27n1545_113:0584a05_3']	或俳優者。	或俳優者。	Or when actors and actresses,
['T27n1545_113:0584a05_12']	欲作愚者歡笑語時。	欲作愚者歡笑語時。	wanting to make fools laugh, speak foolish words,🔽at that time, all the unwholesome verbal expressions,🔽and the non-manifest of that moment,🔽this is the fundamental frivolous speech.🔽From then on, the unwholesome bodily and verbal expressions and non-manifest actions arising from this event,🔽this is the subsequent frivolous speech.
['T27n1545_113:0584a06_3']	指顧跳躍作諸言笑。	指顧跳躍作諸言笑。	Pointing, looking, jumping, making various sounds and laughter.
['T27n1545_113:0584a06_12']	乃至未發彼根本語。	乃至未發彼根本語。	Up to not yet uttering their fundamental words.
['T27n1545_113:0584a07_4']	爾時所有不善身語業。	爾時所有不善身語業。	At that time, all the unwholesome bodily and verbal actions.
['T27n1545_113:0584a07_11']	是雜穢語加行。	是雜穢語加行。	This is the preparatory stage of frivolous speech.
['T27n1545_113:0584a08_11']	若正發起諸無義說雜戲語時所有不善語表。	若正發起諸無義說雜戲語時所有不善語表。	When one is uttering all kinds of meaningless frivolous speech, the unwholesome verbal expression.
['T27n1545_113:0584a08_18']	及此剎那無表。	及此剎那無表。	And the non-manifest of that moment.
['T27n1545_113:0584a09_6']	是雜穢語根本。	是雜穢語根本。	This is the fundamental frivolous speech.
['T27n1545_113:0584a10_8']	從是以後即依此事所起不善身語表無表業。	從是以後即依此事所起不善身語表無表業。	After this, the unwholesome bodily and verbal expressions and non-manifestations arising from this event.
['T27n1545_113:0584a10_15']	是雜穢語後起。	是雜穢語後起。	This is the subsequent frivolous speech.
['T27n1545_113:0584a11_13']	其餘貪欲瞋恚邪見意三業道起即根本。	其餘貪欲瞋恚邪見意三業道起即根本。	The other three karmic paths of greed, ill-will, and wrong view arise as the fundamental.
['T27n1545_113:0584a12_4']	非有加行後起差別。	非有加行後起差別。	There is no distinction of preparatory and subsequent stages.
['T27n1545_113:0584a12_7']	有說。	有說。	Some say.
['T27n1545_113:0584a12_14']	亦有加行後起。	亦有加行後起。	There are also preparatory and subsequent stages.
['T27n1545_113:0584a13_13']	謂不善思此中根本七不善業道諸有表業。	謂不善思此中根本七不善業道諸有表業。	The unwholesome volition in this case is the fundamental seven unwholesome karmic paths. The various expressed actions.
['T27n1545_113:0584a14_4']	及此剎那諸無表業。	及此剎那諸無表業。	And the non-manifestations of that moment.
['T27n1545_113:0584a14_9']	各具五義。	各具五義。	Each has five meanings.
['T27n1545_113:0584a14_13']	一惡行。	一惡行。	First, evil conduct.
['T27n1545_113:0584a14_17']	二犯戒。	二犯戒。	Second, violation of precepts.
['T27n1545_113:0584a15_2']	三不律儀。	三不律儀。	Third, lack of discipline.
['T27n1545_113:0584a15_5']	四業。	四業。	Fourth, karma.
['T27n1545_113:0584a15_9']	五業道。	五業道。	The five karmic paths.
['T27n1545_113:0584a15_18']	從是已後諸無表業。	從是已後諸無表業。	From this point on, all subsequent non-manifest karmas.
['T27n1545_113:0584a16_4']	各唯有四義。	各唯有四義。	Each has only four meanings.
['T27n1545_113:0584a16_9']	謂除業道。	謂除業道。	That is to say, excluding the karmic paths.
['T27n1545_113:0584a17_3']	唯於思究竟時名業道故。	唯於思究竟時名業道故。	Only at the time of the completion of thought is it called a karmic path.
['T27n1545_113:0584a18_13']	問由幾不善業道俱生思究竟轉。	問由幾不善業道俱生思究竟轉。	Question: By how many unwholesome karmic paths does the thought of completion arise together?
['T27n1545_113:0584a19_8']	答於身業自性三不善業道中。	答於身業自性三不善業道中。	Answer: In the intrinsic nature of bodily karma, among the three unwholesome karmic paths.
['T27n1545_113:0584a19_17']	或時由一思究竟轉。	或時由一思究竟轉。	Sometimes it arises together by one thought of completion.
['T27n1545_113:0584a20_7']	謂身三業一一而起。	謂身三業一一而起。	That is to say, the three karmas of the body arise one by one.
['T27n1545_113:0584a20_16']	或時由二思究竟轉。	或時由二思究竟轉。	Sometimes it arises together by two thoughts of completion.
['T27n1545_113:0584a21_6']	謂如有一盜他羊等。	謂如有一盜他羊等。	That is to say, it is like someone who steals another's sheep, etc.
['T27n1545_113:0584a22_2']	有是希望即於盜時亦斷其命。	有是希望即於盜時亦斷其命。	There is a desire to kill it at the time of stealing.
['T27n1545_113:0584a22_9']	或自行欲邪行。	或自行欲邪行。	Or one engages in sexual misconduct oneself.
['T27n1545_113:0584a22_17']	遣使作殺盜隨一。	遣使作殺盜隨一。	One sends a messenger to commit either killing or stealing.
['T27n1545_113:0584a23_9']	以欲邪行唯自所究竟故。	以欲邪行唯自所究竟故。	Because sexual misconduct is only completed by oneself.
['T27n1545_113:0584a24_1']	若有如是種類法生。	若有如是種類法生。	If there is such a kind of dharma that arises.
['T27n1545_113:0584a24_6']	一剎那頃。	一剎那頃。	In an instant.
['T27n1545_113:0584a24_19']	由二不善業道俱生思究竟轉。	由二不善業道俱生思究竟轉。	It arises together by the two unwholesome karmic paths of thought of completion.
['T27n1545_113:0584a25_8']	或時由三思究竟轉。	或時由三思究竟轉。	Sometimes it arises together by three thoughts of completion.
['T27n1545_113:0584a26_4']	謂如有一先遣二使殺生偷盜。	謂如有一先遣二使殺生偷盜。	It is like a person who first sends two messengers to kill and steal.
['T27n1545_113:0584a26_10']	自行欲邪行。	自行欲邪行。	He himself engages in sexual misconduct.
['T27n1545_113:0584a27_1']	若有如是種種法生。	若有如是種種法生。	If there are various dharmas arising like this,
['T27n1545_113:0584a28_5']	一剎那頃三皆究竟爾時三不善業道俱生思究竟轉。	一剎那頃三皆究竟爾時三不善業道俱生思究竟轉。	in an instant the three are all completed. At that time, the three unwholesome courses of action all arise simultaneously, and the intention is completed.
['T27n1545_113:0584a28_18']	猶如群賊相期一處劫掠他時。	猶如群賊相期一處劫掠他時。	It is like a group of thieves who make an appointment to meet at a certain place to rob others.
['T27n1545_113:0584a29_8']	於剎那頃有牽彼車。	於剎那頃有牽彼車。	At that time, in an instant, there are those who lead the carriage,
['T27n1545_113:0584a29_13', 'T27n1545_113:0584b01_1']	有斷彼命。🔽有婬彼婦。	有斷彼命。 有婬彼婦。	those who take the life,🔽and those who have sexual relations with the wife.
['T27n1545_113:0584b01_10']	當知爾時彼諸盜者。	當知爾時彼諸盜者。	One should know that at that time,
['T27n1545_113:0584b02_6']	有由三不善業道俱生思究竟轉。	有由三不善業道俱生思究竟轉。	those thieves have the three unwholesome courses of action arising simultaneously, and the intention is completed.
['T27n1545_113:0584b02_18']	於語業自性四不善業道中。	於語業自性四不善業道中。	Among the four unwholesome courses of action that are the nature of verbal karma,
['T27n1545_113:0584b03_8']	或時由一思究竟轉。	或時由一思究竟轉。	sometimes the intention is completed by one thought.
['T27n1545_113:0584b03_17']	謂語四業一一而起。	謂語四業一一而起。	It refers to the arising of each of the four karmas of speech.
['T27n1545_113:0584b04_1']	有說。	有說。	Some say:
['T27n1545_113:0584b04_8']	一者唯雜穢語。	一者唯雜穢語。	The first is only frivolous speech.
['T27n1545_113:0584b04_17', 'T27n1545_113:0584b05_11']	或時由二思究竟轉。🔽謂作虛誑語非時故有雜穢語。	或時由二思究竟轉。 謂作虛誑語非時故有雜穢語。	Sometimes the intention is completed by two thoughts.🔽It refers to speaking false speech, and at the wrong time there is frivolous speech.
['T27n1545_113:0584b06_7']	或作離間語非時故有雜穢語。	或作離間語非時故有雜穢語。	Or speaking divisive speech, and at the wrong time there is frivolous speech.
['T27n1545_113:0584b07_3']	或作麁惡語非時故有雜穢語。	或作麁惡語非時故有雜穢語。	Or, one may speak harshly and at inappropriate times, thus having mixed and impure speech.
['T27n1545_113:0584b07_12']	或時由三思究竟轉。	或時由三思究竟轉。	Or, at times, one completes the three thoughts,
['T27n1545_113:0584b08_10', 'T27n1545_113:0584b09_8']	謂作虛誑語離間語非時故有雜穢語。🔽或作虛誑語麁惡語非時故有雜穢語。	謂作虛誑語離間語非時故有雜穢語。 或作虛誑語麁惡語非時故有雜穢語。	That is, one speaks false speech, divisive speech, and at inappropriate times, thus having mixed and impure speech.🔽Or, one speaks false speech and harsh speech, at inappropriate times, thus having mixed and impure speech.
['T27n1545_113:0584b10_7']	或作離間語麁惡語非時故有雜穢語。	或作離間語麁惡語非時故有雜穢語。	Or, one speaks divisive speech and harsh speech, at inappropriate times, thus having mixed and impure speech.
['T27n1545_113:0584b10_16']	或時由四思究竟轉。	或時由四思究竟轉。	Or, at times, one completes the four thoughts,
['T27n1545_113:0584b11_17']	謂作虛誑語離間語麁惡語非時故有雜穢語。	謂作虛誑語離間語麁惡語非時故有雜穢語。	That is, one speaks false speech, divisive speech, harsh speech, and at inappropriate times, thus having mixed and impure speech.
['T27n1545_113:0584b12_4']	若總論之。	若總論之。	If one discusses it in general,
['T27n1545_113:0584b12_13']	或時由五思究竟轉。	或時由五思究竟轉。	At times, one completes the five thoughts,
['T27n1545_113:0584b13_5']	或乃至由八思究竟轉。	或乃至由八思究竟轉。	Or up to completing the eight thoughts,
['T27n1545_113:0584b14_2']	謂遣六使作六業道自行欲邪行。	謂遣六使作六業道自行欲邪行。	That is, one sends the six messengers to commit the six kinds of karmic paths, and oneself engages in sexual misconduct.
['T27n1545_113:0584b14_11']	若有如是種類法生。	若有如是種類法生。	If there is such a kind of dharma arising,
['T27n1545_113:0584b15_1']	一剎那頃七皆究竟。	一剎那頃七皆究竟。	In one moment, the seven are all completed.
['T27n1545_113:0584b15_11']	及意三業道隨一現前。	及意三業道隨一現前。	And one of the three karmic paths of mind is present.
['T27n1545_113:0584b16_5']	如是八種業道俱生思究竟轉。	如是八種業道俱生思究竟轉。	In this way, the eight kinds of karmic paths arise together, and the thought is completed.
['T27n1545_113:0584b16_18']	當知意三各別現起思究竟轉。	當知意三各別現起思究竟轉。	It should be understood that the three mental [courses of action] each arise separately, and the thought [of killing, etc.] ceases when the action is completed.
['T27n1545_113:0584b17_4']	無俱生義。	無俱生義。	There is no simultaneous arising.
['T27n1545_113:0584b17_9']	無二心故。	無二心故。	Because there are no two minds [arising simultaneously].
['T27n1545_113:0584b17_14']	無遣他故。	無遣他故。	Because there is no expelling of others.
['T27n1545_113:0584b18_9']	由此不說或九或十俱生之義。	由此不說或九或十俱生之義。	For this reason, it is not said that nine or ten [courses of action] arise simultaneously.
['T27n1545_113:0584b19_13']	問於何界中有幾不善業道可得。	問於何界中有幾不善業道可得。	Question: In which realm are how many unwholesome courses of action found?
['T27n1545_113:0584b20_8', 'T27n1545_113:0584b20_15']	答唯於欲界一切具足可得。🔽或不律儀所攝。	答唯於欲界一切具足可得。 或不律儀所攝。	Answer: Only in the desire realm are all [ten] found in their entirety.
['T27n1545_113:0584b21_8']	或非律儀非不律儀所攝。	或非律儀非不律儀所攝。	Either included in the precepts or not included in the precepts or not included in the non-precepts.
['T27n1545_113:0584b22_1']	色無色界一切都不可得。	色無色界一切都不可得。	In the form and formless realms, none are found.
['T27n1545_113:0584b23_13']	問於何趣中有幾不善業道可得。	問於何趣中有幾不善業道可得。	Question: In which destinies are how many unwholesome courses of action found?
['T27n1545_113:0584b24_14']	答捺落迦趣有後五非律儀非不律儀所攝。	答捺落迦趣有後五非律儀非不律儀所攝。	Answer: In the destiny of hell beings, the last five [courses of action] are found, not included in the precepts or not included in the non-precepts.
['T27n1545_113:0584b25_2']	無斷生命者。	無斷生命者。	There is no killing.
['T27n1545_113:0584b25_11']	由彼無能斷他命故。	由彼無能斷他命故。	Because they are unable to kill others.
['T27n1545_113:0584b26_7']	如說於彼乃至所有惡不善業。	如說於彼乃至所有惡不善業。	As it is said, Even if they have all the evil and unwholesome karma,
['T27n1545_113:0584b26_16']	未盡滅吐定不命終。	未盡滅吐定不命終。	they will not die until it is exhausted and eliminated.
['T27n1545_113:0584b27_4']	無不與取者。	無不與取者。	There is no taking what is not given.
['T27n1545_113:0584b27_13']	由彼無有受財分故。	由彼無有受財分故。	Because they do not have the division of receiving property.
['T27n1545_113:0584b28_2']	無欲邪行者。	無欲邪行者。	Those without sexual misconduct
['T27n1545_113:0584b28_12']	由彼無有攝受妻室故。	由彼無有攝受妻室故。	are because they do not take wives.
['T27n1545_113:0584b29_4']	無虛誑語及離間語者。	無虛誑語及離間語者。	Those without false speech and divisive speech
['T27n1545_113:0584b29_13']	無攝受虛誑語事故。	無攝受虛誑語事故。	are because they do not take on the affairs of false speech.
['T27n1545_113:0584c01_1']	常無和合故。	常無和合故。	They are always not in harmony.
['T27n1545_113:0584c01_7']	有麁惡語者。	有麁惡語者。	Those with harsh speech
['T27n1545_113:0584c01_13']	苦受所逼故。	苦受所逼故。	are because they are oppressed by suffering.
['T27n1545_113:0584c01_19']	有雜穢語者。	有雜穢語者。	Those with frivolous speech
['T27n1545_113:0584c02_4']	非時說故。	非時說故。	are because they speak at inappropriate times.
['T27n1545_113:0584c02_13']	貪欲瞋恚邪見具有。	貪欲瞋恚邪見具有。	They possess covetousness, ill-will, and wrong views.
['T27n1545_113:0584c02_18']	未離欲故。	未離欲故。	It is because they have not yet eliminated desire.
['T27n1545_113:0584c03_8']	傍生鬼趣皆具十種。	傍生鬼趣皆具十種。	The animal and ghost realms all possess the ten kinds.
['T27n1545_113:0584c03_18']	非律儀非不律儀所攝。	非律儀非不律儀所攝。	They are not included in the category of neither discipline nor undiscipline.
['T27n1545_113:0584c04_10']	人趣三洲具十不善業道。	人趣三洲具十不善業道。	The three continents of the human realm possess the ten kinds of unwholesome courses of action.
['T27n1545_113:0584c05_9']	或不律儀所攝或非律儀非不律儀所攝。	或不律儀所攝或非律儀非不律儀所攝。	They are either included in undiscipline or not included in either discipline or undiscipline.
['T27n1545_113:0584c06_8']	北拘盧洲有後四非律儀非不律儀所攝。	北拘盧洲有後四非律儀非不律儀所攝。	The continent of Uttarakuru has the last four, which are not included in either discipline or undiscipline.
['T27n1545_113:0584c06_14']	無斷生命者。	無斷生命者。	There are none who end the lives of others.
['T27n1545_113:0584c07_4']	定壽千歲無中夭故。	定壽千歲無中夭故。	This is because their lifespan is fixed at one thousand years and there is no premature death.
['T27n1545_113:0584c07_13']	及性淳善定升進故。	及性淳善定升進故。	And because their nature is pure and good and they are definitely progressing.
['T27n1545_113:0584c08_1']	無不與取者。	無不與取者。	There are none who take what is not given.
['T27n1545_113:0584c08_10']	彼無攝受自他分故。	彼無攝受自他分故。	Because they do not possess the distinction of self and other.
['T27n1545_113:0584c08_16']	無欲邪行者。	無欲邪行者。	There is no sexual misconduct.
['T27n1545_113:0584c09_4']	無攝受妻室故。	無攝受妻室故。	Because they do not possess wives.
['T27n1545_113:0584c09_13']	彼若欲作非梵行時。	彼若欲作非梵行時。	If they wish to engage in non-celibate conduct,
['T27n1545_113:0584c10_4']	與彼女人共詣樹下。	與彼女人共詣樹下。	they go with the woman to the foot of a tree.
['T27n1545_113:0584c10_17']	若所應者樹枝低覆令彼和合。	若所應者樹枝低覆令彼和合。	If it is appropriate, the branches of the tree lower to cover them, allowing them to unite.
['T27n1545_113:0584c11_7']	若不覆者並愧而離。	若不覆者並愧而離。	If it does not cover them, they are ashamed and leave.
['T27n1545_113:0584c11_13']	無虛誑語者。	無虛誑語者。	There is no false speech.
['T27n1545_113:0584c12_5']	無有攝受虛誑語事故。	無有攝受虛誑語事故。	Because there are no affairs of false speech to possess.
['T27n1545_113:0584c12_11']	無離間語者。	無離間語者。	There is no divisive speech.
['T27n1545_113:0584c13_2']	由彼有情恒和好故。	由彼有情恒和好故。	Because those beings are always harmonious and friendly.
['T27n1545_113:0584c13_8']	無麁惡語者。	無麁惡語者。	There is no harsh speech.
['T27n1545_113:0584c13_17']	由彼常說軟美言故。	由彼常說軟美言故。	Because they always speak soft and beautiful words.
['T27n1545_113:0584c14_5']	有雜穢語者。	有雜穢語者。	There is idle chatter.
['T27n1545_113:0584c14_15']	由彼非時歌詠戲笑故。	由彼非時歌詠戲笑故。	Because they sing, laugh, and play at inappropriate times.
['T27n1545_113:0584c15_10']	貪欲瞋恚邪見具有未離欲故。	貪欲瞋恚邪見具有未離欲故。	They possess covetousness, ill-will, and wrong views, because they have not yet escaped from desire.
['T27n1545_113:0584c16_3']	欲界天中具十不善業道。	欲界天中具十不善業道。	In the heavens of the desire realm, the ten unwholesome courses of action are complete.
['T27n1545_113:0584c16_13']	非律儀非不律儀所攝。	非律儀非不律儀所攝。	They are included in neither discipline nor non-discipline.
['T27n1545_113:0584c17_4']	問彼天為有斷命事不。	問彼天為有斷命事不。	Question: Do those gods have the matter of ending life or not?
['T27n1545_113:0584c17_16']	答彼雖不自相害而害餘趣。	答彼雖不自相害而害餘趣。	Answer: Although they do not harm each other, they harm other realms.
['T27n1545_113:0584c18_3']	復有說者。	復有說者。	There is also an explanation.
['T27n1545_113:0584c18_12']	亦自相害故如是說。	亦自相害故如是說。	It is said in this way because they also harm each other.
['T27n1545_113:0584c19_3']	諸天手足隨斷隨生。	諸天手足隨斷隨生。	The gods' hands and feet grow back when cut off.
['T27n1545_113:0584c19_12']	斬首中截即便殞沒。	斬首中截即便殞沒。	If their heads are cut off or their bodies are cut in half, they immediately die.
['T27n1545_113:0584c19_17']	有不與取。	有不與取。	There is taking what is not given.
['T27n1545_113:0584c20_5']	乃至雜穢語者。	乃至雜穢語者。	Up to and including frivolous speech.
['T27n1545_113:0584c20_14']	由彼亦有劫盜他物。	由彼亦有劫盜他物。	Because they also steal other people's things,
['T27n1545_113:0584c21_1']	侵他所受。	侵他所受。	infringe on what others receive,
['T27n1545_113:0584c21_6']	作矯妄言。	作矯妄言。	make false statements,
['T27n1545_113:0584c21_11']	說破壞語。	說破壞語。	speak divisive words,
['T27n1545_113:0584c22_3']	憤恚罵辱非時歌詠等故。	憤恚罵辱非時歌詠等故。	and angrily scold and revile at inappropriate times, etc.
['T27n1545_113:0584c22_12']	貪欲瞋恚邪見具有。	貪欲瞋恚邪見具有。	They fully possess greed, hatred, and wrong views.
['T27n1545_113:0584c23_9']	未離欲故問若盜命過苾芻財物。	未離欲故問若盜命過苾芻財物。	Because they have not yet freed themselves from desire. If one steals the property of a bhikṣu who has passed away,
['T27n1545_113:0584c24_2']	於誰處得根本業道耶。	於誰處得根本業道耶。	from whom does one obtain the fundamental karmic path?
['T27n1545_113:0584c24_10']	答若已作羯磨者。	答若已作羯磨者。	Answer: If the funeral rites have already been performed,
['T27n1545_113:0584c24_17']	於羯磨眾處得。	於羯磨眾處得。	one obtains it from the funeral assembly.
['T27n1545_113:0584c25_5']	若未作羯磨者。	若未作羯磨者。	If the funeral rites have not yet been performed,
['T27n1545_113:0584c25_16']	普於一切善說法眾處得。	普於一切善說法眾處得。	one obtains it from the assembly of all those who have well-proclaimed the Dharma.
['T27n1545_113:0584c26_13']	問若得伏藏物作盜想而自用者。	問若得伏藏物作盜想而自用者。	If one obtains a hidden treasure, thinks of stealing it, and uses it oneself,
['T27n1545_113:0584c27_6']	彼於誰處得根本業道。	彼於誰處得根本業道。	from whom does one obtain the fundamental karmic path?
['T27n1545_113:0584c27_12']	答於王處得。	答於王處得。	Answer: One obtains it from the king.
['T27n1545_113:0584c28_3']	大地所有皆屬王故。	大地所有皆屬王故。	Because everything on the great earth belongs to the king.
['T27n1545_113:0584c28_8']	復有說者。	復有說者。	There is another explanation.
['T27n1545_113:0584c28_17']	於其田宅所屬處得。	於其田宅所屬處得。	One obtains it in the place where the field and house belong.
['T27n1545_113:0584c29_3']	所以者何。	所以者何。	Why is this?
['T27n1545_113:0584c29_12']	彼於此中被稅利故。	彼於此中被稅利故。	Because they pay taxes on this.
['T27n1545_113:0584c29_17']	如是說者。	如是說者。	Those who say this
['T27n1545_113:0585a01_4']	於王處得。	於王處得。	obtain it in the place of the king.
['T27n1545_113:0585a01_13']	大地所有王為主故。	大地所有王為主故。	Because the king is the master of everything on the great earth.
['T27n1545_113:0585a02_8']	其田宅主唯輸地利非伏藏利。	其田宅主唯輸地利非伏藏利。	The owner of the field and house only pays taxes on the land, not on the hidden treasure.
['T27n1545_113:0585a03_5']	問若取兩國中間伏藏作盜想者。	問若取兩國中間伏藏作盜想者。	If one steals a hidden treasure in the middle between two countries with the thought of stealing,
['T27n1545_113:0585a03_15']	復於誰處得根本業道。	復於誰處得根本業道。	in whose place does one obtain the fundamental karmic path?
['T27n1545_113:0585a04_11']	答若轉輪王出現世時輪王處得。	答若轉輪王出現世時輪王處得。	If a wheel-turning king appears in the world, one obtains it in the place of the wheel-turning king.
['T27n1545_113:0585a05_3']	若無輪王都無處得。	若無輪王都無處得。	If there is no wheel-turning king, there is no place to obtain it at all.
['T27n1545_113:0585a06_9']	問若盜如來窣堵波物。	問若盜如來窣堵波物。	If one steals the property of the Tathāgata's stūpa,
['T27n1545_113:0585a07_1']	於誰處得根本業道。	於誰處得根本業道。	in whose place does one obtain the fundamental karmic path?
['T27n1545_113:0585a07_4']	有說。	有說。	Some say
['T27n1545_113:0585a07_11']	亦於國王處得。	亦於國王處得。	it is also obtained in the place of the king.
['T27n1545_113:0585a07_14']	有說。	有說。	Some say
['T27n1545_113:0585a08_1']	於施主處得。	於施主處得。	it is obtained in the place of the donor.
['T27n1545_113:0585a08_4']	有說。	有說。	Some say
['T27n1545_113:0585a08_11']	於守護人處得。	於守護人處得。	it is obtained in the place of the guardian.
['T27n1545_113:0585a08_14']	有說。	有說。	Some say
['T27n1545_113:0585a09_8']	於能護彼天龍藥叉非人處得。	於能護彼天龍藥叉非人處得。	One obtains it in the place where the devas, nāgas, yakṣas, and non-humans are able to protect it.
['T27n1545_113:0585a09_13']	如是說者。	如是說者。	Those who say this
['T27n1545_113:0585a09_18']	於佛處得。	於佛處得。	obtain it in the place of the Buddha.
['T27n1545_113:0585a10_4']	所以者何。	所以者何。	Why is it so?
['T27n1545_113:0585a10_9']	如世尊言。	如世尊言。	As the World-Honored One said,
['T27n1545_113:0585a10_14']	阿難當知。	阿難當知。	Ānanda should know.
['T27n1545_113:0585a11_8']	若我住世有於我所恭敬供養。	若我住世有於我所恭敬供養。	If I dwell in the world, there will be those who respectfully make offerings to me,
['T27n1545_113:0585a11_17']	及涅槃後乃至千歲。	及涅槃後乃至千歲。	and after my nirvāṇa, for a thousand years,
['T27n1545_113:0585a12_12']	於我馱都如芥子許恭敬供養。	於我馱都如芥子許恭敬供養。	they will respectfully make offerings to my relics, even as small as a mustard seed.
['T27n1545_113:0585a13_4']	我說若住平等之心。	我說若住平等之心。	I say that if one dwells in an impartial mind,
['T27n1545_113:0585a13_13']	感異熟果平等平等。	感異熟果平等平等。	the retribution one receives will be impartial and equal.
['T27n1545_113:0585a13_18']	由此言故。	由此言故。	For this reason,
['T27n1545_113:0585a14_8']	世尊滅度雖經千歲。	世尊滅度雖經千歲。	even though the World-Honored One has been in nirvāṇa for a thousand years,
['T27n1545_113:0585a15_3']	一切世間恭敬供養佛皆攝受。	一切世間恭敬供養佛皆攝受。	all the worlds respectfully make offerings to the Buddha, and the Buddha accepts them all.
['T27n1545_113:0585a16_14']	問若於受學禁戒女人所行不淨行。	問若於受學禁戒女人所行不淨行。	If one engages in impure conduct with a woman who has taken up the precepts and is training in them,
['T27n1545_113:0585a17_10']	謂苾芻尼鄔波斯迦勤修梵行。	謂苾芻尼鄔波斯迦勤修梵行。	referring to bhikṣuṇīs, upāsikās who diligently cultivate the brahmacarya,
['T27n1545_113:0585a18_1']	及熾然修外道苦行。	及熾然修外道苦行。	and those who diligently practice the austerities of non-Buddhist paths,
['T27n1545_113:0585a18_6']	毀犯彼者。	毀犯彼者。	and violates them,
['T27n1545_113:0585a18_15']	於誰處得根本業道。	於誰處得根本業道。	in whose place does one obtain the fundamental karmic path?
['T27n1545_113:0585a19_1']	或有說者。	或有說者。	Some say,
['T27n1545_113:0585a19_10']	於彼各別所師處得。	於彼各別所師處得。	One obtains it in the place where each of them is their teacher.
['T27n1545_113:0585a19_15']	復有說者。	復有說者。	There is another explanation.
['T27n1545_113:0585a20_4']	於彼同梵行處得。	於彼同梵行處得。	One obtains it in the place where they are of the same pure conduct.
['T27n1545_113:0585a20_9']	如是說者。	如是說者。	Those who explain it this way say:
['T27n1545_113:0585a20_14']	於王處得。	於王處得。	One obtains it in the king's place.
['T27n1545_113:0585a21_4']	彼是國王所防護故。	彼是國王所防護故。	Because that is protected by the king.
['T27n1545_113:0585a21_15']	問於寄客女人行不淨行。	問於寄客女人行不淨行。	Question: When engaging in impure conduct with a woman who is a guest,
['T27n1545_113:0585a22_7']	彼於誰處得根本業道。	彼於誰處得根本業道。	in whose place does one obtain the fundamental karmic path?
['T27n1545_113:0585a22_12']	或有說者。	或有說者。	Some say:
['T27n1545_113:0585a23_2']	於所寄主人處得。	於所寄主人處得。	One obtains it in the place of the host to whom she is entrusted.
['T27n1545_113:0585a23_7']	如是說者。	如是說者。	Those who explain it this way say:
['T27n1545_113:0585a23_12']	於王處得。	於王處得。	One obtains it in the king's place.
['T27n1545_113:0585a24_2']	彼是國王所防護故。	彼是國王所防護故。	Because that is protected by the king.
['T27n1545_113:0585a25_9']	問於自貨女行不淨行。	問於自貨女行不淨行。	Question: When engaging in impure conduct with a prostitute,
['T27n1545_113:0585a26_1']	於誰處得根本業道。	於誰處得根本業道。	in whose place does one obtain the fundamental karmic path?
['T27n1545_113:0585a26_11']	答若與其價都無處得。	答若與其價都無處得。	Answer: If one pays for it, there is no place to obtain it.
['T27n1545_113:0585a27_2']	若不與價於王處得。	若不與價於王處得。	If one does not pay, one obtains it in the king's place.
['T27n1545_113:0585a28_9']	問於未嫁女行不淨行。	問於未嫁女行不淨行。	Question: When engaging in impure conduct with an unmarried woman,
['T27n1545_113:0585a29_1']	於誰處得根本業道。	於誰處得根本業道。	in whose place does one obtain the fundamental karmic path?
['T27n1545_113:0585a29_11']	答若已許他於夫處得。	答若已許他於夫處得。	Answer: If she is already betrothed, one obtains it in the husband's place.
['T27n1545_113:0585b01_6']	若未許他於其父母諸親處得。	若未許他於其父母諸親處得。	If she is not yet betrothed, one obtains it in the parents' and relatives' places.
['T27n1545_113:0585b02_17']	問若有女人為其父母兄弟姊妹親族等護。	問若有女人為其父母兄弟姊妹親族等護。	Question: If there is a woman who is protected by her parents, brothers, sisters, relatives, etc.,
['T27n1545_113:0585b03_12']	有罰有礙是他妻妾他所攝受。	有罰有礙是他妻妾他所攝受。	who is punished and restricted, who is the wife or concubine of another, who is taken by another,
['T27n1545_113:0585b04_4']	乃至或有贈一花鬘。	乃至或有贈一花鬘。	up to even if she is given a single flower garland,
['T27n1545_113:0585b04_13']	若於彼所行不淨行。	若於彼所行不淨行。	if one engages in impure conduct with her,
['T27n1545_113:0585b05_5']	於誰處得根本業道。	於誰處得根本業道。	with whom does one obtain the fundamental karmic path?
['T27n1545_113:0585b05_11']	答於能攝護。	答於能攝護。	Answer: With the one who protects and restricts her,
['T27n1545_113:0585b06_2']	乃至贈一花鬘處得。	乃至贈一花鬘處得。	up to the one who gives a single flower garland, one obtains it.
['T27n1545_113:0585b06_8']	如施設論說。	如施設論說。	As the Abhidharma states,
['T27n1545_113:0585b06_17']	贍部洲人形交成婬。	贍部洲人形交成婬。	in Jambudvīpa, people engage in sexual intercourse to have sex.
['T27n1545_113:0585b07_3', 'T27n1545_113:0585b07_8']	東毘提訶。🔽西瞿陀尼。	東毘提訶。 西瞿陀尼。	In Eastern Videha,🔽in Western Godānīya,
['T27n1545_113:0585b07_13']	北拘盧洲。	北拘盧洲。	in Northern Kuru,
['T27n1545_113:0585b07_19']	四大王眾天。	四大王眾天。	in the Heaven of the Four Kings,
['T27n1545_113:0585b08_6']	三十三天亦爾。	三十三天亦爾。	and in the Heaven of the Thirty-three, it is also like this.
['T27n1545_113:0585b08_14']	夜摩天相抱成婬。	夜摩天相抱成婬。	In the Yāma Heaven, they embrace to have sex.
['T27n1545_113:0585b09_4', 'T27n1545_113:0585b09_13']	覩史多天執手成婬。🔽樂變化天歡笑成婬。	覩史多天執手成婬。 樂變化天歡笑成婬。	In the Tuṣita Heaven, they hold hands to have sex.🔽In the Nirmāṇarati Heaven, they laugh to have sex.
['T27n1545_113:0585b10_6']	他化自在天相顧眄成婬。	他化自在天相顧眄成婬。	In the Paranirmitavaśavartin Heaven, they glance at each other to have sex.
['T27n1545_113:0585b11_9']	問地居所起婬事加行。	問地居所起婬事加行。	Question: The preparatory act of engaging in sexual activity on the ground,
['T27n1545_113:0585b11_18']	即是空居根本業道。	即是空居根本業道。	is the fundamental karmic path in the sky.
['T27n1545_113:0585b12_8']	空居業道有加行不。	空居業道有加行不。	Are there preparatory stages for the karmic paths of the celestial beings who dwell in space?
['T27n1545_113:0585b12_14']	答皆有加行。	答皆有加行。	The answer is that they all have preparatory stages.
['T27n1545_113:0585b13_5']	謂夜摩天即以執手。	謂夜摩天即以執手。	For the Yāma Heaven, it is by holding hands.🔽Laughing.
['T27n1545_113:0585b13_8', 'T27n1545_113:0585b13_11']	歡笑。🔽顧眄。	歡笑。 顧眄。	Glancing.
['T27n1545_113:0585b14_4']	為加行覩史多天即以歡笑。	為加行覩史多天即以歡笑。	This is the preparatory stage for the Tuṣita Heaven. It is by laughing.
['T27n1545_113:0585b14_7']	顧眄。	顧眄。	Glancing.
['T27n1545_113:0585b14_11']	為加行。	為加行。	This is the preparatory stage.
['T27n1545_113:0585b15_5']	樂變化天即以顧眄為加行。	樂變化天即以顧眄為加行。	For the Nirmāṇarati Heaven, it is by glancing. This is the preparatory stage.
['T27n1545_113:0585b16_2']	問唯相顧眄成業道處有加行不。	問唯相顧眄成業道處有加行不。	Is there only the preparatory stage for the karmic path of merely glancing at each other?
['T27n1545_113:0585b16_8']	答於彼亦有。	答於彼亦有。	The answer is that there is also that.
['T27n1545_113:0585b16_17']	先對一方為眄他女。	先對一方為眄他女。	First, facing one direction, one glances at another woman.
['T27n1545_113:0585b17_8']	迴顧餘方未覩加行。	迴顧餘方未覩加行。	Turning one's head to look in another direction, one has not yet seen the preparatory stage.
['T27n1545_113:0585b17_13']	見成根本。	見成根本。	Seeing completes the fundamental.
['T27n1545_113:0585b18_9']	先坐一宮為顧他女起趣餘宮。	先坐一宮為顧他女起趣餘宮。	First sitting in one palace, one glances at another woman and rises to go to another palace.
['T27n1545_113:0585b18_14']	未覩加行。	未覩加行。	One has not yet seen the preparatory stage.
['T27n1545_113:0585b19_2']	見成根本。	見成根本。	Seeing completes the fundamental.
['T27n1545_113:0585b19_12']	問何緣地居形交成婬。	問何緣地居形交成婬。	Why is it that in the lower realms, sexual intercourse constitutes sexual misconduct,
['T27n1545_113:0585b19_17']	空居不爾。	空居不爾。	but not so for the celestial beings?
['T27n1545_113:0585b20_4']	答此煩惱麁。	答此煩惱麁。	The answer is that this affliction is coarse.
['T27n1545_113:0585b20_9']	彼煩惱細。	彼煩惱細。	That affliction is subtle.
['T27n1545_113:0585b20_14', 'T27n1545_113:0585b20_19', 'T27n1545_113:0585b21_3']	此煩惱重。🔽彼煩惱輕。🔽此煩惱勤。	此煩惱重。 彼煩惱輕。 此煩惱勤。	This affliction is heavy.🔽That affliction is light.🔽This affliction is diligent.
['T27n1545_113:0585b21_8']	彼煩惱利。	彼煩惱利。	That affliction is sharp.
['T27n1545_113:0585b21_17']	又彼諸天境界熾盛。	又彼諸天境界熾盛。	Moreover, the realms of those gods are flourishing.
['T27n1545_113:0585b22_2']	境界明淨。	境界明淨。	The realms are bright and pure.
['T27n1545_113:0585b22_7']	境界勝妙。	境界勝妙。	The realms are supremely wonderful.
['T27n1545_113:0585b22_17']	由如是境界所牽引故。	由如是境界所牽引故。	Because they are attracted by such realms,
['T27n1545_113:0585b23_7']	纔觸對時即令醉悶。	纔觸對時即令醉悶。	as soon as they come into contact with them, they become intoxicated.
['T27n1545_113:0585b23_16']	是故於彼欲火易息。	是故於彼欲火易息。	Therefore, the fire of desire is easily extinguished there.
['T27n1545_113:0585b24_3']	復有說者。	復有說者。	There is also a saying:
['T27n1545_113:0585b24_12']	以上諸天近離欲道。	以上諸天近離欲道。	The gods above are close to the path of detachment from desire.
['T27n1545_113:0585b25_3']	是故於彼欲火漸微。	是故於彼欲火漸微。	Therefore, the fire of desire gradually diminishes there.
['T27n1545_113:0585b25_8']	如是說者。	如是說者。	Those who say this:
['T27n1545_113:0585b26_2']	一切婬事必二形交欲火方息。	一切婬事必二形交欲火方息。	All sexual activities must involve the union of two forms for the fire of desire to be extinguished.
['T27n1545_113:0585b27_3']	問若爾。	問若爾。	Question: If that is so,
['T27n1545_113:0585b27_12']	施設論說當云何通。	施設論說當云何通。	how can we understand the explanation in the Prajñaptiśāstra?
['T27n1545_113:0585b28_3']	答彼說時量遲速差別。	答彼說時量遲速差別。	Answer: That explanation is based on the duration and speed of the time.
['T27n1545_113:0585b28_17']	謂夜摩天如相抱時量欲火便息。	謂夜摩天如相抱時量欲火便息。	It means that for the Yāma gods, the fire of desire is extinguished when they embrace each other for a certain amount of time,
['T27n1545_113:0585b29_6']	乃至他化自在天。	乃至他化自在天。	up to the Paranirmitavaśavartin gods,
['T27n1545_113:0585b29_16']	如顧眄時量欲火便息。	如顧眄時量欲火便息。	the fire of desire is extinguished when they glance at each other for a certain amount of time.
['T27n1545_113:0585c01_10']	施設論中但依時量故作是說。	施設論中但依時量故作是說。	The Prajñaptiśāstra only explains this based on the duration of time.
['T27n1545_113:0585c02_7']	三妙行十善業道。	三妙行十善業道。	The three kinds of good conduct and the ten wholesome courses of action,
['T27n1545_113:0585c02_16']	為三攝十十攝三耶。	為三攝十十攝三耶。	are the three included in the ten or are the ten included in the three?
['T27n1545_113:0585c03_3']	乃至廣說。	乃至廣說。	And so on, explaining in detail.
['T27n1545_113:0585c03_10']	問何故作此論。	問何故作此論。	Question: Why did you compose this treatise?
['T27n1545_113:0585c04_2']	答為欲分別契經義故。	答為欲分別契經義故。	Answer: In order to analyze the meaning of the sutras.
['T27n1545_113:0585c04_7']	如契經說。	如契經說。	As the sutras say:
['T27n1545_113:0585c04_16']	有三妙行十善業道。	有三妙行十善業道。	There are three kinds of good conduct and ten wholesome courses of action.
['T27n1545_113:0585c05_4']	契經雖作是說。	契經雖作是說。	Although the sutras say this,
['T27n1545_113:0585c05_9']	而未廣辯。	而未廣辯。	they have not yet extensively explained it.
['T27n1545_113:0585c05_14']	廣說如前。	廣說如前。	The extensive explanation is as above.
['T27n1545_113:0585c06_1']	復有說者。	復有說者。	Furthermore, some say:
['T27n1545_113:0585c06_10']	前已分別三種妙行。	前已分別三種妙行。	The three kinds of good conduct have already been analyzed above,
['T27n1545_113:0585c07_1']	而未分別十善業道。	而未分別十善業道。	but the ten wholesome courses of action have not yet been analyzed.
['T27n1545_113:0585c07_10']	今欲分別故作斯論。	今欲分別故作斯論。	Now, in order to analyze them, this treatise is composed.
['T27n1545_113:0585c08_9']	此中三妙行名略事廣。	此中三妙行名略事廣。	Here, the three kinds of good conduct are called brief in name but extensive in substance.
['T27n1545_113:0585c08_18']	十善業道名廣事略。	十善業道名廣事略。	The ten wholesome courses of action are called extensive in name but brief in substance.
['T27n1545_113:0585c09_9']	故三妙行攝十善業道。	故三妙行攝十善業道。	Therefore, the three kinds of good conduct encompass the ten wholesome courses of action,
['T27n1545_113:0585c10_1']	非十善業道攝三妙行。	非十善業道攝三妙行。	but the ten wholesome courses of action do not encompass the three kinds of good conduct.
['T27n1545_113:0585c10_6']	說喻如前。	說喻如前。	The explanation of the analogy is as above.
['T27n1545_113:0585c10_11']	不攝者何。	不攝者何。	What is not encompassed?
['T27n1545_113:0585c11_4']	謂除業道所攝身語意妙行。	謂除業道所攝身語意妙行。	It refers to the good conduct of body, speech, and mind that is not included in the courses of action.
['T27n1545_113:0585c11_12']	所餘身語意妙行。	所餘身語意妙行。	The remaining good conduct of body, speech, and mind.
['T27n1545_113:0585c12_6']	此中何等身語妙行非業道攝。	此中何等身語妙行非業道攝。	What kind of good conduct of body and speech here is not included in the courses of action?
['T27n1545_113:0585c12_16']	謂身語業道加行後起。	謂身語業道加行後起。	It refers to the preparatory and subsequent actions of the courses of action of body and speech.
['T27n1545_113:0585c13_6']	及施設論所說諸業。	及施設論所說諸業。	And the various karmas explained in the Abhidharma-vibhāṣā-śāstra.
['T27n1545_113:0585c13_15']	并離遮罪所攝諸業。	并離遮罪所攝諸業。	And the karmas included in the avoidance of the prohibitive offenses.
['T27n1545_113:0585c14_6']	何等意妙行非業道攝。	何等意妙行非業道攝。	What are the good mental actions that are not included in the karmic paths?
['T27n1545_113:0585c14_10']	謂善思。	謂善思。	It refers to good volition.
['T27n1545_113:0585c15_1']	今應顯示十善業道。	今應顯示十善業道。	Now, the ten good karmic paths should be explained.
['T27n1545_113:0585c15_12']	根本加行後起三種差別。	根本加行後起三種差別。	The three kinds of distinctions between the root, preparatory, and subsequent actions.
['T27n1545_113:0585c16_3']	謂離十不善業道根本。	謂離十不善業道根本。	That is to say, the avoidance of the ten unwholesome karmic paths.
['T27n1545_113:0585c16_11']	即十善業道根本。	即十善業道根本。	The ten good karmic paths are the roots.
['T27n1545_113:0585c17_2']	離不善業道加行後起。	離不善業道加行後起。	The avoidance of the preparatory and subsequent actions of the unwholesome karmic paths.
['T27n1545_113:0585c17_11']	即善業道加行後起。	即善業道加行後起。	The preparatory and subsequent actions of the wholesome karmic paths.
['T27n1545_113:0585c17_16']	此復云何。	此復云何。	What is this again?
['T27n1545_113:0585c18_5']	猶如勤策受具戒時。	猶如勤策受具戒時。	Just as when a novice monk receives full ordination.
['T27n1545_113:0585c18_14']	先整衣服入受戒場。	先整衣服入受戒場。	First, he puts on his robes and enters the ordination platform.
['T27n1545_113:0585c19_6']	頂禮僧足求親教師。	頂禮僧足求親教師。	He bows to the feet of the monks and requests a preceptor.
['T27n1545_113:0585c19_15']	受持衣鉢往問遮處。	受持衣鉢往問遮處。	He receives the robes and alms bowl and goes to the place where the obstacles are asked about.
['T27n1545_113:0585c20_2']	來至眾中。	來至眾中。	He comes to the assembly.
['T27n1545_113:0585c20_7']	重問遮難。	重問遮難。	He is asked about the obstacles again.
['T27n1545_113:0585c21_1']	白一羯磨乃至第三羯磨未竟。	白一羯磨乃至第三羯磨未竟。	The first karman up to the third karman have not yet been completed.
['T27n1545_113:0585c21_9']	是名善業道加行。	是名善業道加行。	This is called the preparatory action of the wholesome karmic paths.
['T27n1545_113:0585c21_18']	若至第三羯磨究竟。	若至第三羯磨究竟。	If it reaches the completion of the third karman.
['T27n1545_113:0585c22_10']	爾時表業及此剎那無表。	爾時表業及此剎那無表。	At that time, the manifest action and the non-manifest action of this moment,
['T27n1545_113:0585c22_18']	是名善業道根本。	是名善業道根本。	are called the fundamental of the good path of action.
['T27n1545_113:0585c23_12']	從是以後為說四依四重等事。	從是以後為說四依四重等事。	From this point onward, the four foundations and the four grave precepts, etc., are explained.
['T27n1545_113:0585c24_2']	是名善業道後起。	是名善業道後起。	This is called the subsequent of the good path of action.
['T27n1545_113:0585c25_8']	此中根本七善業道。	此中根本七善業道。	Among them, the seven good paths of action,
['T27n1545_113:0585c25_17']	若表及此剎那無表。	若表及此剎那無表。	if manifest and the non-manifest action of this moment,
['T27n1545_113:0585c26_3']	各具七義。	各具七義。	each have seven meanings.
['T27n1545_113:0585c26_7']	一尸羅。	一尸羅。	First, morality.
['T27n1545_113:0585c26_11']	二妙行。	二妙行。	Second, good conduct.
['T27n1545_113:0585c26_15']	三律儀。	三律儀。	Third, discipline.
['T27n1545_113:0585c26_20']	四別解脫。	四別解脫。	Fourth, liberation.
['T27n1545_113:0585c27_6']	五別解脫律儀。	五別解脫律儀。	Fifth, the discipline of liberation.
['T27n1545_113:0585c27_9']	六業。	六業。	Sixth, action.
['T27n1545_113:0585c27_13']	七業道。	七業道。	Seventh, the path of action.
['T27n1545_113:0585c28_8']	從此已後諸無表業各唯有五義。	從此已後諸無表業各唯有五義。	From this point onward, the various non-manifest actions each have only five meanings.
['T27n1545_113:0585c28_17']	謂除別解脫及業道。	謂除別解脫及業道。	That is, excluding liberation and the path of action.
['T27n1545_113:0585c29_12']	已得究竟解脫諸惡非最初故。	已得究竟解脫諸惡非最初故。	Because one has already attained ultimate liberation from evil, it is not the initial [stage].
['T27n1545_113:0586a01_7']	亦唯於思究竟時名業道故。	亦唯於思究竟時名業道故。	It is also only at the time when thought is ultimately completed that it is called the path of action.
['T27n1545_113:0586a02_3']	問由幾善業道俱生思究竟轉。	問由幾善業道俱生思究竟轉。	Question: By how many good paths of action is thought that arises simultaneously ultimately completed?
['T27n1545_113:0586a02_13']	答於受八戒及五戒時。	答於受八戒及五戒時。	Answer: When one receives the eight precepts and five precepts,
['T27n1545_113:0586a03_2']	若住五識善心。	若住五識善心。	if one abides in the wholesome mind of the five consciousnesses,🔽...
['T27n1545_113:0586a03_14']	由六善業道俱生思究竟轉。	由六善業道俱生思究竟轉。	Because when the six wholesome paths of action arise together, the volition that brings them to completion arises.
['T27n1545_113:0586a04_3']	若住意識善心。	若住意識善心。	If one abides in a wholesome mind of the mental consciousness,
['T27n1545_113:0586a04_15']	由七善業道俱生思究竟轉。	由七善業道俱生思究竟轉。	when the seven wholesome paths of action arise together, the volition that brings them to completion arises.
['T27n1545_113:0586a05_3']	若住染污心。	若住染污心。	If one abides in a defiled mind,
['T27n1545_113:0586a05_8']	或無記心。	或無記心。	or in a neutral mind,
['T27n1545_113:0586a06_1']	由四善業道俱生思究竟轉。	由四善業道俱生思究竟轉。	when the four wholesome paths of action arise together, the volition that brings them to completion arises.
['T27n1545_113:0586a06_8']	受十戒時亦爾。	受十戒時亦爾。	It is the same when receiving the ten precepts.
['T27n1545_113:0586a07_1']	受具戒時若住五識善心。	受具戒時若住五識善心。	When receiving the full precepts, if one abides in a wholesome mind of the five consciousnesses,
['T27n1545_113:0586a07_13']	由九善業道俱生思究竟轉。	由九善業道俱生思究竟轉。	when the nine wholesome paths of action arise together, the volition that brings them to completion arises.
['T27n1545_113:0586a08_2']	若住意識善心。	若住意識善心。	If one abides in a wholesome mind of the mental consciousness,
['T27n1545_113:0586a08_16']	由十或九善業道俱生思究竟轉。	由十或九善業道俱生思究竟轉。	when the ten or nine wholesome paths of action arise together, the volition that brings them to completion arises.
['T27n1545_113:0586a09_3']	若住染污心。	若住染污心。	If one abides in a defiled mind,
['T27n1545_113:0586a09_8']	或無記心。	或無記心。	or in a neutral mind,
['T27n1545_113:0586a09_13']	或無心時。	或無心時。	or when there is no mind,
['T27n1545_113:0586a10_6']	由七善業道俱生思究竟轉。	由七善業道俱生思究竟轉。	when the seven wholesome paths of action arise together, the volition that brings them to completion arises.
['T27n1545_113:0586a10_16']	受非律儀非不律儀時。	受非律儀非不律儀時。	When receiving the precepts that are neither moral discipline nor immoral discipline,
['T27n1545_113:0586a11_4']	身語七善業道。	身語七善業道。	the seven wholesome paths of bodily and verbal action
['T27n1545_113:0586a11_13']	隨所要期多少不定。	隨所要期多少不定。	are not fixed in number according to the duration of the vow.
['T27n1545_113:0586a11_19', 'T27n1545_113:0586a12_2']	意三善業道。🔽或有。	意三善業道。 或有。	The three wholesome paths of mental action
['T27n1545_113:0586a12_5']	或無。	或無。	may or may not exist,
['T27n1545_113:0586a12_8', 'T27n1545_113:0586a12_11']	或多。🔽或少。	或多。🔽或少。	may be many or few.
['T27n1545_113:0586a13_4']	生欲界者若起欲界五識善心。	生欲界者若起欲界五識善心。	Those born in the desire realm, if they give rise to the five consciousnesses of the desire realm and a wholesome mind,
['T27n1545_113:0586a13_16']	由二善業道俱生思究竟轉。	由二善業道俱生思究竟轉。	by the two wholesome courses of action, volition arises simultaneously and reaches completion.
['T27n1545_113:0586a14_6']	若起欲界意識善心。	若起欲界意識善心。	If they give rise to a wholesome mind of the desire realm and a mental consciousness,
['T27n1545_113:0586a14_18']	由三善業道俱生思究竟轉。	由三善業道俱生思究竟轉。	by the three wholesome courses of action, volition arises simultaneously and reaches completion.
['T27n1545_113:0586a15_6']	若起色界善心。	若起色界善心。	If they give rise to a wholesome mind of the form realm,
['T27n1545_113:0586a15_17']	及彼地無漏正見俱生心。	及彼地無漏正見俱生心。	and a mind arising simultaneously with the uncontaminated right view of that stage,
['T27n1545_113:0586a16_10']	由十善業道俱生思究竟轉。	由十善業道俱生思究竟轉。	by the ten wholesome courses of action, volition arises simultaneously and reaches completion.
['T27n1545_113:0586a17_5']	若起彼地盡智無生智俱生心。	若起彼地盡智無生智俱生心。	If they give rise to a mind arising simultaneously with the knowledge of elimination and the knowledge of non-arising of that stage,
['T27n1545_113:0586a17_17']	由九善業道俱生思究竟轉。	由九善業道俱生思究竟轉。	by the nine wholesome courses of action, volition arises simultaneously and reaches completion.
['T27n1545_113:0586a18_7']	若起無色界善心。	若起無色界善心。	If they give rise to a wholesome mind of the formless realm,
['T27n1545_113:0586a18_18']	及彼地無漏正見俱生心。	及彼地無漏正見俱生心。	and a mind arising simultaneously with the uncontaminated right view of that stage,
['T27n1545_113:0586a19_11']	由三善業道俱生思究竟轉。	由三善業道俱生思究竟轉。	by the three wholesome courses of action, volition arises simultaneously and reaches completion.
['T27n1545_113:0586a20_6']	若起彼地盡智無生智俱生心。	若起彼地盡智無生智俱生心。	If they give rise to a mind arising simultaneously with the knowledge of elimination and the knowledge of non-arising of that stage,
['T27n1545_113:0586a20_18']	由二善業道俱生思究竟轉。	由二善業道俱生思究竟轉。	by the two wholesome courses of action, volition arises simultaneously and reaches completion.
['T27n1545_113:0586a21_5']	生初靜慮者。	生初靜慮者。	Those born in the first meditative absorption,
['T27n1545_113:0586a21_12']	若起三識善心。	若起三識善心。	if they give rise to the wholesome minds of the three consciousnesses,
['T27n1545_113:0586a22_6']	由二善業道俱生思究竟轉。	由二善業道俱生思究竟轉。	by the two wholesome courses of action, volition arises simultaneously and reaches completion.
['T27n1545_113:0586a22_17']	若起自地意識不定善心。	若起自地意識不定善心。	If one generates a non-concentrated wholesome mind of the same stage,
['T27n1545_113:0586a23_10']	由三善業道俱生思究竟轉。	由三善業道俱生思究竟轉。	it is due to the final stage of volition accompanying the three wholesome courses of action.
['T27n1545_113:0586a24_3']	若起自地意識有漏定心。	若起自地意識有漏定心。	If one generates a mind of contaminated concentration of the same stage,
['T27n1545_113:0586a24_14']	及自地無漏正見俱生心。	及自地無漏正見俱生心。	and a mind generated together with the wholesome right view of the same stage,
['T27n1545_113:0586a25_7']	由十善業道俱生思究竟轉。	由十善業道俱生思究竟轉。	it is due to the final stage of volition accompanying the ten wholesome courses of action.
['T27n1545_113:0586a26_2']	若起自地盡智無生智俱生心。	若起自地盡智無生智俱生心。	If one generates a mind generated together with the knowledge of exhaustion and non-arising of the same stage,
['T27n1545_113:0586a26_14']	由九善業道俱生思究竟轉。	由九善業道俱生思究竟轉。	it is due to the final stage of volition accompanying the nine wholesome courses of action.
['T27n1545_113:0586a27_9']	若起第二第三第四靜慮善心。	若起第二第三第四靜慮善心。	If one generates a wholesome mind of the second, third, or fourth meditative absorptions,
['T27n1545_113:0586a28_2']	及彼地無漏正見俱生心。	及彼地無漏正見俱生心。	and a mind generated together with the wholesome right view of that stage,
['T27n1545_113:0586a28_14']	由十善業道俱生思究竟轉。	由十善業道俱生思究竟轉。	it is due to the final stage of volition accompanying the ten wholesome courses of action.
['T27n1545_113:0586a29_9']	若起彼地盡智無生智俱生心。	若起彼地盡智無生智俱生心。	If one generates a mind generated together with the knowledge of exhaustion and non-arising of that stage,
['T27n1545_113:0586b01_3']	由九善業道俱生思究竟轉。	由九善業道俱生思究竟轉。	it is due to the final stage of volition accompanying the nine wholesome courses of action.
['T27n1545_113:0586b01_11']	若起無色界善心。	若起無色界善心。	If one generates a wholesome mind of the formless realm,
['T27n1545_113:0586b02_3']	及彼地無漏正見俱生心。	及彼地無漏正見俱生心。	and a mind generated together with the wholesome right view of that stage,
['T27n1545_113:0586b02_15']	由三善業道俱生思究竟轉。	由三善業道俱生思究竟轉。	it is due to the final stage of volition accompanying the three wholesome courses of action.
['T27n1545_113:0586b03_10']	若起彼地盡智無生智俱生心。	若起彼地盡智無生智俱生心。	If one generates the cognition of exhaustion and cognition of non-arising of that stage,
['T27n1545_113:0586b04_5']	由二善業道俱生思究竟轉。	由二善業道俱生思究竟轉。	through the two wholesome courses of action arising together, volition is completed.
['T27n1545_113:0586b04_11']	如生初靜慮。	如生初靜慮。	Just as in the first trance state,
['T27n1545_113:0586b05_1']	如是生第二靜慮。	如是生第二靜慮。	in the same way, in the second trance state,
['T27n1545_113:0586b05_12']	乃至生無色界皆應廣說。	乃至生無色界皆應廣說。	up to the formless realm, it should all be explained in detail.
['T27n1545_113:0586b05_16']	差別者。	差別者。	The difference is:
['T27n1545_113:0586b06_2']	除三識身。	除三識身。	excluding the three groups of consciousness.
['T27n1545_113:0586b06_13']	生無色界亦除前七業道。	生無色界亦除前七業道。	In the formless realm, the previous seven courses of action are also excluded.
['T27n1545_113:0586b07_6']	問於何界何趣。	問於何界何趣。	Question: In which realm and which destiny
['T27n1545_113:0586b07_14']	有幾善業道可得。	有幾善業道可得。	are how many wholesome courses of action obtainable?
['T27n1545_113:0586b08_2']	答欲界具十。	答欲界具十。	Answer: In the desire realm, all ten are complete,
['T27n1545_113:0586b08_6']	或律儀。	或律儀。	either included in the precepts
['T27n1545_113:0586b08_17']	或非律儀非不律儀所攝。	或非律儀非不律儀所攝。	or not included in the precepts or not included in the non-precepts.
['T27n1545_113:0586b09_4']	色界亦具十。	色界亦具十。	In the form realm, all ten are complete,
['T27n1545_113:0586b09_10']	皆律儀所攝。	皆律儀所攝。	all included in the precepts.
['T27n1545_113:0586b09_19']	無色界中成就有十。	無色界中成就有十。	In the formless realm, ten are accomplished,
['T27n1545_113:0586b10_4']	現前唯三。	現前唯三。	but only three are manifest.
['T27n1545_113:0586b10_9']	於諸趣中。	於諸趣中。	Among the various destinies,
['T27n1545_113:0586b10_16', 'T27n1545_113:0586b10_19']	那落迦有後三。🔽傍生。	那落迦有後三。 傍生。	in the hells, there are the last three.🔽In the animal realm,
['T27n1545_113:0586b11_2']	鬼趣。	鬼趣。	and in the ghost realm,
['T27n1545_113:0586b11_5']	具十。	具十。	all ten are complete.
['T27n1545_113:0586b11_16']	皆非律儀非不律儀所攝。	皆非律儀非不律儀所攝。	They are all not included in the precepts or not included in the non-precepts.
['T27n1545_113:0586b12_3']	人趣三洲。	人趣三洲。	In the human realm of the three continents,
['T27n1545_113:0586b12_12', 'T27n1545_113:0586b12_16']	及欲界天皆具有十。🔽或律儀。	及欲界天皆具有十。 或律儀。	and the gods of the desire realm all have ten.🔽Or they are included in the precepts,
['T27n1545_113:0586b13_8']	或非律儀非不律儀所攝。	或非律儀非不律儀所攝。	or they are included in neither precepts nor non-precepts.
['T27n1545_113:0586b13_17']	北拘盧洲唯有後三。	北拘盧洲唯有後三。	In the northern continent of Kuru there are only the last three,
['T27n1545_113:0586b14_10']	皆非律儀非不律儀所攝。	皆非律儀非不律儀所攝。	all of which are included in neither precepts nor non-precepts.
['T27n1545_113:0586b15_1']	色無色天如前已說。	色無色天如前已說。	The form and formless heavens have been explained before.
['T27n1545_113:0586b16_9']	三業十業道為三攝十。	三業十業道為三攝十。	Are the three karmas and the ten karmic paths included in the three,
['T27n1545_113:0586b16_14']	十攝三耶。	十攝三耶。	or are the ten included in the three?
['T27n1545_113:0586b17_1']	乃至廣說。	乃至廣說。	And so on, explaining in detail.
['T27n1545_113:0586b17_8']	問何故作此論。	問何故作此論。	Question: Why is this treatise composed?
['T27n1545_113:0586b17_18']	答為欲分別契經義故。	答為欲分別契經義故。	Answer: In order to distinguish the meaning of the sutras.
['T27n1545_113:0586b18_4']	如契經說。	如契經說。	As the sutras say:
['T27n1545_113:0586b18_11']	有三業十業道。	有三業十業道。	There are three karmas and ten karmic paths.
['T27n1545_113:0586b18_18']	契經雖作是說。	契經雖作是說。	Although the sutras say this,
['T27n1545_113:0586b19_4']	而未廣辯。	而未廣辯。	they have not yet been extensively explained.
['T27n1545_113:0586b19_9']	廣說如前。	廣說如前。	The extensive explanation is as above.
['T27n1545_113:0586b19_14']	復有說者。	復有說者。	There are also those who say:
['T27n1545_113:0586b20_11']	欲顯業趣最甚深最微細難見難覺故。	欲顯業趣最甚深最微細難見難覺故。	In order to show that the path of karma is the most profound, the most subtle, difficult to see and difficult to perceive.
['T27n1545_113:0586b20_16']	所以者何。	所以者何。	Why is this so?
['T27n1545_113:0586b21_6']	一切如來所說經中。	一切如來所說經中。	Among all the sutras spoken by the Tathagatas,
['T27n1545_113:0586b21_15']	無有甚深如業經者。	無有甚深如業經者。	there is none more profound than the sutra on karma.
['T27n1545_113:0586b22_10']	十二轉中無有甚深如業轉者。	十二轉中無有甚深如業轉者。	Among the twelve turnings, there is none more profound than the turning on karma.
['T27n1545_113:0586b23_6']	佛十力中無有甚深如業力者。	佛十力中無有甚深如業力者。	Among the ten powers of the Buddha, there is none more profound than the power of karma.
['T27n1545_113:0586b24_2']	於八蘊中無有甚深如業蘊者。	於八蘊中無有甚深如業蘊者。	Among the eight aggregates, there is none more profound than the aggregate of karma.
['T27n1545_113:0586b25_1']	四不思議中無有甚深如業不思議者。	四不思議中無有甚深如業不思議者。	Among the four inconceivable [topics], there is none more profound than the inconceivability of karma.
['T27n1545_113:0586b26_1', 'T27n1545_113:0586b26_10']	由是緣故世尊一時極善安住慇懃作意。🔽攝心思惟入閑靜處。	由是緣故世尊一時極善安住慇懃作意。 攝心思惟入閑靜處。	For this reason, the World-Honored One once dwelt in utmost peace and focused his mind.🔽He concentrated his thoughts and entered a secluded place.
['T27n1545_113:0586b27_1']	默然宴坐審諦觀察。	默然宴坐審諦觀察。	Silently sitting in meditation, he carefully contemplated.
['T27n1545_113:0586b27_10']	摩揭陀國諸輔佐臣。	摩揭陀國諸輔佐臣。	The ministers of Magadha,
['T27n1545_113:0586b27_15']	為在何趣。	為在何趣。	in what realm are they?
['T27n1545_113:0586b28_2']	為受何生。	為受何生。	What kind of rebirth do they receive?
['T27n1545_113:0586b28_7']	為往何處。	為往何處。	Where have they gone?
['T27n1545_113:0586b28_16']	由此作意方能了知。	由此作意方能了知。	Only through this contemplation can he understand.
['T27n1545_113:0586b29_2']	彼諸臣等。	彼諸臣等。	Those ministers,
['T27n1545_113:0586b29_7']	在如是趣。	在如是趣。	in such a realm,
['T27n1545_113:0586b29_12']	受如是生。	受如是生。	receive such a rebirth,
['T27n1545_113:0586b29_17']	往如是處。	往如是處。	and go to such a place.
['T27n1545_113:0586c01_8']	問諸佛法爾纔舉心時。	問諸佛法爾纔舉心時。	It is asked: The Dharma of the Buddhas is such that as soon as they raise their minds,
['T27n1545_113:0586c02_3']	於一切法殊勝智見無障礙轉。	於一切法殊勝智見無障礙轉。	their unsurpassed wisdom and insight in all dharmas turns without obstruction.
['T27n1545_113:0586c02_16']	為何義故極善安住慇懃作意。	為何義故極善安住慇懃作意。	For what meaning do they dwell in utmost peace and focus their minds?
['T27n1545_113:0586c03_7']	廣說乃至默然而坐。	廣說乃至默然而坐。	Extensively speaking, up to sitting in silence.
['T27n1545_113:0586c03_12']	或有說者。	或有說者。	Some say:
['T27n1545_113:0586c04_3']	為顯業趣最甚深故。	為顯業趣最甚深故。	In order to manifest the most profound of karmic destinies,
['T27n1545_113:0586c04_8', 'T27n1545_113:0586c04_13']	最微細故。🔽最難見故。	最微細故。 最難見故。	the most subtle,🔽the most difficult to see,
['T27n1545_113:0586c04_18']	最難覺故。	最難覺故。	and the most difficult to realize.
['T27n1545_113:0586c05_3', 'T27n1545_113:0586c05_16']	復有說者。🔽為審觀察摩揭陀國諸輔佐臣。	復有說者。 為審觀察摩揭陀國諸輔佐臣。	Furthermore, there are those who say:
['T27n1545_113:0586c06_3']	種種因性。	種種因性。	In order to thoroughly investigate the various causes,
['T27n1545_113:0586c06_8', 'T27n1545_113:0586c06_14']	種種果性。🔽種種相續性。	種種果性。 種種相續性。	various fruits,🔽various continuities,
['T27n1545_113:0586c06_20']	種種對治性。	種種對治性。	and various antidotes of the various ministers of Magadha,
['T27n1545_113:0586c07_4']	及命終心。	及命終心。	as well as the mind at the end of life,
['T27n1545_113:0586c07_9']	續生心等。	續生心等。	the mind that continues in rebirth, and so forth.
['T27n1545_113:0586c07_18']	由此觀察如應悉知。	由此觀察如應悉知。	By means of this investigation, one should know them as they are.
['T27n1545_113:0586c08_16']	復次世尊為欲委知彼諸臣等生處差別。	復次世尊為欲委知彼諸臣等生處差別。	Furthermore, the World-Honored One, in order to thoroughly understand the differences in the places of birth of those ministers,
['T27n1545_113:0586c09_8']	故極作意復有說者。	故極作意復有說者。	therefore paid close attention. There are also those who say:
['T27n1545_113:0586c10_1']	為待當來所化生故。	為待當來所化生故。	In order to wait for future beings to be transformed,
['T27n1545_113:0586c10_14']	有所化生應聞說法作饒益事。	有所化生應聞說法作饒益事。	there are beings to be transformed who should hear the Dharma and benefit from it.
['T27n1545_113:0586c11_5']	於此眾中猶未集會。	於此眾中猶未集會。	They have not yet assembled in this assembly.
['T27n1545_113:0586c11_10']	復有說者。	復有說者。	Furthermore, there are those who say:
['T27n1545_113:0586c12_2']	為待辰那栗連婆故。	為待辰那栗連婆故。	In order to wait for Chen Na Li Lian Po,
['T27n1545_113:0586c12_11']	彼是先世頻毘婆羅。	彼是先世頻毘婆羅。	who is the same as the one from a previous life, Bimbisāra.
['T27n1545_113:0586c13_2']	於此眾中猶未集會。	於此眾中猶未集會。	He has not yet assembled in this assembly.
['T27n1545_113:0586c13_7']	復有說者。	復有說者。	Furthermore, there are those who say:
['T27n1545_113:0586c13_16']	欲令阿難生尊重意。	欲令阿難生尊重意。	Wishing to cause Ānanda to give rise to a respectful attitude,
['T27n1545_113:0586c14_11']	慇懃恭敬無倒受持思量觀察。	慇懃恭敬無倒受持思量觀察。	to be earnest and reverent, to uphold without error, to contemplate and investigate.
['T27n1545_113:0586c14_16']	復有說者。	復有說者。	Moreover, some say:
['T27n1545_113:0586c15_11']	為欲除斷諸邪慢人憍傲心故。	為欲除斷諸邪慢人憍傲心故。	In order to eliminate the arrogant minds of those with false pride,
['T27n1545_113:0586c16_3']	謂有於法少分知已。	謂有於法少分知已。	That is, there are those who, having understood a small portion of the Dharma,
['T27n1545_113:0586c16_12']	便生憍慢而不修學。	便生憍慢而不修學。	Give rise to arrogance and do not cultivate and study.
['T27n1545_113:0586c17_8']	為除彼意顯佛世尊不由加行。	為除彼意顯佛世尊不由加行。	In order to eliminate that attitude, it is shown that the World-Honored Buddha, without any effort,
['T27n1545_113:0586c18_4']	於一切法殊勝智見無障礙轉。	於一切法殊勝智見無障礙轉。	With unobstructed and superior wisdom and insight into all dharmas,
['T27n1545_113:0586c18_17']	尚於一切問記事中慇懃觀察。	尚於一切問記事中慇懃觀察。	Still earnestly contemplates all matters that need to be asked about.
['T27n1545_113:0586c19_12']	況於汝小智而當不學生憍慢耶。	況於汝小智而當不學生憍慢耶。	How much more so should you, with little wisdom, not give rise to arrogance and pride?
['T27n1545_113:0586c20_1']	復有說者。	復有說者。	Moreover, some say:
['T27n1545_113:0586c20_10']	欲顯成就正士法故。	欲顯成就正士法故。	In order to manifest the accomplishment of the Dharma of true men,
['T27n1545_113:0586c21_5']	諸有正士法爾皆應善思所思。	諸有正士法爾皆應善思所思。	All those with the Dharma of true men should think well of what they think,
['T27n1545_113:0586c21_10']	善說所說。	善說所說。	Speak well of what they speak,
['T27n1545_113:0586c21_15']	善作所作。	善作所作。	And do well what they do.
['T27n1545_113:0586c22_1']	復有說者。	復有說者。	Moreover, some say:
['T27n1545_113:0586c22_14']	世尊一時入閑靜處默然宴坐。	世尊一時入閑靜處默然宴坐。	Once the World-Honored One entered a secluded place and sat in silence.
['T27n1545_113:0586c23_4']	尊者阿難請問斯事。	尊者阿難請問斯事。	The Venerable Ānanda asked about this matter.
['T27n1545_113:0586c23_13']	世尊未答便入寂定。	世尊未答便入寂定。	The World-Honored One, without answering, immediately entered tranquil concentration.
['T27n1545_113:0586c24_4']	從定起已乃為記別。	從定起已乃為記別。	After rising from concentration, he then gave a prediction.
['T27n1545_113:0586c24_13']	由是因緣故作斯論。	由是因緣故作斯論。	For this reason, this treatise is composed.
['T27n1545_113:0586c24_18']	復有說者。	復有說者。	Furthermore, some say:
['T27n1545_113:0586c25_8']	由三因緣所以作論。	由三因緣所以作論。	For three reasons, this treatise is composed.
['T27n1545_113:0586c25_17']	一為分別契經義故。	一為分別契經義故。	First, in order to analyze the meaning of the sutras.
['T27n1545_113:0586c26_8']	二為遮止他所說故。	二為遮止他所說故。	Second, in order to refute what others say.
['T27n1545_113:0586c27_4']	三為顯了世間現見所行事故。	三為顯了世間現見所行事故。	Third, in order to clarify the activities that are presently seen in the world.
['T27n1545_113:0586c27_12']	為分別契經義者。	為分別契經義者。	As for analyzing the meaning of the sutras:
['T27n1545_113:0586c28_3']	謂契經說業有二種。	謂契經說業有二種。	The sutras say that karma is of two kinds.
['T27n1545_113:0586c28_12']	一思業二思所起業。	一思業二思所起業。	One is the karma of volition, and the other is the karma arisen from volition.
['T27n1545_113:0586c29_3']	彼所說業今欲廣釋。	彼所說業今欲廣釋。	The karma they speak of is now to be extensively explained.
['T27n1545_113:0586c29_11']	是名分別契經義。	是名分別契經義。	This is called analyzing the meaning of the sutras.
['T27n1545_113:0587a01_1']	為遮止他所說者。	為遮止他所說者。	As for refuting what others say:
['T27n1545_113:0587a01_11']	如勝論外道說五種業。	如勝論外道說五種業。	Like the Sāṃkhya non-Buddhists who say there are five kinds of karma.
['T27n1545_113:0587a02_4']	謂取捨屈申行為第五業。	謂取捨屈申行為第五業。	They are taking, abandoning, bending, stretching, and taking as the fifth karma.
['T27n1545_113:0587a02_13']	數論外道說九種業。	數論外道說九種業。	The Sāṃkhya non-Buddhists say there are nine kinds of karma.
['T27n1545_113:0587a03_10']	謂取捨屈申舉下開閉行為第九業。	謂取捨屈申舉下開閉行為第九業。	They are taking, abandoning, bending, stretching, raising, lowering, opening, and closing as the ninth karma.
['T27n1545_113:0587a04_6']	或有外道說十二處皆是業性。	或有外道說十二處皆是業性。	Some non-Buddhists say the twelve sense bases are all of the nature of karma.
['T27n1545_113:0587a04_11']	彼作是言。	彼作是言。	They say:
['T27n1545_113:0587a04_16']	眼作何業。	眼作何業。	What function does the eye perform?
['T27n1545_113:0587a05_1']	謂見色。	謂見色。	It is said: It sees forms.
['T27n1545_113:0587a05_6']	色作何業。	色作何業。	What function do forms perform?
['T27n1545_113:0587a05_11']	謂眼所行。	謂眼所行。	It is said: They are the objects of the eye.
['T27n1545_113:0587a05_16']	廣說乃至。	廣說乃至。	And so on, in detail, up to:
['T27n1545_113:0587a06_1']	意作何業。	意作何業。	What function does the mind perform?
['T27n1545_113:0587a06_6']	謂能知法。	謂能知法。	It is said: It cognizes dharmas.
['T27n1545_113:0587a06_11']	法作何業。	法作何業。	What function do dharmas perform?
['T27n1545_113:0587a06_16']	謂意所行。	謂意所行。	It is said: They are the objects of the mind.
['T27n1545_113:0587a07_6']	欲止如是邪宗所立。	欲止如是邪宗所立。	In order to stop such wrong views as these,
['T27n1545_113:0587a07_15']	顯示無倒諸業自性。	顯示無倒諸業自性。	[the Buddha] shows the nature of the various actions without error.
['T27n1545_113:0587a08_2']	又譬喻者說。	又譬喻者說。	Moreover, the Udayana school says:
['T27n1545_113:0587a08_11']	身語意業皆是一思。	身語意業皆是一思。	The actions of body, speech, and mind are all one volition.🔽In order to stop such ideas and show that
['T27n1545_113:0587a09_2']	為遮彼意顯除思體。	為遮彼意顯除思體。	apart from the nature of volition,
['T27n1545_113:0587a09_11']	別有身語二業自性。	別有身語二業自性。	there are separately the natures of the two actions of body and speech.
['T27n1545_113:0587a10_11']	又分別說部建立貪欲瞋恚邪見是業自性。	又分別說部建立貪欲瞋恚邪見是業自性。	Moreover, the Vibhajyavādins establish greed, hatred, and wrong views as the natures of action.
['T27n1545_113:0587a10_18']	彼何故作是說。	彼何故作是說。	Why do they make such statements?
['T27n1545_113:0587a11_4']	依契經故。	依契經故。	Because it is based on the sūtras.
['T27n1545_113:0587a11_9']	如契經說。	如契經說。	As a sūtra says:
['T27n1545_113:0587a11_18']	故思所造身三種業。	故思所造身三種業。	The three kinds of bodily actions that are intentionally created,
['T27n1545_113:0587a12_8']	已作已集是惡不善。	已作已集是惡不善。	that have been done and accumulated, are evil and unwholesome,
['T27n1545_113:0587a12_17']	能生眾苦感苦異熟。	能生眾苦感苦異熟。	and give rise to suffering and result in suffering.
['T27n1545_113:0587a13_8']	故思所造語四種業。	故思所造語四種業。	The four kinds of verbal actions that are intentionally created,🔽...
['T27n1545_113:0587a13_13']	意三種業。	意三種業。	The three kinds of mental actions.
['T27n1545_113:0587a14_3']	已作已集是惡不善。	已作已集是惡不善。	What has been done and accumulated is evil and unwholesome.
['T27n1545_113:0587a14_12']	能生眾苦感苦異熟。	能生眾苦感苦異熟。	It can give rise to suffering and lead to the ripening of suffering.
['T27n1545_113:0587a14_17']	意三業者。	意三業者。	The three kinds of mental actions.
['T27n1545_113:0587a15_4']	謂貪恚邪見。	謂貪恚邪見。	They are greed, ill-will, and wrong views.
['T27n1545_113:0587a15_17']	由此經故說貪等三是業自性。	由此經故說貪等三是業自性。	Because of this sutra, it is said that greed and the other three are the nature of karma.
['T27n1545_113:0587a16_11']	為遮彼意顯貪欲等非業自性。	為遮彼意顯貪欲等非業自性。	In order to refute that intention, it is shown that greed and the others are not the nature of karma.
['T27n1545_113:0587a16_16']	故作斯論。	故作斯論。	Therefore, this treatise is composed.
['T27n1545_113:0587a17_8']	問若貪欲等非業性者。	問若貪欲等非業性者。	Question: If greed and the others are not the nature of karma,
['T27n1545_113:0587a18_1']	分別說部所引經云何通。	分別說部所引經云何通。	how can the sutra quoted by the Vibhajyavādins be understood?
['T27n1545_113:0587a18_11']	答是業資糧故說名業。	答是業資糧故說名業。	Answer: Because they are the provisions for karma, they are called karma.
['T27n1545_113:0587a19_10']	如薄伽梵處處經中說彼資糧名為彼法。	如薄伽梵處處經中說彼資糧名為彼法。	As the Blessed One has said in various sutras, the provisions for something are called that thing.
['T27n1545_113:0587a20_6']	如前廣說樂資糧等名為樂等。	如前廣說樂資糧等名為樂等。	As explained in detail before, the provisions for happiness and so forth are called happiness and so forth.
['T27n1545_113:0587a20_11']	此中亦爾。	此中亦爾。	It is the same here.
['T27n1545_113:0587a21_2']	於業資糧說名為業。	於業資糧說名為業。	In the provisions for karma, it is called karma.
['T27n1545_113:0587a21_11']	尊者法救作如是說。	尊者法救作如是說。	The Venerable Dharmatrāta says this:
['T27n1545_113:0587a22_3']	此中世尊唯攝其業。	此中世尊唯攝其業。	Here, the World-Honored One only includes karma.
['T27n1545_113:0587a22_12']	就所依處顯示業性。	就所依處顯示業性。	Based on the basis, he shows the nature of karma.
['T27n1545_113:0587a22_17']	故作是說。	故作是說。	Therefore, he says this.
['T27n1545_113:0587a23_12']	謂若依此階梯殊勝思究竟轉。	謂若依此階梯殊勝思究竟轉。	That is to say, if one relies on this excellent staircase to the ultimate transformation of thought,
['T27n1545_113:0587a24_4']	則於此處宣說業名。	則於此處宣說業名。	then in this place the name of karma is proclaimed.
['T27n1545_113:0587a24_17']	如是一切名為遮止他所說故。	如是一切名為遮止他所說故。	In this way, all are said to be in order to stop what others say.
['T27n1545_113:0587a25_11']	為顯了世間現見所行事者。	為顯了世間現見所行事者。	In order to make clear the activities seen in the world,
['T27n1545_113:0587a26_7']	謂諸世間於其業果立業名想。	謂諸世間於其業果立業名想。	that is to say, all worlds establish the conception of karma in regard to the fruits of karma.
['T27n1545_113:0587a26_16']	如見彩畫錦繡等物。	如見彩畫錦繡等物。	It is like seeing painted brocade and other objects,
['T27n1545_113:0587a27_7']	說言如是奇巧作業。	說言如是奇巧作業。	and saying that such is the marvelous work of karma.
['T27n1545_113:0587a27_16']	此實非業但是業果。	此實非業但是業果。	This is actually not karma but only the fruit of karma.
['T27n1545_113:0587a28_11']	是名顯了世間現見所行事故。	是名顯了世間現見所行事故。	This is called making clear the activities seen in the world.
['T27n1545_113:0587a29_3']	由此三緣故作斯論。	由此三緣故作斯論。	For these three reasons, this treatise is composed.
['T27n1545_113:0587b01_3']	三業者。	三業者。	The three karmas are:
['T27n1545_113:0587b01_11']	謂身業語業意業。	謂身業語業意業。	Bodily karma, verbal karma, and mental karma.
['T27n1545_113:0587b02_1']	問此三業云何建立。	問此三業云何建立。	It is asked: How are these three karmas established?
['T27n1545_113:0587b02_6', 'T27n1545_113:0587b02_11']	為自性故。🔽為所依故。	為自性故。 為所依故。	Is it by their intrinsic nature?🔽Is it by their basis?
['T27n1545_113:0587b02_16']	為等起故。	為等起故。	Is it by their origination?
['T27n1545_113:0587b03_6']	若自性者應唯一業。	若自性者應唯一業。	If it is by their intrinsic nature, there should be only one karma,
['T27n1545_113:0587b03_11']	所謂語業。	所謂語業。	namely verbal karma.
['T27n1545_113:0587b03_16']	語即業故。	語即業故。	Because speech is itself karma.
['T27n1545_113:0587b04_2']	若所依者。	若所依者。	If it is by their basis,
['T27n1545_113:0587b04_11']	應一切業皆名身業。	應一切業皆名身業。	all karmas should be called bodily karma.
['T27n1545_113:0587b05_2']	以三種業皆依身故。	以三種業皆依身故。	Because all three kinds of actions are based on the body.
['T27n1545_113:0587b05_7']	若等起者。	若等起者。	If it is said that they are originated by the mind,
['T27n1545_113:0587b05_16']	應一切業皆名意業。	應一切業皆名意業。	then all actions should be called mental actions,
['T27n1545_113:0587b06_6']	以三皆是意等起故。	以三皆是意等起故。	because all three are originated by the mind.
['T27n1545_113:0587b06_16']	答具由三緣建立三業。	答具由三緣建立三業。	The answer is: The three kinds of actions are established by three conditions.
['T27n1545_113:0587b07_7']	一自性故建立語業。	一自性故建立語業。	First, based on their intrinsic nature, verbal actions are established.
['T27n1545_113:0587b07_16']	二所依故建立身業。	二所依故建立身業。	Second, based on their basis, bodily actions are established.
['T27n1545_113:0587b08_7']	三等起故建立意業。	三等起故建立意業。	Third, based on their origination, mental actions are established.
['T27n1545_113:0587b08_12']	復有說者。	復有說者。	There is another explanation:
['T27n1545_113:0587b09_3']	由三緣故建立三業。	由三緣故建立三業。	The three kinds of actions are established by three conditions.
['T27n1545_113:0587b09_9']	一依自處故。	一依自處故。	First, based on one's own place;
['T27n1545_113:0587b09_15']	二依他處故。	二依他處故。	second, based on the place of others;
['T27n1545_113:0587b10_3']	三依相應處故。	三依相應處故。	third, based on the associated place.
['T27n1545_113:0587b10_12']	依自處故建立語業。	依自處故建立語業。	Based on one's own place, verbal actions are established.
['T27n1545_113:0587b11_4']	依他處故建立身業。	依他處故建立身業。	Based on the place of others, bodily actions are established.
['T27n1545_113:0587b11_14']	依相應處故建立意業。	依相應處故建立意業。	Based on the associated place, mental actions are established.
['T27n1545_113:0587b12_5']	如是名為三業自性。	如是名為三業自性。	This is called the intrinsic nature of the three kinds of actions.
['T27n1545_113:0587b13_4']	已說自性。	已說自性。	The intrinsic nature has been explained.
['T27n1545_113:0587b13_10']	所以今當說。	所以今當說。	The reason will now be explained.
['T27n1545_113:0587b13_16']	問何故名業。	問何故名業。	Why is it called action?
['T27n1545_113:0587b14_2']	業有何義。	業有何義。	What is the meaning of action?
['T27n1545_113:0587b14_12']	答由三義故說名為業。	答由三義故說名為業。	The answer is: It is called action for three reasons.
['T27n1545_113:0587b14_17']	一作用故。	一作用故。	First, because of function;
['T27n1545_113:0587b15_9']	二持法式故三分別果故。	二持法式故三分別果故。	Second, because it upholds the Dharma system. Third, because it distinguishes results.
['T27n1545_113:0587b15_14']	作用故者。	作用故者。	As for the function,
['T27n1545_113:0587b16_5']	謂即作用說名為業。	謂即作用說名為業。	it refers to the function itself being called karma.
['T27n1545_113:0587b16_10']	持法式者。	持法式者。	As for upholding the Dharma system,
['T27n1545_113:0587b17_1']	謂能任持七眾法式。	謂能任持七眾法式。	it means being able to uphold the Dharma system of the seven assemblies.
['T27n1545_113:0587b17_6']	分別果者。	分別果者。	As for distinguishing results,
['T27n1545_113:0587b17_15']	謂能分別愛非愛果。	謂能分別愛非愛果。	it means being able to distinguish desirable and undesirable results.
['T27n1545_113:0587b18_4']	問若爾者。	問若爾者。	If that is so,
['T27n1545_113:0587b19_5']	彼俱有相應法亦能分別愛非愛果悉名業耶。	彼俱有相應法亦能分別愛非愛果悉名業耶。	are all the coexistent and associated dharmas that can distinguish desirable and undesirable results also called karma?
['T27n1545_113:0587b19_15']	答此中唯說勝者名業。	答此中唯說勝者名業。	The answer is: here only the superior ones are called karma.
['T27n1545_113:0587b20_15']	此三種業於諸俱有相應法中最為勝故。	此三種業於諸俱有相應法中最為勝故。	Because these three kinds of karma are the most superior among all coexistent and associated dharmas.
['T27n1545_113:0587b21_12']	譬如世間於種種勝處得種種名。	譬如世間於種種勝處得種種名。	It is like in the world, where various names are obtained in various superior places.
['T27n1545_113:0587b21_17']	此亦如是。	此亦如是。	This is also like that.
['T27n1545_113:0587b22_8']	如世間說樂師作樂。	如世間說樂師作樂。	It is like in the world, where it is said that a musician makes music.
['T27n1545_113:0587b23_4']	此中非無樂具樂器及樂人等。	此中非無樂具樂器及樂人等。	Here it is not that there are no musical instruments, musicians, and so forth.
['T27n1545_113:0587b23_17']	但於其中樂師最勝故得其名。	但於其中樂師最勝故得其名。	But because the musician is the most superior, he obtains the name.
['T27n1545_113:0587b24_12']	又如書者非無種種紙墨筆等。	又如書者非無種種紙墨筆等。	Also, like a writer, it is not that there are no various kinds of paper, ink, brushes, and so forth.
['T27n1545_113:0587b25_4']	及勤方便和合成字。	及勤方便和合成字。	And the combination of diligent effort forms characters.
['T27n1545_113:0587b25_13']	然隨最勝人得其名。	然隨最勝人得其名。	However, it is named after the most excellent person.
['T27n1545_113:0587b26_4']	染者鍛者喻亦如是。	染者鍛者喻亦如是。	The dyer and the smith are also like this.
['T27n1545_113:0587b26_9']	今此亦然。	今此亦然。	Now this is also so.
['T27n1545_113:0587b26_18']	雖有種種自性俱有。	雖有種種自性俱有。	Although there are various natures, co-existences,
['T27n1545_113:0587b27_12']	及相應法一切皆能感異熟果。	及相應法一切皆能感異熟果。	and associated dharmas that can all produce the ripening effect,
['T27n1545_113:0587b28_8']	然於其中能分別果業為最勝。	然於其中能分別果業為最勝。	among them, the karma that can distinguish the effect is the most excellent.
['T27n1545_113:0587b28_13']	是故偏說。	是故偏說。	Therefore, it is said in a biased way.
['T27n1545_113:0587b28_18']	復有說者。	復有說者。	There is also a saying.
['T27n1545_113:0587b29_8']	由三義故說名為業。	由三義故說名為業。	It is called karma because of three meanings.
['T27n1545_113:0587b29_14']	一有作用故。	一有作用故。	First, because it has function.
['T27n1545_113:0587c01_3']	二有行動故。	二有行動故。	Second, because it has movement.
['T27n1545_113:0587c01_9', 'T27n1545_113:0587c01_14']	三有造作故。🔽有作用者。	三有造作故。 有作用者。	Third, because it has creation.🔽That which has function
['T27n1545_113:0587c02_1']	即是語業。	即是語業。	is precisely the karmic activity of speech.
['T27n1545_113:0587c02_14']	如是評論我當如是如是所作。	如是評論我當如是如是所作。	Such discussion is like this: I will do such and such.
['T27n1545_113:0587c03_2']	有行動者。	有行動者。	That which has movement
['T27n1545_113:0587c03_15']	即是身業雖實無動如往餘方。	即是身業雖實無動如往餘方。	is precisely the karmic activity of the body. Although it is actually without movement, it is like going to another place.
['T27n1545_113:0587c04_2']	有造作者。	有造作者。	That which has creation
['T27n1545_113:0587c04_11']	即是意業造作前二。	即是意業造作前二。	is precisely the karmic activity of the mind. It creates the former two.
['T27n1545_113:0587c05_2']	由此義故說名為業。	由此義故說名為業。	Because of this meaning, it is called karma.
['T27n1545_113:0587c05_7']	十業道者。	十業道者。	As for the ten karmic paths,
['T27n1545_113:0587c05_13']	謂身三業道。	謂身三業道。	they are the three karmic paths of the body,
['T27n1545_113:0587c05_18']	語四業道。	語四業道。	and the four karmic paths of speech.
['T27n1545_113:0587c06_3']	意三業道。	意三業道。	The three karmic paths of the mind.
['T27n1545_113:0587c08_1']	問十善業道十不善業道豈不合說有二十耶。	問十善業道十不善業道豈不合說有二十耶。	Question: Shouldn't the ten wholesome and ten unwholesome karmic paths be explained as twenty?
['T27n1545_113:0587c08_10']	何故此中但說有十。	何故此中但說有十。	Why are there only ten mentioned here?
['T27n1545_113:0587c08_16']	答不過十故。	答不過十故。	Answer: Because they do not exceed ten.
['T27n1545_113:0587c09_6']	謂依惡行所依止處。	謂依惡行所依止處。	That is to say, based on the basis of evil conduct,
['T27n1545_113:0587c09_15']	發起十種不善業道。	發起十種不善業道。	ten kinds of unwholesome karmic paths are initiated.
['T27n1545_113:0587c10_5']	即依此處由遠離故。	即依此處由遠離故。	Based on this very basis, by means of being far removed from them,
['T27n1545_113:0587c10_14']	即能發起十善業道。	即能發起十善業道。	one is able to initiate the ten wholesome karmic paths.
['T27n1545_113:0587c11_1']	復有說者。	復有說者。	Furthermore, there is another explanation:
['T27n1545_113:0587c11_10']	略說十種廣說二十。	略說十種廣說二十。	The ten are explained in brief, and the twenty are explained in detail.
['T27n1545_113:0587c11_16']	如略廣如是。	如略廣如是。	Just as there is brief and detailed,
['T27n1545_113:0587c12_4']	無差別差別。	無差別差別。	there is no distinction and distinction,
['T27n1545_113:0587c12_7']	總別。	總別。	general and specific,
['T27n1545_113:0587c12_11']	遍不遍。	遍不遍。	pervasive and non-pervasive,
['T27n1545_113:0587c12_16']	無異有異。	無異有異。	no difference and difference.
['T27n1545_113:0587c13_5']	俱時次第應知亦爾。	俱時次第應知亦爾。	One should understand the same is true for simultaneous and sequential.
['T27n1545_113:0587c13_10', 'T27n1545_113:0587c14_1']	復有說者。🔽隨利根者故說有十。	復有說者。 隨利根者故說有十。	Furthermore, there is another explanation:🔽For those with sharp faculties, ten are explained.
['T27n1545_113:0587c14_10']	隨鈍根者故說二十。	隨鈍根者故說二十。	For those with dull faculties, twenty are explained.
['T27n1545_113:0587c15_1']	如利根鈍根如是。	如利根鈍根如是。	Just as there are those with sharp faculties and those with dull faculties,
['T27n1545_113:0587c15_10']	因力緣力內力外力。	因力緣力內力外力。	there are those with the power of causes, the power of conditions, the power of internal [causes], and the power of external [conditions].
['T27n1545_113:0587c16_1']	內如理作意所任持力。	內如理作意所任持力。	The power of being upheld by proper mental attention internally,
['T27n1545_113:0587c16_10']	外他言音多修習力。	外他言音多修習力。	The power of much cultivation of external other sounds.
['T27n1545_113:0587c16_19']	略開智力廣辯智力。	略開智力廣辯智力。	The power of wisdom that briefly opens up and the power of wisdom that extensively distinguishes.
['T27n1545_113:0587c17_4']	應知亦爾。	應知亦爾。	One should know that it is also like this.
['T27n1545_113:0587c17_12']	是名十業道自性。	是名十業道自性。	This is called the nature of the ten courses of action.
['T27n1545_113:0587c18_4']	已說自性。	已說自性。	The nature has already been explained.
['T27n1545_113:0587c18_10']	所以今當說。	所以今當說。	The reason will now be explained.
['T27n1545_113:0587c18_17']	問何故名業道。	問何故名業道。	Question: Why is it called the course of action?
['T27n1545_113:0587c19_4']	業道有何義。	業道有何義。	What is the meaning of the course of action?
['T27n1545_113:0587c19_10']	答思名為業。	答思名為業。	Answer: Intention is called action.
['T27n1545_113:0587c20_5']	思所遊履究竟而轉名為業道。	思所遊履究竟而轉名為業道。	The final turning of what is traversed by intention is called the course of action.
['T27n1545_113:0587c20_11']	問若思名業。	問若思名業。	Question: If intention is called action,
['T27n1545_113:0587c21_6']	思所遊履究竟而轉名業道者。	思所遊履究竟而轉名業道者。	and the final turning of what is traversed by intention is called the course of action,
['T27n1545_113:0587c21_15']	餘善不善一切無記。	餘善不善一切無記。	then the rest of the wholesome, unwholesome, and all indeterminate actions,
['T27n1545_113:0587c22_10']	無不皆為思所遊履究竟而轉。	無不皆為思所遊履究竟而轉。	there is none that is not traversed by intention and finally turned.
['T27n1545_113:0587c23_2']	一切皆應說名業道。	一切皆應說名業道。	All of them should be called the course of action.
['T27n1545_113:0587c23_11']	有何殊勝不共因緣。	有何殊勝不共因緣。	What special and unique causes and conditions are there?
['T27n1545_113:0587c24_2']	唯說此十以為業道。	唯說此十以為業道。	Why is it that only these ten are called the course of action?
['T27n1545_113:0587c24_12']	答此是世尊有餘之說。	答此是世尊有餘之說。	Answer: This is the remainder teaching of the World-Honored One.
['T27n1545_113:0587c25_11']	大師觀彼所化有情心行願樂簡略而說。	大師觀彼所化有情心行願樂簡略而說。	The Great Teacher observes the mental activities, aspirations, and inclinations of the sentient beings to be transformed, and briefly teaches.
['T27n1545_113:0587c26_11']	脇尊者曰唯佛世尊究竟了達諸法性相。	脇尊者曰唯佛世尊究竟了達諸法性相。	Venerable Pārśva said: Only the World-Honored Buddha has thoroughly realized the nature and characteristics of all dharmas.
['T27n1545_113:0587c26_16']	亦知勢用。	亦知勢用。	He also knows their power and function.
['T27n1545_113:0587c27_3']	非餘所知。	非餘所知。	This is not known by others.
['T27n1545_113:0587c27_11']	若法有業道相者。	若法有業道相者。	If a dharma has the characteristics of a path of action,
['T27n1545_113:0587c27_16']	即便立之。	即便立之。	then it is established.
['T27n1545_113:0587c28_2']	無者不立。	無者不立。	If it does not, it is not established.
['T27n1545_113:0587c28_11']	尊者妙音亦作是說。	尊者妙音亦作是說。	Venerable Subhagupta also said:
['T27n1545_113:0587c29_2']	大師知此十種業道。	大師知此十種業道。	The Great Teacher knows that these ten paths of action
['T27n1545_113:0587c29_8']	有如是勢用。	有如是勢用。	have such power and function,
['T27n1545_113:0587c29_13']	如是強盛。	如是強盛。	are so powerful,
['T27n1545_113:0587c29_18']	如是親近。	如是親近。	and are so intimate,
['T27n1545_113:0588a01_11']	能與業思作所行路令究竟轉。	能與業思作所行路令究竟轉。	that they can serve as the path of action for the volition of karma, causing it to continue to the end.
['T27n1545_113:0588a02_7']	除此業道餘一切法無如是事。	除此業道餘一切法無如是事。	Apart from these paths of action, all other dharmas do not have such things.
['T27n1545_113:0588a02_12']	復有說者。	復有說者。	There is also a saying:
['T27n1545_113:0588a03_4']	由二因緣建立業道。	由二因緣建立業道。	The paths of action are established for two reasons:
['T27n1545_113:0588a03_10']	一世所訶毀。	一世所訶毀。	First, they are condemned by the world;
['T27n1545_113:0588a03_16']	二世所稱歎。	二世所稱歎。	Second, they are praised by the world.
['T27n1545_113:0588a04_10']	即是十種不善業道及善業道。	即是十種不善業道及善業道。	These are the ten unwholesome paths of action and the wholesome paths of action.
['T27n1545_113:0588a05_3']	問若世所訶毀名業道者。	問若世所訶毀名業道者。	Question: If that which is condemned by the world is called a path of action,
['T27n1545_113:0588a05_12']	是則惡心出佛身血。	是則惡心出佛身血。	then drawing blood from the body of a Buddha with an evil mind
['T27n1545_113:0588a06_3']	一切世間皆共訶毀。	一切世間皆共訶毀。	is condemned by the entire world.
['T27n1545_113:0588a06_12']	何故不說以為業道。	何故不說以為業道。	Why are they not established as karmic paths?
['T27n1545_113:0588a07_1']	答若世所訶毀。	答若世所訶毀。	The answer is: If something is universally condemned,
['T27n1545_113:0588a07_10']	如來出世及不出世。	如來出世及不出世。	whether the Tathāgata appears in the world or not,
['T27n1545_113:0588a08_1']	一切時有者立為業道。	一切時有者立為業道。	if it exists at all times, it is established as a karmic path.
['T27n1545_113:0588a08_10']	出佛身血有佛世有。	出佛身血有佛世有。	Drawing blood from the body of a Buddha exists when there is a Buddha,
['T27n1545_113:0588a08_15']	無佛世無。	無佛世無。	but does not exist when there is no Buddha.
['T27n1545_113:0588a09_2']	故不立業道。	故不立業道。	Therefore it is not established as a karmic path.
['T27n1545_113:0588a10_2']	於稱歎中遠離出血所有問答應知亦爾。	於稱歎中遠離出血所有問答應知亦爾。	The questions and answers regarding avoiding drawing blood in praise should be understood in the same way.
['T27n1545_113:0588a10_7']	復有說者。	復有說者。	Furthermore, there is an explanation:
['T27n1545_113:0588a10_16']	由三因緣建立業道。	由三因緣建立業道。	The karmic paths are established due to three causes:
['T27n1545_113:0588a11_3']	一由依處。	一由依處。	First, by basis;
['T27n1545_113:0588a11_8']	二由施設。	二由施設。	second, by establishment;
['T27n1545_113:0588a11_17']	三由分別愛非愛果。	三由分別愛非愛果。	third, by distinguishing the loved and unloved fruits.
['T27n1545_113:0588a12_3']	復有說者。	復有說者。	Furthermore, there is an explanation:
['T27n1545_113:0588a12_12']	若由此故令內外物。	若由此故令內外物。	If, by this, the external and internal things
['T27n1545_113:0588a12_17']	有時衰損。	有時衰損。	sometimes decline,
['T27n1545_113:0588a13_3']	有時增盛。	有時增盛。	and sometimes flourish,
['T27n1545_113:0588a13_8']	建立業道。	建立業道。	the karmic paths are established.
['T27n1545_113:0588a13_17']	當知此中所居為外。	當知此中所居為外。	Here, the dwelling place is known as the external,
['T27n1545_113:0588a14_3']	壽等為內。	壽等為內。	and life, etc. are the internal.
['T27n1545_113:0588a14_12']	云何由此外物衰損。	云何由此外物衰損。	How is it that the external things decline?
['T27n1545_113:0588a15_3']	謂斷生命業道增時。	謂斷生命業道增時。	When the karmic path of killing living beings increases,🔽...
['T27n1545_113:0588a15_16']	一切外物皆少光澤不久堅住。	一切外物皆少光澤不久堅住。	All external objects will have less luster and will not remain firm for long.
['T27n1545_113:0588a16_6']	若不與取業道增時。	若不與取業道增時。	If the karmic path of not giving and taking increases,
['T27n1545_113:0588a16_15']	一切外物有災有患。	一切外物有災有患。	all external objects will have calamities and afflictions.
['T27n1545_113:0588a17_6']	多遭霜雹塵穢等障。	多遭霜雹塵穢等障。	They will often be obstructed by frost, hail, dust, and filth.
['T27n1545_113:0588a17_15']	若欲邪行業道增時。	若欲邪行業道增時。	If the karmic path of sexual misconduct increases,
['T27n1545_113:0588a18_5']	一切外物多有怨競。	一切外物多有怨競。	all external objects will have many disputes and conflicts.
['T27n1545_113:0588a18_14']	若虛誑語業道增時。	若虛誑語業道增時。	If the karmic path of false speech increases,
['T27n1545_113:0588a19_5']	一切外物多諸臭穢。	一切外物多諸臭穢。	all external objects will have much foul odor and filth.
['T27n1545_113:0588a19_14']	若離間語業道增時。	若離間語業道增時。	If the karmic path of divisive speech increases,
['T27n1545_113:0588a20_4']	一切外物多不平正。	一切外物多不平正。	all external objects will be mostly uneven.
['T27n1545_113:0588a20_13']	丘陵坑坎嶮阻懸隔。	丘陵坑坎嶮阻懸隔。	With hills, ravines, pits, and obstacles, they will be separated by precipices.
['T27n1545_113:0588a21_3']	若麁惡語業道增時。	若麁惡語業道增時。	If the karmic path of harsh speech increases,
['T27n1545_113:0588a21_16']	一切外物麁弊鄙惡毒刺沙礫。	一切外物麁弊鄙惡毒刺沙礫。	all external objects will be coarse, inferior, and evil, with poisonous thorns, sand, and gravel.
['T27n1545_113:0588a22_12']	設有金銀等寶少而無光不調難用。	設有金銀等寶少而無光不調難用。	Even if there are gold, silver, and other treasures, they will be few, without luster, and difficult to use.
['T27n1545_113:0588a23_4']	若雜穢語業道增時。	若雜穢語業道增時。	If the karmic path of idle chatter increases,
['T27n1545_113:0588a23_13']	一切外物時候乖變。	一切外物時候乖變。	all external objects will have abnormal weather patterns.
['T27n1545_113:0588a24_3']	速疾磨滅多不成實。	速疾磨滅多不成實。	They will quickly decay and many will not bear fruit.
['T27n1545_113:0588a24_11']	若貪欲業道增時。	若貪欲業道增時。	If the karmic path of covetousness increases,
['T27n1545_113:0588a25_6']	一切外物多分損減微細尠少。	一切外物多分損減微細尠少。	Most external things are greatly reduced, subtle and few.
['T27n1545_113:0588a25_14']	若瞋恚業道增時。	若瞋恚業道增時。	If the path of action of anger increases,
['T27n1545_113:0588a26_8']	一切外物多分枯悴果實苦澁。	一切外物多分枯悴果實苦澁。	most external things wither greatly, with bitter fruits.
['T27n1545_113:0588a26_16']	若邪見業道增時。	若邪見業道增時。	If the path of action of wrong views increases,
['T27n1545_113:0588a27_6']	一切外物多分零落。	一切外物多分零落。	most external things fall off greatly.
['T27n1545_113:0588a27_15']	乏少花果或全無果。	乏少花果或全無果。	Lacking flowers and fruits, or having no fruits at all.
['T27n1545_113:0588a28_15']	是名由此令外物減云何復知由此業道故。	是名由此令外物減云何復知由此業道故。	This is called by this, external things are reduced. How do we know that by this path of action,
['T27n1545_113:0588a29_7']	令壽量等內物減耶。	令壽量等內物減耶。	the internal things such as lifespan are reduced?
['T27n1545_113:0588b01_1']	謂若十不善業道具增長時。	謂若十不善業道具增長時。	If the ten unwholesome paths of action increase together,
['T27n1545_113:0588b01_14']	此贍部洲有四衰損出現於世。	此贍部洲有四衰損出現於世。	four kinds of decline appear in this Jambudvīpa world.
['T27n1545_113:0588b02_2']	謂壽量衰損。	謂壽量衰損。	Namely, decline in lifespan,
['T27n1545_113:0588b02_7']	有情衰損。	有情衰損。	decline in sentient beings,
['T27n1545_113:0588b02_12']	資具衰損。	資具衰損。	decline in resources,
['T27n1545_113:0588b02_17']	善品衰損。	善品衰損。	and decline in wholesome qualities.
['T27n1545_113:0588b03_3']	壽量衰損者。	壽量衰損者。	As for the decline in lifespan,
['T27n1545_113:0588b03_8']	謂劫初時。	謂劫初時。	at the beginning of the eon,
['T27n1545_113:0588b03_18']	此贍部洲人壽無量歲。	此贍部洲人壽無量歲。	the lifespan of people in this Jambudvīpa is immeasurable years.
['T27n1545_113:0588b04_7']	至劫末時人壽十歲。	至劫末時人壽十歲。	By the end of the eon, the lifespan is ten years.
['T27n1545_113:0588b04_13']	有情衰損者。	有情衰損者。	As for the decline in sentient beings,
['T27n1545_113:0588b04_18']	謂劫初時。	謂劫初時。	at the beginning of the eon,
['T27n1545_113:0588b05_7']	此贍部洲廣博嚴淨。	此贍部洲廣博嚴淨。	This Jambudvīpa is vast and well-adorned.
['T27n1545_113:0588b05_16']	多諸淳善福德有情。	多諸淳善福德有情。	It has many pure and virtuous beings with merit.
['T27n1545_113:0588b06_6']	城邑次比人民充滿。	城邑次比人民充滿。	The cities and towns are close together and the people are filled with them.
['T27n1545_113:0588b06_15']	至劫末時唯餘萬人。	至劫末時唯餘萬人。	By the end of the eon, only ten thousand people remain.
['T27n1545_113:0588b07_3']	資具衰損者。	資具衰損者。	As for the decline of resources,
['T27n1545_113:0588b07_8']	謂劫初時。	謂劫初時。	it refers to the beginning of the eon.
['T27n1545_113:0588b07_17']	此贍部洲安隱豐樂。	此贍部洲安隱豐樂。	At that time, this Jambudvīpa was peaceful, prosperous, and happy.
['T27n1545_113:0588b08_7']	種種地味帝竹稻米。	種種地味帝竹稻米。	Various kinds of earth essence, bamboo, and rice
['T27n1545_113:0588b08_12']	為上妙食。	為上妙食。	were the most wonderful food.
['T27n1545_113:0588b09_11']	至劫末時人民飢饉唯稊稗等為上妙食。	至劫末時人民飢饉唯稊稗等為上妙食。	By the end of the eon, when the people were starving, only weeds and millet were considered the most wonderful food.
['T27n1545_113:0588b09_17']	善品衰損者。	善品衰損者。	As for the decline of wholesome qualities,
['T27n1545_113:0588b10_4']	謂劫初時。	謂劫初時。	it refers to the beginning of the eon.
['T27n1545_113:0588b10_17']	此贍部洲十善業道增上圓滿。	此贍部洲十善業道增上圓滿。	At that time, in this Jambudvīpa, the ten wholesome courses of action were greatly and perfectly fulfilled.
['T27n1545_113:0588b11_11']	於劫減時十惡業道增上圓滿。	於劫減時十惡業道增上圓滿。	By the time of the eon's decrease, the ten unwholesome courses of action were greatly and perfectly fulfilled.
['T27n1545_113:0588b12_6']	云何由此令諸外物有時增耶。	云何由此令諸外物有時增耶。	How does this cause external things to sometimes increase?
['T27n1545_113:0588b12_17']	謂若離斷生命業道增時。	謂若離斷生命業道增時。	If the course of action of abstaining from taking life increases,
['T27n1545_113:0588b13_12']	一切外物悉多光澤長時堅住。	一切外物悉多光澤長時堅住。	all external things will be mostly lustrous, long-lasting, and firm.
['T27n1545_113:0588b14_3']	離不與取業道增時。	離不與取業道增時。	If the course of action of abstaining from taking what is not given increases,
['T27n1545_113:0588b14_12']	一切外物不為災患。	一切外物不為災患。	all external things will not be subject to calamities.
['T27n1545_113:0588b15_3']	霜雹等障之所侵損。	霜雹等障之所侵損。	frost, hail, and other obstacles will not harm them.
['T27n1545_113:0588b15_12']	離欲邪行業道增時。	離欲邪行業道增時。	When the time of increasing the path of action of abstaining from sexual misconduct is reached,
['T27n1545_113:0588b16_3']	一切外物無諸怨競。	一切外物無諸怨競。	all external things will be free from any disputes and conflicts.
['T27n1545_113:0588b16_12']	離虛誑語業道增時。	離虛誑語業道增時。	When the time of increasing the path of action of abstaining from false speech is reached,
['T27n1545_113:0588b17_3']	一切外物皆多香潔。	一切外物皆多香潔。	all external things will be fragrant and pure.
['T27n1545_113:0588b17_12']	離離間語業道增時。	離離間語業道增時。	When the time of increasing the path of action of abstaining from divisive speech is reached,
['T27n1545_113:0588b18_3']	一切外物嚴好易求。	一切外物嚴好易求。	all external things will be well-arranged and easy to obtain.
['T27n1545_113:0588b18_12']	地平如掌廣博嚴淨。	地平如掌廣博嚴淨。	The ground will be flat like the palm of the hand, vast, and well-adorned.
['T27n1545_113:0588b19_3']	離麁惡語業道增時。	離麁惡語業道增時。	When the time of increasing the path of action of abstaining from harsh speech is reached,
['T27n1545_113:0588b19_12']	一切外物微妙豐饒。	一切外物微妙豐饒。	all external things will be subtle, abundant,
['T27n1545_113:0588b20_2']	無有嶮澁毒刺沙礫。	無有嶮澁毒刺沙礫。	without any dangers, thorns, sand, or gravel.
['T27n1545_113:0588b20_15']	金銀等寶調柔光淨多所堪任。	金銀等寶調柔光淨多所堪任。	Gold, silver, and other treasures will be malleable, lustrous, and pure, and will be useful for many purposes.
['T27n1545_113:0588b21_6']	離雜穢語業道增時。	離雜穢語業道增時。	When the time of increasing the path of action of abstaining from frivolous speech is reached,
['T27n1545_113:0588b22_1']	一切外物時無乖變堅固成實。	一切外物時無乖變堅固成實。	all external things will be timely, without any discrepancies, and will be solid and fruitful.
['T27n1545_113:0588b22_8']	無貪業道增時。	無貪業道增時。	When the time of increasing the path of action of non-greed is reached,
['T27n1545_113:0588b22_17']	外物充足圓滿增盛。	外物充足圓滿增盛。	external things will be abundant, perfect, and flourishing.
['T27n1545_113:0588b23_5']	無瞋業道增時。	無瞋業道增時。	When the time of increasing the path of action of non-hatred is reached,
['T27n1545_113:0588b23_14']	外物光澤果實甘美。	外物光澤果實甘美。	external things will have a lustrous luster and their fruits will be sweet.
['T27n1545_113:0588b24_2']	正見業道增時。	正見業道增時。	When the time of increasing the path of action of right view is reached,
['T27n1545_113:0588b24_11']	外物豐饒花果繁實。	外物豐饒花果繁實。	The external objects are abundant with flowers and fruits.
['T27n1545_113:0588b25_2']	是名由此令外物增。	是名由此令外物增。	This is called by this, causing the external objects to increase.
['T27n1545_113:0588b25_11']	云何復知由此業故。	云何復知由此業故。	How do we know that by this karma,
['T27n1545_113:0588b26_2']	令壽量等內物增耶。	令壽量等內物增耶。	the internal objects such as lifespan are caused to increase?
['T27n1545_113:0588b26_13']	謂若十善業道具增長時。	謂若十善業道具增長時。	It is said that when the ten wholesome actions are fully developed,
['T27n1545_113:0588b27_7']	此贍部洲有四增盛出現於世。	此贍部洲有四增盛出現於世。	four kinds of prosperity appear in this Jambudvīpa.
['T27n1545_113:0588b27_13']	謂壽量增盛。	謂壽量增盛。	Namely, the prosperity of lifespan,
['T27n1545_113:0588b27_18']	有情增盛。	有情增盛。	the prosperity of sentient beings,
['T27n1545_113:0588b28_4']	資具增盛。	資具增盛。	the prosperity of resources,
['T27n1545_113:0588b28_9']	善品增盛。	善品增盛。	and the prosperity of wholesome qualities.
['T27n1545_113:0588b28_15']	壽量增盛者。	壽量增盛者。	The prosperity of lifespan means
['T27n1545_113:0588b29_1']	謂劫末時。	謂劫末時。	at the end of the eon,
['T27n1545_113:0588b29_10']	此贍部洲人壽十歲。	此贍部洲人壽十歲。	the lifespan of humans in this Jambudvīpa is ten years.
['T27n1545_113:0588c01_1']	至劫增時壽八萬歲。	至劫增時壽八萬歲。	When the eon increases, the lifespan is eighty thousand years.
['T27n1545_113:0588c01_7']	有情增盛者。	有情增盛者。	The prosperity of sentient beings means
['T27n1545_113:0588c01_12']	謂劫末時。	謂劫末時。	at the end of the eon,
['T27n1545_113:0588c02_2']	此贍部洲唯餘萬人。	此贍部洲唯餘萬人。	only ten thousand people remain in this Jambudvīpa.
['T27n1545_113:0588c02_11']	至劫增時廣博嚴淨。	至劫增時廣博嚴淨。	When the eon increases, it is vast, pure, and adorned,
['T27n1545_113:0588c03_2']	多諸淳善福德有情。	多諸淳善福德有情。	with many pure and virtuous sentient beings.
['T27n1545_113:0588c03_11']	城邑次比人民充滿。	城邑次比人民充滿。	The cities and towns are close together, and the people are filled with them.
['T27n1545_113:0588c03_17']	資具增盛者。	資具增盛者。	The prosperity of resources means
['T27n1545_113:0588c04_2']	謂劫末時。	謂劫末時。	at the end of the eon,
['T27n1545_113:0588c04_7']	此贍部洲。	此贍部洲。	in this Jambudvīpa,
['T27n1545_113:0588c04_12']	人民飢饉。	人民飢饉。	The people will suffer from famine.
['T27n1545_113:0588c05_2']	以稊稗等為上妙食。	以稊稗等為上妙食。	They will consider weeds and millet to be the best food.
['T27n1545_113:0588c05_11']	至劫增時安隱豐樂。	至劫增時安隱豐樂。	When the eon increases, it will be peaceful and prosperous.
['T27n1545_113:0588c06_2']	種種地味帝竹稻米。	種種地味帝竹稻米。	Various kinds of earth essence, bamboo shoots, and rice
['T27n1545_113:0588c06_7']	為上妙食。	為上妙食。	will be considered the best food.
['T27n1545_113:0588c06_13']	善品增盛者。	善品增盛者。	As for the flourishing of wholesome factors,
['T27n1545_113:0588c06_18']	謂劫末時。	謂劫末時。	it refers to the end of the eon.
['T27n1545_113:0588c07_7']	世間十惡業道增盛。	世間十惡業道增盛。	In the world, the ten evil karmic paths flourish.
['T27n1545_113:0588c07_12']	至劫增時。	至劫增時。	When the eon increases,
['T27n1545_113:0588c08_2']	世間十善業道增盛。	世間十善業道增盛。	in the world, the ten wholesome karmic paths flourish.
['T27n1545_113:0588c08_7']	復有說者。	復有說者。	There is also a saying:
['T27n1545_113:0588c08_16', 'T27n1545_113:0588c09_2']	由三果故立十業道。🔽一異熟果。	由三果故立十業道。 一異熟果。	The ten karmic paths are established due to three fruits.🔽First, the fruit of retribution;
['T27n1545_113:0588c09_7']	二等流果。	二等流果。	second, the fruit of the same outflow;
['T27n1545_113:0588c09_12']	三增上果。	三增上果。	third, the fruit of the dominant condition.
['T27n1545_113:0588c09_17']	謂斷生命。	謂斷生命。	It is said that if one cuts off life,
['T27n1545_113:0588c10_5']	若習若修若多修習。	若習若修若多修習。	if one practices, cultivates, and cultivates much,
['T27n1545_113:0588c10_14']	生那落迦傍生鬼趣。	生那落迦傍生鬼趣。	one will be born in the hells, among animals, and among hungry ghosts.
['T27n1545_113:0588c10_19']	是異熟果。	是異熟果。	This is the fruit of retribution.
['T27n1545_113:0588c11_8']	從彼處沒來生人中。	從彼處沒來生人中。	From there, one will come to be reborn among humans.
['T27n1545_113:0588c11_13']	多病短命。	多病短命。	One will have many illnesses and a short life.
['T27n1545_113:0588c11_18']	是等流果。	是等流果。	This is the fruit of the same outflow.
['T27n1545_113:0588c12_12']	彼增上故所感外物皆少光澤。	彼增上故所感外物皆少光澤。	Due to their dominant condition, the external objects they attract all have little luster,
['T27n1545_113:0588c12_17']	不久堅住。	不久堅住。	do not last long, and are not firm.
['T27n1545_113:0588c13_3']	是增上果。	是增上果。	This is the fruit of the dominant condition.
['T27n1545_113:0588c13_8']	諸不與取。	諸不與取。	All forms of stealing,
['T27n1545_113:0588c13_17']	若習若修若多修習。	若習若修若多修習。	if practiced, cultivated, and repeatedly done,
['T27n1545_113:0588c14_6']	生那落迦傍生鬼趣。	生那落迦傍生鬼趣。	will lead to rebirth in the hells, as an animal, or as a hungry ghost.
['T27n1545_113:0588c14_11']	是異熟果。	是異熟果。	This is the ripening result.
['T27n1545_113:0588c15_2']	從彼處沒來生人中。	從彼處沒來生人中。	Having passed away from there, one is reborn among humans,
['T27n1545_113:0588c15_11']	財寶匱乏是等流果。	財寶匱乏是等流果。	and lacks wealth and possessions. This is the result that corresponds to the cause.
['T27n1545_113:0588c16_5']	彼增上故所感外物有災有患。	彼增上故所感外物有災有患。	Due to its predominance, the external objects that one experiences are subject to calamities and misfortunes.
['T27n1545_113:0588c16_14']	多遭霜雹塵穢等障。	多遭霜雹塵穢等障。	One often encounters frost, hail, dust, and other obstructions.
['T27n1545_113:0588c17_1']	是增上果。	是增上果。	This is the dominant result.
['T27n1545_113:0588c17_6']	諸欲邪行。	諸欲邪行。	All forms of sexual misconduct,
['T27n1545_113:0588c17_15']	若習若修若多修習。	若習若修若多修習。	if practiced, cultivated, and repeatedly done,
['T27n1545_113:0588c18_4']	生那落迦傍生鬼趣。	生那落迦傍生鬼趣。	will lead to rebirth in the hells, as an animal, or as a hungry ghost.
['T27n1545_113:0588c18_9']	是異熟果。	是異熟果。	This is the ripening result.
['T27n1545_113:0588c18_18']	從彼處沒來生人中。	從彼處沒來生人中。	Having passed away from there, one is reborn among humans,
['T27n1545_113:0588c19_4']	妻不貞良。	妻不貞良。	and one's spouse is unfaithful.
['T27n1545_113:0588c19_9']	是等流果。	是等流果。	This is the result that corresponds to the cause.
['T27n1545_113:0588c20_4']	彼增上故所感外物多有怨競。	彼增上故所感外物多有怨競。	Due to its predominance, the external objects that one experiences are subject to much enmity and contention.
['T27n1545_113:0588c20_9']	是增上果。	是增上果。	This is the dominant result.
['T27n1545_113:0588c20_14']	諸虛誑語。	諸虛誑語。	All forms of false speech,
['T27n1545_113:0588c21_4']	若習若修若多修習。	若習若修若多修習。	if practiced, cultivated, and repeatedly done,
['T27n1545_113:0588c21_13']	生那落迦傍生鬼趣。	生那落迦傍生鬼趣。	will lead to rebirth in the hells, as an animal, or as a hungry ghost.
['T27n1545_113:0588c21_18']	是異熟果。	是異熟果。	This is the ripening result.
['T27n1545_113:0588c22_11']	從彼處沒來生人中多遭誹謗。	從彼處沒來生人中多遭誹謗。	Having fallen from that realm, they are reborn among humans and are often slandered.
['T27n1545_113:0588c22_16']	是等流果。	是等流果。	This is the outflow effect.
['T27n1545_113:0588c23_11']	彼增上故所感外物多諸臭穢。	彼增上故所感外物多諸臭穢。	Because of their dominance, the external objects they experience are mostly foul-smelling and filthy.
['T27n1545_113:0588c23_16']	是增上果。	是增上果。	This is the dominant effect.
['T27n1545_113:0588c24_2']	諸離間語。	諸離間語。	All divisive speech,
['T27n1545_113:0588c24_11']	若習若修若多修習。	若習若修若多修習。	if practiced, cultivated, and frequently performed,
['T27n1545_113:0588c25_1']	生那落迦傍生鬼趣。	生那落迦傍生鬼趣。	leads to rebirth in the hells, as an animal, or as a hungry ghost.
['T27n1545_113:0588c25_6']	是異熟果。	是異熟果。	This is the karmic ripening effect.
['T27n1545_113:0588c25_15']	從彼處沒來生人中。	從彼處沒來生人中。	Having fallen from that realm, they are reborn among humans.
['T27n1545_113:0588c26_5']	親友乖離是等流果。	親友乖離是等流果。	The separation from friends is the outflow effect.
['T27n1545_113:0588c26_18']	彼增上故所感外物多不平正。	彼增上故所感外物多不平正。	Because of their dominance, the external objects they experience are mostly uneven,
['T27n1545_113:0588c27_8']	丘陵坑坎嶮阻懸隔。	丘陵坑坎嶮阻懸隔。	with hills, pits, obstacles, and precipices.
['T27n1545_113:0588c27_13']	是增上果。	是增上果。	This is the dominant effect.
['T27n1545_113:0588c27_18']	諸麁惡語。	諸麁惡語。	All harsh speech,
['T27n1545_113:0588c28_7']	若習若修若多修習。	若習若修若多修習。	if practiced, cultivated, and frequently performed,
['T27n1545_113:0588c28_16']	生那落迦傍生鬼趣。	生那落迦傍生鬼趣。	leads to rebirth in the hells, as an animal, or as a hungry ghost.
['T27n1545_113:0588c29_2']	是異熟果。	是異熟果。	This is the karmic ripening effect.
['T27n1545_113:0588c29_11']	從彼處沒來生人中。	從彼處沒來生人中。	Having fallen from that realm, they are reborn among humans.
['T27n1545_113:0589a01_2']	恒聞種種不如意聲。	恒聞種種不如意聲。	They constantly hear all kinds of unpleasant sounds.
['T27n1545_113:0589a01_7']	是等流果。	是等流果。	This is the outflow effect.
['T27n1545_113:0589a02_5']	彼增上故所感外物麁弊鄙惡毒刺沙礫。	彼增上故所感外物麁弊鄙惡毒刺沙礫。	Because of their dominance, the external objects they experience are coarse, inferior, and evil, with poisonous thorns, sand, and gravel.
['T27n1545_113:0589a03_1']	雖有金等少而無光不調難用。	雖有金等少而無光不調難用。	Although there is gold and so forth, it is small and lacks radiance, difficult to use.
['T27n1545_113:0589a03_6']	是增上果。	是增上果。	This is the dominant fruit.
['T27n1545_113:0589a03_11']	諸雜穢語。	諸雜穢語。	All kinds of frivolous speech,
['T27n1545_113:0589a04_9']	若習若修若多修習生那落迦傍生鬼趣。	若習若修若多修習生那落迦傍生鬼趣。	if cultivated, practiced, or cultivated much, give rise to the hells, animals, and hungry ghosts.
['T27n1545_113:0589a04_14']	是異熟果。	是異熟果。	This is the retribution fruit.
['T27n1545_113:0589a05_5']	從彼處沒來生人中。	從彼處沒來生人中。	From that place, one comes to be reborn among humans.
['T27n1545_113:0589a05_10']	言不威肅。	言不威肅。	Words are not majestic.
['T27n1545_113:0589a05_15']	是等流果。	是等流果。	This is the outflow fruit.
['T27n1545_113:0589a06_9']	彼增上故所感外物時候乖變。	彼增上故所感外物時候乖變。	Because of its dominance, the external objects it attracts are out of season and change,
['T27n1545_113:0589a06_18']	速疾磨滅多不成實。	速疾磨滅多不成實。	quickly worn out and mostly unfruitful.
['T27n1545_113:0589a07_4']	是增上果。	是增上果。	This is the dominant fruit.
['T27n1545_113:0589a07_9']	諸有貪欲。	諸有貪欲。	All those with lust,
['T27n1545_113:0589a07_18']	若習若修若多修習。	若習若修若多修習。	if cultivated, practiced, or cultivated much,
['T27n1545_113:0589a08_7']	生那落迦傍生鬼趣。	生那落迦傍生鬼趣。	give rise to the hells, animals, and hungry ghosts.
['T27n1545_113:0589a08_12']	是異熟果。	是異熟果。	This is the retribution fruit.
['T27n1545_113:0589a09_3']	從彼處沒來生人中。	從彼處沒來生人中。	From that place, one comes to be reborn among humans.
['T27n1545_113:0589a09_8']	貪欲猛利。	貪欲猛利。	Lust is intense.
['T27n1545_113:0589a09_13']	是等流果。	是等流果。	This is the outflow fruit.
['T27n1545_113:0589a10_10']	彼增上故所感外物多分損減微細尠少。	彼增上故所感外物多分損減微細尠少。	Because of its dominance, the external objects it attracts are mostly diminished, subtle, and few.
['T27n1545_113:0589a10_15']	是增上果。	是增上果。	This is the dominant fruit.
['T27n1545_113:0589a11_1']	諸有瞋恚。	諸有瞋恚。	All those with hatred,
['T27n1545_113:0589a11_10']	若習若修若多修習。	若習若修若多修習。	if cultivated, practiced, or cultivated much,
['T27n1545_113:0589a12_1']	生那落迦傍生鬼趣。	生那落迦傍生鬼趣。	One is born in the hells, as an animal, or as a hungry ghost.
['T27n1545_113:0589a12_6']	是異熟果。	是異熟果。	This is the karmic ripening result.
['T27n1545_113:0589a12_15']	從彼處沒來生人中。	從彼處沒來生人中。	Falling from there and being reborn in the human realm,
['T27n1545_113:0589a13_1']	瞋恚猛利。	瞋恚猛利。	one's anger is intense.
['T27n1545_113:0589a13_6']	是等流果。	是等流果。	This is the result that resembles the cause.
['T27n1545_113:0589a14_4']	彼增上故所感外物多分枯悴果實苦澁。	彼增上故所感外物多分枯悴果實苦澁。	Due to its predominance, the external objects that one experiences are mostly withered, with bitter fruits.
['T27n1545_113:0589a14_9']	是增上果。	是增上果。	This is the predominant result.
['T27n1545_113:0589a14_14']	諸有邪見。	諸有邪見。	Those with wrong views,
['T27n1545_113:0589a15_4']	若習若修若多修習。	若習若修若多修習。	if they practice, cultivate, and frequently practice them,
['T27n1545_113:0589a15_13']	生那落迦傍生鬼趣。	生那落迦傍生鬼趣。	are born in the hells, as animals, or as hungry ghosts.
['T27n1545_113:0589a15_18']	是異熟果。	是異熟果。	This is the karmic ripening result.
['T27n1545_113:0589a16_7']	從彼處沒來生人中。	從彼處沒來生人中。	Falling from there and being reborn in the human realm,
['T27n1545_113:0589a16_12']	愚癡猛利。	愚癡猛利。	one's stupidity is intense.
['T27n1545_113:0589a16_17']	是等流果。	是等流果。	This is the result that resembles the cause.
['T27n1545_113:0589a18_2']	彼增上故所感外物多分零落乏少花果或全無果。	彼增上故所感外物多分零落乏少花果或全無果。	Due to its predominance, the external objects that one experiences are mostly ruined, lacking flowers and fruits, or completely without fruits.
['T27n1545_113:0589a18_7']	是增上果。	是增上果。	This is the predominant result.
['T27n1545_113:0589a18_12']	離斷生命。	離斷生命。	Abstaining from taking life,
['T27n1545_113:0589a19_2']	若習若修若多修習。	若習若修若多修習。	if one practices, cultivates, and frequently practices it,
['T27n1545_113:0589a19_7']	生人天趣。	生人天趣。	one is born in the realms of humans and gods.
['T27n1545_113:0589a19_12']	是異熟果。	是異熟果。	This is the karmic ripening result.
['T27n1545_113:0589a20_6']	從彼處沒來生此間無病長壽。	從彼處沒來生此間無病長壽。	Falling from there and being reborn here, one is free from illness and has a long life.
['T27n1545_113:0589a20_11']	是等流果。	是等流果。	This is the result that resembles the cause.
['T27n1545_113:0589a21_9']	彼增上故所感外物皆多光澤長時堅住。	彼增上故所感外物皆多光澤長時堅住。	Because of their predominance, the external objects they attract all have abundant light, luster, and long-lasting solidity.
['T27n1545_113:0589a21_14', 'T27n1545_113:0589a22_8']	是增上果。🔽由此道理其餘白品九善業道。	是增上果。 由此道理其餘白品九善業道。	This is the dominant effect.
['T27n1545_113:0589a22_17']	與上相違皆應廣說。	與上相違皆應廣說。	By this principle, the remaining nine good courses of action in the bright category should all be explained in contrast to this.
['T27n1545_113:0589a23_7']	故由三果立十業道。	故由三果立十業道。	Therefore, the ten courses of action are established based on three effects.
['T27n1545_113:0589a24_9']	問何故不說思為業道。	問何故不說思為業道。	Why is it that volition is not said to be a course of action?
['T27n1545_113:0589a24_15']	答思即是業。	答思即是業。	The answer is: Volition is precisely action.
['T27n1545_113:0589a25_6']	思所行故名為業道。	思所行故名為業道。	Because it is what volition performs, it is called a course of action.
['T27n1545_113:0589a25_15']	當知業道非即是思。	當知業道非即是思。	One should know that a course of action is not precisely volition.
['T27n1545_113:0589a26_2']	是故不說。	是故不說。	Therefore, it is not said.
['T27n1545_113:0589a26_11']	如王所行說名王路。	如王所行說名王路。	It is like saying the road the king travels on is the king's road,
['T27n1545_113:0589a26_17']	而王路非王。	而王路非王。	but the king's road is not the king.
['T27n1545_113:0589a27_3']	此亦如是。	此亦如是。	This is also like that.
['T27n1545_113:0589a27_12']	思所行故說名業道。	思所行故說名業道。	Because it is what volition performs, it is called a course of action,
['T27n1545_113:0589a27_18']	而業道非思。	而業道非思。	but a course of action is not volition.
['T27n1545_113:0589a28_8']	王座等喻亦復如是。	王座等喻亦復如是。	The analogy of the king's seat and so forth is also like this.
['T27n1545_113:0589a28_13']	復有說者。	復有說者。	There is also an explanation:
['T27n1545_113:0589a29_8']	若法與思譬如三事和合而生。	若法與思譬如三事和合而生。	If a dharma arises in combination with volition, like the three things,
['T27n1545_113:0589a29_17']	有作用轉立為業道。	有作用轉立為業道。	it has functioning and transformation and is established as a course of action.
['T27n1545_113:0589b01_12']	思不與思譬如三事和合而生。	思不與思譬如三事和合而生。	Volition does not arise in combination with volition, like the three things,
['T27n1545_113:0589b02_4']	有作用轉故非業道。	有作用轉故非業道。	Because they function with activity, they are not karmic paths.
['T27n1545_113:0589b02_9']	復有說者。	復有說者。	There is another explanation.
['T27n1545_113:0589b02_18']	若法與思俱時而生。	若法與思俱時而生。	If a dharma arises simultaneously with volition,
['T27n1545_113:0589b03_8']	有作用轉立為業道。	有作用轉立為業道。	it is established as a karmic path because it functions with activity.
['T27n1545_113:0589b03_17']	思不與思俱時而生。	思不與思俱時而生。	Volition does not arise simultaneously with volition,
['T27n1545_113:0589b04_8']	有作用轉不立業道。	有作用轉不立業道。	so it does not function with activity and is not established as a karmic path.
['T27n1545_113:0589b04_13']	復有說者。	復有說者。	There is another explanation.
['T27n1545_113:0589b05_4']	若法與思同在現在。	若法與思同在現在。	If a dharma exists in the present together with volition,
['T27n1545_113:0589b05_13']	與思為路立為業道。	與思為路立為業道。	it is established as a karmic path because it is the path for volition.
['T27n1545_113:0589b06_4']	思不與思同在現在。	思不與思同在現在。	Volition does not exist in the present together with volition,
['T27n1545_113:0589b06_13']	與思為路不立業道。	與思為路不立業道。	so it is not the path for volition and is not established as a karmic path.
['T27n1545_113:0589b07_3']	問若遣他斷生命。	問若遣他斷生命。	Question: If one sends someone else to kill,
['T27n1545_113:0589b07_10']	乃至作雜穢語。	乃至作雜穢語。	up to and including engaging in frivolous speech,
['T27n1545_113:0589b07_17']	彼使或經多日。	彼使或經多日。	and that messenger acts after many days,
['T27n1545_113:0589b08_9']	乃作時遣他者思滅已久。	乃作時遣他者思滅已久。	then the volition of the one who sent the other has long since ceased.
['T27n1545_113:0589b09_5']	云何得名與思同在現在為路。	云何得名與思同在現在為路。	How can it be said that it exists in the present together with volition as the path,
['T27n1545_113:0589b09_14']	令思究竟立業道耶。	令思究竟立業道耶。	causing volition to reach completion and establish a karmic path?
['T27n1545_113:0589b10_7']	答就可得義建立業道。	答就可得義建立業道。	Answer: The karmic path is established based on what is possible.
['T27n1545_113:0589b11_7']	謂若餘法可得與思同時為路故立業道。	謂若餘法可得與思同時為路故立業道。	That is to say, if other dharmas are possible to exist simultaneously with volition as the path, then they are established as karmic paths.
['T27n1545_113:0589b12_3']	非一剎那二思可得現在為路。	非一剎那二思可得現在為路。	Two thoughts cannot be obtained in the present as the path.
['T27n1545_113:0589b12_12']	是故不立思為業道。	是故不立思為業道。	Therefore, thought is not established as the path of action.
['T27n1545_113:0589b13_4']	問思亦與思同在現在。	問思亦與思同在現在。	Question: Thought also exists in the present together with thought.
['T27n1545_113:0589b13_10']	謂他相續思。	謂他相續思。	That is to say, the thought of another continuum.
['T27n1545_113:0589b13_15']	何故不說。	何故不說。	Why is it not mentioned?
['T27n1545_113:0589b14_10']	答依自相續建立業道不依他立。	答依自相續建立業道不依他立。	Answer: The path of action is established based on one's own continuum, not based on others.
['T27n1545_113:0589b15_9']	已說三業十業道自性。	已說三業十業道自性。	The nature of the three actions and ten paths of action has been explained.
['T27n1545_113:0589b16_1']	今當顯示雜無雜相。	今當顯示雜無雜相。	Now, the mixed and unmixed characteristics should be revealed.
['T27n1545_113:0589b16_7', 'T27n1545_113:0589b16_12']	三業十業道。🔽為三攝十。	三業十業道。 為三攝十。	The three actions and ten paths of action,🔽are the three included in the ten?
['T27n1545_113:0589b16_17']	十攝三耶。	十攝三耶。	Are the ten included in the three?
['T27n1545_113:0589b17_4']	答應作四句。	答應作四句。	Answer: Four sentences should be made.
['T27n1545_113:0589b17_10']	有業非業道。	有業非業道。	There is action that is not a path of action.
['T27n1545_113:0589b18_7']	謂業道所不攝身語業及意業全。	謂業道所不攝身語業及意業全。	That is to say, bodily and verbal actions not included in the paths of action, and all mental actions.
['T27n1545_113:0589b18_13']	有業道非業。	有業道非業。	There is a path of action that is not action.
['T27n1545_113:0589b19_1']	謂後三業道。	謂後三業道。	That is to say, the last three paths of action.
['T27n1545_113:0589b19_7']	有業亦業道。	有業亦業道。	There is action that is also a path of action.
['T27n1545_113:0589b19_13']	謂前七業道。	謂前七業道。	That is to say, the first seven paths of action.
['T27n1545_113:0589b20_1']	有非業非業道。	有非業非業道。	There is that which is neither action nor a path of action.
['T27n1545_113:0589b20_6']	謂除前相。	謂除前相。	That is to say, excluding the above characteristics.
['T27n1545_113:0589b20_11']	相謂所名。	相謂所名。	Characteristics refer to what is named.
['T27n1545_113:0589b20_16']	如前廣說。	如前廣說。	As explained in detail above.
['T27n1545_113:0589b21_7']	謂色蘊中除業取餘色蘊。	謂色蘊中除業取餘色蘊。	That is to say, in the aggregate of form, excluding action, the remaining aggregate of form is taken.
['T27n1545_113:0589b22_12']	行蘊中除不善貪瞋邪見及無貪無瞋正見并一切思。	行蘊中除不善貪瞋邪見及無貪無瞋正見并一切思。	In the aggregate of volition, excluding unwholesome greed, anger, wrong views, non-greed, non-anger, right views, and all volition.
['T27n1545_113:0589b23_4']	取餘相應不相應行蘊。	取餘相應不相應行蘊。	Take the remaining associated and non-associated aggregates.
['T27n1545_113:0589b23_13']	及三蘊全并無為法。	及三蘊全并無為法。	And the entire three aggregates, as well as unconditioned dharmas.
['T27n1545_113:0589b24_9']	如是一切作第四句故言謂除前相。	如是一切作第四句故言謂除前相。	In this way, all are the fourth sentence. Therefore it is said: Except for the above characteristics.
['T27n1545_113:0589b25_7']	問十業道中何故前七建立業及業道。	問十業道中何故前七建立業及業道。	Question: Why are the first seven of the ten paths of action established as both action and paths of action?
['T27n1545_113:0589b25_16']	後三唯業道非業耶。	後三唯業道非業耶。	Why are the last three only paths of action and not action?
['T27n1545_113:0589b26_5']	答如施設論說。	答如施設論說。	Answer: As the Abhidharma states.
['T27n1545_113:0589b26_15', 'T27n1545_113:0589b27_5']	諸斷生命是業是作用。🔽與能發起斷生命思。	諸斷生命是業是作用。 與能發起斷生命思。	All killing of living beings is action and function.
['T27n1545_113:0589b27_14']	為因為道為跡為路。	為因為道為跡為路。	It serves as the cause, path, trace, and road for the volition that gives rise to killing.
['T27n1545_113:0589b28_10', 'T27n1545_113:0589b29_1']	廣說乃至諸雜穢語是業是作用。🔽與能發起雜穢語思。	廣說乃至諸雜穢語是業是作用。 與能發起雜穢語思。	Extensively speaking, up to all frivolous speech is action and function.
['T27n1545_113:0589b29_10']	為因為道為跡為路。	為因為道為跡為路。	It serves as the cause, path, trace, and road for the volition that gives rise to frivolous speech.
['T27n1545_113:0589c01_1']	所有不善貪恚邪見。	所有不善貪恚邪見。	All unwholesome greed, anger, and wrong views.
['T27n1545_113:0589c01_7', 'T27n1545_113:0589c01_16']	非業非作用。🔽唯與即彼俱生品思。	非業非作用。 唯與即彼俱生品思。	Are neither action nor function.
['T27n1545_113:0589c02_7']	為因為道為跡為路。	為因為道為跡為路。	Only serving as the cause, path, trace, and road for the volition that arises together with them.
['T27n1545_113:0589c02_17', 'T27n1545_113:0589c03_9']	離斷生命是業是作用。🔽與能發起離斷生命思。	離斷生命是業是作用。 與能發起離斷生命思。	Abstaining from killing is action and also function.
['T27n1545_113:0589c04_1']	為因為道為跡為路。	為因為道為跡為路。	It is the cause, path, trace, and road that give rise to the volition of abstaining from killing.
['T27n1545_113:0589c04_15', 'T27n1545_113:0589c05_7']	廣說乃至離雜穢語是業是作用。🔽與能發起離雜穢語思。	廣說乃至離雜穢語是業是作用。 與能發起離雜穢語思。	Extending to abstaining from frivolous speech, which is action and also function.
['T27n1545_113:0589c05_16']	為因為道為跡為路。	為因為道為跡為路。	It is the cause, path, trace, and road that give rise to the volition of abstaining from frivolous speech.
['T27n1545_113:0589c06_7']	所有無貪無瞋正見。	所有無貪無瞋正見。	The non-greed, non-hatred, and right view
['T27n1545_113:0589c06_13', 'T27n1545_113:0589c07_4']	非業非作用。🔽唯與即彼俱生品思。	非業非作用。 唯與即彼俱生品思。	are neither action nor function.
['T27n1545_113:0589c07_13']	為因為道為跡為路。	為因為道為跡為路。	They are only the cause, path, trace, and road for the volition that arises together with them.
['T27n1545_113:0589c08_4']	由此證知彼義應爾。	由此證知彼義應爾。	By this, one should understand that the meaning is so.🔽Here is the corrected and aligned text:
['T27n1545_113:0589c10_100']	說一切有部發智大毘婆沙論卷第一百一十三	說一切有部發智大毘婆沙論卷第一百一十三	Sarvâstivāda Abhidharma-mahāvibhāṣā-śāstra, fascicle 113
