segmentnr	original	analyzed	translated
['T27n1545_119:0618a06_0']	阿毘達磨大毘婆沙論卷第一百	阿毘達磨大毘婆沙論卷第一百	Abhidharma-mahāvibhāṣā-śāstra, fascicle 100
['T27n1545_119:0618a07_0']	一十九	一十九	nineteen
['T27n1545_119:0618a09_0']	五百大阿羅漢等造	五百大阿羅漢等造	Composed by 500 great arhats and others
['T27n1545_119:0618a12_16']	三藏法師玄奘奉　詔譯2業蘊第四中害生納息第三之二頗有業不善順苦受異熟未熟乃至廣說。	三藏法師玄奘奉　詔譯2業蘊第四中害生納息第三之二頗有業不善順苦受異熟未熟乃至廣說。	Tripiṭaka master Xuanzang respectfully received
['T27n1545_119:0618a13_5']	問何故作此論。	問何故作此論。	Question: Why was this treatise composed?
['T27n1545_119:0618a13_15']	答為止他義顯己義故。	答為止他義顯己義故。	Answer: In order to stop others' meanings and reveal one's own meaning.
['T27n1545_119:0618a14_3']	謂或有說。	謂或有說。	That is to say, some say:
['T27n1545_119:0618a14_8']	無有中有。	無有中有。	There is no intermediate state.
['T27n1545_119:0618a14_13']	或復有說。	或復有說。	Or some say:
['T27n1545_119:0618a15_6']	雖有中有而生惡趣者無。	雖有中有而生惡趣者無。	Although there is an intermediate state, those who are reborn in evil destinies do not have it.
['T27n1545_119:0618a15_11']	或復有說。	或復有說。	Or some say:
['T27n1545_119:0618a16_9']	生惡趣者雖有中有而生地獄者無。	生惡趣者雖有中有而生地獄者無。	Although those who are reborn in evil destinies have an intermediate state, those who are reborn in the hells do not have it.
['T27n1545_119:0618a16_14']	或復有說。	或復有說。	Or some say:
['T27n1545_119:0618a17_14']	生地獄者雖有中有而先造無間業者無。	生地獄者雖有中有而先造無間業者無。	Although those who are reborn in the hells have an intermediate state, those who have previously committed the uninterrupted [karmas] do not have it.
['T27n1545_119:0618a18_2']	或復有說。	或復有說。	Or some say:
['T27n1545_119:0618a18_9']	先造無間業者。	先造無間業者。	Those who have previously committed the uninterrupted [karmas],
['T27n1545_119:0618a19_14']	雖有中有而中有中不受無間異熟。	雖有中有而中有中不受無間異熟。	although they have an intermediate state, they do not experience the uninterrupted ripening in the intermediate state.
['T27n1545_119:0618a20_2']	或復有說。	或復有說。	Or some say:
['T27n1545_119:0618a20_13']	雖住中有亦受無間異熟。	雖住中有亦受無間異熟。	Although one experiences the uninterrupted ripening while dwelling in the intermediate state,
['T27n1545_119:0618a21_5']	而但受四蘊不受色蘊。	而但受四蘊不受色蘊。	one only experiences the four aggregates and not the form aggregate.
['T27n1545_119:0618a22_2']	欲遮此等種種僻執顯有中有。	欲遮此等種種僻執顯有中有。	In order to refute these various deviant views and to show that there is an intermediate state,
['T27n1545_119:0618a22_15']	於有色界一切生處無不皆有。	於有色界一切生處無不皆有。	in all places of rebirth in the form realm, there is no place that does not have it.
['T27n1545_119:0618a23_6']	於中亦受色蘊異熟。	於中亦受色蘊異熟。	In the intermediate state, one also experiences the ripening of the form aggregate.
['T27n1545_119:0618a23_15']	由是因緣故作斯論。	由是因緣故作斯論。	For this reason, this treatise is composed.
['T27n1545_119:0618a24_12']	頗有業不善順苦受異熟未熟。	頗有業不善順苦受異熟未熟。	Is there any unwholesome karma that does not ripen as painful feeling, but
['T27n1545_119:0618a25_3']	非不初受異熟果。	非不初受異熟果。	without first experiencing the ripening result,
['T27n1545_119:0618a25_10']	而起染污心耶。	而起染污心耶。	gives rise to a defiled mind?
['T27n1545_119:0618a25_13']	答有。	答有。	The answer is: there is.
['T27n1545_119:0618a26_3']	如造作增長無間業。	如造作增長無間業。	It is like one who commits and increases the uninterrupted karma.
['T27n1545_119:0618a26_17']	已此業最初地獄中有異熟果生。	已此業最初地獄中有異熟果生。	The first ripening result of this karma is the intermediate state of hell.
['T27n1545_119:0618a27_7']	問造作增長何差別。	問造作增長何差別。	Question: What is the difference between committing and increasing?
['T27n1545_119:0618a27_10']	有說。	有說。	Some say:
['T27n1545_119:0618a27_14']	無差別。	無差別。	there is no difference.
['T27n1545_119:0618a27_17']	有說。	有說。	Some say:
['T27n1545_119:0618a28_2']	名則差別。	名則差別。	the names are different.
['T27n1545_119:0618a28_7']	此名造作。	此名造作。	This is called committing.
['T27n1545_119:0618a28_12']	此名增長。	此名增長。	This is called increasing.
['T27n1545_119:0618a29_1']	有說義亦有差別。	有說義亦有差別。	Some say: the meaning also has a difference.
['T27n1545_119:0618a29_13']	謂或有由一惡行墮諸惡趣。	謂或有由一惡行墮諸惡趣。	It means that some fall into the evil destinies due to one evil deed,
['T27n1545_119:0618b01_1']	或有由三。	或有由三。	while some fall into the evil destinies due to three.
['T27n1545_119:0618b01_11']	若由一惡行墮惡趣者。	若由一惡行墮惡趣者。	If one falls into the evil destinies due to one evil deed,
['T27n1545_119:0618b02_6']	彼加行時但名造作不名增長。	彼加行時但名造作不名增長。	When one is in the stage of preparation, it is called creation but not increase.
['T27n1545_119:0618b03_3']	若至究竟名為造作亦名增長。	若至究竟名為造作亦名增長。	If one reaches the ultimate stage, it is called creation and also increase.
['T27n1545_119:0618b03_12']	若具由三墮惡趣者。	若具由三墮惡趣者。	If one falls into an evil destiny due to all three,
['T27n1545_119:0618b04_7']	造一二時但名造作不名增長。	造一二時但名造作不名增長。	when one creates one or two, it is called creation but not increase.
['T27n1545_119:0618b05_3']	若具造三名為造作亦名增長。	若具造三名為造作亦名增長。	If one creates all three, it is called creation and also increase.
['T27n1545_119:0618b05_13']	如三惡行三妙行亦爾。	如三惡行三妙行亦爾。	The three good actions are also like this.
['T27n1545_119:0618b06_2']	差別者生善趣。	差別者生善趣。	The difference is that one is born in a good destiny.
['T27n1545_119:0618b06_15']	復次或有由一無間墮於地獄。	復次或有由一無間墮於地獄。	Furthermore, some fall into hell due to one immediate [karma],
['T27n1545_119:0618b07_2']	或具由五。	或具由五。	or due to all five.
['T27n1545_119:0618b07_11']	若由一者彼加行位。	若由一者彼加行位。	If it is due to one, in the stage of preparation,
['T27n1545_119:0618b08_2']	但名造作不名增長。	但名造作不名增長。	it is called creation but not increase.
['T27n1545_119:0618b08_15']	若至究竟名為造作亦名增長。	若至究竟名為造作亦名增長。	If one reaches the ultimate stage, it is called creation and also increase.
['T27n1545_119:0618b09_7']	若具由五造一至四。	若具由五造一至四。	If one creates one to four due to all five,
['T27n1545_119:0618b09_16']	但名造作不名增長。	但名造作不名增長。	it is called creation but not increase.
['T27n1545_119:0618b10_11']	若具造五名為造作亦名增長。	若具造五名為造作亦名增長。	If one creates all five, it is called creation and also increase.
['T27n1545_119:0618b11_9']	復次或有由一不善業道墮諸惡趣。	復次或有由一不善業道墮諸惡趣。	Furthermore, some fall into evil destinies due to one unwholesome karmic path,
['T27n1545_119:0618b11_14']	或具由十。	或具由十。	or due to all ten.
['T27n1545_119:0618b12_5']	若由一者彼加行位。	若由一者彼加行位。	If it is by one, in the stage of preparation,
['T27n1545_119:0618b12_14']	但名造作不名增長。	但名造作不名增長。	it is only called creation and not called increase.
['T27n1545_119:0618b13_9']	若至究竟名為造作亦名增長。	若至究竟名為造作亦名增長。	If it reaches completion, it is called creation and also called increase.
['T27n1545_119:0618b14_1']	若具由十造一至九。	若具由十造一至九。	If one creates one up to nine by possessing ten,
['T27n1545_119:0618b14_10']	但名造作不名增長。	但名造作不名增長。	it is only called creation and not called increase.
['T27n1545_119:0618b15_6']	若具造十名為造作亦名增長。	若具造十名為造作亦名增長。	If one creates ten by possessing ten, it is called creation and also called increase.
['T27n1545_119:0618b15_13']	如十不善業道。	如十不善業道。	Like the ten unwholesome courses of action,
['T27n1545_119:0618b16_2']	十善業道亦爾。	十善業道亦爾。	the ten wholesome courses of action are also like this.
['T27n1545_119:0618b16_9']	差別者生善趣。	差別者生善趣。	The difference is that they lead to good destinies.
['T27n1545_119:0618b17_5']	復次或有由多妙行感一眾同分。	復次或有由多妙行感一眾同分。	Furthermore, some by many good practices attract one common destiny,
['T27n1545_119:0618b17_15']	如諸菩薩最後眾同分。	如諸菩薩最後眾同分。	like the final common destiny of the bodhisattvas.
['T27n1545_119:0618b18_6']	由三十二百福所感。	由三十二百福所感。	It is attracted by thirty-two hundred merits.
['T27n1545_119:0618b18_18']	若造一百福至三十一百福。	若造一百福至三十一百福。	If one creates one hundred merits up to three hundred merits,
['T27n1545_119:0618b19_8']	但名造作不名增長。	但名造作不名增長。	it is only called creation and not called increase.
['T27n1545_119:0618b20_1']	若時具造三十二百福。	若時具造三十二百福。	If at that time one creates thirty-two hundred merits,
['T27n1545_119:0618b20_10', 'T27n1545_119:0618b21_2']	名為造作亦名增長。🔽復次或有業故思所造。	名為造作亦名增長。 復次或有業故思所造。	it is called creation and also called increase.🔽Furthermore, some actions are created intentionally,
['T27n1545_119:0618b21_10']	或有業非故思造。	或有業非故思造。	and some actions are not created intentionally.
['T27n1545_119:0618b22_6']	若故思所造名為造作亦名增長。	若故思所造名為造作亦名增長。	If it is intentionally created, it is called creation and also called increase.
['T27n1545_119:0618b22_13']	若非故思所造。	若非故思所造。	If it is not intentionally created,
['T27n1545_119:0618b23_4', 'T27n1545_119:0618b23_9']	但名造作不名增長。🔽審思而造。	但名造作不名增長。 審思而造。	it is only called creation and not increase.🔽Intentional creation.
['T27n1545_119:0618b23_14']	率爾而造。	率爾而造。	Spontaneous creation.
['T27n1545_119:0618b23_18']	說亦爾。	說亦爾。	The explanation is the same.
['T27n1545_119:0618b24_8']	復次或有業順三時受。	復次或有業順三時受。	Furthermore, there may be karma that accords with the three times of retribution,
['T27n1545_119:0618b24_16']	或有業順不定受。	或有業順不定受。	or there may be karma that accords with indeterminate retribution.
['T27n1545_119:0618b25_11']	順三時受名為造作亦名增長。	順三時受名為造作亦名增長。	Karma that accords with the three times of retribution is called creation and also called increase.
['T27n1545_119:0618b26_7']	順不定受但名造作不名增長。	順不定受但名造作不名增長。	Karma that accords with indeterminate retribution is only called creation and not increase.
['T27n1545_119:0618b26_12']	順決定受。	順決定受。	Karma that accords with definite retribution.
['T27n1545_119:0618b26_17']	順不定受。	順不定受。	Karma that accords with indeterminate retribution.
['T27n1545_119:0618b27_2', 'T27n1545_119:0618b28_9']	說亦爾。🔽復次或有業順別定受。	說亦爾。 復次或有業順別定受。	The explanation is the same.🔽Furthermore, there may be karma that accords with definite retribution,
['T27n1545_119:0618b28_18']	或有業順不別定受。	或有業順不別定受。	or there may be karma that accords with indefinite retribution.
['T27n1545_119:0618b29_5']	順別定受者。	順別定受者。	Karma that accords with definite retribution,
['T27n1545_119:0618b29_14']	名為造作亦名增長。	名為造作亦名增長。	is called creation and also called increase.
['T27n1545_119:0618c01_11', 'T27n1545_119:0618c02_7']	順不別定受者但名造作不名增長。🔽復次或有業時分定異熟亦定。	順不別定受者但名造作不名增長。 復次或有業時分定異熟亦定。	Karma that accords with indefinite retribution is only called creation and not increase.🔽Furthermore, there may be karma whose time period is definite and whose ripening is also definite,
['T27n1545_119:0618c02_13']	或有異熟定。	或有異熟定。	or there may be karma whose ripening is definite
['T27n1545_119:0618c02_18']	時分不定。	時分不定。	but whose time period is indefinite.
['T27n1545_119:0618c03_11']	二俱定者名為造作亦名增長。	二俱定者名為造作亦名增長。	Both are called creation and also called increase.
['T27n1545_119:0618c04_7']	唯一定者但名造作不名增長。	唯一定者但名造作不名增長。	Only one is called creation and not called increase.
['T27n1545_119:0618c05_1']	復次有不善業順惡趣受。	復次有不善業順惡趣受。	Next, there is unwholesome karma that accords with evil destinies.
['T27n1545_119:0618c05_10']	有不善業順善趣受。	有不善業順善趣受。	There is unwholesome karma that accords with good destinies.
['T27n1545_119:0618c06_1']	前名造作亦名增長。	前名造作亦名增長。	The former is called creation and also called increase.
['T27n1545_119:0618c06_10']	後名造作不名增長。	後名造作不名增長。	The latter is called creation and not called increase.
['T27n1545_119:0618c06_17']	善業與此相違。	善業與此相違。	Wholesome karma is the opposite of this.
['T27n1545_119:0618c07_3']	說亦爾。	說亦爾。	The explanation is also so.
['T27n1545_119:0618c07_10']	復次有不善業。	復次有不善業。	Next, there is unwholesome karma.
['T27n1545_119:0618c08_2']	不善為助伴有不善業。	不善為助伴有不善業。	Unwholesome karma has unwholesome as its companion. There is unwholesome karma.
['T27n1545_119:0618c08_8']	善業為助伴。	善業為助伴。	Wholesome karma has wholesome as its companion.
['T27n1545_119:0618c08_17']	前名造作亦名增長。	前名造作亦名增長。	The former is called creation and also called increase.
['T27n1545_119:0618c09_7']	後名造作不名增長。	後名造作不名增長。	The latter is called creation and not called increase.
['T27n1545_119:0618c09_14']	善業與此相違。	善業與此相違。	Wholesome karma is the opposite of this.
['T27n1545_119:0618c10_1', 'T27n1545_119:0618c10_13']	說亦爾。🔽復次有不善業無作見邪見。	說亦爾。 復次有不善業無作見邪見。	The explanation is also so.🔽Next, there is unwholesome karma.
['T27n1545_119:0618c11_3', 'T27n1545_119:0618c11_13']	迷因果相續中生。🔽有不善業有作見正見。	迷因果相續中生。 有不善業有作見正見。	There is wrong view that is non-action, arising from confusion regarding the continuity of cause and effect.🔽There is unwholesome karma.
['T27n1545_119:0618c12_4']	不迷因果相續中生。	不迷因果相續中生。	There is right view that is action, not confused regarding the continuity of cause and effect.
['T27n1545_119:0618c12_13']	前名造作亦名增長。	前名造作亦名增長。	The former is called creation and also called increase.
['T27n1545_119:0618c13_4']	後名造作不名增長。	後名造作不名增長。	The latter is called creation but not called increase.
['T27n1545_119:0618c13_11']	善業與此相違。	善業與此相違。	Good karma is the opposite of this.
['T27n1545_119:0618c13_15']	說亦爾。	說亦爾。	The explanation is also like this.
['T27n1545_119:0618c14_7']	復次有不善業壞戒壞見。	復次有不善業壞戒壞見。	Furthermore, there is unwholesome karma that violates precepts and violates views.
['T27n1545_119:0618c14_17']	有不善業壞戒不壞見。	有不善業壞戒不壞見。	There is unwholesome karma that violates precepts but does not violate views.
['T27n1545_119:0618c15_8']	前名造作亦名增長。	前名造作亦名增長。	The former is called creation and also called increase.
['T27n1545_119:0618c16_1']	後名造作不名增長。	後名造作不名增長。	The latter is called creation but not called increase.
['T27n1545_119:0618c16_8']	善業與此相違。	善業與此相違。	Good karma is the opposite of this.
['T27n1545_119:0618c16_12', 'T27n1545_119:0618c17_6']	說亦爾。🔽復次有不善業加行壞意樂壞。	說亦爾。 復次有不善業加行壞意樂壞。	The explanation is also like this.🔽Furthermore, there is unwholesome karma where the preparatory action is violated but the intention is not violated.
['T27n1545_119:0618c17_18']	有不善業加行壞意樂不壞。	有不善業加行壞意樂不壞。	There is unwholesome karma where the preparatory action is violated but the intention is not violated.
['T27n1545_119:0618c18_8']	前名造作亦名增長。	前名造作亦名增長。	The former is called creation and also called increase.
['T27n1545_119:0618c19_1']	後名造作不名增長。	後名造作不名增長。	The latter is called creation but not called increase.
['T27n1545_119:0618c19_8']	善業與此相違。	善業與此相違。	Good karma is the opposite of this.
['T27n1545_119:0618c19_12']	說亦爾。	說亦爾。	The explanation is also like this.
['T27n1545_119:0618c20_10']	復次有業作已不捨不變不吐不依對治。	復次有業作已不捨不變不吐不依對治。	Furthermore, there is karma that is created but not abandoned, not transformed, not vomited, and not relied upon as an antidote.
['T27n1545_119:0618c21_4']	有業作已捨變吐依對治。	有業作已捨變吐依對治。	There is karma that is created but abandoned, transformed, vomited, and relied upon as an antidote.
['T27n1545_119:0618c21_13']	前名造作亦名增長。	前名造作亦名增長。	The former is called creation and also called increase.
['T27n1545_119:0618c22_4']	後名造作不名增長。	後名造作不名增長。	The latter is called creation but not called increase.
['T27n1545_119:0618c22_13']	如是有業三時覺察。	如是有業三時覺察。	There is such karma that is discerned at three times.
['T27n1545_119:0618c23_1']	三時不覺察。	三時不覺察。	Not being aware of it at three times.
['T27n1545_119:0618c23_6']	作已無悔。	作已無悔。	Having done it without regret.
['T27n1545_119:0618c23_15']	作已有悔作已隨念。	作已有悔作已隨念。	Having done it and having regret. Having done it and following the recollection.
['T27n1545_119:0618c24_2', 'T27n1545_119:0618c24_7']	作已不隨念。🔽數數憶念。	作已不隨念。 數數憶念。	Having done it and not following the recollection.🔽Frequently recollecting.
['T27n1545_119:0618c24_13']	不數數憶念。	不數數憶念。	Not frequently recollecting.
['T27n1545_119:0618c24_17']	說亦爾。	說亦爾。	The same applies to speaking.
['T27n1545_119:0618c25_7']	復次若業能取果與果。	復次若業能取果與果。	Furthermore, if an action can take and give fruits,
['T27n1545_119:0618c25_16']	名為造作亦名增長。	名為造作亦名增長。	it is called creation and also called increase.
['T27n1545_119:0618c26_7']	若業取果不能與果。	若業取果不能與果。	If an action can take fruits but cannot give fruits,
['T27n1545_119:0618c26_16']	但名造作不名增長。	但名造作不名增長。	it is only called creation and not called increase.
['T27n1545_119:0618c27_5']	尊者世友說曰。	尊者世友說曰。	Venerable Vasumitra said:
['T27n1545_119:0618c27_18']	若所作業意樂迴向意樂顯示。	若所作業意樂迴向意樂顯示。	If the action that is done is with the intention to turn back, with the intention to show,
['T27n1545_119:0618c28_8']	為同類者稱讚顯說。	為同類者稱讚顯說。	and is praised and explained to those of the same kind,
['T27n1545_119:0618c28_17']	是名造作亦名增長。	是名造作亦名增長。	this is called creation and also called increase.
['T27n1545_119:0618c29_8']	若所作業與此相違。	若所作業與此相違。	If the action that is done is contrary to this,
['T27n1545_119:0618c29_17']	但名造作非名增長。	但名造作非名增長。	it is only called creation and not called increase.
['T27n1545_119:0619a01_4']	有作是說。	有作是說。	There is a saying:
['T27n1545_119:0619a01_14']	若所作業一切種圓滿。	若所作業一切種圓滿。	If the action that is done is complete in all aspects,
['T27n1545_119:0619a02_1']	一切種究竟。	一切種究竟。	and is finished in all aspects,
['T27n1545_119:0619a02_10']	如造制多嚴飾周畢。	如造制多嚴飾周畢。	like a stupa that is fully decorated,
['T27n1545_119:0619a03_1']	此名造作亦名增長。	此名造作亦名增長。	this is called creation and also called increase.
['T27n1545_119:0619a03_10']	若所作業與此相違。	若所作業與此相違。	If the karma one creates is contrary to this,
['T27n1545_119:0619a04_1']	但名造作不名增長。	但名造作不名增長。	it is only called creation and not increase.
['T27n1545_119:0619a04_6']	大德說言。	大德說言。	The Venerable One said:
['T27n1545_119:0619a04_16']	若所作業眾緣和合必。	若所作業眾緣和合必。	If the karma one creates is such that the various conditions must definitely come together,
['T27n1545_119:0619a05_7']	定感果名為造作亦名增長。	定感果名為造作亦名增長。	it is called creation and also called increase.
['T27n1545_119:0619a05_16']	若所作業與此相違。	若所作業與此相違。	If the karma one creates is contrary to this,
['T27n1545_119:0619a06_8']	但名造作不名增長。	但名造作不名增長。	it is only called creation and not increase.
['T27n1545_119:0619a06_16']	如是等有無量門。	如是等有無量門。	There are innumerable such distinctions.
['T27n1545_119:0619a07_7']	是名造作增長差別。	是名造作增長差別。	This is called the distinction between creation and increase.
['T27n1545_119:0619a08_6']	無間業有五種。	無間業有五種。	There are five kinds of uninterrupted karma:
['T27n1545_119:0619a08_10']	一害母。	一害母。	1. Killing one's mother.
['T27n1545_119:0619a08_14']	二害父。	二害父。	2. Killing one's father.
['T27n1545_119:0619a09_1']	三害阿羅漢。	三害阿羅漢。	3. Killing an arhat.
['T27n1545_119:0619a09_7']	四破和合僧。	四破和合僧。	4. Causing a schism in the harmonious Sangha.
['T27n1545_119:0619a09_16']	五起惡心出佛身血。	五起惡心出佛身血。	5. Drawing blood from a Buddha with an evil mind.
['T27n1545_119:0619a10_9']	問此五無間業以何為自性。	問此五無間業以何為自性。	Question: What is the intrinsic nature of these five uninterrupted karmas?
['T27n1545_119:0619a11_1']	答以身語業為自性。	答以身語業為自性。	Answer: They have bodily and verbal karma as their intrinsic nature.
['T27n1545_119:0619a11_11']	前三後一身業為自性。	前三後一身業為自性。	The first three and the last one have bodily karma as their intrinsic nature.
['T27n1545_119:0619a12_3']	第四一種語業為自性。	第四一種語業為自性。	The fourth kind has verbal karma as its intrinsic nature.
['T27n1545_119:0619a12_16']	是故此五三界三處一蘊所攝。	是故此五三界三處一蘊所攝。	Therefore, these five are included in the three realms, three bases, and one aggregate.
['T27n1545_119:0619a13_5']	三界者色聲法界。	三界者色聲法界。	The three realms are the form, sound, and dharma realms.
['T27n1545_119:0619a13_13']	三處者色聲法處。	三處者色聲法處。	The three realms refer to the form, sound, and dharma realms.
['T27n1545_119:0619a13_19']	一蘊者色蘊。	一蘊者色蘊。	The one aggregate refers to the form aggregate.
['T27n1545_119:0619a14_7']	是名無間業自性。	是名無間業自性。	This is called the nature of the immediate karma.
['T27n1545_119:0619a14_12']	已說自性。	已說自性。	The nature has already been explained.
['T27n1545_119:0619a14_18']	所以今當說。	所以今當說。	The reason will now be explained.
['T27n1545_119:0619a15_6']	問何故名無間。	問何故名無間。	Question: Why is it called immediate?
['T27n1545_119:0619a15_16']	答由二緣故說名無間。	答由二緣故說名無間。	Answer: It is called immediate for two reasons.
['T27n1545_119:0619a16_3']	一遮現後。	一遮現後。	First, it obstructs the present and the future.
['T27n1545_119:0619a16_8']	二遮餘趣。	二遮餘趣。	Second, it obstructs other destinies.
['T27n1545_119:0619a16_13']	遮現後者。	遮現後者。	As for obstructing the present and the future,
['T27n1545_119:0619a17_4']	此五但是順次生受。	此五但是順次生受。	these five are only conducive to rebirth in the next life,
['T27n1545_119:0619a17_15']	非順現法受及順後次受。	非順現法受及順後次受。	not conducive to the present life or to rebirth in subsequent lives.
['T27n1545_119:0619a18_1']	故名無間。	故名無間。	Therefore, it is called immediate.
['T27n1545_119:0619a18_6']	遮餘趣者。	遮餘趣者。	As for obstructing other destinies,
['T27n1545_119:0619a18_15']	謂此決定於地獄受。	謂此決定於地獄受。	it means that one definitely experiences it in hell,
['T27n1545_119:0619a19_2']	非雜餘趣。	非雜餘趣。	not mixed with other destinies.
['T27n1545_119:0619a19_7']	故名無間。	故名無間。	Therefore, it is called immediate.
['T27n1545_119:0619a19_16']	由二因緣建立無間。	由二因緣建立無間。	The immediate karma is established for two reasons.
['T27n1545_119:0619a20_2']	一背恩養。	一背恩養。	First, turning one's back on kindness and support.
['T27n1545_119:0619a20_7']	二壞德田。	二壞德田。	Second, destroying the field of virtue.
['T27n1545_119:0619a20_12']	背恩養者。	背恩養者。	As for turning one's back on kindness and support,
['T27n1545_119:0619a20_18']	謂害母害父。	謂害母害父。	it refers to killing one's mother or father.
['T27n1545_119:0619a21_4']	壞德田者。	壞德田者。	As for destroying the field of virtue,
['T27n1545_119:0619a21_9', 'T27n1545_119:0619a22_1']	謂餘三種。🔽由二因緣得無間罪。	謂餘三種。 由二因緣得無間罪。	it refers to the other three types.🔽One obtains the immediate offense for two reasons.
['T27n1545_119:0619a22_10']	一起加行二果究竟。	一起加行二果究竟。	First, initiating the action; second, completing the result.
['T27n1545_119:0619a23_1']	雖起加行果不究竟。	雖起加行果不究竟。	Although one performs the preparatory action, the result is not completed.
['T27n1545_119:0619a23_8']	彼不得無間罪。	彼不得無間罪。	One does not obtain the uninterrupted sin.
['T27n1545_119:0619a23_17']	雖果究竟不起加行。	雖果究竟不起加行。	Although the result is completed, one does not perform the preparatory action.
['T27n1545_119:0619a24_6']	亦不得無間罪。	亦不得無間罪。	One also does not obtain the uninterrupted sin.
['T27n1545_119:0619a25_7']	雖起加行果不究竟者謂如有人欲害其母。	雖起加行果不究竟者謂如有人欲害其母。	Although one performs the preparatory action, the result is not completed. This refers to a person who wants to kill his mother.
['T27n1545_119:0619a25_16']	母覺知已藏穀𧂐中。	母覺知已藏穀𧂐中。	His mother becomes aware of this and hides in a grain pile.
['T27n1545_119:0619a26_7']	有餘女人在母寢處。	有餘女人在母寢處。	Another woman is in the place where the mother was sleeping.
['T27n1545_119:0619a27_3']	其人既至謂是己母以刀害之。	其人既至謂是己母以刀害之。	When the person arrives, he thinks it is his mother and kills her with a knife.
['T27n1545_119:0619a28_7']	害已方更往穀𧂐中揩拭刀刃刀觸母身因茲喪命。	害已方更往穀𧂐中揩拭刀刃刀觸母身因茲喪命。	After killing her, he goes to the grain pile to wipe the blade of the knife. The knife touches his mother's body and she dies because of this.
['T27n1545_119:0619a28_16']	起加行時果未究竟。	起加行時果未究竟。	When performing the preparatory action, the result is not yet completed.
['T27n1545_119:0619a29_7']	果究竟時已無加行。	果究竟時已無加行。	When the result is completed, there is no preparatory action.
['T27n1545_119:0619a29_16']	由此不成無間之罪。	由此不成無間之罪。	For this reason, one does not commit the uninterrupted sin.
['T27n1545_119:0619b01_8']	有果究竟不起加行者。	有果究竟不起加行者。	There is the completion of the result but no performance of the preparatory action.
['T27n1545_119:0619b02_5']	謂如有人扶持父母經嶮路過。	謂如有人扶持父母經嶮路過。	This refers to a person who supports his parents while passing through dangerous roads.
['T27n1545_119:0619b02_10']	恐其賊來。	恐其賊來。	Fearing the coming of thieves,
['T27n1545_119:0619b02_15']	推逼令進。	推逼令進。	he pushes them to move forward.
['T27n1545_119:0619b03_6']	父母顛仆因即喪命。	父母顛仆因即喪命。	His parents stumble and die because of this.
['T27n1545_119:0619b03_15']	果雖究竟非加行起。	果雖究竟非加行起。	Although the result is completed, it is not the performance of the preparatory action.
['T27n1545_119:0619b04_12']	是故要起加行及果究竟方成無間。	是故要起加行及果究竟方成無間。	Therefore, only when the preparation and the final fruition are completed is it called uninterrupted.
['T27n1545_119:0619b05_6']	問頗有起加行及果究竟。	問頗有起加行及果究竟。	Question: Can there be a case where the preparation and the final fruition are completed,
['T27n1545_119:0619b05_14']	而不得無間罪耶。	而不得無間罪耶。	but one does not obtain the sin of uninterrupted [karma]?
['T27n1545_119:0619b05_17']	答有。	答有。	Answer: There can be.
['T27n1545_119:0619b06_7']	謂與所殺俱時命終。	謂與所殺俱時命終。	Namely, if the one to be killed dies at the same time as oneself.
['T27n1545_119:0619b07_2']	無後眾同分可成就彼罪故。	無後眾同分可成就彼罪故。	Because there is no subsequent continuity of aggregates that can accomplish that sin.
['T27n1545_119:0619b08_2']	有兄遣弟自往害母弟依兄教俱得無間。	有兄遣弟自往害母弟依兄教俱得無間。	There was an elder brother who sent his younger brother to kill their mother. The younger brother followed the elder brother's instructions and both obtained uninterrupted [karma].
['T27n1545_119:0619b08_11']	若弟遣他及共他害。	若弟遣他及共他害。	If the younger brother sends someone else or kills together with someone else,
['T27n1545_119:0619b08_17']	唯弟得無間。	唯弟得無間。	only the younger brother obtains uninterrupted [karma].
['T27n1545_119:0619b09_7']	有兄遣弟令他害母。	有兄遣弟令他害母。	There was an elder brother who sent his younger brother to have someone else kill their mother.
['T27n1545_119:0619b09_16']	弟依兄教俱得無間。	弟依兄教俱得無間。	The younger brother followed the elder brother's instructions and both obtained uninterrupted [karma].
['T27n1545_119:0619b10_12']	若弟自害及共他害唯弟得無間。	若弟自害及共他害唯弟得無間。	If the younger brother kills himself or kills together with someone else, only the younger brother obtains uninterrupted [karma].
['T27n1545_119:0619b11_4']	有兄遣弟共他害母。	有兄遣弟共他害母。	There was an elder brother who sent his younger brother to kill their mother together with someone else.
['T27n1545_119:0619b11_13']	弟依兄教俱得無間。	弟依兄教俱得無間。	The younger brother followed the elder brother's instructions and both obtained uninterrupted [karma].
['T27n1545_119:0619b12_4']	弟若自害及但令他。	弟若自害及但令他。	If the younger brother kills himself or only sends someone else,
['T27n1545_119:0619b12_10']	唯弟得無間。	唯弟得無間。	only the younger brother obtains uninterrupted [karma].
['T27n1545_119:0619b13_1']	有兄遣弟母來當害。	有兄遣弟母來當害。	There was an elder brother who sent his younger brother, saying, When your mother comes, you should kill her.
['T27n1545_119:0619b13_10']	弟依兄教俱得無間。	弟依兄教俱得無間。	The younger brother followed the elder brother's instructions and both obtained uninterrupted [karma].
['T27n1545_119:0619b14_3']	若母去方害唯弟得無間。	若母去方害唯弟得無間。	If the mother leaves and is killed only the son obtains immediate retribution.
['T27n1545_119:0619b14_8']	如兄遣弟。	如兄遣弟。	If the elder brother sends the younger brother,
['T27n1545_119:0619b15_4']	兄遣於妹弟遣於兄遣姊亦爾。	兄遣於妹弟遣於兄遣姊亦爾。	the elder brother sends the younger brother, the younger brother sends the elder brother, and the elder sister sends the younger sister, it is the same.
['T27n1545_119:0619b15_17']	如遣害來遣害去住坐臥亦爾。	如遣害來遣害去住坐臥亦爾。	If one sends to kill when coming, sends to kill when going, standing, sitting, or lying down, it is the same.
['T27n1545_119:0619b16_7']	如害母害父亦爾。	如害母害父亦爾。	If one kills one's mother, it is the same as killing one's father.
['T27n1545_119:0619b16_12']	害阿羅漢。	害阿羅漢。	Killing an arhat.
['T27n1545_119:0619b16_17']	出佛身血。	出佛身血。	Drawing blood from a Buddha.
['T27n1545_119:0619b17_7']	遣使差別類此應知。	遣使差別類此應知。	The distinctions in sending a messenger should be understood in this way.
['T27n1545_119:0619b18_4']	若非人殺非人父母不得無間罪。	若非人殺非人父母不得無間罪。	If a non-human kills the parents of a non-human, they do not obtain immediate retribution.
['T27n1545_119:0619b18_17']	非人殺人人殺非人應知亦爾。	非人殺人人殺非人應知亦爾。	If a non-human kills a human, and a human kills a non-human, it should be understood in the same way.
['T27n1545_119:0619b19_12']	唯有人類殺人父母方得無間。	唯有人類殺人父母方得無間。	Only humans who kill their parents obtain immediate retribution.
['T27n1545_119:0619b21_1']	問若扇搋半擇迦無形二形殺害父母得無間不答不得。	問若扇搋半擇迦無形二形殺害父母得無間不答不得。	If a paṇḍaka, a mānatva probationer, one without genitals, or a hermaphrodite kills their parents, do they obtain immediate retribution? Answer: They do not.
['T27n1545_119:0619b21_6', 'T27n1545_119:0619b22_2']	所以者何。🔽彼身法爾志力微劣不能作律儀。	所以者何。 彼身法爾志力微劣不能作律儀。	Why is it so?
['T27n1545_119:0619b22_8']	不律儀器故。	不律儀器故。	Because their bodies are naturally weak in determination and cannot be vessels for either moral discipline or immoral discipline.
['T27n1545_119:0619b22_17']	尊者世友作如是說。	尊者世友作如是說。	The Venerable Vasumitra says:
['T27n1545_119:0619b23_11']	扇搋迦等殺害父母不得無間。	扇搋迦等殺害父母不得無間。	Paṇḍakas and others who kill their parents do not obtain immediate retribution.
['T27n1545_119:0619b23_16']	所以者何。	所以者何。	Why is this?
['T27n1545_119:0619b24_7']	彼於父母無愛敬心。	彼於父母無愛敬心。	Because they have no love and respect for their parents.
['T27n1545_119:0619b24_16']	可先現前今滅壞故。	可先現前今滅壞故。	Because what was previously manifest is now destroyed.
['T27n1545_119:0619b25_9']	復次彼於父母無勝慚愧。	復次彼於父母無勝慚愧。	Moreover, because they have no superior shame and remorse towards their parents.
['T27n1545_119:0619b26_1']	可先現前今滅壞故。	可先現前今滅壞故。	Because what was previously manifest is now destroyed.
['T27n1545_119:0619b26_6']	大德說言。	大德說言。	The Venerable One said:
['T27n1545_119:0619b26_19']	扇搋迦等煩惱增故定惡趣攝。	扇搋迦等煩惱增故定惡趣攝。	Because the passions of eunuchs and so forth increase, they are definitely included in the evil destinies.
['T27n1545_119:0619b27_8']	惡趣攝故無無間罪。	惡趣攝故無無間罪。	Because they are included in the evil destinies, they do not have the sin of immediate retribution.
['T27n1545_119:0619b28_4']	問諸傍生類殺害父母得無間不。	問諸傍生類殺害父母得無間不。	Question: Do animals who kill their parents obtain immediate retribution or not?
['T27n1545_119:0619b28_8']	答不得。	答不得。	Answer: They do not.
['T27n1545_119:0619b28_13']	所以者何。	所以者何。	Why is this?
['T27n1545_119:0619b29_4']	彼身法爾志力微劣。	彼身法爾志力微劣。	Because their bodies are naturally weak and inferior.
['T27n1545_119:0619b29_15']	不能作律儀不律儀器故。	不能作律儀不律儀器故。	They are unable to be vessels for either moral discipline or immoral discipline.
['T27n1545_119:0619c01_4']	尊者世友說曰。	尊者世友說曰。	The Venerable Vasumitra said:
['T27n1545_119:0619c01_17']	諸傍生類殺害父母不得無間。	諸傍生類殺害父母不得無間。	Animals who kill their parents do not obtain immediate retribution.
['T27n1545_119:0619c02_4']	所以者何。	所以者何。	Why is this?
['T27n1545_119:0619c02_13']	彼於父母無愛敬心。	彼於父母無愛敬心。	Because they have no love and respect for their parents.
['T27n1545_119:0619c03_4']	可先現前今滅壞故。	可先現前今滅壞故。	Because what was previously manifest is now destroyed.
['T27n1545_119:0619c03_15']	復次彼於父母無勝慚愧。	復次彼於父母無勝慚愧。	Moreover, because they have no superior shame and remorse towards their parents.
['T27n1545_119:0619c04_6']	可先現前今滅壞故。	可先現前今滅壞故。	Because what was previously manifest is now destroyed.
['T27n1545_119:0619c04_11']	大德說言。	大德說言。	The Venerable One said:
['T27n1545_119:0619c05_2']	諸傍生類殺害父母。	諸傍生類殺害父母。	Among the various animals, if they kill their parents,
['T27n1545_119:0619c05_11']	於無間罪有得不得。	於無間罪有得不得。	they may or may not obtain the uninterrupted sin.
['T27n1545_119:0619c05_17']	謂聰慧者得。	謂聰慧者得。	That is to say, the wise ones obtain it,
['T27n1545_119:0619c06_5']	非聰慧者不得。	非聰慧者不得。	while the unwise ones do not obtain it.
['T27n1545_119:0619c06_13']	曾聞有聰慧龍馬。	曾聞有聰慧龍馬。	It is heard that there was once a wise dragon horse.
['T27n1545_119:0619c07_4']	人貪其種令與母合。	人貪其種令與母合。	People coveted its breed and made it mate with its mother.
['T27n1545_119:0619c07_13']	馬後覺知斷勢而死。	馬後覺知斷勢而死。	The horse later became aware and died with its genitals severed.
['T27n1545_119:0619c08_10']	問如以一加行俱時殺母及餘女人。	問如以一加行俱時殺母及餘女人。	Question: If one uses a single preparatory action to kill one's mother and another woman at the same time,
['T27n1545_119:0619c09_2']	彼所有無表已如前說。	彼所有無表已如前說。	the non-manifest karma that belongs to them has already been explained before.
['T27n1545_119:0619c09_12']	彼有表業於誰邊得耶。	彼有表業於誰邊得耶。	Where does the manifest karma that belongs to them arise?
['T27n1545_119:0619c10_1']	答於母邊得。	答於母邊得。	Answer: It arises in relation to the mother.
['T27n1545_119:0619c10_6']	所以者何。	所以者何。	Why is it so?
['T27n1545_119:0619c10_17']	以於彼中無間罪為勝故。	以於彼中無間罪為勝故。	Because among them, the uninterrupted sin is superior.
['T27n1545_119:0619c11_6']	尊者妙音說曰。	尊者妙音說曰。	The Venerable One Subhūti said:
['T27n1545_119:0619c11_11']	諸有表業。	諸有表業。	All manifest karmas
['T27n1545_119:0619c11_16']	極微所成。	極微所成。	are composed of atoms.
['T27n1545_119:0619c12_7']	害母及餘極微各異故。	害母及餘極微各異故。	Because the atoms of killing one's mother and the atoms of killing another are different.
['T27n1545_119:0619c12_16']	有表罪於二人邊得。	有表罪於二人邊得。	The sin of manifest karma is obtained in relation to both people.
['T27n1545_119:0619c13_8']	問如有女人羯剌藍墮。	問如有女人羯剌藍墮。	Question: If a woman's embryo falls out,
['T27n1545_119:0619c13_17']	有餘女人收置身中。	有餘女人收置身中。	and another woman picks it up and places it in her own body,
['T27n1545_119:0619c14_16']	後所生子以誰為母殺害何者得無間罪。	後所生子以誰為母殺害何者得無間罪。	Whose mother is the child born later? Killing which one would constitute the crime of immediate retribution?
['T27n1545_119:0619c15_4']	答前為生母。	答前為生母。	Answer: The former is the mother who gave birth.
['T27n1545_119:0619c15_9']	後為養母。	後為養母。	The latter is the mother who raised.
['T27n1545_119:0619c15_18']	唯害生母得無間罪。	唯害生母得無間罪。	Only killing the mother who gave birth constitutes the crime of immediate retribution.
['T27n1545_119:0619c16_8']	以羯剌藍依前生故。	以羯剌藍依前生故。	Because the kalala depends on the former for birth.
['T27n1545_119:0619c16_17', 'T27n1545_119:0619c17_7']	諸所作事應諮養母。🔽於非母作母想害。	諸所作事應諮養母。 於非母作母想害。	In all activities, one should consult the mother who raised.🔽If one kills one who is not one's mother, thinking she is one's mother,
['T27n1545_119:0619c17_16']	及於母作非母想害。	及於母作非母想害。	or if one kills one's mother, thinking she is not one's mother,
['T27n1545_119:0619c18_6']	俱不得無間罪。	俱不得無間罪。	one does not incur the crime of immediate retribution.
['T27n1545_119:0619c18_14']	要於母作母想害。	要於母作母想害。	One must kill one's mother, thinking she is one's mother,
['T27n1545_119:0619c19_3']	方得無間罪。	方得無間罪。	in order to incur the crime of immediate retribution.
['T27n1545_119:0619c19_12']	於父及餘應知亦爾。	於父及餘應知亦爾。	One should understand it is the same for the father and others.
['T27n1545_119:0619c20_1']	頗有女人非母。	頗有女人非母。	Can there be a woman who is neither one's mother
['T27n1545_119:0619c20_6']	非阿羅漢。	非阿羅漢。	nor an arhat,
['T27n1545_119:0619c20_14']	害之得無間罪耶。	害之得無間罪耶。	killing whom would constitute the crime of immediate retribution?
['T27n1545_119:0619c20_17']	答有。	答有。	Answer: There can be.
['T27n1545_119:0619c21_6']	謂害轉根為女父。	謂害轉根為女父。	It refers to killing one's father who has changed sex to become a woman.
['T27n1545_119:0619c21_13']	頗有男子非父。	頗有男子非父。	Can there be a man who is neither one's father
['T27n1545_119:0619c22_1']	非阿羅漢。	非阿羅漢。	nor an arhat,
['T27n1545_119:0619c22_9']	害之得無間罪耶。	害之得無間罪耶。	killing whom would constitute the crime of immediate retribution?
['T27n1545_119:0619c22_12']	答有。	答有。	Answer: There can be.
['T27n1545_119:0619c23_1']	謂害轉根為男母。	謂害轉根為男母。	It refers to killing one's mother who has changed sex to become a man.
['T27n1545_119:0619c23_9']	問若母是阿羅漢。	問若母是阿羅漢。	Question: If one's mother is an arhat,
['T27n1545_119:0619c23_16']	或父是阿羅漢。	或父是阿羅漢。	Or if the father is an arhat,
['T27n1545_119:0619c24_10']	彼害一一時為但得一無間罪。	彼害一一時為但得一無間罪。	when he kills each of them, does he only obtain one uninterrupted sin?
['T27n1545_119:0619c24_15']	為得二耶。	為得二耶。	Or does he obtain two?
['T27n1545_119:0619c25_4']	若言但得一者。	若言但得一者。	If it is said that he only obtains one,
['T27n1545_119:0619c25_9']	彼背恩養。	彼背恩養。	he turns his back on the support of his parents.
['T27n1545_119:0619c25_14']	及壞德田。	及壞德田。	And destroys the field of virtue.
['T27n1545_119:0619c25_19']	云何得一。	云何得一。	How can he only get one?
['T27n1545_119:0619c26_6']	經說復云何通。	經說復云何通。	How can the sutra be understood?
['T27n1545_119:0619c26_14']	如佛告始騫持言。	如佛告始騫持言。	As the Buddha told Sāṃkṛtya,
['T27n1545_119:0619c27_5']	汝今已得二無間罪。	汝今已得二無間罪。	You have now obtained two uninterrupted sins,
['T27n1545_119:0619c27_13']	謂害父及阿羅漢。	謂害父及阿羅漢。	Namely, killing your father and an arhat.
['T27n1545_119:0619c28_1']	若言得二者。	若言得二者。	If it is said that he obtains two,
['T27n1545_119:0619c28_12']	彼害一命云何而得二罪。	彼害一命云何而得二罪。	how can he obtain two sins by killing one life?
['T27n1545_119:0619c29_1']	答應言得一。	答應言得一。	The answer should be said that he obtains one.
['T27n1545_119:0619c29_10']	彼背恩養及壞德田。	彼背恩養及壞德田。	He turns his back on the support of his parents and destroys the field of virtue.
['T27n1545_119:0619c29_17']	俱於一身轉故。	俱於一身轉故。	Both occur in one body.
['T27n1545_119:0620a01_4']	契經應說。	契經應說。	The sutra should say,
['T27n1545_119:0620a01_13']	汝由二緣得無間罪。	汝由二緣得無間罪。	You obtain the uninterrupted sin due to two conditions,
['T27n1545_119:0620a02_3']	謂害父及阿羅漢。	謂害父及阿羅漢。	Namely, killing your father and an arhat.
['T27n1545_119:0620a02_10']	而言得二罪者。	而言得二罪者。	As for saying he obtains two sins,
['T27n1545_119:0620a03_2']	欲以二罪訶責彼故。	欲以二罪訶責彼故。	it is in order to reprimand him with two sins.
['T27n1545_119:0620a03_7']	有餘師言。	有餘師言。	Other masters say,
['T27n1545_119:0620a03_16']	罪體雖一所感苦倍。	罪體雖一所感苦倍。	although the nature of the sin is one, the suffering it induces is doubled.
['T27n1545_119:0620a04_2']	是以說二。	是以說二。	Therefore it is said to be two.
['T27n1545_119:0620a05_10']	問如害阿羅漢得無間罪。	問如害阿羅漢得無間罪。	Question: If one harms an arhat and obtains the uninterrupted [karma],
['T27n1545_119:0620a06_3']	害諸有學亦得是罪耶。	害諸有學亦得是罪耶。	does one also obtain this [uninterrupted karma] by harming those in training?
['T27n1545_119:0620a06_7']	答不得。	答不得。	Answer: One does not obtain it.
['T27n1545_119:0620a06_12']	所以者何。	所以者何。	Why is it so?
['T27n1545_119:0620a07_2']	前說無間由二緣得。	前說無間由二緣得。	It is because the uninterrupted [karma] is obtained due to two causes as explained before.
['T27n1545_119:0620a07_7']	一背恩養。	一背恩養。	One is turning one's back on those who have shown kindness and support,
['T27n1545_119:0620a07_12']	二壞德田。	二壞德田。	and the other is destroying the field of merit.
['T27n1545_119:0620a08_3']	害諸有學非壞德田。	害諸有學非壞德田。	Harming those in training is not destroying the field of merit.
['T27n1545_119:0620a08_13']	以彼有功德亦有過失。	以彼有功德亦有過失。	Because they have merits and also have faults,
['T27n1545_119:0620a09_4']	有妙行亦有惡行。	有妙行亦有惡行。	have good conduct and also have evil conduct,
['T27n1545_119:0620a09_14']	有善根亦有不善根故。	有善根亦有不善根故。	have wholesome roots and also have unwholesome roots.
['T27n1545_119:0620a10_5']	問退失阿羅漢果者。	問退失阿羅漢果者。	Question: As for one who has regressed from the fruit of arhatship,
['T27n1545_119:0620a10_12']	害之得無間耶。	害之得無間耶。	if one harms them, does one obtain the uninterrupted [karma]?
['T27n1545_119:0620a10_16']	答不得。	答不得。	Answer: One does not obtain it.
['T27n1545_119:0620a11_4']	還是有學故。	還是有學故。	It is because they are still in training.
['T27n1545_119:0620a11_8']	如前說。	如前說。	As explained before.
['T27n1545_119:0620a11_18']	問此於最後命將斷時。	問此於最後命將斷時。	Question: At the very last moment when their life is about to end,
['T27n1545_119:0620a12_4']	必住無學。	必住無學。	they must abide in the state of no-more-training.
['T27n1545_119:0620a12_12']	云何不得無間耶。	云何不得無間耶。	Why do they not obtain the uninterrupted [karma]?
['T27n1545_119:0620a13_4']	答於無學身無惡心故。	答於無學身無惡心故。	Answer: Because there is no evil mind towards the body of one in no-more-training.
['T27n1545_119:0620a14_2']	謂彼但於學者身中起殺意及加行。	謂彼但於學者身中起殺意及加行。	It means that they only give rise to the intention to kill and the performance of the act towards the body of one in training,
['T27n1545_119:0620a14_7']	非於無學。	非於無學。	not towards one in no-more-training.
['T27n1545_119:0620a15_1']	由無無間因故不得無間罪。	由無無間因故不得無間罪。	Because there is no uninterrupted cause, one does not obtain the uninterrupted offense.
['T27n1545_119:0620a16_4']	毘奈耶說。	毘奈耶說。	The Vinaya says:
['T27n1545_119:0620a16_14']	娑羅林中有眾多苾芻。	娑羅林中有眾多苾芻。	In the Śāla Grove there were many bhikṣus.
['T27n1545_119:0620a17_6']	為群賊所殺劫奪衣物。	為群賊所殺劫奪衣物。	They were killed by a group of thieves who robbed their robes and belongings.
['T27n1545_119:0620a17_15']	有近住官皆悉捉獲。	有近住官皆悉捉獲。	There were lay officials who all captured them.
['T27n1545_119:0620a18_6']	送至王所王勅依法。	送至王所王勅依法。	They were sent to the king, who ordered them to be dealt with according to the law.
['T27n1545_119:0620a19_3']	其中有一賊逃至勝林求欲出家。	其中有一賊逃至勝林求欲出家。	Among them, a thief escaped to the Jetavana and sought to go forth.
['T27n1545_119:0620a19_12']	時苾芻眾不審撿察。	時苾芻眾不審撿察。	At that time, the assembly of bhikṣus did not thoroughly examine him.
['T27n1545_119:0620a20_3']	度令出家為受具戒。	度令出家為受具戒。	They allowed him to go forth and receive full ordination.
['T27n1545_119:0620a20_12']	時典刑者將餘群賊。	時典刑者將餘群賊。	At that time, the chief executioner brought the remaining thieves
['T27n1545_119:0620a21_3']	至於塚間欲屠割之。	至於塚間欲屠割之。	to the charnel ground and was about to cut them up.
['T27n1545_119:0620a21_16']	苾芻聞已為知世間可厭事故。	苾芻聞已為知世間可厭事故。	The bhikṣus, having heard this, wanted to know the impermanence of the world,
['T27n1545_119:0620a22_3']	皆共往觀。	皆共往觀。	so they all went to observe.
['T27n1545_119:0620a22_12']	向出家者亦在其中。	向出家者亦在其中。	The one who had recently gone forth was also among them.
['T27n1545_119:0620a23_7']	見諸罪人支節分解各各異處。	見諸罪人支節分解各各異處。	He saw that the bodies of the criminals were cut up and their limbs were in different places.
['T27n1545_119:0620a23_13']	彼新出家者。	彼新出家者。	The newly ordained one
['T27n1545_119:0620a23_18']	即時惶恐。	即時惶恐。	was immediately frightened.
['T27n1545_119:0620a24_8']	悶絕擗地久而乃穌。	悶絕擗地久而乃穌。	He fainted and fell to the ground, and after a long while he revived.
['T27n1545_119:0620a24_13']	眾問其故。	眾問其故。	The assembly asked him the reason.
['T27n1545_119:0620a24_16']	答言。	答言。	He replied:
['T27n1545_119:0620a25_4']	死者是我朋侶。	死者是我朋侶。	The dead one is my friend.
['T27n1545_119:0620a25_13']	我昨與其同為此事。	我昨與其同為此事。	Yesterday I did this with him.
['T27n1545_119:0620a26_4']	若不出家亦遭斯苦。	若不出家亦遭斯苦。	If I do not leave the household life, I will also suffer this.
['T27n1545_119:0620a26_13']	苾芻聞已互相謂言。	苾芻聞已互相謂言。	The monks heard this and said to each other,
['T27n1545_119:0620a27_3']	今此惡人如何處置。	今此惡人如何處置。	What should we do with this evil person now?
['T27n1545_119:0620a27_8']	便往白佛。	便往白佛。	They then went to tell the Buddha.
['T27n1545_119:0620a27_11']	佛言。	佛言。	The Buddha said,
['T27n1545_119:0620a27_18']	此人殺苾芻眾。	此人殺苾芻眾。	This person has killed a group of monks.
['T27n1545_119:0620a28_7']	得無間罪不合出家。	得無間罪不合出家。	He has committed an uninterrupted offense and is not suitable to leave the household life.
['T27n1545_119:0620a29_3']	若已出家眾應驅擯勿與同止。	若已出家眾應驅擯勿與同止。	If he has already left the household life, the assembly should expel him and not live with him.
['T27n1545_119:0620a29_8', 'T27n1545_119:0620b01_3']	所以者何。🔽造無間者於我正法毘奈耶中。	所以者何。 造無間者於我正法毘奈耶中。	Why is this?🔽Because one who commits an uninterrupted offense
['T27n1545_119:0620b01_12']	不能生長諸善法故。	不能生長諸善法故。	cannot give rise to wholesome dharmas in my true Dharma and Vinaya.
['T27n1545_119:0620b02_4']	問彼不了知是阿羅漢。	問彼不了知是阿羅漢。	Question: He did not understand that this was an arhat.
['T27n1545_119:0620b02_11']	何故得無間罪。	何故得無間罪。	Why did he commit an uninterrupted offense?
['T27n1545_119:0620b03_1']	答不以知故得罪。	答不以知故得罪。	Answer: One does not commit an offense because of knowing.
['T27n1545_119:0620b03_6']	以壞德田。	以壞德田。	Because one destroys the field of virtue,
['T27n1545_119:0620b03_16']	故得罪彼於苾芻眾中。	故得罪彼於苾芻眾中。	one commits an offense. He, in the midst of the group of monks,
['T27n1545_119:0620b04_7']	起無簡擇等殺意樂。	起無簡擇等殺意樂。	gave rise to a killing intention without discrimination, etc.
['T27n1545_119:0620b05_1']	由此極惡之心害及阿羅漢。	由此極惡之心害及阿羅漢。	Because of this extremely evil mind, he harmed an arhat.
['T27n1545_119:0620b05_8']	是故得無間罪。	是故得無間罪。	Therefore, he committed an uninterrupted offense.
['T27n1545_119:0620b06_7']	問若先造餘無間。	問若先造餘無間。	Question: If one first commits another immediate [karma]
['T27n1545_119:0620b06_12']	後乃破僧。	後乃破僧。	and later splits the Sangha,
['T27n1545_119:0620b07_3']	彼生地獄先受何果。	彼生地獄先受何果。	in which hell will they first experience the fruits?
['T27n1545_119:0620b07_12']	若先受餘無間果者。	若先受餘無間果者。	If one first experiences the fruits of another immediate [karma],
['T27n1545_119:0620b08_3']	破僧應成順後次受。	破僧應成順後次受。	then splitting the Sangha should be the next in sequence to be experienced.
['T27n1545_119:0620b08_11']	若先受破僧果者。	若先受破僧果者。	If one first experiences the fruits of splitting the Sangha,
['T27n1545_119:0620b09_3']	餘無間應成順後次受。	餘無間應成順後次受。	then the other immediate [karma] should be the next in sequence to be experienced.
['T27n1545_119:0620b09_12']	答若先造餘無間業。	答若先造餘無間業。	Answer: If one first commits another immediate [karma],
['T27n1545_119:0620b10_1']	彼後不能破僧。	彼後不能破僧。	they will not later be able to split the Sangha.
['T27n1545_119:0620b10_6']	若先破僧。	若先破僧。	If one first splits the Sangha,
['T27n1545_119:0620b10_15']	後便能造餘無間業。	後便能造餘無間業。	and later commits another immediate [karma],
['T27n1545_119:0620b11_8']	彼後所造皆由破僧增上力故。	彼後所造皆由破僧增上力故。	then all that is later committed is due to the superior power of splitting the Sangha.
['T27n1545_119:0620b11_16']	同招無間地獄果。	同招無間地獄果。	It will all lead to the fruits of the immediate hells.
['T27n1545_119:0620b12_6']	餘順次生受惡行。	餘順次生受惡行。	The remaining evil actions to be experienced in the next life
['T27n1545_119:0620b12_15']	隨無間業准此應知。	隨無間業准此應知。	should be understood according to the immediate [karma].
['T27n1545_119:0620b13_2']	又先破僧。	又先破僧。	Moreover, if one first splits the Sangha,
['T27n1545_119:0620b13_9']	後造餘無間業。	後造餘無間業。	and later commits another immediate [karma],
['T27n1545_119:0620b14_4']	彼後所造皆由破僧增上力故。	彼後所造皆由破僧增上力故。	then all that is later committed is due to the superior power of splitting the Sangha.
['T27n1545_119:0620b14_9']	同招無間。	同招無間。	It will all lead to the immediate [hells].
['T27n1545_119:0620b15_4']	乃至極受一劫壽果更無增壽。	乃至極受一劫壽果更無增壽。	Up to experiencing the fruits of a lifespan of one eon, there is no further increase in lifespan.
['T27n1545_119:0620b15_12']	餘順次生受惡行。	餘順次生受惡行。	The remaining evil actions to be experienced in the next life,
['T27n1545_119:0620b16_7']	隨無間業壽量長短亦准此知。	隨無間業壽量長短亦准此知。	The length of life in the hells of the five uninterrupted [karmas] should be understood in the same way.
['T27n1545_119:0620b17_1']	問若因破僧生無間地獄。	問若因破僧生無間地獄。	Question: If one gives rise to the uninterrupted [karma] of destroying the Saṅgha,
['T27n1545_119:0620b17_11']	壽命未盡世界便壞者。	壽命未盡世界便壞者。	and the world is destroyed before the life span is exhausted,
['T27n1545_119:0620b17_16']	彼中夭不。	彼中夭不。	is there premature death in that [hell]?
['T27n1545_119:0620b18_14']	若中夭者彼極重業所引壽量云何中斷。	若中夭者彼極重業所引壽量云何中斷。	If there is premature death, how can the life span induced by that extremely grave karma be interrupted?
['T27n1545_119:0620b19_12']	若不夭者云何不與世界壞而作留難。	若不夭者云何不與世界壞而作留難。	If there is no premature death, why does it not obstruct the destruction of the world?
['T27n1545_119:0620b19_17']	如契經說。	如契經說。	As a scripture says:
['T27n1545_119:0620b20_12']	若處乃至一有情在災便不壞。	若處乃至一有情在災便不壞。	If there is even one sentient being in a place, the calamity will not destroy it.
['T27n1545_119:0620b21_4']	答若壽量定彼無中夭。	答若壽量定彼無中夭。	Answer: If the life span is fixed, there is no premature death.
['T27n1545_119:0620b22_2']	問若爾云何不於世界壞而作留難。	問若爾云何不於世界壞而作留難。	Question: If so, why does it not obstruct the destruction of the world?
['T27n1545_119:0620b22_17']	答彼由業力引置餘世界地獄中受。	答彼由業力引置餘世界地獄中受。	Answer: They are placed in other worlds' hells by the power of karma to experience.
['T27n1545_119:0620b23_8']	如王都內欲有恩赦。	如王都內欲有恩赦。	It is like when the capital wants to grant amnesty,
['T27n1545_119:0620b23_17']	先移重囚置於邊獄。	先移重囚置於邊獄。	it first moves the most serious prisoners to border prisons,
['T27n1545_119:0620b24_4']	然後放赦。	然後放赦。	and then grants amnesty.
['T27n1545_119:0620b24_9']	彼亦如是。	彼亦如是。	It is the same for them.
['T27n1545_119:0620b24_12']	有說。	有說。	Some say:
['T27n1545_119:0620b25_1']	此世界將欲壞時。	此世界將欲壞時。	When this world is about to be destroyed,
['T27n1545_119:0620b25_11']	若諸有情造無間業者。	若諸有情造無間業者。	if there are sentient beings who commit the uninterrupted [karmas],
['T27n1545_119:0620b26_4']	彼命終法爾更不生此間。	彼命終法爾更不生此間。	When their lives end, they will not be reborn in this world.
['T27n1545_119:0620b27_2']	而必生於餘世界地獄中受此業果。	而必生於餘世界地獄中受此業果。	But they will definitely be reborn in the hells of other worlds to experience the fruits of this karma.
['T27n1545_119:0620b27_5']	有說。	有說。	Some say:
['T27n1545_119:0620b27_12']	世界將欲壞時。	世界將欲壞時。	When the world is about to perish,
['T27n1545_119:0620b28_2']	定無有情造極惡業。	定無有情造極惡業。	there are definitely no sentient beings who create extremely evil karma.
['T27n1545_119:0620b29_9']	問頗有具造五無間耶。	問頗有具造五無間耶。	Question: Can one commit all five immediate [karmas]?
['T27n1545_119:0620b29_13']	有說無。	有說無。	Some say no.
['T27n1545_119:0620b29_18']	所以者何。	所以者何。	Why is that?
['T27n1545_119:0620c01_12']	此業極重無器能勝而容受故。	此業極重無器能勝而容受故。	Because this karma is extremely heavy, and there is no vessel that can surpass it and accommodate it.
['T27n1545_119:0620c01_17']	有餘師說。	有餘師說。	Other masters say:
['T27n1545_119:0620c02_4']	有具造五。	有具造五。	There are those who commit all five.
['T27n1545_119:0620c02_11']	如迦葉波佛時。	如迦葉波佛時。	Like at the time of Kāśyapa Buddha,
['T27n1545_119:0620c02_18']	有苾芻名花上。	有苾芻名花上。	there was a bhikṣu named Puṣpacandra.
['T27n1545_119:0620c03_11']	是譽上子彼具造五無間業。	是譽上子彼具造五無間業。	He was the son of Yaśacandra. He committed all five immediate [karmas]
['T27n1545_119:0620c03_16']	及斷善根。	及斷善根。	and severed the roots of goodness.
['T27n1545_119:0620c04_4']	問由一無間。	問由一無間。	Question: Due to one immediate [karma],
['T27n1545_119:0620c04_10']	與乃至由五。	與乃至由五。	up to due to five,
['T27n1545_119:0620c05_1']	墮於地獄有何差別。	墮於地獄有何差別。	what is the difference in falling into hell?
['T27n1545_119:0620c05_11', 'T27n1545_119:0620c06_2']	答由一無間墮地獄者。🔽其身狹小苦具不多。	答由一無間墮地獄者。 其身狹小苦具不多。	Answer: One who falls into hell due to one immediate [karma]🔽has a small body and does not have many instruments of suffering.
['T27n1545_119:0620c06_11']	苦受現前非極猛利。	苦受現前非極猛利。	The suffering experienced is not extremely intense.
['T27n1545_119:0620c07_5']	若乃至由五無間墮地獄者。	若乃至由五無間墮地獄者。	If one falls into hell due to up to five heinous acts,
['T27n1545_119:0620c07_14']	其身廣大苦具增多。	其身廣大苦具增多。	their body becomes vast and the instruments of suffering increase.
['T27n1545_119:0620c08_5']	苦受現前極為猛利。	苦受現前極為猛利。	The suffering they experience becomes extremely intense.
['T27n1545_119:0620c09_9']	問五無間業何者最重。	問五無間業何者最重。	Question: Among the five heinous acts, which one is the most serious?
['T27n1545_119:0620c10_2']	答破和合僧壞法身故。	答破和合僧壞法身故。	Answer: Because it destroys the Dharma body, breaking the harmony of the Saṅgha is the most serious.
['T27n1545_119:0620c10_8']	次出佛身血。	次出佛身血。	Next is drawing blood from a Buddha.
['T27n1545_119:0620c10_14']	次害阿羅漢。	次害阿羅漢。	Next is harming an arhat.
['T27n1545_119:0620c10_18']	次害母。	次害母。	Next is harming one's mother.
['T27n1545_119:0620c11_3']	後害父。	後害父。	Last is harming one's father.
['T27n1545_119:0620c11_12']	母之恩養於父為重。	母之恩養於父為重。	The mother's kindness and support is more serious than the father's.
['T27n1545_119:0620c12_5']	德田勢力於恩田為勝故。	德田勢力於恩田為勝故。	Because the power of the field of merit is superior to the power of the field of kindness.
['T27n1545_119:0620c13_1']	問世尊所有諸無學法說名為佛。	問世尊所有諸無學法說名為佛。	Question: The Blessed One's all unlearned dharmas are called the Buddha.
['T27n1545_119:0620c13_6']	此不可害。	此不可害。	This cannot be harmed.
['T27n1545_119:0620c14_1']	云何惡心出血得無間罪耶。	云何惡心出血得無間罪耶。	How can one obtain the uninterrupted sin of drawing blood with an evil mind?
['T27n1545_119:0620c14_8', 'T27n1545_119:0620c14_17']	尊者世友說曰。🔽以於能成大菩提法。	尊者世友說曰。 以於能成大菩提法。	Venerable Vasumitra said:
['T27n1545_119:0620c15_7']	起惡意樂欲毀壞故。	起惡意樂欲毀壞故。	Because one gives rise to an evil intention to destroy the dharmas that accomplish great enlightenment.
['T27n1545_119:0620c16_3']	雖害生身而於彼得無間罪。	雖害生身而於彼得無間罪。	Although one harms the physical body, one obtains the uninterrupted sin with regard to them.
['T27n1545_119:0620c16_16']	復次成諸佛無學法依生身轉。	復次成諸佛無學法依生身轉。	Moreover, the unlearned dharmas of all Buddhas are based on the physical body.
['T27n1545_119:0620c17_9']	若壞所依當知亦壞能依。	若壞所依當知亦壞能依。	If the basis is destroyed, it should be known that the dependent is also destroyed.
['T27n1545_119:0620c17_16']	如缾破乳則失。	如缾破乳則失。	Just as when a pot is broken, the milk is lost.
['T27n1545_119:0620c18_5']	是以得無間罪。	是以得無間罪。	Therefore, one obtains the uninterrupted sin.
['T27n1545_119:0620c18_15']	問如起惡心出佛身血。	問如起惡心出佛身血。	Question: As for giving rise to an evil mind and drawing blood from the Buddha's body,
['T27n1545_119:0620c19_2']	得無間罪。	得無間罪。	one obtains the uninterrupted sin.
['T27n1545_119:0620c19_12']	頗有起惡心不至出血。	頗有起惡心不至出血。	Can there be giving rise to an evil mind without drawing blood,
['T27n1545_119:0620c20_3']	亦得此無間罪耶。	亦得此無間罪耶。	and still obtain this uninterrupted sin?
['T27n1545_119:0620c20_6']	答有。	答有。	Answer: There can be.
['T27n1545_119:0620c20_13']	是故應作四句。	是故應作四句。	Therefore, one should make four statements.
['T27n1545_119:0620c21_9']	有起惡心出佛身血不得無間罪。	有起惡心出佛身血不得無間罪。	There is giving rise to an evil mind and drawing blood from the Buddha's body without obtaining the uninterrupted sin.
['T27n1545_119:0620c22_1']	謂起欲打心而出血。	謂起欲打心而出血。	It means giving rise to a mind wishing to strike and drawing blood.
['T27n1545_119:0620c22_10']	有起惡心不至出血。	有起惡心不至出血。	There is giving rise to an evil mind without reaching drawing blood,
['T27n1545_119:0620c22_16']	而得無間罪。	而得無間罪。	and still obtaining the uninterrupted sin.
['T27n1545_119:0620c23_10']	謂起欲殺心乃至令血移處。	謂起欲殺心乃至令血移處。	It means giving rise to a mind wishing to kill, up to causing the blood to move to another place.
['T27n1545_119:0620c24_2']	有起惡心出佛身血。	有起惡心出佛身血。	There is giving rise to an evil mind and drawing blood from the Buddha's body,
['T27n1545_119:0620c24_8']	亦得無間罪。	亦得無間罪。	and also obtaining the uninterrupted sin.
['T27n1545_119:0620c24_17']	謂起欲殺心而出血。	謂起欲殺心而出血。	It means giving rise to a mind wishing to kill and drawing blood.
['T27n1545_119:0620c25_7']	有起惡心不至出血。	有起惡心不至出血。	There is giving rise to an evil mind without reaching drawing blood,
['T27n1545_119:0620c25_13']	不得無間罪。	不得無間罪。	and not obtaining the uninterrupted sin.
['T27n1545_119:0620c26_8']	謂起欲打心乃至令血移處。	謂起欲打心乃至令血移處。	It means giving rise to a mind wishing to strike, up to causing the blood to move to another place.
['T27n1545_119:0620c27_1']	問佛身為有瘡穴等不。	問佛身為有瘡穴等不。	Question: Does the Buddha's body have wounds and openings, etc.?
['T27n1545_119:0620c27_4']	答無。	答無。	Answer: No.
['T27n1545_119:0620c27_9']	所以者何。	所以者何。	Why is it so?
['T27n1545_119:0620c27_18']	一切如來相好圓滿。	一切如來相好圓滿。	All Tathagatas are perfectly endowed with excellent characteristics.
['T27n1545_119:0620c28_7']	身毛皮等殊妙齊平。	身毛皮等殊妙齊平。	The hairs on their bodies are exquisite and even.
['T27n1545_119:0620c28_16']	是故無有瘡穴等事。	是故無有瘡穴等事。	Therefore, there are no such things as wounds or holes.
['T27n1545_119:0620c29_3']	問此何業果。	問此何業果。	Question: What is the karmic result of this?
['T27n1545_119:0621a01_1']	答如來昔於三無數劫修菩薩行時。	答如來昔於三無數劫修菩薩行時。	Answer: When the Tathagata was cultivating the bodhisattva path for three incalculably long eons in the past,
['T27n1545_119:0621a01_10']	若見有情身分缺壞。	若見有情身分缺壞。	if he saw sentient beings with incomplete limbs and body parts,
['T27n1545_119:0621a02_5']	便起深悲方便救濟要令圓滿。	便起深悲方便救濟要令圓滿。	he would deeply feel compassion and use skillful means to rescue and help them, ensuring their completeness.
['T27n1545_119:0621a02_16']	若見佛像菩薩像聖僧像。	若見佛像菩薩像聖僧像。	If he saw damaged or destroyed Buddha images, Bodhisattva images, images of holy monks,🔽spirit shrines, stupas, and monasteries,
['T27n1545_119:0621a03_11', 'T27n1545_119:0621a03_16']	靈龕制多僧伽藍等彫落破壞。🔽方便修治。	靈龕制多僧伽藍等彫落破壞。 方便修治。	he would use skillful means to repair them,
['T27n1545_119:0621a04_2']	要令如本。	要令如本。	ensuring they were restored to their original state.
['T27n1545_119:0621a04_7']	由此業故。	由此業故。	Because of this karma,
['T27n1545_119:0621a05_2']	今得如是相好莊嚴無瘡穴等。	今得如是相好莊嚴無瘡穴等。	he now attains such excellent characteristics and adornments, without wounds or holes, etc.
['T27n1545_119:0621a06_12']	頗有故思害生命後不受遠離。	頗有故思害生命後不受遠離。	Is there a case where one intentionally harms life, but later does not accept the precept of non-harming,
['T27n1545_119:0621a07_6']	而於一切有情得防護耶。	而於一切有情得防護耶。	yet still gains protection from all sentient beings?
['T27n1545_119:0621a07_9']	答有。	答有。	Answer: There is.
['T27n1545_119:0621a08_4']	如起殺加行中間證見法性。	如起殺加行中間證見法性。	Such as when one gives rise to the intention to kill, but in the middle [of the process] realizes the nature of dharmas.
['T27n1545_119:0621a08_13']	此顯不因受諸學處。	此顯不因受諸學處。	This shows that it is not due to accepting the precepts.
['T27n1545_119:0621a09_5']	但由入正性離生時。	但由入正性離生時。	But it is only when one enters the stage of certainty of liberation
['T27n1545_119:0621a09_11']	得不作律儀。	得不作律儀。	That one attains the discipline of non-action.
['T27n1545_119:0621a09_16']	名為防護。	名為防護。	This is called protection.
['T27n1545_119:0621a10_2']	其事云何。	其事云何。	What is the matter?
['T27n1545_119:0621a10_12']	掣迦契經是此論根本。	掣迦契經是此論根本。	The Cakkavattisīhanāda Sutta is the basis of this treatise.
['T27n1545_119:0621a11_2']	昔有釋種名掣迦。	昔有釋種名掣迦。	In the past, there was a Śākya named Cakkavat.
['T27n1545_119:0621a11_9']	先是世尊祖父。	先是世尊祖父。	He was formerly the grandfather of the World-Honored One.
['T27n1545_119:0621a12_2']	僮僕因事逃叛住雪山所。	僮僕因事逃叛住雪山所。	His servants ran away due to circumstances and lived in the Himalayas.
['T27n1545_119:0621a12_11']	產育男女各數十人。	產育男女各數十人。	They gave birth to dozens of sons and daughters each.
['T27n1545_119:0621a13_1']	姻親強盛舍宅嚴好。	姻親強盛舍宅嚴好。	Their relatives were powerful and their houses were well-decorated.
['T27n1545_119:0621a13_13']	雖倉庫盈溢而以畋獵為事。	雖倉庫盈溢而以畋獵為事。	Although their granaries were full, they made hunting their occupation.
['T27n1545_119:0621a14_1']	曾於一時。	曾於一時。	Once,
['T27n1545_119:0621a14_10']	少壯丈夫皆出遊獵。	少壯丈夫皆出遊獵。	all the young and strong men went out hunting.
['T27n1545_119:0621a15_8']	時薄伽梵欲往天宮為報母恩安居說法。	時薄伽梵欲往天宮為報母恩安居說法。	At that time, the Blessed One wanted to go to the Heavenly Palace to repay his mother's kindness and preach the Dharma during the retreat.
['T27n1545_119:0621a15_17']	先以佛眼遍觀世間。	先以佛眼遍觀世間。	First, he used the Buddha's eye to observe the world everywhere.
['T27n1545_119:0621a16_8']	勿有眾生佛應親度。	勿有眾生佛應親度。	Do not let there be sentient beings whom the Buddha should personally deliver.
['T27n1545_119:0621a17_1']	由不見佛失獲益時。	由不見佛失獲益時。	Because of not seeing the Buddha, they missed the opportunity to gain benefits.
['T27n1545_119:0621a17_10']	尋見掣迦及諸眷屬。	尋見掣迦及諸眷屬。	He then saw Cakkavat and his relatives.
['T27n1545_119:0621a17_19']	善根已熟見諦時至。	善根已熟見諦時至。	Their wholesome roots had already matured and the time to see the truth had come.
['T27n1545_119:0621a18_8']	爾時世尊為度彼故。	爾時世尊為度彼故。	At that time, the World-Honored One, in order to deliver them,
['T27n1545_119:0621a18_17']	從住處沒現彼門前。	從住處沒現彼門前。	disappeared from their dwelling place and appeared in front of the gate.
['T27n1545_119:0621a19_8']	老父遙見則知是佛。	老父遙見則知是佛。	The old father saw from afar and knew it was the Buddha.
['T27n1545_119:0621a19_17']	歡喜迎逆恭敬作禮。	歡喜迎逆恭敬作禮。	He joyfully welcomed and revered him, making prostrations.
['T27n1545_119:0621a20_2']	白言。	白言。	He said:
['T27n1545_119:0621a20_5']	聖子。	聖子。	Holy son,
['T27n1545_119:0621a20_14']	今是何日降至我家。	今是何日降至我家。	on what day did you descend to my house?
['T27n1545_119:0621a20_19']	善逝法王。	善逝法王。	The Well-Gone One, the Dharma King,
['T27n1545_119:0621a21_8']	今是何日得垂顧念。	今是何日得垂顧念。	on what day did you deign to think of me?
['T27n1545_119:0621a21_17']	即命掃灑敷飾淨座。	即命掃灑敷飾淨座。	He then ordered the sweeping and sprinkling, arranging and adorning the pure seat.
['T27n1545_119:0621a22_8']	燒香散花請佛世尊。	燒香散花請佛世尊。	He burned incense, scattered flowers, and invited the World-Honored Buddha.
['T27n1545_119:0621a22_13']	入家就座。	入家就座。	Entering the house, he took his seat.
['T27n1545_119:0621a22_18']	時彼老父。	時彼老父。	At that time, the old father,
['T27n1545_119:0621a23_8']	率諸女人稽首佛足。	率諸女人稽首佛足。	together with the women, bowed at the Buddha's feet.
['T27n1545_119:0621a23_17']	合掌恭敬取家所有。	合掌恭敬取家所有。	With palms joined in respect, he took all that was in the house.
['T27n1545_119:0621a24_12']	乾濕淨肉調和香味以奉世尊。	乾濕淨肉調和香味以奉世尊。	Dry and wet, pure meat, harmonizing flavors and fragrances, he offered to the World-Honored One.
['T27n1545_119:0621a25_1']	爾時世尊告言。	爾時世尊告言。	At that time, the World-Honored One said:
['T27n1545_119:0621a25_4']	止止。	止止。	Stop, stop.
['T27n1545_119:0621a25_13']	諸佛如來不食血肉。	諸佛如來不食血肉。	The Buddhas, the Tathagatas, do not eat blood and flesh.
['T27n1545_119:0621a26_3']	時彼老父及諸女人。	時彼老父及諸女人。	At that time, the old father and the women,
['T27n1545_119:0621a26_12']	承命慚恥却坐一面。	承命慚恥却坐一面。	receiving the order, ashamed and embarrassed, sat to one side.
['T27n1545_119:0621a26_15']	有說。	有說。	Some say:
['T27n1545_119:0621a27_5']	佛於是日虛中而過。	佛於是日虛中而過。	The Buddha passed through the sky on this day.
['T27n1545_119:0621a27_8']	有說。	有說。	Some say:
['T27n1545_119:0621a27_17']	取北洲食以濟中時。	取北洲食以濟中時。	Taking food from the northern continent to sustain himself at midday.
['T27n1545_119:0621a28_8']	佛應彼機為說法要。	佛應彼機為說法要。	The Buddha, in accordance with their capacities, expounded the essential Dharma for them.
['T27n1545_119:0621a28_17']	合家大小同證離生。	合家大小同證離生。	The entire family, young and old, all attained the stage of non-retrogression.
['T27n1545_119:0621a29_8']	得預流果生淨法眼。	得預流果生淨法眼。	They attained the fruit of stream-entry and gave rise to the pure Dharma eye.
['T27n1545_119:0621a29_17']	深心歡喜瞻仰世尊。	深心歡喜瞻仰世尊。	With deep joy in their hearts, they gazed up at the World-Honored One.
['T27n1545_119:0621b01_8']	佛顧餘機重為說法。	佛顧餘機重為說法。	The Buddha looked at the other capacities and again expounded the Dharma for them.
['T27n1545_119:0621b01_17']	時諸少年收捕禽鹿。	時諸少年收捕禽鹿。	At that time, the young men were catching birds and deer.
['T27n1545_119:0621b02_12']	恣行殺害更設機穽擔肉而歸。	恣行殺害更設機穽擔肉而歸。	They indulged in killing and set traps, carrying the meat back home.
['T27n1545_119:0621b03_5']	至諸婦人常所迎處。	至諸婦人常所迎處。	They arrived at the place where the women always came to greet them.
['T27n1545_119:0621b03_14']	忽於是日特怪不來。	忽於是日特怪不來。	But on that day, they were especially surprised that they did not come.
['T27n1545_119:0621b04_2']	咸作是思。	咸作是思。	They all thought like this:
['T27n1545_119:0621b04_7']	勿有他故。	勿有他故。	Could it be for some other reason?
['T27n1545_119:0621b04_16']	登高覘望遙見家中。	登高覘望遙見家中。	They climbed high to look out and saw from afar that in their home
['T27n1545_119:0621b05_7']	有非常人威光赫奕。	有非常人威光赫奕。	there was an extraordinary person with majestic radiance,
['T27n1545_119:0621b05_16']	如鑄金臺父及女人。	如鑄金臺父及女人。	like a golden platform. The father and the women
['T27n1545_119:0621b06_7']	前後圍遶便生忿恚。	前後圍遶便生忿恚。	were surrounding him in front and back. They became angry.
['T27n1545_119:0621b06_12']	共相謂言。	共相謂言。	They said to each other:
['T27n1545_119:0621b07_3']	此等不迎必由彼制。	此等不迎必由彼制。	They did not come to greet us, it must be because of him.
['T27n1545_119:0621b07_12']	恚怒既深不遑釋擔。	恚怒既深不遑釋擔。	Their anger was so deep they did not have time to put down their burdens.
['T27n1545_119:0621b08_3']	持刀直進規欲害佛。	持刀直進規欲害佛。	They took their knives and went straight forward, intending to harm the Buddha.
['T27n1545_119:0621b08_8']	父叱之言。	父叱之言。	The father scolded them, saying:
['T27n1545_119:0621b08_13']	汝等止止。	汝等止止。	You must stop!
['T27n1545_119:0621b09_3']	此是聖子善逝法王。	此是聖子善逝法王。	This is the holy son, the Dharma King of the Well-Gone One.
['T27n1545_119:0621b09_16']	來度我等宜各慶幸勿起惡心。	來度我等宜各慶幸勿起惡心。	He has come to deliver us. You should each rejoice and not give rise to evil thoughts.
['T27n1545_119:0621b10_7']	諸子既聞咸生悔愧。	諸子既聞咸生悔愧。	When the sons heard this, they all felt remorse.
['T27n1545_119:0621b10_16']	棄刀釋擔稽首求哀。	棄刀釋擔稽首求哀。	They abandoned their knives and burdens, bowed their heads in repentance, and sought mercy.
['T27n1545_119:0621b11_7']	恭敬合掌却坐一面。	恭敬合掌却坐一面。	They respectfully joined their palms together and sat to one side.
['T27n1545_119:0621b11_16']	佛應彼機為說法要。	佛應彼機為說法要。	The Buddha, in accordance with their capacities, expounded the essential Dharma for them.
['T27n1545_119:0621b12_11']	諸子聞已亦證離生得預流果。	諸子聞已亦證離生得預流果。	When the sons heard it, they also attained the detachment from birth and realized the fruit of stream-entry.
['T27n1545_119:0621b12_16']	生淨法眼。	生淨法眼。	They gave rise to the pure Dharma eye.
['T27n1545_119:0621b13_7']	深心歡喜瞻仰世尊。	深心歡喜瞻仰世尊。	With a deeply joyful mind, they gazed up at the World-Honored One.
['T27n1545_119:0621b13_16']	時林野中無量蟲鹿。	時林野中無量蟲鹿。	At that time, in the forest and fields, countless insects and deer
['T27n1545_119:0621b14_6']	衝諸機穽死傷非一。	衝諸機穽死傷非一。	Were caught in the traps, and many were killed or injured.
['T27n1545_119:0621b15_6']	由聖道力令諸子等殺生業道無表不生。	由聖道力令諸子等殺生業道無表不生。	By the power of the holy path, he caused the sons to not give rise to the non-manifest karma of killing.
['T27n1545_119:0621b16_3']	問殺何等生於加行位可入聖道。	問殺何等生於加行位可入聖道。	Question: What kind of life is it that one can enter the holy path in the stage of preparation for killing?
['T27n1545_119:0621b16_8']	有作是說。	有作是說。	Some say:
['T27n1545_119:0621b16_17']	殺傍生等但非殺人。	殺傍生等但非殺人。	It is only killing animals, not humans.
['T27n1545_119:0621b17_4']	有作是說。	有作是說。	Some say:
['T27n1545_119:0621b17_17']	亦通殺人唯除已起無間加行。	亦通殺人唯除已起無間加行。	It also includes killing humans, except for those who have already begun the uninterrupted preparation.
['T27n1545_119:0621b18_4']	故作是說。	故作是說。	Therefore, it is said:
['T27n1545_119:0621b19_9']	如起殺加行中間證見法性若於一切有情得防護。	如起殺加行中間證見法性若於一切有情得防護。	If one realizes the nature of dharmas while in the process of carrying out the act of killing, does one obtain protection for all sentient beings?
['T27n1545_119:0621b20_3']	彼於一切有情受遠離耶。	彼於一切有情受遠離耶。	Do they receive the precept of non-harming for all sentient beings?
['T27n1545_119:0621b20_9']	答應作四句。	答應作四句。	The answer is that there are four possibilities.
['T27n1545_119:0621b21_2']	有於一切有情得防護。	有於一切有情得防護。	There are those who obtain protection for all sentient beings,
['T27n1545_119:0621b21_7']	非受遠離。	非受遠離。	but do not receive the precept of non-harming.
['T27n1545_119:0621b22_1']	如不受學處而證見法性。	如不受學處而證見法性。	Like realizing the nature of dharmas without accepting the precepts.
['T27n1545_119:0621b22_11']	此顯不受別解脫律儀。	此顯不受別解脫律儀。	This shows that those who have not accepted the prātimokṣa precepts
['T27n1545_119:0621b22_17']	名不受學處。	名不受學處。	are called those who do not accept the precepts.
['T27n1545_119:0621b23_8']	有於一切有情受遠離。	有於一切有情受遠離。	There are those who receive the precept of non-harming for all sentient beings,
['T27n1545_119:0621b23_13']	非得防護。	非得防護。	but do not obtain protection.
['T27n1545_119:0621b24_5']	如受學處而犯遠離。	如受學處而犯遠離。	Like accepting the precepts but violating the precept of non-harming.
['T27n1545_119:0621b24_15']	此顯雖受別解脫律儀。	此顯雖受別解脫律儀。	This shows that although one has accepted the prātimokṣa precepts,
['T27n1545_119:0621b25_5']	而由不如理作意。	而由不如理作意。	due to improper attention
['T27n1545_119:0621b25_12']	及貪等煩惱故。	及貪等煩惱故。	and afflictions such as greed,
['T27n1545_119:0621b26_3']	於所防護不能遠離。	於所防護不能遠離。	one is unable to refrain from harming those whom one is supposed to protect.
['T27n1545_119:0621b27_1']	有於一切有情得防護亦受遠離。	有於一切有情得防護亦受遠離。	There are those who obtain protection and receive the precept of non-harming for all sentient beings,
['T27n1545_119:0621b27_10']	如受學處不犯遠離。	如受學處不犯遠離。	like accepting the precepts and not violating the precept of non-harming.
['T27n1545_119:0621b28_3']	此顯已受別解脫律儀。	此顯已受別解脫律儀。	This shows that one has already accepted the prātimokṣa precepts
['T27n1545_119:0621b28_12']	復能如理作意思擇。	復能如理作意思擇。	and is able to contemplate with proper attention.
['T27n1545_119:0621b29_2']	乃至為命亦不故犯。	乃至為命亦不故犯。	Even for the sake of life, they do not intentionally violate [the precepts].
['T27n1545_119:0621b29_11']	如聞昔有乞食苾芻。	如聞昔有乞食苾芻。	It is said that in the past there was a bhikṣu who begged for food.
['T27n1545_119:0621c01_2']	次第巡里到珠師舍。	次第巡里到珠師舍。	He went in order to the house of a bead-maker.
['T27n1545_119:0621c02_2']	正逢彼匠為王穿珠見苾芻來歡喜持鉢。	正逢彼匠為王穿珠見苾芻來歡喜持鉢。	Just as the craftsman was stringing beads for the king, he saw the bhikṣu coming and joyfully held his bowl.
['T27n1545_119:0621c02_7']	入家取食。	入家取食。	He went into the house to get food.
['T27n1545_119:0621c02_16']	苾芻衣赤日照光生。	苾芻衣赤日照光生。	The bhikṣu's robe was red, and the light of the sun shone on it.
['T27n1545_119:0621c03_10']	遙映寶珠亦同赤色有鵝在側。	遙映寶珠亦同赤色有鵝在側。	From a distance it illuminated the precious beads, which also had a red color. There was a goose beside them.
['T27n1545_119:0621c03_15']	謂肉便吞。	謂肉便吞。	[The goose] thought it was meat and swallowed it.
['T27n1545_119:0621c04_6']	苾芻見之遮護不及。	苾芻見之遮護不及。	The bhikṣu saw it but could not stop it in time.
['T27n1545_119:0621c05_6']	珠師持鉢盛滿食來授與苾芻交謝而去。	珠師持鉢盛滿食來授與苾芻交謝而去。	The bead-maker filled the bowl with food, gave it to the bhikṣu, and left after exchanging greetings.
['T27n1545_119:0621c05_15']	其人於後覺少一珠。	其人於後覺少一珠。	Later, the man noticed that one bead was missing.
['T27n1545_119:0621c06_6']	竊謂苾芻盜而持去。	竊謂苾芻盜而持去。	He secretly thought that the bhikṣu had stolen it and taken it away.
['T27n1545_119:0621c06_15']	尋則奔逐擒獲將還。	尋則奔逐擒獲將還。	He then chased after him and caught up with him, bringing him back.
['T27n1545_119:0621c06_18']	責言。	責言。	He accused him, saying,
['T27n1545_119:0621c07_5']	沙門汝既釋子。	沙門汝既釋子。	You are a śramaṇa, a disciple of Śākyamuni.
['T27n1545_119:0621c07_14']	何無廉恥盜我王珠。	何無廉恥盜我王珠。	How can you be shameless and steal the king's beads from me?
['T27n1545_119:0621c08_1']	苾芻答言。	苾芻答言。	The bhikṣu replied,
['T27n1545_119:0621c08_6']	我無此事。	我無此事。	I did not do this.
['T27n1545_119:0621c08_11']	其人竊念。	其人竊念。	The man secretly thought,
['T27n1545_119:0621c09_1']	若不苦治珠不可得。	若不苦治珠不可得。	If I do not punish him severely, I will not get the beads back.
['T27n1545_119:0621c09_10']	便加考楚觸處血流。	便加考楚觸處血流。	He was then beaten and tortured, blood flowing everywhere.
['T27n1545_119:0621c10_2']	彼吞珠鵝復來唼血。	彼吞珠鵝復來唼血。	The goose that had swallowed the pearl came again to lick the blood.
['T27n1545_119:0621c10_15']	其人恚憤以杖擊之鵝因致死。	其人恚憤以杖擊之鵝因致死。	The man became angry and struck it with a stick, causing the goose to die.
['T27n1545_119:0621c11_6']	苾芻便請看鵝死活。	苾芻便請看鵝死活。	The bhikṣu then asked to see if the goose was dead or alive.
['T27n1545_119:0621c11_11']	彼尋叱言。	彼尋叱言。	He was immediately scolded,
['T27n1545_119:0621c12_2']	且理出珠何預鵝事。	且理出珠何預鵝事。	What does the matter of a goose have to do with the pearl?
['T27n1545_119:0621c12_15']	苾芻固請彼乃為看報言已死。	苾芻固請彼乃為看報言已死。	The bhikṣu insisted, and he then went to see and reported that it was dead.
['T27n1545_119:0621c13_1']	苾芻告曰。	苾芻告曰。	The bhikṣu said,
['T27n1545_119:0621c13_6']	鵝吞汝珠。	鵝吞汝珠。	The goose swallowed your pearl.
['T27n1545_119:0621c13_11']	其人不信。	其人不信。	The man did not believe it,
['T27n1545_119:0621c13_16']	猶疑假託。	猶疑假託。	still suspecting it was a pretext.
['T27n1545_119:0621c14_2']	苾芻謂曰。	苾芻謂曰。	The bhikṣu said to him,
['T27n1545_119:0621c14_7']	我實見吞。	我實見吞。	I really saw it swallow it.
['T27n1545_119:0621c14_16']	彼遂持刀以剖鵝腹。	彼遂持刀以剖鵝腹。	He then took a knife and cut open the goose's belly.
['T27n1545_119:0621c15_6']	乃於腹內得所失珠。	乃於腹內得所失珠。	He found the lost pearl inside the belly.
['T27n1545_119:0621c15_15']	彼生慚恥悲喜交集。	彼生慚恥悲喜交集。	He felt ashamed and was filled with sorrow and joy.
['T27n1545_119:0621c16_4']	禮謝苾芻白言。	禮謝苾芻白言。	He bowed in respect to the bhikṣu and said,
['T27n1545_119:0621c16_7']	尊者。	尊者。	Venerable one,
['T27n1545_119:0621c16_16']	何不早示使我盲愚。	何不早示使我盲愚。	why didn't you tell me earlier, causing me to be blind and foolish?
['T27n1545_119:0621c17_7']	苦楚尊身造斯惡業。	苦楚尊身造斯惡業。	I tortured your body and created this evil karma.
['T27n1545_119:0621c17_16']	長夜受苦無有出期。	長夜受苦無有出期。	I will suffer for a long time without any hope of release.
['T27n1545_119:0621c18_3']	苾芻告言。	苾芻告言。	The bhikṣu said to him,
['T27n1545_119:0621c18_8']	我受禁戒。	我受禁戒。	I uphold the precepts.
['T27n1545_119:0621c18_17']	寧捨身命不傷蟻卵。	寧捨身命不傷蟻卵。	They would rather give up their lives than harm even an ant egg.
['T27n1545_119:0621c19_7']	若先示汝必定害鵝。	若先示汝必定害鵝。	If they first show you, you will definitely harm the goose.
['T27n1545_119:0621c19_16']	不護眾生豈名持戒。	不護眾生豈名持戒。	How can one who does not protect sentient beings be said to uphold the precepts?
['T27n1545_119:0621c20_15']	如此等類名於有情亦得防護亦受遠離。	如此等類名於有情亦得防護亦受遠離。	Such people are said to both protect and abandon sentient beings.
['T27n1545_119:0621c21_14']	有非於一切有情得防護亦非受遠離。	有非於一切有情得防護亦非受遠離。	There are those who neither protect nor abandon all sentient beings.
['T27n1545_119:0621c22_7']	謂除前相相謂所名。	謂除前相相謂所名。	This refers to those who have excluded the above characteristics. Characteristics refer to the names.
['T27n1545_119:0621c22_12']	如前廣說。	如前廣說。	As explained in detail above.
['T27n1545_119:0621c23_8']	謂除成就三律儀人二律儀天趣。	謂除成就三律儀人二律儀天趣。	This refers to those who have excluded the three types of precepts, the two types of precepts, and the heavenly realms.
['T27n1545_119:0621c23_16']	餘人天及餘趣全。	餘人天及餘趣全。	The rest of the human and heavenly realms, and the other realms.
['T27n1545_119:0621c24_7']	作第四句故言除前相。	作第四句故言除前相。	This is the fourth category, therefore it says excluding the above characteristics.
['T27n1545_119:0621c24_17']	有四種律儀名為防護。	有四種律儀名為防護。	There are four types of precepts called protection.
['T27n1545_119:0621c25_6']	一別解脫律儀。	一別解脫律儀。	First, the precepts of individual liberation.
['T27n1545_119:0621c25_12']	二靜慮律儀。	二靜慮律儀。	Second, the precepts of meditation.
['T27n1545_119:0621c25_18']	三無漏律儀。	三無漏律儀。	Third, the precepts of the undefiled.
['T27n1545_119:0621c26_3']	四斷律儀。	四斷律儀。	Fourth, the precepts of cessation.
['T27n1545_119:0621c26_10']	別解脫律儀者。	別解脫律儀者。	As for the precepts of individual liberation,
['T27n1545_119:0621c26_16']	謂欲界尸羅。	謂欲界尸羅。	This refers to the precepts of the desire realm.
['T27n1545_119:0621c27_2']	靜慮律儀者。	靜慮律儀者。	As for the precepts of meditation,
['T27n1545_119:0621c27_8', 'T27n1545_119:0621c27_14']	謂色界尸羅。🔽無漏律儀者。	謂色界尸羅。 無漏律儀者。	This refers to the precepts of the form realm.🔽As for the precepts of the undefiled,
['T27n1545_119:0621c27_20']	謂無漏尸羅。	謂無漏尸羅。	This refers to the precepts of the undefiled.
['T27n1545_119:0621c28_4']	斷律儀者。	斷律儀者。	As for the precepts of abandoning,
['T27n1545_119:0621c29_1']	謂於靜慮無漏二律儀中各取少分。	謂於靜慮無漏二律儀中各取少分。	it means taking a small part from the two precepts of dhyāna and pure precepts.
['T27n1545_119:0621c29_11']	離欲界染九無間道中。	離欲界染九無間道中。	In the nine uninterrupted paths of separating from the defilements of the desire realm,
['T27n1545_119:0622a01_3']	世俗隨轉戒二律儀攝。	世俗隨轉戒二律儀攝。	the conventional precepts that accompany are included in the two precepts.
['T27n1545_119:0622a01_9']	謂靜慮律儀。	謂靜慮律儀。	That is, the precepts of dhyāna,
['T27n1545_119:0622a01_14']	及斷律儀。	及斷律儀。	and the precepts of abandoning.
['T27n1545_119:0622a02_5']	無漏隨轉戒亦二律儀攝。	無漏隨轉戒亦二律儀攝。	The pure precepts that accompany are also included in the two precepts.
['T27n1545_119:0622a02_11']	謂無漏律儀。	謂無漏律儀。	That is, the pure precepts,
['T27n1545_119:0622a02_16']	及斷律儀。	及斷律儀。	and the precepts of abandoning.
['T27n1545_119:0622a03_6', 'T27n1545_119:0622a04_1']	問何故唯此名斷律儀。🔽答能與破戒及起破戒煩惱。	問何故唯此名斷律儀。 答能與破戒及起破戒煩惱。	Why are they only called the precepts of abandoning?
['T27n1545_119:0622a04_7']	作斷對治故。	作斷對治故。	Answer: Because they can act as the counteractive to breaking the precepts and the defilements that give rise to breaking the precepts.
['T27n1545_119:0622a04_15']	謂前八無間道中。	謂前八無間道中。	That is, in the first eight uninterrupted paths,
['T27n1545_119:0622a05_1']	二隨轉戒。	二隨轉戒。	the two precepts that accompany
['T27n1545_119:0622a05_13']	唯與起破戒煩惱作斷對治。	唯與起破戒煩惱作斷對治。	only act as the counteractive to the defilements that give rise to breaking the precepts.
['T27n1545_119:0622a06_2', 'T27n1545_119:0622a06_17']	第九無間道中。🔽二隨轉戒通與破戒及起破戒煩惱。	第九無間道中。 二隨轉戒通與破戒及起破戒煩惱。	In the ninth uninterrupted path,
['T27n1545_119:0622a07_4']	作斷對治。	作斷對治。	the two precepts that accompany are both the counteractive to breaking the precepts and the defilements that give rise to breaking the precepts.
['T27n1545_119:0622a08_3']	是故靜慮無漏律儀對斷律儀應作四句。	是故靜慮無漏律儀對斷律儀應作四句。	Therefore, the precepts of dhyāna and pure precepts should be made into four statements in relation to the precepts of abandoning.
['T27n1545_119:0622a08_12']	靜慮律儀對斷律儀。	靜慮律儀對斷律儀。	The precepts of dhyāna in relation to the precepts of abandoning,
['T27n1545_119:0622a08_17']	作四句者。	作四句者。	Those who make four statements say:
['T27n1545_119:0622a09_5']	有是靜慮律儀。	有是靜慮律儀。	There is the restraint of meditation,
['T27n1545_119:0622a09_10']	非斷律儀。	非斷律儀。	but not the restraint of abandoning.🔽This refers to the mundane following precepts,
['T27n1545_119:0622a10_4', 'T27n1545_119:0622a10_10', 'T27n1545_119:0622a10_18']	謂除離欲界染九無間道中。🔽世俗隨轉戒。🔽諸餘世俗隨轉戒。	謂除離欲界染九無間道中。 世俗隨轉戒。 諸餘世俗隨轉戒。	except for the nine uninterrupted paths in the separation from the defilements of the desire realm.
['T27n1545_119:0622a11_4']	有是斷律儀。	有是斷律儀。	There is the restraint of abandoning,
['T27n1545_119:0622a11_10', 'T27n1545_119:0622a12_3']	非靜慮律儀。🔽謂離欲界染九無間道中。	非靜慮律儀。 謂離欲界染九無間道中。	but not the restraint of meditation.🔽This refers to the uncontaminated following precepts,
['T27n1545_119:0622a12_9']	無漏隨轉戒。	無漏隨轉戒。	in the nine uninterrupted paths in the separation from the defilements of the desire realm.
['T27n1545_119:0622a12_16']	有是靜慮律儀。	有是靜慮律儀。	There is the restraint of meditation,
['T27n1545_119:0622a13_3']	亦是斷律儀。	亦是斷律儀。	and also the restraint of abandoning.🔽This refers to the mundane following precepts,
['T27n1545_119:0622a14_1', 'T27n1545_119:0622a14_8']	謂離欲界染九無間道中世俗隨轉戒。🔽有非靜慮律儀。	謂離欲界染九無間道中世俗隨轉戒。 有非靜慮律儀。	in the nine uninterrupted paths in the separation from the defilements of the desire realm.🔽There is neither the restraint of meditation,
['T27n1545_119:0622a14_14']	亦非斷律儀。	亦非斷律儀。	nor the restraint of abandoning.🔽This refers to the uncontaminated following precepts,
['T27n1545_119:0622a15_7', 'T27n1545_119:0622a15_13']	謂除離欲界染九無間道中。🔽無漏隨轉戒。	謂除離欲界染九無間道中。 無漏隨轉戒。	except for the nine uninterrupted paths in the separation from the defilements of the desire realm.
['T27n1545_119:0622a16_2']	諸餘無漏隨轉戒。	諸餘無漏隨轉戒。	This refers to the remaining uncontaminated following precepts.
['T27n1545_119:0622a16_15']	無漏律儀對斷律儀作四句者。	無漏律儀對斷律儀作四句者。	As for the uncontaminated restraint corresponding to the restraint of abandoning, those who make four statements say:
['T27n1545_119:0622a17_4']	有是無漏律儀。	有是無漏律儀。	There is the uncontaminated restraint,
['T27n1545_119:0622a17_9']	非斷律儀。	非斷律儀。	but not the restraint of abandoning.
['T27n1545_119:0622a18_8']	謂除離欲界染九無間道中無漏隨轉戒。	謂除離欲界染九無間道中無漏隨轉戒。	Namely, excluding the pure precepts that arise from the nine uninterrupted paths of detachment from the desire realm.
['T27n1545_119:0622a18_16']	諸餘無漏隨轉戒。	諸餘無漏隨轉戒。	All other pure precepts that arise.
['T27n1545_119:0622a19_3']	有是斷律儀。	有是斷律儀。	There are those that are precepts of abandoning,
['T27n1545_119:0622a19_9']	非無漏律儀。	非無漏律儀。	but not pure precepts.
['T27n1545_119:0622a20_7']	謂離欲界染九無間道中世俗隨轉戒。	謂離欲界染九無間道中世俗隨轉戒。	Namely, the conventional precepts that arise from the nine uninterrupted paths of detachment from the desire realm.
['T27n1545_119:0622a20_14']	有是無漏律儀。	有是無漏律儀。	There are those that are pure precepts,
['T27n1545_119:0622a21_1', 'T27n1545_119:0622a21_12']	亦是斷律儀。🔽謂離欲界染九無間道中。	亦是斷律儀。 謂離欲界染九無間道中。	and also precepts of abandoning.
['T27n1545_119:0622a21_18']	無漏隨轉戒。	無漏隨轉戒。	Namely, the pure precepts that arise from the nine uninterrupted paths of detachment from the desire realm.
['T27n1545_119:0622a22_6']	有非無漏律儀。	有非無漏律儀。	There are those that are neither pure precepts,
['T27n1545_119:0622a22_12', 'T27n1545_119:0622a23_6']	亦非斷律儀。🔽謂除離欲界染九無間道中。	亦非斷律儀。 謂除離欲界染九無間道中。	nor precepts of abandoning.
['T27n1545_119:0622a23_12']	世俗隨轉戒。	世俗隨轉戒。	Namely, excluding the conventional precepts that arise from the nine uninterrupted paths of detachment from the desire realm.
['T27n1545_119:0622a24_1']	諸餘世俗隨轉戒。	諸餘世俗隨轉戒。	All other conventional precepts that arise.
['T27n1545_119:0622a25_5']	問此四律儀。	問此四律儀。	Question: As for these four kinds of precepts,
['T27n1545_119:0622a25_10']	誰成就幾。	誰成就幾。	which ones are possessed by how many?
['T27n1545_119:0622a25_18']	答或有但成就一。	答或有但成就一。	Answer: There are those who only possess one,
['T27n1545_119:0622a26_5']	謂除斷律儀。	謂除斷律儀。	namely, excluding the precepts of abandoning.
['T27n1545_119:0622a26_14']	餘三律儀一一成就。	餘三律儀一一成就。	The remaining three kinds of precepts are each possessed.
['T27n1545_119:0622a27_6']	而無但成就斷律儀者。	而無但成就斷律儀者。	But there are none who only possess the precepts of abandoning.
['T27n1545_119:0622a27_12']	或有成就二。	或有成就二。	There are those who possess two,
['T27n1545_119:0622a27_18']	謂或別解脫。	謂或別解脫。	namely, either the precepts of individual liberation,
['T27n1545_119:0622a28_3']	靜慮二。	靜慮二。	Two of the dhyāna [liberations].
['T27n1545_119:0622a28_7']	或靜慮。	或靜慮。	Or dhyāna.
['T27n1545_119:0622a28_11']	無漏二。	無漏二。	Two of the pure [liberations].
['T27n1545_119:0622a28_17']	或靜慮斷二。	或靜慮斷二。	Or two of the dhyāna and pure [liberations].
['T27n1545_119:0622a29_7']	而無成就無漏斷二者。	而無成就無漏斷二者。	But there is no one who has attained two of the pure [liberations].
['T27n1545_119:0622a29_13']	或有成就三。	或有成就三。	Some have attained three.
['T27n1545_119:0622b01_6']	謂或別解脫靜慮無漏三。	謂或別解脫靜慮無漏三。	Namely, either the three of individual liberation, dhyāna, and pure [liberations].
['T27n1545_119:0622b01_11']	或別解脫。	或別解脫。	Or the three of individual liberation,
['T27n1545_119:0622b01_16']	靜慮斷三。	靜慮斷三。	dhyāna, and cutting off [liberations].
['T27n1545_119:0622b02_5']	或靜慮無漏斷三。	或靜慮無漏斷三。	Or the three of dhyāna, pure, and cutting off [liberations].
['T27n1545_119:0622b03_1']	無有成就別解脫無漏斷三者。	無有成就別解脫無漏斷三者。	There is no one who has attained the three of individual liberation, pure, and cutting off [liberations].
['T27n1545_119:0622b03_8']	或有具成就四。	或有具成就四。	Some have attained all four.
['T27n1545_119:0622b04_2']	此中但成就別解脫律儀者。	此中但成就別解脫律儀者。	Among them, those who have only attained the individual liberation precepts
['T27n1545_119:0622b04_12']	謂異生生欲界受學處。	謂異生生欲界受學處。	are ordinary beings born in the desire realm who have accepted the precepts.
['T27n1545_119:0622b05_1']	未得色界善心。	未得色界善心。	They have not yet attained a wholesome mind of the form realm.
['T27n1545_119:0622b05_10']	但成就靜慮律儀者。	但成就靜慮律儀者。	Those who have only attained the dhyāna precepts
['T27n1545_119:0622b06_3']	謂異生生欲界不受學處。	謂異生生欲界不受學處。	are ordinary beings born in the desire realm who have not accepted the precepts.
['T27n1545_119:0622b06_13']	得色界善心而猶具縛。	得色界善心而猶具縛。	They have attained a wholesome mind of the form realm but are still bound by all fetters.
['T27n1545_119:0622b07_6']	及生第二第三第四靜慮。	及生第二第三第四靜慮。	And those born in the second, third, and fourth dhyānas.
['T27n1545_119:0622b07_15']	但成就無漏律儀者。	但成就無漏律儀者。	Those who have only attained the pure precepts
['T27n1545_119:0622b08_5']	謂聖者生無色界。	謂聖者生無色界。	are noble ones born in the formless realm.
['T27n1545_119:0622b08_16']	或成就別解脫靜慮二者。	或成就別解脫靜慮二者。	Or, one may possess both prātimokṣa and dhyāna precepts.
['T27n1545_119:0622b09_8']	謂異生生欲界受學處。	謂異生生欲界受學處。	This refers to ordinary beings born in the desire realm who have taken up the precepts.
['T27n1545_119:0622b10_1']	得色界善心而猶具縛。	得色界善心而猶具縛。	They have attained wholesome thoughts of the form realm but are still bound by all fetters.
['T27n1545_119:0622b10_11']	或成就靜慮無漏二者。	或成就靜慮無漏二者。	Or, one may possess both dhyāna and pure precepts.
['T27n1545_119:0622b11_4']	謂聖者生欲界不受學處。	謂聖者生欲界不受學處。	This refers to noble ones born in the desire realm who have not taken up the precepts.
['T27n1545_119:0622b11_10']	未離欲界染。	未離欲界染。	They have not yet become free from the defilements of the desire realm.
['T27n1545_119:0622b12_3']	及生第二第三第四靜慮。	及生第二第三第四靜慮。	And those born in the second, third, and fourth dhyāna absorptions.
['T27n1545_119:0622b12_12']	或成就靜慮斷二者。	或成就靜慮斷二者。	Or, one may possess both dhyāna and severance precepts.
['T27n1545_119:0622b13_5']	謂異生生欲界不受學處。	謂異生生欲界不受學處。	This refers to ordinary beings born in the desire realm who have not taken up the precepts.
['T27n1545_119:0622b13_17']	而離欲界一品乃至九品染。	而離欲界一品乃至九品染。	But who have become free from the defilements of the desire realm, from the first to the ninth category.
['T27n1545_119:0622b14_4']	及生初靜慮。	及生初靜慮。	And those born in the first dhyāna absorption.
['T27n1545_119:0622b14_17']	或成就別解脫靜慮無漏三者。	或成就別解脫靜慮無漏三者。	Or, one may possess all three: prātimokṣa, dhyāna, and pure precepts.
['T27n1545_119:0622b15_8']	謂聖者生欲界受學處。	謂聖者生欲界受學處。	This refers to noble ones born in the desire realm who have taken up the precepts.
['T27n1545_119:0622b15_14']	未離欲界染。	未離欲界染。	They have not yet become free from the defilements of the desire realm.
['T27n1545_119:0622b16_8']	或成就別解脫靜慮斷三者。	或成就別解脫靜慮斷三者。	Or, one may possess all three: prātimokṣa, dhyāna, and severance precepts.
['T27n1545_119:0622b16_18']	謂異生生欲界受學處。	謂異生生欲界受學處。	This refers to ordinary beings born in the desire realm who have taken up the precepts.
['T27n1545_119:0622b17_5']	離欲界一品。	離欲界一品。	Free from the first category of defilements of the desire realm,
['T27n1545_119:0622b17_11']	乃至九品染。	乃至九品染。	up to the ninth category of defilements.
['T27n1545_119:0622b18_4']	或成就靜慮無漏斷三者。	或成就靜慮無漏斷三者。	Or, one may possess all three: dhyāna, pure, and severance precepts.
['T27n1545_119:0622b18_15']	謂聖者生欲界不受學處。	謂聖者生欲界不受學處。	It refers to noble ones born in the desire realm who do not accept the precepts.
['T27n1545_119:0622b19_3']	離欲界一品。	離欲界一品。	Free from one category of defilements of the desire realm,
['T27n1545_119:0622b19_9']	乃至九品染。	乃至九品染。	up to nine categories of defilements.
['T27n1545_119:0622b19_15']	及生初靜慮。	及生初靜慮。	And born in the first dhyāna.
['T27n1545_119:0622b20_3']	或具成就四者。	或具成就四者。	Or fully possessing four.
['T27n1545_119:0622b20_13']	謂聖者生欲界受學處。	謂聖者生欲界受學處。	It refers to noble ones born in the desire realm who accept the precepts.
['T27n1545_119:0622b21_1']	離欲界一品。	離欲界一品。	Free from one category of defilements of the desire realm,
['T27n1545_119:0622b21_7']	乃至九品染。	乃至九品染。	up to nine categories of defilements.
['T27n1545_119:0622b22_9']	問此四律儀幾隨心轉。	問此四律儀幾隨心轉。	Question: Of these four types of discipline, how many are associated with the mind?
['T27n1545_119:0622b22_15']	幾不隨心轉。	幾不隨心轉。	How many are not associated with the mind?
['T27n1545_119:0622b23_3']	答三隨心轉。	答三隨心轉。	Answer: Three are associated with the mind.
['T27n1545_119:0622b23_9']	一不隨心轉。	一不隨心轉。	One is not associated with the mind.
['T27n1545_119:0622b23_16']	謂別解脫律儀。	謂別解脫律儀。	It refers to the discipline of individual liberation.
['T27n1545_119:0622b24_10']	問何故別解脫律儀不隨心轉。	問何故別解脫律儀不隨心轉。	Question: Why is the discipline of individual liberation not associated with the mind?
['T27n1545_119:0622b25_2']	答別解脫律儀麁而重。	答別解脫律儀麁而重。	Answer: The discipline of individual liberation is coarse and heavy,
['T27n1545_119:0622b25_12']	隨心轉律儀細而輕故。	隨心轉律儀細而輕故。	while the discipline associated with the mind is subtle and light.
['T27n1545_119:0622b25_15']	有說。	有說。	Some say:
['T27n1545_119:0622b26_8']	別解脫律儀為惡戒所損伏。	別解脫律儀為惡戒所損伏。	The discipline of individual liberation is damaged and suppressed by evil precepts,
['T27n1545_119:0622b27_5']	隨心轉律儀不為惡戒所損伏故。	隨心轉律儀不為惡戒所損伏故。	while the discipline associated with the mind is not damaged or suppressed by evil precepts.
['T27n1545_119:0622b27_8', 'T27n1545_119:0622b28_1']	有說。🔽別解脫律儀為惡意樂。	有說。 別解脫律儀為惡意樂。	Some say:🔽The discipline of individual liberation is damaged and suppressed by evil intentions
['T27n1545_119:0622b28_9']	及害意樂所損伏。	及害意樂所損伏。	and harmful intentions.
['T27n1545_119:0622b29_5']	隨心轉律儀不為彼所損伏故。	隨心轉律儀不為彼所損伏故。	Because the precepts that follow the mind do not become damaged or subdued by them.
['T27n1545_119:0622b29_8']	有說。	有說。	Some say:
['T27n1545_119:0622c01_1']	別解脫律儀勢用蹇鈍行。	別解脫律儀勢用蹇鈍行。	The power and function of the precepts of individual liberation are slow and inferior,
['T27n1545_119:0622c02_1']	不及心隨心轉律儀勢用捷利行及心故。	不及心隨心轉律儀勢用捷利行及心故。	not as quick as the mind or following the mind.
['T27n1545_119:0622c02_4']	有說。	有說。	Some say:
['T27n1545_119:0622c02_12']	別解脫律儀依表。	別解脫律儀依表。	The precepts of individual liberation rely on expression,
['T27n1545_119:0622c03_3']	隨心轉律儀依無表故。	隨心轉律儀依無表故。	while the precepts that follow the mind rely on non-expression.
['T27n1545_119:0622c03_6']	有說。	有說。	Some say:
['T27n1545_119:0622c03_15']	別解脫律儀是表果。	別解脫律儀是表果。	The precepts of individual liberation are the fruit of expression,
['T27n1545_119:0622c04_7']	隨心轉律儀是無表果故。	隨心轉律儀是無表果故。	while the precepts that follow the mind are the fruit of non-expression.
['T27n1545_119:0622c04_10']	有說。	有說。	Some say:
['T27n1545_119:0622c05_3']	別解脫律儀依表是表果。	別解脫律儀依表是表果。	The precepts of individual liberation rely on expression and are the fruit of expression,
['T27n1545_119:0622c05_15']	隨心轉律儀依心是心果故。	隨心轉律儀依心是心果故。	while the precepts that follow the mind rely on the mind and are the fruit of the mind.
['T27n1545_119:0622c05_18']	有說。	有說。	Some say:
['T27n1545_119:0622c06_5']	別解脫律儀。	別解脫律儀。	The precepts of individual liberation
['T27n1545_119:0622c06_14']	依部眾人和合受得。	依部眾人和合受得。	are obtained through the harmonious assembly of the community,
['T27n1545_119:0622c07_7']	隨心轉律儀但依法得故。	隨心轉律儀但依法得故。	while the precepts that follow the mind are obtained only through the Dharma.
['T27n1545_119:0622c07_10']	有說。	有說。	Some say:
['T27n1545_119:0622c08_1']	別解脫律儀依他得。	別解脫律儀依他得。	The precepts of individual liberation are obtained through others,
['T27n1545_119:0622c08_11']	隨心轉律儀依自得故。	隨心轉律儀依自得故。	while the precepts that follow the mind are obtained through oneself.
['T27n1545_119:0622c08_14']	有說。	有說。	Some say:
['T27n1545_119:0622c09_1']	別解脫律儀。	別解脫律儀。	The precepts of individual liberation
['T27n1545_119:0622c09_11']	不與心一生一住一滅。	不與心一生一住一滅。	It is not born, does not abide, and does not cease together with the mind.
['T27n1545_119:0622c09_17']	隨心轉律儀。	隨心轉律儀。	The precepts that follow the mind
['T27n1545_119:0622c10_8']	與心一生一住一滅故。	與心一生一住一滅故。	are born, abide, and cease together with the mind.
['T27n1545_119:0622c10_11']	有說。	有說。	Some say:
['T27n1545_119:0622c10_17']	別解脫律儀。	別解脫律儀。	The precepts of individual liberation
['T27n1545_119:0622c11_10']	不與心一果一等流一異熟。	不與心一果一等流一異熟。	are not of the same fruit, the same outflow, or the same ripening as the mind.
['T27n1545_119:0622c11_16']	隨心轉律儀。	隨心轉律儀。	The precepts that follow the mind
['T27n1545_119:0622c12_9']	與心一果一等流一異熟故。	與心一果一等流一異熟故。	are of the same fruit, the same outflow, and the same ripening as the mind.
['T27n1545_119:0622c12_12']	有說。	有說。	Some say:
['T27n1545_119:0622c12_18']	別解脫律儀。	別解脫律儀。	The precepts of individual liberation
['T27n1545_119:0622c13_5']	不與心俱生。	不與心俱生。	are not born together with the mind.
['T27n1545_119:0622c13_11']	隨心轉律儀。	隨心轉律儀。	The precepts that follow the mind
['T27n1545_119:0622c13_17']	與心俱生故。	與心俱生故。	are born together with the mind.
['T27n1545_119:0622c14_1']	有說。	有說。	Some say:
['T27n1545_119:0622c14_10']	隨心轉法理應如是。	隨心轉法理應如是。	The dharmas that follow the mind should be like this.
['T27n1545_119:0622c14_17']	心若善彼亦善。	心若善彼亦善。	If the mind is wholesome, they are also wholesome.
['T27n1545_119:0622c15_5']	不善無記亦爾。	不善無記亦爾。	Unwholesome and indeterminate are also the same.
['T27n1545_119:0622c15_14']	別解脫律儀唯是善。	別解脫律儀唯是善。	The precepts of individual liberation are only wholesome.
['T27n1545_119:0622c16_1']	若隨心轉者。	若隨心轉者。	If they follow the mind,
['T27n1545_119:0622c16_10']	善心起時彼可隨轉。	善心起時彼可隨轉。	when a wholesome mind arises, they can follow it.
['T27n1545_119:0622c17_3']	不善無記心起時彼應斷故。	不善無記心起時彼應斷故。	When an unwholesome or indeterminate mind arises, they should be severed.
['T27n1545_119:0622c17_6']	有說。	有說。	Some say:
['T27n1545_119:0622c17_15']	隨心轉法理應如是。	隨心轉法理應如是。	The dharmas that follow the mind should be like this.
['T27n1545_119:0622c18_5']	若心欲界彼亦欲界。	若心欲界彼亦欲界。	If the mind is in the desire realm, they are also in the desire realm.
['T27n1545_119:0622c18_14']	色無色界不繫亦爾。	色無色界不繫亦爾。	The same is true for the unconditioned dharmas of the form and formless realms.
['T27n1545_119:0622c19_5']	別解脫律儀唯是欲界。	別解脫律儀唯是欲界。	The prātimokṣa restraint is only of the desire realm.
['T27n1545_119:0622c20_2']	若隨心轉者欲界心起時彼可隨轉。	若隨心轉者欲界心起時彼可隨轉。	If it follows the mind, when a desire realm mind arises, it can follow it.
['T27n1545_119:0622c20_16']	色無色界不繫心起時彼應斷故。	色無色界不繫心起時彼應斷故。	When a mind of the form and formless realms or the unconditioned arises, it should be severed.
['T27n1545_119:0622c21_1']	有說。	有說。	Some say:
['T27n1545_119:0622c21_10']	隨心轉法理應如是。	隨心轉法理應如是。	The principle of dharmas that follow the mind should be like this.
['T27n1545_119:0622c22_1']	若心學彼亦學無學。	若心學彼亦學無學。	If the mind is cultivated, it is also cultivated and unlearned.
['T27n1545_119:0622c22_9']	非學非無學亦爾。	非學非無學亦爾。	Non-cultivated and non-unlearned is also like this.
['T27n1545_119:0622c22_15']	別解脫律儀。	別解脫律儀。	The prātimokṣa restraint
['T27n1545_119:0622c23_3']	唯非學非無學。	唯非學非無學。	Is only non-cultivated and non-unlearned.
['T27n1545_119:0622c23_9', 'T27n1545_119:0622c24_3']	若隨心轉者。🔽非學非無學心起時彼可隨轉。	若隨心轉者。 非學非無學心起時彼可隨轉。	If it follows the mind,🔽When a non-cultivated and non-unlearned mind arises, it can follow it.
['T27n1545_119:0622c24_13']	學無學起時彼應斷故。	學無學起時彼應斷故。	When a cultivated and unlearned mind arises, it should be severed.
['T27n1545_119:0622c24_16']	有說。	有說。	Some say:
['T27n1545_119:0622c25_6']	隨心轉法理應如是。	隨心轉法理應如是。	The principle of dharmas that follow the mind should be like this.
['T27n1545_119:0622c25_12']	若心見所斷。	若心見所斷。	If the mind is to be eliminated by seeing,
['T27n1545_119:0622c25_18']	彼亦見所斷。	彼亦見所斷。	It is also to be eliminated by seeing.
['T27n1545_119:0622c26_7', 'T27n1545_119:0622c26_13']	修所斷不斷亦爾。🔽別解脫律儀。	修所斷不斷亦爾。 別解脫律儀。	Eliminated by cultivation and not eliminated is also like this.🔽The prātimokṣa restraint
['T27n1545_119:0622c26_18']	唯修所斷。	唯修所斷。	Is only to be eliminated by cultivation.
['T27n1545_119:0622c27_4']	若隨心轉者。	若隨心轉者。	If it follows the mind,
['T27n1545_119:0622c27_15']	修所斷心起時彼可隨轉。	修所斷心起時彼可隨轉。	When a mind to be eliminated by cultivation arises, it can be concomitant.
['T27n1545_119:0622c28_1']	見所斷心。	見所斷心。	The mind eliminated by seeing
['T27n1545_119:0622c28_12']	非所斷心起時彼應斷故。	非所斷心起時彼應斷故。	is not eliminated when the mind to be eliminated or the undestroyed mind arises.
['T27n1545_119:0622c28_15']	有說。	有說。	Some say:
['T27n1545_119:0622c29_7', 'T27n1545_119:0622c29_12']	若別解脫律儀隨心轉者。🔽應未來修。	若別解脫律儀隨心轉者。 應未來修。	If the prātimokṣa precepts follow the mind,🔽one should cultivate them in the future.
['T27n1545_119:0622c29_17']	未來成就。	未來成就。	One should accomplish them in the future.
['T27n1545_119:0623a01_8']	然別解脫律儀無未來修。	然別解脫律儀無未來修。	However, the prātimokṣa precepts have no future cultivation.
['T27n1545_119:0623a01_15']	及未來成就故。	及未來成就故。	And no future accomplishment, therefore.
['T27n1545_119:0623a01_18']	有說。	有說。	Some say:
['T27n1545_119:0623a02_11']	若此別解脫律儀隨心轉者。	若此別解脫律儀隨心轉者。	If these prātimokṣa precepts follow the mind,
['T27n1545_119:0623a03_3']	應不施設住戒長幼故。	應不施設住戒長幼故。	one should not establish the seniority of those who abide by the precepts.
['T27n1545_119:0623a03_6']	有說。	有說。	Some say:
['T27n1545_119:0623a03_15']	若此律儀隨心轉者。	若此律儀隨心轉者。	If these precepts follow the mind,
['T27n1545_119:0623a04_6']	應不施設戒品決定故。	應不施設戒品決定故。	one should not establish the certainty of the precepts.
['T27n1545_119:0623a04_9']	有說。	有說。	Some say:
['T27n1545_119:0623a05_3']	若此別解脫律儀隨心轉者。	若此別解脫律儀隨心轉者。	If these prātimokṣa precepts follow the mind,
['T27n1545_119:0623a05_12']	應非四緣五緣而捨。	應非四緣五緣而捨。	one should not abandon them through the four conditions or the five conditions.
['T27n1545_119:0623a05_17']	言四緣者。	言四緣者。	The four conditions are:
['T27n1545_119:0623a06_3']	一捨學處。	一捨學處。	1. Abandoning the precepts.
['T27n1545_119:0623a06_8']	二二形生。	二二形生。	2. The arising of two sexual organs.
['T27n1545_119:0623a06_13']	三善根斷。	三善根斷。	3. The severing of wholesome roots.
['T27n1545_119:0623a06_19']	四捨眾同分。	四捨眾同分。	4. Abandoning the common characteristics of the assembly.
['T27n1545_119:0623a07_4']	言五緣者。	言五緣者。	The five conditions are:
['T27n1545_119:0623a07_9']	謂上四緣。	謂上四緣。	Namely, the above four conditions,
['T27n1545_119:0623a07_14']	及夜盡故。	及夜盡故。	and because the night ends.
['T27n1545_119:0623a07_17']	有說。	有說。	Some say:
['T27n1545_119:0623a08_9']	若此別解脫律儀隨心轉者。	若此別解脫律儀隨心轉者。	If this prātimokṣa discipline follows the mind,
['T27n1545_119:0623a09_2']	應從上界生欲界時得。	應從上界生欲界時得。	one should obtain it when born in the desire realm from the upper realms.
['T27n1545_119:0623a10_2']	若爾便應無住律儀不律儀等三種差別故。	若爾便應無住律儀不律儀等三種差別故。	If so, then there should be no three kinds of distinctions such as abiding in discipline, non-discipline, etc.
['T27n1545_119:0623a10_5']	有說。	有說。	Some say:
['T27n1545_119:0623a10_16']	若別解脫律儀隨心轉者。	若別解脫律儀隨心轉者。	If the prātimokṣa discipline follows the mind,
['T27n1545_119:0623a11_3']	有心時可有。	有心時可有。	it can exist when there is mind,
['T27n1545_119:0623a11_10']	無心時應斷故。	無心時應斷故。	but it should be severed when there is no mind.
['T27n1545_119:0623a12_1']	勿有此等諸過失故。	勿有此等諸過失故。	In order to avoid these faults,
['T27n1545_119:0623a12_11']	別解脫律儀不隨心轉。	別解脫律儀不隨心轉。	the prātimokṣa discipline does not follow the mind.
['T27n1545_119:0623a13_1']	問住別解脫律儀者。	問住別解脫律儀者。	Question: Does one abiding in the prātimokṣa discipline
['T27n1545_119:0623a13_10']	犯律儀時捨律儀不。	犯律儀時捨律儀不。	abandon the discipline when violating the discipline?
['T27n1545_119:0623a14_1']	外國諸師作如是說。	外國諸師作如是說。	The foreign masters say:
['T27n1545_119:0623a14_10']	彼捨律儀得非律儀。	彼捨律儀得非律儀。	They abandon the discipline and obtain neither-discipline-nor-non-discipline.
['T27n1545_119:0623a14_15']	非不律儀。	非不律儀。	Not non-discipline.
['T27n1545_119:0623a15_5', 'T27n1545_119:0623a15_15']	若時發露無覆藏心。🔽如法悔除便捨非律儀。	若時發露無覆藏心。 如法悔除便捨非律儀。	If at that time they reveal it without a mind to conceal it,
['T27n1545_119:0623a16_2']	非不律儀。	非不律儀。	and repent according to the Dharma, they then abandon neither-discipline-nor-non-discipline,
['T27n1545_119:0623a16_7']	還得律儀。	還得律儀。	and obtain discipline.
['T27n1545_119:0623a16_12']	若作是說。	若作是說。	If this is said,
['T27n1545_119:0623a16_17']	便為善通。	便為善通。	then it is well understood.
['T27n1545_119:0623a17_6']	發露悔過還住律儀。	發露悔過還住律儀。	Confessing and repenting, one returns to abiding in the precepts.
['T27n1545_119:0623a17_15']	作法悔除亦非無用。	作法悔除亦非無用。	Performing the repentance ritual also is not useless.
['T27n1545_119:0623a18_2']	有餘師說。	有餘師說。	Other masters say:
['T27n1545_119:0623a18_11']	彼犯律儀時捨律儀。	彼犯律儀時捨律儀。	When they violate the precepts, they abandon the precepts.
['T27n1545_119:0623a19_2']	得非律儀非不律儀。	得非律儀非不律儀。	They obtain neither precepts nor non-precepts.
['T27n1545_119:0623a19_11']	若時發露無覆藏心。	若時發露無覆藏心。	If at that time they confess and do not conceal their transgressions,
['T27n1545_119:0623a20_7']	如法悔除便捨非律儀非不律儀。	如法悔除便捨非律儀非不律儀。	and repent according to the rules, they then abandon neither precepts nor non-precepts.
['T27n1545_119:0623a20_13']	而不得律儀。	而不得律儀。	But they do not obtain the precepts.
['T27n1545_119:0623a21_7']	問如說發露悔過還住律儀。	問如說發露悔過還住律儀。	Question: As it is said, confessing and repenting, one returns to abiding in the precepts.
['T27n1545_119:0623a21_12']	當云何通。	當云何通。	How is this to be understood?
['T27n1545_119:0623a22_3']	如法悔除豈非無用。	如法悔除豈非無用。	Is repenting according to the rules not useful?
['T27n1545_119:0623a22_13']	答住善意樂名住律儀。	答住善意樂名住律儀。	Answer: Abiding in the wholesome intention is called abiding in the precepts.
['T27n1545_119:0623a23_2']	爾時捨惡意樂。	爾時捨惡意樂。	At that time, one abandons the evil intention.
['T27n1545_119:0623a23_11']	發善意樂故非無用。	發善意樂故非無用。	Because one gives rise to the wholesome intention, it is not useless.
['T27n1545_119:0623a24_2']	然實此位不得律儀。	然實此位不得律儀。	However, in reality, at this stage one does not obtain the precepts.
['T27n1545_119:0623a24_7']	復有說者。	復有說者。	There is also a saying:
['T27n1545_119:0623a24_13']	彼犯律儀時。	彼犯律儀時。	When they violate the precepts,
['T27n1545_119:0623a24_19']	現在律儀斷。	現在律儀斷。	the present precepts are severed.
['T27n1545_119:0623a25_8']	得非律儀非不律儀。	得非律儀非不律儀。	They obtain neither precepts nor non-precepts.
['T27n1545_119:0623a25_16']	而成就過去律儀。	而成就過去律儀。	But they accomplish past precepts.
['T27n1545_119:0623a26_12']	若時發露無覆藏心等如第二說。	若時發露無覆藏心等如第二說。	If one confesses and does not conceal the offense, it is as explained in the second case.
['T27n1545_119:0623a26_17']	或有說者。	或有說者。	Some say:
['T27n1545_119:0623a27_9']	彼犯律儀時初剎那斷。	彼犯律儀時初剎那斷。	When one violates the precepts, the precepts are severed in the first moment.
['T27n1545_119:0623a27_14']	次後復續。	次後復續。	Subsequently, they are renewed.
['T27n1545_119:0623a28_5']	迦濕彌羅國諸論師言。	迦濕彌羅國諸論師言。	The scholars of Kaśmīra say:
['T27n1545_119:0623a28_15']	彼犯律儀時不捨律儀。	彼犯律儀時不捨律儀。	When one violates the precepts, one does not abandon the precepts.
['T27n1545_119:0623a29_7']	而得非律儀非不律儀。	而得非律儀非不律儀。	But one obtains neither precepts nor non-precepts.
['T27n1545_119:0623b01_4']	是故爾時名住非律儀非不律儀。	是故爾時名住非律儀非不律儀。	Therefore, at that time, one is said to abide in neither precepts nor non-precepts.
['T27n1545_119:0623b01_11']	亦名住律儀者。	亦名住律儀者。	One is also said to abide in the precepts.
['T27n1545_119:0623b02_2']	若時發露無覆藏心。	若時發露無覆藏心。	If one confesses and does not conceal the offense,
['T27n1545_119:0623b02_16']	如法悔除便捨非律儀非不律儀。	如法悔除便捨非律儀非不律儀。	and repents according to the Dharma, one abandons neither precepts nor non-precepts.
['T27n1545_119:0623b03_5']	但名住律儀者。	但名住律儀者。	One is only said to abide in the precepts.
['T27n1545_119:0623b04_2']	如有富者負他債時名負債者。	如有富者負他債時名負債者。	It is like a wealthy person who owes another a debt. At that time, one is called both one who owes a debt
['T27n1545_119:0623b04_7']	亦名富者。	亦名富者。	and a wealthy person.
['T27n1545_119:0623b04_16']	後還債已但名富者。	後還債已但名富者。	Later, after repaying the debt, one is only called a wealthy person.
['T27n1545_119:0623b05_6']	若如是說便為善通。	若如是說便為善通。	If explained in this way, it is well-concordant.
['T27n1545_119:0623b05_15']	發露悔過還住律儀。	發露悔過還住律儀。	One confesses and repents, and again abides in the precepts.
['T27n1545_119:0623b06_6']	作法悔除亦非無用。	作法悔除亦非無用。	The method of repentance is also not useless.
['T27n1545_119:0623b06_16']	問善戒云何能治惡戒。	問善戒云何能治惡戒。	Question: How can good precepts counteract bad precepts?
['T27n1545_119:0623b07_8']	答由誓受心為助伴故。	答由誓受心為助伴故。	The answer is: because the mind of vowing and receiving serves as an aid.
['T27n1545_119:0623b08_8']	無始數習諸惡尸羅暫受善戒則能除捨。	無始數習諸惡尸羅暫受善戒則能除捨。	Having long been accustomed to evil precepts since beginningless time, temporarily receiving good precepts can then eliminate them.
['T27n1545_119:0623b08_17']	猶如室中久時積闇。	猶如室中久時積闇。	Just as in a room, the accumulation of darkness over a long time
['T27n1545_119:0623b09_8']	明燈纔至則便除遣。	明燈纔至則便除遣。	is dispelled as soon as a bright lamp arrives.
['T27n1545_119:0623b09_17']	又如於淡久習鹹想。	又如於淡久習鹹想。	Also, it is like long being accustomed to the thought of saltiness in blandness.
['T27n1545_119:0623b10_8']	纔甞鹽味彼想則除。	纔甞鹽味彼想則除。	As soon as one tastes the flavor of salt, that thought is dispelled.
['T27n1545_119:0623b10_17']	善戒治惡亦復如是。	善戒治惡亦復如是。	The good precepts eliminating evil are also like this.
['T27n1545_119:0623b11_8']	道治煩惱應知亦然。	道治煩惱應知亦然。	It should be known that the path eliminating afflictions is also like this.Here is the corrected and aligned text:
['T27n1545_119:0623b13_100']	說一切有部發智大毘婆沙論卷第一百一十九	說一切有部發智大毘婆沙論卷第一百一十九	Abhidharma-mahāvibhāṣā-śāstra, fascicle 119
