segmentnr	original	analyzed	translated
['T27n1545_092:0473b07_0']	阿毘達磨大毘婆沙論卷第九十	阿毘達磨大毘婆沙論卷第九十	Abhidharma-mahāvibhāṣā-śāstra, fascicle 90
['T27n1545_092:0473b08_0']	二	二	two
['T27n1545_092:0473b10_0']	五百大阿羅漢等造	五百大阿羅漢等造	composed by 500 great arhats and others
['T27n1545_092:0473b13_7']	三藏法師玄奘奉　詔譯22結蘊第二中十門納息第四之二十二眼根乃至無色界。	三藏法師玄奘奉　詔譯22結蘊第二中十門納息第四之二十二眼根乃至無色界。	tripiṭaka master Xuanzang respectfully received
['T27n1545_092:0473b13_17']	修所斷無明隨眠斷道。	修所斷無明隨眠斷道。	the path of severing the latent tendencies of ignorance that are to be eliminated by cultivation
['T27n1545_092:0473b14_5']	緣識及緣緣識。	緣識及緣緣識。	the consciousness that takes it as object and the consciousness that takes that consciousness as object
['T27n1545_092:0473b14_13']	誰成就誰不成就。	誰成就誰不成就。	who possesses which and who does not possess which
['T27n1545_092:0473b14_19']	答眼根斷道。	答眼根斷道。	answer: the path of severing the eye faculty
['T27n1545_092:0473b15_6']	緣識及緣緣識。	緣識及緣緣識。	the consciousness that takes it as object and the consciousness that takes that consciousness as object
['T27n1545_092:0473b15_14']	一切有情皆成就。	一切有情皆成就。	all sentient beings possess it
['T27n1545_092:0473b16_11']	耳鼻舌身命意樂喜捨信等五根斷道。	耳鼻舌身命意樂喜捨信等五根斷道。	the path of severing the ear, nose, tongue, body, life, mind, joy, pleasure, and equanimity faculties, and the five faculties such as faith
['T27n1545_092:0473b17_2']	緣識及緣緣識亦爾。	緣識及緣緣識亦爾。	the consciousness that takes it as object and the consciousness that takes that consciousness as object are also like this
['T27n1545_092:0473b17_12']	女根斷道緣識欲色界。	女根斷道緣識欲色界。	the path of severing the female faculty takes the consciousness of the desire and form realms
['T27n1545_092:0473b18_3']	及聖者生無色界成就。	及聖者生無色界成就。	and noble ones born in the formless realm as its object and possesses it
['T27n1545_092:0473b18_13']	異生生無色界不成就。	異生生無色界不成就。	ordinary beings born in the formless realm do not possess it
['T27n1545_092:0473b19_7']	此緣緣識一切有情皆成就。	此緣緣識一切有情皆成就。	the consciousness that takes that as its object and the consciousness that takes that consciousness as its object are all possessed by sentient beings
['T27n1545_092:0473b19_14']	男苦憂根斷道。	男苦憂根斷道。	the path of severing the male, suffering, and sorrow faculties
['T27n1545_092:0473b20_4']	緣識及緣緣識亦爾。	緣識及緣緣識亦爾。	the consciousness that takes it as object and the consciousness that takes that consciousness as its object are also like this
['T27n1545_092:0473b20_13']	通餘章義准此應知。	通餘章義准此應知。	the meaning of the remaining chapters should be understood by analogy with this
['T27n1545_092:0473b21_12']	眼根乃至無色界修所斷無明隨眠斷道。	眼根乃至無色界修所斷無明隨眠斷道。	The path of abandoning the latent afflictions of the eye faculty up to the latent afflictions of the formless realm to be eliminated by cultivation,
['T27n1545_092:0473b22_5']	緣識及緣緣識所增隨眠。	緣識及緣緣識所增隨眠。	the associated latent afflictions that increase due to the perceiving consciousness and the object-perceiving consciousness,
['T27n1545_092:0473b22_13']	誰成就誰不成就。	誰成就誰不成就。	who possesses which, and who does not possess which.
['T27n1545_092:0473b22_19', 'T27n1545_092:0473b23_6']	答眼根斷道。🔽緣識及緣緣識。	答眼根斷道。 緣識及緣緣識。	The answer is: The path of abandoning the eye faculty,
['T27n1545_092:0473b23_11', 'T27n1545_092:0473b24_2']	所增隨眠。🔽未離無色界染成就。	所增隨眠。 未離無色界染成就。	the associated latent afflictions that increase due to the perceiving consciousness and the object-perceiving consciousness,🔽the latent afflictions that increase🔽are possessed by those who have not yet eliminated the afflictions of the formless realm,
['T27n1545_092:0473b24_12']	已離無色界染不成就。	已離無色界染不成就。	and are not possessed by those who have already eliminated the afflictions of the formless realm.
['T27n1545_092:0473b25_9']	耳鼻舌身命意樂喜捨信等五根斷道。	耳鼻舌身命意樂喜捨信等五根斷道。	The path of abandoning the ear, nose, tongue, body, life, mind, joy, pleasure, and equanimity faculties,
['T27n1545_092:0473b26_3']	緣識及緣緣識所增隨眠亦爾。	緣識及緣緣識所增隨眠亦爾。	the associated latent afflictions that increase due to the perceiving consciousness and the object-perceiving consciousness are also like this.
['T27n1545_092:0473b26_14', 'T27n1545_092:0473b27_3']	女根斷道緣識所增隨眠。🔽未離色界染成就。	女根斷道緣識所增隨眠。 未離色界染成就。	The latent afflictions that increase due to the perceiving consciousness of the path of abandoning the female faculty,🔽are possessed by those who have not yet eliminated the afflictions of the form realm,
['T27n1545_092:0473b27_12']	已離色界染不成就。	已離色界染不成就。	and are not possessed by those who have already eliminated the afflictions of the form realm.
['T27n1545_092:0473b28_3', 'T27n1545_092:0473b28_13']	此緣緣識所增隨眠。🔽未離空無邊處染成就。	此緣緣識所增隨眠。 未離空無邊處染成就。	The latent afflictions that increase due to the object-perceiving consciousness of this,🔽are possessed by those who have not yet eliminated the afflictions of the sphere of infinite space,
['T27n1545_092:0473b29_6']	已離空無邊處染不成就。	已離空無邊處染不成就。	and are not possessed by those who have already eliminated the afflictions of the sphere of infinite space.
['T27n1545_092:0473b29_13', 'T27n1545_092:0473c01_1']	男苦憂根斷道。🔽緣識及緣緣識。	男苦憂根斷道。 緣識及緣緣識。	The path of abandoning the male, suffering, and sorrow faculties,🔽the associated latent afflictions that increase due to the perceiving consciousness and the object-perceiving consciousness,
['T27n1545_092:0473c01_8']	所增隨眠亦爾。	所增隨眠亦爾。	are also like this.
['T27n1545_092:0473c01_17']	通餘章義准此應知。	通餘章義准此應知。	The meaning of the remaining chapters should be understood by analogy with this.
['T27n1545_092:0473c02_7']	眼根乃至無色界。	眼根乃至無色界。	The eye faculty up to the formless realm.
['T27n1545_092:0473c03_3']	修所斷無明隨眠緣識及緣緣識。	修所斷無明隨眠緣識及緣緣識。	The ignorance to be eliminated by cultivation that takes the consciousness as its object and the consciousness that takes it as its object.🔽When one attains the complete knowledge of the above,
['T27n1545_092:0473c03_15']	得遍知時於九十八隨眠中。	得遍知時於九十八隨眠中。	among the ninety-eight latent afflictions,
['T27n1545_092:0473c04_4']	幾隨眠得遍知。	幾隨眠得遍知。	how many latent afflictions are completely known?
['T27n1545_092:0473c04_12']	於九結中幾結盡。	於九結中幾結盡。	How many of the nine fetters are eliminated?
['T27n1545_092:0473c05_4']	答眼根緣識得遍知時。	答眼根緣識得遍知時。	Answer: When the consciousness that takes the eye faculty as its object attains complete knowledge,
['T27n1545_092:0473c05_11']	空無邊處愛盡。	空無邊處愛盡。	the craving for the sphere of infinite space is exhausted.
['T27n1545_092:0473c06_5']	即眼根緣識得遍知無結盡。	即眼根緣識得遍知無結盡。	At that time, the consciousness that takes the eye faculty as its object attains complete knowledge, but no fetters are eliminated.
['T27n1545_092:0473c06_14']	此緣緣識得遍知時。	此緣緣識得遍知時。	When the consciousness that takes that as its object attains complete knowledge,
['T27n1545_092:0473c07_1']	無色愛盡。	無色愛盡。	the craving for the formless realm is exhausted.
['T27n1545_092:0473c07_8']	三隨眠得遍知。	三隨眠得遍知。	Three latent afflictions are completely known.
['T27n1545_092:0473c07_12']	三結盡。	三結盡。	Three fetters are eliminated.
['T27n1545_092:0473c08_10']	耳鼻舌身根緣識及緣緣識得遍知時亦爾。	耳鼻舌身根緣識及緣緣識得遍知時亦爾。	It is the same when the consciousness that takes the ear, nose, tongue, and body faculties as its object and the consciousness that takes that as its object attain complete knowledge.
['T27n1545_092:0473c09_5']	女根緣識得遍知時色愛盡。	女根緣識得遍知時色愛盡。	When the consciousness that takes the female faculty as its object attains complete knowledge, the craving for the form realm is exhausted.
['T27n1545_092:0473c09_13']	異生三十一隨眠。	異生三十一隨眠。	For ordinary beings, thirty-one latent afflictions
['T27n1545_092:0473c10_2']	得遍知無結盡。	得遍知無結盡。	are completely known, but no fetters are eliminated.
['T27n1545_092:0473c10_14']	聖者三隨眠得遍知無結盡。	聖者三隨眠得遍知無結盡。	For noble ones, three latent afflictions are completely known, but no fetters are eliminated.
['T27n1545_092:0473c11_4']	此緣緣識得遍知時。	此緣緣識得遍知時。	When the consciousness that takes that as its object attains complete knowledge,
['T27n1545_092:0473c11_11']	空無邊處愛盡。	空無邊處愛盡。	When the craving for the sphere of infinite space is exhausted,
['T27n1545_092:0473c12_6']	即女根緣緣識得遍知無結盡。	即女根緣緣識得遍知無結盡。	when the knowledge of the object of the female faculty is completely understood, there is no termination of fetters.
['T27n1545_092:0473c13_5']	男苦憂根緣識及緣緣識得遍知時亦爾。	男苦憂根緣識及緣緣識得遍知時亦爾。	When the knowledge of the object of the male faculty, the faculties of pain and sorrow, and the knowledge of the object of the object of these are completely understood, it is the same.
['T27n1545_092:0473c13_14']	命根緣識及緣緣識。	命根緣識及緣緣識。	When the knowledge of the object of the life faculty and the knowledge of the object of the object of these are completely understood,
['T27n1545_092:0473c14_5']	得遍知時無色愛盡。	得遍知時無色愛盡。	when the craving for the formless realm is exhausted,
['T27n1545_092:0473c15_8', 'T27n1545_092:0473c15_15']	三隨眠得遍知三結盡意樂喜捨信等五三無漏根。🔽緣識及緣緣識。	三隨眠得遍知三結盡意樂喜捨信等五三無漏根。 緣識及緣緣識。	when the knowledge of the object of the three faculties of intention, joy, and equanimity, and the five pure faculties such as faith are completely understood,
['T27n1545_092:0473c16_3']	得遍知時亦爾。	得遍知時亦爾。	when the knowledge of the object of the object of these are completely understood, it is the same.
['T27n1545_092:0473c16_12']	通餘章義准此應知。	通餘章義准此應知。	The meaning of the remaining chapters should be understood by analogy with this.
['T27n1545_092:0473c17_14']	眼根乃至無色界修所斷無明隨眠。	眼根乃至無色界修所斷無明隨眠。	The knowledge of the object of the eye faculty up to the ignorance to be eliminated by cultivation in the formless realm,
['T27n1545_092:0473c18_11']	緣識及緣緣識所增隨眠得遍知時。	緣識及緣緣識所增隨眠得遍知時。	when the latent afflictions that increase with the knowledge of the object of the object of these are completely understood,
['T27n1545_092:0473c19_1']	幾隨眠得遍知。	幾隨眠得遍知。	how many latent afflictions are completely understood?
['T27n1545_092:0473c19_5']	幾結盡。	幾結盡。	How many fetters are terminated?
['T27n1545_092:0473c20_1']	答眼根緣識所增隨眠得遍知時。	答眼根緣識所增隨眠得遍知時。	Answer: When the latent afflictions that increase with the knowledge of the object of the eye faculty are completely understood,
['T27n1545_092:0473c20_8']	空無邊處愛盡。	空無邊處愛盡。	when the craving for the sphere of infinite space is exhausted,
['T27n1545_092:0473c21_2']	即眼根緣識所增隨眠得遍知。	即眼根緣識所增隨眠得遍知。	when the latent afflictions that increase with the knowledge of the object of the eye faculty are completely understood,
['T27n1545_092:0473c21_6']	無結盡。	無結盡。	there is no termination of fetters.
['T27n1545_092:0473c21_15']	此緣緣識所增隨眠。	此緣緣識所增隨眠。	The proclivities that are nourished by the perceptual consciousness that has this as its object,
['T27n1545_092:0473c22_5']	得遍知時無色愛盡。	得遍知時無色愛盡。	when the complete knowledge of the destruction of desire for the formless realm is attained,
['T27n1545_092:0473c22_12']	三隨眠得遍知。	三隨眠得遍知。	the complete knowledge of the three proclivities is attained,
['T27n1545_092:0473c22_16']	三結盡。	三結盡。	and the three fetters are eliminated.
['T27n1545_092:0473c23_2']	耳鼻舌身根。	耳鼻舌身根。	The ear, nose, tongue, and body faculties,
['T27n1545_092:0473c24_1']	緣識及緣緣識所增隨眠得遍知時亦爾。	緣識及緣緣識所增隨眠得遍知時亦爾。	the proclivities that are nourished by the perceptual consciousness that has them as its object and by the perceptual consciousness that has their objects as its object, when the complete knowledge of the destruction of desire for the formless realm is attained,
['T27n1545_092:0473c24_10']	女根緣識所增隨眠。	女根緣識所增隨眠。	the proclivities that are nourished by the perceptual consciousness that has the female faculty as its object,
['T27n1545_092:0473c24_18']	得遍知時色愛盡。	得遍知時色愛盡。	when the complete knowledge of the destruction of desire for the form realm is attained,
['T27n1545_092:0473c25_13']	異生三十一隨眠得遍知無結盡。	異生三十一隨眠得遍知無結盡。	ordinary beings attain the complete knowledge of thirty-one proclivities and do not eliminate any fetters,
['T27n1545_092:0473c26_7']	聖者三隨眠得遍知無結盡。	聖者三隨眠得遍知無結盡。	while noble ones attain the complete knowledge of three proclivities and do not eliminate any fetters.
['T27n1545_092:0473c26_16', 'T27n1545_092:0473c27_3']	此緣緣識所增隨眠。🔽得遍知時。	此緣緣識所增隨眠。 得遍知時。	The proclivities that are nourished by the perceptual consciousness that has this as its object,
['T27n1545_092:0473c27_10']	空無邊處愛盡。	空無邊處愛盡。	when the complete knowledge of the destruction of desire for the formless realm is attained,
['T27n1545_092:0473c28_2']	即女根緣緣識所增隨眠。	即女根緣緣識所增隨眠。	the proclivities that are nourished by the perceptual consciousness that has the female faculty as its object and by the perceptual consciousness that has its objects as its object,
['T27n1545_092:0473c28_9', 'T27n1545_092:0473c29_1']	得遍知無結盡。🔽男苦憂根緣識及緣緣識。	得遍知無結盡。 男苦憂根緣識及緣緣識。	when the complete knowledge of the destruction of desire for the formless realm is attained,
['T27n1545_092:0473c29_12']	所增隨眠得遍知時亦爾。	所增隨眠得遍知時亦爾。	the proclivities that are nourished by the perceptual consciousness that has the male faculty, the faculties of pain and sorrow, and the perceptual consciousness that has them as its object and by the perceptual consciousness that has their objects as its object, when the complete knowledge of the destruction of desire for the formless realm is attained,
['T27n1545_092:0474a01_14']	命根緣識及緣緣識所增隨眠得遍知時無色愛盡。	命根緣識及緣緣識所增隨眠得遍知時無色愛盡。	the proclivities that are nourished by the perceptual consciousness that has the life faculty as its object and by the perceptual consciousness that has its objects as its object, when the complete knowledge of the destruction of desire for the formless realm is attained,
['T27n1545_092:0474a02_6']	三隨眠得遍知三結盡。	三隨眠得遍知三結盡。	When the three latent afflictions are completely known, the three fetters are eliminated.
['T27n1545_092:0474a02_18']	意樂喜捨信等五三無漏根。	意樂喜捨信等五三無漏根。	The faculties of mind, joy, pleasure, equanimity, faith, etc., and the three pure faculties.
['T27n1545_092:0474a03_16']	緣識及緣緣識所增隨眠得遍知時亦爾。	緣識及緣緣識所增隨眠得遍知時亦爾。	When the latent afflictions that increase the perceiving consciousness and the perceiving-condition consciousness are completely known, it is also like this.
['T27n1545_092:0474a04_7']	通餘章義准此應知。	通餘章義准此應知。	The meaning of the other chapters should be understood by analogy with this.
['T27n1545_092:0474a05_7']	眼根乃至無色界。	眼根乃至無色界。	The eye faculty up to the formless realm.
['T27n1545_092:0474a05_16']	修所斷無明隨眠滅。	修所斷無明隨眠滅。	The cessation of the latent afflictions eliminated by cultivation in the ignorance category.
['T27n1545_092:0474a06_4']	緣識及緣緣識。	緣識及緣緣識。	The perceiving consciousness and the perceiving-condition consciousness.
['T27n1545_092:0474a06_15']	得遍知時幾隨眠得遍知。	得遍知時幾隨眠得遍知。	When they are completely known, how many latent afflictions are completely known?
['T27n1545_092:0474a07_14']	幾結盡答眼根滅緣識得遍知時色愛盡。	幾結盡答眼根滅緣識得遍知時色愛盡。	How many fetters are eliminated? Answer: When the perceiving consciousness of the cessation of the eye faculty is completely known, desire for form is exhausted.
['T27n1545_092:0474a08_10']	異生三十一隨眠得遍知無結盡。	異生三十一隨眠得遍知無結盡。	Ordinary beings completely know thirty-one latent afflictions, but do not eliminate any fetters.
['T27n1545_092:0474a09_5']	聖者三隨眠得遍知無結盡。	聖者三隨眠得遍知無結盡。	Noble ones completely know three latent afflictions, but do not eliminate any fetters.
['T27n1545_092:0474a10_1']	此緣緣識得遍知時無色愛盡。	此緣緣識得遍知時無色愛盡。	When the perceiving-condition consciousness of this is completely known, desire for the formless realm is exhausted.
['T27n1545_092:0474a10_11']	二隨眠得遍知三結盡。	二隨眠得遍知三結盡。	Two latent afflictions are completely known, and three fetters are eliminated.
['T27n1545_092:0474a11_2']	耳鼻舌身樂喜根滅。	耳鼻舌身樂喜根滅。	The cessation of the ear, nose, tongue, body, pleasure, and joy faculties.
['T27n1545_092:0474a11_9']	緣識及緣緣識。	緣識及緣緣識。	The perceiving consciousness and the perceiving-condition consciousness.
['T27n1545_092:0474a11_16']	得遍知時亦爾。	得遍知時亦爾。	When they are completely known, it is also like this.
['T27n1545_092:0474a12_10']	女根滅緣識得遍知時色愛盡。	女根滅緣識得遍知時色愛盡。	When the object of the female faculty ceases, the corresponding consciousness is completely understood, and desire for form is exhausted.
['T27n1545_092:0474a13_6']	異生三十一隨眠得遍知無結盡。	異生三十一隨眠得遍知無結盡。	For ordinary beings, thirty-one latent afflictions are completely understood, but no bonds are eliminated.
['T27n1545_092:0474a14_1']	聖者三隨眠得遍知無結盡。	聖者三隨眠得遍知無結盡。	For noble ones, three latent afflictions are completely understood, but no bonds are eliminated.
['T27n1545_092:0474a14_10']	此緣緣識得遍知時。	此緣緣識得遍知時。	When the corresponding consciousness and the corresponding object of that consciousness are completely understood,
['T27n1545_092:0474a14_17']	空無邊處愛盡。	空無邊處愛盡。	desire for the sphere of infinite space is exhausted.
['T27n1545_092:0474a15_12']	即女根滅緣緣識得遍知無結盡。	即女根滅緣緣識得遍知無結盡。	When the object of the female faculty ceases, the corresponding object of consciousness is completely understood, but no bonds are eliminated.
['T27n1545_092:0474a15_18']	男苦憂根滅。	男苦憂根滅。	The male faculty, the faculties of pain and sorrow,
['T27n1545_092:0474a16_12']	緣識及緣緣識得遍知時亦爾。	緣識及緣緣識得遍知時亦爾。	the corresponding consciousness and the corresponding object of that consciousness are completely understood, it is also like this.
['T27n1545_092:0474a17_8']	命根滅緣識及緣緣識得遍知時。	命根滅緣識及緣緣識得遍知時。	When the object of the life faculty ceases, the corresponding consciousness and the corresponding object of that consciousness are completely understood,
['T27n1545_092:0474a17_13']	無色愛盡。	無色愛盡。	desire for the formless realm is exhausted.
['T27n1545_092:0474a18_5']	三隨眠得遍知三結盡。	三隨眠得遍知三結盡。	Three latent afflictions are completely understood, and three bonds are eliminated.
['T27n1545_092:0474a18_13']	意捨信等五根滅。	意捨信等五根滅。	The mental faculty, the faculty of equanimity, and the five faculties such as faith,
['T27n1545_092:0474a19_1']	緣識及緣緣識。	緣識及緣緣識。	the corresponding consciousness and the corresponding object of that consciousness,
['T27n1545_092:0474a19_8']	得遍知時亦爾。	得遍知時亦爾。	when they are completely understood, it is also like this.
['T27n1545_092:0474a19_17', 'T27n1545_092:0474a20_7']	通餘章義准此應知。🔽眼根乃至無色界。	通餘章義准此應知。 眼根乃至無色界。	The meaning of the remaining chapters should be understood by analogy with this.
['T27n1545_092:0474a20_16']	修所斷無明隨眠滅。	修所斷無明隨眠滅。	The faculties of the eye, etc., up to the latent afflictions of ignorance to be eliminated by cultivation in the formless realm,
['T27n1545_092:0474a21_12']	緣識及緣緣識所增隨眠得遍知時。	緣識及緣緣識所增隨眠得遍知時。	when the corresponding consciousness and the corresponding object of that consciousness are completely understood,
['T27n1545_092:0474a22_1']	幾隨眠得遍知。	幾隨眠得遍知。	How many latent afflictions are completely known?
['T27n1545_092:0474a22_5', 'T27n1545_092:0474a22_16']	幾結盡。🔽答眼根滅緣識所增隨眠。	幾結盡。 答眼根滅緣識所增隨眠。	How many bonds are eliminated?
['T27n1545_092:0474a23_5', 'T27n1545_092:0474a23_13']	得遍知時色愛盡。🔽異生三十一隨眠。	得遍知時色愛盡。 異生三十一隨眠。	Answer: When the consciousness that increases the latent afflictions conditioned by the cessation of the eye faculty is completely known, desire for form is exhausted.
['T27n1545_092:0474a24_2']	得遍知無結盡。	得遍知無結盡。	For ordinary beings, thirty-one latent afflictions are completely known, but no bonds are eliminated.
['T27n1545_092:0474a24_14', 'T27n1545_092:0474a25_4']	聖者三隨眠得遍知無結盡。🔽此緣緣識所增隨眠。	聖者三隨眠得遍知無結盡。 此緣緣識所增隨眠。	For noble ones, three latent afflictions are completely known, but no bonds are eliminated.
['T27n1545_092:0474a25_13']	得遍知時無色愛盡。	得遍知時無色愛盡。	When the consciousness that increases the latent afflictions conditioned by that object-condition is completely known, desire for the formless realm is exhausted.
['T27n1545_092:0474a26_2']	三隨眠得遍知。	三隨眠得遍知。	Three latent afflictions are completely known,
['T27n1545_092:0474a26_6']	三結盡。	三結盡。	and three bonds are eliminated.
['T27n1545_092:0474a26_15']	耳鼻舌身樂喜根滅。	耳鼻舌身樂喜根滅。	The cessation of the ear, nose, tongue, body, pleasure, and joy faculties,
['T27n1545_092:0474a27_12', 'T27n1545_092:0474a28_4']	緣識及緣緣識所增隨眠得遍知時亦爾。🔽女根滅緣識所增隨眠。	緣識及緣緣識所增隨眠得遍知時亦爾。 女根滅緣識所增隨眠。	and the latent afflictions that increase the consciousness conditioned by them and the consciousness conditioned by that object-condition are completely known at the same time.
['T27n1545_092:0474a28_12', 'T27n1545_092:0474a29_1']	得遍知時色愛盡。🔽異生三十一隨眠。	得遍知時色愛盡。 異生三十一隨眠。	When the consciousness that increases the latent afflictions conditioned by the cessation of the female faculty is completely known, desire for form is exhausted.
['T27n1545_092:0474a29_8']	得遍知無結盡。	得遍知無結盡。	For ordinary beings, thirty-one latent afflictions are completely known, but no bonds are eliminated.
['T27n1545_092:0474b01_2', 'T27n1545_092:0474b01_11']	聖者三隨眠得遍知無結盡。🔽此緣緣識所增隨眠。	聖者三隨眠得遍知無結盡。 此緣緣識所增隨眠。	For noble ones, three latent afflictions are completely known, but no bonds are eliminated.
['T27n1545_092:0474b02_3']	得遍知時空無邊處愛盡。	得遍知時空無邊處愛盡。	When the consciousness that increases the latent afflictions conditioned by that object-condition is completely known, desire for the sphere of infinite space is exhausted.
['T27n1545_092:0474b02_15']	即女根滅緣緣識所增隨眠。	即女根滅緣緣識所增隨眠。	The latent afflictions that increase due to the object-condition of the cessation of the female faculty.
['T27n1545_092:0474b03_3']	得遍知無結盡。	得遍知無結盡。	It is the acquisition of the complete knowledge of the latent afflictions that increase due to the consciousness that takes the cessation of the female faculty as its object and the object of that [consciousness] as its object.🔽There is no termination of the fetters.
['T27n1545_092:0474b03_9']	男苦憂根滅。	男苦憂根滅。	The cessation of the male faculty, the faculties of pain and sorrow,
['T27n1545_092:0474b04_7', 'T27n1545_092:0474b05_3']	緣識及緣緣識所增隨眠得遍知時亦爾。🔽命根滅緣識及緣緣識所增隨眠。	緣識及緣緣識所增隨眠得遍知時亦爾。 命根滅緣識及緣緣識所增隨眠。	and the latent afflictions that increase due to the consciousness that takes them as objects and the consciousness that takes the object of those [faculties] as its object, when the complete knowledge is attained, is also like this.
['T27n1545_092:0474b05_12']	得遍知時無色愛盡。	得遍知時無色愛盡。	The cessation of the life faculty, and the consciousness that takes it as its object and the consciousness that takes the object of that [consciousness] as its object, when the complete knowledge is attained, the desire of the formless realm is exhausted.
['T27n1545_092:0474b06_1']	三隨眠得遍知。	三隨眠得遍知。	The complete knowledge of three latent afflictions is attained,
['T27n1545_092:0474b06_5']	三結盡。	三結盡。	and three fetters are terminated.
['T27n1545_092:0474b06_13']	意捨信等五根滅。	意捨信等五根滅。	The cessation of the mental faculty, the faculty of equanimity, and the five faculties such as faith,
['T27n1545_092:0474b07_10']	緣識及緣緣識所增隨眠得遍知時亦爾。	緣識及緣緣識所增隨眠得遍知時亦爾。	and the consciousness that takes them as objects and the consciousness that takes the object of those [faculties] as its object, when the complete knowledge is attained, is also like this.
['T27n1545_092:0474b08_2']	通餘章義准此應知。	通餘章義准此應知。	The meaning of the remaining chapters should be understood by analogy with this.
['T27n1545_092:0474b09_7']	眼根乃至無色界。	眼根乃至無色界。	The eye faculty up to the formless realm,
['T27n1545_092:0474b09_17']	修所斷無明隨眠斷道。	修所斷無明隨眠斷道。	the path of eliminating the latent afflictions of ignorance that are to be eliminated by cultivation,
['T27n1545_092:0474b10_9']	緣識及緣緣識得遍知時。	緣識及緣緣識得遍知時。	and the consciousness that takes it as its object and the consciousness that takes the object of that [consciousness] as its object, when the complete knowledge is attained,
['T27n1545_092:0474b11_2']	幾隨眠得遍知幾結盡。	幾隨眠得遍知幾結盡。	how many latent afflictions are completely known and how many fetters are terminated?
['T27n1545_092:0474b11_8']	答眼根斷道。	答眼根斷道。	Answer: The path of eliminating the eye faculty,
['T27n1545_092:0474b11_15']	緣識及緣緣識。	緣識及緣緣識。	and the consciousness that takes it as its object and the consciousness that takes the object of that [consciousness] as its object,
['T27n1545_092:0474b12_5']	得遍知時無色愛盡。	得遍知時無色愛盡。	when the complete knowledge is attained, the desire of the formless realm is exhausted.
['T27n1545_092:0474b12_15']	三隨眠得遍知三結盡。	三隨眠得遍知三結盡。	The complete knowledge of three latent afflictions is attained, and three fetters are terminated.
['T27n1545_092:0474b13_12']	耳鼻舌身命意樂喜捨信等五根斷道。	耳鼻舌身命意樂喜捨信等五根斷道。	The path of cutting off the ear, nose, tongue, body, life, mind, pleasure, joy, and equanimity faculties, and the five faculties such as faith,
['T27n1545_092:0474b14_1']	緣識及緣緣識。	緣識及緣緣識。	the consciousness that takes them as objects, and the consciousness that takes that as an object,
['T27n1545_092:0474b14_8']	得遍知時亦爾。	得遍知時亦爾。	are also like this when the condition of knowing all is attained.
['T27n1545_092:0474b14_15']	女根斷道緣識。	女根斷道緣識。	The consciousness that takes the female faculty as an object,
['T27n1545_092:0474b15_4']	得遍知時色愛盡。	得遍知時色愛盡。	when the condition of knowing all is attained, is the exhaustion of desire for form.
['T27n1545_092:0474b15_12']	異生三十一隨眠。	異生三十一隨眠。	For ordinary beings, thirty-one latent afflictions,
['T27n1545_092:0474b16_1']	得遍知無結盡。	得遍知無結盡。	when the condition of knowing all is attained, no bonds are exhausted.
['T27n1545_092:0474b16_13']	聖者三隨眠得遍知無結盡。	聖者三隨眠得遍知無結盡。	For noble ones, three latent afflictions are known, and no bonds are exhausted.
['T27n1545_092:0474b17_8']	此緣緣識得遍知時無色愛盡。	此緣緣識得遍知時無色愛盡。	When the consciousness that takes that as an object is known, the exhaustion of desire for the formless realm,
['T27n1545_092:0474b18_1']	三隨眠得遍知三結盡。	三隨眠得遍知三結盡。	three latent afflictions are known, and three bonds are exhausted.
['T27n1545_092:0474b18_8']	男苦憂根斷道。	男苦憂根斷道。	The path of cutting off the male faculty, suffering, and sorrow faculties,
['T27n1545_092:0474b18_15']	緣識及緣緣識。	緣識及緣緣識。	the consciousness that takes them as objects, and the consciousness that takes that as an object,
['T27n1545_092:0474b19_3']	得遍知時亦爾。	得遍知時亦爾。	are also like this when the condition of knowing all is attained.
['T27n1545_092:0474b19_12']	通餘章義准此應知。	通餘章義准此應知。	The meaning of the remaining chapters should be understood by analogy with this.
['T27n1545_092:0474b20_7']	眼根乃至無色界。	眼根乃至無色界。	The eye faculty up to the formless realm,
['T27n1545_092:0474b20_17']	修所斷無明隨眠斷道。	修所斷無明隨眠斷道。	the path of cutting off the latent afflictions of ignorance eliminated by cultivation,
['T27n1545_092:0474b21_13']	緣識及緣緣識所增隨眠得遍知時。	緣識及緣緣識所增隨眠得遍知時。	the latent afflictions that increase the consciousness that takes them as objects and the consciousness that takes that as an object when the condition of knowing all is attained,
['T27n1545_092:0474b22_2']	幾隨眠得遍知。	幾隨眠得遍知。	how many latent afflictions are known?
['T27n1545_092:0474b22_6']	幾結盡。	幾結盡。	How many bonds are exhausted?
['T27n1545_092:0474b22_12']	答眼根斷道。	答眼根斷道。	Answer: The path of cutting off the eye faculty,
['T27n1545_092:0474b23_7']	緣識及緣緣識所增隨眠得遍知時。	緣識及緣緣識所增隨眠得遍知時。	When the latent afflictions that increase through the perceptual object consciousness and the perceptual object-support consciousness are completely eliminated,
['T27n1545_092:0474b23_12']	無色愛盡。	無色愛盡。	the desire for the formless realm is exhausted.
['T27n1545_092:0474b24_1']	三隨眠得遍知。	三隨眠得遍知。	The three latent afflictions are completely eliminated.
['T27n1545_092:0474b24_5']	三結盡。	三結盡。	The three bonds are eliminated.
['T27n1545_092:0474b25_2']	耳鼻舌身命意樂喜捨信等五根斷道。	耳鼻舌身命意樂喜捨信等五根斷道。	The path of eliminating the faculties of ear, nose, tongue, body, life, joy, pleasure, equanimity, faith, etc.,
['T27n1545_092:0474b26_1']	緣識及緣緣識所增隨眠得遍知時亦爾。	緣識及緣緣識所增隨眠得遍知時亦爾。	the latent afflictions that increase through the perceptual object consciousness and the perceptual object-support consciousness are also eliminated when they are completely known.
['T27n1545_092:0474b26_6']	女根斷道。	女根斷道。	The path of eliminating the female faculty,
['T27n1545_092:0474b26_13']	緣識所增隨眠。	緣識所增隨眠。	the latent afflictions that increase through the perceptual object consciousness,
['T27n1545_092:0474b27_1', 'T27n1545_092:0474b27_15']	得遍知時色愛盡。🔽異生三十一隨眠得遍知無結盡。	得遍知時色愛盡。 異生三十一隨眠得遍知無結盡。	when they are completely known, the desire for the form realm is exhausted.🔽Ordinary beings completely eliminate thirty-one latent afflictions but do not eliminate any bonds.
['T27n1545_092:0474b28_8']	聖者三隨眠得遍知無結盡。	聖者三隨眠得遍知無結盡。	Noble ones completely eliminate three latent afflictions but do not eliminate any bonds.
['T27n1545_092:0474b29_3']	此緣緣識所增隨眠得遍知時。	此緣緣識所增隨眠得遍知時。	When the latent afflictions that increase through the perceptual object-support consciousness are completely known,
['T27n1545_092:0474b29_8']	無色愛盡。	無色愛盡。	the desire for the formless realm is exhausted.
['T27n1545_092:0474b29_15']	三隨眠得遍知。	三隨眠得遍知。	The three latent afflictions are completely eliminated.
['T27n1545_092:0474b29_19']	三結盡。	三結盡。	The three bonds are eliminated.
['T27n1545_092:0474c01_6']	男苦憂根斷道。	男苦憂根斷道。	The path of eliminating the male faculty, the faculties of suffering and grief,
['T27n1545_092:0474c02_5']	緣識及緣緣識所增隨眠得遍知時亦爾。	緣識及緣緣識所增隨眠得遍知時亦爾。	the latent afflictions that increase through the perceptual object consciousness and the perceptual object-support consciousness are also eliminated when they are completely known.
['T27n1545_092:0474c02_14']	通餘章義准此應知。	通餘章義准此應知。	The meaning of the remaining chapters should be understood by analogy with this.
['T27n1545_092:0474c03_7']	眼根乃至無色界。	眼根乃至無色界。	The eye faculty up to the formless realm,
['T27n1545_092:0474c03_15']	修所斷無明隨眠。	修所斷無明隨眠。	The latent tendencies of ignorance eliminated by cultivation.
['T27n1545_092:0474c04_3']	緣識及緣緣識。	緣識及緣緣識。	The consciousness that takes it as an object and the consciousness that takes that consciousness as an object.
['T27n1545_092:0474c04_15']	滅作證時於九十八隨眠中。	滅作證時於九十八隨眠中。	When one realizes the cessation of suffering, among the ninety-eight latent tendencies,
['T27n1545_092:0474c05_3']	幾隨眠滅作證。	幾隨眠滅作證。	how many latent tendencies does one realize the cessation of?
['T27n1545_092:0474c05_11']	於九結中幾結盡。	於九結中幾結盡。	How many of the nine fetters are exhausted?
['T27n1545_092:0474c06_2']	答眼根緣識滅作證時。	答眼根緣識滅作證時。	Answer: When the consciousness that takes the eye faculty as an object realizes the cessation of suffering,
['T27n1545_092:0474c06_9']	空無邊處愛盡。	空無邊處愛盡。	the craving for the sphere of infinite space is exhausted.
['T27n1545_092:0474c06_18']	即眼根緣識滅作證。	即眼根緣識滅作證。	At that very moment, the consciousness that takes the eye faculty as an object realizes the cessation of suffering.
['T27n1545_092:0474c07_2']	無結盡。	無結盡。	There are no fetters that are exhausted.
['T27n1545_092:0474c07_15']	至阿羅漢九十八隨眠滅作證。	至阿羅漢九十八隨眠滅作證。	Up to the state of arhatship, one realizes the cessation of the ninety-eight latent tendencies.
['T27n1545_092:0474c08_1']	九結盡。	九結盡。	The nine fetters are exhausted.
['T27n1545_092:0474c08_15']	此緣緣識滅作證時得阿羅漢果。	此緣緣識滅作證時得阿羅漢果。	When the consciousness that takes that as an object realizes the cessation of suffering, one attains the fruit of arhatship.
['T27n1545_092:0474c09_5']	九十八隨眠滅作證。	九十八隨眠滅作證。	One realizes the cessation of the ninety-eight latent tendencies.
['T27n1545_092:0474c09_9']	九結盡。	九結盡。	The nine fetters are exhausted.
['T27n1545_092:0474c09_15']	耳鼻舌身根。	耳鼻舌身根。	The ear, nose, tongue, and body faculties,
['T27n1545_092:0474c10_8']	緣識及緣緣識滅作證時亦爾。	緣識及緣緣識滅作證時亦爾。	the consciousness that takes them as objects, and the consciousness that takes that consciousness as an object, when they realize the cessation of suffering, are also like this.
['T27n1545_092:0474c11_2']	女根緣識滅作證時色愛盡。	女根緣識滅作證時色愛盡。	When the consciousness that takes the female faculty as an object realizes the cessation of suffering, the craving for the form realm is exhausted.
['T27n1545_092:0474c11_13']	異生三十一隨眠滅作證。	異生三十一隨眠滅作證。	For ordinary beings, thirty-one latent tendencies are realized to cease.
['T27n1545_092:0474c11_17']	無結盡。	無結盡。	There are no fetters that are exhausted.
['T27n1545_092:0474c12_6']	聖者三隨眠滅作證。	聖者三隨眠滅作證。	For noble ones, three latent tendencies are realized to cease.
['T27n1545_092:0474c12_10']	無結盡。	無結盡。	There are no fetters that are exhausted.
['T27n1545_092:0474c13_4', 'T27n1545_092:0474c13_8']	至阿羅漢九十八隨眠滅作證。🔽九結盡。	至阿羅漢九十八隨眠滅作證。 九結盡。	When the nine fetters are eliminated, the cognition of the destruction of the nine fetters is realized.🔽When the nine fetters are eliminated, the cognition of the destruction of the nine fetters is realized.
['T27n1545_092:0474c13_17']	此緣緣識滅作證時。	此緣緣識滅作證時。	When the cognition of the destruction of the object-condition of the cognition of the destruction of the nine fetters is realized,
['T27n1545_092:0474c14_13']	空無邊處愛盡即女根緣緣識滅作證。	空無邊處愛盡即女根緣緣識滅作證。	the cognition of the destruction of the object-condition of the desire for the sphere of infinite space is realized.
['T27n1545_092:0474c14_17', 'T27n1545_092:0474c15_11']	無結盡。🔽至阿羅漢九十八隨眠滅作證。	無結盡。 至阿羅漢九十八隨眠滅作證。	No fetters are eliminated.🔽When the nine fetters are eliminated, the cognition of the destruction of the nine fetters is realized.
['T27n1545_092:0474c15_15']	九結盡。	九結盡。	When the nine fetters are eliminated, the cognition of the destruction of the nine fetters is realized.
['T27n1545_092:0474c16_13', 'T27n1545_092:0474c17_4']	男苦憂根緣識及緣緣識滅作證時亦爾。🔽命根緣識及緣緣識。	男苦憂根緣識及緣緣識滅作證時亦爾。 命根緣識及緣緣識。	When the cognition of the destruction of the object-condition and the object-condition of the object-condition of the male faculty, the faculty of suffering, and the faculty of sorrow is realized, it is also like this.
['T27n1545_092:0474c17_14']	滅作證時得阿羅漢果。	滅作證時得阿羅漢果。	When the cognition of the destruction of the object-condition and the object-condition of the object-condition of the faculty of life is realized, the fruit of arhatship is attained.
['T27n1545_092:0474c18_7', 'T27n1545_092:0474c19_1']	九十八隨眠滅作證九結盡。🔽意樂喜捨信等五三無漏根。	九十八隨眠滅作證九結盡。 意樂喜捨信等五三無漏根。	When the nine fetters are eliminated, the cognition of the destruction of the nine fetters is realized.
['T27n1545_092:0474c19_14']	緣識及緣緣識滅作證時亦爾。	緣識及緣緣識滅作證時亦爾。	When the cognition of the destruction of the object-condition and the object-condition of the object-condition of the mental faculty, the faculty of pleasure, the faculty of joy, the faculty of equanimity, faith and the other five faculties, and the three pure faculties is realized, it is also like this.
['T27n1545_092:0474c20_4']	通餘章義准此應知。	通餘章義准此應知。	The meaning of the remaining chapters should be understood by analogy with this.
['T27n1545_092:0474c21_7', 'T27n1545_092:0474c21_15']	眼根乃至無色界。🔽修所斷無明隨眠。	眼根乃至無色界。 修所斷無明隨眠。	The eye faculty up to the ignorance that is eliminated by cultivation in the formless realm,
['T27n1545_092:0474c22_11']	緣識及緣緣識所增隨眠滅作證時。	緣識及緣緣識所增隨眠滅作證時。	when the cognition of the destruction of the object-condition and the object-condition of the object-condition of the latent afflictions that increase is realized,
['T27n1545_092:0474c22_18']	幾隨眠滅作證。	幾隨眠滅作證。	How many latent afflictions are eliminated and realized?
['T27n1545_092:0474c23_3']	幾結盡。	幾結盡。	How many bonds are exhausted?
['T27n1545_092:0474c23_17']	答眼根緣識所增隨眠滅作證時。	答眼根緣識所增隨眠滅作證時。	Answer: When the latent afflictions that increase through the object-condition of the eye-faculty's consciousness are eliminated and realized,
['T27n1545_092:0474c24_5']	空無邊處愛盡。	空無邊處愛盡。	the craving for the sphere of infinite space is exhausted.
['T27n1545_092:0474c24_18']	即眼根緣識所增隨眠滅作證。	即眼根緣識所增隨眠滅作證。	The latent afflictions that increase through the object-condition of the eye-faculty's consciousness are eliminated and realized.
['T27n1545_092:0474c25_3']	無結盡。	無結盡。	There are no bonds exhausted.
['T27n1545_092:0474c25_16']	至阿羅漢九十八隨眠滅作證。	至阿羅漢九十八隨眠滅作證。	Up to the state of arhatship, the ninety-eight latent afflictions are eliminated and realized.
['T27n1545_092:0474c26_1']	九結盡。	九結盡。	The nine bonds are exhausted.
['T27n1545_092:0474c26_14']	此緣緣識所增隨眠滅作證時。	此緣緣識所增隨眠滅作證時。	When the latent afflictions that increase through the object-condition of the object-condition consciousness are eliminated and realized,
['T27n1545_092:0474c27_1']	得阿羅漢果。	得阿羅漢果。	one attains the fruit of arhatship.
['T27n1545_092:0474c27_10']	九十八隨眠滅作證。	九十八隨眠滅作證。	The ninety-eight latent afflictions are eliminated and realized.
['T27n1545_092:0474c27_14']	九結盡。	九結盡。	The nine bonds are exhausted.
['T27n1545_092:0474c28_16']	耳鼻舌身根緣識及緣緣識所增隨眠滅作證時亦爾。	耳鼻舌身根緣識及緣緣識所增隨眠滅作證時亦爾。	The same is true when the latent afflictions that increase through the object-condition of the ear, nose, tongue, and body faculties' consciousnesses and the object-condition consciousnesses are eliminated and realized.
['T27n1545_092:0474c29_14']	女根緣識所增隨眠滅作證時色愛盡。	女根緣識所增隨眠滅作證時色愛盡。	When the latent afflictions that increase through the object-condition of the female faculty's consciousness are eliminated and realized, the craving for the form realm is exhausted.
['T27n1545_092:0475a01_7']	異生三十一隨眠滅作證。	異生三十一隨眠滅作證。	For ordinary beings, thirty-one latent afflictions are eliminated and realized.
['T27n1545_092:0475a01_11']	無結盡。	無結盡。	There are no bonds exhausted.
['T27n1545_092:0475a02_4']	聖者三隨眠滅作證無結盡。	聖者三隨眠滅作證無結盡。	For noble ones, three latent afflictions are eliminated and realized, and there are no bonds exhausted.
['T27n1545_092:0475a02_17']	至阿羅漢九十八隨眠滅作證。	至阿羅漢九十八隨眠滅作證。	Up to the state of arhatship, the ninety-eight latent afflictions are eliminated and realized.
['T27n1545_092:0475a03_2']	九結盡。	九結盡。	The nine bonds are exhausted.
['T27n1545_092:0475a03_15']	此緣緣識所增隨眠滅作證時。	此緣緣識所增隨眠滅作證時。	When the corresponding and objective-condition consciousnesses' increase of the latent afflictions to be eliminated is realized,
['T27n1545_092:0475a04_3']	空無邊處愛盡。	空無邊處愛盡。	the craving for the sphere of infinite space is exhausted.
['T27n1545_092:0475a04_17']	即女根緣緣識所增隨眠滅作證。	即女根緣緣識所增隨眠滅作證。	The corresponding and objective-condition consciousnesses' increase of the latent afflictions to be eliminated is realized.
['T27n1545_092:0475a05_2']	無結盡。	無結盡。	There are no bonds to be eliminated.
['T27n1545_092:0475a05_15']	至阿羅漢九十八隨眠滅作證。	至阿羅漢九十八隨眠滅作證。	Up to the state of arhatship, the ninety-eight latent afflictions are eliminated and realized.
['T27n1545_092:0475a06_1']	九結盡。	九結盡。	The nine bonds are eliminated.
['T27n1545_092:0475a07_4']	男苦憂根緣識及緣緣識所增隨眠滅作證時亦爾。	男苦憂根緣識及緣緣識所增隨眠滅作證時亦爾。	The corresponding and objective-condition consciousnesses' increase of the latent afflictions to be eliminated of the female faculty, the faculties of pain and sorrow, are also realized.
['T27n1545_092:0475a08_8']	命根緣識及緣緣識所增隨眠滅作證時得阿羅漢果。	命根緣識及緣緣識所增隨眠滅作證時得阿羅漢果。	When the corresponding and objective-condition consciousnesses' increase of the latent afflictions to be eliminated of the life faculty are realized, one attains the fruit of arhatship.
['T27n1545_092:0475a08_17']	九十八隨眠滅作證。	九十八隨眠滅作證。	The ninety-eight latent afflictions are eliminated and realized.
['T27n1545_092:0475a09_2', 'T27n1545_092:0475a09_14']	九結盡。🔽意樂喜捨信等五三無漏根。	九結盡。 意樂喜捨信等五三無漏根。	The nine bonds are eliminated.
['T27n1545_092:0475a10_12']	緣識及緣緣識所增隨眠滅作證時亦爾。	緣識及緣緣識所增隨眠滅作證時亦爾。	The corresponding and objective-condition consciousnesses' increase of the latent afflictions to be eliminated of the mental faculty, the faculties of joy, pleasure, and equanimity, faith and the others, and the three pure faculties, are also realized.
['T27n1545_092:0475a11_3']	通餘章義准此應知。	通餘章義准此應知。	The meaning of the remaining chapters should be understood by analogy with this.
['T27n1545_092:0475a12_7']	眼根乃至無色界。	眼根乃至無色界。	From the eye faculty up to the formless realm,
['T27n1545_092:0475a12_16']	修所斷無明隨眠滅。	修所斷無明隨眠滅。	the latent afflictions of ignorance to be eliminated by cultivation,
['T27n1545_092:0475a13_4']	緣識及緣緣識。	緣識及緣緣識。	the corresponding and objective-condition consciousnesses,
['T27n1545_092:0475a13_9']	滅作證時。	滅作證時。	are realized.
['T27n1545_092:0475a13_19']	幾隨眠滅作證幾結盡。	幾隨眠滅作證幾結盡。	How many latent afflictions are eliminated and how many bonds are severed?
['T27n1545_092:0475a14_13']	答眼根滅緣識滅作證時色愛盡。	答眼根滅緣識滅作證時色愛盡。	Answer: When the consciousness that takes the eye faculty as its object ceases, the desire for form is exhausted.
['T27n1545_092:0475a15_9']	異生三十一隨眠滅作證無結盡。	異生三十一隨眠滅作證無結盡。	For ordinary beings, thirty-one latent afflictions are eliminated and no bonds are severed.
['T27n1545_092:0475a16_3']	聖者三隨眠滅作證無結盡。	聖者三隨眠滅作證無結盡。	For noble ones, three latent afflictions are eliminated and no bonds are severed.
['T27n1545_092:0475a16_16']	至阿羅漢九十八隨眠滅作證。	至阿羅漢九十八隨眠滅作證。	Up to arhatship, ninety-eight latent afflictions are eliminated and eliminated.
['T27n1545_092:0475a17_1']	九結盡。	九結盡。	Nine bonds are severed.
['T27n1545_092:0475a17_15']	此緣緣識滅作證時得阿羅漢果。	此緣緣識滅作證時得阿羅漢果。	When the consciousness that takes that as its object ceases, one attains the fruit of arhatship.
['T27n1545_092:0475a18_8', 'T27n1545_092:0475a18_17', 'T27n1545_092:0475a19_11']	九十八隨眠滅作證九結盡。🔽耳鼻舌身樂喜根滅。🔽緣識及緣緣識滅作證時亦爾。	九十八隨眠滅作證九結盡。 耳鼻舌身樂喜根滅。 緣識及緣緣識滅作證時亦爾。	Ninety-eight latent afflictions are eliminated and nine bonds are severed.🔽The cessation of the female faculty, the consciousness that takes it as its object, and the consciousness that takes that as its object.🔽The same is true when they cease.
['T27n1545_092:0475a20_6']	女根滅緣識滅作證時色愛盡。	女根滅緣識滅作證時色愛盡。	When the desire for form is exhausted,
['T27n1545_092:0475a21_2']	異生三十一隨眠滅作證無結盡。	異生三十一隨眠滅作證無結盡。	for ordinary beings, thirty-one latent afflictions are eliminated and no bonds are severed.
['T27n1545_092:0475a21_14']	聖者三隨眠滅作證無結盡。	聖者三隨眠滅作證無結盡。	For noble ones, three latent afflictions are eliminated and no bonds are severed.
['T27n1545_092:0475a22_11']	至阿羅漢九十八隨眠滅作證九結盡。	至阿羅漢九十八隨眠滅作證九結盡。	Up to arhatship, ninety-eight latent afflictions are eliminated and nine bonds are severed.
['T27n1545_092:0475a23_8']	此緣緣識滅作證時空無邊處愛盡。	此緣緣識滅作證時空無邊處愛盡。	When the consciousness that takes that as its object ceases, the desire for the sphere of infinite space is exhausted.
['T27n1545_092:0475a24_4']	即女根滅緣緣識滅作證無結盡。	即女根滅緣緣識滅作證無結盡。	When the female faculty ceases, the cessation of the associated consciousness and the object of the associated consciousness is realized, but no fetters are eliminated.
['T27n1545_092:0475a25_2']	至阿羅漢九十八隨眠滅作證九結盡。	至阿羅漢九十八隨眠滅作證九結盡。	Up to the state of arhatship, the cessation of the ninety-eight latent afflictions is realized and the nine fetters are eliminated.
['T27n1545_092:0475a25_8']	男苦憂根滅。	男苦憂根滅。	When the male faculty, the faculties of pain and grief cease,
['T27n1545_092:0475a26_2', 'T27n1545_092:0475a26_12']	緣識及緣緣識滅作證時亦爾。🔽命根滅緣識及緣緣識。	緣識及緣緣識滅作證時亦爾。 命根滅緣識及緣緣識。	the cessation of the associated consciousness and the object of the associated consciousness is realized in the same way.
['T27n1545_092:0475a27_3']	滅作證時得阿羅漢果。	滅作證時得阿羅漢果。	When the life faculty ceases, the cessation of the associated consciousness and the object of the associated consciousness is realized, and at that time the fruit of arhatship is attained.
['T27n1545_092:0475a27_15']	九十八隨眠滅作證九結盡。	九十八隨眠滅作證九結盡。	The cessation of the ninety-eight latent afflictions is realized and the nine fetters are eliminated.
['T27n1545_092:0475a28_4']	意捨信等五根滅。	意捨信等五根滅。	When the mental faculty, the faculty of equanimity, and the five faculties such as faith cease,
['T27n1545_092:0475a28_17']	緣識及緣緣識滅作證時亦爾。	緣識及緣緣識滅作證時亦爾。	the cessation of the associated consciousness and the object of the associated consciousness is realized in the same way.
['T27n1545_092:0475a29_7', 'T27n1545_092:0475b01_7']	通餘章義准此應知。🔽眼根乃至無色界。	通餘章義准此應知。 眼根乃至無色界。	The meaning of the remaining chapters should be understood by analogy with this.
['T27n1545_092:0475b01_16']	修所斷無明隨眠滅。	修所斷無明隨眠滅。	The eye faculty up to the latent afflictions of the formless realm that are eliminated by cultivation cease,
['T27n1545_092:0475b02_12']	緣識及緣緣識所增隨眠滅作證時。	緣識及緣緣識所增隨眠滅作證時。	and when the cessation of the associated consciousness and the object of the associated consciousness is realized,
['T27n1545_092:0475b03_1']	幾隨眠滅作證。	幾隨眠滅作證。	how many latent afflictions are eliminated and realized,
['T27n1545_092:0475b03_5', 'T27n1545_092:0475b03_16']	幾結盡。🔽答眼根滅緣識所增隨眠。	幾結盡。 答眼根滅緣識所增隨眠。	and how many fetters are eliminated?
['T27n1545_092:0475b04_4']	滅作證時色愛盡。	滅作證時色愛盡。	The answer is: When the eye faculty ceases and the latent afflictions that increase the associated consciousness are eliminated and realized, the desire for form is exhausted.
['T27n1545_092:0475b04_15']	異生三十一隨眠滅作證。	異生三十一隨眠滅作證。	Ordinary beings eliminate and realize the thirty-one latent afflictions.
['T27n1545_092:0475b04_19']	無結盡。	無結盡。	There are no fetters to be eliminated.
['T27n1545_092:0475b05_8']	聖者三隨眠滅作證。	聖者三隨眠滅作證。	Noble ones eliminate and realize the three latent afflictions.
['T27n1545_092:0475b05_12']	無結盡。	無結盡。	There are no fetters to be eliminated.
['T27n1545_092:0475b06_10']	至阿羅漢九十八隨眠滅作證九結盡。	至阿羅漢九十八隨眠滅作證九結盡。	Up to arhats, they eliminate and realize the ninety-eight latent afflictions and eliminate the nine fetters.
['T27n1545_092:0475b07_1']	此緣緣識所增隨眠。	此緣緣識所增隨眠。	The latent afflictions that increase due to the perceiving and perceived objects of this consciousness
['T27n1545_092:0475b07_11']	滅作證時得阿羅漢果。	滅作證時得阿羅漢果。	when eliminating and realizing, attain the fruit of arhatship.
['T27n1545_092:0475b08_1']	九十八隨眠滅作證。	九十八隨眠滅作證。	They eliminate and realize the ninety-eight latent afflictions.
['T27n1545_092:0475b08_5']	九結盡。	九結盡。	They eliminate the nine fetters.
['T27n1545_092:0475b09_11']	耳鼻舌身樂喜根滅緣識及緣緣識所增隨眠滅作證時亦爾。	耳鼻舌身樂喜根滅緣識及緣緣識所增隨眠滅作證時亦爾。	The same is true when eliminating and realizing the latent afflictions that increase due to the perceiving and perceived objects of the consciousness of the ear, nose, tongue, body, pleasure, and joy faculties.
['T27n1545_092:0475b10_3']	女根滅緣識所增隨眠。	女根滅緣識所增隨眠。	The latent afflictions that increase due to the perceiving consciousness of the female faculty
['T27n1545_092:0475b10_18']	滅作證時色愛盡異生三十一隨眠。	滅作證時色愛盡異生三十一隨眠。	when eliminating and realizing, those of the desire realm who have exhausted desire for form eliminate thirty-one latent afflictions.
['T27n1545_092:0475b11_6']	滅作證無結盡。	滅作證無結盡。	There are no fetters to be eliminated.
['T27n1545_092:0475b11_15']	聖者三隨眠滅作證。	聖者三隨眠滅作證。	Noble ones eliminate and realize the three latent afflictions.
['T27n1545_092:0475b11_19']	無結盡。	無結盡。	There are no fetters to be eliminated.
['T27n1545_092:0475b12_15']	至阿羅漢九十八隨眠滅作證九結盡。	至阿羅漢九十八隨眠滅作證九結盡。	Up to arhats, they eliminate and realize the ninety-eight latent afflictions and eliminate the nine fetters.
['T27n1545_092:0475b13_10']	此緣緣識所增隨眠滅作證時。	此緣緣識所增隨眠滅作證時。	When eliminating and realizing the latent afflictions that increase due to the perceiving and perceived objects of this consciousness,
['T27n1545_092:0475b13_17']	空無邊處愛盡。	空無邊處愛盡。	the desire for the sphere of infinite space is exhausted.
['T27n1545_092:0475b14_10']	即女根滅緣緣識所增隨眠。	即女根滅緣緣識所增隨眠。	It is the acquisition of the latent afflictions that increase due to the cessation of the female faculty and the consciousness that takes it as its object.
['T27n1545_092:0475b14_14']	滅作證。	滅作證。	Attaining the cessation of the female faculty,
['T27n1545_092:0475b14_18']	無結盡。	無結盡。	there are no fetters that are eliminated.
['T27n1545_092:0475b15_14']	至阿羅漢九十八隨眠滅作證九結盡。	至阿羅漢九十八隨眠滅作證九結盡。	Up to the state of arhatship, the cessation of the ninety-eight latent afflictions is attained and the nine fetters are eliminated.
['T27n1545_092:0475b16_2']	男苦憂根滅。	男苦憂根滅。	The cessation of the male faculty, the faculties of pain and sorrow,🔽and the consciousness that takes them as objects and the consciousness that takes that consciousness as its object,
['T27n1545_092:0475b17_1']	緣識及緣緣識所增隨眠滅作證時亦爾。	緣識及緣緣識所增隨眠滅作證時亦爾。	and the acquisition of the latent afflictions that increase due to them is also like this.
['T27n1545_092:0475b17_11']	命根滅緣識及緣緣識。	命根滅緣識及緣緣識。	The cessation of the life faculty and the consciousness that takes it as its object and the consciousness that takes that consciousness as its object,
['T27n1545_092:0475b18_6']	所增隨眠滅作證時得阿羅漢果。	所增隨眠滅作證時得阿羅漢果。	and the acquisition of the latent afflictions that increase due to them is also like this.
['T27n1545_092:0475b18_18']	九十八隨眠滅作證九結盡。	九十八隨眠滅作證九結盡。	The attainment of arhatship, the cessation of the ninety-eight latent afflictions is attained and the nine fetters are eliminated.🔽The cessation of the mental faculty, the faculty of equanimity, and the five faculties such as faith and the consciousness that takes them as objects and the consciousness that takes that consciousness as its object,
['T27n1545_092:0475b20_5']	意捨信等五根滅緣識及緣緣識所增隨眠滅作證時亦爾。	意捨信等五根滅緣識及緣緣識所增隨眠滅作證時亦爾。	and the acquisition of the latent afflictions that increase due to them is also like this.
['T27n1545_092:0475b20_14']	通餘章義准此應知。	通餘章義准此應知。	The meaning of the remaining chapters should be understood by analogy with this.
['T27n1545_092:0475b21_4']	眼根乃至無色界。	眼根乃至無色界。	The eye faculty up to the formless realm,
['T27n1545_092:0475b21_14']	修所斷無明隨眠斷道。	修所斷無明隨眠斷道。	the path that eliminates the latent afflictions of ignorance eliminated through cultivation,🔽and the consciousness that takes it as its object and the consciousness that takes that consciousness as its object,
['T27n1545_092:0475b22_15']	緣識及緣緣識滅作證時幾隨眠滅作證幾結盡。	緣識及緣緣識滅作證時幾隨眠滅作證幾結盡。	and the acquisition of the latent afflictions that increase due to them is also like this.
['T27n1545_092:0475b23_9']	答眼根斷道緣識及緣緣識。	答眼根斷道緣識及緣緣識。	The path that eliminates the eye faculty and the consciousness that takes it as its object and the consciousness that takes that consciousness as its object,
['T27n1545_092:0475b24_1']	滅作證時得阿羅漢果。	滅作證時得阿羅漢果。	When the realization of cessation is attained, one attains the fruit of arhatship.
['T27n1545_092:0475b24_13']	九十八隨眠滅作證九結盡。	九十八隨眠滅作證九結盡。	The realization of the cessation of the ninety-eight latent afflictions and the termination of the nine fetters.
['T27n1545_092:0475b25_10']	耳鼻舌身命意樂喜捨信等五根斷道。	耳鼻舌身命意樂喜捨信等五根斷道。	The path of abandoning the faculties of ear, nose, tongue, body, life, pleasure, joy, equanimity, faith, and so forth.
['T27n1545_092:0475b26_5']	緣識及緣緣識滅作證時亦爾。	緣識及緣緣識滅作證時亦爾。	The realization of the cessation of the associated consciousness and the object-perceiving consciousness is also like this.
['T27n1545_092:0475b26_10']	女根斷道。	女根斷道。	The path of abandoning the female faculty.
['T27n1545_092:0475b27_1']	緣識滅作證時色愛盡。	緣識滅作證時色愛盡。	When the realization of the cessation of the associated consciousness is attained, desire for form is exhausted.
['T27n1545_092:0475b27_15']	異生三十一隨眠滅作證無結盡。	異生三十一隨眠滅作證無結盡。	Ordinary beings realize the cessation of thirty-one latent afflictions but do not terminate any fetters.
['T27n1545_092:0475b28_5']	聖者三隨眠滅作證。	聖者三隨眠滅作證。	Noble ones realize the cessation of three latent afflictions.
['T27n1545_092:0475b28_9']	無結盡。	無結盡。	They do not terminate any fetters.
['T27n1545_092:0475b29_6']	至阿羅漢九十八隨眠滅作證九結盡。	至阿羅漢九十八隨眠滅作證九結盡。	Up to arhats, they realize the cessation of the ninety-eight latent afflictions and terminate the nine fetters.
['T27n1545_092:0475c01_2']	此緣緣識滅作證時得阿羅漢果。	此緣緣識滅作證時得阿羅漢果。	When the realization of the cessation of the object-perceiving consciousness is attained, one attains the fruit of arhatship.
['T27n1545_092:0475c01_14']	九十八隨眠滅作證九結盡。	九十八隨眠滅作證九結盡。	They realize the cessation of the ninety-eight latent afflictions and terminate the nine fetters.
['T27n1545_092:0475c02_2']	男苦憂根斷道。	男苦憂根斷道。	The path of abandoning the male faculty, the faculties of pain and grief.
['T27n1545_092:0475c02_15']	緣識及緣緣識滅作證時亦爾。	緣識及緣緣識滅作證時亦爾。	The realization of the cessation of the associated consciousness and the object-perceiving consciousness is also like this.
['T27n1545_092:0475c03_5']	通餘章義准此應知。	通餘章義准此應知。	The meaning of the remaining chapters should be understood by analogy with this.
['T27n1545_092:0475c04_7']	眼根乃至無色界。	眼根乃至無色界。	The eye faculty up to the formless realm.
['T27n1545_092:0475c04_17']	修所斷無明隨眠斷道。	修所斷無明隨眠斷道。	The path of abandoning the latent afflictions of ignorance that are to be eliminated through cultivation.
['T27n1545_092:0475c05_13']	緣識及緣緣識所增隨眠滅作證時。	緣識及緣緣識所增隨眠滅作證時。	When the latent afflictions that increase the perceiving consciousness and the perceiving-condition consciousness are eliminated and realized,
['T27n1545_092:0475c06_2']	幾隨眠滅作證。	幾隨眠滅作證。	how many latent afflictions are eliminated and realized?
['T27n1545_092:0475c06_6']	幾結盡。	幾結盡。	How many bonds are severed?
['T27n1545_092:0475c06_12']	答眼根斷道。	答眼根斷道。	The answer is: When the path of severing the eye faculty,
['T27n1545_092:0475c06_19']	緣識及緣緣識。	緣識及緣緣識。	the perceiving consciousness and the perceiving-condition consciousness,
['T27n1545_092:0475c07_12']	所增隨眠滅作證時得阿羅漢果。	所增隨眠滅作證時得阿羅漢果。	and the latent afflictions that increase them are eliminated and realized, one attains the fruit of arhatship.
['T27n1545_092:0475c08_3']	九十八隨眠滅作證。	九十八隨眠滅作證。	Ninety-eight latent afflictions are eliminated and realized.
['T27n1545_092:0475c08_7']	九結盡。	九結盡。	Nine bonds are severed.
['T27n1545_092:0475c09_4']	耳鼻舌身命意樂喜捨信等五根斷道。	耳鼻舌身命意樂喜捨信等五根斷道。	The path of severing the ear, nose, tongue, body, life, mind, joy, pleasure, and equanimity faculties,
['T27n1545_092:0475c10_3', 'T27n1545_092:0475c10_14']	緣識及緣緣識所增隨眠滅作證時亦爾。🔽女根斷道緣識所增隨眠。	緣識及緣緣識所增隨眠滅作證時亦爾。 女根斷道緣識所增隨眠。	and the latent afflictions that increase the perceiving consciousness and the perceiving-condition consciousness are eliminated and realized in the same way.
['T27n1545_092:0475c11_3']	滅作證時色愛盡。	滅作證時色愛盡。	When the path of severing the female faculty and the latent afflictions that increase the perceiving consciousness are eliminated and realized, desire for the form realm is exhausted.
['T27n1545_092:0475c11_14']	異生三十一隨眠滅作證。	異生三十一隨眠滅作證。	For ordinary beings, thirty-one latent afflictions are eliminated and realized.
['T27n1545_092:0475c11_18']	無結盡。	無結盡。	No bonds are severed.
['T27n1545_092:0475c12_7']	聖者三隨眠滅作證。	聖者三隨眠滅作證。	For noble ones, three latent afflictions are eliminated and realized.
['T27n1545_092:0475c12_11']	無結盡。	無結盡。	No bonds are severed.
['T27n1545_092:0475c13_5']	至阿羅漢九十八隨眠滅作證。	至阿羅漢九十八隨眠滅作證。	Up to arhats, ninety-eight latent afflictions are eliminated and realized.
['T27n1545_092:0475c13_9']	九結盡。	九結盡。	Nine bonds are severed.
['T27n1545_092:0475c13_18']	此緣緣識所增隨眠。	此緣緣識所增隨眠。	The latent afflictions that increase this perceiving-condition consciousness,
['T27n1545_092:0475c14_8']	滅作證時得阿羅漢果。	滅作證時得阿羅漢果。	When the realization of cessation is attained, one attains the fruit of arhatship.
['T27n1545_092:0475c14_17']	九十八隨眠滅作證。	九十八隨眠滅作證。	The realization of the cessation of the ninety-eight latent afflictions is attained.
['T27n1545_092:0475c15_2']	九結盡。	九結盡。	The nine fetters are severed.
['T27n1545_092:0475c15_9']	男苦憂根斷道。	男苦憂根斷道。	The path of severing the male faculty, the faculty of pain, and the faculty of sorrow,
['T27n1545_092:0475c16_7']	緣識及緣緣識所增隨眠滅作證時亦爾。	緣識及緣緣識所增隨眠滅作證時亦爾。	The latent afflictions that increase due to the associated consciousness and the objective support consciousness are also like this when the realization of cessation is attained.
['T27n1545_092:0475c16_16']	通餘章義准此應知。	通餘章義准此應知。	The meaning of the other chapters should be understood by analogy with this.
['T27n1545_092:0475c17_7']	眼根乃至無色界。	眼根乃至無色界。	The eye faculty up to the formless realm,
['T27n1545_092:0475c17_15']	修所斷無明隨眠。	修所斷無明隨眠。	The latent afflictions eliminated by cultivation, and ignorance,
['T27n1545_092:0475c18_5']	各九結中幾結所繫。	各九結中幾結所繫。	In which of the nine fetters are they bound?
['T27n1545_092:0475c18_13']	三縛中幾縛所縛。	三縛中幾縛所縛。	By how many of the three bonds are they bound?
['T27n1545_092:0475c19_4']	十隨眠中幾隨眠隨增。	十隨眠中幾隨眠隨增。	In which of the ten latent afflictions do they increase?
['T27n1545_092:0475c19_12']	六垢中幾垢所染。	六垢中幾垢所染。	By how many of the six defilements are they defiled?
['T27n1545_092:0475c20_1']	十纏中幾纏所纏。	十纏中幾纏所纏。	By how many of the ten entanglements are they entangled?
['T27n1545_092:0475c20_9']	答眼根九結所繫。	答眼根九結所繫。	The eye faculty is bound by nine fetters,
['T27n1545_092:0475c20_14']	三縛所縛。	三縛所縛。	Bound by three bonds,
['T27n1545_092:0475c20_20']	十隨眠隨增。	十隨眠隨增。	The ten latent afflictions increase,
['T27n1545_092:0475c21_4']	六垢所染。	六垢所染。	Defiled by six defilements,
['T27n1545_092:0475c21_9']	十纏所纏。	十纏所纏。	Entangled by ten entanglements.
['T27n1545_092:0475c21_19']	耳乃至信等五根亦爾。	耳乃至信等五根亦爾。	The ear faculty up to the five faculties such as faith are also like this.
['T27n1545_092:0475c22_8']	通餘章義准此應知。	通餘章義准此應知。	The meaning of the other chapters should be understood by analogy with this.
['T27n1545_092:0475c23_7']	眼根乃至無色界。	眼根乃至無色界。	The eye faculty up to the formless realm,
['T27n1545_092:0475c23_15']	修所斷無明隨眠。	修所斷無明隨眠。	The latent tendencies of ignorance eliminated by cultivation.
['T27n1545_092:0475c24_3']	緣識及緣緣識。	緣識及緣緣識。	The consciousness that takes them as objects and the consciousness that takes that consciousness as its object.
['T27n1545_092:0475c24_8']	幾結所繫。	幾結所繫。	How many bonds are they bound by?
['T27n1545_092:0475c24_15']	乃至幾纏所纏。	乃至幾纏所纏。	Up to how many entanglements are they entangled by?
['T27n1545_092:0475c25_5']	答眼根緣識及緣緣識。	答眼根緣識及緣緣識。	The answer: The consciousness that takes the eye faculty as its object and the consciousness that takes that consciousness as its object.
['T27n1545_092:0475c25_10']	九結所繫。	九結所繫。	They are bound by nine bonds.
['T27n1545_092:0475c25_15']	三縛所縛。	三縛所縛。	They are bound by three fetters.
['T27n1545_092:0475c26_5']	十隨眠隨增六垢所染。	十隨眠隨增六垢所染。	They are increased by ten latent tendencies and defiled by six defilements.
['T27n1545_092:0475c26_10']	十纏所纏。	十纏所纏。	They are entangled by ten entanglements.
['T27n1545_092:0475c26_18']	耳乃至信等五根。	耳乃至信等五根。	The ear faculty up to the five faculties such as faith.
['T27n1545_092:0475c27_7']	緣識及緣緣識亦爾。	緣識及緣緣識亦爾。	The consciousness that takes them as objects and the consciousness that takes that consciousness as its object are also like this.
['T27n1545_092:0475c27_16', 'T27n1545_092:0475c28_7']	通餘章義准此應知。🔽眼根乃至無色界。	通餘章義准此應知。 眼根乃至無色界。	The meaning of the remaining chapters should be understood by analogy with this.
['T27n1545_092:0475c28_16']	修所斷無明隨眠滅。	修所斷無明隨眠滅。	The cessation of the eye faculty up to the ignorance eliminated by cultivation in the formless realm.
['T27n1545_092:0475c29_4']	緣識及緣緣識。	緣識及緣緣識。	The consciousness that takes them as objects and the consciousness that takes that consciousness as its object.
['T27n1545_092:0475c29_9']	幾結所繫。	幾結所繫。	How many bonds are they bound by?
['T27n1545_092:0475c29_16']	乃至幾纏所纏。	乃至幾纏所纏。	Up to how many entanglements are they entangled by?
['T27n1545_092:0476a01_7']	答眼根滅緣識及緣緣識。	答眼根滅緣識及緣緣識。	The answer: The consciousness that takes the cessation of the eye faculty as its object and the consciousness that takes that consciousness as its object.
['T27n1545_092:0476a01_12']	九結所繫。	九結所繫。	They are bound by nine bonds.
['T27n1545_092:0476a01_17']	三縛所縛。	三縛所縛。	They are bound by three fetters.
['T27n1545_092:0476a02_3']	十隨眠隨增。	十隨眠隨增。	They are increased by ten latent tendencies.
['T27n1545_092:0476a02_8']	六垢所染。	六垢所染。	They are defiled by six defilements.
['T27n1545_092:0476a02_13']	十纏所纏。	十纏所纏。	They are entangled by ten entanglements.
['T27n1545_092:0476a03_10']	耳乃至信等五根滅緣識及緣緣識亦爾。	耳乃至信等五根滅緣識及緣緣識亦爾。	The same applies to the consciousnesses that take as objects the cessation of the ear and so on up to the five faculties such as faith, as well as the consciousnesses that take as objects the objects of those.
['T27n1545_092:0476a04_1']	通餘章義准此應知。	通餘章義准此應知。	The meaning of the remaining chapters should be understood by analogy with this.
['T27n1545_092:0476a05_7']	眼根乃至無色界。	眼根乃至無色界。	The eye faculty up to the formless realm.
['T27n1545_092:0476a05_17']	修所斷無明隨眠斷道。	修所斷無明隨眠斷道。	The path of eliminating the dormant afflictions eliminated by cultivation and ignorance.
['T27n1545_092:0476a06_5']	緣識及緣緣識。	緣識及緣緣識。	The consciousnesses that take as objects and the consciousnesses that take as objects the objects of those.
['T27n1545_092:0476a06_10']	幾結所繫。	幾結所繫。	How many bonds are they bound by?
['T27n1545_092:0476a06_17']	乃至幾纏所纏。	乃至幾纏所纏。	Up to how many entanglements are they entangled by?
['T27n1545_092:0476a07_9']	答眼根斷道緣識及緣緣識。	答眼根斷道緣識及緣緣識。	The answer: The consciousnesses that take as objects the path of eliminating the eye faculty and the consciousnesses that take as objects the objects of those.
['T27n1545_092:0476a07_14']	九結所繫。	九結所繫。	They are bound by nine bonds.
['T27n1545_092:0476a07_19']	三縛所縛。	三縛所縛。	They are bound by three fetters.
['T27n1545_092:0476a08_5']	十隨眠隨增。	十隨眠隨增。	They are increased by ten latent afflictions.
['T27n1545_092:0476a08_10']	六垢所染。	六垢所染。	They are defiled by six defilements.
['T27n1545_092:0476a08_15', 'T27n1545_092:0476a09_5']	十纏所纏。🔽耳乃至信等五根斷道。	十纏所纏。 耳乃至信等五根斷道。	They are entangled by ten entanglements.
['T27n1545_092:0476a09_14']	緣識及緣緣識亦爾。	緣識及緣緣識亦爾。	The consciousnesses that take as objects the path of eliminating the ear and so on up to the five faculties such as faith, as well as the consciousnesses that take as objects the objects of those, are the same.
['T27n1545_092:0476a10_4']	通餘章義准此應知。	通餘章義准此應知。	The meaning of the remaining chapters should be understood by analogy with this.
['T27n1545_092:0476a11_9']	成就眼根乃至無色界。	成就眼根乃至無色界。	One who possesses the eye faculty up to the formless realm.
['T27n1545_092:0476a11_18', 'T27n1545_092:0476a12_4']	修所斷無明隨眠者。🔽幾結所繫。	修所斷無明隨眠者。 幾結所繫。	The dormant afflictions eliminated by cultivation and ignorance.🔽How many bonds are they bound by?
['T27n1545_092:0476a12_11']	乃至幾纏所纏。	乃至幾纏所纏。	Up to how many entanglements are they entangled by?
['T27n1545_092:0476a12_18']	答成就眼根者。	答成就眼根者。	The answer: One who possesses the eye faculty.
['T27n1545_092:0476a13_10']	若異生未離欲染九結所繫。	若異生未離欲染九結所繫。	If ordinary beings who have not yet abandoned desire realm attachment are bound by nine fetters.
['T27n1545_092:0476a13_15']	三縛所縛。	三縛所縛。	They are bound by three bonds.
['T27n1545_092:0476a14_3']	十隨眠隨增。	十隨眠隨增。	Ten latent afflictions increase.
['T27n1545_092:0476a14_8']	六垢所染。	六垢所染。	They are defiled by six defilements.
['T27n1545_092:0476a14_13']	十纏所纏。	十纏所纏。	They are entangled by ten entanglements.
['T27n1545_092:0476a15_5']	已離欲染未離初靜慮染。	已離欲染未離初靜慮染。	Those who have abandoned desire realm attachment but have not yet abandoned first dhyāna attachment,
['T27n1545_092:0476a15_10']	六結所繫。	六結所繫。	are bound by six fetters.
['T27n1545_092:0476a15_15']	二縛所縛。	二縛所縛。	They are bound by two bonds.
['T27n1545_092:0476a16_2']	九隨眠隨增。	九隨眠隨增。	Nine latent afflictions increase.
['T27n1545_092:0476a16_7']	三垢所染。	三垢所染。	They are defiled by three defilements.
['T27n1545_092:0476a16_12']	二縛所縛。	二縛所縛。	They are bound by two bonds.
['T27n1545_092:0476a16_19']	已離初靜慮染。	已離初靜慮染。	Those who have abandoned first dhyāna attachment,
['T27n1545_092:0476a17_3']	六結所繫。	六結所繫。	are bound by six fetters.
['T27n1545_092:0476a17_8']	二縛所縛。	二縛所縛。	They are bound by two bonds.
['T27n1545_092:0476a17_14']	九隨眠隨增。	九隨眠隨增。	Nine latent afflictions increase.
['T27n1545_092:0476a17_19']	一垢所染。	一垢所染。	They are defiled by one defilement.
['T27n1545_092:0476a18_3']	二纏所纏。	二纏所纏。	They are entangled by two entanglements.
['T27n1545_092:0476a18_16']	若聖者未離欲染入正性離生。	若聖者未離欲染入正性離生。	If noble ones who have not yet abandoned desire realm attachment enter the correct state of detachment from birth,
['T27n1545_092:0476a19_5']	苦類智未已生。	苦類智未已生。	the knowledge of the similarity of suffering has not yet arisen.
['T27n1545_092:0476a19_10']	九結所繫。	九結所繫。	They are bound by nine fetters.
['T27n1545_092:0476a19_15']	三縛所縛。	三縛所縛。	They are bound by three bonds.
['T27n1545_092:0476a20_5']	十隨眠隨增六垢所染。	十隨眠隨增六垢所染。	Ten latent afflictions increase. They are defiled by six defilements.
['T27n1545_092:0476a20_10']	十纏所纏。	十纏所纏。	They are entangled by ten entanglements.
['T27n1545_092:0476a21_3']	苦類智已生道類智未已生。	苦類智已生道類智未已生。	The knowledge of the similarity of suffering has arisen, but the knowledge of the similarity of the path has not yet arisen.
['T27n1545_092:0476a21_8']	九結所繫。	九結所繫。	They are bound by nine fetters.
['T27n1545_092:0476a21_13']	三縛所縛。	三縛所縛。	They are bound by three bonds.
['T27n1545_092:0476a21_19']	八隨眠隨增。	八隨眠隨增。	Eight latent afflictions increase.
['T27n1545_092:0476a22_4']	六垢所染。	六垢所染。	Six defilements taint.
['T27n1545_092:0476a22_9']	十纏所纏。	十纏所纏。	Ten entanglements entangle.
['T27n1545_092:0476a23_1']	道類智已生未離欲染。	道類智已生未離欲染。	Having already produced the knowledge of the class of the path, but not yet free from the defilements of desire,
['T27n1545_092:0476a23_6']	六結所繫。	六結所繫。	One is bound by six fetters.
['T27n1545_092:0476a23_11']	三縛所縛。	三縛所縛。	One is bound by three fetters.
['T27n1545_092:0476a23_17']	四隨眠隨增。	四隨眠隨增。	Four latent afflictions increase.
['T27n1545_092:0476a24_1']	六垢所染。	六垢所染。	Six defilements taint.
['T27n1545_092:0476a24_6']	十纏所纏。	十纏所纏。	Ten entanglements entangle.
['T27n1545_092:0476a25_4']	已離欲染未離初靜慮染入正性離生。	已離欲染未離初靜慮染入正性離生。	Having already become free from the defilements of desire, but not yet free from the defilements of the first meditation, one enters into the certainty of perfection.
['T27n1545_092:0476a25_11']	苦類智未已生。	苦類智未已生。	The knowledge of the class of suffering has not yet been produced.
['T27n1545_092:0476a25_16']	六結所繫。	六結所繫。	One is bound by six fetters.
['T27n1545_092:0476a26_1']	二縛所縛。	二縛所縛。	One is bound by two fetters.
['T27n1545_092:0476a26_7']	九隨眠隨增。	九隨眠隨增。	Nine latent afflictions increase.
['T27n1545_092:0476a26_12']	三垢所染。	三垢所染。	Three defilements taint.
['T27n1545_092:0476a26_17']	二纏所纏。	二纏所纏。	Two entanglements entangle.
['T27n1545_092:0476a27_8']	苦類智已生道類智未已生。	苦類智已生道類智未已生。	Having already produced the knowledge of the class of suffering, but the knowledge of the class of the path has not yet been produced,
['T27n1545_092:0476a27_13']	六結所繫。	六結所繫。	One is bound by six fetters.
['T27n1545_092:0476a27_18']	二縛所縛。	二縛所縛。	One is bound by two fetters.
['T27n1545_092:0476a28_4']	七隨眠隨增。	七隨眠隨增。	Seven latent afflictions increase.
['T27n1545_092:0476a28_9']	三垢所染。	三垢所染。	Three defilements taint.
['T27n1545_092:0476a28_14']	二纏所纏。	二纏所纏。	Two entanglements entangle.
['T27n1545_092:0476a29_6']	道類智已生未離初靜慮染。	道類智已生未離初靜慮染。	Having already produced the knowledge of the class of the path, but not yet free from the defilements of the first meditation,
['T27n1545_092:0476a29_11']	三結所繫。	三結所繫。	One is bound by three fetters.
['T27n1545_092:0476a29_16', 'T27n1545_092:0476b01_3']	二縛所縛。🔽三隨眠隨增。	二縛所縛。 三隨眠隨增。	One is bound by two fetters.🔽Three latent afflictions increase.
['T27n1545_092:0476b01_8']	三垢所染。	三垢所染。	Three defilements taint.
['T27n1545_092:0476b01_13']	二纏所纏。	二纏所纏。	and is bound by the two entanglements.
['T27n1545_092:0476b02_12']	已離初靜慮染入正性離生苦類智未已生。	已離初靜慮染入正性離生苦類智未已生。	Having already become free from the defilements of the first meditative absorption, one has entered the stage of right and perfect penetration, but the knowledge of the class of suffering has not yet arisen.
['T27n1545_092:0476b02_17']	六結所繫。	六結所繫。	One is bound by the six fetters.
['T27n1545_092:0476b03_4']	二縛所縛。	二縛所縛。	One is bound by the two bonds.
['T27n1545_092:0476b03_10']	九隨眠隨增。	九隨眠隨增。	Nine latent afflictions increase.
['T27n1545_092:0476b03_15']	一垢所染。	一垢所染。	One is defiled by one stain.
['T27n1545_092:0476b04_1']	二纏所纏。	二纏所纏。	One is entangled by the two entanglements.
['T27n1545_092:0476b04_13']	苦類智已生道類智未已生。	苦類智已生道類智未已生。	The knowledge of the class of suffering has already arisen, but the knowledge of the class of the path has not yet arisen.
['T27n1545_092:0476b04_18']	六結所繫。	六結所繫。	One is bound by the six fetters.
['T27n1545_092:0476b05_4']	二縛所縛。	二縛所縛。	One is bound by the two bonds.
['T27n1545_092:0476b05_10']	七隨眠隨增。	七隨眠隨增。	Seven latent afflictions increase.
['T27n1545_092:0476b05_15']	一垢所染。	一垢所染。	One is defiled by one stain.
['T27n1545_092:0476b05_20']	二纏所纏。	二纏所纏。	One is entangled by the two entanglements.
['T27n1545_092:0476b06_10']	道類智已生未離無色染。	道類智已生未離無色染。	The knowledge of the class of the path has already arisen, but one has not yet become free from the defilements of the formless realm.
['T27n1545_092:0476b06_15']	三結所繫。	三結所繫。	One is bound by the three fetters.
['T27n1545_092:0476b07_1']	二縛所縛。	二縛所縛。	One is bound by the two bonds.
['T27n1545_092:0476b07_7']	三隨眠隨增。	三隨眠隨增。	Three latent afflictions increase.
['T27n1545_092:0476b07_12']	一垢所染。	一垢所染。	One is defiled by one stain.
['T27n1545_092:0476b07_17']	二纏所纏。	二纏所纏。	One is entangled by the two entanglements.
['T27n1545_092:0476b08_6']	已離無色染無結繫。	已離無色染無結繫。	Having already become free from the defilements of the formless realm, one is not bound by any fetters.
['T27n1545_092:0476b08_12']	乃至無纏纏。	乃至無纏纏。	Up to not being entangled by any entanglements.
['T27n1545_092:0476b09_5']	成就耳鼻舌身女男命意。	成就耳鼻舌身女男命意。	One who has the faculties of ear, nose, tongue, body, female, male, life, and mind,
['T27n1545_092:0476b09_17']	樂苦喜捨信等五根者亦爾。	樂苦喜捨信等五根者亦爾。	as well as the faculties of pleasure, pain, joy, and equanimity, and the five faculties beginning with faith, is also like this.
['T27n1545_092:0476b10_7']	成就憂根者若異生。	成就憂根者若異生。	One who has the faculty of sorrow, if an ordinary person,
['T27n1545_092:0476b10_12']	九結所繫。	九結所繫。	Bound by nine fetters.
['T27n1545_092:0476b10_17']	三縛所縛。	三縛所縛。	Bound by three bonds.
['T27n1545_092:0476b11_3']	十隨眠隨增。	十隨眠隨增。	Ten latent afflictions increase.
['T27n1545_092:0476b11_8']	六垢所染。	六垢所染。	Defiled by six defilements.
['T27n1545_092:0476b11_13']	十纏所纏。	十纏所纏。	Entangled by ten entanglements.
['T27n1545_092:0476b12_3']	若聖者苦類智未已生。	若聖者苦類智未已生。	If one is a noble one for whom the cognition of the class of suffering has not yet arisen,
['T27n1545_092:0476b12_8']	九結所繫。	九結所繫。	Bound by nine fetters.
['T27n1545_092:0476b12_13']	三縛所縛。	三縛所縛。	Bound by three bonds.
['T27n1545_092:0476b12_19']	十隨眠隨增。	十隨眠隨增。	Ten latent afflictions increase.
['T27n1545_092:0476b13_4']	六垢所染。	六垢所染。	Defiled by six defilements.
['T27n1545_092:0476b13_9']	十纏所纏。	十纏所纏。	Entangled by ten entanglements.
['T27n1545_092:0476b14_2']	苦類智已生道類智未已生。	苦類智已生道類智未已生。	For one in whom the cognition of the class of suffering has arisen but the cognition of the class of the path has not yet arisen,
['T27n1545_092:0476b14_7']	九結所繫。	九結所繫。	Bound by nine fetters.
['T27n1545_092:0476b14_12']	三縛所縛。	三縛所縛。	Bound by three bonds.
['T27n1545_092:0476b14_18']	八隨眠隨增。	八隨眠隨增。	Eight latent afflictions increase.
['T27n1545_092:0476b15_2']	六垢所染。	六垢所染。	Defiled by six defilements.
['T27n1545_092:0476b15_7']	十纏所纏。	十纏所纏。	Entangled by ten entanglements.
['T27n1545_092:0476b15_13']	道類智已生。	道類智已生。	For one in whom the cognition of the class of the path has already arisen,
['T27n1545_092:0476b15_18']	六結所繫。	六結所繫。	Bound by six fetters.
['T27n1545_092:0476b16_2']	三縛所縛。	三縛所縛。	Bound by three bonds.
['T27n1545_092:0476b16_8']	四隨眠隨增。	四隨眠隨增。	Four latent afflictions increase.
['T27n1545_092:0476b16_13']	六垢所染。	六垢所染。	Defiled by six defilements.
['T27n1545_092:0476b16_18']	十纏所纏。	十纏所纏。	Entangled by ten entanglements.
['T27n1545_092:0476b17_6']	成就未知當知根者。	成就未知當知根者。	One who possesses the faculty of 'I shall come to know the unknown',
['T27n1545_092:0476b17_11']	未離欲染。	未離欲染。	Not yet free from the stain of desire,
['T27n1545_092:0476b18_5']	入正性離生苦類智未已生。	入正性離生苦類智未已生。	Entering the certainty of perfect knowledge, the cognition of the class of suffering has not yet arisen,
['T27n1545_092:0476b18_10']	九結所繫。	九結所繫。	Bound by nine fetters.
['T27n1545_092:0476b18_15']	三縛所縛。	三縛所縛。	Bound by three bonds.
['T27n1545_092:0476b19_2']	十隨眠隨增。	十隨眠隨增。	Ten latent afflictions increase.
['T27n1545_092:0476b19_7']	六垢所染。	六垢所染。	Six defilements contaminate.
['T27n1545_092:0476b19_12']	十纏所纏。	十纏所纏。	Ten entanglements entangle.
['T27n1545_092:0476b19_18']	苦類智已生。	苦類智已生。	When the knowledge of the aspects of the truth of suffering has already arisen,
['T27n1545_092:0476b20_2']	九結所繫。	九結所繫。	One is bound by nine fetters.
['T27n1545_092:0476b20_7']	三縛所縛。	三縛所縛。	One is bound by three fetter-bonds.
['T27n1545_092:0476b20_13']	八隨眠隨增。	八隨眠隨增。	Eight latent afflictions increase.
['T27n1545_092:0476b20_18']	六垢所染。	六垢所染。	Six defilements contaminate.
['T27n1545_092:0476b21_2']	十纏所纏。	十纏所纏。	Ten entanglements entangle.
['T27n1545_092:0476b21_13']	已離欲染未離初靜慮染。	已離欲染未離初靜慮染。	Having already become free from the defilements of the desire realm, but not yet free from the defilements of the first concentration,
['T27n1545_092:0476b22_7']	入正性離生苦類智未已生。	入正性離生苦類智未已生。	Entering the correct separation from birth, the knowledge of the aspects of the truth of suffering has not yet arisen.
['T27n1545_092:0476b22_12']	六結所繫。	六結所繫。	One is bound by six fetters.
['T27n1545_092:0476b22_17']	二縛所縛。	二縛所縛。	One is bound by two fetter-bonds.
['T27n1545_092:0476b23_4']	九隨眠隨增。	九隨眠隨增。	Nine latent afflictions increase.
['T27n1545_092:0476b23_9']	三垢所染。	三垢所染。	Three defilements contaminate.
['T27n1545_092:0476b23_14']	二纏所纏。	二纏所纏。	Two entanglements entangle.
['T27n1545_092:0476b23_20']	苦類智已生。	苦類智已生。	When the knowledge of the aspects of the truth of suffering has already arisen,
['T27n1545_092:0476b24_4']	六結所繫。	六結所繫。	One is bound by six fetters.
['T27n1545_092:0476b24_9']	二縛所縛。	二縛所縛。	One is bound by two fetter-bonds.
['T27n1545_092:0476b24_15']	七隨眠隨增。	七隨眠隨增。	Seven latent afflictions increase.
['T27n1545_092:0476b24_20']	三垢所染。	三垢所染。	Three defilements contaminate.
['T27n1545_092:0476b25_4']	二纏所纏。	二纏所纏。	Two entanglements entangle.
['T27n1545_092:0476b26_5']	已離初靜慮染入正性離生苦類智未已生。	已離初靜慮染入正性離生苦類智未已生。	Having already become free from the defilements of the first concentration, entering the correct separation from birth, the knowledge of the aspects of the truth of suffering has not yet arisen.
['T27n1545_092:0476b26_10']	六結所繫。	六結所繫。	One is bound by six fetters.
['T27n1545_092:0476b26_15']	二縛所縛。	二縛所縛。	One is bound by two fetter-bonds.
['T27n1545_092:0476b27_1']	九隨眠隨增。	九隨眠隨增。	Nine latent afflictions increase.
['T27n1545_092:0476b27_6']	一垢所染。	一垢所染。	One defilement contaminates.
['T27n1545_092:0476b27_11']	二纏所纏。	二纏所纏。	And is bound by two entanglements.
['T27n1545_092:0476b27_17']	苦類智已生。	苦類智已生。	When the knowledge of the categories of suffering has already arisen,
['T27n1545_092:0476b28_1']	六結所繫。	六結所繫。	One is bound by six knots.
['T27n1545_092:0476b28_6']	二縛所縛。	二縛所縛。	And is bound by two fetters.
['T27n1545_092:0476b28_12']	七隨眠隨增。	七隨眠隨增。	Seven latent tendencies increase.
['T27n1545_092:0476b28_17']	一垢所染。	一垢所染。	One is defiled by one stain.
['T27n1545_092:0476b29_1']	二纏所纏。	二纏所纏。	And is bound by two entanglements.
['T27n1545_092:0476b29_13']	成就已知根者若未離欲染。	成就已知根者若未離欲染。	One who has already accomplished the faculty of knowing the unknown, if not yet free from the passion of desire,
['T27n1545_092:0476b29_18']	六結所繫。	六結所繫。	Is bound by six knots.
['T27n1545_092:0476c01_4']	三縛所縛。	三縛所縛。	Is bound by three fetters.
['T27n1545_092:0476c01_10']	四隨眠隨增。	四隨眠隨增。	Four latent tendencies increase.
['T27n1545_092:0476c01_15']	六垢所染。	六垢所染。	Is defiled by six stains.
['T27n1545_092:0476c01_20']	十纏所纏。	十纏所纏。	Is bound by ten entanglements.
['T27n1545_092:0476c02_11']	若已離欲染未離初靜慮染。	若已離欲染未離初靜慮染。	If already free from the passion of desire but not yet free from the passion of the first meditation,
['T27n1545_092:0476c02_16']	三結所繫。	三結所繫。	Is bound by three knots.
['T27n1545_092:0476c03_3']	二縛所縛。	二縛所縛。	Is bound by two fetters.
['T27n1545_092:0476c03_9']	三隨眠隨增。	三隨眠隨增。	Three latent tendencies increase.
['T27n1545_092:0476c03_14']	三垢所染。	三垢所染。	Is defiled by three stains.
['T27n1545_092:0476c03_19']	二纏所纏。	二纏所纏。	Is bound by two entanglements.
['T27n1545_092:0476c04_6']	若已離初靜慮染。	若已離初靜慮染。	If already free from the passion of the first meditation,
['T27n1545_092:0476c04_11']	三結所繫。	三結所繫。	Is bound by three knots.
['T27n1545_092:0476c04_16']	二縛所縛。	二縛所縛。	Is bound by two fetters.
['T27n1545_092:0476c05_2']	三隨眠隨增。	三隨眠隨增。	Three latent tendencies increase.
['T27n1545_092:0476c05_7']	一垢所染。	一垢所染。	Is defiled by one stain.
['T27n1545_092:0476c05_12']	二纏所纏。	二纏所纏。	Is bound by two entanglements.
['T27n1545_092:0476c06_3']	成就具知根者無結繫。	成就具知根者無結繫。	One who has already accomplished the faculty of perfect knowledge is not bound by any knots,
['T27n1545_092:0476c06_9']	乃至無纏纏。	乃至無纏纏。	Up to not being bound by any entanglements.
['T27n1545_092:0476c07_1']	通餘章義准此應知。	通餘章義准此應知。	The meaning of the remaining chapters should be understood by analogy with this.
['T27n1545_092:0476c08_16']	成就眼根乃至無色界修所斷無明隨眠。	成就眼根乃至無色界修所斷無明隨眠。	Attaining the eye faculty up to the ignorance to be eliminated by cultivation in the formless realm.
['T27n1545_092:0476c09_10']	緣識及緣緣識者幾結所繫。	緣識及緣緣識者幾結所繫。	How many bonds are one bound by in regard to the associated consciousness and the object-perceived consciousness?
['T27n1545_092:0476c09_17']	乃至幾纏所纏。	乃至幾纏所纏。	Up to how many entanglements are one entangled by?
['T27n1545_092:0476c10_8']	答成就眼乃至具知根。	答成就眼乃至具知根。	The answer is: Attaining the eye up to the faculty of complete knowledge.
['T27n1545_092:0476c10_16']	緣識及緣緣識者。	緣識及緣緣識者。	In regard to the associated consciousness and the object-perceived consciousness,
['T27n1545_092:0476c11_8']	諸結所繫乃至諸纏所纏。	諸結所繫乃至諸纏所纏。	one is bound by all the bonds, up to entangled by all the entanglements.
['T27n1545_092:0476c11_17']	如前成就眼根者說。	如前成就眼根者說。	As explained before for one who attains the eye faculty.
['T27n1545_092:0476c12_8']	通餘章義准此應知。	通餘章義准此應知。	The meaning of the remaining chapters should be understood by analogy.
['T27n1545_092:0476c14_1']	成就眼根乃至無色界修所斷無明隨眠滅者。	成就眼根乃至無色界修所斷無明隨眠滅者。	For the cessation of the ignorance to be eliminated by cultivation in the formless realm attained by one who attains the eye faculty up to the eye faculty,
['T27n1545_092:0476c14_12']	幾結所繫乃至幾纏所纏。	幾結所繫乃至幾纏所纏。	how many bonds are one bound by, up to how many entanglements are one entangled by?
['T27n1545_092:0476c15_1']	答成就眼根滅者。	答成就眼根滅者。	The answer is: For the cessation of the eye faculty attained by one,
['T27n1545_092:0476c15_15']	若異生未離初靜慮染六結所繫。	若異生未離初靜慮染六結所繫。	if one is an ordinary person not yet free from the defilements of the first meditation, one is bound by six bonds,
['T27n1545_092:0476c16_2']	二縛所縛。	二縛所縛。	bound by two fetters,
['T27n1545_092:0476c16_8']	九隨眠隨增。	九隨眠隨增。	and nine latent afflictions increase.
['T27n1545_092:0476c16_13']	三垢所染。	三垢所染。	One is defiled by three defilements,
['T27n1545_092:0476c16_18']	二纏所纏。	二纏所纏。	and entangled by two entanglements.
['T27n1545_092:0476c17_5']	已離初靜慮染。	已離初靜慮染。	Having already become free from the defilements of the first meditation,
['T27n1545_092:0476c17_10']	六結所繫。	六結所繫。	one is bound by six bonds,
['T27n1545_092:0476c17_15']	二縛所縛。	二縛所縛。	bound by two fetters,
['T27n1545_092:0476c18_1']	九隨眠隨增。	九隨眠隨增。	and nine latent afflictions increase.
['T27n1545_092:0476c18_6']	一垢所染。	一垢所染。	First, it is defiled by the three defilements.
['T27n1545_092:0476c18_11']	二纏所纏。	二纏所纏。	Second, it is bound by the two bonds.
['T27n1545_092:0476c19_13']	若聖者未離初靜慮染入正性離生苦類智未已生。	若聖者未離初靜慮染入正性離生苦類智未已生。	If a noble one who has not yet abandoned the defilements of the first dhyāna enters the production of the correct view of separation from suffering, and the knowledge of the similarity of suffering has not yet arisen,
['T27n1545_092:0476c20_1']	六結所繫。	六結所繫。	It is bound by the six knots.
['T27n1545_092:0476c20_6']	二縛所縛。	二縛所縛。	It is bound by the two bonds.
['T27n1545_092:0476c20_12']	九隨眠隨增。	九隨眠隨增。	Nine latent tendencies increase.
['T27n1545_092:0476c20_17']	三垢所染。	三垢所染。	It is defiled by the three defilements.
['T27n1545_092:0476c21_1']	二纏所纏。	二纏所纏。	It is bound by the two bonds.
['T27n1545_092:0476c21_13']	苦類智已生道類智未已生。	苦類智已生道類智未已生。	The knowledge of the similarity of suffering has arisen, but the knowledge of the similarity of the path has not yet arisen.
['T27n1545_092:0476c21_18']	六結所繫。	六結所繫。	It is bound by the six knots.
['T27n1545_092:0476c22_3']	二縛所縛。	二縛所縛。	It is bound by the two bonds.
['T27n1545_092:0476c22_9']	七隨眠隨增。	七隨眠隨增。	Seven latent tendencies increase.
['T27n1545_092:0476c22_14']	三垢所染。	三垢所染。	It is defiled by the three defilements.
['T27n1545_092:0476c22_19']	二纏所纏。	二纏所纏。	It is bound by the two bonds.
['T27n1545_092:0476c23_10']	道類智已生未離初靜慮染。	道類智已生未離初靜慮染。	The knowledge of the similarity of the path has already arisen, but one has not yet abandoned the defilements of the first dhyāna.
['T27n1545_092:0476c23_15']	三結所繫。	三結所繫。	It is bound by the three knots.
['T27n1545_092:0476c24_1']	二縛所縛。	二縛所縛。	It is bound by the two bonds.
['T27n1545_092:0476c24_7']	三隨眠隨增。	三隨眠隨增。	Three latent tendencies increase.
['T27n1545_092:0476c24_12']	三垢所染。	三垢所染。	It is defiled by the three defilements.
['T27n1545_092:0476c24_17']	二纏所纏。	二纏所纏。	It is bound by the two bonds.
['T27n1545_092:0476c25_15']	已離初靜慮染入正性離生苦類智未已生。	已離初靜慮染入正性離生苦類智未已生。	Having already abandoned the defilements of the first dhyāna, one enters the production of the correct view of separation from suffering, but the knowledge of the similarity of suffering has not yet arisen.
['T27n1545_092:0476c26_3']	六結所繫。	六結所繫。	It is bound by the six knots.
['T27n1545_092:0476c26_8']	二縛所縛。	二縛所縛。	It is bound by the two bonds.
['T27n1545_092:0476c26_14']	九隨眠隨增。	九隨眠隨增。	Nine latent tendencies increase.
['T27n1545_092:0476c26_19']	一垢所染。	一垢所染。	It is defiled by the one defilement.
['T27n1545_092:0476c27_3']	二纏所纏。	二纏所纏。	And is bound by two entanglements.
['T27n1545_092:0476c27_15']	苦類智已生道類智未已生。	苦類智已生道類智未已生。	When the knowledge of the class of suffering has already arisen but the knowledge of the class of the path has not yet arisen,
['T27n1545_092:0476c28_1']	六結所繫。	六結所繫。	One is bound by six fetters.
['T27n1545_092:0476c28_6']	二縛所縛。	二縛所縛。	And is bound by two bonds.
['T27n1545_092:0476c28_12']	七隨眠隨增。	七隨眠隨增。	Seven latent afflictions increase.
['T27n1545_092:0476c28_17']	一垢所染。	一垢所染。	One is defiled by one stain.
['T27n1545_092:0476c29_1']	二纏所纏。	二纏所纏。	And is bound by two entanglements.
['T27n1545_092:0476c29_12']	道類智已生未離無色染。	道類智已生未離無色染。	When the knowledge of the class of the path has already arisen but one has not yet abandoned the defilements of the formless realm,
['T27n1545_092:0476c29_17']	三結所繫。	三結所繫。	One is bound by three fetters.
['T27n1545_092:0477a01_3']	二縛所縛。	二縛所縛。	And is bound by two bonds.
['T27n1545_092:0477a01_9']	三隨眠隨增。	三隨眠隨增。	Three latent afflictions increase.
['T27n1545_092:0477a01_14']	一垢所染。	一垢所染。	One is defiled by one stain.
['T27n1545_092:0477a01_19']	二纏所纏。	二纏所纏。	And is bound by two entanglements.
['T27n1545_092:0477a02_7']	已離無色染無結繫。	已離無色染無結繫。	One who has already abandoned the defilements of the formless realm is not bound by any fetters,
['T27n1545_092:0477a02_13']	乃至無纏纏。	乃至無纏纏。	Up to not being bound by any entanglements.
['T27n1545_092:0477a03_13']	成就耳鼻舌身女男命信等五根滅者亦爾。	成就耳鼻舌身女男命信等五根滅者亦爾。	One who possesses the ear, nose, tongue, body, female, male, and life faculties, and the faculty of cessation, is also like this.
['T27n1545_092:0477a04_2']	成就意根滅者。	成就意根滅者。	One who possesses the mind faculty and the faculty of cessation,
['T27n1545_092:0477a04_10']	若異生未離欲染。	若異生未離欲染。	If one is an ordinary person who has not yet abandoned the defilements of the desire realm,
['T27n1545_092:0477a04_15']	九結所繫。	九結所繫。	One is bound by nine fetters.
['T27n1545_092:0477a05_1']	三縛所縛。	三縛所縛。	And is bound by three bonds.
['T27n1545_092:0477a05_7']	十隨眠隨增。	十隨眠隨增。	Ten latent afflictions increase.
['T27n1545_092:0477a05_12']	六垢所染。	六垢所染。	One is defiled by six stains.
['T27n1545_092:0477a05_17']	十纏所纏。	十纏所纏。	And is bound by ten entanglements.
['T27n1545_092:0477a06_8']	已離欲染未離初靜慮染。	已離欲染未離初靜慮染。	One who has already abandoned the defilements of the desire realm but has not yet abandoned the defilements of the first dhyana,
['T27n1545_092:0477a06_13']	六結所繫。	六結所繫。	Is bound by six fetters.
['T27n1545_092:0477a06_18']	二縛所縛。	二縛所縛。	Bound by two fetters.
['T27n1545_092:0477a07_5']	九隨眠隨增。	九隨眠隨增。	Nine latent afflictions increase.
['T27n1545_092:0477a07_10']	三垢所染。	三垢所染。	Defiled by three defilements.
['T27n1545_092:0477a07_15']	二纏所纏。	二纏所纏。	Entangled by two entanglements.
['T27n1545_092:0477a08_2']	已離初靜慮染。	已離初靜慮染。	Already free from the defilements of the first dhyāna.
['T27n1545_092:0477a08_7']	六結所繫。	六結所繫。	Bound by six knots.
['T27n1545_092:0477a08_12']	二縛所縛。	二縛所縛。	Bound by two fetters.
['T27n1545_092:0477a08_18']	九隨眠隨增。	九隨眠隨增。	Nine latent afflictions increase.
['T27n1545_092:0477a09_2']	一垢所染。	一垢所染。	Defiled by one defilement.
['T27n1545_092:0477a09_7']	二纏所纏。	二纏所纏。	Entangled by two entanglements.
['T27n1545_092:0477a10_8']	若聖者未離欲染入正性離生苦類智未已生。	若聖者未離欲染入正性離生苦類智未已生。	If a noble one who has not yet abandoned the defilements of the desire realm enters the correct state of detachment from birth, and the knowledge of the aspects of suffering has not yet arisen,
['T27n1545_092:0477a10_13']	九結所繫。	九結所繫。	Bound by nine knots.
['T27n1545_092:0477a10_18']	三縛所縛。	三縛所縛。	Bound by three fetters.
['T27n1545_092:0477a11_5']	十隨眠隨增。	十隨眠隨增。	Ten latent afflictions increase.
['T27n1545_092:0477a11_10']	六垢所染。	六垢所染。	Defiled by six defilements.
['T27n1545_092:0477a11_15']	十纏所纏。	十纏所纏。	Entangled by ten entanglements.
['T27n1545_092:0477a12_7']	苦類智已生道類智未已生。	苦類智已生道類智未已生。	The knowledge of the aspects of suffering has arisen, but the knowledge of the aspects of the path has not yet arisen.
['T27n1545_092:0477a12_12']	九結所繫。	九結所繫。	Bound by nine knots.
['T27n1545_092:0477a12_17']	三縛所縛。	三縛所縛。	Bound by three fetters.
['T27n1545_092:0477a13_3']	八隨眠隨增。	八隨眠隨增。	Eight latent afflictions increase.
['T27n1545_092:0477a13_8']	六垢所染。	六垢所染。	Defiled by six defilements.
['T27n1545_092:0477a13_13']	十纏所纏。	十纏所纏。	Entangled by ten entanglements.
['T27n1545_092:0477a14_3']	道類智已生未離欲染。	道類智已生未離欲染。	The knowledge of the aspects of the path has arisen, but one has not yet abandoned the defilements of the desire realm.
['T27n1545_092:0477a14_8']	六結所繫。	六結所繫。	Bound by six knots.
['T27n1545_092:0477a14_13']	三縛所縛。	三縛所縛。	Bound by three fetters.
['T27n1545_092:0477a14_19']	四隨眠隨增。	四隨眠隨增。	Four latent afflictions increase.
['T27n1545_092:0477a15_4']	六垢所染。	六垢所染。	Defiled by six defilements.
['T27n1545_092:0477a15_9']	十纏所纏。	十纏所纏。	Bound by the ten entanglements.
['T27n1545_092:0477a16_2']	已離欲染未離初靜慮染。	已離欲染未離初靜慮染。	Already free from attachment to desire realm, but not yet free from attachment to the first meditative absorption.
['T27n1545_092:0477a16_14']	入正性離生苦類智未已生。	入正性離生苦類智未已生。	Having entered the correct state of renunciation, the cognition of the class of suffering has not yet arisen.
['T27n1545_092:0477a17_1']	六結所繫。	六結所繫。	Bound by the six knots.
['T27n1545_092:0477a17_6']	二縛所縛。	二縛所縛。	Bound by the two fetters.
['T27n1545_092:0477a17_12']	九隨眠隨增。	九隨眠隨增。	Nine latent afflictions increase.
['T27n1545_092:0477a17_17']	三垢所染。	三垢所染。	Defiled by the three defilements.
['T27n1545_092:0477a18_1']	二纏所纏。	二纏所纏。	Entangled by the two entanglements.
['T27n1545_092:0477a18_13']	苦類智已生道類智未已生。	苦類智已生道類智未已生。	The cognition of the class of suffering has arisen, but the cognition of the class of the path has not yet arisen.
['T27n1545_092:0477a18_18']	六結所繫。	六結所繫。	Bound by the six knots.
['T27n1545_092:0477a19_3']	二縛所縛。	二縛所縛。	Bound by the two fetters.
['T27n1545_092:0477a19_9']	七隨眠隨增。	七隨眠隨增。	Seven latent afflictions increase.
['T27n1545_092:0477a19_14']	三垢所染。	三垢所染。	Defiled by the three defilements.
['T27n1545_092:0477a19_19']	二纏所纏。	二纏所纏。	Entangled by the two entanglements.
['T27n1545_092:0477a20_10']	道類智已生未離初靜慮染。	道類智已生未離初靜慮染。	The cognition of the class of the path has arisen, but one has not yet become free from attachment to the first meditative absorption.
['T27n1545_092:0477a20_15']	三結所繫。	三結所繫。	Bound by the three knots.
['T27n1545_092:0477a21_1', 'T27n1545_092:0477a21_7']	二縛所縛。🔽三隨眠隨增。	二縛所縛。 三隨眠隨增。	Bound by the two fetters.🔽Three latent afflictions increase.
['T27n1545_092:0477a21_12']	三垢所染。	三垢所染。	Defiled by the three defilements.
['T27n1545_092:0477a21_17']	二纏所纏。	二纏所纏。	Entangled by the two entanglements.
['T27n1545_092:0477a22_15']	已離初靜慮染入正性離生苦類智未已生。	已離初靜慮染入正性離生苦類智未已生。	Already free from attachment to the first meditative absorption, having entered the correct state of renunciation, the cognition of the class of suffering has not yet arisen.
['T27n1545_092:0477a23_3']	六結所繫。	六結所繫。	Bound by the six knots.
['T27n1545_092:0477a23_8']	二縛所縛。	二縛所縛。	Bound by the two fetters.
['T27n1545_092:0477a23_14']	九隨眠隨增。	九隨眠隨增。	Nine latent afflictions increase.
['T27n1545_092:0477a23_19']	一垢所染。	一垢所染。	Defiled by one defilement.
['T27n1545_092:0477a24_3']	二纏所纏。	二纏所纏。	Entangled by the two entanglements.
['T27n1545_092:0477a24_15']	苦類智已生道類智未已生。	苦類智已生道類智未已生。	When the knowledge of the class of suffering has already arisen but the knowledge of the class of the path has not yet arisen,
['T27n1545_092:0477a25_1']	六結所繫。	六結所繫。	one is bound by six fetters,
['T27n1545_092:0477a25_6']	二縛所縛。	二縛所縛。	bound by two bonds,
['T27n1545_092:0477a25_12']	七隨眠隨增。	七隨眠隨增。	and seven latent afflictions increase.
['T27n1545_092:0477a25_17']	一垢所染。	一垢所染。	One is defiled by one stain,
['T27n1545_092:0477a26_1']	二纏所纏。	二纏所纏。	and entangled by two entanglements.
['T27n1545_092:0477a26_12']	道類智已生未離無色染。	道類智已生未離無色染。	When the knowledge of the class of the path has already arisen but one has not yet abandoned the defilements of the formless realm,
['T27n1545_092:0477a26_17']	三結所繫。	三結所繫。	one is bound by three fetters,
['T27n1545_092:0477a27_3']	二縛所縛。	二縛所縛。	bound by two bonds,
['T27n1545_092:0477a27_9']	三隨眠隨增。	三隨眠隨增。	and three latent afflictions increase.
['T27n1545_092:0477a27_14']	一垢所染。	一垢所染。	One is defiled by one stain,
['T27n1545_092:0477a27_19']	二纏所纏。	二纏所纏。	and entangled by two entanglements.
['T27n1545_092:0477a28_8']	已離無色染無結繫。	已離無色染無結繫。	Having already abandoned the defilements of the formless realm, one is not bound by any fetters,
['T27n1545_092:0477a28_14']	乃至無纏纏。	乃至無纏纏。	up to not entangled by any entanglements.
['T27n1545_092:0477a29_9']	成就樂苦喜憂捨根滅者亦爾。	成就樂苦喜憂捨根滅者亦爾。	The same applies to the cessation of the faculties of pleasure, pain, joy, sorrow, and equanimity.
['T27n1545_092:0477b01_1']	通餘章義准此應知。	通餘章義准此應知。	The meaning of the other chapters should be understood by analogy with this.
['T27n1545_092:0477b02_9']	成就眼根乃至無色界。	成就眼根乃至無色界。	Those who possess the eye faculty up to the formless realm,
['T27n1545_092:0477b02_18']	修所斷無明隨眠滅。	修所斷無明隨眠滅。	and the cessation of the latent afflictions eliminated by cultivation,
['T27n1545_092:0477b03_7']	緣識及緣緣識者。	緣識及緣緣識者。	the associated consciousness and the objects of that consciousness,
['T27n1545_092:0477b03_12']	幾結所繫。	幾結所繫。	by how many fetters are they bound?
['T27n1545_092:0477b03_19']	乃至幾纏所纏。	乃至幾纏所纏。	Up to by how many entanglements are they entangled?
['T27n1545_092:0477b04_12']	答成就眼根乃至信等五根滅。	答成就眼根乃至信等五根滅。	The answer: Those who possess the cessation of the eye faculty up to the five faculties such as faith,
['T27n1545_092:0477b05_6']	緣識及緣緣識者諸結所繫。	緣識及緣緣識者諸結所繫。	the associated consciousness and the objects of that consciousness, are bound by fetters.
['T27n1545_092:0477b05_13']	乃至諸纏所纏。	乃至諸纏所纏。	Up to being bound by all the entanglements,
['T27n1545_092:0477b06_5']	如前成就意根滅者說。	如前成就意根滅者說。	As explained before for one who has accomplished the cessation of the mental faculty.
['T27n1545_092:0477b06_14']	通餘章義准此應知。	通餘章義准此應知。	The meaning of the other chapters should be understood by analogy with this.
['T27n1545_092:0477b07_9']	成就眼根乃至無色界。	成就眼根乃至無色界。	One who has accomplished the eye faculty up to the formless realm,
['T27n1545_092:0477b08_2', 'T27n1545_092:0477b08_7']	修所斷無明隨眠斷道者。🔽幾結所繫。	修所斷無明隨眠斷道者。 幾結所繫。	And has severed the proclivity of ignorance that is to be eliminated by cultivation,🔽By how many fetters is one bound?
['T27n1545_092:0477b08_14']	乃至幾纏所纏。	乃至幾纏所纏。	Up to being bound by how many entanglements?
['T27n1545_092:0477b09_10']	答成就眼根乃至信等五根斷道者。	答成就眼根乃至信等五根斷道者。	The answer: One who has accomplished the eye faculty up to the five faculties such as faith, and has severed the path,
['T27n1545_092:0477b10_3']	諸結所繫乃至諸纏所纏。	諸結所繫乃至諸纏所纏。	Is bound by all the fetters, up to being bound by all the entanglements,
['T27n1545_092:0477b10_14']	亦如前成就意根滅者說。	亦如前成就意根滅者說。	Also as explained before for one who has accomplished the cessation of the mental faculty.
['T27n1545_092:0477b11_6']	成就眼根乃至無色界。	成就眼根乃至無色界。	One who has accomplished the eye faculty up to the formless realm,
['T27n1545_092:0477b11_16']	修所斷無明隨眠斷道。	修所斷無明隨眠斷道。	And has severed the proclivity of ignorance that is to be eliminated by cultivation,
['T27n1545_092:0477b12_5']	緣識及緣緣識者。	緣識及緣緣識者。	The consciousness that takes as its object, as well as the consciousness that takes that as its object,
['T27n1545_092:0477b12_16', 'T27n1545_092:0477b13_5']	諸結所繫乃至諸纏所纏。🔽如前成就意根滅。	諸結所繫乃至諸纏所纏。 如前成就意根滅。	Is bound by all the fetters, up to being bound by all the entanglements,
['T27n1545_092:0477b13_14']	緣識及緣緣識者說。	緣識及緣緣識者說。	As explained before for the consciousness that takes as its object, as well as the consciousness that takes that as its object,
['T27n1545_092:0477b14_4']	通餘章義准此應知。	通餘章義准此應知。	The meaning of the other chapters should be understood by analogy with this.
['T27n1545_092:0477b15_10']	不成就眼根乃至無色界。	不成就眼根乃至無色界。	One who has not accomplished the eye faculty up to the formless realm,
['T27n1545_092:0477b16_1']	修所斷無明隨眠者。	修所斷無明隨眠者。	And has the proclivity of ignorance that is to be eliminated by cultivation,
['T27n1545_092:0477b16_12']	幾結所繫乃至幾纏所纏。	幾結所繫乃至幾纏所纏。	How many bonds are one bound by, up to how many entanglements are one entangled by?
['T27n1545_092:0477b17_10']	答不成就眼耳鼻舌女男根者諸結所繫。	答不成就眼耳鼻舌女男根者諸結所繫。	Answer: Those who do not possess the eye, ear, nose, tongue, female, or male faculties are bound by all bonds,
['T27n1545_092:0477b17_17']	乃至諸纏所纏。	乃至諸纏所纏。	up to being entangled by all entanglements.
['T27n1545_092:0477b18_8']	如前成就眼根者說。	如前成就眼根者說。	As explained before for those who possess the eye faculty.
['T27n1545_092:0477b19_1']	不成就身根者若異生。	不成就身根者若異生。	Those who do not possess the body faculty, if they are ordinary beings,
['T27n1545_092:0477b19_6']	六結所繫。	六結所繫。	are bound by six bonds.
['T27n1545_092:0477b19_11']	二縛所縛。	二縛所縛。	They are bound by two fetters.
['T27n1545_092:0477b19_17']	九隨眠隨增。	九隨眠隨增。	Nine latent afflictions increase.
['T27n1545_092:0477b20_1']	一垢所染。	一垢所染。	They are defiled by one stain.
['T27n1545_092:0477b20_6']	二纏所纏。	二纏所纏。	They are entangled by two entanglements.
['T27n1545_092:0477b20_15']	若聖者未離無色染。	若聖者未離無色染。	If they are noble ones who have not yet abandoned the defilements of the formless realm,
['T27n1545_092:0477b21_1']	三結所繫。	三結所繫。	they are bound by three bonds.
['T27n1545_092:0477b21_6']	二縛所縛。	二縛所縛。	They are bound by two fetters.
['T27n1545_092:0477b21_12']	三隨眠隨增。	三隨眠隨增。	Three latent afflictions increase.
['T27n1545_092:0477b21_17']	一垢所染。	一垢所染。	They are defiled by one stain.
['T27n1545_092:0477b22_1']	二纏所纏。	二纏所纏。	They are entangled by two entanglements.
['T27n1545_092:0477b22_10']	已離無色染無結繫。	已離無色染無結繫。	Those who have already abandoned the defilements of the formless realm are not bound by any bonds,
['T27n1545_092:0477b22_16']	乃至無纏纏。	乃至無纏纏。	up to not being entangled by any entanglements.
['T27n1545_092:0477b23_5']	不成就樂喜根者。	不成就樂喜根者。	Those who do not possess the faculties of pleasure or joy,
['T27n1545_092:0477b23_10']	六結所繫。	六結所繫。	are bound by six bonds.
['T27n1545_092:0477b23_15']	二縛所縛。	二縛所縛。	They are bound by two fetters.
['T27n1545_092:0477b24_2']	九隨眠隨增。	九隨眠隨增。	Nine latent afflictions increase.
['T27n1545_092:0477b24_7']	一垢所染。	一垢所染。	They are defiled by one stain.
['T27n1545_092:0477b24_12']	二纏所纏。	二纏所纏。	They are entangled by two entanglements.
['T27n1545_092:0477b24_19']	不成就苦根者。	不成就苦根者。	Those who do not possess the faculty of pain,
['T27n1545_092:0477b25_9']	若異生未離初靜慮染。	若異生未離初靜慮染。	If an ordinary person has not yet abandoned the defilements of the first dhyana,
['T27n1545_092:0477b25_14']	六結所繫。	六結所繫。	They are bound by six fetters,
['T27n1545_092:0477b26_1']	二縛所縛。	二縛所縛。	Bound by two bonds,
['T27n1545_092:0477b26_7']	九隨眠隨增。	九隨眠隨增。	And nine latent afflictions increase.
['T27n1545_092:0477b26_12']	三垢所染。	三垢所染。	They are tainted by three defilements,
['T27n1545_092:0477b26_17']	二纏所纏。	二纏所纏。	And entangled by two entanglements.
['T27n1545_092:0477b27_4']	已離初靜慮染。	已離初靜慮染。	Having already abandoned the defilements of the first dhyana,
['T27n1545_092:0477b27_9']	六結所繫。	六結所繫。	They are bound by six fetters,
['T27n1545_092:0477b27_14']	二縛所縛。	二縛所縛。	Bound by two bonds,
['T27n1545_092:0477b27_20']	九隨眠隨增。	九隨眠隨增。	And nine latent afflictions increase.
['T27n1545_092:0477b28_4']	一垢所染。	一垢所染。	They are tainted by one defilement,
['T27n1545_092:0477b28_9']	二纏所纏。	二纏所纏。	And entangled by two entanglements.
['T27n1545_092:0477b29_1']	若聖者未離初靜慮染。	若聖者未離初靜慮染。	If a noble one has not yet abandoned the defilements of the first dhyana,
['T27n1545_092:0477b29_6']	三結所繫。	三結所繫。	They are bound by three fetters,
['T27n1545_092:0477b29_11', 'T27n1545_092:0477b29_17']	二縛所縛。🔽三隨眠隨增。	二縛所縛。 三隨眠隨增。	Bound by two bonds,🔽And three latent afflictions increase.
['T27n1545_092:0477c01_1']	三垢所染。	三垢所染。	They are tainted by three defilements,
['T27n1545_092:0477c01_6']	二纏所纏。	二纏所纏。	And entangled by two entanglements.
['T27n1545_092:0477c01_18']	已離初靜慮染未離無色染。	已離初靜慮染未離無色染。	Having already abandoned the defilements of the first dhyana but not yet abandoned the defilements of the formless realm,
['T27n1545_092:0477c02_4']	三結所繫。	三結所繫。	They are bound by three fetters,
['T27n1545_092:0477c02_9']	二縛所縛。	二縛所縛。	Bound by two bonds,
['T27n1545_092:0477c02_15']	三隨眠隨增。	三隨眠隨增。	And three latent afflictions increase.
['T27n1545_092:0477c03_1']	一垢所染。	一垢所染。	They are tainted by one defilement,
['T27n1545_092:0477c03_6']	二纏所纏。	二纏所纏。	And entangled by two entanglements.
['T27n1545_092:0477c03_15']	已離無色染無結繫。	已離無色染無結繫。	Having already abandoned the defilements of the formless realm, they are not bound by any fetters,
['T27n1545_092:0477c04_2']	乃至無纏纏。	乃至無纏纏。	Up to not entangled by any entanglements.
['T27n1545_092:0477c04_9']	不成就憂根者。	不成就憂根者。	As for those who do not possess the faculty of sorrow,
['T27n1545_092:0477c05_2']	諸結所繫乃至諸纏所纏。	諸結所繫乃至諸纏所纏。	Those bound by all the fetters, up to those bound by all the envelopments,
['T27n1545_092:0477c05_12']	如前成就眼根滅者說。	如前成就眼根滅者說。	are as explained in the case of one who has attained the cessation of the eye faculty.
['T27n1545_092:0477c06_3']	不成就信等五根者。	不成就信等五根者。	As for those who do not possess the five faculties such as faith,
['T27n1545_092:0477c06_8']	九結所繫。	九結所繫。	they are bound by nine fetters,
['T27n1545_092:0477c06_13']	三縛所縛。	三縛所縛。	bound by three bonds,
['T27n1545_092:0477c06_19']	十隨眠隨增。	十隨眠隨增。	with ten latent afflictions increasing,
['T27n1545_092:0477c07_4']	六垢所染。	六垢所染。	defiled by six defilements,
['T27n1545_092:0477c07_9']	十纏所纏。	十纏所纏。	and bound by ten envelopments.
['T27n1545_092:0477c08_1']	不成就未知當知根者。	不成就未知當知根者。	As for those who do not possess the faculty of knowing the unknown,
['T27n1545_092:0477c08_9']	若異生諸結所繫。	若異生諸結所繫。	if they are ordinary beings bound by all the fetters,
['T27n1545_092:0477c08_16']	乃至諸纏所纏。	乃至諸纏所纏。	up to those bound by all the envelopments,
['T27n1545_092:0477c09_6']	如前成就眼根異生說。	如前成就眼根異生說。	it is as explained in the case of an ordinary being who has attained the cessation of the eye faculty.
['T27n1545_092:0477c09_14']	若聖者未離欲染。	若聖者未離欲染。	If they are noble ones who have not yet abandoned the defilements of the desire realm,
['T27n1545_092:0477c10_1']	六結所繫。	六結所繫。	they are bound by six fetters,
['T27n1545_092:0477c10_6']	三縛所縛。	三縛所縛。	bound by three bonds,
['T27n1545_092:0477c10_12']	四隨眠隨增。	四隨眠隨增。	with four latent afflictions increasing,
['T27n1545_092:0477c10_17']	六垢所染。	六垢所染。	defiled by six defilements,
['T27n1545_092:0477c11_1']	十纏所纏。	十纏所纏。	and bound by ten envelopments.
['T27n1545_092:0477c11_12']	已離欲染未離初靜慮染。	已離欲染未離初靜慮染。	Those who have already abandoned the defilements of the desire realm but have not yet abandoned the defilements of the first concentration,
['T27n1545_092:0477c11_17']	三結所繫。	三結所繫。	are bound by three fetters,
['T27n1545_092:0477c12_3', 'T27n1545_092:0477c12_9']	二縛所縛。🔽三隨眠隨增。	二縛所縛。 三隨眠隨增。	bound by two bonds,🔽with three latent afflictions increasing,
['T27n1545_092:0477c12_14']	三垢所染。	三垢所染。	defiled by three defilements,
['T27n1545_092:0477c12_19']	二纏所纏。	二纏所纏。	and bound by two envelopments.
['T27n1545_092:0477c13_10']	已離初靜慮染未離無色染。	已離初靜慮染未離無色染。	Those who have already abandoned the defilements of the first concentration but have not yet abandoned the defilements of the formless realm,
['T27n1545_092:0477c13_15']	三結所繫。	三結所繫。	bound by the three fetters,
['T27n1545_092:0477c14_2']	二縛所縛。	二縛所縛。	bound by the two bonds,
['T27n1545_092:0477c14_8']	三隨眠隨增。	三隨眠隨增。	with the three latent afflictions increasing,
['T27n1545_092:0477c14_13']	一垢所染。	一垢所染。	defiled by the one stain,
['T27n1545_092:0477c14_18']	二纏所纏。	二纏所纏。	and entangled by the one fetter.
['T27n1545_092:0477c15_7']	已離無色染無結繫。	已離無色染無結繫。	Those who are already free from the defilements of the formless realm are not bound by any fetters,
['T27n1545_092:0477c15_13']	乃至無纏纏。	乃至無纏纏。	up to not entangled by any fetters.
['T27n1545_092:0477c16_3']	不成就已知根者。	不成就已知根者。	Those who do not yet possess the faculty of perfect knowledge,
['T27n1545_092:0477c16_7']	若異生。	若異生。	if they are ordinary beings,
['T27n1545_092:0477c16_18']	諸結所繫乃至諸纏所纏。	諸結所繫乃至諸纏所纏。	are bound by the fetters and entangled by the fetters,
['T27n1545_092:0477c17_13']	如前不成就未知當知根異生說。	如前不成就未知當知根異生說。	as explained before for ordinary beings who do not yet possess the faculty of understanding the unknown.
['T27n1545_092:0477c17_17']	若聖者。	若聖者。	If they are noble ones,
['T27n1545_092:0477c18_12']	在見道未離欲染苦類智未已生。	在見道未離欲染苦類智未已生。	in the path of seeing, not yet free from the defilements of the desire realm, with the knowledge of the aspects of the path not yet arisen,
['T27n1545_092:0477c18_17']	九結所繫。	九結所繫。	they are bound by nine fetters,
['T27n1545_092:0477c19_4']	三縛所縛。	三縛所縛。	bound by three bonds,
['T27n1545_092:0477c19_10']	十隨眠隨增。	十隨眠隨增。	with ten latent afflictions increasing,
['T27n1545_092:0477c19_15']	六垢所染。	六垢所染。	defiled by six stains,
['T27n1545_092:0477c19_20']	十纏所纏。	十纏所纏。	and entangled by ten fetters.
['T27n1545_092:0477c20_5']	苦類智已生。	苦類智已生。	When the knowledge of the aspects of the path has arisen,
['T27n1545_092:0477c20_10']	九結所繫。	九結所繫。	they are bound by nine fetters,
['T27n1545_092:0477c20_15']	三縛所縛。	三縛所縛。	bound by three bonds,
['T27n1545_092:0477c21_1']	八隨眠隨增。	八隨眠隨增。	with eight latent afflictions increasing,
['T27n1545_092:0477c21_6']	六垢所染。	六垢所染。	defiled by six stains,
['T27n1545_092:0477c21_11']	十纏所纏。	十纏所纏。	and entangled by ten fetters.
['T27n1545_092:0477c22_9']	已離欲染未離初靜慮染苦類智未已生。	已離欲染未離初靜慮染苦類智未已生。	Those who are already free from the defilements of the desire realm, but not yet free from the defilements of the first concentration, with the knowledge of the aspects of the path not yet arisen,
['T27n1545_092:0477c22_14']	六結所繫。	六結所繫。	Bound by six knots.
['T27n1545_092:0477c23_1']	二縛所縛。	二縛所縛。	Bound by two fetters.
['T27n1545_092:0477c23_7']	九隨眠隨增。	九隨眠隨增。	Seven latent afflictions increase.
['T27n1545_092:0477c23_12']	三垢所染。	三垢所染。	Defiled by three defilements.
['T27n1545_092:0477c23_17']	二纏所纏。	二纏所纏。	Entangled by two entanglements.
['T27n1545_092:0477c24_6']	苦類智已生六結所繫。	苦類智已生六結所繫。	When the cognition of the class of suffering has already arisen, one is bound by six knots.
['T27n1545_092:0477c24_11']	二縛所縛。	二縛所縛。	Bound by two fetters.
['T27n1545_092:0477c24_17']	七隨眠隨增。	七隨眠隨增。	Seven latent afflictions increase.
['T27n1545_092:0477c25_2']	三垢所染。	三垢所染。	Defiled by three defilements.
['T27n1545_092:0477c25_7']	二纏所纏。	二纏所纏。	Entangled by two entanglements.
['T27n1545_092:0477c26_2']	已離初靜慮染苦類智未已生。	已離初靜慮染苦類智未已生。	Having already become free from the defilements of the first concentration, but the cognition of the class of suffering has not yet arisen.
['T27n1545_092:0477c26_7']	六結所繫。	六結所繫。	Bound by six knots.
['T27n1545_092:0477c26_12']	二縛所縛。	二縛所縛。	Bound by two fetters.
['T27n1545_092:0477c26_18']	九隨眠隨增。	九隨眠隨增。	Nine latent afflictions increase.
['T27n1545_092:0477c27_2']	一垢所染。	一垢所染。	Defiled by one defilement.
['T27n1545_092:0477c27_7']	二纏所纏。	二纏所纏。	Entangled by two entanglements.
['T27n1545_092:0477c27_13']	苦類智已生。	苦類智已生。	When the cognition of the class of suffering has already arisen.
['T27n1545_092:0477c27_18']	六結所繫。	六結所繫。	Bound by six knots.
['T27n1545_092:0477c28_2']	二縛所縛。	二縛所縛。	Bound by two fetters.
['T27n1545_092:0477c28_8']	七隨眠隨增。	七隨眠隨增。	Seven latent afflictions increase.
['T27n1545_092:0477c28_13']	一垢所染。	一垢所染。	Defiled by one defilement.
['T27n1545_092:0477c28_18']	二纏所纏。	二纏所纏。	Entangled by two entanglements.
['T27n1545_092:0477c29_6']	在無學道無結繫。	在無學道無結繫。	In the path of no-more-learning, there are no knots that bind.
['T27n1545_092:0477c29_12']	乃至無纏纏。	乃至無纏纏。	Up to no entanglements that entangle.
['T27n1545_092:0478a01_2', 'T27n1545_092:0478a01_10']	不成就具知根者。🔽若異生諸結所繫。	不成就具知根者。 若異生諸結所繫。	One who does not possess the faculty of perfect knowledge.🔽If one is an ordinary person, one is bound by all the knots.
['T27n1545_092:0478a01_15']	乃至諸纏。	乃至諸纏。	Up to being entangled by all the entanglements.
['T27n1545_092:0478a01_18']	所纏。	所纏。	Entangled.
['T27n1545_092:0478a02_9']	如前不成就已知根異生說。	如前不成就已知根異生說。	As explained before, those who have not yet attained the faculty of knowing that one has known are ordinary beings.
['T27n1545_092:0478a03_2']	若聖者在見道諸結所繫。	若聖者在見道諸結所繫。	If noble ones in the path of seeing are bound by the fetters,
['T27n1545_092:0478a03_9']	乃至諸纏所纏。	乃至諸纏所纏。	up to being entangled by the envelopments,
['T27n1545_092:0478a04_4']	如前不成就已知根者在見道說。	如前不成就已知根者在見道說。	as explained before, those who have not yet attained the faculty of knowing that one has known are in the path of seeing.
['T27n1545_092:0478a04_12']	在修道諸結所繫。	在修道諸結所繫。	In the path of cultivation, they are bound by the fetters,
['T27n1545_092:0478a04_19']	乃至諸纏所纏。	乃至諸纏所纏。	up to being entangled by the envelopments.
['T27n1545_092:0478a05_15']	如前不成就未知當知根者在修道說。	如前不成就未知當知根者在修道說。	As explained before, those who have not yet attained the faculty of knowing what is not yet known are in the path of cultivation.
['T27n1545_092:0478a06_6']	通餘章義准此應知。	通餘章義准此應知。	The meaning of the remaining chapters should be understood by analogy with this.
['T27n1545_092:0478a07_10']	不成就眼根乃至無色界。	不成就眼根乃至無色界。	Those who have not yet attained the eye faculty up to the formless realm,
['T27n1545_092:0478a07_18']	修所斷無明隨眠。	修所斷無明隨眠。	the dormant afflictions eliminated by cultivation,
['T27n1545_092:0478a08_7', 'T27n1545_092:0478a08_12']	緣識及緣緣識者。🔽幾結所繫。	緣識及緣緣識者。 幾結所繫。	the consciousness that takes them as objects, and the consciousness that takes that consciousness as its object,🔽by how many fetters are they bound?
['T27n1545_092:0478a08_19']	乃至幾纏所纏。	乃至幾纏所纏。	Up to by how many envelopments are they entangled?
['T27n1545_092:0478a09_9']	答不成就眼根緣識者。	答不成就眼根緣識者。	The answer: Those who have not yet attained the eye faculty as an object of consciousness,
['T27n1545_092:0478a09_14']	六結所繫。	六結所繫。	are bound by six fetters,
['T27n1545_092:0478a10_1']	二縛所縛。	二縛所縛。	bound by two bonds,
['T27n1545_092:0478a10_7']	九隨眠隨增。	九隨眠隨增。	with nine dormant afflictions increasing,
['T27n1545_092:0478a10_12']	一垢所染。	一垢所染。	defiled by one stain,
['T27n1545_092:0478a10_17']	二纏所纏。	二纏所纏。	entangled by two envelopments.
['T27n1545_092:0478a11_10']	不成就耳鼻舌身女男苦憂根。	不成就耳鼻舌身女男苦憂根。	Those who have not yet attained the ear, nose, tongue, body, female, male, suffering, and sorrow faculties,
['T27n1545_092:0478a11_14']	緣識者。	緣識者。	as objects of consciousness,
['T27n1545_092:0478a12_5']	及不成就女男苦憂根。	及不成就女男苦憂根。	and those who do not possess the female, male, suffering, and sorrow faculties.
['T27n1545_092:0478a12_12']	緣緣識者亦爾。	緣緣識者亦爾。	The consciousness that takes them as objects is also the same.
['T27n1545_092:0478a13_3']	通餘章義准此應知。	通餘章義准此應知。	The meaning of the other chapters should be understood by analogy with this.
['T27n1545_092:0478a14_10']	不成就眼根乃至無色界。	不成就眼根乃至無色界。	Those who do not possess the eye faculty up to those in the formless realm.
['T27n1545_092:0478a15_2', 'T27n1545_092:0478a15_7']	修所斷無明隨眠滅者。🔽幾結所繫。	修所斷無明隨眠滅者。 幾結所繫。	The cessation of the dormant afflictions to be eliminated through cultivation.🔽By how many fetters are they bound?
['T27n1545_092:0478a15_14']	乃至幾纏所纏。	乃至幾纏所纏。	Up to by how many entanglements are they entangled?
['T27n1545_092:0478a16_4']	答不成就眼根滅者。	答不成就眼根滅者。	The answer: Those whose cessation is not possessing the eye faculty.
['T27n1545_092:0478a16_11']	若異生在欲界。	若異生在欲界。	If one is an ordinary person in the desire realm,
['T27n1545_092:0478a16_16']	九結所繫。	九結所繫。	they are bound by nine fetters.
['T27n1545_092:0478a17_2']	三縛所縛。	三縛所縛。	They are bound by three bonds.
['T27n1545_092:0478a17_8']	十隨眠隨增。	十隨眠隨增。	Ten latent afflictions increase.
['T27n1545_092:0478a17_13']	六垢所染。	六垢所染。	They are defiled by six defilements.
['T27n1545_092:0478a17_18']	十纏所纏。	十纏所纏。	They are entangled by ten entanglements.
['T27n1545_092:0478a18_6']	在識無邊處以上。	在識無邊處以上。	Those above the sphere of infinite consciousness,
['T27n1545_092:0478a18_11']	六結所繫。	六結所繫。	they are bound by six fetters.
['T27n1545_092:0478a18_16']	二縛所縛。	二縛所縛。	They are bound by two bonds.
['T27n1545_092:0478a19_2']	九隨眠隨增。	九隨眠隨增。	Nine latent afflictions increase.
['T27n1545_092:0478a19_7']	一垢所染。	一垢所染。	They are defiled by one defilement.
['T27n1545_092:0478a19_12']	二纏所纏。	二纏所纏。	They are entangled by two entanglements.
['T27n1545_092:0478a20_10']	若聖者在見修道諸結所繫乃至諸纏所纏。	若聖者在見修道諸結所繫乃至諸纏所纏。	If an arhat is in the path of seeing or the path of cultivation, they are bound by fetters up to entangled by entanglements.
['T27n1545_092:0478a21_6']	如前未離欲染在見修道聖者說。	如前未離欲染在見修道聖者說。	As previously explained for arhats not yet free from attachment to desire in the paths of seeing and cultivation.
['T27n1545_092:0478a22_5']	不成就耳鼻舌身女男樂苦根滅者亦爾。	不成就耳鼻舌身女男樂苦根滅者亦爾。	The same applies to those who have not yet eliminated the faculties of ear, nose, tongue, body, female, male, pleasure, or pain.
['T27n1545_092:0478a22_10']	有差別者。	有差別者。	There are differences.
['T27n1545_092:0478a23_2']	不成就女男苦根滅者。	不成就女男苦根滅者。	Those who have not yet eliminated the faculty of female, male, or pain,
['T27n1545_092:0478a23_12']	應言在第二靜慮以上。	應言在第二靜慮以上。	should be said to be in the second dhyāna or above.
['T27n1545_092:0478a24_2']	不成就樂根滅者。	不成就樂根滅者。	Those who have not yet eliminated the faculty of pleasure,
['T27n1545_092:0478a24_12']	應言在第三靜慮具縛。	應言在第三靜慮具縛。	should be said to be in the third dhyāna or above, bound by all fetters,
['T27n1545_092:0478a25_4']	及在空無邊處以上。	及在空無邊處以上。	and in the sphere of infinite space or above.
['T27n1545_092:0478a25_12']	不成就喜根滅者。	不成就喜根滅者。	Those who have not yet eliminated the faculty of joy,
['T27n1545_092:0478a26_2']	若異生在欲界具縛。	若異生在欲界具縛。	if they are ordinary beings in the desire realm, bound by all fetters,
['T27n1545_092:0478a26_7']	九結所繫。	九結所繫。	they are bound by nine fetters.
['T27n1545_092:0478a26_12']	三縛所縛。	三縛所縛。	They are bound by three fetters.
['T27n1545_092:0478a26_18']	十隨眠隨增。	十隨眠隨增。	Ten latent afflictions increase.
['T27n1545_092:0478a27_2']	六垢所染。	六垢所染。	They are defiled by six defilements.
['T27n1545_092:0478a27_7']	十纏所纏。	十纏所纏。	They are entangled by ten entanglements.
['T27n1545_092:0478a27_15']	在第四靜慮以上。	在第四靜慮以上。	If they are in the fourth dhyāna or above,
['T27n1545_092:0478a28_1']	六結所繫。	六結所繫。	they are bound by six fetters.
['T27n1545_092:0478a28_6']	二縛所縛。	二縛所縛。	They are bound by two fetters.
['T27n1545_092:0478a28_12']	九隨眠隨增。	九隨眠隨增。	Nine latent afflictions increase.
['T27n1545_092:0478a28_17']	一垢所染。	一垢所染。	They are defiled by one defilement.
['T27n1545_092:0478a29_1']	二纏所纏。	二纏所纏。	They are entangled by two entanglements.
['T27n1545_092:0478a29_16']	若聖者具縛入正性離生初剎那頃。	若聖者具縛入正性離生初剎那頃。	If noble ones, bound by all fetters, enter the correct state of renunciation for the first moment,
['T27n1545_092:0478b01_2']	九結所繫。	九結所繫。	they are bound by nine fetters.
['T27n1545_092:0478b01_7']	三縛所縛。	三縛所縛。	They are bound by three fetters.
['T27n1545_092:0478b01_13']	十隨眠隨增。	十隨眠隨增。	Ten latent afflictions increase.
['T27n1545_092:0478b01_18']	六垢所染。	六垢所染。	Six defilements contaminate.
['T27n1545_092:0478b02_2']	十纏所纏。	十纏所纏。	Ten entanglements entangle.
['T27n1545_092:0478b02_12']	不成就憂根滅者亦爾。	不成就憂根滅者亦爾。	Those who do not possess the faculty of sorrow and have ceased are also like this.
['T27n1545_092:0478b02_17']	有差別者。	有差別者。	There is a difference.
['T27n1545_092:0478b03_8']	應言在第二靜慮以上。	應言在第二靜慮以上。	It should be said that those in the second dhyāna and above
['T27n1545_092:0478b04_3']	不成就命及信等五根滅者。	不成就命及信等五根滅者。	Those who do not possess the faculty of life, and the five faculties such as faith, and have ceased,
['T27n1545_092:0478b04_14']	諸結所繫乃至諸纏所纏。	諸結所繫乃至諸纏所纏。	Are bound by all the bonds, up to entangled by all the entanglements.
['T27n1545_092:0478b05_9']	若異生如前未離欲染諸異生說。	若異生如前未離欲染諸異生說。	If one is an ordinary person as before, not yet free from desire, it refers to all ordinary persons.
['T27n1545_092:0478b05_17']	若聖者在見修道。	若聖者在見修道。	If one is a noble one, in the path of seeing or the path of cultivation,
['T27n1545_092:0478b06_13']	如前未離欲染在見修道諸聖者說。	如前未離欲染在見修道諸聖者說。	As before, not yet free from desire, it refers to all noble ones in the path of seeing or the path of cultivation.
['T27n1545_092:0478b07_4']	不成就意捨根滅者。	不成就意捨根滅者。	Those who do not possess the faculty of thought or the faculty of equanimity and have ceased,
['T27n1545_092:0478b07_10']	若異生具縛。	若異生具縛。	If one is an ordinary person with complete bonds,
['T27n1545_092:0478b07_16']	若聖者具縛。	若聖者具縛。	If one is a noble one with complete bonds,
['T27n1545_092:0478b08_7']	入正性離生初剎那頃。	入正性離生初剎那頃。	Entering the first moment of the correct generation of the resolve for enlightenment,
['T27n1545_092:0478b08_13']	俱九結所繫。	俱九結所繫。	One is bound by all nine bonds,
['T27n1545_092:0478b08_18']	三縛所縛。	三縛所縛。	Bound by the three fetters,
['T27n1545_092:0478b09_5']	十隨眠隨增。	十隨眠隨增。	Ten latent afflictions increase,
['T27n1545_092:0478b09_10']	六垢所染。	六垢所染。	Six defilements contaminate,
['T27n1545_092:0478b09_15']	十纏所纏。	十纏所纏。	Ten entanglements entangle.
['T27n1545_092:0478b10_5']	通餘章義准此應知。	通餘章義准此應知。	The meaning of the remaining chapters should be understood by analogy with this.
['T27n1545_092:0478b11_10']	不成就眼根乃至無色界。	不成就眼根乃至無色界。	Those who do not possess the eye faculty up to those in the formless realm,
['T27n1545_092:0478b12_1']	修所斷無明隨眠滅。	修所斷無明隨眠滅。	the cessation of the ignorance that is eliminated by cultivation,
['T27n1545_092:0478b12_9']	緣識及緣緣識者。	緣識及緣緣識者。	the consciousness that takes it as an object and the consciousness that takes that as an object,
['T27n1545_092:0478b12_14']	幾結所繫。	幾結所繫。	by how many fetters are they bound?
['T27n1545_092:0478b13_2']	乃至幾纏所纏。	乃至幾纏所纏。	Up to by how many entanglements are they entangled?
['T27n1545_092:0478b13_13']	答不成就眼根滅緣識者。	答不成就眼根滅緣識者。	The answer: The cessation of the consciousness that takes as an object the non-possession of the eye faculty,
['T27n1545_092:0478b13_18']	六結所繫。	六結所繫。	is bound by six fetters,
['T27n1545_092:0478b14_4']	二縛所縛。	二縛所縛。	bound by two bonds,
['T27n1545_092:0478b14_10']	九隨眠隨增。	九隨眠隨增。	with nine latent afflictions increasing,
['T27n1545_092:0478b14_15']	一垢所染。	一垢所染。	defiled by one stain,
['T27n1545_092:0478b15_1']	二纏所纏。	二纏所纏。	and entangled by two entanglements.
['T27n1545_092:0478b15_16']	不成就耳鼻舌身樂喜根滅緣識者。	不成就耳鼻舌身樂喜根滅緣識者。	The cessation of the consciousness that takes as an object the non-possession of the ear, nose, tongue, body, pleasure, or joy faculties,
['T27n1545_092:0478b16_11']	及不成就女男苦憂根滅緣識。	及不成就女男苦憂根滅緣識。	and the cessation of the consciousness that takes as an object the non-possession of the female, male, suffering, or depression faculties,
['T27n1545_092:0478b17_1']	及緣緣識者亦爾。	及緣緣識者亦爾。	and the consciousness that takes that as an object, is also the same.
['T27n1545_092:0478b17_10']	通餘章義准此應知。	通餘章義准此應知。	The meaning of the remaining chapters should be understood by analogy with this.
['T27n1545_092:0478b18_5']	不成就眼根。	不成就眼根。	Those who do not possess the eye faculty,
['T27n1545_092:0478b18_11']	乃至無色界。	乃至無色界。	up to those in the formless realm,
['T27n1545_092:0478b19_3', 'T27n1545_092:0478b19_8']	修所斷無明隨眠斷道者。🔽幾結所繫。	修所斷無明隨眠斷道者。 幾結所繫。	the path to the elimination of the ignorance that is eliminated by cultivation,🔽by how many fetters are they bound?
['T27n1545_092:0478b19_15']	乃至幾纏所纏。	乃至幾纏所纏。	Up to by how many entanglements are they entangled?
['T27n1545_092:0478b20_6']	答不成就眼根斷道者。	答不成就眼根斷道者。	The answer: The path to the elimination of the non-possession of the eye faculty,
['T27n1545_092:0478b20_13']	若異生在欲界。	若異生在欲界。	if one is an ordinary person in the desire realm,
['T27n1545_092:0478b20_18']	九結所繫。	九結所繫。	Bound by nine fetters.
['T27n1545_092:0478b21_4']	三縛所縛。	三縛所縛。	Bound by three bonds.
['T27n1545_092:0478b21_10']	十隨眠隨增。	十隨眠隨增。	Ten latent afflictions increase.
['T27n1545_092:0478b21_15']	六垢所染。	六垢所染。	Defiled by six defilements.
['T27n1545_092:0478b22_1']	十纏所纏。	十纏所纏。	Entangled by ten entanglements.
['T27n1545_092:0478b22_9']	在識無邊處以上。	在識無邊處以上。	Above the sphere of infinite consciousness,
['T27n1545_092:0478b22_14']	六結所繫。	六結所繫。	Bound by six fetters.
['T27n1545_092:0478b22_19']	二縛所縛。	二縛所縛。	Bound by two bonds.
['T27n1545_092:0478b23_5']	九隨眠隨增。	九隨眠隨增。	Nine latent afflictions increase.
['T27n1545_092:0478b23_10']	一垢所染。	一垢所染。	Defiled by one defilement.
['T27n1545_092:0478b23_15']	二纏所纏。	二纏所纏。	Entangled by two entanglements.
['T27n1545_092:0478b24_8']	若聖者在見修道諸結所繫。	若聖者在見修道諸結所繫。	If noble ones are bound by fetters in the paths of seeing and cultivation,
['T27n1545_092:0478b24_15']	乃至諸纏所纏。	乃至諸纏所纏。	Up to being entangled by entanglements,
['T27n1545_092:0478b25_11']	如未離欲染在見修道諸聖者說。	如未離欲染在見修道諸聖者說。	It is said that those noble ones in the paths of seeing and cultivation who have not yet abandoned attachment to desire are like this.
['T27n1545_092:0478b26_12']	不成就耳鼻舌身女男樂苦根斷道者亦爾。	不成就耳鼻舌身女男樂苦根斷道者亦爾。	Those who have not yet attained the faculties of ear, nose, tongue, body, female, male, pleasure, or pain are also like this.
['T27n1545_092:0478b26_17']	有差別者。	有差別者。	There are differences.
['T27n1545_092:0478b27_10']	不成就女男苦根斷道者。	不成就女男苦根斷道者。	Those who have not yet attained the faculties of female, male, or pain,
['T27n1545_092:0478b28_11', 'T27n1545_092:0478b29_7']	應言在第二靜慮以上不成就樂根斷道者。🔽應言在第三靜慮未起加行道。	應言在第二靜慮以上不成就樂根斷道者。 應言在第三靜慮未起加行道。	Should say that those who have not yet attained the path of abandoning pleasure are above the second concentration.🔽Those who have not yet attained the path of abandoning pleasure should say that those who have not yet entered the path of preparation,
['T27n1545_092:0478c01_7']	及在空無邊處以上不成就喜根斷道者。	及在空無邊處以上不成就喜根斷道者。	And those who have not yet attained the path of abandoning joy are above the sphere of infinite space.
['T27n1545_092:0478c01_14']	若異生在欲界。	若異生在欲界。	If ordinary beings are in the desire realm,
['T27n1545_092:0478c02_1']	九結所繫。	九結所繫。	they are bound by nine fetters,
['T27n1545_092:0478c02_6']	三縛所縛。	三縛所縛。	bound by three bonds,
['T27n1545_092:0478c02_12']	十隨眠隨增。	十隨眠隨增。	with ten latent afflictions increasing,
['T27n1545_092:0478c02_17']	六垢所染。	六垢所染。	defiled by six defilements,
['T27n1545_092:0478c03_2']	十纏所纏。	十纏所纏。	and entangled by ten entanglements.
['T27n1545_092:0478c03_10']	在第四靜慮以上。	在第四靜慮以上。	If they are in the fourth meditative absorption and above,
['T27n1545_092:0478c03_15']	六結所繫。	六結所繫。	they are bound by six fetters,
['T27n1545_092:0478c04_1']	二縛所縛。	二縛所縛。	bound by two bonds,
['T27n1545_092:0478c04_7']	九隨眠隨增。	九隨眠隨增。	with nine latent afflictions increasing,
['T27n1545_092:0478c04_12']	一垢所染。	一垢所染。	defiled by one defilement,
['T27n1545_092:0478c04_17']	二纏所纏。	二纏所纏。	and entangled by two entanglements.
['T27n1545_092:0478c05_9']	若聖者在見修道諸結所繫。	若聖者在見修道諸結所繫。	If noble ones are in the path of seeing or the path of cultivation, they are bound by fetters,
['T27n1545_092:0478c05_16']	乃至諸纏所纏。	乃至諸纏所纏。	up to being entangled by entanglements.
['T27n1545_092:0478c06_12']	如未離欲染在見修道諸聖者說。	如未離欲染在見修道諸聖者說。	It is the same as explaining the noble ones who have not yet separated from desire-realm attachment in the paths of seeing and cultivation.
['T27n1545_092:0478c07_6']	不成就憂根斷道者亦爾。	不成就憂根斷道者亦爾。	Those who have eliminated the path of not possessing the faculty of sorrow are also like this.
['T27n1545_092:0478c07_11']	有差別者。	有差別者。	The difference is:
['T27n1545_092:0478c08_3']	應言在第二靜慮以上。	應言在第二靜慮以上。	It should be said that in the second meditative absorption and above,
['T27n1545_092:0478c08_15']	不成就命信等五根斷道者。	不成就命信等五根斷道者。	those who have eliminated the path of not possessing the faculties of life, faith, etc.,
['T27n1545_092:0478c09_4']	若異生若聖者。	若異生若聖者。	whether ordinary beings or noble ones,
['T27n1545_092:0478c09_15', 'T27n1545_092:0478c10_10']	諸結所繫乃至諸纏所纏。🔽如前在欲界不成就眼根斷道。	諸結所繫乃至諸纏所纏。 如前在欲界不成就眼根斷道。	are bound by fetters, up to being entangled by entanglements.
['T27n1545_092:0478c10_16']	異生聖者說。	異生聖者說。	It is the same as explaining ordinary beings and noble ones who have eliminated the path of not possessing the eye faculty in the desire realm.
['T27n1545_092:0478c11_7']	不成就意捨根斷道者。	不成就意捨根斷道者。	As for those who do not possess the mental faculty and the faculty of equanimity, the path of elimination,
['T27n1545_092:0478c11_14']	若異生若聖者。	若異生若聖者。	whether ordinary beings or noble ones,
['T27n1545_092:0478c12_6']	諸結所繫乃至諸纏所纏。	諸結所繫乃至諸纏所纏。	bound by all the bonds, up to entangled by all the entanglements,
['T27n1545_092:0478c13_6']	如前在欲界不成就喜根斷道異生聖者說。	如前在欲界不成就喜根斷道異生聖者說。	as before, in the desire realm, they do not possess the faculty of joy, the path of elimination, ordinary beings and noble ones are explained.
['T27n1545_092:0478c13_15']	通餘章義准此應知。	通餘章義准此應知。	The meaning of the remaining chapters should be understood by analogy with this.
['T27n1545_092:0478c14_10']	不成就眼根乃至無色界。	不成就眼根乃至無色界。	As for those who do not possess the eye faculty up to the formless realm,
['T27n1545_092:0478c15_2']	修所斷無明隨眠斷道。	修所斷無明隨眠斷道。	the path of eliminating the dormant afflictions to be eliminated by cultivation,
['T27n1545_092:0478c15_10']	緣識及緣緣識者。	緣識及緣緣識者。	the consciousness that takes it as object and the consciousness that takes that as object,
['T27n1545_092:0478c15_15']	幾結所繫。	幾結所繫。	how many bonds are they bound by?
['T27n1545_092:0478c16_3']	乃至幾纏所纏。	乃至幾纏所纏。	Up to entangled by how many entanglements?
['T27n1545_092:0478c16_15']	答不成就女根斷道緣識者。	答不成就女根斷道緣識者。	The answer is: As for the consciousness that takes the path of eliminating the faculty of femininity as object,
['T27n1545_092:0478c17_2']	六結所繫。	六結所繫。	it is bound by six bonds,
['T27n1545_092:0478c17_7']	二縛所縛。	二縛所縛。	bound by two fetters,
['T27n1545_092:0478c17_13']	九隨眠隨增。	九隨眠隨增。	with nine dormant afflictions increasing,
['T27n1545_092:0478c17_18']	一垢所染。	一垢所染。	defiled by one stain,
['T27n1545_092:0478c18_3']	二纏所纏。	二纏所纏。	entangled by two entanglements.
['T27n1545_092:0478c19_1', 'T27n1545_092:0478c19_10']	不成就男苦憂根斷道緣識者亦爾。🔽通餘章義准此應知。	不成就男苦憂根斷道緣識者亦爾。 通餘章義准此應知。	The consciousness that takes the path of eliminating the male faculty, the faculty of suffering, and the faculty of sorrow as object is also like this.🔽The meaning of the remaining chapters should be understood by analogy with this.
['T27n1545_092:0478c20_2']	決擇餘門准前應說。	決擇餘門准前應說。	The rest of the categories should be explained by analogy with the previous.
['T27n1545_092:0478c21_100']	說一切有部發智大毘婆沙論卷第九十二	說一切有部發智大毘婆沙論卷第九十二	Abhidharma-mahāvibhāṣā-śāstra, fascicle 92
