segmentnr	original	analyzed	translated
['T27n1545_023:0115b11_0']	阿毘達磨大毘婆沙論卷第二十	阿毘達磨大毘婆沙論卷第二十	Abhidharma-mahāvibhāṣā-śāstra, fascicle 20
['T27n1545_023:0115b12_0']	三	三	three
['T27n1545_023:0115b14_0', 'T27n1545_023:0115b17_16']	五百大阿羅漢等造🔽三藏法師玄奘奉　詔譯15雜蘊第一中智納息第二之十五頗有於隨眠滅身作證而慧不見彼滅耶。	五百大阿羅漢等造 三藏法師玄奘奉　詔譯15雜蘊第一中智納息第二之十五頗有於隨眠滅身作證而慧不見彼滅耶。	composed by five hundred great arhats and others🔽tripiṭaka master Xuanzang respectfully received
['T27n1545_023:0115b18_5']	答應作四句。	答應作四句。	Answer: One should make four statements.
['T27n1545_023:0115b19_3']	有於隨眠滅身作證而慧不見彼滅。	有於隨眠滅身作證而慧不見彼滅。	There are those who realize the cessation of the latent afflictions with the body, but do not see that cessation with wisdom.
['T27n1545_023:0115b20_2']	謂諸異生離欲界乃至無所有處染時。	謂諸異生離欲界乃至無所有處染時。	This refers to when ordinary beings are free from the defilements of the desire realm up to the sphere of nothingness.
['T27n1545_023:0115b20_13']	所有自地自品諸隨眠滅。	所有自地自品諸隨眠滅。	The cessation of the latent afflictions of their own stage and type.
['T27n1545_023:0115b21_3']	若諸聖者苦現觀時。	若諸聖者苦現觀時。	If the noble ones, at the time of the direct realization of suffering,
['T27n1545_023:0115b21_12']	見苦所斷諸隨眠滅。	見苦所斷諸隨眠滅。	The cessation of the latent afflictions eliminated by seeing suffering.
['T27n1545_023:0115b22_6']	集現觀時見集所斷諸隨眠滅。	集現觀時見集所斷諸隨眠滅。	At the time of the direct realization of the origin, the cessation of the latent afflictions eliminated by seeing the origin.
['T27n1545_023:0115b23_1']	道現觀時見道所斷諸隨眠滅。	道現觀時見道所斷諸隨眠滅。	At the time of the direct realization of the path, the cessation of the latent afflictions eliminated by seeing the path.
['T27n1545_023:0115b23_18']	修道位中以苦集道及世俗智隨其所應。	修道位中以苦集道及世俗智隨其所應。	In the stage of cultivation, with the knowledge of suffering, origin, and the conventional, as appropriate,
['T27n1545_023:0115b24_13']	離欲界乃至非想非非想處染時。	離欲界乃至非想非非想處染時。	When free from the defilements of the desire realm up to the sphere of neither-perception-nor-non-perception,
['T27n1545_023:0115b25_9']	所有自地自品修所斷諸隨眠滅。	所有自地自品修所斷諸隨眠滅。	The cessation of the latent afflictions eliminated through cultivation of their own stage and type.
['T27n1545_023:0115b27_3']	若以苦集道及世俗智隨其所應得果及練根成時所證已斷諸隨眠滅。	若以苦集道及世俗智隨其所應得果及練根成時所證已斷諸隨眠滅。	If one attains the fruit and sharpens one's faculties by means of the cognition of suffering, origination, path, and conventional cognition as appropriate, and at that time realizes the cessation of the various latent afflictions that have already been eliminated,
['T27n1545_023:0115b27_14']	有慧見彼滅而身不作證。	有慧見彼滅而身不作證。	there is wisdom that sees that cessation but the body does not realize it.
['T27n1545_023:0115b28_14']	謂滅現觀時見苦集道及修所斷諸隨眠滅。	謂滅現觀時見苦集道及修所斷諸隨眠滅。	That is, at the time of the realization of cessation, one sees the cessation of the latent afflictions eliminated by the cognition of suffering, origination, path, and cultivation.
['T27n1545_023:0115c01_1']	修道位中若以滅智離欲界乃至非想非非想處染時。	修道位中若以滅智離欲界乃至非想非非想處染時。	In the stage of cultivation, if one is free from the defilements of the desire realm up to the sphere of neither-perception-nor-non-perception by means of the cognition of cessation,
['T27n1545_023:0115c01_6', 'T27n1545_023:0115c02_1']	除得果位。🔽隨現所觀已斷未斷諸隨眠滅。	除得果位。 隨現所觀已斷未斷諸隨眠滅。	excluding the stage of attaining the fruit,
['T27n1545_023:0115c03_1']	及餘一切異生聖者不證擇滅而見滅時。	及餘一切異生聖者不證擇滅而見滅時。	one sees the cessation of the various latent afflictions that have already been eliminated and those that have not been eliminated, as well as the cessation that is not realized through discrimination, of all other ordinary beings and noble ones.
['T27n1545_023:0115c03_10']	即彼所見諸隨眠滅。	即彼所見諸隨眠滅。	That is, the cessation of the various latent afflictions that are seen.
['T27n1545_023:0115c04_6']	有於隨眠滅身作證慧亦見彼滅。	有於隨眠滅身作證慧亦見彼滅。	There is that which realizes the cessation of the latent afflictions with the body and wisdom also sees that cessation.
['T27n1545_023:0115c05_2']	謂滅現觀時見滅所斷諸隨眠滅。	謂滅現觀時見滅所斷諸隨眠滅。	That is, at the time of the realization of cessation, one sees the cessation of the latent afflictions eliminated by the cognition of cessation.
['T27n1545_023:0115c06_6']	修道位中若以滅智離欲界乃至非想非非想處染時。	修道位中若以滅智離欲界乃至非想非非想處染時。	In the stage of cultivation, if one is free from the defilements of the desire realm up to the sphere of neither-perception-nor-non-perception by means of the cognition of cessation,
['T27n1545_023:0115c07_5']	所證所觀諸隨眠滅若以滅智練根成時。	所證所觀諸隨眠滅若以滅智練根成時。	If one realizes and observes the cessation of all latent afflictions when perfecting the faculties through the knowledge of cessation,
['T27n1545_023:0115c07_14']	所證所觀諸隨眠滅。	所證所觀諸隨眠滅。	the cessation of all latent afflictions that one realizes and observes,
['T27n1545_023:0115c08_12']	有於隨眠滅身不作證慧亦不見彼滅。	有於隨眠滅身不作證慧亦不見彼滅。	there are those who do not realize the cessation of latent afflictions with the body, nor do they see that cessation with wisdom.
['T27n1545_023:0115c09_1']	謂除前相。	謂除前相。	This refers to excluding the above characteristics.
['T27n1545_023:0115c11_4']	頗有一剎那頃於隨眠滅身作證而慧不見彼滅耶。	頗有一剎那頃於隨眠滅身作證而慧不見彼滅耶。	Can there be a single moment when one realizes the cessation of latent afflictions with the body, yet does not see that cessation with wisdom?
['T27n1545_023:0115c11_10']	答應作四句。	答應作四句。	The answer is: one should make four statements.
['T27n1545_023:0115c12_4']	謂以滅法智得一來果時。	謂以滅法智得一來果時。	This refers to when one attains the fruit of once-returning through the knowledge of the cessation of dharmas.
['T27n1545_023:0115c13_2']	有於隨眠滅身作證而慧不見彼滅。	有於隨眠滅身作證而慧不見彼滅。	There are those who realize the cessation of latent afflictions with the body, yet do not see that cessation with wisdom.
['T27n1545_023:0115c13_17']	謂爾時色無色界見所斷諸隨眠滅。	謂爾時色無色界見所斷諸隨眠滅。	This refers to the cessation of all latent afflictions that are eliminated by seeing the realms of form and non-form at that time.
['T27n1545_023:0115c14_9']	有慧見彼滅而身不作證。	有慧見彼滅而身不作證。	There are those who see that cessation with wisdom, yet do not realize it with the body.
['T27n1545_023:0115c15_5']	謂欲界修所斷後三品諸隨眠滅。	謂欲界修所斷後三品諸隨眠滅。	This refers to the cessation of the last three categories of latent afflictions that are eliminated through cultivation in the desire realm.
['T27n1545_023:0115c16_2']	有於隨眠滅身作證慧亦見彼滅。	有於隨眠滅身作證慧亦見彼滅。	There are those who realize the cessation of latent afflictions with the body and also see that cessation with wisdom.
['T27n1545_023:0115c17_4']	謂欲界一切見所斷及修所斷前六品諸隨眠滅。	謂欲界一切見所斷及修所斷前六品諸隨眠滅。	This refers to the cessation of all latent afflictions that are eliminated by seeing and the first six categories of latent afflictions that are eliminated through cultivation in the desire realm.
['T27n1545_023:0115c18_3']	有於隨眠滅身不作證慧亦不見彼滅。	有於隨眠滅身不作證慧亦不見彼滅。	There are those who, in the cessation of the latent afflictions, do not realize it with the body, nor do they see the cessation of those afflictions.
['T27n1545_023:0115c18_16']	謂色無色界修所斷諸隨眠滅。	謂色無色界修所斷諸隨眠滅。	This refers to the cessation of the latent afflictions that are to be eliminated by cultivation in the form and formless realms.
['T27n1545_023:0115c19_9']	如以滅法智得一來果時。	如以滅法智得一來果時。	Just as when one attains the fruit of once-returning through the knowledge of the cessation of dharmas,
['T27n1545_023:0115c19_17']	一剎那頃有四句。	一剎那頃有四句。	in one instant there are four propositions.
['T27n1545_023:0115c20_16']	如是以滅智預流一來或不還者轉根時。	如是以滅智預流一來或不還者轉根時。	In the same way, when one who has attained the fruit of stream-entry or once-returning or non-returning through the knowledge of cessation transforms their faculties,
['T27n1545_023:0115c21_8']	一剎那頃皆得作四句。	一剎那頃皆得作四句。	in one instant all four propositions can be made.
['T27n1545_023:0115c22_6']	云何因境斷識。	云何因境斷識。	How is it that the object is eliminated while the consciousness is not?
['T27n1545_023:0115c22_16']	答苦智已生集智未生。	答苦智已生集智未生。	The answer is: When the knowledge of suffering has arisen but the knowledge of accumulation has not yet arisen,
['T27n1545_023:0115c23_10']	若心見集所斷見苦所斷緣。	若心見集所斷見苦所斷緣。	if the mind sees what is to be eliminated by seeing the accumulation and is conditioned by what is to be eliminated by seeing the suffering,
['T27n1545_023:0115c23_17']	是謂因境斷識。	是謂因境斷識。	this is called the object being eliminated while the consciousness is not.
['T27n1545_023:0115c24_7']	此中若識因斷境斷。	此中若識因斷境斷。	Here, if the consciousness is eliminated because the object is eliminated,
['T27n1545_023:0115c24_17']	自體未斷名因境斷識。	自體未斷名因境斷識。	but its own essence has not yet been eliminated, it is called the object being eliminated while the consciousness is not.
['T27n1545_023:0115c26_7']	諸有欲令遍行隨眠及彼相應俱有諸法於自部非遍行因者。	諸有欲令遍行隨眠及彼相應俱有諸法於自部非遍行因者。	Those who wish to make the pervasive latent afflictions and the dharmas that are associated with them and arise together not the pervasive cause in their own category,
['T27n1545_023:0115c26_12']	彼作是說。	彼作是說。	they make this statement.
['T27n1545_023:0115c27_3']	苦智已生集智未生。	苦智已生集智未生。	When the knowledge of suffering has arisen but the knowledge of accumulation has not yet arisen,
['T27n1545_023:0115c27_15']	若心見集所斷見苦所斷緣。	若心見集所斷見苦所斷緣。	if the mind sees what is to be eliminated by seeing the accumulation and is conditioned by what is to be eliminated by seeing the suffering,
['T27n1545_023:0115c28_5']	此心因全斷境全斷。	此心因全斷境全斷。	In this case, the cause of this mind is completely eliminated and the object is completely eliminated.
['T27n1545_023:0115c28_16']	自體未斷故名因境斷識。	自體未斷故名因境斷識。	Because its own nature is not yet eliminated, it is called a cognition whose cause and object are eliminated.
['T27n1545_023:0115c29_15']	爾時若心見集所斷見集滅道修所斷緣。	爾時若心見集所斷見集滅道修所斷緣。	At that time, if the mind takes as its object what is eliminated by seeing the origin, cessation, path, or cultivation of the truths,
['T27n1545_023:0116a01_9']	此心因雖全斷而境未斷故。	此心因雖全斷而境未斷故。	although the cause of this mind is completely eliminated, the object is not yet eliminated,
['T27n1545_023:0116a01_15']	非因境斷識。	非因境斷識。	so it is not a cognition whose cause and object are eliminated.
['T27n1545_023:0116a02_15']	爾時若心見集所斷見苦集滅道修所斷緣。	爾時若心見集所斷見苦集滅道修所斷緣。	At that time, if the mind takes as its object what is eliminated by seeing the origin of the truths and what is eliminated by seeing the truth of suffering, the origin, cessation, path, or cultivation of the truths,
['T27n1545_023:0116a03_12']	此心因雖全斷而境有斷有未斷故。	此心因雖全斷而境有斷有未斷故。	although the cause of this mind is completely eliminated, the object is both eliminated and not yet eliminated,
['T27n1545_023:0116a04_1']	非因境斷識。	非因境斷識。	so it is not a cognition whose cause and object are eliminated.
['T27n1545_023:0116a05_8']	諸有欲令遍行隨眠及彼相應俱有諸法亦作自部遍行因者。	諸有欲令遍行隨眠及彼相應俱有諸法亦作自部遍行因者。	Those who wish to have the pervasive latent afflictions and the dharmas associated with them and coexisting with them also act as the pervasive causes of their own category,
['T27n1545_023:0116a05_13']	彼作是說。	彼作是說。	they make this statement:
['T27n1545_023:0116a06_4']	苦智已生集智未生。	苦智已生集智未生。	When the knowledge of suffering has arisen but the knowledge of the origin has not yet arisen,
['T27n1545_023:0116a06_16']	若心見集所斷見苦所斷緣。	若心見集所斷見苦所斷緣。	if the mind takes as its object what is eliminated by seeing the origin of the truths and what is eliminated by seeing the truth of suffering,
['T27n1545_023:0116a07_16']	此心自部因雖未斷而他部因全斷境全斷。	此心自部因雖未斷而他部因全斷境全斷。	although the cause of this mind in its own category has not yet been eliminated, the cause in other categories is completely eliminated and the object is completely eliminated.
['T27n1545_023:0116a08_9']	自體未斷故名因境斷識。	自體未斷故名因境斷識。	Because its own nature is not yet eliminated, it is called a cognition whose cause and object are eliminated.
['T27n1545_023:0116a09_8']	爾時若心見集所斷見集滅道修所斷緣。	爾時若心見集所斷見集滅道修所斷緣。	At that time, if the mind sees the aggregates to be eliminated by seeing the origin, the aggregates to be eliminated by seeing the origin, the cessation of the origin, the path, and the cultivation to be eliminated by seeing the cessation, and the cessation of the path,
['T27n1545_023:0116a10_9']	此心因有斷有未斷境未斷故非因境斷識。	此心因有斷有未斷境未斷故非因境斷識。	the cause of this mind has elimination and has not yet been eliminated, and the object has not yet been eliminated, so it is not the cause of the eliminated object consciousness.
['T27n1545_023:0116a11_9']	爾時若心見集所斷見苦集滅道修所斷緣。	爾時若心見集所斷見苦集滅道修所斷緣。	At that time, if the mind sees the aggregates to be eliminated by seeing the origin, sees suffering, the origin, cessation, the path, and the cultivation to be eliminated by seeing the cessation, and the cessation of the path,
['T27n1545_023:0116a12_8']	此心因境俱有斷有未斷故非因境斷識。	此心因境俱有斷有未斷故非因境斷識。	the cause of this mind and the object both have elimination and have not yet been eliminated, so it is not the cause of the eliminated object consciousness.
['T27n1545_023:0116a12_17']	已顯因境斷識自性。	已顯因境斷識自性。	The self-nature of the cause of the eliminated object consciousness has already been revealed.
['T27n1545_023:0116a13_7']	次應顯彼隨眠隨增。	次應顯彼隨眠隨增。	Next, it should be revealed how the latent afflictions increase in accordance with it.
['T27n1545_023:0116a14_2']	問於此識有幾隨眠隨增耶。	問於此識有幾隨眠隨增耶。	Question: How many latent afflictions increase in accordance with this consciousness?
['T27n1545_023:0116a14_6']	答十九。	答十九。	Answer: Nineteen.
['T27n1545_023:0116a14_11']	問一心耶。	問一心耶。	Question: Is it one mind?
['T27n1545_023:0116a14_15']	答不爾。	答不爾。	Answer: No.
['T27n1545_023:0116a14_20']	其事云何。	其事云何。	What is the matter?
['T27n1545_023:0116a15_5']	謂未離欲染。	謂未離欲染。	Namely, not yet free from the defilements of desire.
['T27n1545_023:0116a15_16']	苦法智已生集法智未生。	苦法智已生集法智未生。	The cognition of the truth of suffering has already arisen, but the cognition of the truth of the origin has not yet arisen.
['T27n1545_023:0116a16_12']	若心欲界見集所斷見苦所斷緣。	若心欲界見集所斷見苦所斷緣。	If the mind takes as its object the aggregates to be eliminated by seeing the origin in the desire realm, which are eliminated by seeing suffering,
['T27n1545_023:0116a16_18']	此因境斷識。	此因境斷識。	this is the cause of the eliminated object consciousness.
['T27n1545_023:0116a17_11']	欲界見集所斷七隨眠隨增。	欲界見集所斷七隨眠隨增。	The seven latent afflictions to be eliminated by seeing the origin in the desire realm increase in accordance with it.
['T27n1545_023:0116a18_6']	四於此識相應所緣隨眠隨增。	四於此識相應所緣隨眠隨增。	Four increase in accordance with the latent afflictions that are associated with and take as their object this consciousness.
['T27n1545_023:0116a18_15']	謂邪見見取疑無明。	謂邪見見取疑無明。	Namely, wrong view, attachment to views, doubt, and ignorance.
['T27n1545_023:0116a19_9']	三於此識唯有所緣隨眠隨增。	三於此識唯有所緣隨眠隨增。	Third, only the latent tendencies that are objects of this consciousness increase along with it.
['T27n1545_023:0116a19_14']	謂愛恚慢。	謂愛恚慢。	Namely, craving, hatred, and pride.
['T27n1545_023:0116a20_6']	已離欲染未離色染。	已離欲染未離色染。	One who has already become free from the defilements of the desire realm but is not yet free from the defilements of the form realm,
['T27n1545_023:0116a20_17']	苦類智已生集類智未生。	苦類智已生集類智未生。	when the knowledge of the class of suffering has already arisen but the knowledge of the class of accumulation has not yet arisen,
['T27n1545_023:0116a21_13']	若心色界見集所斷見苦所斷緣。	若心色界見集所斷見苦所斷緣。	if the mind is of the form realm and is abandoned by seeing the accumulation, and is the object of that abandoned by seeing the suffering,
['T27n1545_023:0116a22_1']	此因境斷識。	此因境斷識。	this consciousness is the cause of the object's abandonment.
['T27n1545_023:0116a22_13']	色界見集所斷六隨眠隨增。	色界見集所斷六隨眠隨增。	The six latent tendencies of the form realm abandoned by seeing the accumulation increase.
['T27n1545_023:0116a23_7']	四於此識相應所緣隨眠隨增。	四於此識相應所緣隨眠隨增。	Fourth, the latent tendencies that are associated with and the objects of this consciousness increase along with it.
['T27n1545_023:0116a23_12']	如欲界說。	如欲界說。	As explained in the desire realm.
['T27n1545_023:0116a24_7']	二於此識唯有所緣隨眠隨增。	二於此識唯有所緣隨眠隨增。	Second, only the latent tendencies that are objects of this consciousness increase along with it.
['T27n1545_023:0116a24_11']	謂愛慢。	謂愛慢。	Namely, craving and pride.
['T27n1545_023:0116a25_4']	問未離欲染者亦可爾。	問未離欲染者亦可爾。	Question: One who is not yet free from the defilements of the desire realm may also be so.
['T27n1545_023:0116a25_13']	何故說已離欲染耶。	何故說已離欲染耶。	Why is it said that one who has already become free from the defilements of the desire realm?
['T27n1545_023:0116a25_18']	答此中說。	答此中說。	Answer: It is said here that
['T27n1545_023:0116a26_9']	容現行者要離下地染。	容現行者要離下地染。	one who is able to manifest the practice must be free from the defilements of the lower realm.
['T27n1545_023:0116a27_5']	上地煩惱方得現行故作是說。	上地煩惱方得現行故作是說。	The defilements of the upper realm can only be manifested after that. Therefore it is said like this.
['T27n1545_023:0116a27_10']	已離色染。	已離色染。	One who has already become free from the defilements of the form realm,
['T27n1545_023:0116a28_3']	苦類智已生集類智未生。	苦類智已生集類智未生。	when the knowledge of the class of suffering has already arisen but the knowledge of the class of accumulation has not yet arisen,
['T27n1545_023:0116a28_18']	若心無色界見集所斷見苦所斷緣。	若心無色界見集所斷見苦所斷緣。	If the mind is abandoned by seeing the origination of the form realm, and abandoned by seeing suffering,
['T27n1545_023:0116a29_5']	此因境斷識。	此因境斷識。	this consciousness is abandoned by the elimination of its object.
['T27n1545_023:0116a29_18']	無色界見集所斷六隨眠隨增。	無色界見集所斷六隨眠隨增。	The six latent afflictions abandoned by seeing the origination of the formless realm increase.
['T27n1545_023:0116b01_12']	四於此識相應所緣隨眠隨增。	四於此識相應所緣隨眠隨增。	Four increase in the latent afflictions associated with this consciousness and in the object.
['T27n1545_023:0116b02_8']	二於此識唯有所緣隨眠隨增。	二於此識唯有所緣隨眠隨增。	Two increase in the latent afflictions in the object of this consciousness only.
['T27n1545_023:0116b02_13']	如色界說。	如色界說。	As explained in the form realm.
['T27n1545_023:0116b03_9']	此中有誦已離色染未離無色染。	此中有誦已離色染未離無色染。	Here, there is a recitation that has already been separated from the defilements of form but has not yet been separated from the defilements of the formless realm.
['T27n1545_023:0116b03_15']	彼不應誦說。	彼不應誦說。	That should not be recited.
['T27n1545_023:0116b04_11']	集類智未生已顯未離無色染故。	集類智未生已顯未離無色染故。	Because it is already evident that the knowledge of the origination of the class has not yet arisen and the defilements of the formless realm have not yet been separated.
['T27n1545_023:0116b05_7']	問修所斷中亦可建立因境斷識。	問修所斷中亦可建立因境斷識。	Question: In the category of cultivation-based elimination, it is also possible to establish the consciousness abandoned by the elimination of its object and cause.
['T27n1545_023:0116b06_2']	謂已斷上上品乃至下中品者。	謂已斷上上品乃至下中品者。	That is to say, for one who has already eliminated the upper upper level up to the lower middle level,
['T27n1545_023:0116b06_13']	所未斷八品乃至一品心。	所未斷八品乃至一品心。	the mind that has not yet been eliminated, from the eighth level up to the first level,
['T27n1545_023:0116b07_8']	此心緣前已斷一品乃至八品。	此心緣前已斷一品乃至八品。	this mind takes the previously eliminated first level up to the eighth level as its object.
['T27n1545_023:0116b08_2']	前一品乃至八品因已斷故。	前一品乃至八品因已斷故。	Because the cause of the first level up to the eighth level has already been eliminated,
['T27n1545_023:0116b08_11']	亦應名為因境斷識。	亦應名為因境斷識。	it should also be called the consciousness abandoned by the elimination of its object and cause.
['T27n1545_023:0116b08_16']	何故不說。	何故不說。	Why is it not explained?
['T27n1545_023:0116b09_6']	答亦應說而不說者。	答亦應說而不說者。	The answer is that although it should be explained, it is not explained.
['T27n1545_023:0116b09_13']	當知此義有餘。	當知此義有餘。	One should know that this meaning is incomplete.
['T27n1545_023:0116b11_1']	復次若異部識異部為因異部為境而因境斷體未斷者。	復次若異部識異部為因異部為境而因境斷體未斷者。	Moreover, if the consciousness of a different school takes a different school as its cause and a different school as its object, and the cause and object are eliminated while the essence is not yet eliminated,
['T27n1545_023:0116b11_6']	此中說之。	此中說之。	this is explained here.
['T27n1545_023:0116b12_1']	修所斷心自部為因自部為境。	修所斷心自部為因自部為境。	The mind eliminated by cultivation takes its own school as its cause and its own school as its object.
['T27n1545_023:0116b12_14']	雖因境斷而不說為因境斷識。	雖因境斷而不說為因境斷識。	Although the cause and object are eliminated, it is not said that the consciousness whose cause and object are eliminated.
['T27n1545_023:0116b13_7']	復次此中因者說遍行因。	復次此中因者說遍行因。	Moreover, in this case, the cause refers to the omnipresent cause.
['T27n1545_023:0116b13_16']	唯染污故餘因不定。	唯染污故餘因不定。	Only because it is defiled, the other causes are indeterminate.
['T27n1545_023:0116b14_14']	此中識者唯說隨眠相應諸心唯染污故。	此中識者唯說隨眠相應諸心唯染污故。	In this case, the consciousness only refers to the mind associated with the latent afflictions, only because it is defiled.
['T27n1545_023:0116b15_5']	由此所說因境斷識。	由此所說因境斷識。	Therefore, the consciousness whose cause and object are eliminated
['T27n1545_023:0116b15_14']	唯在三界見集所斷。	唯在三界見集所斷。	is only in the three realms and eliminated by seeing the accumulation.
['T27n1545_023:0116b16_9']	問何故因後說隨眠耶。	問何故因後說隨眠耶。	Why is the latent afflictions explained after the cause?
['T27n1545_023:0116b17_8']	答以阿毘達磨藏義應以十四事覺知。	答以阿毘達磨藏義應以十四事覺知。	The meaning of the Abhidharma treatise should be known by fourteen things.
['T27n1545_023:0116b18_12']	謂六因四緣攝相應成就不成就若以如是十四事。	謂六因四緣攝相應成就不成就若以如是十四事。	Namely, the six causes, four conditions, inclusion, association, possession, and non-possession. If one knows the Abhidharma without error by these fourteen things,
['T27n1545_023:0116b19_6']	覺知阿毘達磨無錯謬者。	覺知阿毘達磨無錯謬者。	then one should explain the Abhidharma.
['T27n1545_023:0116b19_13']	名阿毘達磨師。	名阿毘達磨師。	Are called Abhidharma masters.
['T27n1545_023:0116b20_2']	非但誦持文者。	非但誦持文者。	Not just those who recite and uphold the texts.
['T27n1545_023:0116b20_7']	有餘師說。	有餘師說。	Other masters say:
['T27n1545_023:0116b21_2']	應以七事覺知阿毘達磨藏義。	應以七事覺知阿毘達磨藏義。	One should understand the meaning of the Abhidharma treatise through seven aspects.
['T27n1545_023:0116b21_10']	謂因善巧緣善巧。	謂因善巧緣善巧。	Namely, skill in causes, skill in conditions,
['T27n1545_023:0116b21_15']	自相善巧。	自相善巧。	Skill in specific characteristics,
['T27n1545_023:0116b21_20', 'T27n1545_023:0116b22_5']	共相善巧。🔽攝不攝善巧。	共相善巧。 攝不攝善巧。	Skill in common characteristics,🔽Skill in inclusion and non-inclusion,
['T27n1545_023:0116b23_2']	相應不相應善巧成就不成就善巧。	相應不相應善巧成就不成就善巧。	Skill in association and dissociation, and skill in possession and non-possession.
['T27n1545_023:0116b24_2']	若以如是七事覺知阿毘達磨無錯謬者。	若以如是七事覺知阿毘達磨無錯謬者。	If one understands the Abhidharma without error through these seven aspects,
['T27n1545_023:0116b24_15']	名阿毘達磨師非但誦持文者。	名阿毘達磨師非但誦持文者。	They are called Abhidharma masters, not just those who recite and uphold the texts.🔽Therefore, the subsequent explanation of the latent afflictions is not erroneous in meaning.
['T27n1545_023:0116b25_10', 'T27n1545_023:0116b28_5']	是故因後說諸隨眠於義無失。🔽3 補特伽羅納息1大毘婆沙論雜蘊第一中補特伽羅納息第三之一一補特伽羅。	是故因後說諸隨眠於義無失。 3 補特伽羅納息1大毘婆沙論雜蘊第一中補特伽羅納息第三之一一補特伽羅。	Therefore, there is no problem in explaining the latent afflictions based on the later [stages].🔽Here is the corrected and aligned text:🔽Chapter 3, Part 1: On the Person, from the Great Commentary on the Abhidharma-vibhāṣā-śāstra🔽🔽
['T27n1545_023:0116b28_14']	於此生十二支緣起。	於此生十二支緣起。	In this life, there are twelve links of dependent origination.
['T27n1545_023:0116b29_5']	幾過去幾未來幾現在。	幾過去幾未來幾現在。	How many are past, how many are future, and how many are present?
['T27n1545_023:0116b29_18']	如是等章及解章義既領會已。	如是等章及解章義既領會已。	Having understood the text and its meaning in this way,
['T27n1545_023:0116c01_4']	次應廣釋。	次應廣釋。	One should next explain it in detail.
['T27n1545_023:0116c01_11']	問何故作此論。	問何故作此論。	Question: Why is this treatise composed?
['T27n1545_023:0116c02_15']	答為止他宗顯正義故謂或有執過去未來體非實有。	答為止他宗顯正義故謂或有執過去未來體非實有。	Answer: In order to refute other schools and reveal the correct principle. Some hold that the past and future do not actually exist.
['T27n1545_023:0116c03_6']	現在雖有而是無為。	現在雖有而是無為。	Although it exists in the present, it is still unconditioned.
['T27n1545_023:0116c04_3']	為止彼宗顯過去未來體是實有。	為止彼宗顯過去未來體是實有。	To stop this view and show that past and future exist in reality,
['T27n1545_023:0116c04_13']	現在是有為世所攝故。	現在是有為世所攝故。	because the present is conditioned and included in time.
['T27n1545_023:0116c04_18']	或復有執。	或復有執。	Or there is another view.
['T27n1545_023:0116c05_10']	緣起是無為如分別論者。	緣起是無為如分別論者。	That dependent origination is unconditioned, like the Vaibhāṣikas.
['T27n1545_023:0116c06_2']	問彼因何故作如是執。	問彼因何故作如是執。	Question: Why do they hold this view?
['T27n1545_023:0116c06_8']	答彼因經故。	答彼因經故。	Answer: Because of the scriptures.
['T27n1545_023:0116c06_13']	謂契經說。	謂契經說。	That is, the scriptures say:
['T27n1545_023:0116c07_7']	如來出世若不出世法住法性。	如來出世若不出世法住法性。	Whether the Tathāgata appears in the world or not, the nature of dharmas abides.
['T27n1545_023:0116c08_2']	佛自等覺為他開示乃至廣說。	佛自等覺為他開示乃至廣說。	The Buddha himself realizes it and reveals it to others, and so on.
['T27n1545_023:0116c08_11']	故知緣起是無為法。	故知緣起是無為法。	Therefore, we know that dependent origination is an unconditioned dharma.
['T27n1545_023:0116c09_10']	為止彼宗顯示緣起是有為法墮三世故。	為止彼宗顯示緣起是有為法墮三世故。	To stop this view and show that dependent origination is a conditioned dharma that falls into the three times,
['T27n1545_023:0116c10_2']	無無為法墮在三世。	無無為法墮在三世。	because there is no unconditioned dharma that falls into the three times.
['T27n1545_023:0116c10_12']	問若緣起法非無為者。	問若緣起法非無為者。	Question: If the dharmas of dependent origination are not unconditioned,
['T27n1545_023:0116c11_3']	如何會釋彼所引經。	如何會釋彼所引經。	how do you explain the scriptures they cite?
['T27n1545_023:0116c11_13']	答經說因果決定義故。	答經說因果決定義故。	Answer: The scriptures speak of the definite meaning of cause and effect.
['T27n1545_023:0116c12_3']	謂佛出世若不出世。	謂佛出世若不出世。	That is, whether the Buddha appears in the world or not,
['T27n1545_023:0116c12_12']	無明決定是諸行因。	無明決定是諸行因。	ignorance is definitely the cause of the karmic formations.
['T27n1545_023:0116c13_2']	諸行決定是無明果。	諸行決定是無明果。	All conditioned factors are definitely the effects of ignorance.
['T27n1545_023:0116c13_14']	如是乃至生決定是老死因。	如是乃至生決定是老死因。	In this way, up to birth is definitely the cause of old age and death.
['T27n1545_023:0116c14_4']	老死決定是生果。	老死決定是生果。	Old age and death are definitely the effects of birth.
['T27n1545_023:0116c14_13']	法住法性是決定義。	法住法性是決定義。	The nature of dharmas abiding in dharmas is the meaning of determination.
['T27n1545_023:0116c14_18']	非無為義。	非無為義。	It is not the meaning of unconditioned.
['T27n1545_023:0116c15_4']	經意如是。	經意如是。	The meaning of the sutra is like this.
['T27n1545_023:0116c15_9']	若不爾者。	若不爾者。	If it were not so,
['T27n1545_023:0116c15_14']	契經亦說。	契經亦說。	the sutra also says:
['T27n1545_023:0116c16_4']	如來出世若不出世。	如來出世若不出世。	Whether the Tathagata appears in the world or not,
['T27n1545_023:0116c16_13']	法住法性色常色相。	法住法性色常色相。	the nature of dharmas abiding in dharmas, form is always the characteristic of form,
['T27n1545_023:0116c17_1']	乃至識常識相。	乃至識常識相。	up to consciousness is always the characteristic of consciousness.
['T27n1545_023:0116c17_12', 'T27n1545_023:0116c18_2']	地常堅相乃至風常動相。🔽喝梨德鷄常是苦味。	地常堅相乃至風常動相。 喝梨德鷄常是苦味。	Earth is always the characteristic of solidity, up to wind is always the characteristic of movement.🔽The taste of hāriṇī is always bitter.
['T27n1545_023:0116c18_13']	羯竹迦盧呬尼常是辛味。	羯竹迦盧呬尼常是辛味。	The taste of kaṭuka and lohita is always pungent.
['T27n1545_023:0116c19_3']	豈五蘊等亦是無為。	豈五蘊等亦是無為。	How can the five aggregates, etc. also be unconditioned?
['T27n1545_023:0116c19_8']	彼既有為。	彼既有為。	Since they are conditioned,
['T27n1545_023:0116c19_13']	緣起亦爾。	緣起亦爾。	dependent origination is also like this.
['T27n1545_023:0116c20_7']	謂五蘊等自相決定說如是言。	謂五蘊等自相決定說如是言。	It means that the specific characteristics of the five aggregates, etc. are determined, and it is said like this.
['T27n1545_023:0116c20_16']	緣起亦依因果決定。	緣起亦依因果決定。	Dependent origination also relies on the determination of cause and effect,
['T27n1545_023:0116c21_3']	作如是說。	作如是說。	and it is said like this.
['T27n1545_023:0116c22_3']	為止如是他宗異執顯示正理故作斯論。	為止如是他宗異執顯示正理故作斯論。	In order to stop the heterodox views of other schools and to reveal the correct principle, this treatise is composed.
['T27n1545_023:0116c23_12']	此中論者所發論端應辯五事。	此中論者所發論端應辯五事。	In this context, the author of the treatise should discuss five things.
['T27n1545_023:0116c24_6']	一者何故唯說一補特伽羅。	一者何故唯說一補特伽羅。	First, why is only one pudgala mentioned?
['T27n1545_023:0116c24_17']	二者說何等一補特伽羅。	二者說何等一補特伽羅。	Second, what kind of one pudgala is mentioned?
['T27n1545_023:0116c25_8']	三者何故唯說此生。	三者何故唯說此生。	Third, why is only this birth mentioned?
['T27n1545_023:0116c26_6']	四者說何等此生五者說何等現在。	四者說何等此生五者說何等現在。	Fourth, what kind of this birth is mentioned? Fifth, what kind of present is mentioned?
['T27n1545_023:0116c26_17']	何故唯說一補特伽羅者。	何故唯說一補特伽羅者。	Why is only one pudgala mentioned?
['T27n1545_023:0116c27_8']	為避論文煩廣失故。	為避論文煩廣失故。	To avoid the fault of the text being too verbose.
['T27n1545_023:0116c28_8']	若說一切補特伽羅論文煩廣亦為無用。	若說一切補特伽羅論文煩廣亦為無用。	If all pudgalas were mentioned, the text would be too verbose and also useless.
['T27n1545_023:0116c28_17']	說一則知餘亦爾故。	說一則知餘亦爾故。	By mentioning one, one knows the others are the same.
['T27n1545_023:0116c29_9']	說何等一補特伽羅者。	說何等一補特伽羅者。	What kind of one pudgala is mentioned?
['T27n1545_023:0117a01_5']	若有遍歷此十二支如陟梯蹬。	若有遍歷此十二支如陟梯蹬。	If there is one who goes through these twelve factors like climbing a ladder,
['T27n1545_023:0117a01_10']	是此所說。	是此所說。	This is what is meant.
['T27n1545_023:0117a02_1']	謂若過去起無明行。	謂若過去起無明行。	Namely, if in the past one gives rise to ignorance and formations,
['T27n1545_023:0117a02_13']	引得現在識名色六處觸受。	引得現在識名色六處觸受。	Leading to the present consciousness, name-and-form, six sense bases, contact, and feeling,
['T27n1545_023:0117a03_4']	復於現在起愛取有。	復於現在起愛取有。	And again in the present one gives rise to craving, grasping, and becoming,
['T27n1545_023:0117a03_13']	引得未來生老死者。	引得未來生老死者。	Leading to the future birth and old age and death,
['T27n1545_023:0117a04_5']	是此所說一補特伽羅。	是此所說一補特伽羅。	This is the one pudgala that is mentioned.
['T27n1545_023:0117a04_14']	若有過去起無明行。	若有過去起無明行。	If there were past arising of ignorance and formations,
['T27n1545_023:0117a05_5']	引得現在識乃至受。	引得現在識乃至受。	leading to the present consciousness up to feeling,
['T27n1545_023:0117a06_5']	現在不復起愛取有引得未來生老死者。	現在不復起愛取有引得未來生老死者。	and the present does not give rise to craving, grasping, and becoming, leading to future birth and old age and death,
['T27n1545_023:0117a06_10']	非此所說。	非此所說。	this is not what is being discussed here.
['T27n1545_023:0117a06_15']	如智蘊說。	如智蘊說。	As explained in the Abhidharma-piṭaka:
['T27n1545_023:0117a07_5']	成就八支名學行者。	成就八支名學行者。	One who possesses the eight factors is called a learner.
['T27n1545_023:0117a07_14']	何等學者是彼所說。	何等學者是彼所說。	What kind of learner is referred to here?
['T27n1545_023:0117a08_9']	若有遍歷三摩鉢底如陟梯蹬。	若有遍歷三摩鉢底如陟梯蹬。	If one traverses the stages of meditative absorption like climbing a ladder,
['T27n1545_023:0117a08_14', 'T27n1545_023:0117a09_6']	是彼所說。🔽謂若先入有尋有伺定。	是彼所說。 謂若先入有尋有伺定。	this is what is referred to here.🔽That is to say, if one first enters the concentration with initial and sustained thought,
['T27n1545_023:0117a09_14']	次入無尋無伺定。	次入無尋無伺定。	next enters the concentration without initial thought but with sustained thought,
['T27n1545_023:0117a10_2']	次入無色定。	次入無色定。	next enters the formless concentrations,
['T27n1545_023:0117a10_8']	次入滅盡定。	次入滅盡定。	next enters the attainment of cessation,
['T27n1545_023:0117a11_3']	出滅盡定起有漏心現在前者。	出滅盡定起有漏心現在前者。	and upon emerging from the attainment of cessation, a contaminated mind manifests,
['T27n1545_023:0117a11_8', 'T27n1545_023:0117a11_18']	彼中說之。🔽若有先入有尋有伺定。	彼中說之。 若有先入有尋有伺定。	this is what is referred to there.🔽If one first enters the concentration with initial and sustained thought,
['T27n1545_023:0117a12_7']	次入無尋無伺定。	次入無尋無伺定。	next enters the concentration without initial thought but with sustained thought,
['T27n1545_023:0117a12_13']	次入無色定。	次入無色定。	next enters the formless concentrations,
['T27n1545_023:0117a13_1']	次入滅盡定。	次入滅盡定。	next enters the attainment of cessation,
['T27n1545_023:0117a13_14']	出滅盡定起無漏心現在前者。	出滅盡定起無漏心現在前者。	and upon emerging from the attainment of cessation, an uncontaminated mind manifests,
['T27n1545_023:0117a14_1']	非彼所說。	非彼所說。	this is not what is referred to there.
['T27n1545_023:0117a14_6']	又如經說。	又如經說。	Moreover, it is as explained in the sutra.
['T27n1545_023:0117a15_1']	先見女人形容端正少壯充悅。	先見女人形容端正少壯充悅。	First, one sees a woman with a beautiful appearance, youthful and full of vitality.
['T27n1545_023:0117a15_10']	次復見彼衰老羸瘦。	次復見彼衰老羸瘦。	Next, one sees her become old and weak.
['T27n1545_023:0117a16_1']	次復見彼重病困苦。	次復見彼重病困苦。	Next, one sees her suffering from a serious illness.
['T27n1545_023:0117a16_14']	次復見彼死經一日乃至七日。	次復見彼死經一日乃至七日。	Next, one sees her die, from one day up to seven days.
['T27n1545_023:0117a17_5']	次復見彼膖脹膿爛。	次復見彼膖脹膿爛。	Next, one sees her bloated and festering.
['T27n1545_023:0117a17_18']	次復見彼骨節分離無血肉等。	次復見彼骨節分離無血肉等。	Next, one sees her bones disjointed, without blood or flesh.
['T27n1545_023:0117a18_12']	後復見彼骸骨腐爛如鳩鴿色。	後復見彼骸骨腐爛如鳩鴿色。	Finally, one sees her skeleton rot and decay, the color of a dove.
['T27n1545_023:0117a19_8']	若有女人遍經如上所說諸位。	若有女人遍經如上所說諸位。	If a woman goes through all the above stages,
['T27n1545_023:0117a19_13']	是彼經說。	是彼經說。	this is what that sutra explains.
['T27n1545_023:0117a20_4']	若不爾者非彼所說。	若不爾者非彼所說。	If it were not so, it would not be what is said in that sutra.
['T27n1545_023:0117a20_9']	此中亦爾。	此中亦爾。	It is the same here.
['T27n1545_023:0117a21_4']	但說遍歷十二支者不說其餘。	但說遍歷十二支者不說其餘。	It only explains going through all twelve links, not the rest.
['T27n1545_023:0117a21_12']	何故唯說此生者。	何故唯說此生者。	Why only speak of this birth?
['T27n1545_023:0117a22_11']	說現在生則知過去未來亦爾故不說餘。	說現在生則知過去未來亦爾故不說餘。	Speaking of the present birth, one knows the past and future are also like this, so the rest are not spoken of.
['T27n1545_023:0117a23_1']	說何等此生者。	說何等此生者。	What kind of this birth is spoken of?
['T27n1545_023:0117a23_10']	一眾同分說為此生。	一眾同分說為此生。	One class of sentient beings is said to be this birth.
['T27n1545_023:0117a23_17']	說何等現在者。	說何等現在者。	What kind of present is spoken of?
['T27n1545_023:0117a24_6']	說眾同分現在。	說眾同分現在。	It is said that the homogeneous character of the multitude is present.
['T27n1545_023:0117a25_1']	不說剎那現在及分位現在。	不說剎那現在及分位現在。	It does not say that the present of a moment or the present of a state is present.
['T27n1545_023:0117a27_6']	一補特伽羅於此生十二支緣起幾過去幾未來幾現在耶。	一補特伽羅於此生十二支緣起幾過去幾未來幾現在耶。	How many of the twelve links of dependent origination in this life are past, how many are future, and how many are present for one person?
['T27n1545_023:0117a27_11']	答二過去。	答二過去。	The answer is: two are past.
['T27n1545_023:0117a27_16']	謂無明行。	謂無明行。	Namely, ignorance and karmic formations.
['T27n1545_023:0117a28_1']	二未來。	二未來。	Two are future.
['T27n1545_023:0117a28_6']	謂生老死。	謂生老死。	Namely, birth and old age and death.
['T27n1545_023:0117a28_10']	八現在。	八現在。	Eight are present.
['T27n1545_023:0117a29_2']	謂識名色六處觸受愛取有。	謂識名色六處觸受愛取有。	Namely, consciousness, name-and-form, the six sense bases, contact, feeling, craving, grasping, and becoming.
['T27n1545_023:0117a29_16']	問此十二支過去未來現在皆具。	問此十二支過去未來現在皆具。	The question is: Are all twelve links complete in the past, future, and present?
['T27n1545_023:0117b01_15']	何故但說過去未來各有二支現在有八。	何故但說過去未來各有二支現在有八。	Why is it said that there are only two links in the past and future, and eight in the present?
['T27n1545_023:0117b02_12']	答無慧眼者以現在因推未來果。	答無慧眼者以現在因推未來果。	The answer is: One who does not have the eye of wisdom infers the future effect from the present cause,
['T27n1545_023:0117b03_4']	以現在果推過去因。	以現在果推過去因。	and infers the past cause from the present effect.
['T27n1545_023:0117b03_13']	可知亦有故作是說。	可知亦有故作是說。	It can be known that it also exists, so this is said.
['T27n1545_023:0117b04_2']	以現在因者。	以現在因者。	As for the present cause,
['T27n1545_023:0117b04_7']	謂愛取有。	謂愛取有。	it refers to craving, grasping, and becoming.
['T27n1545_023:0117b04_17']	推未來果者謂生老死。	推未來果者謂生老死。	Inferring the future effect refers to birth, old age, and death.
['T27n1545_023:0117b05_4']	以現在果者。	以現在果者。	As for the present effect,
['T27n1545_023:0117b05_13']	謂識名色六處觸受。	謂識名色六處觸受。	it refers to consciousness, name-and-form, the six sense bases, contact, and feeling.
['T27n1545_023:0117b06_1']	推過去因者。	推過去因者。	As for inferring past causes,
['T27n1545_023:0117b06_6']	謂無明行。	謂無明行。	it refers to ignorance and karmic formations.
['T27n1545_023:0117b06_15']	世尊欲令無慧眼者。	世尊欲令無慧眼者。	The World-Honored One, wishing to enable those without the eye of wisdom
['T27n1545_023:0117b07_5']	以現因果推有去來。	以現因果推有去來。	to infer the existence of past and future through present cause and effect,
['T27n1545_023:0117b07_14']	由此即能辦所作事。	由此即能辦所作事。	thereby being able to accomplish what needs to be done,
['T27n1545_023:0117b08_5']	過去世果未來世因。	過去世果未來世因。	with the past as the effect and the future as the cause,
['T27n1545_023:0117b08_14']	由此為門亦可知有。	由此為門亦可知有。	by taking this as the gateway, one can also know that they exist.
['T27n1545_023:0117b09_5', 'T27n1545_023:0117b10_6']	故此論者但作是說。🔽復次說有過去二支即遮生死本無今有執。	故此論者但作是說。 復次說有過去二支即遮生死本無今有執。	Therefore, the author of this treatise only makes this statement.🔽Furthermore, speaking of the existence of the two past factors immediately refutes the view that birth and death did not exist before but exist now.
['T27n1545_023:0117b11_5']	說有未來二支即遮生死有已還無執。	說有未來二支即遮生死有已還無執。	Speaking of the existence of the two future factors immediately refutes the view that birth and death existed before but will not exist again.
['T27n1545_023:0117b12_3']	說有現在八支成立生死因果相續。	說有現在八支成立生死因果相續。	Speaking of the existence of the eight present factors establishes the continuity of cause and effect in birth and death.
['T27n1545_023:0117b12_16', 'T27n1545_023:0117b13_10']	如是如來化事已滿故作是說。🔽復次說有過去二支即遮常見。	如是如來化事已滿故作是說。 復次說有過去二支即遮常見。	In this way, the Tathāgata, having completed his work of transformation, makes this statement.🔽Furthermore, speaking of the existence of the two past factors immediately refutes the view of eternalism.
['T27n1545_023:0117b14_4']	說有未來二支即遮斷見。	說有未來二支即遮斷見。	Speaking of the existence of the two future factors immediately refutes the view of annihilationism.
['T27n1545_023:0117b14_15']	說有現在八支即顯中道。	說有現在八支即顯中道。	Speaking of the existence of the eight present factors immediately reveals the middle way.
['T27n1545_023:0117b15_10']	如是如來化事已滿故作是說。	如是如來化事已滿故作是說。	In this way, the Tathāgata, having completed his work of transformation, makes this statement.
['T27n1545_023:0117b16_7']	復次說有過去二支即顯生死有因。	復次說有過去二支即顯生死有因。	Furthermore, it is said that there are two past factors, which means that birth and death have a cause.
['T27n1545_023:0117b17_3']	說有未來二支即顯生死有果。	說有未來二支即顯生死有果。	It is said that there are two future factors, which means that birth and death have a result.
['T27n1545_023:0117b17_16']	說有現在八支即顯因果相續。	說有現在八支即顯因果相續。	It is said that there are eight present factors, which means that cause and effect continue.
['T27n1545_023:0117b18_11']	由此有情能辦所作故作是說。	由此有情能辦所作故作是說。	Because sentient beings can accomplish what is to be done, this is said.
['T27n1545_023:0117b19_7']	復次說有過去二支除前際愚。	復次說有過去二支除前際愚。	Furthermore, it is said that there are two past factors, which removes ignorance of the past.
['T27n1545_023:0117b20_1']	說有未來二支除後際愚。	說有未來二支除後際愚。	It is said that there are two future factors, which removes ignorance of the future.
['T27n1545_023:0117b20_12']	說有現在八支除中際愚。	說有現在八支除中際愚。	It is said that there are eight present factors, which removes ignorance of the present.
['T27n1545_023:0117b21_7']	由此有情能辦所作故作是說。	由此有情能辦所作故作是說。	Because sentient beings can accomplish what is to be done, this is said.
['T27n1545_023:0117b22_1']	復次此中但說一生因果。	復次此中但說一生因果。	Furthermore, here only one life's cause and effect is explained.
['T27n1545_023:0117b22_10']	餘生因果義准可知。	餘生因果義准可知。	The cause and effect of other lives can be understood by analogy.
['T27n1545_023:0117b22_15', 'T27n1545_023:0117b23_8']	故作是說。🔽品類足論作如是言。	故作是說。 品類足論作如是言。	Therefore, this is said.🔽The Abhidharma-nyāyânusāra-śāstra says:
['T27n1545_023:0117b23_14']	云何緣起法。	云何緣起法。	What are the factors of dependent origination?
['T27n1545_023:0117b24_2']	謂一切有為法。	謂一切有為法。	It refers to all conditioned factors.
['T27n1545_023:0117b24_12']	問此與彼論所說何異。	問此與彼論所說何異。	Question: How is this different from what is explained in that treatise?
['T27n1545_023:0117b25_1']	答此說不了義。	答此說不了義。	Answer: This is said to be of provisional meaning.
['T27n1545_023:0117b25_7']	彼說是了義。	彼說是了義。	That is said to be of definitive meaning.
['T27n1545_023:0117b25_13']	此是有餘說。	此是有餘說。	This is a teaching with remainder.
['T27n1545_023:0117b25_19']	彼是無餘說。	彼是無餘說。	That is a complete explanation.
['T27n1545_023:0117b26_5']	此說有密意。	此說有密意。	This explanation has an implied meaning.
['T27n1545_023:0117b26_11']	彼說無密意。	彼說無密意。	That explanation has no implied meaning.
['T27n1545_023:0117b26_17']	此說有別因。	此說有別因。	This explanation has a separate cause.
['T27n1545_023:0117b27_4']	彼說無別因。	彼說無別因。	That explanation has no separate cause.
['T27n1545_023:0117b27_10']	此說是世俗。	此說是世俗。	This is said to be conventional.
['T27n1545_023:0117b27_16']	彼說是勝義。	彼說是勝義。	That is said to be ultimate.
['T27n1545_023:0117b28_7']	此唯說有情數緣起法。	此唯說有情數緣起法。	This only explains the conditioned arising of sentient beings.
['T27n1545_023:0117b29_3']	彼通說有情數非有情數緣起法。	彼通說有情數非有情數緣起法。	That explains both the conditioned arising of sentient beings and non-sentient beings.
['T27n1545_023:0117b29_12']	此唯說有根緣起法。	此唯說有根緣起法。	This only explains the conditioned arising of those with faculties.
['T27n1545_023:0117c01_4']	彼通說有根無根緣起法。	彼通說有根無根緣起法。	That explains both the conditioned arising of those with faculties and those without faculties.
['T27n1545_023:0117c01_13']	此唯說有心緣起法。	此唯說有心緣起法。	This only explains the conditioned arising of those with minds.
['T27n1545_023:0117c02_5']	彼通說有心無心緣起法。	彼通說有心無心緣起法。	That explains both the conditioned arising of those with minds and those without minds.
['T27n1545_023:0117c02_14']	此唯說執受緣起法。	此唯說執受緣起法。	This only explains the conditioned arising of the appropriated.
['T27n1545_023:0117c03_8']	彼通說執受非執受緣起法。	彼通說執受非執受緣起法。	That explains both the conditioned arising of the appropriated and the non-appropriated.
['T27n1545_023:0117c03_16']	復次緣起有四種。	復次緣起有四種。	Furthermore, conditioned arising is of four kinds.
['T27n1545_023:0117c04_2']	一剎那。	一剎那。	First, momentary.
['T27n1545_023:0117c04_6']	二連縛。	二連縛。	Second, continuous.
['T27n1545_023:0117c04_10']	三分位。	三分位。	Third, positional.
['T27n1545_023:0117c04_14', 'T27n1545_023:0117c05_1']	四遠續。🔽此說分位遠續。	四遠續。 此說分位遠續。	Fourth, distant continuation.🔽This explains positional and distant continuation.
['T27n1545_023:0117c05_8']	彼說剎那連縛。	彼說剎那連縛。	That explains momentary and continuous.
['T27n1545_023:0117c06_4']	問何故此論唯說有情數緣起法耶。	問何故此論唯說有情數緣起法耶。	Question: Why does this treatise only discuss the conditioned arising of sentient beings?
['T27n1545_023:0117c06_14']	答是作論者意欲爾故。	答是作論者意欲爾故。	Answer: Because this is the intention of the author of the treatise.
['T27n1545_023:0117c07_1']	乃至廣說。	乃至廣說。	And so on, explaining in detail.
['T27n1545_023:0117c07_12']	復次不應責此作論者意。	復次不應責此作論者意。	Moreover, one should not question the intention of the author of this treatise.
['T27n1545_023:0117c08_3']	以作論者依經作論。	以作論者依經作論。	Because the author of the treatise composed the treatise based on the sutras.
['T27n1545_023:0117c09_1', 'T27n1545_023:0117c09_7']	契經唯說有情數緣起法故此亦爾。🔽問因論生論。	契經唯說有情數緣起法故此亦爾。 問因論生論。	Because the sutras only discuss the conditioned arising of sentient beings, this treatise is also like that.
['T27n1545_023:0117c10_2']	何故世尊唯說有情數緣起法耶。	何故世尊唯說有情數緣起法耶。	Question: Arising from the main point, why did the World-Honored One only discuss the conditioned arising of sentient beings?
['T27n1545_023:0117c10_8']	答觀所化故。	答觀所化故。	Answer: It is because he observes those to be taught.
['T27n1545_023:0117c11_1']	謂佛觀彼所化有情宜聞。	謂佛觀彼所化有情宜聞。	That is to say, the Buddha observes that those to be taught are suitable to hear.
['T27n1545_023:0117c11_10']	唯說有情數緣起法。	唯說有情數緣起法。	If he only discusses the conditioned arising of sentient beings,
['T27n1545_023:0117c12_5']	則能解了辦所作事故作是說。	則能解了辦所作事故作是說。	then they will be able to understand and accomplish what needs to be done, so he speaks in this way.
['T27n1545_023:0117c12_12']	復次順有支故。	復次順有支故。	Moreover, it is because it accords with the factors of existence.
['T27n1545_023:0117c13_7']	謂有情數隨順有支其義最勝。	謂有情數隨順有支其義最勝。	That is to say, for sentient beings, following the factors of existence is the most excellent meaning.
['T27n1545_023:0117c14_7']	有情數法從無始來輪轉三有相續不絕。	有情數法從無始來輪轉三有相續不絕。	Sentient beings' dharmas have been revolving in the three existences since beginningless time, continuing without interruption.
['T27n1545_023:0117c14_16']	有義最勝說名為有。	有義最勝說名為有。	The most excellent existence is called existence.
['T27n1545_023:0117c15_11']	有情數法隨順此有故名有支。	有情數法隨順此有故名有支。	Sentient beings' dharmas follow this existence, so it is called the factor of existence.
['T27n1545_023:0117c16_6']	是故世尊唯說有情數緣起法。	是故世尊唯說有情數緣起法。	Therefore, the World-Honored One only speaks of the conditioned arising of sentient beings.
['T27n1545_023:0117c17_2']	此論依彼亦唯說有情數緣起法。	此論依彼亦唯說有情數緣起法。	This treatise, relying on that, also only speaks of the conditioned arising of sentient beings.
['T27n1545_023:0117c18_4']	復次諸有情類從無始來輪轉生死受大苦惱。	復次諸有情類從無始來輪轉生死受大苦惱。	Furthermore, sentient beings, from beginningless time, have been revolving in birth and death, undergoing great suffering and distress.
['T27n1545_023:0117c18_13']	皆由迷執有情數法。	皆由迷執有情數法。	This is all due to the deluded attachment to the dharmas of sentient beings.
['T27n1545_023:0117c19_9']	是故世尊但為開示有情數緣起法。	是故世尊但為開示有情數緣起法。	Therefore, the World-Honored One only reveals the conditioned arising of sentient beings.
['T27n1545_023:0117c20_1']	此論依彼故作是說。	此論依彼故作是說。	This treatise, relying on that, makes this statement.
['T27n1545_023:0117c21_9']	問如是緣起自性是何。	問如是緣起自性是何。	Question: What is the intrinsic nature of this conditioned arising?
['T27n1545_023:0117c22_5']	答五蘊四蘊是此所說緣起自性。	答五蘊四蘊是此所說緣起自性。	Answer: The five aggregates and four aggregates are the intrinsic nature of this conditioned arising.
['T27n1545_023:0117c22_15']	謂欲色界五蘊為自性。	謂欲色界五蘊為自性。	That is to say, in the desire and form realms, it has the five aggregates as its intrinsic nature.
['T27n1545_023:0117c23_7']	若無色界四蘊為自性。	若無色界四蘊為自性。	If in the formless realm, it has the four aggregates as its intrinsic nature.
['T27n1545_023:0117c23_10']	如說。	如說。	As it is said:
['T27n1545_023:0117c24_2']	自性我物相分本性亦爾。	自性我物相分本性亦爾。	Intrinsic nature, self, substance, characteristic, category, and essence are also like this.
['T27n1545_023:0117c24_7']	已說自性。	已說自性。	The intrinsic nature has already been explained.
['T27n1545_023:0117c24_13']	所以今當說。	所以今當說。	The reason will now be explained.
['T27n1545_023:0117c25_1']	問何故名緣起。	問何故名緣起。	Question: Why is it called conditioned arising?
['T27n1545_023:0117c25_7']	緣起是何義。	緣起是何義。	What is the meaning of conditioned arising?
['T27n1545_023:0117c25_17']	答待緣而起故名緣起。	答待緣而起故名緣起。	Answer: Because it arises in dependence on conditions, it is called conditioned arising.
['T27n1545_023:0117c26_3']	待何等緣。	待何等緣。	What kind of conditions does it depend on?
['T27n1545_023:0117c26_8']	謂因緣等。	謂因緣等。	It depends on causal conditions and so forth.🔽Here is the corrected and aligned text:
['T27n1545_023:0117c26_13']	或有說者。	或有說者。	Some say:
['T27n1545_023:0117c27_3']	有緣可起故名緣起。	有緣可起故名緣起。	It is called dependent origination because there are conditions that can give rise to it.
['T27n1545_023:0117c27_12']	謂有性相可從緣起。	謂有性相可從緣起。	It means that there are characteristics that can arise from conditions.
['T27n1545_023:0117c28_4']	非無性相非不可起。	非無性相非不可起。	It is not that there are no characteristics, nor that it cannot arise.
['T27n1545_023:0117c28_9']	復有說者。	復有說者。	Some also say:
['T27n1545_023:0117c29_1']	從有緣起故名緣起。	從有緣起故名緣起。	It is called dependent origination because it arises from existing conditions.
['T27n1545_023:0117c29_10']	謂必有緣此方得起。	謂必有緣此方得起。	It means that it must have conditions in order to arise.
['T27n1545_023:0117c29_15']	有作是說。	有作是說。	Some say:
['T27n1545_023:0118a01_6']	別別緣起故名緣起。	別別緣起故名緣起。	It is called dependent origination because of the arising of each individual condition.
['T27n1545_023:0118a02_1']	謂別別物從別別緣和合而起。	謂別別物從別別緣和合而起。	It means that each individual thing arises from the combination of each individual condition.
['T27n1545_023:0118a02_6']	或復有說。	或復有說。	Some also say:
['T27n1545_023:0118a02_15']	等從緣起故名緣起。	等從緣起故名緣起。	It is called dependent origination because it arises equally from conditions.
['T27n1545_023:0118a03_4']	問有法從四緣生。	問有法從四緣生。	Question: There are dharmas that arise from four conditions,
['T27n1545_023:0118a03_15']	謂心心所有法從三緣生。	謂心心所有法從三緣生。	namely the mind and mental factors arise from three conditions,
['T27n1545_023:0118a04_10']	謂滅盡無想定有法從二緣生。	謂滅盡無想定有法從二緣生。	there are dharmas that arise from two conditions,
['T27n1545_023:0118a05_3']	謂一切色及餘不相應行。	謂一切色及餘不相應行。	namely all form and other non-associated compositional factors.
['T27n1545_023:0118a05_15']	云何等從緣起故名緣起耶。	云何等從緣起故名緣起耶。	How is it that it is called dependent origination because it arises equally from conditions?
['T27n1545_023:0118a06_7']	答即以此事故名為等。	答即以此事故名為等。	Answer: It is precisely because of this that it is called equal.
['T27n1545_023:0118a06_15']	謂應從四緣生者。	謂應從四緣生者。	It means that those that should arise from four conditions,
['T27n1545_023:0118a07_7']	皆四緣生非三非二。	皆四緣生非三非二。	all arise from four conditions, not from three or two.
['T27n1545_023:0118a07_14']	應從三緣生者。	應從三緣生者。	Those that should arise from three conditions
['T27n1545_023:0118a08_1']	皆三緣生。	皆三緣生。	all arise from three conditions.
['T27n1545_023:0118a08_6']	非四非二。	非四非二。	Not from four, not from two.
['T27n1545_023:0118a08_13']	應從二緣生者。	應從二緣生者。	Those that should arise from two conditions
['T27n1545_023:0118a09_4']	皆二緣生非三非四。	皆二緣生非三非四。	all arise from two conditions, not from three, not from four.
['T27n1545_023:0118a09_9']	是故名等。	是故名等。	Therefore they are called equal.
['T27n1545_023:0118a10_2']	復次依增上緣故說為等。	復次依增上緣故說為等。	Moreover, they are called equal because they rely on the dominant condition.
['T27n1545_023:0118a10_15']	謂一一法於正起時各除自性。	謂一一法於正起時各除自性。	That is to say, when each dharma is about to arise, each excludes its own nature.
['T27n1545_023:0118a11_10']	餘一切法皆與彼為增上緣故。	餘一切法皆與彼為增上緣故。	The remaining dharmas all serve as dominant conditions for it.
['T27n1545_023:0118a12_3']	復次皆同時生故說為等。	復次皆同時生故說為等。	Moreover, they are called equal because they all arise simultaneously.
['T27n1545_023:0118a12_6']	如說。	如說。	As it is said:
['T27n1545_023:0118a12_18']	一切有情心等生等住等滅。	一切有情心等生等住等滅。	The minds of all sentient beings arise equally, abide equally, and cease equally.
['T27n1545_023:0118a13_10']	復次皆一剎那故說為等。	復次皆一剎那故說為等。	Moreover, they are called equal because they are all one moment.
['T27n1545_023:0118a14_3']	復次一切皆有此十二支。	復次一切皆有此十二支。	Moreover, all have these twelve factors.
['T27n1545_023:0118a15_3', 'T27n1545_023:0118a15_16']	從無始來乃至證得無學果位故說為等。🔽問諸有情類或有前般涅槃者。	從無始來乃至證得無學果位故說為等。 問諸有情類或有前般涅槃者。	Because they are equal from beginningless time up to the stage of attaining the fruit of arhatship, they are called equal.
['T27n1545_023:0118a16_6']	或有後般涅槃者。	或有後般涅槃者。	Question: Among sentient beings, some attain parinirvāṇa earlier, while some attain parinirvāṇa later.
['T27n1545_023:0118a16_15']	如何可說緣起法等。	如何可說緣起法等。	How can it be said that the factors of dependent origination are equal?
['T27n1545_023:0118a17_7']	答皆具十二故說為等。	答皆具十二故說為等。	Answer: Because they are all endowed with the twelve [factors], they are said to be equal.
['T27n1545_023:0118a18_5']	復次皆得涅槃方捨緣起故說為等。	復次皆得涅槃方捨緣起故說為等。	Furthermore, they all attain nirvana and then abandon dependent origination, so it is said to be equal.
['T27n1545_023:0118a18_16']	復次緣起總相無始無終。	復次緣起總相無始無終。	Furthermore, the general characteristics of dependent origination have no beginning and no end.
['T27n1545_023:0118a19_11']	一切有情同有此法故說為等。	一切有情同有此法故說為等。	All sentient beings equally possess this dharma, so it is said to be equal.
['T27n1545_023:0118a20_1']	復次前般涅槃者。	復次前般涅槃者。	Furthermore, those who attain nirvana first
['T27n1545_023:0118a20_10']	於緣起法前少後多。	於緣起法前少後多。	have less of the dependent origination dharma in the past and more in the future.
['T27n1545_023:0118a20_16']	後般涅槃者。	後般涅槃者。	Those who attain nirvana later
['T27n1545_023:0118a21_10']	於緣起法前多後少故說為等。	於緣起法前多後少故說為等。	have more of the dependent origination dharma in the past and less in the future, so it is said to be equal.
['T27n1545_023:0118a22_9']	謂諸有情皆有無量過去未來諸緣起法。	謂諸有情皆有無量過去未來諸緣起法。	That is to say, all sentient beings have innumerable past and future dharmas of dependent origination.
['T27n1545_023:0118a23_9']	雖行世者有少有多而其體數一切皆等。	雖行世者有少有多而其體數一切皆等。	Although those who practice in the world have less in the past and more in the future, their essence and number are all equal.
['T27n1545_023:0118a24_4']	如契經說。	如契經說。	As a sutra says:
['T27n1545_023:0118a24_9']	佛告苾芻。	佛告苾芻。	The Buddha told the bhikṣus:
['T27n1545_023:0118a25_5']	吾當為汝說緣起法及緣已生法。	吾當為汝說緣起法及緣已生法。	I will explain to you the dharma of dependent origination and the dharma that arises due to conditions.
['T27n1545_023:0118a26_1']	問緣起法與緣已生法差別云何。	問緣起法與緣已生法差別云何。	Question: What is the difference between the dharma of dependent origination and the dharma that arises due to conditions?
['T27n1545_023:0118a26_6']	有作是言。	有作是言。	Some say:
['T27n1545_023:0118a26_15']	無有差別所以者何。	無有差別所以者何。	There is no difference. Why is this?
['T27n1545_023:0118a27_5']	品類足論作如是言。	品類足論作如是言。	The Abhidharma-nyāyânusāra-śāstra says:
['T27n1545_023:0118a27_11']	云何緣起法。	云何緣起法。	What is the dharma of dependent origination?
['T27n1545_023:0118a27_18']	謂一切有為法。	謂一切有為法。	It refers to all conditioned dharmas.
['T27n1545_023:0118a28_6']	云何緣已生法。	云何緣已生法。	What are the dharmas that arise from conditions?
['T27n1545_023:0118a28_13']	謂一切有為法。	謂一切有為法。	It refers to all conditioned dharmas.
['T27n1545_023:0118a29_3']	故知此二無有差別。	故知此二無有差別。	Therefore, we know that these two are not different.
['T27n1545_023:0118a29_8']	有餘師說。	有餘師說。	Other masters say:
['T27n1545_023:0118a29_13']	亦有差別。	亦有差別。	There is also a difference.
['T27n1545_023:0118a29_19']	謂名即差別。	謂名即差別。	Namely, the difference is:
['T27n1545_023:0118b01_12']	此名緣起法彼名緣已生法故。	此名緣起法彼名緣已生法故。	This is called the dharma of dependent origination, and that is called the dharma that arises from conditions.
['T27n1545_023:0118b02_3']	復次因名緣起法。	復次因名緣起法。	Furthermore, the cause is called the dharma of dependent origination,
['T27n1545_023:0118b02_10']	果名緣已生法。	果名緣已生法。	And the effect is called the dharma that arises from conditions.
['T27n1545_023:0118b02_14']	如因果。	如因果。	Like cause and effect,
['T27n1545_023:0118b03_2']	如是能作所作。	如是能作所作。	So are the doer and the done,
['T27n1545_023:0118b03_7']	能成所成。	能成所成。	The accomplisher and the accomplished,
['T27n1545_023:0118b03_12', 'T27n1545_023:0118b03_17']	能生所生。🔽能轉所轉。	能生所生。 能轉所轉。	The producer and the produced,🔽The transformer and the transformed,
['T27n1545_023:0118b04_2', 'T27n1545_023:0118b04_7']	能起所起。🔽能引所引。	能起所起。 能引所引。	The instigator and the instigated,
['T27n1545_023:0118b04_12', 'T27n1545_023:0118b04_17']	能續所續。🔽能相所相。	能續所續。 能相所相。	The continuum and the continued,🔽The characteristic and the characterized,
['T27n1545_023:0118b05_3']	能取所取。	能取所取。	The grasper and the grasped.
['T27n1545_023:0118b05_8']	應知亦爾。	應知亦爾。	You should know that they are also like this.
['T27n1545_023:0118b05_18']	復次前生者名緣起法。	復次前生者名緣起法。	Furthermore, the previously arisen is called the dharma of dependent origination,
['T27n1545_023:0118b06_8']	後生者名緣已生法。	後生者名緣已生法。	And the subsequently arisen is called the dharma that arises from conditions.
['T27n1545_023:0118b07_1']	復次過去者名緣起法。	復次過去者名緣起法。	Furthermore, the past is called the dharma of dependent origination,
['T27n1545_023:0118b07_12']	未來現在者名緣已生法。	未來現在者名緣已生法。	And the future and present are called the dharma that arises from conditions.
['T27n1545_023:0118b08_6']	復次過去現在者名緣起法。	復次過去現在者名緣起法。	Furthermore, past and present are called the dharmas of dependent origination.
['T27n1545_023:0118b08_15']	未來者名緣已生法。	未來者名緣已生法。	Future is called the dharmas that have arisen due to conditions.
['T27n1545_023:0118b09_6']	復次無明名緣起法。	復次無明名緣起法。	Furthermore, ignorance is called the dharma of dependent origination.
['T27n1545_023:0118b09_13']	行名緣已生法。	行名緣已生法。	Action is called the dharma that has arisen due to conditions.
['T27n1545_023:0118b10_3']	乃至生名緣起法。	乃至生名緣起法。	Up to birth is called the dharma of dependent origination.
['T27n1545_023:0118b10_11']	老死名緣已生法。	老死名緣已生法。	Old age and death are called the dharma that has arisen due to conditions.
['T27n1545_023:0118b10_16']	脇尊者言。	脇尊者言。	The Venerable Pārśva said:
['T27n1545_023:0118b11_4']	無明唯名緣起法。	無明唯名緣起法。	Ignorance is only called the dharma of dependent origination.
['T27n1545_023:0118b11_13']	老死唯名緣已生法。	老死唯名緣已生法。	Old age and death are only called the dharma that has arisen due to conditions.
['T27n1545_023:0118b12_4']	中間十支亦名緣起法。	中間十支亦名緣起法。	The ten factors in the middle are also called the dharma of dependent origination.
['T27n1545_023:0118b12_11']	亦名緣已生法。	亦名緣已生法。	They are also called the dharma that has arisen due to conditions.
['T27n1545_023:0118b13_2']	尊者妙音作如是說。	尊者妙音作如是說。	The Venerable Subhūti said:
['T27n1545_023:0118b13_12']	過去二支唯名緣起法。	過去二支唯名緣起法。	The two factors in the past are only called the dharma of dependent origination.
['T27n1545_023:0118b14_5']	未來二支唯名緣已生法。	未來二支唯名緣已生法。	The two factors in the future are only called the dharma that has arisen due to conditions.
['T27n1545_023:0118b14_15']	現在八支亦名緣起法。	現在八支亦名緣起法。	The eight factors in the present are also called the dharma of dependent origination.
['T27n1545_023:0118b15_4']	亦名緣已生法。	亦名緣已生法。	They are also called the dharma that has arisen due to conditions.
['T27n1545_023:0118b15_13']	尊者望滿說有四句。	尊者望滿說有四句。	The Venerable Avantaka said there are four sentences.
['T27n1545_023:0118b16_5']	有緣起法非緣已生法。	有緣起法非緣已生法。	There are dharmas of dependent origination that are not dharmas that have arisen due to conditions.
['T27n1545_023:0118b16_10']	謂未來法。	謂未來法。	This refers to future dharmas.
['T27n1545_023:0118b17_2']	有緣已生法非緣起法。	有緣已生法非緣起法。	There are dharmas that have arisen due to conditions that are not dharmas of dependent origination.
['T27n1545_023:0118b17_15']	謂過去現在阿羅漢最後五蘊。	謂過去現在阿羅漢最後五蘊。	Namely, the last five aggregates of an arhat in the past and present.
['T27n1545_023:0118b18_7']	有緣起法亦緣已生法。	有緣起法亦緣已生法。	There are dependent origination dharmas that are also dharmas that have arisen from conditions.
['T27n1545_023:0118b19_3']	謂除過去現在阿羅漢最後五蘊。	謂除過去現在阿羅漢最後五蘊。	Namely, excluding the last five aggregates of an arhat in the past and present.
['T27n1545_023:0118b19_11']	諸餘過去現在法。	諸餘過去現在法。	All other past and present dharmas.
['T27n1545_023:0118b20_5']	有非緣起法亦非緣已生法。	有非緣起法亦非緣已生法。	There are dharmas that are neither dependent origination nor dharmas that have arisen from conditions.
['T27n1545_023:0118b20_10']	謂無為法。	謂無為法。	Namely, unconditioned dharmas.
['T27n1545_023:0118b21_5']	集異門論及法蘊論俱作是說。	集異門論及法蘊論俱作是說。	The Abhidharma-samuccaya-vyākhyā and the Abhidharma-dharma-skandha-pāda both say:
['T27n1545_023:0118b21_11']	若無明生行。	若無明生行。	If ignorance gives rise to karmic formations,
['T27n1545_023:0118b22_2']	決定安住不雜亂者。	決定安住不雜亂者。	and they are definitely stable and not confused,
['T27n1545_023:0118b22_7']	名緣起法。	名緣起法。	they are called dependent origination dharmas.
['T27n1545_023:0118b22_14']	亦名緣已生法。	亦名緣已生法。	They are also called dharmas that have arisen from conditions.
['T27n1545_023:0118b23_1']	若無明生行。	若無明生行。	If ignorance gives rise to karmic formations,
['T27n1545_023:0118b23_12']	不決定不安住而雜亂者。	不決定不安住而雜亂者。	and they are not definite, not stable, and confused,
['T27n1545_023:0118b24_1']	名緣已生法。	名緣已生法。	they are called dharmas that have arisen from conditions.
['T27n1545_023:0118b24_6']	非緣起法。	非緣起法。	They are not dependent origination dharmas.
['T27n1545_023:0118b24_17']	乃至生除老死應知亦爾。	乃至生除老死應知亦爾。	Up to birth, excluding old age and death, should be understood in the same way.
['T27n1545_023:0118b25_8', 'T27n1545_023:0118b25_17']	尊者世友作如是說。🔽若法是因名緣起法。	尊者世友作如是說。 若法是因名緣起法。	The Venerable Vasumitra said:🔽If a dharma is a cause, it is called a dependent origination dharma.
['T27n1545_023:0118b26_9']	若法有因名緣已生法。	若法有因名緣已生法。	If a dharma has a cause, it is called a dharma that has arisen from conditions.
['T27n1545_023:0118b27_3']	復次若法是和合名緣起法。	復次若法是和合名緣起法。	Furthermore, if a dharma is a combination, it is called a dependent origination dharma.
['T27n1545_023:0118b27_14']	若法有和合名緣已生法。	若法有和合名緣已生法。	If a dharma has a combination, it is called a dharma that has arisen due to conditions.
['T27n1545_023:0118b28_7']	復次若法是生名緣起法。	復次若法是生名緣起法。	Furthermore, if a dharma is arising, it is called a dependent origination dharma.
['T27n1545_023:0118b28_17']	若法有生名緣已生法。	若法有生名緣已生法。	If a dharma has arising, it is called a dharma that has arisen due to conditions.
['T27n1545_023:0118b29_10']	復次若法是起名緣起法。	復次若法是起名緣起法。	Furthermore, if a dharma is arising, it is called a dependent origination dharma.
['T27n1545_023:0118c01_2']	若法有起名緣已生法。	若法有起名緣已生法。	If a dharma has arising, it is called a dharma that has arisen due to conditions.
['T27n1545_023:0118c01_14']	復次若法是能作名緣起法。	復次若法是能作名緣起法。	Furthermore, if a dharma is able to act, it is called a dependent origination dharma.
['T27n1545_023:0118c02_6']	若法有能作名緣已生法。	若法有能作名緣已生法。	If a dharma has the ability to act, it is called a dharma that has arisen due to conditions.
['T27n1545_023:0118c02_16']	大德說曰轉名緣起法。	大德說曰轉名緣起法。	The Venerable One said: The turning is called dependent origination dharma.
['T27n1545_023:0118c03_6']	隨轉名緣已生法。	隨轉名緣已生法。	The following is called a dharma that has arisen due to conditions.
['T27n1545_023:0118c03_15']	尊者覺天作如是說。	尊者覺天作如是說。	The Venerable One Bodhyaya said:
['T27n1545_023:0118c04_6']	諸法生時名緣起法。	諸法生時名緣起法。	When dharmas arise, they are called dependent origination dharmas.
['T27n1545_023:0118c04_16']	諸法生已名緣已生法。	諸法生已名緣已生法。	When dharmas have arisen, they are called dharmas that have arisen due to conditions.
['T27n1545_023:0118c05_13']	契經所說緣起法緣已生法如是差別。	契經所說緣起法緣已生法如是差別。	The sutra explains the distinction between dependent origination dharmas and dharmas that have arisen due to conditions in this way.
['T27n1545_023:0118c06_8']	此中但說時分緣起。	此中但說時分緣起。	Here, it only explains the dependent origination of time periods.
['T27n1545_023:0118c06_17']	謂十二位立十二支。	謂十二位立十二支。	That is to say, the twelve stages are established as the twelve links.
['T27n1545_023:0118c07_7']	一一支中各具五蘊。	一一支中各具五蘊。	Each link contains the five aggregates.🔽Here is the corrected and aligned text:
['T27n1545_023:0118c07_16']	尊者設摩達多說曰。	尊者設摩達多說曰。	Venerable Sāmadatta said:
['T27n1545_023:0118c08_6']	一剎那頃有十二支。	一剎那頃有十二支。	In an instant, there are twelve factors.
['T27n1545_023:0118c08_15']	如起貪心害眾生命。	如起貪心害眾生命。	For example, when one gives rise to a greedy mind to harm the life of another being,
['T27n1545_023:0118c09_5']	此相應癡是無明。	此相應癡是無明。	the corresponding delusion is ignorance.
['T27n1545_023:0118c09_12']	此相應思是行。	此相應思是行。	The corresponding intention is karmic formations.
['T27n1545_023:0118c09_19']	此相應心是識。	此相應心是識。	The corresponding mind is consciousness.
['T27n1545_023:0118c10_10']	起有表業必有俱時名色。	起有表業必有俱時名色。	When giving rise to expressive action, there must be simultaneously arising name-and-form.
['T27n1545_023:0118c11_7']	諸根共相伴助即是名色及與六處。	諸根共相伴助即是名色及與六處。	The faculties mutually assisting each other are name-and-form and the six sense bases.
['T27n1545_023:0118c11_14']	此相應觸是觸。	此相應觸是觸。	The corresponding contact is contact.
['T27n1545_023:0118c12_3']	此相應受是受。	此相應受是受。	The corresponding feeling is feeling.
['T27n1545_023:0118c12_8']	貪即是愛。	貪即是愛。	Greed is craving.
['T27n1545_023:0118c12_17']	即此相應諸纏是取。	即此相應諸纏是取。	The corresponding entanglements are grasping.
['T27n1545_023:0118c13_6']	所起身語二業是有。	所起身語二業是有。	The bodily and verbal actions produced are becoming.
['T27n1545_023:0118c13_15']	如是諸法起即是生。	如是諸法起即是生。	The arising of these dharmas is birth.
['T27n1545_023:0118c14_2']	熟變是老。	熟變是老。	Maturation is old age.
['T27n1545_023:0118c14_7']	滅壞是死。	滅壞是死。	Decay and destruction is death.
['T27n1545_023:0118c15_2']	瞋癡心殺有十一支無愛支故。	瞋癡心殺有十一支無愛支故。	When killing with a mind of anger or delusion, there are eleven factors, lacking the factor of craving.
['T27n1545_023:0118c15_15']	雖有此理而此中說時分緣起。	雖有此理而此中說時分緣起。	Although there is this principle, here it speaks of conditioned arising in terms of time periods.
['T27n1545_023:0118c16_6']	依十二位立十二支。	依十二位立十二支。	It establishes the twelve factors based on twelve states.
['T27n1545_023:0118c17_6']	一一支中各具五蘊非剎那頃有十二支。	一一支中各具五蘊非剎那頃有十二支。	Each of the twelve members is endowed with the five aggregates, not that in a single moment there are twelve members.
['T27n1545_023:0118c17_15']	然識身論復作是說。	然識身論復作是說。	However, the Vijñānakāya-śāstra further states:
['T27n1545_023:0118c18_10']	於可愛境由無知故起貪著時。	於可愛境由無知故起貪著時。	When one gives rise to attachment to a desirable object due to ignorance,
['T27n1545_023:0118c19_1']	此中無知是無明。	此中無知是無明。	in this case, ignorance is ignorance.
['T27n1545_023:0118c19_8', 'T27n1545_023:0118c19_15']	有貪著者是行。🔽了別境者是識。	有貪著者是行。 了別境者是識。	Having attachment is karmic formations.🔽Cognizing objects is consciousness.
['T27n1545_023:0118c20_4']	識俱諸蘊是名色。	識俱諸蘊是名色。	The aggregates concomitant with consciousness are name-and-form.
['T27n1545_023:0118c20_14']	名色所依諸根是六處。	名色所依諸根是六處。	The faculties that are the basis of name-and-form are the six sense bases.
['T27n1545_023:0118c21_2']	六處和合是觸。	六處和合是觸。	The combination of the six sense bases is contact.
['T27n1545_023:0118c21_9']	能領觸者是受。	能領觸者是受。	That which experiences contact is feeling.
['T27n1545_023:0118c21_16']	欣所受者是愛。	欣所受者是愛。	Rejoicing in feeling is craving.
['T27n1545_023:0118c22_3']	愛增廣是取。	愛增廣是取。	The expansion of craving is grasping.
['T27n1545_023:0118c22_10']	引後有業是有。	引後有業是有。	The karma that leads to subsequent existence is becoming.
['T27n1545_023:0118c22_16']	諸蘊起是生。	諸蘊起是生。	The arising of the aggregates is birth.
['T27n1545_023:0118c23_4']	諸蘊熟變是老。	諸蘊熟變是老。	The maturation of the aggregates is old age.
['T27n1545_023:0118c23_11']	諸蘊滅壞是死。	諸蘊滅壞是死。	The destruction of the aggregates is death.
['T27n1545_023:0118c23_16']	內熱是愁。	內熱是愁。	Internal heat is sorrow.
['T27n1545_023:0118c24_1']	哀泣是悲。	哀泣是悲。	Weeping is lamentation.
['T27n1545_023:0118c24_12']	五識相應不平等受是苦。	五識相應不平等受是苦。	Unequal feeling concomitant with the five consciousnesses is suffering.
['T27n1545_023:0118c25_4']	意識相應不平等受是憂。	意識相應不平等受是憂。	Unequal feeling concomitant with mental consciousness is distress.
['T27n1545_023:0118c25_9']	心燋是惱。	心燋是惱。	Mental burning is anxiety.
['T27n1545_023:0118c25_14']	乃至廣說。	乃至廣說。	And so on, in detail.
['T27n1545_023:0118c26_5']	問前說後說有何差別。	問前說後說有何差別。	Question: What is the difference between the former and latter explanations?
['T27n1545_023:0118c26_12']	答前說是一心。	答前說是一心。	Answer: The former explanation is of a single thought,
['T27n1545_023:0118c26_18']	後說是多心。	後說是多心。	while the latter explanation is of multiple thoughts.
['T27n1545_023:0118c27_5']	前說是剎那。	前說是剎那。	The former explanation is of a single moment,
['T27n1545_023:0118c27_11']	後說是相續。	後說是相續。	while the latter explanation is of a continuum.
['T27n1545_023:0118c27_16']	是謂差別。	是謂差別。	This is the difference.
['T27n1545_023:0118c28_15']	彼論雖說多心相續十二有支而不同此。	彼論雖說多心相續十二有支而不同此。	Although that treatise explains the twelve links as a continuum of multiple thoughts, it is not the same as this.
['T27n1545_023:0118c29_11']	以彼所說十二有支多是別法。	以彼所說十二有支多是別法。	Because what that treatise explains as the twelve links are mostly separate dharmas,
['T27n1545_023:0118c29_16']	或同時起。	或同時起。	or they arise simultaneously.
['T27n1545_023:0119a01_15']	此論所說十二有支皆具五蘊時分各異。	此論所說十二有支皆具五蘊時分各異。	What this treatise explains as the twelve links are all endowed with the five aggregates, and their time periods are different.
['T27n1545_023:0119a02_2']	施設論說。	施設論說。	The Prajñaptiśāstra says:
['T27n1545_023:0119a02_7']	云何無明。	云何無明。	What is ignorance?
['T27n1545_023:0119a02_15']	謂過去一切煩惱。	謂過去一切煩惱。	It refers to all afflictions in the past.
['T27n1545_023:0119a03_3']	彼不應作是說。	彼不應作是說。	They should not say this.
['T27n1545_023:0119a03_12']	若作是說則捨自相。	若作是說則捨自相。	If they say this, they abandon their own characteristics.
['T27n1545_023:0119a03_17']	應作是說。	應作是說。	They should say:
['T27n1545_023:0119a04_4']	云何無明。	云何無明。	What is ignorance?
['T27n1545_023:0119a04_11']	謂過去煩惱位。	謂過去煩惱位。	It refers to the state of afflictions in the past.
['T27n1545_023:0119a04_15']	云何行。	云何行。	What are karmic formations?
['T27n1545_023:0119a05_1']	謂過去業位。	謂過去業位。	It refers to the state of past karma.
['T27n1545_023:0119a05_5']	云何識。	云何識。	What is consciousness?
['T27n1545_023:0119a05_14']	謂續生心及彼助伴。	謂續生心及彼助伴。	It refers to the mind of rebirth and its accompanying factors.
['T27n1545_023:0119a05_19']	云何名色。	云何名色。	What is name-and-form?
['T27n1545_023:0119a06_11']	謂結生已未起眼等四種色根。	謂結生已未起眼等四種色根。	It refers to the period after conception, before the four physical sense faculties such as the eyes have arisen.
['T27n1545_023:0119a07_2']	六處未滿中間五位。	六處未滿中間五位。	The six sense bases are not yet complete, and there are five stages in between.🔽They are the kalala, arbuda,🔽peśin,
['T27n1545_023:0119a07_10']	謂羯剌藍頞部曇。	謂羯剌藍頞部曇。	ghana,
['T27n1545_023:0119a07_13', 'T27n1545_023:0119a07_16', 'T27n1545_023:0119a08_1']	閉尸。🔽鍵南。🔽鉢羅奢佉。	閉尸。 鍵南。 鉢羅奢佉。	and praśākhā stages.
['T27n1545_023:0119a08_6']	是名色位。	是名色位。	This is called the form stage.
['T27n1545_023:0119a08_11']	云何六處。	云何六處。	What is the six sense bases stage?
['T27n1545_023:0119a08_18']	謂已起四色根。	謂已起四色根。	It refers to the stage when the four physical sense faculties have arisen,
['T27n1545_023:0119a09_9']	六處已滿即鉢羅奢佉位。	六處已滿即鉢羅奢佉位。	and the six sense bases are already complete, which is the praśākhā stage.
['T27n1545_023:0119a10_4']	眼等諸根未能與觸作所依止。	眼等諸根未能與觸作所依止。	The sense faculties such as the eyes are not yet able to serve as the basis for contact.
['T27n1545_023:0119a10_9']	是六處位。	是六處位。	This is the six sense bases stage.
['T27n1545_023:0119a10_13']	云何觸。	云何觸。	What is the contact stage?
['T27n1545_023:0119a11_7']	謂眼等根雖能與觸作所依止。	謂眼等根雖能與觸作所依止。	It refers to the stage when the sense faculties such as the eyes are able to serve as the basis for contact,
['T27n1545_023:0119a11_16']	而未了知苦樂差別。	而未了知苦樂差別。	but one is still unable to distinguish between pleasure and pain,
['T27n1545_023:0119a12_7']	亦未能避諸損害緣。	亦未能避諸損害緣。	and is also unable to avoid harmful conditions.
['T27n1545_023:0119a12_16']	觸火觸刀食毒食糞。	觸火觸刀食毒食糞。	Touching fire, touching a knife, eating poison, eating feces,
['T27n1545_023:0119a13_11']	食婬具愛猶未現行是觸位。	食婬具愛猶未現行是觸位。	and engaging in sexual activity out of love have not yet manifested. This is the contact stage.
['T27n1545_023:0119a13_15']	云何受。	云何受。	What is the feeling stage?
['T27n1545_023:0119a14_3']	謂能別苦樂。	謂能別苦樂。	It refers to the stage where one is able to distinguish between pleasure and pain,
['T27n1545_023:0119a14_10']	亦能避損害緣。	亦能避損害緣。	and is also able to avoid harmful conditions.
['T27n1545_023:0119a15_3']	不觸火觸刀不食毒食糞。	不觸火觸刀不食毒食糞。	Not touching fire, not touching a knife, not eating poison or feces,
['T27n1545_023:0119a15_16']	雖已起食愛而未起婬及具愛。	雖已起食愛而未起婬及具愛。	Although one has already given rise to craving for food, one has not yet given rise to craving for sex and possessions.
['T27n1545_023:0119a16_3']	是受位。	是受位。	This is the stage of receiving.
['T27n1545_023:0119a16_7']	云何愛。	云何愛。	What is craving?
['T27n1545_023:0119a17_1']	謂雖已起食愛婬愛及資具愛。	謂雖已起食愛婬愛及資具愛。	It means that although one has already given rise to craving for food, sex, and possessions,
['T27n1545_023:0119a17_14']	而未為此四方追求不辭勞倦。	而未為此四方追求不辭勞倦。	one has not yet pursued them in all directions without regard for hardship.
['T27n1545_023:0119a17_18']	是愛位。	是愛位。	This is the stage of craving.
['T27n1545_023:0119a18_3']	云何取。	云何取。	What is grasping?
['T27n1545_023:0119a18_12']	謂由三愛四方追求。	謂由三愛四方追求。	It means that due to the three kinds of craving, one pursues them in all directions.
['T27n1545_023:0119a19_5']	雖涉多危嶮而不辭勞倦。	雖涉多危嶮而不辭勞倦。	Although one encounters many dangers and difficulties, one does not regard it as hardship.
['T27n1545_023:0119a19_15']	然未為後有起善惡業。	然未為後有起善惡業。	However, one has not yet created good or evil karma for future existence.
['T27n1545_023:0119a20_1']	是取位。	是取位。	This is the stage of grasping.
['T27n1545_023:0119a20_5']	云何有。	云何有。	What is becoming?
['T27n1545_023:0119a20_18']	謂追求時亦為後有起善惡業。	謂追求時亦為後有起善惡業。	It means that while pursuing, one also creates good and evil karma for future existence.
['T27n1545_023:0119a21_3']	是有位。	是有位。	This is the stage of becoming.
['T27n1545_023:0119a21_7']	云何生。	云何生。	What is birth?
['T27n1545_023:0119a21_14']	謂即現在識位。	謂即現在識位。	It means the present stage of consciousness.
['T27n1545_023:0119a22_3']	在未來時名生位。	在未來時名生位。	In the future, it is called the stage of birth.
['T27n1545_023:0119a22_8']	云何老死。	云何老死。	What is old age and death?
['T27n1545_023:0119a23_1']	謂即現在名色六處觸受位。	謂即現在名色六處觸受位。	It means the present stages of name-and-form, six sense bases, contact, and feeling.
['T27n1545_023:0119a23_10']	在未來時名老死位。	在未來時名老死位。	In the future, it is called the stage of old age and death.
['T27n1545_023:0119a23_15']	復次有說。	復次有說。	Furthermore, some say:
['T27n1545_023:0119a24_2']	無明有二種。	無明有二種。	Ignorance is of two kinds:
['T27n1545_023:0119a24_10']	一雜事二不雜事。	一雜事二不雜事。	1. mixed with other things, 2. not mixed with other things.
['T27n1545_023:0119a24_15']	復有二種。	復有二種。	There are also two kinds.
['T27n1545_023:0119a25_4']	一顯事二不顯事。	一顯事二不顯事。	One is manifest activity, the other is non-manifest activity.
['T27n1545_023:0119a25_13']	無明緣行亦有二種。	無明緣行亦有二種。	Ignorance as a condition for volitional activity also has two kinds.
['T27n1545_023:0119a26_2']	一思業二思已業。	一思業二思已業。	One is intentional activity, the other is activity after intention.
['T27n1545_023:0119a26_10']	行緣識亦有二種。	行緣識亦有二種。	Volitional activity as a condition for consciousness also has two kinds.
['T27n1545_023:0119a26_15']	一與悔俱。	一與悔俱。	One is accompanied by remorse,
['T27n1545_023:0119a27_2']	二不與悔俱。	二不與悔俱。	the other is not accompanied by remorse.
['T27n1545_023:0119a27_11']	識緣名色亦有二種。	識緣名色亦有二種。	Consciousness as a condition for name-and-form also has two kinds.
['T27n1545_023:0119a28_13']	一可愛趣攝二不愛趣攝名色緣六處亦有二種。	一可愛趣攝二不愛趣攝名色緣六處亦有二種。	One is included in the desirable destinies, the other is not included in the desirable destinies. Name-and-form as a condition for the six sense bases also has two kinds.
['T27n1545_023:0119a29_1']	一長養。	一長養。	One is nourishing,
['T27n1545_023:0119a29_5']	二異熟。	二異熟。	the other is karmic retribution.
['T27n1545_023:0119a29_14']	六處緣觸亦有二種。	六處緣觸亦有二種。	The six sense bases as a condition for contact also has two kinds.
['T27n1545_023:0119a29_19']	一有對觸。	一有對觸。	One is resistant contact,
['T27n1545_023:0119b01_4']	二增語觸。	二增語觸。	the other is verbal contact.
['T27n1545_023:0119b01_12']	觸緣受亦有二種。	觸緣受亦有二種。	Contact as a condition for feeling also has two kinds.
['T27n1545_023:0119b01_16']	一身受。	一身受。	One is bodily feeling,
['T27n1545_023:0119b02_1']	二心受。	二心受。	the other is mental feeling.
['T27n1545_023:0119b02_9']	受緣愛亦有二種。	受緣愛亦有二種。	Feeling as a condition for craving also has two kinds.
['T27n1545_023:0119b02_14', 'T27n1545_023:0119b02_19']	一婬欲愛。🔽二資具愛。	一婬欲愛。 二資具愛。	One is craving for sexual desire,🔽the other is craving for material goods.
['T27n1545_023:0119b03_7']	愛緣取亦有二種。	愛緣取亦有二種。	Craving as a condition for grasping also has two kinds.
['T27n1545_023:0119b03_12']	一見門轉。	一見門轉。	One arises from the gate of views,
['T27n1545_023:0119b03_17']	二愛門轉。	二愛門轉。	the other arises from the gate of craving.
['T27n1545_023:0119b04_6']	取緣有亦有二種。	取緣有亦有二種。	Grasping as a condition for becoming also has two kinds.
['T27n1545_023:0119b04_11']	一內門轉。	一內門轉。	One arises from the inner gate,
['T27n1545_023:0119b04_16']	二外門轉。	二外門轉。	Second, it turns externally.
['T27n1545_023:0119b05_5']	有緣生亦有二種。	有緣生亦有二種。	There are also two kinds of conditioned arising with conditions.
['T27n1545_023:0119b05_10']	一剎那生。	一剎那生。	First, momentary arising.
['T27n1545_023:0119b05_16']	二眾同分生。	二眾同分生。	Second, arising of the same class.
['T27n1545_023:0119b06_2']	生緣老死。	生緣老死。	Arising is a condition for old age and death.
['T27n1545_023:0119b06_7']	老有二種。	老有二種。	Old age is of two kinds.
['T27n1545_023:0119b06_13']	一眼所見老。	一眼所見老。	First, old age seen by the eye.
['T27n1545_023:0119b06_19']	二慧所見老。	二慧所見老。	Second, old age seen by wisdom.
['T27n1545_023:0119b07_4']	死有二種。	死有二種。	Death is of two kinds.
['T27n1545_023:0119b07_9']	一剎那死。	一剎那死。	First, momentary death.
['T27n1545_023:0119b07_15']	二眾同分死。	二眾同分死。	Second, death of the same class.
['T27n1545_023:0119b08_4']	如契經說。	如契經說。	As it is said in the sutra:
['T27n1545_023:0119b08_9']	佛告苾芻。	佛告苾芻。	The Buddha told the bhikṣus:
['T27n1545_023:0119b08_18']	我昔持草詣菩提樹。	我昔持草詣菩提樹。	In the past, I took some grass to the Bodhi tree.
['T27n1545_023:0119b09_8']	到已敷設結跏趺坐。	到已敷設結跏趺坐。	Having arrived, I spread it out and sat in full lotus position.
['T27n1545_023:0119b09_17']	順逆觀察十二緣起。	順逆觀察十二緣起。	I observed the twelve links of dependent arising in forward and reverse order.
['T27n1545_023:0119b10_5']	依此有故彼有。	依此有故彼有。	Because this exists, that exists.
['T27n1545_023:0119b10_11']	此生故彼生。	此生故彼生。	Because this arises, that arises.
['T27n1545_023:0119b11_5']	謂無明緣行乃至生緣老死。	謂無明緣行乃至生緣老死。	Namely, ignorance conditions formations, up to birth conditions old age and death.
['T27n1545_023:0119b11_14']	老死緣愁悲苦憂惱。	老死緣愁悲苦憂惱。	Old age and death condition sorrow, lamentation, pain, grief, and despair.
['T27n1545_023:0119b12_10']	問云何菩薩順逆觀察十二緣起耶。	問云何菩薩順逆觀察十二緣起耶。	Question: How do bodhisattvas observe the twelve links of dependent arising in forward and reverse order?
['T27n1545_023:0119b13_13']	答若以因推果名順觀察若以果推因名逆觀察。	答若以因推果名順觀察若以果推因名逆觀察。	Answer: If one traces effects back to their causes, it is called observing in forward order. If one traces causes forward to their effects, it is called observing in reverse order.
['T27n1545_023:0119b14_8']	復次若從細入麁名順觀察。	復次若從細入麁名順觀察。	Furthermore, if one enters from the subtle to the coarse, it is called progressive observation.
['T27n1545_023:0119b15_1']	若從麁入細名逆觀察。	若從麁入細名逆觀察。	If one enters from the coarse to the subtle, it is called regressive observation.
['T27n1545_023:0119b15_12', 'T27n1545_023:0119b15_18']	如麁細如是可見不可見。🔽現見非現見。	如麁細如是可見不可見。 現見非現見。	Just as there is the subtle and the coarse, there is the visible and the invisible.🔽The directly perceived and the not directly perceived.
['T27n1545_023:0119b16_5']	顯了非顯了。	顯了非顯了。	The manifest and the unmanifest.
['T27n1545_023:0119b16_10']	應知亦爾。	應知亦爾。	One should understand it in the same way.
['T27n1545_023:0119b17_4']	復次若因近觀遠名順觀察。	復次若因近觀遠名順觀察。	Furthermore, if one observes the distant based on the near, it is called progressive observation.
['T27n1545_023:0119b17_14']	若因遠觀近名逆觀察。	若因遠觀近名逆觀察。	If one observes the near based on the distant, it is called regressive observation.
['T27n1545_023:0119b18_6']	如近遠如是在此在彼。	如近遠如是在此在彼。	Just as there is the near and the distant, there is here and there.
['T27n1545_023:0119b18_12', 'T27n1545_023:0119b18_17']	現前不現前。🔽此眾同分。	現前不現前。 此眾同分。	The present and the not present.🔽This class of sentient beings.
['T27n1545_023:0119b19_4']	彼眾同分。	彼眾同分。	That class of sentient beings.
['T27n1545_023:0119b19_9']	應知亦爾。	應知亦爾。	One should understand it in the same way.
['T27n1545_023:0119b20_1']	問此經中說無明緣行。	問此經中說無明緣行。	Question: This sutra says that ignorance is a condition for karmic formations.
['T27n1545_023:0119b20_11']	何故不說無明因行耶。	何故不說無明因行耶。	Why does it not say that ignorance is a cause for karmic formations?
['T27n1545_023:0119b21_3']	答餘經亦說無明因行。	答餘經亦說無明因行。	Answer: Other sutras also say that ignorance is a cause for karmic formations.
['T27n1545_023:0119b21_12']	如大因緣法門經說。	如大因緣法門經說。	As the Sutra of the Dharma Gate of Great Causes and Conditions says:
['T27n1545_023:0119b21_17']	佛告阿難。	佛告阿難。	The Buddha said to Ānanda:
['T27n1545_023:0119b22_5']	老死有如是因。	老死有如是因。	Old age and death have such a cause.
['T27n1545_023:0119b22_10']	有如是緣。	有如是緣。	They have such conditions.
['T27n1545_023:0119b22_15']	有如是緒。	有如是緒。	They have such a source.
['T27n1545_023:0119b23_7']	謂生如說生為老死因。	謂生如說生為老死因。	Namely, birth. It is said that birth is the cause of old age and death.
['T27n1545_023:0119b23_16']	乃至說無明為行因。	乃至說無明為行因。	Up to explaining ignorance as the cause of karmic formations.
['T27n1545_023:0119b24_8']	問一經雖說無明因行。	問一經雖說無明因行。	Question: Although a single sutra may explain ignorance as the cause of karmic formations,
['T27n1545_023:0119b24_17']	而多經說無明緣行。	而多經說無明緣行。	many sutras explain ignorance as a condition for karmic formations.
['T27n1545_023:0119b25_4']	有何意耶。	有何意耶。	What is the meaning of this?
['T27n1545_023:0119b26_1']	答若說無明因行則但說染污行。	答若說無明因行則但說染污行。	Answer: If ignorance is explained as the cause of karmic formations, then it only explains defiled karmic formations.
['T27n1545_023:0119b26_17']	若說無明緣行則通說染污不染污行。	若說無明緣行則通說染污不染污行。	If ignorance is explained as a condition for karmic formations, then it comprehensively explains defiled and undefiled karmic formations.
['T27n1545_023:0119b27_13']	復次若說無明因行則但說罪行。	復次若說無明因行則但說罪行。	Furthermore, if ignorance is explained as the cause of karmic formations, then it only explains karmic formations that are sinful.
['T27n1545_023:0119b28_11']	若說無明緣行則通說罪福不動行。	若說無明緣行則通說罪福不動行。	If ignorance is explained as a condition for karmic formations, then it comprehensively explains karmic formations that are sinful, meritorious, and immovable.
['T27n1545_023:0119b29_7']	復次若說無明因行則但說因緣。	復次若說無明因行則但說因緣。	Furthermore, if ignorance is explained as the cause of karmic formations, then it only explains the causal condition.
['T27n1545_023:0119c01_2']	若說無明緣行則通說四緣。	若說無明緣行則通說四緣。	If ignorance is explained as a condition for karmic formations, then it comprehensively explains the four conditions.
['T27n1545_023:0119c01_11']	故多經說無明緣行。	故多經說無明緣行。	Therefore, many sutras explain ignorance as a condition for karmic formations.
['T27n1545_023:0119c02_9']	問何故但說無明緣行而不說行緣無明。	問何故但說無明緣行而不說行緣無明。	Question: Why is it only explained that ignorance is a condition for karmic formations, and not that karmic formations are a condition for ignorance?
['T27n1545_023:0119c03_5']	答亦應說行緣無明而不說者。	答亦應說行緣無明而不說者。	Answer: Karmic formations should also be explained as a condition for ignorance, but it is not explained.
['T27n1545_023:0119c03_12']	當知是有餘說。	當知是有餘說。	One should know that this is an incomplete explanation.
['T27n1545_023:0119c04_9']	復次無明緣行勢力隨順親近強勝。	復次無明緣行勢力隨順親近強勝。	Furthermore, the power, conformity, and intimacy of ignorance as a condition for karmic formations is strong and superior.
['T27n1545_023:0119c05_1']	行緣無明則不如是。	行緣無明則不如是。	The condition of action on ignorance is not like this.
['T27n1545_023:0119c05_12']	復次無明緣行其義決定。	復次無明緣行其義決定。	Furthermore, the meaning of ignorance as a condition for action is definite.
['T27n1545_023:0119c06_3']	行緣無明則不如是。	行緣無明則不如是。	The condition of action on ignorance is not like this.
['T27n1545_023:0119c06_16']	以阿羅漢有漏業不生無明故。	以阿羅漢有漏業不生無明故。	Because the contaminated actions of arhats do not give rise to ignorance.
['T27n1545_023:0119c07_9']	復次行緣無明由無明力。	復次行緣無明由無明力。	Furthermore, the condition of action on ignorance is due to the power of ignorance.
['T27n1545_023:0119c07_14']	如契經說。	如契經說。	As a sutra says:
['T27n1545_023:0119c08_9']	非理作意由癡生故能引無明。	非理作意由癡生故能引無明。	Improper thought arises from delusion and is able to induce ignorance.
['T27n1545_023:0119c09_1']	是故但說無明緣行。	是故但說無明緣行。	Therefore, it is only said that ignorance conditions action.
['T27n1545_023:0119c09_12']	復次行於無明但有緣義。	復次行於無明但有緣義。	Furthermore, action only has the meaning of condition in relation to ignorance.
['T27n1545_023:0119c10_3']	無明於行有因有緣。	無明於行有因有緣。	Ignorance has both cause and condition in relation to action.
['T27n1545_023:0119c10_12']	是故但說無明緣行。	是故但說無明緣行。	Therefore, it is only said that ignorance conditions action.
['T27n1545_023:0119c11_1']	復次此經中說。	復次此經中說。	Furthermore, this sutra says:
['T27n1545_023:0119c11_14']	時分緣起前位諸蘊說名無明。	時分緣起前位諸蘊說名無明。	The aggregates in the previous stage of temporal conditioned arising are called ignorance.
['T27n1545_023:0119c12_4']	後位諸蘊說名為行。	後位諸蘊說名為行。	The aggregates in the later stage are called action.
['T27n1545_023:0119c12_13']	前因後果展轉相引。	前因後果展轉相引。	The previous cause and the later effect mutually induce each other.
['T27n1545_023:0119c13_4']	是故不說行緣無明。	是故不說行緣無明。	Therefore, it is not said that action conditions ignorance.
['T27n1545_023:0119c13_14']	問無明為緣通生十二。	問無明為緣通生十二。	Question: Does ignorance as a condition universally give rise to the twelve [links]?
['T27n1545_023:0119c14_5']	何故但說無明緣行。	何故但說無明緣行。	Why is it only said that ignorance conditions action?
['T27n1545_023:0119c14_15']	答亦應說餘而不說者。	答亦應說餘而不說者。	The answer is that although it should also be said that the other [links] are conditions, it does not say so.
['T27n1545_023:0119c15_6']	當知此是有餘之說。	當知此是有餘之說。	One should know that this is a teaching with remainder.
['T27n1545_023:0119c15_17']	復次無明緣行勢用隨順。	復次無明緣行勢用隨順。	Furthermore, the power and function of ignorance as a condition for formations accords with [the order of the links].
['T27n1545_023:0119c16_13']	餘則不爾復次無明緣行勢用強勝。	餘則不爾復次無明緣行勢用強勝。	The other [links] are not like this. Furthermore, the power and function of ignorance as a condition for formations is strong and superior.
['T27n1545_023:0119c17_1']	餘則不爾。	餘則不爾。	The other [links] are not like this.
['T27n1545_023:0119c17_12']	復次無明於行能作近緣。	復次無明於行能作近緣。	Furthermore, ignorance is able to act as a proximate condition for formations.
['T27n1545_023:0119c17_17']	是故偏說。	是故偏說。	Therefore, it is said in a biased way.
['T27n1545_023:0119c18_7']	於識等十但作遠緣。	於識等十但作遠緣。	As for consciousness and the other ten [links], it only acts as a distant condition.
['T27n1545_023:0119c18_12']	是故不說。	是故不說。	Therefore, it is not said.
['T27n1545_023:0119c19_2']	如近遠在此在彼。	如近遠在此在彼。	Just as near and far are here and there,
['T27n1545_023:0119c19_8']	現前不現前。	現前不現前。	present and not present.
['T27n1545_023:0119c20_1']	此眾同分餘眾同分亦爾。	此眾同分餘眾同分亦爾。	This commonality and the other commonalities are also like this.
['T27n1545_023:0119c20_12']	復次無明與行作不共緣。	復次無明與行作不共緣。	Furthermore, ignorance acts as a unique condition for formations.
['T27n1545_023:0119c20_17']	是故偏說。	是故偏說。	Therefore, it is said in a biased way.
['T27n1545_023:0119c21_7']	與識等十但作共緣。	與識等十但作共緣。	As for consciousness and the other ten [links], it only acts as a common condition.
['T27n1545_023:0119c21_12']	是故不說。	是故不說。	Therefore, it is not said.
['T27n1545_023:0119c22_1']	復次此經中說。	復次此經中說。	Furthermore, in this sūtra,
['T27n1545_023:0119c22_14', 'T27n1545_023:0119c23_8']	時分緣起前後次第展轉相生。🔽若說無明緣無明便無前後。	時分緣起前後次第展轉相生。 若說無明緣無明便無前後。	the temporal conditioned arising is said to be a sequential and mutual generation.🔽If ignorance is said to be a condition for ignorance, then there is no sequence.
['T27n1545_023:0119c24_3']	若說無明緣識等便非次第。	若說無明緣識等便非次第。	If ignorance is said to be a condition for consciousness and the other ten [links], then it is not sequential.
['T27n1545_023:0119c24_12']	是故但說無明緣行。	是故但說無明緣行。	Therefore, it is said that only ignorance conditions formations.
['T27n1545_023:0119c25_3']	問此經中說行緣識。	問此經中說行緣識。	Question: This sutra says that formations condition consciousness.
['T27n1545_023:0119c25_12']	有餘處說名色緣識。	有餘處說名色緣識。	Elsewhere it says that name-and-form conditions consciousness.
['T27n1545_023:0119c26_3']	餘處復說二緣生識。	餘處復說二緣生識。	Elsewhere it also says that two conditions give rise to consciousness.
['T27n1545_023:0119c26_12']	如是三種有何差別。	如是三種有何差別。	What is the difference between these three?
['T27n1545_023:0119c27_3']	答行緣識說業差別。	答行緣識說業差別。	Answer: Formations condition consciousness refers to the difference in karma.
['T27n1545_023:0119c27_13']	名色緣識說識住差別。	名色緣識說識住差別。	Name-and-form conditions consciousness refers to the difference in the abode of consciousness.
['T27n1545_023:0119c28_7']	二緣生識說所依所緣差別。	二緣生識說所依所緣差別。	Two conditions give rise to consciousness refers to the difference in the support and the object.
['T27n1545_023:0119c28_17']	復次行緣識說初引時。	復次行緣識說初引時。	Furthermore, formations condition consciousness refers to the time of initial attraction.
['T27n1545_023:0119c29_10']	名色緣識說引已守護時。	名色緣識說引已守護時。	Name-and-form conditions consciousness refers to the time of guarding after attraction.
['T27n1545_023:0120a01_5']	二緣生識說守護已增長時。	二緣生識說守護已增長時。	Two conditions give rise to consciousness refers to the time of growth after guarding.
['T27n1545_023:0120a01_15']	復次行緣識說續生時。	復次行緣識說續生時。	Furthermore, formations condition consciousness refers to the time of rebirth.
['T27n1545_023:0120a02_8']	名色緣識說續生已安住時。	名色緣識說續生已安住時。	Name-and-form conditions consciousness refers to the time of abiding after rebirth.
['T27n1545_023:0120a03_4']	二緣生識說安住已領納境時。	二緣生識說安住已領納境時。	Two conditions give rise to consciousness refers to the time of receiving objects after abiding.
['T27n1545_023:0120a03_14']	復次行緣識說業名色。	復次行緣識說業名色。	Furthermore, formations condition consciousness refers to the name-and-form of karma.
['T27n1545_023:0120a04_6']	名色緣識說異熟名色。	名色緣識說異熟名色。	Name-and-form conditions consciousness refers to the name-and-form of retribution.
['T27n1545_023:0120a05_1']	二緣生識說所依所緣名色。	二緣生識說所依所緣名色。	Two conditions give rise to consciousness refers to the name-and-form of support and object.
['T27n1545_023:0120a05_11']	復次行緣識說惡趣識。	復次行緣識說惡趣識。	Furthermore, the consciousness conditioned by karmic formations refers to the consciousness of evil destinies.
['T27n1545_023:0120a06_4']	名色緣識說欲界人天識。	名色緣識說欲界人天識。	Name-and-form conditioned consciousness refers to the consciousness of the desire realm, humans, and gods.
['T27n1545_023:0120a06_15']	二緣生識說色無色界識。	二緣生識說色無色界識。	The consciousness produced by the two conditions refers to the consciousness of the form and formless realms.
['T27n1545_023:0120a07_1']	脇尊者言。	脇尊者言。	Venerable Pārśva says:
['T27n1545_023:0120a07_9']	行緣識說中有識。	行緣識說中有識。	The consciousness conditioned by karmic formations refers to the consciousness of the intermediate state.
['T27n1545_023:0120a07_18']	名色緣識說生有識。	名色緣識說生有識。	Name-and-form conditioned consciousness refers to the consciousness of the birth state.
['T27n1545_023:0120a08_8']	二緣生識說本有識。	二緣生識說本有識。	The consciousness produced by the two conditions refers to the consciousness of the prior state.
['T27n1545_023:0120a08_13']	有餘師說。	有餘師說。	Other masters say:
['T27n1545_023:0120a10_2']	行緣識說染污識名色緣識及二緣生識說染污不染污識。	行緣識說染污識名色緣識及二緣生識說染污不染污識。	The consciousness conditioned by karmic formations refers to defiled consciousness. Name-and-form conditioned consciousness and the consciousness produced by the two conditions refer to defiled and undefiled consciousness.
['T27n1545_023:0120a10_9']	如染污不染污。	如染污不染污。	Just as defiled and undefiled,
['T27n1545_023:0120a10_14']	有覆無覆。	有覆無覆。	covered and uncovered,
['T27n1545_023:0120a10_19']	有罪無罪。	有罪無罪。	with and without offense,
['T27n1545_023:0120a11_3']	退不退。	退不退。	retreating and non-retreating,
['T27n1545_023:0120a11_8']	應知亦爾。	應知亦爾。	should be understood in the same way.
['T27n1545_023:0120a11_13']	復有說者。	復有說者。	There are also those who say:
['T27n1545_023:0120a12_3']	行緣識說識支位識。	行緣識說識支位識。	The consciousness conditioned by karmic formations refers to the consciousness of the stage of consciousness.
['T27n1545_023:0120a13_8']	名色緣識說名色支位識二緣生識說六處支及後位識。	名色緣識說名色支位識二緣生識說六處支及後位識。	Name-and-form conditioned consciousness refers to the consciousness of the stage of name-and-form. The consciousness produced by the two conditions refers to the consciousness of the six sense bases and subsequent stages.
['T27n1545_023:0120a13_14']	問此經中說。	問此經中說。	It is said in this sutra:
['T27n1545_023:0120a14_1']	識緣名色。	識緣名色。	Consciousness conditions name-and-form.
['T27n1545_023:0120a14_16']	餘處復說名色緣識此二種何差別。	餘處復說名色緣識此二種何差別。	Elsewhere it is said that name-and-form conditions consciousness. What is the difference between these two?
['T27n1545_023:0120a15_8']	答識緣名色顯識作用。	答識緣名色顯識作用。	The answer is: Consciousness as a condition for name-and-form shows the function of consciousness.
['T27n1545_023:0120a16_1']	名色緣識顯名色作用。	名色緣識顯名色作用。	Name-and-form as a condition for consciousness shows the function of name-and-form.
['T27n1545_023:0120a17_3']	復次識與名色更互為緣如二束蘆相依而住。	復次識與名色更互為緣如二束蘆相依而住。	Furthermore, consciousness and name-and-form are mutually conditioning, like two bundles of reeds supporting each other and remaining standing.
['T27n1545_023:0120a18_2']	如象馬船與乘御者展轉相依得有所至。	如象馬船與乘御者展轉相依得有所至。	Just as an elephant, a horse, a boat, and the rider, driver, and helmsman mutually depend on each other and can proceed,
['T27n1545_023:0120a18_11']	識與名色亦復如是。	識與名色亦復如是。	so it is with consciousness and name-and-form.
['T27n1545_023:0120a19_10']	識為緣故名色續生名色為緣識得安住。	識為緣故名色續生名色為緣識得安住。	Because of consciousness as a condition, name-and-form continues to arise. Because of name-and-form as a condition, consciousness can abide.
['T27n1545_023:0120a20_13']	故說此二更互為緣復次識緣名色說初續生時。	故說此二更互為緣復次識緣名色說初續生時。	Therefore, it is said that these two are mutually conditioning. Furthermore, consciousness as a condition for name-and-form refers to the initial stage of continuation at birth.
['T27n1545_023:0120a21_6']	名色緣識說續生後位。	名色緣識說續生後位。	Name-and-form as a condition for consciousness refers to the stage after continuation at birth.
['T27n1545_023:0120a22_5']	復次識緣名色說續生時識能生名色。	復次識緣名色說續生時識能生名色。	Furthermore, consciousness as a condition for name-and-form refers to consciousness generating name-and-form at the time of continuation at birth.
['T27n1545_023:0120a23_2']	名色緣識說續生後識依名色住。	名色緣識說續生後識依名色住。	Name-and-form as a condition for consciousness refers to consciousness abiding in name-and-form after continuation at birth.
['T27n1545_023:0120a23_14']	復次識緣名色說所生名色。	復次識緣名色說所生名色。	Furthermore, consciousness as a condition for name-and-form refers to the name-and-form that is generated.
['T27n1545_023:0120a24_6']	名色緣識說能生名色。	名色緣識說能生名色。	Name-and-form as a condition for consciousness refers to the name-and-form that is able to generate.
['T27n1545_023:0120a24_17']	復次識緣名色依前後說。	復次識緣名色依前後說。	Moreover, the condition of consciousness as a condition for name-and-form is explained in terms of the prior and subsequent [moments],
['T27n1545_023:0120a25_8']	名色緣識依同時說。	名色緣識依同時說。	while the condition of name-and-form as a condition for consciousness is explained in terms of the simultaneous [moments].
['T27n1545_023:0120a26_10']	問此經中說名色緣六處應不遍說四生有情。	問此經中說名色緣六處應不遍說四生有情。	Question: In this sūtra, it is said that name-and-form is a condition for the six sense bases. Should it not be said that it applies to all sentient beings born in the four modes of birth?
['T27n1545_023:0120a27_10']	謂胎卵濕生諸根漸起可說名色緣六處。	謂胎卵濕生諸根漸起可說名色緣六處。	That is to say, for those born from wombs, eggs, or moisture, the faculties gradually arise, so it can be said that name-and-form is a condition for the six sense bases.
['T27n1545_023:0120a28_2']	化生有情諸根頓起。	化生有情諸根頓起。	For those born supernaturally, the faculties arise suddenly.
['T27n1545_023:0120a28_12']	云何可說名色緣六處。	云何可說名色緣六處。	How can it be said that name-and-form is a condition for the six sense bases?
['T27n1545_023:0120a29_4']	但應說識緣生六處。	但應說識緣生六處。	It should only be said that consciousness is a condition for the arising of the six sense bases.
['T27n1545_023:0120a29_9']	有作是說。	有作是說。	There is an explanation:
['T27n1545_023:0120b01_1']	此經但說欲界三生。	此經但說欲界三生。	This sūtra only discusses the three modes of birth in the desire realm.
['T27n1545_023:0120b01_8']	不說上界化生。	不說上界化生。	It does not discuss the supernatural birth in the upper realms.
['T27n1545_023:0120b01_13']	亦無有失。	亦無有失。	There is also no error.
['T27n1545_023:0120b02_1']	應作是說。	應作是說。	It should be said:
['T27n1545_023:0120b02_10']	此經通說三界四生。	此經通說三界四生。	This sūtra discusses the four modes of birth in the three realms.
['T27n1545_023:0120b03_1']	謂化生者初受生時。	謂化生者初受生時。	That is to say, for those born supernaturally, when they first take birth,
['T27n1545_023:0120b03_10']	雖具諸根而未猛利。	雖具諸根而未猛利。	although they have all the faculties, they are not yet sharp.
['T27n1545_023:0120b04_2']	後漸增長方得猛利。	後漸增長方得猛利。	Later, as they grow, they become sharp.
['T27n1545_023:0120b04_14']	未猛利時初剎那頃名識支。	未猛利時初剎那頃名識支。	When they are not yet sharp, the first moment is called the link of consciousness.
['T27n1545_023:0120b05_8']	第二剎那以後名名色支。	第二剎那以後名名色支。	The second moment and after is called the link of name-and-form.
['T27n1545_023:0120b05_17']	至猛利位名六處支。	至猛利位名六處支。	When it reaches the most intense and sharp stage, it is called the six sense bases.
['T27n1545_023:0120b06_8']	是故此經無不遍失。	是故此經無不遍失。	Therefore, this sutra does not have the fault of being incomplete.
['T27n1545_023:0120b07_1']	問六處即在名色中攝。	問六處即在名色中攝。	Question: The six sense bases are already included in name-and-form.
['T27n1545_023:0120b07_11']	何故說名色緣六處耶。	何故說名色緣六處耶。	Why does it say name-and-form is a condition for the six sense bases?
['T27n1545_023:0120b07_17']	答此前已說。	答此前已說。	Answer: This has been explained before.
['T27n1545_023:0120b08_12']	未起眼等四色根時名名色位。	未起眼等四色根時名名色位。	When the four material sense faculties such as the eyes have not yet arisen, it is called the stage of name-and-form.
['T27n1545_023:0120b09_8']	四根起已具六處故名六處位。	四根起已具六處故名六處位。	After the four faculties have arisen and the six sense bases are complete, it is called the stage of the six sense bases.
['T27n1545_023:0120b09_17']	化生雖復六根頓起。	化生雖復六根頓起。	Although those born through transformation suddenly give rise to the six faculties,
['T27n1545_023:0120b10_8']	而未猛利名名色位。	而未猛利名名色位。	they are not yet intense and sharp, so it is called the stage of name-and-form.
['T27n1545_023:0120b10_17']	猛利以後名六處位。	猛利以後名六處位。	After they become intense and sharp, it is called the stage of the six sense bases.
['T27n1545_023:0120b11_4']	故無有失。	故無有失。	Therefore, there is no fault.
['T27n1545_023:0120b11_14']	問此經中說六處緣觸。	問此經中說六處緣觸。	Question: This sutra says the six sense bases are a condition for contact.
['T27n1545_023:0120b12_2']	有餘處說。	有餘處說。	In other places,
['T27n1545_023:0120b12_7']	名色緣觸。	名色緣觸。	it says name-and-form is a condition for contact.
['T27n1545_023:0120b12_16']	餘處復說二緣生觸。	餘處復說二緣生觸。	In other places, it says the two are a condition for the arising of contact.
['T27n1545_023:0120b13_7']	如是三種有何差別。	如是三種有何差別。	What is the difference between these three?
['T27n1545_023:0120b13_17']	答六處緣觸顯觸所依。	答六處緣觸顯觸所依。	Answer: The six sense bases being a condition for contact shows the basis of contact.
['T27n1545_023:0120b14_12']	謂顯一切外物和合必因於內。	謂顯一切外物和合必因於內。	It shows that all external things and combinations must have an internal basis.
['T27n1545_023:0120b15_7']	內法勝故但說所依故此經說。	內法勝故但說所依故此經說。	Because internal dharmas are superior, it only speaks of the basis. Therefore, this sutra says,
['T27n1545_023:0120b15_16']	六處緣觸名色緣觸。	六處緣觸名色緣觸。	The six sense bases as a condition for contact and name-and-form as a condition for contact.
['T27n1545_023:0120b16_7']	顯觸自性二緣生觸。	顯觸自性二緣生觸。	This shows the intrinsic nature of contact and that contact arises from two conditions.
['T27n1545_023:0120b17_9']	顯觸所依及所緣別復次六處緣觸說惡趣觸。	顯觸所依及所緣別復次六處緣觸說惡趣觸。	This shows the difference in the basis and object of contact. Furthermore, the six sense bases as a condition for contact refers to contact in the evil destinies.
['T27n1545_023:0120b18_3']	名色緣觸說欲界人天觸。	名色緣觸說欲界人天觸。	Name-and-form as a condition for contact refers to contact in the desire realm, among humans and gods.
['T27n1545_023:0120b18_14']	二緣生觸說色無色界觸。	二緣生觸說色無色界觸。	Contact arising from two conditions refers to contact in the form and formless realms.
['T27n1545_023:0120b19_6']	復次六處緣觸說分位觸。	復次六處緣觸說分位觸。	Furthermore, the six sense bases as a condition for contact refers to contact in the state of contact.
['T27n1545_023:0120b19_15']	名色緣觸說現在觸。	名色緣觸說現在觸。	Name-and-form as a condition for contact refers to present contact.
['T27n1545_023:0120b20_6']	二緣生觸說三和觸。	二緣生觸說三和觸。	Contact arising from two conditions refers to contact in the state of the union of the three.
['T27n1545_023:0120b20_17']	復次六處緣觸說觸位觸。	復次六處緣觸說觸位觸。	Furthermore, the six sense bases as a condition for contact refers to contact in the state of contact.
['T27n1545_023:0120b21_8']	名色緣觸說前位觸。	名色緣觸說前位觸。	Name-and-form as a condition for contact refers to contact in the prior state.
['T27n1545_023:0120b21_17']	二緣生觸說後位觸。	二緣生觸說後位觸。	Contact arising from two conditions refers to contact in the subsequent state.
['T27n1545_023:0120b22_5']	問觸受俱起。	問觸受俱起。	Question: Contact and feeling arise together.
['T27n1545_023:0120b22_15']	何故此經但說觸緣受。	何故此經但說觸緣受。	Why does this sūtra only say that contact is a condition for feeling,
['T27n1545_023:0120b23_4']	不說受緣觸耶。	不說受緣觸耶。	and not that feeling is a condition for contact?
['T27n1545_023:0120b24_5']	答二雖俱起而觸緣受非受緣觸隨順勝故。	答二雖俱起而觸緣受非受緣觸隨順勝故。	Answer: Although the two arise together, contact is a condition for feeling, but feeling is not a condition for contact, because it is superior in accordance with.
['T27n1545_023:0120b25_1']	謂觸於受隨順力勝非受於觸。	謂觸於受隨順力勝非受於觸。	That is to say, contact is superior in power in accordance with feeling, but feeling is not so with contact.
['T27n1545_023:0120b26_2']	如燈與明雖復俱起而明因燈非燈因明。	如燈與明雖復俱起而明因燈非燈因明。	Although the lamp and light arise together, the light is caused by the lamp, not the lamp by the light.
['T27n1545_023:0120b26_7']	此亦如是。	此亦如是。	This is also like that.
['T27n1545_023:0120b26_18']	復次此經中說分位緣起。	復次此經中說分位緣起。	Furthermore, this sutra speaks of conditioned arising in terms of states.
['T27n1545_023:0120b27_8']	前位名觸後位名受。	前位名觸後位名受。	The previous state is called contact, the later state is called feeling.
['T27n1545_023:0120b27_13', 'T27n1545_023:0120b28_5']	故不應責。🔽問何故前位諸蘊名觸。	故不應責。 問何故前位諸蘊名觸。	Therefore, one should not question it.
['T27n1545_023:0120b28_13']	後位諸蘊名受耶。	後位諸蘊名受耶。	Why are the aggregates in the previous state called contact and the aggregates in the later state called feeling?
['T27n1545_023:0120b29_9']	答前位未能分別苦樂境界差別。	答前位未能分別苦樂境界差別。	Because in the previous state one is not yet able to distinguish the differences in pleasant and unpleasant objects,
['T27n1545_023:0120c01_1']	但樂觸對種種境界。	但樂觸對種種境界。	but only delights in contacting various objects.
['T27n1545_023:0120c01_6']	故說為觸。	故說為觸。	Therefore, it is called contact.
['T27n1545_023:0120c01_15']	後位能了苦樂境界。	後位能了苦樂境界。	In the later state, one is able to understand pleasant and unpleasant objects,
['T27n1545_023:0120c03_8']	避危就安故說為受復次前說觸受雖復俱起而觸於受隨順力勝故。	避危就安故說為受復次前說觸受雖復俱起而觸於受隨順力勝故。	and avoid danger and seek comfort, therefore it is called feeling. Furthermore, it was said earlier that although contact and feeling arise together, the power of contact in assisting feeling is superior,
['T27n1545_023:0120c03_13']	觸為受因。	觸為受因。	so contact is the cause of feeling,
['T27n1545_023:0120c04_1']	非受為觸因。	非受為觸因。	not feeling the cause of contact.
['T27n1545_023:0120c04_10']	因前果後其理必然。	因前果後其理必然。	The principle of cause preceding and effect succeeding is certain,
['T27n1545_023:0120c04_15']	不應為責。	不應為責。	and should not be questioned.
['T27n1545_023:0120c05_10']	問何故觸順受勝非受順觸勝耶。	問何故觸順受勝非受順觸勝耶。	Why is it that contact assists feeling but feeling does not assist contact?
['T27n1545_023:0120c06_11']	答要因觸境方受違順非受違順方乃觸境。	答要因觸境方受違順非受違順方乃觸境。	The answer is: it must be based on contact with an object to experience what is contrary or agreeable, not that one must contact an object in order to experience what is contrary or agreeable.
['T27n1545_023:0120c07_11']	故觸於受隨順為勝非受於觸隨順為勝。	故觸於受隨順為勝非受於觸隨順為勝。	Therefore, contact is superior in being conducive to feeling, while feeling is not superior in being conducive to contact.
['T27n1545_023:0120c08_3']	此依緣起理趣而說。	此依緣起理趣而說。	This is said based on the principle of dependent origination.
['T27n1545_023:0120c08_12']	不依相應俱有因說。	不依相應俱有因說。	It is not said based on the associated cause or co-existent cause.🔽Here is the corrected and aligned text:
['T27n1545_023:0120c09_100']	說一切有部發智大毘婆沙論卷第二十三	說一切有部發智大毘婆沙論卷第二十三	Sarvâstivāda Abhidharma-mahāvibhāṣā-śāstra, fascicle 23
