segmentnr	original	analyzed	translated
['T27n1545_110:0567b16_0']	阿毘達磨大毘婆沙論卷第一百	阿毘達磨大毘婆沙論卷第一百	Abhidharma-mahāvibhāṣā-śāstra, fascicle 100
['T27n1545_110:0567b17_0']	一十	一十	one hundred
['T27n1545_110:0567b19_0']	五百大阿羅漢等造	五百大阿羅漢等造	composed by five hundred great arhats and others
['T27n1545_110:0567b22_6']	三藏法師玄奘奉　詔譯2智蘊第三中七聖納息第五之二諸法集智相應。	三藏法師玄奘奉　詔譯2智蘊第三中七聖納息第五之二諸法集智相應。	tripiṭaka master Xuanzang respectfully received
['T27n1545_110:0567b22_14']	彼法滅智相應耶。	彼法滅智相應耶。	Are those dharmas associated with the knowledge of cessation?
['T27n1545_110:0567b22_18']	答不爾。	答不爾。	Answer: No.
['T27n1545_110:0567b23_5']	設法滅智相應。	設法滅智相應。	If a dharma is associated with the knowledge of cessation,
['T27n1545_110:0567b23_13']	彼法集智相應耶。	彼法集智相應耶。	is that dharma associated with the knowledge of accumulation?
['T27n1545_110:0567b23_17']	答不爾。	答不爾。	Answer: No.
['T27n1545_110:0567b24_10']	對道智空無相三摩地亦爾。	對道智空無相三摩地亦爾。	The same is true for the knowledge of the path, emptiness, and signless concentrations.
['T27n1545_110:0567b24_15']	所以者何。	所以者何。	Why is it so?
['T27n1545_110:0567b25_2']	非一心故。	非一心故。	Because it is not one mind.
['T27n1545_110:0567b25_7']	行相異故。	行相異故。	Because the aspects are different.
['T27n1545_110:0567b25_13']	或所緣異故。	或所緣異故。	Or because the objects are different.
['T27n1545_110:0567b26_1']	諸法集智相應。	諸法集智相應。	Dharmas that are associated with the knowledge of accumulation,
['T27n1545_110:0567b26_12']	彼法無願三摩地相應耶。	彼法無願三摩地相應耶。	are those dharmas associated with the concentration of wishlessness?
['T27n1545_110:0567b27_4']	答應作四句義不定故。	答應作四句義不定故。	Answer: Four sentences should be made because the meaning is indefinite.
['T27n1545_110:0567b27_14', 'T27n1545_110:0567b28_4']	有法集智相應非無願。🔽謂集智相應無願。	有法集智相應非無願。 謂集智相應無願。	There are dharmas that are associated with the knowledge of accumulation but not with wishlessness.🔽Namely, those associated with the knowledge of accumulation and wishlessness.
['T27n1545_110:0567b28_15']	即集智俱生無願三摩地。	即集智俱生無願三摩地。	That is, the concentration of wishlessness that arises together with the knowledge of accumulation.
['T27n1545_110:0567b29_6']	此與集智相應非無願。	此與集智相應非無願。	This is associated with the knowledge of accumulation but not with wishlessness.
['T27n1545_110:0567b29_16']	自性與自性不相應故。	自性與自性不相應故。	Because the essence does not correspond to the essence itself.
['T27n1545_110:0567c01_8']	有法無願相應非集智。	有法無願相應非集智。	There are dharmas associated with non-contention that are not associated with the cognition of accumulation.
['T27n1545_110:0567c02_5']	謂集智及集智不相應無願相應法。	謂集智及集智不相應無願相應法。	Namely, the cognition of accumulation and dharmas associated with non-contention that are not associated with the cognition of accumulation.
['T27n1545_110:0567c02_11']	此中集智者。	此中集智者。	Here, the cognition of accumulation refers to
['T27n1545_110:0567c02_19']	謂無願俱生集智。	謂無願俱生集智。	the cognition of accumulation that arises together with non-contention.
['T27n1545_110:0567c03_9']	此與無願相應非集智。	此與無願相應非集智。	This is associated with non-contention but not with the cognition of accumulation.
['T27n1545_110:0567c04_2']	自性與自性不相應故。	自性與自性不相應故。	Because the intrinsic nature is not associated with the intrinsic nature.
['T27n1545_110:0567c04_15']	及集智不相應無願相應法者。	及集智不相應無願相應法者。	And dharmas associated with non-contention that are not associated with the cognition of accumulation refer to
['T27n1545_110:0567c06_1']	謂苦忍苦智集忍集智道忍道智俱生聚中無願相應法。	謂苦忍苦智集忍集智道忍道智俱生聚中無願相應法。	dharmas associated with non-contention in the aggregate that arises together with the receptivity to suffering, the cognition of suffering, the receptivity to accumulation, the cognition of accumulation, the receptivity to the path, and the cognition of the path.
['T27n1545_110:0567c06_15']	此與無願相應非集智是他聚故。	此與無願相應非集智是他聚故。	This is associated with non-contention but not with the cognition of accumulation because it belongs to another aggregate.
['T27n1545_110:0567c07_7']	有法集智相應亦無願。	有法集智相應亦無願。	There are dharmas associated with the cognition of accumulation and also with non-contention.
['T27n1545_110:0567c07_17']	謂二相應法此法是何。	謂二相應法此法是何。	What are these dharmas?
['T27n1545_110:0567c08_12']	謂集智俱生聚中除集智及無願。	謂集智俱生聚中除集智及無願。	Namely, in the aggregate that arises together with the cognition of accumulation, excluding the cognition of accumulation and non-contention,
['T27n1545_110:0567c09_1']	諸餘心心所法。	諸餘心心所法。	all other mental and mental factors.
['T27n1545_110:0567c09_7']	即八大地法。	即八大地法。	That is, the eight great fundamental mental factors,
['T27n1545_110:0567c09_17']	十大善地法尋伺及心。	十大善地法尋伺及心。	the ten great wholesome factors, initial and sustained thought, and the mind.
['T27n1545_110:0567c10_9']	有法非集智相應亦非無願。	有法非集智相應亦非無願。	There are dharmas not associated with the cognition of accumulation and also not with non-contention.
['T27n1545_110:0567c11_1']	謂集智不相應無願。	謂集智不相應無願。	That is to say, the wishless [concentration] not concomitant with the cognition of accumulation.
['T27n1545_110:0567c11_6']	乃至廣說。	乃至廣說。	And so on, in detail.
['T27n1545_110:0567c11_17']	此中集智不相應無願者。	此中集智不相應無願者。	Here, the wishless [concentration] not concomitant with the cognition of accumulation refers to
['T27n1545_110:0567c12_15']	謂苦忍苦智集忍道忍道智俱生聚中無願。	謂苦忍苦智集忍道忍道智俱生聚中無願。	the wishless [concentration] arising together with the receptivity to the knowledge of suffering, the knowledge of suffering, the receptivity to the knowledge of accumulation, the receptivity to the knowledge of the path, and the knowledge of the path.
['T27n1545_110:0567c13_8']	此非集智相應是他聚故。	此非集智相應是他聚故。	This is not concomitant with the cognition of accumulation because it belongs to another aggregate.
['T27n1545_110:0567c13_15']	亦非無願相應。	亦非無願相應。	It is also not concomitant with the wishless [concentration] itself.
['T27n1545_110:0567c14_7']	自性與自性不相應故。	自性與自性不相應故。	Because the intrinsic nature is not concomitant with the intrinsic nature.
['T27n1545_110:0567c14_16']	及諸餘心心所法者。	及諸餘心心所法者。	And the other minds and mental factors refer to
['T27n1545_110:0567c15_11']	謂空無相俱生聚中心心所法。	謂空無相俱生聚中心心所法。	the minds and mental factors arising together with emptiness and signlessness.
['T27n1545_110:0567c16_3']	及一切有漏心心所法。	及一切有漏心心所法。	And all the defiled minds and mental factors.
['T27n1545_110:0567c16_13']	此俱不相應是他聚故。	此俱不相應是他聚故。	These are not concomitant because they belong to other aggregates.
['T27n1545_110:0567c17_4']	色無為心不相應行者。	色無為心不相應行者。	The form, unconditioned, and non-associated compositional factors refer to
['T27n1545_110:0567c17_9']	謂一切色。	謂一切色。	all forms,
['T27n1545_110:0567c17_17']	無為心不相應行。	無為心不相應行。	the unconditioned, and the non-associated compositional factors.
['T27n1545_110:0567c18_7', 'T27n1545_110:0567c19_7']	此俱不相應無所緣故。🔽對三無漏根七覺支八道支如法智說者。	此俱不相應無所緣故。 對三無漏根七覺支八道支如法智說者。	These are not concomitant because they have no object.🔽As for the three pure faculties, seven factors of awakening, and eight factors of the path, they are explained like the cognition of the law.
['T27n1545_110:0567c20_1']	謂如法智對三無漏根等。	謂如法智對三無漏根等。	That is to say, as for the three pure faculties and so on, they are like the cognition of the law.
['T27n1545_110:0567c20_11']	此集智對三無漏根等。	此集智對三無漏根等。	This is also the case for the cognition of accumulation corresponding to the three pure faculties and so on.
['T27n1545_110:0567c20_16']	廣說亦爾。	廣說亦爾。	The extensive explanation is also like this.
['T27n1545_110:0567c21_6']	諸法滅智相應。	諸法滅智相應。	The dharmas that are associated with the cognition of cessation,
['T27n1545_110:0567c21_14']	彼法道智相應耶。	彼法道智相應耶。	are those dharmas also associated with the cognition of the path?
['T27n1545_110:0567c21_18']	答不爾。	答不爾。	The answer is: No.
['T27n1545_110:0567c22_5']	設法道智相應。	設法道智相應。	If the dharmas are associated with the cognition of the path,
['T27n1545_110:0567c22_13']	彼法滅智相應耶。	彼法滅智相應耶。	are those dharmas also associated with the cognition of cessation?
['T27n1545_110:0567c22_17']	答不爾。	答不爾。	The answer is: No.
['T27n1545_110:0567c23_8']	對空無願三摩地亦爾。	對空無願三摩地亦爾。	The same is the case for the three concentrations of emptiness and non-desire.
['T27n1545_110:0567c23_13']	所以者何。	所以者何。	Why is it so?
['T27n1545_110:0567c23_18']	非一心故。	非一心故。	Because they are not of one mind.
['T27n1545_110:0567c24_4']	行相異故。	行相異故。	Because the aspects are different.
['T27n1545_110:0567c24_9']	所緣異故。	所緣異故。	Because the objects are different.
['T27n1545_110:0567c24_16']	諸法滅智相應。	諸法滅智相應。	The dharmas that are associated with the cognition of cessation,
['T27n1545_110:0567c25_9']	彼法無相三摩地相應耶。	彼法無相三摩地相應耶。	are those dharmas also associated with the concentration of signlessness?
['T27n1545_110:0567c26_1']	答應作四句義不定故。	答應作四句義不定故。	The answer is: Four sentences should be made because the meaning is indefinite.
['T27n1545_110:0567c26_11', 'T27n1545_110:0567c27_1']	有法滅智相應非無相。🔽謂滅智相應無相。	有法滅智相應非無相。 謂滅智相應無相。	There are dharmas that are associated with the cognition of cessation but not with signlessness.🔽Namely, the signlessness associated with the cognition of cessation.
['T27n1545_110:0567c27_12']	即滅智俱生無相三摩地。	即滅智俱生無相三摩地。	That is, the concentration of signlessness that arises together with the cognition of cessation.
['T27n1545_110:0567c28_4']	此與滅智相應非無相。	此與滅智相應非無相。	This is associated with the cognition of cessation but not with signlessness.
['T27n1545_110:0567c28_14']	自性與自性不相應故。	自性與自性不相應故。	Because the intrinsic nature does not correspond to the intrinsic nature.
['T27n1545_110:0567c29_6']	有法無相相應非滅智。	有法無相相應非滅智。	There are dharmas that are associated with signlessness but not with the cognition of cessation.
['T27n1545_110:0568a01_3']	謂滅智及滅智不相應無相相應法。	謂滅智及滅智不相應無相相應法。	Namely, the knowledge of cessation and dharmas associated with the signless that are not associated with the knowledge of cessation.
['T27n1545_110:0568a01_9']	此中滅智者。	此中滅智者。	Here, the knowledge of cessation refers to
['T27n1545_110:0568a01_17']	謂無相俱生滅智。	謂無相俱生滅智。	the knowledge of cessation that arises simultaneously with the signless.
['T27n1545_110:0568a02_7']	此與無相相應非滅智。	此與無相相應非滅智。	This is associated with the signless, but not with the knowledge of cessation.
['T27n1545_110:0568a02_17']	自性與自性不相應故。	自性與自性不相應故。	Because the intrinsic nature is not associated with the intrinsic nature.
['T27n1545_110:0568a03_12']	及滅智不相應無相相應法者。	及滅智不相應無相相應法者。	And dharmas associated with the signless that are not associated with the knowledge of cessation refer to
['T27n1545_110:0568a04_5']	謂滅忍俱生無相相應法。	謂滅忍俱生無相相應法。	dharmas associated with the signless that arise simultaneously with the receptivity to the knowledge of cessation.
['T27n1545_110:0568a05_2']	此與無相相應非滅智是他聚故。	此與無相相應非滅智是他聚故。	This is associated with the signless, but not with the knowledge of cessation, because they belong to different aggregates.
['T27n1545_110:0568a05_12']	有法滅智相應亦無相。	有法滅智相應亦無相。	There are dharmas that are associated with the knowledge of cessation and also with the signless.
['T27n1545_110:0568a05_18']	謂二相應法。	謂二相應法。	Namely, dharmas associated with both.
['T27n1545_110:0568a06_3']	此法是何。	此法是何。	What are these dharmas?
['T27n1545_110:0568a06_11']	謂滅智俱生聚中。	謂滅智俱生聚中。	Namely, in the aggregate that arises simultaneously with the knowledge of cessation,
['T27n1545_110:0568a06_18']	除滅智及無相。	除滅智及無相。	excluding the knowledge of cessation and the signless,
['T27n1545_110:0568a07_5']	諸餘心心所法。	諸餘心心所法。	all other mental and mental factors.
['T27n1545_110:0568a07_11']	即八大地法。	即八大地法。	That is, the eight great fundamental mental factors,
['T27n1545_110:0568a08_2']	十大善地法尋伺及心。	十大善地法尋伺及心。	the ten great wholesome factors, initial and sustained thought, and the mind.
['T27n1545_110:0568a08_10']	有法非滅智相應。	有法非滅智相應。	There are dharmas that are not associated with the knowledge of cessation,
['T27n1545_110:0568a08_15']	亦非無相。	亦非無相。	and also not with the signless.
['T27n1545_110:0568a09_5']	謂滅智不相應無相。	謂滅智不相應無相。	Namely, the signless that is not associated with the knowledge of cessation,
['T27n1545_110:0568a09_10']	乃至廣說。	乃至廣說。	and so on in detail.
['T27n1545_110:0568a10_2']	此中滅智不相應無相者。	此中滅智不相應無相者。	Among them, the one not associated with the knowledge of cessation and signless is
['T27n1545_110:0568a10_10']	謂滅忍俱生無相。	謂滅忍俱生無相。	the signless that arises together with the acceptance of cessation.
['T27n1545_110:0568a11_2']	此非滅智相應是他聚故。	此非滅智相應是他聚故。	This is not associated with the knowledge of cessation because it belongs to another group.
['T27n1545_110:0568a11_9']	亦非無相相應。	亦非無相相應。	It is also not associated with the signless.
['T27n1545_110:0568a12_1']	自性與自性不相應故。	自性與自性不相應故。	Because the intrinsic nature is not associated with the intrinsic nature.
['T27n1545_110:0568a12_10']	及諸餘心心所法者。	及諸餘心心所法者。	And all other mental factors and activities is
['T27n1545_110:0568a13_4']	謂空無願俱生聚中心心所法。	謂空無願俱生聚中心心所法。	the group of mind and mental factors that arises together with emptiness and wishlessness.
['T27n1545_110:0568a13_14']	及一切有漏心心所法。	及一切有漏心心所法。	And all defiled mind and mental factors.
['T27n1545_110:0568a14_5']	此俱不相應是他聚故。	此俱不相應是他聚故。	These are not associated because they belong to other groups.
['T27n1545_110:0568a14_15']	色無為心不相應行者。	色無為心不相應行者。	Form, unconditioned dharmas, and mental activities not associated with the mind is
['T27n1545_110:0568a15_1']	謂一切色。	謂一切色。	all form.
['T27n1545_110:0568a15_9']	無為心不相應行。	無為心不相應行。	Unconditioned dharmas and mental activities not associated with the mind.
['T27n1545_110:0568a15_15']	此俱不相應。	此俱不相應。	These are not associated.
['T27n1545_110:0568a16_1']	無所緣故。	無所緣故。	Because they have no objects.
['T27n1545_110:0568a17_1']	對三無漏根七覺支八道支如法智說者。	對三無漏根七覺支八道支如法智說者。	As for the three pure faculties, seven factors of enlightenment, and eight factors of the path, it is as explained in the case of the knowledge of dharmas,
['T27n1545_110:0568a17_12']	謂如法智對三無漏根等。	謂如法智對三無漏根等。	it means that as for the knowledge of dharmas corresponding to the three pure faculties and so forth,
['T27n1545_110:0568a18_4']	此滅智對三無漏根等。	此滅智對三無漏根等。	this knowledge of cessation corresponding to the three pure faculties and so forth,
['T27n1545_110:0568a18_9']	廣說亦爾。	廣說亦爾。	the extensive explanation is also like this.
['T27n1545_110:0568a19_6']	諸法道智相應。	諸法道智相應。	Dharmas that are associated with the knowledge of the path,
['T27n1545_110:0568a19_16']	彼法空三摩地相應耶。	彼法空三摩地相應耶。	Are those dharmas associated with the emptiness meditative absorption?
['T27n1545_110:0568a20_1']	答不爾。	答不爾。	Answer: No.
['T27n1545_110:0568a20_10']	設法空三摩地相應。	設法空三摩地相應。	If dharmas are associated with the emptiness meditative absorption,
['T27n1545_110:0568a20_18']	彼法道智相應耶。	彼法道智相應耶。	are those dharmas associated with the cognition of the path?
['T27n1545_110:0568a21_2']	答不爾。	答不爾。	Answer: No.
['T27n1545_110:0568a21_11']	對無相三摩地亦爾。	對無相三摩地亦爾。	The same applies to the signless meditative absorption.
['T27n1545_110:0568a21_16']	所以者何。	所以者何。	Why is it so?
['T27n1545_110:0568a22_2']	非一心故。	非一心故。	Because it is not one mind.
['T27n1545_110:0568a22_7']	行相異故。	行相異故。	Because the aspects are different.
['T27n1545_110:0568a22_12']	所緣異故。	所緣異故。	Because the objects are different.
['T27n1545_110:0568a22_19']	諸法道智相應。	諸法道智相應。	Dharmas that are associated with the cognition of the path,
['T27n1545_110:0568a23_10']	彼法無願三摩地相應耶。	彼法無願三摩地相應耶。	are those dharmas associated with the wishless meditative absorption?
['T27n1545_110:0568a24_2']	答應作四句義不定故。	答應作四句義不定故。	Answer: Four sentences should be made, because the meaning is indefinite.
['T27n1545_110:0568a24_12', 'T27n1545_110:0568a25_1']	有法道智相應非無願。🔽謂道智相應無願。	有法道智相應非無願。 謂道智相應無願。	There are dharmas that are associated with the cognition of the path but not with the wishless.🔽Namely, the cognition of the path associated with the wishless.
['T27n1545_110:0568a25_9']	即道智俱生無願。	即道智俱生無願。	That is, the wishless that arises together with the cognition of the path.
['T27n1545_110:0568a26_1']	此與道智相應非無願。	此與道智相應非無願。	This is associated with the cognition of the path but not with the wishless.
['T27n1545_110:0568a26_11']	自性與自性不相應故。	自性與自性不相應故。	Because the intrinsic nature does not correspond with the intrinsic nature.
['T27n1545_110:0568a27_3']	有法無願相應非道智。	有法無願相應非道智。	There are dharmas that are associated with the wishless but not with the cognition of the path.
['T27n1545_110:0568a27_18']	謂道智及道智不相應無願相應法。	謂道智及道智不相應無願相應法。	Namely, the cognition of the path and dharmas associated with the wishless that are not associated with the cognition of the path.
['T27n1545_110:0568a28_5']	此中道智者。	此中道智者。	Here, the cognition of the path is:
['T27n1545_110:0568a28_13']	謂無願俱生道智。	謂無願俱生道智。	The cognition of the path that arises together with the wishless.
['T27n1545_110:0568a29_4']	此與無願相應非道智。	此與無願相應非道智。	This is associated with the wishless [attainment], but not with the cognition of the path.
['T27n1545_110:0568a29_14']	自性與自性不相應故。	自性與自性不相應故。	Because the intrinsic nature is not associated with the intrinsic nature.
['T27n1545_110:0568b01_9']	及道智不相應無願相應法者。	及道智不相應無願相應法者。	And the dharmas associated with the wishless [attainment] but not associated with the cognition of the path are:
['T27n1545_110:0568b02_12']	謂苦忍苦智集忍集智道忍俱生聚中無願相應法。	謂苦忍苦智集忍集智道忍俱生聚中無願相應法。	The dharmas associated with the wishless [attainment] in the aggregate that arises together with the receptivity to the knowledge of suffering, the knowledge of suffering, the receptivity to the knowledge of the origin [of suffering], the knowledge of the origin [of suffering], and the receptivity to the knowledge of the path.
['T27n1545_110:0568b03_8']	此與無願相應非道智是他聚故。	此與無願相應非道智是他聚故。	This is associated with the wishless [attainment], but not with the cognition of the path, because it belongs to another aggregate.
['T27n1545_110:0568b04_1']	有法道智相應亦無願。	有法道智相應亦無願。	There are dharmas that are associated with the cognition of the path and also with the wishless [attainment].
['T27n1545_110:0568b04_7']	謂二相應法。	謂二相應法。	These are the dharmas that are associated with both.
['T27n1545_110:0568b04_12']	此法是何。	此法是何。	What are these dharmas?
['T27n1545_110:0568b05_6']	謂道智俱生聚中除道智及無願。	謂道智俱生聚中除道智及無願。	In the aggregate that arises together with the cognition of the path, excluding the cognition of the path and the wishless [attainment],
['T27n1545_110:0568b05_13']	諸餘心心所法。	諸餘心心所法。	all the other mental and mental factors.
['T27n1545_110:0568b06_1']	即八大地法。	即八大地法。	That is, the eight great fundamental mental factors,
['T27n1545_110:0568b06_11']	十大善地法尋伺及心。	十大善地法尋伺及心。	the ten great wholesome factors, initial and sustained thought, and the mind.
['T27n1545_110:0568b07_5']	有法非道智相應亦非無願。	有法非道智相應亦非無願。	There are dharmas that are not associated with the cognition of the path and also not with the wishless [attainment].
['T27n1545_110:0568b07_14']	謂道智不相應無願。	謂道智不相應無願。	These are the dharmas that are not associated with the cognition of the path and the wishless [attainment].
['T27n1545_110:0568b08_1']	乃至廣說。	乃至廣說。	And so on, in detail.
['T27n1545_110:0568b08_12']	此中道智不相應無願者。	此中道智不相應無願者。	Here, the dharmas that are not associated with the cognition of the path and the wishless [attainment] are:
['T27n1545_110:0568b09_11']	謂苦忍苦智集忍集智道忍俱生聚中無願。	謂苦忍苦智集忍集智道忍俱生聚中無願。	The wishless [attainment] that arises together with the receptivity to the knowledge of suffering, the knowledge of suffering, the receptivity to the knowledge of the origin [of suffering], the knowledge of the origin [of suffering], and the receptivity to the knowledge of the path.
['T27n1545_110:0568b10_4']	此非道智相應是他聚故。	此非道智相應是他聚故。	Because this is not associated with the cognition of the path, as it belongs to a different aggregate.
['T27n1545_110:0568b10_11']	亦非無願相應。	亦非無願相應。	It is also not associated with the wishless [gate of liberation].
['T27n1545_110:0568b11_3']	自性與自性不相應故。	自性與自性不相應故。	Because the intrinsic nature is not associated with the intrinsic nature.
['T27n1545_110:0568b11_12']	及諸餘心心所法者。	及諸餘心心所法者。	And all other mental factors and activities means
['T27n1545_110:0568b12_6']	謂空無相俱生聚中心心所法。	謂空無相俱生聚中心心所法。	The mental factors and activities in the aggregate that arises together with emptiness and signlessness.
['T27n1545_110:0568b12_16']	及一切有漏心心所法。	及一切有漏心心所法。	And all defiled mental factors and activities.
['T27n1545_110:0568b13_7', 'T27n1545_110:0568b13_17']	此俱不相應是他聚故。🔽色無為心不相應行者。	此俱不相應是他聚故。 色無為心不相應行者。	These are not associated because they belong to a different aggregate.🔽Form, unconditioned phenomena, and mental factors and activities not associated with the mind means
['T27n1545_110:0568b14_10']	謂一切色無為心不相應行。	謂一切色無為心不相應行。	All forms, unconditioned phenomena, and mental factors and activities not associated with the mind.
['T27n1545_110:0568b15_2']	此俱不相應無所緣故。	此俱不相應無所緣故。	These are not associated because they have no object.
['T27n1545_110:0568b16_2']	對三無漏根七覺支八道支如法智說者。	對三無漏根七覺支八道支如法智說者。	As for the three pure faculties, seven factors of enlightenment, and eight factors of the path, they are explained in the same way as cognition of the law.
['T27n1545_110:0568b16_13']	謂如法智對三無漏根等。	謂如法智對三無漏根等。	This means that as for cognition of the law, it is associated with the three pure faculties and so forth.
['T27n1545_110:0568b17_5']	此道智對三無漏根等。	此道智對三無漏根等。	This cognition of the path is associated with the three pure faculties and so forth.
['T27n1545_110:0568b17_10']	廣說亦爾。	廣說亦爾。	The extensive explanation is also the same.
['T27n1545_110:0568b18_8']	諸法空三摩地相應。	諸法空三摩地相應。	The dharmas that are associated with the concentration of emptiness,
['T27n1545_110:0568b19_1']	彼法無願三摩地相應耶。	彼法無願三摩地相應耶。	are those dharmas also associated with the concentration of wishlessness?
['T27n1545_110:0568b19_5']	答不爾。	答不爾。	The answer is: No.
['T27n1545_110:0568b19_15']	設法無願三摩地相應。	設法無願三摩地相應。	If a dharma is associated with the concentration of wishlessness,
['T27n1545_110:0568b20_5']	彼法空三摩地相應耶。	彼法空三摩地相應耶。	Are those dharmas associated with the emptiness samādhi?
['T27n1545_110:0568b20_9']	答不爾。	答不爾。	Answer: No.
['T27n1545_110:0568b20_15']	對無相亦爾。	對無相亦爾。	The same applies to the signless.
['T27n1545_110:0568b21_1']	所以者何。	所以者何。	Why is it so?
['T27n1545_110:0568b21_6']	非一心故。	非一心故。	Because it is not one mind.
['T27n1545_110:0568b21_11']	行相異故。	行相異故。	Because the aspects are different.
['T27n1545_110:0568b21_17']	或所緣異故。	或所緣異故。	Or because the objects are different.
['T27n1545_110:0568b22_6']	諸法空三摩地相應。	諸法空三摩地相應。	All dharmas associated with the emptiness samādhi,
['T27n1545_110:0568b22_17']	彼法未知當知根相應耶。	彼法未知當知根相應耶。	are those dharmas associated with the faculty of knowing the unknown?
['T27n1545_110:0568b23_8', 'T27n1545_110:0568b24_3']	答應作四句義不定故。🔽有法空相應非未知當知根。	答應作四句義不定故。 有法空相應非未知當知根。	Answer: Four sentences should be made, because the meaning is indefinite.🔽There are dharmas associated with emptiness but not with the faculty of knowing the unknown.
['T27n1545_110:0568b24_17']	謂未知當知根所不攝空相應法。	謂未知當知根所不攝空相應法。	Namely, dharmas associated with emptiness not included in the faculty of knowing the unknown.
['T27n1545_110:0568b25_3']	此法是何。	此法是何。	What are these dharmas?
['T27n1545_110:0568b25_17']	謂已知根具知根俱生空相應法。	謂已知根具知根俱生空相應法。	Namely, dharmas associated with emptiness arising together with the faculty of knowing and the faculty of having known.
['T27n1545_110:0568b26_14']	此與空相應非未知當知根是他聚故。	此與空相應非未知當知根是他聚故。	These are associated with emptiness but not with the faculty of knowing the unknown, because they belong to another aggregate.
['T27n1545_110:0568b27_9']	有法未知當知根相應非空。	有法未知當知根相應非空。	There are dharmas associated with the faculty of knowing the unknown but not with emptiness.
['T27n1545_110:0568b28_1', 'T27n1545_110:0568b28_9']	謂未知當知根所攝空。🔽及空不攝不相應。	謂未知當知根所攝空。 及空不攝不相應。	Namely, emptiness included in the faculty of knowing the unknown,
['T27n1545_110:0568b28_18']	未知當知根相應法。	未知當知根相應法。	and dharmas associated with the faculty of knowing the unknown but not associated with emptiness.
['T27n1545_110:0568b29_10']	此中未知當知根所攝空者。	此中未知當知根所攝空者。	Among these, the emptiness included in the root of knowing the unknown is:
['T27n1545_110:0568c01_4']	謂未知當知根俱生聚中空。	謂未知當知根俱生聚中空。	The emptiness co-arisen in the aggregate associated with the root of knowing the unknown.
['T27n1545_110:0568c01_16']	此與未知當知根相應非空。	此與未知當知根相應非空。	This is associated with the root of knowing the unknown, not with emptiness.
['T27n1545_110:0568c02_8']	自性與自性不相應故。	自性與自性不相應故。	Because the intrinsic nature is not associated with the intrinsic nature.
['T27n1545_110:0568c02_16']	及空不攝不相應。	及空不攝不相應。	And emptiness does not include the non-associated [dharmas].
['T27n1545_110:0568c03_8']	未知當知根相應法者。	未知當知根相應法者。	The dharmas associated with the root of knowing the unknown are:
['T27n1545_110:0568c04_8']	謂無願無相俱生聚中未知當知根相應法。	謂無願無相俱生聚中未知當知根相應法。	The dharmas associated with the root of knowing the unknown in the aggregate co-arisen with the desireless and signless [concentrations].
['T27n1545_110:0568c05_6', 'T27n1545_110:0568c05_18']	此與未知當知根相應非空是他聚故。🔽有法空相應亦未知當知根。	此與未知當知根相應非空是他聚故。 有法空相應亦未知當知根。	This is associated with the root of knowing the unknown, not with emptiness, because it belongs to another aggregate.🔽There are dharmas that are associated with emptiness and also with the root of knowing the unknown.
['T27n1545_110:0568c06_12']	謂未知當知根所攝空相應法。	謂未知當知根所攝空相應法。	The dharmas associated with emptiness included in the root of knowing the unknown.
['T27n1545_110:0568c06_17']	此法是何。	此法是何。	What are these dharmas?
['T27n1545_110:0568c07_15']	謂此聚中八根及彼相應諸非根心所法。	謂此聚中八根及彼相應諸非根心所法。	The eight roots and the non-root mental factors associated with this aggregate.
['T27n1545_110:0568c08_11']	有法非空相應亦非未知當知根。	有法非空相應亦非未知當知根。	There are dharmas that are not associated with emptiness and also not with the root of knowing the unknown.
['T27n1545_110:0568c09_4']	謂未知當知根所不攝空。	謂未知當知根所不攝空。	The emptiness not included in the root of knowing the unknown.
['T27n1545_110:0568c09_9']	乃至廣說。	乃至廣說。	And so on in detail.
['T27n1545_110:0568c10_4']	此中未知當知根所不攝空者。	此中未知當知根所不攝空者。	Here, the emptiness not included in the root of knowing that is to be known,
['T27n1545_110:0568c10_17']	謂已知根具知根俱生聚中空。	謂已知根具知根俱生聚中空。	refers to the emptiness in the aggregates that arise together with the root of knowing and the root of complete knowing.
['T27n1545_110:0568c11_4']	此非空相應。	此非空相應。	This is not associated with emptiness.
['T27n1545_110:0568c11_14']	自性與自性不相應故。	自性與自性不相應故。	Because the nature is not associated with itself.
['T27n1545_110:0568c12_10']	亦非未知當知根相應是他聚故。	亦非未知當知根相應是他聚故。	It is also not associated with the root of knowing that is to be known, because it belongs to another aggregate.
['T27n1545_110:0568c13_5']	及空未知當知根不攝不相應。	及空未知當知根不攝不相應。	And emptiness is not included in the root of knowing that is to be known, and is not associated with it.
['T27n1545_110:0568c13_13']	諸餘心心所法者。	諸餘心心所法者。	The other mental factors and mental activities,
['T27n1545_110:0568c14_4']	謂已知根具知根所攝。	謂已知根具知根所攝。	refer to those included in the root of knowing and the root of complete knowing.
['T27n1545_110:0568c14_17']	無願無相俱生聚中心心所法。	無願無相俱生聚中心心所法。	The mental factors and mental activities that arise together with the aspirations and the signless,
['T27n1545_110:0568c15_8']	及一切有漏心心所法。	及一切有漏心心所法。	and all the defiled mental factors and mental activities.
['T27n1545_110:0568c16_1']	此俱不相應是他聚故。	此俱不相應是他聚故。	These are not associated with each other, because they belong to different aggregates.
['T27n1545_110:0568c16_11']	色無為心不相應行者。	色無為心不相應行者。	Form, the unconditioned, and the factors not directly associated with the mind,
['T27n1545_110:0568c17_4']	謂一切色無為心不相應行。	謂一切色無為心不相應行。	refer to all form, the unconditioned, and the factors not directly associated with the mind.
['T27n1545_110:0568c17_14']	此俱不相應無所緣故。	此俱不相應無所緣故。	These are not associated with each other, because they have no objects.
['T27n1545_110:0568c18_7']	對已知具知根亦爾者。	對已知具知根亦爾者。	The same applies to the root of knowing and the root of complete knowing.
['T27n1545_110:0568c19_4']	如空三摩地對未知當知根有四句。	如空三摩地對未知當知根有四句。	As with the four alternatives regarding the concentration of emptiness and the root of knowing that is to be known,
['T27n1545_110:0568c19_14']	此對已知具知根亦爾。	此對已知具知根亦爾。	The same applies to the faculties of knowing and knowing fully.
['T27n1545_110:0568c20_5']	諸法空三摩地相應。	諸法空三摩地相應。	The dharmas associated with the emptiness samādhi,
['T27n1545_110:0568c20_14']	彼法念覺支相應耶。	彼法念覺支相應耶。	are they also associated with the mindfulness factor of complete awakening?
['T27n1545_110:0568c21_5']	答應作四句義不定故。	答應作四句義不定故。	The answer is: four sentences should be made, because the meaning is indefinite.
['T27n1545_110:0568c21_13']	有法空相應非念。	有法空相應非念。	There are dharmas associated with emptiness that are not associated with mindfulness.
['T27n1545_110:0568c22_1']	謂空相應念。	謂空相應念。	Namely, the emptiness associated with mindfulness.
['T27n1545_110:0568c22_12']	即空三摩地俱生念覺支。	即空三摩地俱生念覺支。	That is, the mindfulness factor of complete awakening that arises together with the emptiness samādhi.
['T27n1545_110:0568c23_1']	此與空相應非念。	此與空相應非念。	This is associated with emptiness but not with mindfulness.
['T27n1545_110:0568c23_11']	自性與自性不相應故。	自性與自性不相應故。	Because the intrinsic nature does not correspond to the intrinsic nature.
['T27n1545_110:0568c24_1']	有法念相應非空。	有法念相應非空。	There are dharmas associated with mindfulness that are not associated with emptiness.
['T27n1545_110:0568c24_13']	謂空及空不相應念相應法。	謂空及空不相應念相應法。	Namely, the emptiness and the dharmas associated with mindfulness that are not associated with emptiness.
['T27n1545_110:0568c24_18']	此中空者。	此中空者。	Here, emptiness refers to
['T27n1545_110:0568c25_9']	謂念覺支俱生空三摩地。	謂念覺支俱生空三摩地。	the emptiness samādhi that arises together with the mindfulness factor of complete awakening.
['T27n1545_110:0568c25_17']	此與念相應非空。	此與念相應非空。	This is associated with mindfulness but not with emptiness.
['T27n1545_110:0568c26_8']	自性與自性不相應故。	自性與自性不相應故。	Because the intrinsic nature does not correspond to the intrinsic nature.
['T27n1545_110:0568c27_2']	及空不相應念相應法者。	及空不相應念相應法者。	And the dharmas associated with mindfulness that are not associated with emptiness refer to
['T27n1545_110:0568c27_16']	謂無願無相俱生念覺支相應法。	謂無願無相俱生念覺支相應法。	the dharmas associated with the mindfulness factor of complete awakening that arise together with the wishless and signless [samādhis].
['T27n1545_110:0568c28_9']	此與念相應非空是他聚故。	此與念相應非空是他聚故。	This is associated with mindfulness but not with emptiness, because it belongs to a different aggregate.
['T27n1545_110:0568c28_17']	有法空相應亦念。	有法空相應亦念。	There are dharmas associated with emptiness and also with mindfulness.
['T27n1545_110:0568c29_5']	謂二相應法。	謂二相應法。	It refers to two corresponding dharmas.
['T27n1545_110:0568c29_16']	即空俱生聚中除空及念。	即空俱生聚中除空及念。	That is, in the aggregate born together with emptiness, excluding emptiness and mindfulness.
['T27n1545_110:0569a01_4']	諸餘心心所法。	諸餘心心所法。	The remaining mental factors and mental activities.
['T27n1545_110:0569a01_9']	此法是何。	此法是何。	What are these dharmas?
['T27n1545_110:0569a01_15']	謂八大地法。	謂八大地法。	It refers to the eight great fundamental mental factors,
['T27n1545_110:0569a02_5']	十大善地法尋伺及心。	十大善地法尋伺及心。	the ten great wholesome factors, applied thought, sustained thought, and mind.
['T27n1545_110:0569a02_15']	有法非空相應亦非念。	有法非空相應亦非念。	There are dharmas that are neither associated with emptiness nor with mindfulness.
['T27n1545_110:0569a03_4']	謂空不相應念。	謂空不相應念。	It refers to mindfulness that is not associated with emptiness.
['T27n1545_110:0569a03_9', 'T27n1545_110:0569a03_18']	乃至廣說。🔽此中空不相應念者。	乃至廣說。 此中空不相應念者。	And so on, explaining in detail.
['T27n1545_110:0569a04_9']	謂無願無相俱生念覺支。	謂無願無相俱生念覺支。	Here, mindfulness that is not associated with emptiness refers to the factor of enlightenment of mindfulness that arises together with the wishless and signless.
['T27n1545_110:0569a05_1']	此非空相應是他聚故。	此非空相應是他聚故。	This is not associated with emptiness because it belongs to a different aggregate.
['T27n1545_110:0569a05_7']	亦非念相應。	亦非念相應。	It is also not associated with mindfulness.
['T27n1545_110:0569a05_17']	自性與自性不相應故。	自性與自性不相應故。	Because the intrinsic nature does not correspond with the intrinsic nature.
['T27n1545_110:0569a06_7']	及諸餘心心所法者。	及諸餘心心所法者。	And the remaining mental factors and mental activities refer to
['T27n1545_110:0569a06_17']	謂一切有漏心心所法。	謂一切有漏心心所法。	all defiled mental factors and mental activities.
['T27n1545_110:0569a07_8', 'T27n1545_110:0569a07_18']	此俱不相應是他聚故。🔽色無為心不相應行者。	此俱不相應是他聚故。 色無為心不相應行者。	They are not mutually associated because they belong to different aggregates.🔽Form, the unconditioned, and mental factors not associated with mind refer to
['T27n1545_110:0569a08_11']	謂一切色無為心不相應行。	謂一切色無為心不相應行。	all form, the unconditioned, and mental factors not associated with mind.
['T27n1545_110:0569a09_3']	此俱不相應無所緣故。	此俱不相應無所緣故。	They are not mutually associated because they have no objects.
['T27n1545_110:0569a10_6']	對擇法精進輕安捨覺支正見正精進正念亦爾者。	對擇法精進輕安捨覺支正見正精進正念亦爾者。	The same applies to the factors of enlightenment of investigation of phenomena, energy, and equanimity, and to right view, right effort, and right mindfulness.
['T27n1545_110:0569a11_3']	謂如空三摩地對念覺支有四句。	謂如空三摩地對念覺支有四句。	It means that just as space-like concentration has four alternatives in relation to the factor of enlightenment of mindfulness,
['T27n1545_110:0569a11_11']	此對擇法等亦爾。	此對擇法等亦爾。	the same applies to its relation to investigation of phenomena and so forth.
['T27n1545_110:0569a12_2']	諸法空三摩地相應。	諸法空三摩地相應。	Are those dharmas associated with the concentration of emptiness
['T27n1545_110:0569a12_11']	彼法喜覺支相應耶。	彼法喜覺支相應耶。	also associated with the factor of enlightenment of joy?
['T27n1545_110:0569a13_3']	答應作四句義不定故。	答應作四句義不定故。	The answer is that four alternatives should be made, because the meaning is indefinite.
['T27n1545_110:0569a13_11']	有法空相應非喜。	有法空相應非喜。	There are dharmas associated with emptiness that are not associated with joy.
['T27n1545_110:0569a14_8']	謂空相應喜及喜不相應空相應法。	謂空相應喜及喜不相應空相應法。	This refers to joy associated with emptiness and dharmas associated with emptiness that are not associated with joy.
['T27n1545_110:0569a14_16']	此中空相應喜者。	此中空相應喜者。	Among them, the joy associated with emptiness refers to
['T27n1545_110:0569a15_7']	謂空俱生聚中喜覺支。	謂空俱生聚中喜覺支。	the factor of enlightenment of joy that arises together with emptiness.
['T27n1545_110:0569a15_15']	此與空相應非喜。	此與空相應非喜。	This is associated with emptiness but not with joy,
['T27n1545_110:0569a16_7']	自性與自性不相應故。	自性與自性不相應故。	because its own nature is not associated with its own nature.
['T27n1545_110:0569a17_1']	及喜不相應空相應法者。	及喜不相應空相應法者。	And dharmas associated with emptiness that are not associated with joy refer to
['T27n1545_110:0569a17_10']	謂未至定靜慮中間。	謂未至定靜慮中間。	the preliminary stage of concentration, the intermediate concentration,
['T27n1545_110:0569a18_2']	後二靜慮前三無色地中。	後二靜慮前三無色地中。	and the last three concentrations and the first three formless concentrations.
['T27n1545_110:0569a18_10']	空三摩地相應法。	空三摩地相應法。	The dharmas associated with the concentration of emptiness
['T27n1545_110:0569a19_3']	此與空相應非喜是他地故。	此與空相應非喜是他地故。	are associated with emptiness but not with joy, because they belong to other stages.
['T27n1545_110:0569a19_11']	有法喜相應非空。	有法喜相應非空。	There are dharmas associated with joy but not with emptiness.
['T27n1545_110:0569a20_7', 'T27n1545_110:0569a20_15']	謂喜相應空及空不相應喜相應法。🔽此中喜相應空者。	謂喜相應空及空不相應喜相應法。 此中喜相應空者。	Namely, those associated with joy and emptiness, and dharmas associated with joy but not associated with emptiness.
['T27n1545_110:0569a21_9']	謂喜覺支俱生聚中空三摩地。	謂喜覺支俱生聚中空三摩地。	Among them, those associated with joy and emptiness refer to the concentration on emptiness that arises together with the factor of enlightenment of joy.
['T27n1545_110:0569a21_17']	此與喜相應非空。	此與喜相應非空。	This is associated with joy but not with emptiness.
['T27n1545_110:0569a22_8', 'T27n1545_110:0569a23_2']	自性與自性不相應故。🔽及空不相應喜相應法者。	自性與自性不相應故。 及空不相應喜相應法者。	Because the intrinsic nature is not associated with the intrinsic nature.
['T27n1545_110:0569a23_16']	謂無願無相俱生聚中喜相應法。	謂無願無相俱生聚中喜相應法。	And dharmas associated with joy but not associated with emptiness refer to dharmas associated with joy in the aggregate arising together with the aspiration for non-desire and the signless.
['T27n1545_110:0569a24_9']	此與喜相應非空是他聚故。	此與喜相應非空是他聚故。	This is associated with joy but not with emptiness because it belongs to a different aggregate.
['T27n1545_110:0569a24_17']	有法空相應亦喜。	有法空相應亦喜。	There are dharmas associated with emptiness and also with joy.
['T27n1545_110:0569a25_5']	謂二相應法。	謂二相應法。	Namely, dharmas associated with both.
['T27n1545_110:0569a25_16']	即初二靜慮空俱生聚中。	即初二靜慮空俱生聚中。	In the aggregate arising together with emptiness in the first two meditations,
['T27n1545_110:0569a26_2']	除空及喜。	除空及喜。	excluding emptiness and joy.
['T27n1545_110:0569a26_9']	諸餘心心所法。	諸餘心心所法。	All other mental and mental factors.
['T27n1545_110:0569a26_14']	此法是何。	此法是何。	What are these dharmas?
['T27n1545_110:0569a27_1']	謂八大地法。	謂八大地法。	Namely, the eight great fundamental mental factors,
['T27n1545_110:0569a27_11']	十大善地法尋伺及心。	十大善地法尋伺及心。	the ten great wholesome factors, applied thought, sustained thought, and mind.
['T27n1545_110:0569a28_3']	有法非空相應亦非喜。	有法非空相應亦非喜。	There are dharmas not associated with emptiness and also not with joy.
['T27n1545_110:0569a28_10', 'T27n1545_110:0569a28_15']	謂空不相應喜。🔽乃至廣說。	謂空不相應喜。🔽乃至廣說。	Namely, joy not associated with emptiness, and so on in detail.
['T27n1545_110:0569a29_5']	此中空不相應喜者。	此中空不相應喜者。	Here, the joy that is not associated with emptiness.
['T27n1545_110:0569a29_16']	謂無願無相俱生聚中喜。	謂無願無相俱生聚中喜。	Among these, joy not associated with emptiness refers to joy arising together with the aspirationless and signless aggregates.
['T27n1545_110:0569b01_7']	此非空相應是他聚故。	此非空相應是他聚故。	This is not associated with emptiness because it belongs to another aggregate.
['T27n1545_110:0569b01_13']	亦非喜相應。	亦非喜相應。	It is also not associated with joy.
['T27n1545_110:0569b02_5', 'T27n1545_110:0569b02_12', 'T27n1545_110:0569b03_3']	自性與自性不相應故。🔽喜不相應空者。🔽謂未至定靜慮中間。	自性與自性不相應故。 喜不相應空者。 謂未至定靜慮中間。	Because the intrinsic nature is not associated with the intrinsic nature.
['T27n1545_110:0569b03_18', 'T27n1545_110:0569b04_5']	後二靜慮前三無色地中空三摩地。🔽此非空相應。	後二靜慮前三無色地中空三摩地。 此非空相應。	Emptiness not associated with joy refers to the concentration on emptiness in the preliminary stage of the first meditation, the intermediate meditation, the last two meditations, and the first three formless concentrations.
['T27n1545_110:0569b04_15']	自性與自性不相應故。	自性與自性不相應故。	This is not associated with emptiness because the intrinsic nature is not associated with the intrinsic nature.
['T27n1545_110:0569b05_7', 'T27n1545_110:0569b05_16', 'T27n1545_110:0569b06_6', 'T27n1545_110:0569b06_17']	亦非喜相應是他地故。🔽及諸餘心心所法者。🔽謂未至定靜慮中間。🔽後二靜慮前三無色地中。	亦非喜相應是他地故。 及諸餘心心所法者。 謂未至定靜慮中間。 後二靜慮前三無色地中。	It is also not associated with joy because it belongs to another stage.
['T27n1545_110:0569b07_11']	無願無相俱生聚中心心所法。	無願無相俱生聚中心心所法。	And all other mental factors and activities refers to the mental factors and activities arising together with the aspirationless and signless aggregates in the preliminary stage of the first meditation, the intermediate meditation, the last two meditations, and the first three formless concentrations.
['T27n1545_110:0569b08_3']	及一切有漏心心所法。	及一切有漏心心所法。	And all defiled mental factors and activities.
['T27n1545_110:0569b08_13']	此俱不相應是他聚故。	此俱不相應是他聚故。	These are not associated because they belong to another aggregate.
['T27n1545_110:0569b09_5']	色無為心不相應行者。	色無為心不相應行者。	Form, the unconditioned, and the activities not associated with the mind refers to the five sense bases of form, the unconditioned, and the activities not associated with the mind.
['T27n1545_110:0569b09_17']	謂一切色無為心不相應行。	謂一切色無為心不相應行。	Namely, all form, the unconditioned, and factors not directly associated with the mind.
['T27n1545_110:0569b10_8']	此俱不相應無所緣故。	此俱不相應無所緣故。	These are not directly associated with it because they have no objects.
['T27n1545_110:0569b10_16']	對正思惟亦爾者。	對正思惟亦爾者。	The same applies to right thought.
['T27n1545_110:0569b11_12']	如空三摩地對喜覺支作四句。	如空三摩地對喜覺支作四句。	Just as the four alternatives are made regarding the meditative absorption of emptiness and the factor of enlightenment of joy,
['T27n1545_110:0569b12_3']	此對正思惟亦爾。	此對正思惟亦爾。	the same applies to right thought.
['T27n1545_110:0569b12_12']	諸法空三摩地相應。	諸法空三摩地相應。	Are those factors that are associated with the meditative absorption of emptiness
['T27n1545_110:0569b13_2']	彼法定覺支相應耶。	彼法定覺支相應耶。	also associated with the factor of enlightenment of concentration?
['T27n1545_110:0569b13_15']	答諸法空相應彼法亦定相應。	答諸法空相應彼法亦定相應。	The answer is: Those factors that are associated with emptiness are also associated with concentration.
['T27n1545_110:0569b14_11']	一切空三摩地皆是定覺支攝故。	一切空三摩地皆是定覺支攝故。	This is because all meditative absorptions of emptiness are included in the factor of enlightenment of concentration.
['T27n1545_110:0569b15_1']	有法定相應非空。	有法定相應非空。	There are factors that are associated with concentration but not with emptiness.
['T27n1545_110:0569b15_11']	謂空所不攝定相應法。	謂空所不攝定相應法。	These refer to factors associated with concentration that are not included in emptiness.
['T27n1545_110:0569b15_16']	此法是何。	此法是何。	What are these factors?
['T27n1545_110:0569b16_13']	謂無願無相俱生聚中定覺支相應法。	謂無願無相俱生聚中定覺支相應法。	They are factors associated with the factor of enlightenment of concentration that arise together with the group of factors of non-desire and non-formlessness.
['T27n1545_110:0569b17_9']	此與定覺支相應非空是他聚故。	此與定覺支相應非空是他聚故。	These are associated with the factor of enlightenment of concentration but not with emptiness because they belong to a different group.
['T27n1545_110:0569b17_16']	對正定亦爾者。	對正定亦爾者。	The same applies to right concentration.
['T27n1545_110:0569b18_12']	如空三摩地對定覺支作順前句。	如空三摩地對定覺支作順前句。	Just as the four alternatives are made regarding the meditative absorption of emptiness and the factor of enlightenment of concentration in the forward order,
['T27n1545_110:0569b19_2']	此對正定亦爾。	此對正定亦爾。	the same applies to right concentration.
['T27n1545_110:0569b19_11']	如空對後無願無相。	如空對後無願無相。	Just as emptiness is related to the subsequent aspirations and signlessness.
['T27n1545_110:0569b19_17']	對後亦爾者。	對後亦爾者。	The subsequent [three] are also like this.
['T27n1545_110:0569b20_10']	如空三摩地對後無願無相。	如空三摩地對後無願無相。	Just as the samādhi of emptiness is related to the subsequent aspirations and signlessness,
['T27n1545_110:0569b20_17']	對後廣說亦爾。	對後廣說亦爾。	the subsequent [three] are also explained in the same way.
['T27n1545_110:0569b21_4']	有差別者。	有差別者。	There are differences.
['T27n1545_110:0569b22_1']	如空對喜覺支正思惟無願無相。	如空對喜覺支正思惟無願無相。	Just as emptiness is related to the factor of enlightenment of joy and right thought, aspirations and signlessness,
['T27n1545_110:0569b22_13']	對喜覺支正見正思惟亦爾。	對喜覺支正見正思惟亦爾。	joy, right view and right thought are also like this.
['T27n1545_110:0569b23_9']	諸法未知當知根相應。	諸法未知當知根相應。	The dharmas that are associated with the faculty of understanding what has not been understood,
['T27n1545_110:0569b23_18']	彼法已知根相應耶。	彼法已知根相應耶。	are those dharmas also associated with the faculty of understanding?
['T27n1545_110:0569b24_3']	答不爾。	答不爾。	Answer: No.
['T27n1545_110:0569b24_11']	設法已知根相應。	設法已知根相應。	If dharmas are associated with the faculty of understanding,
['T27n1545_110:0569b25_3']	彼法未知當知根相應耶。	彼法未知當知根相應耶。	are those dharmas also associated with the faculty of understanding what has not been understood?
['T27n1545_110:0569b25_7']	答不爾。	答不爾。	Answer: No.
['T27n1545_110:0569b25_14']	對具知根亦爾。	對具知根亦爾。	The same is true for the faculty of the knower.
['T27n1545_110:0569b25_19']	所以者何。	所以者何。	Why is it so?
['T27n1545_110:0569b26_8']	非一心故位各別故。	非一心故位各別故。	Because it is not one mind, and because the stages are different.
['T27n1545_110:0569b26_18']	諸法未知當知根相應。	諸法未知當知根相應。	The dharmas that are associated with the faculty of understanding what has not been understood,
['T27n1545_110:0569b27_8']	彼法念覺支相應耶。	彼法念覺支相應耶。	are those dharmas also associated with the factor of enlightenment of mindfulness?
['T27n1545_110:0569b27_18']	答應作四句義不定故。	答應作四句義不定故。	Answer: Four sentences should be made because the meaning is indefinite.
['T27n1545_110:0569b28_11']	有法未知當知根相應非念。	有法未知當知根相應非念。	There are dharmas that are associated with the faculty of understanding what has not been understood but not with mindfulness.
['T27n1545_110:0569b29_3', 'T27n1545_110:0569b29_15']	謂未知當知根所攝念。🔽即未知當知根俱生聚中念。	謂未知當知根所攝念。 即未知當知根俱生聚中念。	It refers to mindfulness included in the faculty of understanding what has not been understood.🔽It is the mindfulness co-arisen in the group associated with the faculty of understanding what has not been understood.
['T27n1545_110:0569c01_10']	此與未知當知根相應非念覺支。	此與未知當知根相應非念覺支。	This is associated with the faculty of understanding what has not been understood, but not with the factor of enlightenment of mindfulness.
['T27n1545_110:0569c02_3']	自性與自性不相應故。	自性與自性不相應故。	Because the nature of something is not associated with its own nature.
['T27n1545_110:0569c02_17']	有法念覺支相應非未知當知根。	有法念覺支相應非未知當知根。	There are factors associated with the factor of enlightenment of mindfulness but not with the faculty of understanding what has not been understood.
['T27n1545_110:0569c03_12']	謂未知當知根所不攝念相應法。	謂未知當知根所不攝念相應法。	It refers to factors associated with mindfulness not included in the faculty of understanding what has not been understood.
['T27n1545_110:0569c03_17']	此法是何。	此法是何。	What are these factors?
['T27n1545_110:0569c04_14']	謂已知根具知根俱生聚中念相應法。	謂已知根具知根俱生聚中念相應法。	It refers to factors associated with mindfulness in the group co-arisen with the faculty of understanding and the faculty of having understood.
['T27n1545_110:0569c05_12']	此與念相應非未知當知根是他聚故。	此與念相應非未知當知根是他聚故。	This is associated with mindfulness but not with the faculty of understanding what has not been understood, because it belongs to another group.
['T27n1545_110:0569c06_6']	有法未知當知根相應亦念。	有法未知當知根相應亦念。	There are factors associated with the faculty of understanding what has not been understood and also with mindfulness.
['T27n1545_110:0569c07_1']	謂未知當知根所攝念相應法。	謂未知當知根所攝念相應法。	It refers to factors associated with mindfulness included in the faculty of understanding what has not been understood.
['T27n1545_110:0569c07_6']	此法是何。	此法是何。	What are these factors?
['T27n1545_110:0569c07_15']	謂餘八根及彼相應。	謂餘八根及彼相應。	It refers to the remaining eight faculties and the factors associated with them,
['T27n1545_110:0569c08_2']	諸非根心所法。	諸非根心所法。	and the non-root mental factors.
['T27n1545_110:0569c08_16']	有法非未知當知根相應亦非念。	有法非未知當知根相應亦非念。	There are factors not associated with the faculty of understanding what has not been understood and also not with mindfulness.
['T27n1545_110:0569c09_9']	謂未知當知根所不攝念。	謂未知當知根所不攝念。	It refers to mindfulness not included in the faculty of understanding what has not been understood.
['T27n1545_110:0569c09_14']	乃至廣說。	乃至廣說。	And so on, explaining in detail.
['T27n1545_110:0569c10_8']	此中未知當知根所不攝念者。	此中未知當知根所不攝念者。	Here, the mindfulness not included in the root of knowing that is to be known
['T27n1545_110:0569c11_3']	謂已知根具知根俱生聚中念。	謂已知根具知根俱生聚中念。	Refers to the mindfulness in the aggregate born together with the root of knowing that is already known and the root of knowing that is fully known.
['T27n1545_110:0569c11_13']	此非未知當知根相應。	此非未知當知根相應。	This is not associated with the root of knowing that is to be known.
['T27n1545_110:0569c11_18']	是他聚故。	是他聚故。	Because it belongs to another aggregate.
['T27n1545_110:0569c12_4']	亦非念相應。	亦非念相應。	It is also not associated with mindfulness.
['T27n1545_110:0569c12_14']	自性與自性不相應故。	自性與自性不相應故。	Because the intrinsic nature does not correspond with the intrinsic nature.
['T27n1545_110:0569c13_4']	及餘心心所法者。	及餘心心所法者。	And the rest of the mind and mental factors
['T27n1545_110:0569c13_14']	謂一切有漏心心所法。	謂一切有漏心心所法。	Refers to all defiled mind and mental factors.
['T27n1545_110:0569c14_1']	此俱不相應。	此俱不相應。	They are not mutually associated.
['T27n1545_110:0569c14_6']	是他聚故。	是他聚故。	Because they belong to another aggregate.
['T27n1545_110:0569c14_16']	色無為心不相應行者。	色無為心不相應行者。	Form, the unconditioned, and the factors not directly associated with the mind
['T27n1545_110:0569c15_8']	謂一切色無為心不相應行。	謂一切色無為心不相應行。	Refers to all form, the unconditioned, and the factors not directly associated with the mind.
['T27n1545_110:0569c15_14']	此俱不相應。	此俱不相應。	They are not mutually associated.
['T27n1545_110:0569c16_1']	無所緣故。	無所緣故。	Because they have no object.
['T27n1545_110:0569c17_4']	對擇法精進定覺支正見正精進正念正定亦爾者。	對擇法精進定覺支正見正精進正念正定亦爾者。	The same applies to the factors of discernment of dharmas, vigor, concentration, the factors of enlightenment, right view, right effort, right mindfulness, and right concentration.
['T27n1545_110:0569c18_2']	謂如未知當知根對念覺支有四句。	謂如未知當知根對念覺支有四句。	It means that just as the root of knowing that is to be known has four propositions regarding the factor of enlightenment of mindfulness,
['T27n1545_110:0569c18_12']	此對擇法覺支等亦爾。	此對擇法覺支等亦爾。	The same applies to the factors of enlightenment of discernment of dharmas and so on.
['T27n1545_110:0569c19_4']	諸法未知當知根相應。	諸法未知當知根相應。	The dharmas associated with the root of knowing that is to be known,
['T27n1545_110:0569c19_13']	彼法喜覺支相應耶。	彼法喜覺支相應耶。	Are those dharmas associated with the factor of enlightenment of joy?
['T27n1545_110:0569c20_1']	答應作四句。	答應作四句。	Answer: One should make four alternatives.
['T27n1545_110:0569c20_6']	義不定故。	義不定故。	Because the meaning is not definite.
['T27n1545_110:0569c20_18']	有法未知當知根相應非喜。	有法未知當知根相應非喜。	There are dharmas associated with the faculty of understanding the unknown that are not joy.
['T27n1545_110:0569c21_9']	謂未知當知根所攝喜。	謂未知當知根所攝喜。	Namely, the faculty of understanding the unknown that subsumes joy.
['T27n1545_110:0569c22_7']	及喜不攝不相應未知當知根相應法。	及喜不攝不相應未知當知根相應法。	And dharmas associated with the faculty of understanding the unknown that are not subsumed by joy and are not associated with it.
['T27n1545_110:0569c23_1']	此中未知當知根所攝喜者。	此中未知當知根所攝喜者。	Here, the faculty of understanding the unknown that subsumes joy.
['T27n1545_110:0569c23_13']	謂未知當知根俱生聚中喜。	謂未知當知根俱生聚中喜。	Namely, joy that arises together with the aggregate of the faculty of understanding the unknown.
['T27n1545_110:0569c24_4']	此與未知當知根相應。	此與未知當知根相應。	This is associated with the faculty of understanding the unknown.
['T27n1545_110:0569c24_7']	非喜。	非喜。	It is not joy.
['T27n1545_110:0569c24_17']	自性與自性不相應故。	自性與自性不相應故。	Because one's own nature is not associated with one's own nature.
['T27n1545_110:0569c25_16']	及喜不攝不相應未知當知根相應法者。	及喜不攝不相應未知當知根相應法者。	And dharmas associated with the faculty of understanding the unknown that are not subsumed by joy and are not associated with it.
['T27n1545_110:0569c26_7']	謂未至定靜慮中間。	謂未至定靜慮中間。	Namely, in the preliminary stage of concentration and the intermediate concentration.
['T27n1545_110:0569c27_5']	第三第四靜慮地中未知當知根相應法。	第三第四靜慮地中未知當知根相應法。	In the third and fourth stages of concentration, dharmas associated with the faculty of understanding the unknown.
['T27n1545_110:0569c27_17']	此與未知當知根相應非喜。	此與未知當知根相應非喜。	This is associated with the faculty of understanding the unknown, but not joy.
['T27n1545_110:0569c28_4']	是他地故。	是他地故。	Because it belongs to another stage.
['T27n1545_110:0569c28_12']	有法喜覺支相應。	有法喜覺支相應。	There are dharmas associated with the factor of enlightenment of joy.
['T27n1545_110:0569c29_1']	非未知當知根。	非未知當知根。	Not the faculty of understanding the unknown.
['T27n1545_110:0569c29_15']	謂未知當知根所不攝喜相應法。	謂未知當知根所不攝喜相應法。	That is, dharmas associated with joy not included in the faculty of understanding what has not been understood.
['T27n1545_110:0570a01_1']	此法是何。	此法是何。	What are these dharmas?
['T27n1545_110:0570a01_17']	謂已知根具知根俱生聚中喜相應法。	謂已知根具知根俱生聚中喜相應法。	That is, dharmas associated with joy in the aggregates co-arisen with the faculty of understanding and the faculty of having understood.
['T27n1545_110:0570a02_10']	此與喜相應非未知當知根。	此與喜相應非未知當知根。	These are associated with joy, but not with the faculty of understanding what has not been understood.
['T27n1545_110:0570a02_15']	是他聚故。	是他聚故。	Because they belong to another aggregate.
['T27n1545_110:0570a03_9']	有法未知當知根相應亦喜。	有法未知當知根相應亦喜。	There are dharmas associated with the faculty of understanding what has not been understood and also with joy.
['T27n1545_110:0570a04_4']	謂未知當知根所攝喜相應法。	謂未知當知根所攝喜相應法。	That is, dharmas associated with joy included in the faculty of understanding what has not been understood.
['T27n1545_110:0570a04_9']	此法是何。	此法是何。	What are these dharmas?
['T27n1545_110:0570a05_5']	謂餘八根及彼相應諸非根心所法。	謂餘八根及彼相應諸非根心所法。	That is, the remaining eight faculties and the mental factors that are not faculties associated with them.
['T27n1545_110:0570a06_2']	有法非未知當知根相應亦非喜。	有法非未知當知根相應亦非喜。	There are dharmas not associated with the faculty of understanding what has not been understood and also not with joy.
['T27n1545_110:0570a06_13']	謂未知當知根所不攝喜。	謂未知當知根所不攝喜。	That is, joy not included in the faculty of understanding what has not been understood.
['T27n1545_110:0570a06_18']	乃至廣說。	乃至廣說。	And so on in detail.
['T27n1545_110:0570a07_12']	此中未知當知根所不攝喜者。	此中未知當知根所不攝喜者。	Here, joy not included in the faculty of understanding what has not been understood means
['T27n1545_110:0570a08_7']	謂已知根具知根俱生聚中喜。	謂已知根具知根俱生聚中喜。	joy co-arisen with the faculty of understanding and the faculty of having understood.
['T27n1545_110:0570a08_17']	此非未知當知根相應。	此非未知當知根相應。	This is not associated with the faculty of understanding what has not been understood.
['T27n1545_110:0570a09_3']	是他聚故。	是他聚故。	Because it belongs to another aggregate.
['T27n1545_110:0570a09_9']	亦非喜相應。	亦非喜相應。	It is also not associated with joy.
['T27n1545_110:0570a10_1']	自性與自性不相應故。	自性與自性不相應故。	Because the intrinsic nature does not correspond to the intrinsic nature.
['T27n1545_110:0570a11_3']	及喜未知當知根不攝不相應諸餘心心所法者。	及喜未知當知根不攝不相應諸餘心心所法者。	And the joy of the faculty of knowing the unknown, not included in the corresponding dharmas of the mind and mental factors, refers to
['T27n1545_110:0570a11_12']	謂未至定靜慮中間。	謂未至定靜慮中間。	the concentration of the preliminary stage and the intermediate concentration.
['T27n1545_110:0570a12_4']	後二靜慮前三無色地中。	後二靜慮前三無色地中。	In the latter two concentrations and the first three formless concentrations,
['T27n1545_110:0570a13_1']	已知根具知根俱生聚中心心所法。	已知根具知根俱生聚中心心所法。	the mind and mental factors born in the group of the faculty of knowing, and the faculty of having known,
['T27n1545_110:0570a13_11']	及一切有漏心心所法。	及一切有漏心心所法。	and all defiled mind and mental factors,
['T27n1545_110:0570a13_17']	此俱不相應。	此俱不相應。	do not correspond to this.
['T27n1545_110:0570a14_3']	是他聚故。	是他聚故。	Because they belong to other groups.
['T27n1545_110:0570a14_13']	色無為心不相應行者。	色無為心不相應行者。	The form, unconditioned, and non-corresponding dharmas,
['T27n1545_110:0570a15_6']	謂一切色無為心不相應行。	謂一切色無為心不相應行。	refer to all form, unconditioned, and non-corresponding activities.
['T27n1545_110:0570a15_12']	此俱不相應。	此俱不相應。	They do not correspond to this.
['T27n1545_110:0570a15_17']	無所緣故。	無所緣故。	Because they have no objects.
['T27n1545_110:0570a16_8']	諸法未知當知根相應。	諸法未知當知根相應。	The dharmas corresponding to the faculty of knowing the unknown,
['T27n1545_110:0570a16_18']	彼法輕安覺支相應耶。	彼法輕安覺支相應耶。	are those dharmas corresponding to the factor of enlightenment of tranquility?
['T27n1545_110:0570a17_5']	答應作四句。	答應作四句。	The answer is: Four sentences should be made.
['T27n1545_110:0570a17_10']	義不定故。	義不定故。	Because the meaning is indefinite.
['T27n1545_110:0570a18_5']	有法未知當知根相應非輕安。	有法未知當知根相應非輕安。	There are dharmas corresponding to the faculty of knowing the unknown, but not to tranquility.
['T27n1545_110:0570a18_16']	謂未知當知根相應輕安。	謂未知當知根相應輕安。	Namely, the tranquility corresponding to the faculty of knowing the unknown.
['T27n1545_110:0570a19_10']	此與未知當知根相應非輕安。	此與未知當知根相應非輕安。	This is associated with the faculty of subsequently knowing but not with tranquility.
['T27n1545_110:0570a20_3', 'T27n1545_110:0570a20_16']	自性與自性不相應故。🔽有法輕安相應非未知當知根。	自性與自性不相應故。 有法輕安相應非未知當知根。	Because the intrinsic nature is not associated with the intrinsic nature.🔽There are dharmas associated with tranquility but not with the faculty of subsequently knowing.
['T27n1545_110:0570a21_13']	謂未知當知根不相應輕安相應法。	謂未知當知根不相應輕安相應法。	These are dharmas associated with tranquility but not associated with the faculty of subsequently knowing.
['T27n1545_110:0570a21_18']	此法是何。	此法是何。	What are these dharmas?
['T27n1545_110:0570a22_11']	謂已知根具知根俱生聚中。	謂已知根具知根俱生聚中。	They are those born in the aggregate associated with the faculty of knowing and the faculty of having known.
['T27n1545_110:0570a23_5']	輕安相應法此與輕安相應。	輕安相應法此與輕安相應。	These dharmas are associated with tranquility.
['T27n1545_110:0570a23_12']	非未知當知根。	非未知當知根。	But not with the faculty of subsequently knowing.
['T27n1545_110:0570a23_17']	是他聚故。	是他聚故。	Because they belong to another group.
['T27n1545_110:0570a24_11']	有法未知當知根相應亦輕安。	有法未知當知根相應亦輕安。	There are dharmas associated with both the faculty of subsequently knowing and tranquility.
['T27n1545_110:0570a25_7']	謂未知當知根相應輕安相應法。	謂未知當知根相應輕安相應法。	These are dharmas associated with both the faculty of subsequently knowing and tranquility.
['T27n1545_110:0570a25_12']	此法是何。	此法是何。	What are these dharmas?
['T27n1545_110:0570a25_18']	謂十大地法。	謂十大地法。	They are the ten universal mental factors,
['T27n1545_110:0570a26_4']	九大善地法。	九大善地法。	the nine wholesome factors of great extent,
['T27n1545_110:0570a26_9']	尋伺及心。	尋伺及心。	initial and sustained thought, and mind.
['T27n1545_110:0570a27_6']	有法非未知當知根相應亦非輕安。	有法非未知當知根相應亦非輕安。	There are dharmas not associated with the faculty of subsequently knowing and also not with tranquility.
['T27n1545_110:0570a28_13']	謂未知當知根不相應輕安即已知根具知根俱生聚中輕安。	謂未知當知根不相應輕安即已知根具知根俱生聚中輕安。	These are those not associated with the faculty of subsequently knowing but associated with tranquility, namely tranquility born in the aggregate associated with the faculty of knowing and the faculty of having known.
['T27n1545_110:0570a29_5']	此非未知當知根相應。	此非未知當知根相應。	This is not associated with the faculty of understanding what has not been understood.
['T27n1545_110:0570a29_10']	是他聚故。	是他聚故。	Because it belongs to another group.
['T27n1545_110:0570a29_17']	亦非輕安相應。	亦非輕安相應。	It is also not associated with tranquility.
['T27n1545_110:0570b01_7']	自性與自性不相應故。	自性與自性不相應故。	Because the intrinsic nature is not associated with the intrinsic nature.
['T27n1545_110:0570b01_15']	及餘心心所法者。	及餘心心所法者。	And the rest of the mental factors and mental activities.
['T27n1545_110:0570b02_7']	謂一切有漏心心所法。	謂一切有漏心心所法。	This refers to all contaminated mental factors and mental activities.
['T27n1545_110:0570b02_13']	此俱不相應。	此俱不相應。	They are not mutually associated.
['T27n1545_110:0570b02_18']	是他聚故。	是他聚故。	Because they belong to different groups.
['T27n1545_110:0570b03_8']	色無為心不相應行者。	色無為心不相應行者。	Form, the unconditioned, and mental activities not directly associated with the mind.
['T27n1545_110:0570b04_2']	謂一切色無為心不相應行。	謂一切色無為心不相應行。	This refers to all form, the unconditioned, and mental activities not directly associated with the mind.
['T27n1545_110:0570b04_8']	此俱不相應。	此俱不相應。	They are not mutually associated.
['T27n1545_110:0570b04_13']	無所緣故。	無所緣故。	Because they have no objects.
['T27n1545_110:0570b05_2']	對捨覺支亦爾者。	對捨覺支亦爾者。	The same applies to equanimity as an enlightenment factor.
['T27n1545_110:0570b06_1']	謂如未知當知根對輕安覺支有四句。	謂如未知當知根對輕安覺支有四句。	This means that just as the faculty of understanding what has not been understood has four alternatives in relation to the enlightenment factor of tranquility,
['T27n1545_110:0570b06_9']	此對捨覺支亦爾。	此對捨覺支亦爾。	the same applies to equanimity as an enlightenment factor.
['T27n1545_110:0570b07_1']	諸法未知當知根相應。	諸法未知當知根相應。	The dharmas associated with the faculty of understanding what has not been understood,
['T27n1545_110:0570b07_10']	彼法正思惟相應耶。	彼法正思惟相應耶。	are those dharmas associated with right thought?
['T27n1545_110:0570b07_16']	答應作四句。	答應作四句。	The answer is: Four alternatives should be made.
['T27n1545_110:0570b08_2']	義不定故。	義不定故。	Because the meaning is not definite.
['T27n1545_110:0570b08_16']	有法未知當知根相應非正思惟。	有法未知當知根相應非正思惟。	There are dharmas associated with the faculty of understanding what has not been understood but not with right thought.
['T27n1545_110:0570b09_9']	謂未知當知根相應正思惟。	謂未知當知根相應正思惟。	That is, the right thought associated with the faculty of understanding what has not been understood.
['T27n1545_110:0570b10_7', 'T27n1545_110:0570b11_3']	及正思惟不相應未知當知根相應法。🔽此中未知當知根相應正思惟者。	及正思惟不相應未知當知根相應法。 此中未知當知根相應正思惟者。	And the dharmas associated with the faculty of understanding what has not been understood but not associated with right thought.🔽Here, the right thought associated with the faculty of understanding what has not been understood means:
['T27n1545_110:0570b11_17']	謂未知當知根俱生聚中正思惟。	謂未知當知根俱生聚中正思惟。	The right thought in the aggregate associated with the faculty of understanding what has not been understood.
['T27n1545_110:0570b12_12']	此與未知當知根相應非正思惟。	此與未知當知根相應非正思惟。	This is associated with the faculty of understanding what has not been understood but not with right thought.
['T27n1545_110:0570b13_5']	自性與自性不相應故。	自性與自性不相應故。	Because the intrinsic nature is not associated with the intrinsic nature.
['T27n1545_110:0570b13_13']	及正思惟不相應。	及正思惟不相應。	And not associated with right thought.
['T27n1545_110:0570b14_5']	未知當知根相應法者。	未知當知根相應法者。	The dharmas associated with the faculty of understanding what has not been understood means:
['T27n1545_110:0570b15_6']	謂靜慮中間後三靜慮地中未知當知根相應法。	謂靜慮中間後三靜慮地中未知當知根相應法。	The dharmas associated with the faculty of understanding what has not been understood in the stage of the intermediate dhyāna and the last three dhyānas.
['T27n1545_110:0570b16_2']	此與未知當知根相應非正思惟。	此與未知當知根相應非正思惟。	This is associated with the faculty of understanding what has not been understood but not with right thought.
['T27n1545_110:0570b16_7', 'T27n1545_110:0570b17_2']	是他聚故。🔽有法正思惟相應非未知當知根。	是他聚故。 有法正思惟相應非未知當知根。	Because it belongs to another aggregate.🔽There are dharmas associated with right thought but not with the faculty of understanding what has not been understood.
['T27n1545_110:0570b17_18']	謂未知當知根不相應正思惟相應法。	謂未知當知根不相應正思惟相應法。	That is, the dharmas associated with right thought but not associated with the faculty of understanding what has not been understood.
['T27n1545_110:0570b18_4']	此法是何。	此法是何。	What are these dharmas?
['T27n1545_110:0570b19_4']	謂已知根具知根俱生聚中正思惟相應法。	謂已知根具知根俱生聚中正思惟相應法。	That is, dharmas associated with right thought in the aggregate of those born together with the roots of the already-known and the fully-known.
['T27n1545_110:0570b19_13']	此法與正思惟相應。	此法與正思惟相應。	These dharmas are associated with right thought.
['T27n1545_110:0570b20_2']	非未知當知根。	非未知當知根。	They are not associated with the root of the as-yet-unknown-to-be-known.
['T27n1545_110:0570b20_7']	是他聚故。	是他聚故。	Because they belong to another aggregate.
['T27n1545_110:0570b21_2']	有法未知當知根相應亦正思惟。	有法未知當知根相應亦正思惟。	There are dharmas associated with the root of the as-yet-unknown-to-be-known and also with right thought.
['T27n1545_110:0570b21_17']	謂未知當知根相應正思惟相應法。	謂未知當知根相應正思惟相應法。	That is, dharmas associated with the root of the as-yet-unknown-to-be-known and also associated with right thought.
['T27n1545_110:0570b22_3']	此法是何。	此法是何。	What are these dharmas?
['T27n1545_110:0570b22_9']	謂十大地法。	謂十大地法。	That is, the ten great fundamental mental factors,
['T27n1545_110:0570b22_15']	十大善地法。	十大善地法。	the ten great wholesome factors,
['T27n1545_110:0570b23_1']	尋伺及心。	尋伺及心。	initial and sustained thought, and mind.
['T27n1545_110:0570b23_17']	有法非未知當知根相應亦非正思惟。	有法非未知當知根相應亦非正思惟。	There are dharmas not associated with the root of the as-yet-unknown-to-be-known and also not with right thought.
['T27n1545_110:0570b24_12']	謂未知當知根不相應正思惟。	謂未知當知根不相應正思惟。	That is, right thought not associated with the root of the as-yet-unknown-to-be-known.
['T27n1545_110:0570b24_17']	乃至廣說。	乃至廣說。	And so on in detail.
['T27n1545_110:0570b25_13']	此中未知當知根不相應正思惟者。	此中未知當知根不相應正思惟者。	Here, right thought not associated with the root of the as-yet-unknown-to-be-known means
['T27n1545_110:0570b26_10']	謂已知根具知根俱生聚中正思惟。	謂已知根具知根俱生聚中正思惟。	right thought in the aggregate born together with the roots of the already-known and the fully-known.
['T27n1545_110:0570b27_2']	此非未知當知根相應。	此非未知當知根相應。	This is not associated with the root of the as-yet-unknown-to-be-known.
['T27n1545_110:0570b27_7']	是他聚故。	是他聚故。	Because it belongs to another aggregate.
['T27n1545_110:0570b27_15']	亦非正思惟相應。	亦非正思惟相應。	It is also not associated with right thought.
['T27n1545_110:0570b28_6']	自性與自性不相應故。	自性與自性不相應故。	Because the essence of the faculty of final knowledge is not associated with the essence of the faculty of final knowledge.
['T27n1545_110:0570b28_15']	及諸餘心心所法者。	及諸餘心心所法者。	And with the other mental activities.
['T27n1545_110:0570c01_9']	謂靜慮中間後三靜慮前三無色地中已知根具知根俱生聚中心心所法。	謂靜慮中間後三靜慮前三無色地中已知根具知根俱生聚中心心所法。	This means that the mental activities associated with the faculty of final knowledge and the faculty of having final knowledge in the intermediate state of meditation, the last three meditations, and the first three formless realms are not associated with the faculty of final knowledge.
['T27n1545_110:0570c02_1', 'T27n1545_110:0570c02_7']	及一切有漏心心所法。🔽此俱不相應。	及一切有漏心心所法。 此俱不相應。	And all impure mental activities are not associated with the faculty of final knowledge.
['T27n1545_110:0570c02_12', 'T27n1545_110:0570c03_2']	是他聚故。🔽色無為心不相應行者。	是他聚故。 色無為心不相應行者。	They are not associated with it because they belong to other aggregates.🔽Form, the unconditioned, and the dissociated dharmas.
['T27n1545_110:0570c03_14']	謂一切色無為心不相應行。	謂一切色無為心不相應行。	This means that all form, the unconditioned, and the dissociated dharmas are not associated with the faculty of final knowledge.
['T27n1545_110:0570c04_1']	此俱不相應。	此俱不相應。	They are not associated with it
['T27n1545_110:0570c04_6']	無所緣故。	無所緣故。	because they have no objects.
['T27n1545_110:0570c05_6']	如未知當知根對後已知具知根對後亦爾。	如未知當知根對後已知具知根對後亦爾。	The faculty of having final knowledge is also like this in relation to the faculty of final knowledge.
['T27n1545_110:0570c05_11']	有差別者。	有差別者。	There is a difference.
['T27n1545_110:0570c06_4']	具知根對正見應作四句。	具知根對正見應作四句。	The faculty of final knowledge is to be classified in four sentences in relation to right views.
['T27n1545_110:0570c06_9']	與前有異。	與前有異。	It is different from the above.
['T27n1545_110:0570c07_3']	有法具知根相應非正見。	有法具知根相應非正見。	There are dharmas associated with the faculty of final knowledge that are not right views.
['T27n1545_110:0570c07_12']	謂具知根所攝正見。	謂具知根所攝正見。	This means the right views included in the faculty of final knowledge.
['T27n1545_110:0570c08_8']	及正見不攝不相應具知根相應法。	及正見不攝不相應具知根相應法。	And dharmas associated with the faculty of final knowledge that are not associated with right views, which are not included in right views.
['T27n1545_110:0570c08_18']	此中具知根所攝正見。	此中具知根所攝正見。	Herein, the right view included in the faculty of perfect knowledge,
['T27n1545_110:0570c09_8']	謂具知根俱生正見。	謂具知根俱生正見。	refers to the right view co-arisen with the faculty of perfect knowledge.
['T27n1545_110:0570c10_1']	此與具知根相應非正見。	此與具知根相應非正見。	This is associated with the faculty of perfect knowledge, but not with right view.
['T27n1545_110:0570c10_11', 'T27n1545_110:0570c11_9']	自性與自性不相應故。🔽及正見不攝不相應具知根相應法者。	自性與自性不相應故。 及正見不攝不相應具知根相應法者。	Because the essence does not correspond with the essence itself.🔽And the dharmas associated with the faculty of perfect knowledge that are not included in right view,
['T27n1545_110:0570c12_8']	謂盡智無生智俱生聚中具知根相應法。	謂盡智無生智俱生聚中具知根相應法。	refers to the dharmas associated with the faculty of perfect knowledge in the aggregate co-arisen with the knowledge of exhaustion and non-arising.
['T27n1545_110:0570c13_1']	此與具知根相應非正見。	此與具知根相應非正見。	This is associated with the faculty of perfect knowledge, but not with right view.
['T27n1545_110:0570c13_6', 'T27n1545_110:0570c13_17']	是他聚故。🔽有法正見相應非具知根。	是他聚故。 有法正見相應非具知根。	Because it belongs to another aggregate.🔽There are dharmas associated with right view but not with the faculty of perfect knowledge.
['T27n1545_110:0570c14_11']	謂具知根所不攝正見相應法。	謂具知根所不攝正見相應法。	These dharmas are those associated with right view but not included in the faculty of perfect knowledge.
['T27n1545_110:0570c14_16']	此法是何。	此法是何。	What are these dharmas?
['T27n1545_110:0570c15_17']	謂未知當知根已知根俱生聚中正見相應法。	謂未知當知根已知根俱生聚中正見相應法。	They refer to the dharmas associated with right view in the aggregate co-arisen with the faculty of future understanding and the faculty of present understanding.
['T27n1545_110:0570c16_10']	此與正見相應非具知根。	此與正見相應非具知根。	This is associated with right view, but not with the faculty of perfect knowledge.
['T27n1545_110:0570c16_15']	是他聚故。	是他聚故。	Because it belongs to another aggregate.
['T27n1545_110:0570c17_8']	有法具知根相應亦正見。	有法具知根相應亦正見。	There are dharmas associated with both the faculty of perfect knowledge and right view.
['T27n1545_110:0570c18_2']	謂具知根所攝正見相應法。	謂具知根所攝正見相應法。	These dharmas are those associated with right view and included in the faculty of perfect knowledge.
['T27n1545_110:0570c18_7']	此法是何。	此法是何。	What are these dharmas?
['T27n1545_110:0570c19_4']	謂餘八根及彼相應諸非根心所法。	謂餘八根及彼相應諸非根心所法。	Namely, the other eight faculties and the corresponding mental factors that are not faculties.
['T27n1545_110:0570c19_17']	有法非具知根相應亦非正見。	有法非具知根相應亦非正見。	There are dharmas that are neither associated with the faculty of perfect knowledge nor with right view.
['T27n1545_110:0570c20_9']	謂具知根所不攝正見。	謂具知根所不攝正見。	Namely, right view not included in the faculty of perfect knowledge.
['T27n1545_110:0570c20_14']	乃至廣說。	乃至廣說。	And so on, in detail.
['T27n1545_110:0570c21_8']	此中具知根所不攝正見者。	此中具知根所不攝正見者。	Here, right view not included in the faculty of perfect knowledge means
['T27n1545_110:0570c22_6']	謂未知當知根已知根俱生聚中正見。	謂未知當知根已知根俱生聚中正見。	right view arising in the aggregates associated with the faculty of subsequently discerning the known and the faculty of knowing all that is not known.
['T27n1545_110:0570c22_14']	此非具知根相應。	此非具知根相應。	This is not associated with the faculty of perfect knowledge.
['T27n1545_110:0570c23_1']	是他聚故。	是他聚故。	Because it belongs to another aggregate.
['T27n1545_110:0570c23_8']	亦非正見相應。	亦非正見相應。	Nor is it associated with right view.
['T27n1545_110:0570c24_1']	自性與自性不相應故。	自性與自性不相應故。	Because the intrinsic nature does not correspond with the intrinsic nature.
['T27n1545_110:0570c24_10']	及諸餘心心所法者。	及諸餘心心所法者。	And the other minds and mental factors means
['T27n1545_110:0570c25_1']	謂一切有漏心心所法。	謂一切有漏心心所法。	all defiled minds and mental factors.
['T27n1545_110:0570c25_7']	此俱不相應。	此俱不相應。	These are not mutually associated.
['T27n1545_110:0570c25_12', 'T27n1545_110:0570c26_2']	是他聚故。🔽色無為心不相應行者。	是他聚故。 色無為心不相應行者。	Because they belong to another aggregate.🔽Form, the unconditioned, and the factors not directly associated with mind means
['T27n1545_110:0570c26_14']	謂一切色無為心不相應行。	謂一切色無為心不相應行。	all form, the unconditioned, and the factors not directly associated with mind.
['T27n1545_110:0570c27_1']	此俱不相應。	此俱不相應。	These are not mutually associated.
['T27n1545_110:0570c27_6']	無所緣故。	無所緣故。	Because they have no objects.
['T27n1545_110:0570c27_18']	念覺支乃至正念對後廣說。	念覺支乃至正念對後廣說。	The branch of enlightenment of mindfulness, up to right mindfulness, will be explained in detail later.
['T27n1545_110:0570c28_6']	如覺支納息者。	如覺支納息者。	As in the chapter on the factors of enlightenment.
['T27n1545_110:0570c28_16']	如此蘊初納息已廣說。	如此蘊初納息已廣說。	As in the first chapter on the aggregates, it has been extensively explained.
['T27n1545_110:0570c29_1']	如說。	如說。	As it is said:
['T27n1545_110:0570c29_14']	苾芻吾當為汝說四十四智事。	苾芻吾當為汝說四十四智事。	Monks, I will explain to you the forty-four matters of knowledge.
['T27n1545_110:0571a01_5']	汝應諦聽極善作意。	汝應諦聽極善作意。	You should listen attentively and consider it well.
['T27n1545_110:0571a01_10']	乃至廣說。	乃至廣說。	And so on, it is explained in detail.
['T27n1545_110:0571a01_17']	問何故作此論。	問何故作此論。	Question: Why was this treatise composed?
['T27n1545_110:0571a02_8']	答為廣分別契經義故。	答為廣分別契經義故。	Answer: In order to extensively analyze the meaning of the sutras.
['T27n1545_110:0571a02_13']	如契經說。	如契經說。	As the sutras say:
['T27n1545_110:0571a02_18']	佛告苾芻。	佛告苾芻。	The Buddha told the monks:
['T27n1545_110:0571a03_10']	吾當為汝說四十四智事。	吾當為汝說四十四智事。	I will explain to you the forty-four matters of knowledge.
['T27n1545_110:0571a03_15']	汝應諦聽。	汝應諦聽。	You should listen attentively.
['T27n1545_110:0571a04_2']	乃至廣說。	乃至廣說。	And so on, it is explained in detail.
['T27n1545_110:0571a04_15']	契經雖作是說而不分別其義。	契經雖作是說而不分別其義。	Although the sutras say this, they do not analyze its meaning.
['T27n1545_110:0571a05_6']	經是此論所依根本。	經是此論所依根本。	The sutras are the basis of this treatise.
['T27n1545_110:0571a05_15']	彼未說者今應說之。	彼未說者今應說之。	What has not been explained there should be explained now.
['T27n1545_110:0571a06_2']	故作斯論。	故作斯論。	Therefore, this treatise is composed.
['T27n1545_110:0571a06_12']	問世尊何故說此契經。	問世尊何故說此契經。	Question: Why did the World-Honored One speak this sutra?
['T27n1545_110:0571a07_7']	答世尊昔者由此加行為門為路。	答世尊昔者由此加行為門為路。	Answer: In the past, the World-Honored One used this as a gateway and path.
['T27n1545_110:0571a07_16']	證得無上正等菩提。	證得無上正等菩提。	He realized supreme perfect enlightenment.
['T27n1545_110:0571a08_7']	今復說此示諸弟子。	今復說此示諸弟子。	Now, he again speaks of this to show his disciples.
['T27n1545_110:0571a09_3']	汝等若能不捨如是加行門路。	汝等若能不捨如是加行門路。	If you are able not to abandon this approach,
['T27n1545_110:0571a09_12']	不久當得諸漏永盡。	不久當得諸漏永盡。	before long you will attain the complete destruction of the contaminants.
['T27n1545_110:0571a10_3']	譬如長者由是方便。	譬如長者由是方便。	It is just as a householder, by means of this skillful means,
['T27n1545_110:0571a10_12']	集得珍財而受富樂。	集得珍財而受富樂。	accumulates precious wealth and experiences the pleasures of wealth.
['T27n1545_110:0571a11_7']	復亦以此方便教諸子孫告言。	復亦以此方便教諸子孫告言。	He also teaches his children and grandchildren with this skillful means, saying:
['T27n1545_110:0571a12_1']	汝等若能不捨如是方便。	汝等若能不捨如是方便。	If you are able not to abandon this skillful means,
['T27n1545_110:0571a12_10']	必獲珍財亦受富樂。	必獲珍財亦受富樂。	you will surely obtain precious wealth and also experience the pleasures of wealth.
['T27n1545_110:0571a12_15']	世尊亦爾。	世尊亦爾。	The World-Honored One is also like this.
['T27n1545_110:0571a13_4']	云何四十四智事。	云何四十四智事。	What are the forty-four matters of knowledge?
['T27n1545_110:0571a13_10', 'T27n1545_110:0571a13_16']	謂知老死智。🔽知老死集智。	謂知老死智。 知老死集智。	They are the knowledge of old age and death,🔽the knowledge of the accumulation of old age and death,
['T27n1545_110:0571a14_3']	知老死滅智。	知老死滅智。	the knowledge of the cessation of old age and death,
['T27n1545_110:0571a14_11']	知趣老死滅行智。	知趣老死滅行智。	and the knowledge of the practice leading to the cessation of old age and death.
['T27n1545_110:0571a15_10']	如是知生有取愛受觸六處名色識行智。	如是知生有取愛受觸六處名色識行智。	In this way, there is the knowledge of birth, existence, grasping, craving, feeling, contact, the six sense bases, name-and-form, consciousness, and volitional formations,
['T27n1545_110:0571a15_15', 'T27n1545_110:0571a16_2']	知行集智。🔽知行滅智。	知行集智。 知行滅智。	the knowledge of the accumulation of volitional formations,🔽the knowledge of the cessation of volitional formations,
['T27n1545_110:0571a16_9']	知趣行滅行智。	知趣行滅行智。	and the knowledge of the practice leading to the cessation of volitional formations.
['T27n1545_110:0571a16_17']	是名四十四智事。	是名四十四智事。	These are called the forty-four matters of knowledge.
['T27n1545_110:0571a17_12']	問此中何故不說知無明智等耶。	問此中何故不說知無明智等耶。	Why is it that in this [text] the knowledge of ignorance, etc. is not mentioned?
['T27n1545_110:0571a18_3']	答應說而不說者。	答應說而不說者。	The answer is: although it should be mentioned, it is not mentioned.
['T27n1545_110:0571a18_10']	當知此義有餘。	當知此義有餘。	One should know that this meaning is incomplete.
['T27n1545_110:0571a19_1', 'T27n1545_110:0571a19_7']	復次若法有支所攝。🔽以有支為因。	復次若法有支所攝。 以有支為因。	Moreover, if a dharma is included in the members,🔽and takes the members as its cause,
['T27n1545_110:0571a19_13']	是有支果者。	是有支果者。	it is the effect of the members.
['T27n1545_110:0571a19_18']	此中說之。	此中說之。	This is what is meant here.
['T27n1545_110:0571a20_15']	無明雖亦有支所攝而不以有支為因。	無明雖亦有支所攝而不以有支為因。	Although ignorance is also included in the members, it does not take the members as its cause,
['T27n1545_110:0571a21_8']	亦非有支果故此不說。	亦非有支果故此不說。	and it is also not the effect of the members, so it is not mentioned here.
['T27n1545_110:0571a22_2']	復次若依此法具起四智。	復次若依此法具起四智。	Moreover, if a dharma gives rise to the four knowledges in full,
['T27n1545_110:0571a22_7']	此中說之。	此中說之。	it is mentioned here.
['T27n1545_110:0571a22_15']	依無明但起三智。	依無明但起三智。	Based on ignorance, only three knowledges arise.
['T27n1545_110:0571a23_9']	不起緣有支集智故此不說。	不起緣有支集智故此不說。	Because it does not give rise to the knowledge of the accumulation of the members of existence, it is not mentioned here.
['T27n1545_110:0571a24_13']	此中知老死智等四十四智事當言法智乃至道智耶。	此中知老死智等四十四智事當言法智乃至道智耶。	Here, the forty-four knowledges such as the knowledge of old age and death should be said to be the knowledge of dharmas up to the knowledge of the path.
['T27n1545_110:0571a25_6']	答應言知老死智是四智。	答應言知老死智是四智。	The answer is: The knowledge of old age and death is the four knowledges.
['T27n1545_110:0571a25_18']	謂法類世俗苦智乃至廣說。	謂法類世俗苦智乃至廣說。	Namely, the knowledge of dharmas, inferential knowledge, conventional knowledge, and the knowledge of suffering, and so on at length.
['T27n1545_110:0571a26_9']	此中知老死智是四智。	此中知老死智是四智。	Here, the knowledge of old age and death is the four knowledges.
['T27n1545_110:0571a27_1']	謂法智者知欲界老死。	謂法智者知欲界老死。	Namely, the knowledge of dharmas is the knowledge of old age and death in the desire realm.
['T27n1545_110:0571a27_12']	類智者知色無色界老死。	類智者知色無色界老死。	Inferential knowledge is the knowledge of old age and death in the form and formless realms.
['T27n1545_110:0571a28_1']	世俗智苦智者。	世俗智苦智者。	Conventional knowledge and the knowledge of suffering.
['T27n1545_110:0571a28_8']	俱知三界老死。	俱知三界老死。	Together they know old age and death in the three realms.
['T27n1545_110:0571a29_6']	如知苦有四智知集滅道應知亦爾。	如知苦有四智知集滅道應知亦爾。	Just as there are four knowledges of suffering, so should one understand the knowledges of origination, cessation, and path as well.
['T27n1545_110:0571a29_16']	如依老死起十六智事。	如依老死起十六智事。	Just as there are sixteen knowledge-events based on old age and death,
['T27n1545_110:0571b01_7']	乃至依行應知亦爾。	乃至依行應知亦爾。	so should one understand it up to based on formations.
['T27n1545_110:0571b02_2']	如是合有一百七十六智事。	如是合有一百七十六智事。	Thus, there are a total of one hundred and seventy-six knowledge-events.
['T27n1545_110:0571b03_1']	若以相續剎那分別則有無量無邊智事。	若以相續剎那分別則有無量無邊智事。	If distinguished by continuity and moment, there are innumerable and boundless knowledge-events.
['T27n1545_110:0571b04_2']	此中世尊依十一支四諦差別各起四智故。	此中世尊依十一支四諦差別各起四智故。	Here, the World-Honored One, based on the four truths distinguished by the eleven factors, gives rise to four knowledges each. Therefore,
['T27n1545_110:0571b04_11']	但說有四十四智事。	但說有四十四智事。	he only speaks of forty-four knowledge-events.
['T27n1545_110:0571b05_6']	此四十四智事。	此四十四智事。	Of these forty-four knowledge-events,
['T27n1545_110:0571b05_13']	幾有漏幾無漏。	幾有漏幾無漏。	how many are contaminated and how many are uncontaminated?
['T27n1545_110:0571b06_4']	答一切皆通有漏無漏。	答一切皆通有漏無漏。	The answer is that all of them are both contaminated and uncontaminated.
['T27n1545_110:0571b06_13']	幾緣有漏幾緣無漏。	幾緣有漏幾緣無漏。	How many take contaminated [factors] as objects and how many take uncontaminated [factors] as objects?
['T27n1545_110:0571b07_3']	答二十二緣有漏。	答二十二緣有漏。	The answer is that twenty-two take contaminated [factors] as objects,
['T27n1545_110:0571b07_10', 'T27n1545_110:0571b07_14']	二十二緣無漏。🔽幾有為。	二十二緣無漏。 幾有為。	and twenty-two take uncontaminated [factors] as objects.
['T27n1545_110:0571b07_18']	幾無為。	幾無為。	How many are conditioned and how many are unconditioned?
['T27n1545_110:0571b08_5', 'T27n1545_110:0571b08_10']	答一切是有為。🔽幾緣有為。	答一切是有為。 幾緣有為。	The answer is that all of them are conditioned.
['T27n1545_110:0571b08_15']	幾緣無為。	幾緣無為。	How many take conditioned [factors] as objects and how many take unconditioned [factors] as objects?
['T27n1545_110:0571b09_4']	答三十三緣有為。	答三十三緣有為。	The answer is that thirty-three take conditioned [factors] as objects,
['T27n1545_110:0571b09_10']	十一緣無為。	十一緣無為。	Eleven are conditioned by the unconditioned.
['T27n1545_110:0571b10_1']	幾過去幾未來幾現在。	幾過去幾未來幾現在。	How many are past, how many are future, and how many are present?
['T27n1545_110:0571b10_9', 'T27n1545_110:0571b10_14']	答一切皆通三世。🔽幾緣過去。	答一切皆通三世。 幾緣過去。	The answer is that all are common to the three times.🔽How many are conditioned by the past?
['T27n1545_110:0571b10_19']	幾緣未來。	幾緣未來。	How many are conditioned by the future?
['T27n1545_110:0571b11_4']	幾緣現在。	幾緣現在。	How many are conditioned by the present?
['T27n1545_110:0571b11_12']	答三十三緣三世。	答三十三緣三世。	The answer is that thirty-three are conditioned by the three times.
['T27n1545_110:0571b11_18']	十一緣非世。	十一緣非世。	Eleven are conditioned by what is not a time.
['T27n1545_110:0571b12_8']	若如雜蘊分位三世。	若如雜蘊分位三世。	If, like in the chapter on miscellaneous aggregates, the three times are distinguished by states,
['T27n1545_110:0571b12_15']	應言三緣過去。	應言三緣過去。	it should be said that three are conditioned by the past,
['T27n1545_110:0571b13_2']	謂知行智。	謂知行智。	namely the cognition of the knowledge of activities,
['T27n1545_110:0571b13_7']	知行集智。	知行集智。	the cognition of the knowledge of the accumulation of activities,
['T27n1545_110:0571b13_16', 'T27n1545_110:0571b14_4']	知識集智三緣未來。🔽謂知老死智。	知識集智三緣未來。 謂知老死智。	and the cognition of the knowledge of the accumulation of knowledge. Three are conditioned by the future,🔽namely the cognition of old age and death,
['T27n1545_110:0571b14_10']	知老死集智。	知老死集智。	the cognition of the knowledge of the accumulation of old age and death,
['T27n1545_110:0571b14_14']	知生智。	知生智。	and the cognition of birth.
['T27n1545_110:0571b15_1']	十六緣現在。	十六緣現在。	Sixteen are conditioned by the present,
['T27n1545_110:0571b15_7']	謂知生集智。	謂知生集智。	namely the cognition of the knowledge of the accumulation of birth,
['T27n1545_110:0571b15_11']	知有智。	知有智。	the cognition of existence,
['T27n1545_110:0571b15_16']	知有集智。	知有集智。	the cognition of the knowledge of the accumulation of existence,
['T27n1545_110:0571b16_5']	知取智知取集智。	知取智知取集智。	the cognition of grasping, the cognition of the knowledge of the accumulation of grasping,
['T27n1545_110:0571b16_9', 'T27n1545_110:0571b16_17']	知愛智。🔽知愛集智知受智。	知愛智。 知愛集智知受智。	the cognition of craving,🔽the cognition of the knowledge of the accumulation of craving, the cognition of feeling,
['T27n1545_110:0571b17_4', 'T27n1545_110:0571b17_8']	知受集智。🔽知觸智。	知受集智。 知觸智。	the cognition of the knowledge of the accumulation of feeling,🔽the cognition of contact,
['T27n1545_110:0571b17_13', 'T27n1545_110:0571b17_18']	知觸集智。🔽知六處智。	知觸集智。 知六處智。	the cognition of the knowledge of the accumulation of contact,🔽the cognition of the six sense bases,
['T27n1545_110:0571b18_5']	知六處集智。	知六處集智。	and the cognition of the knowledge of the accumulation of the six sense bases.
['T27n1545_110:0571b18_10', 'T27n1545_110:0571b18_16']	知名色智。🔽知名色集智。	知名色智。 知名色集智。	It is the knowledge of name-and-form.🔽It is the knowledge of the origination of name-and-form.
['T27n1545_110:0571b19_2']	知識智。	知識智。	It is the knowledge of consciousness.
['T27n1545_110:0571b19_8']	十一緣三世。	十一緣三世。	Eleven are conditioned by the three times.
['T27n1545_110:0571b19_14']	十一緣非世。	十一緣非世。	Eleven are not conditioned by time.
['T27n1545_110:0571b20_10']	問如是智事既不能入正性離生。	問如是智事既不能入正性離生。	Question: Since these knowledges and matters cannot enter the state of certainty in the absence of birth,
['T27n1545_110:0571b21_2']	得果離染及盡諸漏。	得果離染及盡諸漏。	attain the fruit, be free from defilements, or exhaust all contaminations,
['T27n1545_110:0571b21_11']	何緣聖者修令現前。	何緣聖者修令現前。	why do the noble ones cultivate them to be present?
['T27n1545_110:0571b21_17']	答由四緣故。	答由四緣故。	Answer: For four reasons.
['T27n1545_110:0571b22_6']	一為住現法樂故。	一為住現法樂故。	First, for the sake of abiding in the bliss of the present Dharma.
['T27n1545_110:0571b22_14']	二為遊戲功德故。	二為遊戲功德故。	Second, for the sake of playing with merit.
['T27n1545_110:0571b23_5']	三為觀本所作故。	三為觀本所作故。	Third, for the sake of observing what was done before.
['T27n1545_110:0571b23_12']	四為受聖財故。	四為受聖財故。	Fourth, for the sake of receiving the wealth of the noble ones.
['T27n1545_110:0571b23_15']	如說。	如說。	As it is said:
['T27n1545_110:0571b24_10']	苾芻吾當為汝說七十七智事。	苾芻吾當為汝說七十七智事。	Bhikṣus, I will explain to you the seventy-seven matters of knowledge.
['T27n1545_110:0571b25_2']	汝應諦聽極善作意。	汝應諦聽極善作意。	You should listen attentively and consider it well.
['T27n1545_110:0571b25_7']	乃至廣說。	乃至廣說。	And so on, in detail.
['T27n1545_110:0571b25_14']	問何故作此論。	問何故作此論。	Question: Why compose this treatise?
['T27n1545_110:0571b26_5']	答為廣分別契經義故。	答為廣分別契經義故。	Answer: In order to extensively analyze the meaning of the sūtras.
['T27n1545_110:0571b26_10']	廣說如前。	廣說如前。	The extensive explanation is as above.
['T27n1545_110:0571b27_1']	問世尊何故說此契經。	問世尊何故說此契經。	Question: Why did the World-Honored One speak this sūtra?
['T27n1545_110:0571b27_7']	答世尊昔者。	答世尊昔者。	Answer: In the past, the World-Honored One,
['T27n1545_110:0571b27_16']	由此加行為門為路。	由此加行為門為路。	used this as a gateway and a path,
['T27n1545_110:0571b28_2']	廣說如前。	廣說如前。	The detailed explanation is the same as before.
['T27n1545_110:0571b28_10']	云何七十七智事。	云何七十七智事。	What are the seventy-seven knowledges?
['T27n1545_110:0571b28_18']	謂知生緣老死智。	謂知生緣老死智。	It means knowing that birth conditions aging and death.
['T27n1545_110:0571b29_9']	知彼非不生緣老死智。	知彼非不生緣老死智。	Knowing that it is not that without birth there is aging and death.
['T27n1545_110:0571c01_1']	知過去生緣老死智。	知過去生緣老死智。	Knowing that past birth conditions aging and death.
['T27n1545_110:0571c01_11']	知彼非不生緣老死智。	知彼非不生緣老死智。	Knowing that it is not that without birth there is aging and death.
['T27n1545_110:0571c02_2']	知未來生緣老死智。	知未來生緣老死智。	Knowing that future birth conditions aging and death.
['T27n1545_110:0571c02_12']	知彼非不生緣老死智。	知彼非不生緣老死智。	Knowing that it is not that without birth there is aging and death.
['T27n1545_110:0571c02_17']	及法住智。	及法住智。	And the knowledge of the abiding of dharmas.
['T27n1545_110:0571c03_7']	遍知此是無常有為。	遍知此是無常有為。	Thoroughly knowing that this is impermanent and conditioned.
['T27n1545_110:0571c03_11']	思所作。	思所作。	Thought-produced.
['T27n1545_110:0571c03_15']	從緣生。	從緣生。	Arisen from conditions.
['T27n1545_110:0571c04_5']	盡法減法離法滅法。	盡法減法離法滅法。	The dharma of exhaustion, the dharma of decrease, the dharma of separation, the dharma of cessation.
['T27n1545_110:0571c04_15']	如依生緣老死起七智。	如依生緣老死起七智。	Like relying on birth to condition aging and death to give rise to seven knowledges.
['T27n1545_110:0571c05_7']	乃至依無明緣行亦爾。	乃至依無明緣行亦爾。	Up to relying on ignorance to condition formations is also like this.
['T27n1545_110:0571c05_15']	故有七十七智事。	故有七十七智事。	Therefore there are seventy-seven knowledge events.
['T27n1545_110:0571c06_13']	問此中何故不說知無明所從緣智耶。	問此中何故不說知無明所從緣智耶。	Why is it that in this [text] it does not speak of knowing the conditions from which ignorance arises?
['T27n1545_110:0571c07_4']	答應說而不說者。	答應說而不說者。	The answer is: It should be spoken of, but it is not spoken of.
['T27n1545_110:0571c07_11']	當知此義有餘。	當知此義有餘。	One should know that there is a remainder to this meaning.
['T27n1545_110:0571c08_2']	復次若法有支所攝。	復次若法有支所攝。	Furthermore, if a dharma is included within the members [of dependent arising],
['T27n1545_110:0571c08_13']	以有支為因是有支果者。	以有支為因是有支果者。	and has the members as its cause, it is a result of the members.🔽Here is the corrected and aligned text:
['T27n1545_110:0571c08_18']	此中說之。	此中說之。	This is what is meant here.
['T27n1545_110:0571c09_8']	無明雖亦有支所攝。	無明雖亦有支所攝。	Although ignorance is also included in the members,
['T27n1545_110:0571c09_16']	而不以有支為因。	而不以有支為因。	It is not the cause of the members of existence.
['T27n1545_110:0571c10_4']	亦非有支果。	亦非有支果。	It is also not the fruit of the members of existence.
['T27n1545_110:0571c10_9']	故此不說。	故此不說。	Therefore, this is not mentioned here.
['T27n1545_110:0571c11_5']	復次若依此法起緣有支七智者。	復次若依此法起緣有支七智者。	Furthermore, if one relies on this teaching to give rise to the seven knowledges that take the members of existence as their object,
['T27n1545_110:0571c11_10']	此中說之。	此中說之。	This is what is meant here.
['T27n1545_110:0571c12_6']	依無明所從緣不起緣有支七智。	依無明所從緣不起緣有支七智。	Relying on ignorance, one does not give rise to the seven knowledges that take the members of existence as their object.
['T27n1545_110:0571c12_11']	故此不說。	故此不說。	Therefore, this is not mentioned here.
['T27n1545_110:0571c13_9']	此中知生緣老死智等。	此中知生緣老死智等。	Here, the knowledge that birth is a condition for old age and death, and so forth,
['T27n1545_110:0571c13_15']	七十七智事。	七十七智事。	The seven knowledges and seventy-seven knowledge-bases,
['T27n1545_110:0571c14_6']	當言法智乃至道智耶。	當言法智乃至道智耶。	Should they be said to be the knowledge of dharmas up to the knowledge of the path?
['T27n1545_110:0571c14_16']	答應言知生緣老死等。	答應言知生緣老死等。	The answer is: The knowledge that birth is a condition for old age and death, and so forth,
['T27n1545_110:0571c15_6']	前六智皆是四智。	前六智皆是四智。	The first six knowledges are all four knowledges,
['T27n1545_110:0571c15_14']	謂法類世俗集智。	謂法類世俗集智。	Namely, the knowledge of dharmas, inferential knowledge, conventional knowledge, and the knowledge of the origin.
['T27n1545_110:0571c16_1']	第七法住智。	第七法住智。	The seventh knowledge of the enduring reality of dharmas,
['T27n1545_110:0571c16_7']	是一世俗智。	是一世俗智。	Is one conventional knowledge.
['T27n1545_110:0571c16_16']	如知生緣老死七智。	如知生緣老死七智。	Just as the knowledge that birth is a condition for old age and death is seven knowledges,
['T27n1545_110:0571c17_9']	乃至知無明緣行七智亦爾。	乃至知無明緣行七智亦爾。	Up to the knowledge that ignorance is a condition for volitional formations is also seven knowledges.
['T27n1545_110:0571c17_15']	此中法智者。	此中法智者。	Here, the knowledge of dharmas means:
['T27n1545_110:0571c18_6']	知欲界生緣老死等。	知欲界生緣老死等。	Knowing that birth in the desire realm is a condition for old age and death, and so forth.
['T27n1545_110:0571c18_10']	類智者。	類智者。	Inferential knowledge means:
['T27n1545_110:0571c19_2']	知色無色界生緣老死等。	知色無色界生緣老死等。	Knowing that birth in the form and formless realms conditions aging and death, etc.
['T27n1545_110:0571c19_9']	世俗智集智者。	世俗智集智者。	The knowledge of the conventional and the knowledge of the aggregate [truth]
['T27n1545_110:0571c19_19']	俱知三界生緣老死等。	俱知三界生緣老死等。	Both know that birth in the three realms conditions aging and death, etc.
['T27n1545_110:0571c20_8']	問已說生緣老死等。	問已說生緣老死等。	It has been said that birth conditions aging and death, etc.
['T27n1545_110:0571c21_3']	何故復說非不生緣老死等耶。	何故復說非不生緣老死等耶。	Why is it also said that it is not that non-birth conditions aging and death, etc.?
['T27n1545_110:0571c21_9']	答論有二種。	答論有二種。	The answer is: There are two kinds of treatises.
['T27n1545_110:0571c21_14']	一立自宗。	一立自宗。	One establishes one's own standpoint.
['T27n1545_110:0571c22_1']	二遮他宗。	二遮他宗。	The other refutes the standpoints of others.
['T27n1545_110:0571c22_6']	立自宗者。	立自宗者。	As for establishing one's own standpoint,
['T27n1545_110:0571c22_17', 'T27n1545_110:0571c23_8']	如善說法者立善說法宗。🔽惡說法者立惡說法宗。	如善說法者立善說法宗。 惡說法者立惡說法宗。	It is like a proponent of good teachings establishing the standpoint of good teachings.🔽A proponent of bad teachings establishes the standpoint of bad teachings.
['T27n1545_110:0571c23_18']	應理論者立應理論宗。	應理論者立應理論宗。	A proponent of the Abhidharma establishes the standpoint of the Abhidharma.
['T27n1545_110:0571c24_9']	分別論者立分別論宗。	分別論者立分別論宗。	A proponent of the Vibhāṣā establishes the standpoint of the Vibhāṣā.
['T27n1545_110:0571c24_14', 'T27n1545_110:0571c25_7']	遮他宗者。🔽如善說法者遮惡說法宗。	遮他宗者。 如善說法者遮惡說法宗。	As for refuting the standpoints of others,🔽It is like a proponent of good teachings refuting the standpoint of bad teachings.
['T27n1545_110:0571c25_17', 'T27n1545_110:0571c26_8']	惡說法者遮善說法宗。🔽應理論者遮分別論宗。	惡說法者遮善說法宗。 應理論者遮分別論宗。	A proponent of bad teachings refutes the standpoint of good teachings.🔽A proponent of the Abhidharma refutes the standpoint of the Vibhāṣā.
['T27n1545_110:0571c26_18']	分別論者遮應理論宗。	分別論者遮應理論宗。	A proponent of the Vibhāṣā refutes the standpoint of the Abhidharma.
['T27n1545_110:0571c27_9']	若但說生緣老死等者。	若但說生緣老死等者。	If one only speaks of birth conditioning aging and death, etc.,
['T27n1545_110:0571c28_1']	或有生疑為興言論。	或有生疑為興言論。	There may be doubts about whether it is for the sake of engaging in debate.
['T27n1545_110:0571c28_6']	作如是說。	作如是說。	Thus it is said.
['T27n1545_110:0571c28_11']	理未必爾。	理未必爾。	The principle may not necessarily be so.
['T27n1545_110:0571c29_2']	為決彼疑顯此理定。	為決彼疑顯此理定。	In order to resolve their doubts and manifest this principle definitively,
['T27n1545_110:0571c29_14']	是故復說非不生緣老死等。	是故復說非不生緣老死等。	Therefore, it is further said that it is not that non-arising is not the condition for old age and death, etc.
['T27n1545_110:0572a01_3']	此中知生緣老死。	此中知生緣老死。	Here, knowing that birth is the condition for old age and death,
['T27n1545_110:0572a01_12']	是法類世俗集四智。	是法類世俗集四智。	Is the four knowledges of the Dharma, categories, and conventional truth.
['T27n1545_110:0572a02_5']	知非不生緣老死亦是四智。	知非不生緣老死亦是四智。	Knowing that non-arising is also the condition for old age and death is also the four knowledges.
['T27n1545_110:0572a02_10']	合有八智。	合有八智。	Combined, there are eight knowledges.
['T27n1545_110:0572a03_2']	知過去未來生緣老死。	知過去未來生緣老死。	Knowing that past and future births are the conditions for old age and death,
['T27n1545_110:0572a03_8']	亦各有八智。	亦各有八智。	Also each has eight knowledges.
['T27n1545_110:0572a03_15']	合有二十四智。	合有二十四智。	Combined, there are twenty-four knowledges.
['T27n1545_110:0572a04_9']	第七法住智唯是一世俗智故。	第七法住智唯是一世俗智故。	The seventh knowledge of the abiding of dharmas is only one conventional knowledge.
['T27n1545_110:0572a04_17']	足前有二十五智。	足前有二十五智。	Adding to the previous, there are twenty-five knowledges.
['T27n1545_110:0572a05_6']	如知生緣老死。	如知生緣老死。	As for knowing that birth is the condition for old age and death,
['T27n1545_110:0572a05_16']	乃至知無明緣行亦爾。	乃至知無明緣行亦爾。	Up to knowing that ignorance is the condition for karmic formations is the same.
['T27n1545_110:0572a06_9']	如是合有二百七十五智。	如是合有二百七十五智。	Thus, combined, there are two hundred and seventy-five knowledges.
['T27n1545_110:0572a07_1']	若以相續剎那分別。	若以相續剎那分別。	If distinguished by continuity and moment,
['T27n1545_110:0572a07_10']	則有無量無邊智事。	則有無量無邊智事。	Then there are innumerable and boundless knowledge events.
['T27n1545_110:0572a08_1']	此中世尊依十一支。	此中世尊依十一支。	Here, the World-Honored One, based on the eleven factors,
['T27n1545_110:0572a08_10']	三世差別各起七智。	三世差別各起七智。	Gives rise to seven knowledges for each of the three periods of time.
['T27n1545_110:0572a09_2']	故但說有七十七智事。	故但說有七十七智事。	Therefore, it is said that there are only seventy-seven types of knowledge.
['T27n1545_110:0572a09_12']	問何故不說知現在耶。	問何故不說知現在耶。	Why is it not said that [the Buddha] knows the present?
['T27n1545_110:0572a09_17']	有作是說。	有作是說。	Some say:
['T27n1545_110:0572a10_8']	七中前二即知現在。	七中前二即知現在。	The first two of the seven [types of knowledge] already know the present.
['T27n1545_110:0572a10_13']	復有說者。	復有說者。	There are also those who say:
['T27n1545_110:0572a11_3']	七中前二通知三世。	七中前二通知三世。	The first two of the seven [types of knowledge] know the three times.
['T27n1545_110:0572a11_12']	過去未來難了知故。	過去未來難了知故。	Because the past and future are difficult to know,
['T27n1545_110:0572a11_17']	復別說知。	復別說知。	They are specifically mentioned.
['T27n1545_110:0572a12_3']	現在不爾。	現在不爾。	The present is not like this,
['T27n1545_110:0572a12_8']	故不別說。	故不別說。	So it is not specifically mentioned.
['T27n1545_110:0572a12_15', 'T27n1545_110:0572a12_19']	此七十七智事。🔽幾有漏。	此七十七智事。 幾有漏。	These seventy-seven types of knowledge,🔽How many are contaminated?
['T27n1545_110:0572a13_3']	幾無漏。	幾無漏。	How many are uncontaminated?
['T27n1545_110:0572a13_13']	答十一法住智唯有漏。	答十一法住智唯有漏。	Answer: The eleven knowledges of the abodes of beings are only contaminated.
['T27n1545_110:0572a14_3']	唯是世俗智性攝故。	唯是世俗智性攝故。	Because they are only the nature of conventional knowledge.
['T27n1545_110:0572a14_14']	餘六十六智通有漏無漏。	餘六十六智通有漏無漏。	The remaining sixty-six knowledges are both contaminated and uncontaminated.
['T27n1545_110:0572a15_1']	四智攝故。	四智攝故。	Because they are included in the four knowledges.
['T27n1545_110:0572a15_6']	有作是說。	有作是說。	Some say:
['T27n1545_110:0572a15_15']	一切皆通有漏無漏。	一切皆通有漏無漏。	All are both contaminated and uncontaminated.
['T27n1545_110:0572a16_1']	幾緣有漏。	幾緣有漏。	How many take contaminated [dharmas] as objects?
['T27n1545_110:0572a16_6']	幾緣無漏。	幾緣無漏。	How many take uncontaminated [dharmas] as objects?
['T27n1545_110:0572a16_14', 'T27n1545_110:0572a16_18']	答一切皆緣有漏。🔽幾有為。	答一切皆緣有漏。 幾有為。	Answer: All take contaminated [dharmas] as objects.🔽How many are conditioned?
['T27n1545_110:0572a17_2']	幾無為。	幾無為。	How many are unconditioned?
['T27n1545_110:0572a17_9']	答一切皆有為。	答一切皆有為。	Answer: All are conditioned.
['T27n1545_110:0572a17_14']	必無智體。	必無智體。	There is definitely no knowledge that is unconditioned.
['T27n1545_110:0572a17_19', 'T27n1545_110:0572a18_3']	是無為故。🔽幾緣有為。	是無為故。 幾緣有為。	Because it is unconditioned.🔽How many are conditioned?
['T27n1545_110:0572a18_8']	幾緣無為。	幾緣無為。	How many are unconditioned?
['T27n1545_110:0572a18_16', 'T27n1545_110:0572a19_1']	答一切皆緣有為。🔽幾過去。	答一切皆緣有為。 幾過去。	The answer is that all are conditioned.🔽How many are past?
['T27n1545_110:0572a19_5']	幾未來。	幾未來。	How many are future?
['T27n1545_110:0572a19_9']	幾現在。	幾現在。	How many are present?
['T27n1545_110:0572a19_17', 'T27n1545_110:0572a20_2']	答一切皆通三世。🔽幾緣過去。	答一切皆通三世。 幾緣過去。	The answer is that all are common to the three times.🔽How many are conditions for the past?
['T27n1545_110:0572a20_7']	幾緣未來。	幾緣未來。	How many are conditions for the future?
['T27n1545_110:0572a20_12']	幾緣現在。	幾緣現在。	How many are conditions for the present?
['T27n1545_110:0572a21_8']	答諸有欲令七中前二唯緣現在者。	答諸有欲令七中前二唯緣現在者。	The answer is that those who wish to have the first two of the seven only as conditions for the present,
['T27n1545_110:0572a21_17', 'T27n1545_110:0572a22_6']	彼說二十二緣過去。🔽二十二緣未來。	彼說二十二緣過去。 二十二緣未來。	they say twenty-two are conditions for the past,🔽twenty-two are conditions for the future,
['T27n1545_110:0572a22_13']	二十二緣現在。	二十二緣現在。	and twenty-two are conditions for the present.
['T27n1545_110:0572a23_1']	十一緣三世。	十一緣三世。	Eleven are conditions for the three times.
['T27n1545_110:0572a23_15']	諸有欲令七中前二通緣三世者。	諸有欲令七中前二通緣三世者。	Those who wish to have the first two of the seven as common conditions for the three times,
['T27n1545_110:0572a24_6']	彼說二十二緣過去。	彼說二十二緣過去。	they say twenty-two are conditions for the past,
['T27n1545_110:0572a24_13']	二十二緣未來。	二十二緣未來。	twenty-two are conditions for the future,
['T27n1545_110:0572a25_2']	三十三緣三世。	三十三緣三世。	and thirty-three are conditions for the three times.
['T27n1545_110:0572a25_13']	此智不能入正性離生等。	此智不能入正性離生等。	This cognition cannot enter the correct state of detachment from birth, and so on.
['T27n1545_110:0572a26_1']	由四緣故。	由四緣故。	This is due to four conditions.
['T27n1545_110:0572a26_10']	修令現前義如前說。	修令現前義如前說。	The meaning of cultivating to make manifest is as explained above.
['T27n1545_110:0572a27_9']	問何故第七名法住智。	問何故第七名法住智。	Why is the seventh called cognition of the abiding of dharmas?
['T27n1545_110:0572a27_15']	答法者是果。	答法者是果。	The answer is: the dharma is the effect.
['T27n1545_110:0572a28_1']	住者是因。	住者是因。	Abiding is the cause.
['T27n1545_110:0572a28_9']	知果法所住因故。	知果法所住因故。	Because one knows the cause of abiding in the dharma of effects,
['T27n1545_110:0572a28_14']	名法住智。	名法住智。	It is called the knowledge of the abiding of dharmas.
['T27n1545_110:0572a29_12']	謂知三界下中上果所住之因名法住智。	謂知三界下中上果所住之因名法住智。	It means knowing the cause of abiding in the superior, middling, and inferior effects of the three realms is called the knowledge of the abiding of dharmas.
['T27n1545_110:0572b01_3']	此智唯知因之別相。	此智唯知因之別相。	This knowledge only knows the specific characteristics of causes.
['T27n1545_110:0572b01_8']	非聖行相。	非聖行相。	It is not the aspect of the noble path.
['T27n1545_110:0572b01_15']	故唯世俗智攝。	故唯世俗智攝。	Therefore, it is only included in conventional knowledge.
['T27n1545_110:0572b02_5']	有作是說此通四智。	有作是說此通四智。	Some say it is common to four knowledges.
['T27n1545_110:0572b02_13']	謂法類世俗集智。	謂法類世俗集智。	Namely, the knowledge of dharmas, inferential knowledge, conventional knowledge, and the knowledge of accumulation.
['T27n1545_110:0572b02_17']	問若爾。	問若爾。	Question: If so,
['T27n1545_110:0572b03_7']	何故說是一世俗智。	何故說是一世俗智。	why is it said to be one conventional knowledge?
['T27n1545_110:0572b03_13']	答實通無漏。	答實通無漏。	Answer: In reality, it is common to the uncontaminated.
['T27n1545_110:0572b04_4']	此中且說是有漏者。	此中且說是有漏者。	Here, it only speaks of that which is contaminated.
['T27n1545_110:0572b04_13']	此多分知因別相故。	此多分知因別相故。	This is mainly because it knows the specific characteristics of causes.
['T27n1545_110:0572b05_1']	復有說者。	復有說者。	There is also a saying:
['T27n1545_110:0572b05_14']	前六智是知因智故名為法住。	前六智是知因智故名為法住。	The first six knowledges are the knowledge of causes, therefore they are called the abiding of dharmas.
['T27n1545_110:0572b06_5']	緣彼起智名法住智。	緣彼起智名法住智。	The knowledge that arises in dependence on them is called the knowledge of the abiding of dharmas.
['T27n1545_110:0572b07_1']	此智知道非知集因亦四智攝。	此智知道非知集因亦四智攝。	This knowledge knows the path, but does not know the cause of accumulation. It is also included in four knowledges.
['T27n1545_110:0572b07_9']	謂法類世俗道智。	謂法類世俗道智。	Namely, the knowledge of dharmas, inferential knowledge, conventional knowledge, and the knowledge of the path.
['T27n1545_110:0572b07_13']	問若爾。	問若爾。	Question: If so,
['T27n1545_110:0572b08_1']	何故作如是說。	何故作如是說。	why is it said in this way?
['T27n1545_110:0572b08_10']	遍知此是無常有為。	遍知此是無常有為。	One thoroughly knows that this is impermanent and conditioned.
['T27n1545_110:0572b08_14']	思所作。	思所作。	It is created by thought.
['T27n1545_110:0572b08_18']	從緣生。	從緣生。	It arises from conditions.
['T27n1545_110:0572b09_6']	盡法減法離法滅法。	盡法減法離法滅法。	It is a dharma of exhaustion, a dharma of decrease, a dharma of separation, a dharma of cessation.
['T27n1545_110:0572b09_15']	無漏豈得名離法耶。	無漏豈得名離法耶。	Can the uncontaminated be called a dharma of separation?
['T27n1545_110:0572b10_7']	答此中但應作如是說。	答此中但應作如是說。	The answer is: Here one should only say:
['T27n1545_110:0572b10_16']	遍知此是無常有為。	遍知此是無常有為。	One thoroughly knows that this is impermanent and conditioned.
['T27n1545_110:0572b11_3']	乃至滅法。	乃至滅法。	Up to a dharma of cessation.
['T27n1545_110:0572b11_9']	不應說離法。	不應說離法。	One should not say a dharma of separation.
['T27n1545_110:0572b11_15']	而說離法者。	而說離法者。	But it says a dharma of separation.
['T27n1545_110:0572b12_14']	欲顯聖者亦厭無漏不生欣樂故說離法。	欲顯聖者亦厭無漏不生欣樂故說離法。	In order to show that the noble ones are also disgusted with the uncontaminated and do not give rise to delight, it says a dharma of separation.
['T27n1545_110:0572b13_2']	有餘復說。	有餘復說。	Some others say:
['T27n1545_110:0572b13_11']	前知因智是四智性。	前知因智是四智性。	The previous knowledge of the truth of origination is of the nature of the four knowledges.
['T27n1545_110:0572b14_2']	今知彼智名法住智。	今知彼智名法住智。	Now the knowledge of that is called the knowledge of the enduring nature of dharmas.
['T27n1545_110:0572b14_8']	故此法住智。	故此法住智。	Therefore this knowledge of the enduring nature of dharmas.
['T27n1545_110:0572b15_1']	知彼世俗智亦名知離法。	知彼世俗智亦名知離法。	Knowing that conventional knowledge is also called knowing a dharma of separation.
['T27n1545_110:0572b15_4']	評曰。	評曰。	The judges say:
['T27n1545_110:0572b15_13']	應知此中初說為善。	應知此中初說為善。	One should know that the first explanation here is good.
['T27n1545_110:0572b16_4']	如世尊說。	如世尊說。	As the World-Honored One said:
['T27n1545_110:0572b16_10']	蘇尸摩當知。	蘇尸摩當知。	Susīma, you should know.
['T27n1545_110:0572b16_16']	先有法住智。	先有法住智。	First there is the knowledge of the enduring nature of dharmas.
['T27n1545_110:0572b17_3']	後有涅槃智。	後有涅槃智。	Later there is the knowledge of nirvāṇa.
['T27n1545_110:0572b17_13']	問此中何者是法住智。	問此中何者是法住智。	Question: What is the knowledge of the enduring nature of dharmas here?
['T27n1545_110:0572b18_2']	何者是涅槃智耶。	何者是涅槃智耶。	What is the knowledge of nirvana?
['T27n1545_110:0572b18_7']	有作是說。	有作是說。	Some say:
['T27n1545_110:0572b18_15']	知集智是法住智。	知集智是法住智。	The knowledge of the origin is the knowledge of the abiding of dharmas.
['T27n1545_110:0572b19_4']	知滅智是涅槃智。	知滅智是涅槃智。	The knowledge of cessation is the knowledge of nirvana.
['T27n1545_110:0572b19_9']	有餘復說。	有餘復說。	Others say:
['T27n1545_110:0572b19_18']	知苦集智是法住智。	知苦集智是法住智。	The knowledge of suffering and origin is the knowledge of the abiding of dharmas.
['T27n1545_110:0572b20_8']	知滅道智是涅槃智。	知滅道智是涅槃智。	The knowledge of cessation and path is the knowledge of nirvana.
['T27n1545_110:0572b20_13']	或有說者。	或有說者。	Some say:
['T27n1545_110:0572b21_4']	知苦集道智是法住智。	知苦集道智是法住智。	The knowledge of suffering, origin, and path is the knowledge of the abiding of dharmas.
['T27n1545_110:0572b21_12']	知滅智是涅槃智。	知滅智是涅槃智。	The knowledge of cessation is the knowledge of nirvana.
['T27n1545_110:0572b21_16']	問若爾。	問若爾。	Question: If that is so,
['T27n1545_110:0572b22_5']	何故說先有法住智。	何故說先有法住智。	why is it said that there is first the knowledge of the abiding of dharmas,
['T27n1545_110:0572b22_12']	後有涅槃智耶。	後有涅槃智耶。	and later the knowledge of nirvana?
['T27n1545_110:0572b23_6']	答雖有法住智在涅槃智後。	答雖有法住智在涅槃智後。	Answer: Although the knowledge of the abiding of dharmas is after the knowledge of nirvana,
['T27n1545_110:0572b23_17']	而有法住智在涅槃智前。	而有法住智在涅槃智前。	there is also the knowledge of the abiding of dharmas before the knowledge of nirvana.
['T27n1545_110:0572b24_4']	故作是說。	故作是說。	Therefore it is said like this.
['T27n1545_110:0572b24_9']	復有說者。	復有說者。	Furthermore, some say:
['T27n1545_110:0572b24_18']	知流轉智是法住智。	知流轉智是法住智。	The knowledge of the process of transmigration is the knowledge of the abiding of dharmas.
['T27n1545_110:0572b25_8']	知還滅智是涅槃智。	知還滅智是涅槃智。	The knowledge of the process of cessation is the knowledge of nirvana.
['T27n1545_110:0572b26_2']	復次知緣起智是法住智。	復次知緣起智是法住智。	Furthermore, the knowledge of dependent origination is the knowledge of the abiding of dharmas.
['T27n1545_110:0572b26_12']	知緣起滅智是涅槃智。	知緣起滅智是涅槃智。	The knowledge of the cessation of dependent origination is the knowledge of nirvana.
['T27n1545_110:0572b27_5']	復次知生死智是法住智。	復次知生死智是法住智。	Furthermore, the knowledge of birth and death is the knowledge of the abiding of dharmas.
['T27n1545_110:0572b27_15']	知生死滅智是涅槃智。	知生死滅智是涅槃智。	The knowledge of the cessation of birth and death is the knowledge of nirvana.
['T27n1545_110:0572b28_2']	有餘師說。	有餘師說。	Some say:
['T27n1545_110:0572b28_11']	近分地智是法住智。	近分地智是法住智。	The knowledge of the stages of access concentration is the knowledge of the abiding of dharmas.
['T27n1545_110:0572b29_1']	根本地智是涅槃智。	根本地智是涅槃智。	The knowledge of the stages of fundamental concentration is the knowledge of nirvana.
['T27n1545_110:0572b29_6']	云何知然。	云何知然。	How do we know this?
['T27n1545_110:0572b29_11']	經為量故。	經為量故。	Because the sutras are the standard.
['T27n1545_110:0572b29_16']	如契經說。	如契經說。	As a sutra says:
['T27n1545_110:0572c01_5']	有諸外道共集議言。	有諸外道共集議言。	There were some non-Buddhists who gathered together and discussed:
['T27n1545_110:0572c02_9']	佛未出時我等多獲名譽利養由佛出世名利頓絕。	佛未出時我等多獲名譽利養由佛出世名利頓絕。	Before the Buddha appeared, we gained much fame, profit, and support. But since the Buddha's appearance, our fame and profit have suddenly ceased.
['T27n1545_110:0572c03_1']	如日既出爝火潛輝。	如日既出爝火潛輝。	Just as when the sun rises, the glow of fireflies fades.
['T27n1545_110:0572c03_10']	設何方便名利如本。	設何方便名利如本。	What expedient can we devise to restore our fame and profit to what they were before?
['T27n1545_110:0572c04_1']	然憍答摩有二事勝。	然憍答摩有二事勝。	However, Gautama has two superior qualities:
['T27n1545_110:0572c04_6']	謂善經論。	謂善經論。	namely, he is skilled in sutras and treatises,
['T27n1545_110:0572c04_11']	形貌端嚴。	形貌端嚴。	and his appearance is upright and dignified.
['T27n1545_110:0572c05_3']	雖形貌難移而經論易竊。	雖形貌難移而經論易竊。	Although his appearance is difficult to change, his sutras and treatises can be stolen.
['T27n1545_110:0572c05_12']	我等眾內有蘇尸摩。	我等眾內有蘇尸摩。	Among us there is Susīma,
['T27n1545_110:0572c06_3']	念慧堅強堪竊彼法。	念慧堅強堪竊彼法。	whose mindfulness and wisdom are firm and strong. He is capable of stealing his teachings.
['T27n1545_110:0572c06_12']	若得彼法名利如本。	若得彼法名利如本。	If we obtain his teachings, our fame and profit will be as they were before.
['T27n1545_110:0572c07_3']	既共議已告蘇尸摩。	既共議已告蘇尸摩。	Having discussed this, they told Susīma.
['T27n1545_110:0572c07_12']	彼由二緣遂受眾請。	彼由二緣遂受眾請。	He accepted the assembly's request for two reasons:
['T27n1545_110:0572c08_3']	一愛親友二善根熟。	一愛親友二善根熟。	One is to love one's friends, and the other is to have matured wholesome roots.
['T27n1545_110:0572c08_14']	便出王舍城詣竹林精舍。	便出王舍城詣竹林精舍。	He then left the city of Rājagṛha and went to the Bamboo Grove monastery.
['T27n1545_110:0572c09_1']	謂苾芻曰。	謂苾芻曰。	He said to the bhikṣus,
['T27n1545_110:0572c09_6']	我欲出家。	我欲出家。	I wish to go forth.
['T27n1545_110:0572c09_15']	時諸苾芻將往白佛。	時諸苾芻將往白佛。	At that time, the bhikṣus took him to inform the Buddha.
['T27n1545_110:0572c10_1']	佛知根性。	佛知根性。	The Buddha knew his aptitude and nature,
['T27n1545_110:0572c10_6']	遣諸苾芻。	遣諸苾芻。	and sent the bhikṣus
['T27n1545_110:0572c11_5']	度令出家與受具戒彼後未久誦三藏文。	度令出家與受具戒彼後未久誦三藏文。	to have him go forth and receive full ordination. Not long after, he recited the Tripiṭaka texts,
['T27n1545_110:0572c11_10']	亦少解義。	亦少解義。	and also understood their meaning.
['T27n1545_110:0572c11_15']	竊作是念。	竊作是念。	He secretly thought,
['T27n1545_110:0572c12_6']	欲利親友今正是時。	欲利親友今正是時。	Now is the right time to benefit my friends.
['T27n1545_110:0572c12_17']	遂從竹林出欲還王舍城。	遂從竹林出欲還王舍城。	So he left the Bamboo Grove and wanted to return to Rājagṛha.
['T27n1545_110:0572c13_9']	然佛有遍照護法天眼。	然佛有遍照護法天眼。	However, the Buddha has the Dharma-protecting heavenly eye of universal illumination.
['T27n1545_110:0572c13_18']	恒觀世間誰能竊者。	恒觀世間誰能竊者。	He always observes the world, thinking, Who is stealing?
['T27n1545_110:0572c14_8']	時有五百應真苾芻。	時有五百應真苾芻。	At that time, there were five hundred true bhikṣus.
['T27n1545_110:0572c14_17']	蘇尸摩前自讚己德。	蘇尸摩前自讚己德。	Sūtra-master Śrīmān praised his own virtues in front of them, saying,
['T27n1545_110:0572c15_3']	我生已盡。	我生已盡。	My birth is exhausted.
['T27n1545_110:0572c15_8']	梵行已立。	梵行已立。	The brahmacarya has been established.
['T27n1545_110:0572c15_13']	所作已辦。	所作已辦。	What was to be done has been done.
['T27n1545_110:0572c15_18']	不受後有。	不受後有。	I will not undergo rebirth again.
['T27n1545_110:0572c16_3']	蘇尸摩曰。	蘇尸摩曰。	Sūtra-master Śrīmān said,
['T27n1545_110:0572c16_12']	仁等所證依何定耶。	仁等所證依何定耶。	What samādhi did you rely on to attain this?
['T27n1545_110:0572c17_7']	為初靜慮為乃至無所有處耶。	為初靜慮為乃至無所有處耶。	Is it the first dhyāna, up to the sphere of nothingness?
['T27n1545_110:0572c17_12']	諸苾芻言。	諸苾芻言。	The bhikṣus said,
['T27n1545_110:0572c18_2']	我等所證皆不依彼。	我等所證皆不依彼。	What we have realized is not based on those.
['T27n1545_110:0572c18_7']	蘇尸摩言。	蘇尸摩言。	Soṇadaṇḍa said,
['T27n1545_110:0572c18_16']	若不依彼如何得證。	若不依彼如何得證。	If it is not based on those, how can one realize it?
['T27n1545_110:0572c19_2']	諸苾芻曰。	諸苾芻曰。	The bhikṣus said,
['T27n1545_110:0572c19_11']	我等皆是慧解脫者。	我等皆是慧解脫者。	We are all those liberated by wisdom.
['T27n1545_110:0572c20_5']	時蘇尸摩聞已忙然不識所謂。	時蘇尸摩聞已忙然不識所謂。	When Soṇadaṇḍa heard this, he was confused and did not know what it meant.
['T27n1545_110:0572c20_10']	便作是念。	便作是念。	He thought,
['T27n1545_110:0572c21_1']	脫我親友問此義者。	脫我親友問此義者。	If my friends ask about this meaning,
['T27n1545_110:0572c21_6']	我當云何。	我當云何。	what should I say?
['T27n1545_110:0572c21_15']	還詣佛所問如是義。	還詣佛所問如是義。	He then went to the Buddha and asked about this meaning.
['T27n1545_110:0572c22_2']	世尊告曰。	世尊告曰。	The World-Honored One said,
['T27n1545_110:0572c22_8']	蘇尸摩當知。	蘇尸摩當知。	Soṇadaṇḍa should know,
['T27n1545_110:0572c22_14']	先有法住智。	先有法住智。	first there is the knowledge of the abiding of dharmas,
['T27n1545_110:0572c23_1']	後有涅槃智。	後有涅槃智。	and later there is the knowledge of nirvāṇa.
['T27n1545_110:0572c23_6']	蘇尸摩曰。	蘇尸摩曰。	Soṇadaṇḍa said,
['T27n1545_110:0572c23_16']	我今不知何者法住智。	我今不知何者法住智。	I do not yet know which is the knowledge of the abiding of dharmas
['T27n1545_110:0572c24_2']	何者涅槃智。	何者涅槃智。	and which is the knowledge of nirvāṇa.
['T27n1545_110:0572c24_5']	佛言。	佛言。	The Buddha said,
['T27n1545_110:0572c24_16']	隨汝知與不知然法應爾。	隨汝知與不知然法應爾。	Whether you know it or not, the Dharma should be like this.
['T27n1545_110:0572c25_6']	時蘇尸摩不果先願。	時蘇尸摩不果先願。	At that time, Soṇadaṇḍa did not fulfill his original wish.
['T27n1545_110:0572c26_6']	然彼五百應真苾芻依未至定得漏盡已後。	然彼五百應真苾芻依未至定得漏盡已後。	However, those five hundred true bhikshus, relying on the preliminary concentration, attained the destruction of defilements, and later
['T27n1545_110:0572c26_14']	方能起根本等至。	方能起根本等至。	only then were able to arouse the fundamental meditative absorptions.
['T27n1545_110:0572c27_9']	由此故知近分地智是法住智。	由此故知近分地智是法住智。	For this reason, we know that the cognition in the preliminary stage is the cognition of the abiding of phenomena,
['T27n1545_110:0572c27_18']	根本地智是涅槃智。	根本地智是涅槃智。	and the cognition in the fundamental stage is the cognition of nirvana.🔽Here is the corrected and aligned text:
['T27n1545_110:0572c29_100']	說一切有部發智大毘婆沙論卷第一百一十	說一切有部發智大毘婆沙論卷第一百一十	Sarvâstivāda Abhidharma-mahāvibhāṣā-śāstra, fascicle 110
