segmentnr	original	analyzed	translated
['T27n1545_012:0055c23_0']	阿毘達磨大毘婆沙論卷第十二	阿毘達磨大毘婆沙論卷第十二	Abhidharma-mahāvibhāṣā-śāstra, fascicle 12
['T27n1545_012:0055c25_0']	五百大阿羅漢等造	五百大阿羅漢等造	Composed by 500 great arhats and others🔽Translated by Tripiṭaka Master Xuanzang on imperial order
['T27n1545_012:0055c26_0', 'T27n1545_012:0055c28_8']	三藏法師玄奘奉　詔譯🔽4雜蘊第一中智納息第二之四補特伽羅既不可得。	三藏法師玄奘奉　詔譯 4雜蘊第一中智納息第二之四補特伽羅既不可得。	Tripiṭaka master Xuanzang respectfully translated by imperial decree🔽4. Miscellaneous Aggregates, Part 1, Chapter 2, Section 4 of the Abhidharma-jñānaprasthāna, the fourth part🔽Since the pudgala cannot be obtained,
['T27n1545_012:0055c28_17']	又無前心往後心理。	又無前心往後心理。	Also, there is no prior mind going to the subsequent mental state.
['T27n1545_012:0055c29_8']	何緣能憶本所作事。	何緣能憶本所作事。	What is the reason one can remember the things done in the past?
['T27n1545_012:0056a01_1']	答有情於法由串習力。	答有情於法由串習力。	Answer: Sentient beings, by the power of familiarity with dharmas,
['T27n1545_012:0056a01_8']	得如是同分智。	得如是同分智。	attain such a discriminating knowledge.
['T27n1545_012:0056a01_17']	隨所更事能如是知。	隨所更事能如是知。	According to the events one has experienced, one can know in this way.
['T27n1545_012:0056a02_8']	問前說無有補特伽羅。	問前說無有補特伽羅。	Question: Previously it was said that there is no pudgala.
['T27n1545_012:0056a02_17']	今何復言有情於法。	今何復言有情於法。	Now why is it said again that sentient beings have dharmas?
['T27n1545_012:0056a03_8']	答前依聖想名示現。	答前依聖想名示現。	Answer: Previously, it was based on the holy thoughts and names to show.
['T27n1545_012:0056a03_16']	今依世想名示現。	今依世想名示現。	Now, it is based on worldly thoughts and names to show.
['T27n1545_012:0056a04_6']	前依聖言說示現。	前依聖言說示現。	Previously, it was based on the holy speech to show.
['T27n1545_012:0056a04_14']	今依世言說示現。	今依世言說示現。	Now, it is based on worldly speech to show.
['T27n1545_012:0056a05_2']	前依勝義。	前依勝義。	Previously, it was based on the ultimate truth.
['T27n1545_012:0056a05_7']	今依世俗。	今依世俗。	Now, it is based on the conventional truth.
['T27n1545_012:0056a05_10']	有說。	有說。	Some say:
['T27n1545_012:0056a05_15']	為順文故。	為順文故。	In order to follow the text.
['T27n1545_012:0056a06_6']	若說法於法於義雖順。	若說法於法於義雖順。	If it is said that dharmas have dharmas, although it accords with the meaning,
['T27n1545_012:0056a06_11']	於文不順。	於文不順。	it does not accord with the text.
['T27n1545_012:0056a06_16']	若說有情。	若說有情。	If it is said that sentient beings have dharmas,
['T27n1545_012:0056a07_5']	於法文義俱順。	於法文義俱順。	both the text and meaning accord.🔽.Here is the corrected and aligned text:
['T27n1545_012:0056a07_14']	依世俗理有有情故。	依世俗理有有情故。	Because there are sentient beings according to conventional truth.
['T27n1545_012:0056a08_4']	有說為生解故。	有說為生解故。	Some say it is for the sake of understanding.
['T27n1545_012:0056a08_14']	若說法於法弟子不了。	若說法於法弟子不了。	If it is said that the Dharma is in the Dharma, disciples will not understand.
['T27n1545_012:0056a09_8']	誰能憶誰若說有情於法。	誰能憶誰若說有情於法。	Who can remember who? If it is said that sentient beings are in the Dharma,
['T27n1545_012:0056a09_17']	弟子便了有情憶法。	弟子便了有情憶法。	disciples will then understand that sentient beings remember the Dharma.
['T27n1545_012:0056a10_8']	有情於法由串習力。	有情於法由串習力。	Sentient beings, by the power of familiarity with the Dharma,
['T27n1545_012:0056a10_16']	得如是同分智者。	得如是同分智者。	attain such knowledge of homogeneity.
['T27n1545_012:0056a11_7']	謂有情智於所知法。	謂有情智於所知法。	The knowledge of sentient beings with regard to the known Dharma
['T27n1545_012:0056a11_12']	決定串習。	決定串習。	is definitely familiar.
['T27n1545_012:0056a12_3']	隨欲自在前後相似。	隨欲自在前後相似。	As one wishes, it is freely similar before and after.
['T27n1545_012:0056a12_8']	故名同分。	故名同分。	Therefore it is called homogeneity.
['T27n1545_012:0056a12_18']	隨所更事能如是知者。	隨所更事能如是知者。	One who is able to know in this way according to the events one has experienced
['T27n1545_012:0056a13_5']	謂隨本所見。	謂隨本所見。	means according to what one has originally seen.
['T27n1545_012:0056a13_14']	隨本所受能如是憶。	隨本所受能如是憶。	According to what one has originally received, one is able to remember in this way.
['T27n1545_012:0056a13_17']	有說。	有說。	Some say:
['T27n1545_012:0056a14_5']	此文應作是說。	此文應作是說。	This text should be written like this:
['T27n1545_012:0056a14_14']	隨所有事能如是知。	隨所有事能如是知。	One is able to know in this way according to whatever events there are.
['T27n1545_012:0056a15_4']	謂隨本所有體。	謂隨本所有體。	That is, according to the essence that originally exists,
['T27n1545_012:0056a15_8']	所有相。	所有相。	the characteristics that exist,
['T27n1545_012:0056a15_12', 'T27n1545_012:0056a15_16']	所有我。🔽所有物。	所有我。 所有物。	the self that exists,🔽the things that exist,
['T27n1545_012:0056a15_20']	所有性。	所有性。	the nature that exists,
['T27n1545_012:0056a16_3']	所有分。	所有分。	the parts that exist,
['T27n1545_012:0056a16_8']	能如是憶。	能如是憶。	one is able to remember in this way.
['T27n1545_012:0056a16_11']	有說。	有說。	Some say:
['T27n1545_012:0056a16_18']	此文應作是說。	此文應作是說。	This text should be written like this.
['T27n1545_012:0056a17_7']	隨所住事能如是知。	隨所住事能如是知。	According to the matter that is being dwelt upon, one is able to know in this way.
['T27n1545_012:0056a17_15']	謂隨本所住顯色。	謂隨本所住顯色。	That is to say, according to the original dwelling place of the apparent color,
['T27n1545_012:0056a18_5']	隨本所住形色等。	隨本所住形色等。	according to the original dwelling place of the shape and other characteristics,
['T27n1545_012:0056a18_10']	能如是憶。	能如是憶。	one is able to remember in this way.
['T27n1545_012:0056a19_1']	為令此義得分明故。	為令此義得分明故。	In order to make this meaning clear,
['T27n1545_012:0056a19_6']	引世現喻。	引世現喻。	a worldly analogy is drawn.
['T27n1545_012:0056a19_14']	謂如有二造印者。	謂如有二造印者。	It is like there being two people who make seals.
['T27n1545_012:0056a20_4']	能了自他所造印字。	能了自他所造印字。	They are able to understand the seals and characters that they themselves and others have made.
['T27n1545_012:0056a20_13']	雖彼二人不往相問。	雖彼二人不往相問。	Although those two people do not go to each other to ask,
['T27n1545_012:0056a21_2']	汝云何造此字。	汝云何造此字。	How did you make this character?
['T27n1545_012:0056a21_13']	亦不相答我如是造此字。	亦不相答我如是造此字。	And they do not answer each other, I made this character like this.
['T27n1545_012:0056a22_4']	而彼二人由串習力。	而彼二人由串習力。	However, by the power of familiarity,
['T27n1545_012:0056a22_11']	得如是同分智。	得如是同分智。	they attain this kind of knowledge of the same class.
['T27n1545_012:0056a23_2']	能了自他所造印字。	能了自他所造印字。	They are able to understand the seals and characters that they themselves and others have made.
['T27n1545_012:0056a23_7']	有情亦爾。	有情亦爾。	Sentient beings are also like this.
['T27n1545_012:0056a23_12']	由串習力。	由串習力。	By the power of familiarity,
['T27n1545_012:0056a23_17']	乃至廣說。	乃至廣說。	and so on, it is explained in detail.
['T27n1545_012:0056a24_8']	此中能書者皆名造印者。	此中能書者皆名造印者。	Here, those who are able to write are all called those who make seals.
['T27n1545_012:0056a25_4']	如彼二人雖不相問亦不相答。	如彼二人雖不相問亦不相答。	Just as those two people, although they do not ask each other or answer each other,
['T27n1545_012:0056a25_16']	而由串習力得如是同分智。	而由串習力得如是同分智。	by the power of familiarity, attain this kind of knowledge of the same class.
['T27n1545_012:0056a26_8']	能了自他所造印字。	能了自他所造印字。	One can understand the seals and characters created by oneself and others.
['T27n1545_012:0056a27_1']	乃至海外書來亦能讀知。	乃至海外書來亦能讀知。	Even if letters come from overseas, one can still read and understand them.
['T27n1545_012:0056a27_6']	有情亦爾。	有情亦爾。	Sentient beings are also like this.
['T27n1545_012:0056a27_15']	雖無真實補特伽羅。	雖無真實補特伽羅。	Although there is no real pudgala,
['T27n1545_012:0056a28_5']	亦無前心往後心理。	亦無前心往後心理。	and there is no previous mind going to the subsequent mind,
['T27n1545_012:0056a28_17']	而由串習力得如是同分智。	而由串習力得如是同分智。	but by the power of continuous practice, one obtains such a homogeneous knowledge.
['T27n1545_012:0056a29_8']	隨所更事能如是知。	隨所更事能如是知。	One can know in this way according to the events one has experienced.
['T27n1545_012:0056a29_17']	復令此義重分明故。	復令此義重分明故。	In order to make this meaning clear again,
['T27n1545_012:0056b01_4']	引第二喻。	引第二喻。	a second analogy is cited.
['T27n1545_012:0056b02_1']	又如有二知他心者互相知心。	又如有二知他心者互相知心。	It is also like two people who know the minds of others, who mutually know each other's minds.
['T27n1545_012:0056b02_10']	雖彼二人不往相問。	雖彼二人不往相問。	Although those two people do not go to each other and ask,
['T27n1545_012:0056b02_17']	汝云何知我心。	汝云何知我心。	How do you know my mind?
['T27n1545_012:0056b03_3']	亦不相答。	亦不相答。	and they do not answer each other,
['T27n1545_012:0056b03_10']	我如是知汝心。	我如是知汝心。	I know your mind in this way.
['T27n1545_012:0056b04_1']	而彼二人由串習力。	而彼二人由串習力。	But those two people, by the power of continuous practice,
['T27n1545_012:0056b04_12']	得如是同分智互相知心。	得如是同分智互相知心。	obtain such a homogeneous knowledge and mutually know each other's minds.
['T27n1545_012:0056b04_17']	有情亦爾。	有情亦爾。	Sentient beings are also like this.
['T27n1545_012:0056b05_3']	由串習力。	由串習力。	By the power of continuous practice,
['T27n1545_012:0056b05_8', 'T27n1545_012:0056b05_15']	乃至廣說。🔽此中知他心者。	乃至廣說。 此中知他心者。	and so on, it is explained in detail.🔽Among them, those who know the minds of others,
['T27n1545_012:0056b06_3']	謂得他心通者。	謂得他心通者。	refer to those who have attained the supernormal power of knowing others' minds.
['T27n1545_012:0056b06_16']	如彼二人雖不相問亦不相答。	如彼二人雖不相問亦不相答。	Although the two people do not ask each other or answer each other,
['T27n1545_012:0056b07_4']	而由串習力。	而由串習力。	by the power of familiarity,
['T27n1545_012:0056b07_15']	得如是同分智互相知心。	得如是同分智互相知心。	they attain this kind of knowledge of the same type and mutually know each other's minds.
['T27n1545_012:0056b08_9']	乃至百踰繕那外亦相知心。	乃至百踰繕那外亦相知心。	Even up to a hundred yojanas away, they still know each other's minds.
['T27n1545_012:0056b08_14']	有情亦爾。	有情亦爾。	Sentient beings are also like this.
['T27n1545_012:0056b09_5']	雖無真實補特伽羅。	雖無真實補特伽羅。	Although there is no real pudgala,
['T27n1545_012:0056b09_10']	乃至廣說。	乃至廣說。	and so on, speaking in detail.
['T27n1545_012:0056b10_3']	問若異心所更異心能憶者。	問若異心所更異心能憶者。	Question: If a different mind remembers what was experienced by another different mind,
['T27n1545_012:0056b10_15']	云何不天授所更祠授能憶。	云何不天授所更祠授能憶。	why can Devadatta not remember what was experienced by Yajnadatta,
['T27n1545_012:0056b11_7']	祠授所更天授能憶耶。	祠授所更天授能憶耶。	or can Yajnadatta remember what was experienced by Devadatta?
['T27n1545_012:0056b11_14']	答彼相續異故。	答彼相續異故。	Answer: Because their continuums are different.
['T27n1545_012:0056b12_5']	前心後心相續無異。	前心後心相續無異。	The earlier mind and the later mind are not different in their continuums.
['T27n1545_012:0056b12_10']	不應為難。	不應為難。	One should not raise this difficulty.
['T27n1545_012:0056b12_13']	有說。	有說。	Some say:
['T27n1545_012:0056b13_3']	彼心相望無因義故。	彼心相望無因義故。	Because there is no meaning of cause between those minds that are compared,
['T27n1545_012:0056b13_12']	前心能與後心為因。	前心能與後心為因。	the earlier mind can be the cause for the later mind.
['T27n1545_012:0056b13_17']	不應為難。	不應為難。	One should not raise this difficulty.
['T27n1545_012:0056b14_2']	有說。	有說。	Some say:
['T27n1545_012:0056b14_11']	彼二身心不相屬故。	彼二身心不相屬故。	Because those two minds are not related to each other,
['T27n1545_012:0056b15_1']	前後身心既相繼屬。	前後身心既相繼屬。	the earlier body and the later mind are already related in succession.
['T27n1545_012:0056b15_10']	故先所更後能記憶。	故先所更後能記憶。	Therefore, what was previously experienced can be later remembered.
['T27n1545_012:0056b16_1']	問若心相屬即能憶者。	問若心相屬即能憶者。	Question: If the mind is associated with the characteristics and can remember,
['T27n1545_012:0056b16_12']	何不見異牛而憶是前牛。	何不見異牛而憶是前牛。	why can't one see a different cow and remember it as the previous cow?
['T27n1545_012:0056b17_1']	答若於曾受。	答若於曾受。	Answer: If one has experienced something,
['T27n1545_012:0056b17_10']	今見相似則能記憶。	今見相似則能記憶。	and now sees something similar, one can remember it.
['T27n1545_012:0056b17_15']	若雖曾受。	若雖曾受。	If one has experienced something,
['T27n1545_012:0056b18_6', 'T27n1545_012:0056b18_17']	今見不相似便不能憶。🔽日初分所更日後分能憶。	今見不相似便不能憶。 日初分所更日後分能憶。	but now sees something dissimilar, one cannot remember it.🔽What one experiences in the morning, one can remember in the evening.
['T27n1545_012:0056b19_10']	日後分所更日初分能憶。	日後分所更日初分能憶。	What one experiences in the evening, one can remember in the morning.
['T27n1545_012:0056b20_1']	前後所見身相似故。	前後所見身相似故。	Because the body seen before and after is similar.
['T27n1545_012:0056b21_8']	復次一切心心所法。	復次一切心心所法。	Furthermore, all mind and mental factors
['T27n1545_012:0056b21_17']	於所緣定安住所緣。	於所緣定安住所緣。	are determined and fixed on the object.
['T27n1545_012:0056b22_9']	此於所問是勝義根本。	此於所問是勝義根本。	This is the ultimate basis for the question.
['T27n1545_012:0056b22_15']	答所以者何。	答所以者何。	Answer: Why is it so?
['T27n1545_012:0056b23_2']	如見蘊說。	如見蘊說。	As explained in the aggregates of seeing.
['T27n1545_012:0056b23_11']	若法與彼法作所緣。	若法與彼法作所緣。	If a dharma becomes the object of another dharma,
['T27n1545_012:0056b24_2']	或時不與彼法作耶。	或時不與彼法作耶。	is it sometimes not the object of that dharma?
['T27n1545_012:0056b24_9']	答無時非所緣。	答無時非所緣。	Answer: There is no time when it is not the object.
['T27n1545_012:0056b24_18']	以心心所於所緣定。	以心心所於所緣定。	Because the mind and mental factors are determined and fixed on the object.
['T27n1545_012:0056b25_8']	安住所緣不可移轉。	安住所緣不可移轉。	They cannot be moved from the object.
['T27n1545_012:0056b25_17']	是故能憶本所作事。	是故能憶本所作事。	Therefore, one can remember the things one has done in the past.
['T27n1545_012:0056b26_12']	謂於一所緣有無量心心所聚。	謂於一所緣有無量心心所聚。	It means that there are innumerable minds and mental factors that take a single object.
['T27n1545_012:0056b27_14']	轉此一所緣如以此理趣以此性類以此法式。	轉此一所緣如以此理趣以此性類以此法式。	This single object is taken as an object by this principle, this nature, and this method.
['T27n1545_012:0056b28_8']	與一心心所聚作所緣事。	與一心心所聚作所緣事。	It serves as the object for a single mind and mental factor aggregate.
['T27n1545_012:0056b28_17', 'T27n1545_012:0056b29_5']	與餘無量心心所聚。🔽作所緣事亦爾。	與餘無量心心所聚。 作所緣事亦爾。	It is the same for the innumerable other mind and mental factor aggregates.
['T27n1545_012:0056b29_12']	如一心心所聚。	如一心心所聚。	Just as a single mind and mental factor aggregate.
['T27n1545_012:0056c01_7']	以此理趣以此性類以此法式。	以此理趣以此性類以此法式。	By this principle, this nature, and this method.
['T27n1545_012:0056c01_13']	領受此所緣。	領受此所緣。	It experiences this object.
['T27n1545_012:0056c02_3']	餘無量心心所聚。	餘無量心心所聚。	The innumerable other mind and mental factor aggregates.
['T27n1545_012:0056c02_11']	領受此所緣亦爾。	領受此所緣亦爾。	It is the same for experiencing this object.
['T27n1545_012:0056c03_2']	譬如一人而有百子。	譬如一人而有百子。	It is like a person who has a hundred children.
['T27n1545_012:0056c03_13']	此一人如於一子作父事。	此一人如於一子作父事。	This single person, regarding a single child, serves as a father.
['T27n1545_012:0056c04_1']	於餘子亦爾。	於餘子亦爾。	It is the same for the other children.
['T27n1545_012:0056c04_10']	如一子於父作子事。	如一子於父作子事。	Just as a single child, regarding a father, serves as a child.
['T27n1545_012:0056c04_17']	餘子於父亦爾。	餘子於父亦爾。	The other children, regarding a father, are the same.
['T27n1545_012:0056c05_12']	此中眼識及相應法於色所緣定。	此中眼識及相應法於色所緣定。	Here, eye consciousness and the associated dharmas are determined regarding form as an object.
['T27n1545_012:0056c06_3']	乃至意識及相應法。	乃至意識及相應法。	Up to mental consciousness and the associated dharmas.
['T27n1545_012:0056c06_11']	於一切法所緣定。	於一切法所緣定。	Are determined regarding all dharmas as an object.
['T27n1545_012:0056c07_3']	此色與眼識及相應法。	此色與眼識及相應法。	This form is the object of eye consciousness and its associated dharmas.
['T27n1545_012:0056c07_8']	為所緣者。	為所緣者。	As for being the object,
['T27n1545_012:0056c07_14']	無時非所緣。	無時非所緣。	there is no time when it is not the object.
['T27n1545_012:0056c08_7']	乃至此法與意識及相應法。	乃至此法與意識及相應法。	Up to this dharma being the object of mental consciousness and its associated dharmas,
['T27n1545_012:0056c08_12']	為所緣者。	為所緣者。	as for being the object,
['T27n1545_012:0056c08_18']	無時非所緣。	無時非所緣。	there is no time when it is not the object.
['T27n1545_012:0056c09_7']	以一切心心所法。	以一切心心所法。	Because all mind and mental factors
['T27n1545_012:0056c09_16']	各能領受自所緣故。	各能領受自所緣故。	each can experience their own objects.
['T27n1545_012:0056c10_8']	由此無有餘心聚所更。	由此無有餘心聚所更。	Because of this, there is no other group of mind that can remember.
['T27n1545_012:0056c10_14']	餘心聚能憶。	餘心聚能憶。	The other group of mind can remember.
['T27n1545_012:0056c11_4']	問云何心心所法。	問云何心心所法。	Question: How are mind and mental factors
['T27n1545_012:0056c11_13']	於所緣定為於處定。	於所緣定為於處定。	determined with respect to the object, determined with respect to the location,
['T27n1545_012:0056c12_1']	為於青等定。	為於青等定。	determined with respect to blue, etc.,
['T27n1545_012:0056c12_8']	為於剎那定耶。	為於剎那定耶。	or determined with respect to the moment?
['T27n1545_012:0056c12_13']	此中有說。	此中有說。	Among them, some say:
['T27n1545_012:0056c12_18']	唯於處定。	唯於處定。	Only determined with respect to the location.
['T27n1545_012:0056c13_4']	所以者何。	所以者何。	Why is it so?
['T27n1545_012:0056c13_13']	勿有無量心心所法。	勿有無量心心所法。	Do not let there be innumerable mind and mental factors
['T27n1545_012:0056c14_2']	住不生法中故。	住不生法中故。	abiding in the unarisen dharma.
['T27n1545_012:0056c14_9', 'T27n1545_012:0056c15_3']	問云何於處定。🔽答眼識及相應法於色處定。	問云何於處定。 答眼識及相應法於色處定。	Question: How is it determined with respect to the location?🔽Answer: Eye consciousness and its associated dharmas are determined with respect to the form location.
['T27n1545_012:0056c15_16']	乃至身識及相應法於觸處定。	乃至身識及相應法於觸處定。	Up to body consciousness and its associated dharmas are determined with respect to the touch location.
['T27n1545_012:0056c16_9']	意識及相應法於法處等定。	意識及相應法於法處等定。	The mental consciousness and its associated dharmas are definitely in the dharma realm, etc.
['T27n1545_012:0056c16_14', 'T27n1545_012:0056c17_9']	如一眼識。🔽若遇青色和合現前則緣青起。	如一眼識。 若遇青色和合現前則緣青起。	Like the eye consciousness.🔽If it encounters blue combined and present, then it arises taking blue as its object.
['T27n1545_012:0056c18_5']	若遇黃等和合現前則緣黃等起。	若遇黃等和合現前則緣黃等起。	If it encounters yellow, etc., combined and present, then it arises taking yellow, etc., as its object.
['T27n1545_012:0056c19_1']	如是餘識於自所緣亦唯處定。	如是餘識於自所緣亦唯處定。	In this way, the other consciousnesses are also only definitely in their own objects.
['T27n1545_012:0056c19_8']	彼不應作是說。	彼不應作是說。	They should not say this.
['T27n1545_012:0056c19_13']	所以者何。	所以者何。	Why is it so?
['T27n1545_012:0056c19_17']	若爾者。	若爾者。	If it is so,
['T27n1545_012:0056c20_6']	應一覺有多了性。	應一覺有多了性。	then one cognition should have many natures.
['T27n1545_012:0056c20_15']	一法多體不應道理。	一法多體不應道理。	It is not reasonable for one dharma to have many substances.
['T27n1545_012:0056c21_6']	識身論說復云何通。	識身論說復云何通。	How can the Vijñānakāya Śāstra be understood?
['T27n1545_012:0056c21_9']	如說。	如說。	It is said:
['T27n1545_012:0056c22_1']	過去眼識唯緣過去色。	過去眼識唯緣過去色。	The past eye consciousness only takes past form as its object,
['T27n1545_012:0056c22_7']	非未來現在。	非未來現在。	not the future or present.
['T27n1545_012:0056c22_16']	有餘欲避如是過失。	有餘欲避如是過失。	Some, wishing to avoid this fault,
['T27n1545_012:0056c23_9']	說心心所法於所緣處定。	說心心所法於所緣處定。	say that the mind and mental factors are definitely in the object,
['T27n1545_012:0056c24_3']	亦於青等定非於剎那定。	亦於青等定非於剎那定。	but are not definitely in blue, etc., but are definitely in the moment.
['T27n1545_012:0056c24_8']	所以者何。	所以者何。	Why is it so?
['T27n1545_012:0056c24_17']	勿有無量心心所法。	勿有無量心心所法。	Do not let there be innumerable minds and mental factors
['T27n1545_012:0056c25_5']	住不生法中故。	住不生法中故。	abiding in the dharma of non-arising.
['T27n1545_012:0056c25_15']	問云何亦於青等定耶。	問云何亦於青等定耶。	Question: How is it also determined in blue and so forth?
['T27n1545_012:0056c26_9']	答緣青等心心所其體各異。	答緣青等心心所其體各異。	Answer: The substance of the mind and mental factors that take blue and so forth as objects is each different.
['T27n1545_012:0056c27_2']	若遇青色和合現前則生。	若遇青色和合現前則生。	If blue color is encountered and appears combined, then it arises.
['T27n1545_012:0056c27_9']	緣青心心所法。	緣青心心所法。	The mind and mental factors that take blue as an object.
['T27n1545_012:0056c28_2']	若遇黃等和合現前則生。	若遇黃等和合現前則生。	If yellow and so forth are encountered and appear combined, then it arises.
['T27n1545_012:0056c28_10']	緣黃等心心所法。	緣黃等心心所法。	The mind and mental factors that take yellow and so forth as objects.
['T27n1545_012:0057a01_1']	彼亦不應作如是說。	彼亦不應作如是說。	They should also not speak like this.
['T27n1545_012:0057a01_10']	所以者何青有多種。	所以者何青有多種。	Why is it so? There are many kinds of blue.
['T27n1545_012:0057a02_5']	謂青根青莖青枝青葉青花青菓。	謂青根青莖青枝青葉青花青菓。	That is to say, blue roots, blue stems, blue branches, blue leaves, blue flowers, and blue fruits.
['T27n1545_012:0057a02_10']	黃等亦爾。	黃等亦爾。	Yellow and so forth are also like this.
['T27n1545_012:0057a03_4']	應緣根等覺即是緣莖等覺。	應緣根等覺即是緣莖等覺。	One should take the perception of roots and so forth as the same as the perception of stems and so forth.
['T27n1545_012:0057a03_13']	若爾一覺有多了性。	若爾一覺有多了性。	If so, then one perception has many natures.
['T27n1545_012:0057a04_3']	一法多體不應道理。	一法多體不應道理。	One dharma with many substances is not reasonable.
['T27n1545_012:0057a04_16']	亦與識身論所說相違如前說。	亦與識身論所說相違如前說。	It also contradicts what is said in the Treatise on the Aggregates of Consciousness, as explained above.
['T27n1545_012:0057a05_11']	如是說者心心所法於三事定。	如是說者心心所法於三事定。	Those who speak like this say that the mind and mental factors are definitely three things.
['T27n1545_012:0057a06_5']	問若爾則應無量心心所法。	問若爾則應無量心心所法。	Question: If so, then there should be innumerable mind and mental factors.
['T27n1545_012:0057a06_11']	住不生法中。	住不生法中。	Abiding in the dharma of non-arising.
['T27n1545_012:0057a06_17']	答斯有何過。	答斯有何過。	Answer: What is wrong with this?
['T27n1545_012:0057a07_7']	未來世寬無容處耶。	未來世寬無容處耶。	Is the future too vast to accommodate them?
['T27n1545_012:0057a07_16']	然彼本來已有住處。	然彼本來已有住處。	However, they originally already have a place to abide.
['T27n1545_012:0057a08_3']	故不應難。	故不應難。	Therefore, this objection should not be raised.
['T27n1545_012:0057a08_9']	問心心所法。	問心心所法。	Question: As for the mind and mental factors,
['T27n1545_012:0057a08_15']	如於所緣定。	如於所緣定。	are they determined in relation to their objects,
['T27n1545_012:0057a09_4']	於所依亦定不。	於所依亦定不。	are they also determined in relation to their supports?
['T27n1545_012:0057a09_9']	設爾何失。	設爾何失。	If so, what is the error?
['T27n1545_012:0057a09_17']	若於所依亦定者。	若於所依亦定者。	If they are also determined in relation to their supports,
['T27n1545_012:0057a10_9']	何故此中但說於所緣定。	何故此中但說於所緣定。	why does this [text] only speak of them being determined in relation to their objects,
['T27n1545_012:0057a10_17']	不說於所依定耶。	不說於所依定耶。	and not speak of them being determined in relation to their supports?
['T27n1545_012:0057a11_8']	品類足說復云何通。	品類足說復云何通。	How can the Abhidharma-nyāyânusāra-śāstra be reconciled?
['T27n1545_012:0057a11_11']	如說。	如說。	It says:
['T27n1545_012:0057a11_18']	云何有俱有法。	云何有俱有法。	What are the co-existent dharmas?
['T27n1545_012:0057a12_6']	答一切有漏法。	答一切有漏法。	The answer is: all contaminated dharmas,
['T27n1545_012:0057a12_16']	及有漏法俱生無漏法。	及有漏法俱生無漏法。	and the uncontaminated dharmas that arise together with contaminated dharmas.
['T27n1545_012:0057a13_5']	若於所依不定者。	若於所依不定者。	If they are not determined in relation to their supports,
['T27n1545_012:0057a13_12']	何故於所緣定。	何故於所緣定。	why are they determined in relation to their objects,
['T27n1545_012:0057a14_1']	於所依不定耶。	於所依不定耶。	but not determined in relation to their supports?
['T27n1545_012:0057a14_8']	答於所依亦定。	答於所依亦定。	The answer is: they are also determined in relation to their supports.
['T27n1545_012:0057a14_14']	然心心所法。	然心心所法。	However, the mind and mental factors
['T27n1545_012:0057a15_4']	在未來世與所依遠。	在未來世與所依遠。	in the future are far from their supports,
['T27n1545_012:0057a15_9']	現在則俱。	現在則俱。	but in the present they are together with them.
['T27n1545_012:0057a15_14']	過去復遠。	過去復遠。	In the past they are far again.
['T27n1545_012:0057a15_17']	有說。	有說。	Some say:
['T27n1545_012:0057a16_6']	在未來世與所依遠。	在未來世與所依遠。	In the future, it is distant from its basis.
['T27n1545_012:0057a16_15']	現在過去與所依俱。	現在過去與所依俱。	In the present and past, it is simultaneous with its basis.
['T27n1545_012:0057a17_1']	有說。	有說。	Some say:
['T27n1545_012:0057a17_9']	三世皆與所依俱。	三世皆與所依俱。	The three times are all simultaneous with the basis.
['T27n1545_012:0057a17_13']	問若爾。	問若爾。	Question: If so,
['T27n1545_012:0057a18_1']	何故此中不說。	何故此中不說。	why is it not mentioned here?
['T27n1545_012:0057a18_12']	答此中但欲說憶本所作。	答此中但欲說憶本所作。	Answer: Here, it only wants to speak of remembering what was done in the past.
['T27n1545_012:0057a18_16']	所憶者。	所憶者。	What is remembered
['T27n1545_012:0057a19_5']	是所緣非所依故。	是所緣非所依故。	is the object, not the basis.
['T27n1545_012:0057a19_15']	問品類足說復云何通。	問品類足說復云何通。	Question: How can the Abhidharma-nyāyânusāra-śāstra be reconciled?
['T27n1545_012:0057a20_5']	答彼文應作是說。	答彼文應作是說。	Answer: That text should be written like this:
['T27n1545_012:0057a20_12']	云何有俱有法。	云何有俱有法。	What are the simultaneous dharmas?
['T27n1545_012:0057a21_1']	答一切有為法。	答一切有為法。	Answer: All conditioned dharmas.
['T27n1545_012:0057a21_8']	而不作是說者。	而不作是說者。	But it is not written like this.
['T27n1545_012:0057a21_17']	彼文顯示有用聖道。	彼文顯示有用聖道。	That text shows the functioning of the holy path,
['T27n1545_012:0057a22_7']	不說無用故不相違。	不說無用故不相違。	but does not speak of the non-functioning, so there is no contradiction.
['T27n1545_012:0057a22_16']	有說彼文顯示聖道。	有說彼文顯示聖道。	Some say that text shows the holy path,
['T27n1545_012:0057a23_8']	依他力得依他力起。	依他力得依他力起。	which is obtained and arises through the power of others.
['T27n1545_012:0057a24_2']	故但說與有漏法俱生者。	故但說與有漏法俱生者。	Therefore, it only speaks of those that arise simultaneously with contaminated dharmas.
['T27n1545_012:0057a24_9']	問若心心所法。	問若心心所法。	Question: If the mind and mental factors
['T27n1545_012:0057a25_2']	於所緣定於所依亦定者。	於所緣定於所依亦定者。	are definite with regard to their objects and also definite with regard to their bases,🔽then
['T27n1545_012:0057a26_3']	彼於何位取所緣耶為於生時為於滅時。	彼於何位取所緣耶為於生時為於滅時。	In what state do they take the object? Do they take it at the time of arising or at the time of cessation?
['T27n1545_012:0057a26_8']	設爾何失。	設爾何失。	If so, what is the problem?
['T27n1545_012:0057a26_18']	若生時者生時在未來。	若生時者生時在未來。	If it is at the time of arising, the time of arising is in the future.
['T27n1545_012:0057a27_8']	云何未來法能有所作。	云何未來法能有所作。	How can future dharmas have any function?
['T27n1545_012:0057a27_13']	若滅時者。	若滅時者。	If it is at the time of cessation,
['T27n1545_012:0057a28_4']	滅時諸法衰退散壞。	滅時諸法衰退散壞。	at the time of cessation, dharmas are decaying, dispersing, and disintegrating.
['T27n1545_012:0057a28_13']	云何此位能取所緣。	云何此位能取所緣。	How can this state take the object?
['T27n1545_012:0057a29_1']	答應言滅時。	答應言滅時。	The answer is: It should be said that it is at the time of cessation.
['T27n1545_012:0057a29_15']	問云何衰退散壞之法能取所緣。	問云何衰退散壞之法能取所緣。	The question is: How can dharmas that are decaying, dispersing, and disintegrating take the object?
['T27n1545_012:0057b01_6']	答諸有為法性羸劣故。	答諸有為法性羸劣故。	The answer is: Because conditioned dharmas are by nature weak,
['T27n1545_012:0057b01_11']	不自依故。	不自依故。	they do not rely on themselves,
['T27n1545_012:0057b01_16']	依他轉故。	依他轉故。	they depend on others to function,
['T27n1545_012:0057b02_3']	無作用故。	無作用故。	they have no function,
['T27n1545_012:0057b02_8', 'T27n1545_012:0057b02_13']	不自在故。🔽隨於何位。	不自在故。 隨於何位。	they are not independent.🔽According to the state
['T27n1545_012:0057b02_18']	若遇所依。	若遇所依。	if they encounter a basis
['T27n1545_012:0057b03_8']	所緣和合即於彼位。	所緣和合即於彼位。	and the object is combined, then in that state
['T27n1545_012:0057b03_13']	能取所緣。	能取所緣。	they can take the object.
['T27n1545_012:0057b04_4']	唯於滅時有此和合。	唯於滅時有此和合。	Only at the time of cessation is there this combination.
['T27n1545_012:0057b04_13']	有說生時是未來世。	有說生時是未來世。	Some say it is at the time of arising.
['T27n1545_012:0057b05_4']	未來諸法無作用故。	未來諸法無作用故。	Because future dharmas have no function.
['T27n1545_012:0057b05_16']	不能取所緣滅時是現在世。	不能取所緣滅時是現在世。	At the time of cessation, it is the present world.
['T27n1545_012:0057b06_11']	現在諸法有作用故能取所緣。	現在諸法有作用故能取所緣。	Because present dharmas have functioning, they can grasp their objects.
['T27n1545_012:0057b07_3']	若滅時不取所緣者。	若滅時不取所緣者。	If the past did not grasp its object,
['T27n1545_012:0057b07_17']	則心心所法畢竟不能取於所緣。	則心心所法畢竟不能取於所緣。	then mind and mental factors would never be able to grasp their objects.
['T27n1545_012:0057b08_4']	勿有斯過。	勿有斯過。	Do not let this fault occur.
['T27n1545_012:0057b08_13']	故於滅時能取所緣。	故於滅時能取所緣。	Therefore, at the time of cessation, it can grasp its object.
['T27n1545_012:0057b09_8']	又以受意為因力強。	又以受意為因力強。	Moreover, the power of feeling and intention as causes is strong.
['T27n1545_012:0057b09_13']	念便不忘。	念便不忘。	Recollection is then not forgotten.
['T27n1545_012:0057b10_8']	應知此中前生心聚以意聲說。	應知此中前生心聚以意聲說。	One should know that in this context, the previously arisen group of minds is referred to by the word intention.
['T27n1545_012:0057b10_17']	後生心聚以念聲說。	後生心聚以念聲說。	The subsequently arisen group of minds is referred to by the word recollection.
['T27n1545_012:0057b11_6']	然受意有二種。	然受意有二種。	However, there are two kinds of feeling and intention.
['T27n1545_012:0057b11_12']	一受行相意。	一受行相意。	The first is the intention that feels the aspects [of the four truths].
['T27n1545_012:0057b11_18']	二受所緣意。	二受所緣意。	The second is the intention that feels the objects [of the four truths].
['T27n1545_012:0057b12_9']	且如於增上忍有二心。	且如於增上忍有二心。	For example, there are two minds in the state of supreme patience.
['T27n1545_012:0057b13_3']	受彼行相不受彼所緣。	受彼行相不受彼所緣。	They feel its aspects but do not feel its objects.
['T27n1545_012:0057b13_17']	謂苦類智忍苦類智相應有二心。	謂苦類智忍苦類智相應有二心。	That is, there are two minds associated with the patience for the knowledge of the class of suffering and the knowledge of the class of suffering.
['T27n1545_012:0057b14_9']	受彼所緣不受彼行相。	受彼所緣不受彼行相。	They feel its objects but do not feel its aspects.
['T27n1545_012:0057b15_6']	謂集法智忍集法智相應有三心。	謂集法智忍集法智相應有三心。	That is, there are three minds associated with the patience for the knowledge of the dharma of the class of accumulation and the knowledge of the dharma of the class of accumulation.
['T27n1545_012:0057b15_16']	受彼行相亦受彼所緣。	受彼行相亦受彼所緣。	They feel its aspects and also feel its objects.
['T27n1545_012:0057b16_13']	謂世第一法苦法智忍苦法智相應。	謂世第一法苦法智忍苦法智相應。	That is, the supreme worldly dharmas, the receptivity to the knowledge of dharmas with regard to suffering, and the knowledge of dharmas with regard to suffering are associated.
['T27n1545_012:0057b17_3']	餘心不受彼行相。	餘心不受彼行相。	The other minds do not accept their aspects.
['T27n1545_012:0057b17_16']	亦不受彼所緣謂餘忍智相應。	亦不受彼所緣謂餘忍智相應。	They also do not accept their objects, that is, those associated with the other receptivities and knowledges.
['T27n1545_012:0057b18_7']	如於增上忍於餘心。	如於增上忍於餘心。	As with the supreme worldly dharmas, so with the other minds.
['T27n1545_012:0057b18_14', 'T27n1545_012:0057b19_7']	隨應廣說亦爾。🔽受行相所更受所緣能憶。	隨應廣說亦爾。 受行相所更受所緣能憶。	The extensive explanation is also like this.🔽One remembers what one has experienced in terms of the aspects, and what one has experienced in terms of the objects.
['T27n1545_012:0057b19_18']	受所緣所更受行相能憶。	受所緣所更受行相能憶。	One remembers what one has experienced in terms of the objects, and what one has experienced in terms of the aspects.
['T27n1545_012:0057b20_5']	復有二種意。	復有二種意。	There are also two kinds of minds:
['T27n1545_012:0057b20_9']	一染污。	一染污。	one is defiled,
['T27n1545_012:0057b20_14']	二不染污。	二不染污。	and the other is undefiled.
['T27n1545_012:0057b21_1']	一一所更二種。	一一所更二種。	Each remembers what it has experienced in two ways.
['T27n1545_012:0057b21_9']	能憶復有三種意。	能憶復有三種意。	There are also three kinds of minds:
['T27n1545_012:0057b21_16']	謂善不善無記。	謂善不善無記。	namely, wholesome, unwholesome, and indeterminate.
['T27n1545_012:0057b22_5']	一一所更三種能憶。	一一所更三種能憶。	Each remembers what it has experienced in three ways.
['T27n1545_012:0057b22_11']	復有四種意。	復有四種意。	There are also four kinds of minds:
['T27n1545_012:0057b23_6']	謂善不善有覆無記無覆無記。	謂善不善有覆無記無覆無記。	namely, wholesome, unwholesome, obscured indeterminate, and unobscured indeterminate.
['T27n1545_012:0057b23_15']	一一所更四種能憶。	一一所更四種能憶。	Each remembers what it has experienced in four ways.
['T27n1545_012:0057b24_3']	復有四種意。	復有四種意。	There are also four kinds of minds:
['T27n1545_012:0057b24_17']	謂彼因彼等無間彼所緣彼增上。	謂彼因彼等無間彼所緣彼增上。	namely, those that are causes, those that are immediately antecedent conditions, those that are objects, and those that are dominant conditions.
['T27n1545_012:0057b25_7']	一一所更四種能憶。	一一所更四種能憶。	Each remembers what it has experienced in four ways.
['T27n1545_012:0057b25_13']	復有五種意。	復有五種意。	There are also five kinds of intentions.
['T27n1545_012:0057b26_5']	謂見苦所斷乃至修所斷。	謂見苦所斷乃至修所斷。	Namely, those eliminated by seeing suffering up to those eliminated by cultivation.
['T27n1545_012:0057b26_18']	此中見苦所斷所更五種能憶。	此中見苦所斷所更五種能憶。	Among them, the five kinds of intentions eliminated by seeing suffering can remember what was experienced.
['T27n1545_012:0057b27_9']	見集修所斷所更亦爾。	見集修所斷所更亦爾。	The intentions eliminated by seeing the accumulation and cultivation can also remember what was experienced in the same way.
['T27n1545_012:0057b28_2']	見滅所斷所更四種能憶。	見滅所斷所更四種能憶。	The intentions eliminated by seeing cessation can remember four kinds of what was experienced.
['T27n1545_012:0057b28_8']	除見道所斷。	除見道所斷。	Excluding those eliminated by seeing the path.
['T27n1545_012:0057b28_19']	見道所斷所更四種能憶。	見道所斷所更四種能憶。	The intentions eliminated by seeing the path can remember four kinds of what was experienced.
['T27n1545_012:0057b29_5']	除見滅所斷。	除見滅所斷。	Excluding those eliminated by seeing cessation.
['T27n1545_012:0057b29_11']	復有五種意。	復有五種意。	There are also five kinds of intentions.
['T27n1545_012:0057c01_2', 'T27n1545_012:0057c01_11']	謂善不善有覆無記。🔽如理所引無覆無記。	謂善不善有覆無記。 如理所引無覆無記。	Namely, wholesome, unwholesome, obscured neutral,🔽those without hindrances drawn by proper principles,
['T27n1545_012:0057c02_2']	不如理所引無覆無記。	不如理所引無覆無記。	and those without hindrances drawn by improper principles.
['T27n1545_012:0057c02_7']	此中有說。	此中有說。	Among them, some say:
['T27n1545_012:0057c02_15']	善所更二種能憶。	善所更二種能憶。	The wholesome intentions can remember two kinds of what was experienced.
['T27n1545_012:0057c03_6']	謂善如理所引無覆無記。	謂善如理所引無覆無記。	Namely, the wholesome and those without hindrances drawn by proper principles.
['T27n1545_012:0057c04_1']	如理所引無覆無記所更亦爾。	如理所引無覆無記所更亦爾。	Those without hindrances drawn by proper principles can also remember what was experienced in the same way.
['T27n1545_012:0057c04_10', 'T27n1545_012:0057c04_18']	不善所更三種能憶。🔽謂不善有覆無記。	不善所更三種能憶。 謂不善有覆無記。	The unwholesome intentions can remember three kinds of what was experienced.🔽Namely, the unwholesome, the obscured neutral,
['T27n1545_012:0057c05_13']	不如理所引無覆無記有覆無記。	不如理所引無覆無記有覆無記。	and those without hindrances drawn by improper principles.
['T27n1545_012:0057c06_9']	不如理所引無覆無記所更亦爾。	不如理所引無覆無記所更亦爾。	The same is true for the non-obscured-neutral mind that is not in accordance with reason.
['T27n1545_012:0057c06_14']	如是說者。	如是說者。	According to this explanation,
['T27n1545_012:0057c07_5']	一一所更五種能憶。	一一所更五種能憶。	each mind that has experienced can remember in five ways.
['T27n1545_012:0057c07_11']	復有六種意。	復有六種意。	There are also six kinds of mind,
['T27n1545_012:0057c08_1']	謂眼識乃至意識。	謂眼識乃至意識。	namely eye-consciousness up to mind-consciousness.
['T27n1545_012:0057c08_10']	五識所更意識能憶。	五識所更意識能憶。	The mind that has experienced through the five consciousnesses can be remembered by the mind-consciousness.
['T27n1545_012:0057c08_19']	意識所更六識能憶。	意識所更六識能憶。	The mind that has experienced through the mind-consciousness can be remembered by the six consciousnesses.
['T27n1545_012:0057c09_6']	復有十二種意。	復有十二種意。	There are also twelve kinds of mind,
['T27n1545_012:0057c09_11']	欲界有四。	欲界有四。	four in the desire realm,
['T27n1545_012:0057c10_6']	謂善不善有覆無記無覆無記。	謂善不善有覆無記無覆無記。	namely wholesome, unwholesome, obscured-neutral, and unobscured-neutral.
['T27n1545_012:0057c10_11']	色界有三。	色界有三。	The form realm has three,
['T27n1545_012:0057c10_18']	謂前四除不善。	謂前四除不善。	namely the first four excluding the unwholesome.
['T27n1545_012:0057c11_5']	無色界亦爾。	無色界亦爾。	The formless realm is also like this.
['T27n1545_012:0057c11_10']	無漏有二。	無漏有二。	The uncontaminated has two,
['T27n1545_012:0057c11_15']	謂學無學。	謂學無學。	namely learner and post-learner.
['T27n1545_012:0057c12_7']	欲界善所更十二種能憶。	欲界善所更十二種能憶。	The mind that has experienced the wholesome of the desire realm can be remembered by the twelve kinds.
['T27n1545_012:0057c12_17']	不善色界善所更亦爾。	不善色界善所更亦爾。	The unwholesome and the wholesome of the form realm that have been experienced are also like this.
['T27n1545_012:0057c13_11']	欲界有覆無記所更八種能憶。	欲界有覆無記所更八種能憶。	The mind that has experienced the obscured-neutral of the desire realm can be remembered by eight kinds,
['T27n1545_012:0057c14_6']	謂除色界有覆無記無色界三。	謂除色界有覆無記無色界三。	excluding the obscured-neutral of the form realm and the three of the formless realm.
['T27n1545_012:0057c14_17']	欲界無覆無記所更亦爾。	欲界無覆無記所更亦爾。	The unobscured-neutral of the desire realm that has been experienced is also like this.
['T27n1545_012:0057c15_12']	色界有覆無記所更十種能憶。	色界有覆無記所更十種能憶。	The ten kinds of objects that are experienced by the obscured-neutral dharmas of the form realm can be remembered.
['T27n1545_012:0057c16_1']	除欲界二無記。	除欲界二無記。	Except for the two neutral dharmas of the desire realm.
['T27n1545_012:0057c16_10']	無色界善所更亦爾。	無色界善所更亦爾。	The objects experienced by the wholesome dharmas of the formless realm are also like this.
['T27n1545_012:0057c17_4']	色界無覆無記所更十種能憶。	色界無覆無記所更十種能憶。	The ten kinds of objects that are experienced by the unobscured-neutral dharmas of the form realm can be remembered.
['T27n1545_012:0057c17_12']	除無色界二無記。	除無色界二無記。	Except for the two neutral dharmas of the formless realm.
['T27n1545_012:0057c18_7']	無色界有覆無記所更九種能憶。	無色界有覆無記所更九種能憶。	The nine kinds of objects that are experienced by the obscured-neutral dharmas of the formless realm can be remembered.
['T27n1545_012:0057c19_3']	除欲界二無記及色界無覆無記。	除欲界二無記及色界無覆無記。	Except for the two neutral dharmas of the desire realm and the unobscured-neutral dharmas of the form realm.
['T27n1545_012:0057c19_15']	無色界無覆無記所更亦爾。	無色界無覆無記所更亦爾。	The objects experienced by the unobscured-neutral dharmas of the formless realm are also like this.
['T27n1545_012:0057c20_6']	學所更十一種能憶。	學所更十一種能憶。	The eleven kinds of objects that are experienced by those in training can be remembered.
['T27n1545_012:0057c20_14']	除欲界有覆無記。	除欲界有覆無記。	Except for the obscured-neutral dharmas of the desire realm.
['T27n1545_012:0057c21_7']	無學所更若退法者如學說。	無學所更若退法者如學說。	For those in the stage of non-retrogression who are not yet fully trained, the objects experienced are like those of those in training.
['T27n1545_012:0057c21_17']	若不退法者七種能憶。	若不退法者七種能憶。	For those who are not yet in the stage of non-retrogression, the seven kinds of objects that can be remembered are
['T27n1545_012:0057c22_6']	除學及四染污。	除學及四染污。	except for those of those in training and the four defiled ones.
['T27n1545_012:0057c22_15']	由前受意為因力強。	由前受意為因力強。	Because the power of the mind and intention in the previous experience is strong,
['T27n1545_012:0057c23_6']	於彼所緣引生後念。	於彼所緣引生後念。	it induces the arising of subsequent thoughts regarding those objects.
['T27n1545_012:0057c23_10']	不忘者。	不忘者。	Not forgetting means
['T27n1545_012:0057c24_3']	謂心不狂亂非苦所逼。	謂心不狂亂非苦所逼。	that the mind is not deranged or afflicted by suffering.
['T27n1545_012:0057c24_10']	尊者世友說曰。	尊者世友說曰。	The Venerable Vasumitra said:
['T27n1545_012:0057c25_1']	由三因緣憶本所作。	由三因緣憶本所作。	One remembers what one has done in the past for three reasons.
['T27n1545_012:0057c25_8']	一善取前相故。	一善取前相故。	First, because one well grasps the previous characteristics.
['T27n1545_012:0057c25_17']	二同分相續現行故。	二同分相續現行故。	Second, because the continuity of the same kind is presently active.
['T27n1545_012:0057c26_5']	三不失念故。	三不失念故。	Third, because one does not lose mindfulness.
['T27n1545_012:0057c26_14']	由此雖無補特伽羅。	由此雖無補特伽羅。	For these reasons, although there are no pudgalas,
['T27n1545_012:0057c27_5']	亦無前心往後心理。	亦無前心往後心理。	and there is no mental state of the past going to the future,
['T27n1545_012:0057c27_14']	而能憶念本所作事。	而能憶念本所作事。	one is still able to remember the things one has done in the past.
['T27n1545_012:0057c28_8']	何緣有情忘而復憶。	何緣有情忘而復憶。	Why do sentient beings forget and then remember again?
['T27n1545_012:0057c28_18']	答有情同分相續轉時。	答有情同分相續轉時。	The answer is: when the continuity of the same kind of sentient beings evolves,
['T27n1545_012:0057c29_8']	於法能起相屬智見。	於法能起相屬智見。	with regard to dharmas one is able to give rise to knowledge and views that are associated with characteristics.
['T27n1545_012:0057c29_17']	此中忘者是失念義。	此中忘者是失念義。	Here, forgetting means losing mindfulness.
['T27n1545_012:0058a01_4']	非不念義。	非不念義。	It does not mean not being mindful.
['T27n1545_012:0058a01_9']	所以者何。	所以者何。	Why is this?
['T27n1545_012:0058a01_18']	無有少法名不念故。	無有少法名不念故。	Because there is not a single dharma called not being mindful.
['T27n1545_012:0058a02_5', 'T27n1545_012:0058a02_15']	同分有三種。🔽謂加行同分所緣同分。	同分有三種。 謂加行同分所緣同分。	There are three kinds of same kinds:
['T27n1545_012:0058a03_1']	隨順同分。	隨順同分。	1. same kinds of practice, 2. same kinds of objects, 3. same kinds of conformity.
['T27n1545_012:0058a03_7']	加行同分者。	加行同分者。	The same kinds of practice are as follows:
['T27n1545_012:0058a03_16']	如有先誦素怛纜藏。	如有先誦素怛纜藏。	For example, if one has previously recited the Sutra Pitaka,
['T27n1545_012:0058a04_2']	中間忘失。	中間忘失。	and in the middle forgets,
['T27n1545_012:0058a04_15']	後因如前所作加行還得記憶。	後因如前所作加行還得記憶。	later due to the practice as before one can still remember.
['T27n1545_012:0058a05_10']	先誦毘奈耶阿毘達磨藏亦爾。	先誦毘奈耶阿毘達磨藏亦爾。	First, one recites the Vinaya and Abhidharma Piṭaka in the same way.
['T27n1545_012:0058a06_1']	如是先起不淨觀。	如是先起不淨觀。	In this way, one first arouses the meditation on impurity.
['T27n1545_012:0058a06_6', 'T27n1545_012:0058a07_1']	中間忘失。🔽後因如前所作加行還得記憶。	中間忘失。 後因如前所作加行還得記憶。	In the middle, one forgets.🔽Later, due to the previous practice, one regains memory.
['T27n1545_012:0058a07_12']	先起持息念界方便亦爾。	先起持息念界方便亦爾。	The same is true for the preparatory practices of the mindfulness of breathing and the spheres that were previously aroused.
['T27n1545_012:0058a08_2']	曾聞有婆羅門子。	曾聞有婆羅門子。	It is heard that there was a son of a Brahmin.
['T27n1545_012:0058a08_10']	先誦得四吠陀書。	先誦得四吠陀書。	He had previously memorized the four Vedas.
['T27n1545_012:0058a08_15']	中間忘失。	中間忘失。	In the middle, he forgot.
['T27n1545_012:0058a09_9']	復溫誦之盡其方便不能通利。	復溫誦之盡其方便不能通利。	He then reviewed them to the best of his ability, but was unable to understand them thoroughly.
['T27n1545_012:0058a10_2']	便往師所具述因緣。	便往師所具述因緣。	He went to his teacher and fully described the circumstances.
['T27n1545_012:0058a10_7']	師即問言。	師即問言。	The teacher then asked,
['T27n1545_012:0058a10_16']	汝先誦時以何加行。	汝先誦時以何加行。	What preparatory practices did you use when you were memorizing before?
['T27n1545_012:0058a10_19']	答言。	答言。	He replied,
['T27n1545_012:0058a11_5']	本時手繩口誦。	本時手繩口誦。	In the past, I recited with a rope in my hand.
['T27n1545_012:0058a11_8']	師言。	師言。	The teacher said,
['T27n1545_012:0058a11_15']	汝當如本加行。	汝當如本加行。	You should use the same preparatory practices as before.
['T27n1545_012:0058a12_5']	彼隨師教一切皆憶。	彼隨師教一切皆憶。	He followed the teacher's instructions and remembered everything.
['T27n1545_012:0058a12_11']	所緣同分者。	所緣同分者。	As for the same object,
['T27n1545_012:0058a13_10']	如有先見如是園林泉池山谷經行處等。	如有先見如是園林泉池山谷經行處等。	there was someone who had previously seen such things as gardens, forests, springs, ponds, mountains, valleys, and places for walking.
['T27n1545_012:0058a13_15']	中間忘失。	中間忘失。	In the middle, he forgot.
['T27n1545_012:0058a14_9']	後見相似園林等時一切皆憶。	後見相似園林等時一切皆憶。	Later, when he saw similar gardens, forests, and so forth, he remembered everything.
['T27n1545_012:0058a14_15']	隨順同分者。	隨順同分者。	In accordance with the same type means:
['T27n1545_012:0058a15_14']	如得隨順飲食衣服臥具房舍說法人等。	如得隨順飲食衣服臥具房舍說法人等。	If one obtains things that are in accordance with food, clothing, bedding, dwellings, and Dharma teachers,
['T27n1545_012:0058a16_5']	則能憶念先所更事。	則能憶念先所更事。	one will be able to remember past experiences.
['T27n1545_012:0058a16_12']	曾聞有一苾芻。	曾聞有一苾芻。	It is said that there was once a bhikṣu
['T27n1545_012:0058a17_1']	先誦得四阿笈摩。	先誦得四阿笈摩。	who had previously recited the Four Āgamas.
['T27n1545_012:0058a17_6']	中間忘失。	中間忘失。	In the meantime, he forgot them.
['T27n1545_012:0058a18_1']	復溫誦之盡其方便不能通利。	復溫誦之盡其方便不能通利。	Even though he reviewed them using all his expedient means, he was still unable to understand them.
['T27n1545_012:0058a18_10']	便往尊者阿難陀所。	便往尊者阿難陀所。	He then went to the Venerable Ānanda
['T27n1545_012:0058a18_15']	問其因緣。	問其因緣。	and asked about the reason.
['T27n1545_012:0058a19_1']	尊者答言。	尊者答言。	The Venerable One replied:
['T27n1545_012:0058a19_14']	汝今可往以油塗身溫室洗浴。	汝今可往以油塗身溫室洗浴。	You should now go and anoint your body with oil, bathe in a warm room,
['T27n1545_012:0058a20_13']	求諸隨順衣服飲食臥具房舍說法人等。	求諸隨順衣服飲食臥具房舍說法人等。	and seek things that are in accordance with clothing, food, bedding, dwellings, and Dharma teachers.
['T27n1545_012:0058a21_4']	苾芻依教悉還通利。	苾芻依教悉還通利。	The bhikṣu followed the instructions and all became clear to him again.
['T27n1545_012:0058a21_13']	如是同分相續轉時。	如是同分相續轉時。	In this way, when the continuity of the same type continues,
['T27n1545_012:0058a22_4']	於法能起相屬智見。	於法能起相屬智見。	one is able to give rise to cognition and views that are related to the Dharma.
['T27n1545_012:0058a22_10']	問起誰相屬。	問起誰相屬。	Question: What kind of relationship is given rise to?
['T27n1545_012:0058a22_18']	答三種同分有異。	答三種同分有異。	Answer: The three kinds of same type are different.
['T27n1545_012:0058a23_10']	誦言於法能起連續智見。	誦言於法能起連續智見。	The recitation says: One is able to give rise to cognition and views that are continuous with regard to the Dharma.
['T27n1545_012:0058a24_5']	即是起長時流注相續智見義。	即是起長時流注相續智見義。	This means the meaning of giving rise to cognition and views that are a long-lasting, flowing continuity.
['T27n1545_012:0058a24_10']	復有誦云。	復有誦云。	There is also a recitation that says:
['T27n1545_012:0058a25_1']	於法能起次第智見。	於法能起次第智見。	With regard to dharmas, one is able to give rise to sequential cognition and insight.
['T27n1545_012:0058a25_14']	即是起彼彼周遍行列智見義。	即是起彼彼周遍行列智見義。	This is the meaning of giving rise to cognition and insight that pervades everywhere in all aspects.
['T27n1545_012:0058a26_1']	復有誦言。	復有誦言。	There is also a recitation that says:
['T27n1545_012:0058a26_10']	於法能起無礙智見。	於法能起無礙智見。	With regard to dharmas, one is able to give rise to unobstructed cognition and insight.
['T27n1545_012:0058a27_5']	即是起無滯無著無斷智見義。	即是起無滯無著無斷智見義。	This is the meaning of giving rise to cognition and insight that is free from obstruction, attachment, and interruption.
['T27n1545_012:0058a27_10']	復有誦言。	復有誦言。	There is also a recitation that says:
['T27n1545_012:0058a28_1']	於法能起無障智見。	於法能起無障智見。	With regard to dharmas, one is able to give rise to unobstructed cognition and insight.
['T27n1545_012:0058a28_16']	即是起離障伏所治勝怨敵智見義。	即是起離障伏所治勝怨敵智見義。	This is the meaning of giving rise to cognition and insight that is free from obstruction, subdues the opposing forces, and conquers the powerful enemies.
['T27n1545_012:0058a29_11']	又以受意為因力強念便不忘。	又以受意為因力強念便不忘。	Moreover, because the power of the cause of receiving and intention is strong, mindfulness does not easily forget.
['T27n1545_012:0058b01_7']	應知此中前生心聚以意聲說。	應知此中前生心聚以意聲說。	It should be understood that in this context, the group of minds that arose previously is referred to by the word intention,
['T27n1545_012:0058b01_16']	後生心聚以念聲說。	後生心聚以念聲說。	and the group of minds that arose later is referred to by the word mindfulness.
['T27n1545_012:0058b02_5']	受意言如前釋。	受意言如前釋。	The words receiving and intention are explained as before.
['T27n1545_012:0058b02_14']	由前受意為因力強。	由前受意為因力強。	Because the power of the cause of receiving and intention in the past is strong,
['T27n1545_012:0058b03_1']	於彼所緣。	於彼所緣。	with regard to that object,
['T27n1545_012:0058b03_6']	引生後念。	引生後念。	it gives rise to later mindfulness.
['T27n1545_012:0058b03_15']	中間雖忘而後復憶。	中間雖忘而後復憶。	Although forgotten in the meantime, it is remembered again later.
['T27n1545_012:0058b04_3']	不忘言如前釋。	不忘言如前釋。	The word not forgetting is explained as before.
['T27n1545_012:0058b05_8']	何緣有情憶而復忘。	何緣有情憶而復忘。	Why do sentient beings remember and then forget again?
['T27n1545_012:0058b05_18']	答有情異分相續轉時。	答有情異分相續轉時。	Answer: When the continuity of sentient beings changes into different states,
['T27n1545_012:0058b06_8', 'T27n1545_012:0058b06_13']	於法不起相屬智見。🔽此中忘者。	於法不起相屬智見。 此中忘者。	One does not give rise to the wisdom and insight that are associated with phenomena.🔽Here, forgetting
['T27n1545_012:0058b06_18']	是失念義。	是失念義。	means the meaning of losing mindfulness.
['T27n1545_012:0058b07_4']	廣說如前。	廣說如前。	It is explained in detail as before.
['T27n1545_012:0058b07_10', 'T27n1545_012:0058b07_16', 'T27n1545_012:0058b08_2']	異分有三種。🔽謂加行異分。🔽所緣異分。	異分有三種。 謂加行異分。 所緣異分。	There are three kinds of distinctions:🔽Distinction of practice,🔽distinction of object,
['T27n1545_012:0058b08_7']	隨順異分。	隨順異分。	distinction of conformity.
['T27n1545_012:0058b08_13']	加行異分者。	加行異分者。	As for the distinction of practice,
['T27n1545_012:0058b09_3']	如有先誦素怛纜藏。	如有先誦素怛纜藏。	it is like someone who first recites the Sutra Piṭaka,
['T27n1545_012:0058b09_8']	中間忘失。	中間忘失。	but in the middle forgets it,
['T27n1545_012:0058b09_16']	捨之復誦毘奈耶。	捨之復誦毘奈耶。	abandons it and recites the Vinaya,
['T27n1545_012:0058b10_5']	或阿毘達磨藏。	或阿毘達磨藏。	or the Abhidharma Piṭaka,
['T27n1545_012:0058b10_10']	後皆不憶。	後皆不憶。	but later does not remember any of it.
['T27n1545_012:0058b11_4']	先誦毘奈耶阿毘達磨藏亦爾。	先誦毘奈耶阿毘達磨藏亦爾。	It is the same for first reciting the Vinaya or Abhidharma Piṭaka.
['T27n1545_012:0058b11_12']	如是先起不淨觀。	如是先起不淨觀。	In this way, one first gives rise to the contemplation of impurity,
['T27n1545_012:0058b11_17']	中間忘失。	中間忘失。	but in the middle forgets it,
['T27n1545_012:0058b12_6']	捨之復起持息念。	捨之復起持息念。	abandons it and again gives rise to mindfulness of breathing,
['T27n1545_012:0058b12_15']	或界方便後皆不憶。	或界方便後皆不憶。	or the expedient means of the realms, but later does not remember any of it.
['T27n1545_012:0058b13_8']	先起持息念界方便亦爾。	先起持息念界方便亦爾。	It is the same for first giving rise to mindfulness of breathing or the expedient means of the realms.
['T27n1545_012:0058b13_14']	所緣異分者。	所緣異分者。	As for the distinction of objects,
['T27n1545_012:0058b14_13']	如有先見如是園林泉池山谷經行處等。	如有先見如是園林泉池山谷經行處等。	it is like someone who first sees such things as gardens, forests, springs, ponds, mountains, valleys, and places for walking,
['T27n1545_012:0058b14_18']	中間忘失。	中間忘失。	but in the middle forgets them,
['T27n1545_012:0058b15_8']	後更不見彼相似相。	後更不見彼相似相。	Later, one does not see any similar characteristics.
['T27n1545_012:0058b15_17']	於前所更不復能憶。	於前所更不復能憶。	One is no longer able to remember what one experienced before.
['T27n1545_012:0058b16_5']	隨順異分者。	隨順異分者。	In accordance with a different category means
['T27n1545_012:0058b16_18']	如有不得隨順飲食衣服等事。	如有不得隨順飲食衣服等事。	that one does not obtain things such as food, drink, clothing, etc. in accordance with one's wishes.
['T27n1545_012:0058b17_8']	於前所更不能復憶。	於前所更不能復憶。	One is no longer able to remember what one experienced before.
['T27n1545_012:0058b17_17']	如是異分相續轉時。	如是異分相續轉時。	In this way, when the continuity of a different category evolves,
['T27n1545_012:0058b18_8']	於法不起相屬智見。	於法不起相屬智見。	one does not give rise to the cognition and view of the connection between phenomena.
['T27n1545_012:0058b18_15']	問不起誰相屬。	問不起誰相屬。	Question: What kind of connection does one not give rise to?
['T27n1545_012:0058b19_11']	答三種同分此中亦有四種異誦。	答三種同分此中亦有四種異誦。	Answer: The three kinds of homogeneity also have four kinds of variant recitations here.
['T27n1545_012:0058b20_1']	與前相違應廣說。	與前相違應廣說。	They should be explained in detail in contrast to the previous [four kinds of variant recitations].
['T27n1545_012:0058b20_14']	又以受意為因力劣念便忘失。	又以受意為因力劣念便忘失。	Moreover, if the power of the mind and intention as causes is weak, memory is lost.
['T27n1545_012:0058b21_9']	應知此中前生心聚以意聲說。	應知此中前生心聚以意聲說。	It should be understood that in this context, the collection of minds in a previous life is referred to by the term mind,
['T27n1545_012:0058b22_1']	後生心聚以念聲說。	後生心聚以念聲說。	and the collection of minds in a later life is referred to by the term memory.
['T27n1545_012:0058b22_8']	受意言如前釋。	受意言如前釋。	The term mind and intention is explained as before.
['T27n1545_012:0058b22_17']	由前受意為因力劣。	由前受意為因力劣。	Due to the weakness of the power of the mind and intention as causes in the past,
['T27n1545_012:0058b23_7']	於彼所緣不生後念。	於彼所緣不生後念。	later memory does not arise regarding the object.
['T27n1545_012:0058b23_16']	中間雖憶而後復忘。	中間雖憶而後復忘。	Although one may remember in the middle, one forgets later.
['T27n1545_012:0058b24_9']	忘者謂心狂亂苦受所逼。	忘者謂心狂亂苦受所逼。	Forgetting refers to the mind being disturbed and afflicted by painful feelings.
['T27n1545_012:0058b24_16']	尊者世友說曰。	尊者世友說曰。	Venerable Vasumitra said:
['T27n1545_012:0058b25_7']	由三因緣念便忘失。	由三因緣念便忘失。	There are three reasons why mindfulness is lost.
['T27n1545_012:0058b25_15']	一不善取前相故。	一不善取前相故。	First, because the previous characteristics are not well grasped.
['T27n1545_012:0058b26_6']	二異分相續現行故。	二異分相續現行故。	Second, because the continuity of different aspects is presently active.
['T27n1545_012:0058b26_11']	三失念故。	三失念故。	Third, because of forgetfulness.
['T27n1545_012:0058b26_16']	復作是說。	復作是說。	There is also a theory that says:
['T27n1545_012:0058b27_7']	由八因緣念便忘失。	由八因緣念便忘失。	Mindfulness is lost due to eight reasons.
['T27n1545_012:0058b28_3']	一者生時生苦所逼故念便忘失。	一者生時生苦所逼故念便忘失。	First, when being born, one is oppressed by the suffering of birth, so mindfulness is lost.
['T27n1545_012:0058b28_13']	二者死時死苦所逼故。	二者死時死苦所逼故。	Second, when dying, one is oppressed by the suffering of death.
['T27n1545_012:0058b29_3']	三者餘語多現行故。	三者餘語多現行故。	Third, because other words are often active.
['T27n1545_012:0058b29_12']	四者根鈍依餘智故。	四者根鈍依餘智故。	Fourth, because the faculties are dull and rely on other wisdoms.
['T27n1545_012:0058c01_6']	五者生非愛趣苦受所逼故。	五者生非愛趣苦受所逼故。	Fifth, being born in a non-beloved realm, one is oppressed by suffering.
['T27n1545_012:0058c02_4']	六者五根於境馳散不息多放逸故。	六者五根於境馳散不息多放逸故。	Sixth, the five faculties run and scatter among objects, not resting, and are often negligent.
['T27n1545_012:0058c02_15']	七者重煩惱障數現行故。	七者重煩惱障數現行故。	Seventh, because the afflictive hindrances are often active.
['T27n1545_012:0058c03_7']	八者不數修定心散亂故。	八者不數修定心散亂故。	Eighth, because samādhi is not often cultivated and the mind is distracted,
['T27n1545_012:0058c03_12']	念便忘失。	念便忘失。	mindfulness is lost.
['T27n1545_012:0058c04_10']	問何等智所更念有忘失。	問何等智所更念有忘失。	It is asked: What kind of wisdom is forgotten when there is loss of mindfulness?
['T27n1545_012:0058c04_15', 'T27n1545_012:0058c05_1']	聞所成耶。🔽思所成耶。	聞所成耶。 思所成耶。	Is it that which is accomplished through hearing?🔽Is it that which is accomplished through contemplation?
['T27n1545_012:0058c05_6']	修所成耶。	修所成耶。	Is it that which is accomplished through cultivation?
['T27n1545_012:0058c05_11']	生得等耶。	生得等耶。	Is it that which is obtained through birth, and so on?
['T27n1545_012:0058c05_14']	有說。	有說。	Some say:
['T27n1545_012:0058c06_9']	聞思所成及生得等所更念有忘失。	聞思所成及生得等所更念有忘失。	Those that are accomplished through hearing and contemplation, as well as those that are innate, may be forgotten.
['T27n1545_012:0058c06_14']	非修所成。	非修所成。	Not those that are accomplished through cultivation.
['T27n1545_012:0058c07_5']	定力所持無忘失故。	定力所持無忘失故。	Because they are maintained by the power of concentration and are not forgotten.
['T27n1545_012:0058c07_8']	有說。	有說。	Some say:
['T27n1545_012:0058c08_1']	修所成所更亦有忘失。	修所成所更亦有忘失。	Those that are accomplished through cultivation may also be forgotten.
['T27n1545_012:0058c08_6']	身羸弱故。	身羸弱故。	Because the body is weak.
['T27n1545_012:0058c08_15']	謂有得定身羸弱者。	謂有得定身羸弱者。	That is to say, there are those who attain concentration but whose bodies are weak.
['T27n1545_012:0058c09_1']	心亦羸弱故。	心亦羸弱故。	Because their minds are also weak.
['T27n1545_012:0058c09_9']	彼所更亦有忘失。	彼所更亦有忘失。	Therefore, what they experience may also be forgotten.
['T27n1545_012:0058c09_17']	問何處有忘念耶。	問何處有忘念耶。	Question: Where does forgetfulness exist?
['T27n1545_012:0058c10_4']	答在欲界。	答在欲界。	Answer: It exists in the desire realm.
['T27n1545_012:0058c10_10']	非色無色界。	非色無色界。	Not in the form or formless realms.
['T27n1545_012:0058c11_1']	於五趣中皆有忘念。	於五趣中皆有忘念。	Among the five destinies, all have forgetfulness.
['T27n1545_012:0058c11_10']	有說地獄無有忘念。	有說地獄無有忘念。	Some say that hell beings have no forgetfulness.
['T27n1545_012:0058c11_15']	以恒忘故。	以恒忘故。	Because they are always forgetful.
['T27n1545_012:0058c12_8']	問何等補特伽羅有忘念耶。	問何等補特伽羅有忘念耶。	Question: What kind of person has forgetfulness?
['T27n1545_012:0058c13_1']	答異生聖者皆有忘念。	答異生聖者皆有忘念。	Answer: Both ordinary beings and noble ones have forgetfulness.
['T27n1545_012:0058c13_16']	聖者中預流一來不還阿羅漢獨覺。	聖者中預流一來不還阿羅漢獨覺。	Among the noble ones, stream-enterers, once-returners, non-returners, arhats, and pratyekabuddhas
['T27n1545_012:0058c14_2']	皆有忘念。	皆有忘念。	all have forgetfulness.
['T27n1545_012:0058c14_7']	唯除世尊。	唯除世尊。	Only the World-Honored One is excluded.
['T27n1545_012:0058c14_17']	以佛成就無忘失法故。	以佛成就無忘失法故。	Because the Buddha has accomplished the Dharma of non-forgetfulness.
['T27n1545_012:0058c15_4']	云何知然。	云何知然。	How do we know this?
['T27n1545_012:0058c15_10']	答經為量故。	答經為量故。	The answer is: because the sutras are the standard.
['T27n1545_012:0058c15_13', 'T27n1545_012:0058c16_4']	如說。🔽舍利子假使諸苾芻眾。	如說。 舍利子假使諸苾芻眾。	As it is said:
['T27n1545_012:0058c16_14']	以床座舁我行經百年。	以床座舁我行經百年。	Śāriputra, suppose a group of monks were to carry me around on a bed for a hundred years,
['T27n1545_012:0058c17_6']	欲令如來無上慧辯。	欲令如來無上慧辯。	hoping to make the Tathāgata's unsurpassed wisdom and eloquence
['T27n1545_012:0058c17_15']	有少退失無有是處。	有少退失無有是處。	degenerate, it would be impossible.
['T27n1545_012:0058c18_6']	故知佛具無忘失法。	故知佛具無忘失法。	Therefore, we know that the Buddha is endowed with the Dharma of non-forgetfulness.
['T27n1545_012:0058c19_4']	如象跡喻。	如象跡喻。	Like the analogy of an elephant's footprint.
['T27n1545_012:0058c19_9']	契經中說。	契經中說。	It is said in the sutra:
['T27n1545_012:0058c19_14', 'T27n1545_012:0058c20_4']	舍利子言。🔽若內意處不壞外法處。	舍利子言。 若內意處不壞外法處。	Śāriputra said:
['T27n1545_012:0058c20_14']	現前及能生作意正起。	現前及能生作意正起。	If the internal mind faculty is not destroyed and the external mental objects are present, and if the attention that gives rise to them arises correctly,
['T27n1545_012:0058c21_1']	爾時意識生。	爾時意識生。	at that time mental consciousness arises.
['T27n1545_012:0058c21_7']	問意云何壞。	問意云何壞。	The question is: how is the mind destroyed?
['T27n1545_012:0058c21_13', 'T27n1545_012:0058c21_18']	答有三種壞。🔽一暫時壞。	答有三種壞。 一暫時壞。	The answer is: there are three kinds of destruction:🔽First, temporary destruction;
['T27n1545_012:0058c22_6']	二盡眾同分壞。	二盡眾同分壞。	Second, destruction at the end of one's life;
['T27n1545_012:0058c22_11']	三究竟壞。	三究竟壞。	Third, ultimate destruction.
['T27n1545_012:0058c22_16']	暫時壞者。	暫時壞者。	Temporary destruction means:
['T27n1545_012:0058c23_2']	謂善心無間。	謂善心無間。	Immediately after a wholesome thought,
['T27n1545_012:0058c23_10']	不善無記心現前。	不善無記心現前。	an unwholesome or indeterminate thought appears.
['T27n1545_012:0058c23_19']	爾時名為善心暫壞。	爾時名為善心暫壞。	At that time, it is called the temporary destruction of a wholesome thought.
['T27n1545_012:0058c24_7']	乃至無記心無間。	乃至無記心無間。	Up to immediately after an indeterminate thought,
['T27n1545_012:0058c24_14']	善不善心現前。	善不善心現前。	a wholesome or unwholesome thought appears.
['T27n1545_012:0058c25_5']	爾時名為無記心暫壞。	爾時名為無記心暫壞。	At that time, it is said that the indeterminate mind is temporarily destroyed.
['T27n1545_012:0058c25_13']	如是欲界心無間。	如是欲界心無間。	In this way, immediately after the mind of the desire realm,
['T27n1545_012:0058c26_3']	色界不繫心現前。	色界不繫心現前。	the unattached mind of the form realm appears.
['T27n1545_012:0058c26_13']	爾時名為欲界心暫壞。	爾時名為欲界心暫壞。	At that time, it is said that the mind of the desire realm is temporarily destroyed.
['T27n1545_012:0058c27_8']	乃至不繫心無間三界心現前。	乃至不繫心無間三界心現前。	Up to immediately after the unattached mind, the mind of the three realms appears.
['T27n1545_012:0058c27_18']	爾時名為不繫心暫壞。	爾時名為不繫心暫壞。	At that time, it is said that the unattached mind is temporarily destroyed.
['T27n1545_012:0058c28_8']	若入無想滅盡等至。	若入無想滅盡等至。	If one enters the attainment of non-perception or cessation,
['T27n1545_012:0058c29_1']	爾時名為一切心暫壞。	爾時名為一切心暫壞。	at that time, it is said that all minds are temporarily destroyed.
['T27n1545_012:0058c29_8']	盡眾同分壞者。	盡眾同分壞者。	Destruction of the entire continuity of existence refers to
['T27n1545_012:0058c29_14']	謂斷善根者。	謂斷善根者。	those who sever the roots of good.
['T27n1545_012:0059a01_5']	善心有盡眾同分壞。	善心有盡眾同分壞。	There is the destruction of the entire continuity of existence of the good mind.
['T27n1545_012:0059a01_14']	離欲染異生不善心。	離欲染異生不善心。	The unwholesome mind of ordinary beings who are free from the defilements of desire
['T27n1545_012:0059a02_5']	有盡眾同分壞如是等。	有盡眾同分壞如是等。	has the destruction of the entire continuity of existence and so forth.
['T27n1545_012:0059a02_10']	究竟壞者。	究竟壞者。	Ultimate destruction refers to
['T27n1545_012:0059a03_1']	謂苦智已生集智未生。	謂苦智已生集智未生。	when the knowledge of suffering has arisen but the knowledge of accumulation has not yet arisen,
['T27n1545_012:0059a03_12']	三界見苦所斷心究竟壞。	三界見苦所斷心究竟壞。	the mind of the three realms that is to be eliminated by seeing suffering is ultimately destroyed.
['T27n1545_012:0059a04_4']	乃至滅智已生道智未生。	乃至滅智已生道智未生。	Up to when the knowledge of cessation has arisen but the knowledge of the path has not yet arisen,
['T27n1545_012:0059a04_17']	三界見苦集滅所斷心究竟壞。	三界見苦集滅所斷心究竟壞。	the mind of the three realms that is to be eliminated by seeing suffering, accumulation, and cessation is ultimately destroyed.
['T27n1545_012:0059a05_11']	預流者三界見所斷心究竟壞。	預流者三界見所斷心究竟壞。	The stream-enterer has completely destroyed the mind that is to be eliminated by seeing the three realms.
['T27n1545_012:0059a05_18']	不退法一來者。	不退法一來者。	The non-retrogressive state of the once-returner.
['T27n1545_012:0059a06_17']	三界見所斷及欲界修所斷六品心究竟壞。	三界見所斷及欲界修所斷六品心究竟壞。	Has completely destroyed the mind that is to be eliminated by seeing the three realms and the first six grades of the mind to be eliminated by cultivation in the desire realm.
['T27n1545_012:0059a07_6']	不退法不還者。	不退法不還者。	The non-retrogressive state of the non-returner.
['T27n1545_012:0059a08_6']	三界見所斷及欲界修所斷染污心究竟壞。	三界見所斷及欲界修所斷染污心究竟壞。	Has completely destroyed the defiled mind that is to be eliminated by seeing the three realms and the defiled mind to be eliminated by cultivation in the desire realm.
['T27n1545_012:0059a08_13']	不退法阿羅漢。	不退法阿羅漢。	The non-retrogressive state of the arhat.
['T27n1545_012:0059a09_8']	三界見修所斷染污心究竟壞。	三界見修所斷染污心究竟壞。	Has completely destroyed the defiled mind that is to be eliminated by seeing and cultivation in the three realms.
['T27n1545_012:0059a09_18']	不退法異生離欲染者。	不退法異生離欲染者。	The ordinary person who has separated from the desire realm.
['T27n1545_012:0059a10_8']	欲界染污心究竟壞。	欲界染污心究竟壞。	Has completely destroyed the defiled mind in the desire realm.
['T27n1545_012:0059a10_18']	乃至離無所有處染者。	乃至離無所有處染者。	Up to the one who has separated from the sphere of nothingness.
['T27n1545_012:0059a11_8']	八地染污心究竟壞。	八地染污心究竟壞。	Has completely destroyed the defiled mind in the eight stages.
['T27n1545_012:0059a11_15']	尊者世友說曰。	尊者世友說曰。	The Venerable Vasumitra said:
['T27n1545_012:0059a12_8']	意若遇和合緣不名為壞。	意若遇和合緣不名為壞。	If the mind encounters conditions for combination, it is not called destroyed.
['T27n1545_012:0059a13_2']	若不遇和合緣則名為壞。	若不遇和合緣則名為壞。	If it does not encounter conditions for combination, then it is called destroyed.
['T27n1545_012:0059a13_7', 'T27n1545_012:0059a14_3']	復作是說。🔽意若不為相違因所障不名為壞。	復作是說。 意若不為相違因所障不名為壞。	He also said:🔽If the mind is not obstructed by causes that are in opposition, it is not called destroyed.
['T27n1545_012:0059a14_15']	若為相違因所障則名為壞。	若為相違因所障則名為壞。	If it is obstructed by causes that are in opposition, then it is called destroyed.
['T27n1545_012:0059a15_12']	何緣祭祀餓鬼則到非餘趣耶。	何緣祭祀餓鬼則到非餘趣耶。	Why is it that when offerings are made to hungry ghosts, they arrive, but not to other destinies?
['T27n1545_012:0059a15_17']	乃至廣說。	乃至廣說。	And so on, explaining in detail.
['T27n1545_012:0059a16_5']	問何故作此論。	問何故作此論。	Question: Why was this treatise composed?
['T27n1545_012:0059a16_11']	答為釋經故。	答為釋經故。	Answer: In order to explain the sutras.
['T27n1545_012:0059a16_16']	如契經說。	如契經說。	As the sutras say:
['T27n1545_012:0059a17_8']	生聞婆羅門來詣佛所。	生聞婆羅門來詣佛所。	The Brahmin Jataka came to where the Buddha was.
['T27n1545_012:0059a17_15']	白佛言喬答摩。	白佛言喬答摩。	He said to the Buddha: Gautama,
['T27n1545_012:0059a18_8']	我有親里命過欲施其食。	我有親里命過欲施其食。	I have relatives who have passed away and want to give them food.
['T27n1545_012:0059a18_15']	彼為得我食不。	彼為得我食不。	Can they obtain my food?
['T27n1545_012:0059a19_2']	世尊告言。	世尊告言。	The World-Honored One said:
['T27n1545_012:0059a19_7']	此事不定。	此事不定。	This is uncertain.
['T27n1545_012:0059a19_12']	所以者何。	所以者何。	Why is it so?
['T27n1545_012:0059a20_1']	諸有情類有五趣別。	諸有情類有五趣別。	Sentient beings have five different destinies.
['T27n1545_012:0059a20_10']	若汝親里生地獄中。	若汝親里生地獄中。	If your relatives are reborn in hell,
['T27n1545_012:0059a20_15']	食地獄食。	食地獄食。	eating the food of hell,
['T27n1545_012:0059a21_1']	以自存活。	以自存活。	to sustain themselves,
['T27n1545_012:0059a21_8']	彼不能受汝食。	彼不能受汝食。	they cannot accept your food.
['T27n1545_012:0059a21_17']	生傍生趣天趣人趣。	生傍生趣天趣人趣。	If reborn in the animal realm, heavenly realm, or human realm,
['T27n1545_012:0059a22_4']	亦復如是。	亦復如是。	it is also like this.
['T27n1545_012:0059a22_13']	若汝親里生鬼趣中。	若汝親里生鬼趣中。	If your relatives are reborn in the ghost realm,
['T27n1545_012:0059a23_4']	則能受汝所施飲食。	則能受汝所施飲食。	they can accept the food and drink you offer.
['T27n1545_012:0059a23_9']	婆羅門言。	婆羅門言。	The Brahmin said:
['T27n1545_012:0059a23_18']	若我親里不生鬼趣。	若我親里不生鬼趣。	If my relatives are not reborn in the ghost realm,
['T27n1545_012:0059a24_8']	所施飲食誰當受之。	所施飲食誰當受之。	who will accept the food and drink I offer?
['T27n1545_012:0059a24_13']	佛語彼言。	佛語彼言。	The Buddha said to him:
['T27n1545_012:0059a24_18']	餓鬼趣中。	餓鬼趣中。	In the realm of hungry ghosts,
['T27n1545_012:0059a25_8']	無汝親里無有是處。	無汝親里無有是處。	there is no such thing as your relatives being there.
['T27n1545_012:0059a25_13']	乃至廣說。	乃至廣說。	And so on, explaining in detail.
['T27n1545_012:0059a26_2']	彼經雖作是說。	彼經雖作是說。	Although that sutra says this,
['T27n1545_012:0059a26_16']	而不說何緣祭祀餓鬼則到非餘。	而不說何緣祭祀餓鬼則到非餘。	it does not explain why offerings to hungry ghosts reach them but not others.
['T27n1545_012:0059a27_8']	彼經是此論所依根本。	彼經是此論所依根本。	That sutra is the basis of this treatise.
['T27n1545_012:0059a27_14']	彼所不說者。	彼所不說者。	What it does not explain,
['T27n1545_012:0059a28_1']	今應說之。	今應說之。	should be explained now.
['T27n1545_012:0059a28_6']	故作斯論。	故作斯論。	Therefore, this treatise is composed.
['T27n1545_012:0059a28_12']	問彼婆羅門。	問彼婆羅門。	The question is asked to those Brahmins:
['T27n1545_012:0059a29_9']	何故不問佛何緣祭祀餓鬼則到非餘。	何故不問佛何緣祭祀餓鬼則到非餘。	Why did they not ask the Buddha why offerings to hungry ghosts reach them but not others?
['T27n1545_012:0059a29_15']	答有二緣故。	答有二緣故。	The answer is given for two reasons:
['T27n1545_012:0059b01_8']	謂彼或是利根或是鈍根。	謂彼或是利根或是鈍根。	That is, they may be either of sharp faculties or of dull faculties.
['T27n1545_012:0059b02_3']	若是利根自能解了不須問佛。	若是利根自能解了不須問佛。	If they are of sharp faculties, they can understand by themselves and do not need to ask the Buddha.
['T27n1545_012:0059b02_16']	若是鈍根不能生疑故不問佛。	若是鈍根不能生疑故不問佛。	If they are of dull faculties, they are unable to give rise to doubts and therefore do not ask the Buddha.
['T27n1545_012:0059b03_5']	問何故世尊。	問何故世尊。	The question is asked: Why did the World-Honored One
['T27n1545_012:0059b04_1']	不為彼說唯施餓鬼則到因緣。	不為彼說唯施餓鬼則到因緣。	not explain for them the reason why offerings only reach hungry ghosts?
['T27n1545_012:0059b04_7']	答亦二緣故。	答亦二緣故。	The answer is given for two reasons:
['T27n1545_012:0059b04_18']	謂彼或是利根或是鈍根。	謂彼或是利根或是鈍根。	That is, they may be either of sharp faculties or of dull faculties.
['T27n1545_012:0059b05_11']	若是利根自能解了不須佛說。	若是利根自能解了不須佛說。	If one has sharp faculties, one can understand by oneself and does not need the Buddha to explain.
['T27n1545_012:0059b06_3']	若是鈍根非法器故。	若是鈍根非法器故。	If one has dull faculties and is not a suitable vessel,
['T27n1545_012:0059b06_8']	佛不為說。	佛不為說。	the Buddha does not explain for them.
['T27n1545_012:0059b07_12']	何緣祭祀餓鬼則到非餘趣耶。	何緣祭祀餓鬼則到非餘趣耶。	Why is it that when making offerings to hungry ghosts, they arrive, but not to other destinies?
['T27n1545_012:0059b08_4']	答彼趣法爾得如是處。	答彼趣法爾得如是處。	The answer is that it is the inherent nature of that destiny to obtain such a place.
['T27n1545_012:0059b08_9']	事生我分。	事生我分。	It arises as my portion.
['T27n1545_012:0059b09_1']	是故祭祀則到非餘。	是故祭祀則到非餘。	Therefore, when making offerings, they arrive, but not to others.
['T27n1545_012:0059b09_14']	此中問意此趣為以下賤故到。	此中問意此趣為以下賤故到。	The meaning of the question here is whether they arrive because of being lowly,
['T27n1545_012:0059b10_4']	為以高貴故到。	為以高貴故到。	or whether they arrive because of being noble.
['T27n1545_012:0059b10_9']	設爾何失。	設爾何失。	If so, what is the problem?
['T27n1545_012:0059b10_17']	若以下賤故到者。	若以下賤故到者。	If they arrive because of being lowly,
['T27n1545_012:0059b11_10']	則祭祀地獄傍生彼亦應到。	則祭祀地獄傍生彼亦應到。	then when making offerings to hell beings and animals, they should also arrive.
['T27n1545_012:0059b12_1']	若以高貴故到者。	若以高貴故到者。	If they arrive because of being noble,
['T27n1545_012:0059b12_11']	則祭祀人天彼亦應到。	則祭祀人天彼亦應到。	then when making offerings to humans and gods, they should also arrive.
['T27n1545_012:0059b13_4']	此中答意不以下賤故到。	此中答意不以下賤故到。	The meaning of the answer here is that they do not arrive because of being lowly,
['T27n1545_012:0059b13_12']	亦不以高貴故到。	亦不以高貴故到。	nor do they arrive because of being noble.
['T27n1545_012:0059b13_17']	然由二緣。	然由二緣。	Rather, it is due to two conditions.
['T27n1545_012:0059b14_6']	一由彼趣法爾故。	一由彼趣法爾故。	First, because it is the inherent nature of that destiny,
['T27n1545_012:0059b14_13']	二由業異熟故。	二由業異熟故。	and second, because of the ripening of karma.
['T27n1545_012:0059b15_5']	於中先顯示彼趣法爾。	於中先顯示彼趣法爾。	Among them, first, the inherent nature of that destiny is shown.
['T27n1545_012:0059b15_16']	謂彼鬼趣法爾得如是處。	謂彼鬼趣法爾得如是處。	It means that in the ghost realm, it is the natural law to obtain such a place.
['T27n1545_012:0059b16_3']	事生我分。	事生我分。	Things arise in my part.
['T27n1545_012:0059b16_12']	是故祭祀則到非餘。	是故祭祀則到非餘。	Therefore, offerings reach there, not elsewhere.
['T27n1545_012:0059b17_3']	欲令此義得分明故。	欲令此義得分明故。	In order to make this meaning clear,
['T27n1545_012:0059b17_8']	引世現喻。	引世現喻。	a worldly analogy is cited.
['T27n1545_012:0059b18_4']	如鵝雁孔雀鸚鵡舍利命命鳥等。	如鵝雁孔雀鸚鵡舍利命命鳥等。	Like geese, wild geese, peacocks, parrots, śārikas, and myna birds,
['T27n1545_012:0059b18_14']	雖如意自在飛翔虛空。	雖如意自在飛翔虛空。	although they are free to fly through the sky according to their wishes,
['T27n1545_012:0059b19_5']	而神力威德不大於人。	而神力威德不大於人。	their spiritual powers and majestic virtue are not greater than humans.
['T27n1545_012:0059b19_15']	然彼趣法爾得如是處。	然彼趣法爾得如是處。	However, it is the natural law of that realm to obtain such a place.
['T27n1545_012:0059b20_7']	事生我分能飛翔虛空。	事生我分能飛翔虛空。	Things arise in my part, and they are able to fly through the sky.
['T27n1545_012:0059b20_12']	鬼趣亦爾。	鬼趣亦爾。	The ghost realm is also like this.
['T27n1545_012:0059b21_3']	由法爾力祭祀則到。	由法爾力祭祀則到。	By the power of natural law, offerings reach there.
['T27n1545_012:0059b21_8']	餘趣不爾。	餘趣不爾。	Other realms are not like this.
['T27n1545_012:0059b22_1']	謂如傍生趣中鵝雁孔雀等。	謂如傍生趣中鵝雁孔雀等。	It is like the animal realm, where geese, wild geese, peacocks, and so forth,
['T27n1545_012:0059b22_14']	由趣法爾力能飛翔虛空久住。	由趣法爾力能飛翔虛空久住。	by the power of the natural law of that realm, are able to fly through the sky for a long time.
['T27n1545_012:0059b23_7']	遊戲人離神足呪術藥草。	遊戲人離神足呪術藥草。	Playing with humans, apart from the supernormal powers, spells, and herbs,
['T27n1545_012:0059b23_16']	欲住虛空去地四指。	欲住虛空去地四指。	if one wishes to stay in the sky, four fingers above the ground,
['T27n1545_012:0059b24_7']	經須臾頃猶無能者。	經須臾頃猶無能者。	even for a short while, there is no one who can do it.
['T27n1545_012:0059b25_1']	然彼神力威德不勝於人。	然彼神力威德不勝於人。	However, their spiritual powers and majestic virtue are not superior to humans.
['T27n1545_012:0059b25_6']	餓鬼亦爾。	餓鬼亦爾。	Hungry ghosts are also like this.
['T27n1545_012:0059b25_12']	由趣法爾力。	由趣法爾力。	Due to the power of the inherent nature of the realm.
['T27n1545_012:0059b25_19']	祭祀則到非餘。	祭祀則到非餘。	Sacrifices reach them, not others.
['T27n1545_012:0059b26_8']	欲令前義重分明故。	欲令前義重分明故。	In order to make the previous meaning clear again,
['T27n1545_012:0059b26_13']	引第二喻。	引第二喻。	The second analogy is cited.
['T27n1545_012:0059b27_3']	又如一類那落迦。	又如一類那落迦。	Also, like a certain type of hell being.
['T27n1545_012:0059b27_12']	能憶宿住亦知他心。	能憶宿住亦知他心。	Can remember past lives and also know the minds of others.
['T27n1545_012:0059b27_17']	一類傍生。	一類傍生。	A certain type of animal.
['T27n1545_012:0059b28_3']	一類餓鬼。	一類餓鬼。	A certain type of hungry ghost.
['T27n1545_012:0059b28_12']	能憶宿住亦知他心。	能憶宿住亦知他心。	Can remember past lives and also know the minds of others.
['T27n1545_012:0059b28_17']	及起烟焰。	及起烟焰。	And produce smoke and flames.
['T27n1545_012:0059b29_7']	興雲致雨作寒熱等。	興雲致雨作寒熱等。	Forming clouds, causing rain, creating cold and heat, etc.
['T27n1545_012:0059b29_13']	雖能作是事。	雖能作是事。	Although they can do these things.
['T27n1545_012:0059c01_5']	而神力威德不大於人。	而神力威德不大於人。	But their spiritual power and majestic virtue are not greater than humans.
['T27n1545_012:0059c01_15']	然彼趣法爾得如是處。	然彼趣法爾得如是處。	However, they naturally attain such a state in that realm.
['T27n1545_012:0059c02_6']	事生我分能作是事。	事生我分能作是事。	Things arise in my portion and I can do these things.
['T27n1545_012:0059c02_11']	鬼趣亦爾。	鬼趣亦爾。	The ghost realm is also like this.
['T27n1545_012:0059c03_2']	由法爾力祭祀則到。	由法爾力祭祀則到。	Due to the power of the inherent nature, sacrifices reach them.
['T27n1545_012:0059c03_7']	餘趣不爾。	餘趣不爾。	Other realms are not like this.
['T27n1545_012:0059c03_15']	此中一類那落迦。	此中一類那落迦。	Here, a certain type of hell being.
['T27n1545_012:0059c04_2']	能憶宿住者。	能憶宿住者。	Who can remember past lives.
['T27n1545_012:0059c04_7']	如契經說。	如契經說。	As the sutra says.
['T27n1545_012:0059c04_16']	地獄眾生作如是念。	地獄眾生作如是念。	The sentient beings in hell think like this.
['T27n1545_012:0059c05_6']	大德沙門婆羅門等。	大德沙門婆羅門等。	Virtuous monks, brahmins, and others.
['T27n1545_012:0059c05_15']	觀欲將來能作過患。	觀欲將來能作過患。	Contemplating the future ability to create harm in desire,
['T27n1545_012:0059c06_1']	是大怖畏。	是大怖畏。	this is a great fear.
['T27n1545_012:0059c06_10']	恒為我等說斷欲法。	恒為我等說斷欲法。	He always speaks for us the Dharma of cutting off desire.
['T27n1545_012:0059c07_1']	我等雖聞而不能斷。	我等雖聞而不能斷。	Although we hear it, we are unable to cut it off.
['T27n1545_012:0059c07_10']	今因欲故受大苦惱。	今因欲故受大苦惱。	Now, because of desire, we experience great suffering.
['T27n1545_012:0059c07_15']	又作是念。	又作是念。	Moreover, we think like this:
['T27n1545_012:0059c08_13']	我等昔於淨行沙門婆羅門等作邪惡行。	我等昔於淨行沙門婆羅門等作邪惡行。	In the past, we committed evil actions against pure-practicing monks and brahmins.
['T27n1545_012:0059c09_5']	由彼為因今受此苦。	由彼為因今受此苦。	Because of them, we now experience this suffering.
['T27n1545_012:0059c09_15']	問彼於何時能作是念。	問彼於何時能作是念。	Question: When can they think like this?
['T27n1545_012:0059c10_7']	答於初生時非中後時。	答於初生時非中後時。	Answer: At the time of first birth, not in the middle or later.
['T27n1545_012:0059c10_12']	所以者何。	所以者何。	Why is it so?
['T27n1545_012:0059c11_3']	彼初生時未受苦痛。	彼初生時未受苦痛。	Because at the time of first birth, they have not yet experienced pain,
['T27n1545_012:0059c11_8']	能作是念。	能作是念。	they can think like this.
['T27n1545_012:0059c11_13']	若受苦痛。	若受苦痛。	If they experience pain,
['T27n1545_012:0059c12_3']	今生所受尚不能憶。	今生所受尚不能憶。	they cannot even remember what they experience in this life,
['T27n1545_012:0059c12_8']	況先所受。	況先所受。	let alone what they experienced before.
['T27n1545_012:0059c13_1']	問彼住何心能作是念。	問彼住何心能作是念。	Question: In what kind of mind do they dwell to think like this?
['T27n1545_012:0059c13_4']	善耶。	善耶。	Is it wholesome?
['T27n1545_012:0059c13_8']	染污耶。	染污耶。	Is it defiled?
['T27n1545_012:0059c13_14']	無覆無記耶。	無覆無記耶。	Is it indeterminate?
['T27n1545_012:0059c13_20']	答三種皆能。	答三種皆能。	Answer: All three kinds are able.
['T27n1545_012:0059c14_6']	問何無覆無記。	問何無覆無記。	Question: What kind of indeterminate [mind] is it?
['T27n1545_012:0059c14_15']	答威儀路非工巧處。	答威儀路非工巧處。	Answer: It is the path of deportment, not the path of craftsmanship.
['T27n1545_012:0059c15_3']	彼無工巧事故。	彼無工巧事故。	Because they do not have the activity of craftsmanship.
['T27n1545_012:0059c15_8']	非異熟生。	非異熟生。	It is not born of retribution.
['T27n1545_012:0059c15_17']	彼異熟心是五識故。	彼異熟心是五識故。	Because that mind of retribution is the five consciousnesses.
['T27n1545_012:0059c16_4']	問彼如是念。	問彼如是念。	Question: Do they have such thoughts?
['T27n1545_012:0059c16_13']	為在意地為五識身。	為在意地為五識身。	Are they in the mind or in the five consciousnesses?
['T27n1545_012:0059c17_5']	答在意地非五識身。	答在意地非五識身。	Answer: They are in the mind, not in the five consciousnesses.
['T27n1545_012:0059c17_14']	五識中無此分別故。	五識中無此分別故。	Because there is no such discrimination in the five consciousnesses.
['T27n1545_012:0059c18_6']	問彼如是念為憶幾生。	問彼如是念為憶幾生。	Question: How many lives do they remember?
['T27n1545_012:0059c18_13']	答彼唯憶一生。	答彼唯憶一生。	Answer: They only remember one life.
['T27n1545_012:0059c19_4']	謂所從沒來生此者。	謂所從沒來生此者。	That is, those who have died and been reborn here.
['T27n1545_012:0059c19_7']	有說。	有說。	Some say:
['T27n1545_012:0059c19_16']	能憶多生乃至五百。	能憶多生乃至五百。	They can remember many lives, up to five hundred.
['T27n1545_012:0059c20_3']	亦知他心者。	亦知他心者。	Those who know the minds of others:
['T27n1545_012:0059c20_13']	謂地獄中有生處得知。	謂地獄中有生處得知。	That is, those in the intermediate state of hell know the place of rebirth.
['T27n1545_012:0059c20_18']	能知他心。	能知他心。	They can know the minds of others.
['T27n1545_012:0059c21_5']	然無事可顯。	然無事可顯。	But there is no matter that can manifest it.
['T27n1545_012:0059c21_15']	問彼於何時能知他心。	問彼於何時能知他心。	Question: At what time can they know the minds of others?
['T27n1545_012:0059c22_3']	答唯初生時。	答唯初生時。	Answer: Only at the time of initial birth.
['T27n1545_012:0059c22_8']	所以者何。	所以者何。	Why is it so?
['T27n1545_012:0059c22_18']	若受苦痛心便悶亂故。	若受苦痛心便悶亂故。	If they experience suffering and pain, their minds become confused and disordered.
['T27n1545_012:0059c23_9']	問彼住何心知他心耶。	問彼住何心知他心耶。	Question: In what mind do they abide to know the minds of others?
['T27n1545_012:0059c24_1']	答住三性心皆能知。	答住三性心皆能知。	Answer: They can all know by abiding in the three natures of mind.
['T27n1545_012:0059c24_8']	問何無覆無記。	問何無覆無記。	Question: Why is it indeterminate and without obstruction?
['T27n1545_012:0059c24_17']	答威儀路非工巧處。	答威儀路非工巧處。	The answer is: The path of deportment is not the path of craftsmanship.
['T27n1545_012:0059c25_4']	異熟生如前說。	異熟生如前說。	As for the karmic retribution, it is as explained above.
['T27n1545_012:0059c25_14']	問為在意地為五識身。	問為在意地為五識身。	The question is: Is it in the mental ground or in the five consciousnesses?
['T27n1545_012:0059c26_5']	答在意地非五識身。	答在意地非五識身。	The answer is: It is in the mental ground, not in the five consciousnesses.
['T27n1545_012:0059c26_14']	以五識身緣色法故。	以五識身緣色法故。	Because the five consciousnesses take form as their object.
['T27n1545_012:0059c27_6']	一類傍生能憶宿住者。	一類傍生能憶宿住者。	As for the animals that can remember their past lives,
['T27n1545_012:0059c27_11']	如契經說。	如契經說。	it is as explained in the sutra.
['T27n1545_012:0059c28_8']	婆羅門告餉佉狗言。	婆羅門告餉佉狗言。	The Brahmin said to the dog Shangka:
['T27n1545_012:0059c28_17']	若是我父刀提耶者。	若是我父刀提耶者。	If you are my father Dhattiya,
['T27n1545_012:0059c29_4']	可昇此座。	可昇此座。	you can ascend this seat.
['T27n1545_012:0059c29_9']	彼便昇之。	彼便昇之。	He then ascended it.
['T27n1545_012:0059c29_14']	復語之言。	復語之言。	He also said to him:
['T27n1545_012:0060a01_5']	若是我父刀提耶者。	若是我父刀提耶者。	If you are my father Dhattiya,
['T27n1545_012:0060a01_10']	可食此飯。	可食此飯。	you can eat this rice.
['T27n1545_012:0060a01_15']	彼便食之。	彼便食之。	He then ate it.
['T27n1545_012:0060a02_1']	又復告言。	又復告言。	He also said again:
['T27n1545_012:0060a02_10', 'T27n1545_012:0060a02_19']	若是我父刀提耶者。🔽汝命終時所藏財寶。	若是我父刀提耶者。 汝命終時所藏財寶。	If you are my father Dhattiya,
['T27n1545_012:0060a03_4']	今可示我。	今可示我。	you can show me the wealth you stored when you were dying.
['T27n1545_012:0060a03_9']	彼便示之。	彼便示之。	He then showed it to him.
['T27n1545_012:0060a04_1']	問何時能憶宿住事耶。	問何時能憶宿住事耶。	The question is: When can one remember past events?
['T27n1545_012:0060a04_11']	答初中後時並皆能憶。	答初中後時並皆能憶。	The answer is: One can remember them in the beginning, middle, and end.
['T27n1545_012:0060a04_17']	問住何心憶。	問住何心憶。	The question is: In what state of mind does one remember?
['T27n1545_012:0060a05_4']	答住三性心。	答住三性心。	The answer is: One remembers in the three natures of mind.
['T27n1545_012:0060a05_11']	問何無覆無記。	問何無覆無記。	Question: Why are they unrestrained and neutral?
['T27n1545_012:0060a05_16']	答威儀路。	答威儀路。	Answer: The path of deportment,
['T27n1545_012:0060a06_1']	工巧處。	工巧處。	the realm of craftsmanship,
['T27n1545_012:0060a06_5']	異熟生。	異熟生。	and the born of retribution,
['T27n1545_012:0060a06_9']	皆能憶。	皆能憶。	all can be remembered.
['T27n1545_012:0060a06_15']	問此在何識。	問此在何識。	Question: In which consciousness are they?
['T27n1545_012:0060a07_9']	答在意地非五識身問能憶幾生。	答在意地非五識身問能憶幾生。	Answer: They are in the mind consciousness, not in the five consciousnesses. Question: How many lives can be remembered?
['T27n1545_012:0060a07_12']	有說。	有說。	Some say:
['T27n1545_012:0060a07_18']	唯能憶一生。	唯能憶一生。	Only one life can be remembered,
['T27n1545_012:0060a08_8']	謂所從沒來生此者。	謂所從沒來生此者。	referring to those who have just died and been reborn here.
['T27n1545_012:0060a08_11']	有說。	有說。	Some say:
['T27n1545_012:0060a09_2']	能憶多生乃至五百。	能憶多生乃至五百。	Many lives can be remembered, up to five hundred.
['T27n1545_012:0060a09_7']	云何知然。	云何知然。	How do we know this?
['T27n1545_012:0060a09_10']	傳說。	傳說。	It is said:
['T27n1545_012:0060a09_19']	有一女人置兒一處。	有一女人置兒一處。	A woman placed her child in one place,
['T27n1545_012:0060a10_4']	有緣他行。	有緣他行。	and for some reason went elsewhere.
['T27n1545_012:0060a10_13']	須臾有狼負其兒去。	須臾有狼負其兒去。	In a short while, a wolf carried off the child.
['T27n1545_012:0060a11_4']	眾人捕逐而語之言。	眾人捕逐而語之言。	The crowd pursued it and said to the wolf,
['T27n1545_012:0060a11_13']	汝今何緣負他兒去。	汝今何緣負他兒去。	For what reason did you carry off another's child?
['T27n1545_012:0060a11_16']	狼言。	狼言。	The wolf said,
['T27n1545_012:0060a12_8']	此女五百生來常殺我子。	此女五百生來常殺我子。	This woman has always killed my child for five hundred lifetimes,
['T27n1545_012:0060a13_3']	我亦於其五百生中常殺其子。	我亦於其五百生中常殺其子。	and I have also always killed her child for five hundred lifetimes.
['T27n1545_012:0060a13_12']	若彼能捨舊怨嫌心。	若彼能捨舊怨嫌心。	If she can abandon her old grudge,
['T27n1545_012:0060a13_17']	我亦捨之。	我亦捨之。	I will also abandon it.
['T27n1545_012:0060a14_1']	女言。	女言。	The woman said,
['T27n1545_012:0060a14_4']	已捨。	已捨。	I have already abandoned it.
['T27n1545_012:0060a14_17']	狼觀此女口雖言捨而心不捨。	狼觀此女口雖言捨而心不捨。	The wolf observed that although the woman said she would give up her child, her mind did not let go.
['T27n1545_012:0060a15_7', 'T27n1545_012:0060a15_13']	即便斷其子命而去。🔽亦知他心者。	即便斷其子命而去。 亦知他心者。	So it immediately killed her child and left.🔽As for knowing the minds of others,
['T27n1545_012:0060a16_4']	謂傍生趣亦知他心。	謂傍生趣亦知他心。	it means that the animal realm can also know the minds of others.
['T27n1545_012:0060a16_13']	即如彼狼知女心事。	即如彼狼知女心事。	It is just like that wolf knowing the woman's thoughts.
['T27n1545_012:0060a17_1']	問何時能知。	問何時能知。	Question: At what time can it know?
['T27n1545_012:0060a17_7']	答三時皆知。	答三時皆知。	Answer: It knows all three times.
['T27n1545_012:0060a17_13']	問住何心知。	問住何心知。	Question: Abiding in what mind does it know?
['T27n1545_012:0060a17_19']	答住三性心。	答住三性心。	Answer: It abides in minds of the three natures.
['T27n1545_012:0060a18_6']	問何無覆無記。	問何無覆無記。	Question: What is the undefiled and indeterminate?
['T27n1545_012:0060a19_2']	答威儀路工巧處異熟生皆能知。	答威儀路工巧處異熟生皆能知。	Answer: It can all know the deportment, craftsmanship, and karmic retribution.
['T27n1545_012:0060a19_8']	問此在何識。	問此在何識。	Question: In what consciousness is this?
['T27n1545_012:0060a19_16']	答在意地非五識。	答在意地非五識。	Answer: It is in the mental consciousness, not in the five consciousnesses.
['T27n1545_012:0060a20_7']	一類餓鬼能憶宿住者。	一類餓鬼能憶宿住者。	One type of hungry ghost can remember past lives.
['T27n1545_012:0060a20_12']	如伽他說。	如伽他說。	As the verse says:
['T27n1545_012:0060a21_0']	我昔集資財　　以法或非法	我昔集資財　　以法或非法	I once accumulated wealth, either righteously or unrighteously,
['T27n1545_012:0060a22_0']	他今受富樂　　我獨受貧苦	他今受富樂　　我獨受貧苦	Others now enjoy wealth and happiness, while I alone suffer poverty and hardship.
['T27n1545_012:0060a23_5']	問何時能憶。	問何時能憶。	Question: At what time can it remember?
['T27n1545_012:0060a23_11']	答三時皆能。	答三時皆能。	Answer: It can remember all three times.
['T27n1545_012:0060a23_17']	問住何心憶。	問住何心憶。	Question: Abiding in what mind does it remember?
['T27n1545_012:0060a24_4']	答住三性心。	答住三性心。	Answer: It abides in minds of the three natures.
['T27n1545_012:0060a24_11']	問何無覆無記。	問何無覆無記。	Question: What is the undefiled and indeterminate?
['T27n1545_012:0060a24_18']	答三種如前說。	答三種如前說。	The answer is the three kinds as explained before.
['T27n1545_012:0060a25_4']	問此在何識。	問此在何識。	Question: In which consciousness does this [memory] exist?
['T27n1545_012:0060a25_13']	答在意地非五識身。	答在意地非五識身。	Answer: It exists in the mind consciousness, not in the five sense consciousnesses.
['T27n1545_012:0060a26_1']	問能憶幾生。	問能憶幾生。	Question: How many lifetimes can one remember?
['T27n1545_012:0060a26_7']	答乃至五百。	答乃至五百。	Answer: Up to five hundred.
['T27n1545_012:0060a26_12']	云何知然。	云何知然。	How do we know this?
['T27n1545_012:0060a26_15']	傳聞。	傳聞。	It is heard from tradition.
['T27n1545_012:0060a27_4']	有一女人為鬼所執。	有一女人為鬼所執。	There was a woman possessed by a ghost.
['T27n1545_012:0060a27_9']	羸困欲死。	羸困欲死。	She was emaciated and about to die.
['T27n1545_012:0060a27_14']	呪師語言。	呪師語言。	The spell master said,
['T27n1545_012:0060a28_4']	汝今何故惱他女人。	汝今何故惱他女人。	Why do you torment this woman?
['T27n1545_012:0060a28_7']	鬼言。	鬼言。	The ghost said,
['T27n1545_012:0060a28_18']	此女五百生來常害我命。	此女五百生來常害我命。	This woman has harmed my life for five hundred lifetimes.
['T27n1545_012:0060a29_11']	我亦於其五百生中常害彼命。	我亦於其五百生中常害彼命。	I have also harmed her life for five hundred lifetimes.
['T27n1545_012:0060b01_2']	彼若能捨舊怨嫌心。	彼若能捨舊怨嫌心。	If she can let go of her old grudges,
['T27n1545_012:0060b01_7']	我亦捨之。	我亦捨之。	I will also let go.
['T27n1545_012:0060b01_10']	女言。	女言。	The woman said,
['T27n1545_012:0060b01_13']	已捨。	已捨。	I have let go.
['T27n1545_012:0060b02_6']	鬼觀此女口雖言捨而心不捨。	鬼觀此女口雖言捨而心不捨。	The ghost observed that although the woman said she had let go with her mouth, her heart had not let go.
['T27n1545_012:0060b02_11']	便害而去。	便害而去。	So it harmed her and left.
['T27n1545_012:0060b02_17']	亦知他心者。	亦知他心者。	As for knowing the minds of others,
['T27n1545_012:0060b03_7']	即如彼鬼知女心事。	即如彼鬼知女心事。	it is like that ghost knowing the woman's mental affairs.
['T27n1545_012:0060b03_13']	問何時能知。	問何時能知。	Question: At what time can one know?
['T27n1545_012:0060b04_1']	答三時皆能。	答三時皆能。	Answer: One can know all three times.
['T27n1545_012:0060b04_7']	問住何心知。	問住何心知。	Question: Abiding in which mind does one know?
['T27n1545_012:0060b04_13']	答住三性心。	答住三性心。	Answer: One abides in minds of the three natures.
['T27n1545_012:0060b05_1']	問何無覆無記。	問何無覆無記。	Question: Why are they non-obscuring and indeterminate?
['T27n1545_012:0060b05_8']	答三種如前說。	答三種如前說。	Answer: The three kinds are as explained above.
['T27n1545_012:0060b05_14']	問此在何識。	問此在何識。	Question: In which consciousness do they exist?
['T27n1545_012:0060b06_3']	答在意地非五識。	答在意地非五識。	Answer: They exist in the mental consciousness, not in the five consciousnesses.
['T27n1545_012:0060b06_12']	及起烟焰興雲致雨。	及起烟焰興雲致雨。	And they produce smoke, flames, clouds, rain,
['T27n1545_012:0060b07_1']	作寒熱等者。	作寒熱等者。	cold, heat, and so forth.
['T27n1545_012:0060b07_11']	此唯傍生趣能非餘趣。	此唯傍生趣能非餘趣。	This is only possible for animals, not for other destinies.
['T27n1545_012:0060b07_19']	傍生趣中唯龍能。	傍生趣中唯龍能。	Among animals, only dragons can do it,
['T27n1545_012:0060b08_3']	非餘類。	非餘類。	not other species.
['T27n1545_012:0060b08_7']	問若爾。	問若爾。	Question: If that is so,
['T27n1545_012:0060b08_14']	經說當云何通。	經說當云何通。	how can the sutras be interpreted?
['T27n1545_012:0060b08_17', 'T27n1545_012:0060b09_3']	如說。🔽有天能興雲。	如說。 有天能興雲。	As it is said:🔽There are gods who can produce clouds,
['T27n1545_012:0060b09_9']	有天能降雨。	有天能降雨。	there are gods who can bring rain,
['T27n1545_012:0060b09_15']	有天作寒熱。	有天作寒熱。	there are gods who make cold and heat,
['T27n1545_012:0060b10_3']	有天起風雷。	有天起風雷。	there are gods who bring forth wind and thunder.
['T27n1545_012:0060b10_13']	答應知彼經說龍為天。	答應知彼經說龍為天。	Answer: One should know that the sutra speaks of dragons as gods,
['T27n1545_012:0060b11_1']	如餘經說。	如餘經說。	as other sutras say:
['T27n1545_012:0060b12_4']	佛告阿難。	佛告阿難。	The Buddha told Ananda:
['T27n1545_012:0060b12_13']	汝看天雨為不雨耶。	汝看天雨為不雨耶。	Do you see the rain, or is it not raining?
['T27n1545_012:0060b13_4']	彼亦於龍以天聲說。	彼亦於龍以天聲說。	They also refer to dragons as gods with the term gods.
['T27n1545_012:0060b13_10']	問起烟焰等。	問起烟焰等。	Question: Do the production of smoke, flames, and so forth
['T27n1545_012:0060b13_15']	為多龍作。	為多龍作。	belong to many dragons,
['T27n1545_012:0060b14_2']	為一龍耶。	為一龍耶。	or to one dragon?
['T27n1545_012:0060b14_8']	答一龍亦能。	答一龍亦能。	Answer: One dragon can also do it.
['T27n1545_012:0060b14_18']	問若爾何故經作是說。	問若爾何故經作是說。	Question: If that is so, why does the sutra say this:
['T27n1545_012:0060b15_10']	有天能興雲有天能致雨。	有天能興雲有天能致雨。	There are gods who can produce clouds and there are gods who can cause rain.
['T27n1545_012:0060b15_15']	乃至廣說。	乃至廣說。	And so on, explaining in detail.
['T27n1545_012:0060b16_7']	答隨別所樂故作是說。	答隨別所樂故作是說。	The answer is: this is said according to their individual preferences.
['T27n1545_012:0060b16_12']	謂或有龍。	謂或有龍。	That is to say, there are some dragons
['T27n1545_012:0060b16_17']	唯樂興雲。	唯樂興雲。	who only enjoy producing clouds.
['T27n1545_012:0060b17_3']	或復有龍。	或復有龍。	Or there are some dragons
['T27n1545_012:0060b17_8']	唯樂致雨。	唯樂致雨。	who only enjoy causing rain.
['T27n1545_012:0060b17_13']	餘亦如是。	餘亦如是。	The rest are also like this.
['T27n1545_012:0060b18_3']	此中烟焰雲雨等事。	此中烟焰雲雨等事。	Among them, smoke, flames, clouds, rain, and other things
['T27n1545_012:0060b18_12']	是龍加行所引發故。	是龍加行所引發故。	are produced by the preparatory efforts of the dragons.
['T27n1545_012:0060b19_2']	唯是彼龍近士用果。	唯是彼龍近士用果。	They are only the proximate fruit of the dragons' own efforts.
['T27n1545_012:0060b19_11']	若從龍宮所流出水。	若從龍宮所流出水。	If water flows out from the dragon palace,
['T27n1545_012:0060b20_3']	非彼加行所引發故。	非彼加行所引發故。	it is not produced by their preparatory efforts.
['T27n1545_012:0060b20_13']	是一切有情共增上果。	是一切有情共增上果。	It is the dominant fruit of all beings in common.
['T27n1545_012:0060b21_5']	如地獄等由趣法爾力。	如地獄等由趣法爾力。	Just as in the hells and other realms, by the power of the inherent nature of the realm
['T27n1545_012:0060b21_13']	雖有如上所說事。	雖有如上所說事。	although there are the things mentioned above,
['T27n1545_012:0060b22_5']	而神力威德不大於人。	而神力威德不大於人。	their spiritual power and majestic virtue are not greater than that of humans.
['T27n1545_012:0060b22_10']	鬼趣亦爾。	鬼趣亦爾。	The same is true for the realm of ghosts.
['T27n1545_012:0060b22_16']	由趣法爾力。	由趣法爾力。	By the power of the inherent nature of the realm,
['T27n1545_012:0060b23_4']	祭祀則到非餘。	祭祀則到非餘。	when making offerings, they can reach [the ghosts], but not others.
['T27n1545_012:0060b23_9']	復有說者。	復有說者。	There is also a view
['T27n1545_012:0060b23_18']	五趣皆有法爾勝事。	五趣皆有法爾勝事。	that all five realms have inherently superior things.
['T27n1545_012:0060b24_12']	謂地獄趣異熟色等斷已還續。	謂地獄趣異熟色等斷已還續。	That is, in the hells, the form and so on that are the results of retribution are severed and then reconnected.
['T27n1545_012:0060b24_17']	餘趣不爾。	餘趣不爾。	This is not so for other destinies.
['T27n1545_012:0060b25_11']	傍生趣中有能飛空興雲雨等。	傍生趣中有能飛空興雲雨等。	In the animal realm, there are those who can fly in the sky, bring forth clouds and rain, and so on.
['T27n1545_012:0060b26_2']	餓鬼趣中祭祀則到。	餓鬼趣中祭祀則到。	In the hungry ghost realm, when offerings are made, they arrive.
['T27n1545_012:0060b26_11']	人趣能受善戒惡戒。	人趣能受善戒惡戒。	In the human realm, one can receive good and bad precepts.
['T27n1545_012:0060b26_16']	修勝品善。	修勝品善。	Cultivating superior wholesome [activities],
['T27n1545_012:0060b27_6']	勇猛強記智力深遠。	勇猛強記智力深遠。	courageous, strong memory, wisdom power is profound and far-reaching.
['T27n1545_012:0060b27_12']	天趣中欲天。	天趣中欲天。	In the heavenly realm, the desire heavens,
['T27n1545_012:0060b28_3']	隨其所須應念則至。	隨其所須應念則至。	whatever they need will arrive as soon as they think of it.
['T27n1545_012:0060b28_13']	色無色天有勝生勝定。	色無色天有勝生勝定。	The form and formless heavens have superior rebirth and superior samādhi.
['T27n1545_012:0060b28_18', 'T27n1545_012:0060b29_16']	復有說者。🔽諸方亦有法爾勝事謂支那國雖奴僕等。	復有說者。 諸方亦有法爾勝事謂支那國雖奴僕等。	There is also a saying:
['T27n1545_012:0060c01_4']	皆衣繒絹。	皆衣繒絹。	In the various directions, there are also naturally superior things. In the country of China, even slaves and servants all wear silk.
['T27n1545_012:0060c01_13']	餘方貴勝所不能得。	餘方貴勝所不能得。	Other superior people in other directions cannot obtain it.
['T27n1545_012:0060c02_8']	印度等國乃至貧賤皆衣㲲衣。	印度等國乃至貧賤皆衣㲲衣。	In India and other countries, even the poor and lowly all wear cotton clothes.
['T27n1545_012:0060c02_17']	餘方貴人亦不能得。	餘方貴人亦不能得。	Other superior people in other directions also cannot obtain it.
['T27n1545_012:0060c04_6']	迦濕彌羅國中秋時牛頸繫欝金花鬘餘方勝人所不能得。	迦濕彌羅國中秋時牛頸繫欝金花鬘餘方勝人所不能得。	In the country of Kaśmīra, during the mid-autumn festival, cows have garlands of saffron flowers tied around their necks. Other superior people in other directions cannot obtain it.
['T27n1545_012:0060c05_6']	北方貧人飲葡萄酒餘方富者亦不能得。	北方貧人飲葡萄酒餘方富者亦不能得。	In the north, poor people drink wine, while in other directions, even the rich cannot obtain it.
['T27n1545_012:0060c05_15']	如諸方有法爾勝事。	如諸方有法爾勝事。	Just as there are naturally superior things in various places.
['T27n1545_012:0060c06_6']	餓鬼亦爾祭祀則到。	餓鬼亦爾祭祀則到。	Hungry ghosts are also like this - when offerings are made, they arrive.
['T27n1545_012:0060c06_9']	有說。	有說。	Some say:
['T27n1545_012:0060c06_16']	諸趣法爾有異。	諸趣法爾有異。	The various destinies naturally have differences.
['T27n1545_012:0060c07_10']	謂四趣中一一皆有生處得智。	謂四趣中一一皆有生處得智。	It is said that in each of the four destinies, there is the knowledge of being born in that place.
['T27n1545_012:0060c08_1']	唯人趣無三惡趣有。	唯人趣無三惡趣有。	Only in the human destiny are there none of the three evil destinies.
['T27n1545_012:0060c08_6']	如前廣說。	如前廣說。	As explained in detail above.
['T27n1545_012:0060c08_15']	天趣有能憶宿住者。	天趣有能憶宿住者。	In the heavenly destiny, there are those who can remember their past lives.
['T27n1545_012:0060c09_2']	如伽他說。	如伽他說。	As the Gāthā says:
['T27n1545_012:0060c10_0']	我施誓多林　　蒙大法王住	我施誓多林　　蒙大法王住	I offered the Śītavana Grove, and received the great Dharma King's residence.
['T27n1545_012:0060c11_0']	賢聖僧受用　　故我心歡喜	賢聖僧受用　　故我心歡喜	The wise and holy Sangha enjoyed it, so my mind was filled with joy.
['T27n1545_012:0060c12_5']	彼亦知他心。	彼亦知他心。	They also know the minds of others.
['T27n1545_012:0060c12_17']	而無現事可說何時憶知等。	而無現事可說何時憶知等。	But there is no present matter that can be said to be remembered at what time, and so on.
['T27n1545_012:0060c13_8']	如傍生鬼隨應廣說。	如傍生鬼隨應廣說。	As with animals and ghosts, explain in detail as appropriate.
['T27n1545_012:0060c14_3']	問此生處得智為憶知幾趣。	問此生處得智為憶知幾趣。	Question: How many destinies does the knowledge of being born in this place remember?
['T27n1545_012:0060c14_11']	有說各唯自憶知。	有說各唯自憶知。	Some say each only remembers itself.
['T27n1545_012:0060c15_3']	有說地獄唯憶知地獄。	有說地獄唯憶知地獄。	Some say hell only remembers hell.
['T27n1545_012:0060c15_10']	傍生憶知二趣。	傍生憶知二趣。	Animals remember two destinies.
['T27n1545_012:0060c15_17']	餓鬼憶知三趣。	餓鬼憶知三趣。	Hungry ghosts remember and know the three destinies.
['T27n1545_012:0060c16_5']	天憶知五趣。	天憶知五趣。	Gods remember and know the five destinies.
['T27n1545_012:0060c16_14']	問若傍生不知天者。	問若傍生不知天者。	Question: If animals do not know about the heavens,
['T27n1545_012:0060c17_5']	施設論說當云何通。	施設論說當云何通。	how can we understand the explanation in the Abhidharma?
['T27n1545_012:0060c17_8']	如說。	如說。	It says:
['T27n1545_012:0060c18_1']	善住龍王等知帝釋心念。	善住龍王等知帝釋心念。	The dragon king Supratiṣṭhita and others know what Śakra, Lord of the Devas, is thinking,
['T27n1545_012:0060c18_6']	乃至廣說。	乃至廣說。	and so on at length.
['T27n1545_012:0060c19_2']	答此是比知非現知故無相違過。	答此是比知非現知故無相違過。	Answer: This is inferential knowledge, not direct knowledge, so there is no contradiction.
['T27n1545_012:0060c19_11']	如是說者此事不定。	如是說者此事不定。	Those who say this do not agree.
['T27n1545_012:0060c20_2']	如狼及鬼憶知人故。	如狼及鬼憶知人故。	Because wolves and ghosts remember and know about humans.
['T27n1545_012:0060c20_12']	問何故人趣無此智耶。	問何故人趣無此智耶。	Question: Why is there no such knowledge in the human realm?
['T27n1545_012:0060c20_18']	答非田非器。	答非田非器。	Answer: It is not a field, it is not a vessel,
['T27n1545_012:0060c21_4']	乃至廣說。	乃至廣說。	and so on at length.
['T27n1545_012:0060c21_13']	復次人趣有瞻相智。	復次人趣有瞻相智。	Furthermore, the human realm has the knowledge of observing signs,
['T27n1545_012:0060c21_18']	覩言相智。	覩言相智。	the knowledge of seeing signs,
['T27n1545_012:0060c22_5']	本性念生智。	本性念生智。	the knowledge of remembering past lives by nature,
['T27n1545_012:0060c22_10']	妙願智等。	妙願智等。	and the knowledge of excellent vows and so on.
['T27n1545_012:0060c22_15']	覆蔽彼故。	覆蔽彼故。	Because they obscure those.
['T27n1545_012:0060c23_2']	如生處得智。	如生處得智。	Like the knowledge obtained from the place of birth,
['T27n1545_012:0060c23_11']	餘趣皆有唯人趣無。	餘趣皆有唯人趣無。	other realms all have it, but only the human realm does not.
['T27n1545_012:0060c23_16']	如是祭祀。	如是祭祀。	Such sacrifices
['T27n1545_012:0060c24_1']	唯鬼趣到。	唯鬼趣到。	are only reached by hungry ghosts,
['T27n1545_012:0060c24_6']	餘趣不爾。	餘趣不爾。	not by other realms.
['T27n1545_012:0060c24_17']	如是已顯示由趣法爾力。	如是已顯示由趣法爾力。	Thus it is shown that by the power of the inherent nature of the realms,
['T27n1545_012:0060c25_8']	祭祀餓鬼則到非餘。	祭祀餓鬼則到非餘。	If one performs sacrifices to hungry ghosts, it will reach them and not others.
['T27n1545_012:0060c25_17']	今當顯示由業異熟。	今當顯示由業異熟。	Now I will explain this based on the ripening of karma.
['T27n1545_012:0060c26_10', 'T27n1545_012:0060c27_2']	復次有人長夜起如是欲。🔽如是愛樂我當娶婦。	復次有人長夜起如是欲。 如是愛樂我當娶婦。	Furthermore, there are people who give rise to such a desire for a long time:🔽I will marry a wife like this,🔽marry a wife for my son,
['T27n1545_012:0060c27_7', 'T27n1545_012:0060c27_12']	為兒娶婦。🔽為孫娶婦。	為兒娶婦。 為孫娶婦。	marry a wife for my grandson.
['T27n1545_012:0060c28_4']	令生子孫紹繼不絕。	令生子孫紹繼不絕。	Let them give birth to children and grandchildren to continue the lineage without interruption.
['T27n1545_012:0060c28_13']	我命終已若生鬼趣。	我命終已若生鬼趣。	After my death, if I am reborn in the realm of hungry ghosts,
['T27n1545_012:0060c29_4']	彼念我故當祭祀我。	彼念我故當祭祀我。	they will think of me and perform sacrifices for me.
['T27n1545_012:0060c29_13']	由彼長夜有此欲樂。	由彼長夜有此欲樂。	Because they have had this desire and pleasure for a long time,
['T27n1545_012:0061a01_5']	是故祭祀則到非餘。	是故祭祀則到非餘。	therefore, sacrifices will reach them and not others.
['T27n1545_012:0061a01_14']	謂彼由起如是欲樂。	謂彼由起如是欲樂。	That is to say, because they have given rise to such desire and pleasure,
['T27n1545_012:0061a02_5']	引發諸業生鬼趣中。	引發諸業生鬼趣中。	they have given rise to karma that leads to rebirth in the realm of hungry ghosts.
['T27n1545_012:0061a02_14']	是故祭祀則到非餘。	是故祭祀則到非餘。	Therefore, sacrifices will reach them and not others.
['T27n1545_012:0061a03_5']	如諸聚落城邑中人。	如諸聚落城邑中人。	Just as people in villages and towns
['T27n1545_012:0061a03_14']	或為子孫不斷絕故。	或為子孫不斷絕故。	in order to prevent the lineage from being cut off,
['T27n1545_012:0061a04_5']	或為財產轉增盛故。	或為財產轉增盛故。	in order to increase wealth and possessions,
['T27n1545_012:0061a04_14']	或為富名久流傳故。	或為富名久流傳故。	in order to make their wealth and fame last long,
['T27n1545_012:0061a05_9']	以法非法集諸財寶牛羊等物。	以法非法集諸財寶牛羊等物。	gather wealth, cattle, sheep, and other things through both proper and improper means.
['T27n1545_012:0061a06_1']	於己親屬尚不欲與。	於己親屬尚不欲與。	They are not even willing to give to their own relatives.
['T27n1545_012:0061a06_6']	況施他人。	況施他人。	How much more so for giving to others?
['T27n1545_012:0061a06_15']	彼由慳貪纏縛心故。	彼由慳貪纏縛心故。	Because their minds are bound by the fetters of stinginess and greed,
['T27n1545_012:0061a07_5']	捨人同分生鬼趣中。	捨人同分生鬼趣中。	they abandon the human destiny and are reborn in the ghost realm.
['T27n1545_012:0061a08_1']	於自舍宅水竇廁溷不淨處住。	於自舍宅水竇廁溷不淨處住。	They dwell in their own houses, in filthy places such as water pipes, toilets, and cesspools.
['T27n1545_012:0061a08_10']	彼有親屬追戀生苦。	彼有親屬追戀生苦。	Their relatives and loved ones give rise to the suffering of longing.
['T27n1545_012:0061a08_15']	作是念言。	作是念言。	They think like this:
['T27n1545_012:0061a09_6']	彼集財產自不受用。	彼集財產自不受用。	They accumulated wealth but did not enjoy it themselves,
['T27n1545_012:0061a09_11']	亦不施人。	亦不施人。	nor did they give it to others.
['T27n1545_012:0061a09_16']	今生何所。	今生何所。	Where are they reborn now?
['T27n1545_012:0061a10_3']	遂集親里。	遂集親里。	They then gather their relatives
['T27n1545_012:0061a10_12']	請諸沙門婆羅門等。	請諸沙門婆羅門等。	and invite various śramaṇas and brāhmaṇas.
['T27n1545_012:0061a10_17']	設大施會。	設大施會。	They hold a great giving assembly,
['T27n1545_012:0061a11_8']	願此資彼捨苦受樂。	願此資彼捨苦受樂。	wishing to provide for them and help them leave suffering and attain happiness.
['T27n1545_012:0061a11_17']	爾時餓鬼於自住處。	爾時餓鬼於自住處。	At that time, the hungry ghost
['T27n1545_012:0061a12_4', 'T27n1545_012:0061a12_13']	見如是事。🔽於自親里生眷屬想。	見如是事。 於自親里生眷屬想。	sees such things in their own dwelling place.🔽They give rise to the thought of relatives towards their own relatives,
['T27n1545_012:0061a13_5']	於其財物生己有想。	於其財物生己有想。	and the thought of their own possessions towards their wealth.
['T27n1545_012:0061a13_10']	即時歡喜。	即時歡喜。	They are immediately delighted.
['T27n1545_012:0061a13_15']	於福田所。	於福田所。	Towards the field of merit,
['T27n1545_012:0061a14_1']	生信敬心。	生信敬心。	they give rise to a mind of faith and respect.
['T27n1545_012:0061a14_10']	於其所作起隨喜心。	於其所作起隨喜心。	Towards what they do, they give rise to a mind of rejoicing.
['T27n1545_012:0061a14_15']	便離重苦。	便離重苦。	They then leave behind heavy suffering.
['T27n1545_012:0061a15_5']	由此因緣祭祀則到。	由此因緣祭祀則到。	For this reason, offerings then reach them.
['T27n1545_012:0061a15_11']	問若爾何故。	問若爾何故。	Question: If that is so, then why?
['T27n1545_012:0061a16_3']	不名他作業他受果耶。	不名他作業他受果耶。	Is it not the case that others perform the action and others experience the result?
['T27n1545_012:0061a16_7']	答不爾。	答不爾。	The answer is no.
['T27n1545_012:0061a16_12']	彼於爾時。	彼於爾時。	At that time,
['T27n1545_012:0061a17_2']	由生敬信隨喜心故。	由生敬信隨喜心故。	due to giving rise to a respectful and joyful mind,
['T27n1545_012:0061a17_11']	見施功德慳貪過失。	見施功德慳貪過失。	they see the merit of giving and the faults of stinginess and greed.
['T27n1545_012:0061a18_2']	由此增長捨相應思。	由此增長捨相應思。	Because of this, the volition associated with abandonment increases,
['T27n1545_012:0061a18_13']	成順現受業得現法果故。	成順現受業得現法果故。	and it becomes an action that accords with the present result and obtains the result in the present life.
['T27n1545_012:0061a19_2']	尊者世友說曰。	尊者世友說曰。	Venerable Vasumitra said:
['T27n1545_012:0061a19_12']	今所受果是先業所引。	今所受果是先業所引。	The present result is attracted by previous karma.
['T27n1545_012:0061a20_5']	先業有障以今業除之故。	先業有障以今業除之故。	Previous karma has obstacles, which are removed by present karma.
['T27n1545_012:0061a20_14']	無他作業他受果失。	無他作業他受果失。	Therefore, there is no fault of others performing the action and others experiencing the result.
['T27n1545_012:0061a21_8']	謂彼餓鬼先世已造感飲食業。	謂彼餓鬼先世已造感飲食業。	It is said that hungry ghosts in the past have already created karma that leads to obtaining food and drink.
['T27n1545_012:0061a21_17']	但由慳貪障蔽心故。	但由慳貪障蔽心故。	But because of the obstruction of stinginess and greed,
['T27n1545_012:0061a22_12']	於所飲食起倒想見不得受用。	於所飲食起倒想見不得受用。	they give rise to inverted thoughts and views regarding food and drink and are unable to enjoy them.
['T27n1545_012:0061a23_3', 'T27n1545_012:0061a23_7']	然彼餓鬼有二種。🔽一樂淨。	然彼餓鬼有二種。 一樂淨。	However, there are two kinds of hungry ghosts.🔽One is fond of purity,
['T27n1545_012:0061a23_12']	二樂不淨。	二樂不淨。	and the other is fond of impurity.
['T27n1545_012:0061a23_17']	彼樂淨者。	彼樂淨者。	Those who are fond of purity,
['T27n1545_012:0061a24_7']	以慳貪故河見非河。	以慳貪故河見非河。	because of stinginess and greed, see rivers as not being rivers,
['T27n1545_012:0061a24_12']	水見為血。	水見為血。	and see water as blood.
['T27n1545_012:0061a25_4']	所有飲食見為不淨。	所有飲食見為不淨。	They see all food and drink as impure.
['T27n1545_012:0061a25_9']	樂不淨者。	樂不淨者。	Those who delight in impurity
['T27n1545_012:0061a25_14']	河見乾枯。	河見乾枯。	see the river as dried up.
['T27n1545_012:0061a25_19']	水見無水。	水見無水。	They see water as waterless.
['T27n1545_012:0061a26_8']	滿飲食器悉見為空。	滿飲食器悉見為空。	They see all the filled vessels of food and drink as empty.
['T27n1545_012:0061a26_17']	若彼親里為設施會。	若彼親里為設施會。	If their relatives set up a feast for them,
['T27n1545_012:0061a27_8']	彼便信敬起隨喜心。	彼便信敬起隨喜心。	they then have a mind of faith and respect, and a mind of joy.
['T27n1545_012:0061a27_13']	見施功德。	見施功德。	They see the merit of giving.
['T27n1545_012:0061a28_3']	慳貪過失捨相應思。	慳貪過失捨相應思。	They abandon thoughts associated with stinginess and greed, and faults.
['T27n1545_012:0061a28_12']	得增長故除想見倒。	得增長故除想見倒。	Because they obtain growth, they eliminate the inverted views of thought.
['T27n1545_012:0061a28_17']	彼樂淨者。	彼樂淨者。	Those who delight in purity
['T27n1545_012:0061a29_4']	見河是河。	見河是河。	see the river as a river.
['T27n1545_012:0061a29_9']	見水澄清。	見水澄清。	They see the water as clear.
['T27n1545_012:0061a29_18']	於諸飲食皆見淨妙。	於諸飲食皆見淨妙。	They see all the food and drink as pure and wonderful.
['T27n1545_012:0061b01_4']	樂不淨者。	樂不淨者。	Those who delight in impurity
['T27n1545_012:0061b01_13']	見河盈溢見水是水。	見河盈溢見水是水。	see the river as overflowing, and see the water as water.
['T27n1545_012:0061b02_4']	見飲食器悉皆盈滿。	見飲食器悉皆盈滿。	They see all the vessels of food and drink as completely full.
['T27n1545_012:0061b02_13']	故彼親里祭祀則到。	故彼親里祭祀則到。	Therefore, their relatives' sacrifices then reach them.
['T27n1545_012:0061b02_18']	有作是說。	有作是說。	There is an explanation that
['T27n1545_012:0061b03_9']	彼先世亦有感飲食業。	彼先世亦有感飲食業。	in their previous lives they also had karma that caused food and drink,
['T27n1545_012:0061b04_1']	但由慳貪所覆蔽故。	但由慳貪所覆蔽故。	but it was simply because they were covered by stinginess and greed.
['T27n1545_012:0061b04_10']	今時感得怯劣身心。	今時感得怯劣身心。	Now they have obtained a timid and inferior body and mind.
['T27n1545_012:0061b05_4']	諸飲食處必有大力鬼神守護。	諸飲食處必有大力鬼神守護。	In all places of food and drink, there are necessarily powerful ghosts and spirits guarding them.
['T27n1545_012:0061b05_13']	彼怯劣故不能得往。	彼怯劣故不能得往。	Because they are timid and inferior, they are unable to go there.
['T27n1545_012:0061b06_4']	設復得往亦不敢食。	設復得往亦不敢食。	Even if they go there, they dare not eat.
['T27n1545_012:0061b06_13']	若彼親里為設施會。	若彼親里為設施會。	If their relatives hold a ritual for them,
['T27n1545_012:0061b07_4']	廣說乃至捨相應思。	廣說乃至捨相應思。	... up to the thought associated with abandonment.
['T27n1545_012:0061b07_9']	得增長故。	得增長故。	Because it increases,
['T27n1545_012:0061b07_18']	令彼身心轉得強勝。	令彼身心轉得強勝。	it causes their body and mind to become stronger.
['T27n1545_012:0061b08_8']	由此能至有飲食處。	由此能至有飲食處。	Because of this, they can go to places with food and drink.
['T27n1545_012:0061b08_13']	食其飲食。	食其飲食。	They eat the food and drink there.
['T27n1545_012:0061b09_4']	由此因緣祭祀則到。	由此因緣祭祀則到。	Because of this cause and condition, the ritual offering reaches them.
['T27n1545_012:0061b09_16']	是故無有他作業他受果失。	是故無有他作業他受果失。	Therefore, there is no error of one person performing actions and another experiencing the results.
['T27n1545_012:0061b10_3']	大德說曰。	大德說曰。	The Venerable One said:
['T27n1545_012:0061b10_12']	彼先雖造感飲食業。	彼先雖造感飲食業。	Although they previously created karma that would result in food and drink,
['T27n1545_012:0061b11_3']	以微劣故未能與果。	以微劣故未能與果。	because it was weak, it was not yet able to give results.
['T27n1545_012:0061b11_12']	若彼親里為設施會。	若彼親里為設施會。	If their relatives hold a ritual for them,
['T27n1545_012:0061b12_7']	廣說乃至捨相應思得增長故。	廣說乃至捨相應思得增長故。	... up to the thought associated with abandonment increasing,
['T27n1545_012:0061b12_16']	先所作業便能與果。	先所作業便能與果。	the previously created karma is then able to give results.
['T27n1545_012:0061b13_7']	故彼親里祭祀則到。	故彼親里祭祀則到。	Therefore, the ritual offering reaches them.
['T27n1545_012:0061b14_1']	由此無有他作業他受果失。	由此無有他作業他受果失。	Because of this, there is no error of one person performing actions and another experiencing the results.
['T27n1545_012:0061b14_11']	問捨相應思得增長已。	問捨相應思得增長已。	Question: After the thought associated with abandonment increases,
['T27n1545_012:0061b15_7']	為但感資具為亦感得勝身心耶。	為但感資具為亦感得勝身心耶。	does it only result in resources or does it also result in a superior body and mind?
['T27n1545_012:0061b15_13']	答二種俱得。	答二種俱得。	The answer is that both kinds can be obtained.
['T27n1545_012:0061b15_18']	勝身心者。	勝身心者。	Those who are superior in body and mind
['T27n1545_012:0061b16_6']	捨劣色香味觸。	捨劣色香味觸。	abandon inferior form, smell, taste, and touch,
['T27n1545_012:0061b16_13']	得勝色香味觸。	得勝色香味觸。	and obtain superior form, smell, taste, and touch.
['T27n1545_012:0061b17_4']	捨無威德得有威德。	捨無威德得有威德。	They abandon lack of majestic virtue and obtain majestic virtue.
['T27n1545_012:0061b17_9']	感資具者。	感資具者。	Those who are affected by the objects they obtain
['T27n1545_012:0061b18_4']	謂得飲食衣服園林宅舍等事。	謂得飲食衣服園林宅舍等事。	refer to obtaining food, drink, clothing, gardens, groves, houses, and other things.
['T27n1545_012:0061b19_1']	問若生餘趣親里為其修福業者。	問若生餘趣親里為其修福業者。	If one is born in another realm and one's relatives perform meritorious deeds for them,
['T27n1545_012:0061b19_6']	彼亦得不。	彼亦得不。	can they also obtain [the benefits]?
['T27n1545_012:0061b19_15']	答若彼亦能生於信。	答若彼亦能生於信。	The answer is that if they are also able to give rise to faith,
['T27n1545_012:0061b20_1']	敬隨喜之心。	敬隨喜之心。	respect, and a sympathetic mind,
['T27n1545_012:0061b20_10']	令捨俱思得增長者。	令捨俱思得增長者。	and cause the intention to abandon to increase and grow,
['T27n1545_012:0061b20_15']	亦得其福。	亦得其福。	they will also obtain the blessings.
['T27n1545_012:0061b21_1']	問若爾。	問若爾。	If so,
['T27n1545_012:0061b21_8']	此中何故不說。	此中何故不說。	why is it not mentioned here?
['T27n1545_012:0061b21_16']	答應說而不說者。	答應說而不說者。	The answer is that although it should be mentioned, it is not mentioned.
['T27n1545_012:0061b22_4']	當知此義有餘。	當知此義有餘。	It should be understood that this meaning is incomplete.
['T27n1545_012:0061b22_7']	有說。	有說。	Some say:
['T27n1545_012:0061b22_14']	此中從多分說。	此中從多分說。	Here it is said from the majority.
['T27n1545_012:0061b23_4']	謂餓鬼中多有是事。	謂餓鬼中多有是事。	In the realm of hungry ghosts, this matter is mostly so.
['T27n1545_012:0061b23_10']	餘趣不爾故。	餘趣不爾故。	In other realms, it is not like this.
['T27n1545_012:0061b23_13']	有說。	有說。	Some say:
['T27n1545_012:0061b23_18', 'T27n1545_012:0061b24_3']	鬼趣多有。🔽如是業故。	鬼趣多有。 如是業故。	In the realm of hungry ghosts, it is mostly so.🔽Because of this kind of karma.
['T27n1545_012:0061b24_9']	謂造此業者。	謂造此業者。	That is to say, those who create this karma,
['T27n1545_012:0061b24_15']	多生鬼趣故。	多生鬼趣故。	Because they have been born in the ghost realm many times.
['T27n1545_012:0061b25_8']	有說鬼趣於人常希求故。	有說鬼趣於人常希求故。	Some say that because ghosts always seek things from humans.
['T27n1545_012:0061b25_11']	有說。	有說。	Some say.
['T27n1545_012:0061b25_18']	鬼趣飢渴所逼。	鬼趣飢渴所逼。	Because ghosts are tormented by hunger and thirst.
['T27n1545_012:0061b26_8']	於一切處常有希望。	於一切處常有希望。	They always have hopes in everything.
['T27n1545_012:0061b26_13']	是故偏說。	是故偏說。	Therefore, it is said in a biased way.
['T27n1545_012:0061b27_4']	此中應辨五趣義。	此中應辨五趣義。	Here, the meaning of the five destinies should be discussed.
['T27n1545_012:0061b27_12']	如定蘊當廣分別。	如定蘊當廣分別。	It will be extensively distinguished in the Concentration Aggregates.🔽Here is the corrected and aligned text:
['T27n1545_012:0061b28_100']	說一切有部發智大毘婆沙論卷第十二	說一切有部發智大毘婆沙論卷第十二	Sarvâstivāda Abhidharma-mahāvibhāṣā-śāstra, fascicle 12
