segmentnr	original	analyzed	translated
['T27n1545_088:0452b23_0']	阿毘達磨大毘婆沙論卷第八十	阿毘達磨大毘婆沙論卷第八十	Abhidharma-mahāvibhāṣā-śāstra, fascicle 80
['T27n1545_088:0452b24_0']	八	八	eight
['T27n1545_088:0452b26_0']	五百大阿羅漢等造	五百大阿羅漢等造	composed by 500 great arhats and others
['T27n1545_088:0452b29_11']	三藏法師玄奘奉　詔譯18結蘊第二中十門納息第四之十八意根緣識緣緣識有為緣者。	三藏法師玄奘奉　詔譯18結蘊第二中十門納息第四之十八意根緣識緣緣識有為緣者。	tripiṭaka master Xuanzang respectfully received
['T27n1545_088:0452c01_13']	意根通三界九地五部有漏及無漏法類智品故。	意根通三界九地五部有漏及無漏法類智品故。	the mind faculty is common to the three realms, the nine grounds, and the five classes of contaminated and uncontaminated dharmas and types of knowledge,
['T27n1545_088:0452c02_1']	十六識所緣。	十六識所緣。	therefore it is the object of the sixteen consciousnesses.
['T27n1545_088:0452c02_16']	一欲界見苦所斷一切隨眠相應識。	一欲界見苦所斷一切隨眠相應識。	First, the consciousness associated with all latent tendencies to be eliminated by seeing suffering in the desire realm.
['T27n1545_088:0452c03_8']	此識欲界見苦所斷一切。	此識欲界見苦所斷一切。	This consciousness is all that is to be eliminated by seeing suffering in the desire realm,
['T27n1545_088:0452c04_2']	及見集所斷遍行隨眠隨增。	及見集所斷遍行隨眠隨增。	and the pervasive latent tendencies to be eliminated by seeing the accumulation [of suffering] increase along with it.
['T27n1545_088:0452c04_17']	二欲界見集所斷一切隨眠相應識。	二欲界見集所斷一切隨眠相應識。	Second, the consciousness associated with all latent tendencies to be eliminated by seeing the accumulation [of suffering] in the desire realm.
['T27n1545_088:0452c05_9']	此識欲界見集所斷一切。	此識欲界見集所斷一切。	This consciousness is all that is to be eliminated by seeing the accumulation [of suffering] in the desire realm,
['T27n1545_088:0452c06_3']	及見苦所斷遍行隨眠隨增。	及見苦所斷遍行隨眠隨增。	and the pervasive latent tendencies to be eliminated by seeing suffering increase along with it.
['T27n1545_088:0452c07_1']	三欲界見滅所斷有為緣隨眠相應識。	三欲界見滅所斷有為緣隨眠相應識。	Third, the consciousness associated with the latent tendencies to be eliminated by seeing cessation in the desire realm that have conditioned objects.
['T27n1545_088:0452c07_13']	此識欲界見滅所斷有為緣。	此識欲界見滅所斷有為緣。	This consciousness is that which has conditioned objects to be eliminated by seeing cessation in the desire realm,
['T27n1545_088:0452c08_2']	及遍行隨眠隨增。	及遍行隨眠隨增。	and the pervasive latent tendencies increase along with it.
['T27n1545_088:0452c08_17']	四欲界見道所斷一切隨眠相應識。	四欲界見道所斷一切隨眠相應識。	Fourth, the consciousness associated with all latent tendencies to be eliminated by seeing the path in the desire realm.
['T27n1545_088:0452c09_9', 'T27n1545_088:0452c09_17']	此識欲界見道所斷一切。🔽及遍行隨眠隨增。	此識欲界見道所斷一切。 及遍行隨眠隨增。	This consciousness is increased by all the permeating and particular passions abandoned in the path of insight in the realm of desire.
['T27n1545_088:0452c10_14']	五欲界修所斷善及染污無覆無記識。	五欲界修所斷善及染污無覆無記識。	The good and defiled consciousnesses and the non-obscured non-defined consciousnesses of the realm of desire abandoned through the path of cultivation.
['T27n1545_088:0452c11_6']	此識欲界修所斷一切。	此識欲界修所斷一切。	This consciousness is increased by all the passions abandoned through the path of cultivation in the realm of desire,
['T27n1545_088:0452c11_14']	及遍行隨眠隨增。	及遍行隨眠隨增。	and by the permeating passions.
['T27n1545_088:0452c12_5']	如欲界五部有為緣識。	如欲界五部有為緣識。	Just as the consciousnesses of the five classes of passions with a specific object in the realm of desire,
['T27n1545_088:0452c13_1']	色無色界各五部有為緣識亦爾。	色無色界各五部有為緣識亦爾。	so also are the consciousnesses of the five classes of passions with a specific object in the realm of form and in the formless realm.
['T27n1545_088:0452c13_7']	合為十五識。	合為十五識。	Together they make up the fifteen consciousnesses.
['T27n1545_088:0452c13_13']	十六無漏識。	十六無漏識。	The sixteenth is the pure consciousness,
['T27n1545_088:0452c14_3']	謂苦集道法類忍智品。	謂苦集道法類忍智品。	namely, the classes of the receptivities and knowledges of the truths of suffering, of the origin of suffering, and of the path, in the realm of desire.
['T27n1545_088:0452c14_11']	此識非隨眠隨增。	此識非隨眠隨增。	This consciousness is not increased by the proclivities.
['T27n1545_088:0452c15_7']	故說意根緣識有為緣隨眠隨增。	故說意根緣識有為緣隨眠隨增。	Therefore it is said that the consciousnesses that have a specific object consisting of the faculty of thought have a specific object consisting of the compounded and are increased by the proclivities.
['T27n1545_088:0452c16_1']	意根緣緣識亦十六識所緣。	意根緣緣識亦十六識所緣。	The consciousnesses that have a specific object consisting of the faculty of thought as condition are the objects of the sixteen consciousnesses.
['T27n1545_088:0452c16_12']	此意根緣緣識隨眠隨增。	此意根緣緣識隨眠隨增。	The proclivities that increase the consciousnesses that have a specific object consisting of the faculty of thought as condition
['T27n1545_088:0452c17_1']	亦如意根緣識說。	亦如意根緣識說。	are also said to be the same as those that increase the consciousnesses that have a specific object consisting of the faculty of thought.
['T27n1545_088:0452c18_3']	故說意根緣緣識有為緣隨眠隨增捨根亦爾者。	故說意根緣緣識有為緣隨眠隨增捨根亦爾者。	Therefore it is said that the consciousnesses that have a specific object consisting of the faculty of thought as condition have a specific object consisting of the compounded and are increased by the proclivities. The same is true of the faculty of indifference.
['T27n1545_088:0452c19_9']	捨根亦通三界九地五部有漏及無漏法類智品如意根故。	捨根亦通三界九地五部有漏及無漏法類智品如意根故。	The faculty of renunciation also extends to the three realms, nine levels, five classes, contaminated and uncontaminated dharmas, and the categories of dharma and subsequent cognition, because it is like the faculty of intention.
['T27n1545_088:0452c20_8']	樂根緣識欲界四部。	樂根緣識欲界四部。	The consciousness that takes the faculty of pleasure as its object is of four kinds in the desire realm.
['T27n1545_088:0452c21_1']	色界有為緣無色界二部。	色界有為緣無色界二部。	In the form realm, it is conditioned; in the formless realm, it is of two kinds.
['T27n1545_088:0452c21_14']	及遍行緣緣識欲無色界四部。	及遍行緣緣識欲無色界四部。	The consciousness that takes it as its object through association is of four kinds in the desire and formless realms.
['T27n1545_088:0452c22_2']	色界有為緣者。	色界有為緣者。	In the form realm, it is conditioned.
['T27n1545_088:0452c22_14']	樂根通欲界初及第三靜慮。	樂根通欲界初及第三靜慮。	The faculty of pleasure extends to the desire realm, the first, and the third meditative absorptions.
['T27n1545_088:0452c22_18']	欲界者。	欲界者。	In the desire realm,
['T27n1545_088:0452c23_4']	五識身相應。	五識身相應。	it is associated with the five consciousnesses.
['T27n1545_088:0452c23_9']	初靜慮者。	初靜慮者。	In the first meditative absorption,
['T27n1545_088:0452c23_15']	三識身相應。	三識身相應。	it is associated with three consciousnesses.
['T27n1545_088:0452c24_5']	此二唯有漏修所斷。	此二唯有漏修所斷。	These two are only contaminated and are eliminated by cultivation.
['T27n1545_088:0452c24_11']	第三靜慮者。	第三靜慮者。	In the third meditative absorption,
['T27n1545_088:0452c25_2']	意識相應通有漏無漏。	意識相應通有漏無漏。	it is associated with mental consciousness and extends to both contaminated and uncontaminated states.
['T27n1545_088:0452c25_9']	有漏者通五部。	有漏者通五部。	The contaminated states extend to the five classes.
['T27n1545_088:0452c25_18']	無漏者通法類智品。	無漏者通法類智品。	The uncontaminated states extend to the categories of dharma and subsequent cognition.
['T27n1545_088:0452c26_13', 'T27n1545_088:0452c27_10']	故此樂根十六識內十二識所緣。🔽一欲界見苦所斷遍行隨眠相應識。	故此樂根十六識內十二識所緣。 一欲界見苦所斷遍行隨眠相應識。	Therefore, this faculty of pleasure is the object of twelve consciousnesses within the sixteen consciousnesses.🔽The first is the consciousness associated with the omnipresent latent afflictions eliminated by seeing suffering in the desire realm.
['T27n1545_088:0452c28_3']	此識欲界見苦所斷一切。	此識欲界見苦所斷一切。	This consciousness is of all those eliminated by seeing suffering in the desire realm.
['T27n1545_088:0452c28_15']	及見集所斷遍行隨眠隨增。	及見集所斷遍行隨眠隨增。	and the pervasive latent afflictions abandoned by seeing the origin are also increased.
['T27n1545_088:0452c29_11']	二欲界見集所斷遍行隨眠相應識。	二欲界見集所斷遍行隨眠相應識。	Second, the consciousness associated with the pervasive latent afflictions abandoned by seeing the origin in the desire realm.
['T27n1545_088:0453a01_4']	此識欲界見集所斷一切。	此識欲界見集所斷一切。	This consciousness has all those abandoned by seeing the origin in the desire realm,
['T27n1545_088:0453a01_16']	及見苦所斷遍行隨眠隨增。	及見苦所斷遍行隨眠隨增。	and the pervasive latent afflictions abandoned by seeing the suffering are also increased.
['T27n1545_088:0453a02_13']	三欲界見道所斷無漏緣隨眠相應識。	三欲界見道所斷無漏緣隨眠相應識。	Third, the consciousness associated with the latent afflictions with impure objects abandoned by seeing the path in the desire realm.
['T27n1545_088:0453a03_6']	此識欲界見道所斷一切。	此識欲界見道所斷一切。	This consciousness has all those abandoned by seeing the path in the desire realm,
['T27n1545_088:0453a03_14', 'T27n1545_088:0453a04_3']	及遍行隨眠隨增。🔽四欲界修所斷善。	及遍行隨眠隨增。 四欲界修所斷善。	and the pervasive latent afflictions are also increased.
['T27n1545_088:0453a04_12']	及染污無覆無記識。	及染污無覆無記識。	Fourth, the wholesome and defiled non-obscured-non-defined consciousnesses abandoned by cultivation in the desire realm.
['T27n1545_088:0453a05_3']	此識欲界修所斷一切。	此識欲界修所斷一切。	This consciousness has all those abandoned by cultivation in the desire realm,
['T27n1545_088:0453a05_11']	及遍行隨眠隨增。	及遍行隨眠隨增。	and the pervasive latent afflictions are also increased.
['T27n1545_088:0453a06_7']	五色界見苦所斷一切隨眠相應識。	五色界見苦所斷一切隨眠相應識。	Fifth, the consciousness associated with all the latent afflictions abandoned by seeing the suffering in the form realm.
['T27n1545_088:0453a06_18']	此識色界見苦所斷一切。	此識色界見苦所斷一切。	This consciousness has all those abandoned by seeing the suffering in the form realm,
['T27n1545_088:0453a07_11', 'T27n1545_088:0453a08_8']	及見集所斷遍行隨眠隨增。🔽六色界見集所斷一切隨眠相應識。	及見集所斷遍行隨眠隨增。 六色界見集所斷一切隨眠相應識。	and the pervasive latent afflictions abandoned by seeing the origin are also increased.🔽Sixth, the consciousness associated with all the latent afflictions abandoned by seeing the origin in the form realm.
['T27n1545_088:0453a09_1']	此識色界見集所斷一切。	此識色界見集所斷一切。	This consciousness has all those abandoned by seeing the origin in the form realm,
['T27n1545_088:0453a09_13']	及見苦所斷遍行隨眠隨增。	及見苦所斷遍行隨眠隨增。	And the universal contaminants to be eliminated by [the path of] vision of suffering increase in relation to it.
['T27n1545_088:0453a10_10']	七色界見滅所斷有為緣隨眠相應識。	七色界見滅所斷有為緣隨眠相應識。	The seventh is the consciousness associated with the contaminants to be eliminated by [the path of] vision of cessation in the form realm that have conditioned objects.
['T27n1545_088:0453a11_11']	此識色界見滅所斷有為緣及遍行隨眠隨增。	此識色界見滅所斷有為緣及遍行隨眠隨增。	This consciousness increases in relation to the contaminants to be eliminated by [the path of] vision of cessation in the form realm that have conditioned objects and the universal contaminants.
['T27n1545_088:0453a12_8']	八色界見道所斷一切隨眠相應識。	八色界見道所斷一切隨眠相應識。	The eighth is the consciousness associated with all the contaminants to be eliminated by [the path of] vision of the path in the form realm.
['T27n1545_088:0453a13_1']	此識色界見道所斷一切。	此識色界見道所斷一切。	This consciousness increases in relation to all [contaminants] to be eliminated by [the path of] vision of the path in the form realm,
['T27n1545_088:0453a13_9']	及遍行隨眠隨增。	及遍行隨眠隨增。	and the universal contaminants.
['T27n1545_088:0453a14_6']	九色界修所斷善及染污無覆無記識。	九色界修所斷善及染污無覆無記識。	The ninth is the wholesome and defiled unobscured-indeterminate consciousness in the form realm.
['T27n1545_088:0453a14_16']	此識色界修所斷一切。	此識色界修所斷一切。	This consciousness increases in relation to all [contaminants] to be eliminated by [the path of] cultivation in the form realm,
['T27n1545_088:0453a15_5']	及遍行隨眠隨增。	及遍行隨眠隨增。	and the universal contaminants.
['T27n1545_088:0453a16_15']	十無色界見道所斷無漏緣隨眠相應識此識無色界見道所斷一切。	十無色界見道所斷無漏緣隨眠相應識此識無色界見道所斷一切。	The tenth is the consciousness associated with the contaminants with pure objects to be eliminated by [the path of] vision of the path in the formless realm. This consciousness increases in relation to all [contaminants] to be eliminated by [the path of] vision of the path in the formless realm,
['T27n1545_088:0453a17_15']	及遍行隨眠隨增十一無色界修所斷善識。	及遍行隨眠隨增十一無色界修所斷善識。	and the universal contaminants. The eleventh is the wholesome consciousness in the formless realm to be eliminated by [the path of] cultivation.
['T27n1545_088:0453a18_8']	此識無色界修所斷一切。	此識無色界修所斷一切。	This consciousness increases in relation to all [contaminants] to be eliminated by [the path of] cultivation in the formless realm,
['T27n1545_088:0453a18_16']	及遍行隨眠隨增。	及遍行隨眠隨增。	and the universal contaminants.
['T27n1545_088:0453a19_3']	十二無漏識。	十二無漏識。	The twelfth is the pure consciousness.
['T27n1545_088:0453a19_12']	謂苦集道法類智品。	謂苦集道法類智品。	Namely, the categories of Dharma and subsequent cognition of suffering, origination, and path.
['T27n1545_088:0453a20_2']	此識非隨眠隨增故。	此識非隨眠隨增故。	Because this consciousness is not increased by the latent afflictions.
['T27n1545_088:0453a20_8']	說樂根緣識。	說樂根緣識。	Speaking of the consciousness that takes the faculty of pleasure as its object,
['T27n1545_088:0453a21_4']	欲界四部色界有為緣無色界二部。	欲界四部色界有為緣無色界二部。	in the desire realm it is of four types, in the form realm it is related to the conditioned, and in the formless realm it is of two types.
['T27n1545_088:0453a21_12']	及遍行隨眠隨增。	及遍行隨眠隨增。	And the omnipresent latent afflictions increase it.
['T27n1545_088:0453a22_7']	樂根緣識十六識內十四識所緣。	樂根緣識十六識內十四識所緣。	The consciousness that takes the faculty of pleasure as its object is the object of fourteen consciousnesses out of the sixteen consciousnesses.
['T27n1545_088:0453a23_4']	一欲界見苦所斷一切隨眠相應識。	一欲界見苦所斷一切隨眠相應識。	One, the consciousness associated with all latent afflictions abandoned by insight into suffering in the desire realm,
['T27n1545_088:0453a23_11']	是樂根緣緣識。	是樂根緣緣識。	is the consciousness that takes the faculty of pleasure as its object.
['T27n1545_088:0453a23_16']	緣緣樂根。	緣緣樂根。	It is the object of the faculty of pleasure.
['T27n1545_088:0453a24_12']	欲界見苦所斷遍行隨眠相應識等。	欲界見苦所斷遍行隨眠相應識等。	The consciousness associated with the omnipresent latent afflictions abandoned by insight into suffering in the desire realm, and so on.
['T27n1545_088:0453a25_6']	故此識欲界見苦所斷一切。	故此識欲界見苦所斷一切。	Therefore, this consciousness is increased by all those abandoned by insight into suffering in the desire realm,
['T27n1545_088:0453a25_18']	及見集所斷遍行隨眠隨增。	及見集所斷遍行隨眠隨增。	and by the omnipresent latent afflictions abandoned by insight into origination in the desire realm.
['T27n1545_088:0453a26_14']	二欲界見集所斷一切隨眠相應識。	二欲界見集所斷一切隨眠相應識。	Two, the consciousness associated with all latent afflictions abandoned by insight into origination in the desire realm,
['T27n1545_088:0453a27_7']	是樂根緣緣識緣緣樂根。	是樂根緣緣識緣緣樂根。	is the consciousness that takes the faculty of pleasure as its object. It is the object of the faculty of pleasure.
['T27n1545_088:0453a28_2']	見集所斷遍行隨眠相應識等。	見集所斷遍行隨眠相應識等。	The consciousness associated with the omnipresent latent afflictions abandoned by insight into origination, and so on.
['T27n1545_088:0453a28_14']	故此識欲界見集所斷一切。	故此識欲界見集所斷一切。	Therefore, this consciousness is increased by all those abandoned by insight into origination in the desire realm,
['T27n1545_088:0453a29_7']	及見苦所斷遍行隨眠隨增。	及見苦所斷遍行隨眠隨增。	And the universal contaminants to be eliminated by [the path of] seeing suffering increase.
['T27n1545_088:0453b01_4']	三欲界見道所斷一切隨眠相應識。	三欲界見道所斷一切隨眠相應識。	Third, the consciousness associated with all contaminants to be eliminated by [the path of] seeing the truth of the path in the desire realm.
['T27n1545_088:0453b01_11']	是樂根緣緣識。	是樂根緣緣識。	This is the cognized object condition of the faculty of pleasure.
['T27n1545_088:0453b01_16']	緣緣樂根。	緣緣樂根。	The faculty of pleasure is the object condition.
['T27n1545_088:0453b02_12']	欲界見道所斷無漏緣隨眠相應識。	欲界見道所斷無漏緣隨眠相應識。	The consciousness associated with contaminants with impure objects to be eliminated by [the path of] seeing the truth of the path in the desire realm,
['T27n1545_088:0453b03_5']	及苦集道法智品相應識。	及苦集道法智品相應識。	And the consciousness associated with the categories of the cognition of suffering, origination, and path.
['T27n1545_088:0453b03_17', 'T27n1545_088:0453b04_13']	故此識欲界見道所斷一切。🔽及遍行隨眠隨增四欲界修所斷善。	故此識欲界見道所斷一切。 及遍行隨眠隨增四欲界修所斷善。	Therefore, this consciousness increases all contaminants to be eliminated by [the path of] seeing the truth of the path in the desire realm,
['T27n1545_088:0453b05_4']	及染污無覆無記識。	及染污無覆無記識。	And the universal contaminants. Fourth, the wholesome and defiled non-obscured-neutral consciousness in the desire realm.
['T27n1545_088:0453b05_11']	是樂根緣緣識。	是樂根緣緣識。	This is the cognized object condition of the faculty of pleasure.
['T27n1545_088:0453b05_16']	緣緣樂根。	緣緣樂根。	The faculty of pleasure is the object condition.
['T27n1545_088:0453b06_5']	欲界修所斷識等。	欲界修所斷識等。	The consciousness, etc. to be eliminated by [the path of] cultivation in the desire realm.
['T27n1545_088:0453b06_16']	故此識欲界修所斷一切。	故此識欲界修所斷一切。	Therefore, this consciousness increases all contaminants to be eliminated by [the path of] cultivation in the desire realm,
['T27n1545_088:0453b07_5']	及遍行隨眠隨增。	及遍行隨眠隨增。	And the universal contaminants.
['T27n1545_088:0453b08_3', 'T27n1545_088:0453b08_10']	五無色界見苦所斷遍行隨眠相應識。🔽是樂根緣緣識。	五無色界見苦所斷遍行隨眠相應識。 是樂根緣緣識。	Fifth, the consciousness associated with the universal contaminants to be eliminated by [the path of] seeing suffering in the formless realm.🔽This is the cognized object condition of the faculty of pleasure.
['T27n1545_088:0453b08_15']	緣緣樂根。	緣緣樂根。	The faculty of pleasure is the object condition.
['T27n1545_088:0453b09_13']	無色界見道所斷無漏緣隨眠相應識等。	無色界見道所斷無漏緣隨眠相應識等。	The consciousness associated with the anusayas that are to be eliminated by the path of insight in the formless realm and have pure objects as their objects.
['T27n1545_088:0453b10_8']	故此識無色界見苦所斷一切。	故此識無色界見苦所斷一切。	Therefore, this consciousness is not increased by all those to be eliminated by insight into suffering in the formless realm,
['T27n1545_088:0453b11_2']	及見集所斷遍行隨眠隨增。	及見集所斷遍行隨眠隨增。	and by the pervasive anusayas to be eliminated by insight into the origin.
['T27n1545_088:0453b11_18']	六無色界見集所斷遍行隨眠相應識。	六無色界見集所斷遍行隨眠相應識。	The sixth is the consciousness associated with the pervasive anusayas to be eliminated by insight into the origin in the formless realm.
['T27n1545_088:0453b12_6']	是樂根緣緣識。	是樂根緣緣識。	This is the consciousness that has the faculty of pleasure as its object.
['T27n1545_088:0453b12_11']	緣緣樂根。	緣緣樂根。	The faculty of pleasure is its object-condition.
['T27n1545_088:0453b13_9']	無色界見道所斷無漏緣隨眠相應識等。	無色界見道所斷無漏緣隨眠相應識等。	The consciousness associated with the anusayas that are to be eliminated by the path of insight in the formless realm and have pure objects as their objects, etc.
['T27n1545_088:0453b14_4']	故此識無色界見集所斷一切。	故此識無色界見集所斷一切。	Therefore, this consciousness is not increased by all those to be eliminated by insight into the origin in the formless realm,
['T27n1545_088:0453b14_16']	及見苦所斷遍行隨眠隨增。	及見苦所斷遍行隨眠隨增。	and by the pervasive anusayas to be eliminated by insight into suffering.
['T27n1545_088:0453b15_13']	七無色界見道所斷一切隨眠相應識。	七無色界見道所斷一切隨眠相應識。	The seventh is the consciousness associated with all the anusayas to be eliminated by the path of insight in the formless realm.
['T27n1545_088:0453b16_2']	是樂根緣緣識。	是樂根緣緣識。	This is the consciousness that has the faculty of pleasure as its object.
['T27n1545_088:0453b16_7']	緣緣樂根。	緣緣樂根。	The faculty of pleasure is its object-condition.
['T27n1545_088:0453b17_2']	無色界見道所斷無漏緣相應識。	無色界見道所斷無漏緣相應識。	The consciousness associated with the anusayas to be eliminated by the path of insight in the formless realm and have pure objects as their objects,
['T27n1545_088:0453b17_11']	及道類智品無漏識。	及道類智品無漏識。	and the pure consciousness belonging to the class of the knowledge of the path.
['T27n1545_088:0453b18_5']	故此識無色界見道所斷一切。	故此識無色界見道所斷一切。	Therefore, this consciousness is not increased by all those to be eliminated by the path of insight in the formless realm.
['T27n1545_088:0453b19_2']	及遍行隨眠隨增八無色界修所斷善。	及遍行隨眠隨增八無色界修所斷善。	And the wholesome consciousnesses of the formless realm that are eliminated by cultivation,
['T27n1545_088:0453b19_11']	及染污無覆無記識。	及染污無覆無記識。	and defiled and non-obscuring-non-defined consciousnesses.
['T27n1545_088:0453b19_18']	是樂根緣緣識。	是樂根緣緣識。	This is the consciousness that takes the faculty of pleasure as its object condition.
['T27n1545_088:0453b20_3']	緣緣樂根。	緣緣樂根。	The object condition of the faculty of pleasure.
['T27n1545_088:0453b20_13']	無色界修所斷善識等。	無色界修所斷善識等。	The consciousnesses that are eliminated by cultivation in the formless realm, etc.
['T27n1545_088:0453b21_6']	故此識無色界修所斷一切。	故此識無色界修所斷一切。	Therefore, in this consciousness, all those of the formless realm that are eliminated by cultivation,
['T27n1545_088:0453b21_14']	及遍行隨眠隨增。	及遍行隨眠隨增。	and the pervasive latent afflictions increase.
['T27n1545_088:0453b22_5']	及色界五部有為緣識。	及色界五部有為緣識。	And the consciousnesses of the form realm that take the five categories as their objects.
['T27n1545_088:0453b22_12']	是樂根緣緣識。	是樂根緣緣識。	This is the consciousness that takes the faculty of pleasure as its object condition.
['T27n1545_088:0453b22_17']	緣緣樂根。	緣緣樂根。	The object condition of the faculty of pleasure.
['T27n1545_088:0453b23_8']	隨其所應有漏無漏識。	隨其所應有漏無漏識。	According to their respective situations, there is contaminated and uncontaminated consciousness.
['T27n1545_088:0453b24_7']	故此識隨其所應色界有為緣隨眠隨增。	故此識隨其所應色界有為緣隨眠隨增。	Therefore, in this consciousness, according to their respective situations, the latent afflictions of the form realm that take conditioned [dharmas] as their objects increase.
['T27n1545_088:0453b24_18']	此五并前八合為十三識。	此五并前八合為十三識。	These five, together with the previous eight, total thirteen consciousnesses.
['T27n1545_088:0453b25_10']	十四苦集道智品無漏識。	十四苦集道智品無漏識。	The uncontaminated consciousnesses of the classes of the knowledge of suffering, origination, and path.
['T27n1545_088:0453b25_17']	是樂根緣緣識。	是樂根緣緣識。	This is the consciousness that takes the faculty of pleasure as its object condition.
['T27n1545_088:0453b26_8']	緣緣樂根有漏無漏識。	緣緣樂根有漏無漏識。	The contaminated and uncontaminated consciousnesses that take the faculty of pleasure as their object condition.
['T27n1545_088:0453b26_17']	故此識非隨眠隨增。	故此識非隨眠隨增。	Therefore, in this consciousness, the latent afflictions do not increase.
['T27n1545_088:0453b27_7']	故說樂根緣緣識。	故說樂根緣緣識。	Therefore, it is said that the consciousness that takes the faculty of pleasure as its object condition,
['T27n1545_088:0453b27_14']	欲無色界四部。	欲無色界四部。	in the desire and formless realms, belongs to the four categories,
['T27n1545_088:0453b28_5']	色界有為緣隨眠隨增。	色界有為緣隨眠隨增。	The anusayas whose object is conditioned dharmas of the realm of fine-materiality increase in regard to it.
['T27n1545_088:0453b28_16']	喜根緣識欲色界有為緣。	喜根緣識欲色界有為緣。	The faculty of satisfaction has for its cognitive object the consciousnesses of Kāmadhātu and Rūpadhātu related to the dharmas of the past, present and future.
['T27n1545_088:0453b29_6']	無色界二部及遍行。	無色界二部及遍行。	In the realm of Ārūpyadhātu, it has for its cognitive object the two universal anuśayas and the anuśayas associated with the paryavasthāna of the realm of Ārūpyadhātu.
['T27n1545_088:0453b29_16']	緣緣識欲色界有為緣。	緣緣識欲色界有為緣。	The consciousness that has the faculty of satisfaction for its cognitive object is of the spheres of Kāmadhātu and Rūpadhātu.
['T27n1545_088:0453c01_4']	無色界四部者。	無色界四部者。	In the realm of Ārūpyadhātu, it is of the four categories.
['T27n1545_088:0453c01_15']	喜根通欲界及初二靜慮。	喜根通欲界及初二靜慮。	The faculty of satisfaction is related to Kāmadhātu and the first two Dhyānas.
['T27n1545_088:0453c02_2']	唯意識相應。	唯意識相應。	It is associated with mental consciousness.
['T27n1545_088:0453c02_6']	欲界者。	欲界者。	In Kāmadhātu,
['T27n1545_088:0453c02_13']	唯有漏通五部。	唯有漏通五部。	it is impure and of the five categories.
['T27n1545_088:0453c03_1']	初二靜慮者。	初二靜慮者。	In the first two Dhyānas,
['T27n1545_088:0453c03_7']	通有漏無漏。	通有漏無漏。	it is both impure and pure.
['T27n1545_088:0453c03_14']	有漏者通五部。	有漏者通五部。	When it is impure, it is of the five categories.
['T27n1545_088:0453c04_6']	無漏者通法類忍智品故。	無漏者通法類忍智品故。	When it is pure, it is of the category of the Patiences and of the Knowledges of the Truths of Suffering and the Arising of Suffering.
['T27n1545_088:0453c05_1']	此喜根十六識內十三識所緣。	此喜根十六識內十三識所緣。	The faculty of satisfaction is the object of thirteen of the sixteen consciousnesses.
['T27n1545_088:0453c05_16']	一欲界見苦所斷一切隨眠相應識。	一欲界見苦所斷一切隨眠相應識。	The first is the consciousness of Kāmadhātu, related to the abandoning of the defilements by the Seeing of Suffering, and associated with all the anuśayas that have this same object.
['T27n1545_088:0453c06_8']	此識欲界見苦所斷一切。	此識欲界見苦所斷一切。	This consciousness is related to the defilements of Kāmadhātu abandoned by the Seeing of Suffering.
['T27n1545_088:0453c07_2']	及見集所斷遍行隨眠隨增。	及見集所斷遍行隨眠隨增。	The universal anuśayas of Kāmadhātu abandoned by the Seeing of Arising, and the anuśayas associated with the paryavasthāna of Kāmadhātu, increase with regard to it.
['T27n1545_088:0453c07_17']	二欲界見集所斷一切隨眠相應識。	二欲界見集所斷一切隨眠相應識。	The second is the consciousness of Kāmadhātu, related to the abandoning of the defilements by the Seeing of Suffering, and associated with all the anuśayas that have this same object.
['T27n1545_088:0453c08_9']	此識欲界見集所斷一切。	此識欲界見集所斷一切。	This consciousness is increased by all the permeating propensities abandoned by insight into the truths of the origin of suffering in the realm of desire.
['T27n1545_088:0453c09_3']	及見苦所斷遍行隨眠隨增。	及見苦所斷遍行隨眠隨增。	It is also increased by the permeating propensities abandoned by insight into the truth of suffering.
['T27n1545_088:0453c10_1']	三欲界見滅所斷有為緣隨眠相應識。	三欲界見滅所斷有為緣隨眠相應識。	Third, consciousness associated with the permeating propensities of the realm of desire that have a real basis and are abandoned by insight into the truth of cessation.
['T27n1545_088:0453c10_13']	此識欲界見滅所斷有為緣。	此識欲界見滅所斷有為緣。	This consciousness is that which has a real basis and is abandoned by insight into the truth of cessation in the realm of desire.
['T27n1545_088:0453c11_2']	及遍行隨眠隨增。	及遍行隨眠隨增。	It is increased by the permeating propensities.
['T27n1545_088:0453c11_17']	四欲界見道所斷一切隨眠相應識。	四欲界見道所斷一切隨眠相應識。	Fourth, consciousness associated with all the permeating propensities that are abandoned by insight into the truth of the path in the realm of desire.
['T27n1545_088:0453c12_9']	此識欲界見道所斷一切。	此識欲界見道所斷一切。	This consciousness is all that is abandoned by insight into the truth of the path in the realm of desire.
['T27n1545_088:0453c12_17', 'T27n1545_088:0453c13_6']	及遍行隨眠隨增。🔽五欲界修所斷善。	及遍行隨眠隨增。 五欲界修所斷善。	It is increased by the permeating propensities.
['T27n1545_088:0453c13_15']	及染污無覆無記識。	及染污無覆無記識。	Fifth, wholesome consciousness and defiled and non-obscuring-indeterminate consciousness in the realm of desire that are abandoned by cultivation.
['T27n1545_088:0453c14_6']	此識欲界修所斷一切。	此識欲界修所斷一切。	This consciousness is all that is abandoned by cultivation in the realm of desire.
['T27n1545_088:0453c14_14']	及遍行隨眠隨增。	及遍行隨眠隨增。	It is increased by the permeating propensities.
['T27n1545_088:0453c15_15']	如欲界五部有為緣識色界五部有為緣識亦爾。	如欲界五部有為緣識色界五部有為緣識亦爾。	As there are five kinds of consciousness with a real basis in the realm of desire, so there are five kinds of consciousness with a real basis in the realm of form.
['T27n1545_088:0453c16_2']	合為十識。	合為十識。	Together they make ten kinds of consciousness.
['T27n1545_088:0453c17_2']	十一無色界見道所斷無漏緣隨眠相應識。	十一無色界見道所斷無漏緣隨眠相應識。	Eleventh, consciousness associated with the permeating propensities that have a real basis and are abandoned by insight into the truth of the path in the formless realm.
['T27n1545_088:0453c17_14']	此識無色界見道所斷一切。	此識無色界見道所斷一切。	This consciousness is all that is abandoned by insight into the truth of the path in the formless realm.
['T27n1545_088:0453c18_3']	及遍行隨眠隨增。	及遍行隨眠隨增。	And the pervasive contaminants increase.
['T27n1545_088:0453c18_14']	十二無色界修所斷善識。	十二無色界修所斷善識。	The twelfth is the consciousness to be eliminated by cultivation in the formless realm.
['T27n1545_088:0453c19_6']	此識無色界修所斷一切。	此識無色界修所斷一切。	This consciousness has all those to be eliminated by cultivation in the formless realm,
['T27n1545_088:0453c19_14']	及遍行隨眠隨增。	及遍行隨眠隨增。	And the pervasive contaminants increase.
['T27n1545_088:0453c20_9']	十三無漏識謂苦集道法類智品。	十三無漏識謂苦集道法類智品。	The thirteenth is the pure consciousness, namely the class of the cognition of suffering, origination, and path in the formless realm.
['T27n1545_088:0453c21_5']	此識非隨眠隨增故說喜根緣識。	此識非隨眠隨增故說喜根緣識。	This consciousness is not increased by contaminants. Therefore it is said that the object of the faculty of joy is the consciousness.
['T27n1545_088:0453c21_17']	欲色界有為緣無色界二部。	欲色界有為緣無色界二部。	The conditioned objects of the desire and form realms, the two classes in the formless realm,
['T27n1545_088:0453c22_6']	及遍行隨眠隨增。	及遍行隨眠隨增。	And the pervasive contaminants increase.
['T27n1545_088:0453c23_2']	喜根緣識十六識內十五識所緣。	喜根緣識十六識內十五識所緣。	The object of the faculty of joy is the object of the sixteen consciousnesses, and it is the object of fifteen consciousnesses.
['T27n1545_088:0453c23_17', 'T27n1545_088:0453c24_5']	一欲界見苦所斷一切隨眠相應識。🔽是喜根緣緣識。	一欲界見苦所斷一切隨眠相應識。 是喜根緣緣識。	The first is the consciousness associated with all contaminants to be eliminated by the vision of suffering in the desire realm.🔽This is the object of the faculty of joy.
['T27n1545_088:0453c24_10']	緣緣喜根。	緣緣喜根。	It is the object of the faculty of joy.
['T27n1545_088:0453c25_5']	自部他部隨其所應有漏識故。	自部他部隨其所應有漏識故。	Because of the contaminated consciousnesses of one's own and other's categories as appropriate.
['T27n1545_088:0453c25_16']	此識欲界見苦所斷一切。	此識欲界見苦所斷一切。	This consciousness has all those to be eliminated by the vision of suffering in the desire realm,
['T27n1545_088:0453c26_9']	及見集所斷遍行隨眠隨增。	及見集所斷遍行隨眠隨增。	And the pervasive contaminants to be eliminated by the vision of origination increase.
['T27n1545_088:0453c27_4']	二見集所斷一切隨眠相應識。	二見集所斷一切隨眠相應識。	The second is the consciousness associated with all contaminants to be eliminated by the vision of origination.
['T27n1545_088:0453c27_11']	是喜根緣緣識。	是喜根緣緣識。	This is the object of the faculty of joy.
['T27n1545_088:0453c27_16']	緣緣喜根。	緣緣喜根。	The object-condition of the faculty of joy.
['T27n1545_088:0453c28_10']	自部他部隨其所應有漏識故。	自部他部隨其所應有漏識故。	The consciousness associated with the contaminants of one's own and other categories, as appropriate, because of being contaminated.
['T27n1545_088:0453c29_3']	此識欲界見集所斷一切。	此識欲界見集所斷一切。	This consciousness is all that is to be eliminated by seeing the origin in the desire realm,
['T27n1545_088:0453c29_15']	及見苦所斷遍行隨眠隨增。	及見苦所斷遍行隨眠隨增。	and the pervasive contaminants to be eliminated by seeing the suffering that are increased.
['T27n1545_088:0454a01_12']	三欲界見滅所斷有為緣隨眠相應識。	三欲界見滅所斷有為緣隨眠相應識。	Third, the consciousness associated with the contaminants that take conditioned things as their objects to be eliminated by seeing cessation in the desire realm,
['T27n1545_088:0454a02_1']	是喜根緣緣識。	是喜根緣緣識。	is the object-condition of the faculty of joy.
['T27n1545_088:0454a02_6']	緣緣喜根。	緣緣喜根。	The object-condition of the faculty of joy.
['T27n1545_088:0454a02_17']	自部有為緣隨眠相應識。	自部有為緣隨眠相應識。	The consciousness associated with the contaminants that take conditioned things as their objects in one's own category,
['T27n1545_088:0454a03_11']	故此識欲界見滅所斷有為緣。	故此識欲界見滅所斷有為緣。	therefore this consciousness is that which takes conditioned things as its objects to be eliminated by seeing cessation in the desire realm,
['T27n1545_088:0454a04_1']	及遍行隨眠隨增。	及遍行隨眠隨增。	and the pervasive contaminants are increased.
['T27n1545_088:0454a04_16', 'T27n1545_088:0454a05_4']	四欲界見道所斷一切隨眠相應識。🔽是喜根緣緣識。	四欲界見道所斷一切隨眠相應識。 是喜根緣緣識。	Fourth, the consciousness associated with all the contaminants to be eliminated by seeing the path in the desire realm,🔽is the object-condition of the faculty of joy.
['T27n1545_088:0454a05_9']	緣緣喜根。	緣緣喜根。	The object-condition of the faculty of joy.
['T27n1545_088:0454a06_1']	自部一切隨眠相應識。	自部一切隨眠相應識。	The consciousness associated with all the contaminants in one's own category,
['T27n1545_088:0454a06_12']	及苦集道法智品相應識。	及苦集道法智品相應識。	and the consciousness associated with the class of the cognition of the truth of suffering, origin, and path,
['T27n1545_088:0454a07_12']	故此識欲界見道所斷一切及遍行隨眠隨增。	故此識欲界見道所斷一切及遍行隨眠隨增。	therefore this consciousness is all that is to be eliminated by seeing the path in the desire realm and the pervasive contaminants are increased.
['T27n1545_088:0454a08_2']	五欲界修所斷善。	五欲界修所斷善。	Fifth, the wholesome [consciousness] to be eliminated by cultivation in the desire realm,
['T27n1545_088:0454a08_11']	及染污無覆無記識。	及染污無覆無記識。	and defiled and non-obscuring-non-defined consciousness.
['T27n1545_088:0454a08_18']	是喜根緣緣識。	是喜根緣緣識。	This is the consciousness that takes the faculty of joy as its object,
['T27n1545_088:0454a09_3']	緣緣喜根。	緣緣喜根。	and the faculty of joy as its object-condition.
['T27n1545_088:0454a09_11']	欲界修所斷識等。	欲界修所斷識等。	The consciousness to be eliminated by cultivation in the desire realm, etc.
['T27n1545_088:0454a10_3']	故此識欲界修所斷一切。	故此識欲界修所斷一切。	Therefore, this consciousness is all that is to be eliminated by cultivation in the desire realm,
['T27n1545_088:0454a10_11']	及遍行隨眠隨增。	及遍行隨眠隨增。	and the pervasive latent afflictions increase along with it.
['T27n1545_088:0454a11_2']	如欲界五部有為緣識。	如欲界五部有為緣識。	Just as the consciousness in the desire realm that takes the five categories and conditioned things as its object,
['T27n1545_088:0454a11_13']	色界五部有為緣識亦爾。	色界五部有為緣識亦爾。	so too is the consciousness in the form realm that takes the five categories and conditioned things as its object.
['T27n1545_088:0454a11_18']	合為十識。	合為十識。	Together they form ten kinds of consciousness.
['T27n1545_088:0454a12_15']	十一無色界見苦所斷遍行隨眠相應識。	十一無色界見苦所斷遍行隨眠相應識。	Eleventh, the consciousness associated with the pervasive latent afflictions to be eliminated by the path of seeing in the formless realm.
['T27n1545_088:0454a13_4']	是喜根緣緣識。	是喜根緣緣識。	This is the consciousness that takes the faculty of joy as its object,
['T27n1545_088:0454a13_9']	緣緣喜根。	緣緣喜根。	and the faculty of joy as its object-condition.
['T27n1545_088:0454a14_7']	無色界見道所斷無漏緣隨眠相應識等。	無色界見道所斷無漏緣隨眠相應識等。	The consciousness associated with the pure latent afflictions to be eliminated by the path of seeing in the formless realm, etc.
['T27n1545_088:0454a15_2']	故此識無色界見苦所斷一切。	故此識無色界見苦所斷一切。	Therefore, this consciousness is all that is to be eliminated by the path of seeing in the formless realm,
['T27n1545_088:0454a15_14']	及見集所斷遍行隨眠隨增。	及見集所斷遍行隨眠隨增。	and the pervasive latent afflictions to be eliminated by the path of seeing into the arising of suffering increase along with it.
['T27n1545_088:0454a16_12']	十二無色界見集所斷遍行隨眠相應識。	十二無色界見集所斷遍行隨眠相應識。	Twelfth, the consciousness associated with the pervasive latent afflictions to be eliminated by the path of seeing into the arising of suffering in the formless realm.
['T27n1545_088:0454a17_5']	是喜根緣緣識緣緣喜根。	是喜根緣緣識緣緣喜根。	This is the consciousness that takes the faculty of joy as its object, and the faculty of joy as its object-condition.
['T27n1545_088:0454a18_16']	無色界見道所斷無漏緣隨眠相應識等故此識無色界見集所斷一切。	無色界見道所斷無漏緣隨眠相應識等故此識無色界見集所斷一切。	Because there is consciousness associated with the contaminants that take the pure [dharmas] of the formless realm as their object and are to be eliminated by the path of seeing. Therefore, this consciousness is increased by all [contaminants] to be eliminated by seeing the truth of origination in the formless realm,
['T27n1545_088:0454a19_10']	及見苦所斷遍行隨眠隨增。	及見苦所斷遍行隨眠隨增。	and by the universal contaminants to be eliminated by seeing the truth of suffering.
['T27n1545_088:0454a20_9', 'T27n1545_088:0454a20_16']	十三無色界見道所斷一切隨眠相應識。🔽是喜根緣緣識。	十三無色界見道所斷一切隨眠相應識。 是喜根緣緣識。	The thirteenth is the consciousness associated with all contaminants to be eliminated by the path of seeing in the formless realm.🔽This is the determining consciousness that takes joy as its object.
['T27n1545_088:0454a21_2']	緣緣喜根。	緣緣喜根。	The joy faculty is the object-condition of this consciousness.
['T27n1545_088:0454a21_18']	無色界見道所斷無漏緣隨眠相應識。	無色界見道所斷無漏緣隨眠相應識。	The consciousness that takes the joy faculty as its object-condition is the pure [dharmas] of the formless realm that are to be eliminated by the path of seeing, and are associated with the contaminants that take them as their object.
['T27n1545_088:0454a22_10']	及苦集道類智品相應識。	及苦集道類智品相應識。	It is also the consciousness associated with the categories of the cognition of suffering, origination, and the path.
['T27n1545_088:0454a23_5']	故此識無色界見道所斷一切。	故此識無色界見道所斷一切。	Therefore, this consciousness is increased by all [contaminants] to be eliminated by seeing the truth of the path in the formless realm,
['T27n1545_088:0454a23_13']	及遍行隨眠隨增。	及遍行隨眠隨增。	and by the universal contaminants.
['T27n1545_088:0454a24_12', 'T27n1545_088:0454a25_1']	十四無色界修所斷善及染污無覆無記識。🔽是喜根緣緣識。	十四無色界修所斷善及染污無覆無記識。 是喜根緣緣識。	The fourteenth is the wholesome and defiled consciousnesses that are not obscured and indeterminate in the formless realm, and those to be eliminated by cultivation.🔽This is the determining consciousness that takes joy as its object.
['T27n1545_088:0454a25_6']	緣緣喜根。	緣緣喜根。	The joy faculty is the object-condition of this consciousness.
['T27n1545_088:0454a25_16']	無色界修所斷善識等。	無色界修所斷善識等。	The consciousness that takes the joy faculty as its object-condition is the wholesome consciousnesses, etc. of the formless realm that are to be eliminated by cultivation.
['T27n1545_088:0454a26_9']	故此識無色界修所斷一切。	故此識無色界修所斷一切。	Therefore, this consciousness is increased by all [contaminants] to be eliminated by cultivation in the formless realm.
['T27n1545_088:0454a27_9']	及遍行隨眠隨增十五苦集道智品無漏識。	及遍行隨眠隨增十五苦集道智品無漏識。	And the pure consciousness of the class of the knowledge of suffering, origination, and path, which is the object of the pervasive and inherent contaminants.
['T27n1545_088:0454a27_16']	是喜根緣緣識。	是喜根緣緣識。	This is the result of the condition as object of the faculty of joy.
['T27n1545_088:0454a28_2']	緣緣喜根。	緣緣喜根。	The condition as object of joy.
['T27n1545_088:0454a28_9']	有漏無漏識故。	有漏無漏識故。	Because it is the result of the condition as object of pure and impure consciousness.
['T27n1545_088:0454a28_17']	此識非隨眠隨增。	此識非隨眠隨增。	This consciousness is not increased by the inherent contaminants.
['T27n1545_088:0454a29_6']	故說喜根緣緣識。	故說喜根緣緣識。	Therefore it is said that the result of the condition as object of the faculty of joy is the result of the condition as object of the faculty of joy.
['T27n1545_088:0454b01_4', 'T27n1545_088:0454b02_4']	欲色界有為緣無色界四部隨眠隨增。🔽憂根緣識。	欲色界有為緣無色界四部隨眠隨增。 憂根緣識。	The inherent contaminants of the four categories of the form and formless realms are increased by the condition as object of the faculty of joy.
['T27n1545_088:0454b02_10']	欲界有漏緣。	欲界有漏緣。	The result of the condition as object of the faculty of sorrow is the impure result of the condition as object of the desire realm.
['T27n1545_088:0454b03_3']	色界遍行及修所斷緣緣識。	色界遍行及修所斷緣緣識。	The result of the condition as object of the pervasive and the result of the condition as object of the practice of elimination of the form realm.
['T27n1545_088:0454b03_13']	欲界有為緣色界三部。	欲界有為緣色界三部。	The result of the condition as object of the desire realm is the result of the condition as object of the form realm.
['T27n1545_088:0454b04_5']	無色界遍行及修所斷者。	無色界遍行及修所斷者。	The pervasive and the result of the condition as object of the practice of elimination of the formless realm.
['T27n1545_088:0454b05_2']	憂根唯欲界有漏意識相應通五部。	憂根唯欲界有漏意識相應通五部。	The faculty of sorrow exists only in the desire realm, is associated with impure mental consciousness, and is common to the five categories.
['T27n1545_088:0454b05_11']	十六識內七識所緣。	十六識內七識所緣。	It is the object of seven consciousnesses among the sixteen consciousnesses.
['T27n1545_088:0454b06_7']	一欲界見苦所斷一切隨眠相應識。	一欲界見苦所斷一切隨眠相應識。	The first is the consciousness of all inherent contaminants associated with the elimination of seeing suffering in the desire realm.
['T27n1545_088:0454b06_18']	此識欲界見苦所斷一切。	此識欲界見苦所斷一切。	This consciousness is all that is eliminated by seeing suffering in the desire realm.
['T27n1545_088:0454b07_11']	及見集所斷遍行隨眠隨增。	及見集所斷遍行隨眠隨增。	And the pervasive inherent contaminants eliminated by seeing origination are increased.
['T27n1545_088:0454b08_7']	二欲界見集所斷一切隨眠相應識。	二欲界見集所斷一切隨眠相應識。	Second, the consciousness associated with all the latent tendencies to be eliminated by seeing the origin in the desire realm.
['T27n1545_088:0454b08_18']	此識欲界見集所斷一切。	此識欲界見集所斷一切。	This consciousness is all that is to be eliminated by seeing the origin in the desire realm,
['T27n1545_088:0454b09_11']	及見苦所斷遍行隨眠隨增。	及見苦所斷遍行隨眠隨增。	and the pervasive latent tendencies to be eliminated by seeing suffering increase along with it.
['T27n1545_088:0454b10_9']	三欲界見滅所斷有為緣隨眠相應識。	三欲界見滅所斷有為緣隨眠相應識。	Third, the consciousness associated with the latent tendencies to be eliminated by seeing cessation in the desire realm that have conditioned objects.
['T27n1545_088:0454b11_3']	此識欲界見滅所斷有為緣。	此識欲界見滅所斷有為緣。	This consciousness is that to be eliminated by seeing cessation in the desire realm that has conditioned objects,
['T27n1545_088:0454b11_11']	及遍行隨眠隨增。	及遍行隨眠隨增。	and the pervasive latent tendencies increase along with it.
['T27n1545_088:0454b12_8']	四欲界見道所斷有漏緣隨眠相應識。	四欲界見道所斷有漏緣隨眠相應識。	Fourth, the consciousness associated with the latent tendencies to be eliminated by seeing the path in the desire realm that have contaminated objects.
['T27n1545_088:0454b13_9', 'T27n1545_088:0454b13_17']	此識欲界見道所斷有漏緣及遍行隨眠隨增。🔽五欲界修所斷善。	此識欲界見道所斷有漏緣及遍行隨眠隨增。 五欲界修所斷善。	This consciousness is that to be eliminated by seeing the path in the desire realm that has contaminated objects and the pervasive latent tendencies increase along with it.
['T27n1545_088:0454b14_7']	及染污無覆無記識。	及染污無覆無記識。	Fifth, the wholesome and defiled non-obscured-neutral consciousness of the desire realm.
['T27n1545_088:0454b14_17']	此識欲界修所斷一切。	此識欲界修所斷一切。	This consciousness is all that is to be eliminated by cultivation in the desire realm,
['T27n1545_088:0454b15_6', 'T27n1545_088:0454b15_14']	及遍行隨眠隨增。🔽六色界修所斷善。	及遍行隨眠隨增。 六色界修所斷善。	and the pervasive latent tendencies increase along with it.
['T27n1545_088:0454b16_2']	及無覆無記識。	及無覆無記識。	Sixth, the wholesome and non-obscured-neutral consciousness of the form realm.
['T27n1545_088:0454b16_12']	此識色界修所斷一切。	此識色界修所斷一切。	This consciousness is all that is to be eliminated by cultivation in the form realm,
['T27n1545_088:0454b17_1']	及遍行隨眠隨增。	及遍行隨眠隨增。	and the pervasive latent tendencies increase along with it.
['T27n1545_088:0454b17_6']	七無漏識。	七無漏識。	Seventh, the uncontaminated consciousness.
['T27n1545_088:0454b17_13']	謂苦集法智品。	謂苦集法智品。	That is, the class of dharma cognition of the truths of suffering and accumulation.
['T27n1545_088:0454b18_2']	此識非隨眠隨增故。	此識非隨眠隨增故。	Because this consciousness is not increased by the latent afflictions.
['T27n1545_088:0454b18_17']	說憂根緣識欲界有漏緣色界遍行。	說憂根緣識欲界有漏緣色界遍行。	It is said that the consciousness that takes the faculty of sorrow as its object has as its object the contaminated objects of the desire realm and the universal contaminants of the form realm,
['T27n1545_088:0454b19_7']	及修所斷隨眠隨增。	及修所斷隨眠隨增。	and is increased by the latent afflictions that are to be eliminated by cultivation.
['T27n1545_088:0454b20_2']	憂根緣識十六識內十識所緣。	憂根緣識十六識內十識所緣。	The consciousness that takes the faculty of sorrow as its object is the object of ten kinds of consciousness among the sixteen kinds of consciousness.
['T27n1545_088:0454b20_17']	一欲界見苦所斷一切隨眠相應識。	一欲界見苦所斷一切隨眠相應識。	The first is the consciousness associated with all the latent afflictions that are to be eliminated by the path of seeing the truth of suffering in the desire realm.
['T27n1545_088:0454b22_4']	是憂根緣緣識緣緣憂根自部他部隨其所應有漏識。	是憂根緣緣識緣緣憂根自部他部隨其所應有漏識。	This is the consciousness that takes the faculty of sorrow as its object and has as its object the faculty of sorrow of its own and other categories, as appropriate.
['T27n1545_088:0454b22_16']	故此識欲界見苦所斷一切。	故此識欲界見苦所斷一切。	Therefore, this consciousness is increased by all the latent afflictions that are to be eliminated by the path of seeing the truth of suffering in the desire realm.
['T27n1545_088:0454b24_5']	及見集所斷遍行隨眠隨增二欲界見集所斷一切隨眠相應識。	及見集所斷遍行隨眠隨增二欲界見集所斷一切隨眠相應識。	The second is the consciousness associated with all the latent afflictions that are to be eliminated by the path of seeing the truth of accumulation in the desire realm.
['T27n1545_088:0454b24_12']	是憂根緣緣識。	是憂根緣緣識。	This is the consciousness that takes the faculty of sorrow as its object and has as its object.
['T27n1545_088:0454b25_3']	緣緣憂根自部他部。	緣緣憂根自部他部。	The faculty of sorrow of its own and other categories, as appropriate.
['T27n1545_088:0454b25_11', 'T27n1545_088:0454b26_4']	隨其所應有漏識。🔽故此識欲界見集所斷一切。	隨其所應有漏識。 故此識欲界見集所斷一切。	This is the contaminated consciousness.🔽Therefore, this consciousness is increased by all the latent afflictions that are to be eliminated by the path of seeing the truth of accumulation in the desire realm.
['T27n1545_088:0454b26_16']	及見苦所斷遍行隨眠隨增。	及見苦所斷遍行隨眠隨增。	And by the universal contaminants that are to be eliminated by the path of seeing the truth of suffering.
['T27n1545_088:0454b27_13']	三欲界見滅所斷有為緣隨眠相應識。	三欲界見滅所斷有為緣隨眠相應識。	The third is the consciousness associated with the latent tendencies of the conditioned factors to be eliminated by seeing cessation in the desire realm.
['T27n1545_088:0454b28_2']	是憂根緣緣識。	是憂根緣緣識。	This is the object-perceived condition of the faculty of sorrow.
['T27n1545_088:0454b28_17']	緣緣憂根自部有為緣隨眠相應識。	緣緣憂根自部有為緣隨眠相應識。	The object-perceived condition of the faculty of sorrow is the consciousness associated with the latent tendencies of its own category that take conditioned factors as their objects.
['T27n1545_088:0454b29_12']	故此識欲界見滅所斷有為緣。	故此識欲界見滅所斷有為緣。	Therefore, this consciousness is the conditioned factors to be eliminated by seeing cessation in the desire realm.
['T27n1545_088:0454c01_2']	及遍行隨眠隨增。	及遍行隨眠隨增。	And the latent tendencies of universal permeation increase in accordance with it.
['T27n1545_088:0454c01_18']	四欲界見道所斷有漏緣隨眠相應識。	四欲界見道所斷有漏緣隨眠相應識。	The fourth is the consciousness associated with the latent tendencies of the contaminated factors to be eliminated by seeing the path in the desire realm.
['T27n1545_088:0454c02_6']	是憂根緣緣識。	是憂根緣緣識。	This is the object-perceived condition of the faculty of sorrow.
['T27n1545_088:0454c03_4']	緣緣憂根自部有漏緣隨眠相應識故。	緣緣憂根自部有漏緣隨眠相應識故。	The object-perceived condition of the faculty of sorrow is the consciousness associated with the latent tendencies that take the contaminated factors of its own category as their objects.
['T27n1545_088:0454c03_16']	此識欲界見道所斷有漏緣。	此識欲界見道所斷有漏緣。	Therefore, this consciousness is the contaminated factors to be eliminated by seeing the path in the desire realm.
['T27n1545_088:0454c04_5', 'T27n1545_088:0454c04_13']	及遍行隨眠隨增。🔽五欲界修所斷善。	及遍行隨眠隨增。 五欲界修所斷善。	And the latent tendencies of universal permeation increase in accordance with it.
['T27n1545_088:0454c05_3']	及染污無覆無記識。	及染污無覆無記識。	The fifth is the wholesome and defiled consciousness without hindrances in the desire realm.
['T27n1545_088:0454c05_10']	是憂根緣緣識。	是憂根緣緣識。	This is the object-perceived condition of the faculty of sorrow.
['T27n1545_088:0454c06_4']	緣緣憂根欲界修所斷識等。	緣緣憂根欲界修所斷識等。	The object-perceived condition of the faculty of sorrow is the consciousness, etc. that are to be eliminated by cultivation in the desire realm.
['T27n1545_088:0454c06_15']	故此識欲界修所斷一切。	故此識欲界修所斷一切。	Therefore, this consciousness is all that is to be eliminated by cultivation in the desire realm.
['T27n1545_088:0454c07_4']	及遍行隨眠隨增。	及遍行隨眠隨增。	And the latent tendencies of universal permeation increase in accordance with it.
['T27n1545_088:0454c08_1']	六色界見苦所斷遍行隨眠相應識。	六色界見苦所斷遍行隨眠相應識。	The sixth is the consciousness associated with the universal contaminants to be eliminated by seeing suffering in the form realm.
['T27n1545_088:0454c08_8']	是憂根緣緣識。	是憂根緣緣識。	This is the object-perceived condition of the faculty of sorrow.
['T27n1545_088:0454c09_1']	緣緣憂根色界修所斷善。	緣緣憂根色界修所斷善。	The object-perceived condition of the faculty of sorrow is the wholesome of the form realm to be eliminated by cultivation,
['T27n1545_088:0454c09_8']	及無覆無記識。	及無覆無記識。	and the non-obscured-neutral consciousness.
['T27n1545_088:0454c10_1']	故此識色界見苦所斷一切。	故此識色界見苦所斷一切。	Therefore, in this consciousness, all those to be eliminated by seeing suffering
['T27n1545_088:0454c10_9']	及遍行隨眠隨增。	及遍行隨眠隨增。	and the universal contaminants of the form realm increase.
['T27n1545_088:0454c11_5', 'T27n1545_088:0454c11_12']	七色界見集所斷遍行隨眠相應識。🔽是憂根緣緣識。	七色界見集所斷遍行隨眠相應識。 是憂根緣緣識。	The seventh is the consciousness associated with the universal contaminants to be eliminated by seeing the origin in the form realm.🔽This is the object-perceived condition of the faculty of sorrow.
['T27n1545_088:0454c11_17']	緣緣憂根。	緣緣憂根。	The object-perceived condition of the faculty of sorrow
['T27n1545_088:0454c12_5']	色界修所斷善。	色界修所斷善。	is the wholesome of the form realm to be eliminated by cultivation,
['T27n1545_088:0454c12_12']	及無覆無記識。	及無覆無記識。	and the non-obscured-neutral consciousness.
['T27n1545_088:0454c13_5']	故此識色界見集所斷一切。	故此識色界見集所斷一切。	Therefore, in this consciousness, all those to be eliminated by seeing the origin
['T27n1545_088:0454c13_17']	及見苦所斷遍行隨眠隨增。	及見苦所斷遍行隨眠隨增。	and those to be eliminated by seeing suffering in the form realm, and the universal contaminants increase.
['T27n1545_088:0454c14_6']	八色界修所斷善。	八色界修所斷善。	The eighth is the wholesome of the form realm to be eliminated by cultivation,
['T27n1545_088:0454c14_15', 'T27n1545_088:0454c15_3']	及染污無覆無記識。🔽是憂根緣緣識。	及染污無覆無記識。 是憂根緣緣識。	and the defiled and non-obscured-neutral consciousness.🔽This is the object-perceived condition of the faculty of sorrow.
['T27n1545_088:0454c15_8']	緣緣憂根。	緣緣憂根。	The object-perceived condition of the faculty of sorrow
['T27n1545_088:0454c15_15']	色界修所斷善。	色界修所斷善。	is the wholesome of the form realm to be eliminated by cultivation,
['T27n1545_088:0454c16_4']	及無覆無記識等。	及無覆無記識等。	and the non-obscured-neutral consciousness, etc.🔽Therefore, in this consciousness, all those to be eliminated by cultivation
['T27n1545_088:0454c16_15']	故此識色界修所斷一切。	故此識色界修所斷一切。	in the form realm
['T27n1545_088:0454c17_4']	及遍行隨眠隨增。	及遍行隨眠隨增。	and the universal and particular proclivities increase in it.
['T27n1545_088:0454c17_14', 'T27n1545_088:0454c18_2']	九無色界修所斷善識。🔽是憂根緣緣識。	九無色界修所斷善識。 是憂根緣緣識。	The ninth is the good consciousness of the formless realm that is to be eliminated by cultivation.🔽It is the result of the condition as object of the faculty of sorrow.
['T27n1545_088:0454c18_7']	緣緣憂根。	緣緣憂根。	The faculty of sorrow is the condition as object of the result of the condition as object.
['T27n1545_088:0454c18_14']	色界修所斷善。	色界修所斷善。	The good of the form realm that is to be eliminated by cultivation,
['T27n1545_088:0454c19_3']	及無覆無記識。	及無覆無記識。	and the non-obscured-non-defined consciousness,
['T27n1545_088:0454c19_15']	故此識無色界修所斷一切。	故此識無色界修所斷一切。	therefore this consciousness is all of the formless realm that is to be eliminated by cultivation,
['T27n1545_088:0454c20_4', 'T27n1545_088:0454c20_14']	及遍行隨眠隨增。🔽十苦集道智品無漏識。	及遍行隨眠隨增。 十苦集道智品無漏識。	and the universal proclivities increase in it.🔽The tenth is the pure consciousness of the class of the knowledge of suffering, origination, and the path.
['T27n1545_088:0454c21_2']	是憂根緣緣識。	是憂根緣緣識。	It is the result of the condition as object of the faculty of sorrow.
['T27n1545_088:0454c21_7']	緣緣憂根。	緣緣憂根。	The faculty of sorrow is the condition as object of the result of the condition as object.
['T27n1545_088:0454c21_13']	有漏無漏識。	有漏無漏識。	The defiled and undefiled consciousness,
['T27n1545_088:0454c22_3']	故此識非隨眠隨增。	故此識非隨眠隨增。	therefore this consciousness is not increased by the proclivities.
['T27n1545_088:0454c22_11']	故說憂根緣緣識。	故說憂根緣緣識。	Therefore it is said that the faculty of sorrow is the result of the condition as object of the consciousness.
['T27n1545_088:0454c22_17']	欲界有為緣。	欲界有為緣。	The conditioned of the desire realm,
['T27n1545_088:0454c23_2']	色界三部。	色界三部。	the three categories of the form realm,
['T27n1545_088:0454c23_8']	無色界遍行。	無色界遍行。	and the universal of the formless realm,
['T27n1545_088:0454c24_6']	及修所斷隨眠隨增信等五根緣識。	及修所斷隨眠隨增信等五根緣識。	and the proclivities to be eliminated by cultivation increase in it. The consciousness that has the five faculties such as faith as its object,
['T27n1545_088:0454c24_15']	緣緣識三界四部者。	緣緣識三界四部者。	the result of the condition as object of the consciousness has the four categories of the three realms as its object.
['T27n1545_088:0454c25_6']	信等五根通有漏無漏。	信等五根通有漏無漏。	The five faculties such as faith are both defiled and undefiled.
['T27n1545_088:0454c26_1']	有漏者通三界九地唯修所斷。	有漏者通三界九地唯修所斷。	The defiled ones are common to the three realms and the nine grounds, and are only to be eliminated by cultivation.
['T27n1545_088:0454c26_12']	無漏者通九地法類智品。	無漏者通九地法類智品。	The pure ones are the classes of Dharma knowledge and subsequent knowledge belonging to the nine stages.
['T27n1545_088:0454c26_19']	故此信等五根。	故此信等五根。	Therefore, these five roots of faith, etc.,
['T27n1545_088:0454c27_9']	十六識內十三識所緣。	十六識內十三識所緣。	are the objects of thirteen consciousnesses out of the sixteen consciousnesses.
['T27n1545_088:0454c28_6']	一欲界見苦所斷遍行隨眠相應識。	一欲界見苦所斷遍行隨眠相應識。	The first is the consciousness associated with the omnipresent contaminants to be eliminated by [the path of] seeing suffering in the desire realm.
['T27n1545_088:0454c28_17']	此識欲界見苦所斷一切。	此識欲界見苦所斷一切。	This consciousness has all those to be eliminated by [the path of] seeing suffering in the desire realm,
['T27n1545_088:0454c29_10']	及見集所斷遍行隨眠隨增。	及見集所斷遍行隨眠隨增。	and the omnipresent contaminants to be eliminated by [the path of] seeing accumulation increase along with it.
['T27n1545_088:0455a01_7']	二欲界見集所斷遍行隨眠相應識。	二欲界見集所斷遍行隨眠相應識。	The second is the consciousness associated with the omnipresent contaminants to be eliminated by [the path of] seeing accumulation in the desire realm.
['T27n1545_088:0455a01_18']	此識欲界見集所斷一切。	此識欲界見集所斷一切。	This consciousness has all those to be eliminated by [the path of] seeing accumulation in the desire realm,
['T27n1545_088:0455a02_11']	及見苦所斷遍行隨眠隨增。	及見苦所斷遍行隨眠隨增。	and the omnipresent contaminants to be eliminated by [the path of] seeing suffering increase along with it.
['T27n1545_088:0455a03_9']	三欲界見道所斷無漏緣隨眠相應識。	三欲界見道所斷無漏緣隨眠相應識。	The third is the consciousness associated with the contaminants with impure objects to be eliminated by [the path of] seeing the truth of the path in the desire realm.
['T27n1545_088:0455a04_2']	此識欲界見道所斷一切。	此識欲界見道所斷一切。	This consciousness has all those to be eliminated by [the path of] seeing the truth of the path in the desire realm,
['T27n1545_088:0455a04_10', 'T27n1545_088:0455a04_18']	及遍行隨眠隨增。🔽四欲界修所斷善。	及遍行隨眠隨增。 四欲界修所斷善。	and the omnipresent contaminants increase along with it.🔽The fourth is the wholesome and defiled non-obscured-neutral consciousness in the desire realm.
['T27n1545_088:0455a05_16']	及染污無覆無記識此識欲界修所斷一切。	及染污無覆無記識此識欲界修所斷一切。	This consciousness has all those to be eliminated by [the path of] cultivation in the desire realm,
['T27n1545_088:0455a06_6']	及遍行隨眠隨增。	及遍行隨眠隨增。	and the omnipresent contaminants increase along with it.
['T27n1545_088:0455a06_13']	如欲界四部識。	如欲界四部識。	As for the consciousnesses of the four categories in the desire realm,
['T27n1545_088:0455a07_5']	色無色界各四部識亦爾。	色無色界各四部識亦爾。	The same is true for the four types of consciousness in the form and formless realms.
['T27n1545_088:0455a07_11']	合為十二識。	合為十二識。	Together they are the twelve consciousnesses.
['T27n1545_088:0455a07_17']	十三無漏識。	十三無漏識。	The thirteenth is the pure consciousness.
['T27n1545_088:0455a08_6']	謂苦集道法類智品。	謂苦集道法類智品。	This refers to the categories of Dharma knowledge and subsequent knowledge of suffering, origination, and the path.
['T27n1545_088:0455a08_14']	此識非隨眠隨增。	此識非隨眠隨增。	This consciousness is not increased by the latent afflictions.
['T27n1545_088:0455a09_4']	故說信等五根緣識。	故說信等五根緣識。	Therefore it is said that the five roots such as faith take as their object the consciousness.
['T27n1545_088:0455a09_13']	三界四部隨眠隨增。	三界四部隨眠隨增。	The latent afflictions of the four categories in the three realms increase.
['T27n1545_088:0455a10_11']	信等五根緣識十六識內亦十三識所緣。	信等五根緣識十六識內亦十三識所緣。	The five roots such as faith take as their object the sixteen consciousnesses, and are also the objects of the thirteen consciousnesses.
['T27n1545_088:0455a11_8']	一欲界見苦所斷一切隨眠相應識。	一欲界見苦所斷一切隨眠相應識。	First, the consciousness associated with all the latent afflictions abandoned by seeing suffering in the desire realm.
['T27n1545_088:0455a11_17']	是信等五根緣緣識。	是信等五根緣緣識。	This is the consciousness that is the object of the five roots such as faith.
['T27n1545_088:0455a12_9']	緣緣信等五根自部他部。	緣緣信等五根自部他部。	The five roots such as faith take as their objects their own and other categories.
['T27n1545_088:0455a13_1']	隨其所應有漏識故。	隨其所應有漏識故。	As appropriate, because they are defiled consciousnesses.
['T27n1545_088:0455a13_12']	此識欲界見苦所斷一切。	此識欲界見苦所斷一切。	This consciousness is increased by all those abandoned by seeing suffering in the desire realm,
['T27n1545_088:0455a15_1']	及見集所斷遍行隨眠隨增二欲界見集所斷一切隨眠相應識。	及見集所斷遍行隨眠隨增二欲界見集所斷一切隨眠相應識。	and by the universal latent afflictions abandoned by seeing origination. The second is the consciousness associated with all the latent afflictions abandoned by seeing origination in the desire realm.
['T27n1545_088:0455a15_10']	是信等五根緣緣識。	是信等五根緣緣識。	This is the consciousness that is the object of the five roots such as faith.
['T27n1545_088:0455a16_3']	緣緣信等五根自部他部。	緣緣信等五根自部他部。	The five roots such as faith take as their objects their own and other categories.
['T27n1545_088:0455a16_12', 'T27n1545_088:0455a17_5']	隨其所應有漏識故。🔽此識欲界見集所斷一切。	隨其所應有漏識故。 此識欲界見集所斷一切。	Because there is contaminated consciousness corresponding to each [realm].
['T27n1545_088:0455a17_17']	及見苦所斷遍行隨眠隨增。	及見苦所斷遍行隨眠隨增。	This consciousness is increased by all the pervasive and universal contaminants abandoned by insight into the truths of suffering and of the origin in the realm of desire.
['T27n1545_088:0455a18_13']	三欲界見道所斷一切隨眠相應識。	三欲界見道所斷一切隨眠相應識。	The third is the consciousness associated with all the contaminants abandoned by insight into the truths in the realm of desire.
['T27n1545_088:0455a19_4']	是信等五根緣緣識。	是信等五根緣緣識。	It is the object-perceived-condition of the five roots such as faith.
['T27n1545_088:0455a20_3']	緣緣信等五根自部無漏緣隨眠相應識。	緣緣信等五根自部無漏緣隨眠相應識。	The object-perceived-condition of the five roots such as faith is the consciousness associated with the contaminants that have their own realm as object, i.e., the uncontaminated object of the realm of desire.
['T27n1545_088:0455a20_14']	及苦集道法智品相應識。	及苦集道法智品相應識。	And it is the consciousness associated with the class of the cognition of the truth of the path and the cognition of the truth of suffering and of the truth of the origin.
['T27n1545_088:0455a21_7']	故此識欲界見道所斷一切。	故此識欲界見道所斷一切。	Therefore this consciousness is increased by all the contaminants abandoned by insight into the truths in the realm of desire.
['T27n1545_088:0455a21_15', 'T27n1545_088:0455a22_4']	及遍行隨眠隨增。🔽四欲界修所斷善。	及遍行隨眠隨增。 四欲界修所斷善。	And by the pervasive contaminants.
['T27n1545_088:0455a22_13']	及染污無覆無記識。	及染污無覆無記識。	The fourth is the wholesome and defiled and non-defiled-non-fixed consciousness of the realm of desire.
['T27n1545_088:0455a23_3']	是信等五根緣緣識。	是信等五根緣緣識。	It is the object-perceived-condition of the five roots such as faith.
['T27n1545_088:0455a23_17']	緣緣信等五根欲界修所斷識等。	緣緣信等五根欲界修所斷識等。	The object-perceived-condition of the five roots such as faith is the consciousness of the realm of desire abandoned by cultivation, etc.
['T27n1545_088:0455a24_10']	故此識欲界修所斷一切。	故此識欲界修所斷一切。	Therefore this consciousness is increased by all the contaminants abandoned by cultivation in the realm of desire.
['T27n1545_088:0455a24_18', 'T27n1545_088:0455a25_6']	及遍行隨眠隨增。🔽如欲界四部識。	及遍行隨眠隨增。 如欲界四部識。	And by the pervasive contaminants.🔽Just as there are four kinds of consciousness in the realm of desire,
['T27n1545_088:0455a25_17']	色無色界各四部識亦爾。	色無色界各四部識亦爾。	so too are there four kinds of consciousness in the realms of form and of formlessness.
['T27n1545_088:0455a26_4']	合為十二識。	合為十二識。	Together they form twelve consciousnesses.
['T27n1545_088:0455a26_15']	十三苦集道智品無漏識。	十三苦集道智品無漏識。	The thirteen are the pure consciousnesses of the categories of suffering, origination, and path.
['T27n1545_088:0455a27_5']	是信等五根緣緣識。	是信等五根緣緣識。	These are the objects of the five roots such as faith.
['T27n1545_088:0455a27_17']	緣緣信等五根有漏無漏識。	緣緣信等五根有漏無漏識。	The five roots such as faith have both contaminated and uncontaminated consciousnesses as their objects.
['T27n1545_088:0455a28_8']	故此識非隨眠隨增。	故此識非隨眠隨增。	Therefore, these consciousnesses are not increased by the latent afflictions.
['T27n1545_088:0455a28_18']	故說信等五根緣緣識。	故說信等五根緣緣識。	Therefore, it is said that the five roots such as faith have consciousness as their object.
['T27n1545_088:0455a29_8']	三界四部隨眠隨增。	三界四部隨眠隨增。	The latent afflictions of the three realms and the four categories increase.
['T27n1545_088:0455b01_10', 'T27n1545_088:0455b01_17']	三無漏根緣識三界二部。🔽及遍行緣緣識。	三無漏根緣識三界二部。 及遍行緣緣識。	The three pure roots have consciousness as their object in the three realms and the two categories.
['T27n1545_088:0455b02_4']	三界四部者。	三界四部者。	And have consciousness as their object in the three realms and the four categories.
['T27n1545_088:0455b02_18']	三無漏根通苦集滅道法類智品。	三無漏根通苦集滅道法類智品。	The three pure roots are common to the categories of the knowledge of suffering, origination, cessation, and path, and the knowledge of dharmas and inferential knowledge.
['T27n1545_088:0455b03_8']	十六識內七識所緣。	十六識內七識所緣。	Within the sixteen consciousnesses, they are the objects of seven consciousnesses.
['T27n1545_088:0455b04_6']	一欲界見道所斷無漏緣隨眠相應識。	一欲界見道所斷無漏緣隨眠相應識。	The first is the consciousness associated with the latent afflictions with pure objects to be eliminated by the path of seeing in the desire realm.
['T27n1545_088:0455b04_17']	此識欲界見道所斷一切。	此識欲界見道所斷一切。	This consciousness has all those to be eliminated by the path of seeing in the desire realm,
['T27n1545_088:0455b05_6']	及遍行隨眠隨增。	及遍行隨眠隨增。	And the latent afflictions of universal permeation increase.
['T27n1545_088:0455b05_15']	二欲界修所斷善識。	二欲界修所斷善識。	The second is the wholesome consciousness to be eliminated by cultivation in the desire realm.
['T27n1545_088:0455b06_6']	此識欲界修所斷一切。	此識欲界修所斷一切。	This consciousness has all those to be eliminated by cultivation in the desire realm,
['T27n1545_088:0455b06_14']	及遍行隨眠隨增。	及遍行隨眠隨增。	And the latent afflictions of universal permeation increase.
['T27n1545_088:0455b07_2']	如欲界二部識。	如欲界二部識。	Like the two types of consciousness in the desire realm.
['T27n1545_088:0455b07_13']	色無色界各二部識亦爾。	色無色界各二部識亦爾。	The two types of consciousness in the form and formless realms are also like this.
['T27n1545_088:0455b07_18']	合為六識。	合為六識。	Together they are the six consciousnesses.
['T27n1545_088:0455b08_3']	七無漏識。	七無漏識。	The seven pure consciousnesses.
['T27n1545_088:0455b08_10']	謂道法類智品。	謂道法類智品。	That is, the class of path, dharma, and subsequent cognition.
['T27n1545_088:0455b08_18']	此識非隨眠隨增。	此識非隨眠隨增。	This consciousness is not increased by the latent afflictions.
['T27n1545_088:0455b09_7']	故說三無漏根緣識。	故說三無漏根緣識。	Therefore, it is said that the three pure faculties take consciousness as their object.
['T27n1545_088:0455b10_1']	三界二部及遍行隨眠隨增。	三界二部及遍行隨眠隨增。	The two types of afflictions in the three realms and the universal afflictions increase.
['T27n1545_088:0455b10_8']	三無漏根緣識。	三無漏根緣識。	The three pure faculties take consciousness as their object.
['T27n1545_088:0455b10_18']	十六識內十三識所緣。	十六識內十三識所緣。	Among the sixteen consciousnesses, they are the objects of thirteen consciousnesses.
['T27n1545_088:0455b11_13']	一欲界見苦所斷遍行隨眠相應識。	一欲界見苦所斷遍行隨眠相應識。	The first is the consciousness associated with the universal afflictions abandoned by seeing suffering in the desire realm.
['T27n1545_088:0455b12_4']	是三無漏根緣緣識。	是三無漏根緣緣識。	This is the consciousness that takes the three pure faculties as its object.
['T27n1545_088:0455b13_9']	緣緣三無漏根欲界見道所斷無漏緣隨眠相應識等。	緣緣三無漏根欲界見道所斷無漏緣隨眠相應識等。	It takes the consciousness associated with the pure afflictions abandoned by seeing the path in the desire realm as its object.
['T27n1545_088:0455b14_3']	故此識欲界見苦所斷一切。	故此識欲界見苦所斷一切。	Therefore, this consciousness increases all that is abandoned by seeing suffering in the desire realm.
['T27n1545_088:0455b14_15']	及見集所斷遍行隨眠隨增。	及見集所斷遍行隨眠隨增。	And the universal afflictions abandoned by seeing the accumulation.
['T27n1545_088:0455b15_11']	二欲界見集所斷遍行隨眠相應識。	二欲界見集所斷遍行隨眠相應識。	The second is the consciousness associated with the universal afflictions abandoned by seeing the accumulation in the desire realm.
['T27n1545_088:0455b16_2']	是三無漏根緣緣識。	是三無漏根緣緣識。	This is the consciousness that takes the three pure faculties as its object.
['T27n1545_088:0455b16_15']	緣緣三無漏根欲界見道所斷。	緣緣三無漏根欲界見道所斷。	The dominant condition is the three uncontaminated faculties, and the objects of abandonment by seeing the path in the desire realm.
['T27n1545_088:0455b17_7']	無漏緣隨眠相應識等。	無漏緣隨眠相應識等。	The three pure roots are the objects of the consciousness associated with the contaminants with pure objects abandoned by the path of seeing in the desire realm.
['T27n1545_088:0455b18_1']	故此識欲界見集所斷一切。	故此識欲界見集所斷一切。	Therefore, this consciousness increases all contaminants abandoned by seeing the truth of origin in the desire realm.
['T27n1545_088:0455b18_13']	及見苦所斷遍行隨眠隨增。	及見苦所斷遍行隨眠隨增。	And the universal contaminants abandoned by seeing the truth of suffering.
['T27n1545_088:0455b19_9']	三欲界見道所斷一切隨眠相應識。	三欲界見道所斷一切隨眠相應識。	The consciousness associated with all contaminants abandoned by seeing the truth of the path in the desire realm.
['T27n1545_088:0455b19_18']	是三無漏根緣緣識。	是三無漏根緣緣識。	Is the object of the three pure roots.
['T27n1545_088:0455b21_3']	緣緣三無漏根欲界見道所斷無漏緣隨眠相應識。	緣緣三無漏根欲界見道所斷無漏緣隨眠相應識。	The three pure roots are the objects of the consciousness associated with the contaminants with pure objects abandoned by the path of seeing in the desire realm.
['T27n1545_088:0455b21_12']	及道法智品相應識。	及道法智品相應識。	And the consciousness associated with the class of the knowledge of the path and the knowledge of the law of cessation.
['T27n1545_088:0455b22_5']	故此識欲界見道所斷一切。	故此識欲界見道所斷一切。	Therefore, this consciousness increases all contaminants abandoned by seeing the truth of the path in the desire realm.
['T27n1545_088:0455b22_13', 'T27n1545_088:0455b23_2']	及遍行隨眠隨增。🔽四欲界修所斷善。	及遍行隨眠隨增。 四欲界修所斷善。	And the universal contaminants.
['T27n1545_088:0455b23_11']	及染污無覆無記識。	及染污無覆無記識。	Fourth, the wholesome and defiled non-obscured-neutral consciousness in the desire realm.
['T27n1545_088:0455b24_1']	是三無漏根緣緣識。	是三無漏根緣緣識。	Is the object of the three pure roots.
['T27n1545_088:0455b24_16']	緣緣三無漏根欲界修所斷善識等。	緣緣三無漏根欲界修所斷善識等。	The three pure roots are the objects of the wholesome consciousness, etc. abandoned by cultivation in the desire realm.
['T27n1545_088:0455b25_9']	故此識欲界修所斷一切。	故此識欲界修所斷一切。	Therefore, this consciousness increases all contaminants abandoned by cultivation in the desire realm.
['T27n1545_088:0455b25_17']	及遍行隨眠隨增。	及遍行隨眠隨增。	And the universal contaminants.
['T27n1545_088:0455b26_5']	如欲界四部識。	如欲界四部識。	Just as the four types of consciousness in the desire realm,
['T27n1545_088:0455b26_16']	色無色界各四部識亦爾。	色無色界各四部識亦爾。	the four types of consciousness in the form and formless realms are also like this.
['T27n1545_088:0455b27_3']	合為十二識。	合為十二識。	Together they are the twelve types of consciousness.
['T27n1545_088:0455b27_14']	十三苦集道智品無漏識。	十三苦集道智品無漏識。	The thirteen types of consciousness that are pure such as the knowledge of suffering, accumulation, and the path,
['T27n1545_088:0455b28_4']	是三無漏根緣緣識。	是三無漏根緣緣識。	are the objects of the three pure faculties.
['T27n1545_088:0455b28_16']	緣緣三無漏根有漏無漏識。	緣緣三無漏根有漏無漏識。	The objects of the three pure faculties are the defiled and undefiled consciousnesses.
['T27n1545_088:0455b29_6', 'T27n1545_088:0455b29_16']	故此識非隨眠隨增。🔽故說三無漏根緣緣識。	故此識非隨眠隨增。 故說三無漏根緣緣識。	Therefore, these consciousnesses are not increased by the latent afflictions.
['T27n1545_088:0455c01_6']	三界四部隨眠隨增。	三界四部隨眠隨增。	Therefore, it is said that the objects of the three pure faculties are the consciousnesses that are increased by the latent afflictions of the four types in the three realms.
['T27n1545_088:0455c01_18']	眼耳鼻舌身色聲觸界緣識。	眼耳鼻舌身色聲觸界緣識。	The consciousnesses that are the objects of the eye, ear, nose, tongue, and body, form, sound, and touch sense bases,
['T27n1545_088:0455c02_5']	欲色界三部。	欲色界三部。	belong to the three types in the desire and form realms,
['T27n1545_088:0455c02_11']	無色界遍行。	無色界遍行。	the universal [afflictions] in the formless realm,
['T27n1545_088:0455c02_19']	及修所斷緣緣識。	及修所斷緣緣識。	and the consciousnesses that are the objects of the objects of the objects of the four types in the three realms.
['T27n1545_088:0455c03_16', 'T27n1545_088:0455c04_10']	三界四部眼耳鼻舌身色聲觸處色取蘊。🔽前五界有見有對法亦爾者。	三界四部眼耳鼻舌身色聲觸處色取蘊。 前五界有見有對法亦爾者。	The eye, ear, nose, tongue, body sense bases, form, sound, touch sense fields, and the form aggregate that is grasped,🔽are like this.
['T27n1545_088:0455c05_4']	如是諸法皆通欲色界五地。	如是諸法皆通欲色界五地。	These dharmas all belong to the five stages of the desire and form realms,
['T27n1545_088:0455c05_10']	唯修所斷故。	唯修所斷故。	because they are only eliminated by cultivation.
['T27n1545_088:0455c06_1']	如眼根等應知其相。	如眼根等應知其相。	Like the eye faculty and so forth, one should understand their characteristics.
['T27n1545_088:0455c06_14']	香味鼻舌識界緣識欲界三部。	香味鼻舌識界緣識欲界三部。	The nose and tongue consciousness realms that take smell and taste as objects are the four parts of the desire realm.
['T27n1545_088:0455c06_19', 'T27n1545_088:0455c07_7']	色界遍行。🔽及修所斷緣緣識。	色界遍行。 及修所斷緣緣識。	The universal [dharmas] of the form realm.
['T27n1545_088:0455c07_12']	欲界四部。	欲界四部。	The objects of the four parts of the desire realm.
['T27n1545_088:0455c07_17']	色界三部。	色界三部。	The three parts of the form realm.
['T27n1545_088:0455c08_3']	無色界遍行。	無色界遍行。	The universal [dharmas] of the formless realm.
['T27n1545_088:0455c08_8']	及修所斷。	及修所斷。	And the objects of cultivation and elimination.
['T27n1545_088:0455c08_15']	香味處亦爾者。	香味處亦爾者。	The same is true for the smell and taste realms.
['T27n1545_088:0455c09_8']	如是諸法皆唯欲界修所斷故。	如是諸法皆唯欲界修所斷故。	These dharmas are all only eliminated by cultivation in the desire realm.
['T27n1545_088:0455c09_17']	如女根等應知其相。	如女根等應知其相。	Like the female faculty and so forth, their characteristics should be understood.
['T27n1545_088:0455c10_5']	眼耳身識界。	眼耳身識界。	The eye, ear, and body consciousness realms.
['T27n1545_088:0455c10_13']	緣識欲色界三部。	緣識欲色界三部。	The objects of the three parts of the desire and form realms.
['T27n1545_088:0455c11_3']	緣緣識欲色界四部。	緣緣識欲色界四部。	The objects of the four parts of the desire and form realms.
['T27n1545_088:0455c11_9']	無色界二部。	無色界二部。	The two parts of the formless realm.
['T27n1545_088:0455c11_14']	及遍行者。	及遍行者。	And the universal [dharmas].
['T27n1545_088:0455c12_7']	如是諸法通欲界及初靜慮。	如是諸法通欲界及初靜慮。	These dharmas are common to the desire realm and the first dhyāna.
['T27n1545_088:0455c12_12']	唯修所斷。	唯修所斷。	They are only eliminated by cultivation.
['T27n1545_088:0455c13_2']	十六識內七識所緣。	十六識內七識所緣。	Among the sixteen consciousnesses, they are the objects of seven consciousnesses.
['T27n1545_088:0455c13_17']	一欲界見苦所斷遍行隨眠相應識。	一欲界見苦所斷遍行隨眠相應識。	The first is the consciousness associated with the universal latent tendencies eliminated by seeing suffering in the desire realm.
['T27n1545_088:0455c14_13']	二欲界見集所斷遍行隨眠相應識。	二欲界見集所斷遍行隨眠相應識。	The second is the consciousness associated with the universal latent tendencies eliminated by seeing the accumulation in the desire realm.
['T27n1545_088:0455c15_3']	三欲界修所斷善。	三欲界修所斷善。	The third is the wholesome eliminated by cultivation in the desire realm.
['T27n1545_088:0455c15_12']	及染污無覆無記識。	及染污無覆無記識。	and defiled and non-obscuring-non-defined consciousness.
['T27n1545_088:0455c15_19']	如欲界三部識。	如欲界三部識。	Like the three classes of consciousness in the desire realm.
['T27n1545_088:0455c16_7']	色界三部識亦爾。	色界三部識亦爾。	The three classes of consciousness in the form realm are also like this.
['T27n1545_088:0455c16_12']	合為六識。	合為六識。	Combined, they are the six consciousnesses.
['T27n1545_088:0455c16_17']	七無漏識。	七無漏識。	The seven pure consciousnesses.
['T27n1545_088:0455c17_13']	謂苦集法類智品故眼耳身識界緣識。	謂苦集法類智品故眼耳身識界緣識。	That is to say, the classes of the knowledge of suffering, the knowledge of accumulation, the knowledge of the Dharma, and the knowledge of the categories. Therefore, the eye, ear, and body consciousnesses are the objects of consciousness.
['T27n1545_088:0455c18_5']	欲色界三部隨眠隨增。	欲色界三部隨眠隨增。	The latent tendencies of the three classes in the desire realm and form realm increase.
['T27n1545_088:0455c18_10']	如是緣識。	如是緣識。	This is the consciousness that takes them as objects.
['T27n1545_088:0455c19_1']	十六識內十一識所緣。	十六識內十一識所緣。	Among the sixteen consciousnesses, it is the object of eleven consciousnesses.
['T27n1545_088:0455c19_13', 'T27n1545_088:0455c20_3']	一欲界見苦所斷一切隨眠。🔽相應識二欲界見集。	一欲界見苦所斷一切隨眠。 相應識二欲界見集。	First, all the latent tendencies abandoned by seeing suffering in the desire realm.🔽The consciousness associated with them. Second, all the latent tendencies abandoned by seeing the accumulation in the desire realm.
['T27n1545_088:0455c20_13']	所斷一切隨眠相應識。	所斷一切隨眠相應識。	The consciousness associated with them.
['T27n1545_088:0455c21_10', 'T27n1545_088:0455c21_18']	三欲界見道所斷無漏緣隨眠相應識。🔽四欲界修所斷善。	三欲界見道所斷無漏緣隨眠相應識。 四欲界修所斷善。	Third, the consciousness associated with the latent tendencies with pure objects abandoned by seeing the path in the desire realm.
['T27n1545_088:0455c22_8']	及染污無覆無記識。	及染污無覆無記識。	Fourth, the wholesome and defiled and non-obscuring-non-defined consciousnesses abandoned by cultivation in the desire realm.
['T27n1545_088:0455c22_15']	如欲界四部識。	如欲界四部識。	Like the four classes of consciousness in the desire realm.
['T27n1545_088:0455c23_4']	色界四部識亦爾。	色界四部識亦爾。	The four classes of consciousness in the form realm are also like this.
['T27n1545_088:0455c23_9']	合為八識。	合為八識。	Combined, they are the eight consciousnesses.
['T27n1545_088:0455c24_7']	九無色界見道所斷無漏緣隨眠相應識。	九無色界見道所斷無漏緣隨眠相應識。	Ninth, the consciousness associated with the latent tendencies with pure objects abandoned by seeing the path in the formless realm.
['T27n1545_088:0455c24_17']	十無色界修所斷善識。	十無色界修所斷善識。	The tenth is the wholesome consciousness of the formless realm that is to be eliminated by cultivation.
['T27n1545_088:0455c25_12', 'T27n1545_088:0455c26_3']	十一苦集道法類智品無漏識故。🔽眼耳身識界緣緣識。	十一苦集道法類智品無漏識故。 眼耳身識界緣緣識。	The eleventh is the pure consciousness of the category of the knowledge of suffering, origination, and the path.
['T27n1545_088:0455c26_9']	欲色界四部。	欲色界四部。	The eye, ear, and body consciousness elements are the immediately antecedent and similar condition for the four categories in the desire and form realms.
['T27n1545_088:0455c26_15']	無色界二部。	無色界二部。	They are the immediately antecedent and similar condition for the two categories in the formless realm.
['T27n1545_088:0455c27_3']	及遍行隨眠隨增。	及遍行隨眠隨增。	The universal and specific latent afflictions increase in them.
['T27n1545_088:0455c27_16']	意界意識界緣識緣緣識有為。	意界意識界緣識緣緣識有為。	The mind element and the mental consciousness element are the similar and immediately antecedent condition for the conditioned.
['T27n1545_088:0455c28_17']	緣意處後四蘊有為法過去未來現在法亦爾者。	緣意處後四蘊有為法過去未來現在法亦爾者。	The mental faculty, the four aggregates, and the conditioned dharmas of the past, future, and present are also like this.
['T27n1545_088:0455c29_10']	如是諸法皆通三界九地。	如是諸法皆通三界九地。	These dharmas all pervade the three realms and the nine grounds.
['T27n1545_088:0456a01_4']	五部有漏及無漏法類智品。	五部有漏及無漏法類智品。	The five categories of contaminated and uncontaminated dharmas, the category of the knowledge of dharmas and the knowledge of species,
['T27n1545_088:0456a01_13']	如意根等應知其相。	如意根等應知其相。	and the faculties such as the mind faculty should be understood in the same way.
['T27n1545_088:0456a02_4', 'T27n1545_088:0456a02_13']	法界緣識三界一切。🔽緣緣識有為緣法處。	法界緣識三界一切。 緣緣識有為緣法處。	The dharma element is the similar and immediately antecedent condition for all in the three realms.🔽The similar and immediately antecedent condition for the conditioned dharmas of the dharma element and the mental faculty is the four aggregates.
['T27n1545_088:0456a03_6']	無色無見無對善法亦爾者。	無色無見無對善法亦爾者。	The unconditioned dharmas are also like this.
['T27n1545_088:0456a03_11']	此諸法中。	此諸法中。	Among these dharmas,
['T27n1545_088:0456a04_3']	除善餘法皆通三界九地。	除善餘法皆通三界九地。	except for the wholesome ones, the remaining dharmas pervade the three realms and the nine grounds.
['T27n1545_088:0456a05_2']	五部有漏及無漏法類智品并三無為故。	五部有漏及無漏法類智品并三無為故。	The five categories of contaminated and uncontaminated dharmas, the category of the knowledge of dharmas and the knowledge of species, and the three unconditioned dharmas are also like this.
['T27n1545_088:0456a05_8']	十六識所緣。	十六識所緣。	The sixteen consciousnesses are the objects of this.
['T27n1545_088:0456a05_19']	此諸緣識亦十六識所緣。	此諸緣識亦十六識所緣。	These consciousnesses that take this as their object are also the objects of the sixteen consciousnesses.
['T27n1545_088:0456a06_4']	唯除無為。	唯除無為。	Only excluding the unconditioned.
['T27n1545_088:0456a06_14']	緣識善法通有漏無漏。	緣識善法通有漏無漏。	The good dharmas that are the objects of this consciousness are both contaminated and uncontaminated.
['T27n1545_088:0456a06_18']	有漏者。	有漏者。	The contaminated ones
['T27n1545_088:0456a07_5']	通三界九地。	通三界九地。	pervade the three realms and nine grounds.
['T27n1545_088:0456a07_10']	唯修所斷。	唯修所斷。	They are only eliminated by cultivation.
['T27n1545_088:0456a07_14']	無漏者。	無漏者。	The uncontaminated ones
['T27n1545_088:0456a08_5']	通法類智品并擇滅故。	通法類智品并擇滅故。	pervade the categories of knowledge of dharmas and subsequent knowledge, as well as cessation obtained through deliberation.
['T27n1545_088:0456a08_15']	此善法亦十六識所緣。	此善法亦十六識所緣。	These good dharmas are also the objects of the sixteen consciousnesses.
['T27n1545_088:0456a09_4']	然見苦集所斷中。	然見苦集所斷中。	However, among those eliminated by seeing suffering and its cause,
['T27n1545_088:0456a09_14']	唯取遍行隨眠相應識。	唯取遍行隨眠相應識。	only the consciousnesses associated with the pervasive latent afflictions are taken.
['T27n1545_088:0456a10_2']	見滅道所斷中。	見滅道所斷中。	Among those eliminated by seeing cessation and the path,
['T27n1545_088:0456a10_13']	唯取無漏緣隨眠相應識。	唯取無漏緣隨眠相應識。	only the consciousnesses associated with the latent afflictions that take the uncontaminated as their object are taken.
['T27n1545_088:0456a11_6']	此善法緣識亦十六識所緣。	此善法緣識亦十六識所緣。	The consciousnesses that take these good dharmas as their objects are also the objects of the sixteen consciousnesses.
['T27n1545_088:0456a11_13']	唯除無為緣識。	唯除無為緣識。	Only excluding the consciousnesses that take the unconditioned as their objects.
['T27n1545_088:0456a12_9']	故此諸法緣識三界一切隨眠隨增。	故此諸法緣識三界一切隨眠隨增。	Therefore, the latent afflictions of the three realms increase in dependence on these dharmas as their objects.
['T27n1545_088:0456a13_2']	緣緣識有為緣隨眠隨增。	緣緣識有為緣隨眠隨增。	The latent afflictions that take the conditioned as their objects increase in dependence on the consciousnesses that take these as their objects.
['T27n1545_088:0456a13_12']	色蘊緣識欲色界四部。	色蘊緣識欲色界四部。	The consciousnesses that take the form aggregate as their objects are of four categories in the desire realm and form realm,
['T27n1545_088:0456a13_18']	無色界二部。	無色界二部。	of two categories in the formless realm,
['T27n1545_088:0456a14_5']	及遍行緣緣識。	及遍行緣緣識。	and of the pervasive ones in the consciousnesses that take the objects of these as their objects.
['T27n1545_088:0456a14_16']	三界四部有色法亦爾者。	三界四部有色法亦爾者。	The same is true for the four categories of form dharmas in the three realms.
['T27n1545_088:0456a15_10']	色蘊及有色法俱通有漏無漏。	色蘊及有色法俱通有漏無漏。	The form aggregate and form dharmas are both contaminated and uncontaminated.
['T27n1545_088:0456a15_14']	有漏者。	有漏者。	The contaminated ones
['T27n1545_088:0456a16_2']	通欲色界五地。	通欲色界五地。	pervade the five stages of the desire and form realms.
['T27n1545_088:0456a16_7']	唯修所斷。	唯修所斷。	They are only eliminated by cultivation.
['T27n1545_088:0456a16_11']	無漏者。	無漏者。	The uncontaminated ones
['T27n1545_088:0456a17_1']	通六地法類智品故。	通六地法類智品故。	pervade the six stages because they are the classes of dharma knowledge and subsequent knowledge.
['T27n1545_088:0456a17_11', 'T27n1545_088:0456a18_7']	十六識內十一識所緣。🔽一欲界見苦所斷遍行隨眠相應識。	十六識內十一識所緣。 一欲界見苦所斷遍行隨眠相應識。	They are the objects of eleven consciousnesses out of the sixteen consciousnesses.🔽The first is the consciousness associated with the pervasive latent afflictions eliminated by seeing suffering in the desire realm.
['T27n1545_088:0456a19_4']	二欲界見集所斷遍行隨眠相應識。	二欲界見集所斷遍行隨眠相應識。	The second is the consciousness associated with the pervasive latent afflictions eliminated by seeing the accumulation in the desire realm.
['T27n1545_088:0456a20_2', 'T27n1545_088:0456a20_10']	三欲界見道所斷無漏緣隨眠相應識。🔽四欲界修所斷善。	三欲界見道所斷無漏緣隨眠相應識。 四欲界修所斷善。	The third is the consciousness associated with the latent afflictions with uncontaminated objects eliminated by seeing the path in the desire realm.
['T27n1545_088:0456a20_19']	及染污無覆無記識。	及染污無覆無記識。	The fourth is the wholesome, defiled, and non-obscured indeterminate consciousness eliminated by cultivation in the desire realm.
['T27n1545_088:0456a21_6']	如欲界四部識。	如欲界四部識。	Just as there are four types of consciousness in the desire realm,
['T27n1545_088:0456a21_14']	色界四部識亦爾。	色界四部識亦爾。	the four types of consciousness in the form realm are also like this.
['T27n1545_088:0456a22_1']	合為八識。	合為八識。	Together they form eight consciousnesses.
['T27n1545_088:0456a22_18']	九無色界見道所斷無漏緣隨眠相應識。	九無色界見道所斷無漏緣隨眠相應識。	The ninth is the consciousness associated with the latent afflictions with uncontaminated objects eliminated by seeing the path in the formless realm.
['T27n1545_088:0456a23_9']	十無色界修所斷善識。	十無色界修所斷善識。	The tenth is the wholesome consciousness eliminated by cultivation in the formless realm.
['T27n1545_088:0456a23_15']	十一無漏識。	十一無漏識。	The eleventh is the uncontaminated consciousness.
['T27n1545_088:0456a24_5']	謂苦集道法類智品。	謂苦集道法類智品。	Namely, the categories of Dharma knowledge and subsequent knowledge regarding suffering, origination, and the path.
['T27n1545_088:0456a24_17']	故色蘊等緣識欲色界四部。	故色蘊等緣識欲色界四部。	Therefore, the consciousness that takes the aggregate of form, etc. as its object increases the four categories in the desire and form realms.
['T27n1545_088:0456a25_4']	無色界二部。	無色界二部。	It increases the two categories in the formless realm.
['T27n1545_088:0456a25_12']	及遍行隨眠隨增。	及遍行隨眠隨增。	It increases the universal proclivities.
['T27n1545_088:0456a26_9']	此色蘊等緣識十六識內十三識所緣。	此色蘊等緣識十六識內十三識所緣。	The consciousness that takes the aggregate of form, etc. as its object is the object of thirteen consciousnesses among the sixteen consciousnesses.
['T27n1545_088:0456a26_17']	謂三界各四部識。	謂三界各四部識。	Namely, the consciousness of the four categories in the three realms.
['T27n1545_088:0456a27_5']	除見滅所斷識。	除見滅所斷識。	Excluding the consciousness to be eliminated by seeing cessation.
['T27n1545_088:0456a27_16']	然無色界見苦集所斷中。	然無色界見苦集所斷中。	However, in the formless realm, in that to be eliminated by seeing suffering and origination,
['T27n1545_088:0456a28_7']	唯取遍行隨眠相應識。	唯取遍行隨眠相應識。	Only the consciousness associated with the universal proclivities is taken.
['T27n1545_088:0456a28_13']	合為十二識。	合為十二識。	Combined into twelve consciousnesses.
['T27n1545_088:0456a29_5']	十三苦集道智品無漏識。	十三苦集道智品無漏識。	The thirteenth is the pure consciousness of the categories of knowledge of suffering, origination, and the path.
['T27n1545_088:0456b01_3']	故色蘊等緣緣識三界四部隨眠隨增。	故色蘊等緣緣識三界四部隨眠隨增。	Therefore, the object-condition of the aggregate of form, etc. increases the proclivities of the four categories in the three realms.
['T27n1545_088:0456b01_8', 'T27n1545_088:0456b02_6', 'T27n1545_088:0456b02_14', 'T27n1545_088:0456b03_4', 'T27n1545_088:0456b03_15']	後四取蘊。🔽緣識有漏緣緣緣識有為緣識界有漏法。🔽見所斷法亦爾者。🔽此諸法中除見所斷。🔽餘法皆通三界九地五部。	後四取蘊。 緣識有漏緣緣緣識有為緣識界有漏法。 見所斷法亦爾者。 此諸法中除見所斷。 餘法皆通三界九地五部。	The last four appropriated aggregates.
['T27n1545_088:0456b04_5']	唯有漏見所斷法。	唯有漏見所斷法。	The consciousness that takes them as objects is the contaminated object-condition. The consciousness that takes them as objects is the contaminated object-condition. The consciousness that takes them as objects is the contaminated object-condition. The consciousness that takes them as objects is the contaminated object-condition. The consciousness that takes them as objects is the contaminated object-condition. The consciousness that takes them as objects is the contaminated object-condition. The consciousness that takes them as objects is the contaminated object-condition. The consciousness that takes them as objects is the contaminated object-condition. The consciousness that takes them as objects is the contaminated object-condition. The consciousness that takes them as objects is the contaminated object-condition. The consciousness that takes them as objects is the contaminated object-condition. The consciousness that takes them as objects is the contaminated object-condition. The consciousness that takes them as objects is the contaminated object-condition. The consciousness that takes them as objects is the contaminated object-condition. The consciousness that takes them as objects is the contaminated object-condition. The consciousness that takes them as objects is the contaminated object-condition. The consciousness that takes them as objects is the contaminated object-condition. The consciousness that takes them as objects is the contaminated object-condition. The consciousness that takes them as objects is the contaminated object-condition. The consciousness that takes them as objects is the contaminated object-condition. The consciousness that takes them as objects
['T27n1545_088:0456b04_11']	通三界九地。	通三界九地。	They pervade the three realms and nine stages.
['T27n1545_088:0456b04_19']	前四部唯有漏故。	前四部唯有漏故。	Because the first four categories only have outflows.
['T27n1545_088:0456b05_6']	皆十六識所緣。	皆十六識所緣。	They are the objects of the sixteen consciousnesses.
['T27n1545_088:0456b05_18']	然除見滅道所斷無漏緣識。	然除見滅道所斷無漏緣識。	However, they exclude the consciousnesses that take the pure dharmas abandoned by seeing cessation and the path as their objects.
['T27n1545_088:0456b06_10']	此諸緣識亦十六識所緣。	此諸緣識亦十六識所緣。	These consciousnesses that take them as objects are also the objects of the sixteen consciousnesses.
['T27n1545_088:0456b07_3']	然除見滅所斷無為緣識。	然除見滅所斷無為緣識。	However, they exclude the consciousnesses that take the unconditioned dharmas abandoned by seeing cessation as their objects.
['T27n1545_088:0456b08_14']	故此諸法緣識有漏緣隨眠隨增緣緣識有為緣隨眠隨增無漏法緣識。	故此諸法緣識有漏緣隨眠隨增緣緣識有為緣隨眠隨增無漏法緣識。	Therefore, the consciousnesses that take these dharmas as objects are the proclivities of the outflows that increase when their conditions are met. The consciousnesses that take them as objects through conditional relations are the proclivities of the conditioned dharmas that increase when their conditions are met. The consciousnesses that take the pure dharmas as objects
['T27n1545_088:0456b09_7']	三界三部及遍行緣緣識。	三界三部及遍行緣緣識。	are the three categories of the three realms and the universal proclivities. The consciousnesses that take them as objects through conditional relations
['T27n1545_088:0456b09_17']	有為緣無斷法亦爾者。	有為緣無斷法亦爾者。	are the conditioned dharmas that are not eliminated. The same is true of the pure dharmas and the dharmas that are not eliminated.
['T27n1545_088:0456b10_16']	無漏及無斷法謂滅道諦及虛空非擇滅故。	無漏及無斷法謂滅道諦及虛空非擇滅故。	The pure dharmas and the dharmas that are not eliminated refer to the truths of cessation and the path, as well as space and the cessation not due to deliberation.
['T27n1545_088:0456b11_7', 'T27n1545_088:0456b12_5']	十六識內十識所緣。🔽一欲界見滅所斷無為緣隨眠相應識。	十六識內十識所緣。 一欲界見滅所斷無為緣隨眠相應識。	They are the objects of ten of the sixteen consciousnesses.🔽The first is the consciousness associated with the proclivities that take the unconditioned dharmas abandoned by seeing cessation in the desire realm as their objects.
['T27n1545_088:0456b13_3']	二欲界見道所斷無漏緣隨眠相應識。	二欲界見道所斷無漏緣隨眠相應識。	The second is the consciousness associated with the proclivities that take the pure dharmas abandoned by seeing the path in the desire realm as their objects.
['T27n1545_088:0456b13_12']	三欲界修所斷善識。	三欲界修所斷善識。	The third is the wholesome consciousness abandoned by cultivation in the desire realm.
['T27n1545_088:0456b13_19']	如欲界三部識。	如欲界三部識。	Just as there are three categories of consciousness in the desire realm,
['T27n1545_088:0456b14_10']	色無色界各三部識亦爾。	色無色界各三部識亦爾。	The same is true for the three types of consciousness in the form and formless realms.
['T27n1545_088:0456b14_15']	合為九識。	合為九識。	Together they form nine consciousnesses.
['T27n1545_088:0456b15_1']	十無漏識。	十無漏識。	Ten uncontaminated consciousnesses.
['T27n1545_088:0456b15_9']	謂滅道法類智品。	謂滅道法類智品。	Namely, the classes of knowledge of cessation, path, dharmas, and subsequent knowledge.
['T27n1545_088:0456b16_1']	故此二法緣識三界三部。	故此二法緣識三界三部。	Therefore, these two dharmas are the objects of consciousness in the three realms and the three classes.
['T27n1545_088:0456b16_9']	及遍行隨眠隨增。	及遍行隨眠隨增。	The latent afflictions of universal permeation increase accordingly.
['T27n1545_088:0456b17_1']	此二法緣識十六識所緣。	此二法緣識十六識所緣。	These two dharmas are the objects of the sixteen consciousnesses.
['T27n1545_088:0456b17_10']	於中唯除無為緣識。	於中唯除無為緣識。	Among them, only the consciousnesses that take the unconditioned as objects are excluded.
['T27n1545_088:0456b17_18']	故此二法緣緣識。	故此二法緣緣識。	Therefore, these two dharmas are the objects of the consciousnesses that are the conditions for their arising.
['T27n1545_088:0456b18_7', 'T27n1545_088:0456b18_17']	有為緣隨眠隨增。🔽無為法緣識三界二部。	有為緣隨眠隨增。 無為法緣識三界二部。	The latent afflictions that take the conditioned as objects increase accordingly.🔽The objects of the consciousnesses that take the unconditioned dharmas as objects are the two classes in the three realms.
['T27n1545_088:0456b19_13']	及遍行緣緣識有為緣者三無為法。	及遍行緣緣識有為緣者三無為法。	And the objects of the consciousnesses that are the conditions for their arising are the conditioned three unconditioned dharmas.
['T27n1545_088:0456b20_4']	十六識內七識所緣。	十六識內七識所緣。	Among the sixteen consciousnesses, they are the objects of seven consciousnesses.
['T27n1545_088:0456b21_2']	一欲界見滅所斷無為緣隨眠相應識。	一欲界見滅所斷無為緣隨眠相應識。	First, the consciousness in the desire realm that is associated with the latent afflictions that take the unconditioned of the class to be eliminated by the path of seeing as its object.
['T27n1545_088:0456b21_11']	二欲界修所斷善識。	二欲界修所斷善識。	Second, the wholesome consciousness that is eliminated by cultivation in the desire realm.
['T27n1545_088:0456b21_18']	如欲界二部識。	如欲界二部識。	As with the two classes of consciousness in the desire realm,
['T27n1545_088:0456b22_9']	色無色界各二部識亦爾。	色無色界各二部識亦爾。	The same is true for the two classes of consciousness in the form and formless realms.
['T27n1545_088:0456b22_14']	合為六識。	合為六識。	Together they form six consciousnesses.
['T27n1545_088:0456b22_19']	七無漏識。	七無漏識。	Seven uncontaminated consciousnesses.
['T27n1545_088:0456b23_7']	謂滅法類智品故。	謂滅法類智品故。	Namely, the classes of knowledge of cessation, subsequent knowledge, and the class of dharmas.
['T27n1545_088:0456b23_17']	無為法緣識三界二部。	無為法緣識三界二部。	The consciousness that takes unconditioned dharmas as objects is associated with the two parts of the three realms,
['T27n1545_088:0456b24_6']	及遍行隨眠隨增。	及遍行隨眠隨增。	and with the universal contaminants.
['T27n1545_088:0456b24_17']	無為法緣識十六識所緣。	無為法緣識十六識所緣。	The consciousness that takes unconditioned dharmas as objects is the object of sixteen consciousnesses,
['T27n1545_088:0456b25_7']	於中唯除無為緣識。	於中唯除無為緣識。	excluding only the consciousness that takes unconditioned dharmas as objects.
['T27n1545_088:0456b26_4']	故無為法緣緣識有為緣隨眠隨增。	故無為法緣緣識有為緣隨眠隨增。	Therefore, the consciousness that takes unconditioned dharmas as objects and the contaminants that take conditioned dharmas as objects increase.
['T27n1545_088:0456b26_15']	不善法緣識欲界有漏緣。	不善法緣識欲界有漏緣。	The consciousness that takes unwholesome dharmas as objects is the contaminated objects of the desire realm,
['T27n1545_088:0456b27_1', 'T27n1545_088:0456b27_9']	色界遍行。🔽及修所斷緣緣識。	色界遍行。 及修所斷緣緣識。	the universal [contaminants] of the form realm,
['T27n1545_088:0456b27_19']	欲界有為緣色界三部。	欲界有為緣色界三部。	and those eliminated by cultivation. The consciousness that takes them as objects and the objects of the desire realm are the conditioned objects of the form realm.
['T27n1545_088:0456b28_5']	無色界遍行。	無色界遍行。	The universal [contaminants] of the formless realm,
['T27n1545_088:0456b28_10']	及修所斷。	及修所斷。	and those eliminated by cultivation.
['T27n1545_088:0456b28_18']	欲界繫法亦爾者。	欲界繫法亦爾者。	The same is true for dharmas bound to the desire realm.
['T27n1545_088:0456b29_10']	不善等法唯欲界通五部故。	不善等法唯欲界通五部故。	Unwholesome dharmas and so on are only in the desire realm and are common to the five categories.
['T27n1545_088:0456c01_2']	如前憂根應知其相。	如前憂根應知其相。	Like the faculty of sorrow mentioned above, one should understand its characteristics.
['T27n1545_088:0456c01_12', 'T27n1545_088:0456c02_8']	無記法緣識欲界三部。🔽色無色界有漏緣緣緣識欲界四部。	無記法緣識欲界三部。 色無色界有漏緣緣緣識欲界四部。	The consciousness that takes indeterminate dharmas as objects is the three categories of the desire realm,
['T27n1545_088:0456c02_17']	色無色界有為緣者。	色無色界有為緣者。	and the contaminated objects of the form and formless realms. The consciousness that takes them as objects and the objects of the desire realm are the conditioned objects of the form and formless realms.
['T27n1545_088:0456c03_5']	無記法通三界。	無記法通三界。	Indeterminate dharmas are common to the three realms.
['T27n1545_088:0456c03_9']	欲界者。	欲界者。	Those of the desire realm
['T27n1545_088:0456c03_13']	修所斷。	修所斷。	are eliminated by cultivation.
['T27n1545_088:0456c04_6']	及見苦所斷中有身邊執見品。	及見苦所斷中有身邊執見品。	And the views of grasping at the perishable aggregates that are eliminated by the vision of suffering.
['T27n1545_088:0456c04_12']	色無色界者。	色無色界者。	As for the form and formless realms,
['T27n1545_088:0456c05_2']	通五部并二無為故。	通五部并二無為故。	they include the five classes of mental afflictions and the two unconditioned dharmas.
['T27n1545_088:0456c05_15', 'T27n1545_088:0456c06_9']	無記法十六識內十四識所緣。🔽一欲界見苦一切隨眠相應識。	無記法十六識內十四識所緣。 一欲界見苦一切隨眠相應識。	As for the indeterminate dharmas, they are the objects of fourteen of the sixteen consciousnesses.🔽The first is the consciousness associated with all the mental afflictions eliminated by the vision of suffering in the desire realm.
['T27n1545_088:0456c07_6', 'T27n1545_088:0456c07_14']	二欲界見集所斷遍行隨眠相應識。🔽三欲界修所斷善。	二欲界見集所斷遍行隨眠相應識。 三欲界修所斷善。	The second is the consciousness associated with the mental afflictions eliminated by the vision of the accumulation [of suffering] in the desire realm.
['T27n1545_088:0456c08_4']	及染污無覆無記識。	及染污無覆無記識。	The third is the wholesome and defiled indeterminate consciousness eliminated by cultivation in the desire realm.
['T27n1545_088:0456c08_14']	及色無色界各五部識。	及色無色界各五部識。	And the consciousness of the form and formless realms that are eliminated by the five classes [of mental afflictions].
['T27n1545_088:0456c09_4']	於中唯除無漏緣識。	於中唯除無漏緣識。	Among them, only the consciousness that takes the pure [dharmas] as its object is excluded.
['T27n1545_088:0456c09_10']	合為十三識。	合為十三識。	They are combined into thirteen consciousnesses.
['T27n1545_088:0456c09_16']	十四無漏識。	十四無漏識。	The fourteenth is the pure consciousness.
['T27n1545_088:0456c10_4']	謂苦集法類智品。	謂苦集法類智品。	Namely, the classes of the cognition of the truth of suffering and the cognition of the truth of the accumulation [of suffering].
['T27n1545_088:0456c10_11']	故無記法緣識。	故無記法緣識。	Therefore, the consciousness that takes the indeterminate dharmas as its object
['T27n1545_088:0456c10_16']	欲界三部。	欲界三部。	has the three classes in the desire realm.
['T27n1545_088:0456c11_8']	色無色界有漏緣隨眠隨增。	色無色界有漏緣隨眠隨增。	The mental afflictions that take the contaminated dharmas of the form and formless realms as their objects increase.
['T27n1545_088:0456c11_14']	無記法緣識。	無記法緣識。	As for the consciousness that takes the indeterminate dharmas as its object,
['T27n1545_088:0456c12_5']	十六識內十五識所緣。	十六識內十五識所緣。	it is the object of fifteen of the sixteen consciousnesses.
['T27n1545_088:0456c12_14']	除欲界見滅所斷識。	除欲界見滅所斷識。	Excluding the consciousness eliminated by the vision of the cessation [of suffering] in the desire realm.
['T27n1545_088:0456c13_10']	色無色界各五部識中除無為緣識。	色無色界各五部識中除無為緣識。	In the five types of consciousness of the form and formless realms, exclude the consciousness that takes the unconditioned as its object.
['T27n1545_088:0456c14_4']	故無記法緣緣識欲界四部。	故無記法緣緣識欲界四部。	Therefore, the objects of indeterminate dharmas as conditions as objects are the four types in the desire realm.
['T27n1545_088:0456c14_16']	色無色界有為緣隨眠隨增。	色無色界有為緣隨眠隨增。	The latent afflictions that increase in the form and formless realms are those that take the conditioned as their object.
['T27n1545_088:0456c15_4']	色界繫法緣識。	色界繫法緣識。	The consciousness that takes form realm-bound dharmas as its object
['T27n1545_088:0456c15_9']	欲界三部。	欲界三部。	is the three types in the desire realm.
['T27n1545_088:0456c15_15']	色界有漏緣。	色界有漏緣。	The contaminated objects in the form realm.
['T27n1545_088:0456c16_1']	無色界遍行。	無色界遍行。	The universal [dharmas] in the formless realm.
['T27n1545_088:0456c16_9']	及修所斷緣緣識。	及修所斷緣緣識。	And the consciousness that takes the objects of the category to be eliminated by cultivation as its object.
['T27n1545_088:0456c16_19']	欲界三部色界有為緣。	欲界三部色界有為緣。	The three types in the desire realm and the conditioned objects in the form realm.
['T27n1545_088:0456c17_6']	無色界四部者。	無色界四部者。	The four types in the formless realm.
['T27n1545_088:0456c17_15']	色界繫法通五部故。	色界繫法通五部故。	Because the dharmas bound to the form realm are common to the five categories.
['T27n1545_088:0456c18_5', 'T27n1545_088:0456c19_5']	十六識內十識所緣。🔽一欲界見苦所斷他界緣遍行隨眠相應識。	十六識內十識所緣。 一欲界見苦所斷他界緣遍行隨眠相應識。	Out of the sixteen types of consciousness, they are the objects of ten types of consciousness.🔽The first is the consciousness associated with the universal latent afflictions that take other realms as their objects and are to be eliminated by seeing suffering in the desire realm.
['T27n1545_088:0456c20_5']	二欲界見集所斷他界緣遍行隨眠相應識。	二欲界見集所斷他界緣遍行隨眠相應識。	The second is the consciousness associated with the universal latent afflictions that take other realms as their objects and are to be eliminated by seeing the accumulation [of suffering] in the desire realm.
['T27n1545_088:0456c20_14']	三欲界修所斷善識。	三欲界修所斷善識。	The third is the wholesome consciousness to be eliminated by cultivation in the desire realm.
['T27n1545_088:0456c21_5']	及色界五部有漏緣識。	及色界五部有漏緣識。	And the contaminated objects in the five categories of the form realm.
['T27n1545_088:0456c21_10']	合為八識。	合為八識。	Combined into eight types of consciousness.
['T27n1545_088:0456c22_1']	九無色界修所斷善識。	九無色界修所斷善識。	The ninth is the wholesome consciousness to be eliminated by cultivation in the formless realm.
['T27n1545_088:0456c22_6']	十無漏識。	十無漏識。	The tenth is the pure consciousness.
['T27n1545_088:0456c22_13']	謂苦集類智品。	謂苦集類智品。	Namely, the class of subsequent knowledge with regard to the truths of suffering and origination.
['T27n1545_088:0456c23_1']	故色界繫法緣識。	故色界繫法緣識。	Therefore, the consciousness that takes the factors associated with the form realm as its object
['T27n1545_088:0456c23_6']	欲界三部。	欲界三部。	has three categories in the desire realm.
['T27n1545_088:0456c23_12']	色界有漏緣。	色界有漏緣。	It has the contaminated objects of the form realm.
['T27n1545_088:0456c23_18']	無色界遍行。	無色界遍行。	It has the universal [contaminants] of the formless realm.
['T27n1545_088:0456c24_6']	及修所斷隨眠隨增。	及修所斷隨眠隨增。	And it is increased by the contaminants that are to be eliminated by cultivation.
['T27n1545_088:0456c24_13']	色界繫法緣識。	色界繫法緣識。	The consciousness that takes the factors associated with the form realm as its object
['T27n1545_088:0456c25_4', 'T27n1545_088:0456c26_1']	十六識內十三識所緣。🔽一欲界見苦所斷一切隨眠相應識。	十六識內十三識所緣。 一欲界見苦所斷一切隨眠相應識。	is the object of thirteen consciousnesses out of the sixteen consciousnesses.🔽First, the consciousness associated with all contaminants to be eliminated by [the path of] seeing suffering in the desire realm.
['T27n1545_088:0456c26_16', 'T27n1545_088:0456c27_5']	二欲界見集所斷一切隨眠相應識。🔽三欲界修所斷善。	二欲界見集所斷一切隨眠相應識。 三欲界修所斷善。	Second, the consciousness associated with all contaminants to be eliminated by [the path of] seeing the origination [of suffering] in the desire realm.
['T27n1545_088:0456c27_14']	及染污無覆無記識。	及染污無覆無記識。	Third, the wholesome and defiled, as well as the unobscured-non-defined consciousness in the desire realm.
['T27n1545_088:0456c28_5']	及色界五部有為緣識。	及色界五部有為緣識。	And the five categories of consciousness that take conditioned [dharmas] as their objects in the form realm.
['T27n1545_088:0456c28_10', 'T27n1545_088:0456c29_7']	合為八識。🔽九無色界見苦所斷遍行隨眠相應識。	合為八識。 九無色界見苦所斷遍行隨眠相應識。	Together, these make eight consciousnesses.🔽Ninth, the consciousness associated with the universal contaminants to be eliminated by [the path of] seeing suffering in the formless realm.
['T27n1545_088:0457a01_5']	十無色界見集所斷遍行隨眠相應識。	十無色界見集所斷遍行隨眠相應識。	Tenth, the consciousness associated with the universal contaminants to be eliminated by [the path of] seeing the origination [of suffering] in the formless realm.
['T27n1545_088:0457a02_5']	十一無色界見道所斷無漏緣隨眠相應識。	十一無色界見道所斷無漏緣隨眠相應識。	Eleventh, the consciousness associated with the contaminants with pure objects to be eliminated by [the path of] seeing the path in the formless realm.
['T27n1545_088:0457a02_15']	十二無色界修所斷善。	十二無色界修所斷善。	Twelfth, the wholesome and
['T27n1545_088:0457a03_5']	及染污無覆無記識。	及染污無覆無記識。	and defiled and non-obscuring-non-defined consciousness.
['T27n1545_088:0457a03_16']	十三苦集道智品無漏識。	十三苦集道智品無漏識。	The thirteenth is the pure consciousness of the class of the knowledge of suffering, of the knowledge of origination, and of the knowledge of the path.
['T27n1545_088:0457a04_6']	故色界繫法緣緣識。	故色界繫法緣緣識。	Therefore, the consciousness that has as its object the factors associated with the realm of form is
['T27n1545_088:0457a04_11']	欲界三部。	欲界三部。	the three classes of the realm of desire,
['T27n1545_088:0457a04_17']	色界有為緣。	色界有為緣。	and the conditioned of the realm of form.
['T27n1545_088:0457a05_7']	無色界四部隨眠隨增。	無色界四部隨眠隨增。	The latent tendencies of the four classes of the realm of formlessness increase.
['T27n1545_088:0457a05_15']	無色界繫法緣識。	無色界繫法緣識。	The consciousness that has as its object the factors associated with the realm of formlessness is
['T27n1545_088:0457a06_2']	欲色界三部。	欲色界三部。	the three classes of the realms of desire and form,
['T27n1545_088:0457a06_12']	無色界有漏緣緣緣識。	無色界有漏緣緣緣識。	and the consciousness that has as its object the conditioned of the realm of formlessness.
['T27n1545_088:0457a06_17']	欲界三部。	欲界三部。	The three classes of the realm of desire,
['T27n1545_088:0457a07_2']	色界四部。	色界四部。	the four classes of the realm of form,
['T27n1545_088:0457a07_10']	無色界有為緣者。	無色界有為緣者。	and the conditioned of the realm of formlessness.
['T27n1545_088:0457a08_1']	無色界繫法通五部故。	無色界繫法通五部故。	Because the factors associated with the realm of formlessness are of the five classes.
['T27n1545_088:0457a08_11']	十六識內十二識所緣。	十六識內十二識所緣。	Within the sixteen consciousnesses, they are the objects of twelve consciousnesses.
['T27n1545_088:0457a09_10']	一欲界見苦所斷他界緣遍行隨眠相應識。	一欲界見苦所斷他界緣遍行隨眠相應識。	The first is the consciousness associated with the pervasive latent tendencies that have as their object the other realms and are to be eliminated by the path of seeing suffering of the realm of desire.
['T27n1545_088:0457a10_10']	二欲界見集所斷他界緣遍行隨眠相應識。	二欲界見集所斷他界緣遍行隨眠相應識。	The second is the consciousness associated with the pervasive latent tendencies that have as their object the other realms and are to be eliminated by the path of seeing origination of the realm of desire.
['T27n1545_088:0457a11_1']	三欲界修所斷善識。	三欲界修所斷善識。	The third is the wholesome consciousness to be eliminated by cultivation of the realm of desire.
['T27n1545_088:0457a11_8']	如欲界三部識。	如欲界三部識。	Just as the consciousnesses of the three classes of the realm of desire,
['T27n1545_088:0457a11_16']	色界三部識亦爾。	色界三部識亦爾。	the consciousnesses of the three classes of the realm of form are also like this.
['T27n1545_088:0457a12_2']	合為六識。	合為六識。	Together they are the six consciousnesses.
['T27n1545_088:0457a12_13']	及無色界五部有漏緣識。	及無色界五部有漏緣識。	And the five classes of consciousnesses with outflows that take the formless realm as their objects.
['T27n1545_088:0457a12_19']	合為十一識。	合為十一識。	Together, they form eleven consciousnesses.
['T27n1545_088:0457a13_5']	十二無漏識。	十二無漏識。	The twelve pure consciousnesses.
['T27n1545_088:0457a14_2']	謂苦集類智品故無色界繫法緣識。	謂苦集類智品故無色界繫法緣識。	That is to say, the consciousnesses that take the dharmas bound to the formless realm as their objects, which are the classes of subsequent cognition of the truths of suffering and accumulation.
['T27n1545_088:0457a15_8']	欲色界三部無色界有漏緣隨眠隨增無色界繫法緣識。	欲色界三部無色界有漏緣隨眠隨增無色界繫法緣識。	The latent afflictions that increase in the consciousnesses that take the dharmas bound to the formless realm as their objects, which are the three classes of consciousnesses in the desire realm and form realm, and the consciousnesses with outflows that take the formless realm as their objects.
['T27n1545_088:0457a15_18']	十六識內十三識所緣。	十六識內十三識所緣。	They are the objects of thirteen consciousnesses out of the sixteen consciousnesses.
['T27n1545_088:0457a16_12']	謂欲界見苦集修所斷三部識。	謂欲界見苦集修所斷三部識。	That is to say, the three classes of consciousnesses in the desire realm that are eliminated by the cognition of suffering, the cognition of accumulation, and cultivation.
['T27n1545_088:0457a16_18']	色界四部識。	色界四部識。	The four classes of consciousnesses in the form realm.
['T27n1545_088:0457a17_6']	除見滅所斷識。	除見滅所斷識。	Excluding the consciousnesses that are eliminated by the cognition of cessation.
['T27n1545_088:0457a17_14']	於見道所斷識中。	於見道所斷識中。	Within the consciousnesses that are eliminated by the path of seeing,
['T27n1545_088:0457a18_7']	唯取無漏緣隨眠相應識。	唯取無漏緣隨眠相應識。	Only the consciousnesses that are associated with the latent afflictions that take the pure as their objects are taken.
['T27n1545_088:0457a18_17']	無色界五部有為緣識。	無色界五部有為緣識。	The five classes of consciousnesses with conditioned objects that take the formless realm as their objects.
['T27n1545_088:0457a19_4']	合為十二識。	合為十二識。	Together, they form twelve consciousnesses.
['T27n1545_088:0457a19_15']	十三苦集道智品無漏識。	十三苦集道智品無漏識。	The pure consciousnesses of the classes of subsequent cognition of the truths of suffering, accumulation, and path.
['T27n1545_088:0457a20_6']	故無色界繫法緣緣識。	故無色界繫法緣緣識。	Therefore, the consciousnesses that take the dharmas bound to the formless realm as their objects and are the objects of the conditions.
['T27n1545_088:0457a20_11']	欲界三部。	欲界三部。	The three classes of consciousnesses in the desire realm.
['T27n1545_088:0457a20_16']	色界四部。	色界四部。	The four classes of consciousnesses in the form realm.
['T27n1545_088:0457a21_7']	無色界有為緣隨眠隨增。	無色界有為緣隨眠隨增。	The latent afflictions that increase in the consciousnesses with conditioned objects that take the formless realm as their objects.
['T27n1545_088:0457a21_14']	學無學法緣識。	學無學法緣識。	The consciousnesses that take the dharmas of learners and post-learners as their objects.
['T27n1545_088:0457a21_19']	三界二部。	三界二部。	The three realms and two parts.
['T27n1545_088:0457a22_6']	及遍行緣緣識。	及遍行緣緣識。	And the consciousnesses that are conditions for the omnipresent.
['T27n1545_088:0457a22_12']	三界四部者。	三界四部者。	The four parts in the three realms.
['T27n1545_088:0457a23_9']	學無學法唯無漏通四諦法類智品故。	學無學法唯無漏通四諦法類智品故。	Learned and unlearned dharmas are only pure,通四諦法類智品, therefore.
['T27n1545_088:0457a24_10']	如三無漏根應知其相非學非無學法緣識。	如三無漏根應知其相非學非無學法緣識。	One should know their characteristics as the three pure roots. The consciousnesses that are conditions for non-learned and non-unlearned dharmas.
['T27n1545_088:0457a24_15']	三界四部。	三界四部。	The four parts in the three realms.
['T27n1545_088:0457a25_5']	及見道所斷有漏緣。	及見道所斷有漏緣。	And the contaminated conditions for the path of seeing that are severed.
['T27n1545_088:0457a25_13']	緣緣識有為緣者。	緣緣識有為緣者。	The consciousnesses that are conditions for the conditioned.
['T27n1545_088:0457a26_2']	此法通三界五部。	此法通三界五部。	These dharmas are common to the five parts in the three realms.
['T27n1545_088:0457a26_7']	唯有漏故。	唯有漏故。	Only because they are contaminated.
['T27n1545_088:0457a26_13']	十六識所緣。	十六識所緣。	The objects of the sixteen consciousnesses.
['T27n1545_088:0457a27_4']	唯除見道所斷無漏緣識。	唯除見道所斷無漏緣識。	Only excluding the consciousnesses that are conditions for the uncontaminated that are severed by the path of seeing.
['T27n1545_088:0457a27_14']	故非學非無學法緣識。	故非學非無學法緣識。	Therefore, the consciousnesses that are conditions for non-learned and non-unlearned dharmas.
['T27n1545_088:0457a27_19']	三界四部。	三界四部。	The four parts in the three realms.
['T27n1545_088:0457a28_12']	及見道所斷有漏緣隨眠隨增。	及見道所斷有漏緣隨眠隨增。	And the contaminants that are conditions for the contaminated that are severed by the path of seeing increase.
['T27n1545_088:0457a29_5']	此法緣識亦十六識所緣。	此法緣識亦十六識所緣。	The consciousnesses that are conditions for these dharmas are also the objects of the sixteen consciousnesses.
['T27n1545_088:0457a29_12']	然除無為緣識。	然除無為緣識。	However, excluding the consciousnesses that are conditions for the unconditioned.
['T27n1545_088:0457b01_7']	故此法緣緣識有為緣隨眠隨增。	故此法緣緣識有為緣隨眠隨增。	Therefore, the contaminants that are conditions for the conditioned that are conditions for these dharmas increase.
['T27n1545_088:0457b01_18']	修所斷法緣識三界三部。	修所斷法緣識三界三部。	The consciousnesses that are conditions for the dharmas that are severed by cultivation are the three parts in the three realms.
['T27n1545_088:0457b02_8']	緣緣識三界四部者。	緣緣識三界四部者。	The object-condition consciousness is of three realms and four categories.
['T27n1545_088:0457b03_1']	修所斷法通三界九地故。	修所斷法通三界九地故。	Because the dharmas to be eliminated by cultivation are common to the nine grounds of the three realms.
['T27n1545_088:0457b03_9']	如命根應知其相。	如命根應知其相。	Like the life faculty, one should understand its characteristics.🔽Here is the corrected and aligned text:
['T27n1545_088:0457b04_100']	說一切有部發智大毘婆沙論卷第八十八	說一切有部發智大毘婆沙論卷第八十八	Abhidharma-mahāvibhāṣā-śāstra, fascicle 88
