segmentnr	original	analyzed	translated
['T27n1545_122:0634b15_0']	阿毘達磨大毘婆沙論卷第一百	阿毘達磨大毘婆沙論卷第一百	Abhidharma-mahāvibhāṣā-śāstra, fascicle 100
['T27n1545_122:0634b16_0']	二十二	二十二	twenty-two
['T27n1545_122:0634b18_0']	五百大阿羅漢等造	五百大阿羅漢等造	composed by five hundred great arhats and others
['T27n1545_122:0634b21_5']	三藏法師玄奘奉　詔譯4 表無表納息1業蘊第四中表無表納息第四之一若成就身表。	三藏法師玄奘奉　詔譯4 表無表納息1業蘊第四中表無表納息第四之一若成就身表。	tripiṭaka master Xuanzang respectfully received
['T27n1545_122:0634b21_13']	彼成就此無表耶。	彼成就此無表耶。	Do they possess this avijñapti?
['T27n1545_122:0634b21_18']	如是等章。	如是等章。	Such chapters,
['T27n1545_122:0634b22_4']	及解章義。	及解章義。	and the explanation of the meaning of the chapters,
['T27n1545_122:0634b22_9']	既領會已。	既領會已。	having understood them,
['T27n1545_122:0634b22_14']	次應廣釋。	次應廣釋。	one should next extensively explain them.
['T27n1545_122:0634b23_2']	問何故作此論。	問何故作此論。	Question: Why compose this treatise?
['T27n1545_122:0634b23_12']	答為止他宗顯己義故。	答為止他宗顯己義故。	Answer: In order to stop other schools and manifest one's own meaning.
['T27n1545_122:0634b23_17']	謂譬喻者。	謂譬喻者。	Namely, the allegorists say
['T27n1545_122:0634b24_13']	說表無表業無實體性所以者何。	說表無表業無實體性所以者何。	that vijñapti and avijñapti do not have real substance. Why is this?
['T27n1545_122:0634b25_9']	若表業是實可得依之令無表有。	若表業是實可得依之令無表有。	If vijñapti is real, one can rely on it to make avijñapti exist.
['T27n1545_122:0634b25_15']	然表業無實。	然表業無實。	However, vijñapti does not exist.
['T27n1545_122:0634b26_6']	云何能發無表令有。	云何能發無表令有。	How can it give rise to avijñapti to make it exist?
['T27n1545_122:0634b27_4']	且表業尚無無表云何有而言有者。	且表業尚無無表云何有而言有者。	Moreover, vijñapti does not even exist, so how can avijñapti exist? To say it exists
['T27n1545_122:0634b27_14']	是對法諸師矯妄言耳。	是對法諸師矯妄言耳。	is merely a false statement by the Abhidharma masters.
['T27n1545_122:0634b28_7']	如人遇見美女為染近故。	如人遇見美女為染近故。	It is like a person who encounters a beautiful woman and, out of lust,
['T27n1545_122:0634b28_10']	語言。	語言。	says,
['T27n1545_122:0634b28_17']	汝可解去人服。	汝可解去人服。	You should take off your clothes.
['T27n1545_122:0634b29_5']	吾衣汝天衣。	吾衣汝天衣。	I will give you the heavenly robe.
['T27n1545_122:0634b29_14']	女聞歡喜如言為解。	女聞歡喜如言為解。	The woman, hearing this, was delighted and did as she was told.
['T27n1545_122:0634c01_5']	彼人即前種種摩觸。	彼人即前種種摩觸。	The man then came forward and touched her in various ways.
['T27n1545_122:0634c01_12']	恣心意已語言。	恣心意已語言。	Having indulged his desires, he said,
['T27n1545_122:0634c02_1']	天衣已為汝著。	天衣已為汝著。	The heavenly robe has already been put on you.
['T27n1545_122:0634c02_4']	女言。	女言。	The woman said,
['T27n1545_122:0634c02_11']	我今體露如是。	我今體露如是。	I am now exposed like this.
['T27n1545_122:0634c03_1']	寧死不露天衣何在。	寧死不露天衣何在。	I would rather die than be naked. Where is the heavenly robe?
['T27n1545_122:0634c03_6']	彼答之言。	彼答之言。	He replied,
['T27n1545_122:0634c04_1']	天服微妙唯我見之非汝能見。	天服微妙唯我見之非汝能見。	The heavenly garment is subtle and I alone can see it, not you.
['T27n1545_122:0634c04_10']	如是愚人本無天衣。	如是愚人本無天衣。	Thus, this foolish man originally had no heavenly robe,
['T27n1545_122:0634c04_15']	況為他著。	況為他著。	let alone putting it on others.
['T27n1545_122:0634c05_5']	諸對法者所說亦爾。	諸對法者所說亦爾。	The proponents of the Abhidharma also speak in this way.
['T27n1545_122:0634c05_10']	本無表業。	本無表業。	Originally there is no manifest karma.
['T27n1545_122:0634c06_1']	況有依表所起無表。	況有依表所起無表。	How much less could there be unmanifest karma arising based on manifest karma?
['T27n1545_122:0634c06_10']	故對法者妄興此論。	故對法者妄興此論。	Therefore, the proponents of the Abhidharma falsely bring up this discussion.
['T27n1545_122:0634c06_19']	又表無表若是色者。	又表無表若是色者。	Moreover, if manifest and unmanifest karma are form,
['T27n1545_122:0634c07_8']	青黃赤白為是何耶。	青黃赤白為是何耶。	are they blue, yellow, red, or white?
['T27n1545_122:0634c07_17']	復云何成善不善性。	復云何成善不善性。	How then do they become good or bad?
['T27n1545_122:0634c08_8']	若因搖動成善惡性。	若因搖動成善惡性。	If good or bad nature is formed due to shaking and moving,
['T27n1545_122:0634c08_17']	花劍等動何故不爾。	花劍等動何故不爾。	why is the movement of flowers and swords not so?
['T27n1545_122:0634c09_8']	為止如是譬喻者意。	為止如是譬喻者意。	In order to stop such a metaphorical idea,
['T27n1545_122:0634c09_13']	顯自所宗。	顯自所宗。	To show one's own standpoint.
['T27n1545_122:0634c10_4']	表無表業皆是實有。	表無表業皆是實有。	To show that both manifested and unmanifested karma are real.
['T27n1545_122:0634c10_9']	故作斯論。	故作斯論。	Therefore, this treatise is composed.
['T27n1545_122:0634c10_18']	若諸表業無實體者。	若諸表業無實體者。	If manifested karma has no real substance,
['T27n1545_122:0634c11_6']	則與契經相違。	則與契經相違。	then it would contradict the sutras.
['T27n1545_122:0634c11_11']	如契經言。	如契經言。	As a sutra says:
['T27n1545_122:0634c12_2']	愚夫希欲說名為愛。	愚夫希欲說名為愛。	The desire and longing of foolish people is called craving.
['T27n1545_122:0634c12_11']	愛所發表說名為業。	愛所發表說名為業。	The karma manifested by craving is called action.
['T27n1545_122:0634c12_16']	又契經言。	又契經言。	And another sutra says:
['T27n1545_122:0634c13_6']	在夜尋伺猶如起煙。	在夜尋伺猶如起煙。	At night, seeking and pondering is like emitting smoke.
['T27n1545_122:0634c13_15']	旦動身語猶如發焰。	旦動身語猶如發焰。	In the morning, moving the body and speech is like emitting flames.
['T27n1545_122:0634c14_7']	若無表業無實體者。	若無表業無實體者。	If unmanifested karma has no real substance,
['T27n1545_122:0634c14_15']	則亦與契經相違。	則亦與契經相違。	then it would also contradict the sutras.
['T27n1545_122:0634c15_2']	如契經說。	如契經說。	As a sutra says:
['T27n1545_122:0634c15_10', 'T27n1545_122:0634c15_17', 'T27n1545_122:0634c16_5']	色有三攝一切色。🔽有色有見有對。🔽有色無見有對。	色有三攝一切色。 有色有見有對。 有色無見有對。	There are three kinds of form that encompass all forms.🔽Some forms have visible appearance and resistance.🔽Some forms have no visible appearance but have resistance.
['T27n1545_122:0634c16_12']	有色無見無對。	有色無見無對。	Some forms have neither visible appearance nor resistance.
['T27n1545_122:0634c17_1']	若無無表色者。	若無無表色者。	If there were no unmanifested form,
['T27n1545_122:0634c17_10']	則應無有三種建立。	則應無有三種建立。	then there would be no establishment of three kinds.
['T27n1545_122:0634c17_15']	無第三故。	無第三故。	Because there is no third kind.
['T27n1545_122:0634c18_5']	又若撥無表無表色。	又若撥無表無表色。	Moreover, if one denies unmanifested karma and unmanifested form,
['T27n1545_122:0634c18_10']	吠題呬字。	吠題呬字。	The letter va in the Sanskrit vaidehī (Skt. vaidehī).
['T27n1545_122:0634c18_15']	未生怨王。	未生怨王。	Ajātaśatru.
['T27n1545_122:0634c19_5']	應當不觸害父無間。	應當不觸害父無間。	One should not touch the immediate karma of killing one's father.
['T27n1545_122:0634c19_14']	謂發表位父命猶存。	謂發表位父命猶存。	That is to say, when the expression is present, the father's life still exists.
['T27n1545_122:0634c20_5']	父命終時表業已謝。	父命終時表業已謝。	When the father's life ends, the manifest karma has already ceased.
['T27n1545_122:0634c20_15']	由先表力得後無表故。	由先表力得後無表故。	Because of the power of the previous expression, the subsequent non-manifest is obtained, therefore.
['T27n1545_122:0634c21_5']	未生怨觸無間業。	未生怨觸無間業。	Ajātaśatru touches the immediate karma.
['T27n1545_122:0634c21_14']	又彼杖髻出家外道。	又彼杖髻出家外道。	Moreover, the ascetic with a topknot, an external path practitioner,
['T27n1545_122:0634c22_5']	亦應不觸害應無間。	亦應不觸害應無間。	should also not touch the immediate karma of killing.
['T27n1545_122:0634c22_15']	謂發表位目連命猶存。	謂發表位目連命猶存。	That is to say, when the expression is present, Maudgalyāyana's life still exists.
['T27n1545_122:0634c23_16']	目連涅槃時表業已謝由先表力得後無表故。	目連涅槃時表業已謝由先表力得後無表故。	When Maudgalyāyana enters nirvana, the manifest karma has already ceased. Because of the power of the previous expression, the subsequent non-manifest is obtained, therefore.
['T27n1545_122:0634c24_7']	彼外道觸無間業。	彼外道觸無間業。	That external path practitioner touches the immediate karma.
['T27n1545_122:0634c24_16']	又若撥無表無表業。	又若撥無表無表業。	Moreover, if one denies the non-manifest, there would be no manifest karma.
['T27n1545_122:0634c25_7']	應無建立三品有異。	應無建立三品有異。	There should be no establishment of the three grades of difference.
['T27n1545_122:0634c25_13']	謂住律儀品。	謂住律儀品。	That is to say, abiding in the category of precepts,
['T27n1545_122:0634c26_1']	住不律儀品。	住不律儀品。	abiding in the category of non-precepts,
['T27n1545_122:0634c26_11']	住非律儀非不律儀品。	住非律儀非不律儀品。	abiding in the category of neither precepts nor non-precepts.
['T27n1545_122:0634c27_2']	然彼所言此表無表體。	然彼所言此表無表體。	However, what they say is that the substance of this manifest and non-manifest,
['T27n1545_122:0634c27_14']	若是色青黃赤白為是何耶。	若是色青黃赤白為是何耶。	if it is blue, yellow, red, or white, what is it?
['T27n1545_122:0634c28_8']	此責不然非顯色外無別色故。	此責不然非顯色外無別色故。	This accusation is unreasonable because there is no color apart from the visible colors.
['T27n1545_122:0634c28_17']	當知身表是形非顯。	當知身表是形非顯。	One should know that bodily expression is shape, not color.
['T27n1545_122:0634c29_10']	語表是聲亦非顯色二種。	語表是聲亦非顯色二種。	Verbal expression is sound, also not color.
['T27n1545_122:0635a01_7']	無表法處色攝故不可責以同青等。	無表法處色攝故不可責以同青等。	Because non-indicative form is included in the form aggregate, it cannot be criticized for being the same as blue, etc.
['T27n1545_122:0635a01_16']	然諸色處總有四種。	然諸色處總有四種。	However, there are four kinds of form aggregates in general.
['T27n1545_122:0635a02_9']	一有色處唯顯可了非形。	一有色處唯顯可了非形。	The first kind of form aggregate is only apparent and perceptible, not shape.
['T27n1545_122:0635a03_3']	二有色處唯形可了非顯。	二有色處唯形可了非顯。	The second kind of form aggregate is only shape and perceptible, not apparent.
['T27n1545_122:0635a03_13']	三有色處顯形俱可了。	三有色處顯形俱可了。	The third kind of form aggregate is both apparent and shape and perceptible.
['T27n1545_122:0635a04_6']	四有色處顯形俱不可了。	四有色處顯形俱不可了。	The fourth kind of form aggregate is neither apparent nor shape and perceptible.
['T27n1545_122:0635a04_13']	顯可了非形者。	顯可了非形者。	That which is apparent and perceptible but not shape
['T27n1545_122:0635a05_5']	謂青黃赤白影光明闇。	謂青黃赤白影光明闇。	refers to blue, yellow, red, white, shadow, light, and darkness.
['T27n1545_122:0635a05_12']	形可了非顯者。	形可了非顯者。	That which is shape and perceptible but not apparent
['T27n1545_122:0635a05_17']	謂身表色。	謂身表色。	refers to bodily expression.
['T27n1545_122:0635a06_5']	顯形俱可了者。	顯形俱可了者。	That which is both apparent and shape and perceptible
['T27n1545_122:0635a07_6']	謂所餘若顯若形俱可了色顯形俱不可了者。	謂所餘若顯若形俱可了色顯形俱不可了者。	refers to the remaining forms that are both apparent and shape and perceptible. That which is neither apparent nor shape and perceptible
['T27n1545_122:0635a07_11']	謂空界色。	謂空界色。	refers to the form of the space element.
['T27n1545_122:0635a07_16']	又如所說。	又如所說。	Moreover, as it is said,
['T27n1545_122:0635a08_6']	若身搖動成善惡性。	若身搖動成善惡性。	if the shaking of the body constitutes good or evil nature,
['T27n1545_122:0635a08_15']	花劍等動何不爾者。	花劍等動何不爾者。	why is the shaking of flowers, swords, etc. not so?
['T27n1545_122:0635a09_1']	此亦不然。	此亦不然。	This is also not so.
['T27n1545_122:0635a09_6']	有根法異。	有根法異。	The dharmas with faculties are different.
['T27n1545_122:0635a09_11']	無根法異。	無根法異。	The dharma of rootless [afflictions] is different.
['T27n1545_122:0635a09_18']	身是有情數攝。	身是有情數攝。	The body is included in sentient beings.
['T27n1545_122:0635a10_12']	由心運動能表有善惡心心所法。	由心運動能表有善惡心心所法。	Because the mind moves and can manifest wholesome and unwholesome mental factors,
['T27n1545_122:0635a11_2']	花劍等不爾故。	花劍等不爾故。	flowers, swords, etc. are not like this.
['T27n1545_122:0635a11_10']	表無表決定實有。	表無表決定實有。	Therefore, the real existence of manifested and unmanifested [karma] is determined.
['T27n1545_122:0635a12_4']	然表無表依身而起有依一分。	然表無表依身而起有依一分。	However, manifested and unmanifested [karma] arise based on the body, and some are based on a part.
['T27n1545_122:0635a12_11']	如彈指舉足等。	如彈指舉足等。	Such as snapping one's fingers, raising one's foot, etc.
['T27n1545_122:0635a13_6']	一分動轉作善惡業有依具分。	一分動轉作善惡業有依具分。	Some are based on the whole,
['T27n1545_122:0635a13_13']	如禮佛逐怨等。	如禮佛逐怨等。	such as bowing to the Buddha, chasing away enemies, etc.
['T27n1545_122:0635a14_4']	舉身運動作善惡業。	舉身運動作善惡業。	The whole body moves to create wholesome and unwholesome karma.
['T27n1545_122:0635a14_11']	此中隨所依身。	此中隨所依身。	Here, according to the supported body,
['T27n1545_122:0635a15_2']	極微數量表業亦爾。	極微數量表業亦爾。	the number of atoms of manifested karma is also like that.
['T27n1545_122:0635a15_11']	如表數量無表亦爾。	如表數量無表亦爾。	The number of manifested [karma] is the same as the number of unmanifested [karma].
['T27n1545_122:0635a16_7']	問隨彼彼業若有表即有無表耶。	問隨彼彼業若有表即有無表耶。	Question: If there is manifested [karma] for each and every karma, is there also unmanifested [karma]?
['T27n1545_122:0635a16_16']	若有無表即有表耶。	若有無表即有表耶。	If there is unmanifested [karma], is there also manifested [karma]?
['T27n1545_122:0635a17_4']	或有說者。	或有說者。	Some say:
['T27n1545_122:0635a18_1']	七根本業道決定具有表與無表。	七根本業道決定具有表與無表。	The seven fundamental karmic paths definitely have both manifested and unmanifested [karma].
['T27n1545_122:0635a18_14']	加行後起表業定有無表不定。	加行後起表業定有無表不定。	The preparatory and subsequent manifested karmas definitely have manifested [karma], but unmanifested [karma] is not definite.
['T27n1545_122:0635a19_1']	唯猛利纏。	唯猛利纏。	Only intense afflictions,
['T27n1545_122:0635a19_6']	及殷重信。	及殷重信。	and sincere faith,
['T27n1545_122:0635a19_14', 'T27n1545_122:0635a19_17']	所作發無表非餘。🔽有說。	所作發無表非餘。 有說。	The performance of the action produces the avijñapti, not the other.
['T27n1545_122:0635a20_11']	七根本業道無表定有表則不定。	七根本業道無表定有表則不定。	There is an interpretation that the seven fundamental paths of action have avijñapti, but that vijñapti is not certain.
['T27n1545_122:0635a21_8']	若自作者有表若遣他作唯得無表。	若自作者有表若遣他作唯得無表。	If one does the action oneself, there is vijñapti; if one only obtains the avijñapti by having another do it, there is no vijñapti.
['T27n1545_122:0635a21_16', 'T27n1545_122:0635a22_1']	加行後起如前說。🔽評曰。	加行後起如前說。 評曰。	The preparatory and subsequent actions are as explained above.
['T27n1545_122:0635a22_6']	應作是說。	應作是說。	The correct opinion is this.
['T27n1545_122:0635a22_16']	除欲邪行餘根本業道。	除欲邪行餘根本業道。	With the exception of sexual misconduct, the other fundamental paths of action
['T27n1545_122:0635a23_6']	無表定有表則不定。	無表定有表則不定。	have avijñapti, but vijñapti is not certain.
['T27n1545_122:0635a24_1', 'T27n1545_122:0635a24_10']	若自作即時究竟者彼有表業。🔽若遣他作或究竟時。	若自作即時究竟者彼有表業。 若遣他作或究竟時。	If one does the action oneself and brings it to completion immediately, there is vijñapti.
['T27n1545_122:0635a25_2']	表已息者則唯有無表。	表已息者則唯有無表。	If one has another do it, or if at the time of completion the vijñapti has already ceased, then there is only avijñapti.
['T27n1545_122:0635a26_1']	若欲邪行表亦定有加行位決定有表。	若欲邪行表亦定有加行位決定有表。	As for sexual misconduct, vijñapti is also certain.
['T27n1545_122:0635a26_9']	無表不定如前說。	無表不定如前說。	As for preparatory action, avijñapti is not certain, as explained above.
['T27n1545_122:0635a26_17']	後起位定有無表。	後起位定有無表。	As for subsequent action, there is certainly avijñapti,
['T27n1545_122:0635a27_7']	表則不定若作則有。	表則不定若作則有。	but vijñapti is not certain. If one does it, there is vijñapti;
['T27n1545_122:0635a27_12']	不作則無。	不作則無。	if one does not do it, there is none.
['T27n1545_122:0635a28_3']	當知此說散心所作。	當知此說散心所作。	This refers to actions of the distracted mind.
['T27n1545_122:0635a28_12']	若隨支分定散差別。	若隨支分定散差別。	If one distinguishes the differences of concentration and distraction in the various members,
['T27n1545_122:0635a29_3']	有表無表如理應思。	有表無表如理應思。	one should consider vijñapti and avijñapti in accordance with the principle.
['T27n1545_122:0635b01_10']	彼非律儀非不律儀所攝。	彼非律儀非不律儀所攝。	They are not included in either moral discipline or immorality.
['T27n1545_122:0635b02_5']	妙行惡行由三因緣無表不斷。	妙行惡行由三因緣無表不斷。	Good conduct and evil conduct are not interrupted by the three causes of non-manifest karma.
['T27n1545_122:0635b02_12']	一由意樂不息。	一由意樂不息。	First, by the intention not ceasing.
['T27n1545_122:0635b03_1']	二由加行不捨。	二由加行不捨。	Second, by not abandoning the practice.
['T27n1545_122:0635b03_8']	三由限勢未過。	三由限勢未過。	Third, by the limit of power not being exceeded.
['T27n1545_122:0635b04_1']	由意樂不息加行不捨者。	由意樂不息加行不捨者。	By the intention not ceasing and the practice not being abandoned,
['T27n1545_122:0635b04_10']	如於佛像窣堵波等。	如於佛像窣堵波等。	like in the case of Buddha images and stupas.
['T27n1545_122:0635b05_1']	起淳淨心恭敬供養。	起淳淨心恭敬供養。	Arising from a pure mind, with respect and making offerings.
['T27n1545_122:0635b05_16']	所發無表從初剎那乃至意樂未息。	所發無表從初剎那乃至意樂未息。	The non-manifest karma that arises from the first moment, until the intention has not yet ceased,
['T27n1545_122:0635b06_10']	或加行未捨已來相續不斷。	或加行未捨已來相續不斷。	or the practice has not yet been abandoned, continues without interruption.
['T27n1545_122:0635b07_5']	若意樂息及加行捨無表便斷。	若意樂息及加行捨無表便斷。	If the intention ceases and the practice is abandoned, the non-manifest karma is then cut off.
['T27n1545_122:0635b07_11']	限勢未過者。	限勢未過者。	By the limit of power not being exceeded.
['T27n1545_122:0635b08_5']	謂淳淨心及猛利纏所作善惡。	謂淳淨心及猛利纏所作善惡。	This refers to the good and evil done by a pure mind and intense defilements.
['T27n1545_122:0635b08_14']	隨彼勢力無表不斷。	隨彼勢力無表不斷。	The non-manifest karma follows their power and is not cut off.
['T27n1545_122:0635b09_5']	如猛利纏殺捃多蟻。	如猛利纏殺捃多蟻。	Like killing an ant with intense defilements,
['T27n1545_122:0635b09_14']	所發無表盡形相續。	所發無表盡形相續。	the non-manifest karma that arises continues until the end of one's life.
['T27n1545_122:0635b10_3']	淳淨心所作亦爾。	淳淨心所作亦爾。	The same is true for that done with a pure mind.
['T27n1545_122:0635b10_12']	謂如有人起殷重信。	謂如有人起殷重信。	This refers to a person who gives rise to sincere faith.
['T27n1545_122:0635b11_3']	修營供具奉施眾僧。	修營供具奉施眾僧。	They prepare offerings and present them to the Saṅgha of monks.
['T27n1545_122:0635b11_12']	燒香散花種種供養。	燒香散花種種供養。	They burn incense, scatter flowers, and make various offerings.
['T27n1545_122:0635b12_6']	或於佛說如是日月五年會等。	或於佛說如是日月五年會等。	Or at the Buddha's teachings such as the five-year assembly of the sun and moon, etc.
['T27n1545_122:0635b12_15']	請諸眾僧種種供養。	請諸眾僧種種供養。	They invite the Saṅgha of monks to make various offerings.
['T27n1545_122:0635b13_6']	起淳淨心發身語業。	起淳淨心發身語業。	They give rise to a pure mind and give rise to bodily and verbal actions.
['T27n1545_122:0635b13_13']	乃至意樂未息。	乃至意樂未息。	Until their intention has not yet ceased.
['T27n1545_122:0635b14_5']	或加行未捨無表不斷。	或加行未捨無表不斷。	Or until they have not yet abandoned the preparatory effort, the non-manifestation is not cut off.
['T27n1545_122:0635b14_18']	若意樂息及捨加行無表便斷。	若意樂息及捨加行無表便斷。	If their intention ceases and they abandon the preparatory effort, the non-manifestation is then cut off.
['T27n1545_122:0635b15_8']	餘處中行廣說亦爾。	餘處中行廣說亦爾。	The extensive explanation of the other neutral actions is also like this.
['T27n1545_122:0635b15_17']	復有處中妙行惡行。	復有處中妙行惡行。	There are also neutral good and bad actions.
['T27n1545_122:0635b16_8']	盡眾同分無表不斷。	盡眾同分無表不斷。	As long as the homogeneous character exists, the non-manifestation is not cut off.
['T27n1545_122:0635b16_12']	妙行者。	妙行者。	As for the good actions,
['T27n1545_122:0635b16_17']	如有立願。	如有立願。	there are those who make vows,
['T27n1545_122:0635b17_15']	若不供養諸佛形像窣堵波等終不先食。	若不供養諸佛形像窣堵波等終不先食。	If I do not make offerings to the Buddha's images, stūpas, etc., I will never eat first.
['T27n1545_122:0635b18_7']	彼於日日隨力所能。	彼於日日隨力所能。	They, on a daily basis, according to their ability,
['T27n1545_122:0635b18_16']	下至一花一香供養。	下至一花一香供養。	at least make offerings of one flower or one incense.
['T27n1545_122:0635b19_7']	盡眾同分無表不斷。	盡眾同分無表不斷。	As long as the homogeneous character exists, the non-manifestation is not cut off.
['T27n1545_122:0635b19_12']	或有立願。	或有立願。	There are also those who make vows,
['T27n1545_122:0635b20_3']	若不施他資具命緣。	若不施他資具命緣。	If I do not give others the conditions for life and resources,
['T27n1545_122:0635b20_8']	終不先食。	終不先食。	I will never eat first.
['T27n1545_122:0635b20_17']	彼於日日隨力所能。	彼於日日隨力所能。	They, according to their ability,
['T27n1545_122:0635b21_11']	下至施他一摶之食半搩手衣。	下至施他一摶之食半搩手衣。	at the very least give others a portion of food or half a cubit of clothing.
['T27n1545_122:0635b22_2']	盡眾同分無表不斷。	盡眾同分無表不斷。	As long as their continuity of aggregates exists, their unmanifest actions are not severed.
['T27n1545_122:0635b22_7']	或有立願。	或有立願。	Some make a vow,
['T27n1545_122:0635b22_16']	若於三寶不先供養。	若於三寶不先供養。	If I do not make offerings to the Three Jewels first,
['T27n1545_122:0635b23_3']	終不先食。	終不先食。	I will never eat first.
['T27n1545_122:0635b23_12']	彼於日日隨力所能。	彼於日日隨力所能。	They, according to their ability,
['T27n1545_122:0635b24_3']	下至施僧一器之食。	下至施僧一器之食。	at the very least give to the Saṅgha a vessel of food,
['T27n1545_122:0635b24_12']	或復塗掃一足之地。	或復塗掃一足之地。	or sweep a place the size of one foot.
['T27n1545_122:0635b25_3']	盡眾同分無表不斷。	盡眾同分無表不斷。	As long as their continuity of aggregates exists, their unmanifest actions are not severed.
['T27n1545_122:0635b25_16']	或有立願每年某日施諸貧乏。	或有立願每年某日施諸貧乏。	Some make a vow to give to the poor on a certain day every year,
['T27n1545_122:0635b26_3']	或供養僧。	或供養僧。	or to make offerings to the Saṅgha.
['T27n1545_122:0635b26_12']	即取少物以供彼用。	即取少物以供彼用。	They then take a small amount of goods to provide for them,
['T27n1545_122:0635b27_4']	留所餘財以為儲擬。	留所餘財以為儲擬。	and keep the remaining wealth as reserves.
['T27n1545_122:0635b27_13']	盡眾同分無表不斷。	盡眾同分無表不斷。	As long as their continuity of aggregates exists, their unmanifest actions are not severed.
['T27n1545_122:0635b28_3']	如是等是名妙行。	如是等是名妙行。	This kind of thing is called good conduct.
['T27n1545_122:0635b28_7']	惡行者。	惡行者。	As for bad conduct,
['T27n1545_122:0635b28_12']	如有立願。	如有立願。	there are those who make a vow,
['T27n1545_122:0635b29_6']	我當日日於彼怨所作諸衰損。	我當日日於彼怨所作諸衰損。	I will daily inflict harm on that enemy.
['T27n1545_122:0635b29_15']	若不作者終不先食。	若不作者終不先食。	If I do not do it, I will never eat first.
['T27n1545_122:0635c01_13']	即於日日下至一打或一惡言訶罵毀辱。	即於日日下至一打或一惡言訶罵毀辱。	Even if it is only one beating or one harsh word of scolding and abuse each day,
['T27n1545_122:0635c02_4']	盡眾同分無表不斷。	盡眾同分無表不斷。	as long as the continuity of the group remains, the non-manifest does not cease.
['T27n1545_122:0635c02_12']	如是等是名惡行。	如是等是名惡行。	This kind of thing is called evil conduct.
['T27n1545_122:0635c03_16']	或有造作諸佛形像窣堵波等諸供養具。	或有造作諸佛形像窣堵波等諸供養具。	There are those who create images of Buddhas, stupas, and various offerings,
['T27n1545_122:0635c04_7']	書寫三藏所攝正法。	書寫三藏所攝正法。	copy the true Dharma included in the Tripiṭaka,
['T27n1545_122:0635c04_16']	造聖僧像建僧伽藍。	造聖僧像建僧伽藍。	create images of the noble Sangha, build monasteries,
['T27n1545_122:0635c05_7']	給施衣藥諸資身具。	給施衣藥諸資身具。	provide clothing, medicine, and other necessities for the body,
['T27n1545_122:0635c05_16']	安立福舍種殖樹林。	安立福舍種殖樹林。	establish houses of merit, plant forests,
['T27n1545_122:0635c06_7']	造井橋船階道處等。	造井橋船階道處等。	build wells, bridges, boats, and stairs, and so forth.
['T27n1545_122:0635c06_16']	此諸表業所發無表。	此諸表業所發無表。	The non-manifest that is produced by these manifest actions,
['T27n1545_122:0635c07_6']	具由三緣相續不斷。	具由三緣相續不斷。	continues without interruption due to three conditions.
['T27n1545_122:0635c07_11']	一由意樂。	一由意樂。	First, due to intention.
['T27n1545_122:0635c07_16']	二由所依。	二由所依。	Second, due to the basis.
['T27n1545_122:0635c08_3']	三由事物。	三由事物。	Third, due to the object.
['T27n1545_122:0635c08_8']	由意樂者。	由意樂者。	As for intention,
['T27n1545_122:0635c09_4']	謂緣彼事深生歡喜意樂不息。	謂緣彼事深生歡喜意樂不息。	it means deeply rejoicing in that object, with an intention that does not cease.
['T27n1545_122:0635c09_9']	由所依者。	由所依者。	As for the basis,
['T27n1545_122:0635c10_4']	謂所依身同分相續命未終位。	謂所依身同分相續命未終位。	it means the continuity of the same group, as long as life has not ended.
['T27n1545_122:0635c10_9']	由事物者。	由事物者。	As for the object,
['T27n1545_122:0635c11_4']	謂所修建佛像等事未都壞滅。	謂所修建佛像等事未都壞滅。	It refers to the case where the Buddha images and other things that have been constructed have not yet been completely destroyed.
['T27n1545_122:0635c11_13']	如是三緣隨闕一種。	如是三緣隨闕一種。	In this way, if any one of these three conditions is lacking,
['T27n1545_122:0635c12_4']	由前所發無表便斷。	由前所發無表便斷。	the previously generated non-manifest karma will be severed.
['T27n1545_122:0635c12_9']	是名妙行。	是名妙行。	This is called good conduct.
['T27n1545_122:0635c12_13']	惡行者。	惡行者。	As for bad conduct,
['T27n1545_122:0635c13_3']	謂造罟網刀箭等事。	謂造罟網刀箭等事。	it refers to the case where one makes nets, traps, knives, arrows, and so forth.
['T27n1545_122:0635c13_8']	應准前說。	應准前說。	This should be understood in the same way as the previous explanation.
['T27n1545_122:0635c14_3']	是謂所說表無表業略毘婆沙。	是謂所說表無表業略毘婆沙。	This is called the brief explanation of manifest and non-manifest karma.
['T27n1545_122:0635c15_5']	若成就身表。	若成就身表。	If one possesses manifest bodily karma,
['T27n1545_122:0635c15_13']	彼成就此無表耶。	彼成就此無表耶。	does one also possess its non-manifest karma?
['T27n1545_122:0635c16_1']	答應作四句。	答應作四句。	The answer is that four sentences should be made.
['T27n1545_122:0635c16_11']	有成就身表非此無表。	有成就身表非此無表。	There is the case of possessing manifest bodily karma but not its non-manifest karma.
['T27n1545_122:0635c17_7']	謂生欲界住非律儀非不律儀。	謂生欲界住非律儀非不律儀。	It refers to one born in the desire realm who abides in neither discipline nor non-discipline,
['T27n1545_122:0635c17_17']	現有身表不得此無表。	現有身表不得此無表。	who currently possesses manifest bodily karma but does not obtain its non-manifest karma,
['T27n1545_122:0635c18_12']	或先有身表不失不得此無表。	或先有身表不失不得此無表。	or who previously possessed manifest bodily karma that was not lost but does not obtain its non-manifest karma.
['T27n1545_122:0635c19_1']	現有身表者。	現有身表者。	As for currently possessing manifest bodily karma,
['T27n1545_122:0635c19_17']	謂不眠不醉不悶不捨加行求起身表。	謂不眠不醉不悶不捨加行求起身表。	it refers to not being asleep, intoxicated, or unconscious, and not abandoning the preparatory effort to seek to manifest bodily karma.
['T27n1545_122:0635c20_6']	不得此無表者。	不得此無表者。	As for not obtaining its non-manifest karma,
['T27n1545_122:0635c20_12']	謂非殷重信。	謂非殷重信。	it refers to not having sincere faith
['T27n1545_122:0635c20_17']	非猛利纏。	非猛利纏。	and not having intense defilements.
['T27n1545_122:0635c21_9']	雖發身表不得此無表。	雖發身表不得此無表。	Even if one generates bodily expression, one does not obtain this non-manifest karma.
['T27n1545_122:0635c22_1']	或先有身表不失者。	或先有身表不失者。	Or if one previously had bodily expression that was not lost.
['T27n1545_122:0635c22_10']	謂三緣故不捨表業。	謂三緣故不捨表業。	This means that for three reasons one does not abandon manifest karma.
['T27n1545_122:0635c22_17']	一意樂不息故。	一意樂不息故。	First, because one's intention is not suspended.
['T27n1545_122:0635c23_5']	二不捨加行故。	二不捨加行故。	Second, because one does not abandon the preparatory effort.
['T27n1545_122:0635c23_12']	三限勢未過故。	三限勢未過故。	Third, because the limit of the force [of the intention] has not yet passed.
['T27n1545_122:0635c24_1']	不得此無表者。	不得此無表者。	As for not obtaining this non-manifest karma,
['T27n1545_122:0635c24_6']	義如前說。	義如前說。	the meaning is as explained above.
['T27n1545_122:0635c24_16']	有成就身無表非此表。	有成就身無表非此表。	There are those who accomplish bodily non-manifest karma but not this manifest karma.
['T27n1545_122:0635c25_7']	謂諸聖者住胎藏中。	謂諸聖者住胎藏中。	This refers to noble ones dwelling in the womb.
['T27n1545_122:0635c26_8']	若生欲界住律儀不得別解脫律儀無身表。	若生欲界住律儀不得別解脫律儀無身表。	If born in the desire realm, abiding in moral discipline but not obtaining the prātimokṣa precepts without bodily expression,
['T27n1545_122:0635c26_13']	設有而失。	設有而失。	even if they had it, it would be lost.
['T27n1545_122:0635c27_2']	若生色界無身表。	若生色界無身表。	If born in the form realm, without bodily expression,
['T27n1545_122:0635c27_7']	設有而失。	設有而失。	even if they had it, it would be lost.
['T27n1545_122:0635c27_16']	若諸聖者生無色界。	若諸聖者生無色界。	If noble ones are born in the formless realm,
['T27n1545_122:0635c28_10']	此中聖者住胎藏時不能起表。	此中聖者住胎藏時不能起表。	among them, noble ones dwelling in the womb are unable to generate manifest karma.
['T27n1545_122:0635c28_17']	前生表業已失。	前生表業已失。	The manifest karma of a previous life has already been lost.
['T27n1545_122:0635c29_9', 'T27n1545_122:0635c29_14']	但成就靜慮無漏無表。🔽住律儀者。	但成就靜慮無漏無表。 住律儀者。	They only accomplish the non-manifest karma of meditative absorption and the undefiled [precepts].
['T27n1545_122:0636a01_4']	謂住靜慮無漏律儀。	謂住靜慮無漏律儀。	Abiding in moral discipline refers to abiding in the moral discipline of meditative absorption and the undefiled [precepts].
['T27n1545_122:0636a01_9']	無身表者。	無身表者。	Without bodily expression refers to
['T27n1545_122:0636a01_17']	謂或眠或醉或悶。	謂或眠或醉或悶。	That is, either sleeping, intoxicated, or unconscious.
['T27n1545_122:0636a02_7']	捨諸加行不求起表。	捨諸加行不求起表。	Abandoning all efforts, not seeking to manifest bodily or verbal actions.
['T27n1545_122:0636a02_14']	故設有而失者。	故設有而失者。	Therefore, even if one has them, they are lost.
['T27n1545_122:0636a03_5']	謂由三緣捨身表業。	謂由三緣捨身表業。	That is, one abandons bodily manifest actions through three conditions.
['T27n1545_122:0636a03_11']	一意樂息故。	一意樂息故。	First, the cessation of intention.
['T27n1545_122:0636a03_17']	二捨加行故。	二捨加行故。	Second, abandoning the effort.
['T27n1545_122:0636a04_4']	三限勢過故。	三限勢過故。	Third, the expiration of the limited duration.
['T27n1545_122:0636a04_13']	若生色界無身表者。	若生色界無身表者。	If one is born in the form realm without bodily manifest actions,
['T27n1545_122:0636a05_5']	謂捨加行不求起表故。	謂捨加行不求起表故。	That is, abandoning the effort, not seeking to manifest bodily or verbal actions.
['T27n1545_122:0636a05_14']	設有而失者如前說。	設有而失者如前說。	Even if one has them, they are lost, as explained above.
['T27n1545_122:0636a06_6', 'T27n1545_122:0636a06_13']	若諸聖者生無色界者。🔽學成就學無表。	若諸聖者生無色界者。 學成就學無表。	If noble ones are born in the formless realm,🔽Learners accomplish the unmanifest actions of learners.
['T27n1545_122:0636a07_4']	無學成就無學無表。	無學成就無學無表。	Non-learners accomplish the unmanifest actions of non-learners.
['T27n1545_122:0636a07_14']	有成就身表亦此無表。	有成就身表亦此無表。	There are those who accomplish bodily manifest actions as well as this unmanifest action.
['T27n1545_122:0636a08_4']	謂生欲界住律儀。	謂生欲界住律儀。	That is, being born in the desire realm, abiding in the precepts,
['T27n1545_122:0636a08_12']	不得別解脫律儀。	不得別解脫律儀。	Not attaining the precepts of individual liberation,
['T27n1545_122:0636a09_4']	現有身表亦得此無表。	現有身表亦得此無表。	Currently having bodily manifest actions, and also attaining this unmanifest action.
['T27n1545_122:0636a09_12']	或先有此表不失。	或先有此表不失。	Or previously having this manifest action without losing it,
['T27n1545_122:0636a09_18']	亦得此無表。	亦得此無表。	And also attaining this unmanifest action.
['T27n1545_122:0636a10_7']	若住別解脫律儀。	若住別解脫律儀。	If abiding in the precepts of individual liberation,
['T27n1545_122:0636a10_13']	若住不律儀。	若住不律儀。	If abiding in the precepts of non-virtue,
['T27n1545_122:0636a11_5']	若住非律儀非不律儀。	若住非律儀非不律儀。	If one abides in neither discipline nor indiscipline,
['T27n1545_122:0636a11_15']	現有身表亦得此無表。	現有身表亦得此無表。	if one currently has bodily expression, one also obtains this non-manifest karma.
['T27n1545_122:0636a12_10']	或先有身表不失亦得此無表。	或先有身表不失亦得此無表。	Or if one previously had bodily expression that was not lost, one also obtains this non-manifest karma.
['T27n1545_122:0636a13_2']	若生色界現有身表。	若生色界現有身表。	If one is born in the form realm and currently has bodily expression,
['T27n1545_122:0636a13_10']	或先有身表不失。	或先有身表不失。	or if one previously had bodily expression that was not lost,
['T27n1545_122:0636a14_6']	此中現有身表亦得此無表等者。	此中現有身表亦得此無表等者。	among them, if one currently has bodily expression, one also obtains this non-manifest karma, and so on.
['T27n1545_122:0636a14_12']	謂以殷重信。	謂以殷重信。	This means that with sincere faith,
['T27n1545_122:0636a14_17']	或猛利纏。	或猛利纏。	or with intense defilements,
['T27n1545_122:0636a15_5']	發表亦得無表。	發表亦得無表。	one gives rise to expression and also obtains non-manifest karma.
['T27n1545_122:0636a16_1']	若住別解脫律儀若住不律儀。	若住別解脫律儀若住不律儀。	If one abides in the discipline of individual liberation or if one abides in indiscipline,
['T27n1545_122:0636a16_10']	彼定成就身表無表。	彼定成就身表無表。	one definitely accomplishes bodily expression and non-manifest karma.
['T27n1545_122:0636a17_2']	若生色界現有身表者。	若生色界現有身表者。	If one is born in the form realm and currently has bodily expression,
['T27n1545_122:0636a17_12']	謂不捨加行求起表業。	謂不捨加行求起表業。	this means not abandoning the preparatory effort to give rise to manifest karma.
['T27n1545_122:0636a17_17']	餘如前說。	餘如前說。	The rest is as explained above.
['T27n1545_122:0636a18_6']	有非成就身表。	有非成就身表。	There are those who do not accomplish bodily expression,
['T27n1545_122:0636a18_12']	亦非此無表。	亦非此無表。	and also do not have this non-manifest karma.
['T27n1545_122:0636a18_17']	謂處卵㲉。	謂處卵㲉。	This refers to those in the egg membrane,
['T27n1545_122:0636a19_7']	若諸異生住胎藏中。	若諸異生住胎藏中。	or to ordinary beings dwelling in the womb.
['T27n1545_122:0636a20_3']	若生欲界住非律儀非不律儀。	若生欲界住非律儀非不律儀。	If born in the desire realm, abiding in neither discipline nor indiscipline,
['T27n1545_122:0636a20_11']	無身表設有而失。	無身表設有而失。	without bodily expression, even if having it, it is lost.
['T27n1545_122:0636a21_2']	若諸異生生無色界。	若諸異生生無色界。	If ordinary beings are born in the formless realm,
['T27n1545_122:0636a21_11']	諸異生類住胎卵中。	諸異生類住胎卵中。	ordinary beings dwelling in the womb or eggs,
['T27n1545_122:0636a22_6']	已失前生表無表業現不能起。	已失前生表無表業現不能起。	have already lost the manifest and unmanifest karma of previous lives and are unable to give rise to them in the present.
['T27n1545_122:0636a22_11']	如前應知。	如前應知。	This should be understood as before.
['T27n1545_122:0636a23_8']	生無色界已捨有漏未得無漏。	生無色界已捨有漏未得無漏。	Those born in the formless realm have already abandoned the contaminated [karma] and have not yet attained the uncontaminated [karma].
['T27n1545_122:0636a24_1']	彼地無色故餘如前說。	彼地無色故餘如前說。	Because there is no form in that realm, the rest is explained as before.
['T27n1545_122:0636a24_8']	若成就善身表。	若成就善身表。	If one accomplishes good bodily expression,
['T27n1545_122:0636a24_16']	彼成就此無表耶。	彼成就此無表耶。	does one also accomplish this unmanifest [karma]?
['T27n1545_122:0636a25_3']	答應作四句。	答應作四句。	The answer is that one should make four statements.
['T27n1545_122:0636a25_10']	有成就善身表。	有成就善身表。	There are those who accomplish good bodily expression
['T27n1545_122:0636a25_15']	非此無表。	非此無表。	but not this unmanifest [karma].
['T27n1545_122:0636a26_5']	謂生欲界住不律儀。	謂生欲界住不律儀。	Namely, those born in the desire realm who abide in non-restraint
['T27n1545_122:0636a26_15']	及住非律儀非不律儀。	及住非律儀非不律儀。	and abide in neither restraint nor non-restraint,
['T27n1545_122:0636a27_3']	現有善身表。	現有善身表。	who currently have good bodily expression,
['T27n1545_122:0636a27_9']	不得此無表。	不得此無表。	but do not obtain this unmanifest [karma].
['T27n1545_122:0636a27_17']	或先有此表不失。	或先有此表不失。	Or those who previously had this expression but did not lose it.
['T27n1545_122:0636a28_10']	不得此無表現有善身表者。	不得此無表現有善身表者。	Those who have good bodily expression but do not obtain this unmanifest [karma]
['T27n1545_122:0636a28_16']	謂不眠等故。	謂不眠等故。	are because they are not sleeping, etc.
['T27n1545_122:0636a29_5']	不得此無表者。	不得此無表者。	Those who do not obtain this unmanifest [karma]
['T27n1545_122:0636a29_14']	謂非殷重信所起故。	謂非殷重信所起故。	are because it is not arisen from sincere faith.
['T27n1545_122:0636b01_6']	或先有此表不失者。	或先有此表不失者。	Or those who previously had this expression but did not lose it
['T27n1545_122:0636b01_13']	謂前說三緣故。	謂前說三緣故。	Because of the three conditions mentioned above.
['T27n1545_122:0636b02_3']	不得此無表者。	不得此無表者。	Those who do not obtain this avijñapti
['T27n1545_122:0636b02_14', 'T27n1545_122:0636b03_3']	謂彼亦非殷重信所起故。🔽問住不律儀者。	謂彼亦非殷重信所起故。 問住不律儀者。	are also not those who give rise to it with sincere faith.
['T27n1545_122:0636b03_9', 'T27n1545_122:0636b04_8']	有何善身表。🔽答彼亦於父母師長佛獨覺諸佛弟子等。	有何善身表。 答彼亦於父母師長佛獨覺諸佛弟子等。	Question: What wholesome bodily vijñapti do those who abide in non-restraint have?
['T27n1545_122:0636b04_17']	供養恭敬起善表故。	供養恭敬起善表故。	Answer: They also have wholesome vijñapti arising from making offerings and paying respect to parents, teachers, Buddhas, pratyekabuddhas, and the disciples of the Buddhas.
['T27n1545_122:0636b05_10']	有成就善身無表非此表。	有成就善身無表非此表。	There are those who accomplish wholesome bodily avijñapti but not this vijñapti.
['T27n1545_122:0636b06_2']	謂諸聖者住胎藏中。	謂諸聖者住胎藏中。	This refers to noble ones dwelling in the womb.
['T27n1545_122:0636b06_17']	若生欲界住律儀不得別解脫律儀。	若生欲界住律儀不得別解脫律儀。	If born in the desire realm, abiding in restraint but not obtaining the prātimokṣa restraint,
['T27n1545_122:0636b07_4']	無善身表。	無善身表。	without wholesome bodily vijñapti,
['T27n1545_122:0636b07_9']	設有而失。	設有而失。	even if having it, it is lost.
['T27n1545_122:0636b07_18']	若生色界無善身表。	若生色界無善身表。	If born in the form realm, without wholesome bodily vijñapti,
['T27n1545_122:0636b08_4']	設有而失。	設有而失。	even if having it, it is lost.
['T27n1545_122:0636b08_13']	若諸聖者生無色界。	若諸聖者生無色界。	If noble ones are born in the formless realm.
['T27n1545_122:0636b09_2']	此中住律儀者。	此中住律儀者。	Here, those who abide in restraint
['T27n1545_122:0636b09_11']	謂住靜慮無漏律儀。	謂住靜慮無漏律儀。	refer to those abiding in the meditative and undefiled restraints.
['T27n1545_122:0636b10_2']	不得別解脫律儀者。	不得別解脫律儀者。	Those who do not obtain the prātimokṣa restraint
['T27n1545_122:0636b10_16']	謂住此律儀定成就善身無表故。	謂住此律儀定成就善身無表故。	refer to those abiding in this restraint who definitely accomplish wholesome bodily avijñapti.
['T27n1545_122:0636b11_3']	餘如前說。	餘如前說。	The rest is as explained above.
['T27n1545_122:0636b11_14']	有成就善身表亦此無表。	有成就善身表亦此無表。	There are those who possess wholesome bodily expression and also this non-manifest karma.
['T27n1545_122:0636b12_4']	謂生欲界住律儀。	謂生欲界住律儀。	Namely, those born in the desire realm who abide in the precepts,
['T27n1545_122:0636b12_12']	不得別解脫律儀。	不得別解脫律儀。	but do not obtain the prātimokṣa precepts,
['T27n1545_122:0636b13_5']	現有善身表亦得此無表。	現有善身表亦得此無表。	currently have wholesome bodily expression and also obtain this non-manifest karma.
['T27n1545_122:0636b14_1']	或先有此表不失亦得此無表。	或先有此表不失亦得此無表。	Or they may have previously had this expression and not lost it, and also obtain this non-manifest karma.
['T27n1545_122:0636b14_9']	若住別解脫律儀。	若住別解脫律儀。	If they abide in the prātimokṣa precepts,
['T27n1545_122:0636b14_15']	若住不律儀。	若住不律儀。	if they abide in the precepts of non-restraint,
['T27n1545_122:0636b15_6']	及住非律儀非不律儀。	及住非律儀非不律儀。	and if they abide in neither the precepts nor the precepts of non-restraint,
['T27n1545_122:0636b15_17']	現有善身表亦得此無表。	現有善身表亦得此無表。	they currently have wholesome bodily expression and also obtain this non-manifest karma.
['T27n1545_122:0636b16_7']	或先有此表不失。	或先有此表不失。	Or they may have previously had this expression and not lost it,
['T27n1545_122:0636b16_13']	亦得此無表。	亦得此無表。	and also obtain this non-manifest karma.
['T27n1545_122:0636b17_5']	若生色界現有善身表。	若生色界現有善身表。	If born in the form realm and currently have wholesome bodily expression,
['T27n1545_122:0636b17_13']	或先有此表不失。	或先有此表不失。	or they may have previously had this expression and not lost it.
['T27n1545_122:0636b18_4']	此中一切義如前說。	此中一切義如前說。	Here, all the meanings are as explained above.
['T27n1545_122:0636b18_12']	有非成就善身表。	有非成就善身表。	There are those who do not possess wholesome bodily expression,
['T27n1545_122:0636b18_18']	亦非此無表。	亦非此無表。	and also do not have this non-manifest karma.
['T27n1545_122:0636b19_4']	謂處卵㲉。	謂處卵㲉。	Namely, those in the egg membrane,
['T27n1545_122:0636b19_13']	若諸異生住胎藏中。	若諸異生住胎藏中。	if ordinary beings abide in the womb,
['T27n1545_122:0636b20_4']	若生欲界住不律儀。	若生欲界住不律儀。	if born in the desire realm and abide in the precepts of non-restraint,
['T27n1545_122:0636b20_14']	及住非律儀非不律儀。	及住非律儀非不律儀。	and if they abide in neither the precepts nor the precepts of non-restraint,
['T27n1545_122:0636b21_1']	無善身表。	無善身表。	without wholesome bodily expression,
['T27n1545_122:0636b21_6']	設有而失。	設有而失。	If one has it, but loses it.
['T27n1545_122:0636b21_15']	若諸異生生無色界。	若諸異生生無色界。	If ordinary beings are born in the formless realm.
['T27n1545_122:0636b22_7']	若成就不善身表。	若成就不善身表。	If one accomplishes unwholesome bodily expression,
['T27n1545_122:0636b22_15']	彼成就此無表耶。	彼成就此無表耶。	does one also accomplish its non-expression?
['T27n1545_122:0636b23_7']	答諸成就不善身無表。	答諸成就不善身無表。	Answer: Those who accomplish unwholesome bodily non-expression,
['T27n1545_122:0636b23_14']	彼定成就此表。	彼定成就此表。	they definitely accomplish its expression.
['T27n1545_122:0636b24_4']	有成就不善身表。	有成就不善身表。	There are those who accomplish unwholesome bodily expression,
['T27n1545_122:0636b24_9']	非此無表。	非此無表。	but not its non-expression.
['T27n1545_122:0636b24_17']	謂生欲界住律儀。	謂生欲界住律儀。	Namely, being born in the desire realm, abiding in the precepts,
['T27n1545_122:0636b25_8']	及住非律儀非不律儀。	及住非律儀非不律儀。	and abiding in neither precepts nor not precepts.
['T27n1545_122:0636b25_15']	現有不善身表。	現有不善身表。	Currently having unwholesome bodily expression,
['T27n1545_122:0636b26_3']	不得此無表。	不得此無表。	but not obtaining its non-expression.
['T27n1545_122:0636b26_11']	或先有此表不失。	或先有此表不失。	Or previously having this expression without losing it,
['T27n1545_122:0636b26_17']	不得此無表。	不得此無表。	but not obtaining its non-expression.
['T27n1545_122:0636b27_6']	現有不善身表者。	現有不善身表者。	Currently having unwholesome bodily expression means
['T27n1545_122:0636b27_12']	謂不眠等故。	謂不眠等故。	not sleeping, etc.
['T27n1545_122:0636b28_1']	不得此無表者。	不得此無表者。	Not obtaining its non-expression means
['T27n1545_122:0636b28_10']	謂非猛利纏所起故。	謂非猛利纏所起故。	not arising from a fierce and intense entanglement.
['T27n1545_122:0636b28_18']	先有此表不失者。	先有此表不失者。	Previously having this expression without losing it means
['T27n1545_122:0636b29_5']	謂前說三緣。	謂前說三緣。	the three conditions mentioned above.
['T27n1545_122:0636b29_10']	餘如前說。	餘如前說。	The rest is as explained above.
['T27n1545_122:0636c01_4']	問住何等律儀有不善身表。	問住何等律儀有不善身表。	Abiding in which precepts does one have unwholesome bodily expression?
['T27n1545_122:0636c01_14']	答住三律儀皆容得有。	答住三律儀皆容得有。	Answer: Abiding in the three precepts, all may have it.
['T27n1545_122:0636c02_6']	問住靜慮無漏律儀者。	問住靜慮無漏律儀者。	Question: As for those abiding in the pure precepts of dhyāna and the undefiled precepts,
['T27n1545_122:0636c02_14']	有何等不善身表。	有何等不善身表。	what kind of unwholesome bodily expressions do they have?
['T27n1545_122:0636c02_17']	答有。	答有。	Answer: They have.
['T27n1545_122:0636c03_10']	於有情起捶打等不善身表。	於有情起捶打等不善身表。	They give rise to unwholesome bodily expressions such as beating sentient beings.
['T27n1545_122:0636c04_8']	問亦應有成就不善身無表非身表。	問亦應有成就不善身無表非身表。	Question: There should also be those who possess unwholesome bodily non-expressions but not bodily expressions.
['T27n1545_122:0636c04_14']	謂遣他殺等。	謂遣他殺等。	Namely, those who send others to kill and so forth.
['T27n1545_122:0636c05_5']	是則此中應作四句。	是則此中應作四句。	This should then be made into four alternatives.
['T27n1545_122:0636c05_13']	何故作順後句耶。	何故作順後句耶。	Why is it made in the order of the latter phrase?
['T27n1545_122:0636c06_1']	有作是說。	有作是說。	Some say:
['T27n1545_122:0636c06_6']	應作四句。	應作四句。	It should be made into four alternatives.
['T27n1545_122:0636c06_14']	有成就不善身表。	有成就不善身表。	There are those who possess unwholesome bodily expressions
['T27n1545_122:0636c07_1']	非此無表。	非此無表。	but not this non-expression.
['T27n1545_122:0636c07_9']	謂生欲界住律儀。	謂生欲界住律儀。	Namely, those born in the desire realm who abide in the precepts
['T27n1545_122:0636c08_1']	及住非律儀非不律儀。	及住非律儀非不律儀。	and those who abide in neither precepts nor non-precepts.
['T27n1545_122:0636c08_8']	現有不善身表。	現有不善身表。	Currently possessing unwholesome bodily expressions
['T27n1545_122:0636c08_14']	不得此無表。	不得此無表。	but not obtaining this non-expression.
['T27n1545_122:0636c09_3']	或先有此表不失。	或先有此表不失。	Or those who previously had this expression but did not lose it
['T27n1545_122:0636c09_9']	不得此無表。	不得此無表。	but do not obtain this non-expression.
['T27n1545_122:0636c09_18']	有成就不善身無表。	有成就不善身無表。	There are those who possess unwholesome bodily non-expressions
['T27n1545_122:0636c10_3']	非此表。	非此表。	but not this expression.
['T27n1545_122:0636c10_11']	謂生欲界住律儀。	謂生欲界住律儀。	Namely, those born in the desire realm who abide in the precepts
['T27n1545_122:0636c11_3']	及住非律儀非不律儀。	及住非律儀非不律儀。	and those who abide in neither precepts nor non-precepts.
['T27n1545_122:0636c11_8']	遣他殺等。	遣他殺等。	Sending others to kill and so forth.
['T27n1545_122:0636c11_16']	有成就不善身表。	有成就不善身表。	There are those who possess unwholesome bodily expression,
['T27n1545_122:0636c12_2']	及此無表。	及此無表。	and also its non-manifestation.
['T27n1545_122:0636c12_11']	謂生欲界住不律儀。	謂生欲界住不律儀。	This refers to those born in the desire realm who abide in non-restraint,
['T27n1545_122:0636c12_16']	若住律儀。	若住律儀。	or who abide in restraint,
['T27n1545_122:0636c13_7']	及住非律儀非不律儀。	及住非律儀非不律儀。	or who abide in neither restraint nor non-restraint.
['T27n1545_122:0636c13_14']	現有不善身表。	現有不善身表。	If they currently have unwholesome bodily expression,
['T27n1545_122:0636c14_2']	亦得此無表。	亦得此無表。	they also obtain its non-manifestation.
['T27n1545_122:0636c14_10']	或先有此表不失。	或先有此表不失。	Or if they previously had that expression and did not lose it,
['T27n1545_122:0636c14_16']	亦得此無表。	亦得此無表。	they also obtain its non-manifestation.
['T27n1545_122:0636c15_6']	有非成就不善身表。	有非成就不善身表。	There are those who do not possess unwholesome bodily expression,
['T27n1545_122:0636c15_12']	亦非此無表。	亦非此無表。	and also not its non-manifestation.
['T27n1545_122:0636c15_17']	謂處卵㲉。	謂處卵㲉。	This refers to those in the egg membrane,
['T27n1545_122:0636c16_7']	若諸異生住胎藏中。	若諸異生住胎藏中。	or to ordinary beings abiding in the womb.
['T27n1545_122:0636c16_15']	若生欲界住律儀。	若生欲界住律儀。	If born in the desire realm, abiding in restraint,
['T27n1545_122:0636c17_7']	及住非律儀非不律儀。	及住非律儀非不律儀。	or abiding in neither restraint nor non-restraint,
['T27n1545_122:0636c17_13']	無不善身表。	無不善身表。	without unwholesome bodily expression,
['T27n1545_122:0636c17_18']	設有而失。	設有而失。	even if they have it, they lose it.
['T27n1545_122:0636c18_5']	不得此無表。	不得此無表。	They do not obtain its non-manifestation.
['T27n1545_122:0636c18_16']	若生色無色界應作是說。	若生色無色界應作是說。	If born in the form or formless realms, it should be said like this.
['T27n1545_122:0636c19_3']	而不說者。	而不說者。	But it is not said.
['T27n1545_122:0636c19_16']	應知此文但依同類表無表說。	應知此文但依同類表無表說。	It should be known that this text only discusses the similarity of expression and non-expression,
['T27n1545_122:0636c20_3']	不依異類。	不依異類。	not the difference.
['T27n1545_122:0636c20_12']	謂從身表發身無表。	謂從身表發身無表。	This refers to the bodily non-expression that arises from bodily expression.
['T27n1545_122:0636c20_17']	是名同類。	是名同類。	This is called similarity.
['T27n1545_122:0636c21_8']	若由語表發身無表。	若由語表發身無表。	If it is by means of verbal expression that bodily avijñapti is produced,
['T27n1545_122:0636c21_13']	是名異類。	是名異類。	this is called a different kind.
['T27n1545_122:0636c22_1']	應作是說。	應作是說。	One should explain it in this way.
['T27n1545_122:0636c22_13']	無有唯成就不善身無表者。	無有唯成就不善身無表者。	There is no one who only possesses non-virtuous bodily avijñapti.
['T27n1545_122:0636c23_4']	故此但應作順後句。	故此但應作順後句。	Therefore, this should only be made into a subsequent phrase.
['T27n1545_122:0636c23_9']	所以者何。	所以者何。	Why is it so?
['T27n1545_122:0636c23_18']	若能發語遣他殺等。	若能發語遣他殺等。	If one is able to speak and send others to kill, etc.,
['T27n1545_122:0636c24_8']	由此發得身無表者。	由此發得身無表者。	by this one produces bodily avijñapti.
['T27n1545_122:0636c24_17']	必亦成就不善身表。	必亦成就不善身表。	One necessarily also possesses non-virtuous bodily vijñapti.
['T27n1545_122:0636c25_8']	以必能動身手等故。	以必能動身手等故。	Because one necessarily moves the body, hands, etc.
['T27n1545_122:0636c26_8']	若不爾者前說成就善身無表非此表中。	若不爾者前說成就善身無表非此表中。	If it were not so, in the previous explanation of possessing virtuous bodily avijñapti, this vijñapti would also not be mentioned.
['T27n1545_122:0636c26_14']	亦應作是說。	亦應作是說。	One should also explain it in this way.
['T27n1545_122:0636c27_2']	若住不律儀。	若住不律儀。	If one abides in non-discipline,
['T27n1545_122:0636c27_12']	及住非律儀非不律儀。	及住非律儀非不律儀。	and abides neither in discipline nor non-discipline,
['T27n1545_122:0636c28_3']	以善語言遣他施等。	以善語言遣他施等。	and by means of virtuous speech sends others to give, etc.,
['T27n1545_122:0636c28_12']	由此發得善身無表。	由此發得善身無表。	by this one produces virtuous bodily avijñapti.
['T27n1545_122:0636c29_3']	前於善中既無此說。	前於善中既無此說。	Since this is not mentioned in the previous explanation of virtue,
['T27n1545_122:0636c29_12']	故知發言遣他施等。	故知發言遣他施等。	therefore one should know that by speaking and sending others to give, etc.,
['T27n1545_122:0637a01_3']	由此發得身無表者。	由此發得身無表者。	by this one produces bodily avijñapti.
['T27n1545_122:0637a01_12']	必亦能動身手等故。	必亦能動身手等故。	Because one necessarily also moves the body, hands, etc.
['T27n1545_122:0637a02_3']	由此成就善身表業。	由此成就善身表業。	Therefore, one who has good bodily manifest karma.
['T27n1545_122:0637a02_12']	是故二處皆無此說。	是故二處皆無此說。	Therefore, both [places] do not have this explanation.
['T27n1545_122:0637a03_4']	若成就有覆無記身表。	若成就有覆無記身表。	If one has manifest bodily karma that is ethically neutral but defiled,
['T27n1545_122:0637a03_12']	彼成就此無表耶。	彼成就此無表耶。	does one also have the non-manifest karma of that?
['T27n1545_122:0637a04_6']	答無成就有覆無記身無表。	答無成就有覆無記身無表。	The answer is: There is no one who has non-manifest bodily karma that is ethically neutral but defiled.
['T27n1545_122:0637a04_12']	有成就此表。	有成就此表。	There are those who have the manifest [karma].
['T27n1545_122:0637a05_7']	謂生色界現有有覆無記身表。	謂生色界現有有覆無記身表。	Namely, those born in the form realm who currently have manifest bodily karma that is ethically neutral but defiled.
['T27n1545_122:0637a06_3']	問何故欲界無有覆無記身表耶。	問何故欲界無有覆無記身表耶。	Why is there no manifest bodily karma that is ethically neutral but defiled in the desire realm?
['T27n1545_122:0637a06_13']	答欲界煩惱能為等起。	答欲界煩惱能為等起。	The answer is: The afflictions of the desire realm can give rise to.
['T27n1545_122:0637a07_4']	發身語者皆是不善。	發身語者皆是不善。	The manifestation of bodily and verbal karma is all unwholesome.
['T27n1545_122:0637a07_10']	唯薩迦耶見。	唯薩迦耶見。	Only the view of the aggregates as real self.
['T27n1545_122:0637a07_15']	及邊執見。	及邊執見。	And the view of grasping extremes.
['T27n1545_122:0637a08_1']	彼相應無明。	彼相應無明。	The ignorance associated with them.
['T27n1545_122:0637a08_8']	雖是有覆無記。	雖是有覆無記。	Although they are ethically neutral but defiled,
['T27n1545_122:0637a08_15']	而皆是見所斷。	而皆是見所斷。	they are all eliminated by the path of insight.
['T27n1545_122:0637a09_7']	非見所斷心能發身語業。	非見所斷心能發身語業。	The mind that is not eliminated by the path of insight cannot manifest bodily and verbal karma.
['T27n1545_122:0637a09_16']	以內門起極微細故。	以內門起極微細故。	Because it arises internally and is extremely subtle.
['T27n1545_122:0637a10_9']	問若生欲界已離欲界染。	問若生欲界已離欲界染。	If one is born in the desire realm and has already separated from the defilements of the desire realm,
['T27n1545_122:0637a11_1']	起初靜慮煩惱現前。	起初靜慮煩惱現前。	and the afflictions of the first meditative absorption manifest,
['T27n1545_122:0637a11_14']	何故不發有覆無記身語表業。	何故不發有覆無記身語表業。	Why does one not produce manifest actions of body and speech that are merely indeterminate and concealing?
['T27n1545_122:0637a12_14']	答生欲界中唯能起彼等至煩惱非生煩惱。	答生欲界中唯能起彼等至煩惱非生煩惱。	The answer is: One born in the realm of desire can only arouse the passions of the stages of meditative trance, not the passions of birth.
['T27n1545_122:0637a13_10']	諸煩惱中發身語業唯生煩惱。	諸煩惱中發身語業唯生煩惱。	Among the passions, only the passions of birth can give rise to manifest actions of body and speech.
['T27n1545_122:0637a13_15']	有餘師說。	有餘師說。	Other masters say:
['T27n1545_122:0637a14_2']	法性應爾。	法性應爾。	The nature of dharmas is such that
['T27n1545_122:0637a14_11']	若起此地煩惱現前。	若起此地煩惱現前。	if the passions of a certain stage are present,
['T27n1545_122:0637a15_4']	還能轉動此地異熟相續。	還能轉動此地異熟相續。	they can still move the continuity of retribution of that stage
['T27n1545_122:0637a15_11']	發起此地表業。	發起此地表業。	and give rise to the manifest actions of that stage.
['T27n1545_122:0637a16_9']	諸染污業必以自地異熟相續為所依止。	諸染污業必以自地異熟相續為所依止。	All defiled actions necessarily take as their support the continuity of retribution of their own stage.
['T27n1545_122:0637a17_6', 'T27n1545_122:0637a17_17']	非生欲界容有色界異熟相續。🔽是故唯生色界初靜慮中。	非生欲界容有色界異熟相續。 是故唯生色界初靜慮中。	One who is born in the realm of desire is not able to have the continuity of retribution of the realm of form.
['T27n1545_122:0637a18_10']	得起此有覆無記身語表業。	得起此有覆無記身語表業。	Therefore, one is only able to give rise to the manifest actions of body and speech that are merely indeterminate and concealing in the first trance of the realm of form.
['T27n1545_122:0637a19_9']	若成就無覆無記身表。	若成就無覆無記身表。	If one perfects the manifest actions of body that are indeterminate and unobscured,
['T27n1545_122:0637a19_17']	彼成就此無表耶。	彼成就此無表耶。	does one also perfect the unmanifest actions of this type?
['T27n1545_122:0637a20_16']	答無成就無覆無記身無表有成就此表。	答無成就無覆無記身無表有成就此表。	The answer is: There is no one who perfects the unmanifest actions of body that are indeterminate and unobscured but who does not perfect the manifest actions of this type.
['T27n1545_122:0637a21_13']	謂生欲色界現有無覆無記身表。	謂生欲色界現有無覆無記身表。	This refers to those born in the realms of desire and form who manifest the manifest actions of body that are indeterminate and unobscured.
['T27n1545_122:0637a22_5']	於中差別如理應知。	於中差別如理應知。	The distinctions within this should be understood according to reason.
['T27n1545_122:0637a23_7']	若成就過去身表。	若成就過去身表。	If one possesses past bodily expression,
['T27n1545_122:0637a23_15']	彼成就此無表耶。	彼成就此無表耶。	does one possess its non-expression?
['T27n1545_122:0637a24_3']	答應作四句。	答應作四句。	The answer is: one should make four statements.
['T27n1545_122:0637a24_11']	有成就過去身表。	有成就過去身表。	There is one who possesses past bodily expression
['T27n1545_122:0637a24_16']	非此無表。	非此無表。	but not its non-expression.
['T27n1545_122:0637a25_10']	謂生欲界住非律儀非不律儀。	謂生欲界住非律儀非不律儀。	This refers to one born in the desire realm, abiding in neither discipline nor non-discipline,
['T27n1545_122:0637a25_17']	先有身表不失。	先有身表不失。	who previously had bodily expression that was not lost,
['T27n1545_122:0637a26_5']	不得此無表。	不得此無表。	but did not obtain its non-expression.
['T27n1545_122:0637a26_13']	先有身表不失者。	先有身表不失者。	Previously had bodily expression that was not lost means
['T27n1545_122:0637a27_4']	謂三緣故如前所說。	謂三緣故如前所說。	for the three reasons as explained above.
['T27n1545_122:0637a27_11']	不得此無表者。	不得此無表者。	Did not obtain its non-expression means
['T27n1545_122:0637a27_17']	謂非殷重信。	謂非殷重信。	not due to sincere faith,
['T27n1545_122:0637a28_7']	及猛利纏所等起故。	及猛利纏所等起故。	and not arising from intense bonds.
['T27n1545_122:0637a29_2']	有成就過去身無表非此表。	有成就過去身無表非此表。	There is one who possesses past bodily non-expression but not its expression.
['T27n1545_122:0637a29_11']	謂諸聖者住胎藏中。	謂諸聖者住胎藏中。	This refers to noble ones abiding in the womb,
['T27n1545_122:0637b01_1']	若生欲界住律儀。	若生欲界住律儀。	or those born in the desire realm abiding in discipline,
['T27n1545_122:0637b01_9']	不得別解脫律儀。	不得別解脫律儀。	who have not obtained the prātimokṣa discipline,
['T27n1545_122:0637b01_18']	先無身表設有而失。	先無身表設有而失。	and previously had no bodily expression, or even if they had, it was lost.
['T27n1545_122:0637b02_8']	若生色界先無身表。	若生色界先無身表。	If born in the form realm, they previously had no bodily expression,
['T27n1545_122:0637b02_13']	設有而失。	設有而失。	or even if they had, it was lost.
['T27n1545_122:0637b03_8']	若諸學者生無色界無身表等。	若諸學者生無色界無身表等。	If learners are born in the formless realm, they do not have bodily expression, etc.
['T27n1545_122:0637b03_13']	准前應知。	准前應知。	This should be understood according to the previous explanation.
['T27n1545_122:0637b04_10']	問若諸學者以世俗道得不還果。	問若諸學者以世俗道得不還果。	Question: If learners attain the fruit of non-returner through the worldly path,
['T27n1545_122:0637b05_6']	曾不現起無漏律儀便生無色。	曾不現起無漏律儀便生無色。	and never manifest the pure precepts, and are then born in the formless realm,
['T27n1545_122:0637b06_1']	彼云何成就過去身無表業。	彼云何成就過去身無表業。	how can they accomplish past bodily non-manifest karma?
['T27n1545_122:0637b06_6']	若不成就。	若不成就。	If they do not accomplish it,
['T27n1545_122:0637b06_15']	何故此文作如是說。	何故此文作如是說。	why does this text say:
['T27n1545_122:0637b07_6']	若諸學者生無色界耶。	若諸學者生無色界耶。	If learners are born in the formless realm?
['T27n1545_122:0637b07_11']	有作是說。	有作是說。	Some say:
['T27n1545_122:0637b08_2']	亦有學者生無色界。	亦有學者生無色界。	There are also learners born in the formless realm
['T27n1545_122:0637b08_12']	不成就過去身無表業。	不成就過去身無表業。	who do not accomplish past bodily non-manifest karma.
['T27n1545_122:0637b09_5']	然此文中但依成就者說。	然此文中但依成就者說。	However, this text only speaks of those who accomplish it.
['T27n1545_122:0637b09_10']	是以無過。	是以無過。	Therefore there is no error.
['T27n1545_122:0637b09_15']	有餘師說。	有餘師說。	Other masters say:
['T27n1545_122:0637b10_11']	得聖果已必起勝果聖道現前故。	得聖果已必起勝果聖道現前故。	Because after attaining the noble fruit, one necessarily manifests the present noble path of the superior fruit,
['T27n1545_122:0637b11_12']	諸學者生無色界必定成就過去身無表業。	諸學者生無色界必定成就過去身無表業。	all learners born in the formless realm definitely accomplish past bodily non-manifest karma.
['T27n1545_122:0637b12_7']	有成就過去身表亦此無表。	有成就過去身表亦此無表。	There are those who accomplish past bodily manifest karma as well as this non-manifest karma.
['T27n1545_122:0637b12_15']	謂生欲界住律儀。	謂生欲界住律儀。	Namely, those born in the desire realm abiding in the precepts,
['T27n1545_122:0637b13_5']	不得別解脫律儀。	不得別解脫律儀。	One cannot obtain the prātimokṣa precepts.
['T27n1545_122:0637b13_17']	先有身表不失亦得此無表。	先有身表不失亦得此無表。	If one previously had bodily expression that was not lost, one also obtains this non-manifest karma.
['T27n1545_122:0637b14_7', 'T27n1545_122:0637b14_13']	若住別解脫律儀。🔽若住不律儀。	若住別解脫律儀。 若住不律儀。	If one abides in the prātimokṣa precepts,🔽if one abides in the precepts of non-discipline,
['T27n1545_122:0637b15_5']	若住非律儀非不律儀。	若住非律儀非不律儀。	if one abides in neither-discipline-nor-non-discipline,
['T27n1545_122:0637b15_17']	先有身表不失亦得此無表。	先有身表不失亦得此無表。	if one previously had bodily expression that was not lost, one also obtains this non-manifest karma.
['T27n1545_122:0637b16_10']	若生色界先有身表不失。	若生色界先有身表不失。	If one is born in the form realm and previously had bodily expression that was not lost,
['T27n1545_122:0637b17_3']	此中若住別解脫律儀。	此中若住別解脫律儀。	among them, if one abides in the prātimokṣa precepts,
['T27n1545_122:0637b17_12']	若住不律儀者有說。	若住不律儀者有說。	if one abides in the precepts of non-discipline, some say,
['T27n1545_122:0637b18_5']	此文唯說第二剎那以後。	此文唯說第二剎那以後。	this text only discusses after the second moment.
['T27n1545_122:0637b18_10']	初剎那頃。	初剎那頃。	In the first moment,
['T27n1545_122:0637b19_1']	未有過去表無表故。	未有過去表無表故。	because there is no past manifest or non-manifest karma yet.
['T27n1545_122:0637b19_6']	有作是說。	有作是說。	There are those who say,
['T27n1545_122:0637b20_2']	即初剎那亦成就過去表無表業。	即初剎那亦成就過去表無表業。	in the very first moment, one also accomplishes past manifest and non-manifest karma,
['T27n1545_122:0637b20_11']	前加行業彼成就故。	前加行業彼成就故。	because one accomplishes the karma of prior application.
['T27n1545_122:0637b21_2']	有非成就過去身表。	有非成就過去身表。	There are those who do not accomplish past bodily expression,
['T27n1545_122:0637b21_8', 'T27n1545_122:0637b21_13']	亦非此無表。🔽謂處卵㲉。	亦非此無表。 謂處卵㲉。	and also do not have this non-manifest karma.🔽This refers to those in the egg membrane,
['T27n1545_122:0637b22_3']	若諸異生住胎藏中。	若諸異生住胎藏中。	or ordinary beings dwelling in the womb.
['T27n1545_122:0637b22_16']	若生欲界住非律儀非不律儀。	若生欲界住非律儀非不律儀。	If one is born in the desire realm and abides in neither discipline nor non-discipline,
['T27n1545_122:0637b23_7']	先無身表設有而失。	先無身表設有而失。	one may have had bodily expression in the past, but it has been lost.
['T27n1545_122:0637b24_2']	若阿羅漢及諸異生生無色界。	若阿羅漢及諸異生生無色界。	If an arhat or ordinary person is born in the formless realm,
['T27n1545_122:0637b25_8']	若成就過去善身表。	若成就過去善身表。	if one has accomplished past good bodily expression,
['T27n1545_122:0637b25_16']	彼成就此無表耶。	彼成就此無表耶。	does one also accomplish its formless expression?
['T27n1545_122:0637b26_4']	答應作四句。	答應作四句。	The answer is that one should make four statements.
['T27n1545_122:0637b26_17']	有成就過去善身表非此無表。	有成就過去善身表非此無表。	There is accomplishment of past good bodily expression but not its formless expression.
['T27n1545_122:0637b27_8']	謂生欲界住不律儀。	謂生欲界住不律儀。	This refers to being born in the desire realm, abiding in non-discipline,
['T27n1545_122:0637b28_1']	及住非律儀非不律儀。	及住非律儀非不律儀。	and abiding in neither discipline nor non-discipline,
['T27n1545_122:0637b28_9']	先有善身表不失。	先有善身表不失。	having had good bodily expression in the past but not losing it,
['T27n1545_122:0637b28_15']	不得此無表。	不得此無表。	but not obtaining its formless expression.
['T27n1545_122:0637b29_9']	有成就過去善身無表非此表。	有成就過去善身無表非此表。	There is accomplishment of past good bodily formless expression but not its expression.
['T27n1545_122:0637c01_1']	謂諸聖者住胎藏中。	謂諸聖者住胎藏中。	This refers to noble ones abiding in the womb,
['T27n1545_122:0637c01_9']	若生欲界住律儀。	若生欲界住律儀。	if born in the desire realm and abiding in discipline,
['T27n1545_122:0637c01_17']	不得別解脫律儀。	不得別解脫律儀。	but not obtaining the prātimokṣa discipline,
['T27n1545_122:0637c02_8']	先無善身表設有而失。	先無善身表設有而失。	having had good bodily expression in the past but losing it,
['T27n1545_122:0637c03_5']	若生色界先無善身表設有而失。	若生色界先無善身表設有而失。	if born in the form realm and having had good bodily expression in the past but losing it,
['T27n1545_122:0637c03_14']	若諸學者生無色界。	若諸學者生無色界。	if learners are born in the formless realm.
['T27n1545_122:0637c04_9']	有成就過去善身表亦此無表。	有成就過去善身表亦此無表。	There are those who have acquired past good bodily expression and also this non-manifest karma.
['T27n1545_122:0637c05_7']	謂生欲界住律儀不得別解脫律儀。	謂生欲界住律儀不得別解脫律儀。	Namely, those born in the desire realm who abide in the precepts but do not obtain the prātimokṣa precepts,
['T27n1545_122:0637c05_15']	先有善身表不失。	先有善身表不失。	who previously had good bodily expression that was not lost,
['T27n1545_122:0637c06_3']	亦得此無表。	亦得此無表。	and who also obtained this non-manifest karma.
['T27n1545_122:0637c06_11', 'T27n1545_122:0637c06_17']	若住別解脫律儀。🔽若住不律儀。	若住別解脫律儀。 若住不律儀。	If abiding in the prātimokṣa precepts,🔽if abiding in the precepts of non-discipline,
['T27n1545_122:0637c07_8']	及住非律儀非不律儀。	及住非律儀非不律儀。	and if abiding in neither the precepts nor non-precepts,
['T27n1545_122:0637c07_16']	先有善身表不失。	先有善身表不失。	who previously had good bodily expression that was not lost,
['T27n1545_122:0637c08_4']	亦得此無表。	亦得此無表。	and who also obtained this non-manifest karma.
['T27n1545_122:0637c08_16']	若生色界先有善身表不失。	若生色界先有善身表不失。	If born in the form realm, who previously had good bodily expression that was not lost.
['T27n1545_122:0637c09_7']	若住別解脫律儀者。	若住別解脫律儀者。	If abiding in the prātimokṣa precepts,
['T27n1545_122:0637c09_16']	此中二說如前應知。	此中二說如前應知。	here the two explanations should be understood as before.
['T27n1545_122:0637c10_4']	問生色界者。	問生色界者。	Question: How do those born in the form realm
['T27n1545_122:0637c10_14']	云何成就過去善身表。	云何成就過去善身表。	acquire past good bodily expression?
['T27n1545_122:0637c11_6']	答如佛一時往至梵世。	答如佛一時往至梵世。	Answer: As when the Buddha once went to the Brahma world,
['T27n1545_122:0637c11_15']	梵眾諸天禮拜旋遶。	梵眾諸天禮拜旋遶。	the Brahma-heavens paid homage and circumambulated him,
['T27n1545_122:0637c12_6']	乃至彼加行未捨以來。	乃至彼加行未捨以來。	until they abandoned their preparatory efforts.
['T27n1545_122:0637c12_15']	成就過去善身表業。	成就過去善身表業。	They acquired past good bodily manifest karma.
['T27n1545_122:0637c13_12']	有非成就過去善身表亦非此無表。	有非成就過去善身表亦非此無表。	There are those who have not acquired past good bodily expression and also not this non-manifest karma.
['T27n1545_122:0637c13_17']	謂處卵㲉。	謂處卵㲉。	It refers to those who are in the egg.
['T27n1545_122:0637c14_8']	若諸異生住胎藏中。	若諸異生住胎藏中。	If ordinary beings are in the womb.
['T27n1545_122:0637c14_17']	若生欲界住不律儀。	若生欲界住不律儀。	If born in the desire realm, abiding in neither discipline nor undiscipline.
['T27n1545_122:0637c15_9']	及住非律儀非不律儀。	及住非律儀非不律儀。	And abiding in neither discipline nor undiscipline.
['T27n1545_122:0637c16_1']	先無善身表設有而失。	先無善身表設有而失。	If previously having good bodily expression, but having lost it.
['T27n1545_122:0637c16_10']	若阿羅漢及諸異生。	若阿羅漢及諸異生。	If arhats and ordinary beings.
['T27n1545_122:0637c16_15']	生無色界。	生無色界。	Are born in the formless realm.
['T27n1545_122:0637c17_9']	若成就過去不善身表。	若成就過去不善身表。	If one has accomplished past unwholesome bodily expression,
['T27n1545_122:0637c17_17']	彼成就此無表耶。	彼成就此無表耶。	does one also have its non-expression?
['T27n1545_122:0637c18_11']	答諸成就過去不善身無表。	答諸成就過去不善身無表。	The answer is: Those who have accomplished past unwholesome bodily non-expression,
['T27n1545_122:0637c18_17']	彼成就此表。	彼成就此表。	they have accomplished its expression.
['T27n1545_122:0637c19_13']	有成就過去不善身表非此無表。	有成就過去不善身表非此無表。	There are those who have accomplished past unwholesome bodily expression but not its non-expression.
['T27n1545_122:0637c20_4']	謂生欲界住律儀。	謂生欲界住律儀。	It refers to being born in the desire realm, abiding in discipline,
['T27n1545_122:0637c20_14']	及住非律儀非不律儀。	及住非律儀非不律儀。	and abiding in neither discipline nor undiscipline.
['T27n1545_122:0637c21_5']	先有不善身表不失。	先有不善身表不失。	Previously having unwholesome bodily expression, but not losing it.
['T27n1545_122:0637c21_11']	不得此無表。	不得此無表。	Not obtaining its non-expression.
['T27n1545_122:0637c22_2']	此中二說如前應知。	此中二說如前應知。	Here, the two explanations should be understood as before.
['T27n1545_122:0637c23_11']	若成就過去有覆無記身表。	若成就過去有覆無記身表。	If one has accomplished past obscured neutral bodily expression,
['T27n1545_122:0637c24_2']	彼成就此無表耶。	彼成就此無表耶。	does one also have its non-expression?
['T27n1545_122:0637c25_1']	答無成就過去有覆無記身表及此無表。	答無成就過去有覆無記身表及此無表。	Answer: There is no one who has accomplished past obscured neutral bodily expression and its non-manifest karma.
['T27n1545_122:0637c26_2']	若成就過去無覆無記身表彼成就此無表耶。	若成就過去無覆無記身表彼成就此無表耶。	If one has accomplished past unobscured neutral bodily expression, does one have accomplishment of its non-manifest karma?
['T27n1545_122:0637c27_1']	答無成就過去無覆無記身表及此無表。	答無成就過去無覆無記身表及此無表。	Answer: There is no one who has accomplished past unobscured neutral bodily expression and its non-manifest karma.
['T27n1545_122:0637c28_7']	若成就未來身表。	若成就未來身表。	If one has accomplished future bodily expression,
['T27n1545_122:0637c28_15']	彼成就此無表耶。	彼成就此無表耶。	does one have accomplishment of its non-manifest karma?
['T27n1545_122:0637c29_6']	答無成就未來身表。	答無成就未來身表。	Answer: There is no one who has accomplished future bodily expression.
['T27n1545_122:0637c29_13']	有成就此無表。	有成就此無表。	There is one who has accomplishment of its non-manifest karma.
['T27n1545_122:0638a01_4']	謂諸聖者住胎藏中。	謂諸聖者住胎藏中。	This refers to noble ones dwelling in the womb.
['T27n1545_122:0638a01_14']	生欲界已得色界善心。	生欲界已得色界善心。	Those who have already been born in the desire realm and obtained wholesome thoughts of the form realm.
['T27n1545_122:0638a02_10']	若生色界若諸聖者生無色界。	若生色界若諸聖者生無色界。	Those born in the form realm, or noble ones born in the formless realm.
['T27n1545_122:0638a03_7']	問何故無有成就未來身語表業。	問何故無有成就未來身語表業。	Question: Why is there no one who has accomplished future bodily and verbal manifest karma?
['T27n1545_122:0638a04_4']	答無有預造未來表業非已生故。	答無有預造未來表業非已生故。	Answer: Because there is no one who has already created future manifest karma that has not yet arisen.
['T27n1545_122:0638a04_14']	若成就未來身語表業。	若成就未來身語表業。	If one has accomplished future bodily and verbal manifest karma,
['T27n1545_122:0638a05_5']	應未造業而有受用。	應未造業而有受用。	one should have enjoyment of karma that has not yet been created.
['T27n1545_122:0638a05_14']	何故成就未來無表。	何故成就未來無表。	Why is there accomplishment of future non-manifest karma?
['T27n1545_122:0638a06_5']	彼與心俱隨心修故。	彼與心俱隨心修故。	Because it accompanies the mind and is cultivated in accordance with the mind.
['T27n1545_122:0638a07_8']	若成就未來善身表。	若成就未來善身表。	If one possesses future good bodily expression,
['T27n1545_122:0638a07_16']	彼成就此無表耶。	彼成就此無表耶。	does one possess its formless?
['T27n1545_122:0638a08_8']	答無成就未來善身表。	答無成就未來善身表。	Answer: There is no one who possesses future good bodily expression.
['T27n1545_122:0638a08_15']	有成就此無表。	有成就此無表。	There is one who possesses its formless.
['T27n1545_122:0638a09_6']	謂諸聖者住胎藏中。	謂諸聖者住胎藏中。	That is, noble ones dwelling in the womb.
['T27n1545_122:0638a09_17']	若生欲界已得色界善心。	若生欲界已得色界善心。	If born in the desire realm and already attained a good mind of the form realm,
['T27n1545_122:0638a10_4']	若生色界。	若生色界。	if born in the form realm,
['T27n1545_122:0638a10_13']	若諸聖者生無色界。	若諸聖者生無色界。	if noble ones are born in the formless realm.
['T27n1545_122:0638a11_9']	若成就未來不善身表。	若成就未來不善身表。	If one possesses future unwholesome bodily expression,
['T27n1545_122:0638a11_17']	彼成就此無表耶。	彼成就此無表耶。	does one possess its formless?
['T27n1545_122:0638a12_14']	答無成就未來不善身表及此無表。	答無成就未來不善身表及此無表。	Answer: There is no one who possesses future unwholesome bodily expression and its formless.
['T27n1545_122:0638a13_11']	若成就未來有覆無記身表。	若成就未來有覆無記身表。	If one possesses future obscured indeterminate bodily expression,
['T27n1545_122:0638a14_1']	彼成就此無表耶。	彼成就此無表耶。	does one possess its formless?
['T27n1545_122:0638a15_1']	答無成就未來有覆無記身表及此無表。	答無成就未來有覆無記身表及此無表。	Answer: There is no one who possesses future obscured indeterminate bodily expression and its formless.
['T27n1545_122:0638a16_11']	若成就未來無覆無記身表。	若成就未來無覆無記身表。	If one possesses future unobscured indeterminate bodily expression,
['T27n1545_122:0638a17_1']	彼成就此無表耶。	彼成就此無表耶。	does one possess its formless?
['T27n1545_122:0638a18_1']	答無成就未來無覆無記身表及此無表。	答無成就未來無覆無記身表及此無表。	Answer: There is no one who possesses future unobscured indeterminate bodily expression and its formless.
['T27n1545_122:0638a19_1']	問何故無有成就去來有覆無覆無記表業。	問何故無有成就去來有覆無覆無記表業。	Why is there no attainment of past or future manifest karma that is obscured or unobscured-indeterminate?
['T27n1545_122:0638a19_11']	答彼成就得勢力唯爾。	答彼成就得勢力唯爾。	The answer is: The power of attainment is just like that.
['T27n1545_122:0638a20_1']	但能成就同剎那業。	但能成就同剎那業。	It can only attain karma of the same moment.
['T27n1545_122:0638a20_10']	無力能成已滅未至。	無力能成已滅未至。	It has no power to attain that which has already ceased or that which has not yet occurred.
['T27n1545_122:0638a20_19']	彼業過去得亦過去。	彼業過去得亦過去。	That karma, being past, its attainment is also past.
['T27n1545_122:0638a21_8']	彼業未來得亦未來。	彼業未來得亦未來。	That karma, being future, its attainment is also future.
['T27n1545_122:0638a21_17']	彼業現在得亦現在。	彼業現在得亦現在。	That karma, being present, its attainment is also present.
['T27n1545_122:0638a22_1']	有說。	有說。	Some say:
['T27n1545_122:0638a22_10']	彼業習氣不堅牢故。	彼業習氣不堅牢故。	Because the habitual tendencies of that karma are not firm,
['T27n1545_122:0638a22_18']	無成就去來世者。	無成就去來世者。	There is no attainment of past or future karma.
['T27n1545_122:0638a23_8']	如善惡業習氣堅牢。	如善惡業習氣堅牢。	Just as the habitual tendencies of good and bad karma are firm,
['T27n1545_122:0638a23_17']	則能成就去來二世。	則能成就去來二世。	One can attain the two time periods of past and future.
['T27n1545_122:0638a24_3']	無記不爾。	無記不爾。	Indeterminate karma is not like this.
['T27n1545_122:0638a25_7']	若成就現在身表。	若成就現在身表。	If one attains present manifest bodily karma,
['T27n1545_122:0638a25_15']	彼成就此無表耶。	彼成就此無表耶。	Does one also attain its unmanifest karma?
['T27n1545_122:0638a26_3']	答應作四句。	答應作四句。	The answer is: Four sentences should be made.
['T27n1545_122:0638a26_11']	有成就現在身表。	有成就現在身表。	There is attainment of present manifest bodily karma,
['T27n1545_122:0638a26_16']	非此無表。	非此無表。	But not its unmanifest karma.
['T27n1545_122:0638a27_6']	謂生欲界住律儀。	謂生欲界住律儀。	This refers to one born in the desire realm who abides in the precepts,
['T27n1545_122:0638a27_14']	不得別解脫律儀。	不得別解脫律儀。	But does not obtain the precepts of individual liberation,
['T27n1545_122:0638a28_6']	現有身表不得此無表。	現有身表不得此無表。	And who currently has manifest bodily karma but does not obtain its unmanifest karma.
['T27n1545_122:0638a28_14']	設先有身表不失。	設先有身表不失。	Even if one previously had bodily expression that was not lost,
['T27n1545_122:0638a29_3']	而不得此無表。	而不得此無表。	one would not obtain this non-manifest karma.
['T27n1545_122:0638b01_5']	若住非律儀非不律儀現有身表不得此無表。	若住非律儀非不律儀現有身表不得此無表。	If one abides in neither discipline nor non-discipline and currently has bodily expression, one would not obtain this non-manifest karma.
['T27n1545_122:0638b01_13']	設先有身表不失。	設先有身表不失。	Even if one previously had bodily expression that was not lost,
['T27n1545_122:0638b02_2']	而不得此無表。	而不得此無表。	one would not obtain this non-manifest karma.
['T27n1545_122:0638b02_11']	若生色界現有身表。	若生色界現有身表。	If one is born in the form realm and currently has bodily expression,
['T27n1545_122:0638b03_3']	此中生欲界住律儀者。	此中生欲界住律儀者。	Here, one born in the desire realm who abides in discipline
['T27n1545_122:0638b03_12']	謂住靜慮無漏律儀。	謂住靜慮無漏律儀。	refers to abiding in the discipline of meditative concentration and the undefiled.
['T27n1545_122:0638b03_18']	現有身表者。	現有身表者。	One who currently has bodily expression
['T27n1545_122:0638b04_12']	即顯爾時心不在定及不眠等。	即顯爾時心不在定及不眠等。	shows that at that time the mind is not in concentration and is not in sleep, etc.
['T27n1545_122:0638b05_2']	不得此無表者。	不得此無表者。	One who does not obtain this non-manifest karma
['T27n1545_122:0638b05_15']	顯過現表非殷重信非猛利纏。	顯過現表非殷重信非猛利纏。	shows that past and present expression is not due to sincere faith or intense defilements,
['T27n1545_122:0638b06_2']	所等起故。	所等起故。	because it is produced by that.
['T27n1545_122:0638b06_8']	不發無表故。	不發無表故。	Because it does not give rise to non-manifest karma.
['T27n1545_122:0638b07_6']	現在無有成就現在身無表非此表。	現在無有成就現在身無表非此表。	In the present, there is no possession of present bodily non-manifest karma, but there is this expression.
['T27n1545_122:0638b07_14']	謂生欲界住律儀。	謂生欲界住律儀。	That is, one born in the desire realm who abides in discipline
['T27n1545_122:0638b08_5']	不得別解脫律儀。	不得別解脫律儀。	but does not obtain the discipline of individual liberation.
['T27n1545_122:0638b08_13']	正在定設不在定。	正在定設不在定。	Even if one is not in concentration,
['T27n1545_122:0638b08_18']	現無身表。	現無身表。	currently without bodily expression,
['T27n1545_122:0638b09_10', 'T27n1545_122:0638b10_10']	先有身表不失得此無表。🔽若住別解脫律儀及住不律儀現無身表。	先有身表不失得此無表。 若住別解脫律儀及住不律儀現無身表。	If one previously had bodily expression that was not lost, one obtains this non-manifest karma.🔽If one abides in the discipline of individual liberation or abides in non-discipline and currently has no bodily expression,
['T27n1545_122:0638b11_7']	若住非律儀非不律儀現無身表。	若住非律儀非不律儀現無身表。	if one abides in neither discipline nor non-discipline and currently has no bodily expression,
['T27n1545_122:0638b12_1']	先有身表不失得此無表。	先有身表不失得此無表。	if one previously had bodily expression that was not lost, one obtains this non-manifest karma.
['T27n1545_122:0638b12_9']	若生色界正在定。	若生色界正在定。	If one is born in the form realm and is currently in concentration,
['T27n1545_122:0638b12_16']	此中正在定者。	此中正在定者。	Here, currently in concentration
['T27n1545_122:0638b13_7']	顯有無表亦遮有表。	顯有無表亦遮有表。	shows that there is non-manifest karma and also excludes manifest karma.
['T27n1545_122:0638b13_13']	得此無表者。	得此無表者。	Obtains this non-manifest karma
['T27n1545_122:0638b14_3']	顯有過去身表。	顯有過去身表。	shows that there is past bodily expression.
['T27n1545_122:0638b14_14']	所發身無表業現在隨轉。	所發身無表業現在隨轉。	The present bodily non-manifest karma that is produced continues.
['T27n1545_122:0638b15_4']	若住別解脫律儀。	若住別解脫律儀。	If one abides in the discipline of individual liberation
['T27n1545_122:0638b15_10']	及住不律儀。	及住不律儀。	and abides in non-discipline,
['T27n1545_122:0638b15_16']	現無身表者。	現無身表者。	currently has no bodily expression,
['T27n1545_122:0638b16_2']	有作是說。	有作是說。	Some say:
['T27n1545_122:0638b16_11']	此說第二剎那以後。	此說第二剎那以後。	This refers to after the second moment.
['T27n1545_122:0638b17_1']	彼初剎那必有表故。	彼初剎那必有表故。	Because in the first moment, there must be manifest karma.
['T27n1545_122:0638b17_6']	有作是說。	有作是說。	Some say:
['T27n1545_122:0638b17_16']	彼初剎那亦是所說有。	彼初剎那亦是所說有。	The first moment is also what is referred to as having.
['T27n1545_122:0638b18_2', 'T27n1545_122:0638b18_8']	現無身表。🔽受不律儀故。	現無身表。 受不律儀故。	Currently has no bodily expression.🔽Because one accepts non-discipline,
['T27n1545_122:0638b18_17']	及在定中得具戒故。	及在定中得具戒故。	and because one attains the precepts while in concentration.
['T27n1545_122:0638b19_11']	有成就現在身表亦此無表。	有成就現在身表亦此無表。	There are those who have acquired present bodily expression and also this avijñapti.
['T27n1545_122:0638b20_2']	謂生欲界住律儀。	謂生欲界住律儀。	Namely, those born in the desire realm who abide in the precepts,
['T27n1545_122:0638b20_10']	不得別解脫律儀。	不得別解脫律儀。	but do not obtain the prātimokṣa precepts,
['T27n1545_122:0638b21_2']	現有身表亦得此無表。	現有身表亦得此無表。	currently have bodily expression and also acquire this avijñapti.
['T27n1545_122:0638b21_10']	或先有身表不失。	或先有身表不失。	Or if they previously had bodily expression that was not lost,
['T27n1545_122:0638b21_15']	得此無表。	得此無表。	they acquire this avijñapti.
['T27n1545_122:0638b22_4']	若住別解脫律儀。	若住別解脫律儀。	If they abide in the prātimokṣa precepts,
['T27n1545_122:0638b22_10']	及住不律儀。	及住不律儀。	and also abide in the non-precepts,
['T27n1545_122:0638b22_15']	現有身表。	現有身表。	they currently have bodily expression.
['T27n1545_122:0638b23_6']	若住非律儀非不律儀。	若住非律儀非不律儀。	If they abide in neither the precepts nor the non-precepts,
['T27n1545_122:0638b23_16']	現有身表亦得此無表。	現有身表亦得此無表。	they currently have bodily expression and also acquire this avijñapti.
['T27n1545_122:0638b24_6']	或先有身表不失。	或先有身表不失。	Or if they previously had bodily expression that was not lost,
['T27n1545_122:0638b24_11']	得此無表。	得此無表。	they acquire this avijñapti.
['T27n1545_122:0638b25_3']	此中若住別解脫律儀。	此中若住別解脫律儀。	Among them, if they abide in the prātimokṣa precepts,
['T27n1545_122:0638b25_9']	及住不律儀。	及住不律儀。	and also abide in the non-precepts,
['T27n1545_122:0638b25_15']	現有身表者。	現有身表者。	they currently have bodily expression.
['T27n1545_122:0638b26_1']	有作是說。	有作是說。	Some say:
['T27n1545_122:0638b26_9']	唯取初剎那以後。	唯取初剎那以後。	Only the subsequent moments are taken,
['T27n1545_122:0638b26_17']	諸剎那無身表故。	諸剎那無身表故。	because there is no bodily expression in the subsequent moments.
['T27n1545_122:0638b27_1']	有說。	有說。	Some say:
['T27n1545_122:0638b27_8']	亦取諸餘剎那。	亦取諸餘剎那。	The other moments are also taken,
['T27n1545_122:0638b27_17']	後位身表亦容起故。	後位身表亦容起故。	because bodily expression may arise in the subsequent stages.
['T27n1545_122:0638b28_12']	有非成就現在身表亦非此無表。	有非成就現在身表亦非此無表。	There are those who do not possess present bodily expression and also do not possess its non-manifestation.
['T27n1545_122:0638b29_5']	謂處卵㲉及住胎藏中。	謂處卵㲉及住胎藏中。	Namely, those in the egg or womb.
['T27n1545_122:0638b29_13']	若生欲界住律儀。	若生欲界住律儀。	If born in the desire realm and abiding in precepts,
['T27n1545_122:0638c01_4']	不得別解脫律儀。	不得別解脫律儀。	not abiding in the precepts of individual liberation,
['T27n1545_122:0638c01_12']	不在定現無身表。	不在定現無身表。	not in concentration, presently without bodily expression,
['T27n1545_122:0638c02_8']	設先有身表不失而不得此無表。	設先有身表不失而不得此無表。	even if one previously had bodily expression and did not lose it, but does not obtain this non-manifestation.
['T27n1545_122:0638c03_5']	若住非律儀非不律儀現無身表。	若住非律儀非不律儀現無身表。	If abiding in neither precepts nor not precepts, presently without bodily expression,
['T27n1545_122:0638c03_13']	設先有身表不失。	設先有身表不失。	even if one previously had bodily expression and did not lose it,
['T27n1545_122:0638c04_2']	而不得此無表。	而不得此無表。	but does not obtain this non-manifestation.
['T27n1545_122:0638c04_14']	若生色界不在定現無身表。	若生色界不在定現無身表。	If born in the form realm, not in concentration, presently without bodily expression,
['T27n1545_122:0638c05_2']	若生無色界。	若生無色界。	if born in the formless realm.
['T27n1545_122:0638c05_9']	此中不在定者。	此中不在定者。	Here, not in concentration
['T27n1545_122:0638c05_18']	顯不成就現在無表。	顯不成就現在無表。	shows not possessing present non-manifestation.
['T27n1545_122:0638c06_4']	餘如前說。	餘如前說。	The rest is as explained above.
['T27n1545_122:0638c06_13']	若成就現在善身表。	若成就現在善身表。	If one possesses present good bodily expression,
['T27n1545_122:0638c07_3']	彼成就此無表耶。	彼成就此無表耶。	does one possess its non-manifestation?
['T27n1545_122:0638c07_9']	答應作四句。	答應作四句。	The answer is: one should make four statements.
['T27n1545_122:0638c08_4']	有成就現在善身表非此無表。	有成就現在善身表非此無表。	There are those who possess present good bodily expression but not its non-manifestation.
['T27n1545_122:0638c08_12']	謂生欲界住律儀。	謂生欲界住律儀。	Namely, those born in the desire realm, abiding in precepts,
['T27n1545_122:0638c09_3']	不得別解脫律儀。	不得別解脫律儀。	One cannot obtain the prātimokṣa precepts.
['T27n1545_122:0638c09_9']	現有善身表。	現有善身表。	If one currently has good bodily expression,
['T27n1545_122:0638c09_15']	不得此無表。	不得此無表。	One cannot obtain this non-expression.
['T27n1545_122:0638c10_5']	設先有善身表不失。	設先有善身表不失。	Even if one previously had good bodily expression that was not lost,
['T27n1545_122:0638c10_12']	而不得此無表。	而不得此無表。	One still cannot obtain this non-expression.
['T27n1545_122:0638c10_18']	若住不律儀。	若住不律儀。	If one abides in the unwholesome precepts,
['T27n1545_122:0638c11_9']	及住非律儀非不律儀。	及住非律儀非不律儀。	And abides in neither the wholesome nor unwholesome precepts,
['T27n1545_122:0638c11_15']	現有善身表。	現有善身表。	If one currently has good bodily expression,
['T27n1545_122:0638c12_3']	不得此無表。	不得此無表。	One cannot obtain this non-expression.
['T27n1545_122:0638c12_12']	設先有善身表不失。	設先有善身表不失。	Even if one previously had good bodily expression that was not lost,
['T27n1545_122:0638c13_1', 'T27n1545_122:0638c13_11']	而不得此無表。🔽若生色界現有善身表。	而不得此無表。 若生色界現有善身表。	One still cannot obtain this non-expression.🔽If one is born in the form realm and currently has good bodily expression,
['T27n1545_122:0638c14_6']	此中若生色界現有善身表者。	此中若生色界現有善身表者。	If one is born in the form realm and currently has good bodily expression,
['T27n1545_122:0638c14_15']	必不成就現在無表。	必不成就現在無表。	One necessarily does not accomplish the present non-expression.
['T27n1545_122:0638c15_4']	以必不在定故。	以必不在定故。	Because one is necessarily not in concentration.
['T27n1545_122:0638c15_9']	餘如前說。	餘如前說。	The rest is as explained above.
['T27n1545_122:0638c16_4']	有成就現在善身無表非此表。	有成就現在善身無表非此表。	There are those who accomplish the present good bodily non-expression but not this expression.
['T27n1545_122:0638c16_12']	謂生欲界住律儀。	謂生欲界住律儀。	Namely, those born in the desire realm who abide in the wholesome precepts,
['T27n1545_122:0638c17_3']	不得別解脫律儀。	不得別解脫律儀。	But do not obtain the prātimokṣa precepts,
['T27n1545_122:0638c17_16']	正在定設不在定現無善身表。	正在定設不在定現無善身表。	Are currently in concentration, or even if not in concentration, do not have good bodily expression,
['T27n1545_122:0638c18_11']	先有善身表不失而得此無表。	先有善身表不失而得此無表。	And have previously had good bodily expression that is not lost, and obtain this non-expression.
['T27n1545_122:0638c19_7']	若住別解脫律儀現無善身表。	若住別解脫律儀現無善身表。	If one abides in the discipline of individual liberation and does not presently have good bodily expression,
['T27n1545_122:0638c19_13']	若住不律儀。	若住不律儀。	if one abides in undiscipline,
['T27n1545_122:0638c20_5']	及住非律儀非不律儀。	及住非律儀非不律儀。	and if one abides in neither discipline nor undiscipline,
['T27n1545_122:0638c20_11']	現無善身表。	現無善身表。	and does not presently have good bodily expression,
['T27n1545_122:0638c21_6']	先有善身表不失而得此無表。	先有善身表不失而得此無表。	if one previously had good bodily expression that was not lost and obtained this non-manifest karma,
['T27n1545_122:0638c21_14']	若生色界正在定。	若生色界正在定。	if one is born in the form realm and is presently in concentration,
['T27n1545_122:0638c22_4']	若住別解脫律儀。	若住別解脫律儀。	if one abides in the discipline of individual liberation,
['T27n1545_122:0638c22_11']	現無善身表者。	現無善身表者。	and does not presently have good bodily expression,
['T27n1545_122:0638c22_16']	有作是說。	有作是說。	Some say:
['T27n1545_122:0638c23_6']	此說第二剎那以後。	此說第二剎那以後。	This refers to after the second moment.
['T27n1545_122:0638c23_11']	有作是說。	有作是說。	Some say:
['T27n1545_122:0638c24_2']	通初剎那如前說故。	通初剎那如前說故。	It extends to the first moment, as explained above.
['T27n1545_122:0638c25_12']	有成就現在善身表亦此無表。	有成就現在善身表亦此無表。	There are those who have present good bodily expression and also this non-manifest karma.
['T27n1545_122:0638c26_3']	謂生欲界住律儀。	謂生欲界住律儀。	Namely, if born in the desire realm, abiding in discipline,
['T27n1545_122:0638c26_11']	不得別解脫律儀。	不得別解脫律儀。	not obtaining the discipline of individual liberation,
['T27n1545_122:0638c27_4']	現有善身表亦得此無表。	現有善身表亦得此無表。	presently having good bodily expression and also obtaining this non-manifest karma,
['T27n1545_122:0638c27_12']	先有善身表不失。	先有善身表不失。	if one previously had good bodily expression that was not lost,
['T27n1545_122:0638c27_17']	得此無表。	得此無表。	obtaining this non-manifest karma,
['T27n1545_122:0638c28_6']	若住別解脫律儀。	若住別解脫律儀。	if abiding in the discipline of individual liberation,
['T27n1545_122:0638c28_12']	現有善身表。	現有善身表。	presently having good bodily expression,
['T27n1545_122:0638c28_18']	若住不律儀。	若住不律儀。	if abiding in undiscipline,
['T27n1545_122:0638c29_9']	及住非律儀非不律儀。	及住非律儀非不律儀。	and those abiding in neither discipline nor indiscipline.
['T27n1545_122:0638c29_15']	現有善身表。	現有善身表。	If one currently has good bodily expression,
['T27n1545_122:0639a01_3']	亦得此無表。	亦得此無表。	one also obtains this non-manifest karma.
['T27n1545_122:0639a01_15']	先有善身表不失得此無表。	先有善身表不失得此無表。	If one previously had good bodily expression that was not lost, one obtains this non-manifest karma.
['T27n1545_122:0639a02_7']	有非成就現在善身表。	有非成就現在善身表。	There are those who do not possess present good bodily expression,
['T27n1545_122:0639a02_13', 'T27n1545_122:0639a02_18']	亦非此無表。🔽謂處卵㲉。	亦非此無表。 謂處卵㲉。	and also do not have this non-manifest karma.🔽This refers to those in the egg membrane,
['T27n1545_122:0639a03_5']	及住胎藏中。	及住胎藏中。	and those abiding in the womb.
['T27n1545_122:0639a03_13']	若生欲界住律儀。	若生欲界住律儀。	If born in the desire realm, abiding in discipline,
['T27n1545_122:0639a04_6']	不得別解脫律儀不在定。	不得別解脫律儀不在定。	not obtaining the prātimokṣa discipline, not in concentration,
['T27n1545_122:0639a04_12']	現無善身表。	現無善身表。	currently without good bodily expression,
['T27n1545_122:0639a05_4']	設先有善身表不失。	設先有善身表不失。	even if one previously had good bodily expression that was not lost,
['T27n1545_122:0639a05_11']	而不得此無表。	而不得此無表。	but did not obtain this non-manifest karma.
['T27n1545_122:0639a05_17']	若住不律儀。	若住不律儀。	If abiding in indiscipline,
['T27n1545_122:0639a06_9']	及住非律儀非不律儀。	及住非律儀非不律儀。	and abiding in neither discipline nor indiscipline,
['T27n1545_122:0639a06_15']	現無善身表。	現無善身表。	currently without good bodily expression,
['T27n1545_122:0639a07_6']	設先有善身表不失。	設先有善身表不失。	even if one previously had good bodily expression that was not lost,
['T27n1545_122:0639a07_13']	而不得此無表。	而不得此無表。	but did not obtain this non-manifest karma.
['T27n1545_122:0639a08_4']	若生色界不在定。	若生色界不在定。	If born in the form realm, not in concentration,
['T27n1545_122:0639a08_10']	現無善身表。	現無善身表。	currently without good bodily expression.
['T27n1545_122:0639a08_16']	若生無色界。	若生無色界。	If born in the formless realm.
['T27n1545_122:0639a09_8']	若成就現在不善身表。	若成就現在不善身表。	If one possesses present non-virtuous bodily expression,
['T27n1545_122:0639a09_16']	彼成就此無表耶。	彼成就此無表耶。	Do they possess this avijñapti?
['T27n1545_122:0639a10_4']	答應作四句。	答應作四句。	The answer is: Four sentences should be made.
['T27n1545_122:0639a11_2']	有成就現在不善身表非此無表。	有成就現在不善身表非此無表。	There is possession of present unwholesome bodily expression but not this avijñapti.
['T27n1545_122:0639a11_10']	謂生欲界住律儀。	謂生欲界住律儀。	Namely, being born in the desire realm, abiding in the precepts,
['T27n1545_122:0639a12_3']	及住非律儀非不律儀。	及住非律儀非不律儀。	and abiding in neither precepts nor not precepts.
['T27n1545_122:0639a12_10']	現有不善身表。	現有不善身表。	There is present unwholesome bodily expression.
['T27n1545_122:0639a12_16']	不得此無表。	不得此無表。	One does not obtain this avijñapti.
['T27n1545_122:0639a13_13']	設先有不善身表不失而不得此無表。	設先有不善身表不失而不得此無表。	Even if one previously had unwholesome bodily expression that was not lost, one does not obtain this avijñapti.
['T27n1545_122:0639a14_1']	住律儀者。	住律儀者。	Abiding in the precepts means
['T27n1545_122:0639a14_8']	謂住三種律儀。	謂住三種律儀。	abiding in the three kinds of precepts.
['T27n1545_122:0639a14_15']	不得此無表者。	不得此無表者。	Not obtaining this avijñapti means
['T27n1545_122:0639a15_5']	非猛利纏所等起故。	非猛利纏所等起故。	not arising from intense bonds.
['T27n1545_122:0639a15_11']	餘皆如前說。	餘皆如前說。	The rest is all as explained above.
['T27n1545_122:0639a16_7']	有成就現在不善身無表非此表。	有成就現在不善身無表非此表。	There is possession of present unwholesome bodily avijñapti but not this expression.
['T27n1545_122:0639a16_16']	謂生欲界住不律儀。	謂生欲界住不律儀。	Namely, being born in the desire realm, abiding in non-precepts,
['T27n1545_122:0639a17_5']	現無不善身表。	現無不善身表。	currently without unwholesome bodily expression.
['T27n1545_122:0639a17_10']	若住律儀。	若住律儀。	If abiding in the precepts,
['T27n1545_122:0639a18_2']	及住非律儀非不律儀。	及住非律儀非不律儀。	and abiding in neither precepts nor not precepts,
['T27n1545_122:0639a18_9']	現無不善身表。	現無不善身表。	currently without unwholesome bodily expression,
['T27n1545_122:0639a18_18']	先有不善身表不失。	先有不善身表不失。	previously having unwholesome bodily expression that is not lost,
['T27n1545_122:0639a19_4']	得此無表。	得此無表。	obtaining this avijñapti.
['T27n1545_122:0639a19_16']	住不律儀現無不善身表者。	住不律儀現無不善身表者。	Those abiding in non-discipline who do not currently have unwholesome bodily expressions.
['T27n1545_122:0639a20_3']	有作是說。	有作是說。	Some say:
['T27n1545_122:0639a20_8']	除初剎那。	除初剎那。	Except for the first moment.
['T27n1545_122:0639a20_13']	有說通初。	有說通初。	Some say it includes the first moment.
['T27n1545_122:0639a21_6']	有但由語發身不律儀故。	有但由語發身不律儀故。	Because some give rise to non-discipline of the body only through speech.
['T27n1545_122:0639a22_13']	有成就現在不善身表亦此無表。	有成就現在不善身表亦此無表。	There are those who accomplish present unwholesome bodily expressions and also this non-expression.
['T27n1545_122:0639a23_4']	謂生欲界住律儀。	謂生欲界住律儀。	Namely, those born in the desire realm who abide in discipline,
['T27n1545_122:0639a23_14']	及住非律儀非不律儀。	及住非律儀非不律儀。	and those who abide in neither discipline nor non-discipline.
['T27n1545_122:0639a24_3']	現有不善身表。	現有不善身表。	Currently have unwholesome bodily expressions.
['T27n1545_122:0639a24_9']	亦得此無表。	亦得此無表。	And also obtain this non-expression.
['T27n1545_122:0639a25_4']	先有不善身表不失得此無表。	先有不善身表不失得此無表。	Those who previously had unwholesome bodily expressions that were not lost obtain this non-expression.
['T27n1545_122:0639a25_10']	若住不律儀。	若住不律儀。	If abiding in non-discipline.
['T27n1545_122:0639a25_17']	現有不善身表。	現有不善身表。	Currently have unwholesome bodily expressions.
['T27n1545_122:0639a26_3']	皆如前說。	皆如前說。	All are as explained above.
['T27n1545_122:0639a26_14']	有非成就現在不善身表。	有非成就現在不善身表。	There are those who do not accomplish present unwholesome bodily expressions,
['T27n1545_122:0639a27_2']	亦非此無表。	亦非此無表。	and also not this non-expression.
['T27n1545_122:0639a27_7']	謂處卵㲉。	謂處卵㲉。	Namely, those in the egg membrane.
['T27n1545_122:0639a27_13']	若住胎藏中。	若住胎藏中。	Or those abiding in the womb.
['T27n1545_122:0639a28_2']	若生欲界住律儀。	若生欲界住律儀。	If born in the desire realm, abiding in discipline,
['T27n1545_122:0639a28_12']	及住非律儀非不律儀。	及住非律儀非不律儀。	and abiding in neither discipline nor non-discipline.
['T27n1545_122:0639a29_1']	現無不善身表。	現無不善身表。	Currently without unwholesome bodily expressions.
['T27n1545_122:0639a29_17']	設先有不善身表不失而不得此無表。	設先有不善身表不失而不得此無表。	If one previously had unwholesome bodily expression that was not lost, but did not obtain this non-manifest karma,
['T27n1545_122:0639b01_10']	若生色無色界皆如前說。	若生色無色界皆如前說。	if one is born in the form or formless realms, it is all as explained above.
['T27n1545_122:0639b02_11']	若成就現在有覆無記身表。	若成就現在有覆無記身表。	If one possesses present manifest karma of the obscured and neutral class,
['T27n1545_122:0639b03_1']	彼成就此無表耶。	彼成就此無表耶。	does one possess its non-manifest karma?
['T27n1545_122:0639b03_15']	答無成就現在有覆無記身無表。	答無成就現在有覆無記身無表。	The answer is: None possess present non-manifest karma of the obscured and neutral class.
['T27n1545_122:0639b04_3']	有成就此表。	有成就此表。	Some possess its manifest karma.
['T27n1545_122:0639b05_11']	謂生色界現有有覆無記身表若成就現在無覆無記身表。	謂生色界現有有覆無記身表若成就現在無覆無記身表。	Namely, if one is born in the form realm and currently has manifest bodily karma of the obscured and neutral class. If one possesses present non-obscured and neutral manifest bodily karma,
['T27n1545_122:0639b06_1']	彼成就此無表耶。	彼成就此無表耶。	does one possess its non-manifest karma?
['T27n1545_122:0639b06_15']	答無成就現在無覆無記身無表。	答無成就現在無覆無記身無表。	The answer is: None possess present non-manifest karma of the non-obscured and neutral class.
['T27n1545_122:0639b07_3']	有成就此表。	有成就此表。	Some possess its manifest karma.
['T27n1545_122:0639b07_17']	謂生欲色界現有無覆無記身表。	謂生欲色界現有無覆無記身表。	Namely, if one is born in the desire or form realms and currently has non-manifest bodily karma of the non-obscured and neutral class.
['T27n1545_122:0639b08_4']	如前廣說。	如前廣說。	As explained in detail above.
['T27n1545_122:0639b08_9', 'T27n1545_122:0639b08_16']	身表無表。🔽如是語表無表。	身表無表。 如是語表無表。	Bodily manifest karma and non-manifest karma.
['T27n1545_122:0639b09_2']	廣說亦爾。	廣說亦爾。	Verbal manifest karma and non-manifest karma are also explained in the same way.
['T27n1545_122:0639b10_2']	但說語聲與前有異此中所說決定義者。	但說語聲與前有異此中所說決定義者。	But it is said that the voice is different from the previous. The definitive meaning explained here is:
['T27n1545_122:0639b10_12']	欲界必無隨心轉無表。	欲界必無隨心轉無表。	The desire realm definitely has no non-manifest karma that follows the mind.
['T27n1545_122:0639b11_4']	色界必無依表發無表。	色界必無依表發無表。	In the form realm, there is definitely no manifestation of non-manifest action based on manifest action.
['T27n1545_122:0639b11_10']	問何故爾耶。	問何故爾耶。	Question: Why is this so?
['T27n1545_122:0639b11_16']	答法應爾故。	答法應爾故。	Answer: Because the Dharma should be so.
['T27n1545_122:0639b12_2']	復有說者。	復有說者。	Furthermore, there are those who say:
['T27n1545_122:0639b12_12']	欲界中有依表發無表。	欲界中有依表發無表。	In the desire realm, there is manifestation of non-manifest action based on manifest action.
['T27n1545_122:0639b13_4']	是故必無隨心轉無表。	是故必無隨心轉無表。	Therefore, there is definitely no non-manifest action that accompanies the mind.
['T27n1545_122:0639b13_14']	色界中有隨心轉無表。	色界中有隨心轉無表。	In the form realm, there is non-manifest action that accompanies the mind.
['T27n1545_122:0639b14_5']	是故必無依表發無表。	是故必無依表發無表。	Therefore, there is definitely no manifestation of non-manifest action based on manifest action.
['T27n1545_122:0639b14_10']	復有說者。	復有說者。	Furthermore, there are those who say:
['T27n1545_122:0639b15_1']	欲界表業能發無表。	欲界表業能發無表。	In the desire realm, manifest action can manifest non-manifest action.
['T27n1545_122:0639b15_11']	是故必無隨心轉無表。	是故必無隨心轉無表。	Therefore, there is definitely no non-manifest action that accompanies the mind.
['T27n1545_122:0639b16_2']	色界表業不發無表。	色界表業不發無表。	In the form realm, manifest action does not manifest non-manifest action.
['T27n1545_122:0639b16_11']	是故得有隨心無表。	是故得有隨心無表。	Therefore, there can be non-manifest action that accompanies the mind.
['T27n1545_122:0639b16_16']	復有說者。	復有說者。	Furthermore, there are those who say:
['T27n1545_122:0639b17_11']	欲界生得能發業心殷重猛利故。	欲界生得能發業心殷重猛利故。	In the desire realm, the mind that can manifest action is earnest and intense.
['T27n1545_122:0639b18_1']	所發表能發無表。	所發表能發無表。	Therefore, the manifest action it manifests can manifest non-manifest action.
['T27n1545_122:0639b18_16']	色界生得能發業心非殷重猛利故。	色界生得能發業心非殷重猛利故。	In the form realm, the mind that can manifest action is not earnest and intense.
['T27n1545_122:0639b19_7']	所發表不能發無表。	所發表不能發無表。	Therefore, the manifest action it manifests cannot manifest non-manifest action.
['T27n1545_122:0639b19_12']	復有說者。	復有說者。	Furthermore, there are those who say:
['T27n1545_122:0639b20_3']	若生欲界無定心故。	若生欲界無定心故。	If one is born in the desire realm, one lacks a concentrated mind.
['T27n1545_122:0639b20_9']	不定心勝故。	不定心勝故。	because the superior mind of indeterminate nature is absent.
['T27n1545_122:0639b20_17']	所發表能發無表。	所發表能發無表。	The manifest action that gives rise to the unmanifest action.
['T27n1545_122:0639b21_7']	若生色界有定心故。	若生色界有定心故。	If one is born in the form realm, because there is a mind of concentration,
['T27n1545_122:0639b21_13']	不定心劣故。	不定心劣故。	the mind of indeterminate nature is inferior,
['T27n1545_122:0639b22_4']	所發表不能發無表。	所發表不能發無表。	and the manifest action that gives rise to the unmanifest action is absent.
['T27n1545_122:0639b22_13']	以如是等諸因緣故。	以如是等諸因緣故。	For these and other causes and conditions,
['T27n1545_122:0639b23_5']	色界必無依表無表。	色界必無依表無表。	in the form realm there is definitely no reliance on manifest or unmanifest action.
['T27n1545_122:0639b23_14']	欲界定無隨心無表。	欲界定無隨心無表。	In the desire realm, there is definitely no unmanifest action that follows the mind.
['T27n1545_122:0639b24_9']	問隨語響聲是語業不。	問隨語響聲是語業不。	Question: Are sounds that follow speech, such as echoes, speech karma?
['T27n1545_122:0639b25_5']	答彼非語業但名語聲由語起故。	答彼非語業但名語聲由語起故。	Answer: They are not speech karma, but are called speech sounds because they arise from speech.
['T27n1545_122:0639b25_15']	問簫笛等聲是語業不。	問簫笛等聲是語業不。	Question: Are sounds from flutes, pipes, etc., speech karma?
['T27n1545_122:0639b26_7']	答彼非語業但名語聲。	答彼非語業但名語聲。	Answer: They are not speech karma, but are called speech sounds.
['T27n1545_122:0639b26_15']	由風氣等所起故。	由風氣等所起故。	Because they arise from wind and breath, etc.
['T27n1545_122:0639b27_7']	問諸禽獸聲是語業不。	問諸禽獸聲是語業不。	Question: Are the sounds of birds and beasts speech karma?
['T27n1545_122:0639b27_12']	有作是說。	有作是說。	Some say:
['T27n1545_122:0639b28_3']	彼非語業但名語聲。	彼非語業但名語聲。	They are not speech karma, but are called speech sounds.
['T27n1545_122:0639b28_12']	聞彼不能解了義故。	聞彼不能解了義故。	Because hearing them does not lead to understanding the meaning.
['T27n1545_122:0639b28_17']	有餘師說。	有餘師說。	Other masters say:
['T27n1545_122:0639b29_12']	彼是語業人雖不了彼所說義。	彼是語業人雖不了彼所說義。	They are speech karma. Although humans do not understand the meaning they express,
['T27n1545_122:0639c01_3']	而彼同類互相領解。	而彼同類互相領解。	they are mutually understood by those of the same kind.
['T27n1545_122:0639c01_11']	又如解禽獸語者。	又如解禽獸語者。	It is also like one who understands the language of birds and beasts.
['T27n1545_122:0639c02_3']	聞彼音聲知所說故。	聞彼音聲知所說故。	Hearing their sounds, one knows what they are saying.
['T27n1545_122:0639c02_12']	問諸化語是語業不。	問諸化語是語業不。	Question: Are the words of transformation speech karma?
['T27n1545_122:0639c02_17']	有作是說。	有作是說。	Some say:
['T27n1545_122:0639c03_7']	彼是語業由心發故。	彼是語業由心發故。	They are speech karma because they are emitted by the mind.
['T27n1545_122:0639c03_12']	有餘師說。	有餘師說。	Other masters say:
['T27n1545_122:0639c04_3']	彼非語業但名語聲。	彼非語業但名語聲。	They are not speech karma but are called speech sounds.
['T27n1545_122:0639c05_6']	以所化身無執受故若業欲界繫彼業果欲界繫耶。	以所化身無執受故若業欲界繫彼業果欲界繫耶。	Because the transformed body is not grasped. If karma is bound to the desire realm, is its result bound to the desire realm?
['T27n1545_122:0639c05_11']	乃至廣說。	乃至廣說。	And so on, it is explained in detail.
['T27n1545_122:0639c06_7']	應知此中依四果作論除增上果。	應知此中依四果作論除增上果。	It should be known that in this [treatise], the four fruits are taken as the basis for discussion, excluding the dominant fruit.
['T27n1545_122:0639c07_3']	以增上果不決定故極寬漫故。	以增上果不決定故極寬漫故。	Because the dominant fruit is not definite and is extremely broad and vague.
['T27n1545_122:0639c08_1']	謂生一一界各有三界果及四界業。	謂生一一界各有三界果及四界業。	That is to say, in each realm, there are three fruits of the three realms and four kinds of karma of the four realms.
['T27n1545_122:0639c08_14']	一一各以四界諸法為增上果。	一一各以四界諸法為增上果。	Each of them takes the dharmas of the four realms as the dominant fruit.
['T27n1545_122:0639c09_2']	若業欲界繫。	若業欲界繫。	If karma is bound to the desire realm,
['T27n1545_122:0639c09_10']	彼業果欲界繫耶。	彼業果欲界繫耶。	is its result bound to the desire realm?
['T27n1545_122:0639c10_3']	答諸業欲界繫彼業果亦爾。	答諸業欲界繫彼業果亦爾。	Answer: All karma bound to the desire realm, its result is also so.
['T27n1545_122:0639c10_10']	謂三果或二果。	謂三果或二果。	That is to say, the three fruits or two fruits.
['T27n1545_122:0639c11_1']	有業果欲界繫非彼業。	有業果欲界繫非彼業。	There is karma whose result is bound to the desire realm, but that karma is not.
['T27n1545_122:0639c11_15']	謂由色界道作欲界化發欲界語。	謂由色界道作欲界化發欲界語。	That is, by the path of the form realm, one creates transformations of the desire realm and utters the speech of the desire realm.
['T27n1545_122:0639c12_9']	此化及語是色界道士用果。	此化及語是色界道士用果。	These transformations and speech are the man-made fruits of the path of the form realm.
['T27n1545_122:0639c13_4']	若業色界繫彼業果色界繫耶。	若業色界繫彼業果色界繫耶。	If the action is bound to the form realm, is its fruit also bound to the form realm?
['T27n1545_122:0639c13_16']	答諸業果色界繫彼業亦爾。	答諸業果色界繫彼業亦爾。	The answer is: All actions whose fruits are bound to the form realm are also themselves bound to the form realm.
['T27n1545_122:0639c14_13']	謂三果或二果有業色界繫非彼業果。	謂三果或二果有業色界繫非彼業果。	There are actions whose fruits are bound to the form realm but whose actions are not.
['T27n1545_122:0639c15_9']	謂由色界道作欲界化發欲界語。	謂由色界道作欲界化發欲界語。	That is, by the path of the form realm, one creates transformations of the desire realm and utters the speech of the desire realm.
['T27n1545_122:0639c16_4']	此化及語是色界道士用果。	此化及語是色界道士用果。	These transformations and speech are the man-made fruits of the path of the form realm.
['T27n1545_122:0639c16_14']	及由色界道證諸結斷。	及由色界道證諸結斷。	And by the path of the form realm, one realizes the severing of all bonds.
['T27n1545_122:0639c17_6']	即諸靜慮近分世俗道。	即諸靜慮近分世俗道。	These are the preliminary concentrations of the various meditations and the worldly paths.
['T27n1545_122:0639c17_13']	彼諸斷是此道。	彼諸斷是此道。	These severings are the fruits of this path.
['T27n1545_122:0639c18_1']	離繫果士用果。	離繫果士用果。	They are the fruits of disjunction and the man-made fruits.
['T27n1545_122:0639c18_10']	約地分別准前應知。	約地分別准前應知。	The classification according to stages should be understood according to the previous explanation.
['T27n1545_122:0639c18_17']	若業無色界繫。	若業無色界繫。	If the action is bound to the formless realm,
['T27n1545_122:0639c19_7', 'T27n1545_122:0639c20_2']	彼業果無色界繫耶。🔽答諸業果無色界繫彼業亦爾。	彼業果無色界繫耶。 答諸業果無色界繫彼業亦爾。	is its fruit also bound to the formless realm?🔽The answer is: All actions whose fruits are bound to the formless realm are also themselves bound to the formless realm.
['T27n1545_122:0639c21_1']	謂三果或二果有業無色界繫非彼業果。	謂三果或二果有業無色界繫非彼業果。	There are actions whose fruits are bound to the formless realm but whose actions are not.
['T27n1545_122:0639c21_12']	謂由無色界道證諸結斷。	謂由無色界道證諸結斷。	That is, by the path of the formless realm, one realizes the severance of all fetters.
['T27n1545_122:0639c22_2']	即諸無色近分道。	即諸無色近分道。	It is the preliminary concentration of the formless realm.
['T27n1545_122:0639c22_15']	彼諸斷是此道離繫果士用果。	彼諸斷是此道離繫果士用果。	Those severances are the effect of disjunction and the effect of human effort of that path.
['T27n1545_122:0639c23_5']	約地分別准前應知。	約地分別准前應知。	The classification by stage should be understood according to the previous explanation.
['T27n1545_122:0639c23_16']	若業不繫彼業果不繫耶。	若業不繫彼業果不繫耶。	If an action is unattached, is the result of that action also unattached?
['T27n1545_122:0639c24_9']	答諸業不繫彼業果亦爾。	答諸業不繫彼業果亦爾。	The answer is: All actions that are unattached, the results of those actions are also so.
['T27n1545_122:0639c25_6']	謂三果或二果有業果不繫非彼業。	謂三果或二果有業果不繫非彼業。	That is, the three results or two results. There are results of action that are unattached, but the action is not so.
['T27n1545_122:0639c26_1']	謂由色無色界道證諸結斷。	謂由色無色界道證諸結斷。	That is, by the path of the form realm and formless realm, one realizes the severance of all fetters.
['T27n1545_122:0639c26_12']	即諸近分世俗道彼諸斷。	即諸近分世俗道彼諸斷。	It is the preliminary concentrations. The mundane path. Those severances
['T27n1545_122:0639c27_3']	是此道離繫果士用果。	是此道離繫果士用果。	are the effect of disjunction and the effect of human effort of that path.
['T27n1545_122:0639c27_12']	約地分別准前應知。	約地分別准前應知。	The classification by stage should be understood according to the previous explanation.
['T27n1545_122:0639c28_1']	若業非欲界繫。	若業非欲界繫。	If an action is not attached to the desire realm,
['T27n1545_122:0639c28_10']	彼業果非欲界繫耶。	彼業果非欲界繫耶。	is the result of that action not attached to the desire realm?
['T27n1545_122:0639c29_5']	答諸業果非欲界繫彼業亦爾。	答諸業果非欲界繫彼業亦爾。	The answer is: All results of action that are not attached to the desire realm, the actions are also so.
['T27n1545_122:0639c29_16']	有業非欲界繫非彼業果。	有業非欲界繫非彼業果。	There are actions that are not attached to the desire realm, but the results of those actions are not so.
['T27n1545_122:0640a01_12']	謂由色界道作欲界化發欲界語。	謂由色界道作欲界化發欲界語。	That is, by the path of the form realm, one creates transformations of the desire realm and utters words of the desire realm.
['T27n1545_122:0640a02_7']	此化及語是色界道士用果。	此化及語是色界道士用果。	This transformation and speech are the fruit of the path of the form realm.
['T27n1545_122:0640a03_4']	若業非色界繫彼業果非色界繫耶。	若業非色界繫彼業果非色界繫耶。	If an action is not bound to the form realm, is its fruit also not bound to the form realm?
['T27n1545_122:0640a03_17']	答諸業非色界繫彼業果亦爾。	答諸業非色界繫彼業果亦爾。	The answer is: All actions that are not bound to the form realm, their fruits are also like that.
['T27n1545_122:0640a04_10']	有業果非色界繫非彼業。	有業果非色界繫非彼業。	There are actions whose fruits are not bound to the form realm, but those actions are not.
['T27n1545_122:0640a05_7']	謂由色界道作欲界化發欲界語。	謂由色界道作欲界化發欲界語。	That is to say, by the path of the form realm, one creates transformations of the desire realm and utters speech of the desire realm.
['T27n1545_122:0640a06_1']	此化及語是色界道士用果。	此化及語是色界道士用果。	This transformation and speech are the fruit of the path of the form realm.
['T27n1545_122:0640a06_11']	及由色界道證諸結斷。	及由色界道證諸結斷。	And by the path of the form realm, one realizes the severing of all bonds.
['T27n1545_122:0640a07_6']	彼諸斷是此道離繫果士用果。	彼諸斷是此道離繫果士用果。	Those severings are the fruit of disjunction and the fruit of human effort of that path.
['T27n1545_122:0640a07_15']	約地分別准前應知。	約地分別准前應知。	The classification according to stages should be understood according to the previous [discussion].
['T27n1545_122:0640a08_5']	若業非無色界繫。	若業非無色界繫。	If an action is not bound to the formless realm,
['T27n1545_122:0640a08_15']	彼業果非無色界繫耶。	彼業果非無色界繫耶。	is its fruit also not bound to the formless realm?
['T27n1545_122:0640a09_11']	答諸業非無色界繫彼業果亦爾。	答諸業非無色界繫彼業果亦爾。	The answer is: All actions that are not bound to the formless realm, their fruits are also like that.
['T27n1545_122:0640a10_6']	有業果非無色界繫非彼業。	有業果非無色界繫非彼業。	There are actions whose fruits are not bound to the formless realm, but those actions are not.
['T27n1545_122:0640a10_17']	謂由無色界道證諸結斷。	謂由無色界道證諸結斷。	That is to say, by the path of the formless realm, one realizes the severing of all bonds.
['T27n1545_122:0640a11_11']	彼諸斷是此道離繫士用果。	彼諸斷是此道離繫士用果。	Those severings are the fruit of disjunction and the fruit of human effort of that path.
['T27n1545_122:0640a12_2']	約地分別准前應知。	約地分別准前應知。	As for the distinction based on stages, it should be understood according to the previous explanation.
['T27n1545_122:0640a12_15']	若業非不繫彼業果非不繫耶。	若業非不繫彼業果非不繫耶。	If an action is not unattached, is its result also not unattached?
['T27n1545_122:0640a13_9']	答諸業果非不繫彼業亦爾。	答諸業果非不繫彼業亦爾。	The answer is: If the result of an action is not unattached, that action is also so.
['T27n1545_122:0640a14_2']	有業非不繫非彼業果。	有業非不繫非彼業果。	There are actions that are not unattached but whose results are not so.
['T27n1545_122:0640a14_14']	謂由色無色界道證諸結斷。	謂由色無色界道證諸結斷。	This refers to the severing of all bonds by the path of the form and formless realms.
['T27n1545_122:0640a15_8']	彼諸斷是此道離繫士用果。	彼諸斷是此道離繫士用果。	All those severings are the disjunction effect and the effect of human effort of that path.
['T27n1545_122:0640a16_9']	約地分別准前應知問諸所化事由誰化作。	約地分別准前應知問諸所化事由誰化作。	As for the distinction based on stages, it should be understood according to the previous explanation. As for the question of who transforms all transformed things,
['T27n1545_122:0640a16_14']	為由道耶。	為由道耶。	is it by the path?
['T27n1545_122:0640a17_2']	為由化心耶。	為由化心耶。	Or is it by the mind of transformation?
['T27n1545_122:0640a17_15']	若由道者何故化心說名能化。	若由道者何故化心說名能化。	If it is by the path, why is the mind of transformation called that which can transform?
['T27n1545_122:0640a18_11']	若由化心者此中所說當云何通。	若由化心者此中所說當云何通。	If it is by the mind of transformation, how should we understand what is said here?
['T27n1545_122:0640a19_9']	如說由色界道作欲界化發欲界語。	如說由色界道作欲界化發欲界語。	It is said that by the path of the form realm, one transforms things of the desire realm and utters speech of the desire realm.
['T27n1545_122:0640a19_14']	有作是說。	有作是說。	Some say:
['T27n1545_122:0640a20_6', 'T27n1545_122:0640a20_18']	諸所化事由道化作。🔽問若爾何故化心說名能化。	諸所化事由道化作。 問若爾何故化心說名能化。	All transformed things are transformed by the path.🔽If so, why is the mind of transformation called that which can transform?
['T27n1545_122:0640a21_11']	答應名所化心不應名能化。	答應名所化心不應名能化。	The answer is: It should be called the mind of that which is transformed, not that which can transform.
['T27n1545_122:0640a22_4']	然由道力作化事已。	然由道力作化事已。	However, due to the power of the path, after the transformation is created,
['T27n1545_122:0640a22_14']	化心與所化俱時起故。	化心與所化俱時起故。	the transformed mind arises simultaneously with the transformation.
['T27n1545_122:0640a23_5']	名能化心實非能化。	名能化心實非能化。	Therefore it is called the transforming mind, but in reality it is not the transformer.
['T27n1545_122:0640a23_10']	有餘師說。	有餘師說。	Other masters say:
['T27n1545_122:0640a24_1']	諸所化事由化心作。	諸所化事由化心作。	All transformed things are created by the transforming mind.
['T27n1545_122:0640a24_11']	問若爾此說當云何通。	問若爾此說當云何通。	Question: If that is so, how should this be understood?
['T27n1545_122:0640a25_8']	如說由色界道作欲界化發欲界語。	如說由色界道作欲界化發欲界語。	It is said that by the path of the form realm, transformations of the desire realm are created and speech of the desire realm is produced.
['T27n1545_122:0640a26_1']	答依展轉因故作是說。	答依展轉因故作是說。	Answer: This is said based on the indirect cause.
['T27n1545_122:0640a26_6']	如子孫法。	如子孫法。	It is like the principle of descendants.
['T27n1545_122:0640a26_16']	謂神境通道無間而滅。	謂神境通道無間而滅。	That is to say, the path of supernatural power ceases immediately,
['T27n1545_122:0640a27_7']	化心與所化俱時而起。	化心與所化俱時而起。	and the transforming mind arises simultaneously with the transformation.
['T27n1545_122:0640a27_18']	化心即是此道近士用果。	化心即是此道近士用果。	The transforming mind is the proximate effect of the path.
['T27n1545_122:0640a28_11']	所化事復是化心近士用果。	所化事復是化心近士用果。	The transformed thing is also the proximate effect of the transforming mind.
['T27n1545_122:0640a28_15']	所化事。	所化事。	The transformed thing
['T27n1545_122:0640a29_3']	謂四處或二處。	謂四處或二處。	refers to four sense bases or two sense bases.
['T27n1545_122:0640a29_8']	如是說者。	如是說者。	According to this explanation,
['T27n1545_122:0640b01_12']	諸所化事由道化作亦由化心謂神境通道無間而滅。	諸所化事由道化作亦由化心謂神境通道無間而滅。	all transformed things are created by the path and also by the transforming mind. That is to say, the path of supernatural power ceases immediately,
['T27n1545_122:0640b02_5']	化心與所化俱時而起。	化心與所化俱時而起。	and the transforming mind arises simultaneously with the transformation.
['T27n1545_122:0640b03_1']	雖俱時起而能化心唯是道果。	雖俱時起而能化心唯是道果。	Although they arise simultaneously, the transforming mind is only the fruit of the path.
['T27n1545_122:0640b03_14']	諸所化事是前道果及化心果。	諸所化事是前道果及化心果。	All the transformed things are the fruit of the previous path and the fruit of the transforming mind.
['T27n1545_122:0640b04_9']	問離所化身發化語不。	問離所化身發化語不。	Question: Can one speak transformed speech apart from the transformed body?
['T27n1545_122:0640b04_12']	有說。	有說。	Some say:
['T27n1545_122:0640b05_6']	不發問若爾此說當云何通。	不發問若爾此說當云何通。	No. Question: If so, how can this be understood?
['T27n1545_122:0640b06_4']	如說由色界道作欲界化發欲界語。	如說由色界道作欲界化發欲界語。	As it is said, by the path of the form realm one creates a desire realm transformation and utters desire realm speech.
['T27n1545_122:0640b06_12']	答所化身有二種。	答所化身有二種。	Answer: There are two kinds of transformed bodies.
['T27n1545_122:0640b06_17']	一者有語。	一者有語。	The first has speech.
['T27n1545_122:0640b07_3']	二者無語。	二者無語。	The second is without speech.
['T27n1545_122:0640b08_6']	由色界道作欲界化者顯無語化身發欲界語者。	由色界道作欲界化者顯無語化身發欲界語者。	By the path of the form realm one creates a desire realm transformation refers to the transformed body without speech uttering desire realm speech.
['T27n1545_122:0640b08_12']	顯有語化身。	顯有語化身。	This refers to the transformed body with speech.
['T27n1545_122:0640b08_15']	有說。	有說。	Some say:
['T27n1545_122:0640b09_5']	離化身亦發化語。	離化身亦發化語。	One can also speak transformed speech apart from the transformed body.
['T27n1545_122:0640b10_2']	如在空界不見化身但聞化語。	如在空界不見化身但聞化語。	As in the realm of space, one does not see the transformed body but only hears the transformed speech.
['T27n1545_122:0640b10_17']	而此中所說由色界道作欲界化者。	而此中所說由色界道作欲界化者。	But here, what is said about by the path of the form realm one creates a desire realm transformation refers to
['T27n1545_122:0640b11_8']	總顯有語無語化身。	總顯有語無語化身。	the transformed body with and without speech.
['T27n1545_122:0640b12_5']	發欲界語者總顯依身離身化語。	發欲界語者總顯依身離身化語。	What is said about uttering desire realm speech refers to the transformed speech based on the body and apart from the body.
['T27n1545_122:0640b12_10']	如是說者。	如是說者。	Those who say this
['T27n1545_122:0640b13_1']	離所化身不發化語。	離所化身不發化語。	Apart from the transformed body, transformed speech is not emitted.
['T27n1545_122:0640b13_14']	語者必由麁四大種相擊起故。	語者必由麁四大種相擊起故。	Speech must arise from the striking of the gross four great elements.Here is the corrected and aligned text:
['T27n1545_122:0640b15_100']	說一切有部發智大毘婆沙論卷第一百二十二	說一切有部發智大毘婆沙論卷第一百二十二	Sarvâstivāda Abhidharma-mahāvibhāṣā-śāstra, fascicle 122
