segmentnr	original	analyzed	translated
['T27n1545_065:0335a23_0']	阿毘達磨大毘婆沙論卷第六十	阿毘達磨大毘婆沙論卷第六十	Abhidharma-mahāvibhāṣā-śāstra, fascicle 60
['T27n1545_065:0335a24_0']	五	五	five
['T27n1545_065:0335a26_0']	五百大阿羅漢等造	五百大阿羅漢等造	composed by 500 great arhats and others
['T27n1545_065:0335a29_15']	三藏法師玄奘奉　詔譯3結蘊第二中有情納息第三之三三結乃至九十八隨眠一一盡何果攝。	三藏法師玄奘奉　詔譯3結蘊第二中有情納息第三之三三結乃至九十八隨眠一一盡何果攝。	tripiṭaka master Xuanzang respectfully received
['T27n1545_065:0335b01_4']	問何故作此論。	問何故作此論。	Question: Why did you compose this treatise?
['T27n1545_065:0335b02_1']	答先雖說十五部結盡諸果所攝。	答先雖說十五部結盡諸果所攝。	Answer: Although it was previously said that the abandonment of the fifteen categories of fetters is included in the various fruits,
['T27n1545_065:0335b02_15']	而未說十六章煩惱盡諸果所攝。	而未說十六章煩惱盡諸果所攝。	it was not yet said that the abandonment of the sixteen categories of afflictions is included in the various fruits.
['T27n1545_065:0335b03_6']	今欲說之故作斯論。	今欲說之故作斯論。	Now, wishing to explain this, this treatise is composed.
['T27n1545_065:0335b04_2']	答三結中有身見盡四沙門果攝。	答三結中有身見盡四沙門果攝。	Answer: Among the three fetters, the abandonment of the view of the self is included in the four fruits of the śramaṇa.
['T27n1545_065:0335b04_6']	或無處。	或無處。	Or, there is no such case.
['T27n1545_065:0335b04_13']	四沙門果攝者。	四沙門果攝者。	The four fruits of the śramaṇa include:
['T27n1545_065:0335b05_7']	謂彼盡證預流果時即預流果攝。	謂彼盡證預流果時即預流果攝。	That is to say, when one realizes the fruit of stream-entry, it is included in the fruit of stream-entry.
['T27n1545_065:0335b06_4']	乃至證阿羅漢果時即阿羅漢果攝。	乃至證阿羅漢果時即阿羅漢果攝。	Up to when one realizes the fruit of arhatship, it is included in the fruit of arhatship.
['T27n1545_065:0335b06_17']	或無處者謂無異生非果攝義。	或無處者謂無異生非果攝義。	Or, there is no such case means that there is no case of ordinary beings not being included in the fruits.
['T27n1545_065:0335b07_4']	所以者何。	所以者何。	Why is this so?
['T27n1545_065:0335b08_4']	無異生者能離非想非非想處有身見故。	無異生者能離非想非非想處有身見故。	Because there are no ordinary beings who can abandon the view of the self in the sphere of neither-perception-nor-non-perception.
['T27n1545_065:0335b08_14']	次第者苦現觀一心頃。	次第者苦現觀一心頃。	As for the sequential order, at the moment of one thought during the insight into suffering,
['T27n1545_065:0335b09_4']	集滅現觀各四心頃。	集滅現觀各四心頃。	The four moments of the realization of accumulation and cessation.
['T27n1545_065:0335b09_11']	道現觀三心頃。	道現觀三心頃。	The three moments of the realization of the path.
['T27n1545_065:0335b09_19']	有身見盡非果攝。	有身見盡非果攝。	The exhaustion of the view of self is not included in the fruits.
['T27n1545_065:0335b10_8']	如三結中有身見盡。	如三結中有身見盡。	Just as in the three fetters, the exhaustion of the view of self.
['T27n1545_065:0335b11_2']	應知五順下分結中有身見。	應知五順下分結中有身見。	It should be known that in the five lower fetters, there is the view of self.
['T27n1545_065:0335b11_15']	五見中有身見邊執見盡亦爾。	五見中有身見邊執見盡亦爾。	In the five views, the exhaustion of the view of self and the view of holding to an extreme is also like this.
['T27n1545_065:0335b12_5']	自性等故同對治故。	自性等故同對治故。	Because of the same nature and because of the same antidote.
['T27n1545_065:0335b12_16']	戒禁取疑盡四沙門果攝。	戒禁取疑盡四沙門果攝。	The exhaustion of the grasping of precepts and rituals and doubt is included in the four fruits of the śramaṇa.
['T27n1545_065:0335b13_6']	四果攝義如前應知。	四果攝義如前應知。	The meaning of being included in the four fruits should be known as before.
['T27n1545_065:0335b13_15']	此無異生非果攝義。	此無異生非果攝義。	This is not the meaning of being included in the fruits of ordinary beings.
['T27n1545_065:0335b14_2']	所以者何。	所以者何。	Why is this?
['T27n1545_065:0335b15_2']	無異生者能離非想非非想處戒禁取疑故。	無異生者能離非想非非想處戒禁取疑故。	Because there are no ordinary beings who can abandon the grasping of precepts and rituals and doubt of the sphere of neither-perception-nor-non-perception.
['T27n1545_065:0335b15_12']	亦無次第者非果攝義。	亦無次第者非果攝義。	There is also no meaning of being included in the fruits of those in sequence.
['T27n1545_065:0335b15_17']	所以者何。	所以者何。	Why is this?
['T27n1545_065:0335b16_10']	道類智忍滅時方斷彼盡。	道類智忍滅時方斷彼盡。	When the acceptance of the knowledge of the categories of the path is about to cease, it then abandons their exhaustion.
['T27n1545_065:0335b17_6']	道類智生時隨其所應證前三果。	道類智生時隨其所應證前三果。	When the knowledge of the categories of the path arises, it realizes the previous three fruits according to what is appropriate.
['T27n1545_065:0335b18_1']	戒禁取疑盡即前三果攝故。	戒禁取疑盡即前三果攝故。	Because the exhaustion of the grasping of precepts and rituals and doubt is included in the previous three fruits.
['T27n1545_065:0335b18_11']	如三結中戒禁取疑盡。	如三結中戒禁取疑盡。	Just as in the three fetters, the exhaustion of the grasping of precepts and rituals and doubt.
['T27n1545_065:0335b19_5']	應知四瀑流軛中見瀑流軛。	應知四瀑流軛中見瀑流軛。	It should be known that in the four floods and yokes, the flood and yoke of views,
['T27n1545_065:0335b19_14']	四取中見取戒禁取。	四取中見取戒禁取。	among the four graspings, the grasping of views and the grasping of precepts and vows,
['T27n1545_065:0335b20_8']	四身繫中戒禁取此實執身繫。	四身繫中戒禁取此實執身繫。	among the four bonds, the bond of grasping precepts and vows and the bond of grasping this as real,
['T27n1545_065:0335b21_1']	五順下分結中戒禁取疑。	五順下分結中戒禁取疑。	among the five lower fetters, the grasping of precepts and vows and doubt,
['T27n1545_065:0335b21_12']	五見中邪見見取戒禁取。	五見中邪見見取戒禁取。	among the five views, wrong view, the view of holding as paramount, and the grasping of precepts and vows,
['T27n1545_065:0335b22_3']	七隨眠中見疑隨眠。	七隨眠中見疑隨眠。	among the seven latent afflictions, the latent afflictions of views and doubt,
['T27n1545_065:0335b22_14']	九結中見取疑結盡亦爾。	九結中見取疑結盡亦爾。	among the nine fetters, the fetters of the view of holding as paramount and doubt are also eliminated in the same way.
['T27n1545_065:0335b22_19']	自性等故。	自性等故。	Because of the same nature, etc.,
['T27n1545_065:0335b23_4']	同對治故。	同對治故。	because of the same counteragent.
['T27n1545_065:0335b23_17']	三不善根盡不還阿羅漢果攝。	三不善根盡不還阿羅漢果攝。	The elimination of the three unwholesome roots is included in the fruits of non-returner and arhat.
['T27n1545_065:0335b24_2']	或無處。	或無處。	Or there is no such case.
['T27n1545_065:0335b24_8']	不還果攝者。	不還果攝者。	Those included in the fruit of non-returner,
['T27n1545_065:0335b25_3']	謂彼盡證不還果時即不還果攝。	謂彼盡證不還果時即不還果攝。	that is, when they attain the fruit of non-returner, they are included in the fruit of non-returner.
['T27n1545_065:0335b25_10']	阿羅漢果攝者。	阿羅漢果攝者。	Those included in the fruit of arhat,
['T27n1545_065:0335b26_7']	謂彼盡證阿羅漢果時即阿羅漢果攝。	謂彼盡證阿羅漢果時即阿羅漢果攝。	that is, when they attain the fruit of arhat, they are included in the fruit of arhat.
['T27n1545_065:0335b26_12']	或無處者。	或無處者。	Or there is no such case,
['T27n1545_065:0335b27_7']	謂諸異生已離欲染彼盡非果攝。	謂諸異生已離欲染彼盡非果攝。	that is, ordinary beings who have already separated from attachment to desire are not included in the fruits.
['T27n1545_065:0335b28_1']	已離欲染入正性離生者。	已離欲染入正性離生者。	Those who have already separated from attachment to desire and entered the stage of correct separation from birth,
['T27n1545_065:0335b28_13']	見道十五心頃彼盡非果攝。	見道十五心頃彼盡非果攝。	The fifteen moments of the path of seeing do not include the abandonment of the three roots of unwholesomeness, because they are not included in the fruits.
['T27n1545_065:0335b29_4']	無次第者非果攝義。	無次第者非果攝義。	The meaning of not being included in the fruits is that they are not in sequence.
['T27n1545_065:0335b29_9']	所以者何。	所以者何。	Why is this so?
['T27n1545_065:0335c01_6']	離欲染第九無間道滅時方斷彼盡。	離欲染第九無間道滅時方斷彼盡。	When the ninth uninterrupted path of detachment from desire realm afflictions is about to end, it abandons the three roots of unwholesomeness.
['T27n1545_065:0335c02_6']	第九解脫道生時證不還果即不還果攝故。	第九解脫道生時證不還果即不還果攝故。	When the ninth liberated path arises, one realizes the fruit of non-returner, which is included in the fruit of non-returner.
['T27n1545_065:0335c02_13']	如三不善根盡。	如三不善根盡。	Just as the abandonment of the three roots of unwholesomeness is included in the fruit of non-returner,
['T27n1545_065:0335c03_2', 'T27n1545_065:0335c03_12']	應知三漏中欲漏。🔽四瀑流軛中欲瀑流軛。	應知三漏中欲漏。 四瀑流軛中欲瀑流軛。	it should be known that the abandonment of the three taints, among the three taints, is also like this.🔽The abandonment of the desire flood and yoke, among the four floods and four yokes,
['T27n1545_065:0335c03_18']	四取中欲取。	四取中欲取。	the abandonment of the desire grasping, among the four graspings,
['T27n1545_065:0335c04_7']	四身繫中貪欲瞋恚。	四身繫中貪欲瞋恚。	the abandonment of sensual desire and ill-will, among the four bodily ties,
['T27n1545_065:0335c04_14', 'T27n1545_065:0335c05_3']	五蓋中前四蓋。🔽五結中瞋嫉慳結。	五蓋中前四蓋。 五結中瞋嫉慳結。	the abandonment of the first four hindrances, among the five hindrances,🔽the abandonment of ill-will, envy, and stinginess, among the five bonds,
['T27n1545_065:0335c05_14']	五順下分結中貪欲瞋恚。	五順下分結中貪欲瞋恚。	the abandonment of sensual desire and ill-will, among the five lower bonds,
['T27n1545_065:0335c06_7']	六愛身中鼻舌觸所生愛身。	六愛身中鼻舌觸所生愛身。	the abandonment of the two craving aggregates that arise from the contact of nose and tongue, among the six craving aggregates,
['T27n1545_065:0335c06_16']	七隨眠中貪欲瞋恚。	七隨眠中貪欲瞋恚。	the abandonment of sensual desire and ill-will, among the seven latent afflictions,
['T27n1545_065:0335c07_8']	九結中恚嫉慳結盡亦爾。	九結中恚嫉慳結盡亦爾。	the abandonment of the three bonds of ill-will, envy, and stinginess, among the nine bonds, is also like this.
['T27n1545_065:0335c07_13']	自性等故。	自性等故。	Because their intrinsic natures are the same,
['T27n1545_065:0335c07_18']	同對治故。	同對治故。	and because they are the same in terms of their antidotes.
['T27n1545_065:0335c08_10']	有漏無明漏盡阿羅漢果攝。	有漏無明漏盡阿羅漢果攝。	The abandonment of the taints of the desire realm and the taints of the contaminants of ignorance is included in the fruit of arhatship.
['T27n1545_065:0335c09_8']	謂彼盡證阿羅漢果時即阿羅漢果攝。	謂彼盡證阿羅漢果時即阿羅漢果攝。	That is to say, when they fully realize the fruit of arhatship, it is included in the fruit of arhatship.
['T27n1545_065:0335c09_17']	無有異生非果攝義。	無有異生非果攝義。	There is no meaning of non-returners not being included in the fruits.
['T27n1545_065:0335c10_4']	所以者何。	所以者何。	Why is this?
['T27n1545_065:0335c11_5']	無異生者能離非想非非想處有漏無明漏故。	無異生者能離非想非非想處有漏無明漏故。	Because there are no ordinary beings who can abandon the ignorance of the realm of neither-perception-nor-non-perception.
['T27n1545_065:0335c11_15']	亦無次第者非果攝義。	亦無次第者非果攝義。	There is also no meaning of those in sequence not being included in the fruits.
['T27n1545_065:0335c12_2']	所以者何。	所以者何。	Why is this?
['T27n1545_065:0335c12_15']	金剛喻定現在前時方斷彼盡。	金剛喻定現在前時方斷彼盡。	When the diamond-like samādhi is present, it eliminates them completely.
['T27n1545_065:0335c13_16']	初盡智生時證阿羅漢果彼盡即阿羅漢果攝故。	初盡智生時證阿羅漢果彼盡即阿羅漢果攝故。	When the first knowledge of exhaustion arises, one realizes the fruit of arhatship. That exhaustion is included in the fruit of arhatship.
['T27n1545_065:0335c14_6']	如有漏無明漏盡。	如有漏無明漏盡。	Just as with the exhaustion of the defiled ignorance,
['T27n1545_065:0335c15_2']	應知四瀑流軛中有無明瀑流軛。	應知四瀑流軛中有無明瀑流軛。	it should be known that among the four floods and yokes, there is the flood and yoke of ignorance.
['T27n1545_065:0335c15_9']	四取中我語取。	四取中我語取。	Among the four graspings, there is the grasping of the self-theory.
['T27n1545_065:0335c15_16']	五結中貪慢結。	五結中貪慢結。	Among the five bonds, there are the bonds of craving and pride.
['T27n1545_065:0335c16_8']	五順上分結中除色貪餘四。	五順上分結中除色貪餘四。	Among the five higher bonds, with the exception of craving for form, the other four.
['T27n1545_065:0335c17_1']	六愛身中意觸所生愛身。	六愛身中意觸所生愛身。	Among the six bases of craving, there is the base of craving produced by mental contact.
['T27n1545_065:0335c17_11']	七隨眠中有貪無明慢。	七隨眠中有貪無明慢。	Among the seven latent afflictions, there are craving, ignorance, and pride.
['T27n1545_065:0335c18_4']	九結中愛慢無明結盡亦爾。	九結中愛慢無明結盡亦爾。	Among the nine bonds, the exhaustion of the bonds of craving, pride, and ignorance is also like this.
['T27n1545_065:0335c18_9']	自性等故。	自性等故。	Because of the same nature, etc.
['T27n1545_065:0335c18_14']	同對治故。	同對治故。	Because they are the same in countering.
['T27n1545_065:0335c19_3']	疑蓋盡四沙門果攝。	疑蓋盡四沙門果攝。	The exhaustion of the cover of doubt is included in the four fruits of the śramaṇa.
['T27n1545_065:0335c19_7']	或無處。	或無處。	Or there is no place.
['T27n1545_065:0335c19_17']	四沙門果攝者如前說。	四沙門果攝者如前說。	The four fruits of the śramaṇa are included as explained above.
['T27n1545_065:0335c20_2']	或無處者。	或無處者。	Or there is no place.
['T27n1545_065:0335c20_17']	謂諸異生已離欲染疑蓋盡非果攝。	謂諸異生已離欲染疑蓋盡非果攝。	This refers to ordinary beings who have already separated from the defilements of the desire realm, and the exhaustion of the cover of doubt is not included in the fruits.
['T27n1545_065:0335c21_10']	已離欲染入正性離生者。	已離欲染入正性離生者。	Those who have already separated from the defilements of the desire realm and entered the correct state of separation from birth,
['T27n1545_065:0335c22_6']	見道十五心頃疑蓋盡非果攝。	見道十五心頃疑蓋盡非果攝。	at the time of the fifteen moments of the path of seeing, the exhaustion of the cover of doubt is not included in the fruits.
['T27n1545_065:0335c23_4']	次第者道現觀二心頃疑蓋盡非果攝。	次第者道現觀二心頃疑蓋盡非果攝。	For those who progress in sequence, at the time of the two moments of the realization of the path, the exhaustion of the cover of doubt is not included in the fruits.
['T27n1545_065:0335c24_2']	色貪順上分結盡阿羅漢果攝或無處。	色貪順上分結盡阿羅漢果攝或無處。	The exhaustion of the fetter of attachment to the form realm and the upper realms is included in the fruit of arhatship or there is no place.
['T27n1545_065:0335c24_9']	阿羅漢果攝者。	阿羅漢果攝者。	The fruit of arhatship is included.
['T27n1545_065:0335c25_6']	謂彼盡證阿羅漢果時即阿羅漢果攝。	謂彼盡證阿羅漢果時即阿羅漢果攝。	This refers to when one realizes the fruit of arhatship, it is then included in the fruit of arhatship.
['T27n1545_065:0335c25_11']	或無處者。	或無處者。	Or there is no place.
['T27n1545_065:0335c26_6']	謂諸異生已離色染彼盡非果攝。	謂諸異生已離色染彼盡非果攝。	This refers to ordinary beings who have already separated from the defilements of the form realm, and the exhaustion of that is not included in the fruits.
['T27n1545_065:0335c26_17']	已離色染入正性離生者。	已離色染入正性離生者。	Those who have already separated from the defilements of the form realm and entered the correct state of separation from birth,
['T27n1545_065:0335c28_3']	見道十五心頃及道類智等諸有學位彼盡非果攝。	見道十五心頃及道類智等諸有學位彼盡非果攝。	at the time of the fifteen moments of the path of seeing and the moments of the knowledge of the path and so forth of the stage of training, the exhaustion of that is not included in the fruits.
['T27n1545_065:0335c29_2']	次第者從離第四靜慮染第九解脫道。	次第者從離第四靜慮染第九解脫道。	As for the order, from the ninth liberated path that is free from the fourth meditative absorption,
['T27n1545_065:0335c29_18']	乃至金剛喻定現在前時彼盡非果攝。	乃至金剛喻定現在前時彼盡非果攝。	up to when the diamond-like concentration appears, those [bonds] are not included in the fruits.
['T27n1545_065:0336a01_8']	如色貪順上分結盡。	如色貪順上分結盡。	Just as the destruction of the fetter of attachment to the upper realms,
['T27n1545_065:0336a02_4']	應知眼耳身觸所生愛身盡亦爾。	應知眼耳身觸所生愛身盡亦爾。	one should know that the destruction of the body of craving produced by eye, ear, and body contact is also like this.
['T27n1545_065:0336a02_9']	自性等故。	自性等故。	Because of the same nature, etc.,
['T27n1545_065:0336a02_14']	同對治故。	同對治故。	and because of the same counteragent.
['T27n1545_065:0336a02_19']	然有差別。	然有差別。	However, there are differences.
['T27n1545_065:0336a03_8']	此中應言或無處者。	此中應言或無處者。	Here, one should say or there is no place.
['T27n1545_065:0336a04_5']	謂諸異生已離梵世染彼盡非果攝。	謂諸異生已離梵世染彼盡非果攝。	That is to say, for ordinary beings who have already become free from the defilements of the Brahma world, their destruction is not included in the fruits.
['T27n1545_065:0336a04_17']	已離梵世染入正性離生者。	已離梵世染入正性離生者。	For those who have already become free from the defilements of the Brahma world and have entered the correct state of renunciation,
['T27n1545_065:0336a06_2']	見道十五心頃及道類智等諸有學位彼盡非果攝。	見道十五心頃及道類智等諸有學位彼盡非果攝。	during the fifteen moments of the path of seeing, and in the states of those still learning such as the knowledge of the path, etc., their destruction is not included in the fruits.
['T27n1545_065:0336a06_17']	次第者從離初靜慮染第九解脫道。	次第者從離初靜慮染第九解脫道。	As for the order, from the ninth liberated path that is free from the first meditative absorption,
['T27n1545_065:0336a07_15']	乃至金剛喻定現在前時彼盡非果攝。	乃至金剛喻定現在前時彼盡非果攝。	up to when the diamond-like concentration appears, those [bonds] are not included in the fruits.
['T27n1545_065:0336a09_6']	九十八隨眠中欲界見苦集滅道所斷隨眠盡四沙門果攝或無處。	九十八隨眠中欲界見苦集滅道所斷隨眠盡四沙門果攝或無處。	Among the ninety-eight latent afflictions, the destruction of the latent afflictions eliminated by seeing suffering, origination, cessation, and the path in the desire realm is included in the four fruits of the renunciant life or there is no place.
['T27n1545_065:0336a10_3']	此如十五部結中欲界前四部盡說。	此如十五部結中欲界前四部盡說。	This is like the first four categories of the fifteen types of fetters in the desire realm being exhausted.
['T27n1545_065:0336a11_4']	欲界修所斷隨眠盡不還阿羅漢果攝或無處。	欲界修所斷隨眠盡不還阿羅漢果攝或無處。	The exhaustion of the latent tendencies to be eliminated through cultivation in the desire realm is included in the fruits of non-returning and arhatship, or there is no such case.
['T27n1545_065:0336a11_12']	此如十五部結中。	此如十五部結中。	This is like the fifteenth type of fetter in the desire realm.
['T27n1545_065:0336a12_1']	欲界第五部盡說。	欲界第五部盡說。	The exhaustion of the fifth category is explained.
['T27n1545_065:0336a13_4']	色界見苦集滅道所斷隨眠盡四沙門果攝或無處。	色界見苦集滅道所斷隨眠盡四沙門果攝或無處。	The exhaustion of the latent tendencies to be eliminated by seeing suffering, origination, cessation, and the path in the form realm is included in the four fruits of the śramaṇa, or there is no such case.
['T27n1545_065:0336a14_1']	此如十五部結中色界前四部盡說。	此如十五部結中色界前四部盡說。	This is like the first four categories of the fifteen types of fetters in the form realm being exhausted.
['T27n1545_065:0336a14_18']	色界修所斷隨眠盡阿羅漢果攝或無處。	色界修所斷隨眠盡阿羅漢果攝或無處。	The exhaustion of the latent tendencies to be eliminated through cultivation in the form realm is included in the fruit of arhatship, or there is no such case.
['T27n1545_065:0336a15_14']	此如十五部結中色界第五部盡說。	此如十五部結中色界第五部盡說。	This is like the fifteenth type of fetter in the form realm being exhausted.
['T27n1545_065:0336a16_17']	無色界見苦集滅所斷隨眠盡四沙門果攝或無處。	無色界見苦集滅所斷隨眠盡四沙門果攝或無處。	The exhaustion of the latent tendencies to be eliminated by seeing suffering, origination, and cessation in the formless realm is included in the four fruits of the śramaṇa, or there is no such case.
['T27n1545_065:0336a17_15']	此如十五部結中無色界前三部盡說。	此如十五部結中無色界前三部盡說。	This is like the first three categories of the fifteen types of fetters in the formless realm being exhausted.
['T27n1545_065:0336a18_13']	無色界見道所斷隨眠盡四沙門果攝。	無色界見道所斷隨眠盡四沙門果攝。	The exhaustion of the latent tendencies to be eliminated by seeing the path in the formless realm is included in the four fruits of the śramaṇa.
['T27n1545_065:0336a19_11']	此如十五部結中無色界第四部盡說。	此如十五部結中無色界第四部盡說。	This is like the fourth category of the fifteen types of fetters in the formless realm being exhausted.
['T27n1545_065:0336a20_8']	無色界修所斷隨眠盡阿羅漢果攝。	無色界修所斷隨眠盡阿羅漢果攝。	The abandonment of the latent tendencies eliminated by cultivation in the formless realm is included in the fruit of arhatship.
['T27n1545_065:0336a21_6']	此如十五部結中無色界第五部盡說。	此如十五部結中無色界第五部盡說。	This is like the explanation of the abandonment of the fifth category in the formless realm among the fifteen categories of fetters.
['T27n1545_065:0336a21_17']	預流向中諸結盡何果攝。	預流向中諸結盡何果攝。	Among the fetters abandoned in the path of the stream-enterer, which fruit do they belong to?
['T27n1545_065:0336a22_2']	答無處。	答無處。	The answer is: There is no such case.
['T27n1545_065:0336a22_7']	所以者何。	所以者何。	Why is it so?
['T27n1545_065:0336a23_2']	預流果前無沙門果攝彼盡故。	預流果前無沙門果攝彼盡故。	Because before the fruit of the stream-enterer, there is no fruit of the śramaṇa that includes their abandonment.
['T27n1545_065:0336a23_13']	預流果中諸結盡何果攝。	預流果中諸結盡何果攝。	Among the fetters abandoned in the fruit of the stream-enterer, which fruit do they belong to?
['T27n1545_065:0336a23_18']	答預流果。	答預流果。	The answer is: The fruit of the stream-enterer.
['T27n1545_065:0336a24_13']	謂此果中總攝三界見所斷諸結盡。	謂此果中總攝三界見所斷諸結盡。	That is to say, this fruit generally includes the abandonment of all the fetters eliminated by seeing in the three realms.
['T27n1545_065:0336a25_6']	一來向中諸結盡何果攝。	一來向中諸結盡何果攝。	Among the fetters abandoned in the path of the once-returner, which fruit do they belong to?
['T27n1545_065:0336a25_14']	答預流果或無處。	答預流果或無處。	The answer is: The fruit of the stream-enterer or there is no such case.
['T27n1545_065:0336a26_1']	預流果攝者。	預流果攝者。	The fruit of the stream-enterer includes:
['T27n1545_065:0336a26_16']	謂此果中總攝三界見所斷諸結盡。	謂此果中總攝三界見所斷諸結盡。	That is to say, this fruit generally includes the abandonment of all the fetters eliminated by seeing in the three realms.
['T27n1545_065:0336a27_2']	或無處者。	或無處者。	As for or there is no such case:
['T27n1545_065:0336a27_14']	謂倍離欲染入正性離生者。	謂倍離欲染入正性離生者。	It refers to one who, having doubled the attachment to the desire realm, enters the correct state of detachment from birth.
['T27n1545_065:0336a28_8']	見道十五心頃諸結盡非果攝。	見道十五心頃諸結盡非果攝。	The abandonment of the fetters during the fifteen moments of the path of seeing is not included in any fruit.
['T27n1545_065:0336a29_8']	次第者欲界前五品修所斷諸結盡非果攝。	次第者欲界前五品修所斷諸結盡非果攝。	For one who proceeds in order, the abandonment of the first five categories of fetters eliminated by cultivation in the desire realm is not included in any fruit.
['T27n1545_065:0336a29_13']	所以者何。	所以者何。	Why is this?
['T27n1545_065:0336b01_3']	是勝果道所證得故。	是勝果道所證得故。	Because it is attained through the path of the superior fruit.
['T27n1545_065:0336b01_12']	如勝果道非果所攝。	如勝果道非果所攝。	Just as the path of the superior fruit is not included in the fruits,
['T27n1545_065:0336b02_2']	所得結盡理亦應爾。	所得結盡理亦應爾。	the principle of the exhaustion of the bonds obtained should also be so.
['T27n1545_065:0336b02_13']	一來果中諸結盡何果攝。	一來果中諸結盡何果攝。	In the fruit of once-returning, how many fruits are included in the exhaustion of the bonds?
['T27n1545_065:0336b02_18']	答一來果。	答一來果。	The answer is: the fruit of once-returning.
['T27n1545_065:0336b03_13']	謂此果中總攝三界見所斷諸結盡。	謂此果中總攝三界見所斷諸結盡。	That is to say, in this fruit, the exhaustion of the bonds that are eliminated by seeing in the three realms is generally included,
['T27n1545_065:0336b04_9']	及攝欲界修所斷前六品諸結盡。	及攝欲界修所斷前六品諸結盡。	and the exhaustion of the first six categories of bonds that are eliminated by cultivation in the desire realm is also included.
['T27n1545_065:0336b05_1']	不還向中諸結盡何果攝。	不還向中諸結盡何果攝。	In the path of non-returning, how many fruits are included in the exhaustion of the bonds?
['T27n1545_065:0336b05_9']	答一來果或無處。	答一來果或無處。	The answer is: either the fruit of once-returning or none.
['T27n1545_065:0336b05_15']	一來果攝者。	一來果攝者。	The fruit of once-returning includes:
['T27n1545_065:0336b05_20']	謂此果中。	謂此果中。	That is to say, in this fruit,
['T27n1545_065:0336b06_9']	總攝三界見所斷諸結盡。	總攝三界見所斷諸結盡。	the exhaustion of the bonds that are eliminated by seeing in the three realms is generally included,
['T27n1545_065:0336b07_5']	及攝欲界修所斷前六品諸結盡。	及攝欲界修所斷前六品諸結盡。	and the exhaustion of the first six categories of bonds that are eliminated by cultivation in the desire realm is also included.
['T27n1545_065:0336b07_10']	或無處者。	或無處者。	As for or none,
['T27n1545_065:0336b08_9']	謂已離欲乃至無所有處染入正性離生者。	謂已離欲乃至無所有處染入正性離生者。	it refers to those who have already become free from desire up to the sphere of nothingness and have entered the correct state of detachment from birth.
['T27n1545_065:0336b09_4']	見道十五心頃諸結盡非果攝。	見道十五心頃諸結盡非果攝。	The exhaustion of the bonds during the fifteen moments of the path of seeing is not included in the fruits.
['T27n1545_065:0336b09_8']	次第者。	次第者。	As for the sequential order,
['T27n1545_065:0336b10_6']	欲界修所斷第七第八品諸結盡非果攝。	欲界修所斷第七第八品諸結盡非果攝。	The abandonment of the seventh and eighth categories of fetters to be eliminated by cultivation in the desire realm is not included in any fruit.
['T27n1545_065:0336b10_17']	不還果中諸結盡何果攝。	不還果中諸結盡何果攝。	To which fruit does the abandonment of all fetters in the state of non-returner belong?
['T27n1545_065:0336b11_3']	答不還果。	答不還果。	The answer is: The fruit of non-returner.
['T27n1545_065:0336b11_18']	謂此果中總攝三界見所斷諸結盡。	謂此果中總攝三界見所斷諸結盡。	That is to say, this fruit generally includes the abandonment of all fetters eliminated by the path of seeing in the three realms,
['T27n1545_065:0336b12_10']	及攝欲界修所斷諸結盡。	及攝欲界修所斷諸結盡。	and also includes the abandonment of all fetters eliminated by the path of cultivation in the desire realm.
['T27n1545_065:0336b13_4']	阿羅漢向中諸結盡何果攝。	阿羅漢向中諸結盡何果攝。	To which fruit does the abandonment of all fetters in the state of candidate for the fruit of arhat belong?
['T27n1545_065:0336b13_12']	答不還果或無處。	答不還果或無處。	The answer is: The fruit of non-returner or none.
['T27n1545_065:0336b13_18']	不還果攝者。	不還果攝者。	The fruit of non-returner includes:
['T27n1545_065:0336b14_13']	謂此果中總攝三界見所斷諸結盡。	謂此果中總攝三界見所斷諸結盡。	That is to say, this fruit generally includes the abandonment of all fetters eliminated by the path of seeing in the three realms,
['T27n1545_065:0336b15_6']	及攝欲界修所斷諸結盡。	及攝欲界修所斷諸結盡。	and also includes the abandonment of all fetters eliminated by the path of cultivation in the desire realm.
['T27n1545_065:0336b15_11', 'T27n1545_065:0336b15_19']	或無處者。🔽謂離初靜慮一品。	或無處者。 謂離初靜慮一品。	As for or none,
['T27n1545_065:0336b16_17']	乃至非想非非想處八品染諸結盡非果攝。	乃至非想非非想處八品染諸結盡非果攝。	it refers to the abandonment of the first category up to the eighth category of defilements of the sphere of neither-perception-nor-non-perception, which is not included in any fruit.
['T27n1545_065:0336b17_4']	所以者何。	所以者何。	Why is this so?
['T27n1545_065:0336b17_13']	是勝果道所證得故。	是勝果道所證得故。	Because it is attained through the path of superior fruit.
['T27n1545_065:0336b18_4']	如勝果道非果所攝。	如勝果道非果所攝。	Just as the path of superior fruit is not included in any fruit,
['T27n1545_065:0336b19_6']	所得結盡理亦應爾阿羅漢果中諸結盡何果攝。	所得結盡理亦應爾阿羅漢果中諸結盡何果攝。	The principle of the exhaustion of bonds obtained should also be so. Among the fruits of arhatship, the exhaustion of all bonds is included in which fruit?
['T27n1545_065:0336b19_12']	答阿羅漢果。	答阿羅漢果。	The answer is: the fruit of arhatship.
['T27n1545_065:0336b20_9']	謂此果中總攝三界見修所斷諸結盡。	謂此果中總攝三界見修所斷諸結盡。	That is to say, this fruit generally includes the exhaustion of all bonds that are eliminated by seeing and cultivation in the three realms.
['T27n1545_065:0336b21_7']	問此中為說諸向果中所成就諸結盡。	問此中為說諸向果中所成就諸結盡。	Here, does it refer to the exhaustion of all bonds that are accomplished in the fruits of the paths?
['T27n1545_065:0336b22_4']	為說諸向果中新所證得諸結盡。	為說諸向果中新所證得諸結盡。	Or does it refer to the exhaustion of bonds that are newly realized in the fruits of the paths?
['T27n1545_065:0336b22_9']	設爾何失。	設爾何失。	If so, what is the error?
['T27n1545_065:0336b22_14']	二俱有過。	二俱有過。	Both have errors.
['T27n1545_065:0336b22_19']	所以者何。	所以者何。	Why is it so?
['T27n1545_065:0336b23_13']	若說諸向果中所成就諸結盡者。	若說諸向果中所成就諸結盡者。	If it refers to the exhaustion of bonds that are accomplished in the fruits of the paths,
['T27n1545_065:0336b24_10']	前三果中諸結盡不應唯說自果攝。	前三果中諸結盡不應唯說自果攝。	the exhaustion of bonds in the first three fruits should not be said to be included only in their own fruits.
['T27n1545_065:0336b25_8']	如已離欲前五品染入正性離生者。	如已離欲前五品染入正性離生者。	For example, one who has already become detached from the first five categories of defilements and has entered the certainty of perfection,
['T27n1545_065:0336b26_1']	至道類智時證預流果。	至道類智時證預流果。	at the time of the cognition of the path realizes the fruit of stream-entry.
['T27n1545_065:0336b26_12']	彼欲界修所斷五品結盡。	彼欲界修所斷五品結盡。	The exhaustion of the first five categories of bonds to be eliminated by cultivation in the desire realm,
['T27n1545_065:0336b26_17']	非此果攝。	非此果攝。	is not included in this fruit.
['T27n1545_065:0336b27_7']	何故不說或無處耶。	何故不說或無處耶。	Why is it not said to be without a place?
['T27n1545_065:0336b28_5']	又已離欲前八品染入正性離生者。	又已離欲前八品染入正性離生者。	Moreover, one who has already become detached from the first eight categories of defilements and has entered the certainty of perfection,
['T27n1545_065:0336b28_15']	至道類智時證一來果。	至道類智時證一來果。	When one reaches the class of subsequent cognition of the path, one realizes the fruit of once-returning.
['T27n1545_065:0336c01_5']	彼欲界修所斷第七八品結盡非此果攝何故不說或無處耶。	彼欲界修所斷第七八品結盡非此果攝何故不說或無處耶。	The seventh and eighth categories of fetters to be eliminated in the realm of desire are exhausted, but this fruit does not include them. Why is it not said or not established?
['T27n1545_065:0336c02_6']	又已離欲乃至無所有處染入正性離生者。	又已離欲乃至無所有處染入正性離生者。	Moreover, one who has already become detached from the realm of desire up to the sphere of nothingness enters the correct state of renunciation.
['T27n1545_065:0336c02_16']	至道類智時證不還果。	至道類智時證不還果。	When one reaches the class of subsequent cognition of the path, one realizes the fruit of non-returning.
['T27n1545_065:0336c04_5']	彼上二界七地修所斷結盡非此果攝何故不說或無處耶。	彼上二界七地修所斷結盡非此果攝何故不說或無處耶。	The exhaustion of the fetters to be eliminated in the two upper realms and seven stages is not included in this fruit. Why is it not said or not established?
['T27n1545_065:0336c05_3']	若說諸向果中新所證得諸結盡者。	若說諸向果中新所證得諸結盡者。	If it is said that among the fruits of the paths, the exhaustion of the fetters newly realized is
['T27n1545_065:0336c06_1']	後三向中諸結盡不應亦說前果攝。	後三向中諸結盡不應亦說前果攝。	the exhaustion of the fetters in the last three paths should also not be said to be included in the previous fruits.
['T27n1545_065:0336c06_16']	向中新所證結盡定非前果所攝故。	向中新所證結盡定非前果所攝故。	Because the exhaustion of the fetters newly realized in the paths is definitely not included in the previous fruits.
['T27n1545_065:0336c07_13']	答此中總說諸向果中所成就諸結盡。	答此中總說諸向果中所成就諸結盡。	The answer is: This generally speaks of the exhaustion of the fetters accomplished in the fruits of the paths.
['T27n1545_065:0336c08_5']	問若爾善通後三向難。	問若爾善通後三向難。	If so, it skillfully resolves the difficulty of the last three paths.
['T27n1545_065:0336c08_14']	前三果難當云何通。	前三果難當云何通。	How does it resolve the difficulty of the first three fruits?
['T27n1545_065:0336c09_7']	答此說具縛入見道者故。	答此說具縛入見道者故。	The answer is: This speaks of one who is bound by all bonds entering the path of seeing.
['T27n1545_065:0336c10_4']	前三果所成就結盡唯說自果攝。	前三果所成就結盡唯說自果攝。	The abandonment accomplished by the first three fruits is said to be included only in their own fruits.
['T27n1545_065:0336c10_9']	有作是說。	有作是說。	There is an interpretation that says:
['T27n1545_065:0336c11_4']	此中果位說新所證所求滿故。	此中果位說新所證所求滿故。	In this context, the state of fruition is said to be the newly realized and fully developed state of the goal.
['T27n1545_065:0336c12_1']	向位未滿所求事故總說成就故。	向位未滿所求事故總說成就故。	The state of the path is not yet fully developed and the goal that is sought is not yet accomplished, and therefore it is said that one perfects it.
['T27n1545_065:0336c12_9']	向果位二說善通。	向果位二說善通。	Therefore both the state of the path and the state of fruition are explained well.
['T27n1545_065:0336c13_10']	具見世尊弟子未離欲染。	具見世尊弟子未離欲染。	The World-Honored Buddha who has complete insight and disciples who have not yet eliminated the passions of the realm of desire,
['T27n1545_065:0336c14_4']	欲界修所斷諸結盡何果攝。	欲界修所斷諸結盡何果攝。	when the bonds that are eliminated by cultivation in the realm of desire are ended, in which fruit are they included?
['T27n1545_065:0336c14_12']	答一來果或無處。	答一來果或無處。	The answer is: in the fruit of once-returning, or there is no such case.
['T27n1545_065:0336c14_18']	一來果攝者。	一來果攝者。	Those included in the fruit of once-returning
['T27n1545_065:0336c15_11']	謂欲界修所斷前六品諸結盡。	謂欲界修所斷前六品諸結盡。	are the bonds that are eliminated by cultivation in the realm of desire, up to the first six categories.
['T27n1545_065:0336c15_16']	或無處者。	或無處者。	Or there is no such case.
['T27n1545_065:0336c16_13']	謂欲界修所斷第七第八品諸結盡。	謂欲界修所斷第七第八品諸結盡。	This refers to the bonds that are eliminated by cultivation in the realm of desire, up to the seventh and eighth categories.
['T27n1545_065:0336c17_4']	已離欲染未離色染。	已離欲染未離色染。	Those who have eliminated the passions of the realm of desire but have not yet eliminated the passions of the realm of form,
['T27n1545_065:0336c17_16']	色界修所斷諸結盡何果攝。	色界修所斷諸結盡何果攝。	when the bonds that are eliminated by cultivation in the realm of form are ended, in which fruit are they included?
['T27n1545_065:0336c18_1']	答無處。	答無處。	The answer is: there is no such case.
['T27n1545_065:0336c18_18']	謂離初靜慮一品乃至第四靜慮八品染。	謂離初靜慮一品乃至第四靜慮八品染。	This refers to the elimination of the bonds that are eliminated by cultivation in the realm of form, up to the elimination of the eighth category of bonds in the fourth trance state.
['T27n1545_065:0336c19_10']	彼修所斷諸結盡非果攝。	彼修所斷諸結盡非果攝。	They are not included in any fruit.
['T27n1545_065:0336c20_3']	已離色染未離無色染。	已離色染未離無色染。	Those who have already separated from the defilements of the form realm but have not yet separated from the formless realm.
['T27n1545_065:0336c20_15']	無色修所斷諸結盡何果攝。	無色修所斷諸結盡何果攝。	To which fruit does the abandonment of all bonds to be abandoned by cultivation in the formless realm belong?
['T27n1545_065:0336c20_19']	答無處。	答無處。	The answer is: There is no such case.
['T27n1545_065:0336c22_2']	謂離空無邊處一品乃至非想非非想處八品染。	謂離空無邊處一品乃至非想非非想處八品染。	That is to say, when separating from the first stage of the defilements of the sphere of infinite space up to the eighth stage of the sphere of neither-perception-nor-non-perception,
['T27n1545_065:0336c22_13']	彼修所斷諸結盡非果攝。	彼修所斷諸結盡非果攝。	the abandonment of all bonds to be abandoned by cultivation does not belong to any fruit.
['T27n1545_065:0336c23_8']	此中說有四沙門果。	此中說有四沙門果。	Here it is said that there are four fruits of the śramaṇa.
['T27n1545_065:0336c24_5']	謂預流果一來果不還果阿羅漢果。	謂預流果一來果不還果阿羅漢果。	Namely, the fruit of stream-entry, the fruit of once-returning, the fruit of non-returning, and the fruit of arhatship.
['T27n1545_065:0336c24_15']	問何故說此四沙門果。	問何故說此四沙門果。	Why are these four fruits of the śramaṇa spoken of?
['T27n1545_065:0336c25_6']	答為止他宗顯己義故。	答為止他宗顯己義故。	The answer is: In order to refute other schools and to manifest one's own meaning.
['T27n1545_065:0336c25_11']	謂或有說。	謂或有說。	That is to say, some say:
['T27n1545_065:0336c26_7']	四沙門果唯是無為如分別論者。	四沙門果唯是無為如分別論者。	The four fruits of the śramaṇa are only unconditioned, like the Vaibhāṣika school.
['T27n1545_065:0336c26_15']	問彼何故作是說。	問彼何故作是說。	Why do they make this statement?
['T27n1545_065:0336c27_3']	答依契經故。	答依契經故。	The answer is: Because it is based on the sūtras.
['T27n1545_065:0336c27_8']	如契經說。	如契經說。	As a sūtra says:
['T27n1545_065:0336c27_13']	佛告苾芻。	佛告苾芻。	The Buddha told the bhikṣus:
['T27n1545_065:0336c28_10']	吾當為汝說沙門性及沙門沙門果。	吾當為汝說沙門性及沙門沙門果。	I will explain to you the nature of the śramaṇa, the śramaṇa, and the fruits of the śramaṇa.
['T27n1545_065:0336c28_16']	云何沙門性。	云何沙門性。	What is the nature of the śramaṇa?
['T27n1545_065:0336c29_3']	謂八支聖道。	謂八支聖道。	It refers to the eightfold noble path.
['T27n1545_065:0336c29_14']	云何沙門謂成就此法者。	云何沙門謂成就此法者。	What is a śramaṇa? It is one who possesses this dharma.
['T27n1545_065:0337a01_1']	云何沙門果。	云何沙門果。	What is the fruit of a śramaṇa?
['T27n1545_065:0337a01_12']	謂預流果乃至阿羅漢果。	謂預流果乃至阿羅漢果。	It is the fruit of a stream-enterer up to the fruit of an arhat.
['T27n1545_065:0337a02_4']	云何預流果謂永斷三結。	云何預流果謂永斷三結。	What is the fruit of a stream-enterer? It is the complete abandonment of the three bonds.
['T27n1545_065:0337a03_2']	云何一來果謂永斷三結薄貪瞋癡。	云何一來果謂永斷三結薄貪瞋癡。	What is the fruit of a once-returner? It is the complete abandonment of the three bonds, and the thinning out of greed, hatred, and delusion.
['T27n1545_065:0337a03_16']	云何不還果謂永斷五順下分結。	云何不還果謂永斷五順下分結。	What is the fruit of a non-returner? It is the complete abandonment of the five lower bonds.
['T27n1545_065:0337a04_4']	云何阿羅漢果。	云何阿羅漢果。	What is the fruit of an arhat?
['T27n1545_065:0337a04_16']	謂永斷貪瞋癡及一切煩惱。	謂永斷貪瞋癡及一切煩惱。	It is the complete abandonment of greed, hatred, delusion, and all afflictions.
['T27n1545_065:0337a05_10']	依此經故說沙門果唯是無為。	依此經故說沙門果唯是無為。	Based on this sūtra, it is said that the fruits of a śramaṇa are only unconditioned.
['T27n1545_065:0337a06_8']	為遮彼意顯沙門果亦有為亦無為。	為遮彼意顯沙門果亦有為亦無為。	In order to refute this view, it is shown that the fruits of a śramaṇa are both conditioned and unconditioned.
['T27n1545_065:0337a07_3']	若沙門果唯無為者便違契經。	若沙門果唯無為者便違契經。	If the fruits of a śramaṇa were only unconditioned, it would contradict the sūtras.
['T27n1545_065:0337a07_8']	如契經說。	如契經說。	As a sūtra says:
['T27n1545_065:0337a07_17']	有行四向有住四果。	有行四向有住四果。	There are those who practice the four paths and abide in the four fruits.
['T27n1545_065:0337a08_11']	此中住者住有為果非無為果。	此中住者住有為果非無為果。	Here, abiding refers to abiding in conditioned fruits, not unconditioned fruits.
['T27n1545_065:0337a09_3']	以無為果不可住故。	以無為果不可住故。	Because unconditioned fruits cannot be abided in.
['T27n1545_065:0337a09_8']	彼作是說。	彼作是說。	They argue:
['T27n1545_065:0337a09_18']	無為果中亦可說住故。	無為果中亦可說住故。	Because it is also possible to speak of abiding in unconditioned fruits.
['T27n1545_065:0337a10_7']	施設論作如是說。	施設論作如是說。	The Abhidharma-mahāvibhāṣā-śāstra says:
['T27n1545_065:0337a10_16', 'T27n1545_065:0337a11_3']	彼住於斷不求勝進。🔽為得未得。	彼住於斷不求勝進。 為得未得。	They abide in cessation and do not seek further progress.🔽In order to attain what has not yet been attained,
['T27n1545_065:0337a11_8', 'T27n1545_065:0337a11_13']	為獲未獲。🔽為觸未觸。	為獲未獲。 為觸未觸。	to obtain what has not yet been obtained,🔽to touch what has not yet been touched,
['T27n1545_065:0337a11_18']	為證未證。	為證未證。	to realize what has not yet been realized.
['T27n1545_065:0337a12_4']	彼論非證。	彼論非證。	That treatise is not authoritative.
['T27n1545_065:0337a12_9']	所以者何。	所以者何。	Why is it so?
['T27n1545_065:0337a12_14']	彼論意說。	彼論意說。	The meaning of that treatise is as follows:
['T27n1545_065:0337a12_19']	住於道故。	住於道故。	Because they abide in the path.
['T27n1545_065:0337a13_13']	謂住斷者非如乘象馬住象馬上。	謂住斷者非如乘象馬住象馬上。	That is to say, those who abide in cessation are not like those who ride elephants and horses, riding on elephants and horses.
['T27n1545_065:0337a14_10']	但於證斷道不進不退說名為住。	但於證斷道不進不退說名為住。	But they are said to abide in the path of realizing cessation without advancing or regressing.
['T27n1545_065:0337a14_15']	有餘契經。	有餘契經。	There are other sutras.
['T27n1545_065:0337a15_6']	唯說有為是沙門果。	唯說有為是沙門果。	Only conditioned [dharmas] are said to be the fruits of the śramaṇa.
['T27n1545_065:0337a16_1']	如說五根增上猛利迅速圓滿。	如說五根增上猛利迅速圓滿。	As it is said, the five faculties that are extremely sharp, swift, and complete,
['T27n1545_065:0337a16_10']	名俱解脫阿羅漢果。	名俱解脫阿羅漢果。	are called the fruit of the arhat who is liberated through both parts.
['T27n1545_065:0337a17_4', 'T27n1545_065:0337a17_13']	次減劣者名慧解脫阿羅漢果。🔽次減劣者名不還果。	次減劣者名慧解脫阿羅漢果。 次減劣者名不還果。	Next, those that are slightly inferior are called the fruit of the arhat who is liberated through wisdom.🔽Next, those that are slightly inferior are called the fruit of non-returner.
['T27n1545_065:0337a18_3']	次減劣者名一來果。	次減劣者名一來果。	Next, those that are slightly inferior are called the fruit of once-returner.
['T27n1545_065:0337a18_12']	最減劣者名預流果。	最減劣者名預流果。	Those that are the most inferior are called the fruit of stream-enterer.
['T27n1545_065:0337a18_15']	此中。	此中。	Here,
['T27n1545_065:0337a19_12']	唯說信等五根勝劣差別名沙門果故。	唯說信等五根勝劣差別名沙門果故。	Only the superiority and inferiority of the five faculties such as faith are called the fruits of the śramaṇa.
['T27n1545_065:0337a19_17']	知沙門果。	知沙門果。	Therefore, it should be known that the fruits of the śramaṇa
['T27n1545_065:0337a20_5']	非但是無為。	非但是無為。	are not only unconditioned.
['T27n1545_065:0337a20_15']	問若沙門果亦是有為。	問若沙門果亦是有為。	Question: If the fruits of the śramaṇa are also conditioned,
['T27n1545_065:0337a21_5']	云何通彼所引契經。	云何通彼所引契經。	how can you reconcile that sūtra passage that you cited?
['T27n1545_065:0337a21_17']	答四沙門果實通有為無為。	答四沙門果實通有為無為。	Answer: The four fruits of the śramaṇa are actually both conditioned and unconditioned.
['T27n1545_065:0337a22_9']	而彼契經且說是無為者。	而彼契經且說是無為者。	But that sūtra passage only speaks of them as unconditioned.
['T27n1545_065:0337a22_14']	所以者何。	所以者何。	Why is this?
['T27n1545_065:0337a23_1']	唯說果故。	唯說果故。	Because it only speaks of the fruits.
['T27n1545_065:0337a23_18']	若法是沙門果非沙門性者彼經說之道。	若法是沙門果非沙門性者彼經說之道。	If a dharma is a fruit of the śramaṇa but not the nature of a śramaṇa, that sūtra passage speaks of it as the path.
['T27n1545_065:0337a24_13']	是沙門果亦是沙門性故彼不說。	是沙門果亦是沙門性故彼不說。	Because it is a fruit of the śramaṇa and also the nature of a śramaṇa, it does not speak of it.
['T27n1545_065:0337a25_16']	復次若法是婆羅門果非婆羅門性者彼經說之道。	復次若法是婆羅門果非婆羅門性者彼經說之道。	Furthermore, if a dharma is a fruit of the brāhmaṇa but not the nature of a brāhmaṇa, that sūtra passage speaks of it as the path.
['T27n1545_065:0337a26_14']	是婆羅門果亦是婆羅門性故彼不說。	是婆羅門果亦是婆羅門性故彼不說。	Because it is a fruit of the brāhmaṇa and also the nature of a brāhmaṇa, it does not speak of it.
['T27n1545_065:0337a27_15']	復次若法是梵行果非梵行性者彼經說之道。	復次若法是梵行果非梵行性者彼經說之道。	Furthermore, if a dharma is a fruit of the holy life but not the nature of the holy life, that sūtra passage speaks of it as the path.
['T27n1545_065:0337a28_11']	是梵行果亦是梵行性故彼不說。	是梵行果亦是梵行性故彼不說。	Because it is a fruit of the holy life and also the nature of the holy life, it does not speak of it.
['T27n1545_065:0337a29_9']	復次若法是果非有果者彼經說之道。	復次若法是果非有果者彼經說之道。	Furthermore, if a dharma is a fruit but not a fruit, that sutra speaks of the path.
['T27n1545_065:0337b01_2']	是果亦是有果故彼不說。	是果亦是有果故彼不說。	Because it is a fruit and also a fruit, it does not speak of it.
['T27n1545_065:0337b02_1']	復次若法是離非有離者彼經說之道。	復次若法是離非有離者彼經說之道。	Furthermore, if a dharma is separation but not a separation, that sutra speaks of the path.
['T27n1545_065:0337b02_12']	是離亦是有離故彼不說。	是離亦是有離故彼不說。	Because it is separation and also a separation, it does not speak of it.
['T27n1545_065:0337b03_10']	復次若法是所求非所厭者彼經說之道。	復次若法是所求非所厭者彼經說之道。	Furthermore, if a dharma is what is sought but not what is detested, that sutra speaks of the path.
['T27n1545_065:0337b04_4']	是所求亦是所厭故彼不說。	是所求亦是所厭故彼不說。	Because it is what is sought and also what is detested, it does not speak of it.
['T27n1545_065:0337b05_5']	為止如是他宗所說欲顯自宗故說四果。	為止如是他宗所說欲顯自宗故說四果。	In order to stop others from speaking in this way and to show one's own doctrine, the four fruits are spoken of.
['T27n1545_065:0337b05_16']	復次勿為止他顯示己義。	復次勿為止他顯示己義。	Furthermore, it is not in order to stop others and show one's own meaning.
['T27n1545_065:0337b06_15']	但為開發法相正理令他了知故說四果。	但為開發法相正理令他了知故說四果。	But in order to reveal the correct principle of the characteristics of dharmas and cause others to understand, the four fruits are spoken of.
['T27n1545_065:0337b07_8']	問四沙門果自性是何。	問四沙門果自性是何。	Question: What is the intrinsic nature of the four fruits of the śramaṇa?
['T27n1545_065:0337b07_18']	答品類足論作如是說。	答品類足論作如是說。	Answer: The Pitan Fazu (Pinnacle of the Dharma Treatise) states:
['T27n1545_065:0337b08_6']	預流果有二種。	預流果有二種。	The fruit of the stream-enterer is of two kinds.
['T27n1545_065:0337b08_13']	謂有為及無為。	謂有為及無為。	Namely, conditioned and unconditioned.
['T27n1545_065:0337b09_2']	云何有為預流果。	云何有為預流果。	What is the conditioned fruit of the stream-enterer?
['T27n1545_065:0337b09_17']	謂證預流果者於諸學法已正當得。	謂證預流果者於諸學法已正當得。	It refers to the one who has realized the fruit of the stream-enterer who has already attained or will attain the dharmas of training.
['T27n1545_065:0337b10_6', 'T27n1545_065:0337b10_13']	已得者謂過去。🔽正得者謂現在。	已得者謂過去。 正得者謂現在。	Already attained refers to the past.🔽Attaining refers to the present.
['T27n1545_065:0337b11_1']	當得者謂未來。	當得者謂未來。	Will attain refers to the future.
['T27n1545_065:0337b11_9']	云何無為預流果。	云何無為預流果。	What is the unconditioned fruit of stream-entry?
['T27n1545_065:0337b11_16']	謂證預流果者。	謂證預流果者。	It refers to the one who has attained the fruit of stream-entry.
['T27n1545_065:0337b12_6']	於諸結斷已正當得。	於諸結斷已正當得。	Regarding the severing of the fetters, he has already attained, is attaining, and will attain.
['T27n1545_065:0337b12_13']	已得者謂過去。	已得者謂過去。	Already attained refers to the past.
['T27n1545_065:0337b13_1']	正得者謂現在。	正得者謂現在。	Attaining refers to the present.
['T27n1545_065:0337b13_8']	當得者謂未來。	當得者謂未來。	Will attain refers to the future.
['T27n1545_065:0337b14_7']	問道是有為墮在三世可說於彼已正當得。	問道是有為墮在三世可說於彼已正當得。	Question: The path is conditioned and falls into the three times, so it can be said that one has already attained, is attaining, and will attain it.
['T27n1545_065:0337b15_9']	斷是無為不墮三世云何說於彼已正當得耶。	斷是無為不墮三世云何說於彼已正當得耶。	Severing is unconditioned and does not fall into the three times, so how can it be said that one has already attained, is attaining, and will attain it?
['T27n1545_065:0337b16_2']	答品類足論應作是說。	答品類足論應作是說。	Answer: The Abhidharma should say:
['T27n1545_065:0337b17_2']	於諸結斷得獲觸證不應說言已正當得。	於諸結斷得獲觸證不應說言已正當得。	Regarding the severing of the fetters, one attains, obtains, touches, and realizes, but should not say that one has already attained, is attaining, or will attain.
['T27n1545_065:0337b17_11']	作是說者有別意趣。	作是說者有別意趣。	Those who say this have a separate intention.
['T27n1545_065:0337b18_4']	欲顯彼斷得及相續得者。	欲顯彼斷得及相續得者。	They wish to show that the attainment of that severing and the attainment of the continuum
['T27n1545_065:0337b18_15']	謂彼斷得在過去名已得。	謂彼斷得在過去名已得。	are called already attained when the attainment of that severing is in the past,
['T27n1545_065:0337b19_4']	在現在名正得。	在現在名正得。	attaining when it is in the present,
['T27n1545_065:0337b19_11']	在未來名當得。	在未來名當得。	and will attain when it is in the future.
['T27n1545_065:0337b20_2']	相續者謂證斷相續。	相續者謂證斷相續。	The continuity refers to the realization of the continuity of cessation.
['T27n1545_065:0337b20_9']	在過去名已得。	在過去名已得。	In the past, it is called already attained.
['T27n1545_065:0337b20_16']	在現在名正得。	在現在名正得。	In the present, it is called presently attained.
['T27n1545_065:0337b21_5']	在未來名當得。	在未來名當得。	In the future, it is called to be attained.
['T27n1545_065:0337b21_16']	又彼論說一來果有二種。	又彼論說一來果有二種。	That treatise also says that the fruit of once-returning is of two kinds.
['T27n1545_065:0337b22_5']	謂有為及無為。	謂有為及無為。	Namely, conditioned and unconditioned.
['T27n1545_065:0337b22_13']	云何有為一來果。	云何有為一來果。	What is the conditioned fruit of once-returning?
['T27n1545_065:0337b23_1']	謂證一來果者。	謂證一來果者。	It refers to one who has realized the fruit of once-returning.
['T27n1545_065:0337b23_10']	於諸學法已正當得。	於諸學法已正當得。	One who has already or will attain the dharmas of training.
['T27n1545_065:0337b23_15']	餘如前說。	餘如前說。	The rest is as explained above.
['T27n1545_065:0337b24_4']	云何無為一來果。	云何無為一來果。	What is the unconditioned fruit of once-returning?
['T27n1545_065:0337b24_11']	謂證一來果者。	謂證一來果者。	It refers to one who has realized the fruit of once-returning.
['T27n1545_065:0337b25_6']	於諸結斷已正當得餘如前說。	於諸結斷已正當得餘如前說。	One who has already or will attain the severing of the fetters. The rest is as explained above.
['T27n1545_065:0337b25_13']	不還果有二種。	不還果有二種。	The fruit of non-returning is of two kinds.
['T27n1545_065:0337b26_1']	謂有為及無為。	謂有為及無為。	Namely, conditioned and unconditioned.
['T27n1545_065:0337b26_9']	云何有為不還果。	云何有為不還果。	What is the conditioned fruit of non-returning?
['T27n1545_065:0337b26_16']	謂證不還果者。	謂證不還果者。	It refers to one who has realized the fruit of non-returning.
['T27n1545_065:0337b27_10']	於諸學法已正當得餘如前說。	於諸學法已正當得餘如前說。	One who has already or will attain the dharmas of training. The rest is as explained above.
['T27n1545_065:0337b27_18']	云何無為不還果。	云何無為不還果。	What is the unconditioned fruit of non-returning?
['T27n1545_065:0337b28_6']	謂證不還果者。	謂證不還果者。	It refers to one who has realized the fruit of non-returning.
['T27n1545_065:0337b28_15']	於諸結斷已正當得。	於諸結斷已正當得。	One who has already or will attain the severing of the fetters.
['T27n1545_065:0337b29_2']	餘如前說。	餘如前說。	The rest is as explained above.
['T27n1545_065:0337b29_10']	阿羅漢果有二種。	阿羅漢果有二種。	The fruit of arhatship is of two kinds.
['T27n1545_065:0337b29_17']	謂有為及無為。	謂有為及無為。	Namely, conditioned and unconditioned.
['T27n1545_065:0337c01_6']	云何有為阿羅漢果。	云何有為阿羅漢果。	What is the conditioned fruit of arhatship?
['T27n1545_065:0337c01_14']	謂證阿羅漢果者。	謂證阿羅漢果者。	It refers to one who has realized the fruit of arhatship.
['T27n1545_065:0337c02_6']	於諸無學法已正當得。	於諸無學法已正當得。	One has already, is currently, and will attain the unlearned dharmas.
['T27n1545_065:0337c02_11']	餘如前說。	餘如前說。	The rest is as explained above.
['T27n1545_065:0337c03_1']	云何無為阿羅漢果。	云何無為阿羅漢果。	What is the unconditioned fruit of arhatship?
['T27n1545_065:0337c03_9']	謂證阿羅漢果者。	謂證阿羅漢果者。	It refers to one who has realized the fruit of arhatship.
['T27n1545_065:0337c03_18']	於諸結斷已正當得。	於諸結斷已正當得。	One has already, is currently, and will attain the severing of the bonds.
['T27n1545_065:0337c04_4']	餘如前說。	餘如前說。	The rest is as explained above.
['T27n1545_065:0337c04_13']	施設論中亦作是說。	施設論中亦作是說。	The Abhidharma-vibhāṣā-śāstra also states:
['T27n1545_065:0337c05_2']	預流果有二種。	預流果有二種。	The fruit of stream-entry is of two kinds.
['T27n1545_065:0337c05_9']	謂有為及無為。	謂有為及無為。	Namely, conditioned and unconditioned.
['T27n1545_065:0337c05_17']	云何有為預流果。	云何有為預流果。	What is the conditioned fruit of stream-entry?
['T27n1545_065:0337c06_6']	謂此果得及此得得。	謂此果得及此得得。	It refers to the attainment of this fruit and the attainment of that attainment.
['T27n1545_065:0337c06_11']	此果得者。	此果得者。	The attainment of this fruit.
['T27n1545_065:0337c07_2']	謂有為無為預流果得。	謂有為無為預流果得。	It refers to the attainment of the conditioned and unconditioned fruits of stream-entry.
['T27n1545_065:0337c07_7', 'T27n1545_065:0337c08_5']	此得得者。🔽謂此果得之得由此果得故成就預流果。	此得得者。 謂此果得之得由此果得故成就預流果。	The attainment of that attainment.🔽It is because of this attainment of the fruit that one accomplishes the fruit of stream-entry.
['T27n1545_065:0337c08_16']	由此得得故成就此果得。	由此得得故成就此果得。	It is because of the attainment of that attainment that one accomplishes the attainment of the fruit.
['T27n1545_065:0337c09_13']	若諸學根學力學戒學善根八學法。	若諸學根學力學戒學善根八學法。	If the faculties, powers, precepts, wholesome roots, and eight kinds of learning of the learners,
['T27n1545_065:0337c10_3']	及此種類諸學法。	及此種類諸學法。	and the various kinds of learning dharmas,
['T27n1545_065:0337c10_11']	是名有為預流果。	是名有為預流果。	this is called the conditioned fruit of stream-entry.
['T27n1545_065:0337c10_19', 'T27n1545_065:0337c11_5']	云何無為預流果。🔽謂三結永斷。	云何無為預流果。 謂三結永斷。	What is the unconditioned fruit of stream-entry?🔽It is the permanent abandonment of the three bonds,
['T27n1545_065:0337c11_15']	及此種類諸結法永斷。	及此種類諸結法永斷。	and the permanent abandonment of the various kinds of bonds,
['T27n1545_065:0337c12_4']	八十八隨眠永斷。	八十八隨眠永斷。	the permanent abandonment of the eighty-eight latent afflictions,
['T27n1545_065:0337c12_14']	及此種類隨眠法永斷。	及此種類隨眠法永斷。	and the permanent abandonment of the various kinds of latent afflictions,
['T27n1545_065:0337c13_3']	是名無為預流果。	是名無為預流果。	this is called the unconditioned fruit of stream-entry.
['T27n1545_065:0337c13_10']	一來果有二種。	一來果有二種。	The fruit of once-returning is of two kinds,
['T27n1545_065:0337c13_17']	謂有為及無為。	謂有為及無為。	namely conditioned and unconditioned.
['T27n1545_065:0337c14_5']	云何有為一來果。	云何有為一來果。	What is the conditioned fruit of once-returning?
['T27n1545_065:0337c14_14']	謂此果得及此得得。	謂此果得及此得得。	It is the attainment of this fruit and the attainment of that attainment,
['T27n1545_065:0337c14_19']	餘如前說。	餘如前說。	the rest is as explained above.
['T27n1545_065:0337c15_14']	若諸學根學力學戒學善根八學法。	若諸學根學力學戒學善根八學法。	If the faculties, powers, precepts, wholesome roots, and eight kinds of learning of the learners,
['T27n1545_065:0337c16_4']	及此種類諸學法。	及此種類諸學法。	and the various kinds of learning dharmas,
['T27n1545_065:0337c16_12']	是名有為一來果。	是名有為一來果。	this is called the conditioned fruit of once-returning.
['T27n1545_065:0337c17_1', 'T27n1545_065:0337c17_7']	云何無為一來果。🔽謂三結永斷。	云何無為一來果。 謂三結永斷。	What is the unconditioned fruit of once-returning?🔽It is the permanent abandonment of the three bonds,
['T27n1545_065:0337c17_17']	及此種類諸結法永斷。	及此種類諸結法永斷。	and the permanent abandonment of the various kinds of bonds,
['T27n1545_065:0337c18_5']	八十八隨眠永斷。	八十八隨眠永斷。	The complete abandonment of the eighty-eight latent afflictions,
['T27n1545_065:0337c19_2']	及此種類隨眠法永斷貪瞋癡倍斷。	及此種類隨眠法永斷貪瞋癡倍斷。	and the complete abandonment of the latent afflictions and their types, and the twofold abandonment of craving, hatred, and delusion,
['T27n1545_065:0337c19_12']	及此種類煩惱法倍斷。	及此種類煩惱法倍斷。	and the twofold abandonment of the afflictions and their types,
['T27n1545_065:0337c20_1']	是名無為一來果。	是名無為一來果。	this is called the unconditioned fruit of once-returning.
['T27n1545_065:0337c20_8']	不還果有二種。	不還果有二種。	The fruit of non-returning is of two kinds,
['T27n1545_065:0337c20_15']	謂有為及無為。	謂有為及無為。	namely conditioned and unconditioned.
['T27n1545_065:0337c21_3']	云何有為不還果。	云何有為不還果。	What is the conditioned fruit of non-returning?
['T27n1545_065:0337c21_12']	謂此果得及此得得。	謂此果得及此得得。	It refers to the attainment of this fruit and the attainment of that attainment,
['T27n1545_065:0337c21_17']	餘如前說。	餘如前說。	the rest is as explained above.
['T27n1545_065:0337c22_12']	若諸學根學力學戒學善根八學法。	若諸學根學力學戒學善根八學法。	If the faculties, powers, precepts, wholesome roots, and eight factors of learners,
['T27n1545_065:0337c23_1']	及此種類諸學法。	及此種類諸學法。	and the various learner dharmas of this type,
['T27n1545_065:0337c23_9']	是名有為不還果。	是名有為不還果。	this is called the conditioned fruit of non-returning.
['T27n1545_065:0337c23_17']	云何無為不還果。	云何無為不還果。	What is the unconditioned fruit of non-returning?
['T27n1545_065:0337c24_6']	謂五順下分結永斷。	謂五順下分結永斷。	It refers to the complete abandonment of the five lower fetters,
['T27n1545_065:0337c24_16']	及此種類諸結法永斷。	及此種類諸結法永斷。	and the complete abandonment of the various fetters and dharmas of this type,
['T27n1545_065:0337c25_5']	九十二隨眠永斷。	九十二隨眠永斷。	the complete abandonment of the ninety-two latent afflictions,
['T27n1545_065:0337c25_15']	及此種類隨眠法永斷。	及此種類隨眠法永斷。	and the complete abandonment of the latent afflictions and their types,
['T27n1545_065:0337c26_4']	是名無為不還果。	是名無為不還果。	this is called the unconditioned fruit of non-returning.
['T27n1545_065:0337c26_12']	阿羅漢果有二種。	阿羅漢果有二種。	The fruit of arhatship is of two kinds,
['T27n1545_065:0337c26_19']	謂有為及無為。	謂有為及無為。	namely conditioned and unconditioned.
['T27n1545_065:0337c27_8']	云何有為阿羅漢果。	云何有為阿羅漢果。	What is the conditioned arhat fruit?
['T27n1545_065:0337c27_17']	謂此果得及此得得。	謂此果得及此得得。	It refers to the attainment of this fruit and the attainment of that attainment.
['T27n1545_065:0337c28_3']	餘如前說。	餘如前說。	The rest is explained as before.
['T27n1545_065:0337c29_5']	若諸無學根無學力無學戒無學善根十無學法。	若諸無學根無學力無學戒無學善根十無學法。	If the faculties of the adepts, the powers of the adepts, the precepts of the adepts, the wholesome roots of the adepts, the ten dharmas of the adepts,
['T27n1545_065:0337c29_14']	及此種類諸無學法。	及此種類諸無學法。	and the various kinds of dharmas of the adepts,
['T27n1545_065:0338a01_4']	是名有為阿羅漢果。	是名有為阿羅漢果。	this is called the conditioned arhat fruit.
['T27n1545_065:0338a01_13']	云何無為阿羅漢果。	云何無為阿羅漢果。	What is the unconditioned arhat fruit?
['T27n1545_065:0338a02_1']	謂貪瞋癡永斷。	謂貪瞋癡永斷。	It refers to the permanent abandonment of greed, hatred, and delusion,
['T27n1545_065:0338a02_9']	及一切煩惱永斷。	及一切煩惱永斷。	and the permanent abandonment of all afflictions.
['T27n1545_065:0338a02_18']	越一切趣斷一切路。	越一切趣斷一切路。	It transcends all destinies and severs all paths.
['T27n1545_065:0338a03_8']	滅三種火渡四瀑流。	滅三種火渡四瀑流。	It extinguishes the three kinds of fires and crosses the four violent currents.
['T27n1545_065:0338a03_17']	摧諸傲慢離諸渴愛。	摧諸傲慢離諸渴愛。	It destroys all arrogance and eliminates all craving.
['T27n1545_065:0338a04_4']	破阿賴耶。	破阿賴耶。	It shatters the storehouse consciousness.
['T27n1545_065:0338a04_17']	無上究竟無上寂靜無上安樂。	無上究竟無上寂靜無上安樂。	It is the unsurpassed ultimate, the unsurpassed tranquility, the unsurpassed bliss,
['T27n1545_065:0338a05_7']	及諸愛盡離滅涅槃。	及諸愛盡離滅涅槃。	and the nirvana of the cessation of all craving.
['T27n1545_065:0338a05_16']	是名無為阿羅漢果。	是名無為阿羅漢果。	This is called the unconditioned arhat fruit.
['T27n1545_065:0338a06_12']	是謂四沙門果自性我物相分本性。	是謂四沙門果自性我物相分本性。	These are called the intrinsic natures, substances, characteristics, and inherent natures of the four fruits of the śramaṇa.
['T27n1545_065:0338a06_17']	已說自性。	已說自性。	The intrinsic natures have been explained.
['T27n1545_065:0338a07_4']	所以今當說。	所以今當說。	The reasons will now be explained.
['T27n1545_065:0338a07_12']	問何故名沙門果。	問何故名沙門果。	Question: Why is it called the fruit of the śramaṇa?
['T27n1545_065:0338a08_1']	沙門果是何義。	沙門果是何義。	What is the meaning of the fruit of the śramaṇa?
['T27n1545_065:0338a08_11']	答所有聖道是沙門性。	答所有聖道是沙門性。	Answer: All the noble paths are the nature of the śramaṇa.
['T27n1545_065:0338a09_2']	有為無為及諸擇滅。	有為無為及諸擇滅。	The conditioned and unconditioned, as well as the various cessations through discernment,
['T27n1545_065:0338a09_11']	是此果故名沙門果。	是此果故名沙門果。	are called the fruit of the śramaṇa because they are the fruit of this [nature].
['T27n1545_065:0338a09_15']	問若爾。	問若爾。	Question: If that is so,
['T27n1545_065:0338a10_3']	此果不應唯四。	此果不應唯四。	then this fruit should not be only four.
['T27n1545_065:0338a10_15']	謂見道中八忍品是沙門性。	謂見道中八忍品是沙門性。	That is to say, in the path of seeing, the eight types of forbearance are the nature of the śramaṇa.
['T27n1545_065:0338a11_7']	八智品是有為沙門果。	八智品是有為沙門果。	The eight types of cognition are the conditioned fruit of the śramaṇa.
['T27n1545_065:0338a11_18']	八部法斷是無為沙門果。	八部法斷是無為沙門果。	The eight types of cessation of dharmas are the unconditioned fruit of the śramaṇa.
['T27n1545_065:0338a12_13']	離欲界染時九無間道是沙門性。	離欲界染時九無間道是沙門性。	When one is free from the defilements of the desire realm, the nine uninterrupted paths are the nature of the śramaṇa.
['T27n1545_065:0338a13_6']	九解脫道是有為沙門果。	九解脫道是有為沙門果。	The nine paths of liberation are the conditioned fruit of the śramaṇa.
['T27n1545_065:0338a13_17']	九品法斷是無為沙門果。	九品法斷是無為沙門果。	The nine types of cessation of dharmas are the unconditioned fruit of the śramaṇa.
['T27n1545_065:0338a14_16']	如是乃至離非想非非想處染時應知亦爾。	如是乃至離非想非非想處染時應知亦爾。	In this way, up to when one is free from the defilements of the sphere of neither-perception-nor-non-perception, it should be understood in the same way.
['T27n1545_065:0338a15_12']	如是便有八十九有為沙門果。	如是便有八十九有為沙門果。	In this way, there are eighty-nine conditioned fruits of the śramaṇa,
['T27n1545_065:0338a16_3']	八十九無為沙門果。	八十九無為沙門果。	and eighty-nine unconditioned fruits of the śramaṇa.
['T27n1545_065:0338a16_8']	若依此說。	若依此說。	If one relies on this explanation,
['T27n1545_065:0338a17_1']	此沙門果有二百六十七。	此沙門果有二百六十七。	then these fruits of the śramaṇa would be two hundred and sixty-seven.
['T27n1545_065:0338a17_9', 'T27n1545_065:0338a17_16']	謂八十九在過去。🔽八十九在現在。	謂八十九在過去。 八十九在現在。	It means that eighty-nine are in the past,🔽eighty-nine are in the present,
['T27n1545_065:0338a18_4']	八十九在未來。	八十九在未來。	and eighty-nine are in the future.
['T27n1545_065:0338a18_13']	品類足論作如是說。	品類足論作如是說。	The Abhidharma-nyāyânusāra-śāstra says:
['T27n1545_065:0338a18_18']	云何果法。	云何果法。	What are the dharmas that are fruits?
['T27n1545_065:0338a19_9']	謂一切有為法及擇滅。	謂一切有為法及擇滅。	It means all conditioned dharmas and cessation through discernment.
['T27n1545_065:0338a19_18']	隨諸聖道爾所剎那。	隨諸聖道爾所剎那。	According to the number of moments of the noble path,
['T27n1545_065:0338a20_9']	即有爾所有為沙門果。	即有爾所有為沙門果。	there are that many conditioned fruits of the śramaṇa.
['T27n1545_065:0338a21_1']	隨有漏法有爾所量。	隨有漏法有爾所量。	According to the extent of defiled dharmas,
['T27n1545_065:0338a21_10', 'T27n1545_065:0338a22_1']	擇滅無為亦有爾所。🔽隨有爾所擇滅無為。	擇滅無為亦有爾所。 隨有爾所擇滅無為。	cessation through discernment and unconditioned dharmas also have that extent.🔽According to the number of cessations through discernment and unconditioned dharmas,
['T27n1545_065:0338a22_11']	即有爾所無為沙門果。	即有爾所無為沙門果。	there are that many unconditioned fruits of the śramaṇa.
['T27n1545_065:0338a23_2']	若以剎那在身分別。	若以剎那在身分別。	If one distinguishes based on the moments in the body,
['T27n1545_065:0338a23_11']	便有無量沙門果體。	便有無量沙門果體。	there are innumerable natures of the fruits of the śramaṇa.
['T27n1545_065:0338a24_2']	何故唯說四沙門果。	何故唯說四沙門果。	Why are only four fruits of the śramaṇa spoken of?
['T27n1545_065:0338a24_7']	有作是說。	有作是說。	There is a view that
['T27n1545_065:0338a25_6']	此是世尊為受化者所宜聞故有餘略說。	此是世尊為受化者所宜聞故有餘略說。	this is because the World-Honored One, for the sake of those to be taught, spoke concisely with some remaining.
['T27n1545_065:0338a25_11']	脇尊者曰。	脇尊者曰。	Venerable Pārśva said:
['T27n1545_065:0338a26_10']	唯佛世尊能具正智諸法性相勢用分齊。	唯佛世尊能具正智諸法性相勢用分齊。	Only the World-Honored Buddha, with his perfect knowledge, can fully understand the natures, characteristics, and extent of the power of dharmas.
['T27n1545_065:0338a26_15']	餘不能知。	餘不能知。	Others cannot know this.🔽Here is the corrected and aligned text:
['T27n1545_065:0338a27_10']	若此堪立沙門果者即便立之。	若此堪立沙門果者即便立之。	If it is suitable to establish it as a śramaṇa fruit, then it is established.
['T27n1545_065:0338a28_2']	若不堪者便不建立。	若不堪者便不建立。	If it is not suitable, then it is not established.
['T27n1545_065:0338a28_7', 'T27n1545_065:0338a28_16']	故不應難。🔽尊者世友作如是說。	故不應難。 尊者世友作如是說。	Therefore, it should not be criticized.🔽Venerable Vasumitra says:
['T27n1545_065:0338a29_10']	此是世尊為開智者簡要而說。	此是世尊為開智者簡要而說。	This is the concise teaching given by the World-Honored One for the sake of those of discerning wisdom.
['T27n1545_065:0338a29_15']	故不應難。	故不應難。	Therefore, it should not be criticized.
['T27n1545_065:0338b01_9']	復次此四果位易見易施設。	復次此四果位易見易施設。	Furthermore, these four fruit stages are easy to see and easy to designate,
['T27n1545_065:0338b02_6']	謂此是預流果乃至此是阿羅漢果。	謂此是預流果乃至此是阿羅漢果。	namely, this is the fruit of stream-entry up to this is the fruit of arhatship.
['T27n1545_065:0338b02_16']	所餘諸位難見難施設。	所餘諸位難見難施設。	The other stages are difficult to see and difficult to designate.
['T27n1545_065:0338b03_6']	故佛但說四沙門果。	故佛但說四沙門果。	Therefore, the Buddha only speaks of the four śramaṇa fruits.
['T27n1545_065:0338b03_13']	復次此四果位。	復次此四果位。	Furthermore, in these four fruit stages,
['T27n1545_065:0338b04_7']	諸瑜伽師於果發起增上慶悅。	諸瑜伽師於果發起增上慶悅。	yogis give rise to supreme joy and delight in the fruits.
['T27n1545_065:0338b04_12']	餘位不爾。	餘位不爾。	The other stages are not like this.
['T27n1545_065:0338b05_7']	如務農者於六月中修治稼穡。	如務農者於六月中修治稼穡。	It is like farmers who cultivate crops for six months.
['T27n1545_065:0338b06_3']	後收子實積置場中生大慶悅。	後收子實積置場中生大慶悅。	Later, when they harvest the seeds and store them in the fields, they give rise to great joy and delight.
['T27n1545_065:0338b06_8']	此亦如是。	此亦如是。	This is also like that.
['T27n1545_065:0338b06_17']	故佛唯說四沙門果。	故佛唯說四沙門果。	Therefore, the Buddha only speaks of the four śramaṇa fruits.
['T27n1545_065:0338b07_9']	復次此四果位具三因緣。	復次此四果位具三因緣。	Furthermore, these four fruit stages are endowed with three causes and conditions.
['T27n1545_065:0338b07_15']	一捨曾得道。	一捨曾得道。	First, abandoning the previously attained path.
['T27n1545_065:0338b08_4']	二得未曾得道。	二得未曾得道。	Second, attaining the previously unattained path.
['T27n1545_065:0338b08_12']	三證結斷一味得。	三證結斷一味得。	Third, realizing the single flavor of severing the bonds.
['T27n1545_065:0338b08_17']	餘位不爾。	餘位不爾。	The other stages are not like this.
['T27n1545_065:0338b09_7']	故佛唯說四沙門果。	故佛唯說四沙門果。	Therefore the Buddha only speaks of the four fruits of the śramaṇa.
['T27n1545_065:0338b10_1']	復次此四果位具五因緣。	復次此四果位具五因緣。	Furthermore, these four stages of fruition are endowed with five conditions.
['T27n1545_065:0338b10_7']	一捨曾得道。	一捨曾得道。	First, abandoning the previously attained path.
['T27n1545_065:0338b10_14']	二得未曾得道。	二得未曾得道。	Second, attaining the previously unattained path.
['T27n1545_065:0338b11_3']	三證結斷一味得。	三證結斷一味得。	Third, realizing the single flavor of severing the bonds.
['T27n1545_065:0338b11_9']	四頓得八智。	四頓得八智。	Fourth, suddenly attaining the eight knowledges.
['T27n1545_065:0338b11_18']	五一時修十六行相。	五一時修十六行相。	Fifth, simultaneously cultivating the sixteen aspects.
['T27n1545_065:0338b12_3']	餘位不爾。	餘位不爾。	The other stages are not like this.
['T27n1545_065:0338b12_12']	故佛唯說四沙門果。	故佛唯說四沙門果。	Therefore the Buddha only speaks of the four fruits of the śramaṇa.
['T27n1545_065:0338b13_1']	復次此四果位。	復次此四果位。	Furthermore, these four stages of fruition.
['T27n1545_065:0338b13_14']	是瑜伽師最勝安隱穌息之處。	是瑜伽師最勝安隱穌息之處。	Are the most excellent, peaceful, and restful places for yogis.
['T27n1545_065:0338b14_8']	餘位不爾故佛唯說四沙門果。	餘位不爾故佛唯說四沙門果。	The other stages are not like this, so the Buddha only speaks of the four fruits of the śramaṇa.
['T27n1545_065:0338b15_4']	復次此四果位所有聖道是功用。	復次此四果位所有聖道是功用。	Furthermore, the noble path in these four stages of fruition is effort.
['T27n1545_065:0338b15_17']	是功用究竟所有結斷是所作。	是功用究竟所有結斷是所作。	The severing of the bonds, which is the culmination of this effort, is what is to be done.
['T27n1545_065:0338b16_4']	是所作究竟。	是所作究竟。	This is the culmination of what is to be done.
['T27n1545_065:0338b16_17']	餘位聖道是功用非功用究竟。	餘位聖道是功用非功用究竟。	The noble path in the other stages is effort, but not the culmination of effort.
['T27n1545_065:0338b17_11']	餘位結斷是所作非所作究竟。	餘位結斷是所作非所作究竟。	In the other states, the bonds are severed, and what is to be done is completed.
['T27n1545_065:0338b18_2']	故佛唯說四沙門果。	故佛唯說四沙門果。	Therefore the Buddha only speaks of the four fruits of the śramaṇa.
['T27n1545_065:0338b18_17']	復次此四果位容修行者廣修聖道。	復次此四果位容修行者廣修聖道。	Moreover, in these four states of fruition, practitioners may extensively cultivate the holy path.
['T27n1545_065:0338b19_4']	餘位不爾。	餘位不爾。	In the other states, this is not so.
['T27n1545_065:0338b19_13']	故佛唯說四沙門果。	故佛唯說四沙門果。	Therefore the Buddha only speaks of the four fruits of the śramaṇa.
['T27n1545_065:0338b20_2']	復次此四果位。	復次此四果位。	Furthermore, in these four states of fruition,
['T27n1545_065:0338b20_15']	諸瑜伽師能善了知功德過失。	諸瑜伽師能善了知功德過失。	yogis are able to understand well the merits and faults.
['T27n1545_065:0338b21_5']	功德者謂道及道果。	功德者謂道及道果。	The merits are the path and the fruits of the path.
['T27n1545_065:0338b21_14']	過失者謂生死因果。	過失者謂生死因果。	The faults are the causes and effects of birth and death.
['T27n1545_065:0338b21_19']	餘位不爾。	餘位不爾。	In the other states, this is not so.
['T27n1545_065:0338b22_8']	故佛唯說四沙門果。	故佛唯說四沙門果。	Therefore the Buddha only speaks of the four fruits of the śramaṇa.
['T27n1545_065:0338b22_15']	復次此四果位。	復次此四果位。	Moreover, in these four states of fruition,
['T27n1545_065:0338b23_10']	諸瑜伽師方能善取四聖諦相。	諸瑜伽師方能善取四聖諦相。	yogis are able to well grasp the characteristics of the four noble truths.
['T27n1545_065:0338b23_15']	餘位不爾。	餘位不爾。	In the other states, this is not so.
['T27n1545_065:0338b24_1']	如人道。	如人道。	It is like a person on a road
['T27n1545_065:0338b24_11']	行於四方相未能善取。	行於四方相未能善取。	who has not yet been able to well grasp the characteristics of the four directions.
['T27n1545_065:0338b25_2']	若坐一處方能善取。	若坐一處方能善取。	If they sit in one place, they will be able to well grasp them.
['T27n1545_065:0338b25_7']	此亦如是。	此亦如是。	This is also like that.
['T27n1545_065:0338b25_16']	故佛唯說四沙門果。	故佛唯說四沙門果。	Therefore the Buddha only speaks of the four fruits of the śramaṇa.
['T27n1545_065:0338b26_4']	復次此四果位。	復次此四果位。	Moreover, in these four states of fruition,
['T27n1545_065:0338b26_13']	若退失時有證知者。	若退失時有證知者。	If one regresses, there are those who know it.
['T27n1545_065:0338b26_18']	餘位不爾。	餘位不爾。	Other states are not like this.
['T27n1545_065:0338b27_16']	如村邑中若被劫奪有證知者非兩中間。	如村邑中若被劫奪有證知者非兩中間。	It is like in a village or town, if one is robbed, there are those who know it, not in between the two.
['T27n1545_065:0338b28_8']	故佛唯說四沙門果。	故佛唯說四沙門果。	Therefore the Buddha only speaks of the four fruits of the śramaṇa.
['T27n1545_065:0338b28_15']	復次此四果位。	復次此四果位。	Furthermore, in these four states of fruition,
['T27n1545_065:0338b29_10']	諸瑜伽師先廣加行安足堅固。	諸瑜伽師先廣加行安足堅固。	the yogis first extensively cultivate the preparatory path and firmly establish themselves.
['T27n1545_065:0338b29_15', 'T27n1545_065:0338c01_5']	餘位不爾。🔽預流果先廣加行者。	餘位不爾。 預流果先廣加行者。	Other states are not like this.🔽As for the fruit of stream-entry, the extensive preparatory path refers to
['T27n1545_065:0338c01_14']	謂彼先求解脫果故。	謂彼先求解脫果故。	seeking the fruit of liberation.
['T27n1545_065:0338c02_5']	精勤修習惠施淨戒。	精勤修習惠施淨戒。	Diligent practice of giving, precepts,
['T27n1545_065:0338c02_18']	不淨觀持息念念住聞思修慧。	不淨觀持息念念住聞思修慧。	contemplation of impurity, mindfulness of breathing, mindfulness, hearing, thinking, and cultivating wisdom,
['T27n1545_065:0338c03_8']	及煖頂忍世第一法。	及煖頂忍世第一法。	as well as the heat, summit, forbearance, and world-transcending supreme worldly dharmas,
['T27n1545_065:0338c03_17']	并見道中十五心頃。	并見道中十五心頃。	and the fifteen moments of the path of seeing.
['T27n1545_065:0338c04_7']	即此總名安足堅固。	即此總名安足堅固。	This is collectively called firmly establishing oneself.
['T27n1545_065:0338c04_10']	有說。	有說。	Some say:
['T27n1545_065:0338c05_4']	從初乃至世第一法名廣加行。	從初乃至世第一法名廣加行。	From the beginning up to the world-transcending supreme worldly dharmas is called the extensive preparatory path.
['T27n1545_065:0338c05_15']	見道十五心名安足堅固。	見道十五心名安足堅固。	The fifteen moments of the path of seeing are called firmly establishing oneself.
['T27n1545_065:0338c06_5']	一來果先廣加行者。	一來果先廣加行者。	As for the fruit of once-returning, the extensive preparatory path refers to
['T27n1545_065:0338c06_18']	謂即前說及離欲染諸加行道。	謂即前說及離欲染諸加行道。	the aforementioned and the preparatory paths for detaching from the desire realm.
['T27n1545_065:0338c07_16']	六無間道五解脫道即此名為安足堅固。	六無間道五解脫道即此名為安足堅固。	The six uninterrupted paths and five liberated paths are called firm footing.
['T27n1545_065:0338c08_1']	有說。	有說。	Some say:
['T27n1545_065:0338c08_10']	預流果名安足堅固。	預流果名安足堅固。	The fruit of stream-entry is called firm footing.
['T27n1545_065:0338c08_19']	不還果先廣加行者。	不還果先廣加行者。	As for the fruit of non-returner, the extensive preparatory practices refer to
['T27n1545_065:0338c09_12']	謂即前說及離欲染諸加行道。	謂即前說及離欲染諸加行道。	the above-mentioned and the preparatory paths for detaching from the defilements of the desire realm.
['T27n1545_065:0338c10_4']	三無間道二解脫道。	三無間道二解脫道。	The three uninterrupted paths and two liberated paths
['T27n1545_065:0338c10_13']	即此名為安足堅固。	即此名為安足堅固。	are called firm footing.
['T27n1545_065:0338c10_16']	有說。	有說。	Some say:
['T27n1545_065:0338c11_6']	一來果名安足堅固。	一來果名安足堅固。	The fruit of once-returning is called firm footing.
['T27n1545_065:0338c11_16']	阿羅漢果先廣加行者。	阿羅漢果先廣加行者。	As for the fruit of arhatship, the extensive preparatory practices refer to
['T27n1545_065:0338c12_14']	謂即前說及離初靜慮一品染諸加行道。	謂即前說及離初靜慮一品染諸加行道。	the above-mentioned and the preparatory paths for detaching from the first level of the defilements of the first trance state,
['T27n1545_065:0338c13_3']	乃至金剛喻定。	乃至金剛喻定。	up to the diamond-like concentration.
['T27n1545_065:0338c13_12']	即此總名安足堅固。	即此總名安足堅固。	These are collectively called firm footing.
['T27n1545_065:0338c13_15']	有說。	有說。	Some say:
['T27n1545_065:0338c14_5']	不還果名安足堅固。	不還果名安足堅固。	The fruit of non-returning is called firm footing.
['T27n1545_065:0338c14_14']	故佛唯說四沙門果。	故佛唯說四沙門果。	Therefore the Buddha only speaks of the four fruits of the śramaṇa.
['T27n1545_065:0338c15_3']	復次此四果位。	復次此四果位。	Moreover, in these four fruitional states,
['T27n1545_065:0338c15_16']	諸瑜伽師斷絕止息一切生分。	諸瑜伽師斷絕止息一切生分。	the yogācāras sever and cease all the factors of birth.
['T27n1545_065:0338c16_2']	餘位不爾。	餘位不爾。	The other states are not like this.
['T27n1545_065:0338c17_4', 'T27n1545_065:0338c17_13']	謂預流果除欲界七生及色無色界一一處一生。🔽餘一切生得非擇滅。	謂預流果除欲界七生及色無色界一一處一生。 餘一切生得非擇滅。	That is to say, the fruit of stream-entry is the non-analytical cessation of all births except for seven births in the desire realm and one birth in each of the form and formless realms.
['T27n1545_065:0338c18_13', 'T27n1545_065:0338c19_4', 'T27n1545_065:0338c19_18']	一來果除欲界二生及色無色界一一處一生。🔽餘一切生得非擇滅。🔽不還果除色無色界一一處一生。	一來果除欲界二生及色無色界一一處一生。 餘一切生得非擇滅。 不還果除色無色界一一處一生。	The fruit of once-returning is the non-analytical cessation of all births except for two births in the desire realm and one birth in each of the form and formless realms.
['T27n1545_065:0338c20_8']	餘一切生得非擇滅。	餘一切生得非擇滅。	The fruit of non-returning is the non-analytical cessation of all births except for one birth in each of the form and formless realms.
['T27n1545_065:0338c20_17', 'T27n1545_065:0338c21_4']	阿羅漢果於一切生。🔽得非擇滅。	阿羅漢果於一切生。 得非擇滅。	The fruit of arhatship is the non-analytical cessation of all births.
['T27n1545_065:0338c21_13']	故佛唯說四沙門果。	故佛唯說四沙門果。	Therefore the Buddha only speaks of the four fruits of the śramaṇa.
['T27n1545_065:0338c22_1']	復次此四果位。	復次此四果位。	Moreover, in these four fruitions,
['T27n1545_065:0338c22_18']	諸瑜伽師總集三界見修所斷煩惱斷得。	諸瑜伽師總集三界見修所斷煩惱斷得。	the yogis collectively gather the cessation of the afflictions eliminated by seeing and cultivation in the three realms.
['T27n1545_065:0338c23_4']	餘位不爾。	餘位不爾。	Other states are not like this.
['T27n1545_065:0338c24_3']	謂預流果位總集三界見所斷煩惱斷得。	謂預流果位總集三界見所斷煩惱斷得。	That is to say, in the state of the fruit of stream-entry, they collectively gather the cessation of the afflictions eliminated by seeing in the three realms.
['T27n1545_065:0338c24_15']	一來果位總集三界見所斷。	一來果位總集三界見所斷。	In the state of the fruit of once-returning, they collectively gather the cessation of the afflictions eliminated by seeing in the three realms,
['T27n1545_065:0338c25_10']	及欲界修所斷前六品煩惱斷得。	及欲界修所斷前六品煩惱斷得。	and the cessation of the first six categories of afflictions eliminated by cultivation in the desire realm.
['T27n1545_065:0338c26_4', 'T27n1545_065:0338c26_17']	不還果位總集三界見所斷。🔽及欲界修所斷九品煩惱斷得。	不還果位總集三界見所斷。 及欲界修所斷九品煩惱斷得。	The state of the fruit of non-returning is the attainment of the elimination of the nine grades of passions to be eliminated by cultivation in the desire realm, and the total collection of the elimination of the passions to be eliminated by seeing in the three realms.
['T27n1545_065:0338c28_1']	阿羅漢果位總集三界見修所斷一切煩惱斷得。	阿羅漢果位總集三界見修所斷一切煩惱斷得。	The state of the fruit of arhatship is the attainment of the elimination of all the passions to be eliminated by seeing and cultivation in the three realms.
['T27n1545_065:0338c28_10']	故佛唯說四沙門果。	故佛唯說四沙門果。	Therefore the Buddha only speaks of the four fruits of the śramaṇa.
['T27n1545_065:0338c28_17']	復次此四果位。	復次此四果位。	Furthermore, these four states of fruition
['T27n1545_065:0338c29_6']	是瑜伽師本所求處。	是瑜伽師本所求處。	are the originally sought places of the yogācāra practitioner.
['T27n1545_065:0339a01_1']	餘位不爾故佛唯說四沙門果。	餘位不爾故佛唯說四沙門果。	The other states are not like this, so the Buddha only speaks of the four fruits of the śramaṇa.
['T27n1545_065:0339a01_8']	復次此四果位。	復次此四果位。	Furthermore, in these four states of fruition,
['T27n1545_065:0339a02_7']	諸瑜伽師說有退者若未還得必不命終。	諸瑜伽師說有退者若未還得必不命終。	the yogācāra practitioners say that there are those who regress, but if they have not yet regained [the original state], they will definitely not die.
['T27n1545_065:0339a02_12']	餘位不爾。	餘位不爾。	The other states are not like this.
['T27n1545_065:0339a03_3']	故佛唯說四沙門果。	故佛唯說四沙門果。	Therefore the Buddha only speaks of the four fruits of the śramaṇa.
['T27n1545_065:0339a04_1']	復次此四果位對治五趣得非擇滅。	復次此四果位對治五趣得非擇滅。	Furthermore, in these four states of fruition, the antidotes to the five destinies attain cessation not due to deliberation.
['T27n1545_065:0339a04_6', 'T27n1545_065:0339a05_4']	餘位不爾。🔽謂預流果對治地獄傍生鬼趣得非擇滅。	餘位不爾。 謂預流果對治地獄傍生鬼趣得非擇滅。	The other states are not like this.🔽That is to say, the fruit of stream-entry is the antidote that causes the attainment of cessation not due to deliberation of the destinies of hell, animals, and hungry ghosts.
['T27n1545_065:0339a06_1']	一來果對治人趣一分得非擇滅。	一來果對治人趣一分得非擇滅。	The fruit of once-returning is the antidote that causes the attainment of cessation not due to deliberation of a part of the human destiny.
['T27n1545_065:0339a06_15']	不還果對治人趣全分得非擇滅。	不還果對治人趣全分得非擇滅。	The fruit of non-returner is the complete acquisition of non-analytical cessation that counteracts the human realm.
['T27n1545_065:0339a07_10']	阿羅漢果對治天趣得非擇滅。	阿羅漢果對治天趣得非擇滅。	The fruit of arhatship is the acquisition of non-analytical cessation that counteracts the heavenly realm.
['T27n1545_065:0339a08_2']	故佛唯說四沙門果。	故佛唯說四沙門果。	Therefore the Buddha only speaks of four fruits of the śramaṇa.
['T27n1545_065:0339a08_17']	復次此四果位對治四生得非擇滅。	復次此四果位對治四生得非擇滅。	Furthermore, in these four fruits, one acquires non-analytical cessation that counteracts the four kinds of birth.
['T27n1545_065:0339a09_3']	餘位不爾。	餘位不爾。	Other states are not like this.
['T27n1545_065:0339a10_1']	謂預流果對治卵生濕生得非擇滅。	謂預流果對治卵生濕生得非擇滅。	That is to say, the fruit of stream-entry is the acquisition of non-analytical cessation that counteracts birth from eggs and moisture.
['T27n1545_065:0339a10_15']	一來果對治胎生一分得非擇滅。	一來果對治胎生一分得非擇滅。	The fruit of once-returning is the acquisition of non-analytical cessation that counteracts part of birth from the womb.
['T27n1545_065:0339a11_11']	不還果對治胎生全分得非擇滅。	不還果對治胎生全分得非擇滅。	The fruit of non-returning is the acquisition of non-analytical cessation that counteracts birth from the womb in its entirety.
['T27n1545_065:0339a12_7']	阿羅漢果對治化生得非擇滅。	阿羅漢果對治化生得非擇滅。	The fruit of arhatship is the acquisition of non-analytical cessation that counteracts birth by transformation.
['T27n1545_065:0339a12_16']	故佛唯說四沙門果。	故佛唯說四沙門果。	Therefore the Buddha only speaks of four fruits of the śramaṇa.
['T27n1545_065:0339a13_9']	復次此四果位對治二邊。	復次此四果位對治二邊。	Furthermore, in these four fruits, one counteracts the two extremes.
['T27n1545_065:0339a13_14']	餘位不爾。	餘位不爾。	Other states are not like this.
['T27n1545_065:0339a14_1']	言二邊者。	言二邊者。	As for the two extremes,
['T27n1545_065:0339a15_3']	謂欲界及有頂對治欲界邊故得一來不還果。	謂欲界及有頂對治欲界邊故得一來不還果。	that is to say, the desire realm and the peak of existence. Countering the extreme of the desire realm, one attains the fruits of once-returning and non-returning.
['T27n1545_065:0339a15_17']	對治有頂邊故得預流阿羅漢果。	對治有頂邊故得預流阿羅漢果。	Countering the extreme of the peak of existence, one attains the fruits of stream-entry and arhatship.
['T27n1545_065:0339a16_8']	故佛唯說四沙門果。	故佛唯說四沙門果。	Therefore the Buddha only speaks of four fruits of the śramaṇa.
['T27n1545_065:0339a17_3']	復次此四果位對治二有根本。	復次此四果位對治二有根本。	Furthermore, these four fruits are the antidotes to the two fundamental existences.
['T27n1545_065:0339a17_13']	餘位不爾二有根本者。	餘位不爾二有根本者。	The other stages are not like this. The two fundamental existences are:
['T27n1545_065:0339a18_1']	謂欲界及有頂。	謂欲界及有頂。	The desire realm and the peak of existence.
['T27n1545_065:0339a18_16']	對治欲界有根本故得一來不還果。	對治欲界有根本故得一來不還果。	Because they are the antidotes to the fundamental existence of the desire realm, one attains the fruits of once-returner and non-returner.
['T27n1545_065:0339a19_14']	對治有頂有根本故得預流阿羅漢果。	對治有頂有根本故得預流阿羅漢果。	Because they are the antidotes to the fundamental existence of the peak of existence, one attains the fruits of stream-enterer and arhat.
['T27n1545_065:0339a20_5']	故佛唯說四沙門果。	故佛唯說四沙門果。	Therefore the Buddha only speaks of the four fruits of the śramaṇa.
['T27n1545_065:0339a21_2']	復次此四果位能永對治二種惡思。	復次此四果位能永對治二種惡思。	Furthermore, these four fruits are able to permanently counteract two kinds of evil thoughts,
['T27n1545_065:0339a21_11']	及彼異熟所依諸蘊。	及彼異熟所依諸蘊。	and the aggregates that are the basis for their ripening.
['T27n1545_065:0339a21_16']	餘位不爾。	餘位不爾。	The other stages are not like this.
['T27n1545_065:0339a22_2']	二種惡思者。	二種惡思者。	The two kinds of evil thoughts are:
['T27n1545_065:0339a22_14']	謂斷善根思及起無間業思。	謂斷善根思及起無間業思。	The thought of severing good roots and the thought of committing the actions of immediate retribution.
['T27n1545_065:0339a23_8']	預流果能永對治斷善根思。	預流果能永對治斷善根思。	The fruit of stream-enterer is able to permanently counteract the thought of severing good roots.
['T27n1545_065:0339a24_4']	一來果能永對治起無間業思。	一來果能永對治起無間業思。	The fruit of once-returner is able to permanently counteract the thought of committing the actions of immediate retribution.
['T27n1545_065:0339a24_16']	不還果能永對治彼異熟果。	不還果能永對治彼異熟果。	The fruit of non-returner is able to permanently counteract the ripened fruit of those [evil thoughts].
['T27n1545_065:0339a25_11']	阿羅漢果能永對治彼所依諸蘊。	阿羅漢果能永對治彼所依諸蘊。	The fruit of arhatship is able to permanently counteract the aggregates that are the basis for those [evil thoughts].
['T27n1545_065:0339a26_2']	故佛唯說四沙門果。	故佛唯說四沙門果。	Therefore the Buddha only speaks of the four fruits of the śramaṇa.
['T27n1545_065:0339a26_13']	復次此四果位對治三法。	復次此四果位對治三法。	Furthermore, these four fruits are the antidotes to three dharmas.
['T27n1545_065:0339a26_18']	餘位不爾。	餘位不爾。	Other states are not like this.
['T27n1545_065:0339a27_8']	謂預流果對治三結。	謂預流果對治三結。	Namely, the fruit of stream-entry is the antidote to the three bonds.
['T27n1545_065:0339a28_5']	一來果對治三不善根及欲漏一分。	一來果對治三不善根及欲漏一分。	The fruit of once-returning is the antidote to the three unwholesome roots and a part of the craving for desire.
['T27n1545_065:0339a29_2']	不還果對治三不善根及欲漏全分。	不還果對治三不善根及欲漏全分。	The fruit of non-returning is the antidote to the three unwholesome roots and the entire part of the craving for desire.
['T27n1545_065:0339a29_14']	阿羅漢果對治有漏無明漏。	阿羅漢果對治有漏無明漏。	The fruit of arhatship is the antidote to the craving for existence and the craving for ignorance.
['T27n1545_065:0339b01_4']	故佛唯說四沙門果。	故佛唯說四沙門果。	Therefore the Buddha only speaks of the four fruits of the śramaṇa.
['T27n1545_065:0339b01_15']	復次此四果位對治四法。	復次此四果位對治四法。	Furthermore, these four fruits are the antidotes to four dharmas.
['T27n1545_065:0339b02_1']	餘位不爾。	餘位不爾。	Other states are not like this.
['T27n1545_065:0339b03_4']	謂預流果對治見瀑流軛見取戒禁取及後二身繫。	謂預流果對治見瀑流軛見取戒禁取及後二身繫。	Namely, the fruit of stream-entry is the antidote to the flood of views, the yoke of views, the grasping of views, the grasping of precepts and practices, and the last two fetters.
['T27n1545_065:0339b04_3']	一來果對治欲瀑流軛取及初二身繫一分。	一來果對治欲瀑流軛取及初二身繫一分。	The fruit of once-returning is the antidote to the flood of desire, the yoke of desire, the grasping of desire, and a part of the first two fetters.
['T27n1545_065:0339b05_2']	不還對治欲瀑流軛取及前二身繫全分。	不還對治欲瀑流軛取及前二身繫全分。	The fruit of non-returning is the antidote to the flood of desire, the yoke of desire, the grasping of desire, and the entire part of the first two fetters.
['T27n1545_065:0339b06_1']	阿羅漢果對治有無明瀑流軛及我語取。	阿羅漢果對治有無明瀑流軛及我語取。	The fruit of arhatship is the antidote to the flood of ignorance, the yoke of ignorance, and the grasping of the self-theory.
['T27n1545_065:0339b06_10']	故佛唯說四沙門果。	故佛唯說四沙門果。	Therefore the Buddha only speaks of the four fruits of the śramaṇa.
['T27n1545_065:0339b07_2']	復次此四果位對治五法。	復次此四果位對治五法。	Furthermore, these four fruits are the antidotes to five dharmas.
['T27n1545_065:0339b07_7']	餘位不爾。	餘位不爾。	The other stages are not like this.
['T27n1545_065:0339b08_6']	謂預流果對治疑蓋後三順下分結及五見。	謂預流果對治疑蓋後三順下分結及五見。	That is to say, the fruit of stream-entry counteracts the five views and the last three of the fetters that should be eliminated in the lower stage, which are the hindrances of doubt and so on.
['T27n1545_065:0339b09_1']	一來果對治前四蓋瞋嫉慳結。	一來果對治前四蓋瞋嫉慳結。	The fruit of once-returning counteracts the first four of the five hindrances and the fetters of anger, envy, and stinginess.
['T27n1545_065:0339b09_11']	及前二順下分結一分。	及前二順下分結一分。	It also counteracts part of the first two of the fetters that should be eliminated in the lower stage.
['T27n1545_065:0339b10_5']	不還果對治前四蓋瞋嫉慳結。	不還果對治前四蓋瞋嫉慳結。	The fruit of non-returning counteracts the first four of the five hindrances and the fetters of anger, envy, and stinginess.
['T27n1545_065:0339b10_15']	及前二順下分結全分。	及前二順下分結全分。	It also completely counteracts the first two of the fetters that should be eliminated in the lower stage.
['T27n1545_065:0339b11_6']	阿羅漢果對治貪慢結。	阿羅漢果對治貪慢結。	The fruit of arhatship counteracts the fetters of craving and pride.
['T27n1545_065:0339b11_13']	及五順上分結。	及五順上分結。	It also counteracts the five fetters that should be eliminated in the upper stage.
['T27n1545_065:0339b12_3']	故佛唯說四沙門果。	故佛唯說四沙門果。	Therefore the Buddha only speaks of the four fruits of the śramaṇa.
['T27n1545_065:0339b12_15']	復次此四果位對治六愛身。	復次此四果位對治六愛身。	Moreover, these four fruits counteract the six bodies of craving.
['T27n1545_065:0339b13_1']	餘位不爾。	餘位不爾。	The other stages are not like this.
['T27n1545_065:0339b13_17']	謂預流果對治見所斷意觸所生愛身。	謂預流果對治見所斷意觸所生愛身。	That is to say, the fruit of stream-entry counteracts the body of craving produced by contact with the mind that should be eliminated by seeing.
['T27n1545_065:0339b14_13', 'T27n1545_065:0339b15_10']	一來果對治鼻舌觸所生愛身一分。🔽不還果對治鼻舌觸所生愛身全分。	一來果對治鼻舌觸所生愛身一分。 不還果對治鼻舌觸所生愛身全分。	The fruit of once-returning counteracts part of the body of craving produced by contact with the nose and tongue.🔽The fruit of non-returning completely counteracts the body of craving produced by contact with the nose and tongue.
['T27n1545_065:0339b16_7']	阿羅漢果對治眼耳身觸所生愛身。	阿羅漢果對治眼耳身觸所生愛身。	The fruit of arhatship counteracts the body of craving produced by contact with the eyes, ears, and body.
['T27n1545_065:0339b16_18']	及修所斷意觸所生愛身。	及修所斷意觸所生愛身。	It also counteracts the body of craving produced by contact with the mind that should be eliminated by cultivation.
['T27n1545_065:0339b17_8']	故佛唯說四沙門果。	故佛唯說四沙門果。	Therefore the Buddha only speaks of four fruits of the śramaṇa.
['T27n1545_065:0339b18_3']	復次此四果位對治七隨眠。	復次此四果位對治七隨眠。	Moreover, these four fruits of the śramaṇa counteract the seven latent afflictions.
['T27n1545_065:0339b18_8']	餘位不爾。	餘位不爾。	Other states are not like this.
['T27n1545_065:0339b19_1']	謂預流果對治見疑隨眠。	謂預流果對治見疑隨眠。	That is to say, the fruit of the stream-enterer counteracts the latent afflictions of wrong views and doubt.
['T27n1545_065:0339b19_15', 'T27n1545_065:0339b20_10']	一來果對治欲貪瞋恚隨眠一分。🔽不還果對治欲貪瞋恚隨眠全分。	一來果對治欲貪瞋恚隨眠一分。 不還果對治欲貪瞋恚隨眠全分。	The fruit of the once-returner counteracts a portion of the latent afflictions of desire and anger.🔽The fruit of the non-returner completely counteracts the latent afflictions of desire and anger.
['T27n1545_065:0339b21_6']	阿羅漢果對治有貪慢無明隨眠。	阿羅漢果對治有貪慢無明隨眠。	The fruit of the arhat counteracts the latent afflictions of attachment to existence, pride, and ignorance.
['T27n1545_065:0339b21_15']	故佛唯說四沙門果。	故佛唯說四沙門果。	Therefore the Buddha only speaks of four fruits of the śramaṇa.
['T27n1545_065:0339b22_7']	復次此四果位對治九結。	復次此四果位對治九結。	Moreover, these four fruits of the śramaṇa counteract the nine fetters.
['T27n1545_065:0339b22_12']	餘位不爾。	餘位不爾。	Other states are not like this.
['T27n1545_065:0339b23_5']	謂預流果對治見取疑結。	謂預流果對治見取疑結。	That is to say, the fruit of the stream-enterer counteracts the fetters of attachment to views and doubt.
['T27n1545_065:0339b23_17']	一來果對治恚嫉慳結一分。	一來果對治恚嫉慳結一分。	The fruit of the once-returner counteracts a portion of the fetters of anger, jealousy, and stinginess.
['T27n1545_065:0339b24_10']	不還果對治恚嫉慳結全分。	不還果對治恚嫉慳結全分。	The fruit of the non-returner completely counteracts the fetters of anger, jealousy, and stinginess.
['T27n1545_065:0339b25_4']	阿羅漢果對治愛慢無明結。	阿羅漢果對治愛慢無明結。	The fruit of the arhat counteracts the fetters of craving, pride, and ignorance.
['T27n1545_065:0339b25_13']	故佛唯說四沙門果。	故佛唯說四沙門果。	Therefore the Buddha only speaks of four fruits of the śramaṇa.
['T27n1545_065:0339b26_8']	復次此四果位對治九十八隨眠。	復次此四果位對治九十八隨眠。	Moreover, these four fruits of the śramaṇa counteract the ninety-eight latent afflictions.
['T27n1545_065:0339b26_13']	餘位不爾。	餘位不爾。	Other states are not like this.🔽Here is the corrected and aligned text:
['T27n1545_065:0339b27_9']	謂預流果對治三界見所斷隨眠。	謂預流果對治三界見所斷隨眠。	That is, the fruit of stream-entry is the antidote to the latent afflictions eliminated by seeing the truths in the three realms.
['T27n1545_065:0339b28_6']	一來果對治欲界修所斷隨眠一分。	一來果對治欲界修所斷隨眠一分。	The fruit of once-returning is the antidote to a portion of the latent afflictions eliminated by cultivation in the desire realm.
['T27n1545_065:0339b29_3']	不還果對治欲界修所斷隨眠全分。	不還果對治欲界修所斷隨眠全分。	The fruit of non-returning is the antidote to the entire set of latent afflictions eliminated by cultivation in the desire realm.
['T27n1545_065:0339c01_1']	阿羅漢果對治色無色界修所斷隨眠。	阿羅漢果對治色無色界修所斷隨眠。	The fruit of arhatship is the antidote to the latent afflictions eliminated by cultivation in the form and formless realms.
['T27n1545_065:0339c01_10']	故佛唯說四沙門果。	故佛唯說四沙門果。	Therefore the Buddha only speaks of four fruits of the śramaṇa.
['T27n1545_065:0339c02_6']	復次此四果位各出一種重煩惱際。	復次此四果位各出一種重煩惱際。	Moreover, each of these four fruits cuts off one kind of heavy affliction.
['T27n1545_065:0339c02_11']	餘位不爾。	餘位不爾。	Other stages are not like this.
['T27n1545_065:0339c03_5']	謂預流果出見所斷重煩惱際。	謂預流果出見所斷重煩惱際。	That is, the fruit of stream-entry cuts off the heavy afflictions eliminated by seeing.
['T27n1545_065:0339c04_3']	一來果出能等起五無間業重煩惱際。	一來果出能等起五無間業重煩惱際。	The fruit of once-returning cuts off the heavy afflictions that can give rise to the five heinous crimes.
['T27n1545_065:0339c05_1', 'T27n1545_065:0339c05_7']	謂欲界前六品煩惱能等起五無間業。🔽後三品不爾。	謂欲界前六品煩惱能等起五無間業。 後三品不爾。	That is, the first six grades of afflictions in the desire realm can give rise to the five heinous crimes.
['T27n1545_065:0339c05_12', 'T27n1545_065:0339c06_5']	勢力劣故。🔽不還果出諸不善重煩惱際。	勢力劣故。 不還果出諸不善重煩惱際。	The last three grades cannot, because their power is weak.🔽The fruit of non-returning cuts off all heavy unwholesome afflictions.
['T27n1545_065:0339c06_18']	阿羅漢果出諸無記重煩惱際。	阿羅漢果出諸無記重煩惱際。	The fruit of arhatship cuts off all neutral heavy afflictions.
['T27n1545_065:0339c07_8']	故佛唯說四沙門果。	故佛唯說四沙門果。	Therefore the Buddha only speaks of four fruits of the śramaṇa.
['T27n1545_065:0339c08_12', 'T27n1545_065:0339c09_1', 'T27n1545_065:0339c09_13']	問何故離欲界染立二沙門果。🔽謂一來不還果。🔽離色無色界染立一沙門果。	問何故離欲界染立二沙門果。 謂一來不還果。 離色無色界染立一沙門果。	Question: Why are two fruits of asceticism established for the separation from the defilements of the desire realm, namely the once-returner fruit and the non-returner fruit?
['T27n1545_065:0339c10_1']	謂阿羅漢果耶。	謂阿羅漢果耶。	And why is only one fruit of asceticism established for the separation from the defilements of the form and formless realms, namely the arhat fruit?
['T27n1545_065:0339c10_6']	脇尊者曰。	脇尊者曰。	Venerable Pārśva said:
['T27n1545_065:0339c11_8']	唯佛世尊能具正知諸法性相勢用分齊餘不能知。	唯佛世尊能具正知諸法性相勢用分齊餘不能知。	Only the Buddha, the World-Honored One, can fully understand the nature, characteristics, and power of dharmas. Others cannot know this.
['T27n1545_065:0339c12_5']	若離此染堪立二果便即立二。	若離此染堪立二果便即立二。	If separation from these defilements can establish two fruits, then two are established.
['T27n1545_065:0339c13_1']	若離此染堪立一果便即立一。	若離此染堪立一果便即立一。	If separation from these defilements can establish one fruit, then one is established.
['T27n1545_065:0339c13_6']	故不應難。	故不應難。	Therefore, this should not be questioned.
['T27n1545_065:0339c14_7']	復次四沙門果無不皆因離三界染而得建立。	復次四沙門果無不皆因離三界染而得建立。	Furthermore, all the four fruits of asceticism are established based on the separation from the defilements of the three realms.
['T27n1545_065:0339c15_3']	謂離三界見所斷染立預流果。	謂離三界見所斷染立預流果。	That is to say, the separation from the defilements to be eliminated by seeing in the three realms establishes the fruit of stream-entry.
['T27n1545_065:0339c15_12']	若離三界見所斷染。	若離三界見所斷染。	If one separates from the defilements to be eliminated by seeing in the three realms,
['T27n1545_065:0339c16_9']	及離欲界修所斷前六品染立一來果。	及離欲界修所斷前六品染立一來果。	and separates from the first six categories of defilements to be eliminated by cultivation in the desire realm, this establishes the fruit of once-returning.
['T27n1545_065:0339c16_18']	若離三界見所斷染。	若離三界見所斷染。	If one separates from the defilements to be eliminated by seeing in the three realms,
['T27n1545_065:0339c17_12']	及離欲界修所斷染立不還果。	及離欲界修所斷染立不還果。	and separates from the defilements to be eliminated by cultivation in the desire realm, this establishes the fruit of non-returning.
['T27n1545_065:0339c18_9']	若離三界見修所斷染立阿羅漢果。	若離三界見修所斷染立阿羅漢果。	If one were to establish the fruit of arhatship by separating from the defilements that are to be eliminated by seeing and cultivation in the three realms,
['T27n1545_065:0339c19_8']	復次以欲界是不定界非修地非離染地。	復次以欲界是不定界非修地非離染地。	Furthermore, because the desire realm is an indeterminate realm, not a realm of cultivation, not a realm of separation from defilements,
['T27n1545_065:0339c20_1']	故離彼染立二沙門果。	故離彼染立二沙門果。	Therefore, separation from those defilements establishes two śrāmaṇya fruits.
['T27n1545_065:0339c20_16']	色無色界是定界是修地是離染地。	色無色界是定界是修地是離染地。	The form and formless realms are determinate realms, realms of cultivation, realms of separation from defilements.
['T27n1545_065:0339c21_8']	故離彼染唯立一沙門果。	故離彼染唯立一沙門果。	Therefore, separation from those defilements only establishes one śrāmaṇya fruit.
['T27n1545_065:0339c22_4']	復次以欲界難斷難破難可越度。	復次以欲界難斷難破難可越度。	Furthermore, because the desire realm is difficult to eliminate, difficult to destroy, difficult to transcend,
['T27n1545_065:0339c22_14']	故離彼染立二沙門果。	故離彼染立二沙門果。	Therefore, separation from those defilements establishes two śrāmaṇya fruits.
['T27n1545_065:0339c23_9']	色無色界易斷易破易可越度。	色無色界易斷易破易可越度。	The form and formless realms are easy to eliminate, easy to destroy, easy to transcend,
['T27n1545_065:0339c24_3']	故離彼染唯立一沙門果。	故離彼染唯立一沙門果。	Therefore, separation from those defilements only establishes one śrāmaṇya fruit.
['T27n1545_065:0339c25_4']	復次以欲界過患增盛過患堅固過患眾多故。	復次以欲界過患增盛過患堅固過患眾多故。	Furthermore, because the afflictions of the desire realm are greatly harmful, firmly harmful, and numerous,
['T27n1545_065:0339c25_13']	離彼染立二沙門果。	離彼染立二沙門果。	Therefore, separation from those defilements establishes two śrāmaṇya fruits.
['T27n1545_065:0339c26_4']	色無色界與此相違。	色無色界與此相違。	The form and formless realms are the opposite of this.
['T27n1545_065:0339c26_15']	故離彼染唯立一沙門果。	故離彼染唯立一沙門果。	Therefore, separation from those defilements only establishes one śrāmaṇya fruit.
['T27n1545_065:0339c27_13']	復次以欲界煩惱猶如瀑流難可越度。	復次以欲界煩惱猶如瀑流難可越度。	Furthermore, because the afflictions of the desire realm are like a rushing torrent difficult to cross,
['T27n1545_065:0339c28_6']	故離彼染立二沙門果。	故離彼染立二沙門果。	Therefore, in detaching from those [defilements], two fruits of asceticism are established.
['T27n1545_065:0339c29_10']	如人渡河其水深廣濤波漂急數數止息乃能渡之。	如人渡河其水深廣濤波漂急數數止息乃能渡之。	It is like a person crossing a river. The water is deep and wide, with turbulent waves and rapids. They must stop and rest many times before they can cross.
['T27n1545_065:0339c29_15']	如契經說。	如契經說。	As stated in the sutra:
['T27n1545_065:0340a01_2']	邑主當知。	邑主當知。	Head of the village, you should know.
['T27n1545_065:0340a01_11']	言瀑流者喻五妙欲。	言瀑流者喻五妙欲。	The term 'torrent' is a metaphor for the five kinds of subtle desires.
['T27n1545_065:0340a02_2']	色無色界與此相違。	色無色界與此相違。	The form and formless realms are the opposite of this.
['T27n1545_065:0340a02_13']	故離彼染唯立一沙門果。	故離彼染唯立一沙門果。	Therefore, in detaching from those [defilements], only one fruit of asceticism is established.
['T27n1545_065:0340a03_5']	復次以欲界是嶮難界。	復次以欲界是嶮難界。	Moreover, the desire realm is a realm of danger and difficulty.
['T27n1545_065:0340a03_14']	煩惱增重作業增重。	煩惱增重作業增重。	Afflictions increase in weight and actions increase in weight.
['T27n1545_065:0340a04_4']	猶如重擔難可越度。	猶如重擔難可越度。	It is like a heavy burden that is difficult to cross over.
['T27n1545_065:0340a04_14']	故離彼染立二沙門果。	故離彼染立二沙門果。	Therefore, in detaching from those [defilements], two fruits of asceticism are established.
['T27n1545_065:0340a05_5']	色無色界非嶮難界。	色無色界非嶮難界。	The form and formless realms are not realms of danger and difficulty.
['T27n1545_065:0340a06_1']	煩惱作業設有增重而易越度。	煩惱作業設有增重而易越度。	Even if afflictions and actions increase in weight, they are easy to cross over.
['T27n1545_065:0340a06_12']	故離彼染唯立一沙門果。	故離彼染唯立一沙門果。	Therefore, in detaching from those [defilements], only one fruit of asceticism is established.
['T27n1545_065:0340a07_11']	如人擔重登嶮難山數數止息乃能越度。	如人擔重登嶮難山數數止息乃能越度。	It is like a person carrying a heavy load climbing a dangerous mountain. They must stop and rest many times before they can cross over.
['T27n1545_065:0340a08_6']	若至平地雖復擔重而易遠涉。	若至平地雖復擔重而易遠涉。	If they reach level ground, even though they are carrying a heavy load, it is easy to travel far.
['T27n1545_065:0340a08_11']	此亦如是。	此亦如是。	This is also like that.
['T27n1545_065:0340a09_3']	復次以欲界是雜穢界。	復次以欲界是雜穢界。	Furthermore, the desire realm is a realm of defilement and impurity.
['T27n1545_065:0340a09_16']	猶如淤泥雜諸糞穢難可出離。	猶如淤泥雜諸糞穢難可出離。	Like a swamp mixed with various filth, it is difficult to escape.
['T27n1545_065:0340a10_8']	故離彼染立二沙門果。	故離彼染立二沙門果。	Therefore, in detaching from the defilements of that realm, two fruits of the śramaṇa are established.
['T27n1545_065:0340a10_17']	色無色界與此相違。	色無色界與此相違。	The form and formless realms are the opposite of this.
['T27n1545_065:0340a11_10']	故離彼染唯立一沙門果。	故離彼染唯立一沙門果。	Therefore, in detaching from the defilements of those realms, only one fruit of the śramaṇa is established.
['T27n1545_065:0340a12_2']	如糞聚上造立宮室。	如糞聚上造立宮室。	It is like building a palace on top of a pile of excrement.
['T27n1545_065:0340a12_11']	雖復妙好人不樂住。	雖復妙好人不樂住。	Although it may be wonderful, people do not enjoy staying there.
['T27n1545_065:0340a13_2']	色無色界亦復如是。	色無色界亦復如是。	The form and formless realms are also like this.
['T27n1545_065:0340a13_11']	為居欲界雜穢法上。	為居欲界雜穢法上。	As a dwelling on top of the defiled dharmas of the desire realm,
['T27n1545_065:0340a14_2']	雖復妙好賢聖不樂。	雖復妙好賢聖不樂。	although it may be wonderful, the sages do not enjoy it.
['T27n1545_065:0340a14_15']	是故尊者僧伽筏蘇作如是說。	是故尊者僧伽筏蘇作如是說。	Therefore, the Venerable Saṃghabhadra said like this.
['T27n1545_065:0340a15_6']	此欲界中多諸過失。	此欲界中多諸過失。	This desire realm has many faults.
['T27n1545_065:0340a16_5']	謂喪父母兄弟姊妹妻子眷屬亡失財位。	謂喪父母兄弟姊妹妻子眷屬亡失財位。	Namely, losing one's parents, brothers, sisters, wife, children, and relatives, losing one's wealth and position,
['T27n1545_065:0340a17_1']	或被割截耳鼻手足及諸身分。	或被割截耳鼻手足及諸身分。	or having one's ears, nose, hands, feet, and other body parts cut off,
['T27n1545_065:0340a17_10']	或復遭於四百四病。	或復遭於四百四病。	or encountering the four hundred and four diseases.
['T27n1545_065:0340a18_5']	由如是等種種因緣受諸劇苦。	由如是等種種因緣受諸劇苦。	Because of these various causes and conditions, one experiences intense suffering.
['T27n1545_065:0340a18_14']	如是欲界多諸過失。	如是欲界多諸過失。	In this way, the desire realm has many faults.
['T27n1545_065:0340a19_1']	若離彼染。	若離彼染。	If one is free from attachment to the desire realm,
['T27n1545_065:0340a19_14']	總立一切四沙門果猶少況二。	總立一切四沙門果猶少況二。	one is said to have attained all four fruits of the religious life. How much more so for two.
['T27n1545_065:0340a20_11']	復次以欲界有男身女身難可越度。	復次以欲界有男身女身難可越度。	Moreover, in the desire realm, it is difficult to transcend the male and female bodies.
['T27n1545_065:0340a21_4']	故離彼染立二沙門果。	故離彼染立二沙門果。	Therefore, being free from attachment to that realm, one is said to have attained two fruits of the religious life.
['T27n1545_065:0340a21_17']	色無色界唯有男身易可越度。	色無色界唯有男身易可越度。	In the form and formless realms, there is only the male body, which is easy to transcend.
['T27n1545_065:0340a22_10']	故離彼染唯立一沙門果。	故離彼染唯立一沙門果。	Therefore, being free from attachment to those realms, one is said to have attained only one fruit of the religious life.
['T27n1545_065:0340a23_8']	復次以欲界有男根女根難可越度。	復次以欲界有男根女根難可越度。	Moreover, in the desire realm, it is difficult to transcend the male and female sexual organs.
['T27n1545_065:0340a24_1']	故離彼染立二沙門果。	故離彼染立二沙門果。	Therefore, being free from attachment to that realm, one is said to have attained two fruits of the religious life.
['T27n1545_065:0340a24_14']	色無色界無男女根易可越度。	色無色界無男女根易可越度。	In the form and formless realms, there are no male and female sexual organs, which are easy to transcend.
['T27n1545_065:0340a25_7']	故離彼染唯立一沙門果。	故離彼染唯立一沙門果。	Therefore, being free from attachment to those realms, one is said to have attained only one fruit of the religious life.
['T27n1545_065:0340a26_9']	復次以欲界有不善無記二種煩惱難可越度。	復次以欲界有不善無記二種煩惱難可越度。	Moreover, in the desire realm, it is difficult to transcend the two kinds of afflictions: unwholesome and indeterminate.
['T27n1545_065:0340a27_2']	故離彼染立二沙門果。	故離彼染立二沙門果。	Therefore, being free from attachment to that realm, one is said to have attained two fruits of the religious life.
['T27n1545_065:0340a28_2']	色無色界唯有一種無記煩惱易可越度。	色無色界唯有一種無記煩惱易可越度。	In the form and formless realms, there is only one kind of affliction: indeterminate, which is easy to transcend.
['T27n1545_065:0340a29_5']	故離彼染唯立一沙門果如不善無記二種煩惱。	故離彼染唯立一沙門果如不善無記二種煩惱。	Therefore, being free from attachment to those realms, one is said to have attained only one fruit of the religious life. Just as there are two kinds of afflictions: unwholesome and indeterminate.
['T27n1545_065:0340b01_2']	如是有異熟無異熟生二果生一果。	如是有異熟無異熟生二果生一果。	Thus, there are two fruits: with retribution and without retribution, and one fruit: with and without retribution.
['T27n1545_065:0340b01_18', 'T27n1545_065:0340b03_2']	無慚無愧相應不相應煩惱應知亦爾。🔽復次以欲界有苦根憂根無慚無愧嫉慳段食。	無慚無愧相應不相應煩惱應知亦爾。 復次以欲界有苦根憂根無慚無愧嫉慳段食。	It should be known that the afflictions associated with shamelessness and lack of conscience are also like this.
['T27n1545_065:0340b04_5']	及婬欲愛五蓋五欲諸惡趣等種種過患難可出離。	及婬欲愛五蓋五欲諸惡趣等種種過患難可出離。	Moreover, in the desire realm there are the faculties of suffering and grief, shamelessness and lack of conscience, envy and stinginess, coarse food, and the love of sexual desire, the five hindrances, the five desires, and various faults such as the evil destinies that are difficult to escape from.
['T27n1545_065:0340b04_15']	故離彼染立二沙門果。	故離彼染立二沙門果。	Therefore, one who is free from those defilements establishes two fruits of the śramaṇa.
['T27n1545_065:0340b05_16']	色無色界與此相違故離彼染唯立一沙門果。	色無色界與此相違故離彼染唯立一沙門果。	The form and formless realms are the opposite of this, so one who is free from those defilements only establishes one fruit of the śramaṇa.
['T27n1545_065:0340b07_4']	復次欲界具有十八界十二處等多有漏法難可出離。	復次欲界具有十八界十二處等多有漏法難可出離。	Moreover, in the desire realm there are many contaminated dharmas such as the eighteen realms and twelve sense bases, etc., which are difficult to escape from.
['T27n1545_065:0340b07_14']	故離彼染立二沙門果。	故離彼染立二沙門果。	Therefore, one who is free from those defilements establishes two fruits of the śramaṇa.
['T27n1545_065:0340b08_5']	色無色界有漏法少。	色無色界有漏法少。	In the form and formless realms there are few contaminated dharmas.
['T27n1545_065:0340b08_16', 'T27n1545_065:0340b09_13']	故離彼染唯立一沙門果。🔽問何故離見所斷染立初一沙門果。	故離彼染唯立一沙門果。 問何故離見所斷染立初一沙門果。	Therefore, one who is free from those defilements only establishes one fruit of the śramaṇa.🔽Why is it that one who is free from the defilements to be eliminated by the path of insight establishes the first fruit of the śramaṇa,
['T27n1545_065:0340b10_9']	離修所斷染立後三沙門果耶。	離修所斷染立後三沙門果耶。	and one who is free from the defilements to be eliminated by the path of cultivation establishes the latter three fruits of the śramaṇa?
['T27n1545_065:0340b11_2']	答見所斷染易可遠離。	答見所斷染易可遠離。	Answer: The defilements to be eliminated by the path of seeing are easy to be completely separated from.
['T27n1545_065:0340b11_13']	故離彼時立初一沙門果。	故離彼時立初一沙門果。	Therefore, when one is separated from them, the first one of the four fruits of the śramaṇa is established.
['T27n1545_065:0340b12_3']	修所斷染難可遠離。	修所斷染難可遠離。	The defilements to be eliminated by the path of cultivation are difficult to be completely separated from.
['T27n1545_065:0340b12_14']	故離彼時立後三沙門果。	故離彼時立後三沙門果。	Therefore, when one is separated from them, the latter three fruits of the śramaṇa are established.🔽Here is the corrected and aligned text:
['T27n1545_065:0340b13_100']	說一切有部發智大毘婆沙論卷第六十五	說一切有部發智大毘婆沙論卷第六十五	Abhidharma-mahāvibhāṣā-śāstra, fascicle 65
