segmentnr	original	analyzed	translated
['T27n1545_056:0288a02_0']	阿毘達磨大毘婆沙論卷第五十	阿毘達磨大毘婆沙論卷第五十	Abhidharma-mahāvibhāṣā-śāstra, fascicle 50
['T27n1545_056:0288a03_0']	六	六	six
['T27n1545_056:0288a05_0']	五百大阿羅漢等造	五百大阿羅漢等造	composed by 500 great arhats and others
['T27n1545_056:0288a08_3']	三藏法師玄奘奉　詔譯2 一行納息1結蘊第二中一行納息第二之一有九結。	三藏法師玄奘奉　詔譯2 一行納息1結蘊第二中一行納息第二之一有九結。	tripiṭaka master Xuanzang respectfully received
['T27n1545_056:0288a08_11']	謂愛結乃至慳結。	謂愛結乃至慳結。	namely the fetters of craving up to the fetters of stinginess.
['T27n1545_056:0288a09_8']	若於此事有愛結繫亦有恚結繫耶。	若於此事有愛結繫亦有恚結繫耶。	If there is the fetter of craving on this matter, is there also the fetter of anger?
['T27n1545_056:0288a09_17']	如是等章及解章義。	如是等章及解章義。	Such chapters and the meaning of the chapters
['T27n1545_056:0288a10_4']	既領會已。	既領會已。	having already been understood,
['T27n1545_056:0288a10_9']	次應廣釋。	次應廣釋。	one should next extensively explain.
['T27n1545_056:0288a10_14']	此中事者。	此中事者。	Herein, the matter
['T27n1545_056:0288a10_19']	事有五種。	事有五種。	there are five kinds of matters.
['T27n1545_056:0288a11_4']	一自體事。	一自體事。	First, the matter of the intrinsic nature.
['T27n1545_056:0288a11_9']	二所緣事。	二所緣事。	Second, the matter of the object.
['T27n1545_056:0288a11_13']	三繫事。	三繫事。	Third, the matter of bondage.
['T27n1545_056:0288a11_17']	四因事。	四因事。	Fourth, the matter of cause.
['T27n1545_056:0288a12_1']	五攝受事。	五攝受事。	Fifth, the matter of inclusion.
['T27n1545_056:0288a12_6']	自體事者。	自體事者。	As for the matter of the intrinsic nature,
['T27n1545_056:0288a12_11']	如見蘊說。	如見蘊說。	it is as explained in the aggregate of views.
['T27n1545_056:0288a13_3']	若事能通達彼事能遍知耶。	若事能通達彼事能遍知耶。	If a matter can penetrate it, can that matter be completely known?
['T27n1545_056:0288a15_5']	設事能遍知彼事能通達耶彼於諸忍諸智自體以事聲說即彼復說若事已得彼事成就耶。	設事能遍知彼事能通達耶彼於諸忍諸智自體以事聲說即彼復說若事已得彼事成就耶。	If a matter can be completely known, can that matter be penetrated? He speaks of the matter of the intrinsic nature of the various forbearances and knowledges with the word matter. He further says, if a matter is already attained, is that matter accomplished?
['T27n1545_056:0288a15_15']	設事成就彼事已得耶。	設事成就彼事已得耶。	If a matter is accomplished, is that matter already attained?
['T27n1545_056:0288a16_1']	此中有說。	此中有說。	Regarding this, some say:
['T27n1545_056:0288a16_11']	一切法自體以事聲說。	一切法自體以事聲說。	The essence of all dharmas is referred to by the word thing.
['T27n1545_056:0288a16_16']	有作是說。	有作是說。	Some say:
['T27n1545_056:0288a17_7']	若法有得者以事聲說。	若法有得者以事聲說。	If a dharma has attainment, it is referred to by the word thing.
['T27n1545_056:0288a17_12']	所緣事者。	所緣事者。	The object-referent thing refers to:
['T27n1545_056:0288a17_18']	如品類足說。	如品類足說。	As the Prakaraṇa states:
['T27n1545_056:0288a18_11']	一切法皆是智所知隨其事。	一切法皆是智所知隨其事。	All dharmas are to be known by cognition according to their object-referents.
['T27n1545_056:0288a18_17']	云何隨其事。	云何隨其事。	What is meant by according to their object-referents?
['T27n1545_056:0288a19_8']	謂若法是此智所行境。	謂若法是此智所行境。	It means that if a dharma is the object-domain of a certain cognition,
['T27n1545_056:0288a19_17']	彼於所緣以事聲說。	彼於所緣以事聲說。	it is referred to by the word thing in relation to that [cognition].
['T27n1545_056:0288a20_4']	然契經說。	然契經說。	However, the sūtra states:
['T27n1545_056:0288a21_4']	當為汝等說四十四智事及七十七智事者。	當為汝等說四十四智事及七十七智事者。	I will explain to you the forty-four things of cognition and the seventy-seven things of cognition.
['T27n1545_056:0288a21_13']	阿毘達磨諸論師言。	阿毘達磨諸論師言。	The Abhidharma masters say:
['T27n1545_056:0288a22_1']	彼經說自體事。	彼經說自體事。	That sūtra refers to the essence-things.
['T27n1545_056:0288a22_14']	謂諸忍智緣有支者以事聲說。	謂諸忍智緣有支者以事聲說。	It means that the things that are the objects of the various acceptances and cognitions are referred to by the word thing.
['T27n1545_056:0288a23_4']	尊者妙音作如是說。	尊者妙音作如是說。	The Venerable Subhūti states:
['T27n1545_056:0288a23_11']	彼經說所緣事。	彼經說所緣事。	That sūtra refers to the object-referent things.
['T27n1545_056:0288a24_6']	謂諸忍智所緣有支以事聲說。	謂諸忍智所緣有支以事聲說。	It means that the things that are the objects of the various acceptances and cognitions are referred to by the word thing.
['T27n1545_056:0288a24_10']	繫事者。	繫事者。	The bound thing refers to:
['T27n1545_056:0288a24_15']	如此中說。	如此中說。	As it is explained here:
['T27n1545_056:0288a25_11']	若於此事有愛結繫亦有恚結繫耶。	若於此事有愛結繫亦有恚結繫耶。	If there is a fetter of craving with regard to this matter, is there also a fetter of hatred?
['T27n1545_056:0288a25_16']	乃至廣說。	乃至廣說。	And so on, explaining in detail.
['T27n1545_056:0288a26_8']	此中五部法以事聲說。	此中五部法以事聲說。	Here, the five categories of dharmas are referred to by the word matter.
['T27n1545_056:0288a27_1']	謂見苦集滅道修所斷法。	謂見苦集滅道修所斷法。	That is to say, dharmas that are eliminated by seeing suffering, the origin, cessation, and the path, and by cultivation.
['T27n1545_056:0288a27_15']	是五部煩惱所繫事故說名繫事。	是五部煩惱所繫事故說名繫事。	Because they are bound by the afflictions of these five categories, they are called bound matters.
['T27n1545_056:0288a27_19']	因事者。	因事者。	As for matters of causes,
['T27n1545_056:0288a28_5']	如品類足說。	如品類足說。	it is as explained in the Abhidharma-nyāyânusāra-śāstra.
['T27n1545_056:0288a28_11']	云何有事法。	云何有事法。	What are matters with substance?
['T27n1545_056:0288a28_17']	云何無事法。	云何無事法。	What are matters without substance?
['T27n1545_056:0288a29_7']	彼意說有因法無因法。	彼意說有因法無因法。	Their meaning is to speak of dharmas with causes and dharmas without causes.
['T27n1545_056:0288a29_12']	又伽他說。	又伽他說。	Moreover, the Gāthā says:
['T27n1545_056:0288b01_0']	苾芻心寂靜　　能永斷諸事	苾芻心寂靜　　能永斷諸事	The bhikṣu's mind is tranquil, able to permanently eliminate all matters.
['T27n1545_056:0288b02_0']	彼生死盡故　　不受於後有	彼生死盡故　　不受於後有	Because his birth and death are exhausted, he does not accept future existence.
['T27n1545_056:0288b03_4']	彼頌意說。	彼頌意說。	The meaning of this verse is as follows:
['T27n1545_056:0288b03_13']	一切生死皆依於因。	一切生死皆依於因。	All birth and death depend on causes.
['T27n1545_056:0288b04_2']	有因故有生死。	有因故有生死。	Because there are causes, there is birth and death.
['T27n1545_056:0288b04_9']	因斷故生死盡。	因斷故生死盡。	Because the causes are severed, birth and death are exhausted.
['T27n1545_056:0288b05_6']	由此不復受未來三有生攝受事者。	由此不復受未來三有生攝受事者。	Because of this, he does not again accept the three existences of future birth. As for matters of grasping,
['T27n1545_056:0288b05_11']	如契經說。	如契經說。	it is as explained in the sūtras.
['T27n1545_056:0288b06_6']	應捨田事宅事財事攝受之心。	應捨田事宅事財事攝受之心。	One should abandon the mind of grasping matters of fields, houses, and wealth.
['T27n1545_056:0288b07_1']	應離田事宅事財事攝受之業。	應離田事宅事財事攝受之業。	One should avoid affairs of fields, affairs of houses, affairs of wealth, and the activities of acceptance.
['T27n1545_056:0288b07_6']	又伽他說。	又伽他說。	Moreover, the Gāthā says:
['T27n1545_056:0288b08_0']	若於田事財　　牛馬等僮僕	若於田事財　　牛馬等僮僕	If one has affairs of fields, wealth, cattle, horses, and servants,
['T27n1545_056:0288b09_0']	男女親別欲　　是人名極貪	男女親別欲　　是人名極貪	Men, women, relatives, and desires, one is called extremely greedy.
['T27n1545_056:0288b10_8']	又在家者作如是言。	又在家者作如是言。	Moreover, laypeople say:
['T27n1545_056:0288b10_17']	我攝此事我持此事。	我攝此事我持此事。	I accept this matter, I uphold this matter.
['T27n1545_056:0288b11_8']	諸如是等名攝受事。	諸如是等名攝受事。	These are called the affairs of acceptance.
['T27n1545_056:0288b11_13']	復有五事。	復有五事。	There are also five matters:
['T27n1545_056:0288b11_17']	一界事。	一界事。	First, the matter of realms;
['T27n1545_056:0288b12_2']	二處事。	二處事。	Second, the matter of places;
['T27n1545_056:0288b12_6']	三蘊事。	三蘊事。	Third, the matter of aggregates;
['T27n1545_056:0288b12_10']	四世事。	四世事。	Fourth, the matter of the world;
['T27n1545_056:0288b12_15']	五剎那事。	五剎那事。	Fifth, the matter of moments.
['T27n1545_056:0288b12_20']	於此十事。	於此十事。	Among these ten matters,
['T27n1545_056:0288b13_8']	此中但依繫事作論。	此中但依繫事作論。	Here, the treatise is only based on the matter of bondage,
['T27n1545_056:0288b13_13']	不依餘九。	不依餘九。	Not based on the other nine.
['T27n1545_056:0288b14_8']	阿毘達磨諸論師言。	阿毘達磨諸論師言。	The Abhidharma scholars say:
['T27n1545_056:0288b15_1']	所繫事是實能繫結亦實。	所繫事是實能繫結亦實。	The bound matter is real, and the actual bonds are also real.
['T27n1545_056:0288b15_8']	補特伽羅是假。	補特伽羅是假。	The pudgala is provisional.
['T27n1545_056:0288b15_13', 'T27n1545_056:0288b15_19']	犢子部說。🔽所繫事是實。	犢子部說。 所繫事是實。	The Vātsīputrīyas say:🔽The bound matter is real,
['T27n1545_056:0288b16_4']	能繫結亦實。	能繫結亦實。	And the actual bonds are also real.
['T27n1545_056:0288b16_12']	補特伽羅亦是實。	補特伽羅亦是實。	The pudgala is also real.
['T27n1545_056:0288b17_3']	譬喻者說能繫結是實。	譬喻者說能繫結是實。	The Upāyakauśalyas say that the bonds are real,
['T27n1545_056:0288b17_15']	所繫事是假補特伽羅亦假。	所繫事是假補特伽羅亦假。	The object of attachment is also a provisional person.
['T27n1545_056:0288b18_8']	問彼何故說所繫事是假耶。	問彼何故說所繫事是假耶。	Question: Why do they say that the object of attachment is provisional?
['T27n1545_056:0288b19_9']	答彼說有染與無染境不決定故知境非實。	答彼說有染與無染境不決定故知境非實。	Answer: They say that being defiled and being undefiled are not determined with respect to objects, therefore one should know that objects are not real.
['T27n1545_056:0288b20_9']	謂如有一端正女人種種莊嚴來入眾會。	謂如有一端正女人種種莊嚴來入眾會。	It is like a certain beautiful woman who, adorned in various ways, enters an assembly.
['T27n1545_056:0288b21_1']	有見起敬有見起貪。	有見起敬有見起貪。	Some who see her give rise to respect, some who see her give rise to desire,
['T27n1545_056:0288b21_6']	有見起瞋。	有見起瞋。	some who see her give rise to anger,
['T27n1545_056:0288b21_11']	有見起嫉。	有見起嫉。	some who see her give rise to jealousy,
['T27n1545_056:0288b22_2']	有見起厭有見起悲。	有見起厭有見起悲。	some who see her give rise to disgust, some who see her give rise to compassion,
['T27n1545_056:0288b22_7']	有見生捨。	有見生捨。	some who see her give rise to equanimity.
['T27n1545_056:0288b22_16', 'T27n1545_056:0288b23_7']	應知此中子見起敬。🔽諸耽欲者見而起貪。	應知此中子見起敬。 諸耽欲者見而起貪。	One should know that in this case the son who sees her gives rise to respect.🔽Those who indulge in desire see her and give rise to desire.
['T27n1545_056:0288b23_16']	諸怨憎者見而起瞋。	諸怨憎者見而起瞋。	Those who are her enemies see her and give rise to anger.
['T27n1545_056:0288b24_6']	諸同夫者見而起嫉。	諸同夫者見而起嫉。	Those who are her husband's equals see her and give rise to jealousy.
['T27n1545_056:0288b25_1']	諸有修習不淨觀者見而起厭。	諸有修習不淨觀者見而起厭。	Those who cultivate the contemplation of impurity see her and give rise to disgust.
['T27n1545_056:0288b25_10']	諸離欲仙見起悲慜。	諸離欲仙見起悲慜。	Those who are detached from desire see her with compassion.
['T27n1545_056:0288b25_15']	作如是念。	作如是念。	Thinking like this:
['T27n1545_056:0288b26_10']	此妙色相不久當為無常所滅。	此妙色相不久當為無常所滅。	This wonderful form will soon be destroyed by impermanence.
['T27n1545_056:0288b27_1']	諸阿羅漢見而生捨。	諸阿羅漢見而生捨。	Arhats see her and give rise to equanimity.
['T27n1545_056:0288b27_10']	由此故知境無實體。	由此故知境無實體。	Therefore, we know that objects have no real substance.
['T27n1545_056:0288b27_15']	彼說非理。	彼說非理。	Their explanation is unreasonable.
['T27n1545_056:0288b28_1']	所以者何。	所以者何。	Why is it so?
['T27n1545_056:0288b28_6']	若境非實。	若境非實。	If objects are not real,
['T27n1545_056:0288b28_15']	應不作緣生心心所。	應不作緣生心心所。	they should not be conditions giving rise to mind and mental factors.
['T27n1545_056:0288b29_5']	若爾應無染淨品法。	若爾應無染淨品法。	If that is so, then there should be no defiled or pure dharmas.
['T27n1545_056:0288b29_14']	補特伽羅定非實有。	補特伽羅定非實有。	The pudgala definitely does not really exist.
['T27n1545_056:0288c01_5']	佛說無我無我所故。	佛說無我無我所故。	Because the Buddha said there is no self and nothing belonging to a self.
['T27n1545_056:0288c02_9']	諸煩惱有與五識相應。	諸煩惱有與五識相應。	There are afflictions associated with the five consciousnesses,
['T27n1545_056:0288c02_16']	有與意識相應。	有與意識相應。	and there are those associated with mental consciousness.
['T27n1545_056:0288c03_4']	五識相應者。	五識相應者。	As for those associated with the five consciousnesses,
['T27n1545_056:0288c03_13', 'T27n1545_056:0288c04_4']	若在過去繫過去事。🔽若在現在繫現在事。	若在過去繫過去事。 若在現在繫現在事。	if they are in the past, they bind past events.🔽If they are in the present, they bind present events.
['T27n1545_056:0288c04_16']	若在未來生法者繫未來事。	若在未來生法者繫未來事。	If they are in the future and are subject to birth, they bind future events.
['T27n1545_056:0288c05_7']	不生法者繫三世事。	不生法者繫三世事。	If they are not subject to birth, they bind events of the three times.
['T27n1545_056:0288c05_13']	意識相應者。	意識相應者。	As for those associated with mental consciousness,
['T27n1545_056:0288c06_7']	若在過去若在未來若在現在。	若在過去若在未來若在現在。	whether they are in the past, future, or present,
['T27n1545_056:0288c06_14']	皆容繫三世事。	皆容繫三世事。	they all bind events of the three times.
['T27n1545_056:0288c07_12']	復次眼識相應煩惱於色處作所緣繫。	復次眼識相應煩惱於色處作所緣繫。	Furthermore, afflictions associated with eye consciousness bind form as an object.
['T27n1545_056:0288c08_7']	於彼相應意處法處作相應繫。	於彼相應意處法處作相應繫。	They bind the associated mental faculty and dharma faculties as associated bonds.
['T27n1545_056:0288c09_4']	耳識相應煩惱於聲處作所緣繫。	耳識相應煩惱於聲處作所緣繫。	The afflictions associated with the ear consciousness form a bond of object-support in relation to the sound realm.
['T27n1545_056:0288c09_17']	於彼相應意處法處作相應繫。	於彼相應意處法處作相應繫。	In relation to the associated mental realm and dharma realm, they form a bond of association.
['T27n1545_056:0288c10_13']	鼻識相應煩惱於香處作所緣繫。	鼻識相應煩惱於香處作所緣繫。	The afflictions associated with the nose consciousness form a bond of object-support in relation to the smell realm.
['T27n1545_056:0288c11_9', 'T27n1545_056:0288c12_1']	於彼相應意處法處作相應繫。🔽舌識相應煩惱於味處。	於彼相應意處法處作相應繫。 舌識相應煩惱於味處。	In relation to the associated mental realm and dharma realm, they form a bond of association.
['T27n1545_056:0288c12_6']	作所緣繫。	作所緣繫。	The afflictions associated with the tongue consciousness form a bond of object-support in relation to the taste realm.
['T27n1545_056:0288c13_1']	於彼相應意處法處作相應繫。	於彼相應意處法處作相應繫。	In relation to the associated mental realm and dharma realm, they form a bond of association.
['T27n1545_056:0288c13_15']	身識相應煩惱於觸處作所緣繫。	身識相應煩惱於觸處作所緣繫。	The afflictions associated with the body consciousness form a bond of object-support in relation to the touch realm.
['T27n1545_056:0288c15_7']	於彼相應意處法處作相應繫意識相應煩惱於十二處作所緣繫。	於彼相應意處法處作相應繫意識相應煩惱於十二處作所緣繫。	In relation to the associated mental realm and dharma realm, they form a bond of association. The afflictions associated with the mental consciousness form a bond of object-support in relation to the twelve realms.
['T27n1545_056:0288c16_3']	於彼相應意處法處作相應繫。	於彼相應意處法處作相應繫。	In relation to the associated mental realm and dharma realm, they form a bond of association.
['T27n1545_056:0288c16_12']	是謂一行略毘婆沙。	是謂一行略毘婆沙。	This is called a brief exposition in one line.
['T27n1545_056:0288c17_9']	若於此事有愛結繫亦有恚結繫耶。	若於此事有愛結繫亦有恚結繫耶。	If there is bondage of the fetter of craving in this matter, is there also bondage of the fetter of hatred?
['T27n1545_056:0288c18_7']	答若於此事有恚結繫必有愛結繫。	答若於此事有恚結繫必有愛結繫。	Answer: If there is bondage of the fetter of hatred in this matter, there must be bondage of the fetter of craving.
['T27n1545_056:0288c18_17']	或有愛結繫無恚結繫。	或有愛結繫無恚結繫。	There may be bondage of the fetter of craving without bondage of the fetter of hatred.🔽Here is the corrected and aligned text:
['T27n1545_056:0288c19_12']	謂於色無色界法有愛結未斷。	謂於色無色界法有愛結未斷。	It means that the fetter of craving for form and formless realm dharmas has not yet been severed.
['T27n1545_056:0288c20_5']	此中愛結通三界五部。	此中愛結通三界五部。	Here, the fetter of craving pervades the three realms and the five categories.
['T27n1545_056:0288c20_13']	唯有漏緣非遍行。	唯有漏緣非遍行。	It only has impure objects and is not universal.
['T27n1545_056:0288c21_5']	恚結唯欲界通五部。	恚結唯欲界通五部。	The fetter of anger is only in the desire realm and pervades the five categories.
['T27n1545_056:0288c21_13']	唯有漏緣非遍行。	唯有漏緣非遍行。	It only has impure objects and is not universal.
['T27n1545_056:0288c22_6']	諸具縛者於欲界五部事。	諸具縛者於欲界五部事。	Those who are fully bound, with regard to the five categories of dharmas in the desire realm,
['T27n1545_056:0288c22_17']	若有愛結繫亦有恚結繫。	若有愛結繫亦有恚結繫。	if there is the fetter of craving, there is also the fetter of anger.
['T27n1545_056:0288c23_10']	若有恚結繫亦有愛結繫。	若有恚結繫亦有愛結繫。	If there is the fetter of anger, there is also the fetter of craving.
['T27n1545_056:0288c24_2']	於色無色界五部事。	於色無色界五部事。	With regard to the five categories of dharmas in the form and formless realms,
['T27n1545_056:0288c24_11']	有愛結繫無恚結繫。	有愛結繫無恚結繫。	there is the fetter of craving but not the fetter of anger.
['T27n1545_056:0288c25_5']	不具縛者於欲界五部事。	不具縛者於欲界五部事。	Those who are not fully bound, with regard to the five categories of dharmas in the desire realm,
['T27n1545_056:0288c25_14']	隨未斷處有愛結繫。	隨未斷處有愛結繫。	wherever the fetter of craving has not yet been severed, there is the fetter of craving.
['T27n1545_056:0288c26_3']	亦有恚結繫。	亦有恚結繫。	There is also the fetter of anger.
['T27n1545_056:0288c26_12']	若已斷處無愛結繫。	若已斷處無愛結繫。	Where it has already been severed, there is no fetter of craving.
['T27n1545_056:0288c27_1']	亦無恚結繫。	亦無恚結繫。	There is also no fetter of anger.
['T27n1545_056:0288c27_10']	於色無色界五部事。	於色無色界五部事。	With regard to the five categories of dharmas in the form and formless realms,
['T27n1545_056:0288c28_1']	隨未斷處有愛結繫。	隨未斷處有愛結繫。	wherever the fetter of craving has not yet been severed, there is the fetter of craving.
['T27n1545_056:0288c28_6']	無恚結繫。	無恚結繫。	There is no fetter of anger.
['T27n1545_056:0288c28_15']	若已斷處無愛結繫。	若已斷處無愛結繫。	Where it has already been severed, there is no fetter of craving.
['T27n1545_056:0288c29_3']	亦無恚結繫。	亦無恚結繫。	There is also no fetter of anger.
['T27n1545_056:0288c29_12']	由愛結長恚結短故。	由愛結長恚結短故。	Because the fetter of craving is long and the fetter of anger is short.
['T27n1545_056:0289a01_3']	所問應作順後句答。	所問應作順後句答。	The question should be answered in accordance with the latter phrase.
['T27n1545_056:0289a01_17']	若於此事有恚結繫必有愛結繫。	若於此事有恚結繫必有愛結繫。	If there is the fetter of anger on a certain thing, there must be the fetter of craving.
['T27n1545_056:0289a02_10']	謂於欲界五部未斷盡事。	謂於欲界五部未斷盡事。	It refers to the things of the five categories in the desire realm that have not yet been completely eliminated.
['T27n1545_056:0289a02_16']	或有愛結繫。	或有愛結繫。	There may be the fetter of craving,
['T27n1545_056:0289a03_3']	無恚結繫。	無恚結繫。	but not the fetter of anger.
['T27n1545_056:0289a03_16']	謂於色無色界法有愛結未斷。	謂於色無色界法有愛結未斷。	It refers to the dharmas of the form and formless realms where the fetter of craving has not yet been eliminated.
['T27n1545_056:0289a04_7']	此中或有八地未斷。	此中或有八地未斷。	Here, there may be eight stages that have not yet been eliminated,
['T27n1545_056:0289a05_2']	乃至或有非想非非想處未斷。	乃至或有非想非非想處未斷。	up to the sphere of neither-perception-nor-non-perception that has not yet been eliminated.
['T27n1545_056:0289a05_13']	於此地中或有五部未斷。	於此地中或有五部未斷。	Within this stage, there may be five categories that have not yet been eliminated,
['T27n1545_056:0289a06_5']	乃至或有修所斷未斷。	乃至或有修所斷未斷。	up to the eliminated by cultivation that has not yet been eliminated.
['T27n1545_056:0289a06_16']	於此部中或有九品未斷。	於此部中或有九品未斷。	Within this category, there may be nine grades that have not yet been eliminated,
['T27n1545_056:0289a07_8']	乃至或有下下品未斷。	乃至或有下下品未斷。	up to the lowest grade that has not yet been eliminated.
['T27n1545_056:0289a07_17']	此中總相說未斷言。	此中總相說未斷言。	Here, the general characteristic of not yet eliminated is spoken of.
['T27n1545_056:0289a08_14']	問何故色無色界五部法無恚結繫耶。	問何故色無色界五部法無恚結繫耶。	Why are the dharmas of the five categories in the form and formless realms not bound by the fetter of anger?
['T27n1545_056:0289a09_6']	答以上二界無恚結故。	答以上二界無恚結故。	Because the upper two realms are without the fetter of anger.
['T27n1545_056:0289a09_17']	問何故上二界無恚結耶。	問何故上二界無恚結耶。	Why are the upper two realms without the fetter of anger?
['T27n1545_056:0289a10_9']	答彼於恚結非田器故。	答彼於恚結非田器故。	Answer: Because they are not vessels for the fetter of anger.
['T27n1545_056:0289a11_7']	復次諸瑜伽師厭患恚結求上二界。	復次諸瑜伽師厭患恚結求上二界。	Moreover, yogis are disgusted with the fetter of anger and seek the two upper realms.
['T27n1545_056:0289a11_16']	若上二界有恚結者。	若上二界有恚結者。	If the two upper realms had the fetter of anger,
['T27n1545_056:0289a12_11']	諸瑜伽師不應求彼勤修加行。	諸瑜伽師不應求彼勤修加行。	yogis would not seek them and diligently cultivate added effort.
['T27n1545_056:0289a13_5']	若法下地有上地亦有者。	若法下地有上地亦有者。	If a dharma exists in the lower realm, it also exists in the upper realm.
['T27n1545_056:0289a13_14']	是則應無漸次滅法。	是則應無漸次滅法。	Then there would be no gradual cessation of dharmas.
['T27n1545_056:0289a14_8']	此若無者亦應無有究竟滅法。	此若無者亦應無有究竟滅法。	If this does not exist, there would also be no ultimate cessation of dharmas.
['T27n1545_056:0289a14_13']	是所引故。	是所引故。	Because it is what is brought.
['T27n1545_056:0289a15_12']	若復撥無究竟滅法則亦應撥解脫出離。	若復撥無究竟滅法則亦應撥解脫出離。	If one also denies the ultimate cessation, then one would also deny liberation and emancipation.
['T27n1545_056:0289a16_8']	勿有斯過故上二界無有恚結。	勿有斯過故上二界無有恚結。	To avoid this error, the two upper realms do not have the fetter of anger.
['T27n1545_056:0289a17_1']	復次恚結必依麁澁相續。	復次恚結必依麁澁相續。	Moreover, the fetter of anger necessarily relies on a coarse and rough continuum.
['T27n1545_056:0289a18_4']	色無色界相續細滑勝奢摩他所滋潤故無有恚結。	色無色界相續細滑勝奢摩他所滋潤故無有恚結。	The continuum of the form and formless realms is subtle and smooth, nourished by superior samādhi, and therefore does not have the fetter of anger.
['T27n1545_056:0289a19_2']	復次若於此界有憂苦根則有恚結。	復次若於此界有憂苦根則有恚結。	Moreover, if in this realm there is the faculty of sorrow and suffering, then there is the fetter of anger.
['T27n1545_056:0289a20_2']	諸有情類依憂苦根於他相續起瞋恚故。	諸有情類依憂苦根於他相續起瞋恚故。	Because various sentient beings, relying on the faculty of sorrow and suffering, give rise to anger towards the continuum of others.
['T27n1545_056:0289a20_15']	色無色界無憂苦根故無恚結。	色無色界無憂苦根故無恚結。	Because the realms of form and of the formless are devoid of the faculties of sorrow and suffering, there is no fetter of indignation.
['T27n1545_056:0289a21_13']	復次若欲界中有無慚無愧則有恚結。	復次若欲界中有無慚無愧則有恚結。	Moreover, if in the realm of desire there were no shamelessness and disregard, there would be the fetter of indignation.
['T27n1545_056:0289a22_13']	有情依止無慚無愧於他相續起瞋恚故。	有情依止無慚無愧於他相續起瞋恚故。	Because sentient beings rely on shamelessness and disregard to generate anger in the life-stream of others.
['T27n1545_056:0289a23_9']	上二界無無慚無愧故無恚結。	上二界無無慚無愧故無恚結。	The two upper realms are devoid of shamelessness and disregard, and therefore there is no fetter of indignation.
['T27n1545_056:0289a24_7']	復次若於是界有嫉與慳則有恚結。	復次若於是界有嫉與慳則有恚結。	Moreover, if in this realm there were envy and stinginess, there would be the fetter of indignation.
['T27n1545_056:0289a25_7']	諸有情類依止嫉慳於他相續起瞋恚故。	諸有情類依止嫉慳於他相續起瞋恚故。	Because sentient beings rely on envy and stinginess to generate anger in the life-stream of others.
['T27n1545_056:0289a26_3']	色無色界無嫉無慳故無恚結。	色無色界無嫉無慳故無恚結。	The realms of form and of the formless are devoid of envy and stinginess, and therefore there is no fetter of indignation.
['T27n1545_056:0289a27_1']	復次若於是界有女男根則有恚結。	復次若於是界有女男根則有恚結。	Moreover, if in this realm there were the faculties of female and male, there would be the fetter of indignation.
['T27n1545_056:0289a28_1']	諸有情類依女男根於他相續起瞋恚故。	諸有情類依女男根於他相續起瞋恚故。	Because sentient beings rely on the faculties of female and male to generate anger in the life-stream of others.
['T27n1545_056:0289a28_14']	色無色界無女男根故無恚結。	色無色界無女男根故無恚結。	The realms of form and of the formless are devoid of the faculties of female and male, and therefore there is no fetter of indignation.
['T27n1545_056:0289a29_11']	復次若於此界有段食貪則有恚結。	復次若於此界有段食貪則有恚結。	Moreover, if in this realm there were craving for material food, there would be the fetter of indignation.
['T27n1545_056:0289b01_11']	諸有情類依段食貪於他相續起瞋恚故。	諸有情類依段食貪於他相續起瞋恚故。	Because sentient beings rely on craving for material food to generate anger in the life-stream of others.
['T27n1545_056:0289b02_7']	色無色界無段食貪故無恚結。	色無色界無段食貪故無恚結。	Because there is no craving for coarse food in the form and formless realms, there is no fetter of anger.
['T27n1545_056:0289b03_5']	復次若於此界有婬欲愛則有恚結。	復次若於此界有婬欲愛則有恚結。	Moreover, if there is sexual desire in a realm, then there is the fetter of anger.
['T27n1545_056:0289b04_5']	諸有情類依婬欲愛於他相續起瞋恚故。	諸有情類依婬欲愛於他相續起瞋恚故。	Because sentient beings, relying on sexual desire, give rise to anger towards the life-continuum of others.
['T27n1545_056:0289b05_1']	色無色界無婬欲愛故無恚結。	色無色界無婬欲愛故無恚結。	Because there is no sexual desire in the form and formless realms, there is no fetter of anger.
['T27n1545_056:0289b05_16']	復次若於此界有五重蓋則有恚結。	復次若於此界有五重蓋則有恚結。	Moreover, if there are the five hindrances in a realm, then there is the fetter of anger.
['T27n1545_056:0289b06_15']	諸有情類依五重蓋於他相續起瞋恚故。	諸有情類依五重蓋於他相續起瞋恚故。	Because sentient beings, relying on the five hindrances, give rise to anger towards the life-continuum of others.
['T27n1545_056:0289b07_11']	色無色界無五重蓋故無恚結。	色無色界無五重蓋故無恚結。	Because there are no five hindrances in the form and formless realms, there is no fetter of anger.
['T27n1545_056:0289b08_9']	復次若於是界有五妙欲則有恚結。	復次若於是界有五妙欲則有恚結。	Moreover, if there are the five objects of desire in a realm, then there is the fetter of anger.
['T27n1545_056:0289b09_5']	諸有情類依五妙欲起瞋恚故。	諸有情類依五妙欲起瞋恚故。	Because sentient beings, relying on the five objects of desire, give rise to anger.
['T27n1545_056:0289b10_1']	色無色界無五妙欲故無恚結。	色無色界無五妙欲故無恚結。	Because there are no five objects of desire in the form and formless realms, there is no fetter of anger.
['T27n1545_056:0289b10_16']	復次若於是界有怨憎相則有恚結。	復次若於是界有怨憎相則有恚結。	Moreover, if there are objects of hatred in a realm, then there is the fetter of anger.
['T27n1545_056:0289b11_3']	怨憎相者。	怨憎相者。	As for objects of hatred,
['T27n1545_056:0289b11_8']	謂九惱事。	謂九惱事。	they refer to the nine grounds for resentment.
['T27n1545_056:0289b12_3']	色無色界無怨憎相故無恚結。	色無色界無怨憎相故無恚結。	Because there are no objects of hatred in the form and formless realms, there is no fetter of anger.
['T27n1545_056:0289b12_12']	由此尊者妙音說言。	由此尊者妙音說言。	Therefore the Venerable Vasumitra said:
['T27n1545_056:0289b13_7']	有情若遇諸怨憎相便起恚結。	有情若遇諸怨憎相便起恚結。	If sentient beings encounter the characteristics of enemies and those they dislike, they give rise to the fetter of anger.
['T27n1545_056:0289b14_2']	諸怨憎相上二界無故無恚結。	諸怨憎相上二界無故無恚結。	The characteristics of enemies and those they dislike do not exist in the two upper realms, therefore there is no fetter of anger.
['T27n1545_056:0289b14_13']	復次慈是恚結近對治道。	復次慈是恚結近對治道。	Furthermore, loving-kindness is the proximate antidote to the fetter of anger.
['T27n1545_056:0289b15_3']	色界有慈故無恚結。	色界有慈故無恚結。	Since there is loving-kindness in the form realm, there is no fetter of anger.
['T27n1545_056:0289b15_12']	如處若有吠嵐婆風。	如處若有吠嵐婆風。	Just as where there is a wind called fierce
['T27n1545_056:0289b16_3']	是處雲烟必不得住。	是處雲烟必不得住。	there clouds and mist cannot remain.
['T27n1545_056:0289b16_12']	色界無故無色亦無。	色界無故無色亦無。	Since there is none in the form realm, there is also none in the formless realm.
['T27n1545_056:0289b17_11']	非諸煩惱下地所無上地得有漸次斷故。	非諸煩惱下地所無上地得有漸次斷故。	It is not that the afflictions are absent in the lower realms but exist in the upper realms, because they are gradually eliminated.
['T27n1545_056:0289b18_9']	若於此事有愛結繫亦有慢結繫耶。	若於此事有愛結繫亦有慢結繫耶。	If there is bondage of the fetter of craving to this thing, is there also bondage of the fetter of pride?
['T27n1545_056:0289b18_13']	答如是。	答如是。	The answer is: so.
['T27n1545_056:0289b19_7']	設有慢結繫復有愛結繫耶。	設有慢結繫復有愛結繫耶。	If there is bondage of the fetter of pride, is there also bondage of the fetter of craving?
['T27n1545_056:0289b19_11']	答如是。	答如是。	The answer is: so.
['T27n1545_056:0289b20_4']	謂愛慢結俱通三界五部。	謂愛慢結俱通三界五部。	This is because the fetters of craving and pride both pervade the three realms and five categories.
['T27n1545_056:0289b20_16']	唯有漏緣非遍行長短等故。	唯有漏緣非遍行長短等故。	They only have contaminated objects as their objects, not the universal ones, because they are long and short, etc.
['T27n1545_056:0289b21_7']	所問應作如是句答。	所問應作如是句答。	The question should be answered in this way:
['T27n1545_056:0289b21_12']	若具縛者。	若具縛者。	If one is completely bound,
['T27n1545_056:0289b22_5']	三界五部事皆為二結繫。	三界五部事皆為二結繫。	the things of the three realms and five categories are all bound by the two fetters.
['T27n1545_056:0289b22_10']	不具縛者。	不具縛者。	Those who are not bound by all fetters,
['T27n1545_056:0289b23_1']	隨已斷處無二結繫。	隨已斷處無二結繫。	according to the places they have already severed, are not bound by two fetters.
['T27n1545_056:0289b23_10']	若未斷處有二結繫。	若未斷處有二結繫。	If they have not yet severed [a place], they are bound by two fetters.
['T27n1545_056:0289b25_1']	或有九地乃至或有一地於此地中或有五部乃至或有一部。	或有九地乃至或有一地於此地中或有五部乃至或有一部。	There may be nine stages, up to or there may be one stage. Within this stage, there may be five categories, up to or there may be one category.
['T27n1545_056:0289b25_16']	於此部中或有九品乃至或有一品。	於此部中或有九品乃至或有一品。	Within this category, there may be nine grades, up to or there may be one grade.
['T27n1545_056:0289b26_3']	故言如是。	故言如是。	Therefore it is said to be like this.
['T27n1545_056:0289b27_15']	若於此事有愛結繫亦有無明結繫耶。	若於此事有愛結繫亦有無明結繫耶。	If there is the fetter of craving with regard to a certain thing, is there also the fetter of ignorance?
['T27n1545_056:0289b29_8']	答若於此事有愛結繫必有無明結繫或有無明結繫無愛結繫。	答若於此事有愛結繫必有無明結繫或有無明結繫無愛結繫。	The answer is: If there is the fetter of craving with regard to a certain thing, there must be the fetter of ignorance. There may be the fetter of ignorance without the fetter of craving.
['T27n1545_056:0289c01_1']	謂苦智已生集智未生。	謂苦智已生集智未生。	Namely, when the knowledge of suffering has arisen but the knowledge of accumulation has not yet arisen,
['T27n1545_056:0289c01_8']	於見苦所斷法。	於見苦所斷法。	with regard to dharmas to be severed by the knowledge of suffering,
['T27n1545_056:0289c02_1']	有見集所斷無明結未斷。	有見集所斷無明結未斷。	there is the fetter of ignorance to be severed by the knowledge of accumulation that has not yet been severed.
['T27n1545_056:0289c02_11']	此中愛結通三界五部。	此中愛結通三界五部。	Here, the fetter of craving is common to the three realms and five categories.
['T27n1545_056:0289c03_1']	唯有漏緣非遍行。	唯有漏緣非遍行。	It only has impure objects and is not universal.
['T27n1545_056:0289c03_10']	無明結通三界五部。	無明結通三界五部。	The fetter of ignorance is common to the three realms and five categories.
['T27n1545_056:0289c04_2']	有漏無漏緣遍行非遍行。	有漏無漏緣遍行非遍行。	It has impure and pure objects, and is both universal and not universal.
['T27n1545_056:0289c04_13', 'T27n1545_056:0289c05_7']	諸具縛者於三界五部事。🔽若有愛結繫亦有無明結繫。	諸具縛者於三界五部事。 若有愛結繫亦有無明結繫。	Those who are bound by all bonds, in the five categories of things in the three realms,🔽if there is the bond of craving, there is also the bond of ignorance.
['T27n1545_056:0289c06_2']	若有無明結繫亦有愛結繫。	若有無明結繫亦有愛結繫。	If there is the bond of ignorance, there is also the bond of craving.
['T27n1545_056:0289c06_11']	不具縛者於已斷處。	不具縛者於已斷處。	Those who are not bound by all bonds, in the places that have already been severed,
['T27n1545_056:0289c07_7']	或有遍行無明結繫無愛結繫。	或有遍行無明結繫無愛結繫。	may have the bond of universal ignorance but not the bond of craving.
['T27n1545_056:0289c07_12']	無明結長。	無明結長。	The bond of ignorance is long,
['T27n1545_056:0289c07_17']	愛結短故。	愛結短故。	while the bond of craving is short.
['T27n1545_056:0289c09_11']	所問應作順前句答謂於三界五部事中若有愛結繫必有無明結繫。	所問應作順前句答謂於三界五部事中若有愛結繫必有無明結繫。	The question should be answered in accordance with the preceding statement, that is, in the five categories of things in the three realms, if there is the bond of craving, there must be the bond of ignorance.
['T27n1545_056:0289c10_5']	或有無明結繫無愛結繫。	或有無明結繫無愛結繫。	There may be the bond of ignorance but not the bond of craving.
['T27n1545_056:0289c10_10']	廣說如前。	廣說如前。	The detailed explanation is as before.
['T27n1545_056:0289c11_3']	謂苦智已生集智未生。	謂苦智已生集智未生。	That is, when the knowledge of suffering has arisen but the knowledge of the cause has not yet arisen,
['T27n1545_056:0289c11_12']	見苦所斷愛無明結。	見苦所斷愛無明結。	the bonds of craving and ignorance that are to be eliminated by seeing suffering,
['T27n1545_056:0289c12_2']	於自部事已斷盡。	於自部事已斷盡。	have already been completely severed in one's own category of things.
['T27n1545_056:0289c12_8']	故俱不能繫。	故俱不能繫。	Therefore, both are unable to bind.
['T27n1545_056:0289c13_6']	見集所斷遍行無明結於見苦所斷事。	見集所斷遍行無明結於見苦所斷事。	The universal bond of ignorance that is to be eliminated by seeing the cause, in regard to the things to be eliminated by seeing suffering,
['T27n1545_056:0289c13_11']	為所緣繫。	為所緣繫。	binds as an object.
['T27n1545_056:0289c14_6']	見集所斷愛結於見苦所斷事。	見集所斷愛結於見苦所斷事。	The bond of craving that is to be eliminated by seeing the cause, in regard to the things to be eliminated by seeing suffering,
['T27n1545_056:0289c14_15']	非所緣繫非遍行故。	非所緣繫非遍行故。	Because it is not bound by the object-support, nor is it bound by the universal [contaminants].
['T27n1545_056:0289c15_2']	非相應繫。	非相應繫。	It is not bound by association.
['T27n1545_056:0289c15_7']	是他聚故。	是他聚故。	Because it belongs to another aggregate.
['T27n1545_056:0289c16_4']	若於此事有愛結繫亦有見結繫耶。	若於此事有愛結繫亦有見結繫耶。	If there is bondage by the fetter of craving with regard to a certain object, is there also bondage by the fetter of views?
['T27n1545_056:0289c16_10']	答應作四句。	答應作四句。	The answer should be given in four sentences.
['T27n1545_056:0289c17_2']	此中愛結通三界五部。	此中愛結通三界五部。	Here, the fetter of craving is common to the three realms and the five categories.
['T27n1545_056:0289c17_10']	唯有漏緣非遍行。	唯有漏緣非遍行。	It only has impure objects and is not universal.
['T27n1545_056:0289c18_12']	見結通三界唯四部通有漏無漏緣遍行非遍行。	見結通三界唯四部通有漏無漏緣遍行非遍行。	The fetter of views is common to the three realms and only the four categories. It is common to both impure and pure objects and is both universal and not universal.
['T27n1545_056:0289c19_5']	諸具縛者於三界五部事。	諸具縛者於三界五部事。	Those who are fully bound with fetters, with regard to the objects of the three realms and the five categories,
['T27n1545_056:0289c19_16']	若有愛結繫亦有見結繫。	若有愛結繫亦有見結繫。	if there is bondage by the fetter of craving, there is also bondage by the fetter of views.
['T27n1545_056:0289c20_9']	若有見結繫亦有愛結繫。	若有見結繫亦有愛結繫。	If there is bondage by the fetter of views, there is also bondage by the fetter of craving.
['T27n1545_056:0289c21_4']	不具縛者愛結通五部故長。	不具縛者愛結通五部故長。	Those who are not fully bound, because the fetter of craving is common to the five categories, is longer.
['T27n1545_056:0289c21_14']	唯有漏緣非遍行故短。	唯有漏緣非遍行故短。	Because it only has impure objects and is not universal, it is shorter.
['T27n1545_056:0289c22_3']	見結唯四部故短。	見結唯四部故短。	Because the fetter of views is only the four categories, it is shorter.
['T27n1545_056:0289c23_7']	通有漏無漏緣遍行非遍行故長此二互有長短義故。	通有漏無漏緣遍行非遍行故長此二互有長短義故。	Because it is common to both impure and pure objects and is both universal and not universal, it is longer. Because these two have the meaning of being longer and shorter,
['T27n1545_056:0289c23_16']	所問應作四句而答。	所問應作四句而答。	the question should be answered in four sentences.
['T27n1545_056:0289c24_8']	或有愛結繫無見結繫。	或有愛結繫無見結繫。	There may be bondage by the fetter of craving but not by the fetter of views.
['T27n1545_056:0289c25_1']	謂集智已生滅智未生。	謂集智已生滅智未生。	That is, when the knowledge of accumulation has already arisen but the knowledge of cessation has not yet arisen.
['T27n1545_056:0289c25_14']	於見滅道所斷見結不相應法。	於見滅道所斷見結不相應法。	In the dharmas not associated with the view-fetters to be eliminated by the path of seeing cessation and the path,
['T27n1545_056:0289c26_7']	及於修所斷法有愛結未斷。	及於修所斷法有愛結未斷。	and in the dharmas to be eliminated by cultivation, the fetter of craving has not yet been eliminated.
['T27n1545_056:0289c27_4']	此中見滅道所斷見結不相應法者。	此中見滅道所斷見結不相應法者。	Here, the dharmas not associated with the view-fetters to be eliminated by the path of seeing cessation and the path are:
['T27n1545_056:0289c28_15']	謂彼邪見自性及見取戒禁取疑貪瞋慢不共無明等聚相應不相應法。	謂彼邪見自性及見取戒禁取疑貪瞋慢不共無明等聚相應不相應法。	The essence of those wrong views, and the aggregates associated with and not associated with the views of grasping, the views of precepts and vows, doubt, craving, hatred, pride, and unique ignorance.
['T27n1545_056:0289c29_6']	於此諸法愛未斷故。	於此諸法愛未斷故。	Because craving has not yet been eliminated in these dharmas,
['T27n1545_056:0289c29_11']	有愛結繫。	有愛結繫。	there is the fetter of craving.
['T27n1545_056:0290a01_6']	彼於自聚為所緣繫及相應繫。	彼於自聚為所緣繫及相應繫。	In one's own aggregates, it is the fetter of the object and the fetter of association.
['T27n1545_056:0290a01_15']	若於他聚為所緣繫。	若於他聚為所緣繫。	If in another's aggregates, it is the fetter of the object.
['T27n1545_056:0290a02_6']	非相應繫無見結繫。	非相應繫無見結繫。	There is no fetter of view.
['T27n1545_056:0290a02_11']	所以者何。	所以者何。	Why is it so?
['T27n1545_056:0290a03_6']	遍行見結緣五部者彼已斷故。	遍行見結緣五部者彼已斷故。	Because the pervasive view-fetters that take the five categories as objects have already been eliminated.
['T27n1545_056:0290a04_1']	餘未斷者於此見結不相應法。	餘未斷者於此見結不相應法。	The remaining ones that have not yet been eliminated are in the dharmas not associated with the view-fetters.
['T27n1545_056:0290a04_6']	非所緣繫。	非所緣繫。	They are not the fetter of the object.
['T27n1545_056:0290a04_11']	無漏緣故。	無漏緣故。	Because they take the undefiled as their object.
['T27n1545_056:0290a04_16']	非相應繫。	非相應繫。	They are not the fetter of association.
['T27n1545_056:0290a05_1']	是他聚故。	是他聚故。	Because they belong to another aggregate.
['T27n1545_056:0290a05_11']	自性與自性不相應故。	自性與自性不相應故。	Because the nature of the two is not mutually related.
['T27n1545_056:0290a06_8']	彼於修所斷法愛未斷故有愛結繫。	彼於修所斷法愛未斷故有愛結繫。	Because the love bond that has not yet been eliminated with regard to dharmas eliminated by cultivation is still present.
['T27n1545_056:0290a06_17']	或有九地愛結未斷。	或有九地愛結未斷。	Or there may be love bonds of nine stages that have not yet been eliminated.
['T27n1545_056:0290a07_10']	乃至或有一地愛結未斷。	乃至或有一地愛結未斷。	Up to or there may be love bonds of one stage that have not yet been eliminated.
['T27n1545_056:0290a08_6']	於此地中或有九品愛結未斷。	於此地中或有九品愛結未斷。	Within this stage, there may be love bonds of nine grades that have not yet been eliminated.
['T27n1545_056:0290a10_2']	乃至或有一品愛結未斷無見結繫所以者何遍行見結緣五部者彼已斷故。	乃至或有一品愛結未斷無見結繫所以者何遍行見結緣五部者彼已斷故。	Up to or there may be love bonds of one grade that have not yet been eliminated. There is no view bond that is bound, because the all-pervading view bonds that take the five categories as objects have already been eliminated.
['T27n1545_056:0290a10_11']	修所斷部無見結故。	修所斷部無見結故。	Because there are no view bonds eliminated by cultivation.
['T27n1545_056:0290a11_3']	復次滅智已生道智未生。	復次滅智已生道智未生。	Next, when the knowledge of cessation has already arisen but the knowledge of the path has not yet arisen,
['T27n1545_056:0290a11_15']	於見道所斷見結不相應法。	於見道所斷見結不相應法。	with regard to dharmas not associated with the view bonds eliminated by the path of insight,
['T27n1545_056:0290a12_3']	及於修所斷法。	及於修所斷法。	and with regard to dharmas eliminated by cultivation,
['T27n1545_056:0290a12_9']	有愛結未斷。	有愛結未斷。	the love bond that has not yet been eliminated is still present.
['T27n1545_056:0290a13_6']	此中見道所斷見結不相應法如前說。	此中見道所斷見結不相應法如前說。	Among them, dharmas not associated with the view bonds eliminated by the path of insight are as explained above.
['T27n1545_056:0290a13_17']	於此諸法及於修所斷法。	於此諸法及於修所斷法。	With regard to these dharmas and dharmas eliminated by cultivation,
['T27n1545_056:0290a14_12']	有愛結繫無見結繫亦如前說。	有愛結繫無見結繫亦如前說。	the love bond is bound but the view bond is not bound, also as explained above.
['T27n1545_056:0290a15_14']	復次具見世尊弟子於修所斷法有愛結未斷。	復次具見世尊弟子於修所斷法有愛結未斷。	Furthermore, the World-Honored One's disciples who have attained full insight have not yet eliminated the attachment to existence that is eliminated during cultivation.
['T27n1545_056:0290a16_17']	此中道類智已生具見三界四聖諦故名為具見。	此中道類智已生具見三界四聖諦故名為具見。	Here, the knowledge of the path has already arisen, and they are fully enlightened about the four noble truths of the three realms, so they are called those with full insight.
['T27n1545_056:0290a17_10']	彼於修所斷法愛未斷故。	彼於修所斷法愛未斷故。	They have not yet eliminated the attachment to existence regarding the dharmas eliminated during cultivation.
['T27n1545_056:0290a18_16']	有愛結繫或有九地愛結未斷乃至或有一地愛結未斷。	有愛結繫或有九地愛結未斷乃至或有一地愛結未斷。	There may be nine levels of attachment to existence that have not yet been eliminated, up to there being one level of attachment to existence that has not yet been eliminated.
['T27n1545_056:0290a20_10']	於此地中或有九品愛結未斷乃至或有一品愛結未斷無見結繫。	於此地中或有九品愛結未斷乃至或有一品愛結未斷無見結繫。	Within this level, there may be nine grades of attachment to existence that have not yet been eliminated, up to there being one grade of attachment to existence that has not yet been eliminated. There is no attachment to views that binds them.
['T27n1545_056:0290a20_15']	所以者何。	所以者何。	Why is this?
['T27n1545_056:0290a21_5']	一切見結彼已斷故。	一切見結彼已斷故。	Because all attachments to views have already been eliminated by them.
['T27n1545_056:0290a21_15']	或有見結繫無愛結繫。	或有見結繫無愛結繫。	There may be those who are bound by attachments to views but not by attachments to existence.
['T27n1545_056:0290a22_7']	謂苦智已生集智未生。	謂苦智已生集智未生。	This refers to those for whom the knowledge of suffering has arisen but the knowledge of accumulation has not yet arisen.
['T27n1545_056:0290a23_6']	於見苦所斷法有見集所斷見結未斷。	於見苦所斷法有見集所斷見結未斷。	Regarding the dharmas eliminated by seeing suffering, there are attachments to views eliminated by seeing accumulation that have not yet been eliminated.
['T27n1545_056:0290a23_17']	此中苦智已生集智未生。	此中苦智已生集智未生。	Here, the knowledge of suffering has already arisen but the knowledge of accumulation has not yet arisen.
['T27n1545_056:0290a24_11']	見苦所斷愛結見結二俱已斷。	見苦所斷愛結見結二俱已斷。	The two, attachments to existence and attachments to views, eliminated by seeing suffering, have both already been eliminated.
['T27n1545_056:0290a25_3']	見集所斷見結未斷故。	見集所斷見結未斷故。	Because the attachments to views eliminated by seeing accumulation have not yet been eliminated.
['T27n1545_056:0290a25_14']	於見苦所斷法為所緣繫。	於見苦所斷法為所緣繫。	As objects to be abandoned by insight into suffering, they are bound by the fetter of craving.
['T27n1545_056:0290a26_13']	見集所斷愛結雖未斷而於見苦所斷法。	見集所斷愛結雖未斷而於見苦所斷法。	Although the fetter of craving abandoned by insight into the origin is not yet eliminated, with regard to dharmas abandoned by insight into suffering,
['T27n1545_056:0290a27_5']	非所緣繫非遍行故。	非所緣繫非遍行故。	it is not bound as an object, because it is not a universal.
['T27n1545_056:0290a27_10']	非相應繫。	非相應繫。	It is not bound as an associated [dharma],
['T27n1545_056:0290a27_15']	是他聚故。	是他聚故。	because it belongs to a different group.
['T27n1545_056:0290a28_2']	或有二俱繫。	或有二俱繫。	There are those bound by both.
['T27n1545_056:0290a28_17']	謂具縛者於見修所斷法有二結繫。	謂具縛者於見修所斷法有二結繫。	Those with complete bonds are bound by two fetters with regard to dharmas abandoned by insight and cultivation.
['T27n1545_056:0290a29_7']	問何故名具縛者。	問何故名具縛者。	Why is it called complete bonds?
['T27n1545_056:0290b01_3']	答由此有情一切支分皆能縛故。	答由此有情一切支分皆能縛故。	Because this sentient being is bound by all parts,
['T27n1545_056:0290b01_12']	一切支分皆被縛故。	一切支分皆被縛故。	and all parts are bound,
['T27n1545_056:0290b01_17']	名為具縛。	名為具縛。	it is called complete bonds.
['T27n1545_056:0290b02_7']	一切支分皆能縛者。	一切支分皆能縛者。	As for bound by all parts,
['T27n1545_056:0290b02_16']	五部煩惱皆能為縛。	五部煩惱皆能為縛。	the five classes of afflictions are all able to bind.
['T27n1545_056:0290b03_6']	一切支分皆被縛者。	一切支分皆被縛者。	As for all parts are bound,
['T27n1545_056:0290b03_15']	五部諸法皆被繫縛。	五部諸法皆被繫縛。	all dharmas of the five classes are bound.
['T27n1545_056:0290b05_1']	此具縛者於見苦所斷法有一部愛結繫二部見結繫。	此具縛者於見苦所斷法有一部愛結繫二部見結繫。	This one with complete bonds is bound by one part of the fetter of craving with regard to dharmas abandoned by insight into suffering, and by two parts of the fetter of views.
['T27n1545_056:0290b05_10']	於見集所斷法亦爾。	於見集所斷法亦爾。	It is the same with regard to dharmas abandoned by insight into the origin.
['T27n1545_056:0290b06_3']	於見滅所斷見結相應法。	於見滅所斷見結相應法。	With regard to dharmas associated with the fetter of views abandoned by insight into cessation,
['T27n1545_056:0290b06_15']	有一部愛結繫三部見結繫。	有一部愛結繫三部見結繫。	There is one part bound by the fetter of craving and three parts bound by the fetter of view.
['T27n1545_056:0290b07_15']	於見結不相應法有一部愛結繫三部見結繫。	於見結不相應法有一部愛結繫三部見結繫。	With regard to dharmas not associated with the fetter of view, there is one part bound by the fetter of craving and three parts bound by the fetter of view.
['T27n1545_056:0290b08_6']	於見道所斷法亦爾。	於見道所斷法亦爾。	The same applies to dharmas to be eliminated by the path of seeing.
['T27n1545_056:0290b09_6']	於修所斷法有一部愛結繫二部見結繫。	於修所斷法有一部愛結繫二部見結繫。	With regard to dharmas to be eliminated by cultivation, there is one part bound by the fetter of craving and two parts bound by the fetter of view.
['T27n1545_056:0290b09_17']	復次苦智已生集智未生。	復次苦智已生集智未生。	Next, when the knowledge of suffering has arisen but the knowledge of accumulation has not yet arisen,
['T27n1545_056:0290b10_12']	於見集滅道修所斷法有二結繫。	於見集滅道修所斷法有二結繫。	there are two fetters binding with regard to dharmas to be eliminated by the path of seeing, cessation, and the path, and by cultivation.
['T27n1545_056:0290b11_3']	此中於見集所斷法。	此中於見集所斷法。	Among them, with regard to dharmas to be eliminated by the path of seeing the accumulation,
['T27n1545_056:0290b11_15']	有一部愛結繫一部見結繫。	有一部愛結繫一部見結繫。	there is one part bound by the fetter of craving and one part bound by the fetter of view.
['T27n1545_056:0290b12_7']	於見滅所斷見結相應法。	於見滅所斷見結相應法。	With regard to dharmas associated with the fetter of view to be eliminated by the path of seeing cessation,
['T27n1545_056:0290b13_1']	有一部愛結繫二部見結繫。	有一部愛結繫二部見結繫。	there is one part bound by the fetter of craving and two parts bound by the fetter of view.
['T27n1545_056:0290b13_9']	於見結不相應法。	於見結不相應法。	With regard to dharmas not associated with the fetter of view,
['T27n1545_056:0290b14_2']	有一部愛結繫一部見結繫。	有一部愛結繫一部見結繫。	there is one part bound by the fetter of craving and one part bound by the fetter of view.
['T27n1545_056:0290b14_11']	於見道所斷法亦爾。	於見道所斷法亦爾。	The same applies to dharmas to be eliminated by the path of seeing the path.
['T27n1545_056:0290b15_10']	於修所斷法有一部愛結繫一部見結繫。	於修所斷法有一部愛結繫一部見結繫。	With regard to dharmas to be eliminated by cultivation, there is one part bound by the fetter of craving and one part bound by the fetter of view.
['T27n1545_056:0290b16_1']	爾時於見苦所斷法。	爾時於見苦所斷法。	At that time, with regard to dharmas to be eliminated by the path of seeing suffering,
['T27n1545_056:0290b16_12']	雖有見結繫而無愛結繫。	雖有見結繫而無愛結繫。	Although there is the fetter of view, there is no fetter of craving.
['T27n1545_056:0290b16_17']	故此不說。	故此不說。	Therefore this is not mentioned.
['T27n1545_056:0290b17_9']	復次集智已生滅智未生。	復次集智已生滅智未生。	Next, when the knowledge of accumulation has arisen but the knowledge of cessation has not yet arisen,
['T27n1545_056:0290b18_7']	於見滅道所斷見結相應法有二結繫。	於見滅道所斷見結相應法有二結繫。	with regard to dharmas associated with the fetter of view that are to be eliminated by the path of cessation and the path of vision, there are two fetters.
['T27n1545_056:0290b19_3']	此中於見滅道所斷見結相應法。	此中於見滅道所斷見結相應法。	Here, with regard to dharmas associated with the fetter of view that are to be eliminated by the path of cessation and the path of vision,
['T27n1545_056:0290b19_16']	各有一部愛結繫一部見結繫。	各有一部愛結繫一部見結繫。	each has one part of the fetter of craving and one part of the fetter of view.
['T27n1545_056:0290b20_17']	爾時於見滅道所斷見結不相應法及修所斷法。	爾時於見滅道所斷見結不相應法及修所斷法。	At that time, with regard to dharmas not associated with the fetter of view that are to be eliminated by the path of cessation and the path of vision, and with regard to dharmas to be eliminated by cultivation,
['T27n1545_056:0290b21_10']	雖有愛結繫而無見結繫。	雖有愛結繫而無見結繫。	although there is the fetter of craving, there is no fetter of view.
['T27n1545_056:0290b21_15']	故此不說。	故此不說。	Therefore this is not mentioned.
['T27n1545_056:0290b22_8']	復次滅智已生道智未生。	復次滅智已生道智未生。	Next, when the knowledge of cessation has arisen but the knowledge of the path has not yet arisen,
['T27n1545_056:0290b23_5']	於見道所斷見結相應法有二結繫。	於見道所斷見結相應法有二結繫。	with regard to dharmas associated with the fetter of view that are to be eliminated by the path of vision, there are two fetters.
['T27n1545_056:0290b24_1']	此中於見道所斷見結相應法。	此中於見道所斷見結相應法。	Here, with regard to dharmas associated with the fetter of view that are to be eliminated by the path of vision,
['T27n1545_056:0290b24_13']	有一部愛結繫一部見結繫。	有一部愛結繫一部見結繫。	there is one part of the fetter of craving and one part of the fetter of view.
['T27n1545_056:0290b25_14']	爾時於見道所斷見結不相應法及修所斷法。	爾時於見道所斷見結不相應法及修所斷法。	At that time, with regard to dharmas not associated with the fetter of view that are to be eliminated by the path of vision, and with regard to dharmas to be eliminated by cultivation,
['T27n1545_056:0290b26_7']	雖有愛結繫而無見結繫。	雖有愛結繫而無見結繫。	Although there is the fetter of craving, there is no fetter of view.
['T27n1545_056:0290b26_12']	故此不說。	故此不說。	Therefore, this is not mentioned.
['T27n1545_056:0290b27_2']	或有二俱不繫。	或有二俱不繫。	Or there may be no binding of both.
['T27n1545_056:0290b27_12']	謂集智已生滅智未生。	謂集智已生滅智未生。	That is, when the knowledge of the truth of origination has arisen but the knowledge of the truth of cessation has not yet arisen,
['T27n1545_056:0290b28_6']	於見苦集所斷法無二結繫。	於見苦集所斷法無二結繫。	there is no binding of two fetters to dharmas to be eliminated by [the path of] seeing the truths of suffering and origination.
['T27n1545_056:0290b28_15']	滅智已生道智未生。	滅智已生道智未生。	When the knowledge of the truth of cessation has arisen but the knowledge of the truth of the path has not yet arisen,
['T27n1545_056:0290b29_11']	於見苦集滅所斷法無二結繫。	於見苦集滅所斷法無二結繫。	there is no binding of two fetters to dharmas to be eliminated by [the path of] seeing the truths of suffering, origination, and cessation.
['T27n1545_056:0290c01_9']	具見世尊弟子於見所斷法無二結繫。	具見世尊弟子於見所斷法無二結繫。	The World-Honored One's disciples who have complete [understanding of the] truths have no binding of two fetters to dharmas to be eliminated by [the path of] seeing.
['T27n1545_056:0290c02_5']	已離欲染於欲界法無二結繫。	已離欲染於欲界法無二結繫。	Those who have already become free from the defilements of the desire realm have no binding of two fetters to dharmas of the desire realm.
['T27n1545_056:0290c03_3']	已離色染於欲色界法無二結繫。	已離色染於欲色界法無二結繫。	Those who have already become free from the defilements of the form realm have no binding of two fetters to dharmas of the desire and form realms.
['T27n1545_056:0290c03_17']	已離無色染於三界法無二結繫。	已離無色染於三界法無二結繫。	Those who have already become free from the defilements of the formless realm have no binding of two fetters to dharmas of the three realms.
['T27n1545_056:0290c04_16']	此中諸法能繫所繫俱已斷故皆離二結。	此中諸法能繫所繫俱已斷故皆離二結。	Here, the dharmas that bind and those that are bound have both been eliminated, so they are all free from two fetters.
['T27n1545_056:0290c05_7']	謂愛見結俱離繫故。	謂愛見結俱離繫故。	This is because the fetters of craving and view are both eliminated.
['T27n1545_056:0290c05_16', 'T27n1545_056:0290c06_11']	此復應作頗設問答。🔽頗有見滅道所斷見結相應法。	此復應作頗設問答。 頗有見滅道所斷見結相應法。	This should also be formulated as questions and answers.🔽Are there any dharmas associated with the fetter of view that are eliminated by [the path of] seeing cessation and the path,
['T27n1545_056:0290c07_3']	有愛結繫無見結繫。	有愛結繫無見結繫。	to which the fetter of craving is bound but the fetter of view is not?
['T27n1545_056:0290c07_14']	非不見隨眠之所隨增耶。	非不見隨眠之所隨增耶。	Is it not the case that the latent afflictions do not increase in what is seen?
['T27n1545_056:0290c07_17']	答有。	答有。	The answer is: there is.
['T27n1545_056:0290c08_11']	謂六品結斷已入正性離生。	謂六品結斷已入正性離生。	That is, after severing the six types of fetters, one enters the correct state of renunciation.
['T27n1545_056:0290c09_3']	集智已生滅智未生。	集智已生滅智未生。	The knowledge of the accumulation has already arisen, but the knowledge of cessation has not yet arisen.
['T27n1545_056:0290c10_3']	見滅道所斷前六品見結相應法有愛結繫。	見滅道所斷前六品見結相應法有愛結繫。	The dharmas associated with the six types of fetters to be eliminated by seeing cessation and the path have the fetter of craving.
['T27n1545_056:0290c10_14']	後三品愛結緣彼未斷故。	後三品愛結緣彼未斷故。	Because the three types of fetters to be eliminated by seeing cessation and the path are the objects of the fetter of craving that have not yet been eliminated.
['T27n1545_056:0290c11_13']	無見結繫遍行見結緣五部者彼已斷故。	無見結繫遍行見結緣五部者彼已斷故。	Because the universal fetter of views that takes the five categories as objects has already been eliminated.
['T27n1545_056:0290c12_10']	自部前六品無漏緣見結亦已斷故。	自部前六品無漏緣見結亦已斷故。	Because the fetter of views that takes the pure dharmas of one's own category as objects of the first six types has also already been eliminated.
['T27n1545_056:0290c14_14']	自部後三品無漏緣見結雖未斷而於前六品已斷見結相應法非所緣繫無漏緣故非相應繫。	自部後三品無漏緣見結雖未斷而於前六品已斷見結相應法非所緣繫無漏緣故非相應繫。	Although the fetter of views that takes the pure dharmas of one's own category of the last three types as objects has not yet been eliminated, it is not the object-pervading fetter of the dharmas associated with the fetter of views that has already been eliminated in the first six types, because it takes the pure dharmas as objects, and it is not the associated-pervading fetter.
['T27n1545_056:0290c15_2']	是他聚故。	是他聚故。	Because it belongs to another group.
['T27n1545_056:0290c15_11']	而見隨眠非不隨增。	而見隨眠非不隨增。	But the latent afflictions of views do increase.
['T27n1545_056:0290c16_11']	見取戒禁取自部後三品於前六品猶隨增故。	見取戒禁取自部後三品於前六品猶隨增故。	Because the last three types of the fetters of attachment to views and attachment to precepts and vows of one's own category still increase in the first six types.
['T27n1545_056:0290c17_1']	見隨眠通五見。	見隨眠通五見。	The latent afflictions of views are common to the five views.
['T27n1545_056:0290c17_10']	見結唯是前三見故。	見結唯是前三見故。	Because the fetter of views is only the first three views.
['T27n1545_056:0290c17_15']	如對見結。	如對見結。	It is the same as the case of the fetter of views.
['T27n1545_056:0290c18_2']	對疑結亦爾。	對疑結亦爾。	The case of the fetter of doubt is also like this.
['T27n1545_056:0290c18_13']	謂如見結通三界唯四部。	謂如見結通三界唯四部。	That is to say, just as the fetter of views extends to the three realms and is only of four categories,
['T27n1545_056:0290c19_7']	通有漏無漏緣遍行非遍行。	通有漏無漏緣遍行非遍行。	it has both contaminated and uncontaminated objects, and is both omnipresent and not omnipresent.
['T27n1545_056:0290c19_12']	疑結亦爾。	疑結亦爾。	The fetter of doubt is also like this.
['T27n1545_056:0290c20_6']	是故愛結若對疑結如對見結。	是故愛結若對疑結如對見結。	Therefore, if the fetter of craving is compared to the fetter of doubt, it is the same as comparing it to the fetter of views.
['T27n1545_056:0290c21_5']	若於此事有愛結繫亦有取結繫耶。	若於此事有愛結繫亦有取結繫耶。	If there is bondage by the fetter of craving with regard to a certain thing, is there also bondage by the fetter of grasping?
['T27n1545_056:0290c21_11']	答應作四句。	答應作四句。	The answer is: Four sentences should be made.
['T27n1545_056:0290c22_10']	此中愛結通三界五部唯有漏緣非遍行。	此中愛結通三界五部唯有漏緣非遍行。	Here, the fetter of craving extends to the three realms and is of five categories, only having contaminated objects and is not omnipresent.
['T27n1545_056:0290c23_5']	取結通三界唯四部有漏緣。	取結通三界唯四部有漏緣。	The fetter of grasping extends to the three realms and is only of four categories, having contaminated objects,
['T27n1545_056:0290c23_12']	通遍行非遍行。	通遍行非遍行。	and is both omnipresent and not omnipresent.
['T27n1545_056:0290c24_4']	諸具縛者於三界五部事。	諸具縛者於三界五部事。	Those who are fully bound with fetters, with regard to things in the three realms and five categories,
['T27n1545_056:0290c24_15']	若有愛結繫亦有取結繫。	若有愛結繫亦有取結繫。	if there is bondage by the fetter of craving, there is also bondage by the fetter of grasping.
['T27n1545_056:0290c25_3']	若有取結繫。	若有取結繫。	If there is bondage by the fetter of grasping,
['T27n1545_056:0290c26_3']	亦有愛結繫不具縛者愛結通五部故長。	亦有愛結繫不具縛者愛結通五部故長。	there is also bondage by the fetter of craving. Those who are not fully bound have craving that extends to five categories, so it is longer,
['T27n1545_056:0290c27_2']	唯非遍行故短取結通遍行非遍行故長。	唯非遍行故短取結通遍行非遍行故長。	but only not omnipresent, so it is shorter. Grasping has both omnipresent and not omnipresent, so it is longer,
['T27n1545_056:0290c27_8']	唯四部故短。	唯四部故短。	but only four categories, so it is shorter.
['T27n1545_056:0290c28_7']	此二互有長短義故所問應作四句而答。	此二互有長短義故所問應作四句而答。	Because these two have the meaning of being long and short in relation to each other, the question should be answered in four sentences.
['T27n1545_056:0290c28_17']	或有愛結繫無取結繫。	或有愛結繫無取結繫。	There may be one who is bound by the fetter of craving but not bound by the fetter of grasping.
['T27n1545_056:0290c29_9']	謂集智已生滅智未生。	謂集智已生滅智未生。	This refers to one in whom the cognition of the origin [of suffering] has arisen but the cognition of cessation has not yet arisen.
['T27n1545_056:0291a01_3']	於修所斷法有愛結未斷。	於修所斷法有愛結未斷。	With regard to dharmas to be eliminated by cultivation, the fetter of craving has not yet been eliminated.
['T27n1545_056:0291a01_12']	滅智已生道智未生。	滅智已生道智未生。	The cognition of cessation has arisen but the cognition of the path has not yet arisen.
['T27n1545_056:0291a02_5']	於修所斷法有愛結未斷。	於修所斷法有愛結未斷。	With regard to dharmas to be eliminated by cultivation, the fetter of craving has not yet been eliminated.
['T27n1545_056:0291a03_5']	具見世尊弟子於修所斷法有愛結未斷。	具見世尊弟子於修所斷法有愛結未斷。	The fully seeing noble disciples with regard to dharmas to be eliminated by cultivation, the fetter of craving has not yet been eliminated.
['T27n1545_056:0291a03_16']	此中或有九地愛結未斷。	此中或有九地愛結未斷。	Here, there may be nine stages of the fetter of craving that have not yet been eliminated.
['T27n1545_056:0291a04_8']	乃至或有一地愛結未斷。	乃至或有一地愛結未斷。	Up to there may be one stage of the fetter of craving that has not yet been eliminated.
['T27n1545_056:0291a05_14']	於此地中或有九品愛結未斷乃至或有一品愛結未斷。	於此地中或有九品愛結未斷乃至或有一品愛結未斷。	Within this stage, there may be nine grades of the fetter of craving that have not yet been eliminated, up to there may be one grade of the fetter of craving that has not yet been eliminated.
['T27n1545_056:0291a06_10']	由未斷故有愛結繫無取結繫。	由未斷故有愛結繫無取結繫。	Because it has not yet been eliminated, there is the fetter of craving but not the fetter of grasping.
['T27n1545_056:0291a06_15']	所以者何。	所以者何。	Why is this?
['T27n1545_056:0291a07_10']	遍行取結緣五部者彼已斷故。	遍行取結緣五部者彼已斷故。	The all-pervading fetter of grasping that takes the five categories as objects has already been eliminated by them.
['T27n1545_056:0291a07_18']	非遍行取結未斷。	非遍行取結未斷。	The non-pervading fetter of grasping has not yet been eliminated.
['T27n1545_056:0291a08_11']	已斷於修所斷法非能繫故。	已斷於修所斷法非能繫故。	Because with regard to dharmas to be eliminated by cultivation, it is not able to bind.
['T27n1545_056:0291a09_3']	修所斷部無取結故。	修所斷部無取結故。	Because there is no attachment in the category of that which is to be eliminated by cultivation.
['T27n1545_056:0291a09_13']	或有取結繫無愛結繫。	或有取結繫無愛結繫。	Or there may be attachment but no love.
['T27n1545_056:0291a10_5']	謂苦智已生集智未生。	謂苦智已生集智未生。	When the cognition of suffering has arisen and the cognition of accumulation has not yet arisen,
['T27n1545_056:0291a11_4']	於見苦所斷法有見集所斷取結未斷。	於見苦所斷法有見集所斷取結未斷。	with regard to dharmas to be eliminated by seeing suffering, the attachment to be eliminated by seeing accumulation has not yet been eliminated.
['T27n1545_056:0291a11_15']	此中苦智已生集智未生。	此中苦智已生集智未生。	Here, when the cognition of suffering has arisen and the cognition of accumulation has not yet arisen,
['T27n1545_056:0291a12_9']	見苦所斷愛結取結二俱已斷。	見苦所斷愛結取結二俱已斷。	the attachment to be eliminated by seeing suffering and the attachment to be eliminated by seeing accumulation are both already eliminated.
['T27n1545_056:0291a13_1']	見集所斷取結未斷故。	見集所斷取結未斷故。	Because the attachment to be eliminated by seeing accumulation has not yet been eliminated.
['T27n1545_056:0291a13_12']	於見苦所斷法為所緣繫。	於見苦所斷法為所緣繫。	With regard to dharmas to be eliminated by seeing suffering, it is a bond as an object.
['T27n1545_056:0291a14_11']	見集所斷愛結雖未斷而於見苦所斷法。	見集所斷愛結雖未斷而於見苦所斷法。	Although the attachment to be eliminated by seeing accumulation has not yet been eliminated, with regard to dharmas to be eliminated by seeing suffering,
['T27n1545_056:0291a15_3']	非所緣繫非遍行故。	非所緣繫非遍行故。	it is not a bond as an object, because it is not a universal.
['T27n1545_056:0291a15_12']	非相應繫是他聚故。	非相應繫是他聚故。	It is not a bond as association, because it belongs to another category.
['T27n1545_056:0291a16_5']	或有二俱繫。	或有二俱繫。	Or there may be a bond of both.
['T27n1545_056:0291a17_3', 'T27n1545_056:0291a17_15']	謂具縛者於見修所斷法有二結繫。🔽此中具縛者於見苦所斷法。	謂具縛者於見修所斷法有二結繫。 此中具縛者於見苦所斷法。	Those who are completely bound have bonds of two categories with regard to dharmas to be eliminated by seeing and cultivation.
['T27n1545_056:0291a18_8']	有一部愛結繫二部取結繫。	有一部愛結繫二部取結繫。	Here, those who are completely bound have a bond of one category of attachment with regard to dharmas to be eliminated by seeing suffering, and bonds of two categories of attachment with regard to dharmas to be eliminated by seeing accumulation.
['T27n1545_056:0291a18_17']	於見集所斷法亦爾。	於見集所斷法亦爾。	The same is true with regard to dharmas to be eliminated by seeing accumulation.
['T27n1545_056:0291a19_6']	於見滅所斷法。	於見滅所斷法。	Regarding dharmas to be eliminated by seeing cessation,
['T27n1545_056:0291a19_18']	有一部愛結繫三部取結繫。	有一部愛結繫三部取結繫。	there is one part of the fetter of craving that binds, and three parts of the fetter of grasping that bind.
['T27n1545_056:0291a20_8']	於見道所斷法亦爾。	於見道所斷法亦爾。	It is the same regarding dharmas to be eliminated by seeing the path.
['T27n1545_056:0291a20_14']	於修所斷法。	於修所斷法。	Regarding dharmas to be eliminated by cultivation,
['T27n1545_056:0291a21_8']	有一部愛結繫二部取結繫。	有一部愛結繫二部取結繫。	there is one part of the fetter of craving that binds, and two parts of the fetter of grasping that bind.
['T27n1545_056:0291a22_1']	復次苦智已生集智未生。	復次苦智已生集智未生。	Next, when the knowledge of suffering has arisen but the knowledge of accumulation has not yet arisen,
['T27n1545_056:0291a22_15']	於見集滅道修所斷法有二結繫。	於見集滅道修所斷法有二結繫。	there are two fetters that bind regarding dharmas to be eliminated by seeing the accumulation, cessation, path, and cultivation.
['T27n1545_056:0291a23_6']	此中於見集所斷法。	此中於見集所斷法。	Among them, regarding dharmas to be eliminated by seeing the accumulation,
['T27n1545_056:0291a23_18']	有一部愛結繫一部取結繫。	有一部愛結繫一部取結繫。	there is one part of the fetter of craving that binds, and one part of the fetter of grasping that binds.
['T27n1545_056:0291a24_7']	於見滅道所斷法。	於見滅道所斷法。	Regarding dharmas to be eliminated by seeing cessation and the path,
['T27n1545_056:0291a25_2']	各有一部愛結繫二部取結繫。	各有一部愛結繫二部取結繫。	each has one part of the fetter of craving that binds, and two parts of the fetter of grasping that bind.
['T27n1545_056:0291a25_8']	於修所斷法。	於修所斷法。	Regarding dharmas to be eliminated by cultivation,
['T27n1545_056:0291a26_9']	有一部愛結繫一部取結繫爾時於見苦所斷法。	有一部愛結繫一部取結繫爾時於見苦所斷法。	there is one part of the fetter of craving that binds, and one part of the fetter of grasping that binds. At that time, regarding dharmas to be eliminated by seeing suffering,
['T27n1545_056:0291a27_3']	雖有取結繫而無愛結繫。	雖有取結繫而無愛結繫。	although there is the fetter of grasping that binds, there is no fetter of craving that binds.
['T27n1545_056:0291a27_8']	故此不說。	故此不說。	Therefore this is not mentioned.
['T27n1545_056:0291a28_1']	復次集智已生滅智未生。	復次集智已生滅智未生。	Next, when the knowledge of accumulation has arisen but the knowledge of cessation has not yet arisen,
['T27n1545_056:0291a28_13']	於見滅道所斷法有二結繫。	於見滅道所斷法有二結繫。	there are two fetters that bind regarding dharmas to be eliminated by seeing cessation and the path.
['T27n1545_056:0291a29_5']	此中於見滅道所斷法。	此中於見滅道所斷法。	Here, regarding dharmas to be eliminated by seeing cessation and the path,
['T27n1545_056:0291a29_18']	各有一部愛結繫一部取結繫。	各有一部愛結繫一部取結繫。	there is one part of the fetter of craving and one part of the fetter of grasping.
['T27n1545_056:0291b01_7']	爾時於修所斷法。	爾時於修所斷法。	At that time, regarding dharmas to be eliminated by cultivation,
['T27n1545_056:0291b02_1']	雖有愛結繫而無取結繫。	雖有愛結繫而無取結繫。	although there is the fetter of craving, there is no fetter of grasping.
['T27n1545_056:0291b02_6']	故此不說。	故此不說。	Therefore this is not mentioned.
['T27n1545_056:0291b02_17']	復次滅智已生道智未生。	復次滅智已生道智未生。	Next, when the knowledge of cessation has arisen but the knowledge of the path has not yet arisen,
['T27n1545_056:0291b03_9']	於見道所斷法有二結繫。	於見道所斷法有二結繫。	there are two fetters regarding dharmas to be eliminated by seeing the path.
['T27n1545_056:0291b04_1']	此中於見道所斷法。	此中於見道所斷法。	Here, regarding dharmas to be eliminated by seeing the path,
['T27n1545_056:0291b04_13']	有一部愛結繫一部取結繫。	有一部愛結繫一部取結繫。	there is one part of the fetter of craving and one part of the fetter of grasping.
['T27n1545_056:0291b05_12']	爾時於修所斷法雖有愛結繫而無取結繫。	爾時於修所斷法雖有愛結繫而無取結繫。	At that time, regarding dharmas to be eliminated by cultivation, although there is the fetter of craving, there is no fetter of grasping.
['T27n1545_056:0291b05_17']	故此不說。	故此不說。	Therefore this is not mentioned.
['T27n1545_056:0291b06_6']	或有二俱不繫。	或有二俱不繫。	Next, there are some who are not bound by either of the two.
['T27n1545_056:0291b06_16']	謂集智已生滅智未生。	謂集智已生滅智未生。	When the knowledge of accumulation has arisen but the knowledge of cessation has not yet arisen,
['T27n1545_056:0291b07_10']	於見苦集所斷法無二結繫。	於見苦集所斷法無二結繫。	there are no two fetters regarding dharmas to be eliminated by seeing suffering and accumulation.
['T27n1545_056:0291b08_1']	滅智已生道智未生。	滅智已生道智未生。	When the knowledge of cessation has arisen but the knowledge of the path has not yet arisen,
['T27n1545_056:0291b08_14']	於見苦集滅所斷法無二結繫。	於見苦集滅所斷法無二結繫。	there are no two fetters regarding dharmas to be eliminated by seeing suffering, accumulation, and cessation.
['T27n1545_056:0291b09_3']	具見世尊弟子。	具見世尊弟子。	The World-Honored One's disciples who have complete insight,
['T27n1545_056:0291b09_13']	於見所斷法無二結繫。	於見所斷法無二結繫。	there are no two fetters regarding dharmas to be eliminated by seeing.
['T27n1545_056:0291b10_8']	已離欲染於欲界法無二結繫。	已離欲染於欲界法無二結繫。	Those who have already separated from the desire realm's defilements have no two fetters binding them to dharmas of the desire realm.
['T27n1545_056:0291b11_5']	已離色染於欲色界法無二結繫。	已離色染於欲色界法無二結繫。	Those who have already separated from the form realm's defilements have no two fetters binding them to dharmas of the desire and form realms.
['T27n1545_056:0291b12_2']	已離無色染於三界法無二結繫。	已離無色染於三界法無二結繫。	Those who have already separated from the formless realm's defilements have no two fetters binding them to dharmas of the three realms.
['T27n1545_056:0291b13_1']	此中諸法能繫所繫俱已斷故皆離二結。	此中諸法能繫所繫俱已斷故皆離二結。	Here, all dharmas that bind and those that are bound have already been severed, so they are all free from two fetters.
['T27n1545_056:0291b13_10']	謂愛取結俱離繫故。	謂愛取結俱離繫故。	This is because the fetters of craving and grasping are both severed.
['T27n1545_056:0291b14_7']	若於此事有愛結繫亦有嫉結繫耶。	若於此事有愛結繫亦有嫉結繫耶。	If there is bondage of the fetter of craving to this matter, is there also bondage of the fetter of jealousy?
['T27n1545_056:0291b15_5']	答若於此事有嫉結繫必有愛結繫。	答若於此事有嫉結繫必有愛結繫。	The answer is: If there is bondage of the fetter of jealousy to this matter, there must be bondage of the fetter of craving.
['T27n1545_056:0291b15_15']	或有愛結繫無嫉結繫。	或有愛結繫無嫉結繫。	There may be bondage of the fetter of craving without bondage of the fetter of jealousy.
['T27n1545_056:0291b17_1']	謂於欲界見所斷法及於色無色界法有愛結未斷。	謂於欲界見所斷法及於色無色界法有愛結未斷。	This refers to dharmas to be eliminated by seeing in the desire realm, and dharmas in the form and formless realms where the fetter of craving has not yet been eliminated.
['T27n1545_056:0291b17_11']	此中愛結通三界五部。	此中愛結通三界五部。	Here, the fetter of craving pervades the five categories of the three realms.
['T27n1545_056:0291b18_1']	唯有漏緣非遍行。	唯有漏緣非遍行。	It only has impure objects and is not universal.
['T27n1545_056:0291b18_16', 'T27n1545_056:0291b19_9']	嫉結唯欲界修所斷有漏緣非遍行。🔽諸具縛者於欲界修所斷事。	嫉結唯欲界修所斷有漏緣非遍行。 諸具縛者於欲界修所斷事。	The fetter of jealousy is only eliminated in cultivation in the desire realm, has impure objects and is not universal.🔽Those who are bound by all bonds,
['T27n1545_056:0291b20_3']	若有愛結繫亦有嫉結繫。	若有愛結繫亦有嫉結繫。	if there is bondage of the fetter of craving to matters eliminated in cultivation in the desire realm, there is also bondage of the fetter of jealousy.
['T27n1545_056:0291b20_14']	若有嫉結繫亦有愛結繫。	若有嫉結繫亦有愛結繫。	If there is the fetter of jealousy, there is also the fetter of craving.
['T27n1545_056:0291b21_13']	於欲界見所斷四部事及色無色五部事。	於欲界見所斷四部事及色無色五部事。	In the desire realm, in the four types of things abandoned by seeing, and in the five types of things in the form and formless realms,
['T27n1545_056:0291b22_4']	有愛結繫無嫉結繫。	有愛結繫無嫉結繫。	there is the fetter of craving but not the fetter of jealousy.
['T27n1545_056:0291b23_8']	不具縛者若未離欲染於欲界修所斷事具二結繫。	不具縛者若未離欲染於欲界修所斷事具二結繫。	Those who are not fully bound, if they have not yet abandoned desire, are bound by both fetters in the things abandoned by cultivation in the desire realm.
['T27n1545_056:0291b24_1']	於三界見所斷四部事。	於三界見所斷四部事。	In the four types of things abandoned by seeing in the three realms,
['T27n1545_056:0291b24_14']	隨未斷處有愛結繫無嫉結繫。	隨未斷處有愛結繫無嫉結繫。	where they have not yet been abandoned, there is the fetter of craving but not the fetter of jealousy.
['T27n1545_056:0291b25_5']	若已斷處無二結繫。	若已斷處無二結繫。	Where they have already been abandoned, there are no two fetters.
['T27n1545_056:0291b25_15']	於色無色界修所斷事。	於色無色界修所斷事。	In the things abandoned by cultivation in the form and formless realms,
['T27n1545_056:0291b26_1']	有愛結繫。	有愛結繫。	there is the fetter of craving
['T27n1545_056:0291b26_6']	無嫉結繫。	無嫉結繫。	but not the fetter of jealousy.
['T27n1545_056:0291b27_3']	已離欲染於欲界五部事無二結繫。	已離欲染於欲界五部事無二結繫。	Those who have already abandoned desire are not bound by two fetters in the five types of things in the desire realm.
['T27n1545_056:0291b27_12']	於色無色界五部事。	於色無色界五部事。	In the five types of things in the form and formless realms,
['T27n1545_056:0291b28_7']	隨未斷處有愛結繫無嫉結繫。	隨未斷處有愛結繫無嫉結繫。	where they have not yet been abandoned, there is the fetter of craving but not the fetter of jealousy.
['T27n1545_056:0291b28_16']	若已斷處無二結繫。	若已斷處無二結繫。	Where they have already been abandoned, there are no two fetters.
['T27n1545_056:0291b29_7']	由愛結長嫉結短故。	由愛結長嫉結短故。	Because the fetter of craving is longer and the fetter of jealousy is shorter.
['T27n1545_056:0291b29_16']	所問應作順後句答。	所問應作順後句答。	The question should be answered in accordance with the latter statement.
['T27n1545_056:0291c01_12']	若於此事有嫉結繫必有愛結繫。	若於此事有嫉結繫必有愛結繫。	If there is the fetter of envy regarding a certain object, there must be the fetter of craving.
['T27n1545_056:0291c02_7']	謂於欲界修所斷未離繫事。	謂於欲界修所斷未離繫事。	This refers to the objects that have not yet been freed from the fetters to be eliminated through cultivation in the desire realm.
['T27n1545_056:0291c02_17']	或有愛結繫無嫉結繫。	或有愛結繫無嫉結繫。	There may be the fetter of craving but not the fetter of envy.
['T27n1545_056:0291c03_13']	謂於欲界見所斷法有愛結未斷。	謂於欲界見所斷法有愛結未斷。	This refers to the case where the fetter of craving has not yet been eliminated regarding the dharmas to be eliminated by seeing in the desire realm.
['T27n1545_056:0291c04_7']	此中或有四部愛結未斷。	此中或有四部愛結未斷。	Here, there may be four types of fetters of craving that have not yet been eliminated.
['T27n1545_056:0291c04_18']	乃至或有一部愛結未斷。	乃至或有一部愛結未斷。	Up to there may be one type of fetter of craving that has not yet been eliminated.
['T27n1545_056:0291c05_11']	於色無色界法有愛結未斷。	於色無色界法有愛結未斷。	Regarding the dharmas of the form and formless realms, the fetter of craving has not yet been eliminated.
['T27n1545_056:0291c06_5']	此中或有八地愛結未斷。	此中或有八地愛結未斷。	Here, there may be eight levels of fetters of craving that have not yet been eliminated.
['T27n1545_056:0291c06_16']	乃至或有一地愛結未斷。	乃至或有一地愛結未斷。	Up to there may be one level of fetters of craving that has not yet been eliminated.
['T27n1545_056:0291c07_10']	於此地中或有五部愛結未斷。	於此地中或有五部愛結未斷。	Within this level, there may be five types of fetters of craving that have not yet been eliminated.
['T27n1545_056:0291c08_3']	乃至或有一部愛結未斷。	乃至或有一部愛結未斷。	Up to there may be one type of fetter of craving that has not yet been eliminated.
['T27n1545_056:0291c08_16']	於此部中或有九品愛結未斷。	於此部中或有九品愛結未斷。	Within this type, there may be nine grades of fetters of craving that have not yet been eliminated.
['T27n1545_056:0291c09_9']	乃至或有一品愛結未斷。	乃至或有一品愛結未斷。	Up to there may be one grade of fetters of craving that has not yet been eliminated.
['T27n1545_056:0291c10_5']	由未斷故有愛結繫無嫉結繫。	由未斷故有愛結繫無嫉結繫。	Due to not yet being eliminated, there is the fetter of craving but not the fetter of envy.
['T27n1545_056:0291c10_10']	所以者何。	所以者何。	Why is this?
['T27n1545_056:0291c11_1']	見所斷部無嫉結故。	見所斷部無嫉結故。	Because the category to be eliminated by seeing does not have the fetter of envy.
['T27n1545_056:0291c11_10']	色無色界亦無嫉結。	色無色界亦無嫉結。	In the form and formless realms, there is also no jealousy.
['T27n1545_056:0291c12_1']	彼無嫉慳如前恚說。	彼無嫉慳如前恚說。	They do not have jealousy and stinginess, as explained before for anger.
['T27n1545_056:0291c12_6']	如對嫉結。	如對嫉結。	As for the fetter of jealousy,
['T27n1545_056:0291c12_12']	對慳結亦爾。	對慳結亦爾。	the fetter of stinginess is also the same.
['T27n1545_056:0291c13_5']	謂嫉與慳俱唯欲界修所斷。	謂嫉與慳俱唯欲界修所斷。	That is to say, jealousy and stinginess are both only eliminated through cultivation in the desire realm.
['T27n1545_056:0291c13_13', 'T27n1545_056:0291c14_4']	有漏緣非遍行故。🔽如愛結對後作一行。	有漏緣非遍行故。 如愛結對後作一行。	Because they have contaminated objects as their objects and are not universal.🔽As for the fetter of craving, it is the same as the last line.
['T27n1545_056:0291c14_14']	慢結對後作一行亦爾。	慢結對後作一行亦爾。	The fetter of pride is also the same as the last line.
['T27n1545_056:0291c15_7']	謂愛與慢俱通三界五部。	謂愛與慢俱通三界五部。	That is to say, craving and pride both pervade the three realms and the five categories.
['T27n1545_056:0291c16_14']	唯有漏緣非遍行故若於此事有恚結繫亦有慢結繫耶。	唯有漏緣非遍行故若於此事有恚結繫亦有慢結繫耶。	However, they have contaminated objects as their objects and are not universal. If there is bondage by the fetter of anger towards a certain thing, is there also bondage by the fetter of pride?
['T27n1545_056:0291c17_12']	答若於此事有恚結繫必有慢結繫。	答若於此事有恚結繫必有慢結繫。	The answer is: If there is bondage by the fetter of anger towards a certain thing, there must be bondage by the fetter of pride.
['T27n1545_056:0291c18_5']	或有慢結繫無恚結繫。	或有慢結繫無恚結繫。	But there may be bondage by the fetter of pride without bondage by the fetter of anger.
['T27n1545_056:0291c18_13']	謂於色無色界法。	謂於色無色界法。	That is to say, with regard to dharmas of the form and formless realms,
['T27n1545_056:0291c19_1']	有慢結未斷。	有慢結未斷。	the fetter of pride has not yet been eliminated.
['T27n1545_056:0291c20_1']	此中恚結唯欲界通五部唯有漏緣非遍行。	此中恚結唯欲界通五部唯有漏緣非遍行。	Here, the fetter of anger is only in the desire realm, pervades the five categories, has contaminated objects as its objects, and is not universal.
['T27n1545_056:0291c20_9']	慢結通三界五部。	慢結通三界五部。	The fetter of pride pervades the three realms and the five categories.
['T27n1545_056:0291c20_17']	唯有漏緣非遍行。	唯有漏緣非遍行。	However, it has contaminated objects as its objects and is not universal.
['T27n1545_056:0291c21_9']	諸具縛者於欲界五部事。	諸具縛者於欲界五部事。	Those who are bound by all bonds, regarding the five types of objects in the desire realm,
['T27n1545_056:0291c22_3']	若有恚結繫亦有慢結繫。	若有恚結繫亦有慢結繫。	if there is the bond of anger, there is also the bond of pride.
['T27n1545_056:0291c22_9']	若有慢結繫。	若有慢結繫。	If there is the bond of pride,
['T27n1545_056:0291c22_15']	亦有恚結繫。	亦有恚結繫。	there is also the bond of anger.
['T27n1545_056:0291c23_5']	於色無色界五部事。	於色無色界五部事。	Regarding the five types of objects in the form and formless realms,
['T27n1545_056:0291c23_14']	有慢結繫無恚結繫。	有慢結繫無恚結繫。	there is the bond of pride but not the bond of anger.
['T27n1545_056:0291c24_7']	不具縛者於欲界五部事。	不具縛者於欲界五部事。	Those who are not bound by all bonds, regarding the five types of objects in the desire realm,
['T27n1545_056:0291c25_4']	隨未斷處有恚結繫亦有慢結繫。	隨未斷處有恚結繫亦有慢結繫。	where there is the bond of anger that has not yet been severed, there is also the bond of pride.
['T27n1545_056:0291c26_9', 'T27n1545_056:0291c27_5']	若已斷處無恚結繫亦無慢結繫於色無色界五部事。🔽隨未斷處有慢結繫無恚結繫。	若已斷處無恚結繫亦無慢結繫於色無色界五部事。 隨未斷處有慢結繫無恚結繫。	Where it has already been severed, there is neither the bond of anger nor the bond of pride. Regarding the five types of objects in the form and formless realms,🔽where there is the bond of pride that has not yet been severed, there is the bond of pride but not the bond of anger.
['T27n1545_056:0291c28_2']	若已斷處無慢結繫亦無恚結繫。	若已斷處無慢結繫亦無恚結繫。	Where it has already been severed, there is neither the bond of pride nor the bond of anger.
['T27n1545_056:0291c28_11']	由恚結短慢結長故。	由恚結短慢結長故。	Because the bond of anger is short and the bond of pride is long.
['T27n1545_056:0291c29_2']	所問應作順前句答。	所問應作順前句答。	The question should be answered in accordance with the preceding statement.
['T27n1545_056:0292a01_9']	若於此事有恚結繫必有慢結繫謂於欲界五部未斷盡事。	若於此事有恚結繫必有慢結繫謂於欲界五部未斷盡事。	If there is the bond of anger regarding this object, there must be the bond of pride. It refers to the five types of objects in the desire realm that have not yet been completely severed.
['T27n1545_056:0292a02_2']	或有慢結繫無恚結繫。	或有慢結繫無恚結繫。	There may be the bond of pride but not the bond of anger.
['T27n1545_056:0292a02_10']	謂於色無色界法。	謂於色無色界法。	It means in the dharmas of the form and formless realms.
['T27n1545_056:0292a03_6']	有慢結未斷此中或有八地未斷。	有慢結未斷此中或有八地未斷。	There is the fetter of pride that has not yet been severed. In this case, there may be eight stages that have not yet been severed,
['T27n1545_056:0292a03_15']	乃至或有一地未斷。	乃至或有一地未斷。	up to there may be one stage that has not yet been severed.
['T27n1545_056:0292a04_8']	於此地中或有五部未斷。	於此地中或有五部未斷。	In this stage, there may be five categories that have not yet been severed,
['T27n1545_056:0292a04_17']	乃至或有一部未斷。	乃至或有一部未斷。	up to there may be one category that has not yet been severed.
['T27n1545_056:0292a05_10']	於此部中或有九品未斷。	於此部中或有九品未斷。	In this category, there may be nine levels that have not yet been severed,
['T27n1545_056:0292a06_2']	乃至或有一品未斷。	乃至或有一品未斷。	up to there may be one level that has not yet been severed.
['T27n1545_056:0292a07_1']	若於此事有恚結繫亦有無明結繫耶。	若於此事有恚結繫亦有無明結繫耶。	If there is the fetter of hatred bound to this object, is there also the fetter of ignorance bound?
['T27n1545_056:0292a07_17']	答若於此事有恚結繫必有無明結繫。	答若於此事有恚結繫必有無明結繫。	The answer is: If there is the fetter of hatred bound to this object, there must be the fetter of ignorance bound.
['T27n1545_056:0292a08_15']	或有無明結繫無恚結繫謂未離欲染。	或有無明結繫無恚結繫謂未離欲染。	There may be the fetter of ignorance bound without the fetter of hatred bound. It refers to those who have not yet been freed from the desire realm.
['T27n1545_056:0292a09_7']	苦智已生集智未生。	苦智已生集智未生。	When the knowledge of suffering has arisen but the knowledge of accumulation has not yet arisen,
['T27n1545_056:0292a09_16']	於欲界見苦所斷法。	於欲界見苦所斷法。	in the desire realm, with regard to the dharmas to be eliminated by seeing the truth of suffering,
['T27n1545_056:0292a10_9']	有見集所斷無明結未斷。	有見集所斷無明結未斷。	there is the fetter of ignorance to be eliminated by seeing the truth of accumulation that has not yet been eliminated.
['T27n1545_056:0292a12_10']	此中恚結唯欲界通五部唯有漏緣非遍行無明結通三界五部有漏無漏緣遍行非遍行。	此中恚結唯欲界通五部唯有漏緣非遍行無明結通三界五部有漏無漏緣遍行非遍行。	In this case, the fetter of hatred is only in the desire realm, pervades the five categories, has only contaminated objects, and is not universal. The fetter of ignorance pervades the three realms and five categories, has contaminated and uncontaminated objects, and is both universal and not universal.
['T27n1545_056:0292a13_3', 'T27n1545_056:0292a13_15']	諸具縛者於欲界五部事。🔽若有恚結繫亦有無明結繫。	諸具縛者於欲界五部事。 若有恚結繫亦有無明結繫。	Those who are bound by all bonds, regarding the five types of objects in the desire realm,🔽if there is the fetter of anger, there is also the fetter of ignorance.
['T27n1545_056:0292a14_9']	若有無明結繫亦有恚結繫。	若有無明結繫亦有恚結繫。	If there is the fetter of ignorance, there is also the fetter of anger.
['T27n1545_056:0292a15_1']	於色無色界五部事。	於色無色界五部事。	Regarding the five types of objects in the form and formless realms,
['T27n1545_056:0292a15_11']	有無明結繫無恚結繫。	有無明結繫無恚結繫。	there is the fetter of ignorance but not the fetter of anger.
['T27n1545_056:0292a16_4']	不具縛者於欲界已斷處。	不具縛者於欲界已斷處。	Those who are not bound by all bonds, regarding the desire realm where they have already severed [afflictions],
['T27n1545_056:0292a16_17']	或有遍行無明結繫無恚結繫。	或有遍行無明結繫無恚結繫。	may have the fetter of universal ignorance but not the fetter of anger.
['T27n1545_056:0292a17_10']	於色無色界未斷處亦爾。	於色無色界未斷處亦爾。	The same is so regarding the form and formless realms where they have not yet severed [afflictions].
['T27n1545_056:0292a18_2']	由恚結短無明長故。	由恚結短無明長故。	Because the fetter of anger is short and the fetter of ignorance is long.
['T27n1545_056:0292a18_11']	所問應作順前句答。	所問應作順前句答。	The question should be answered in accordance with the preceding statement.
['T27n1545_056:0292a19_9']	若於此事有恚結繫必有無明結繫。	若於此事有恚結繫必有無明結繫。	If there is the fetter of anger regarding a certain object, there must also be the fetter of ignorance.
['T27n1545_056:0292a20_2']	謂於欲界五部未斷盡事。	謂於欲界五部未斷盡事。	That is, regarding the five types of objects in the desire realm that have not yet been completely severed.
['T27n1545_056:0292a20_13']	或有無明結繫無恚結繫。	或有無明結繫無恚結繫。	There may be the fetter of ignorance but not the fetter of anger.
['T27n1545_056:0292a21_9']	謂未離欲染苦智已生集智未生。	謂未離欲染苦智已生集智未生。	That is, for one who has not yet separated from desire, once the knowledge of suffering has arisen but the knowledge of accumulation has not yet arisen,
['T27n1545_056:0292a22_1']	於欲界見苦所斷法。	於欲界見苦所斷法。	regarding the dharmas to be severed by seeing the truth of suffering in the desire realm,
['T27n1545_056:0292a22_12']	有見集所斷無明結未斷。	有見集所斷無明結未斷。	there is the fetter of ignorance to be severed by seeing the truth of accumulation that has not yet been severed.
['T27n1545_056:0292a23_2']	此中未離欲染者。	此中未離欲染者。	Here, one who has not yet abandoned the defilements of the desire realm,
['T27n1545_056:0292a24_4']	若已離欲染於欲界法二結俱無故說未離彼。	若已離欲染於欲界法二結俱無故說未離彼。	if one has already abandoned the defilements of the desire realm, one has no two fetters in the dharmas of the desire realm, and therefore it is said that one has not yet abandoned them.
['T27n1545_056:0292a24_13']	苦智已生集智未生。	苦智已生集智未生。	When the knowledge of suffering has arisen but the knowledge of the origin has not yet arisen,
['T27n1545_056:0292a25_8']	見苦所斷恚與無明二俱已斷。	見苦所斷恚與無明二俱已斷。	hatred and ignorance that are to be eliminated by seeing suffering are both already eliminated.
['T27n1545_056:0292a26_3']	見集所斷遍行無明猶未斷故。	見集所斷遍行無明猶未斷故。	Because the universal ignorance that is to be eliminated by seeing the origin has not yet been eliminated.
['T27n1545_056:0292a26_14']	於見苦所斷法為所緣繫。	於見苦所斷法為所緣繫。	It is a fetter as an object in the dharmas to be eliminated by seeing suffering.
['T27n1545_056:0292a28_1']	見集所斷恚結於見苦所斷法非所緣繫非遍行故。	見集所斷恚結於見苦所斷法非所緣繫非遍行故。	The fetter of hatred that is to be eliminated by seeing the origin is not a fetter as an object in the dharmas to be eliminated by seeing suffering, because it is not universal.
['T27n1545_056:0292a28_10']	非相應繫是他聚故。	非相應繫是他聚故。	It is not a fetter as association, because it belongs to another group.
['T27n1545_056:0292a29_7']	復次於色無色界法有無明結未斷。	復次於色無色界法有無明結未斷。	Moreover, in the dharmas of the form and formless realms, the fetter of ignorance that has not yet been eliminated exists.
['T27n1545_056:0292b01_1']	此中或有八地無明結未斷。	此中或有八地無明結未斷。	Here, there may be the fetter of ignorance of eight stages that has not yet been eliminated,
['T27n1545_056:0292b01_13']	乃至或有一地無明結未斷。	乃至或有一地無明結未斷。	up to there may be the fetter of ignorance of one stage that has not yet been eliminated.
['T27n1545_056:0292b02_9']	於此地中或有五部無明結未斷。	於此地中或有五部無明結未斷。	Within this stage, there may be the fetter of ignorance of the five categories that has not yet been eliminated,
['T27n1545_056:0292b03_3']	乃至或有一部無明結未斷。	乃至或有一部無明結未斷。	up to there may be the fetter of ignorance of one category that has not yet been eliminated.
['T27n1545_056:0292b03_17']	於此部中或有九品無明結未斷。	於此部中或有九品無明結未斷。	Within this category, there may be the fetter of ignorance of the nine grades that has not yet been eliminated.
['T27n1545_056:0292b04_11', 'T27n1545_056:0292b05_4']	乃至或有一品無明結未斷。🔽由未斷故有無明結繫。	乃至或有一品無明結未斷。 由未斷故有無明結繫。	up to or one category of ignorance bonds have not yet been severed.🔽Because they have not yet been severed, there is the bond of ignorance.
['T27n1545_056:0292b05_14']	無恚結繫彼無恚結故。	無恚結繫彼無恚結故。	Because there is the bond of non-hatred,
['T27n1545_056:0292b06_11']	若於此事有恚結繫亦有見結繫耶。	若於此事有恚結繫亦有見結繫耶。	If there is the bond of hatred towards a certain thing, is there also the bond of view?
['T27n1545_056:0292b07_1']	答應作四句。	答應作四句。	The answer is: Four sentences should be made.
['T27n1545_056:0292b08_1']	此中恚結唯欲界通五部唯有漏緣非遍行。	此中恚結唯欲界通五部唯有漏緣非遍行。	Here, the bond of hatred is only in the desire realm, pervades the five categories, has only contaminated objects, and is not universal.
['T27n1545_056:0292b08_10']	見結通三界唯四部。	見結通三界唯四部。	The bond of view pervades the three realms and is only in the four categories.
['T27n1545_056:0292b09_4']	通有漏無漏緣遍行非遍行。	通有漏無漏緣遍行非遍行。	It has both contaminated and uncontaminated objects, is universal and not universal.
['T27n1545_056:0292b09_15']	諸具縛者於欲界五部事。	諸具縛者於欲界五部事。	Those who are fully bound, towards the five categories of things in the desire realm,
['T27n1545_056:0292b10_7']	若有恚結繫亦有見結繫。	若有恚結繫亦有見結繫。	If there is the bond of hatred, there is also the bond of view.
['T27n1545_056:0292b11_1']	若有見結繫亦有恚結繫。	若有見結繫亦有恚結繫。	If there is the bond of view, there is also the bond of hatred.
['T27n1545_056:0292b11_10']	於色無色界五部事。	於色無色界五部事。	Towards the five categories of things in the form and formless realms,
['T27n1545_056:0292b12_1']	有見結繫無恚結繫。	有見結繫無恚結繫。	There is the bond of view but not the bond of hatred.
['T27n1545_056:0292b12_13']	不具縛者恚結通五部故長。	不具縛者恚結通五部故長。	Because the bond of hatred pervades the five categories, it is longer.
['T27n1545_056:0292b13_6']	唯欲界有漏緣非遍行故短。	唯欲界有漏緣非遍行故短。	Because it is only in the desire realm, has contaminated objects, and is not universal, it is shorter.
['T27n1545_056:0292b14_6']	見結通三界有漏無漏緣遍行非遍行故長。	見結通三界有漏無漏緣遍行非遍行故長。	The view fetter pervades the three realms, has contaminated and uncontaminated objects, and is both universal and non-universal, so it is long.
['T27n1545_056:0292b14_12']	唯四部故短。	唯四部故短。	It only has four categories, so it is short.
['T27n1545_056:0292b15_2']	此二互有長短義故。	此二互有長短義故。	These two have the meaning of being long and short in relation to each other.
['T27n1545_056:0292b15_11']	所問應作四句而答。	所問應作四句而答。	The question should be answered with four sentences.
['T27n1545_056:0292b16_4']	或有恚結繫無見結繫。	或有恚結繫無見結繫。	There may be the fetter of anger but not the fetter of view.
['T27n1545_056:0292b17_1']	謂未離欲染集智已生滅智未生。	謂未離欲染集智已生滅智未生。	This refers to those who have not yet eliminated the desire realm attachment, for whom the cognition of accumulation has arisen but the cognition of cessation has not yet arisen.
['T27n1545_056:0292b17_16']	於欲界見滅道所斷見結不相應法。	於欲界見滅道所斷見結不相應法。	With regard to dharmas not associated with the view fetter to be eliminated by the path of seeing cessation and the path of seeing in the desire realm,
['T27n1545_056:0292b18_12', 'T27n1545_056:0292b19_9']	及於欲界修所斷法有恚結未斷。🔽此中見滅道所斷見結不相應法者。	及於欲界修所斷法有恚結未斷。 此中見滅道所斷見結不相應法者。	and with regard to dharmas to be eliminated by cultivation in the desire realm, the fetter of anger has not yet been eliminated.
['T27n1545_056:0292b21_2']	謂邪見自性及見取戒禁取疑貪瞋慢不共無明等聚相應不相應法。	謂邪見自性及見取戒禁取疑貪瞋慢不共無明等聚相應不相應法。	Here, dharmas not associated with the view fetter to be eliminated by the path of seeing cessation and the path of seeing in the desire realm refer to the self-nature of wrong view, and the aggregates associated with or not associated with the view of grasping at false views, the view of grasping at rules and rituals, doubt, craving, anger, pride, and the ignorance not shared by others.
['T27n1545_056:0292b21_15']	於此諸法恚未斷故有恚結繫。	於此諸法恚未斷故有恚結繫。	With regard to these dharmas, because the fetter of anger has not yet been eliminated, there is the fetter of anger.
['T27n1545_056:0292b22_10']	彼於自聚為所緣繫及相應繫。	彼於自聚為所緣繫及相應繫。	With regard to its own aggregates, it is the fetter of the object and the fetter of association.
['T27n1545_056:0292b23_10']	若於他聚為所緣繫非相應繫無見結繫。	若於他聚為所緣繫非相應繫無見結繫。	If with regard to other aggregates, it is the fetter of the object but not the fetter of association, there is no fetter of view.
['T27n1545_056:0292b23_15']	所以者何。	所以者何。	Why is this?
['T27n1545_056:0292b24_10']	遍行見結緣五部者彼已斷故。	遍行見結緣五部者彼已斷故。	The pervasive view-fetters that take the five categories as objects have already been eliminated.
['T27n1545_056:0292b25_14']	餘未斷者於此見結不相應法非所緣繫無漏緣故。	餘未斷者於此見結不相應法非所緣繫無漏緣故。	The remaining un-eliminated ones are not bound to the dharmas not associated with the view-fetters as objects, because they take the pure as their object.
['T27n1545_056:0292b26_6']	非相應繫是他聚故。	非相應繫是他聚故。	They are not bound to the associated [dharmas] as associates, because they belong to a different aggregate.
['T27n1545_056:0292b26_16']	自性與自性不相應故。	自性與自性不相應故。	The intrinsic nature is not associated with the intrinsic nature.
['T27n1545_056:0292b27_7']	彼於欲界修所斷法。	彼於欲界修所斷法。	They are bound to the dharmas to be eliminated by cultivation in the desire realm.
['T27n1545_056:0292b27_16']	恚未斷故有恚結繫。	恚未斷故有恚結繫。	Because anger has not been eliminated, there is the fetter of anger.
['T27n1545_056:0292b28_7']	或有九品恚結未斷。	或有九品恚結未斷。	Or there are nine grades of the fetter of anger that have not been eliminated.
['T27n1545_056:0292b29_4']	乃至或有一品恚結未斷無見結繫。	乃至或有一品恚結未斷無見結繫。	Up to or there is one grade of the fetter of anger that has not been eliminated, but there is no fetter of view.
['T27n1545_056:0292b29_9']	所以者何。	所以者何。	Why is this?
['T27n1545_056:0292c01_4']	遍行見結緣五部者彼已斷故。	遍行見結緣五部者彼已斷故。	The pervasive view-fetters that take the five categories as objects have already been eliminated.
['T27n1545_056:0292c01_13']	修所斷部無見結故。	修所斷部無見結故。	Because there are no view-fetters in the category to be eliminated by cultivation.
['T27n1545_056:0292c02_5']	復次滅智已生道智未生。	復次滅智已生道智未生。	Next, when the knowledge of cessation has arisen but the knowledge of the path has not yet arisen,
['T27n1545_056:0292c03_1']	於欲界見道所斷見結不相應法。	於欲界見道所斷見結不相應法。	in the dharmas not associated with the view-fetters to be eliminated by seeing the path in the desire realm,
['T27n1545_056:0292c03_15']	及於欲界修所斷法有恚結未斷。	及於欲界修所斷法有恚結未斷。	and in the dharmas to be eliminated by cultivation in the desire realm, the fetter of anger has not been eliminated.
['T27n1545_056:0292c04_13']	此中見道所斷見結不相應法如前說。	此中見道所斷見結不相應法如前說。	Here, the dharmas not associated with the view-fetters to be eliminated by seeing the path are as explained above.
['T27n1545_056:0292c05_9']	於此諸法及於欲界修所斷法。	於此諸法及於欲界修所斷法。	Regarding these dharmas and the dharmas to be eliminated by cultivation in the desire realm,
['T27n1545_056:0292c06_13']	有恚結繫無見結繫亦如前說復次具見世尊弟子。	有恚結繫無見結繫亦如前說復次具見世尊弟子。	there is the fetter of anger but not the fetter of views. The same explanation as before. Next, the fully seeing Bhagavān's disciples,
['T27n1545_056:0292c07_13']	未離欲染於欲界修所斷法有恚結未斷。	未離欲染於欲界修所斷法有恚結未斷。	who have not yet eliminated desire, have not yet eliminated the fetter of anger regarding the dharmas to be eliminated by cultivation in the desire realm.
['T27n1545_056:0292c08_5']	彼於欲界修所斷法。	彼於欲界修所斷法。	Regarding the dharmas to be eliminated by cultivation in the desire realm,
['T27n1545_056:0292c09_5']	恚未斷故有恚結繫無見結繫如前應知。	恚未斷故有恚結繫無見結繫如前應知。	because the fetter of anger has not yet been eliminated, there is the fetter of anger but not the fetter of views. This should be understood as before.
['T27n1545_056:0292c09_15']	或有見結繫無恚結繫。	或有見結繫無恚結繫。	There may be the fetter of views but not the fetter of anger.
['T27n1545_056:0292c10_11']	謂未離欲染苦智已生集智未生。	謂未離欲染苦智已生集智未生。	Namely, those who have not yet eliminated desire, for whom the knowledge of suffering has arisen but the knowledge of accumulation has not yet arisen,
['T27n1545_056:0292c11_3']	於欲界見苦所斷法。	於欲界見苦所斷法。	regarding the dharmas eliminated by seeing suffering in the desire realm,
['T27n1545_056:0292c11_13']	有見集所斷見結未斷。	有見集所斷見結未斷。	have not yet eliminated the fetter of views eliminated by seeing accumulation.
['T27n1545_056:0292c12_6']	於色無色界法有見結未斷。	於色無色界法有見結未斷。	Regarding the dharmas of the form and formless realms, they have not yet eliminated the fetter of views.
['T27n1545_056:0292c12_17']	此中苦智已生集智未生。	此中苦智已生集智未生。	Here, for whom the knowledge of suffering has arisen but the knowledge of accumulation has not yet arisen,
['T27n1545_056:0292c13_12']	見苦所斷恚結見結二俱已斷。	見苦所斷恚結見結二俱已斷。	the fetters of anger and views eliminated by seeing suffering have both already been eliminated.
['T27n1545_056:0292c14_4']	見集所斷見結未斷故。	見集所斷見結未斷故。	Because the fetter of views eliminated by seeing accumulation has not yet been eliminated,
['T27n1545_056:0292c14_15']	於見苦所斷法為所緣繫。	於見苦所斷法為所緣繫。	regarding the dharmas eliminated by seeing suffering, it is the fetter as an object.
['T27n1545_056:0292c15_7']	見集所斷恚結雖未斷。	見集所斷恚結雖未斷。	Although the fetter of anger belonging to the category to be eliminated by the path of cultivation has not yet been eliminated,
['T27n1545_056:0292c16_6']	而於見苦所斷法非所緣繫非遍行故。	而於見苦所斷法非所緣繫非遍行故。	with regard to dharmas to be eliminated by the path of seeing suffering, it is not a fetter by the mode of being an object of perception, nor is it a fetter by the mode of being a universal.
['T27n1545_056:0292c16_15']	非相應繫是他聚故。	非相應繫是他聚故。	It is not a fetter by the mode of being associated, because it belongs to a different category.
['T27n1545_056:0292c17_5']	於色無色界法。	於色無色界法。	With regard to dharmas in the form and formless realms,
['T27n1545_056:0292c17_12', 'T27n1545_056:0292c18_3']	有見結未斷者。🔽或有八地見結未斷。	有見結未斷者。 或有八地見結未斷。	there are those who have not yet eliminated the fetter of views.🔽Some have not yet eliminated the fetter of views belonging to eight stages,
['T27n1545_056:0292c18_14']	乃至或有一地見結未斷。	乃至或有一地見結未斷。	up to some who have not yet eliminated the fetter of views belonging to one stage.
['T27n1545_056:0292c19_9']	於此地中或有四部見結未斷。	於此地中或有四部見結未斷。	Within this stage, some have not yet eliminated the fetter of views belonging to four categories,
['T27n1545_056:0292c20_2']	乃至或有一部見結未斷。	乃至或有一部見結未斷。	up to some who have not yet eliminated the fetter of views belonging to one category.
['T27n1545_056:0292c21_2']	由未斷故有見結繫無恚結繫彼無恚故。	由未斷故有見結繫無恚結繫彼無恚故。	Because they have not yet been eliminated, there is the fetter of views, but there is no fetter of anger, because they are without anger.
['T27n1545_056:0292c21_8']	或有二俱繫。	或有二俱繫。	There are some who are bound by both.
['T27n1545_056:0292c22_7']	謂具縛者於欲界見修所斷法有二結繫。	謂具縛者於欲界見修所斷法有二結繫。	Those who are completely bound are bound by two fetters with regard to dharmas to be eliminated by the path of seeing and cultivation in the desire realm.
['T27n1545_056:0292c23_2']	此具縛者於欲界見苦所斷法。	此具縛者於欲界見苦所斷法。	These completely bound ones, with regard to dharmas to be eliminated by seeing suffering in the desire realm,
['T27n1545_056:0292c23_14']	有一部恚結繫二部見結繫。	有一部恚結繫二部見結繫。	are bound by the fetter of anger belonging to one category and by the fetter of views belonging to two categories.
['T27n1545_056:0292c24_6']	於欲界見集所斷法亦爾。	於欲界見集所斷法亦爾。	It is the same with regard to dharmas to be eliminated by seeing the accumulation in the desire realm.
['T27n1545_056:0292c25_1']	於欲界見滅所斷見結相應法。	於欲界見滅所斷見結相應法。	With regard to dharmas associated with the fetter of views to be eliminated by seeing the cessation in the desire realm,
['T27n1545_056:0292c25_13']	有一部恚結繫三部見結繫。	有一部恚結繫三部見結繫。	There is one part bound by the enmity结 and three parts bound by the view结.
['T27n1545_056:0292c26_3']	於彼見結不相應法。	於彼見結不相應法。	In those dharmas not associated with the view结,
['T27n1545_056:0292c26_15']	有一部恚結繫二部見結繫。	有一部恚結繫二部見結繫。	there is one part bound by the enmity结 and two parts bound by the view结.
['T27n1545_056:0292c27_7']	於欲界見道所斷法亦爾。	於欲界見道所斷法亦爾。	The same applies to the dharmas to be eliminated by seeing the path in the desire realm.
['T27n1545_056:0292c27_15']	於欲界修所斷法。	於欲界修所斷法。	As for the dharmas to be eliminated by cultivation in the desire realm,
['T27n1545_056:0292c29_6']	有一部恚結繫二部見結繫復次未離欲染苦智已生集智未生。	有一部恚結繫二部見結繫復次未離欲染苦智已生集智未生。	there is one part bound by the enmity结 and two parts bound by the view结. Next, for one who has not yet eliminated desire and the knowledge of suffering has arisen but the knowledge of accumulation has not yet arisen,
['T27n1545_056:0293a01_4']	於欲界見集滅道修所斷法有二結繫。	於欲界見集滅道修所斷法有二結繫。	there are two bonds in the dharmas to be eliminated by seeing the accumulation, cessation, path, and cultivation in the desire realm.
['T27n1545_056:0293a01_15']	此中於欲界見集所斷法。	此中於欲界見集所斷法。	Among them, as for the dharmas to be eliminated by seeing the accumulation in the desire realm,
['T27n1545_056:0293a02_9']	有一部恚結繫一部見結繫。	有一部恚結繫一部見結繫。	there is one part bound by the enmity结 and one part bound by the view结.
['T27n1545_056:0293a03_4']	於欲界見滅所斷見結相應法。	於欲界見滅所斷見結相應法。	As for the dharmas associated with the view结 to be eliminated by seeing the cessation in the desire realm,
['T27n1545_056:0293a03_16']	有一部恚結繫二部見結繫。	有一部恚結繫二部見結繫。	there is one part bound by the enmity结 and two parts bound by the view结.
['T27n1545_056:0293a04_6']	於彼見結不相應法。	於彼見結不相應法。	In those dharmas not associated with the view结,
['T27n1545_056:0293a04_18']	有一部恚結繫一部見結繫。	有一部恚結繫一部見結繫。	there is one part bound by the enmity结 and one part bound by the view结.
['T27n1545_056:0293a05_10']	於欲界見道所斷法亦爾。	於欲界見道所斷法亦爾。	The same applies to the dharmas to be eliminated by seeing the path in the desire realm.
['T27n1545_056:0293a06_1']	於欲界修所斷法。	於欲界修所斷法。	As for the dharmas to be eliminated by cultivation in the desire realm,
['T27n1545_056:0293a06_13']	有一部恚結繫一部見結繫。	有一部恚結繫一部見結繫。	There is one part bound by the enmity bond and one part bound by the view bond.
['T27n1545_056:0293a07_5']	爾時於欲界見苦所斷法。	爾時於欲界見苦所斷法。	At that time, regarding the dharmas to be eliminated by seeing suffering in the desire realm,
['T27n1545_056:0293a07_16']	雖有見結繫而無恚結繫。	雖有見結繫而無恚結繫。	although there is the view bond binding, there is no enmity bond binding.
['T27n1545_056:0293a08_3']	故此不說。	故此不說。	Therefore, this is not mentioned.
['T27n1545_056:0293a08_14']	復次集智已生滅智未生。	復次集智已生滅智未生。	Next, when the knowledge of accumulation has already arisen but the knowledge of cessation has not yet arisen,
['T27n1545_056:0293a09_14']	於欲界見滅道所斷見結相應法有二結繫。	於欲界見滅道所斷見結相應法有二結繫。	regarding the dharmas associated with the view bond to be eliminated by seeing cessation and the path in the desire realm, there are two bonds binding.
['T27n1545_056:0293a10_16']	此中未離欲染於欲界見滅道所斷見結相應法。	此中未離欲染於欲界見滅道所斷見結相應法。	Here, regarding the dharmas associated with the view bond to be eliminated by seeing cessation and the path in the desire realm, for one who has not yet abandoned the desire realm,
['T27n1545_056:0293a11_12']	各有一部恚結繫一部見結繫。	各有一部恚結繫一部見結繫。	each has one part bound by the enmity bond and one part bound by the view bond.
['T27n1545_056:0293a12_16']	爾時於欲界見滅道所斷見結不相應法及修所斷法。	爾時於欲界見滅道所斷見結不相應法及修所斷法。	At that time, regarding the dharmas not associated with the view bond to be eliminated by seeing cessation and the path in the desire realm, and the dharmas to be eliminated by cultivation,
['T27n1545_056:0293a13_13']	雖有恚結繫而無見結繫故此不說。	雖有恚結繫而無見結繫故此不說。	although there is the enmity bond binding, there is no view bond binding, so this is not mentioned.
['T27n1545_056:0293a14_7']	復次滅智已生道智未生。	復次滅智已生道智未生。	Next, when the knowledge of cessation has already arisen but the knowledge of the path has not yet arisen,
['T27n1545_056:0293a15_6']	於欲界見道所斷見結相應法有二結繫。	於欲界見道所斷見結相應法有二結繫。	regarding the dharmas associated with the view bond to be eliminated by seeing the path in the desire realm, there are two bonds binding.
['T27n1545_056:0293a16_8']	此中未離欲染於欲界見道所斷見結相應法。	此中未離欲染於欲界見道所斷見結相應法。	Here, regarding the dharmas associated with the view bond to be eliminated by seeing the path in the desire realm, for one who has not yet abandoned the desire realm,
['T27n1545_056:0293a18_5']	有一部恚結繫一部見結繫爾時於欲界見道所斷見結不相應法及修所斷法。	有一部恚結繫一部見結繫爾時於欲界見道所斷見結不相應法及修所斷法。	There is one part bound by the enmity fetter and one part bound by the view fetter. At that time, with regard to dharmas not associated with the view fetter that are to be eliminated by seeing the path in the desire realm and dharmas to be eliminated by cultivation,
['T27n1545_056:0293a18_16']	雖有恚結繫而無見結繫。	雖有恚結繫而無見結繫。	although there is the enmity fetter binding, there is no view fetter binding.🔽Therefore this is not mentioned.🔽Here is the corrected and aligned text:🔽Here is the corrected and aligned Sanskrit-English translation:
['T27n1545_056:0293a19_3']	故此不說。	故此不說。	Here is the corrected and aligned text:🔽Here is the corrected and aligned Sanskrit-English translation:Here is the corrected and aligned text:🔽Here is the corrected and aligned Sanskrit-English translation:Here is the corrected and aligned text:🔽Here is the corrected and aligned Sanskrit-English translation:Here is the corrected and aligned text:🔽Here is the corrected and aligned Sanskrit-English translation:Here is the corrected and aligned text:🔽Here is the corrected and aligned Sanskrit-English translation:Here is the corrected and aligned text:🔽Here is the corrected and aligned Sanskrit-English translation:Here is the corrected and aligned text:🔽Here is the corrected and aligned Sanskrit-English translation:Here is the corrected and aligned text:🔽Here is the corrected and aligned Sanskrit-English translation:Here is the corrected and aligned text:🔽Here is the corrected and aligned Sanskrit-English translation:Here is the corrected and aligned text:🔽Here is the corrected and aligned Sanskrit-English translation:Here is the corrected and aligned text:🔽Here is the corrected and aligned Sanskrit-English translation:Here is the corrected and aligned text:🔽Here is the corrected and aligned Sanskrit-English translation:Here is the corrected and aligned text:🔽Here is the corrected and aligned Sanskrit-English translation:Here is the corrected and aligned text:🔽Here is the corrected and aligned Sanskrit-English translation:Here is the corrected and aligned text:🔽Here is the corrected and aligned Sanskrit-English translation:Here is the corrected and aligned text:🔽Here is the corrected and aligned Sanskrit-English translation:Here is the corrected and aligned text:🔽Here is the corrected and aligned Sanskrit-English translation:Here is the corrected and aligned text:🔽Here is the corrected and aligned Sanskrit-English translation:Here is the corrected and aligned text:🔽Here is the corrected and aligned Sanskrit-English translation:Here is the corrected and aligned text:
['T27n1545_056:0293a20_100']	說一切有部發智大毘婆沙論卷第五十六	說一切有部發智大毘婆沙論卷第五十六	Here is the corrected and aligned Sanskrit-English translation:Here is the corrected and
