segmentnr	original	analyzed	translated
['T27n1545_042:0215b23_0']	阿毘達磨大毘婆沙論卷第四十	阿毘達磨大毘婆沙論卷第四十	Abhidharma-mahāvibhāṣā-śāstra, fascicle 40
['T27n1545_042:0215b24_0']	二	二	two
['T27n1545_042:0215b26_0', 'T27n1545_042:0215b29_8']	五百大阿羅漢等造🔽三藏法師玄奘奉　詔譯4雜蘊第一中無義納息第七之四云何難滿乃至廣說。	五百大阿羅漢等造 三藏法師玄奘奉　詔譯4雜蘊第一中無義納息第七之四云何難滿乃至廣說。	composed by 500 great arhats and others🔽tripiṭaka master Xuanzang respectfully received
['T27n1545_042:0215b29_15']	問何故作此論。	問何故作此論。	Question: Why was this treatise composed?
['T27n1545_042:0215c01_7']	答為欲分別契經義故。	答為欲分別契經義故。	Answer: In order to analyze the meaning of the sūtras.
['T27n1545_042:0215c02_1']	謂契經說有難滿有難養。	謂契經說有難滿有難養。	The sūtras say there are those who are difficult to satisfy and those who are difficult to support.
['T27n1545_042:0215c02_14']	契經雖作此說而不分別其義。	契經雖作此說而不分別其義。	Although the sūtras say this, they do not analyze the meaning.
['T27n1545_042:0215c03_5']	經是此論所依根本。	經是此論所依根本。	The sūtras are the basis of this treatise.
['T27n1545_042:0215c03_14']	彼不說者今應說之。	彼不說者今應說之。	What they do not explain should be explained now.
['T27n1545_042:0215c04_1']	故作斯論。	故作斯論。	Therefore, this treatise is composed.
['T27n1545_042:0215c04_6']	云何難滿。	云何難滿。	What is meant by difficult to satisfy?
['T27n1545_042:0215c05_2']	答諸重食重噉多食多噉大食大噉。	答諸重食重噉多食多噉大食大噉。	Answer: Those who eat heavily, eat a lot, eat large meals, and eat large amounts.
['T27n1545_042:0215c05_11']	非少能濟是謂難滿。	非少能濟是謂難滿。	A little is not enough to sustain them, this is called difficult to satisfy.
['T27n1545_042:0215c06_6']	諸重食等名雖有異而體無別。	諸重食等名雖有異而體無別。	Although the names eat heavily and so on are different, their substance is no different.
['T27n1545_042:0215c06_15']	皆為顯示難滿義故。	皆為顯示難滿義故。	They are all used to illustrate the meaning of being difficult to satisfy.
['T27n1545_042:0215c07_2']	云何難養。	云何難養。	What is meant by difficult to support?
['T27n1545_042:0215c07_11']	答諸饕極饕餮極餮。	答諸饕極饕餮極餮。	Answer: Those who are greedy, extremely greedy, gluttonous, extremely gluttonous,
['T27n1545_042:0215c07_18']	耽極耽嗜極嗜。	耽極耽嗜極嗜。	addicted, extremely addicted, fond of chewing,
['T27n1545_042:0215c08_2', 'T27n1545_042:0215c08_6']	好咀嚼。🔽好甞啜。	好咀嚼。🔽好甞啜。	fond of tasting,
['T27n1545_042:0215c08_11']	選擇而食。	選擇而食。	and then select and eat.
['T27n1545_042:0215c08_16']	選擇而噉。	選擇而噉。	and then select and taste.
['T27n1545_042:0215c09_5']	非趣能濟是謂難養。	非趣能濟是謂難養。	It is difficult to support because it cannot be sustained by a small amount.
['T27n1545_042:0215c10_1']	饕極饕等名雖有異而體無別。	饕極饕等名雖有異而體無別。	The terms greedy and extremely greedy have different names but the same substance.
['T27n1545_042:0215c10_10']	皆為顯示難養義故。	皆為顯示難養義故。	They are all used to illustrate the meaning of being difficult to support.
['T27n1545_042:0215c11_1']	難滿難養有何差別。	難滿難養有何差別。	What is the difference between being difficult to satisfy and being difficult to support?
['T27n1545_042:0215c11_11']	答即前所說是謂差別。	答即前所說是謂差別。	The answer is that the above explanation is the difference.
['T27n1545_042:0215c11_19']	問何故復作此論。	問何故復作此論。	Why is this treatise composed again?
['T27n1545_042:0215c12_9']	答欲令疑者得決定故。	答欲令疑者得決定故。	The answer is to make the doubtful attain certainty.
['T27n1545_042:0215c13_1', 'T27n1545_042:0215c13_14']	謂此二法展轉相似。🔽見難滿者世人共言此是難養。	謂此二法展轉相似。 見難滿者世人共言此是難養。	Because these two dharmas are mutually similar.🔽Seeing one who is difficult to satisfy, worldly people commonly say this person is difficult to support.
['T27n1545_042:0215c14_9']	見難養者世人共言此是難滿。	見難養者世人共言此是難滿。	Seeing one who is difficult to support, worldly people commonly say this person is difficult to satisfy.
['T27n1545_042:0215c14_18']	或有生疑此二是一。	或有生疑此二是一。	Some have doubts that these two are the same.
['T27n1545_042:0215c15_8']	為令彼疑得決定故。	為令彼疑得決定故。	In order to make them attain certainty,
['T27n1545_042:0215c16_4']	顯此二種其義各別故作斯論。	顯此二種其義各別故作斯論。	it is shown that these two have different meanings, so this treatise is composed.
['T27n1545_042:0215c17_6']	謂即前說重食噉等非少能濟是難滿饕極饕等。	謂即前說重食噉等非少能濟是難滿饕極饕等。	That is to say, the above-mentioned eating heavily and so on cannot be sustained by a small amount, which is difficult to satisfy, greedy, and extremely greedy, etc.
['T27n1545_042:0215c17_14']	非趣能濟是難養。	非趣能濟是難養。	It is difficult to support because it cannot be sustained by a small amount.
['T27n1545_042:0215c18_7']	復次多欲是難滿希多食故。	復次多欲是難滿希多食故。	Furthermore, having much desire is difficult to satisfy because one hopes for and eats much.
['T27n1545_042:0215c18_14']	不喜足是難養。	不喜足是難養。	Not being content is difficult to support.
['T27n1545_042:0215c19_1']	選擇而食故。	選擇而食故。	Because one chooses and eats.
['T27n1545_042:0215c19_10']	此中文略但依食說。	此中文略但依食說。	The text is brief here and only explains it based on food.
['T27n1545_042:0215c20_1']	應知衣等亦有二義。	應知衣等亦有二義。	One should know that clothing and so forth also have two meanings.
['T27n1545_042:0215c20_10']	有本無此差別問答。	有本無此差別問答。	Some texts do not have this distinction and question and answer.
['T27n1545_042:0215c21_2']	問何故此中不問差別。	問何故此中不問差別。	Question: Why is the distinction not asked about here?
['T27n1545_042:0215c21_16']	答應問而不問者當知此義有餘。	答應問而不問者當知此義有餘。	Answer: That which should be asked but is not asked should be known to have other meanings.
['T27n1545_042:0215c22_9']	復次答不異前故不復問。	復次答不異前故不復問。	Furthermore, because the answer is no different from the previous one, it is not asked again.
['T27n1545_042:0215c22_17']	非如多欲不喜足。	非如多欲不喜足。	It is not like having much desire and not being content.
['T27n1545_042:0215c23_4']	答異前故。	答異前故。	The answer is different from the previous one, so it is asked.
['T27n1545_042:0215c24_8']	云何易滿乃至廣說。	云何易滿乃至廣說。	How is it easy to satisfy... and so on in detail.
['T27n1545_042:0215c24_15']	問何故作此論。	問何故作此論。	Question: Why is this treatise composed?
['T27n1545_042:0215c25_7']	答為欲分別契經義故。	答為欲分別契經義故。	Answer: In order to distinguish the meaning of the sutras.
['T27n1545_042:0215c26_2']	謂契經說有易滿有易養。	謂契經說有易滿有易養。	The sutras say there are those who are easy to satisfy and those who are easy to support.
['T27n1545_042:0215c26_15']	契經雖作是說而不分別其義。	契經雖作是說而不分別其義。	Although the sutras say this, they do not distinguish their meanings.
['T27n1545_042:0215c27_7']	經是此論所依根本。	經是此論所依根本。	The sutras are the basis of this treatise.
['T27n1545_042:0215c27_16']	彼不說者今應說之。	彼不說者今應說之。	What they do not explain should be explained now.
['T27n1545_042:0215c29_3']	復次前說難滿難養今欲說彼近對治法故作斯論。	復次前說難滿難養今欲說彼近對治法故作斯論。	Furthermore, the difficult to satisfy and difficult to support mentioned earlier, now wanting to explain their proximate counteractive dharmas, thus this treatise is composed.
['T27n1545_042:0215c29_8']	云何易滿。	云何易滿。	What is easy to satisfy?
['T27n1545_042:0215c29_14', 'T27n1545_042:0215c29_18']	答諸不重食。🔽不重噉。	答諸不重食。 不重噉。	Answer: Those who do not eat heavily,🔽do not chew heavily,🔽do not eat much,
['T27n1545_042:0216a01_3', 'T27n1545_042:0216a01_7', 'T27n1545_042:0216a01_11']	不多食。🔽不多噉。🔽不大食。	不多食。 不多噉。 不大食。	do not chew much,🔽do not eat too much,
['T27n1545_042:0216a01_15']	不大噉。	不大噉。	do not chew too much,
['T27n1545_042:0216a02_3']	少便能濟是謂易滿。	少便能濟是謂易滿。	and can sustain themselves with little - this is called easy to satisfy.
['T27n1545_042:0216a02_16']	不重食等名雖有異而體無別。	不重食等名雖有異而體無別。	Although the names not eating heavily and so forth differ, their substance is no different.
['T27n1545_042:0216a03_7']	皆為顯示易滿義故。	皆為顯示易滿義故。	They are all for the sake of displaying the meaning of easy to satisfy.
['T27n1545_042:0216a03_12']	云何易養。	云何易養。	What is easy to support?
['T27n1545_042:0216a04_2', 'T27n1545_042:0216a04_8', 'T27n1545_042:0216a04_14']	答諸不饕不極饕。🔽不餮不極餮。🔽不耽不極耽。	答諸不饕不極饕。 不餮不極餮。 不耽不極耽。	Answer: Those who are not greedy, not extremely greedy,🔽not gluttonous, not extremely gluttonous,🔽not indulgent, not extremely indulgent,
['T27n1545_042:0216a04_20']	不嗜不極嗜。	不嗜不極嗜。	not fond of, not extremely fond of,
['T27n1545_042:0216a05_4', 'T27n1545_042:0216a05_9']	不好咀嚼。🔽不好嘗啜。	不好咀嚼。 不好嘗啜。	not fond of chewing,🔽not fond of tasting,🔽not choosing to eat,
['T27n1545_042:0216a05_15', 'T27n1545_042:0216a06_2']	不選擇而食。🔽不選擇而噉。	不選擇而食。 不選擇而噉。	not choosing to chew,
['T27n1545_042:0216a06_11']	趣得便濟是謂易養。	趣得便濟是謂易養。	and sustaining oneself by simply obtaining food - this is called easy to support.
['T27n1545_042:0216a07_5']	諸不饕等名雖有異而體無別。	諸不饕等名雖有異而體無別。	Although the names not greedy and so forth differ, their substance is no different.
['T27n1545_042:0216a07_14']	皆為顯示易養義故。	皆為顯示易養義故。	They are all for the sake of displaying the meaning of easy to support.
['T27n1545_042:0216a08_5']	易滿易養有何差別。	易滿易養有何差別。	What is the difference between easy to satisfy and easy to support?
['T27n1545_042:0216a08_15']	答即前所說是謂差別。	答即前所說是謂差別。	Answer: It is precisely the previously mentioned distinctions.
['T27n1545_042:0216a09_4']	問何故復作此論。	問何故復作此論。	Question: Why is this treatise composed again?
['T27n1545_042:0216a09_14']	答欲令疑者得決定故。	答欲令疑者得決定故。	Answer: In order to make the doubtful attain certainty.
['T27n1545_042:0216a10_5', 'T27n1545_042:0216a10_18']	謂此二法展轉相似。🔽見易滿者世人共言此是易養。	謂此二法展轉相似。 見易滿者世人共言此是易養。	Because these two dharmas are mutually similar.🔽Seeing one who is easily satisfied, worldly people commonly say this one is easy to support.
['T27n1545_042:0216a11_12']	見易養者世人共言此是易滿。	見易養者世人共言此是易滿。	Seeing one who is easy to support, worldly people commonly say this one is easily satisfied.
['T27n1545_042:0216a12_4']	或有生疑此二是一。	或有生疑此二是一。	Some give rise to doubt that these two are one.
['T27n1545_042:0216a12_13']	為令彼疑得決定故。	為令彼疑得決定故。	In order to make that doubt become certain,
['T27n1545_042:0216a13_8']	顯此二種其義各別故作斯論。	顯此二種其義各別故作斯論。	it is shown that these two have different meanings, so this treatise is composed.
['T27n1545_042:0216a14_6']	謂即前說不重食等少便能濟是易滿。	謂即前說不重食等少便能濟是易滿。	That is to say, the previously mentioned not eating again and so forth, being able to sustain oneself with little, is being easily satisfied.
['T27n1545_042:0216a14_18']	諸不饕等趣得便濟是易養。	諸不饕等趣得便濟是易養。	Those who are not greedy and so forth, being able to sustain oneself by obtaining just enough, are easy to support.
['T27n1545_042:0216a15_7']	復次少欲是易滿。	復次少欲是易滿。	Moreover, having few desires is being easily satisfied.
['T27n1545_042:0216a15_14']	不希食故喜足。	不希食故喜足。	Not hoping for food, being content,
['T27n1545_042:0216a15_18']	是易養。	是易養。	is being easy to support.
['T27n1545_042:0216a16_5']	不選擇而食故。	不選擇而食故。	Not selecting while eating,
['T27n1545_042:0216a16_14']	此中文略但依食說。	此中文略但依食說。	this text is abbreviated and only explains it based on food.
['T27n1545_042:0216a17_4']	應知衣等亦有二義。	應知衣等亦有二義。	It should be known that clothing and so forth also have two meanings.
['T27n1545_042:0216a17_13']	有本無此差別問答。	有本無此差別問答。	Some texts do not have this question and answer on distinctions.
['T27n1545_042:0216a18_5']	問何故此中不問差別。	問何故此中不問差別。	Question: Why is the distinction not asked about here?
['T27n1545_042:0216a19_2']	答應問而不問者應知此義有餘。	答應問而不問者應知此義有餘。	Answer: What should be asked but is not asked should be known to have other meanings.
['T27n1545_042:0216a19_13']	復次答不異前故不復問。	復次答不異前故不復問。	Moreover, because the answer is not different from the previous, it is not asked again.
['T27n1545_042:0216a21_2']	非如少欲喜足答異前故應知此中有少食者而名難滿。	非如少欲喜足答異前故應知此中有少食者而名難滿。	It is not like the answer to few desires and contentment is different from the previous, so it should be known that there are those who eat little here but are called difficult to satisfy.
['T27n1545_042:0216a21_16']	如食一團即得充濟而食二團等。	如食一團即得充濟而食二團等。	Like eating one ball and being able to sustain oneself, but eating two balls and so on.
['T27n1545_042:0216a22_7']	有多食者而名易滿。	有多食者而名易滿。	There are those who eat a lot but are called easy to satisfy.
['T27n1545_042:0216a22_16']	如食一斛方得充濟。	如食一斛方得充濟。	Like eating one bushel and only then being able to sustain oneself.
['T27n1545_042:0216a23_7']	但食爾所更不多食。	但食爾所更不多食。	But eating just that much and not eating more.
['T27n1545_042:0216a23_16']	昔有牝象名曰磨荼。	昔有牝象名曰磨荼。	In the past there was a female elephant named Mata.
['T27n1545_042:0216a24_14']	從外方載佛馱都來入迦濕彌羅國。	從外方載佛馱都來入迦濕彌羅國。	Carrying the Buddha's relics from a foreign land, she entered the country of Kashmira.
['T27n1545_042:0216a25_10']	乘斯福力命終生此得丈夫身。	乘斯福力命終生此得丈夫身。	By the power of this merit, she ended her life and was reborn as a man.
['T27n1545_042:0216a26_2']	出家修道成阿羅漢。	出家修道成阿羅漢。	She left home to cultivate the path and became an arhat.
['T27n1545_042:0216a26_15']	宿習力故日食一斛乃得充濟。	宿習力故日食一斛乃得充濟。	By the power of her past habits, she ate one bushel a day and was able to sustain herself.
['T27n1545_042:0216a27_10']	將般涅槃集曾供覲苾芻尼曰。	將般涅槃集曾供覲苾芻尼曰。	Before entering final nirvana, she gathered the bhikṣuṇīs who had attended her and said:
['T27n1545_042:0216a28_2']	當為汝等說我勝法。	當為汝等說我勝法。	I will tell you about my supreme Dharma.
['T27n1545_042:0216a28_7']	尼眾誚言。	尼眾誚言。	The nuns ridiculed her, saying,
['T27n1545_042:0216a28_12']	尊既易滿。	尊既易滿。	Since you are so easily satisfied,
['T27n1545_042:0216a28_17']	誠有勝法。	誠有勝法。	you must have some superior Dharma.
['T27n1545_042:0216a29_2']	阿羅漢曰。	阿羅漢曰。	The arhat said,
['T27n1545_042:0216a29_11']	汝勿相輕吾實易滿。	汝勿相輕吾實易滿。	Do not look down on me. I am indeed easily satisfied.
['T27n1545_042:0216a29_16']	苾芻尼言。	苾芻尼言。	The bhikṣuṇī said,
['T27n1545_042:0216b01_6']	日食一斛如何易滿。	日食一斛如何易滿。	How can you be easily satisfied if you eat a bushel of rice a day?
['T27n1545_042:0216b01_11']	阿羅漢曰。	阿羅漢曰。	The arhat said,
['T27n1545_042:0216b02_13']	汝等不知我此生前曾為牝象載佛馱都來入此國。	汝等不知我此生前曾為牝象載佛馱都來入此國。	You do not know that in my previous life I was a female elephant that carried the Buddha's relics to this country.
['T27n1545_042:0216b03_13']	由斯善業今得為人出家修道成阿羅漢。	由斯善業今得為人出家修道成阿羅漢。	Because of this good karma, I was now able to become a human, leave the household life, cultivate the path, and attain arhatship.
['T27n1545_042:0216b04_9', 'T27n1545_042:0216b04_14']	餘習力故日應食飯一斛五斗。🔽恒自節量。	餘習力故日應食飯一斛五斗。 恒自節量。	Due to the power of residual habits, I should eat one and a half bushels of rice a day.🔽I always regulate myself and only eat one bushel.
['T27n1545_042:0216b05_9']	但食一斛如斯易滿非我而誰。	但食一斛如斯易滿非我而誰。	Who else but me could be so easily satisfied?
['T27n1545_042:0216b06_1']	時苾芻尼頂禮悔謝。	時苾芻尼頂禮悔謝。	At that time, the bhikṣuṇī bowed her head in repentance and apologized.
['T27n1545_042:0216b07_4']	又勝軍王福德力故日能食飯飲甘蔗漿各兩大斛。	又勝軍王福德力故日能食飯飲甘蔗漿各兩大斛。	Moreover, because of King Mahāsudarśana's power of merit and virtue, he was able to eat two large bushels of rice and drink two large bushels of sugarcane juice a day.
['T27n1545_042:0216b07_17']	此漿及飯因一莖蔗一枝稻生。	此漿及飯因一莖蔗一枝稻生。	This juice and rice came from a single stalk of sugarcane and a single grain of rice.
['T27n1545_042:0216b08_7']	然自節量各食一斛。	然自節量各食一斛。	However, he regulated himself and only ate one bushel of each.
['T27n1545_042:0216b08_16']	此等多食而名易滿。	此等多食而名易滿。	These are examples of eating a lot while being easily satisfied.
['T27n1545_042:0216b09_7']	有選擇食名為難養。	有選擇食名為難養。	There are those who are difficult to support because they are selective in their food.
['T27n1545_042:0216b10_8']	如食麁食足得充濟而饕餮故選擇食之。	如食麁食足得充濟而饕餮故選擇食之。	For example, if coarse food is sufficient to sustain them, yet they are greedy and choose to eat fine food.
['T27n1545_042:0216b10_17']	有選擇食而名易養。	有選擇食而名易養。	There are those who are selective in their food yet are easy to support.
['T27n1545_042:0216b11_8']	如食麁食不得支身。	如食麁食不得支身。	For example, if coarse food cannot sustain them,
['T27n1545_042:0216b12_1']	選擇食之方可充濟。	選擇食之方可充濟。	they choose to eat fine food in order to sustain themselves.
['T27n1545_042:0216b12_10']	而於美食心不耽嗜。	而於美食心不耽嗜。	Yet they are not attached to fine food.
['T27n1545_042:0216b12_18']	或有貪多而食少。	或有貪多而食少。	There are those who are greedy but eat little,
['T27n1545_042:0216b13_4']	如烏鵄等。	如烏鵄等。	like owls and other birds.
['T27n1545_042:0216b13_12']	或有食多而貪少。	或有食多而貪少。	There are those who eat much but are not greedy,
['T27n1545_042:0216b13_17']	如象馬等。	如象馬等。	like elephants and horses.
['T27n1545_042:0216b14_5']	或有貪食俱多。	或有貪食俱多。	There are those who are greedy and eat much,
['T27n1545_042:0216b14_10']	如猫犬等。	如猫犬等。	like cats and dogs.
['T27n1545_042:0216b14_17']	或有貪食俱少。	或有貪食俱少。	There are those who are not greedy and eat little,
['T27n1545_042:0216b15_3']	如龜蟹等。	如龜蟹等。	like turtles and crabs.
['T27n1545_042:0216b15_12']	難滿難養俱是欲界。	難滿難養俱是欲界。	Those who are difficult to satisfy and difficult to support are both in the desire realm.
['T27n1545_042:0216b15_17']	通於六識。	通於六識。	They are common to the six consciousnesses.
['T27n1545_042:0216b16_2']	貪不善根。	貪不善根。	They are the unwholesome roots of greed.
['T27n1545_042:0216b16_15']	易滿易養俱是三界繫及不繫。	易滿易養俱是三界繫及不繫。	Those who are easy to satisfy and easy to support are both bound to the three realms and unattached.
['T27n1545_042:0216b17_1']	通於六識。	通於六識。	They are common to the six consciousnesses.
['T27n1545_042:0216b17_6']	無貪善根。	無貪善根。	They are the wholesome roots of non-greed.
['T27n1545_042:0216b17_11']	如契經說。	如契經說。	As the sutras say:
['T27n1545_042:0216b18_5']	有四聖種皆以喜足為其自性。	有四聖種皆以喜足為其自性。	There are four noble lineages, all of which take contentment as their intrinsic nature.
['T27n1545_042:0216b19_1', 'T27n1545_042:0216b21_3']	此四廣如定蘊不還納息中說。🔽8 思納息1雜蘊第一中思納息第八之一云何思。	此四廣如定蘊不還納息中說。 8 思納息1雜蘊第一中思納息第八之一云何思。	These four are explained in detail in the Non-returners section of the Aggregates of Concentration.
['T27n1545_042:0216b21_7']	云何慮。	云何慮。	What is deliberation?
['T27n1545_042:0216b22_1']	如是等章及解章義既領會已。	如是等章及解章義既領會已。	Having understood such chapters and the meaning of the chapters,
['T27n1545_042:0216b22_6']	次應廣釋。	次應廣釋。	one should next explain them in detail.
['T27n1545_042:0216b22_13']	問何故作此論。	問何故作此論。	Question: Why is this treatise composed?
['T27n1545_042:0216b23_4']	答為止他宗顯正義故。	答為止他宗顯正義故。	Answer: In order to stop other schools and reveal the correct principle.
['T27n1545_042:0216b23_13']	謂或有執思慮是心。	謂或有執思慮是心。	That is to say, some hold that deliberation is the mind.
['T27n1545_042:0216b24_8']	如譬喻者彼說思慮是心差別。	如譬喻者彼說思慮是心差別。	Like the Upāyakauśalya Sūtra, which says that deliberation is a distinction of the mind.
['T27n1545_042:0216b24_13']	無別有體。	無別有體。	There is no separate substance.
['T27n1545_042:0216b25_12']	為遮彼執顯思與慮是心所法別有自體。	為遮彼執顯思與慮是心所法別有自體。	In order to refute that view and show that deliberation and reflection are mental factors with separate substances of their own.
['T27n1545_042:0216b25_17']	或復有執。	或復有執。	Or there are some who hold that
['T27n1545_042:0216b26_12']	思之與慮聲雖有異而體無別。	思之與慮聲雖有異而體無別。	although the sounds of deliberation and reflection are different, their substance is not separate.
['T27n1545_042:0216b27_12']	如聲論者彼說思慮音韻雖別而無異體。	如聲論者彼說思慮音韻雖別而無異體。	Like the Śabdavidyā specialists, who say that although the sounds of deliberation and reflection are different, they have no different substance.
['T27n1545_042:0216b27_17']	為遮彼執。	為遮彼執。	In order to refute that view.
['T27n1545_042:0216b28_12']	顯此二種自體亦別故作斯論。	顯此二種自體亦別故作斯論。	In order to show that these two kinds also have separate substances, this treatise is composed.
['T27n1545_042:0216b28_16']	云何思。	云何思。	What is deliberation?
['T27n1545_042:0216b29_17']	答謂思等思增思思性思類心行意業是謂思。	答謂思等思增思思性思類心行意業是謂思。	Answer: It is thinking, equal thinking, increased thinking, the nature of thinking, the class of thinking, mental activity, and mental action. This is called deliberation.
['T27n1545_042:0216c01_12']	此本論師於異名義得善巧故。	此本論師於異名義得善巧故。	Because the author of this treatise is skilled in different names and meanings.
['T27n1545_042:0216c02_4']	以種種名顯示思體。	以種種名顯示思體。	Using various names to reveal the essence of thought.
['T27n1545_042:0216c02_13']	文雖有異而體無別。	文雖有異而體無別。	Although the text is different, the essence is no different.
['T27n1545_042:0216c03_5']	問此中思者說何等思。	問此中思者說何等思。	Question: What kind of thought is being discussed here?
['T27n1545_042:0216c03_10']	有作是說。	有作是說。	Some say:
['T27n1545_042:0216c04_1']	此說牽引眾同分思。	此說牽引眾同分思。	This discusses the thought that attracts the same class.
['T27n1545_042:0216c04_6']	有餘師說。	有餘師說。	Other masters say:
['T27n1545_042:0216c04_15']	此說圓滿眾同分思。	此說圓滿眾同分思。	This discusses the thought that perfects the same class.
['T27n1545_042:0216c04_18']	評曰。	評曰。	The judges say:
['T27n1545_042:0216c05_3']	應作是說。	應作是說。	It should be said:
['T27n1545_042:0216c05_12', 'T27n1545_042:0216c06_3']	此中總說一切意業。🔽若能牽引眾同分者。	此中總說一切意業。 若能牽引眾同分者。	Here, all mental activities are discussed in general.🔽Whether it can attract the same class,
['T27n1545_042:0216c06_12', 'T27n1545_042:0216c06_17']	若能圓滿眾同分者。🔽若有漏者。	若能圓滿眾同分者。 若有漏者。	Whether it can perfect the same class,🔽Whether it is contaminated,
['T27n1545_042:0216c07_2']	若無漏者。	若無漏者。	Whether it is uncontaminated,
['T27n1545_042:0216c07_7']	若在意地。	若在意地。	Whether it is in the mental realm,
['T27n1545_042:0216c07_12']	若在五識。	若在五識。	Whether it is in the five consciousnesses,
['T27n1545_042:0216c07_17']	皆說名思。	皆說名思。	All are called thought.
['T27n1545_042:0216c08_6']	一切皆有造作相故。	一切皆有造作相故。	Because all have the characteristic of activity.
['T27n1545_042:0216c09_8']	云何慮答諸慮等慮增慮稱量籌度觀察是謂慮。	云何慮答諸慮等慮增慮稱量籌度觀察是謂慮。	What is deliberation? It refers to deliberation, equal deliberation, increased deliberation, weighing, considering, observing, and so on. This is called deliberation.
['T27n1545_042:0216c10_3']	此本論師於異名義得善巧故。	此本論師於異名義得善巧故。	Because the author of this treatise is skilled in different names and meanings.
['T27n1545_042:0216c10_12']	以種種名顯示慮體。	以種種名顯示慮體。	Using various names to reveal the essence of cognition.
['T27n1545_042:0216c11_3']	文雖有異而體無別。	文雖有異而體無別。	Although the text has differences, the essence is no different.
['T27n1545_042:0216c11_13']	問此中慮者說何等慮。	問此中慮者說何等慮。	Question: What kind of cognition is being discussed here?
['T27n1545_042:0216c11_18']	有作是說。	有作是說。	Some say:
['T27n1545_042:0216c12_8']	此說通達四聖諦慮。	此說通達四聖諦慮。	This discusses the cognition that penetrates the four noble truths.
['T27n1545_042:0216c13_3']	謂見道等如實觀察四聖諦故。	謂見道等如實觀察四聖諦故。	This is because the path of seeing and so forth truly observes the four noble truths.
['T27n1545_042:0216c13_8']	有餘師說。	有餘師說。	Other masters say:
['T27n1545_042:0216c13_17']	此中正說修所成慮。	此中正說修所成慮。	Here it correctly discusses the cognition accomplished through cultivation.
['T27n1545_042:0216c14_7']	謂燸頂忍世第一法。	謂燸頂忍世第一法。	This refers to the four dharmas of heat, summit, patience, and the highest worldly dharmas.
['T27n1545_042:0216c14_12']	或有說者。	或有說者。	Some say:
['T27n1545_042:0216c15_2']	此中正說思所成慮。	此中正說思所成慮。	Here it correctly discusses the cognition accomplished through thinking.
['T27n1545_042:0216c15_11']	謂不淨觀持息念等。	謂不淨觀持息念等。	This refers to the meditation on impurity, mindfulness of breathing, and so forth.
['T27n1545_042:0216c15_16']	乃至念住。	乃至念住。	Up to the foundations of mindfulness.
['T27n1545_042:0216c16_1']	復有說者。	復有說者。	Again, some say:
['T27n1545_042:0216c16_10']	此中正說聞所成慮。	此中正說聞所成慮。	Here it correctly discusses the cognition accomplished through hearing.
['T27n1545_042:0216c17_1']	謂分別諸法自相共相。	謂分別諸法自相共相。	This refers to discriminating the specific and general characteristics of dharmas.
['T27n1545_042:0216c17_10']	安立諸法自相共相。	安立諸法自相共相。	Establishing the specific and general characteristics of dharmas.
['T27n1545_042:0216c18_1']	除物體愚及所緣愚。	除物體愚及所緣愚。	Eliminating the delusion regarding the substance and the delusion regarding the object.
['T27n1545_042:0216c18_10']	於諸法中不增不減。	於諸法中不增不減。	Not increasing or decreasing with regard to dharmas.
['T27n1545_042:0216c18_15']	或復有說。	或復有說。	Or some say:
['T27n1545_042:0216c19_5']	此中正說生所得慮。	此中正說生所得慮。	Here it correctly discusses the cognition obtained from birth.
['T27n1545_042:0216c19_14']	謂於三藏十二分教。	謂於三藏十二分教。	It refers to the Tripiṭaka and the twelve divisions of the Buddhist canon.
['T27n1545_042:0216c20_4']	受持轉讀究竟流布。	受持轉讀究竟流布。	Receiving and upholding, reciting and reading, and ultimately circulating them.
['T27n1545_042:0216c20_7']	評曰。	評曰。	The judges say:
['T27n1545_042:0216c20_12']	應作是說。	應作是說。	One should say:
['T27n1545_042:0216c21_1']	此中總說一切般若。	此中總說一切般若。	Herein, all prajñā is generally spoken of.
['T27n1545_042:0216c21_6']	若生所得。	若生所得。	Whether obtained from birth,
['T27n1545_042:0216c21_11']	若聞所成。	若聞所成。	whether accomplished through hearing,
['T27n1545_042:0216c21_16', 'T27n1545_042:0216c21_21', 'T27n1545_042:0216c22_4']	若思所成。🔽若修所成。🔽若通達諦。	若思所成。 若修所成。 若通達諦。	whether accomplished through contemplation,🔽whether accomplished through cultivation,🔽whether penetrating the truths,
['T27n1545_042:0216c22_9']	若有漏者。	若有漏者。	whether with outflows,
['T27n1545_042:0216c22_14']	若無漏者。	若無漏者。	whether without outflows,
['T27n1545_042:0216c23_4']	若在意地若在五識。	若在意地若在五識。	whether in the mental faculty or in the five consciousnesses,
['T27n1545_042:0216c23_9']	皆說名慮。	皆說名慮。	all are called thought.
['T27n1545_042:0216c24_5']	一切皆有觀察相故思慮何差別。	一切皆有觀察相故思慮何差別。	All have the characteristic of observation. What is the difference between thought and deliberation?
['T27n1545_042:0216c24_13']	問何故復作此論。	問何故復作此論。	Question: Why is this treatise composed again?
['T27n1545_042:0216c25_6']	答欲令疑者得決定故。	答欲令疑者得決定故。	Answer: In order to make the doubtful attain certainty.
['T27n1545_042:0216c25_15']	謂此二法展轉相似。	謂此二法展轉相似。	Because these two dharmas are mutually similar.
['T27n1545_042:0216c26_6']	見多思者世人共言。	見多思者世人共言。	Seeing one who has much deliberation, worldly people commonly say:
['T27n1545_042:0216c26_11']	此人多慮。	此人多慮。	This person has much thought.
['T27n1545_042:0216c27_2']	見多慮者世人共言。	見多慮者世人共言。	Seeing one who has much thought, worldly people commonly say:
['T27n1545_042:0216c27_7']	此人多思。	此人多思。	This person has much deliberation.
['T27n1545_042:0216c27_16']	或有生疑此二是一。	或有生疑此二是一。	Some have the doubt that these two are one.
['T27n1545_042:0216c28_6']	為令彼疑得決定故。	為令彼疑得決定故。	In order to make that doubt become certain,
['T27n1545_042:0216c29_2']	顯此二種其體各別故作斯論。	顯此二種其體各別故作斯論。	This treatise is composed to show that the natures of these two are each distinct.
['T27n1545_042:0216c29_8']	思慮何差別。	思慮何差別。	What is the difference between thinking and reflection?
['T27n1545_042:0216c29_13']	答思者業。	答思者業。	The answer is: Thinking is action.
['T27n1545_042:0216c29_17']	慮者慧。	慮者慧。	Reflection is wisdom.
['T27n1545_042:0217a01_2']	是謂差別。	是謂差別。	This is the difference.
['T27n1545_042:0217a01_10']	復次思是造作相。	復次思是造作相。	Furthermore, thinking has the characteristic of creation.
['T27n1545_042:0217a01_16']	慮是觀察相。	慮是觀察相。	Reflection has the characteristic of investigation.
['T27n1545_042:0217a02_13']	復次能分別愛非愛果令無雜亂是思相。	復次能分別愛非愛果令無雜亂是思相。	Furthermore, the characteristic of thinking is to distinguish between desirable and undesirable fruits, preventing confusion.
['T27n1545_042:0217a03_13']	能分別諸法自相共相令無疑惑是慮相。	能分別諸法自相共相令無疑惑是慮相。	The characteristic of reflection is to distinguish the specific and general characteristics of dharmas, preventing doubt.
['T27n1545_042:0217a04_15']	問一切不善善有漏法皆能感愛非愛異熟果。	問一切不善善有漏法皆能感愛非愛異熟果。	Question: All unwholesome and wholesome contaminated dharmas can lead to desirable and undesirable karmic results.
['T27n1545_042:0217a05_14']	何故但說思能分別愛非愛果非餘法耶。	何故但說思能分別愛非愛果非餘法耶。	Why is it said that only thinking can distinguish desirable and undesirable fruits, and not the other dharmas?
['T27n1545_042:0217a06_7']	答思最勝故作如是說。	答思最勝故作如是說。	Answer: It is said in this way because thinking is supreme.
['T27n1545_042:0217a07_3']	謂思能感愛非愛果勢力最勝。	謂思能感愛非愛果勢力最勝。	That is to say, thinking has the supreme power to lead to desirable and undesirable fruits.
['T27n1545_042:0217a07_8']	是故偏說。	是故偏說。	Therefore, it is said in a biased way.
['T27n1545_042:0217a08_12']	如偈書染雖有餘緣以人勝故人得其名此亦如是。	如偈書染雖有餘緣以人勝故人得其名此亦如是。	Just as in a verse, although there are other conditions for dyeing, because the person is superior, the person gets the name. This is also like that.
['T27n1545_042:0217a09_13']	問分別諸法自相共相餘心心所亦有此能。	問分別諸法自相共相餘心心所亦有此能。	Question: As for distinguishing the specific and general characteristics of dharmas, other minds and mental factors also have this ability.
['T27n1545_042:0217a10_4']	何故說此是慧非餘。	何故說此是慧非餘。	Why is it said that this is wisdom and not the others?
['T27n1545_042:0217a10_14']	答慧最勝故作如是說。	答慧最勝故作如是說。	Answer: Because wisdom is supreme, it is said to be so.
['T27n1545_042:0217a11_9']	謂慧分別諸法自相共相最勝。	謂慧分別諸法自相共相最勝。	That is to say, wisdom is supreme in distinguishing the specific and common characteristics of dharmas.
['T27n1545_042:0217a11_14']	是故偏說。	是故偏說。	Therefore, it is said in a biased way.
['T27n1545_042:0217a12_11']	引喻如前問何等慧能分別諸法自相。	引喻如前問何等慧能分別諸法自相。	The analogy is as before. The question is: What kind of wisdom can distinguish the specific characteristics of dharmas?
['T27n1545_042:0217a13_6']	何等慧能分別諸法共相耶。	何等慧能分別諸法共相耶。	What kind of wisdom can distinguish the common characteristics of dharmas?
['T27n1545_042:0217a13_14']	答分別一物相者。	答分別一物相者。	The answer is: Distinguishing the characteristics of a single thing
['T27n1545_042:0217a14_2']	是分別自相。	是分別自相。	is distinguishing the specific characteristics.
['T27n1545_042:0217a14_9']	分別多物相者。	分別多物相者。	Distinguishing the characteristics of many things
['T27n1545_042:0217a14_15']	是分別共相。	是分別共相。	is distinguishing the common characteristics.
['T27n1545_042:0217a15_6']	復次分別一一蘊等者。	復次分別一一蘊等者。	Furthermore, distinguishing each of the aggregates, etc.
['T27n1545_042:0217a15_12']	是分別自相。	是分別自相。	is distinguishing the specific characteristics.
['T27n1545_042:0217a16_3']	分別二蘊三蘊等者。	分別二蘊三蘊等者。	Distinguishing two or three aggregates, etc.
['T27n1545_042:0217a16_9']	是分別共相。	是分別共相。	is distinguishing the common characteristics.
['T27n1545_042:0217a17_4']	復次聞思所成慧多分別自相。	復次聞思所成慧多分別自相。	Furthermore, the wisdom accomplished through hearing and contemplation mainly distinguishes the specific characteristics.
['T27n1545_042:0217a17_14']	修所成慧多分別共相。	修所成慧多分別共相。	The wisdom accomplished through cultivation mainly distinguishes the common characteristics.
['T27n1545_042:0217a18_11']	復次十六行相所不攝慧多分別自相。	復次十六行相所不攝慧多分別自相。	Furthermore, the wisdom not included in the sixteen aspects mainly distinguishes the specific characteristics.
['T27n1545_042:0217a19_7']	十六行相所攝慧唯分別共相。	十六行相所攝慧唯分別共相。	The wisdom included in the sixteen aspects only distinguishes the common characteristics.
['T27n1545_042:0217a20_2']	復次行諦時慧多分別自相。	復次行諦時慧多分別自相。	Furthermore, when practicing the truths, wisdom mainly distinguishes specific characteristics.
['T27n1545_042:0217a20_12']	現觀時慧唯分別共相。	現觀時慧唯分別共相。	When realizing the truths, wisdom only distinguishes common characteristics.
['T27n1545_042:0217a21_7']	復次別觀諸諦慧名分別自相。	復次別觀諸諦慧名分別自相。	Furthermore, the wisdom that separately observes the various truths is called distinguishing specific characteristics.
['T27n1545_042:0217a21_18']	總觀諸諦慧名分別共相。	總觀諸諦慧名分別共相。	The wisdom that comprehensively observes the various truths is called distinguishing common characteristics.
['T27n1545_042:0217a22_9']	問此二種慧如何應知。	問此二種慧如何應知。	Question: How should we understand these two kinds of wisdom?
['T27n1545_042:0217a23_1']	答如種種物近帝青寶。	答如種種物近帝青寶。	Answer: It is like various objects near a lapis lazuli gem.
['T27n1545_042:0217a23_10']	自相不現皆同彼色。	自相不現皆同彼色。	Their specific characteristics do not appear, but they all become the same color as the gem.
['T27n1545_042:0217a24_2']	分別共相慧應知亦爾。	分別共相慧應知亦爾。	The wisdom that distinguishes common characteristics should be understood in the same way.
['T27n1545_042:0217a24_11']	如種種物遠帝青寶。	如種種物遠帝青寶。	It is like various objects far from a lapis lazuli gem.
['T27n1545_042:0217a25_1']	青黃等色各別顯現。	青黃等色各別顯現。	The colors blue, yellow, and so forth are each distinctly apparent.
['T27n1545_042:0217a25_11']	分別自相慧應知亦爾。	分別自相慧應知亦爾。	The wisdom that distinguishes specific characteristics should be understood in the same way.
['T27n1545_042:0217a26_8']	復次如日出時光明遍照眾闇頓遣。	復次如日出時光明遍照眾闇頓遣。	Furthermore, it is like when the sun rises, its light universally illuminates and all darkness is suddenly dispelled.
['T27n1545_042:0217a26_18']	分別共相慧應知亦爾。	分別共相慧應知亦爾。	The wisdom that distinguishes common characteristics should be understood in the same way.
['T27n1545_042:0217a27_8']	如日出已漸照眾物。	如日出已漸照眾物。	It is like after the sun has risen, it gradually illuminates various objects.
['T27n1545_042:0217a27_17']	牆壁竅隙山巖幽藪。	牆壁竅隙山巖幽藪。	Through the gaps in walls, cliffs, and deep forests,
['T27n1545_042:0217a28_3']	皆悉顯現。	皆悉顯現。	they all become clearly visible.
['T27n1545_042:0217a28_13']	分別自相慧應知亦爾。	分別自相慧應知亦爾。	The wisdom that distinguishes specific characteristics should be understood in the same way.
['T27n1545_042:0217a29_10']	復次如人持燈初入闇室頓破諸闇。	復次如人持燈初入闇室頓破諸闇。	Furthermore, it is like a person holding a lamp entering a dark room, suddenly dispelling all darkness.
['T27n1545_042:0217b01_3']	分別共相慧應知亦爾。	分別共相慧應知亦爾。	One should know that the wisdom of discriminating common characteristics is also like this.
['T27n1545_042:0217b01_16']	如燈入已漸照瓶衣器篋諸物。	如燈入已漸照瓶衣器篋諸物。	It is like a lamp that gradually illuminates vases, clothes, boxes, and other objects after entering.
['T27n1545_042:0217b02_7']	分別自相慧應知亦爾。	分別自相慧應知亦爾。	One should know that the wisdom of discriminating specific characteristics is also like this.
['T27n1545_042:0217b03_1']	復次如鏡遠照別相不顯。	復次如鏡遠照別相不顯。	Furthermore, it is like a mirror that reflects distant objects indistinctly.
['T27n1545_042:0217b04_1']	分別共相慧應知亦爾如鏡近照別相明了。	分別共相慧應知亦爾如鏡近照別相明了。	One should know that the wisdom of discriminating common characteristics is also like this. It is like a mirror that reflects nearby objects clearly.
['T27n1545_042:0217b04_11']	分別自相慧應知亦爾。	分別自相慧應知亦爾。	One should know that the wisdom of discriminating specific characteristics is also like this.
['T27n1545_042:0217b05_4']	復次如人遠觀山林等物。	復次如人遠觀山林等物。	It is like a person viewing mountains, forests, and other objects from a distance.
['T27n1545_042:0217b05_14']	分別共相慧應知亦爾。	分別共相慧應知亦爾。	One should know that the wisdom of discriminating common characteristics is also like this.
['T27n1545_042:0217b06_5']	如人近觀山林等物。	如人近觀山林等物。	It is like a person viewing mountains, forests, and other objects up close.
['T27n1545_042:0217b06_15']	分別自相慧應知亦爾。	分別自相慧應知亦爾。	One should know that the wisdom of discriminating specific characteristics is also like this.
['T27n1545_042:0217b07_12']	問此中所說聞思修所成慧其相云何。	問此中所說聞思修所成慧其相云何。	Question: What are the characteristics of the wisdom accomplished through hearing, thinking, and cultivation that are mentioned here?
['T27n1545_042:0217b07_17']	有作是說。	有作是說。	There is an explanation:
['T27n1545_042:0217b08_7']	若於三藏十二分教。	若於三藏十二分教。	If one receives and upholds the Tripiṭaka and the twelve divisions of the scriptures,
['T27n1545_042:0217b08_17']	受持轉讀究竟流布名。	受持轉讀究竟流布名。	reads and recites them to the end, and spreads them widely, this is called
['T27n1545_042:0217b09_3']	聞所成慧。	聞所成慧。	the wisdom accomplished through hearing.
['T27n1545_042:0217b09_12']	依此發生思所成慧。	依此發生思所成慧。	Based on this, one gives rise to the wisdom accomplished through thinking.
['T27n1545_042:0217b10_3']	依此發生修所成慧。	依此發生修所成慧。	Based on this, the wisdom arisen from cultivation is generated.
['T27n1545_042:0217b10_12']	此斷煩惱證得涅槃。	此斷煩惱證得涅槃。	This eliminates afflictions and realizes nirvāṇa.
['T27n1545_042:0217b11_6']	如依金鑛生金依金生金剛。	如依金鑛生金依金生金剛。	It is like gold being produced from gold ore and diamond being produced from gold.
['T27n1545_042:0217b11_15']	此能摧壞山石等物。	此能摧壞山石等物。	This can destroy mountains, rocks, and other things.
['T27n1545_042:0217b11_18']	評曰。	評曰。	The judges say:
['T27n1545_042:0217b12_4']	應作是說。	應作是說。	It should be said:
['T27n1545_042:0217b12_13']	若於三藏十二分教。	若於三藏十二分教。	If one receives and upholds the Tripiṭaka and the twelve divisions of the teachings,
['T27n1545_042:0217b13_4']	受持轉讀究竟流布。	受持轉讀究竟流布。	reads and recites them to the end and spreads them widely,
['T27n1545_042:0217b13_9']	是生得慧。	是生得慧。	this is wisdom obtained by birth.
['T27n1545_042:0217b13_18']	依此發生聞所成慧。	依此發生聞所成慧。	Based on this, the wisdom arisen from hearing is generated.
['T27n1545_042:0217b14_7']	依此發生思所成慧。	依此發生思所成慧。	Based on this, the wisdom arisen from contemplation is generated.
['T27n1545_042:0217b14_16']	依此發生修所成慧。	依此發生修所成慧。	Based on this, the wisdom arisen from cultivation is generated.
['T27n1545_042:0217b15_7']	此斷煩惱證得涅槃。	此斷煩惱證得涅槃。	This eliminates afflictions and realizes nirvāṇa.
['T27n1545_042:0217b15_13']	如依種生芽。	如依種生芽。	It is like sprouts being produced from seeds,
['T27n1545_042:0217b16_1']	依芽生莖。	依芽生莖。	stalks being produced from sprouts,
['T27n1545_042:0217b16_10']	依莖轉生枝葉花果。	依莖轉生枝葉花果。	and branches, leaves, flowers, and fruits being produced from stalks in turn.
['T27n1545_042:0217b17_4']	復次依聞生者名聞所成慧。	復次依聞生者名聞所成慧。	Furthermore, that which arises from hearing is called the wisdom arisen from hearing.
['T27n1545_042:0217b17_14']	依思生者名思所成慧。	依思生者名思所成慧。	That which arises from contemplation is called the wisdom arisen from contemplation.
['T27n1545_042:0217b18_6']	依修生者名修所成慧。	依修生者名修所成慧。	That which arises from cultivation is called the wisdom arisen from cultivation.
['T27n1545_042:0217b18_18']	復次聞所引者名聞所成慧。	復次聞所引者名聞所成慧。	Furthermore, that which is drawn out by hearing is called the wisdom arisen from hearing.
['T27n1545_042:0217b19_9']	思所引者名思所成慧。	思所引者名思所成慧。	That which is attracted by thinking is called wisdom accomplished by thinking.
['T27n1545_042:0217b20_1', 'T27n1545_042:0217b20_8']	修所引者名修所成慧。🔽復次緣力起者。	修所引者名修所成慧。 復次緣力起者。	That which is attracted by cultivation is called wisdom accomplished by cultivation.
['T27n1545_042:0217b20_14', 'T27n1545_042:0217b20_19']	名聞所成慧。🔽因力起者。	名聞所成慧。 因力起者。	Furthermore, that which arises from the power of conditions is called wisdom accomplished by hearing.
['T27n1545_042:0217b21_5', 'T27n1545_042:0217b21_10']	名思所成慧。🔽俱力起者。	名思所成慧。 俱力起者。	That which arises from the power of causes is called wisdom accomplished by thinking.
['T27n1545_042:0217b21_16', 'T27n1545_042:0217b22_3']	名修所成慧。🔽復次他力起者。	名修所成慧。 復次他力起者。	That which arises from both powers is called wisdom accomplished by cultivation.
['T27n1545_042:0217b22_9', 'T27n1545_042:0217b22_14']	名聞所成慧。🔽自力起者。	名聞所成慧。 自力起者。	Furthermore, that which arises from the power of others is called wisdom accomplished by hearing.
['T27n1545_042:0217b23_1', 'T27n1545_042:0217b23_6']	名思所成慧。🔽俱力起者。	名思所成慧。 俱力起者。	That which arises from one's own power is called wisdom accomplished by thinking.
['T27n1545_042:0217b23_12', 'T27n1545_042:0217b23_20']	名修所成慧。🔽復次資糧力起者。	名修所成慧。 復次資糧力起者。	That which arises from both powers is called wisdom accomplished by cultivation.
['T27n1545_042:0217b24_5', 'T27n1545_042:0217b24_11']	名聞所成慧。🔽自性力起者。	名聞所成慧。 自性力起者。	Furthermore, that which arises from the power of provisions is called wisdom accomplished by hearing.
['T27n1545_042:0217b24_17', 'T27n1545_042:0217b25_3']	名思所成慧。🔽俱力起者。	名思所成慧。 俱力起者。	That which arises from the power of self-nature is called wisdom accomplished by thinking.
['T27n1545_042:0217b25_9', 'T27n1545_042:0217b25_16']	名修所成慧。🔽復次外力起者。	名修所成慧。 復次外力起者。	That which arises from both powers is called wisdom accomplished by cultivation.
['T27n1545_042:0217b26_3', 'T27n1545_042:0217b26_8']	名聞所成慧。🔽內力起者。	名聞所成慧。 內力起者。	Furthermore, that which arises from the power of external conditions is called wisdom accomplished by hearing.
['T27n1545_042:0217b26_14', 'T27n1545_042:0217b26_19']	名思所成慧。🔽俱力起者。	名思所成慧。 俱力起者。	That which arises from the power of internal conditions is called wisdom accomplished by thinking.
['T27n1545_042:0217b27_4']	名修所成慧。	名修所成慧。	That which arises from both powers is called wisdom accomplished by cultivation.
['T27n1545_042:0217b27_11']	復次教力起者。	復次教力起者。	Furthermore, that which arises from the power of instruction is called wisdom accomplished by hearing.
['T27n1545_042:0217b27_17']	名聞所成慧。	名聞所成慧。	It is called wisdom accomplished through hearing.
['T27n1545_042:0217b28_2']	義力起者。	義力起者。	That which arises from the power of meaning
['T27n1545_042:0217b28_8']	名思所成慧。	名思所成慧。	Is called wisdom accomplished through thinking.
['T27n1545_042:0217b28_13']	定力起者。	定力起者。	That which arises from the power of concentration
['T27n1545_042:0217b29_9']	名修所成慧問如是三慧有何差別。	名修所成慧問如是三慧有何差別。	Is called wisdom accomplished through cultivation. Question: What are the differences between these three kinds of wisdom?
['T27n1545_042:0217b29_15']	答聞所成慧。	答聞所成慧。	Answer: Wisdom accomplished through hearing
['T27n1545_042:0217c01_6']	於一切時依名了義。	於一切時依名了義。	At all times understands the meaning based on the names.
['T27n1545_042:0217c01_11', 'T27n1545_042:0217c01_15', 'T27n1545_042:0217c02_1']	彼作是念。🔽素怛纜。🔽毘奈耶。	彼作是念。 素怛纜。 毘奈耶。	They think like this:
['T27n1545_042:0217c02_12']	阿毘達磨所說有何義耶。	阿毘達磨所說有何義耶。	What is the meaning of what is said in the sūtras,🔽the vinaya,🔽and the abhidharma?
['T27n1545_042:0217c03_9']	親教軌範同梵行者所說有何義耶。	親教軌範同梵行者所說有何義耶。	What is the meaning of what is said by the preceptor, the teacher, and fellow practitioners?
['T27n1545_042:0217c04_3']	諸餘論等所說有何義耶。	諸餘論等所說有何義耶。	What is the meaning of what is said in the various treatises?
['T27n1545_042:0217c04_12']	隨其所念皆能解了。	隨其所念皆能解了。	According to what they think, they are all able to understand and comprehend.
['T27n1545_042:0217c04_17', 'T27n1545_042:0217c05_6']	思所成慧。🔽有時依名了義。	思所成慧。 有時依名了義。	Wisdom accomplished through thinking🔽Sometimes understands the meaning based on the names,
['T27n1545_042:0217c05_15']	有時不依名而了義。	有時不依名而了義。	sometimes without relying on the names understands the meaning.
['T27n1545_042:0217c06_3']	修所成慧。	修所成慧。	Wisdom accomplished through cultivation
['T27n1545_042:0217c06_14']	於一切時不依名而了義。	於一切時不依名而了義。	At all times does not rely on the names to understand the meaning.
['T27n1545_042:0217c07_6']	如有三人入池洗浴。	如有三人入池洗浴。	It is like three people entering a pond to bathe.
['T27n1545_042:0217c07_11', 'T27n1545_042:0217c07_16']	一未學浮。🔽二學未善。	一未學浮。 二學未善。	One has not yet learned to float,🔽one has learned but is not yet skilled,
['T27n1545_042:0217c08_3']	三學已善。	三學已善。	and one has already learned well.
['T27n1545_042:0217c08_8']	未學浮者。	未學浮者。	Those who have not yet learned to swim.
['T27n1545_042:0217c09_4']	於一切時攀岸草等然後洗浴。	於一切時攀岸草等然後洗浴。	At all times they grasp at the grass on the shore and then wash.
['T27n1545_042:0217c09_13']	聞所成慧應知亦爾。	聞所成慧應知亦爾。	It should be known that the wisdom born of hearing is also like this.
['T27n1545_042:0217c10_7']	學未善者或攀不攀而能洗浴。	學未善者或攀不攀而能洗浴。	Those who have learned but are not yet skilled may or may not grasp at something while washing.
['T27n1545_042:0217c10_16']	思所成慧應知亦爾。	思所成慧應知亦爾。	It should be known that the wisdom born of contemplation is also like this.
['T27n1545_042:0217c11_15']	學已善者於一切時無所攀附自在洗浴。	學已善者於一切時無所攀附自在洗浴。	Those who have already learned well have nothing to grasp at at all times and freely wash.
['T27n1545_042:0217c12_7']	修所成慧應知亦爾。	修所成慧應知亦爾。	It should be known that the wisdom born of cultivation is also like this.
['T27n1545_042:0217c12_18']	復次聞所成慧為三慧因。	復次聞所成慧為三慧因。	Furthermore, the wisdom born of hearing is the cause of the three kinds of wisdom.
['T27n1545_042:0217c13_8']	思所成慧唯思慧因。	思所成慧唯思慧因。	The wisdom born of contemplation is only the cause of the wisdom of contemplation.
['T27n1545_042:0217c13_17']	非聞慧因彼是劣故。	非聞慧因彼是劣故。	It is not the cause of the wisdom of hearing because it is inferior.
['T27n1545_042:0217c14_8']	非修慧因彼異界故。	非修慧因彼異界故。	It is not the cause of the wisdom of cultivation because it belongs to a different realm.
['T27n1545_042:0217c15_4']	修所成慧唯修慧因非聞慧因。	修所成慧唯修慧因非聞慧因。	The wisdom born of cultivation is only the cause of the wisdom of cultivation and not the cause of the wisdom of hearing.
['T27n1545_042:0217c15_13', 'T27n1545_042:0217c15_18']	彼是劣故非思慧因。🔽彼亦劣故。	彼是劣故非思慧因。 彼亦劣故。	Because it is inferior, it is not the cause of the wisdom of contemplation.
['T27n1545_042:0217c16_4']	及異界故。	及異界故。	Because it is also inferior and because it belongs to a different realm.
['T27n1545_042:0217c17_5']	復次聞所成慧唯聞慧果非餘二果彼是勝故。	復次聞所成慧唯聞慧果非餘二果彼是勝故。	Furthermore, the wisdom born of hearing is only the fruit of the wisdom of hearing and not the fruit of the other two kinds of wisdom because it is superior.
['T27n1545_042:0217c17_18']	思所成慧是二慧果非修慧果。	思所成慧是二慧果非修慧果。	The wisdom born of contemplation is the fruit of the two kinds of wisdom and not the fruit of the wisdom of cultivation.
['T27n1545_042:0217c18_4']	彼是勝故。	彼是勝故。	Because it is superior.
['T27n1545_042:0217c18_9']	及異界故。	及異界故。	Because they belong to different realms.
['T27n1545_042:0217c19_3']	修所成慧是二慧果非思慧果。	修所成慧是二慧果非思慧果。	The wisdom resulting from cultivation is the fruit of the two wisdoms, but not the fruit of the wisdom of reflection.
['T27n1545_042:0217c19_8']	彼異界故。	彼異界故。	Because they belong to different realms.
['T27n1545_042:0217c20_16']	復次聞所成慧現在前時唯修聞慧思所成慧現在前時唯修思慧。	復次聞所成慧現在前時唯修聞慧思所成慧現在前時唯修思慧。	Furthermore, when the wisdom resulting from hearing is present, only the wisdom of hearing is cultivated. When the wisdom resulting from reflection is present, only the wisdom of reflection is cultivated.
['T27n1545_042:0217c21_12']	修所成慧現在前時能修三慧。	修所成慧現在前時能修三慧。	When the wisdom resulting from cultivation is present, it can cultivate the three wisdoms.
['T27n1545_042:0217c22_8']	問何故二慧現在前時唯修自類。	問何故二慧現在前時唯修自類。	Why is it that when the two wisdoms are present, only their own kind is cultivated?
['T27n1545_042:0217c22_17']	修所成慧能修三種。	修所成慧能修三種。	The wisdom resulting from cultivation can cultivate three kinds.
['T27n1545_042:0217c23_9']	答聞思二慧不依定生。	答聞思二慧不依定生。	The wisdom resulting from hearing and reflection does not arise based on concentration.
['T27n1545_042:0217c24_4']	勢力下劣現在前時唯修自類。	勢力下劣現在前時唯修自類。	Its power is inferior. When it is present, it only cultivates its own kind.
['T27n1545_042:0217c24_13']	即習修故說名為修。	即習修故說名為修。	Because it is cultivated in the present, it is called cultivation.
['T27n1545_042:0217c25_4']	不修未來自類他類。	不修未來自類他類。	It does not cultivate its own kind or other kinds in the future.
['T27n1545_042:0217c25_13']	修所成慧依定而生。	修所成慧依定而生。	The wisdom resulting from cultivation arises based on concentration.
['T27n1545_042:0217c26_11']	勢力增勝現在前時能修自類及修他類。	勢力增勝現在前時能修自類及修他類。	Its power is superior. When it is present, it can cultivate its own kind and also cultivate other kinds.
['T27n1545_042:0217c26_16']	修自類者。	修自類者。	Cultivating its own kind means
['T27n1545_042:0217c27_7']	現在習修未來得修。	現在習修未來得修。	cultivating it in the present and obtaining it in the future.
['T27n1545_042:0217c29_2']	修他類者唯未來修復次聞思所成慧初剎那現在前時唯成就現在。	修他類者唯未來修復次聞思所成慧初剎那現在前時唯成就現在。	If one cultivates the other type, only future cultivation is cultivated. When the first moment of hearing and thinking wisdom appears, one only possesses the present.
['T27n1545_042:0218a01_1']	第二剎那已後現在前時成就過去現在。	第二剎那已後現在前時成就過去現在。	In the second moment and after, when it appears, one possesses the past and present.
['T27n1545_042:0218a01_11']	後不起時唯成就過去。	後不起時唯成就過去。	Later, when it does not arise, one only possesses the past.
['T27n1545_042:0218a02_2']	修所成慧未曾得者。	修所成慧未曾得者。	As for the wisdom cultivated that has not been obtained before,
['T27n1545_042:0218a02_14']	初剎那現在前時成就未來。	初剎那現在前時成就未來。	when it first appears in the present, one possesses the future.
['T27n1545_042:0218a03_8']	現在第二剎那以後成就三世。	現在第二剎那以後成就三世。	In the second moment and after, when it is present, one possesses the three times.
['T27n1545_042:0218a04_3']	後不起時唯成就過去未來。	後不起時唯成就過去未來。	Later, when it does not arise, one only possesses the past and future.
['T27n1545_042:0218a04_8']	有餘師說。	有餘師說。	Other masters say:
['T27n1545_042:0218a05_2']	聞思二慧串習勝者現在前時。	聞思二慧串習勝者現在前時。	When the superior hearing and thinking wisdom is present,
['T27n1545_042:0218a05_11']	亦修未來自類善法。	亦修未來自類善法。	it also cultivates the future good dharmas of its own type.
['T27n1545_042:0218a06_2']	彼說成就非如前說。	彼說成就非如前說。	They say that one possesses it, unlike the previous explanation.
['T27n1545_042:0218a07_4']	如是三慧。	如是三慧。	Such are the three wisdoms.
['T27n1545_042:0218a07_7']	界者。	界者。	As for the realms,
['T27n1545_042:0218a07_12', 'T27n1545_042:0218a07_18']	欲界有二。🔽謂聞所成慧。	欲界有二。 謂聞所成慧。	the desire realm has two:
['T27n1545_042:0218a08_2']	思所成慧。	思所成慧。	namely, wisdom resulting from hearing and wisdom resulting from thinking.
['T27n1545_042:0218a08_7', 'T27n1545_042:0218a08_13']	色界有二。🔽謂聞所成慧。	色界有二。 謂聞所成慧。	The form realm has two:
['T27n1545_042:0218a08_18']	修所成慧。	修所成慧。	namely, wisdom resulting from hearing and wisdom resulting from cultivation.
['T27n1545_042:0218a09_7']	無色界唯有修所成慧。	無色界唯有修所成慧。	In the formless realm, there is only wisdom accomplished through cultivation.
['T27n1545_042:0218a10_2']	問何故欲界無修所成慧耶。	問何故欲界無修所成慧耶。	Question: Why is there no wisdom accomplished through cultivation in the desire realm?
['T27n1545_042:0218a10_10']	答欲界是不定界。	答欲界是不定界。	Answer: The desire realm is an indeterminate realm.
['T27n1545_042:0218a10_14']	非修地。	非修地。	It is not a realm of cultivation.
['T27n1545_042:0218a11_8']	非離染地若欲修時墮思中故。	非離染地若欲修時墮思中故。	It is not a realm of detachment from defilements. If one wishes to cultivate, it falls within thought.
['T27n1545_042:0218a12_5']	問何故色無色界無思所成慧耶。	問何故色無色界無思所成慧耶。	Question: Why are there no wisdoms accomplished through thought in the form and formless realms?
['T27n1545_042:0218a12_14']	答色無色界是定界。	答色無色界是定界。	Answer: The form and formless realms are realms of concentration.
['T27n1545_042:0218a12_18']	是修地。	是修地。	They are realms of cultivation.
['T27n1545_042:0218a13_3']	是離染地。	是離染地。	They are realms of detachment from defilements.
['T27n1545_042:0218a13_12']	若欲思時墮修中故。	若欲思時墮修中故。	If one wishes to think, it falls within cultivation.
['T27n1545_042:0218a14_7']	問何故無色界無聞所成慧耶。	問何故無色界無聞所成慧耶。	Question: Why is there no wisdom accomplished through hearing in the formless realm?
['T27n1545_042:0218a14_17']	答彼無耳根聽聞法故。	答彼無耳根聽聞法故。	Answer: Because they lack the ear faculty to listen to the Dharma.
['T27n1545_042:0218a16_3']	聞所成慧要因耳根聽聞法已展轉能引現在前故。	聞所成慧要因耳根聽聞法已展轉能引現在前故。	Wisdom accomplished through hearing must rely on the ear faculty to listen to the Dharma, and then it can be gradually brought to the present.
['T27n1545_042:0218a16_8']	有作是說。	有作是說。	Some say:
['T27n1545_042:0218a16_15']	欲界具有三慧。	欲界具有三慧。	The desire realm possesses all three kinds of wisdom.
['T27n1545_042:0218a17_4']	色無色界如前說。	色無色界如前說。	The form and formless realms are as explained above.
['T27n1545_042:0218a17_12']	欲界修所成慧者。	欲界修所成慧者。	As for the wisdom accomplished through cultivation in the desire realm,
['T27n1545_042:0218a18_15']	如現觀邊世俗智空空無願無願無相無相三摩地俱。	如現觀邊世俗智空空無願無願無相無相三摩地俱。	it is like the worldly conventional wisdom at the edge of realization, the emptiness of emptiness, the wishlessness of wishlessness, and the signlessness of signlessness, accompanied by the samādhi of emptiness.
['T27n1545_042:0218a19_9']	及盡智時所修欲界善根相應。	及盡智時所修欲界善根相應。	and when the knowledge of exhaustion is attained, the wholesome roots associated with the desire realm are cultivated.
['T27n1545_042:0218a19_18']	然極少故諸處不說。	然極少故諸處不說。	However, because they are extremely few, they are not mentioned in the various treatises.
['T27n1545_042:0218a20_4']	有餘師說。	有餘師說。	Other masters say:
['T27n1545_042:0218a20_13']	欲色二界皆具三慧。	欲色二界皆具三慧。	Both the desire realm and the form realm are endowed with the three kinds of wisdom.
['T27n1545_042:0218a21_5']	無色界唯有修所成慧。	無色界唯有修所成慧。	The formless realm only has the wisdom accomplished through cultivation.
['T27n1545_042:0218a21_10']	或有說者。	或有說者。	Some say:
['T27n1545_042:0218a22_1', 'T27n1545_042:0218a22_8']	欲色二界皆具三慧。🔽無色界有二種。	欲色二界皆具三慧。 無色界有二種。	Both the desire realm and the form realm are endowed with the three kinds of wisdom.
['T27n1545_042:0218a22_15']	謂思修所成慧。	謂思修所成慧。	The formless realm has two kinds, namely the wisdom accomplished through reflection and the wisdom accomplished through cultivation.
['T27n1545_042:0218a23_1']	復有說者。	復有說者。	Again, some say:
['T27n1545_042:0218a23_9']	三界皆具有三慧。	三界皆具有三慧。	The three realms are all endowed with the three kinds of wisdom.
['T27n1545_042:0218a23_12']	評曰。	評曰。	The judges say:
['T27n1545_042:0218a24_2']	應知此中初說為善。	應知此中初說為善。	One should know that the first explanation here is the best.
['T27n1545_042:0218a24_5']	地者。	地者。	As for the stages:
['T27n1545_042:0218a24_13']	聞所成慧在五地。	聞所成慧在五地。	Wisdom accomplished through hearing is in five stages,
['T27n1545_042:0218a25_1']	謂欲界四靜慮。	謂欲界四靜慮。	namely the desire realm and the four meditations.
['T27n1545_042:0218a25_4']	有說。	有說。	Some say:
['T27n1545_042:0218a25_8']	在六地。	在六地。	It is in six stages,
['T27n1545_042:0218a25_17']	謂前五及靜慮中間。	謂前五及靜慮中間。	namely the previous five and the intermediate meditation.
['T27n1545_042:0218a25_20']	有說。	有說。	Some say:
['T27n1545_042:0218a26_3']	在七地。	在七地。	It is in seven stages,
['T27n1545_042:0218a26_11']	謂前六及未至地。	謂前六及未至地。	namely the previous six and the stage of access concentration.
['T27n1545_042:0218a27_5']	思所成慧唯在一地謂欲界。	思所成慧唯在一地謂欲界。	Wisdom accomplished through reflection is only in one stage, namely the desire realm.
['T27n1545_042:0218a27_17']	修所成慧有漏者在十七地。	修所成慧有漏者在十七地。	Wisdom accomplished through cultivation, if contaminated, is in seventeen stages.
['T27n1545_042:0218a28_16']	謂四靜慮四近分靜慮中間四無色四近分。	謂四靜慮四近分靜慮中間四無色四近分。	Namely, the four meditations, the four preliminary concentrations, the concentration in between, the four formless [absorptions], and the four preliminary concentrations.
['T27n1545_042:0218a29_5']	無漏者在九地。	無漏者在九地。	The pure [wisdom] is in nine stages.
['T27n1545_042:0218a29_18']	謂四靜慮未至中間下三無色。	謂四靜慮未至中間下三無色。	Namely, the four meditations, the preliminary concentration of the stage of neither-perception-nor-non-perception, and the lower three formless [absorptions].
['T27n1545_042:0218b01_3']	所依者。	所依者。	As for the basis,
['T27n1545_042:0218b01_13', 'T27n1545_042:0218b02_3', 'T27n1545_042:0218b02_12']	聞所成慧依欲色界身。🔽思所成慧依欲界身。🔽修所成慧依三界身。	聞所成慧依欲色界身。 思所成慧依欲界身。 修所成慧依三界身。	the wisdom born of hearing relies on the body of the desire and form realms.🔽The wisdom born of contemplation relies on the body of the desire realm.
['T27n1545_042:0218b02_16']	行相者。	行相者。	The wisdom born of cultivation relies on the body of the three realms.🔽As for the aspects,
['T27n1545_042:0218b03_2']	有作是說。	有作是說。	some say:
['T27n1545_042:0218b03_16']	聞思所成慧非十六行相有漏故。	聞思所成慧非十六行相有漏故。	The wisdom born of hearing and contemplation does not have the sixteen aspects, because it is contaminated.
['T27n1545_042:0218b04_6']	修所成慧十六行相。	修所成慧十六行相。	The wisdom born of cultivation has the sixteen aspects.
['T27n1545_042:0218b04_11']	或餘行相。	或餘行相。	Or other aspects.
['T27n1545_042:0218b04_14']	評曰。	評曰。	The judges say:
['T27n1545_042:0218b04_19']	應作是說。	應作是說。	It should be said:
['T27n1545_042:0218b05_12']	三慧皆通十六行相及餘行相。	三慧皆通十六行相及餘行相。	The three wisdoms all have the sixteen aspects and other aspects.
['T27n1545_042:0218b06_6']	以十六行相通有漏無漏故。	以十六行相通有漏無漏故。	Because the sixteen aspects are common to both contaminated and uncontaminated.
['T27n1545_042:0218b07_4']	問若三慧皆通十六行相及餘行相者。	問若三慧皆通十六行相及餘行相者。	Question: If the three wisdoms all have the sixteen aspects and other aspects,
['T27n1545_042:0218b07_13']	如是三慧有何差別。	如是三慧有何差別。	what are the differences between these three wisdoms?
['T27n1545_042:0218b08_5']	答如前已說種種差別。	答如前已說種種差別。	Answer: As explained before, there are various differences.
['T27n1545_042:0218b09_1']	然聞思所成慧自力故無未來修。	然聞思所成慧自力故無未來修。	However, the wisdom accomplished through hearing and contemplation does not have future cultivation by one's own power.
['T27n1545_042:0218b09_9']	他力故有未來修。	他力故有未來修。	It has future cultivation by the power of others.
['T27n1545_042:0218b10_2']	修所成慧自力故有未來修。	修所成慧自力故有未來修。	The wisdom accomplished through cultivation has future cultivation by one's own power.
['T27n1545_042:0218b10_7']	是謂差別。	是謂差別。	This is the difference.
['T27n1545_042:0218b10_18']	所緣者三慧皆緣一切法。	所緣者三慧皆緣一切法。	As for the objects, the three wisdoms all take all dharmas as objects.
['T27n1545_042:0218b11_3']	念住者。	念住者。	As for the foundations of mindfulness,
['T27n1545_042:0218b11_11']	三慧皆通四念住。	三慧皆通四念住。	the three wisdoms all encompass the four foundations of mindfulness.
['T27n1545_042:0218b11_19']	智者聞思所成慧。	智者聞思所成慧。	As for knowledge, the wisdom accomplished through hearing and contemplation
['T27n1545_042:0218b12_4']	唯世俗智。	唯世俗智。	only has conventional knowledge.
['T27n1545_042:0218b12_12']	修所成慧通十智。	修所成慧通十智。	The wisdom accomplished through cultivation encompasses the ten knowledges.
['T27n1545_042:0218b12_17']	根相應者。	根相應者。	As for the faculties with which they are associated,
['T27n1545_042:0218b13_8']	聞修所成慧三根相應。	聞修所成慧三根相應。	the wisdom accomplished through hearing and cultivation is associated with three faculties,
['T27n1545_042:0218b13_13']	謂樂喜捨。	謂樂喜捨。	namely joy, pleasure, and equanimity.
['T27n1545_042:0218b14_3']	思所成慧二根相應。	思所成慧二根相應。	The wisdom accomplished through contemplation is associated with two faculties,
['T27n1545_042:0218b14_8']	謂喜及捨。	謂喜及捨。	namely joy and equanimity.
['T27n1545_042:0218b14_19']	三摩地俱者聞思所成慧。	三摩地俱者聞思所成慧。	As for being accompanied by samādhi, the wisdom accomplished through hearing and contemplation
['T27n1545_042:0218b15_8']	非三摩地俱有漏故。	非三摩地俱有漏故。	is not accompanied by samādhi because it is contaminated.
['T27n1545_042:0218b16_3']	修所成慧三三摩地俱及不俱。	修所成慧三三摩地俱及不俱。	The wisdom accomplished through cultivation is accompanied by the three samādhis and is also not accompanied by them.
['T27n1545_042:0218b16_11']	過去未來現在者。	過去未來現在者。	As for the past, future, and present,
['T27n1545_042:0218b16_19']	此三慧皆墮三世。	此三慧皆墮三世。	these three wisdoms all belong to the three time periods.
['T27n1545_042:0218b17_6']	緣三世及離世。	緣三世及離世。	They take the three time periods and the time periods apart as objects.
['T27n1545_042:0218b17_13']	善不善無記者。	善不善無記者。	The wholesome, unwholesome, and indeterminate [types of wisdom].
['T27n1545_042:0218b18_1']	此三慧皆是善。	此三慧皆是善。	These three types of wisdom are all wholesome.
['T27n1545_042:0218b18_9']	緣三種繫不繫者。	緣三種繫不繫者。	Regarding the three types of bonds and non-bonds,
['T27n1545_042:0218b18_18']	聞所成慧欲色界繫。	聞所成慧欲色界繫。	Wisdom derived from hearing is bound to the desire realm and form realm.
['T27n1545_042:0218b19_8']	思所成慧唯欲界繫。	思所成慧唯欲界繫。	Wisdom derived from contemplation is only bound to the desire realm.
['T27n1545_042:0218b20_3']	修所成慧色無色界繫及不繫。	修所成慧色無色界繫及不繫。	Wisdom derived from cultivation is bound to the form realm, formless realm, and is unbound.
['T27n1545_042:0218b20_14']	三慧皆緣三界繫及不繫。	三慧皆緣三界繫及不繫。	The three types of wisdom all take the three realms, bonds, and non-bonds as objects.
['T27n1545_042:0218b21_5']	學無學非學非無學者。	學無學非學非無學者。	Learned, unlearned, and neither learned nor unlearned [types of wisdom].
['T27n1545_042:0218b21_17']	聞思所成慧唯非學非無學。	聞思所成慧唯非學非無學。	Wisdom derived from hearing and contemplation is only neither learned nor unlearned.
['T27n1545_042:0218b22_6']	修所成慧通三種。	修所成慧通三種。	Wisdom derived from cultivation is common to all three types.
['T27n1545_042:0218b22_13']	三慧皆緣三種。	三慧皆緣三種。	The three types of wisdom all take the three types as objects.
['T27n1545_042:0218b23_4']	見所斷修所斷不斷者。	見所斷修所斷不斷者。	Wisdom eliminated by seeing, wisdom eliminated by cultivation, and wisdom not eliminated [by either].
['T27n1545_042:0218b23_14']	聞思所成慧唯修所斷。	聞思所成慧唯修所斷。	Wisdom derived from hearing and contemplation is only eliminated by cultivation.
['T27n1545_042:0218b24_7']	修所成慧通修所斷及不斷。	修所成慧通修所斷及不斷。	Wisdom derived from cultivation is common to wisdom eliminated by cultivation and wisdom not eliminated [by either].
['T27n1545_042:0218b24_14']	三慧皆緣三種。	三慧皆緣三種。	The three types of wisdom all take the three types as objects.
['T27n1545_042:0218b25_2']	緣名緣義者。	緣名緣義者。	Regarding taking names as objects and taking meanings as objects,
['T27n1545_042:0218b25_10']	此三慧皆緣名義。	此三慧皆緣名義。	These three types of wisdom both take names and meanings as objects.
['T27n1545_042:0218b26_4']	緣自相續他相續非相續者。	緣自相續他相續非相續者。	Regarding taking one's own continuity, others' continuity, and non-continuity as objects,
['T27n1545_042:0218b26_12']	此三慧皆緣三種。	此三慧皆緣三種。	These three types of wisdom all take the three types as objects.
['T27n1545_042:0218b27_3']	在意地在五識身者。	在意地在五識身者。	The mental consciousness and the five consciousnesses.
['T27n1545_042:0218b27_8']	唯在意地。	唯在意地。	Only in the mental consciousness.
['T27n1545_042:0218b28_1']	以五識中無加行善故。	以五識中無加行善故。	Because there is no preparatory wholesome [mind] in the five consciousnesses.
['T27n1545_042:0218b28_11']	加行得離染得生得者。	加行得離染得生得者。	As for the attainment through preparation, the attainment through separation from defilements, and the attainment through birth,
['T27n1545_042:0218b29_4']	此三慧皆通加行得離染得。	此三慧皆通加行得離染得。	these three kinds of wisdom are all attained through preparation and the attainment through separation from defilements.
['T27n1545_042:0218b29_8']	非生得。	非生得。	Not attained through birth.
['T27n1545_042:0218b29_18']	聞思所成慧離染得者。	聞思所成慧離染得者。	As for the wisdom attained through hearing and contemplation, the attainment through separation from defilements,
['T27n1545_042:0218c01_7']	離有頂染時得故。	離有頂染時得故。	it is attained when one is separated from the defilements of the peak of existence.
['T27n1545_042:0218c01_10']	有說。	有說。	Some say:
['T27n1545_042:0218c02_5']	三慧雖加行得而亦可言生得。	三慧雖加行得而亦可言生得。	Although the three kinds of wisdom are attained through preparation, they can also be said to be attained through birth.
['T27n1545_042:0218c03_1']	從上地沒生下地時亦有得故。	從上地沒生下地時亦有得故。	Because when one falls from the higher realms and is reborn in the lower realms, one also attains them.
['T27n1545_042:0218c03_6']	有餘師說。	有餘師說。	Other masters say:
['T27n1545_042:0218c03_11']	聞所成慧。	聞所成慧。	The wisdom attained through hearing,
['T27n1545_042:0218c04_1']	在欲界者唯加行得。	在欲界者唯加行得。	that which exists in the desire realm is only attained through preparation.
['T27n1545_042:0218c04_12']	在色界者可言是加行得。	在色界者可言是加行得。	That which exists in the form realm can be said to be attained through preparation,
['T27n1545_042:0218c05_1']	可言是生得。	可言是生得。	can be said to be attained through birth,
['T27n1545_042:0218c05_9']	可言是加行得者。	可言是加行得者。	can be said to be attained through preparation.
['T27n1545_042:0218c06_4']	謂在欲界加行修習聞所成慧。	謂在欲界加行修習聞所成慧。	That is to say, in the desire realm, one cultivates the wisdom attained through hearing through preparation,
['T27n1545_042:0218c06_13']	觀察諸法自相共相。	觀察諸法自相共相。	observing the specific and common characteristics of phenomena.
['T27n1545_042:0218c07_11']	極純熟者從欲界沒生色界時乃可得故。	極純熟者從欲界沒生色界時乃可得故。	For those who are extremely proficient, when they fall from the desire realm and are reborn in the form realm, they can attain it.
['T27n1545_042:0218c08_1']	可言是生得者。	可言是生得者。	It can be said to be obtained through birth.
['T27n1545_042:0218c08_14']	雖在欲界加行修習聞所成慧。	雖在欲界加行修習聞所成慧。	Although in the desire realm, through applied practice, one cultivates the wisdom born of hearing.
['T27n1545_042:0218c09_5']	觀察諸法自相共相。	觀察諸法自相共相。	Observing the specific and general characteristics of dharmas.
['T27n1545_042:0218c09_14']	若未生彼猶未能得。	若未生彼猶未能得。	If one has not yet given rise to that, one is still unable to attain it.
['T27n1545_042:0218c10_5']	要生色界方得彼故。	要生色界方得彼故。	One must be born in the form realm in order to attain it.
['T27n1545_042:0218c10_14']	思所成慧唯加行得。	思所成慧唯加行得。	The wisdom born of contemplation is only obtained through applied practice.
['T27n1545_042:0218c11_4']	修所成慧通三得。	修所成慧通三得。	The wisdom born of cultivation is obtained through the three [means].
['T27n1545_042:0218c11_13']	加行離染生時得故。	加行離染生時得故。	Because it is obtained through applied practice, detachment, and birth.
['T27n1545_042:0218c12_8']	問如是三慧聲聞獨覺如來具幾。	問如是三慧聲聞獨覺如來具幾。	Question: How many of these three wisdoms are possessed by śrāvakas, pratyekabuddhas, and tathāgatas?
['T27n1545_042:0218c12_16']	答如來雖具三慧。	答如來雖具三慧。	Answer: Although the Tathāgata possesses the three wisdoms,
['T27n1545_042:0218c13_7']	然是修所成慧所顯。	然是修所成慧所顯。	They are manifested by the wisdom born of cultivation.
['T27n1545_042:0218c13_12']	所以者何。	所以者何。	Why is this?
['T27n1545_042:0218c14_10']	自然覺悟具力無畏及大悲等修功德故。	自然覺悟具力無畏及大悲等修功德故。	Because he naturally awakens and possesses the merits of power, fearlessness, great compassion, and so forth.
['T27n1545_042:0218c14_17']	獨覺雖具三慧。	獨覺雖具三慧。	Although the pratyekabuddha possesses the three wisdoms,
['T27n1545_042:0218c15_7']	而是思所成慧所顯。	而是思所成慧所顯。	They are manifested by the wisdom born of contemplation.
['T27n1545_042:0218c15_12']	所以者何。	所以者何。	Why is this?
['T27n1545_042:0218c15_19']	彼雖自然覺悟。	彼雖自然覺悟。	Although he naturally awakens,
['T27n1545_042:0218c16_10']	而無力無畏等諸修功德。	而無力無畏等諸修功德。	He does not possess the merits of power, fearlessness, and so forth that are cultivated.
['T27n1545_042:0218c17_1']	由多思慮而入道故。	由多思慮而入道故。	Because he enters the path through much contemplation.
['T27n1545_042:0218c17_8']	聲聞雖具三慧。	聲聞雖具三慧。	Although the śrāvakas possess the three kinds of wisdom,
['T27n1545_042:0218c17_17']	而是聞所成慧所顯。	而是聞所成慧所顯。	they are manifested by the wisdom that is accomplished through hearing.
['T27n1545_042:0218c18_3']	所以者何。	所以者何。	Why is this?
['T27n1545_042:0218c18_12']	彼聞法音而入道故。	彼聞法音而入道故。	Because they enter the path by hearing the sound of the Dharma.
['T27n1545_042:0218c19_9']	復次如是三慧皆可名為聞所成慧。	復次如是三慧皆可名為聞所成慧。	Furthermore, these three kinds of wisdom can all be called the wisdom that is accomplished through hearing.
['T27n1545_042:0218c19_12']	如說。	如說。	As it is said:
['T27n1545_042:0218c20_1']	多聞能知法等。	多聞能知法等。	Through much learning one can know the Dharma, etc.
['T27n1545_042:0218c20_10', 'T27n1545_042:0218c21_2']	皆可名為思所成慧。🔽如此中說慮即是慧慮。	皆可名為思所成慧。 如此中說慮即是慧慮。	They can all be called the wisdom that is accomplished through contemplation.
['T27n1545_042:0218c21_10']	似思故亦名為思。	似思故亦名為思。	As it is said in this text: Reflection is precisely wisdom. Reflection is similar to contemplation, and is therefore also called contemplation.
['T27n1545_042:0218c22_2']	皆可名修所成慧如說。	皆可名修所成慧如說。	They can all be called the wisdom that is accomplished through cultivation. As it is said:
['T27n1545_042:0218c22_8']	云何應修法。	云何應修法。	What is the Dharma that should be cultivated?
['T27n1545_042:0218c22_14']	謂善有為法。	謂善有為法。	It refers to wholesome conditioned dharmas.
['T27n1545_042:0218c22_19']	又契經說。	又契經說。	Moreover, a scripture says:
['T27n1545_042:0218c23_4']	有三種慧。	有三種慧。	There are three kinds of wisdom.
['T27n1545_042:0218c23_11']	一言說究竟慧。	一言說究竟慧。	First, the wisdom that is perfected through verbal expression.
['T27n1545_042:0218c24_1']	即是此中聞所成慧。	即是此中聞所成慧。	This is precisely the wisdom that is accomplished through hearing in this text.
['T27n1545_042:0218c24_8']	二思慮究竟慧。	二思慮究竟慧。	Second, the wisdom that is perfected through contemplation.
['T27n1545_042:0218c24_17']	即是此中思所成慧。	即是此中思所成慧。	This is precisely the wisdom that is accomplished through contemplation in this text.
['T27n1545_042:0218c25_4']	三出離究竟慧。	三出離究竟慧。	Third, the wisdom that is perfected through liberation.
['T27n1545_042:0218c25_13']	即是此中修所成慧。	即是此中修所成慧。	This is precisely the wisdom that is accomplished through cultivation in this text.
['T27n1545_042:0218c26_11']	一切加行善心心所皆入如是三慧品攝。	一切加行善心心所皆入如是三慧品攝。	All wholesome minds and mental factors that are preparatory are included in these three types of wisdom.
['T27n1545_042:0218c27_1']	云何尋乃至廣說。	云何尋乃至廣說。	What is investigation, and so on in detail?
['T27n1545_042:0218c27_8']	問何故作此論。	問何故作此論。	Why is this treatise composed?
['T27n1545_042:0218c28_1']	答為止他宗顯正義故。	答為止他宗顯正義故。	The answer is: in order to stop other schools and reveal the correct principle.
['T27n1545_042:0218c28_6']	謂或有執。	謂或有執。	That is to say, some hold the view
['T27n1545_042:0218c28_11']	尋伺即心。	尋伺即心。	that investigation and analysis are the mind itself.
['T27n1545_042:0218c29_9']	如譬喻者為遮彼執顯尋與伺是心所法。	如譬喻者為遮彼執顯尋與伺是心所法。	Like the Upāyikā school, in order to refute this view and show that investigation and analysis are mental factors,
['T27n1545_042:0218c29_14']	或復有執。	或復有執。	or some hold the view
['T27n1545_042:0219a01_1']	尋伺是假。	尋伺是假。	that investigation and analysis are provisional.
['T27n1545_042:0219a01_14']	為遮彼執顯此二種是實有法。	為遮彼執顯此二種是實有法。	In order to refute this view and show that these two are real dharmas,
['T27n1545_042:0219a02_1']	故作斯論。	故作斯論。	this treatise is composed.
['T27n1545_042:0219a02_5']	云何尋。	云何尋。	What is investigation?
['T27n1545_042:0219a03_9']	答諸心尋求辨了顯示推度搆畫分別性分別類是謂尋。	答諸心尋求辨了顯示推度搆畫分別性分別類是謂尋。	The answer is: the mind's investigation, discernment, manifestation, deliberation, conceptualization, and discrimination of its nature and class is called investigation.
['T27n1545_042:0219a04_6']	諸心尋求等名雖有異而體無差別。	諸心尋求等名雖有異而體無差別。	Although the mind's investigation, etc., have different names, their substance is not different.
['T27n1545_042:0219a04_15']	皆為顯了尋自性故。	皆為顯了尋自性故。	All are in order to manifest the intrinsic nature of investigation.
['T27n1545_042:0219a05_1']	云何伺。	云何伺。	What is analysis?
['T27n1545_042:0219a05_18']	答諸心伺察隨行隨轉隨流隨屬是謂伺。	答諸心伺察隨行隨轉隨流隨屬是謂伺。	The answer is: the mind's observation, following, accompanying, flowing, and belonging to [the mind] is called analysis.
['T27n1545_042:0219a06_14']	諸心伺察等名雖有異而體無差別。	諸心伺察等名雖有異而體無差別。	Although the names mind, investigation, and so on are different, their substance is without distinction.
['T27n1545_042:0219a07_6']	皆為顯了伺自性故。	皆為顯了伺自性故。	All are for the sake of clarifying the intrinsic nature of investigation.
['T27n1545_042:0219a07_12']	尋伺何差別。	尋伺何差別。	What is the difference between applied thought and sustained thought?
['T27n1545_042:0219a08_1']	答心麁性名尋。	答心麁性名尋。	The answer is: The coarse nature of the mind is called applied thought.
['T27n1545_042:0219a08_7']	心細性名伺。	心細性名伺。	The subtle nature of the mind is called sustained thought.
['T27n1545_042:0219a08_12']	是謂差別。	是謂差別。	This is the difference.
['T27n1545_042:0219a09_1']	問何故復作此論。	問何故復作此論。	Why is this treatise composed again?
['T27n1545_042:0219a09_11']	答欲令疑者得決定故。	答欲令疑者得決定故。	The answer is: In order to make the doubtful attain certainty.
['T27n1545_042:0219a10_2']	謂此二法展轉相似。	謂此二法展轉相似。	These two dharmas are similar to each other.
['T27n1545_042:0219a10_11']	見多尋者世人共言。	見多尋者世人共言。	When people see one with much applied thought, they say:
['T27n1545_042:0219a10_16']	此是多伺。	此是多伺。	This is one with much sustained thought.
['T27n1545_042:0219a11_6']	見多伺者世人共言。	見多伺者世人共言。	When people see one with much sustained thought, they say:
['T27n1545_042:0219a11_11']	此是多尋。	此是多尋。	This is one with much applied thought.
['T27n1545_042:0219a12_2']	或有生疑此二體一。	或有生疑此二體一。	Some give rise to doubt that these two are the same in substance.
['T27n1545_042:0219a12_11']	欲令彼疑得決定故。	欲令彼疑得決定故。	In order to make that doubt attain certainty,
['T27n1545_042:0219a13_6']	顯此二種自體各別故作斯論。	顯此二種自體各別故作斯論。	in order to show that these two kinds each have a separate substance, this treatise is composed.
['T27n1545_042:0219a14_2']	問此中所說心麁細性顯何義耶。	問此中所說心麁細性顯何義耶。	What meaning is shown by the coarse and subtle nature of the mind spoken of here?
['T27n1545_042:0219a14_7']	有作是說。	有作是說。	Some say:
['T27n1545_042:0219a15_3']	此則顯心麁性細性若作是說。	此則顯心麁性細性若作是說。	This shows the coarse nature and subtle nature of the mind. If this is said,
['T27n1545_042:0219a15_12']	尋伺應以心為自性。	尋伺應以心為自性。	applied thought and sustained thought should have the mind as their intrinsic nature.
['T27n1545_042:0219a16_7']	亦不相應一物麁細不俱有故。	亦不相應一物麁細不俱有故。	Also, it is not appropriate that one thing is both coarse and subtle, because they do not exist simultaneously.
['T27n1545_042:0219a16_12']	有餘師說。	有餘師說。	Other masters say:
['T27n1545_042:0219a17_3']	此顯心麁時有尋性。	此顯心麁時有尋性。	This shows that when the mind is coarse, there is the nature of initial thought.
['T27n1545_042:0219a17_10']	心細時有伺性。	心細時有伺性。	When the mind is subtle, there is the nature of sustained thought.
['T27n1545_042:0219a17_15']	若作是說。	若作是說。	If this is said,
['T27n1545_042:0219a18_5']	應顯尋伺非一心俱。	應顯尋伺非一心俱。	it should show that initial thought and sustained thought do not exist simultaneously in one mind,
['T27n1545_042:0219a18_14']	心麁細時剎那別故。	心麁細時剎那別故。	because when the mind is coarse or subtle, there are different moments.
['T27n1545_042:0219a18_17']	評曰。	評曰。	The judges say:
['T27n1545_042:0219a19_3']	應作是說。	應作是說。	It should be said:
['T27n1545_042:0219a19_16']	此中顯示即一心中麁性名尋。	此中顯示即一心中麁性名尋。	Here it shows that the coarseness in one mind is called initial thought,
['T27n1545_042:0219a20_7']	細性名伺若作是說。	細性名伺若作是說。	and the subtlety is called sustained thought. If this is said,
['T27n1545_042:0219a20_16']	顯一心中有尋有伺。	顯一心中有尋有伺。	it shows that there is initial thought and sustained thought in one mind,
['T27n1545_042:0219a21_7']	尋令心麁伺令心細。	尋令心麁伺令心細。	and initial thought makes the mind coarse, while sustained thought makes the mind subtle.
['T27n1545_042:0219a22_3']	問云何一心麁細二法互不相違。	問云何一心麁細二法互不相違。	Question: How can the two dharmas of coarseness and subtlety in one mind not contradict each other?
['T27n1545_042:0219a22_9', 'T27n1545_042:0219a22_14']	答所作異故。🔽尋性猛利。	答所作異故。 尋性猛利。	Answer: Because their functions are different.🔽The nature of initial thought is sharp,
['T27n1545_042:0219a22_19']	伺性遲鈍。	伺性遲鈍。	while the nature of sustained thought is slow.
['T27n1545_042:0219a23_5']	共助一心故。	共助一心故。	They assist one mind together,
['T27n1545_042:0219a23_13']	雖麁細而不相違。	雖麁細而不相違。	so although they are coarse and subtle, they do not contradict each other.
['T27n1545_042:0219a24_5']	問尋伺麁細其相如何。	問尋伺麁細其相如何。	Question: What are the characteristics of the coarseness and subtlety of initial thought and sustained thought?
['T27n1545_042:0219a24_14']	答如針鳥翮和束𢳇。	答如針鳥翮和束𢳇。	Answer: Like a bundle of needles and bird feathers,
['T27n1545_042:0219a25_1']	身生受利鈍。	身生受利鈍。	the body experiences sharpness and dullness.
['T27n1545_042:0219a25_6']	尋伺亦爾。	尋伺亦爾。	It is the same with applied thought and sustained thought.
['T27n1545_042:0219a26_1']	又如酢水等分相和置於口中。	又如酢水等分相和置於口中。	Also, it is like mixing vinegar and water in equal parts and placing them in the mouth.
['T27n1545_042:0219a26_6']	生識利鈍。	生識利鈍。	The consciousness produced is sharp or dull.
['T27n1545_042:0219a26_11']	尋伺亦爾。	尋伺亦爾。	It is the same with applied thought and sustained thought.
['T27n1545_042:0219a27_5']	又如鹽󰉓等分相和置於口中。	又如鹽󰉓等分相和置於口中。	Also, it is like mixing salt and flour in equal parts and placing them in the mouth.
['T27n1545_042:0219a27_10']	生識利鈍。	生識利鈍。	The consciousness produced is sharp or dull.
['T27n1545_042:0219a27_15']	尋伺亦爾。	尋伺亦爾。	It is the same with applied thought and sustained thought.
['T27n1545_042:0219a28_1']	施設論說。	施設論說。	The Prajñaptiśāstra says:
['T27n1545_042:0219a28_10']	如叩鍾鈴銅鐵器等。	如叩鍾鈴銅鐵器等。	It is like striking a bell, bronze, iron, or other vessels.
['T27n1545_042:0219a28_15']	其聲發運。	其聲發運。	Their sound is emitted.
['T27n1545_042:0219a29_1']	前麁後細。	前麁後細。	The former is coarse and the latter is subtle.
['T27n1545_042:0219a29_6']	尋伺亦爾。	尋伺亦爾。	It is the same with applied thought and sustained thought.
['T27n1545_042:0219a29_11']	法蘊論說。	法蘊論說。	The Abhidharma-hṛdaya-śāstra says:
['T27n1545_042:0219b01_1']	如天震雷人吹貝等。	如天震雷人吹貝等。	It is like the thunder of the gods and the blowing of conches by humans, etc.
['T27n1545_042:0219b01_6']	初大後微。	初大後微。	The former is great and the latter is slight.
['T27n1545_042:0219b01_11']	尋伺亦爾。	尋伺亦爾。	It is the same with applied thought and sustained thought.
['T27n1545_042:0219b01_16']	又作是說。	又作是說。	Moreover, there is a saying:
['T27n1545_042:0219b02_5']	如鳥飛空鼓翼翔翥。	如鳥飛空鼓翼翔翥。	It is like a bird flying in the sky flapping its wings.
['T27n1545_042:0219b02_14']	前麁後細尋伺亦爾。	前麁後細尋伺亦爾。	The former is coarse and the latter is subtle. Applied thought and sustained thought are also like this.
['T27n1545_042:0219b03_12']	彼說皆顯尋伺不俱作用增時有前後故。	彼說皆顯尋伺不俱作用增時有前後故。	This shows that applied thought and sustained thought do not occur simultaneously, because their functions increase in sequence.
['T27n1545_042:0219b03_17']	有作是說。	有作是說。	There is another explanation:
['T27n1545_042:0219b04_8']	如以熟酥置冷水上。	如以熟酥置冷水上。	It is like placing ripe ghee in cold water.
['T27n1545_042:0219b05_5']	日光照觸由水日故非釋非凝。	日光照觸由水日故非釋非凝。	Due to the water and the sun, it is neither solidified nor melted.
['T27n1545_042:0219b05_14']	如是一心有尋有伺。	如是一心有尋有伺。	In this way, a single mind may have both investigation and analysis.
['T27n1545_042:0219b06_5']	二力任持非麁非細。	二力任持非麁非細。	Two powers support it, neither coarse nor subtle.
['T27n1545_042:0219b06_14']	是故尋伺互得相應。	是故尋伺互得相應。	Therefore, investigation and analysis can occur together.
['T27n1545_042:0219b07_13']	尋令心麁伺令心細此中略有三種分別。	尋令心麁伺令心細此中略有三種分別。	Investigation makes the mind coarse, while analysis makes the mind subtle. There are three kinds of distinctions here.
['T27n1545_042:0219b08_2']	一自性分別。	一自性分別。	First, intrinsic distinctions,
['T27n1545_042:0219b08_6']	謂尋伺。	謂尋伺。	which refer to investigation and analysis.
['T27n1545_042:0219b08_12']	二隨念分別。	二隨念分別。	Second, distinctions of recollection,
['T27n1545_042:0219b08_19']	謂意識相應念。	謂意識相應念。	which refer to recollection associated with mental consciousness.
['T27n1545_042:0219b09_4']	三推度分別。	三推度分別。	Third, distinctions of discernment,
['T27n1545_042:0219b09_10']	謂意地不定。	謂意地不定。	which refer to the indeterminate mental faculty.
['T27n1545_042:0219b10_7']	慧欲界五識身唯有一種自性分別。	慧欲界五識身唯有一種自性分別。	The five sense consciousnesses of the desire realm have only one kind of intrinsic distinction.
['T27n1545_042:0219b11_1']	雖亦有念而非隨念分別。	雖亦有念而非隨念分別。	Although there is recollection, it is not a distinction of recollection,
['T27n1545_042:0219b11_7']	不能憶念故。	不能憶念故。	because it cannot remember.
['T27n1545_042:0219b12_6']	雖亦有慧而非推度分別不能推度故。	雖亦有慧而非推度分別不能推度故。	Although there is discernment, it is not a distinction of discernment, because it cannot discern.
['T27n1545_042:0219b13_12']	欲界意地具三分別初靜慮三識身唯有一種自性分別。	欲界意地具三分別初靜慮三識身唯有一種自性分別。	The mental faculty of the desire realm has all three kinds of distinctions. The first meditative absorption has only one kind of intrinsic distinction in the three sense consciousnesses.
['T27n1545_042:0219b14_4']	雖有念慧非二分別。	雖有念慧非二分別。	Although there is recollection and discernment, they are not the two kinds of distinctions.
['T27n1545_042:0219b14_9']	義如前說。	義如前說。	The meaning is as explained above.
['T27n1545_042:0219b14_15']	初靜慮意地。	初靜慮意地。	The mental faculty of the first meditative absorption,
['T27n1545_042:0219b15_5']	若不定者具三分別。	若不定者具三分別。	if indeterminate, has all three kinds of distinctions.
['T27n1545_042:0219b15_14']	若在定者有二分別。	若在定者有二分別。	If one is in concentration, there are two kinds of discrimination.
['T27n1545_042:0219b16_3']	謂自性及隨念。	謂自性及隨念。	Namely, intrinsic nature and recollection.
['T27n1545_042:0219b16_14']	雖亦有慧而非推度分別。	雖亦有慧而非推度分別。	Although there is also wisdom, it is not discriminating discrimination.
['T27n1545_042:0219b17_5']	若推度時便出定故。	若推度時便出定故。	Because when one discriminates, one emerges from concentration.
['T27n1545_042:0219b17_15']	第二第三第四靜慮心。	第二第三第四靜慮心。	The minds of the second, third, and fourth dhyānas.
['T27n1545_042:0219b18_5']	若不定者有二分別。	若不定者有二分別。	If one is not in concentration, there are two kinds of discrimination.
['T27n1545_042:0219b18_12']	謂隨念及推度。	謂隨念及推度。	Namely, recollection and discrimination.
['T27n1545_042:0219b19_3']	除自性彼無尋伺故。	除自性彼無尋伺故。	Excluding intrinsic nature, because they are without initial and sustained thought.
['T27n1545_042:0219b19_16']	若在定者唯有一種隨念分別。	若在定者唯有一種隨念分別。	If one is in concentration, there is only one kind of discrimination of recollection.
['T27n1545_042:0219b20_3']	無色界心。	無色界心。	The minds of the formless realm.
['T27n1545_042:0219b20_12']	若不定者有二分別。	若不定者有二分別。	If one is not in concentration, there are two kinds of discrimination.
['T27n1545_042:0219b20_16']	除自性。	除自性。	Excluding intrinsic nature.
['T27n1545_042:0219b21_10']	若在定者唯有一種隨念分別。	若在定者唯有一種隨念分別。	If one is in concentration, there is only one kind of discrimination of recollection.
['T27n1545_042:0219b22_3']	諸無漏心隨地不定有。	諸無漏心隨地不定有。	The uncontaminated minds of each stage are not fixed.
['T27n1545_042:0219b22_10']	但有二分別者。	但有二分別者。	There are only two kinds of discrimination.
['T27n1545_042:0219b22_16']	謂除推度有。	謂除推度有。	Excluding discrimination, there are only.
['T27n1545_042:0219b23_4']	唯有一分別者。	唯有一分別者。	There is only one kind of discrimination.
['T27n1545_042:0219b23_8']	謂隨念。	謂隨念。	Namely, recollection.
['T27n1545_042:0219b23_17']	無具三者無不定故。	無具三者無不定故。	There are none with all three, because there is no undetermined state.
['T27n1545_042:0219b24_8']	云何掉舉乃至廣說。	云何掉舉乃至廣說。	What is agitation, and so on in detail?
['T27n1545_042:0219b24_15']	問何故作此論。	問何故作此論。	Why does this treatise ask this question?
['T27n1545_042:0219b25_7']	答為止他宗顯正義故。	答為止他宗顯正義故。	Answer: In order to stop other schools and reveal the correct principle.
['T27n1545_042:0219b25_12']	謂或有執。	謂或有執。	That is to say, some people hold the view that
['T27n1545_042:0219b26_3']	掉舉心亂無有別體。	掉舉心亂無有別體。	agitation and mental confusion do not have separate substances.
['T27n1545_042:0219b27_3']	為遮彼執欲顯此二其體各別故作斯論。	為遮彼執欲顯此二其體各別故作斯論。	In order to refute this view and show that these two have separate substances, this treatise is composed.
['T27n1545_042:0219b27_8']	云何掉舉。	云何掉舉。	What is agitation?
['T27n1545_042:0219b27_15']	答諸心不寂靜。	答諸心不寂靜。	Answer: The mind is not tranquil,
['T27n1545_042:0219b28_4']	不止息躁動掉舉。	不止息躁動掉舉。	not at rest, agitated, and restless.
['T27n1545_042:0219b28_13']	心躁動性是謂掉舉。	心躁動性是謂掉舉。	The nature of the mind being restless is called agitation.
['T27n1545_042:0219b29_8']	不寂靜等名雖有異而體無差別。	不寂靜等名雖有異而體無差別。	Although the names not tranquil and so forth are different, their substance is not different.
['T27n1545_042:0219c01_1']	皆為顯了掉舉自性故。	皆為顯了掉舉自性故。	They all serve to reveal the intrinsic nature of agitation.
['T27n1545_042:0219c01_6']	云何心亂。	云何心亂。	What is mental confusion?
['T27n1545_042:0219c02_1']	答諸心散亂流蕩不住非一境性。	答諸心散亂流蕩不住非一境性。	Answer: The mind is scattered, wandering, not abiding, and not of one nature.
['T27n1545_042:0219c02_6']	是謂心亂。	是謂心亂。	This is called mental confusion.
['T27n1545_042:0219c03_2']	心散亂等名雖有異而體無差別。	心散亂等名雖有異而體無差別。	Although the names mind being scattered and so forth are different, their substance is not different.
['T27n1545_042:0219c03_12']	皆為顯了心亂自性故。	皆為顯了心亂自性故。	They all serve to reveal the intrinsic nature of mental confusion.
['T27n1545_042:0219c04_3']	掉舉心亂有何差別。	掉舉心亂有何差別。	What is the difference between agitation and mental confusion?
['T27n1545_042:0219c04_12']	答不寂靜相名掉舉。	答不寂靜相名掉舉。	Answer: The characteristic of not being tranquil is called agitation.
['T27n1545_042:0219c05_2']	非一境相名心亂。	非一境相名心亂。	The characteristic of not being of one nature is called mental confusion.
['T27n1545_042:0219c05_7']	是謂差別。	是謂差別。	This is the difference.
['T27n1545_042:0219c05_15']	問何故復作此論。	問何故復作此論。	Question: Why is this treatise composed again?
['T27n1545_042:0219c06_6']	答為令疑者得決定故。	答為令疑者得決定故。	Answer: In order to make the doubtful attain certainty.
['T27n1545_042:0219c06_15']	謂此二法展轉相似。	謂此二法展轉相似。	That is to say, these two dharmas are mutually similar.
['T27n1545_042:0219c07_6']	見掉舉者世人共言。	見掉舉者世人共言。	When seeing agitation, worldly people commonly say:
['T27n1545_042:0219c07_11']	此是心亂。	此是心亂。	This is mental confusion.
['T27n1545_042:0219c08_1']	見心亂者世人共言。	見心亂者世人共言。	When seeing mental confusion, worldly people commonly say:
['T27n1545_042:0219c08_6']	此是掉舉。	此是掉舉。	This is agitation.
['T27n1545_042:0219c08_15']	或有生疑此二是一。	或有生疑此二是一。	Some give rise to doubt that these two are one.
['T27n1545_042:0219c09_5']	欲令此疑得決定故。	欲令此疑得決定故。	In order to make this doubt attain certainty,
['T27n1545_042:0219c10_1']	顯此二種其體各別故作斯論。	顯此二種其體各別故作斯論。	It is shown that these two kinds have their own separate natures, and thus this treatise is composed.
['T27n1545_042:0219c10_7']	不寂靜相者。	不寂靜相者。	The characteristic of non-tranquility
['T27n1545_042:0219c11_2']	謂令心躁動障礙五支四支定故。	謂令心躁動障礙五支四支定故。	Refers to causing the mind to be agitated and obstructing the five branches and four branches of concentration.
['T27n1545_042:0219c11_8']	非一境相者。	非一境相者。	The characteristic of not being focused on one object
['T27n1545_042:0219c12_4']	謂令心流蕩於外色聲香味觸故。	謂令心流蕩於外色聲香味觸故。	Refers to causing the mind to flow and wander externally towards forms, sounds, smells, tastes, and tactile objects.
['T27n1545_042:0219c12_14']	問掉舉心亂其相如何。	問掉舉心亂其相如何。	Question: What are the characteristics of agitation and mental confusion?
['T27n1545_042:0219c13_10']	答如人坐床一挽令起掉舉亦爾。	答如人坐床一挽令起掉舉亦爾。	Answer: It is like a person sitting on a bed, one pulls it up, and agitation is also like this.
['T27n1545_042:0219c13_15']	發動心故。	發動心故。	Because it activates the mind.
['T27n1545_042:0219c14_6']	一策令行心亂亦爾。	一策令行心亂亦爾。	One encourages it to move, and mental confusion is also like this.
['T27n1545_042:0219c14_15']	令心於境數移轉故。	令心於境數移轉故。	Because it causes the mind to repeatedly move and turn towards objects.
['T27n1545_042:0219c15_6']	又如令水從泉眼出。	又如令水從泉眼出。	It is also like causing water to flow out from a spring.
['T27n1545_042:0219c15_11']	掉舉亦爾。	掉舉亦爾。	Agitation is also like this.
['T27n1545_042:0219c15_17']	令心躁動故。	令心躁動故。	It causes the mind to be agitated.
['T27n1545_042:0219c16_8']	令水出已流滿諸池。	令水出已流滿諸池。	It causes the water to flow out and fill all the ponds.
['T27n1545_042:0219c16_13']	心亂亦爾。	心亂亦爾。	Distraction is also like this.
['T27n1545_042:0219c17_1']	令心流散故。	令心流散故。	It causes the mind to flow and scatter.
['T27n1545_042:0219c17_10']	問心亂以何為自性。	問心亂以何為自性。	Question: What is the intrinsic nature of mental distraction?
['T27n1545_042:0219c18_3']	答以染污三摩地為自性。	答以染污三摩地為自性。	Answer: It has the defiled samādhi as its intrinsic nature.
['T27n1545_042:0219c18_8']	有作是說。	有作是說。	There are those who say:
['T27n1545_042:0219c18_17']	有別心所名為心亂。	有別心所名為心亂。	There is a separate mental factor called mental distraction.
['T27n1545_042:0219c19_4']	非三摩地。	非三摩地。	It is not samādhi.
['T27n1545_042:0219c19_7']	評曰。	評曰。	The judges say:
['T27n1545_042:0219c19_12']	應作是說。	應作是說。	One should say:
['T27n1545_042:0219c19_17']	前說為善。	前說為善。	The previous explanation is correct.
['T27n1545_042:0219c20_6', 'T27n1545_042:0219c21_14']	即三摩地煩惱相應。🔽令心於境數數移轉名心亂故掉舉心亂雖恒相應然約用增。	即三摩地煩惱相應。 令心於境數數移轉名心亂故掉舉心亂雖恒相應然約用增。	It is the defilements associated with samādhi.
['T27n1545_042:0219c22_2']	應作四句。	應作四句。	It causes the mind to repeatedly shift towards objects, and is called mental distraction. Although agitation and mental distraction are always associated, they should be made into four sentences based on the increase of their functions.
['T27n1545_042:0219c22_13']	有心名有掉舉非有心亂。	有心名有掉舉非有心亂。	There is a mind that is agitated but not distracted.
['T27n1545_042:0219c23_8']	謂於一境三摩地極躁動時。	謂於一境三摩地極躁動時。	This refers to the time when samādhi is extremely agitated towards a single object.
['T27n1545_042:0219c24_2']	有心名有心亂非有掉舉。	有心名有心亂非有掉舉。	There is a mind that is distracted but not agitated.
['T27n1545_042:0219c24_15']	謂於多境三摩地不極躁動時。	謂於多境三摩地不極躁動時。	This refers to the time when samādhi is not extremely agitated towards many objects.
['T27n1545_042:0219c25_8']	有心名有掉舉亦有心亂。	有心名有掉舉亦有心亂。	There is a mind that is called both with agitation and also with distraction.
['T27n1545_042:0219c26_3']	謂於多境三摩地極躁動時。	謂於多境三摩地極躁動時。	This refers to when the mind is extremely agitated towards many objects and samādhi.
['T27n1545_042:0219c26_16']	有心不名有掉舉亦非有心亂。	有心不名有掉舉亦非有心亂。	There is a mind that is not called with agitation and also not with distraction.
['T27n1545_042:0219c27_12']	謂於一境三摩地不極躁動時。	謂於一境三摩地不極躁動時。	This refers to when the mind is not extremely agitated towards one object and samādhi.
['T27n1545_042:0219c27_17']	大德說曰。	大德說曰。	The Venerable One said:
['T27n1545_042:0219c28_11']	若心名有心亂亦名有掉舉。	若心名有心亂亦名有掉舉。	If the mind is called with distraction, it is also called with agitation.
['T27n1545_042:0219c29_5']	有心名有掉舉非有心亂。	有心名有掉舉非有心亂。	There is a mind that is called with agitation but not with distraction.
['T27n1545_042:0219c29_17']	謂於一境三摩地極躁動時。	謂於一境三摩地極躁動時。	This refers to when the mind is extremely agitated towards one object and samādhi.
['T27n1545_042:0220a01_8']	如行一路馳走不息。	如行一路馳走不息。	It is like traveling on one road, running without stopping.
['T27n1545_042:0220a02_8']	復次此中因說心所。	復次此中因說心所。	Next, in this section on discussing the mental factors,
['T27n1545_042:0220a02_15']	應說大地等法。	應說大地等法。	one should discuss the dharmas of the great grounds and so forth.
['T27n1545_042:0220a03_6']	謂大地法有十種。	謂大地法有十種。	The dharmas of the great grounds are of ten kinds.
['T27n1545_042:0220a03_9']	一受。	一受。	First, feeling.
['T27n1545_042:0220a03_12']	二想。	二想。	Second, conception.
['T27n1545_042:0220a03_15']	三思。	三思。	Third, volition.
['T27n1545_042:0220a03_18']	四觸。	四觸。	Fourth, contact.
['T27n1545_042:0220a04_1']	五欲。	五欲。	Fifth, desire.
['T27n1545_042:0220a04_5']	六作意。	六作意。	Sixth, attention.
['T27n1545_042:0220a04_9']	七勝解。	七勝解。	Seventh, resolve.
['T27n1545_042:0220a04_12']	八念。	八念。	Eighth, mindfulness.
['T27n1545_042:0220a04_17']	九三摩地。	九三摩地。	Ninth, samādhi.
['T27n1545_042:0220a04_20']	十慧。	十慧。	Tenth, wisdom.
['T27n1545_042:0220a05_9']	大煩惱地法亦有十種。	大煩惱地法亦有十種。	The dharmas of the great grounds of affliction are also of ten kinds.
['T27n1545_042:0220a05_13']	一不信。	一不信。	First, lack of faith.
['T27n1545_042:0220a05_17']	二懈怠。	二懈怠。	Second, laziness.
['T27n1545_042:0220a06_2']	三放逸。	三放逸。	Third, negligence.
['T27n1545_042:0220a06_6']	四掉舉。	四掉舉。	4. Negligence.
['T27n1545_042:0220a06_10', 'T27n1545_042:0220a06_14']	五無明。🔽六忘念。	五無明。 六忘念。	5. Agitation.🔽6. Ignorance.🔽7. Forgetfulness.
['T27n1545_042:0220a06_19', 'T27n1545_042:0220a07_3']	七不正知。🔽八心亂。	七不正知。 八心亂。	8. Incorrect knowledge.
['T27n1545_042:0220a07_9']	九非理作意。	九非理作意。	9. Distraction of mind.
['T27n1545_042:0220a07_14']	十邪勝解。	十邪勝解。	10. Wrong resolve.
['T27n1545_042:0220a08_2']	此二種大地法。	此二種大地法。	These two kinds of great ground mental factors,
['T27n1545_042:0220a08_11']	名雖二十體唯十五。	名雖二十體唯十五。	although nominally twenty, in reality are only fifteen.
['T27n1545_042:0220a09_5']	謂大地法中受想思觸欲。	謂大地法中受想思觸欲。	That is to say, among the great ground mental factors, feeling, conception, volition, contact, and desire,
['T27n1545_042:0220a09_11']	名五體亦五。	名五體亦五。	are nominally five and also actually five.
['T27n1545_042:0220a10_10']	大煩惱地法中不信懈怠放逸掉舉無明。	大煩惱地法中不信懈怠放逸掉舉無明。	Among the mental factors of the great ground of affliction, faithlessness, laziness, negligence, agitation, and ignorance,
['T27n1545_042:0220a10_17']	亦名五體亦五。	亦名五體亦五。	are also nominally five and also actually five.
['T27n1545_042:0220a11_12']	所餘十法名雖有十體唯有五。	所餘十法名雖有十體唯有五。	The remaining ten mental factors, although nominally ten, in reality are only five.
['T27n1545_042:0220a12_11']	謂大煩惱地法中忘念即大地法中念。	謂大煩惱地法中忘念即大地法中念。	That is to say, among the mental factors of the great ground of affliction, forgetfulness is the mindfulness among the great ground mental factors.
['T27n1545_042:0220a12_18']	不正知即彼慧。	不正知即彼慧。	Incorrect knowledge is the discernment among them.
['T27n1545_042:0220a13_7']	心亂即彼三摩地。	心亂即彼三摩地。	Distraction of mind is the samādhi among them.
['T27n1545_042:0220a13_16']	非理作意即彼作意。	非理作意即彼作意。	Incorrect mental activity is the mental activity among them.
['T27n1545_042:0220a14_5']	邪勝解即彼勝解。	邪勝解即彼勝解。	Wrong resolve is the resolve among them.
['T27n1545_042:0220a14_16']	然大地法通染污不染污。	然大地法通染污不染污。	However, the great ground mental factors are both defiled and undefiled.
['T27n1545_042:0220a15_6']	大煩惱地法唯染污。	大煩惱地法唯染污。	The mental factors of the great ground of affliction are only defiled.
['T27n1545_042:0220a15_15']	念等五法順善品勝。	念等五法順善品勝。	The five dharmas of memory, etc., are superior in accordance with wholesome categories.
['T27n1545_042:0220a16_5']	多建立在諸善品中。	多建立在諸善品中。	They are often established among the various wholesome categories.
['T27n1545_042:0220a16_15']	或有生疑唯不染污故。	或有生疑唯不染污故。	Some give rise to doubt because they are only unafflicted.
['T27n1545_042:0220a17_5']	復說在煩惱地中。	復說在煩惱地中。	It is also said that they are in the stage of afflictions.
['T27n1545_042:0220a17_8']	有說。	有說。	Some say:
['T27n1545_042:0220a17_15']	此五順染亦勝。	此五順染亦勝。	These five are also superior in accordance with defilement.
['T27n1545_042:0220a18_1']	是故重說。	是故重說。	Therefore, they are mentioned again.
['T27n1545_042:0220a18_10']	惛沈順定餘不遍染。	惛沈順定餘不遍染。	Dullness is in accordance with samādhi, while the others are not universal in defilement.
['T27n1545_042:0220a19_1']	故不立在此地法中。	故不立在此地法中。	Therefore, they are not established in this stage of dharmas.
['T27n1545_042:0220a19_10']	然於此中應作四句。	然於此中應作四句。	However, four alternatives should be made here.
['T27n1545_042:0220a20_5']	有是大地法非大煩惱地法。	有是大地法非大煩惱地法。	There are those that are great ground dharmas but not great affliction ground dharmas.
['T27n1545_042:0220a20_12']	謂受想思觸欲。	謂受想思觸欲。	Namely, feeling, conceptualization, volition, contact, and desire.
['T27n1545_042:0220a21_5']	有是大煩惱地法非大地法。	有是大煩惱地法非大地法。	There are those that are great affliction ground dharmas but not great ground dharmas.
['T27n1545_042:0220a21_17']	謂不信懈怠放逸掉舉無明。	謂不信懈怠放逸掉舉無明。	Namely, lack of faith, laziness, negligence, agitation, and ignorance.
['T27n1545_042:0220a22_10']	有是大地法亦大煩惱地法。	有是大地法亦大煩惱地法。	There are those that are great ground dharmas and also great affliction ground dharmas.
['T27n1545_042:0220a23_8']	謂忘念不正知心亂非理作意邪勝解。	謂忘念不正知心亂非理作意邪勝解。	Namely, forgetfulness, incorrect knowledge, mental disturbance, incorrect attention, and wrong resolve.
['T27n1545_042:0220a24_3']	有非大地法亦非大煩惱地法。	有非大地法亦非大煩惱地法。	There are those that are neither great ground dharmas nor great affliction ground dharmas.
['T27n1545_042:0220a24_8']	謂除前相。	謂除前相。	Namely, excluding the above characteristics.
['T27n1545_042:0220a25_2']	諸有欲令心亂非三摩地者。	諸有欲令心亂非三摩地者。	Those who wish for mental disturbance to be neither samādhi,
['T27n1545_042:0220a25_11']	彼說此二種大地法。	彼說此二種大地法。	They say that these two kinds of great ground mental factors
['T27n1545_042:0220a26_2']	名有二十體有十六。	名有二十體有十六。	have twenty names but sixteen substances.
['T27n1545_042:0220a26_11']	所作四句與前有異。	所作四句與前有異。	The four-line verse on their functions differs from the previous one.
['T27n1545_042:0220a27_1']	謂第一句有六法。	謂第一句有六法。	The first line has six dharmas.
['T27n1545_042:0220a27_10']	即前五種及三摩地。	即前五種及三摩地。	They are the previous five and samādhi.
['T27n1545_042:0220a27_18']	第二句亦有六法。	第二句亦有六法。	The second line also has six dharmas.
['T27n1545_042:0220a28_5']	謂前五及心亂。	謂前五及心亂。	They are the previous five and mental distraction.
['T27n1545_042:0220a28_12']	第三句有四法。	第三句有四法。	The third line has four dharmas.
['T27n1545_042:0220a29_1']	謂前五中除心亂。	謂前五中除心亂。	They are the previous five, excluding mental distraction.
['T27n1545_042:0220a29_8']	第四句如前說。	第四句如前說。	The fourth line is as previously explained.
['T27n1545_042:0220a29_11']	評曰。	評曰。	The commentators say:
['T27n1545_042:0220a29_18']	此中前說為善。	此中前說為善。	The previous explanation is better.
['T27n1545_042:0220b01_7', 'T27n1545_042:0220b01_10']	小煩惱地法有十種。🔽一忿。	小煩惱地法有十種。 一忿。	There are ten kinds of secondary afflictions.🔽First, anger.
['T27n1545_042:0220b01_13']	二恨。	二恨。	Second, resentment.
['T27n1545_042:0220b01_16']	三覆。	三覆。	Third, concealment.
['T27n1545_042:0220b01_19']	四惱。	四惱。	Fourth, vexation.
['T27n1545_042:0220b02_1']	五諂。	五諂。	Fifth, flattery.
['T27n1545_042:0220b02_4']	六誑。	六誑。	Sixth, deceit.
['T27n1545_042:0220b02_7']	七憍。	七憍。	Seventh, arrogance.
['T27n1545_042:0220b02_10']	八慳。	八慳。	Eighth, stinginess.
['T27n1545_042:0220b02_13']	九嫉。	九嫉。	Ninth, jealousy.
['T27n1545_042:0220b02_16']	十害。	十害。	Tenth, harmfulness.
['T27n1545_042:0220b03_2']	大善地法有十種。	大善地法有十種。	There are ten kinds of great wholesome ground mental factors.
['T27n1545_042:0220b03_5']	一信。	一信。	First, faith.
['T27n1545_042:0220b03_9']	二精進。	二精進。	Second, zeal.
['T27n1545_042:0220b03_12']	三慚。	三慚。	Third, conscience.
['T27n1545_042:0220b03_15']	四愧。	四愧。	Fourth, shame.
['T27n1545_042:0220b03_19']	五無貪。	五無貪。	Fifth, non-greed.
['T27n1545_042:0220b04_1']	六無瞋。	六無瞋。	Sixth, non-hatred.
['T27n1545_042:0220b04_5']	七輕安。	七輕安。	Seventh, tranquility.
['T27n1545_042:0220b04_8']	八捨。	八捨。	Eighth, equanimity.
['T27n1545_042:0220b04_13']	九不放逸。	九不放逸。	Ninth, non-diligence.
['T27n1545_042:0220b04_17']	十不害。	十不害。	Tenth, non-harming.
['T27n1545_042:0220b05_5']	大不善地法有五種。	大不善地法有五種。	There are five types of great unwholesome mental factors.
['T27n1545_042:0220b05_9']	一無明。	一無明。	First, ignorance.
['T27n1545_042:0220b05_13', 'T27n1545_042:0220b05_17']	二惛沈。🔽三掉舉。	二惛沈。 三掉舉。	Second, torpor.🔽Third, restlessness.
['T27n1545_042:0220b06_1']	四無慚。	四無慚。	Fourth, lack of conscience.
['T27n1545_042:0220b06_5']	五無愧。	五無愧。	Fifth, lack of shame.
['T27n1545_042:0220b06_16']	大有覆無記地法有三種。	大有覆無記地法有三種。	There are three types of great obscured neutral mental factors.
['T27n1545_042:0220b07_1']	一無明。	一無明。	First, ignorance.
['T27n1545_042:0220b07_5']	二惛沈。	二惛沈。	Second, torpor.
['T27n1545_042:0220b07_9']	三掉舉。	三掉舉。	Third, restlessness.
['T27n1545_042:0220b08_1']	大無覆無記地法有十種。	大無覆無記地法有十種。	There are ten types of great unobstructed neutral mental factors.
['T27n1545_042:0220b08_10']	即前大地受等十法。	即前大地受等十法。	They are the ten dharmas such as feeling, etc. in the great ground.
['T27n1545_042:0220b09_1']	問大地法等有何義耶。	問大地法等有何義耶。	What is the meaning of the great ground mental factors, etc.?
['T27n1545_042:0220b09_15', 'T27n1545_042:0220b10_4']	答若法一切心中可得名大地法。🔽謂若染污不染污。	答若法一切心中可得名大地法。 謂若染污不染污。	If a dharma can be found in all minds, it is called a great ground mental factor.🔽Whether defiled or undefiled,
['T27n1545_042:0220b10_10']	若有漏無漏。	若有漏無漏。	whether with outflows or without outflows,
['T27n1545_042:0220b10_17']	若善不善無記。	若善不善無記。	whether wholesome, unwholesome, or neutral,
['T27n1545_042:0220b11_4', 'T27n1545_042:0220b11_14']	若三界繫不繫。🔽若學無學非學非無學。	若三界繫不繫。 若學無學非學非無學。	whether bound to the three realms or unbound,🔽whether pertaining to learners, post-learners, or neither,
['T27n1545_042:0220b12_5']	若見所斷修所斷不斷。	若見所斷修所斷不斷。	whether eliminated by seeing the truths, eliminated by cultivation, or not eliminated,
['T27n1545_042:0220b12_10']	若在意地。	若在意地。	whether in the mental faculty,
['T27n1545_042:0220b12_15']	若五識身。	若五識身。	or in the five sense consciousnesses,
['T27n1545_042:0220b13_8']	一切心中皆可得故名大地法。	一切心中皆可得故名大地法。	Because they can be found in all minds, they are called universal mental factors.
['T27n1545_042:0220b14_1']	若法一切染污心中可得。	若法一切染污心中可得。	If a dharma can be found in all defiled minds,
['T27n1545_042:0220b14_8']	名大煩惱地法。	名大煩惱地法。	it is called a factor of the great ground of mental afflictions.
['T27n1545_042:0220b14_13']	謂若不善。	謂若不善。	That is to say, if it is unwholesome,
['T27n1545_042:0220b14_17']	若無記。	若無記。	if it is indeterminate,
['T27n1545_042:0220b15_2', 'T27n1545_042:0220b15_7']	若欲界繫。🔽若色界繫。	若欲界繫。 若色界繫。	if it is connected to the desire realm,🔽if it is connected to the form realm,
['T27n1545_042:0220b15_13']	若無色界繫。	若無色界繫。	if it is connected to the formless realm,
['T27n1545_042:0220b15_18']	若見所斷。	若見所斷。	if it is eliminated by seeing the truths,
['T27n1545_042:0220b16_2']	若修所斷。	若修所斷。	if it is eliminated by cultivation,
['T27n1545_042:0220b16_7']	若在意地。	若在意地。	if it is in the manas,
['T27n1545_042:0220b16_12']	若五識身。	若五識身。	if it is in the five consciousnesses,
['T27n1545_042:0220b17_2']	煩惱起時皆可得故。	煩惱起時皆可得故。	because it can be found when mental afflictions arise,
['T27n1545_042:0220b17_9']	名大煩惱地法。	名大煩惱地法。	it is called a factor of the great ground of mental afflictions.
['T27n1545_042:0220b17_18', 'T27n1545_042:0220b18_9']	應知此中不信等五。🔽唯與一切染污心俱故。	應知此中不信等五。 唯與一切染污心俱故。	It should be known that among them, the five beginning with lack of faith🔽are only concomitant with all defiled minds,
['T27n1545_042:0220b18_16']	立大煩惱地法。	立大煩惱地法。	therefore they are established as factors of the great ground of mental afflictions.
['T27n1545_042:0220b19_7']	忘念等五如前已說。	忘念等五如前已說。	The five beginning with forgetfulness have already been explained above.
['T27n1545_042:0220b20_6']	若法少分染污心中可得名小煩惱地法。	若法少分染污心中可得名小煩惱地法。	If a dharma can be found in a small part of defiled minds, it is called a factor of the small ground of mental afflictions.
['T27n1545_042:0220b20_11']	謂忿等七。	謂忿等七。	That is to say, the seven beginning with anger.
['T27n1545_042:0220b20_18']	唯不善諂誑憍。	唯不善諂誑憍。	Only deceit, flattery, and arrogance
['T27n1545_042:0220b21_3']	或不善。	或不善。	are either unwholesome
['T27n1545_042:0220b21_7']	或無記。	或無記。	or indeterminate.
['T27n1545_042:0220b21_12']	又忿等七。	又忿等七。	Moreover, the seven beginning with anger
['T27n1545_042:0220b21_17']	唯欲界繫。	唯欲界繫。	are only connected to the desire realm.
['T27n1545_042:0220b22_5']	諂誑欲界初靜慮繫。	諂誑欲界初靜慮繫。	Deceit and hypocrisy are bound to the desire realm and the first meditative absorption.
['T27n1545_042:0220b22_10']	憍三界繫。	憍三界繫。	Arrogance is bound to the three realms.
['T27n1545_042:0220b22_19']	又此十種唯修所斷。	又此十種唯修所斷。	Moreover, these ten are only eliminated by cultivation.
['T27n1545_042:0220b23_4']	唯在意地。	唯在意地。	They are only in the mental ground.
['T27n1545_042:0220b23_17']	若一起時必無第二互相違故。	若一起時必無第二互相違故。	When one arises, there is definitely not a second, because they mutually contradict each other.
['T27n1545_042:0220b24_6']	名小煩惱地法。	名小煩惱地法。	They are called the minor defilements of the mental grounds.
['T27n1545_042:0220b25_5']	若法唯在一切善心中可得名大善地法。	若法唯在一切善心中可得名大善地法。	If a dharma can be found in all wholesome minds, it is called a wholesome ground dharma.
['T27n1545_042:0220b25_10']	謂若有漏。	謂若有漏。	That is, if it is contaminated,
['T27n1545_042:0220b25_14', 'T27n1545_042:0220b25_19']	若無漏。🔽若生得善。	若無漏。 若生得善。	if it is uncontaminated,🔽if it is innate wholesome,
['T27n1545_042:0220b26_3']	若加行善。	若加行善。	if it is wholesome through application,
['T27n1545_042:0220b26_8']	若三界繫。	若三界繫。	if it is bound to the three realms,
['T27n1545_042:0220b26_12', 'T27n1545_042:0220b26_18']	若不繫。🔽若學若無學。	若不繫。 若學若無學。	if it is unbound,🔽if it is a learner, if it is a non-learner,
['T27n1545_042:0220b27_4']	若非學非無學。	若非學非無學。	if it is neither a learner nor a non-learner,
['T27n1545_042:0220b27_9']	若在意地。	若在意地。	if it is in the mental ground,
['T27n1545_042:0220b27_14']	若五識身。	若五識身。	if it is in the five consciousnesses,
['T27n1545_042:0220b28_3']	一切善心皆可得故。	一切善心皆可得故。	it can be found in all wholesome minds.
['T27n1545_042:0220b28_9']	名大善地法。	名大善地法。	Therefore, it is called a wholesome ground dharma.
['T27n1545_042:0220b29_2']	若法一切不善心中可得。	若法一切不善心中可得。	If a dharma can be found in all unwholesome minds,
['T27n1545_042:0220b29_9']	名大不善地法。	名大不善地法。	it is called a major unwholesome ground dharma.
['T27n1545_042:0220b29_16', 'T27n1545_042:0220c01_2']	謂若見苦所斷。🔽若見集所斷。	謂若見苦所斷。 若見集所斷。	That is, if it is eliminated by seeing suffering,🔽if it is eliminated by seeing the accumulation,
['T27n1545_042:0220c01_8']	若見滅所斷。	若見滅所斷。	if it is eliminated by seeing cessation,
['T27n1545_042:0220c01_14']	若見道所斷。	若見道所斷。	if it is eliminated by seeing the path,
['T27n1545_042:0220c01_19']	若修所斷。	若修所斷。	If they are eliminated by cultivation,
['T27n1545_042:0220c02_3']	若在意地。	若在意地。	if they are in the mental faculty,
['T27n1545_042:0220c02_8']	若五識身。	若五識身。	if they are in the five consciousnesses,
['T27n1545_042:0220c02_19']	一切不善心中皆可得故。	一切不善心中皆可得故。	they can all be found in all unwholesome minds.
['T27n1545_042:0220c03_6']	名大不善地法。	名大不善地法。	Therefore they are called great unwholesome mental factors.
['T27n1545_042:0220c03_15']	應知此中無慚無愧。	應知此中無慚無愧。	One should know that among them, shamelessness and lack of conscience,
['T27n1545_042:0220c04_9']	唯在一切不善心中可得故。	唯在一切不善心中可得故。	can only be found in all unwholesome minds.
['T27n1545_042:0220c04_16']	名大不善地法。	名大不善地法。	Therefore they are called great unwholesome mental factors.
['T27n1545_042:0220c05_7']	惛沈掉舉煩惱纏攝。	惛沈掉舉煩惱纏攝。	Dullness and agitation are included in the entanglements of afflictions.
['T27n1545_042:0220c05_17']	通與一切不善心相應。	通與一切不善心相應。	They are universally associated with all unwholesome minds.
['T27n1545_042:0220c06_7']	又障止觀勢用強故。	又障止觀勢用強故。	Moreover, because their power of obstruction to tranquility and insight is strong,
['T27n1545_042:0220c06_16']	復建立在不善地中。	復建立在不善地中。	they are again established as being in the unwholesome category.
['T27n1545_042:0220c07_7']	無明一種隨眠所攝。	無明一種隨眠所攝。	Ignorance is of one kind and is included in the latent tendencies.
['T27n1545_042:0220c07_18']	遍與一切不善心相應故。	遍與一切不善心相應故。	Because it is universally associated with all unwholesome minds,
['T27n1545_042:0220c08_7']	復立在不善地中。	復立在不善地中。	it is again established as being in the unwholesome category.
['T27n1545_042:0220c09_2']	所餘隨眠及隨煩惱無如是義。	所餘隨眠及隨煩惱無如是義。	The remaining latent tendencies and secondary afflictions do not have this meaning.
['T27n1545_042:0220c10_5']	若法一切有覆無記心中可得名大有覆無記地法。	若法一切有覆無記心中可得名大有覆無記地法。	If a dharma can be found in all obscured neutral minds, it is called a great obscured neutral mental factor.
['T27n1545_042:0220c11_2']	謂若欲界薩迦耶見邊執見相應心。	謂若欲界薩迦耶見邊執見相應心。	This refers to the mind associated with the view of the aggregates and the view grasping extremes in the desire realm.
['T27n1545_042:0220c11_15']	若色無色界一切煩惱相應心。	若色無色界一切煩惱相應心。	If the mind associated with all afflictions of the form and formless realms,
['T27n1545_042:0220c12_1']	若在意地。	若在意地。	If it is in the mental faculty,
['T27n1545_042:0220c12_6']	若五識身。	若五識身。	If it is in the five sense consciousnesses,
['T27n1545_042:0220c12_19']	一切有覆無記心中皆可得故。	一切有覆無記心中皆可得故。	Because it can be found in all obscured indeterminate minds,
['T27n1545_042:0220c13_8']	名大有覆無記地法。	名大有覆無記地法。	It is called a dharma of the great obscured indeterminate stage.
['T27n1545_042:0220c13_17']	應知此中無別心所。	應知此中無別心所。	One should know that in this [stage], there are no separate mental factors.
['T27n1545_042:0220c14_8']	唯是有覆無記性攝。	唯是有覆無記性攝。	It is only categorized as obscured indeterminate nature.
['T27n1545_042:0220c15_4']	唯有無明惛沈掉舉是煩惱纏。	唯有無明惛沈掉舉是煩惱纏。	There is only ignorance, torpor, and restlessness, which are afflictive entanglements.
['T27n1545_042:0220c15_9']	障止觀勝。	障止觀勝。	They obstruct tranquility and insight,
['T27n1545_042:0220c16_8']	或是隨眠遍在一切有覆無記心中可得故。	或是隨眠遍在一切有覆無記心中可得故。	Or they are latent tendencies that can be found in all obscured indeterminate minds.
['T27n1545_042:0220c16_16']	立有覆無記地中。	立有覆無記地中。	Therefore, they are established in the obscured indeterminate stage.
['T27n1545_042:0220c17_11']	若法一切無覆無記心中可得。	若法一切無覆無記心中可得。	If a dharma can be found in all unobscured indeterminate minds,
['T27n1545_042:0220c18_2']	名大無覆無記地法。	名大無覆無記地法。	It is called a dharma of the great unobscured indeterminate stage.
['T27n1545_042:0220c18_8', 'T27n1545_042:0220c18_13']	謂若欲界繫。🔽若色界繫。	謂若欲界繫。 若色界繫。	If it is bound to the desire realm,🔽If it is bound to the form realm,
['T27n1545_042:0220c18_19']	若無色界繫。	若無色界繫。	If it is bound to the formless realm,
['T27n1545_042:0220c19_3']	若在意地。	若在意地。	If it is in the mental faculty,
['T27n1545_042:0220c19_8']	若五識身。	若五識身。	If it is in the five sense consciousnesses,
['T27n1545_042:0220c19_13', 'T27n1545_042:0220c19_18']	若異熟生。🔽若威儀路。	若異熟生。 若威儀路。	If it is born of retribution,🔽If it is a path of deportment,
['T27n1545_042:0220c20_3']	若工巧處。	若工巧處。	If it is a place of craftsmanship,
['T27n1545_042:0220c20_8']	若通果心。	若通果心。	If it is a mind of spiritual powers,
['T27n1545_042:0220c20_13']	皆可得故。	皆可得故。	because they can all be obtained.
['T27n1545_042:0220c21_3']	名大無覆無記地法。	名大無覆無記地法。	It is called the great ground of non-obscuring indeterminate dharmas.
['T27n1545_042:0220c21_12']	應知此中無別心所。	應知此中無別心所。	One should know that in this [ground], there are no separate mental factors.
['T27n1545_042:0220c22_3']	唯是無覆無記性攝。	唯是無覆無記性攝。	They are only categorized as non-obscuring indeterminate natures.
['T27n1545_042:0220c23_3']	即受等十遍在一切無覆無記心中可得故。	即受等十遍在一切無覆無記心中可得故。	Because the ten dharmas such as feeling can be obtained in all non-obscuring indeterminate minds.
['T27n1545_042:0220c23_11']	立無覆無記地中。	立無覆無記地中。	It is established in the ground of non-obscuring indeterminate dharmas.🔽Here is the corrected and aligned text:
['T27n1545_042:0220c24_100']	說一切有部發智大毘婆沙論卷第四十二	說一切有部發智大毘婆沙論卷第四十二	Abhidharma-mahāvibhāṣā-śāstra, fascicle 42
