segmentnr	original	analyzed	translated
['T27n1545_062:0318c16_0']	阿毘達磨大毘婆沙論卷第六十	阿毘達磨大毘婆沙論卷第六十	Abhidharma-mahāvibhāṣā-śāstra, fascicle 60
['T27n1545_062:0318c17_0']	二	二	two
['T27n1545_062:0318c19_0']	五百大阿羅漢等造	五百大阿羅漢等造	composed by 500 great arhats and others
['T27n1545_062:0318c22_5']	三藏法師玄奘奉　詔譯7結蘊第二中一行納息第二之七問何處有退。	三藏法師玄奘奉　詔譯7結蘊第二中一行納息第二之七問何處有退。	tripiṭaka master Xuanzang respectfully received
['T27n1545_062:0318c22_14']	答欲界有退非餘界。	答欲界有退非餘界。	Answer: There is retrogression in the desire realm, not in other realms.
['T27n1545_062:0318c23_4']	人趣有退非餘趣。	人趣有退非餘趣。	There is retrogression among humans, not in other destinies.
['T27n1545_062:0318c23_14']	問欲界天中何故無退。	問欲界天中何故無退。	Question: Why is there no retrogression among the gods in the desire realm?
['T27n1545_062:0318c24_2']	答無退具故。	答無退具故。	Answer: Because they lack the conditions for retrogression.
['T27n1545_062:0318c25_3']	問豈不彼天有五妙欲勝於人趣寧說為無。	問豈不彼天有五妙欲勝於人趣寧說為無。	Question: Don't the gods in the desire realm have the five excellent desires that surpass the human realm? How can it be said that they lack them?
['T27n1545_062:0318c26_4']	答諸契經中說五退具天中非有故說為無。	答諸契經中說五退具天中非有故說為無。	Answer: Because the scriptures say that the five conditions for retrogression do not exist among the gods, it is said that they lack them.
['T27n1545_062:0318c27_14']	復次六欲天中初入聖道得聖果者皆是利根諸利根者皆不退故。	復次六欲天中初入聖道得聖果者皆是利根諸利根者皆不退故。	Furthermore, those who first enter the noble path and attain the noble fruits among the six desire heavens are all of sharp faculties. All those of sharp faculties do not retrogress.
['T27n1545_062:0318c28_14']	問鈍根人中入聖道已後生天上為有退不。	問鈍根人中入聖道已後生天上為有退不。	Question: Do those of dull faculties who enter the noble path and are later reborn in the heavens retrogress?
['T27n1545_062:0318c29_3']	答彼亦不退。	答彼亦不退。	Answer: They also do not retrogress.
['T27n1545_062:0318c29_8']	所以者何。	所以者何。	Why is it so?
['T27n1545_062:0318c29_17']	經生聖者決定不退。	經生聖者決定不退。	Because the noble ones who have experienced rebirth definitely do not retrogress.
['T27n1545_062:0319a01_3']	亦不轉根。	亦不轉根。	They also do not change their faculties.
['T27n1545_062:0319a01_12']	亦不得生色無色界。	亦不得生色無色界。	They also cannot be reborn in the form or formless realms.🔽Here is the corrected and aligned text:
['T27n1545_062:0319a02_11']	聖道於彼相續中住既經多時極堅牢故。	聖道於彼相續中住既經多時極堅牢故。	Because the noble path abides in their continuum for a long time, being extremely firm.
['T27n1545_062:0319a03_4']	問三惡趣中何故不退。	問三惡趣中何故不退。	Question: Why is there no falling away from the three evil destinies?
['T27n1545_062:0319a03_14']	答彼無離染入聖道義。	答彼無離染入聖道義。	Answer: Because there is no meaning of entering the noble path by detaching from defilements there.
['T27n1545_062:0319a04_1']	既無勝德。	既無勝德。	Since there are no superior qualities,
['T27n1545_062:0319a04_6']	於何說退。	於何說退。	from what can one speak of falling away?
['T27n1545_062:0319a05_2']	問色無色界既有勝德何故無退。	問色無色界既有勝德何故無退。	Question: Since the form and formless realms have superior qualities, why is there no falling away?
['T27n1545_062:0319a05_12']	答彼無退具功德堅牢。	答彼無退具功德堅牢。	Answer: Because they lack the conditions for falling away and their merits are firm.
['T27n1545_062:0319a06_6']	是故不退問何等人可退。	是故不退問何等人可退。	Therefore there is no falling away. Question: What kind of person can fall away?
['T27n1545_062:0319a06_14']	何等人不可退耶。	何等人不可退耶。	What kind of person cannot fall away?
['T27n1545_062:0319a07_10']	答有人信他隨他意欲而入聖道。	答有人信他隨他意欲而入聖道。	Answer: There are those who enter the noble path by believing in others and following others' intentions.
['T27n1545_062:0319a08_6']	有人自信隨自意欲而入聖道。	有人自信隨自意欲而入聖道。	There are those who enter the noble path by believing in themselves and following their own intentions.
['T27n1545_062:0319a08_11']	初人可退。	初人可退。	The first kind of person can fall away.
['T27n1545_062:0319a08_17']	後人不可退。	後人不可退。	The latter kind of person cannot fall away.
['T27n1545_062:0319a09_13']	復次有不思量觀察得失而入聖道。	復次有不思量觀察得失而入聖道。	Furthermore, there are those who enter the noble path without contemplating the gains and losses.
['T27n1545_062:0319a10_10', 'T27n1545_062:0319a10_15']	有極思量觀察得失而入聖道。🔽初人可退。	有極思量觀察得失而入聖道。 初人可退。	There are those who enter the noble path by contemplating the gains and losses.🔽The first kind of person can fall away.
['T27n1545_062:0319a11_3']	後人不可退。	後人不可退。	The latter kind of person cannot fall away.
['T27n1545_062:0319a12_3']	復次有人因力加行力不放逸力皆不廣大。	復次有人因力加行力不放逸力皆不廣大。	Furthermore, some people's power of cause, power of practice, and power of non-negligence are all not vast.
['T27n1545_062:0319a12_12']	有人三力皆悉廣大。	有人三力皆悉廣大。	Some people's three powers are all vast.
['T27n1545_062:0319a13_4']	初人可退後人不可退。	初人可退後人不可退。	The first person can regress, but the latter person cannot regress.
['T27n1545_062:0319a13_15']	復次有信為先而入聖道。	復次有信為先而入聖道。	Furthermore, some enter the holy path with faith as the forerunner.
['T27n1545_062:0319a14_6']	有慧為先而入聖道。	有慧為先而入聖道。	Some enter the holy path with wisdom as the forerunner.
['T27n1545_062:0319a14_11']	初人可退。	初人可退。	The first person can regress.
['T27n1545_062:0319a14_17', 'T27n1545_062:0319a15_12']	後人不可退。🔽復次有奢摩他為先而入聖道。	後人不可退。 復次有奢摩他為先而入聖道。	The latter person cannot regress.🔽Furthermore, some enter the holy path with śamatha as the forerunner.
['T27n1545_062:0319a16_7']	有毘鉢舍那為先而入聖道。	有毘鉢舍那為先而入聖道。	Some enter the holy path with vipaśyanā as the forerunner.
['T27n1545_062:0319a16_12']	初人可退。	初人可退。	The first person can regress.
['T27n1545_062:0319a17_1']	後人不可退。	後人不可退。	The latter person cannot regress.
['T27n1545_062:0319a17_8']	復次有行止行。	復次有行止行。	Furthermore, some practice the practice of stillness.
['T27n1545_062:0319a17_13']	有行觀行。	有行觀行。	Some practice the practice of contemplation.
['T27n1545_062:0319a17_18']	初人可退。	初人可退。	The first person can regress.
['T27n1545_062:0319a18_5', 'T27n1545_062:0319a18_16']	後人不可退。🔽復次有多愛樂希求於止。	後人不可退。 復次有多愛樂希求於止。	The latter person cannot regress.🔽Furthermore, some have much fondness and yearning for stillness.
['T27n1545_062:0319a19_8']	有多愛樂希求於觀。	有多愛樂希求於觀。	Some have much fondness and yearning for contemplation.
['T27n1545_062:0319a19_13']	初人可退。	初人可退。	The first person can regress.
['T27n1545_062:0319a20_2', 'T27n1545_062:0319a20_9']	後人不可退。🔽復次有止增上。	後人不可退。 復次有止增上。	The latter person cannot regress.🔽Furthermore, some have superior stillness.
['T27n1545_062:0319a20_14']	有觀增上。	有觀增上。	Some have superior contemplation.
['T27n1545_062:0319a21_1']	初人可退。	初人可退。	The first person can regress.
['T27n1545_062:0319a21_7']	後人不可退。	後人不可退。	Later people cannot regress.
['T27n1545_062:0319a22_3']	復次有止熏心依觀得解脫。	復次有止熏心依觀得解脫。	Furthermore, there are those who cultivate concentration and attain liberation through insight.
['T27n1545_062:0319a22_13']	有觀熏心依止得解脫。	有觀熏心依止得解脫。	There are those who cultivate insight and attain liberation through concentration.
['T27n1545_062:0319a23_6']	初人可退後人不可退。	初人可退後人不可退。	The former can regress, while the latter cannot.
['T27n1545_062:0319a25_1']	復次有得內心止不得增上慧法觀有得增上慧法觀不得內心止。	復次有得內心止不得增上慧法觀有得增上慧法觀不得內心止。	Furthermore, there are those who attain inner mental concentration but not the insight of the supreme Dharma, and there are those who attain the insight of the supreme Dharma but not inner mental concentration.
['T27n1545_062:0319a25_6']	初人可退。	初人可退。	The former can regress.
['T27n1545_062:0319a25_12', 'T27n1545_062:0319a26_5']	後人不可退。🔽復次有樂習定不樂多聞。	後人不可退。 復次有樂習定不樂多聞。	The latter cannot regress.
['T27n1545_062:0319a26_14']	有樂多聞不樂習定。	有樂多聞不樂習定。	Furthermore, there are those who enjoy practicing meditation but not learning, and there are those who enjoy learning but not practicing meditation.
['T27n1545_062:0319a27_2']	初人可退。	初人可退。	The former can regress.
['T27n1545_062:0319a27_8', 'T27n1545_062:0319a28_2']	後人不可退。🔽復次有樂自利不樂利他。	後人不可退。 復次有樂自利不樂利他。	The latter cannot regress.
['T27n1545_062:0319a28_11']	有樂利他不樂自利。	有樂利他不樂自利。	Furthermore, there are those who enjoy benefiting themselves but not others, and there are those who enjoy benefiting others but not themselves.
['T27n1545_062:0319a28_16']	初人可退。	初人可退。	The former can regress.
['T27n1545_062:0319a29_4']	後人不可退。	後人不可退。	The latter cannot regress.
['T27n1545_062:0319a29_13']	復次有隨信行種性。	復次有隨信行種性。	Furthermore, there are those with the disposition of following faith,
['T27n1545_062:0319b01_2', 'T27n1545_062:0319b01_7']	有隨法行種性。🔽初人可退。	有隨法行種性。 初人可退。	and there are those with the disposition of following the Dharma.🔽The former can regress.
['T27n1545_062:0319b01_13', 'T27n1545_062:0319b02_2']	後人不可退。🔽復次有鈍根者。	後人不可退。 復次有鈍根者。	The latter cannot regress.🔽Furthermore, there are those with dull faculties,
['T27n1545_062:0319b02_7']	有利根者。	有利根者。	and there are those with sharp faculties.
['T27n1545_062:0319b02_12']	初人可退。	初人可退。	The first person may regress.
['T27n1545_062:0319b02_18']	後人不可退。	後人不可退。	The latter person cannot regress.
['T27n1545_062:0319b03_6']	復次有緣力入道。	復次有緣力入道。	Furthermore, there are those who enter the path through the power of conditions.
['T27n1545_062:0319b03_12']	有因力入道。	有因力入道。	There are those who enter the path through the power of causes.
['T27n1545_062:0319b03_17']	初人可退。	初人可退。	The first person may regress.
['T27n1545_062:0319b04_4']	後人不可退。	後人不可退。	The latter person cannot regress.
['T27n1545_062:0319b04_13']	復次有外友力入道。	復次有外友力入道。	Furthermore, there are those who enter the path through the power of external friends.
['T27n1545_062:0319b05_3']	有內友力入道。	有內友力入道。	There are those who enter the path through the power of internal friends.
['T27n1545_062:0319b05_8']	初人可退。	初人可退。	The first person may regress.
['T27n1545_062:0319b05_14']	後人不可退。	後人不可退。	The latter person cannot regress.
['T27n1545_062:0319b06_6']	復次有從他聞法力入道。	復次有從他聞法力入道。	Furthermore, there are those who enter the path through the power of hearing the Dharma from others.
['T27n1545_062:0319b06_15']	有內正思惟力入道。	有內正思惟力入道。	There are those who enter the path through the power of internal right thought.
['T27n1545_062:0319b07_6']	初人可退後人不可退。	初人可退後人不可退。	The first person may regress, the latter person cannot regress.
['T27n1545_062:0319b07_14']	復次有無貪增上。	復次有無貪增上。	Furthermore, there is the predominance of non-greed.
['T27n1545_062:0319b08_2']	有無癡增上。	有無癡增上。	There is the predominance of non-delusion.
['T27n1545_062:0319b08_7']	初人可退。	初人可退。	The first person may regress.
['T27n1545_062:0319b08_13']	後人不可退。	後人不可退。	The latter person cannot regress.
['T27n1545_062:0319b09_1']	復次契經中說。	復次契經中說。	Furthermore, it is said in the sutras:
['T27n1545_062:0319b09_10']	人有四法能多所作。	人有四法能多所作。	People have four qualities that can accomplish much.
['T27n1545_062:0319b09_16']	一親近善士。	一親近善士。	First, associating with good people.
['T27n1545_062:0319b10_3']	二聽聞正法。	二聽聞正法。	Second, listening to the true Dharma.
['T27n1545_062:0319b10_9']	三如理作意。	三如理作意。	Third, proper reflection.
['T27n1545_062:0319b10_15']	四法隨法行。	四法隨法行。	Fourth, practicing the Dharma according to the Dharma.
['T27n1545_062:0319b11_4']	初二法增上者可退。	初二法增上者可退。	Those who are superior in the first two qualities may regress.
['T27n1545_062:0319b11_14', 'T27n1545_062:0319b12_9']	後二法增上者不可退。🔽復次有心善解脫慧不善解脫。	後二法增上者不可退。 復次有心善解脫慧不善解脫。	Those who have increased the latter two dharmas cannot retrogress.🔽Moreover, there are those whose minds are well liberated but whose wisdom is not well liberated,
['T27n1545_062:0319b13_2']	有慧善解脫心不善解脫。	有慧善解脫心不善解脫。	and those whose wisdom is well liberated but whose minds are not well liberated.
['T27n1545_062:0319b13_7']	初人可退。	初人可退。	The first person can retrogress,
['T27n1545_062:0319b13_13', 'T27n1545_062:0319b13_18', 'T27n1545_062:0319b14_10']	後人不可退。🔽有作是說。🔽有心善解脫慧不善解脫。	後人不可退。 有作是說。 有心善解脫慧不善解脫。	but the latter person cannot retrogress.🔽Furthermore, there are those whose minds are well liberated but whose wisdom is not well liberated,
['T27n1545_062:0319b15_3']	有慧善解脫心不善解脫。	有慧善解脫心不善解脫。	and those whose wisdom is well liberated but whose minds are not well liberated.
['T27n1545_062:0319b15_9']	此二人可退。	此二人可退。	These two people can retrogress,
['T27n1545_062:0319b16_1']	有心善解脫慧善解脫。	有心善解脫慧善解脫。	but those whose minds are well liberated and whose wisdom is well liberated
['T27n1545_062:0319b16_7']	此人不可退。	此人不可退。	cannot retrogress.
['T27n1545_062:0319b16_17']	問諸已退者住經幾時。	問諸已退者住經幾時。	Question: How long do those who have already regressed remain in that state?
['T27n1545_062:0319b17_4']	答住經少時。	答住經少時。	Answer: They remain for a short time.
['T27n1545_062:0319b19_1']	乃至未覺彼尋覺已速修勝進復次彼起煩惱現前退時深生慚愧速即令斷。	乃至未覺彼尋覺已速修勝進復次彼起煩惱現前退時深生慚愧速即令斷。	Until they become aware of it, they quickly cultivate further progress and eliminate it. Moreover, when they regress due to the manifestation of afflictions, they deeply feel shame and quickly eliminate them.
['T27n1545_062:0319b19_14']	如明眼人晝日平地忽自顛蹶。	如明眼人晝日平地忽自顛蹶。	It is like a person with clear eyes who suddenly stumbles on level ground in broad daylight.
['T27n1545_062:0319b20_8']	速起四顧勿有他人見我者不。	速起四顧勿有他人見我者不。	They quickly get up and look around, thinking, I hope no one saw me.
['T27n1545_062:0319b21_4']	如是行者起煩惱時深生慚愧。	如是行者起煩惱時深生慚愧。	In the same way, practitioners deeply feel shame and remorse when afflictions arise.
['T27n1545_062:0319b22_3']	勿有諸佛或佛弟子或餘善人知我者不。	勿有諸佛或佛弟子或餘善人知我者不。	May no Buddhas, or disciples of the Buddha, or other good people know me.
['T27n1545_062:0319b22_12']	故速令斷還復本位。	故速令斷還復本位。	Therefore, they quickly cause it to be cut off and return to its original state.
['T27n1545_062:0319b23_13']	復次彼起煩惱現前退時燒身心故速令還滅。	復次彼起煩惱現前退時燒身心故速令還滅。	Furthermore, when they regress due to the manifestation of afflictions, they burn the body and mind, so they quickly cause it to cease.
['T27n1545_062:0319b24_13']	如軟體者迸火觸身不能堪耐速即除滅。	如軟體者迸火觸身不能堪耐速即除滅。	Like a person with soft skin, when touched by a spark, they cannot bear it and quickly extinguish it.
['T27n1545_062:0319b25_15']	復次彼起煩惱現前退時嫌臭穢故速便除斷。	復次彼起煩惱現前退時嫌臭穢故速便除斷。	Furthermore, when they regress due to the manifestation of afflictions, they quickly eliminate them because they dislike the foul smell.
['T27n1545_062:0319b26_15']	如樂淨人有少糞穢墮彼身上速即除洗。	如樂淨人有少糞穢墮彼身上速即除洗。	Like a person who delights in purity, if a little filth falls on their body, they quickly wash it off.
['T27n1545_062:0319b27_17']	復次彼起煩惱現前退時身心重故速便棄捨。	復次彼起煩惱現前退時身心重故速便棄捨。	Furthermore, when they regress due to the manifestation of afflictions, they quickly abandon them because their body and mind are heavy.
['T27n1545_062:0319b28_16']	如羸弱者忽得重擔力所不逮速即棄之。	如羸弱者忽得重擔力所不逮速即棄之。	Like a weak person who suddenly gets a heavy burden, unable to bear it, they quickly discard it.
['T27n1545_062:0319b29_4']	有作是說。	有作是說。	There is an explanation.
['T27n1545_062:0319b29_9']	退者不定。	退者不定。	Regression is not fixed.
['T27n1545_062:0319c01_8']	不自在故起諸煩惱或速能斷還復本位。	不自在故起諸煩惱或速能斷還復本位。	Because one is not in control, one gives rise to afflictions, or quickly cuts them off and returns to one's original state.
['T27n1545_062:0319c01_17']	或經久時方得本果。	或經久時方得本果。	Or it takes a long time before one attains the original fruit.
['T27n1545_062:0319c02_16']	謂以欲界聞思慧力引起修慧聖道現前。	謂以欲界聞思慧力引起修慧聖道現前。	That is to say, using the power of hearing and contemplating wisdom in the desire realm, one gives rise to the wisdom of cultivation, and the noble path manifests.🔽Here is the corrected and aligned text:
['T27n1545_062:0319c03_8']	轉信勝解成見至根。	轉信勝解成見至根。	When one's faith and understanding have been transformed and one has attained the stage of faculties,
['T27n1545_062:0319c03_17']	然後復趣阿羅漢果。	然後復趣阿羅漢果。	one then proceeds to the fruit of arhatship.
['T27n1545_062:0319c04_8']	故彼退已遲速不定。	故彼退已遲速不定。	Therefore, after one has regressed, it is uncertain whether one will do so quickly or slowly.
['T27n1545_062:0319c05_1']	問若退不還阿羅漢果。	問若退不還阿羅漢果。	Question: If one regresses from the fruit of non-returner or arhatship,
['T27n1545_062:0319c05_12']	已為復作彼不應作事耶。	已為復作彼不應作事耶。	does one then do what should not be done?
['T27n1545_062:0319c05_18']	答不復能作。	答不復能作。	Answer: One cannot do it again.
['T27n1545_062:0319c06_4']	所以者何。	所以者何。	Why is this?
['T27n1545_062:0319c07_7']	退上果者所作事業與先未得上果聖人事業異故。	退上果者所作事業與先未得上果聖人事業異故。	Because the deeds done by one who has regressed from the higher fruits are different from the deeds of one who has not yet attained the higher fruits.
['T27n1545_062:0319c08_6']	阿羅漢有六種。	阿羅漢有六種。	There are six kinds of arhats:
['T27n1545_062:0319c08_10']	一退法。	一退法。	1. The one liable to regression,
['T27n1545_062:0319c08_14']	二思法。	二思法。	2. The one who contemplates,
['T27n1545_062:0319c08_18']	三護法。	三護法。	3. The one who guards,
['T27n1545_062:0319c09_3']	四安住法。	四安住法。	4. The one who is firmly established,
['T27n1545_062:0319c09_8']	五堪達法。	五堪達法。	5. The one who can penetrate,
['T27n1545_062:0319c09_13']	六不動法。	六不動法。	6. The one who is immovable.
['T27n1545_062:0319c10_14']	此中退法者謂彼應退思法者謂彼思已持刀自害。	此中退法者謂彼應退思法者謂彼思已持刀自害。	Among them, the one liable to regression is the one who should regress. The one who contemplates is the one who contemplates and then kills himself with a knife.
['T27n1545_062:0319c11_8']	護法者謂彼殷重守護解脫。	護法者謂彼殷重守護解脫。	The one who guards is the one who earnestly guards liberation.
['T27n1545_062:0319c12_3']	安住法者謂彼不退亦不昇進。	安住法者謂彼不退亦不昇進。	The one who is firmly established is the one who neither regresses nor advances.
['T27n1545_062:0319c12_16']	堪達法者謂彼堪能達至不動。	堪達法者謂彼堪能達至不動。	The one who can penetrate is the one who is able to penetrate to the immovable.
['T27n1545_062:0319c13_11']	不動法者謂彼本得不動種性。	不動法者謂彼本得不動種性。	Those of the immovable nature are those who originally attain the immovable nature.
['T27n1545_062:0319c14_3']	或由練根而得不動。	或由練根而得不動。	Or they attain the immovable nature through the cultivation of faculties.
['T27n1545_062:0319c14_13']	問退法阿羅漢必退耶。	問退法阿羅漢必退耶。	Question: Must the arhat of the nature to retrogress necessarily retrogress?
['T27n1545_062:0319c15_10']	乃至堪達法阿羅漢必練根至不動耶。	乃至堪達法阿羅漢必練根至不動耶。	Up to must the arhat of the nature to penetrate necessarily cultivate the faculties and reach the immovable nature?
['T27n1545_062:0319c15_15']	有作是說。	有作是說。	There is an explanation.
['T27n1545_062:0319c16_6']	阿羅漢中退法必退。	阿羅漢中退法必退。	The arhat of the nature to retrogress necessarily retrogresses.
['T27n1545_062:0319c16_15']	思法必思持刀自害。	思法必思持刀自害。	The arhat of the nature to contemplate necessarily contemplates and kills himself with a knife.
['T27n1545_062:0319c17_5']	護法必能守護解脫。	護法必能守護解脫。	The arhat of the nature to guard necessarily guards liberation.
['T27n1545_062:0319c17_17']	安住法必能不退亦不昇進。	安住法必能不退亦不昇進。	The arhat of the nature to abide necessarily neither retrogresses nor advances.
['T27n1545_062:0319c18_10']	堪達法必能練根至不動。	堪達法必能練根至不動。	The arhat of the nature to penetrate necessarily cultivates the faculties and reaches the immovable nature.
['T27n1545_062:0319c18_15', 'T27n1545_062:0319c19_2']	以是事故。🔽彼名退法。	以是事故。 彼名退法。	For this reason,🔽they are called those of the nature to retrogress,
['T27n1545_062:0319c19_9']	乃至名堪達法。	乃至名堪達法。	up to those of the nature to penetrate.
['T27n1545_062:0319c19_14']	若作是說。	若作是說。	If this is said,
['T27n1545_062:0319c20_8']	依六作用建立六種阿羅漢名。	依六作用建立六種阿羅漢名。	the six kinds of arhats are established based on six functions.
['T27n1545_062:0319c20_17']	彼說欲界具有六種。	彼說欲界具有六種。	It is said that the desire realm has all six kinds.
['T27n1545_062:0319c21_8']	色無色界唯有二種。	色無色界唯有二種。	The form and formless realms only have two kinds,
['T27n1545_062:0319c21_16']	謂安住及不動法。	謂安住及不動法。	namely those of the nature to abide and the immovable nature.
['T27n1545_062:0319c22_2']	如是說者。	如是說者。	Those who say this,
['T27n1545_062:0319c22_11']	退法阿羅漢不必退。	退法阿羅漢不必退。	the arhat of the nature to retrogress does not necessarily retrogress.
['T27n1545_062:0319c23_9']	乃至堪達法阿羅漢不必練根至不動法。	乃至堪達法阿羅漢不必練根至不動法。	up to the arhat who can penetrate to the immovable dharma does not necessarily sharpen his faculties to reach the immovable dharma.
['T27n1545_062:0319c24_2']	問若爾何故彼名退法。	問若爾何故彼名退法。	Question: If so, why is he called the one who falls back,
['T27n1545_062:0319c24_11']	乃至彼名堪達法耶。	乃至彼名堪達法耶。	up to the one who can penetrate?
['T27n1545_062:0319c26_11']	答阿羅漢中退法者不必退若退從此種性非餘乃至堪達法者不必練根至不動法。	答阿羅漢中退法者不必退若退從此種性非餘乃至堪達法者不必練根至不動法。	Answer: Among the arhats, the one who falls back does not necessarily fall back. If he falls back, he does so from this type, not from another. Up to the one who can penetrate does not necessarily sharpen his faculties to reach the immovable dharma.
['T27n1545_062:0319c27_3']	若能練根至不動者。	若能練根至不動者。	If he can sharpen his faculties to reach the immovable dharma,
['T27n1545_062:0319c27_12']	決定從此種性非餘。	決定從此種性非餘。	he definitely does so from this type, not from another.
['T27n1545_062:0319c27_17']	若作是說。	若作是說。	If this is said,
['T27n1545_062:0319c28_12']	依六種性建立六種阿羅漢名。	依六種性建立六種阿羅漢名。	the names of the six kinds of arhats are established based on the six types of faculties.
['T27n1545_062:0319c29_4']	此說三界皆具六種。	此說三界皆具六種。	This is said to be that all three realms are endowed with the six kinds.
['T27n1545_062:0319c29_13']	六種種性遍三界故。	六種種性遍三界故。	Because the six types of faculties are found throughout the three realms.
['T27n1545_062:0320a01_9']	問云何建立如是六種阿羅漢耶。	問云何建立如是六種阿羅漢耶。	Question: How are these six kinds of arhats established?
['T27n1545_062:0320a01_15']	答依根建立。	答依根建立。	Answer: They are established based on the faculties.
['T27n1545_062:0320a02_3', 'T27n1545_062:0320a02_11', 'T27n1545_062:0320a02_18']	問根有九品。🔽謂下下下中下上。🔽中下中中中上。	問根有九品。 謂下下下中下上。 中下中中中上。	Question: There are nine grades of faculties,🔽namely lower-lower, lower-middle, and lower-upper;🔽middle-lower, middle-middle, and middle-upper;
['T27n1545_062:0320a03_5']	上下上中上上。	上下上中上上。	upper-lower, upper-middle, and upper-upper.
['T27n1545_062:0320a04_1']	云何依根建立六種不立九耶。	云何依根建立六種不立九耶。	How is it that based on faculties, six types are established but not nine?
['T27n1545_062:0320a04_6']	有作是說。	有作是說。	Some say:
['T27n1545_062:0320a04_18']	此六種中退法成就二品根。	此六種中退法成就二品根。	Among these six types, the one liable to regress possesses two types of faculties,
['T27n1545_062:0320a05_5']	謂下下下中。	謂下下下中。	namely the lowest of the low and the low of the middling.
['T27n1545_062:0320a05_13']	思法成就一種根。	思法成就一種根。	The one of deliberation possesses one type of faculty,
['T27n1545_062:0320a05_17']	謂下上。	謂下上。	namely the low of the superior.
['T27n1545_062:0320a06_5']	護法成就一種根。	護法成就一種根。	The one of protection possesses one type of faculty,
['T27n1545_062:0320a06_9']	謂中下。	謂中下。	namely the middling of the low.
['T27n1545_062:0320a06_18']	安住法成就一種根。	安住法成就一種根。	The one of abiding possesses one type of faculty,
['T27n1545_062:0320a07_3']	謂中中。	謂中中。	namely the middling of the middling.
['T27n1545_062:0320a07_12']	堪達法成就一種根。	堪達法成就一種根。	The one capable of penetrating possesses one type of faculty,
['T27n1545_062:0320a07_16']	謂中上。	謂中上。	namely the middling of the superior.
['T27n1545_062:0320a08_8']	不動法阿羅漢成就一種根。	不動法阿羅漢成就一種根。	The immovable arhat possesses one type of faculty,
['T27n1545_062:0320a08_12']	謂上下。	謂上下。	namely the superior of the low.
['T27n1545_062:0320a09_1']	獨覺成就一種根。	獨覺成就一種根。	The pratyekabuddha possesses one type of faculty,
['T27n1545_062:0320a09_5']	謂上中。	謂上中。	namely the superior of the middling.
['T27n1545_062:0320a09_12']	佛成就一種根。	佛成就一種根。	The Buddha possesses one type of faculty,
['T27n1545_062:0320a09_16']	謂上上。	謂上上。	namely the superior of the superior.
['T27n1545_062:0320a09_19']	評曰。	評曰。	The commentators say:
['T27n1545_062:0320a10_5']	彼不應作是說。	彼不應作是說。	They should not say this.
['T27n1545_062:0320a10_14', 'T27n1545_062:0320a11_6']	無一成就二品根故。🔽利根尚無具二品根者。	無一成就二品根故。 利根尚無具二品根者。	Because no one possesses two types of faculties.🔽Even those with sharp faculties do not have two types of faculties,
['T27n1545_062:0320a11_16']	況鈍根者有具二品根。	況鈍根者有具二品根。	how much less so those with dull faculties who have two types of faculties.
['T27n1545_062:0320a12_3']	應作是說。	應作是說。	It should be said:
['T27n1545_062:0320a12_16']	阿羅漢中退法成就下下品根。	阿羅漢中退法成就下下品根。	Among arhats, those of the type liable to regress possess the lowest of the low faculties.
['T27n1545_062:0320a13_7', 'T27n1545_062:0320a13_16', 'T27n1545_062:0320a14_7']	思法成就下中品根。🔽護法成就下上品根。🔽安住法成就中下品根。	思法成就下中品根。 護法成就下上品根。 安住法成就中下品根。	Those of the type that contemplates possess the lowest of the middling faculties.🔽Those of the type that guards possess the lowest of the superior faculties.🔽Those of the type that abides stably possess the middling of the low faculties.
['T27n1545_062:0320a14_17']	堪達法成就中中品根。	堪達法成就中中品根。	Those of the type that penetrates possess the middling of the middling faculties.
['T27n1545_062:0320a15_10']	從時解脫練根至不動法。	從時解脫練根至不動法。	From the time of liberation, refining the faculties up to the type that is unshakable,
['T27n1545_062:0320a16_3']	成就中上品根本種性。	成就中上品根本種性。	One possesses the middling of the superior faculties and the root nature.
['T27n1545_062:0320a16_13']	不動法成就上下品根。	不動法成就上下品根。	Those of the type that is unshakable possess the superior of the low faculties.
['T27n1545_062:0320a17_4']	獨覺成就上中品根。	獨覺成就上中品根。	Solitary realizers possess the superior of the middling faculties.
['T27n1545_062:0320a17_13']	如來成就上上品根。	如來成就上上品根。	The Tathāgata possesses the superior of the superior faculties.
['T27n1545_062:0320a18_2']	有說。	有說。	Some say:
['T27n1545_062:0320a18_9']	六種阿羅漢中。	六種阿羅漢中。	Among the six types of arhats,
['T27n1545_062:0320a18_15']	退法作一事。	退法作一事。	Those of the type liable to regress do one thing,
['T27n1545_062:0320a18_18']	謂退。	謂退。	Which is to regress.
['T27n1545_062:0320a19_4']	思法作二事。	思法作二事。	Those of the type that contemplates do two things,
['T27n1545_062:0320a19_9']	謂退及思。	謂退及思。	Which are to regress and to contemplate.
['T27n1545_062:0320a19_15']	護法作三事。	護法作三事。	Those of the type that guards do three things,
['T27n1545_062:0320a20_1']	謂退思護。	謂退思護。	Which are to regress, to contemplate, and to guard.
['T27n1545_062:0320a20_8']	安住法作四事。	安住法作四事。	Those of the type that abides stably do four things,
['T27n1545_062:0320a20_16']	謂退思護及安住。	謂退思護及安住。	Which are to regress, to contemplate, to guard, and to abide stably.
['T27n1545_062:0320a21_4']	堪達法作五事。	堪達法作五事。	Those of the type that penetrates do five things,
['T27n1545_062:0320a21_17']	謂退思護安住及練根至不動。	謂退思護安住及練根至不動。	Which are to regress, to contemplate, to guard, to abide stably, and to refine the faculties up to the unshakable.
['T27n1545_062:0320a22_4']	如是說者。	如是說者。	Those who explain it in this way say:
['T27n1545_062:0320a22_10']	退法作三事。	退法作三事。	One who is liable to regress performs three actions:
['T27n1545_062:0320a22_16']	一退住學根。	一退住學根。	First, regressing and abiding in the faculties of a learner;
['T27n1545_062:0320a23_3']	二練根至思。	二練根至思。	Second, refining the faculties to reach the level of one who contemplates;
['T27n1545_062:0320a23_11']	三即住彼般涅槃。	三即住彼般涅槃。	Third, attaining parinirvāṇa while abiding in that [level].
['T27n1545_062:0320a23_17']	思法作四事。	思法作四事。	One who contemplates performs four actions:
['T27n1545_062:0320a24_4']	一退住學根。	一退住學根。	First, regressing and abiding in the faculties of a learner;
['T27n1545_062:0320a24_11']	二退住退法根。	二退住退法根。	Second, regressing and abiding in the faculties of one liable to regress;
['T27n1545_062:0320a24_17']	三練根至護。	三練根至護。	Third, refining the faculties to reach the level of one who guards;
['T27n1545_062:0320a25_6']	四即住彼般涅槃。	四即住彼般涅槃。	Fourth, attaining parinirvāṇa while abiding in that [level].
['T27n1545_062:0320a25_12']	護法作五事。	護法作五事。	One who guards performs five actions:
['T27n1545_062:0320a25_18']	一退住學根。	一退住學根。	First, regressing and abiding in the faculties of a learner;
['T27n1545_062:0320a26_6']	二退住退法根。	二退住退法根。	Second, regressing and abiding in the faculties of one liable to regress;
['T27n1545_062:0320a26_13']	三退住思法根。	三退住思法根。	Third, regressing and abiding in the faculties of one who contemplates;
['T27n1545_062:0320a27_1']	四練根至安住。	四練根至安住。	Fourth, refining the faculties to reach the level of one who is firmly established;
['T27n1545_062:0320a27_9']	五即住彼般涅槃。	五即住彼般涅槃。	Fifth, attaining parinirvāṇa while abiding in that [level].
['T27n1545_062:0320a27_16']	安住法作六事。	安住法作六事。	One who is firmly established performs six actions:
['T27n1545_062:0320a28_3']	一退住學根。	一退住學根。	First, regressing and abiding in the faculties of a learner;
['T27n1545_062:0320a28_10']	二退住退法根。	二退住退法根。	Second, regressing and abiding in the faculties of one liable to regress;
['T27n1545_062:0320a28_17']	三退住思法根。	三退住思法根。	Third, regressing and abiding in the faculties of one who contemplates;
['T27n1545_062:0320a29_5']	四退住護法根。	四退住護法根。	Fourth, regressing and abiding in the faculties of one who guards;
['T27n1545_062:0320a29_12']	五練根至堪達。	五練根至堪達。	Fifth, refining the faculties to reach the level of one who can penetrate;
['T27n1545_062:0320b01_2']	六即住彼般涅槃。	六即住彼般涅槃。	Sixth, attaining parinirvāṇa while abiding in that [level].
['T27n1545_062:0320b01_9', 'T27n1545_062:0320b01_15']	堪達法作七事。🔽一退住學根。	堪達法作七事。 一退住學根。	One who can penetrate performs seven actions:🔽First, regressing and abiding in the faculties of a learner;
['T27n1545_062:0320b02_3']	二退住退法根。	二退住退法根。	Second, regressing and abiding in the faculties of one liable to regress;
['T27n1545_062:0320b02_10', 'T27n1545_062:0320b02_17']	三退住思法根。🔽四退住護法根。	三退住思法根。 四退住護法根。	The third is the faculty of the one who abides in reflection when regressing.🔽The fourth is the faculty of the one who abides in guarding the Dharma when regressing.
['T27n1545_062:0320b03_6']	五退住安住法根。	五退住安住法根。	The fifth is the faculty of the one who abides in stability when regressing.
['T27n1545_062:0320b03_14']	六練根至不動法。	六練根至不動法。	The sixth is perfecting the faculties up to the immovable Dharma.
['T27n1545_062:0320b04_4']	七即住彼般涅槃。	七即住彼般涅槃。	The seventh is parinirvāṇa while abiding in that [immovable stage].
['T27n1545_062:0320b05_2', 'T27n1545_062:0320b05_11']	問思法阿羅漢退住學根時得何學根。🔽為得退法種性學根。	問思法阿羅漢退住學根時得何學根。 為得退法種性學根。	Question: When the arhat of the reflection faculty regresses and abides in the faculties of the learner, what learner faculties does he obtain?🔽Does he obtain the learner faculties of the type of the one with regression?
['T27n1545_062:0320b06_3']	為得思法種性學根。	為得思法種性學根。	Or does he obtain the learner faculties of the type of the one of reflection?
['T27n1545_062:0320b06_13']	答彼得退法種性學根。	答彼得退法種性學根。	Answer: He obtains the learner faculties of the type of the one with regression.
['T27n1545_062:0320b07_3']	非思法種性學根。	非思法種性學根。	Not the learner faculties of the type of the one of reflection.
['T27n1545_062:0320b07_8']	所以者何。	所以者何。	Why is this?
['T27n1545_062:0320b08_3']	彼先於學位未得思法學根故。	彼先於學位未得思法學根故。	Because he has not previously obtained the learner faculties of the type of the one of reflection in the stage of learning.
['T27n1545_062:0320b08_12']	今若退得思法學根。	今若退得思法學根。	If now, upon regressing, he obtains the learner faculties of the type of the one of reflection,
['T27n1545_062:0320b09_3']	是進非退不應正理。	是進非退不應正理。	this would be progress, not regression, and would not accord with right principle.
['T27n1545_062:0320b09_8']	契經中說。	契經中說。	It is said in the sutras:
['T27n1545_062:0320b09_17']	有阿羅漢名喬底迦。	有阿羅漢名喬底迦。	There was an arhat named Gautika.
['T27n1545_062:0320b10_15']	是時愛心解脫彼六反退失阿羅漢果已。	是時愛心解脫彼六反退失阿羅漢果已。	He was one whose mind was liberated through fondness. He regressed and lost the fruit of arhatship six times.
['T27n1545_062:0320b11_8']	第七反還得阿羅漢果時。	第七反還得阿羅漢果時。	On the seventh occasion, when he regained the fruit of arhatship,
['T27n1545_062:0320b11_17']	恐復退失以刀自害。	恐復退失以刀自害。	fearing he would lose it again, he killed himself with a knife.
['T27n1545_062:0320b12_11']	問彼為是退法為是思法耶。	問彼為是退法為是思法耶。	Question: Are they the dharmas of retrogression or the dharmas of reflection?
['T27n1545_062:0320b12_16']	設爾何失。	設爾何失。	If so, what is the error?
['T27n1545_062:0320b13_3']	二俱有過。	二俱有過。	Both have errors.
['T27n1545_062:0320b13_8']	所以者何。	所以者何。	Why is it so?
['T27n1545_062:0320b13_17']	若是退法何緣自害。	若是退法何緣自害。	If they are the dharmas of retrogression, why do they harm themselves?
['T27n1545_062:0320b14_6']	若是思法何故退耶。	若是思法何故退耶。	If they are the dharmas of reflection, why do they retrogress?
['T27n1545_062:0320b14_12']	答應作是說。	答應作是說。	Answer: It should be said that
['T27n1545_062:0320b14_17']	彼是退法。	彼是退法。	they are the dharmas of retrogression.
['T27n1545_062:0320b15_8']	問若爾何故以刀自害。	問若爾何故以刀自害。	Question: If so, why do they harm themselves with a knife?
['T27n1545_062:0320b16_1']	答彼厭退故以刀自害。	答彼厭退故以刀自害。	Answer: Because they detest retrogression, they harm themselves with a knife.
['T27n1545_062:0320b16_14']	若先不退而自害者乃是思法。	若先不退而自害者乃是思法。	If they harm themselves without first retrogressing, they are the dharmas of reflection.
['T27n1545_062:0320b17_1']	有作是說。	有作是說。	Some say:
['T27n1545_062:0320b17_10']	彼從退法練根至思。	彼從退法練根至思。	They refine their faculties from the dharmas of retrogression to the dharmas of reflection.
['T27n1545_062:0320b18_1']	仍恐退故以刀自害。	仍恐退故以刀自害。	Still fearing retrogression, they harm themselves with a knife.
['T27n1545_062:0320b18_6']	故不違理。	故不違理。	Therefore it does not contradict reason.
['T27n1545_062:0320b19_5']	若本性思至無學位決定無有退住學義。	若本性思至無學位決定無有退住學義。	If they are by nature the dharmas of reflection, up to the stage of post-learner, there is definitely no retrogression to abide in the stage of learner.
['T27n1545_062:0320b20_8']	諸用此道斷欲界結。	諸用此道斷欲界結。	Those who use this path to sever the bonds of the desire realm,
['T27n1545_062:0320b21_2']	退此道時還得彼結繫不。	退此道時還得彼結繫不。	when retrogressing from this path, do they still become bound by those bonds?
['T27n1545_062:0320b21_9']	答還得彼結繫。	答還得彼結繫。	Answer: They still become bound by those bonds.
['T27n1545_062:0320b22_2']	諸用此道斷色無色界結。	諸用此道斷色無色界結。	Those who use this path to sever the bonds of the form and formless realms,
['T27n1545_062:0320b22_13']	退此道時還得彼結繫不。	退此道時還得彼結繫不。	When one falls away from this path, does one still become bound by those bonds?
['T27n1545_062:0320b23_2']	答還得彼結繫。	答還得彼結繫。	Answer: One still becomes bound by those bonds.
['T27n1545_062:0320b23_7']	此中有說。	此中有說。	Regarding this, some say:
['T27n1545_062:0320b23_12']	結用名繫。	結用名繫。	The function of the bonds is called bondage.
['T27n1545_062:0320b24_4']	謂先離染時斷諸結繫用。	謂先離染時斷諸結繫用。	That is to say, when one previously became free from defilements, one severed the function of the bonds.
['T27n1545_062:0320b24_13']	退時還得彼結繫用。	退時還得彼結繫用。	When one falls away, one still obtains the function of the bonds.
['T27n1545_062:0320b24_18']	有作是說。	有作是說。	Some say:
['T27n1545_062:0320b25_4']	結得名繫。	結得名繫。	The acquisition of the bonds is called bondage.
['T27n1545_062:0320b25_13']	謂離染時斷諸結得。	謂離染時斷諸結得。	That is to say, when one becomes free from defilements, one severs the acquisition of the bonds.
['T27n1545_062:0320b26_4']	今退道時還得結得。	今退道時還得結得。	Now, when one falls away from the path, one still obtains the acquisition of the bonds.
['T27n1545_062:0320b26_13']	結用結得互相資助。	結用結得互相資助。	The function of the bonds and the acquisition of the bonds mutually assist each other.
['T27n1545_062:0320b26_18']	但有一時。	但有一時。	But there is only one time.
['T27n1545_062:0320b27_4']	必有第二。	必有第二。	There must be a second.
['T27n1545_062:0320b27_17']	為縛不捨名為結用不必現在。	為縛不捨名為結用不必現在。	Being bound without abandoning is called the function of the bonds, but it is not necessarily present.
['T27n1545_062:0320b28_8']	得結屬已是結得用。	得結屬已是結得用。	The function of the acquisition of the bonds is the acquisition of the bonds.
['T27n1545_062:0320b29_4']	此唯現在過去未來無得用故。	此唯現在過去未來無得用故。	This is only present, because past and future have no function of acquisition.
['T27n1545_062:0320b29_16']	問若道能斷結住此道不退。	問若道能斷結住此道不退。	Question: If the path can sever the bonds, one abides in this path without falling away.
['T27n1545_062:0320c01_9']	若住此道退此道不斷結。	若住此道退此道不斷結。	If one abides in this path and falls away from this path, one does not sever the bonds.
['T27n1545_062:0320c02_1']	謂無間道能斷諸結。	謂無間道能斷諸結。	That is to say, the uninterrupted path can sever the bonds.
['T27n1545_062:0320c02_10']	無住此道而有退者。	無住此道而有退者。	There is no abiding in this path and falling away.
['T27n1545_062:0320c03_2']	住解脫道容有退者。	住解脫道容有退者。	Those who abide in the path of liberation may have retrogression.
['T27n1545_062:0320c03_11']	無用此道斷諸結義。	無用此道斷諸結義。	There is no meaning of using this path to sever all bonds.
['T27n1545_062:0320c04_7']	今何故說諸用此道斷三界諸結。	今何故說諸用此道斷三界諸結。	Why is it said now that all use this path to sever the bonds of the three realms?
['T27n1545_062:0320c04_17']	退此道時還得彼結繫。	退此道時還得彼結繫。	When one retrogresses from this path, one regains the bonds.
['T27n1545_062:0320c05_5']	答此不違理。	答此不違理。	Answer: This does not contradict reason.
['T27n1545_062:0320c05_10']	所以者何。	所以者何。	Why is it so?
['T27n1545_062:0320c05_19']	無間道是解脫道因。	無間道是解脫道因。	The uninterrupted path is the cause of the path of liberation.
['T27n1545_062:0320c06_8']	解脫道是無間道果。	解脫道是無間道果。	The path of liberation is the fruit of the uninterrupted path.
['T27n1545_062:0320c06_17']	退此果時亦說因退。	退此果時亦說因退。	When one retrogresses from this fruit, one is also said to retrogress from the cause.
['T27n1545_062:0320c07_12']	復次諸無間道是煩惱得對治。	復次諸無間道是煩惱得對治。	Furthermore, all uninterrupted paths are the antidotes to the attainment of afflictions.
['T27n1545_062:0320c08_5']	退起煩惱得時亦說退彼。	退起煩惱得時亦說退彼。	When one retrogresses and gives rise to the attainment of afflictions, one is also said to retrogress from them.
['T27n1545_062:0320c09_1']	復次為斷煩惱故立無間道。	復次為斷煩惱故立無間道。	Furthermore, the uninterrupted path is established in order to sever afflictions.
['T27n1545_062:0320c09_11']	退起煩惱時亦說退彼。	退起煩惱時亦說退彼。	When one retrogresses and gives rise to afflictions, one is also said to retrogress from them.
['T27n1545_062:0320c09_18']	復次斷名有二。	復次斷名有二。	Furthermore, there are two kinds of severance.
['T27n1545_062:0320c10_4']	一通二別。	一通二別。	One is general and the other is specific.
['T27n1545_062:0320c10_10']	別唯無間道。	別唯無間道。	The specific severance is only the uninterrupted path.
['T27n1545_062:0320c10_16']	通通解脫道。	通通解脫道。	The general severance is the path of liberation.
['T27n1545_062:0320c11_6']	今依通義故不相違。	今依通義故不相違。	Now, based on the general meaning, there is no contradiction.
['T27n1545_062:0320c11_15']	尊者僧伽筏蘇說曰。	尊者僧伽筏蘇說曰。	The Venerable Saṃghabhadra said:
['T27n1545_062:0320c12_10']	住無間道及解脫道俱有退義。	住無間道及解脫道俱有退義。	Those abiding in the uninterrupted path and the path of liberation both have the meaning of retrogression.
['T27n1545_062:0320c13_10']	如預流者已斷前五品煩惱起上上品纏。	如預流者已斷前五品煩惱起上上品纏。	For example, a stream-enterer who has already severed the first five categories of afflictions gives rise to the highest level of entanglements.
['T27n1545_062:0320c14_6']	退時名退前五品無間解脫道。	退時名退前五品無間解脫道。	When retrogressing, it is called retrogressing from the uninterrupted and liberated paths of the first five categories.
['T27n1545_062:0320c14_9']	評曰。	評曰。	The judges say:
['T27n1545_062:0320c14_16']	彼不應作是說。	彼不應作是說。	They should not speak in this way.
['T27n1545_062:0320c15_2', 'T27n1545_062:0320c15_11']	所以者何。🔽必無有住無間道退。	所以者何。 必無有住無間道退。	Why is it so?🔽There is definitely no retrogressing while abiding in the uninterrupted path.
['T27n1545_062:0320c16_2']	亦無退已住無間道。	亦無退已住無間道。	Nor is there retrogressing and then abiding in the uninterrupted path.
['T27n1545_062:0320c16_11']	是故前說於理為善。	是故前說於理為善。	Therefore, the previous explanation is correct in principle.
['T27n1545_062:0320c16_18']	謂退果時名退。	謂退果時名退。	It is said that when one retrogresses from the fruit, it is called retrogressing.
['T27n1545_062:0320c17_2']	因等。	因等。	The causes and so forth.
['T27n1545_062:0320c18_4']	有九遍知。	有九遍知。	There are nine complete knowledges.
['T27n1545_062:0320c19_1']	謂欲界見苦集所斷結盡第一遍知。	謂欲界見苦集所斷結盡第一遍知。	The first complete knowledge is the exhaustion of the bonds to be severed by seeing suffering and its cause in the desire realm.
['T27n1545_062:0320c19_17']	色無色界見苦集所斷結盡第二遍知。	色無色界見苦集所斷結盡第二遍知。	The second complete knowledge is the exhaustion of the bonds to be severed by seeing suffering and its cause in the form and formless realms.
['T27n1545_062:0320c20_11']	欲界見滅所斷結盡第三遍知。	欲界見滅所斷結盡第三遍知。	The third complete knowledge is the exhaustion of the bonds to be severed by seeing cessation in the desire realm.
['T27n1545_062:0320c21_8']	色無色界見滅所斷結盡第四遍知。	色無色界見滅所斷結盡第四遍知。	The fourth complete knowledge is the exhaustion of the bonds to be severed by seeing cessation in the form and formless realms.
['T27n1545_062:0320c22_3']	欲界見道所斷結盡第五遍知。	欲界見道所斷結盡第五遍知。	The fifth complete knowledge is the exhaustion of the bonds to be severed by seeing the path in the desire realm.
['T27n1545_062:0320c22_18']	色無色界見道所斷結盡第六遍知。	色無色界見道所斷結盡第六遍知。	The sixth all-inclusive understanding is the exhaustion of the bonds to be eliminated by seeing in the form and formless realms.
['T27n1545_062:0320c23_10']	五順下分結盡第七遍知。	五順下分結盡第七遍知。	The seventh all-inclusive understanding is the exhaustion of the five lower bonds.
['T27n1545_062:0320c24_1']	色愛結盡第八遍知。	色愛結盡第八遍知。	The eighth all-inclusive understanding is the exhaustion of the bonds of desire for form.
['T27n1545_062:0320c24_10']	一切結盡第九遍知。	一切結盡第九遍知。	The ninth all-inclusive understanding is the exhaustion of all bonds.
['T27n1545_062:0320c24_17']	問何故作此論。	問何故作此論。	Question: Why did he compose this treatise?
['T27n1545_062:0320c25_8']	答為止他宗顯正理故。	答為止他宗顯正理故。	Answer: In order to stop other schools and reveal the correct principle.
['T27n1545_062:0320c25_13']	謂或有說。	謂或有說。	That is to say, some say:
['T27n1545_062:0320c26_9']	無斷遍知諸無為法無自性故。	無斷遍知諸無為法無自性故。	There is no all-inclusive understanding of elimination. All unconditioned dharmas have no intrinsic nature.
['T27n1545_062:0320c27_6']	為止彼宗顯無為法實有自性故。	為止彼宗顯無為法實有自性故。	In order to stop that school and reveal that unconditioned dharmas truly have intrinsic nature,
['T27n1545_062:0320c27_14']	斷遍知決定實有。	斷遍知決定實有。	The all-inclusive understanding of elimination definitely truly exists.
['T27n1545_062:0320c27_19']	或復有說。	或復有說。	Or some say:
['T27n1545_062:0320c28_8']	此斷遍知非唯有九。	此斷遍知非唯有九。	This all-inclusive understanding of elimination is not only nine.
['T27n1545_062:0320c29_4']	一切擇滅皆得名為斷遍知故。	一切擇滅皆得名為斷遍知故。	Because all cessation resulting from discrimination can be called the all-inclusive understanding of elimination.
['T27n1545_062:0321a01_1']	為遮彼說顯斷遍知唯有九種。	為遮彼說顯斷遍知唯有九種。	In order to block that statement and reveal that the all-inclusive understanding of elimination is only of nine kinds,
['T27n1545_062:0321a01_10']	後當顯說立九因緣。	後當顯說立九因緣。	Later it will clearly explain the nine reasons.
['T27n1545_062:0321a01_13', 'T27n1545_062:0321a02_2']	有說。🔽斷遍知唯有一種。	有說。 斷遍知唯有一種。	Some say:🔽The all-inclusive understanding of elimination is only of one kind.
['T27n1545_062:0321a02_12']	以一切擇滅體唯一故。	以一切擇滅體唯一故。	Because the essence of all cessation resulting from discrimination is only one.
['T27n1545_062:0321a03_11']	為遮彼意顯斷遍知體非唯一故作斯論。	為遮彼意顯斷遍知體非唯一故作斯論。	To refute this view, showing that the substance of the complete knowledge of elimination is not a single thing, this treatise is composed.
['T27n1545_062:0321a04_9']	問斷是無為不能緣慮。	問斷是無為不能緣慮。	Question: Elimination is unconditioned and cannot be the object of cognition.
['T27n1545_062:0321a04_14']	無決了用。	無決了用。	It has no function of determination.
['T27n1545_062:0321a05_1']	何名遍知。	何名遍知。	How can it be called complete knowledge?
['T27n1545_062:0321a05_11']	答此雖不能緣慮決了。	答此雖不能緣慮決了。	Answer: Although it cannot be the object of cognition or determination,
['T27n1545_062:0321a06_2']	而是智果故名遍知。	而是智果故名遍知。	it is the fruit of cognition and is therefore called complete knowledge.
['T27n1545_062:0321a06_15']	如阿羅漢是解果故亦名為解。	如阿羅漢是解果故亦名為解。	Just as an arhat is called liberation because he is the fruit of liberation,
['T27n1545_062:0321a07_10']	如六觸處是業果故亦名舊業。	如六觸處是業果故亦名舊業。	just as the six sense bases are called old karma because they are the fruit of karma,
['T27n1545_062:0321a08_6']	如天眼耳是通果故亦名為通。	如天眼耳是通果故亦名為通。	just as the divine eye and ear are called supernormal powers because they are the fruit of supernormal powers,
['T27n1545_062:0321a08_11']	此斷亦爾。	此斷亦爾。	this elimination is also like this.
['T27n1545_062:0321a09_14']	是智果故亦名遍知問修所斷斷是智果故可名遍知。	是智果故亦名遍知問修所斷斷是智果故可名遍知。	Because the elimination of that which is to be eliminated by cultivation is the fruit of cognition, it can be called complete knowledge.
['T27n1545_062:0321a10_9']	見所斷斷乃是忍果何名遍知。	見所斷斷乃是忍果何名遍知。	The elimination of that which is to be eliminated by insight is the fruit of patience. How can it be called complete knowledge?
['T27n1545_062:0321a11_1']	答彼斷亦是世俗智果。	答彼斷亦是世俗智果。	Answer: That elimination is also the fruit of conventional cognition.
['T27n1545_062:0321a11_16']	謂世俗道離欲界乃至無所有處染。	謂世俗道離欲界乃至無所有處染。	That is to say, by the conventional path one becomes free from the defilements of the desire realm up to the sphere of nothingness.
['T27n1545_062:0321a12_16']	彼八地中見所斷斷是世俗智果故亦名遍知。	彼八地中見所斷斷是世俗智果故亦名遍知。	The elimination of that which is to be eliminated by insight in those eight stages is the fruit of conventional cognition and is therefore also called complete knowledge.
['T27n1545_062:0321a13_8']	問若世俗道有作用處。	問若世俗道有作用處。	Question: If the worldly path has a function,
['T27n1545_062:0321a14_3']	見所斷斷是智果故可名遍知。	見所斷斷是智果故可名遍知。	since the abandonment of what is to be eliminated by seeing is the fruit of knowledge, it can be called complete knowledge.
['T27n1545_062:0321a14_16']	此於非想非非想處無斷作用。	此於非想非非想處無斷作用。	But in the base of neither-perception-nor-non-perception, there is no functioning of abandonment.
['T27n1545_062:0321a15_9']	彼見所斷斷云何名遍知。	彼見所斷斷云何名遍知。	How can the abandonment of what is to be eliminated by seeing there be called complete knowledge?
['T27n1545_062:0321a15_18']	尊者僧伽筏蘇說曰。	尊者僧伽筏蘇說曰。	The Venerable Saṃghabhadra said:
['T27n1545_062:0321a16_8']	彼是慧果故名遍知。	彼是慧果故名遍知。	Because it is the fruit of wisdom, it is called complete knowledge.
['T27n1545_062:0321a16_13']	斷有二種。	斷有二種。	Abandonment is of two kinds.
['T27n1545_062:0321a16_18']	一是智果。	一是智果。	One is the fruit of knowledge,
['T27n1545_062:0321a17_4']	二是慧果。	二是慧果。	and the other is the fruit of wisdom.
['T27n1545_062:0321a17_13']	此中慧果說名遍知。	此中慧果說名遍知。	Here, the fruit of wisdom is called complete knowledge.
['T27n1545_062:0321a17_16']	評曰。	評曰。	The judges say:
['T27n1545_062:0321a18_4']	彼不應作是說。	彼不應作是說。	He should not say this.
['T27n1545_062:0321a18_9']	所以者何。	所以者何。	Why is it so?
['T27n1545_062:0321a18_18']	契經但說有二遍知。	契經但說有二遍知。	The sutras only say there are two kinds of complete knowledge:
['T27n1545_062:0321a19_4']	一智遍知。	一智遍知。	one is complete knowledge through knowledge,
['T27n1545_062:0321a19_9']	二斷遍知。	二斷遍知。	and the other is complete knowledge through abandonment.
['T27n1545_062:0321a19_18']	佛曾不說有慧遍知。	佛曾不說有慧遍知。	The Buddha has never said there is complete knowledge through wisdom.
['T27n1545_062:0321a20_8']	又慧非智應名遍慧。	又慧非智應名遍慧。	Moreover, wisdom is not knowledge, so it should be called complete wisdom.
['T27n1545_062:0321a20_14']	何名遍知知。	何名遍知知。	Why is it called complete knowledge?
['T27n1545_062:0321a21_4']	是智故應作是說。	是智故應作是說。	It is because it is knowledge. It should be said like this:
['T27n1545_062:0321a21_17']	忍所得斷金剛喻定現在前時。	忍所得斷金剛喻定現在前時。	When the abandonment obtained through acceptance is present in the diamond-like concentration,
['T27n1545_062:0321a22_7']	復能證故亦名智果。	復能證故亦名智果。	it is also called the fruit of knowledge because it can be realized again.
['T27n1545_062:0321a22_16']	謂金剛喻定是勝義。	謂金剛喻定是勝義。	The diamond-like concentration is the ultimate truth.
['T27n1545_062:0321a23_8']	沙門彼所證滅名沙門果。	沙門彼所證滅名沙門果。	The cessation realized by it is called the fruit of the śramaṇa.
['T27n1545_062:0321a24_12']	由此定證得阿羅漢果時總證得三界見修所斷斷。	由此定證得阿羅漢果時總證得三界見修所斷斷。	Because this concentration realizes the fruit of arhatship, one realizes the cessation of the defilements abandoned by the path of seeing and cultivation of the three realms.
['T27n1545_062:0321a25_3']	是故此斷亦名遍知。	是故此斷亦名遍知。	Therefore, this cessation is also called complete knowledge.
['T27n1545_062:0321a25_15']	復次忍是智眷屬故亦名智。	復次忍是智眷屬故亦名智。	Moreover, because patience is a member of knowledge, it is also called knowledge.
['T27n1545_062:0321a26_6']	此忍所得滅亦名遍知。	此忍所得滅亦名遍知。	The cessation obtained by this patience is also called complete knowledge.
['T27n1545_062:0321a27_3']	復次此斷既由智種族得故名遍知。	復次此斷既由智種族得故名遍知。	Moreover, because this cessation is obtained by the family of knowledge, it is called complete knowledge.
['T27n1545_062:0321a27_16']	如瞿答摩種族所出名喬答摩。	如瞿答摩種族所出名喬答摩。	Just as what comes from the family of Gautama is called Gautama.
['T27n1545_062:0321a28_13']	復次此斷既有遍知相故亦名遍知。	復次此斷既有遍知相故亦名遍知。	Moreover, because this cessation has the characteristics of complete knowledge, it is also called complete knowledge.
['T27n1545_062:0321a29_5']	由此亦為智所證故。	由此亦為智所證故。	Because it is also realized by knowledge.
['T27n1545_062:0321b01_9']	如過去未來眼雖不見色而不捨眼相故亦名為眼。	如過去未來眼雖不見色而不捨眼相故亦名為眼。	Just as the past and future eyes, although not seeing forms, do not abandon the characteristics of eyes, and are therefore also called eyes.
['T27n1545_062:0321b02_1']	尊者妙音作如是說。	尊者妙音作如是說。	The Venerable Subhūti says:
['T27n1545_062:0321b02_10']	此斷應立理遍知名。	此斷應立理遍知名。	This cessation should be established as the name of complete knowledge.
['T27n1545_062:0321b03_9']	謂遍了知勝義諦理究竟諦理而證得故。	謂遍了知勝義諦理究竟諦理而證得故。	Because it is realized and attained by thoroughly understanding the ultimate truth and the ultimate truth.
['T27n1545_062:0321b03_14']	脇尊者言。	脇尊者言。	The Venerable Pārśva says:
['T27n1545_062:0321b04_5']	此斷應立捨遍知名。	此斷應立捨遍知名。	This abandonment should be established as the name of the knowledge of destruction and of the knowledge of non-production.
['T27n1545_062:0321b04_14']	謂遍了知生死過失。	謂遍了知生死過失。	That is to say, it is the thorough knowledge of the faults of birth and death.
['T27n1545_062:0321b05_5']	永捨生死而證得故。	永捨生死而證得故。	Because one eternally abandons birth and death and realizes and attains it.
['T27n1545_062:0321b06_5']	如是二說雖不違理而經但說斷遍知名。	如是二說雖不違理而經但說斷遍知名。	Although these two explanations do not contradict reason, the sūtra only speaks of the name of the knowledge of destruction.
['T27n1545_062:0321b06_14']	故三說中初說為善。	故三說中初說為善。	Therefore, among the three explanations, the first explanation is the best.
['T27n1545_062:0321b07_8']	然斷自性亦名為斷。	然斷自性亦名為斷。	However, the nature of abandonment is also called abandonment.
['T27n1545_062:0321b07_13', 'T27n1545_062:0321b07_18']	亦名為離。🔽亦名為滅。	亦名為離。 亦名為滅。	It is also called separation.🔽It is also called cessation.
['T27n1545_062:0321b08_4']	亦名為諦。	亦名為諦。	It is also called truth.
['T27n1545_062:0321b08_9']	亦名遍知。	亦名遍知。	It is also called thorough knowledge.
['T27n1545_062:0321b08_15', 'T27n1545_062:0321b09_5']	亦名沙門果。🔽亦名有餘依涅槃界。	亦名沙門果。 亦名有餘依涅槃界。	It is also called the fruit of śramaṇa.🔽It is also called the nirvāṇa realm with remainder.
['T27n1545_062:0321b09_14']	亦名無餘依涅槃界。	亦名無餘依涅槃界。	It is also called the nirvāṇa realm without remainder.
['T27n1545_062:0321b10_8']	如是八種於諸位中有具不具。	如是八種於諸位中有具不具。	In this way, these eight kinds are either complete or incomplete in various states.
['T27n1545_062:0321b11_2']	謂苦法智忍滅苦法智生時。	謂苦法智忍滅苦法智生時。	That is to say, when the perseverance for the knowledge of the dharma with regard to suffering ceases and the knowledge of the dharma with regard to suffering arises,
['T27n1545_062:0321b11_7']	彼所得斷。	彼所得斷。	the abandonment that is attained by it
['T27n1545_062:0321b11_16']	名斷名離名滅名諦。	名斷名離名滅名諦。	is called abandonment, separation, cessation, and truth.
['T27n1545_062:0321b12_3']	未名遍知。	未名遍知。	It is not yet called thorough knowledge.
['T27n1545_062:0321b12_9', 'T27n1545_062:0321b13_1']	未名沙門果。🔽未名有餘依涅槃界。	未名沙門果。 未名有餘依涅槃界。	It is not yet called the fruit of śramaṇa.🔽It is not yet called the nirvāṇa realm with remainder.
['T27n1545_062:0321b13_10']	未名無餘依涅槃界。	未名無餘依涅槃界。	It is not yet called the nirvāṇa realm without remainder.
['T27n1545_062:0321b14_2']	苦類智忍滅苦類智生時。	苦類智忍滅苦類智生時。	When the receptivity to the knowledge of the class of suffering ceases and the knowledge of the class of suffering arises,
['T27n1545_062:0321b14_7']	彼所得斷。	彼所得斷。	the abandonment that one obtains
['T27n1545_062:0321b14_16']	名斷名離名滅名諦。	名斷名離名滅名諦。	is called abandonment, separation, cessation, and truth.
['T27n1545_062:0321b15_3']	未名遍知。	未名遍知。	It is not yet called complete knowledge.
['T27n1545_062:0321b15_9']	未名沙門果。	未名沙門果。	It is not yet called the fruit of the śramaṇa.
['T27n1545_062:0321b16_1']	未名有餘依涅槃界。	未名有餘依涅槃界。	It is not yet called the nirvāṇa element with remainder.
['T27n1545_062:0321b16_10']	未名無餘依涅槃界。	未名無餘依涅槃界。	It is not yet called the nirvāṇa element without remainder.
['T27n1545_062:0321b17_2']	集法智忍滅集法智生時。	集法智忍滅集法智生時。	When the receptivity to the knowledge of the dharmas of the origination ceases and the knowledge of the dharmas of the origination arises,
['T27n1545_062:0321b17_7']	彼所得斷。	彼所得斷。	the abandonment that one obtains
['T27n1545_062:0321b18_1']	名斷名離名滅名諦名遍知。	名斷名離名滅名諦名遍知。	is called abandonment, separation, cessation, truth, and complete knowledge.
['T27n1545_062:0321b18_14']	謂欲界見苦集所斷結盡遍知。	謂欲界見苦集所斷結盡遍知。	It is the complete knowledge of the exhaustion of the bonds that are to be eliminated by seeing suffering and its origin in the desire realm.
['T27n1545_062:0321b19_1']	未名沙門果。	未名沙門果。	It is not yet called the fruit of the śramaṇa.
['T27n1545_062:0321b19_10']	未名有餘依涅槃界。	未名有餘依涅槃界。	It is not yet called the nirvāṇa element with remainder.
['T27n1545_062:0321b20_1']	未名無餘依涅槃界。	未名無餘依涅槃界。	It is not yet called the nirvāṇa element without remainder.
['T27n1545_062:0321b20_12']	集類智忍滅集類智生時。	集類智忍滅集類智生時。	When the receptivity to the knowledge of the class of the origination ceases and the knowledge of the class of the origination arises,
['T27n1545_062:0321b20_17']	彼所得斷。	彼所得斷。	the abandonment that one obtains
['T27n1545_062:0321b21_9']	名斷名離名滅名諦名遍知。	名斷名離名滅名諦名遍知。	is called abandonment, separation, cessation, truth, and complete knowledge.
['T27n1545_062:0321b22_6']	謂色無色見苦集所斷結盡遍知。	謂色無色見苦集所斷結盡遍知。	It is the complete knowledge of the exhaustion of the bonds that are to be eliminated by seeing suffering and its origin in the form and formless realms.
['T27n1545_062:0321b22_12']	未名沙門果。	未名沙門果。	It is not yet called the fruit of the śramaṇa.
['T27n1545_062:0321b23_3']	未名有餘依涅槃界。	未名有餘依涅槃界。	It is not yet called the nirvāṇa element with remainder.
['T27n1545_062:0321b23_12']	未名無餘依涅槃界。	未名無餘依涅槃界。	It is not yet called the realm of nirvāṇa without remainder.
['T27n1545_062:0321b24_4']	滅法智忍滅滅法智生時。	滅法智忍滅滅法智生時。	When the receptivity to the knowledge of the cessation of the law ceases and the knowledge of the cessation of the law arises,
['T27n1545_062:0321b24_9']	彼所得斷。	彼所得斷。	the abandonment that is attained by it
['T27n1545_062:0321b25_3']	名斷名離名滅名諦名遍知。	名斷名離名滅名諦名遍知。	is called abandonment, separation, cessation, truth, and thorough understanding.
['T27n1545_062:0321b25_15']	謂欲界見滅所斷結盡遍知。	謂欲界見滅所斷結盡遍知。	It is called the thorough understanding of the exhaustion of the bonds that are to be eliminated by seeing the cessation of the desire realm.
['T27n1545_062:0321b26_3']	未名沙門果。	未名沙門果。	It is not yet called the fruit of the śramaṇa.
['T27n1545_062:0321b26_12']	未名有餘依涅槃界。	未名有餘依涅槃界。	It is not yet called the realm of nirvāṇa with remainder.
['T27n1545_062:0321b27_3']	未名無餘依涅槃界。	未名無餘依涅槃界。	It is not yet called the realm of nirvāṇa without remainder.
['T27n1545_062:0321b27_14']	滅類智忍滅滅類智生時。	滅類智忍滅滅類智生時。	When the receptivity to the knowledge of the cessation of the class ceases and the knowledge of the cessation of the class arises,
['T27n1545_062:0321b27_19']	彼所得斷。	彼所得斷。	the abandonment that is attained by it
['T27n1545_062:0321b28_11']	名斷名離名滅名諦名遍知。	名斷名離名滅名諦名遍知。	is called abandonment, separation, cessation, truth, and thorough understanding.
['T27n1545_062:0321b29_8']	謂色無色界見滅所斷結盡遍知。	謂色無色界見滅所斷結盡遍知。	It is called the thorough understanding of the exhaustion of the bonds that are to be eliminated by seeing the cessation of the form and formless realms.
['T27n1545_062:0321b29_14']	未名沙門果。	未名沙門果。	It is not yet called the fruit of the śramaṇa.
['T27n1545_062:0321c01_5']	未名有餘依涅槃界。	未名有餘依涅槃界。	It is not yet called the realm of nirvāṇa with remainder.
['T27n1545_062:0321c01_14']	未名無餘依涅槃界。	未名無餘依涅槃界。	It is not yet called the realm of nirvāṇa without remainder.
['T27n1545_062:0321c02_6']	道法智忍滅道法智生時。	道法智忍滅道法智生時。	When the receptivity to the knowledge of the path of the law ceases and the knowledge of the path of the law arises,
['T27n1545_062:0321c02_11']	彼所得斷。	彼所得斷。	the abandonment that is attained by it
['T27n1545_062:0321c03_5']	名斷名離名滅名諦名遍知。	名斷名離名滅名諦名遍知。	is called abandonment, separation, cessation, truth, and thorough understanding.
['T27n1545_062:0321c03_17']	謂欲界見道所斷結盡遍知。	謂欲界見道所斷結盡遍知。	It is called the thorough understanding of the exhaustion of the bonds that are to be eliminated by seeing the path of the desire realm.
['T27n1545_062:0321c04_4']	未名沙門果。	未名沙門果。	It is not yet called the fruit of the śramaṇa.
['T27n1545_062:0321c04_13']	未名有餘依涅槃界。	未名有餘依涅槃界。	It is not yet called the nirvāṇa realm with remainder.
['T27n1545_062:0321c05_4']	未名無餘依涅槃界。	未名無餘依涅槃界。	It is not yet called the nirvāṇa realm without remainder.
['T27n1545_062:0321c05_15']	道類智忍滅道類智生時。	道類智忍滅道類智生時。	When the receptivity to the knowledge of the classes of the path ceases and the knowledge of the classes of the path arises,
['T27n1545_062:0321c06_1']	彼所得斷。	彼所得斷。	the abandonment that is attained by it
['T27n1545_062:0321c06_13']	名斷名離名滅名諦名遍知。	名斷名離名滅名諦名遍知。	is called abandonment, separation, cessation, truth, and thorough knowledge.
['T27n1545_062:0321c07_9']	謂色無色界見道所斷結盡遍知。	謂色無色界見道所斷結盡遍知。	It is called the thorough knowledge of the exhaustion of the bonds that are to be eliminated by seeing the path in the form and formless realms.
['T27n1545_062:0321c07_14']	名沙門果。	名沙門果。	It is called the fruit of the śramaṇa.
['T27n1545_062:0321c07_19']	謂預流果。	謂預流果。	It is called the fruit of the stream-enterer.
['T27n1545_062:0321c08_8']	未名有餘依涅槃界。	未名有餘依涅槃界。	It is not yet called the nirvāṇa realm with remainder.
['T27n1545_062:0321c08_17']	未名無餘依涅槃界。	未名無餘依涅槃界。	It is not yet called the nirvāṇa realm without remainder.
['T27n1545_062:0321c09_15']	爾時此斷及三界見苦集滅所斷結斷。	爾時此斷及三界見苦集滅所斷結斷。	At that time, this abandonment and the abandonment of the bonds to be eliminated by seeing suffering, origination, and cessation in the three realms,
['T27n1545_062:0321c10_6']	并欲界見道所斷結斷。	并欲界見道所斷結斷。	together with the abandonment of the bonds to be eliminated by seeing the path in the desire realm,
['T27n1545_062:0321c10_14']	總證一味離繫得。	總證一味離繫得。	generally realize the attainment of disjunction that is of one taste.
['T27n1545_062:0321c11_11']	彼斷爾時名斷名離名滅名諦名遍知。	彼斷爾時名斷名離名滅名諦名遍知。	That abandonment at that time is called abandonment, separation, cessation, truth, and thorough knowledge.
['T27n1545_062:0321c12_3']	即前所得名沙門果。	即前所得名沙門果。	The attainment that was previously called the fruit of the śramaṇa
['T27n1545_062:0321c12_8', 'T27n1545_062:0321c12_17']	謂預流果。🔽未名有餘依涅槃界。	謂預流果。 未名有餘依涅槃界。	is called the fruit of the stream-enterer.🔽It is not yet called the nirvāṇa realm with remainder.
['T27n1545_062:0321c13_7']	未名無餘依涅槃界。	未名無餘依涅槃界。	It is not yet called the nirvāṇa realm without remainder.
['T27n1545_062:0321c13_15']	預流求證一來果。	預流求證一來果。	Seeking to realize the fruit of once-returning.
['T27n1545_062:0321c14_8']	斷欲界一品乃至五品結時。	斷欲界一品乃至五品結時。	When severing the first to fifth grades of fetters in the desire realm,
['T27n1545_062:0321c15_3']	彼所得斷名斷名離名滅名諦。	彼所得斷名斷名離名滅名諦。	The severance attained by them is called severance, separation, cessation, and truth.
['T27n1545_062:0321c15_8']	未名遍知。	未名遍知。	It is not yet called complete knowledge.
['T27n1545_062:0321c15_14', 'T27n1545_062:0321c16_5']	未名沙門果。🔽未名有餘依涅槃界。	未名沙門果。 未名有餘依涅槃界。	It is not yet called the fruit of the śramaṇa.🔽It is not yet called the nirvāṇa element with remainder.
['T27n1545_062:0321c16_14']	未名無餘依涅槃界。	未名無餘依涅槃界。	It is not yet called the nirvāṇa element without remainder.
['T27n1545_062:0321c17_6']	斷第六品結無間道滅。	斷第六品結無間道滅。	When severing the sixth grade of fetters, in the uninterrupted path of cessation,
['T27n1545_062:0321c17_12']	解脫道生時。	解脫道生時。	The path of liberation arises.
['T27n1545_062:0321c17_17']	彼所得斷。	彼所得斷。	The severance attained by them
['T27n1545_062:0321c18_6']	名斷名離名滅名諦。	名斷名離名滅名諦。	Is called severance, separation, cessation, and truth.
['T27n1545_062:0321c18_11']	未名遍知。	未名遍知。	It is not yet called complete knowledge.
['T27n1545_062:0321c18_16']	名沙門果。	名沙門果。	It is called the fruit of the śramaṇa.
['T27n1545_062:0321c19_3', 'T27n1545_062:0321c19_12']	謂一來果。🔽未名有餘依涅槃界。	謂一來果。 未名有餘依涅槃界。	Namely, the fruit of once-returning.🔽It is not yet called the nirvāṇa element with remainder.
['T27n1545_062:0321c20_3']	未名無餘依涅槃界。	未名無餘依涅槃界。	It is not yet called the nirvāṇa element without remainder.
['T27n1545_062:0321c20_16']	爾時此斷及三界見所斷結斷。	爾時此斷及三界見所斷結斷。	At that time, this severance and the severance of the fetters to be eliminated by seeing in the three realms,
['T27n1545_062:0321c21_9']	并欲界修所斷前五品結斷。	并欲界修所斷前五品結斷。	Along with the severance of the first five grades of fetters to be eliminated by cultivation in the desire realm,
['T27n1545_062:0321c21_17']	總證一味離繫得。	總證一味離繫得。	Generally realize the attainment of disjunction with a single flavor.
['T27n1545_062:0321c22_11']	彼斷爾時名斷名離名滅名諦。	彼斷爾時名斷名離名滅名諦。	That severance at that time is called severance, separation, cessation, and truth.
['T27n1545_062:0321c22_16']	未名遍知。	未名遍知。	It is not yet called complete knowledge.
['T27n1545_062:0321c23_7']	即前所得名沙門果。	即前所得名沙門果。	It is called the fruit of the śramaṇa.
['T27n1545_062:0321c23_12', 'T27n1545_062:0321c24_3']	謂一來果。🔽未名有餘依涅槃界。	謂一來果。 未名有餘依涅槃界。	That is, the fruit of once-returning.🔽It is not yet called the nirvāṇa element with remainder.
['T27n1545_062:0321c24_12']	未名無餘依涅槃界。	未名無餘依涅槃界。	It is not yet called the nirvāṇa element without remainder.
['T27n1545_062:0321c25_2']	一來求證不還果。	一來求證不還果。	One who has attained the fruit of once-returning and seeks to realize the fruit of non-returning,
['T27n1545_062:0321c25_11']	斷第七第八品結時。	斷第七第八品結時。	when severing the seventh and eighth categories of fetters,
['T27n1545_062:0321c26_6']	彼所得斷名斷名離名滅名諦。	彼所得斷名斷名離名滅名諦。	the severance he attains is called severance, separation, cessation, truth,
['T27n1545_062:0321c26_11']	未名遍知。	未名遍知。	but is not yet called complete knowledge.
['T27n1545_062:0321c26_17', 'T27n1545_062:0321c27_8']	未名沙門果。🔽未名有餘依涅槃界。	未名沙門果。 未名有餘依涅槃界。	It is not yet called the fruit of the śramaṇa.🔽It is not yet called the nirvāṇa element with remainder.
['T27n1545_062:0321c27_17']	未名無餘依涅槃界。	未名無餘依涅槃界。	It is not yet called the nirvāṇa element without remainder.
['T27n1545_062:0321c28_9']	斷第九品結無間道滅。	斷第九品結無間道滅。	When severing the ninth category of fetters, in the path of no-more-training that follows,
['T27n1545_062:0321c28_15']	解脫道生時。	解脫道生時。	the path of liberation arises.
['T27n1545_062:0321c29_1']	彼所得斷。	彼所得斷。	The severance he attains,
['T27n1545_062:0321c29_13']	名斷名離名滅名諦名遍知。	名斷名離名滅名諦名遍知。	is called severance, separation, cessation, truth, complete knowledge.
['T27n1545_062:0322a01_5']	謂五順下分結盡遍知。	謂五順下分結盡遍知。	That is, the complete knowledge of the exhaustion of the five lower fetters.
['T27n1545_062:0322a01_10']	名沙門果。	名沙門果。	It is called the fruit of the śramaṇa.
['T27n1545_062:0322a01_15']	謂不還果。	謂不還果。	That is, the fruit of non-returning.
['T27n1545_062:0322a02_5']	未名有餘依涅槃界。	未名有餘依涅槃界。	It is not yet called the nirvāṇa element with remainder.
['T27n1545_062:0322a02_14']	未名無餘依涅槃界。	未名無餘依涅槃界。	It is not yet called the nirvāṇa element without remainder.
['T27n1545_062:0322a03_8']	爾時此斷及三界見所斷結斷。	爾時此斷及三界見所斷結斷。	At that time, this severance and the severance of the fetters abandoned by seeing the three realms,
['T27n1545_062:0322a04_2']	并欲界修所斷前八品結斷。	并欲界修所斷前八品結斷。	And the severing of the first eight categories of fetters to be eliminated by cultivation in the desire realm.
['T27n1545_062:0322a04_10']	總證一味離繫得。	總證一味離繫得。	Together, one realizes the attainment of disjunction that is of one taste.
['T27n1545_062:0322a05_7']	彼斷爾時名斷名離名滅名諦名遍知。	彼斷爾時名斷名離名滅名諦名遍知。	At that time, that severing is called severed, separated, extinguished, truth, and complete knowledge.
['T27n1545_062:0322a06_3']	謂五順下分結盡遍知名沙門果。	謂五順下分結盡遍知名沙門果。	That is, the complete knowledge of the exhaustion of the five lower fetters is called the fruit of the śramaṇa.
['T27n1545_062:0322a06_8']	謂不還果。	謂不還果。	That is, the fruit of non-returner.
['T27n1545_062:0322a06_17']	未名有餘依涅槃界。	未名有餘依涅槃界。	It is not yet called the realm of nirvāṇa with remainder.
['T27n1545_062:0322a07_7', 'T27n1545_062:0322a08_4']	未名無餘依涅槃界。🔽離初靜慮乃至第三靜慮各九品結。	未名無餘依涅槃界。 離初靜慮乃至第三靜慮各九品結。	It is not yet called the realm of nirvāṇa without remainder.
['T27n1545_062:0322a08_16', 'T27n1545_062:0322a09_2']	及離第四靜慮前八品結時。🔽彼所得斷。	及離第四靜慮前八品結時。 彼所得斷。	Separating from the nine categories of fetters up to the third dhyāna, and separating from the first eight categories of fetters of the fourth dhyāna,🔽at the time of severing,
['T27n1545_062:0322a09_11']	名斷名離名滅名諦。	名斷名離名滅名諦。	that which is attained is called severed, separated, extinguished, truth,
['T27n1545_062:0322a09_16']	未名遍知。	未名遍知。	but not yet complete knowledge.
['T27n1545_062:0322a10_4', 'T27n1545_062:0322a10_13']	未名沙門果。🔽未名有餘依涅槃界。	未名沙門果。 未名有餘依涅槃界。	It is not yet called the fruit of the śramaṇa.🔽It is not yet called the realm of nirvāṇa with remainder.
['T27n1545_062:0322a11_4']	未名無餘依涅槃界。	未名無餘依涅槃界。	It is not yet called the realm of nirvāṇa without remainder.
['T27n1545_062:0322a11_18']	離第四靜慮第九品結無間道滅。	離第四靜慮第九品結無間道滅。	At the time of the cessation of the uninterrupted path of the ninth category of fetters of the fourth dhyāna,
['T27n1545_062:0322a12_5']	解脫道生時。	解脫道生時。	and the arising of the path of liberation,
['T27n1545_062:0322a13_3']	彼所斷名斷名離名滅名諦名遍知。	彼所斷名斷名離名滅名諦名遍知。	that which is severed by it is called severed, separated, extinguished, truth, complete knowledge,
['T27n1545_062:0322a13_10']	謂色愛盡遍知。	謂色愛盡遍知。	It is the complete understanding of the exhaustion of desire for form.
['T27n1545_062:0322a13_16', 'T27n1545_062:0322a14_6']	未名沙門果。🔽未名有餘依涅槃界。	未名沙門果。 未名有餘依涅槃界。	It is not yet called the fruit of the śramaṇa.🔽It is not yet called the nirvāṇa element with remainder.
['T27n1545_062:0322a14_15']	未名無餘依涅槃界。	未名無餘依涅槃界。	It is not yet called the nirvāṇa element without remainder.
['T27n1545_062:0322a15_11']	問此色愛盡遍知云何建立。	問此色愛盡遍知云何建立。	Question: How is this complete understanding of the exhaustion of desire for form established?
['T27n1545_062:0322a16_4', 'T27n1545_062:0322a16_17']	為色界一切修所斷結盡。🔽為第四靜慮一切修所斷結盡。	為色界一切修所斷結盡。 為第四靜慮一切修所斷結盡。	Is it the exhaustion of all bonds to be eliminated by cultivation in the form realm?🔽Or is it the exhaustion of all bonds to be eliminated by cultivation in the fourth dhyāna?
['T27n1545_062:0322a17_13']	為第四靜慮修所斷下下品結盡耶。	為第四靜慮修所斷下下品結盡耶。	Or is it the exhaustion of the weakest of the weakest bonds to be eliminated by cultivation in the fourth dhyāna?
['T27n1545_062:0322a17_18']	有作是說。	有作是說。	There is an explanation:
['T27n1545_062:0322a18_13']	唯第四靜慮修所斷下下品結盡。	唯第四靜慮修所斷下下品結盡。	Only the exhaustion of the weakest of the weakest bonds to be eliminated by cultivation in the fourth dhyāna.
['T27n1545_062:0322a18_18']	有餘師說。	有餘師說。	There are other teachers who say:
['T27n1545_062:0322a19_12']	唯第四靜慮一切修所斷結盡。	唯第四靜慮一切修所斷結盡。	Only the exhaustion of all bonds to be eliminated by cultivation in the fourth dhyāna.
['T27n1545_062:0322a19_15']	評曰。	評曰。	The judges say:
['T27n1545_062:0322a20_1']	應作是說。	應作是說。	It should be said:
['T27n1545_062:0322a20_11']	色界一切修所斷結盡。	色界一切修所斷結盡。	The exhaustion of all bonds to be eliminated by cultivation in the form realm,
['T27n1545_062:0322a20_19']	皆是色愛盡遍知。	皆是色愛盡遍知。	Are all complete understandings of the exhaustion of desire for form.
['T27n1545_062:0322a21_16']	然斷下下品結時得遍知名離空無邊處。	然斷下下品結時得遍知名離空無邊處。	However, when the weakest of the weakest bonds are eliminated, one attains the name of complete understanding, free from the sphere of infinite space,
['T27n1545_062:0322a22_10']	乃至無所有處各九品結。	乃至無所有處各九品結。	Up to the sphere of nothingness, each with nine categories of bonds.
['T27n1545_062:0322a23_6']	及離非想非非想處前八品結時。	及離非想非非想處前八品結時。	and when one is free from the first eight categories of fetters of the sphere of neither-perception-nor-non-perception,
['T27n1545_062:0322a23_11']	彼所得斷。	彼所得斷。	the cessation one has attained at that time,
['T27n1545_062:0322a24_2']	名斷名離名滅名諦。	名斷名離名滅名諦。	is called cessation, separation, extinction, and truth.
['T27n1545_062:0322a24_7']	未名遍知。	未名遍知。	It is not yet called complete knowledge,
['T27n1545_062:0322a24_13', 'T27n1545_062:0322a25_4']	未名沙門果。🔽未名有餘依涅槃界。	未名沙門果。 未名有餘依涅槃界。	it is not yet called the fruit of the śramaṇa,🔽it is not yet called the nirvāṇa element with remainder,
['T27n1545_062:0322a25_13']	未名無餘依涅槃界。	未名無餘依涅槃界。	it is not yet called the nirvāṇa element without remainder.
['T27n1545_062:0322a26_7']	離彼第九品結金剛喻定滅。	離彼第九品結金剛喻定滅。	When one is free from the ninth category of fetters of the sphere of neither-perception-nor-non-perception, and the diamond-like concentration ceases,
['T27n1545_062:0322a26_13']	初盡智生時。	初盡智生時。	at the time of the arising of the first knowledge of exhaustion,
['T27n1545_062:0322a26_18']	彼所得斷。	彼所得斷。	the cessation one has attained at that time,
['T27n1545_062:0322a27_11']	名斷名離名滅名諦名遍知。	名斷名離名滅名諦名遍知。	is called cessation, separation, extinction, truth, and complete knowledge.
['T27n1545_062:0322a28_6']	謂一切結盡遍知名沙門果。	謂一切結盡遍知名沙門果。	It is called the complete knowledge of the exhaustion of all fetters, and is called the fruit of the śramaṇa,
['T27n1545_062:0322a28_12']	謂阿羅漢果。	謂阿羅漢果。	which is the fruit of arhatship.
['T27n1545_062:0322a29_1']	名有餘依涅槃界。	名有餘依涅槃界。	It is called the nirvāṇa element with remainder,
['T27n1545_062:0322a29_10']	未名無餘依涅槃界。	未名無餘依涅槃界。	but is not yet called the nirvāṇa element without remainder.
['T27n1545_062:0322b01_4']	爾時此斷及三界見所斷結斷。	爾時此斷及三界見所斷結斷。	At that time, this cessation, the cessation of the fetters to be eliminated by seeing the three realms,
['T27n1545_062:0322b01_14']	及下八地修所斷結斷。	及下八地修所斷結斷。	and the cessation of the fetters to be eliminated by cultivation of the lower eight stages,
['T27n1545_062:0322b02_11']	并非想非非想處前八品修所斷結斷。	并非想非非想處前八品修所斷結斷。	and the cessation of the fetters to be eliminated by cultivation of the first eight categories of the sphere of neither-perception-nor-non-perception,
['T27n1545_062:0322b03_1']	總證一味離繫得。	總證一味離繫得。	are all realized as the attainment of separation of one taste.
['T27n1545_062:0322b03_17']	彼斷爾時名斷名離名滅名諦名遍知。	彼斷爾時名斷名離名滅名諦名遍知。	At that time, it is called severed, separated, extinguished, truth, and complete knowledge.
['T27n1545_062:0322b04_11']	謂一切結盡遍知名沙門果。	謂一切結盡遍知名沙門果。	That is, the complete knowledge of the exhaustion of all bonds is called the fruit of the śramaṇa.
['T27n1545_062:0322b04_17', 'T27n1545_062:0322b05_6']	謂阿羅漢果。🔽名有餘依涅槃界。	謂阿羅漢果。 名有餘依涅槃界。	That is, the fruit of arhatship.🔽It is called the nirvāṇa realm with remainder.
['T27n1545_062:0322b05_15']	未名無餘依涅槃界。	未名無餘依涅槃界。	It is not yet called the nirvāṇa realm without remainder.
['T27n1545_062:0322b06_5']	若阿羅漢蘊界處滅。	若阿羅漢蘊界處滅。	If the aggregates, realms, and bases of an arhat cease,
['T27n1545_062:0322b06_10']	後更不續。	後更不續。	and do not continue again,
['T27n1545_062:0322b07_1']	入無餘依涅槃界已。	入無餘依涅槃界已。	and after entering the nirvāṇa realm without remainder,
['T27n1545_062:0322b07_17']	爾時彼斷名斷名離名滅名諦名遍知。	爾時彼斷名斷名離名滅名諦名遍知。	at that time, that severance is called severed, separated, extinguished, truth, and complete knowledge.
['T27n1545_062:0322b08_8']	即前所得名沙門果。	即前所得名沙門果。	The previously attained is called the fruit of the śramaṇa.
['T27n1545_062:0322b08_14', 'T27n1545_062:0322b09_5']	謂阿羅漢果。🔽不名有餘依涅槃界。	謂阿羅漢果。 不名有餘依涅槃界。	That is, the fruit of arhatship.🔽It is not called the nirvāṇa realm with remainder.
['T27n1545_062:0322b09_14']	而名無餘依涅槃界。	而名無餘依涅槃界。	But it is called the nirvāṇa realm without remainder.
['T27n1545_062:0322b10_5']	問一切擇滅皆名為斷。	問一切擇滅皆名為斷。	Question: Is all cessation through discernment called severance?
['T27n1545_062:0322b10_16']	斷是智果故皆應名遍知。	斷是智果故皆應名遍知。	Because severance is the fruit of knowledge, it should all be called complete knowledge.
['T27n1545_062:0322b11_7']	何故此名唯在九位。	何故此名唯在九位。	Why is this name only in nine states?
['T27n1545_062:0322b11_16']	餘位不得遍知名耶。	餘位不得遍知名耶。	Why is it not called complete knowledge in other states?
['T27n1545_062:0322b12_4']	答唯九位中。	答唯九位中。	Answer: Only in the nine states,
['T27n1545_062:0322b12_17']	或四緣具或五緣具得遍知名。	或四緣具或五緣具得遍知名。	either the four conditions or the five conditions are complete, and it is called complete knowledge.
['T27n1545_062:0322b13_7']	餘位不然故唯立九。	餘位不然故唯立九。	The other states are not like this, and therefore only nine are established.
['T27n1545_062:0322b13_16']	謂前六位唯見道果。	謂前六位唯見道果。	The first six states are the fruits of the path of seeing.
['T27n1545_062:0322b14_7']	具四緣故得遍知名。	具四緣故得遍知名。	They are given the name of complete knowledge because they possess four conditions.
['T27n1545_062:0322b14_12']	一滅雙因。	一滅雙因。	The first is the cessation of the two causes.
['T27n1545_062:0322b14_17']	二離俱繫。	二離俱繫。	The second is the separation from the two bonds.
['T27n1545_062:0322b15_6']	三得無漏離繫得。	三得無漏離繫得。	The third is the attainment of the uncontaminated disjunction.
['T27n1545_062:0322b15_14']	四缺有頂諸遍行。	四缺有頂諸遍行。	The fourth is the deficiency of the universal activities of the peak of existence.
['T27n1545_062:0322b16_5']	後之三位是修道果。	後之三位是修道果。	The last three states are the fruits of the path of cultivation.
['T27n1545_062:0322b16_14']	具五緣故得遍知名。	具五緣故得遍知名。	They are given the name of complete knowledge because they possess five conditions.
['T27n1545_062:0322b17_6']	即前四緣及永度界。	即前四緣及永度界。	They are the four conditions above and the permanent transcendence of the realms.
['T27n1545_062:0322b17_18']	謂苦法智忍滅苦法智生時。	謂苦法智忍滅苦法智生時。	When the perseverance for the knowledge of the dharma of suffering ceases and the knowledge of the dharma of suffering arises,
['T27n1545_062:0322b18_4']	未滅雙因。	未滅雙因。	the two causes have not yet ceased.
['T27n1545_062:0322b18_12']	雖滅見苦所斷因。	雖滅見苦所斷因。	Although the cause eliminated by the seeing of suffering has ceased,
['T27n1545_062:0322b19_4']	未滅見集所斷因故。	未滅見集所斷因故。	the cause eliminated by the seeing of the accumulation has not yet ceased.
['T27n1545_062:0322b19_9']	未離俱繫。	未離俱繫。	One has not yet separated from the two bonds.
['T27n1545_062:0322b19_17']	雖離見苦所斷繫。	雖離見苦所斷繫。	Although one has separated from the bond eliminated by the seeing of suffering,
['T27n1545_062:0322b20_8']	未離見集所斷繫故。	未離見集所斷繫故。	one has not yet separated from the bond eliminated by the seeing of the accumulation.
['T27n1545_062:0322b21_7']	唯得無漏離繫得未缺有頂諸遍行。	唯得無漏離繫得未缺有頂諸遍行。	One has only attained the uncontaminated disjunction, and the universal activities of the peak of existence have not yet been deficient.
['T27n1545_062:0322b21_16']	雖有一緣闕三緣故。	雖有一緣闕三緣故。	Although one condition is present, three conditions are lacking,
['T27n1545_062:0322b22_8']	彼所得斷未名遍知。	彼所得斷未名遍知。	and the elimination that one has attained is not yet called complete knowledge.
['T27n1545_062:0322b23_1']	苦類智忍滅苦類智生時。	苦類智忍滅苦類智生時。	When the receptivity to the cognition of the class of suffering ceases and the cognition of the class of suffering arises,
['T27n1545_062:0322b23_6', 'T27n1545_062:0322b23_14']	未滅雙因。🔽雖滅見苦所斷因。	未滅雙因。 雖滅見苦所斷因。	the two causes have not yet been extinguished.🔽Although the cause that is eliminated by seeing suffering has been extinguished,
['T27n1545_062:0322b24_5']	未滅見集所斷因故。	未滅見集所斷因故。	the cause that is eliminated by seeing the origin of suffering has not yet been extinguished.
['T27n1545_062:0322b24_10', 'T27n1545_062:0322b24_18']	未離俱繫。🔽雖離見苦所斷繫。	未離俱繫。 雖離見苦所斷繫。	Therefore, one has not yet been freed from the bonds of both.🔽Although one has been freed from the bonds that are eliminated by seeing suffering,
['T27n1545_062:0322b25_8']	未離見集所斷繫故。	未離見集所斷繫故。	one has not yet been freed from the bonds that are eliminated by seeing the origin of suffering.
['T27n1545_062:0322b25_16']	然得無漏離繫得。	然得無漏離繫得。	However, one obtains the uncontaminated acquisition of freedom from bonds,
['T27n1545_062:0322b26_6']	及缺有頂諸遍行。	及缺有頂諸遍行。	and the universal [contaminants] of the peak of existence are diminished.
['T27n1545_062:0322b26_15']	雖有二緣闕二緣故。	雖有二緣闕二緣故。	Although there are two conditions, because two conditions are lacking,
['T27n1545_062:0322b27_6']	彼所得斷未名遍知。	彼所得斷未名遍知。	the elimination that one has obtained is not yet called a complete knowledge.
['T27n1545_062:0322b28_3', 'T27n1545_062:0322b28_11']	集法智忍滅集法智生時名滅雙因。🔽先滅見苦所斷因。	集法智忍滅集法智生時名滅雙因。 先滅見苦所斷因。	When the receptivity to the cognition of the dharma of the origin of suffering ceases and the cognition of the dharma of the origin of suffering arises, it is called the extinction of the two causes.🔽The cause that is eliminated by seeing suffering has been extinguished first,
['T27n1545_062:0322b29_2']	今滅見集所斷因故。	今滅見集所斷因故。	and now the cause that is eliminated by seeing the origin of suffering is extinguished.
['T27n1545_062:0322b29_7', 'T27n1545_062:0322b29_15']	亦離俱繫。🔽先離見苦所斷繫。	亦離俱繫。 先離見苦所斷繫。	Therefore, one is also freed from the bonds of both.🔽The bonds that are eliminated by seeing suffering have been freed from first,
['T27n1545_062:0322c01_5']	今離見集所斷繫故。	今離見集所斷繫故。	and now the bonds that are eliminated by seeing the origin of suffering are freed from.
['T27n1545_062:0322c01_13']	既得無漏離繫得。	既得無漏離繫得。	Having obtained the uncontaminated acquisition of freedom from bonds,
['T27n1545_062:0322c02_3']	及缺有頂諸遍行。	及缺有頂諸遍行。	and the universal [contaminants] of the peak of existence are diminished,
['T27n1545_062:0322c02_8']	具四緣故。	具四緣故。	because the four conditions are complete,
['T27n1545_062:0322c03_1']	彼所得及前斷名第一遍知。	彼所得及前斷名第一遍知。	the elimination that one has obtained and the previous elimination are called the first complete knowledge.
['T27n1545_062:0322c03_16']	集類智忍滅集類智生時名滅雙因。	集類智忍滅集類智生時名滅雙因。	When the perseverance for subsequent knowledge of the truth of origination is extinguished and subsequent knowledge of the truth of origination is born, it is called the extinction of the two causes.
['T27n1545_062:0322c04_6']	先滅見苦所斷因。	先滅見苦所斷因。	Previously the cause eliminated was that which is eliminated by seeing the truth of suffering.
['T27n1545_062:0322c05_2']	今滅見集所斷因故亦離俱繫。	今滅見集所斷因故亦離俱繫。	Now the cause eliminated is that which is eliminated by seeing the truth of origination. Therefore it is also said that one is free from the bonds of the two.
['T27n1545_062:0322c05_10']	先離見苦所斷繫。	先離見苦所斷繫。	Previously one was free from the bonds eliminated by seeing the truth of suffering.
['T27n1545_062:0322c06_1']	今離見集所斷繫故。	今離見集所斷繫故。	Now one is free from the bonds eliminated by seeing the truth of origination. Therefore,
['T27n1545_062:0322c06_9']	既得無漏離繫得。	既得無漏離繫得。	one obtains the pure acquisition of freedom from bonds,
['T27n1545_062:0322c06_17']	及缺有頂諸遍行。	及缺有頂諸遍行。	and the summit of existence and all the bonds of the category of universal permeation are lacking.
['T27n1545_062:0322c07_3']	具四緣故。	具四緣故。	Because of the four conditions,
['T27n1545_062:0322c07_15']	彼所得及前斷名第二遍知。	彼所得及前斷名第二遍知。	the acquisition of this and the previous elimination are called the second all-inclusive knowledge.
['T27n1545_062:0322c08_11']	滅法智忍滅滅法智生時名滅雙因。	滅法智忍滅滅法智生時名滅雙因。	When the perseverance for the knowledge of the law in regard to cessation is extinguished and the knowledge of the law in regard to cessation is born, it is called the extinction of the two causes.
['T27n1545_062:0322c09_2']	先滅見苦集所斷因。	先滅見苦集所斷因。	Previously the cause eliminated was that which is eliminated by seeing the truths of suffering and origination.
['T27n1545_062:0322c09_11']	今滅見滅所斷因故。	今滅見滅所斷因故。	Now the cause eliminated is that which is eliminated by seeing the truth of cessation. Therefore,
['T27n1545_062:0322c09_16']	亦離俱繫。	亦離俱繫。	it is also said that one is free from the bonds of the two.
['T27n1545_062:0322c10_6']	先離見苦集所斷繫。	先離見苦集所斷繫。	Previously one was free from the bonds eliminated by seeing the truths of suffering and origination.
['T27n1545_062:0322c10_15']	今離見滅所斷繫故。	今離見滅所斷繫故。	Now one is free from the bonds eliminated by seeing the truth of cessation. Therefore,
['T27n1545_062:0322c11_5']	既得無漏離繫得。	既得無漏離繫得。	one obtains the pure acquisition of freedom from bonds,
['T27n1545_062:0322c11_13']	及缺有頂諸遍行。	及缺有頂諸遍行。	and the summit of existence and all the bonds of the category of universal permeation are lacking.
['T27n1545_062:0322c11_18']	具四緣故。	具四緣故。	Because of the four conditions,
['T27n1545_062:0322c12_9']	彼所得斷名第三遍知。	彼所得斷名第三遍知。	the acquisition of this elimination is called the third all-inclusive knowledge.
['T27n1545_062:0322c13_6']	滅類智忍滅滅類智生時名滅雙因。	滅類智忍滅滅類智生時名滅雙因。	When the receptivity to the cognition of the class of cessation ceases and the cognition of the class of cessation arises, it is called the cessation of the two causes.
['T27n1545_062:0322c13_15']	先滅見苦集所斷因。	先滅見苦集所斷因。	First, the causes eliminated by seeing suffering and accumulation are eliminated.
['T27n1545_062:0322c14_7']	今滅見滅所斷因故。	今滅見滅所斷因故。	Now, the causes eliminated by seeing cessation are eliminated.
['T27n1545_062:0322c14_12']	亦離俱繫。	亦離俱繫。	It is also the separation from the bonds of both.
['T27n1545_062:0322c15_4']	先離見苦集所斷繫。	先離見苦集所斷繫。	First, the bonds eliminated by seeing suffering and accumulation are separated from.
['T27n1545_062:0322c15_13']	今離見滅所斷繫故。	今離見滅所斷繫故。	Now, the bonds eliminated by seeing cessation are separated from.
['T27n1545_062:0322c16_3']	既得無漏離繫得。	既得無漏離繫得。	Having attained the uncontaminated bonds of separation,
['T27n1545_062:0322c16_15']	及缺有頂諸遍行具四緣故。	及缺有頂諸遍行具四緣故。	and having a hole in the summit of existence and all-pervading, because of possessing four conditions,
['T27n1545_062:0322c17_8']	彼所得斷名第四遍知。	彼所得斷名第四遍知。	the elimination that it attains is called the fourth all-encompassing knowledge.
['T27n1545_062:0322c18_5']	道法智忍滅道法智生時名滅雙因。	道法智忍滅道法智生時名滅雙因。	When the receptivity to the cognition of the path of the class of dharmas ceases and the cognition of the path of the class of dharmas arises, it is called the cessation of the two causes.
['T27n1545_062:0322c18_14']	先滅見苦集所斷因。	先滅見苦集所斷因。	First, the causes eliminated by seeing suffering and accumulation are eliminated.
['T27n1545_062:0322c19_6']	今滅見道所斷因故。	今滅見道所斷因故。	Now, the causes eliminated by seeing the path are eliminated.
['T27n1545_062:0322c19_11']	亦離俱繫。	亦離俱繫。	It is also the separation from the bonds of both.
['T27n1545_062:0322c20_2']	先離見苦集所斷繫。	先離見苦集所斷繫。	First, the bonds eliminated by seeing suffering and accumulation are separated from.
['T27n1545_062:0322c20_11']	今離見道所斷繫故。	今離見道所斷繫故。	Now, the bonds eliminated by seeing the path are separated from.
['T27n1545_062:0322c21_1']	既得無漏離繫得。	既得無漏離繫得。	Having attained the uncontaminated bonds of separation,
['T27n1545_062:0322c21_9']	及缺有頂諸遍行。	及缺有頂諸遍行。	and having a hole in the summit of existence and all-pervading,
['T27n1545_062:0322c21_14']	具四緣故。	具四緣故。	because of possessing four conditions,
['T27n1545_062:0322c22_6']	彼所得斷名第五遍知。	彼所得斷名第五遍知。	the elimination that it attains is called the fifth all-encompassing knowledge.
['T27n1545_062:0322c23_3']	道類智忍滅道類智生時名滅雙因。	道類智忍滅道類智生時名滅雙因。	When the receptivity to the cognition of the class of the path ceases and the cognition of the class of the path arises, it is called the cessation of both causes.
['T27n1545_062:0322c23_12']	先滅見苦集所斷因。	先滅見苦集所斷因。	It first ceases the causes eliminated by seeing suffering and accumulation.
['T27n1545_062:0322c24_3']	今滅見道所斷因故。	今滅見道所斷因故。	Now it ceases the causes eliminated by seeing the path. Therefore,
['T27n1545_062:0322c24_8']	亦離俱繫。	亦離俱繫。	it is also free from the bonds of both.
['T27n1545_062:0322c24_17']	先離見苦集所斷繫。	先離見苦集所斷繫。	It first frees from the bonds eliminated by seeing suffering and accumulation.
['T27n1545_062:0322c25_8']	今離見道所斷繫故。	今離見道所斷繫故。	Now it frees from the bonds eliminated by seeing the path. Therefore,
['T27n1545_062:0322c25_16']	既得無漏離繫得。	既得無漏離繫得。	Having attained the disjunction obtained through the undefiled path,
['T27n1545_062:0322c26_6']	及缺有頂諸遍行。	及缺有頂諸遍行。	and having a gap in the universal [defilements] of the peak of existence,
['T27n1545_062:0322c26_11']	具四緣故。	具四緣故。	Because it possesses four conditions,
['T27n1545_062:0322c27_4']	彼所得斷名第六遍知。	彼所得斷名第六遍知。	The elimination it attains is called the sixth universal [elimination].
['T27n1545_062:0322c27_13']	如是六種唯見道果。	如是六種唯見道果。	These six are only the fruits of the path of seeing.
['T27n1545_062:0322c29_1']	具四緣立離欲界修所斷一品乃至八品染時未滅雙因。	具四緣立離欲界修所斷一品乃至八品染時未滅雙因。	When one is free from the attachment eliminated by cultivation in the desire realm, from the first stage up to the eighth stage, at that time the two causes have not yet ceased.
['T27n1545_062:0322c29_11']	雖滅一品乃至八品因。	雖滅一品乃至八品因。	Although one has ceased the causes from the first up to the eighth stage,
['T27n1545_062:0323a01_4']	未滅八品乃至一品因故。	未滅八品乃至一品因故。	One has not yet ceased the causes from the eighth up to the first stage.
['T27n1545_062:0323a01_10']	亦未離俱繫。	亦未離俱繫。	One is also not yet free from the bonds of both.
['T27n1545_062:0323a02_2']	雖離一品乃至八品繫。	雖離一品乃至八品繫。	Although one is free from the bonds from the first up to the eighth stage,
['T27n1545_062:0323a02_13']	未離八品乃至一品繫故。	未離八品乃至一品繫故。	One is not yet free from the bonds from the eighth up to the first stage.
['T27n1545_062:0323a03_10']	雖得無漏離繫得及缺有頂諸遍行。	雖得無漏離繫得及缺有頂諸遍行。	Although one attains the disjunction obtained through the undefiled path and has a gap in the universal [defilements] of the peak of existence,
['T27n1545_062:0323a03_16']	而未永度界。	而未永度界。	but one has not yet permanently crossed over the realm.
['T27n1545_062:0323a04_7']	雖有二緣闕三緣故。	雖有二緣闕三緣故。	Although there are two conditions, because three conditions are lacking,
['T27n1545_062:0323a04_16']	彼所得斷未名遍知。	彼所得斷未名遍知。	the elimination that one obtains is not yet called a complete knowledge.
['T27n1545_062:0323a06_2']	離彼第九品染無間道滅解脫道生時名滅雙因。	離彼第九品染無間道滅解脫道生時名滅雙因。	When the uninterrupted path and the path of liberation arise at the time of being free from the ninth category of defilements, it is called the destruction of the two causes.
['T27n1545_062:0323a06_15']	先滅八品因今滅第九品因故。	先滅八品因今滅第九品因故。	Because the causes of the first eight categories have already been destroyed, and now the causes of the ninth category are being destroyed.
['T27n1545_062:0323a07_2']	亦離俱繫。	亦離俱繫。	One is also free from the bonds of both.
['T27n1545_062:0323a07_8']	先離八品繫。	先離八品繫。	Because one has already been free from the bonds of the first eight categories,
['T27n1545_062:0323a07_16', 'T27n1545_062:0323a08_12']	今離第九品繫故。🔽既得無漏離繫得及缺有頂諸遍行。	今離第九品繫故。 既得無漏離繫得及缺有頂諸遍行。	and now one is free from the bonds of the ninth category.
['T27n1545_062:0323a09_5']	并永度欲界具五緣故。	并永度欲界具五緣故。	Having already obtained the uncontaminated liberation attainment and having broken through the summit of existence, and together with the permanent crossing over of the desire realm, because of possessing five conditions,
['T27n1545_062:0323a09_17']	彼所得及前斷名第七遍知。	彼所得及前斷名第七遍知。	the elimination that one obtains and the previous elimination are called the seventh complete knowledge.
['T27n1545_062:0323a10_10']	謂五順下分結為盡遍知。	謂五順下分結為盡遍知。	Namely, the complete knowledge of the exhaustion of the five lower fetters.
['T27n1545_062:0323a12_6']	離四靜慮修所斷各一品乃至八品染時未滅雙因雖滅一品乃至八品因。	離四靜慮修所斷各一品乃至八品染時未滅雙因雖滅一品乃至八品因。	When one is free from the defilements to be eliminated by cultivation in the four meditations, each in one to eight categories, although one has already destroyed the causes of the first to eighth categories and has destroyed one to eight categories of causes,
['T27n1545_062:0323a12_17']	未滅八品乃至一品因故。	未滅八品乃至一品因故。	because one has not yet destroyed the causes of the eighth to first categories,
['T27n1545_062:0323a13_4']	未離俱繫。	未離俱繫。	one has not yet been free from the bonds of both.
['T27n1545_062:0323a14_8']	雖離一品乃至八品繫未離八品乃至一品繫故。	雖離一品乃至八品繫未離八品乃至一品繫故。	Although one has abandoned from one to eight categories of bonds, one has not yet abandoned the eighth or ninth category of bonds.
['T27n1545_062:0323a15_6']	雖得無漏離繫得及缺有頂諸遍行。	雖得無漏離繫得及缺有頂諸遍行。	Although one has obtained the disjunction resulting from the path of non-outflow and has a deficiency in the universal [defilements] of the peak of existence,
['T27n1545_062:0323a15_12']	而未永度界。	而未永度界。	one has not yet permanently transcended the realms.
['T27n1545_062:0323a16_4']	雖有二緣闕三緣故。	雖有二緣闕三緣故。	Although there are two conditions, because three conditions are lacking,
['T27n1545_062:0323a16_13']	彼所得斷未名遍知。	彼所得斷未名遍知。	the abandonment that one has obtained is not yet called a complete knowledge.
['T27n1545_062:0323a17_9']	離前三靜慮修所斷各第九品染。	離前三靜慮修所斷各第九品染。	Abandoning the ninth category of defilements to be abandoned through cultivation in the first three concentrations,
['T27n1545_062:0323a18_5']	無間道滅解脫道生時名滅雙因。	無間道滅解脫道生時名滅雙因。	at the time of the cessation of the uninterrupted path and the arising of the liberation path, it is called the destruction of the two causes.
['T27n1545_062:0323a18_11']	先滅八品因。	先滅八品因。	First, the eight categories of causes are destroyed.
['T27n1545_062:0323a19_1']	今滅第九品因故。	今滅第九品因故。	Now, the ninth category of causes is destroyed.
['T27n1545_062:0323a19_6']	亦離俱繫。	亦離俱繫。	Therefore, one is also free from the bonds of both.
['T27n1545_062:0323a19_12']	先離八品繫。	先離八品繫。	First, the eight categories of bonds are abandoned.
['T27n1545_062:0323a20_1']	今離第九品繫故。	今離第九品繫故。	Now, the ninth category of bonds is abandoned.
['T27n1545_062:0323a20_9']	雖得無漏離繫得。	雖得無漏離繫得。	Although one obtains the disjunction resulting from the path of non-outflow,
['T27n1545_062:0323a21_4']	及缺有頂諸遍行而未永度界。	及缺有頂諸遍行而未永度界。	and has a deficiency in the universal [defilements] of the peak of existence, one has not yet permanently transcended the realms.
['T27n1545_062:0323a21_13']	雖有四緣闕一緣故。	雖有四緣闕一緣故。	Although there are four conditions, because one condition is lacking,
['T27n1545_062:0323a23_1']	彼所得斷未名遍知離第四靜慮修所斷第九品染。	彼所得斷未名遍知離第四靜慮修所斷第九品染。	the abandonment that one has obtained is not yet called a complete knowledge. Abandoning the ninth category of defilements to be abandoned through cultivation in the fourth concentration,
['T27n1545_062:0323a23_15']	無間道滅解脫道生時名滅雙因。	無間道滅解脫道生時名滅雙因。	When the path of liberation arises at the time of the cessation of the uninterrupted path, it is called the cessation of the two causes.
['T27n1545_062:0323a24_3']	先滅八品因。	先滅八品因。	First, the eight classes of causes are extinguished.
['T27n1545_062:0323a24_11']	今滅第九品因故。	今滅第九品因故。	Now, the ninth class of causes is extinguished.
['T27n1545_062:0323a24_16']	亦離俱繫。	亦離俱繫。	Therefore, one is also free from the bonds of both.
['T27n1545_062:0323a25_3']	先離八品繫。	先離八品繫。	First, one is free from the bonds of the eight classes.
['T27n1545_062:0323a25_11']	今離第九品繫故。	今離第九品繫故。	Now, one is free from the bonds of the ninth class.
['T27n1545_062:0323a26_1']	既得無漏離繫得。	既得無漏離繫得。	Having attained the disjunction obtained through the undefiled path,
['T27n1545_062:0323a26_14']	及缺有頂諸遍行并永度色界。	及缺有頂諸遍行并永度色界。	and having eliminated the universal [defilements] of the peak of existence, and having permanently transcended the form realm,
['T27n1545_062:0323a27_1']	具五緣故。	具五緣故。	because of possessing five conditions,
['T27n1545_062:0323a27_13']	彼所得及前斷名第八遍知。	彼所得及前斷名第八遍知。	the one obtained by him and the previously severed are called the eighth universal knowledge.
['T27n1545_062:0323a28_1']	謂色愛盡遍知。	謂色愛盡遍知。	That is, the universal knowledge of the exhaustion of desire for the form realm.
['T27n1545_062:0323a29_4']	離四無色修所斷各一品乃至八品染時未滅雙因。	離四無色修所斷各一品乃至八品染時未滅雙因。	When one is free from the desire of the four formless realms that are severed through cultivation, whether it is one class up to eight classes, at the time of extinguishing, the two causes have not yet been extinguished.
['T27n1545_062:0323a29_14']	雖滅一品乃至八品因。	雖滅一品乃至八品因。	Although one class up to eight classes of causes have been extinguished,
['T27n1545_062:0323b01_7']	未滅八品乃至一品因故。	未滅八品乃至一品因故。	the eight classes up to one class of causes have not yet been extinguished.
['T27n1545_062:0323b01_13']	亦未離俱繫。	亦未離俱繫。	Therefore, one has not yet been freed from the bonds of both.
['T27n1545_062:0323b02_5']	雖離一品乃至八品繫。	雖離一品乃至八品繫。	Although one class up to eight classes of bonds have been severed,
['T27n1545_062:0323b02_16']	未離八品乃至一品繫故。	未離八品乃至一品繫故。	the eight classes up to one class of bonds have not yet been severed.
['T27n1545_062:0323b03_6']	雖得無漏離繫得。	雖得無漏離繫得。	Although one has attained the disjunction obtained through the undefiled path,
['T27n1545_062:0323b04_2']	及缺有頂諸遍行而未永度界。	及缺有頂諸遍行而未永度界。	And lacking the universal defilements of the peak of existence, one has not yet permanently transcended the realm.
['T27n1545_062:0323b04_11']	雖有二緣闕三緣故。	雖有二緣闕三緣故。	Although there are two conditions, because three conditions are lacking,
['T27n1545_062:0323b05_2']	彼所得斷未名遍知。	彼所得斷未名遍知。	The abandonment obtained by them is not yet called complete knowledge.
['T27n1545_062:0323b05_16']	離前三無色修所斷各第九品染。	離前三無色修所斷各第九品染。	Separating from the ninth category of defilements to be abandoned by cultivation in the three formless realms,
['T27n1545_062:0323b06_12']	無間道滅解脫道生時名滅雙因。	無間道滅解脫道生時名滅雙因。	When the uninterrupted path ceases and the liberation path arises, it is called the destruction of the two causes.
['T27n1545_062:0323b07_1']	先滅八品因。	先滅八品因。	Having previously destroyed the eight categories of causes,
['T27n1545_062:0323b07_9']	今滅第九品因故。	今滅第九品因故。	Now destroying the ninth category of causes,
['T27n1545_062:0323b07_14']	亦離俱繫。	亦離俱繫。	One is also separated from the bonds of both.
['T27n1545_062:0323b08_1']	先離八品繫。	先離八品繫。	Having previously separated from the eight categories of bonds,
['T27n1545_062:0323b08_9']	今離第九品繫故。	今離第九品繫故。	Now separating from the ninth category of bonds,
['T27n1545_062:0323b08_17']	雖得無漏離繫得。	雖得無漏離繫得。	Although one obtains the disjunctioned attainment of the uncontaminated,
['T27n1545_062:0323b09_6']	及缺有頂諸遍行。	及缺有頂諸遍行。	And lacks the universal defilements of the peak of existence,
['T27n1545_062:0323b09_12']	而未永度界。	而未永度界。	One has not yet permanently transcended the realm.
['T27n1545_062:0323b10_4']	雖有四緣闕一緣故。	雖有四緣闕一緣故。	Although there are four conditions, because one condition is lacking,
['T27n1545_062:0323b10_13']	彼所得斷未名遍知。	彼所得斷未名遍知。	The abandonment obtained by them is not yet called complete knowledge.
['T27n1545_062:0323b11_10']	離非想非非想處修所斷第九品染。	離非想非非想處修所斷第九品染。	Separating from the ninth category of defilements to be abandoned by cultivation in the sphere of neither-perception-nor-non-perception,
['T27n1545_062:0323b12_7']	金剛喻定滅初盡智生時名滅雙因。	金剛喻定滅初盡智生時名滅雙因。	When the diamond-like concentration ceases and the first knowledge of elimination arises, it is called the destruction of the two causes.
['T27n1545_062:0323b12_13']	先滅八品因。	先滅八品因。	Having previously destroyed the eight categories of causes,
['T27n1545_062:0323b13_3']	今滅第九品因故。	今滅第九品因故。	Now destroying the ninth category of causes,
['T27n1545_062:0323b13_8']	亦離俱繫。	亦離俱繫。	One also abandons the bonds of both.
['T27n1545_062:0323b14_3']	先離八品繫今離第九品繫故。	先離八品繫今離第九品繫故。	Previously abandoning the eight categories of bonds, now abandoning the ninth category of bonds.
['T27n1545_062:0323b14_11']	既得無漏離繫得。	既得無漏離繫得。	Having already attained the bonds of disconnection of the uncontaminated,
['T27n1545_062:0323b15_7']	及缺有頂諸遍行并永度無色界。	及缺有頂諸遍行并永度無色界。	And having lacked the universal [contaminants] of the peak of existence, as well as having permanently transcended the formless realm,
['T27n1545_062:0323b15_12']	具五緣故。	具五緣故。	Because of possessing five conditions,
['T27n1545_062:0323b16_6']	彼所得及前斷名第九遍知。	彼所得及前斷名第九遍知。	The bonds that one has attained and previously severed are called the ninth universal knowledge.
['T27n1545_062:0323b16_14']	謂一切結盡遍知。	謂一切結盡遍知。	That is, the universal knowledge of the exhaustion of all bonds.
['T27n1545_062:0323b17_8']	此後三種是修道果具五緣立。	此後三種是修道果具五緣立。	These last three are the fruits of the path of cultivation, established because of possessing five conditions.
['T27n1545_062:0323b17_18']	問四沙門果是穌息處。	問四沙門果是穌息處。	Question: The four fruits of the śramaṇa are places of rest.
['T27n1545_062:0323b18_10']	於諸斷皆證一味離繫得。	於諸斷皆證一味離繫得。	One realizes the bonds of disconnection of one taste in all severances.
['T27n1545_062:0323b19_10']	何故不還阿羅漢果總集諸斷立一遍知。	何故不還阿羅漢果總集諸斷立一遍知。	Why are the severances of the fruit of non-returner and arhat combined to establish one universal knowledge?
['T27n1545_062:0323b20_8']	預流一來不說總集諸斷立一遍知。	預流一來不說總集諸斷立一遍知。	The severances of the stream-enterer and once-returner are not said to combine the severances to establish one universal knowledge.
['T27n1545_062:0323b21_1']	答雖得四果位皆總集斷。	答雖得四果位皆總集斷。	Answer: Although one attains the four fruits and all severances are combined,
['T27n1545_062:0323b21_11']	而後二果時具二義故。	而後二果時具二義故。	But at the time of the last two fruits, one possesses two meanings,
['T27n1545_062:0323b22_2']	總集諸斷立一遍知。	總集諸斷立一遍知。	Therefore the severances are combined to establish one universal knowledge.
['T27n1545_062:0323b22_7']	二義者何。	二義者何。	What are the two meanings?
['T27n1545_062:0323b22_16']	一者得果二者越界。	一者得果二者越界。	First, attaining the fruit; second, transcending the realms.
['T27n1545_062:0323b23_13']	得預流果一來果時雖是得果而非越界。	得預流果一來果時雖是得果而非越界。	Although one attains the fruit of stream-entry and the fruit of once-returning, one does not transcend the realms.
['T27n1545_062:0323b24_7']	離第四靜慮第九品染時。	離第四靜慮第九品染時。	When one is free from the ninth category of defilements of the fourth meditative absorption,
['T27n1545_062:0323b24_16']	雖是越界而非得果。	雖是越界而非得果。	although one transcends the realms, one does not attain the fruits.
['T27n1545_062:0323b25_8']	得不還果時二義無闕。	得不還果時二義無闕。	When one attains the fruit of non-returning, both meanings are not lacking.
['T27n1545_062:0323b25_13']	一者得果。	一者得果。	First, one attains the fruit,
['T27n1545_062:0323b26_1']	謂得不還果。	謂得不還果。	namely, one attains the fruit of non-returning.
['T27n1545_062:0323b26_6']	二者越界。	二者越界。	Second, one transcends the realms,
['T27n1545_062:0323b26_11']	謂越欲界。	謂越欲界。	namely, one transcends the desire realm.
['T27n1545_062:0323b27_3']	得阿羅漢果時亦具二義。	得阿羅漢果時亦具二義。	When one attains the fruit of arhatship, both meanings are also complete.
['T27n1545_062:0323b27_8']	一者得果。	一者得果。	First, one attains the fruit,
['T27n1545_062:0323b27_15']	謂得阿羅漢果。	謂得阿羅漢果。	namely, one attains the fruit of arhatship.
['T27n1545_062:0323b28_1']	二者越界。	二者越界。	Second, one transcends the realms,
['T27n1545_062:0323b28_7']	謂越無色界。	謂越無色界。	namely, one transcends the formless realm.
['T27n1545_062:0323b28_16']	言總集者是合一義。	言總集者是合一義。	The term total collection means the meaning of combining into one.
['T27n1545_062:0323b29_10']	於無色界分離染故得預流果。	於無色界分離染故得預流果。	Because one is free from separation defilements in the formless realm, one attains the fruit of stream-entry.
['T27n1545_062:0323c01_3']	全離染故得阿羅漢果。	全離染故得阿羅漢果。	Because one is completely free from defilements, one attains the fruit of arhatship.
['T27n1545_062:0323c01_15']	於欲界分離染故得一來果。	於欲界分離染故得一來果。	Because one is free from separation defilements in the desire realm, one attains the fruit of once-returning.
['T27n1545_062:0323c02_6']	全離染故得不還果。	全離染故得不還果。	Because one is completely free from defilements, one attains the fruit of non-returning.
['T27n1545_062:0323c03_2']	於色界分離全離染俱不得果。	於色界分離全離染俱不得果。	In the form realm, one neither attains the fruit of separation from defilements nor the fruit of complete freedom from defilements.
['T27n1545_062:0323c03_11']	唯於二處二義無闕。	唯於二處二義無闕。	Only in the two places are both meanings not lacking.
['T27n1545_062:0323c04_3']	謂得果時亦即越界故。	謂得果時亦即越界故。	Because when one attains the fruit, one also transcends the realm.
['T27n1545_062:0323c05_1']	阿羅漢及不還果總集諸斷立一遍知。	阿羅漢及不還果總集諸斷立一遍知。	The fruit of arhatship and the fruit of non-returner collectively establish one all-inclusive knowledge of elimination.
['T27n1545_062:0323c05_14']	復次要具二義處方總集遍知。	復次要具二義處方總集遍知。	Furthermore, there must be two meanings in a place in order to collectively include all-inclusive knowledge.
['T27n1545_062:0323c06_7']	一者於三界中隨越一界。	一者於三界中隨越一界。	First, in the three realms, one must transcend one realm.
['T27n1545_062:0323c07_5']	二者於順下順上分結中隨盡一種。	二者於順下順上分結中隨盡一種。	Second, among the fetters that are favorable to the lower and favorable to the higher, one must completely eliminate one kind.
['T27n1545_062:0323c08_1']	得預流果一來果時二義皆闕。	得預流果一來果時二義皆闕。	When one attains the fruit of stream-entry and the fruit of once-returning, both meanings are lacking.
['T27n1545_062:0323c08_12']	離第四靜慮第九品染時。	離第四靜慮第九品染時。	When one is separated from the ninth category of defilements of the fourth meditative absorption,
['T27n1545_062:0323c09_3']	雖越色界而闕一義。	雖越色界而闕一義。	although one has transcended the form realm, one lacks one meaning.
['T27n1545_062:0323c09_13']	得不還果時二義無闕。	得不還果時二義無闕。	When one attains the fruit of non-returning, both meanings are not lacking.
['T27n1545_062:0323c09_18']	一越欲界。	一越欲界。	One has transcended the desire realm.
['T27n1545_062:0323c10_6']	二順下分結盡。	二順下分結盡。	The fetters that are favorable to the lower have been completely eliminated.
['T27n1545_062:0323c10_17']	得阿羅漢果時亦具二義。	得阿羅漢果時亦具二義。	When one attains the fruit of arhatship, both meanings are also complete.
['T27n1545_062:0323c11_5']	一越無色界。	一越無色界。	One has transcended the formless realm.
['T27n1545_062:0323c11_13']	二順上分結盡故。	二順上分結盡故。	The fetters that are favorable to the higher have been completely eliminated.
['T27n1545_062:0323c12_4']	後二果位方總集遍知。	後二果位方總集遍知。	Therefore, the later two fruits collectively include all-inclusive knowledge.
['T27n1545_062:0323c12_17']	復次要具二義處方總集遍知。	復次要具二義處方總集遍知。	Furthermore, there must be two meanings in a place in order to collectively include all-inclusive knowledge.
['T27n1545_062:0323c13_9']	一者於三界中隨越一界。	一者於三界中隨越一界。	First, in the three realms, one must transcend one realm.
['T27n1545_062:0323c14_7']	二者於不善無記煩惱中隨盡一種。	二者於不善無記煩惱中隨盡一種。	Second, within non-virtuous and indeterminate afflictions, they have eliminated one type.
['T27n1545_062:0323c15_3']	得預流果一來果時二義皆闕。	得預流果一來果時二義皆闕。	When attaining the fruit of stream-entry and the fruit of once-returning, both meanings are lacking.
['T27n1545_062:0323c15_14']	離第四靜慮第九品染時。	離第四靜慮第九品染時。	When separating from the ninth category of defilements of the fourth meditative absorption,
['T27n1545_062:0323c16_5']	雖越色界而闕一義。	雖越色界而闕一義。	although they have transcended the form realm, they lack one meaning.
['T27n1545_062:0323c16_15']	得不還果時二義無闕。	得不還果時二義無闕。	When attaining the fruit of non-returning, both meanings are not lacking.
['T27n1545_062:0323c17_2']	一越欲界。	一越欲界。	First, they have transcended the desire realm.
['T27n1545_062:0323c17_9']	二不善煩惱盡。	二不善煩惱盡。	Second, non-virtuous afflictions are exhausted.
['T27n1545_062:0323c18_2']	得阿羅漢果時亦具二義。	得阿羅漢果時亦具二義。	When attaining the fruit of arhatship, both meanings are also present.
['T27n1545_062:0323c18_8']	一越無色界。	一越無色界。	First, they have transcended the formless realm.
['T27n1545_062:0323c18_16']	二無記煩惱盡故。	二無記煩惱盡故。	Second, indeterminate afflictions are exhausted.
['T27n1545_062:0323c19_7']	後二果位方總集遍知。	後二果位方總集遍知。	The later two stages of fruition are where the total collection of complete knowledge is gathered.
['T27n1545_062:0323c20_2']	復次要具二義處方總集遍知。	復次要具二義處方總集遍知。	Furthermore, it is necessary to possess two meanings in order for the total collection of complete knowledge to be gathered.
['T27n1545_062:0323c20_13']	一者於三界中隨越一界。	一者於三界中隨越一界。	First, within the three realms, they have transcended one realm.
['T27n1545_062:0323c21_12']	二者於有異熟無異熟煩惱中隨盡一種。	二者於有異熟無異熟煩惱中隨盡一種。	Second, within afflictions with and without karmic retribution, they have eliminated one type.
['T27n1545_062:0323c22_7']	得預流果一來果時二義皆闕。	得預流果一來果時二義皆闕。	When attaining the fruit of stream-entry and the fruit of once-returning, both meanings are lacking.
['T27n1545_062:0323c23_1']	離第四靜慮第九品染時。	離第四靜慮第九品染時。	When separating from the ninth category of defilements of the fourth meditative absorption,
['T27n1545_062:0323c23_10']	雖越色界而闕一義。	雖越色界而闕一義。	although they have transcended the form realm, they lack one meaning.
['T27n1545_062:0323c24_2']	得不還果時二義無闕。	得不還果時二義無闕。	When one attains the fruit of non-returning, both meanings are not lacking.
['T27n1545_062:0323c24_7']	一越欲界。	一越欲界。	First, one transcends the desire realm.
['T27n1545_062:0323c24_15']	二有異熟煩惱盡。	二有異熟煩惱盡。	Second, one exhausts the afflictions with karmic retribution.
['T27n1545_062:0323c25_7']	得阿羅漢果時亦具二義。	得阿羅漢果時亦具二義。	When one attains the fruit of arhatship, both meanings are also complete.
['T27n1545_062:0323c25_13']	一越無色界。	一越無色界。	First, one transcends the formless realm.
['T27n1545_062:0323c26_4']	二無異熟煩惱盡故。	二無異熟煩惱盡故。	Second, one exhausts the afflictions without karmic retribution.
['T27n1545_062:0323c26_14']	後二果位方總集遍知。	後二果位方總集遍知。	The last two fruits are only then collectively called the complete knowledge.
['T27n1545_062:0323c27_8']	復次要具二義處方總集遍知。	復次要具二義處方總集遍知。	Furthermore, one must possess two meanings in order for a place to be collectively called the complete knowledge.
['T27n1545_062:0323c28_2']	一者於三界中隨越一界。	一者於三界中隨越一界。	First, in the three realms, one must transcend one realm.
['T27n1545_062:0323c29_1']	二者於感二果一果煩惱中隨盡一種。	二者於感二果一果煩惱中隨盡一種。	Second, among the afflictions that give rise to the two fruits and one fruit, one must exhaust one kind.
['T27n1545_062:0323c29_14']	得預流果一來果時二義皆闕。	得預流果一來果時二義皆闕。	When one attains the fruit of stream-entry and once-returning, both meanings are lacking.
['T27n1545_062:0324a01_7']	離第四靜慮第九品染時。	離第四靜慮第九品染時。	When one is free from the ninth category of defilements of the fourth dhyāna,
['T27n1545_062:0324a01_16']	雖越色界而闕一義。	雖越色界而闕一義。	although one has transcended the form realm, one lacks one meaning.
['T27n1545_062:0324a02_8']	得不還果時二義無闕。	得不還果時二義無闕。	When one attains the fruit of non-returning, both meanings are not lacking.
['T27n1545_062:0324a02_13', 'T27n1545_062:0324a03_7']	一越欲界。🔽二感等流異熟二果煩惱盡。	一越欲界。 二感等流異熟二果煩惱盡。	First, one transcends the desire realm.🔽Second, one exhausts the afflictions that give rise to the two fruits of the same outflow and karmic retribution.
['T27n1545_062:0324a04_1']	得阿羅漢果時亦具二義。	得阿羅漢果時亦具二義。	When one attains the fruit of arhatship, both meanings are also complete.
['T27n1545_062:0324a05_1']	一越無色界二唯感等流一果煩惱盡故。	一越無色界二唯感等流一果煩惱盡故。	One transcends the formless realm and only experiences the results of the single fruit of the afflictions being exhausted.
['T27n1545_062:0324a05_11']	後二果位方總集遍知。	後二果位方總集遍知。	The latter two fruit stages then comprehensively collect the complete knowledge.
['T27n1545_062:0324a06_5']	復次要具二義處方總集遍知。	復次要具二義處方總集遍知。	Furthermore, there must be two meanings in a place in order to comprehensively collect the complete knowledge.
['T27n1545_062:0324a06_16']	一者於三界中隨越一界。	一者於三界中隨越一界。	First, following the transcendence of one realm within the three realms.
['T27n1545_062:0324a08_1']	二者於無慚無愧相應不相應煩惱中隨盡一種。	二者於無慚無愧相應不相應煩惱中隨盡一種。	Second, following the exhaustion of one type of affliction associated with or not associated with shamelessness and lack of conscience.
['T27n1545_062:0324a08_14']	得預流果一來果時二義皆闕。	得預流果一來果時二義皆闕。	When attaining the fruit of stream-entry and the fruit of once-returning, both meanings are lacking.
['T27n1545_062:0324a09_7']	離第四靜慮第九品染時。	離第四靜慮第九品染時。	When separating from the ninth category of defilements of the fourth meditative absorption,
['T27n1545_062:0324a09_16']	雖越色界而闕一義。	雖越色界而闕一義。	although one has transcended the form realm, one lacks one meaning.
['T27n1545_062:0324a10_8']	得不還果時二義無闕。	得不還果時二義無闕。	When attaining the fruit of non-returning, both meanings are not lacking.
['T27n1545_062:0324a10_13']	一越欲界。	一越欲界。	One transcends the desire realm.
['T27n1545_062:0324a11_6']	二無慚無愧相應煩惱盡。	二無慚無愧相應煩惱盡。	The afflictions associated with shamelessness and lack of conscience are exhausted.
['T27n1545_062:0324a11_17']	得阿羅漢果時亦具二義。	得阿羅漢果時亦具二義。	When attaining the fruit of arhatship, there are also two meanings.
['T27n1545_062:0324a12_5']	一越無色界。	一越無色界。	One transcends the formless realm.
['T27n1545_062:0324a12_18', 'T27n1545_062:0324a13_9']	二無慚無愧不相應煩惱盡故。🔽後二果位方總集遍知。	二無慚無愧不相應煩惱盡故。 後二果位方總集遍知。	The afflictions not associated with shamelessness and lack of conscience are exhausted.🔽The latter two fruit stages then comprehensively collect the complete knowledge.
['T27n1545_062:0324a14_4']	復次要具二義處方總集遍知。	復次要具二義處方總集遍知。	Furthermore, there must be two meanings in a place in order to comprehensively collect the complete knowledge.
['T27n1545_062:0324a14_15']	一者於三界中隨越一界。	一者於三界中隨越一界。	First, in the three realms, one must transcend one realm.
['T27n1545_062:0324a15_10']	二者於五趣四生中隨盡一種。	二者於五趣四生中隨盡一種。	Second, among the five destinies and four modes of birth, one must exhaust one type.
['T27n1545_062:0324a16_6']	得預流果一來果時二義皆闕。	得預流果一來果時二義皆闕。	When attaining the fruit of stream-entry and the fruit of once-returning, both meanings are lacking.
['T27n1545_062:0324a16_17']	離第四靜慮第九品染時。	離第四靜慮第九品染時。	When separating from the ninth category of defilements of the fourth meditative absorption,
['T27n1545_062:0324a17_8']	雖越色界而闕一義。	雖越色界而闕一義。	although one has transcended the form realm, one lacks one meaning.
['T27n1545_062:0324a18_1']	得不還果時二義無闕。	得不還果時二義無闕。	When attaining the fruit of non-returning, both meanings are not lacking.
['T27n1545_062:0324a18_6']	一越欲界。	一越欲界。	One has transcended the desire realm.
['T27n1545_062:0324a18_13']	二盡人趣胎生。	二盡人趣胎生。	And has exhausted the human destiny and womb birth.
['T27n1545_062:0324a19_5']	得阿羅漢果時亦具二義。	得阿羅漢果時亦具二義。	When attaining the fruit of arhatship, there are also two meanings.
['T27n1545_062:0324a19_11']	一越無色界。	一越無色界。	One has transcended the formless realm.
['T27n1545_062:0324a20_1']	二盡天趣化生故。	二盡天趣化生故。	And has exhausted the heavenly destiny and apparitional birth.
['T27n1545_062:0324a20_11']	後二果位方總集遍知。	後二果位方總集遍知。	Therefore, the two later fruits of non-returning and arhatship are only collectively called the 'sum total of all the abandonments'.🔽Here is the corrected and aligned text:
['T27n1545_062:0324a21_100']	說一切有部發智大毘婆沙論卷第六十二	說一切有部發智大毘婆沙論卷第六十二	Sarvâstivāda Abhidharma-mahāvibhāṣā-śāstra, fascicle 62
