segmentnr	original	analyzed	translated
['T27n1545_007:0030c20_0']	阿毘達磨大毘婆沙論卷第七	阿毘達磨大毘婆沙論卷第七	Abhidharma-mahāvibhāṣā-śāstra, fascicle 7
['T27n1545_007:0030c22_0']	五百大阿羅漢等造	五百大阿羅漢等造	Composed by 500 great arhats and others
['T27n1545_007:0030c23_0', 'T27n1545_007:0030c25_16']	三藏法師玄奘奉　詔譯🔽6雜蘊第一中世第一法納息第一之六西方尊者以十七門分別此四如彼頌言。	三藏法師玄奘奉　詔譯 6雜蘊第一中世第一法納息第一之六西方尊者以十七門分別此四如彼頌言。	Translated by Tripiṭaka Master Xuanzang on imperial order🔽Intention, basis, cause, object, effect,
['T27n1545_007:0030c26_0']	意趣依因所緣果　　等流異熟及勝利	意趣依因所緣果　　等流異熟及勝利	Stream, maturation, and benefit
['T27n1545_007:0030c27_0']	行相二緣慧界定　　尋等根心退為後	行相二緣慧界定　　尋等根心退為後	Aspect, two conditions, wisdom, realm, concentration, initial thought, etc., faculties, mind, regression, and the last
['T27n1545_007:0030c28_6', 'T27n1545_007:0030c28_12']	問煖有何意趣。🔽答先所修集。	問煖有何意趣。 答先所修集。	Question: What is the intention of heat?
['T27n1545_007:0030c28_17']	一切善根。	一切善根。	Answer: The good roots that have been cultivated before,
['T27n1545_007:0030c29_3']	謂從布施。	謂從布施。	That is to say, from giving,
['T27n1545_007:0030c29_9']	乃至七處善。	乃至七處善。	Up to the good of the seven places,
['T27n1545_007:0030c29_16']	皆以迴向解脫。	皆以迴向解脫。	All of which are dedicated to liberation.
['T27n1545_007:0031a01_1']	是其意趣。	是其意趣。	This is its intention.
['T27n1545_007:0031a01_8']	問煖依何而起。	問煖依何而起。	Question: On what does heat depend to arise?
['T27n1545_007:0031a01_14']	答依自地定。	答依自地定。	Answer: It depends on the concentration of its own stage.
['T27n1545_007:0031a02_2']	問煖以何為因。	問煖以何為因。	Question: What is the cause of heat?
['T27n1545_007:0031a02_12']	答前生自地同類善根。	答前生自地同類善根。	Answer: The good roots of the same type that arose before in its own stage.
['T27n1545_007:0031a03_1']	問煖誰為所緣。	問煖誰為所緣。	Question: What is the object of heat?
['T27n1545_007:0031a03_6']	答四聖諦。	答四聖諦。	Answer: The four noble truths.
['T27n1545_007:0031a03_13']	問煖以何為果。	問煖以何為果。	Question: What is the effect of heat?
['T27n1545_007:0031a04_3']	答以頂為近士用果。	答以頂為近士用果。	Answer: It takes the summit as its proximate effect of human effort.
['T27n1545_007:0031a04_10']	問煖誰為等流。	問煖誰為等流。	Question: What is the stream of heat?
['T27n1545_007:0031a05_1']	答後生自地同類善根。	答後生自地同類善根。	Answer: It causes the arising of similar good roots in the same stage.
['T27n1545_007:0031a05_8']	問煖誰為異熟。	問煖誰為異熟。	Question: Who is the ripening of heat?
['T27n1545_007:0031a05_14', 'T27n1545_007:0031a05_20']	答色界五蘊。🔽問順決擇分。	答色界五蘊。 問順決擇分。	Answer: The five aggregates of the form realm.🔽Question: Can the factors conducive to penetration
['T27n1545_007:0031a06_8']	亦能牽引眾同分不。	亦能牽引眾同分不。	also attract the same kind of existence?
['T27n1545_007:0031a06_13']	有說不能。	有說不能。	Some say it cannot.
['T27n1545_007:0031a06_18']	所以者何。	所以者何。	Why is it so?
['T27n1545_007:0031a07_4']	厭背有故。	厭背有故。	Because it turns away from existence.
['T27n1545_007:0031a07_9']	謂此善根。	謂此善根。	That is to say, these good roots
['T27n1545_007:0031a07_18']	厭背諸有於眾同分。	厭背諸有於眾同分。	turn away from all kinds of existence and the same kind of existence.
['T27n1545_007:0031a08_8']	但能圓滿不能牽引。	但能圓滿不能牽引。	They can only perfect [the same kind of existence] but cannot attract it.
['T27n1545_007:0031a08_13']	有說亦能。	有說亦能。	Some say it can.
['T27n1545_007:0031a08_18']	謂此善根。	謂此善根。	That is to say, although these good roots
['T27n1545_007:0031a09_4']	雖厭背有。	雖厭背有。	turn away from existence,
['T27n1545_007:0031a09_9']	而能牽引。	而能牽引。	they can attract it.
['T27n1545_007:0031a09_14', 'T27n1545_007:0031a09_19']	隨順聖道。🔽眾同分果。	隨順聖道。 眾同分果。	The same kind of existence that accords with the noble path
['T27n1545_007:0031a10_8']	謂此所招眾同分果。	謂此所招眾同分果。	refers to the fruit of the same kind of existence that is attracted by it.
['T27n1545_007:0031a10_13']	增上熾盛。	增上熾盛。	It is greatly flourishing,
['T27n1545_007:0031a10_18']	微妙殊勝。	微妙殊勝。	subtle and supreme.
['T27n1545_007:0031a11_7']	無有災橫順勝善品。	無有災橫順勝善品。	There are no calamities or misfortunes that accord with the superior wholesome category.
['T27n1545_007:0031a11_14']	問煖有何勝利。	問煖有何勝利。	Question: What are the benefits of heat?
['T27n1545_007:0031a12_6']	答能與涅槃作決定因。	答能與涅槃作決定因。	Answer: It can serve as the definitive cause for nirvana.
['T27n1545_007:0031a12_15']	有說得煖定不斷善。	有說得煖定不斷善。	Some say that one who has attained heat definitely does not cut off good [roots].
['T27n1545_007:0031a13_4']	問煖有幾行相。	問煖有幾行相。	Question: How many aspects does heat have?
['T27n1545_007:0031a13_10']	答十六行相。	答十六行相。	Answer: It has sixteen aspects.
['T27n1545_007:0031a14_1']	問煖為緣名為緣義。	問煖為緣名為緣義。	Question: Is the heat stage a condition in terms of name or in terms of meaning?
['T27n1545_007:0031a14_7']	答名義俱緣。	答名義俱緣。	Answer: It is a condition in terms of both name and meaning.
['T27n1545_007:0031a14_14']	問煖為聞所成。	問煖為聞所成。	Question: Is the heat stage accomplished through hearing,
['T27n1545_007:0031a14_19', 'T27n1545_007:0031a15_4']	為思所成。🔽為修所成。	為思所成。 為修所成。	accomplished through thinking,🔽or accomplished through cultivation?
['T27n1545_007:0031a15_10']	答唯修所成。	答唯修所成。	Answer: It is only accomplished through cultivation.
['T27n1545_007:0031a15_17', 'T27n1545_007:0031a16_4']	問煖為欲界繫。🔽為色界繫。	問煖為欲界繫。 為色界繫。	Question: Is the heat stage bound to the desire realm,🔽bound to the form realm,
['T27n1545_007:0031a16_10']	為無色界繫。	為無色界繫。	or bound to the formless realm?
['T27n1545_007:0031a16_16', 'T27n1545_007:0031a17_3']	答唯色界繫。🔽問煖為在定。	答唯色界繫。 問煖為在定。	Answer: It is only bound to the form realm.🔽Question: Is the heat stage in concentration,
['T27n1545_007:0031a17_8']	為不在定。	為不在定。	or is it not in concentration?
['T27n1545_007:0031a17_13']	答唯在定。	答唯在定。	Answer: It is only in concentration.
['T27n1545_007:0031a18_3']	問煖為有尋有伺。	問煖為有尋有伺。	Question: Is the heat stage with investigation and analysis,
['T27n1545_007:0031a18_9']	為無尋唯伺。	為無尋唯伺。	without investigation but with analysis,
['T27n1545_007:0031a18_15']	為無尋無伺。	為無尋無伺。	or without investigation and without analysis?
['T27n1545_007:0031a19_1', 'T27n1545_007:0031a19_9']	答具三種。🔽問煖為樂根相應。	答具三種。 問煖為樂根相應。	Answer: It has all three kinds.🔽Question: Is the heat stage associated with the faculty of pleasure,
['T27n1545_007:0031a19_15']	為喜根相應。	為喜根相應。	associated with the faculty of joy,
['T27n1545_007:0031a20_2']	為捨根相應。	為捨根相應。	or associated with the faculty of equanimity?
['T27n1545_007:0031a20_8']	答三根相應。	答三根相應。	Answer: It is associated with all three faculties.
['T27n1545_007:0031a20_14']	問煖為一心。	問煖為一心。	Question: Is the heat stage one mind,
['T27n1545_007:0031a20_18']	為多心。	為多心。	or many minds?
['T27n1545_007:0031a21_2', 'T27n1545_007:0031a21_8']	答多心。🔽問煖為可退。	答多心。 問煖為可退。	Answer: It is many minds.🔽Question: Is the heat stage subject to regression,
['T27n1545_007:0031a21_13']	為不可退。	為不可退。	or is it not subject to regression?
['T27n1545_007:0031a21_17']	答可退。	答可退。	Answer: It is subject to regression.
['T27n1545_007:0031a22_2']	頂意趣者。	頂意趣者。	The intention of the peak stage is as follows:
['T27n1545_007:0031a22_7']	謂從布施。	謂從布施。	It is said to be from giving.
['T27n1545_007:0031a22_13']	乃至煖果者。	乃至煖果者。	Up to the fruit of heat.
['T27n1545_007:0031a23_2']	以忍為近士用果。	以忍為近士用果。	Taking patience as the fruit of skillful means for approaching the noble ones.
['T27n1545_007:0031a23_6']	勝利者。	勝利者。	As for the benefits,
['T27n1545_007:0031a23_11']	不斷善根。	不斷善根。	One does not sever the wholesome roots.
['T27n1545_007:0031a24_1']	有說亦不作無間業。	有說亦不作無間業。	Some say one also does not commit immediate karma.
['T27n1545_007:0031a24_6']	餘如煖說。	餘如煖說。	The rest is explained like heat.
['T27n1545_007:0031a24_11']	忍意趣者。	忍意趣者。	The intention of patience is
['T27n1545_007:0031a24_16']	謂從布施。	謂從布施。	To say it comes from giving.
['T27n1545_007:0031a25_2']	乃至頂果者。	乃至頂果者。	Up to the fruit of the peak.
['T27n1545_007:0031a25_8']	以世第一法。	以世第一法。	Taking the supreme worldly dharmas
['T27n1545_007:0031a25_14']	為近士用果。	為近士用果。	As the fruit of skillful means for approaching the noble ones.
['T27n1545_007:0031a26_1']	勝利者不退。	勝利者不退。	As for the benefits, one does not regress.
['T27n1545_007:0031a26_7']	不作無間業。	不作無間業。	One does not commit immediate karma.
['T27n1545_007:0031a26_12']	不墮惡趣。	不墮惡趣。	One does not fall into evil destinies.
['T27n1545_007:0031a27_1']	有說亦不執我。	有說亦不執我。	Some say one also does not grasp a self.
['T27n1545_007:0031a27_6']	餘如頂說。	餘如頂說。	The rest is explained like the peak.
['T27n1545_007:0031a27_14']	世第一法意趣者。	世第一法意趣者。	The intention of the supreme worldly dharmas is
['T27n1545_007:0031a27_19']	謂從布施。	謂從布施。	To say it comes from giving.
['T27n1545_007:0031a28_6']	乃至忍所緣者。	乃至忍所緣者。	As for the objects of patience,
['T27n1545_007:0031a28_12']	唯苦諦果者。	唯苦諦果者。	Only the fruit of the truth of suffering.
['T27n1545_007:0031a28_18']	以苦法智忍。	以苦法智忍。	Taking the acceptance of the knowledge of the dharma of suffering
['T27n1545_007:0031a29_5']	為近士用果。	為近士用果。	As the fruit of skillful means for approaching the noble ones.
['T27n1545_007:0031a29_9']	勝利者。	勝利者。	As for the benefits,
['T27n1545_007:0031b01_1']	為等無間入正性離生。	為等無間入正性離生。	One enters the correct nature of detachment as an equal and immediate [condition].
['T27n1545_007:0031b01_5']	行相者。	行相者。	As for the aspects,
['T27n1545_007:0031b01_11', 'T27n1545_007:0031b01_17']	苦諦四行相。🔽一心多心者。	苦諦四行相。 一心多心者。	The four aspects of the truth of suffering.🔽As for whether it is one mind or many minds,
['T27n1545_007:0031b02_2']	當言一心。	當言一心。	It should be said to be one mind.
['T27n1545_007:0031b02_7']	餘如忍說。	餘如忍說。	The rest is explained like the forbearances.
['T27n1545_007:0031b02_13']	初煖緣三諦。	初煖緣三諦。	The initial heat takes the three truths as its object.
['T27n1545_007:0031b03_3']	法念住現在修未來。	法念住現在修未來。	The present cultivation of the dharma-mindfulness is future cultivation.
['T27n1545_007:0031b03_8']	修四念住。	修四念住。	Cultivating the four mindfulnesses.
['T27n1545_007:0031b03_17']	一行相現在修未來。	一行相現在修未來。	The present cultivation of a single aspect is future cultivation.
['T27n1545_007:0031b04_7']	修四行相俱同類修。	修四行相俱同類修。	Cultivating the four aspects is cultivation of the same type.
['T27n1545_007:0031b04_15']	非不同類緣滅諦。	非不同類緣滅諦。	Not of a different type. Taking the truth of cessation as its object.
['T27n1545_007:0031b05_6']	法念住現在修未來。	法念住現在修未來。	The present cultivation of the dharma-mindfulness is future cultivation.
['T27n1545_007:0031b05_13']	亦唯修法念住。	亦唯修法念住。	It only cultivates the dharma-mindfulness.
['T27n1545_007:0031b06_4']	一行相現在修未來。	一行相現在修未來。	The present cultivation of a single aspect is future cultivation.
['T27n1545_007:0031b06_13']	修四行相亦同類修。	修四行相亦同類修。	Cultivating the four aspects is also cultivation of the same type.
['T27n1545_007:0031b06_18']	非不同類。	非不同類。	Not of a different type.
['T27n1545_007:0031b07_4']	所以者何。	所以者何。	Why is this so?
['T27n1545_007:0031b07_15']	非初觀蘊滅能修緣蘊道。	非初觀蘊滅能修緣蘊道。	Because initially contemplating the cessation of the aggregates cannot cultivate the path that takes the aggregates as its object.
['T27n1545_007:0031b08_2', 'T27n1545_007:0031b08_11']	故增長煖。🔽緣三諦四念住隨一。	故增長煖。 緣三諦四念住隨一。	Therefore, increasing the heat.
['T27n1545_007:0031b08_17']	現在修未來。	現在修未來。	Taking the three truths as its object, the present cultivation of any one of the four mindfulnesses is future cultivation.
['T27n1545_007:0031b09_7']	修四念住此同類修。	修四念住此同類修。	Cultivating the four mindfulnesses is cultivation of the same type.
['T27n1545_007:0031b09_12']	亦不同類。	亦不同類。	Also of a different type.
['T27n1545_007:0031b10_2']	一行相現在修未來。	一行相現在修未來。	The present cultivation of a single aspect is future cultivation.
['T27n1545_007:0031b10_8']	修十六行相。	修十六行相。	Cultivating the sixteen aspects.
['T27n1545_007:0031b10_12']	緣滅諦。	緣滅諦。	Taking the truth of cessation as its object.
['T27n1545_007:0031b11_2']	法念住現在修未來。	法念住現在修未來。	The present cultivation of the dharma-mindfulness is future cultivation.
['T27n1545_007:0031b11_7']	修四念住。	修四念住。	Cultivating the four mindfulnesses.
['T27n1545_007:0031b11_16']	一行相現在修未來。	一行相現在修未來。	In the present, one cultivates the future [four] aspects.
['T27n1545_007:0031b12_3']	修十六行相。	修十六行相。	One cultivates the sixteen aspects.
['T27n1545_007:0031b12_9']	問何故初煖。	問何故初煖。	Question: Why is it that in the initial heat,
['T27n1545_007:0031b12_18']	唯同類修非不同類。	唯同類修非不同類。	only the same type is cultivated, not the different type?
['T27n1545_007:0031b13_11']	增長煖能修同類不同類耶。	增長煖能修同類不同類耶。	In the increased heat, can one cultivate the same and different types?
['T27n1545_007:0031b14_2']	答初煖未曾得種性。	答初煖未曾得種性。	Answer: The initial heat has not yet attained the spiritual disposition.
['T27n1545_007:0031b14_8']	初學觀諦故。	初學觀諦故。	It is the first stage of learning to contemplate the truths.
['T27n1545_007:0031b14_13']	唯修同類。	唯修同類。	Therefore, only the same type is cultivated.
['T27n1545_007:0031b15_4']	增長煖已曾得種性。	增長煖已曾得種性。	The increased heat has already attained the spiritual disposition.
['T27n1545_007:0031b15_9']	串習觀諦。	串習觀諦。	It is familiar with the contemplation of the truths.
['T27n1545_007:0031b15_18']	故同類修亦不同類。	故同類修亦不同類。	Therefore, the same type is cultivated, as well as the different type.
['T27n1545_007:0031b16_4']	初頂緣四諦。	初頂緣四諦。	The initial peak focuses on the four truths.
['T27n1545_007:0031b16_13']	法念住現在修未來。	法念住現在修未來。	In the present, one cultivates the future [four] aspects of the mindfulness of dharmas.
['T27n1545_007:0031b16_18']	修四念住。	修四念住。	One cultivates the four establishments of mindfulness.
['T27n1545_007:0031b17_8']	一行相現在修未來。	一行相現在修未來。	In the present, one cultivates the future [four] aspects.
['T27n1545_007:0031b17_14']	修十六行相。	修十六行相。	One cultivates the sixteen aspects.
['T27n1545_007:0031b17_18', 'T27n1545_007:0031b18_8']	增長頂。🔽緣三諦四念住隨一。	增長頂。 緣三諦四念住隨一。	In the increased peak,
['T27n1545_007:0031b18_14']	現在修未來。	現在修未來。	one focuses on the three truths and one of the four establishments of mindfulness in the present, cultivating the future [four] aspects.
['T27n1545_007:0031b19_1']	修四念住。	修四念住。	One cultivates the four establishments of mindfulness.
['T27n1545_007:0031b19_10']	一行相現在修未來。	一行相現在修未來。	In the present, one cultivates the future [four] aspects.
['T27n1545_007:0031b20_1']	修十六行相緣滅諦。	修十六行相緣滅諦。	One cultivates the sixteen aspects. Focusing on the truth of cessation,
['T27n1545_007:0031b20_10']	法念住現在修未來。	法念住現在修未來。	in the present, one cultivates the future [four] aspects of the mindfulness of dharmas.
['T27n1545_007:0031b20_15']	修四念住。	修四念住。	One cultivates the four establishments of mindfulness.
['T27n1545_007:0031b21_5']	一行相現在修未來。	一行相現在修未來。	One aspect is cultivated in the present and future.
['T27n1545_007:0031b21_11', 'T27n1545_007:0031b22_2']	修十六行相。🔽初及增長忍緣四諦。	修十六行相。 初及增長忍緣四諦。	Cultivating sixteen aspects.🔽The first and increased patience take the four truths as objects.
['T27n1545_007:0031b22_11']	法念住現在修未來。	法念住現在修未來。	The present cultivation of the four establishments of mindfulness.
['T27n1545_007:0031b22_16']	修四念住。	修四念住。	Cultivating the four establishments of mindfulness.
['T27n1545_007:0031b23_5']	一行相現在修未來。	一行相現在修未來。	One aspect is cultivated in the present and future.
['T27n1545_007:0031b23_11']	修十六行相。	修十六行相。	Cultivating sixteen aspects.
['T27n1545_007:0031b24_9']	問何故忍初及增長皆唯法念住現在修。	問何故忍初及增長皆唯法念住現在修。	Why is it that only the first patience and increased patience cultivate the establishment of dharmas in the present?
['T27n1545_007:0031b24_14']	煖頂不爾。	煖頂不爾。	The heat and summit do not.
['T27n1545_007:0031b25_2', 'T27n1545_007:0031b25_8']	答忍近見道。🔽與見道相似。	答忍近見道。 與見道相似。	The answer is: Patience is close to the path of seeing.🔽It is similar to the path of seeing.
['T27n1545_007:0031b25_13']	如見道中。	如見道中。	Just as in the path of seeing,
['T27n1545_007:0031b26_1']	唯起法念住。	唯起法念住。	Only the establishment of dharmas is aroused.
['T27n1545_007:0031b26_6']	忍亦如是。	忍亦如是。	Patience is also like this.
['T27n1545_007:0031b26_15']	尊者妙音作如是說。	尊者妙音作如是說。	The Venerable Subhūti says:
['T27n1545_007:0031b27_3']	初忍及增長忍。	初忍及增長忍。	The first patience and increased patience,
['T27n1545_007:0031b27_12']	如初煖及增長煖說。	如初煖及增長煖說。	Are like the first heat and increased heat.
['T27n1545_007:0031b27_18']	於色界善根。	於色界善根。	Among the wholesome roots of the form realm,
['T27n1545_007:0031b28_5']	未曾得種性。	未曾得種性。	The unobtainable type,
['T27n1545_007:0031b28_13']	及已曾得種性故。	及已曾得種性故。	And the already obtained type.
['T27n1545_007:0031b29_2']	彼不應作是說。	彼不應作是說。	They should not say this.
['T27n1545_007:0031b29_7']	此四善根。	此四善根。	These four wholesome roots,
['T27n1545_007:0031b29_16']	皆是色界修所成故。	皆是色界修所成故。	Are all accomplished through cultivation in the form realm.
['T27n1545_007:0031c01_2']	忍近見道。	忍近見道。	Patience is close to the path of seeing.
['T27n1545_007:0031c01_11']	如見道起法念住故。	如見道起法念住故。	It is like when the path of seeing arises, the mindfulness of dharmas is cultivated.
['T27n1545_007:0031c02_1']	問增長忍一切時。	問增長忍一切時。	Question: At all times when increasing patience,
['T27n1545_007:0031c02_8']	修十六行相耶。	修十六行相耶。	is the sixteen aspects cultivated?
['T27n1545_007:0031c02_16']	答不爾或時十六。	答不爾或時十六。	Answer: It is not so. Sometimes sixteen,
['T27n1545_007:0031c03_8']	或時十二或時八或時四。	或時十二或時八或時四。	sometimes twelve, sometimes eight, sometimes four.
['T27n1545_007:0031c03_13', 'T27n1545_007:0031c04_3']	所以者何。🔽如如漸次略所緣諦。	所以者何。 如如漸次略所緣諦。	Why is it so?🔽As one gradually condenses the objects of the four truths,
['T27n1545_007:0031c04_12']	如是如是略修行相。	如是如是略修行相。	one thus gradually condenses the aspects of cultivation.
['T27n1545_007:0031c05_3']	由此漸能近於見道。	由此漸能近於見道。	By this one is gradually able to approach the path of seeing,
['T27n1545_007:0031c05_8']	如見道故。	如見道故。	because it is like the path of seeing.
['T27n1545_007:0031c05_13']	世第一法。	世第一法。	The supreme worldly dharmas,
['T27n1545_007:0031c06_3']	法念住現在修未來。	法念住現在修未來。	the mindfulness of dharmas is cultivated in the present and future,
['T27n1545_007:0031c06_8']	修四念住。	修四念住。	cultivating the four establishments of mindfulness.
['T27n1545_007:0031c06_17']	一行相現在修未來。	一行相現在修未來。	One aspect is cultivated in the present and future,
['T27n1545_007:0031c07_4']	修四行相。	修四行相。	cultivating the four aspects.
['T27n1545_007:0031c07_9']	唯同類修。	唯同類修。	Only the same type is cultivated,
['T27n1545_007:0031c07_14']	非不同類。	非不同類。	not the different types.
['T27n1545_007:0031c08_2']	問世第一法。	問世第一法。	Question: The supreme worldly dharmas,
['T27n1545_007:0031c08_8']	已曾得種性。	已曾得種性。	having already attained the lineage,
['T27n1545_007:0031c08_13']	串習觀諦。	串習觀諦。	familiarly cultivating the contemplation of the truths,
['T27n1545_007:0031c09_1']	何故但修同類。	何故但修同類。	why is only the same type cultivated,
['T27n1545_007:0031c09_6']	非異類耶。	非異類耶。	not the different types?
['T27n1545_007:0031c09_12']	答世第一法。	答世第一法。	Answer: The supreme worldly dharmas,
['T27n1545_007:0031c10_2']	唯有爾所行相可修。	唯有爾所行相可修。	only have those aspects that can be cultivated,
['T27n1545_007:0031c10_7']	無餘行相。	無餘行相。	no other aspects.
['T27n1545_007:0031c10_14']	如人唯有一衣。	如人唯有一衣。	It is like a person who has only one garment.
['T27n1545_007:0031c11_3']	奪已更無可奪。	奪已更無可奪。	If it is taken away, there is nothing else to take away.
['T27n1545_007:0031c11_12']	此亦如是故不應問。	此亦如是故不應問。	This is also like that, so it should not be asked.
['T27n1545_007:0031c12_1', 'T27n1545_007:0031c12_6']	復次世第一法。🔽隣逼見道。	復次世第一法。 隣逼見道。	Furthermore, the supreme worldly dharmas.🔽Are closely related to the path of seeing.
['T27n1545_007:0031c12_11']	似見道故。	似見道故。	Because they resemble the path of seeing.
['T27n1545_007:0031c12_18', 'T27n1545_007:0031c13_4']	復次世第一法。🔽開見道門。	復次世第一法。 開見道門。	Furthermore, the supreme worldly dharmas.🔽Open the door to the path of seeing.
['T27n1545_007:0031c13_9']	導生見道。	導生見道。	Lead to the arising of the path of seeing.
['T27n1545_007:0031c13_14']	如見道故。	如見道故。	Because it is like the path of seeing.
['T27n1545_007:0031c14_5', 'T27n1545_007:0031c14_10']	問初煖頂忍於四聖諦。🔽為相續觀。	問初煖頂忍於四聖諦。 為相續觀。	Question: In the first heat, peak, and patience, regarding the four noble truths.🔽Are they continuously observed?
['T27n1545_007:0031c14_15']	為不相續。	為不相續。	Or are they not continuously observed?
['T27n1545_007:0031c15_1']	有說相續。	有說相續。	Some say they are continuously observed.
['T27n1545_007:0031c15_10']	如見道中十五心頃。	如見道中十五心頃。	Like in the fifteen moments of the path of seeing.
['T27n1545_007:0031c16_1']	於四聖諦相續現觀。	於四聖諦相續現觀。	Continuously realizing the four noble truths.
['T27n1545_007:0031c16_6']	此亦如是。	此亦如是。	This is also like that.
['T27n1545_007:0031c16_12']	有說不相續。	有說不相續。	Some say they are not continuously observed.
['T27n1545_007:0031c17_2']	謂觀欲界苦聖諦已。	謂觀欲界苦聖諦已。	That is to say, after observing the noble truth of suffering in the desire realm.
['T27n1545_007:0031c17_7']	即便止住。	即便止住。	One then stops and abides.
['T27n1545_007:0031c17_12']	次起加行。	次起加行。	Next, one gives rise to practice.
['T27n1545_007:0031c18_4']	觀色無色界苦聖諦已。	觀色無色界苦聖諦已。	After observing the noble truth of suffering in the form and formless realms,
['T27n1545_007:0031c18_9']	復便止住。	復便止住。	One then stops and abides.
['T27n1545_007:0031c18_14']	餘諦亦爾。	餘諦亦爾。	The other truths are also like this.
['T27n1545_007:0031c18_19']	如是說者。	如是說者。	Those who say this.
['T27n1545_007:0031c19_4']	此不決定。	此不決定。	This is not definite.
['T27n1545_007:0031c19_13']	或相續觀或不相續。	或相續觀或不相續。	Either in a continuous manner or not in a continuous manner.
['T27n1545_007:0031c19_18']	隨彼加行。	隨彼加行。	In accordance with the power of their practice.
['T27n1545_007:0031c20_4', 'T27n1545_007:0031c20_12']	勢力轉故。🔽問何等作意無間。	勢力轉故。 問何等作意無間。	Because it is transformed.
['T27n1545_007:0031c20_17']	引起煖耶。	引起煖耶。	Question: What kind of attention immediately induces heat?
['T27n1545_007:0031c21_3']	答色界定。	答色界定。	Answer: The form realm concentration.
['T27n1545_007:0031c21_10', 'T27n1545_007:0031c21_17']	修所成行相攝。🔽有厭離有渴仰。	修所成行相攝。 有厭離有渴仰。	Subsumed by the aspects of cultivation.🔽With disgust, with longing,
['T27n1545_007:0031c22_6']	有惡賤有思慕。	有惡賤有思慕。	With contempt, with yearning.
['T27n1545_007:0031c22_14', 'T27n1545_007:0031c23_3']	作意無間引起煖。🔽煖無間引起頂。	作意無間引起煖。 煖無間引起頂。	Attention immediately induces heat.🔽Heat immediately induces the peak.
['T27n1545_007:0031c23_10']	頂無間引起忍。	頂無間引起忍。	The peak immediately induces patience.
['T27n1545_007:0031c24_2']	忍無間引起世第一法。	忍無間引起世第一法。	Patience immediately induces the supreme worldly dharmas.
['T27n1545_007:0031c24_11']	問已離欲染者可爾。	問已離欲染者可爾。	Question: One who has already separated from the defilements of the desire realm may be so.
['T27n1545_007:0031c25_2']	未離欲染者云何。	未離欲染者云何。	But how about one who has not yet separated from the defilements of the desire realm?
['T27n1545_007:0031c25_12']	答欲界亦有似彼作意。	答欲界亦有似彼作意。	Answer: The desire realm also has attention similar to that.
['T27n1545_007:0031c26_1', 'T27n1545_007:0031c26_8']	思所成行相攝。🔽有厭離有渴仰。	思所成行相攝。 有厭離有渴仰。	Subsumed by the aspects of reflection.🔽With disgust, with longing,
['T27n1545_007:0031c26_15']	有惡賤有思慕。	有惡賤有思慕。	With contempt, with yearning.
['T27n1545_007:0031c27_3']	未離欲染者。	未離欲染者。	One who has not yet separated from the defilements of the desire realm.
['T27n1545_007:0031c27_12']	此作意無間引起煖。	此作意無間引起煖。	This attention immediately induces heat.
['T27n1545_007:0031c27_17']	餘如前說。	餘如前說。	The rest is as explained above.
['T27n1545_007:0031c28_9']	問修煖滿已將欲起頂。	問修煖滿已將欲起頂。	Question: Having perfected the cultivation of heat, one is about to give rise to the peak.
['T27n1545_007:0031c28_14']	遂便命終。	遂便命終。	But then one suddenly dies.
['T27n1545_007:0031c29_1']	彼餘生中。	彼餘生中。	In other lives,
['T27n1545_007:0031c29_6']	為即起頂。	為即起頂。	do they immediately give rise to the summit?
['T27n1545_007:0031c29_11']	為從本起。	為從本起。	Or do they arise from the original [stage]?
['T27n1545_007:0031c29_17']	答若遇明師。	答若遇明師。	Answer: If they encounter a wise teacher,
['T27n1545_007:0032a01_3']	隨彼應起。	隨彼應起。	they should give rise to [the summit] accordingly.
['T27n1545_007:0032a01_8']	分齊說者。	分齊說者。	If one explains the scope [of the summit],
['T27n1545_007:0032a01_13']	即能起頂。	即能起頂。	one is able to give rise to the summit.
['T27n1545_007:0032a02_3']	若不爾者還從本起。	若不爾者還從本起。	If it is not so, one returns to giving rise to [the summit] from the original [stage].
['T27n1545_007:0032a02_8']	然能速起。	然能速起。	However, one is able to give rise to it quickly.
['T27n1545_007:0032a02_13']	非如初修。	非如初修。	It is not the same as the initial cultivation.
['T27n1545_007:0032a03_4']	問若餘生中即起頂者。	問若餘生中即起頂者。	Question: If one gives rise to the summit in other lives,
['T27n1545_007:0032a03_13']	從何作意無間起耶。	從何作意無間起耶。	from what kind of attention does it arise immediately?
['T27n1545_007:0032a04_5']	答如起煖時所有作意。	答如起煖時所有作意。	Answer: The kind of attention that exists when giving rise to heat.
['T27n1545_007:0032a04_12']	如說從煖起頂。	如說從煖起頂。	As it is said, from heat one gives rise to the summit.
['T27n1545_007:0032a05_1']	從頂起忍亦爾。	從頂起忍亦爾。	From the summit one gives rise to patience, it is also like this.
['T27n1545_007:0032a05_7']	問若爾何故。	問若爾何故。	Question: If it is so, why is it said that
['T27n1545_007:0032a05_14']	說煖無間起頂。	說煖無間起頂。	immediately after heat one gives rise to the summit,
['T27n1545_007:0032a06_2']	頂無間起忍耶。	頂無間起忍耶。	and immediately after the summit one gives rise to patience?
['T27n1545_007:0032a06_16']	答依一身中相續起者作如是說。	答依一身中相續起者作如是說。	Answer: This is said with reference to those who give rise to [the stages] in a continuous manner within one body.
['T27n1545_007:0032a07_3']	然非一切。	然非一切。	However, it is not for everyone.
['T27n1545_007:0032a07_13']	問若退煖已還生煖時。	問若退煖已還生煖時。	Question: If one regresses from heat and then gives rise to heat again,
['T27n1545_007:0032a08_4']	為得先時曾得煖不。	為得先時曾得煖不。	does one attain the heat that was attained before?
['T27n1545_007:0032a08_14']	答應言不得隨爾所度。	答應言不得隨爾所度。	Answer: One should say that one does not attain it. To the extent that one regresses,
['T27n1545_007:0032a09_1']	退已還生。	退已還生。	after regressing one gives rise to [heat] again.
['T27n1545_007:0032a09_6']	即爾所度。	即爾所度。	It is precisely the amount that is attained.
['T27n1545_007:0032a09_11']	新新而得。	新新而得。	It is newly attained.
['T27n1545_007:0032a09_16']	所以者何。	所以者何。	Why is this?
['T27n1545_007:0032a10_1']	極難得故。	極難得故。	Because it is extremely difficult to attain.
['T27n1545_007:0032a10_6']	未曾習故。	未曾習故。	Because it has never been practiced before.
['T27n1545_007:0032a10_11']	用功成故。	用功成故。	Because it is accomplished through effort.
['T27n1545_007:0032a10_17']	如別解脫戒。	如別解脫戒。	Like the prātimokṣa precepts.
['T27n1545_007:0032a11_2']	隨爾所度。	隨爾所度。	According to the amount that is attained.
['T27n1545_007:0032a11_7']	捨已復受。	捨已復受。	After abandoning them, one receives them again.
['T27n1545_007:0032a11_12']	即爾所度。	即爾所度。	It is precisely the amount that is attained.
['T27n1545_007:0032a11_17']	新新而得。	新新而得。	It is newly attained.
['T27n1545_007:0032a12_1']	此亦如是。	此亦如是。	This is also like that.
['T27n1545_007:0032a12_8']	如說煖頂亦爾。	如說煖頂亦爾。	As it is explained, heat and summit are also like this.
['T27n1545_007:0032a12_18']	依根本靜慮所起煖頂。	依根本靜慮所起煖頂。	The heat and summit that arise based on the fundamental dhyānas
['T27n1545_007:0032a13_4']	亦必不退。	亦必不退。	must also not regress.
['T27n1545_007:0032a13_14']	以所依定自在堅牢故。	以所依定自在堅牢故。	Because the supporting concentration is powerful and firm.
['T27n1545_007:0032a14_9']	依未至定靜慮中間所起煖頂。	依未至定靜慮中間所起煖頂。	The heat and summit that arise based on the preliminary concentration and the intermediate dhyāna
['T27n1545_007:0032a14_14']	則不決定。	則不決定。	are not definite.
['T27n1545_007:0032a15_1']	以可退故。	以可退故。	Because they can regress.
['T27n1545_007:0032a15_7', 'T27n1545_007:0032a15_12']	問煖頂忍位。🔽依下生中。	問煖頂忍位。 依下生中。	Question: In the stages of heat, summit, and patience,🔽based on the lower, one is born in the middle.
['T27n1545_007:0032a15_17', 'T27n1545_007:0032a16_2']	依中生上。🔽中上品後。	依中生上。 中上品後。	Based on the middle, one is born in the upper.🔽After the middle and upper grades,
['T27n1545_007:0032a16_7']	起下中不。	起下中不。	does one give rise to the lower and middle [stages]?
['T27n1545_007:0032a16_13']	答決定不起。	答決定不起。	Answer: One definitely does not give rise to them.
['T27n1545_007:0032a16_18']	所以者何。	所以者何。	Why is this?
['T27n1545_007:0032a17_11']	居勝進位於先所得不欣尚故。	居勝進位於先所得不欣尚故。	Because one is in the stage of superior progress, and one does not delight in what has been previously attained.
['T27n1545_007:0032a18_4']	問起煖以後為離染不。	問起煖以後為離染不。	Question: After the arising of heat, is there detachment or not?
['T27n1545_007:0032a18_9']	有作是說。	有作是說。	Some say:
['T27n1545_007:0032a18_14']	不樂離染。	不樂離染。	They do not delight in detachment.
['T27n1545_007:0032a19_1']	所以者何。	所以者何。	Why is it so?
['T27n1545_007:0032a19_6']	彼寧起頂。	彼寧起頂。	They would rather give rise to the peak.
['T27n1545_007:0032a19_15']	不樂發起第一有思。	不樂發起第一有思。	They do not delight in giving rise to thoughts of the first meditative absorption.
['T27n1545_007:0032a20_1']	況下地定。	況下地定。	How much less so for the meditative absorptions of lower levels.
['T27n1545_007:0032a20_6']	如是說者。	如是說者。	Those who say this:
['T27n1545_007:0032a20_11']	此則不定。	此則不定。	This is then indefinite.
['T27n1545_007:0032a20_16']	若彼行者。	若彼行者。	If those practitioners
['T27n1545_007:0032a21_5']	自知有力能生頂者。	自知有力能生頂者。	know they have the power to give rise to the peak,
['T27n1545_007:0032a21_10']	即便起頂。	即便起頂。	they will then give rise to the peak.
['T27n1545_007:0032a22_1']	若知無力能生頂者。	若知無力能生頂者。	If they know they lack the power to give rise to the peak,
['T27n1545_007:0032a22_6']	則求離染。	則求離染。	they will then seek detachment.
['T27n1545_007:0032a22_11']	所以者何。	所以者何。	Why is it so?
['T27n1545_007:0032a22_16']	若得離染。	若得離染。	If they attain detachment,
['T27n1545_007:0032a23_1']	當生勝處。	當生勝處。	they will be born in a superior place.
['T27n1545_007:0032a23_6', 'T27n1545_007:0032a24_4']	離下界故。🔽煖頂忍等。	離下界故。 煖頂忍等。	Because they are detached from the lower realms.
['T27n1545_007:0032a24_9']	種類差別。	種類差別。	The types of heat, peak, forbearance, etc.
['T27n1545_007:0032a24_14']	有七十三。	有七十三。	Have seventy-three distinctions.
['T27n1545_007:0032a24_19']	其事云何。	其事云何。	What is the matter?
['T27n1545_007:0032a25_7']	謂於欲界染具離。	謂於欲界染具離。	It is said that in the desire realm, one is fully detached.
['T27n1545_007:0032a25_12', 'T27n1545_007:0032a26_1']	有十具縛。🔽為一離一品染。	有十具縛。 為一離一品染。	There are ten fully bound ones.
['T27n1545_007:0032a26_6']	乃至離九。	乃至離九。	For each level of detachment from defilement, up to detachment from the ninth,
['T27n1545_007:0032a26_11']	并前為十。	并前為十。	together with the previous, there are ten.
['T27n1545_007:0032a26_17']	於初靜慮染。	於初靜慮染。	In the defilements of the first meditative absorption,
['T27n1545_007:0032a27_6']	離一乃至離九為九。	離一乃至離九為九。	Separating from one up to separating from nine are the nine.
['T27n1545_007:0032a27_11']	無別具縛。	無別具縛。	There is no separate one who is completely bound.
['T27n1545_007:0032a28_2']	即是欲界第十攝故。	即是欲界第十攝故。	This is because it is included in the tenth stage of the desire realm.
['T27n1545_007:0032a28_7', 'T27n1545_007:0032a28_12']	後位亦爾。🔽如是乃至。	後位亦爾。 如是乃至。	The later stages are also like this.
['T27n1545_007:0032a28_19']	於無所有處染。	於無所有處染。	In this way, up to being defiled in the sphere of nothingness.
['T27n1545_007:0032a29_8']	離一乃至離九為九。	離一乃至離九為九。	Separating from one up to separating from nine are the nine.
['T27n1545_007:0032a29_13']	於此諸位。	於此諸位。	In these various stages,
['T27n1545_007:0032a29_18']	所起煖等。	所起煖等。	the heat and so forth that are produced,
['T27n1545_007:0032b01_8']	有七十三種類差別。	有七十三種類差別。	have seventy-three kinds of distinctions.
['T27n1545_007:0032b01_14', 'T27n1545_007:0032b02_1']	問隨一所起。🔽與餘所起。	問隨一所起。 與餘所起。	Question: As for producing one,
['T27n1545_007:0032b02_6']	為一為異。	為一為異。	is it the same as or different from the produced by others?
['T27n1545_007:0032b02_11', 'T27n1545_007:0032b02_17']	有說是一。🔽問若爾何故。	有說是一。 問若爾何故。	Some say it is the same.
['T27n1545_007:0032b03_6']	說七十三種類差別。	說七十三種類差別。	Question: If so, why is it said to have seventy-three kinds of distinctions?
['T27n1545_007:0032b03_16']	答體雖是一而位有異。	答體雖是一而位有異。	Answer: Although its substance is the same, its stages are different.
['T27n1545_007:0032b04_3']	依位差別。	依位差別。	Based on the distinctions in stages,
['T27n1545_007:0032b04_8']	故說爾所。	故說爾所。	therefore it is said to be so much.
['T27n1545_007:0032b04_13', 'T27n1545_007:0032b04_18']	有說各異。🔽謂具縛者。	有說各異。 謂具縛者。	Some say they are different.
['T27n1545_007:0032b05_9']	所起異離一品者所起異。	所起異離一品者所起異。	That is to say, the produced by one who is completely bound is different from the produced by one who has separated from one category.
['T27n1545_007:0032b05_14']	廣說乃至。	廣說乃至。	Expounded extensively up to
['T27n1545_007:0032b06_2']	離無所有處。	離無所有處。	separating from the sphere of nothingness,
['T27n1545_007:0032b06_10']	第九染者所起異。	第九染者所起異。	the produced by the defiled in the ninth stage is different.
['T27n1545_007:0032b06_15']	然具縛者。	然具縛者。	However, one who is completely bound,
['T27n1545_007:0032b07_1']	於具縛者。	於具縛者。	For one who is bound by all [fetters],
['T27n1545_007:0032b07_6']	所起煖等。	所起煖等。	the heat and so forth that are produced
['T27n1545_007:0032b07_12']	亦得亦在身。	亦得亦在身。	are also attained, also present in the body,
['T27n1545_007:0032b08_1']	亦成就亦現在前。	亦成就亦現在前。	also accomplished, also manifest.
['T27n1545_007:0032b08_6']	於離縛者。	於離縛者。	For one who is free from bondage,
['T27n1545_007:0032b08_11']	所起煖等。	所起煖等。	the heat and so forth that are produced
['T27n1545_007:0032b08_17']	不得不在身。	不得不在身。	are not attained, not present in the body,
['T27n1545_007:0032b09_6', 'T27n1545_007:0032b09_14']	不成就不現在前。🔽離欲界一品染者。	不成就不現在前。 離欲界一品染者。	not accomplished, not manifest.🔽One who is free from the first category of defilements of the desire realm,
['T27n1545_007:0032b10_5']	於離欲界一品染者。	於離欲界一品染者。	for one who is free from the first category of defilements of the desire realm,
['T27n1545_007:0032b10_10']	所起煖等。	所起煖等。	the heat and so forth that are produced
['T27n1545_007:0032b10_16']	亦得亦在身。	亦得亦在身。	are also attained, also present in the body,
['T27n1545_007:0032b11_5']	亦成就亦現在前。	亦成就亦現在前。	also accomplished, also manifest.
['T27n1545_007:0032b11_10']	於具縛者。	於具縛者。	For one who is bound by all [fetters],
['T27n1545_007:0032b11_15']	所起煖等。	所起煖等。	the heat and so forth that are produced
['T27n1545_007:0032b12_9']	得而不在身不成就不現在前。	得而不在身不成就不現在前。	are attained, but not present in the body, not accomplished, not manifest.
['T27n1545_007:0032b12_14', 'T27n1545_007:0032b13_3']	於餘所起。🔽不得不在身。	於餘所起。 不得不在身。	For the rest that are produced,🔽they are not attained, not present in the body,
['T27n1545_007:0032b13_11']	不成就不現在前。	不成就不現在前。	not accomplished, not manifest.
['T27n1545_007:0032b13_16']	廣說乃至。	廣說乃至。	Expounded extensively up to
['T27n1545_007:0032b14_9']	離無所有處第九品染者。	離無所有處第九品染者。	one who is free from the ninth category of defilements of the sphere of nothingness,
['T27n1545_007:0032b15_1']	於自所起煖等亦得。	於自所起煖等亦得。	for one's own production of heat and so forth, one also attains,
['T27n1545_007:0032b15_8']	亦在身亦成就。	亦在身亦成就。	also present in the body, also accomplished,
['T27n1545_007:0032b15_13']	亦現在前。	亦現在前。	also manifest.
['T27n1545_007:0032b16_1']	於餘所起煖等。	於餘所起煖等。	For the rest that are produced, heat and so forth,
['T27n1545_007:0032b16_7']	得而不在身。	得而不在身。	but not in the body.
['T27n1545_007:0032b16_15']	不成就不現在前。	不成就不現在前。	If not yet attained, it is not present.
['T27n1545_007:0032b17_5']	依根本靜慮。	依根本靜慮。	Relying on the fundamental meditative absorptions,
['T27n1545_007:0032b17_10']	起煖等者。	起煖等者。	those who give rise to the heat and so forth,
['T27n1545_007:0032b18_1']	現身必入正性離生。	現身必入正性離生。	in this very life will definitely enter the correct certainty of birthlessness.
['T27n1545_007:0032b18_6']	所以者何。	所以者何。	Why is this?
['T27n1545_007:0032b18_11']	彼由聖道。	彼由聖道。	Because they are led by the noble path,
['T27n1545_007:0032b18_16']	引煖等故。	引煖等故。	and because of the heat and so forth.
['T27n1545_007:0032b19_5']	依未至定靜慮中間。	依未至定靜慮中間。	Relying on the stage of non-access meditative absorption and the intermediate meditative absorption,
['T27n1545_007:0032b19_10']	起煖等者。	起煖等者。	those who give rise to the heat and so forth,
['T27n1545_007:0032b19_15']	此則不定。	此則不定。	this is then indefinite.
['T27n1545_007:0032b20_1']	所以者何。	所以者何。	Why is this?
['T27n1545_007:0032b20_6']	彼由煖等。	彼由煖等。	Because they are led by the heat and so forth,
['T27n1545_007:0032b20_11', 'T27n1545_007:0032b20_17']	引聖道故。🔽問若依此地。	引聖道故。 問若依此地。	and because of the noble path.🔽If one gives rise to the factors conducive to penetration
['T27n1545_007:0032b21_3', 'T27n1545_007:0032b21_8']	起順決擇分。🔽即依此地。	起順決擇分。 即依此地。	in this stage,🔽does one then enter the correct certainty of birthlessness
['T27n1545_007:0032b21_15']	入正性離生耶。	入正性離生耶。	in this very stage?
['T27n1545_007:0032b22_1', 'T27n1545_007:0032b22_6']	有作是說。🔽若依此地。	有作是說。 若依此地。	Some say:🔽If one gives rise to the factors conducive to penetration
['T27n1545_007:0032b22_12', 'T27n1545_007:0032b22_17']	起順決擇分。🔽即依此地。	起順決擇分。 即依此地。	in this stage,🔽one then enters the correct certainty of birthlessness
['T27n1545_007:0032b23_3']	入正性離生。	入正性離生。	in this very stage.
['T27n1545_007:0032b23_8']	如是說者。	如是說者。	Those who say this,
['T27n1545_007:0032b23_13', 'T27n1545_007:0032b23_19', 'T27n1545_007:0032b24_5']	此則不定。🔽或即依此地。🔽或復依餘地。	此則不定。 或即依此地。 或復依餘地。	this is then indefinite.🔽Either in this very stage,🔽or else in another stage.
['T27n1545_007:0032b24_12']	或即依此地者。	或即依此地者。	As for either in this very stage,
['T27n1545_007:0032b24_18']	謂聲聞種性。	謂聲聞種性。	this refers to those of the śrāvaka lineage.
['T27n1545_007:0032b25_7']	若依未至定起煖。	若依未至定起煖。	If one generates heat based on the preliminary concentration,
['T27n1545_007:0032b26_2']	即依此地起頂忍世第一法。	即依此地起頂忍世第一法。	then one generates the peak, patience, and supreme worldly dharmas based on this ground.
['T27n1545_007:0032b26_8']	入正性離生。	入正性離生。	One enters the correct certainty of birthlessness.
['T27n1545_007:0032b27_1']	乃至若依第四靜慮起煖。	乃至若依第四靜慮起煖。	Up to if one generates heat based on the fourth meditation,
['T27n1545_007:0032b27_13']	即依此地起頂忍世第一法。	即依此地起頂忍世第一法。	then one generates the peak, patience, and supreme worldly dharmas based on this ground.
['T27n1545_007:0032b28_1']	入正性離生。	入正性離生。	One enters the correct certainty of birthlessness.
['T27n1545_007:0032b28_8']	或復依餘地者。	或復依餘地者。	Or if one relies on other grounds,
['T27n1545_007:0032b28_14']	謂聲聞種性。	謂聲聞種性。	it refers to those of the śrāvaka lineage.
['T27n1545_007:0032b29_3', 'T27n1545_007:0032b29_9']	若依未至定起煖。🔽彼依初靜慮。	若依未至定起煖。 彼依初靜慮。	If one generates heat based on the preliminary concentration,
['T27n1545_007:0032b29_18']	起煖頂忍世第一法。	起煖頂忍世第一法。	then they generate heat, the peak, patience, and supreme worldly dharmas based on the first meditation.
['T27n1545_007:0032c01_5']	入正性離生。	入正性離生。	One enters the correct certainty of birthlessness.
['T27n1545_007:0032c01_14']	乃至第四靜慮亦爾。	乃至第四靜慮亦爾。	Up to the fourth meditation is also like this.
['T27n1545_007:0032c02_4', 'T27n1545_007:0032c02_10']	若依未至定起煖頂。🔽彼依初靜慮。	若依未至定起煖頂。 彼依初靜慮。	If one generates heat and the peak based on the preliminary concentration,
['T27n1545_007:0032c02_18']	起頂忍世第一法。	起頂忍世第一法。	then they generate the peak, patience, and supreme worldly dharmas based on the first meditation.
['T27n1545_007:0032c03_5']	入正性離生。	入正性離生。	One enters the correct certainty of birthlessness.
['T27n1545_007:0032c03_14', 'T27n1545_007:0032c04_1']	乃至第四靜慮亦爾。🔽若依未至定。	乃至第四靜慮亦爾。 若依未至定。	Up to the fourth meditation is also like this.
['T27n1545_007:0032c04_6', 'T27n1545_007:0032c04_12']	起煖頂忍。🔽彼依初靜慮。	起煖頂忍。 彼依初靜慮。	If one generates heat, the peak, and patience based on the preliminary concentration,
['T27n1545_007:0032c04_19']	起忍世第一法。	起忍世第一法。	then they generate patience and supreme worldly dharmas based on the first meditation.
['T27n1545_007:0032c05_5']	入正性離生。	入正性離生。	One enters the correct certainty of birthlessness.
['T27n1545_007:0032c05_14']	乃至第四靜慮亦爾。	乃至第四靜慮亦爾。	Up to the fourth meditation, it is the same.
['T27n1545_007:0032c06_5']	有說若依未至定起煖。	有說若依未至定起煖。	Some say that if one generates heat based on the preliminary concentration,
['T27n1545_007:0032c06_11']	彼依初靜慮。	彼依初靜慮。	one relies on the first meditation.
['T27n1545_007:0032c07_1']	起頂忍世第一法。	起頂忍世第一法。	Generating the peak, patience, and supreme worldly dharmas,
['T27n1545_007:0032c07_7']	入正性離生。	入正性離生。	one enters the correct certainty of birthlessness.
['T27n1545_007:0032c07_16']	乃至第四靜慮亦爾。	乃至第四靜慮亦爾。	Up to the fourth meditation, it is the same.
['T27n1545_007:0032c08_5']	若依未至定起煖頂。	若依未至定起煖頂。	If one generates heat and peak based on the preliminary concentration,
['T27n1545_007:0032c08_11']	彼依初靜慮。	彼依初靜慮。	one relies on the first meditation.
['T27n1545_007:0032c08_18']	起忍世第一法。	起忍世第一法。	Generating patience and supreme worldly dharmas,
['T27n1545_007:0032c09_5']	入正性離生。	入正性離生。	one enters the correct certainty of birthlessness.
['T27n1545_007:0032c09_14', 'T27n1545_007:0032c10_1']	乃至第四靜慮亦爾。🔽若依未至定。	乃至第四靜慮亦爾。 若依未至定。	Up to the fourth meditation, it is the same.
['T27n1545_007:0032c10_11']	起煖頂忍彼依初靜慮。	起煖頂忍彼依初靜慮。	If one generates heat, peak, and patience based on the preliminary concentration, one relies on the first meditation.
['T27n1545_007:0032c10_18']	起忍世第一法。	起忍世第一法。	Generating patience and supreme worldly dharmas,
['T27n1545_007:0032c11_5']	入正性離生。	入正性離生。	one enters the correct certainty of birthlessness.
['T27n1545_007:0032c11_14']	乃至第四靜慮亦爾。	乃至第四靜慮亦爾。	Up to the fourth meditation, it is the same.
['T27n1545_007:0032c12_5']	有說若依未至定起煖。	有說若依未至定起煖。	Some say that if one generates heat based on the preliminary concentration,
['T27n1545_007:0032c13_2']	彼依初靜慮起煖頂忍世第一法。	彼依初靜慮起煖頂忍世第一法。	one generates heat, peak, patience, and supreme worldly dharmas based on the first meditation,
['T27n1545_007:0032c13_8']	入正性離生。	入正性離生。	and enters the correct certainty of birthlessness.
['T27n1545_007:0032c13_17']	乃至第四靜慮亦爾。	乃至第四靜慮亦爾。	Up to the fourth meditation, it is the same.
['T27n1545_007:0032c14_6']	若依未至定起煖頂。	若依未至定起煖頂。	If one generates heat and peak based on the preliminary concentration,
['T27n1545_007:0032c14_12']	彼依初靜慮。	彼依初靜慮。	one relies on the first meditation.
['T27n1545_007:0032c15_3']	起煖頂忍世第一法。	起煖頂忍世第一法。	Arousing the heat, summit, patience, and supreme worldly dharmas.
['T27n1545_007:0032c15_9']	入正性離生。	入正性離生。	Entering the certainty of perfection.
['T27n1545_007:0032c15_18']	乃至第四靜慮亦爾。	乃至第四靜慮亦爾。	Up to the fourth meditation is also like this.
['T27n1545_007:0032c16_8']	若依未至定起煖頂忍。	若依未至定起煖頂忍。	If one arouses the heat, summit, and patience based on the preliminary concentration,
['T27n1545_007:0032c16_14']	彼依初靜慮。	彼依初靜慮。	One relies on the first meditation.
['T27n1545_007:0032c17_5']	起煖頂忍世第一法。	起煖頂忍世第一法。	Arousing the heat, summit, patience, and supreme worldly dharmas.
['T27n1545_007:0032c17_11']	入正性離生。	入正性離生。	Entering the certainty of perfection.
['T27n1545_007:0032c18_1']	乃至第四靜慮亦爾。	乃至第四靜慮亦爾。	Up to the fourth meditation is also like this.
['T27n1545_007:0032c18_7']	問順決擇分。	問順決擇分。	Question: As for the factors conducive to penetration,
['T27n1545_007:0032c18_12']	中上品後。	中上品後。	After the medium and superior grades,
['T27n1545_007:0032c18_17']	不起下中。	不起下中。	One does not arouse the lower and medium [grades].
['T27n1545_007:0032c19_6']	云何今時作如是說。	云何今時作如是說。	Why is it now explained like this?
['T27n1545_007:0032c19_12']	答同地不起。	答同地不起。	Answer: One does not arouse [the factors conducive to penetration] in the same stage,
['T27n1545_007:0032c19_17']	異地得起。	異地得起。	But one can arouse them in different stages.
['T27n1545_007:0032c20_8']	如是等說聲聞種性。	如是等說聲聞種性。	Such explanations are for the śrāvaka lineage.
['T27n1545_007:0032c20_14']	問菩薩云何。	問菩薩云何。	Question: What about the bodhisattva?
['T27n1545_007:0032c21_10']	有作是說菩薩若依未至定起煖。	有作是說菩薩若依未至定起煖。	Some say that if the bodhisattva arouses the heat based on the preliminary concentration,
['T27n1545_007:0032c22_4']	依初靜慮乃至第三靜慮。	依初靜慮乃至第三靜慮。	Based on the first meditation up to the third meditation,
['T27n1545_007:0032c22_9']	起煖頂忍。	起煖頂忍。	He arouses the heat, summit, and patience.
['T27n1545_007:0032c22_15']	依第四靜慮。	依第四靜慮。	Based on the fourth meditation,
['T27n1545_007:0032c23_5']	起煖頂忍世第一法。	起煖頂忍世第一法。	He arouses the heat, summit, patience, and supreme worldly dharmas.
['T27n1545_007:0032c23_11']	入正性離生。	入正性離生。	Entering the certainty of perfection.
['T27n1545_007:0032c24_2']	若依未至定起煖頂。	若依未至定起煖頂。	If he arouses the heat and summit based on the preliminary concentration,
['T27n1545_007:0032c24_13']	依初靜慮乃至第三靜慮。	依初靜慮乃至第三靜慮。	Relying on the first dhyāna up to the third dhyāna,
['T27n1545_007:0032c24_18']	起煖頂忍。	起煖頂忍。	one gives rise to heat, summit, and forbearance.
['T27n1545_007:0032c25_4']	依第四靜慮。	依第四靜慮。	Relying on the fourth dhyāna,
['T27n1545_007:0032c25_13']	起煖頂忍世第一法。	起煖頂忍世第一法。	one gives rise to heat, summit, forbearance, and the supreme worldly dharmas.
['T27n1545_007:0032c26_6']	入正性離生若依未至定。	入正性離生若依未至定。	If one enters the correct separation from birth, if one relies on the stage of non-distinction,
['T27n1545_007:0032c26_11']	起煖頂忍。	起煖頂忍。	one gives rise to heat, summit, and forbearance.
['T27n1545_007:0032c27_4']	依初靜慮乃至第三靜慮。	依初靜慮乃至第三靜慮。	Relying on the first dhyāna up to the third dhyāna,
['T27n1545_007:0032c27_10']	亦起煖頂忍。	亦起煖頂忍。	one also gives rise to heat, summit, and forbearance.
['T27n1545_007:0032c27_16']	依第四靜慮。	依第四靜慮。	Relying on the fourth dhyāna,
['T27n1545_007:0032c28_6']	起煖頂忍世第一法。	起煖頂忍世第一法。	one gives rise to heat, summit, forbearance, and the supreme worldly dharmas.
['T27n1545_007:0032c28_12']	入正性離生。	入正性離生。	One enters the correct separation from birth.
['T27n1545_007:0032c28_18']	問順決擇分。	問順決擇分。	Question: As for the factors conducive to penetration,
['T27n1545_007:0032c29_3']	中上品後。	中上品後。	after the middle and upper stages,
['T27n1545_007:0032c29_8']	不起下中。	不起下中。	one does not give rise to the lower and middle [stages].
['T27n1545_007:0032c29_13', 'T27n1545_007:0032c29_18']	云何今時。🔽作如是說。	云何今時。 作如是說。	Why is it now explained like this?
['T27n1545_007:0033a01_5']	答同地不起。	答同地不起。	Answer: The same stage does not give rise [to the lower and middle stages],
['T27n1545_007:0033a01_10']	異地得起。	異地得起。	but one can give rise to [the lower and middle stages] in different stages.
['T27n1545_007:0033a01_17']	有說聲聞不起。	有說聲聞不起。	Some say that śrāvakas do not give rise [to the lower and middle stages],
['T27n1545_007:0033a02_3']	菩薩能起。	菩薩能起。	but bodhisattvas can give rise to them.
['T27n1545_007:0033a02_12']	有餘為離如是過失。	有餘為離如是過失。	Some, in order to avoid such faults,
['T27n1545_007:0033a02_17']	作如是言。	作如是言。	make the following statement:
['T27n1545_007:0033a03_9']	菩薩若依未至定起煖。	菩薩若依未至定起煖。	If a bodhisattva relies on the stage of non-distinction to give rise to heat,
['T27n1545_007:0033a04_1']	乃至第四靜慮亦爾。	乃至第四靜慮亦爾。	it is the same up to the fourth dhyāna.
['T27n1545_007:0033a04_9']	若依未至定起頂。	若依未至定起頂。	If one relies on the stage of non-distinction to give rise to the summit,
['T27n1545_007:0033a04_18']	乃至第四靜慮亦爾。	乃至第四靜慮亦爾。	Up to the fourth dhyāna, it is the same.
['T27n1545_007:0033a05_7']	若依未至定起忍。	若依未至定起忍。	If patience is produced based on the preliminary concentration,
['T27n1545_007:0033a05_16']	乃至第四靜慮亦爾。	乃至第四靜慮亦爾。	up to the fourth dhyāna, it is the same.
['T27n1545_007:0033a06_5']	即依第四靜慮。	即依第四靜慮。	Then, based on the fourth dhyāna,
['T27n1545_007:0033a06_12']	起忍世第一法。	起忍世第一法。	patience and the supreme worldly dharmas are produced.
['T27n1545_007:0033a06_18']	入正性離生。	入正性離生。	One enters the certainty of perfection.
['T27n1545_007:0033a07_4']	如是說者。	如是說者。	Those who say this
['T27n1545_007:0033a07_13']	菩薩唯依第四靜慮。	菩薩唯依第四靜慮。	say that the bodhisattva only based on the fourth dhyāna,
['T27n1545_007:0033a08_4']	起煖頂忍世第一法。	起煖頂忍世第一法。	produces the heat, summit, patience, and supreme worldly dharmas.
['T27n1545_007:0033a08_10']	入正性離生。	入正性離生。	He enters the certainty of perfection.
['T27n1545_007:0033a08_15']	所以者何。	所以者何。	Why is this so?
['T27n1545_007:0033a09_4']	菩薩一切殊勝功德。	菩薩一切殊勝功德。	Because all the superior merits of the bodhisattva
['T27n1545_007:0033a09_13']	唯依第四靜慮引起。	唯依第四靜慮引起。	are only produced based on the fourth dhyāna.
['T27n1545_007:0033a10_1']	謂從不淨觀。	謂從不淨觀。	That is to say, from the contemplation of impurity,
['T27n1545_007:0033a10_7']	乃至無生智。	乃至無生智。	up to the knowledge of non-arising.
['T27n1545_007:0033a10_13']	問獨覺云何。	問獨覺云何。	Question: How about the pratyekabuddha?
['T27n1545_007:0033a10_20']	答麟角喻獨覺。	答麟角喻獨覺。	Answer: The pratyekabuddha who is like a rhinoceros,
['T27n1545_007:0033a11_10']	如菩薩說部行獨覺不定。	如菩薩說部行獨覺不定。	is as explained for the bodhisattva. The pratyekabuddha who is in a group is indeterminate.
['T27n1545_007:0033a11_15', 'T27n1545_007:0033a12_5']	如聲聞說。🔽問菩薩昔餘生中。	如聲聞說。 問菩薩昔餘生中。	As explained for the śrāvaka.🔽Question: In previous lives,
['T27n1545_007:0033a12_15']	曾起順決擇分善根不。	曾起順決擇分善根不。	has the bodhisattva ever produced the roots of goodness that accord with penetration?
['T27n1545_007:0033a13_1']	設爾何失。	設爾何失。	If so, what is the problem?
['T27n1545_007:0033a13_10']	若曾起者何故說言。	若曾起者何故說言。	If he has, why is it said:
['T27n1545_007:0033a13_19']	菩薩所有殊勝善根。	菩薩所有殊勝善根。	The excellent roots of goodness possessed by the bodhisattva.
['T27n1545_007:0033a14_5']	謂從不淨觀。	謂從不淨觀。	That is to say, from the contemplation of impurity.
['T27n1545_007:0033a14_11']	乃至無生智。	乃至無生智。	Up to the knowledge of non-arising.
['T27n1545_007:0033a14_16']	皆一坐得。	皆一坐得。	All are attained in a single sitting.
['T27n1545_007:0033a15_2']	若不起者。	若不起者。	If one does not arise.
['T27n1545_007:0033a15_9']	菩薩九十一劫。	菩薩九十一劫。	The bodhisattva for ninety-one kalpas.
['T27n1545_007:0033a15_14']	不墮惡趣。	不墮惡趣。	Does not fall into evil destinies.
['T27n1545_007:0033a16_1']	是誰威力耶。	是誰威力耶。	Whose power is this?
['T27n1545_007:0033a16_6']	有作是說。	有作是說。	There is an explanation.
['T27n1545_007:0033a16_13']	菩薩昔餘生中。	菩薩昔餘生中。	The bodhisattva in other past lives.
['T27n1545_007:0033a17_1']	曾起順決擇分。	曾起順決擇分。	Once gave rise to the factors conducive to penetration.
['T27n1545_007:0033a17_6']	由忍力故。	由忍力故。	By the power of forbearance.
['T27n1545_007:0033a17_11']	九十一劫。	九十一劫。	For ninety-one kalpas.
['T27n1545_007:0033a17_16']	不墮惡趣。	不墮惡趣。	Does not fall into evil destinies.
['T27n1545_007:0033a18_4']	問若爾何故說言。	問若爾何故說言。	Question: If that is so, why is it said that.
['T27n1545_007:0033a18_13']	菩薩善根皆一坐得。	菩薩善根皆一坐得。	The bodhisattva's roots of goodness are all attained in a single sitting?
['T27n1545_007:0033a19_1']	答昔所起者。	答昔所起者。	Answer: What was given rise to in the past.
['T27n1545_007:0033a19_6']	是他種性。	是他種性。	Is of another's spiritual lineage.
['T27n1545_007:0033a19_11']	非自種性。	非自種性。	Not of one's own spiritual lineage.
['T27n1545_007:0033a19_16']	一坐得者。	一坐得者。	As for attaining in a single sitting.
['T27n1545_007:0033a20_1']	說自種性。	說自種性。	It speaks of one's own spiritual lineage.
['T27n1545_007:0033a20_6']	故不相違。	故不相違。	Therefore there is no contradiction.
['T27n1545_007:0033a20_11']	有說不起。	有說不起。	Some say that not arising.
['T27n1545_007:0033a20_16']	所以者何。	所以者何。	Why is it so?
['T27n1545_007:0033a21_1']	菩薩善根。	菩薩善根。	The bodhisattva's roots of goodness.
['T27n1545_007:0033a21_6']	不經歷世。	不經歷世。	Do not pass through the world.
['T27n1545_007:0033a21_11']	菩提樹下。	菩提樹下。	Under the Bodhi tree.
['T27n1545_007:0033a21_16']	一坐得故。	一坐得故。	Attained in a single sitting.
['T27n1545_007:0033a22_2']	問若爾菩薩。	問若爾菩薩。	Question: If that is so, the bodhisattva.
['T27n1545_007:0033a22_7']	九十一劫。	九十一劫。	For ninety-one kalpas.
['T27n1545_007:0033a22_12']	不墮惡趣。	不墮惡趣。	They do not fall into evil destinies.
['T27n1545_007:0033a22_17']	是誰力耶。	是誰力耶。	Whose power is this?
['T27n1545_007:0033a23_3']	答能障惡趣。	答能障惡趣。	The answer is: It can block evil destinies.
['T27n1545_007:0033a23_12']	不必要由順決擇分。	不必要由順決擇分。	It is not necessarily due to the factors conducive to penetration.
['T27n1545_007:0033a23_17']	所以者何。	所以者何。	Why is this?
['T27n1545_007:0033a24_7']	或施或戒或聞或思。	或施或戒或聞或思。	It may be due to giving, morality, hearing, or contemplation.
['T27n1545_007:0033a24_12']	或煖或頂。	或煖或頂。	Or it may be due to heat or summit.
['T27n1545_007:0033a24_17']	能障惡趣。	能障惡趣。	It can block evil destinies.
['T27n1545_007:0033a25_4']	若鈍根者。	若鈍根者。	If one is of dull faculties,
['T27n1545_007:0033a25_9']	得忍方能。	得忍方能。	One can only do so after attaining patience.
['T27n1545_007:0033a25_18']	然諸菩薩行一施時。	然諸菩薩行一施時。	However, when a bodhisattva practices giving once,
['T27n1545_007:0033a26_4']	亦攝戒慧。	亦攝戒慧。	It also includes morality and wisdom.
['T27n1545_007:0033a26_9']	行一戒時。	行一戒時。	When practicing morality once,
['T27n1545_007:0033a26_14']	亦攝施慧。	亦攝施慧。	It also includes giving and wisdom.
['T27n1545_007:0033a27_1']	行一慧時。	行一慧時。	When practicing wisdom once,
['T27n1545_007:0033a27_6']	亦攝施戒。	亦攝施戒。	It also includes giving and morality.
['T27n1545_007:0033a27_16']	由此能障那庾多惡趣。	由此能障那庾多惡趣。	By this, one can block many evil destinies.
['T27n1545_007:0033a28_7']	況三惡趣而不能障耶。	況三惡趣而不能障耶。	How much more so the three evil destinies, which it cannot block?
['T27n1545_007:0033a28_12']	如是說者。	如是說者。	Those who say this
['T27n1545_007:0033a29_3']	菩薩所有殊勝善根。	菩薩所有殊勝善根。	The bodhisattva's superior wholesome roots,
['T27n1545_007:0033a29_9']	謂從不淨觀。	謂從不淨觀。	That is, from the contemplation of impurity,
['T27n1545_007:0033a29_15']	乃至無生智。	乃至無生智。	Up to the knowledge of non-arising,
['T27n1545_007:0033b01_9']	皆此生中依第四靜慮一坐引起。	皆此生中依第四靜慮一坐引起。	Are all aroused in this life based on the fourth meditation, in a single sitting.
['T27n1545_007:0033b02_3']	尚非此生餘位何況前生。	尚非此生餘位何況前生。	It is not even the other states of this life, let alone previous lives.
['T27n1545_007:0033b02_11']	麟角喻獨覺亦爾。	麟角喻獨覺亦爾。	The rhinoceros-like solitary realizers are also like this.
['T27n1545_007:0033b03_1']	部行獨覺善根不定。	部行獨覺善根不定。	The solitary realizers who practice in groups have indeterminate roots of goodness.
['T27n1545_007:0033b03_6']	如聲聞說。	如聲聞說。	As explained for the hearers.
['T27n1545_007:0033b04_7']	煖頂忍世第一法。	煖頂忍世第一法。	The four stages of heat, peak, patience, and highest worldly dharmas.
['T27n1545_007:0033b04_16']	各有六種種性差別。	各有六種種性差別。	Each has six kinds of differences in their natures.
['T27n1545_007:0033b05_7']	謂退法種性思法護法。	謂退法種性思法護法。	Namely, the nature of falling away, the nature of reflection, the nature of protection,
['T27n1545_007:0033b05_17']	住法堪達不動法種性。	住法堪達不動法種性。	the nature of abiding, the nature of penetrating, and the immovable nature.
['T27n1545_007:0033b06_7']	此中轉退法種性煖。	此中轉退法種性煖。	Among them, one who turns the nature of falling away in the stage of heat
['T27n1545_007:0033b06_14']	起思法種性煖。	起思法種性煖。	arises with the nature of reflection in the stage of heat.
['T27n1545_007:0033b07_5']	乃至轉堪達種性煖。	乃至轉堪達種性煖。	Up to one who turns the nature of penetrating in the stage of heat
['T27n1545_007:0033b07_13']	起不動法種性煖。	起不動法種性煖。	arises with the immovable nature in the stage of heat.
['T27n1545_007:0033b08_2']	轉聲聞種性煖。	轉聲聞種性煖。	One who turns the nature of the hearers in the stage of heat
['T27n1545_007:0033b08_17']	起獨覺或佛種性煖轉獨覺種性煖。	起獨覺或佛種性煖轉獨覺種性煖。	arises with the nature of solitary realizers or buddhas in the stage of heat. One who turns the nature of solitary realizers in the stage of heat
['T27n1545_007:0033b09_8']	起佛或聲聞種性煖。	起佛或聲聞種性煖。	arises with the nature of buddhas or hearers in the stage of heat.
['T27n1545_007:0033b09_17']	佛種性煖定不可轉。	佛種性煖定不可轉。	The nature of buddhas in the stage of heat is definitely not reversible.
['T27n1545_007:0033b10_7']	如說煖說頂亦爾。	如說煖說頂亦爾。	As explained for the stage of heat, so it is for the stage of peak.
['T27n1545_007:0033b10_14']	轉聲聞種性忍。	轉聲聞種性忍。	One who turns the nature of the hearers in the stage of patience
['T27n1545_007:0033b11_4']	起獨覺種性忍。	起獨覺種性忍。	arises with the nature of solitary realizers in the stage of patience.
['T27n1545_007:0033b11_14']	非轉聲聞獨覺種性忍。	非轉聲聞獨覺種性忍。	One who turns the nature of the hearers or solitary realizers in the stage of patience
['T27n1545_007:0033b12_3']	能起佛種性忍。	能起佛種性忍。	is able to arise with the nature of buddhas in the stage of patience.
['T27n1545_007:0033b12_8']	所以者何。	所以者何。	Why is it so?
['T27n1545_007:0033b12_13']	忍違惡趣。	忍違惡趣。	It does not contradict the evil destinies.
['T27n1545_007:0033b13_3', 'T27n1545_007:0033b13_12']	菩薩發願生惡趣故。🔽亦非轉獨覺種性忍。	菩薩發願生惡趣故。 亦非轉獨覺種性忍。	Because bodhisattvas make vows to be born in the evil destinies.
['T27n1545_007:0033b14_2']	能起聲聞種性忍。	能起聲聞種性忍。	It is also not the patience of the solitary realizer lineage that can give rise to the patience of the śrāvaka lineage.
['T27n1545_007:0033b14_7']	所以者何。	所以者何。	Why is this?
['T27n1545_007:0033b14_12', 'T27n1545_007:0033b15_3']	忍不退故。🔽有說轉聲聞種性煖頂忍。	忍不退故。 有說轉聲聞種性煖頂忍。	Because patience is irreversible.
['T27n1545_007:0033b15_13']	能起獨覺種性煖頂忍。	能起獨覺種性煖頂忍。	Some say that the heat, summit, and patience of the śrāvaka lineage can give rise to the heat, summit, and patience of the solitary realizer lineage.
['T27n1545_007:0033b16_3']	若起獨覺種性煖頂。	若起獨覺種性煖頂。	If the heat and summit of the solitary realizer lineage arise,
['T27n1545_007:0033b16_12']	亦不能起餘乘煖頂。	亦不能起餘乘煖頂。	they also cannot give rise to the heat and summit of other vehicles.
['T27n1545_007:0033b16_17']	所以者何。	所以者何。	Why is this?
['T27n1545_007:0033b17_3']	獨覺善根。	獨覺善根。	The roots of goodness of the solitary realizers
['T27n1545_007:0033b17_9']	始從不淨觀。	始從不淨觀。	begin with the contemplation of impurity,
['T27n1545_007:0033b17_15']	乃至無生智。	乃至無生智。	up to the knowledge of non-arising.
['T27n1545_007:0033b18_1']	一坐得故。	一坐得故。	Because they attain them in one sitting.
['T27n1545_007:0033b18_10']	評曰彼不應作是說。	評曰彼不應作是說。	The judges say that they should not make this statement.
['T27n1545_007:0033b18_15', 'T27n1545_007:0033b19_4']	所以者何。🔽麟角喻獨覺種性。	所以者何。 麟角喻獨覺種性。	Why is this?🔽The roots of goodness of the solitary realizer lineage of the rhinoceros-like solitary realizers
['T27n1545_007:0033b19_11']	善根雖一坐得。	善根雖一坐得。	are attained in one sitting,
['T27n1545_007:0033b20_6']	部行獨覺種性不定如聲聞說。	部行獨覺種性不定如聲聞說。	but the roots of goodness of the solitary realizer lineage of the group-dwelling solitary realizers are not fixed, as explained for the śrāvakas.
['T27n1545_007:0033b20_12']	故世第一法。	故世第一法。	Therefore, the supreme worldly dharmas
['T27n1545_007:0033b20_17']	六種種性。	六種種性。	of the six lineages
['T27n1545_007:0033b21_3']	及三乘種性。	及三乘種性。	and the lineages of the three vehicles
['T27n1545_007:0033b21_8']	皆不可轉。	皆不可轉。	are all irreversible.
['T27n1545_007:0033b21_13']	一剎那故。	一剎那故。	Because it is only one moment.
['T27n1545_007:0033b22_5']	問順決擇分。	問順決擇分。	Question: As for the factors conducive to penetration,
['T27n1545_007:0033b22_10']	何處起耶。	何處起耶。	where are they produced?
['T27n1545_007:0033b22_16']	答欲界能起。	答欲界能起。	Answer: They can be produced in the desire realm,
['T27n1545_007:0033b23_2']	非色無色界。	非色無色界。	not in the form or formless realms.
['T27n1545_007:0033b23_11']	於欲界中人天能起。	於欲界中人天能起。	Within the desire realm, humans and gods can produce them,
['T27n1545_007:0033b23_16']	非三惡趣。	非三惡趣。	not the three evil destinies.
['T27n1545_007:0033b24_2']	勝善根故。	勝善根故。	Because they are superior wholesome roots.
['T27n1545_007:0033b24_13']	人中三洲能起非北俱盧。	人中三洲能起非北俱盧。	Humans in the three continents can produce them, not in Uttarakuru.
['T27n1545_007:0033b24_19']	天中雖能起。	天中雖能起。	Although gods can produce them,
['T27n1545_007:0033b25_5']	而後起非初。	而後起非初。	they produce them later, not initially.
['T27n1545_007:0033b25_12']	謂先人中起已。	謂先人中起已。	That is to say, having first produced them among humans,
['T27n1545_007:0033b26_1']	後退生欲天中。	後退生欲天中。	one later regresses and is reborn among the desire heavens.
['T27n1545_007:0033b26_10']	由先習力續復能起。	由先習力續復能起。	By the power of previous habituation, one can continue to produce them.
['T27n1545_007:0033b27_2']	問何故天中不能初起。	問何故天中不能初起。	Question: Why can they not be initially produced among the gods?
['T27n1545_007:0033b27_14']	答彼處無勝厭離等作意故。	答彼處無勝厭離等作意故。	Answer: Because there is no superior intention of disgust, etc. there.
['T27n1545_007:0033b28_8']	問惡趣中有勝厭離等作意。	問惡趣中有勝厭離等作意。	Question: In the evil destinies, there is superior intention of disgust, etc.
['T27n1545_007:0033b28_17']	何故不起此善根耶。	何故不起此善根耶。	Why do they not produce these wholesome roots?
['T27n1545_007:0033b29_9']	答惡趣中無勝依身故。	答惡趣中無勝依身故。	Answer: Because in the evil destinies there is no superior supporting body.
['T27n1545_007:0033c01_1']	若有勝厭離等作意。	若有勝厭離等作意。	If there were superior intention of disgust, etc.,
['T27n1545_007:0033c01_8']	亦有勝依身者。	亦有勝依身者。	and also a superior supporting body,
['T27n1545_007:0033c01_17']	則能初起此類善根。	則能初起此類善根。	then one would be able to initially produce these wholesome roots.
['T27n1545_007:0033c02_7']	欲天中雖有勝依身。	欲天中雖有勝依身。	Although in the desire heavens there is a superior physical basis,
['T27n1545_007:0033c02_16']	而無勝厭離等作意。	而無勝厭離等作意。	there is no superior attitude of disgust, etc.
['T27n1545_007:0033c03_10']	惡趣中雖有勝厭離等作意。	惡趣中雖有勝厭離等作意。	Although in the evil destinies there is a superior attitude of disgust, etc.,
['T27n1545_007:0033c03_16']	而無勝依身。	而無勝依身。	there is no superior physical basis.
['T27n1545_007:0033c04_3']	人中具二。	人中具二。	Humans have both.
['T27n1545_007:0033c04_8']	故能初起。	故能初起。	Therefore they can first give rise to it.
['T27n1545_007:0033c04_14']	問色無色界。	問色無色界。	Question: Why do the form and formless realms
['T27n1545_007:0033c05_4']	何故不起此善根耶。	何故不起此善根耶。	not give rise to this wholesome root?
['T27n1545_007:0033c06_1']	答若處能入正性離生彼處能起。	答若處能入正性離生彼處能起。	Answer: If a place can enter the correct certainty of birth, then that place can give rise to it.
['T27n1545_007:0033c06_14']	色無色界既不能入正性離生。	色無色界既不能入正性離生。	The form and formless realms are unable to enter the correct certainty of birth,
['T27n1545_007:0033c07_1']	故不能起。	故不能起。	therefore they are unable to give rise to it.
['T27n1545_007:0033c07_7']	問因論生論。	問因論生論。	Question: A question arising from a previous discussion.
['T27n1545_007:0033c07_14']	何故色無色界。	何故色無色界。	Why are the form and formless realms
['T27n1545_007:0033c08_5']	不能入正性離生耶。	不能入正性離生耶。	unable to enter the correct certainty of birth?
['T27n1545_007:0033c08_11']	答非田非器。	答非田非器。	Answer: It is not a field, it is not a vessel.
['T27n1545_007:0033c08_16']	乃至廣說。	乃至廣說。	And so on, explaining in detail.
['T27n1545_007:0033c09_14']	復次若處能起忍智彼處能入正性離生。	復次若處能起忍智彼處能入正性離生。	Furthermore, if a place can give rise to acceptance and knowledge, then that place can enter the correct certainty of birth.
['T27n1545_007:0033c10_5']	色無色界雖能起智。	色無色界雖能起智。	Although the form and formless realms are able to give rise to knowledge,
['T27n1545_007:0033c11_2']	而不起忍故不能入正性離生。	而不起忍故不能入正性離生。	they do not give rise to acceptance, therefore they are unable to enter the correct certainty of birth.
['T27n1545_007:0033c11_13']	復次若處能起法智類智。	復次若處能起法智類智。	Furthermore, if a place can give rise to the knowledge of dharmas and the subsequent knowledge,
['T27n1545_007:0033c12_4']	彼處能入正性離生。	彼處能入正性離生。	One can enter the certainty of rightness and be born in that place.
['T27n1545_007:0033c12_13']	色無色界雖起類智。	色無色界雖起類智。	Although the form and formless realms give rise to the knowledge of subsequent cognition,
['T27n1545_007:0033c13_10']	而不起法智故不能入正性離生。	而不起法智故不能入正性離生。	they do not give rise to the knowledge of dharmas, and therefore one cannot enter the certainty of rightness and be born in that place.
['T27n1545_007:0033c14_6']	復次若處有勝依身及有苦受。	復次若處有勝依身及有苦受。	Furthermore, if there is a superior basis for the body and there is suffering,
['T27n1545_007:0033c14_15']	彼處能入正性離生。	彼處能入正性離生。	one can enter the certainty of rightness and be born in that place.
['T27n1545_007:0033c15_7']	色無色界雖有勝依身。	色無色界雖有勝依身。	Although the form and formless realms have a superior basis for the body,
['T27n1545_007:0033c15_13']	而無苦受故。	而無苦受故。	they do not have suffering, and therefore
['T27n1545_007:0033c16_4']	不能入正性離生。	不能入正性離生。	one cannot enter the certainty of rightness and be born in that place.
['T27n1545_007:0033c17_9']	問此煖頂忍世第一法。	問此煖頂忍世第一法。	Question: As for these heat, summit, forbearance, and highest worldly dharmas,
['T27n1545_007:0033c17_14']	依何身起。	依何身起。	on what kind of body do they arise?
['T27n1545_007:0033c18_2']	答依男女身。	答依男女身。	Answer: They arise on the bodies of men and women.
['T27n1545_007:0033c18_14']	問依女身得女身所起煖為。	問依女身得女身所起煖為。	Question: If one attains the heat that arises on a female body,
['T27n1545_007:0033c19_5']	亦得男身所起煖耶。	亦得男身所起煖耶。	does one also attain the heat that arises on a male body?
['T27n1545_007:0033c19_8', 'T27n1545_007:0033c19_12']	答得。🔽如得煖。	答得。 如得煖。	Answer: One attains it.🔽Just as one attains heat,
['T27n1545_007:0033c19_18']	得頂忍亦爾。	得頂忍亦爾。	one attains the summit and forbearance in the same way.
['T27n1545_007:0033c20_11']	問依男身得男身所起煖為。	問依男身得男身所起煖為。	Question: If one attains the heat that arises on a male body,
['T27n1545_007:0033c21_3']	亦得女身所起煖耶。	亦得女身所起煖耶。	does one also attain the heat that arises on a female body?
['T27n1545_007:0033c21_9']	答得如得煖。	答得如得煖。	Answer: One attains it. Just as one attains heat,
['T27n1545_007:0033c21_15']	得頂忍亦爾。	得頂忍亦爾。	one attains the summit and forbearance in the same way.
['T27n1545_007:0033c22_6']	女身於女身所起煖。	女身於女身所起煖。	The heat that arises on a female body
['T27n1545_007:0033c22_12']	亦得亦在身。	亦得亦在身。	It is also obtained and also present in the body.
['T27n1545_007:0033c23_1', 'T27n1545_007:0033c23_9']	亦成就亦現在前。🔽於男身所起煖得。	亦成就亦現在前。 於男身所起煖得。	It is also accomplished and also present.🔽The heat generated in a male body
['T27n1545_007:0033c23_16']	而不在身成就。	而不在身成就。	is obtained, but not present in the body and not accomplished.
['T27n1545_007:0033c24_3']	不現在前。	不現在前。	It is not present.
['T27n1545_007:0033c24_12']	如說煖說頂忍亦爾。	如說煖說頂忍亦爾。	As it is said of heat, so it is of the summit and forbearance.
['T27n1545_007:0033c25_3']	男身於男身所起煖。	男身於男身所起煖。	The heat generated in a male body
['T27n1545_007:0033c25_9']	亦得亦在身。	亦得亦在身。	is also obtained and also present in the body.
['T27n1545_007:0033c25_17']	亦成就亦現在前。	亦成就亦現在前。	It is also accomplished and also present.
['T27n1545_007:0033c26_6']	於女身所起煖。	於女身所起煖。	The heat generated in a female body
['T27n1545_007:0033c26_14']	得而不在身成就。	得而不在身成就。	is obtained, but not present in the body and not accomplished.
['T27n1545_007:0033c27_2']	不現在前。	不現在前。	It is not present.
['T27n1545_007:0033c27_11', 'T27n1545_007:0033c27_17']	如說煖說頂忍亦爾。🔽女身所起煖。	如說煖說頂忍亦爾。 女身所起煖。	As it is said of heat, so it is of the summit and forbearance.🔽The heat generated in a female body
['T27n1545_007:0033c28_8']	與女身所起煖為因。	與女身所起煖為因。	is a cause for the heat generated in a female body.
['T27n1545_007:0033c29_1']	與男身所起煖亦為因。	與男身所起煖亦為因。	It is also a cause for the heat generated in a male body.
['T27n1545_007:0033c29_10', 'T27n1545_007:0033c29_16']	如說煖說頂忍亦爾。🔽男身所起煖。	如說煖說頂忍亦爾。 男身所起煖。	As it is said of heat, so it is of the summit and forbearance.🔽The heat generated in a male body
['T27n1545_007:0034a01_8']	與男身所起煖為因。	與男身所起煖為因。	is a cause for the heat generated in a male body.
['T27n1545_007:0034a02_1']	不與女身所起煖為因。	不與女身所起煖為因。	It is not a cause for the heat generated in a female body.
['T27n1545_007:0034a02_6']	所以者何。	所以者何。	Why is it so?
['T27n1545_007:0034a02_15']	勝非劣因彼是劣故。	勝非劣因彼是劣故。	Because the superior is not the cause of the inferior, as the latter is inferior.
['T27n1545_007:0034a03_5']	如說煖說頂忍亦爾。	如說煖說頂忍亦爾。	As it is said of heat, so it is of the summit and forbearance.
['T27n1545_007:0034a03_10']	問依男身。	問依男身。	Question: Based on a male body,
['T27n1545_007:0034a04_2']	起順決擇分善根已。	起順決擇分善根已。	having already given rise to the roots of goodness conducive to penetration,
['T27n1545_007:0034a04_9']	更可受女身不。	更可受女身不。	can one still receive a female body?
['T27n1545_007:0034a04_14']	答更可受。	答更可受。	Answer: One can still receive it.
['T27n1545_007:0034a05_5']	唯前三非世第一法。	唯前三非世第一法。	Only the first three, not the supreme worldly dharmas.
['T27n1545_007:0034a05_10']	所以者何。	所以者何。	Why is this?
['T27n1545_007:0034a05_15']	一剎那故。	一剎那故。	Because they last only a single moment.
['T27n1545_007:0034a06_6']	問起順決擇分善根已。	問起順決擇分善根已。	Question: Having already given rise to the roots of goodness conducive to penetration,
['T27n1545_007:0034a06_15']	更可受扇搋半擇迦。	更可受扇搋半擇迦。	can one still receive the bodies of eunuchs, neuters,
['T27n1545_007:0034a07_4']	無形二形身不。	無形二形身不。	those without sexual organs, or those with both sexual organs?
['T27n1545_007:0034a07_9']	答更可受。	答更可受。	Answer: One can still receive them.
['T27n1545_007:0034a07_15']	唯煖頂非餘。	唯煖頂非餘。	Only the heat and summit, not the others.
['T27n1545_007:0034a08_1']	所以者何。	所以者何。	Why is this?
['T27n1545_007:0034a08_6']	若得忍已。	若得忍已。	If one attains the acceptance,
['T27n1545_007:0034a08_11']	便違惡趣。	便違惡趣。	then one goes against the evil destinies.
['T27n1545_007:0034a09_1']	彼扇搋等身形鄙陋。	彼扇搋等身形鄙陋。	Those eunuchs and so forth have contemptible forms,
['T27n1545_007:0034a09_7']	是人中惡趣。	是人中惡趣。	and they are the evil destinies among humans.
['T27n1545_007:0034a09_16']	若得忍等殊勝善根。	若得忍等殊勝善根。	If one attains the superior roots of goodness such as acceptance,
['T27n1545_007:0034a10_5']	必更不受彼類身故。	必更不受彼類身故。	one will definitely not receive such a body again.
['T27n1545_007:0034a10_11']	問得忍異生。	問得忍異生。	Question: As ordinary beings who have attained acceptance,
['T27n1545_007:0034a10_16']	於命終位。	於命終位。	at the time of death,
['T27n1545_007:0034a11_8']	既捨眾同分亦捨忍不。	既捨眾同分亦捨忍不。	do they abandon the acceptance along with the abandonment of their common lot?
['T27n1545_007:0034a11_13']	設爾何失。	設爾何失。	If so, what is the problem?
['T27n1545_007:0034a12_3']	若捨者應墮惡趣。	若捨者應墮惡趣。	If they abandon it, they should fall into the evil destinies.
['T27n1545_007:0034a12_16']	何故乃言若得忍者不墮惡趣。	何故乃言若得忍者不墮惡趣。	Why is it said that if one attains patience, one does not fall into evil destinies?
['T27n1545_007:0034a13_3']	又若捨者。	又若捨者。	Moreover, if one abandons it,
['T27n1545_007:0034a13_12']	何故異生命終時捨。	何故異生命終時捨。	why is it abandoned at the time of the end of the life of a different being?
['T27n1545_007:0034a13_17']	聖者不然。	聖者不然。	The noble ones are not like this.
['T27n1545_007:0034a14_3']	若不捨者。	若不捨者。	If it is not abandoned,
['T27n1545_007:0034a14_8']	何故業蘊。	何故業蘊。	why is it not mentioned in the aggregates of karma
['T27n1545_007:0034a14_13', 'T27n1545_007:0034a14_18']	及大種蘊。🔽俱不說耶。	及大種蘊。 俱不說耶。	and the aggregates of the great elements?
['T27n1545_007:0034a15_7']	如說異生住胎藏等。	如說異生住胎藏等。	As it is said, ordinary beings dwell in the womb, etc.
['T27n1545_007:0034a15_12']	但成就身。	但成就身。	They only accomplish the body,
['T27n1545_007:0034a16_1']	不成就身業。	不成就身業。	but do not accomplish bodily karma.
['T27n1545_007:0034a16_7']	答此應言捨。	答此應言捨。	The answer is that it should be said that it is abandoned.
['T27n1545_007:0034a16_12']	有說不捨。	有說不捨。	Some say it is not abandoned.
['T27n1545_007:0034a16_17']	有說不定。	有說不定。	Some say it is indefinite.
['T27n1545_007:0034a17_3']	或捨不捨。	或捨不捨。	Either abandoned or not abandoned.
['T27n1545_007:0034a17_8']	此中一一。	此中一一。	Here, each one
['T27n1545_007:0034a17_13']	廣釋所以。	廣釋所以。	explains the reason in detail.
['T27n1545_007:0034a18_5']	如後業蘊害生納息中說。	如後業蘊害生納息中說。	As it is said in the chapter on harming life in the aggregate of karma.
['T27n1545_007:0034a18_10']	如是說者。	如是說者。	According to this explanation,
['T27n1545_007:0034a19_1']	異生命終定捨於忍。	異生命終定捨於忍。	the life of a different being definitely abandons patience at the end.
['T27n1545_007:0034a19_6']	善根劣故。	善根劣故。	Because the roots of goodness are inferior.
['T27n1545_007:0034a19_12']	異生依此地。	異生依此地。	Ordinary beings rely on this stage
['T27n1545_007:0034a19_18']	起此類善根。	起此類善根。	and give rise to this kind of root of goodness.
['T27n1545_007:0034a20_7']	若有命終還生此地。	若有命終還生此地。	If there is an end of life and rebirth in this stage,
['T27n1545_007:0034a20_12']	捨同分故。	捨同分故。	because of abandoning the same group,
['T27n1545_007:0034a21_3']	尚決定捨況此善根。	尚決定捨況此善根。	how much more so this root of goodness.
['T27n1545_007:0034a21_8']	是色界法。	是色界法。	This is a dharma of the form realm.
['T27n1545_007:0034a21_13']	經欲界生。	經欲界生。	One is born in the desire realm,
['T27n1545_007:0034a21_18']	而當不捨。	而當不捨。	And one should not abandon it.
['T27n1545_007:0034a22_8']	問修煖加行其相云何。	問修煖加行其相云何。	Question: What are the characteristics of the practice of heat?
['T27n1545_007:0034a22_14']	答以要言之。	答以要言之。	Answer: To put it briefly,
['T27n1545_007:0034a23_1']	三慧為相。	三慧為相。	The characteristics are the three wisdoms.
['T27n1545_007:0034a23_7', 'T27n1545_007:0034a23_12']	謂聞所成慧。🔽思所成慧。	謂聞所成慧。 思所成慧。	Namely, the wisdom accomplished through hearing,🔽The wisdom accomplished through contemplation,
['T27n1545_007:0034a23_17']	修所成慧。	修所成慧。	And the wisdom accomplished through cultivation.
['T27n1545_007:0034a24_7']	問云何修習聞所成慧。	問云何修習聞所成慧。	Question: How does one cultivate the wisdom accomplished through hearing?
['T27n1545_007:0034a24_13']	答修觀行者。	答修觀行者。	Answer: A practitioner of meditation,
['T27n1545_007:0034a24_18']	或遇明師。	或遇明師。	Either encountering a wise teacher,
['T27n1545_007:0034a25_8']	為其略說諸法要者。	為其略說諸法要者。	Who briefly explains the essentials of the teachings,
['T27n1545_007:0034a25_14']	唯有十八界。	唯有十八界。	There are only eighteen realms,
['T27n1545_007:0034a26_2']	十二處五蘊。	十二處五蘊。	Twelve sense bases and five aggregates.
['T27n1545_007:0034a26_11', 'T27n1545_007:0034a26_16']	或自讀誦素怛纜藏。🔽毘奈耶藏。	或自讀誦素怛纜藏。 毘奈耶藏。	Or oneself reads and recites the Sutra Piṭaka,🔽The Vinaya Piṭaka,
['T27n1545_007:0034a27_3']	阿毘達磨藏。	阿毘達磨藏。	And the Abhidharma Piṭaka,
['T27n1545_007:0034a27_12']	令善熟已作如是念。	令善熟已作如是念。	Having made them well-known, one thinks like this:
['T27n1545_007:0034a28_3']	三藏文義甚為廣博。	三藏文義甚為廣博。	The meaning of the texts of the three piṭakas is very vast.
['T27n1545_007:0034a29_1']	若恒憶持令心厭倦三藏所說要者。	若恒憶持令心厭倦三藏所說要者。	If one always remembers and upholds them, one's mind will become weary. The essentials taught in the three piṭakas,
['T27n1545_007:0034a29_12']	唯有十八界十二處五蘊。	唯有十八界十二處五蘊。	There are only eighteen realms, twelve sense bases and five aggregates.
['T27n1545_007:0034a29_17']	作是念已。	作是念已。	Having had this thought,
['T27n1545_007:0034b01_6']	先觀察十八界。	先觀察十八界。	One first observes the eighteen realms.
['T27n1545_007:0034b01_15']	彼觀察時立為三分。	彼觀察時立為三分。	When observing them, one establishes three parts.
['T27n1545_007:0034b02_6']	謂名故自相故共相故。	謂名故自相故共相故。	Namely, in terms of name, specific characteristic, and common characteristic.
['T27n1545_007:0034b03_3']	名者謂此名眼界乃至此名意識界。	名者謂此名眼界乃至此名意識界。	Name refers to this is the eye element, up to this is the mind consciousness element.
['T27n1545_007:0034b03_7']	自相者。	自相者。	Specific characteristic refers to
['T27n1545_007:0034b03_15']	謂此是眼界自相。	謂此是眼界自相。	this is the specific characteristic of the eye element,
['T27n1545_007:0034b04_5']	乃至此是意識界自相。	乃至此是意識界自相。	up to this is the specific characteristic of the mind consciousness element.
['T27n1545_007:0034b04_9']	共相者。	共相者。	Common characteristic refers to
['T27n1545_007:0034b04_15']	謂十六行相。	謂十六行相。	the sixteen aspects.
['T27n1545_007:0034b05_1']	所觀十八界。	所觀十八界。	The eighteen elements that are observed
['T27n1545_007:0034b05_7']	十六種共相。	十六種共相。	have sixteen common characteristics.
['T27n1545_007:0034b05_16']	彼緣此界修智修止。	彼緣此界修智修止。	Cultivating knowledge and cultivation in relation to these elements.
['T27n1545_007:0034b06_6']	於十八界修智止已。	於十八界修智止已。	Having cultivated knowledge and cultivation in relation to the eighteen elements,
['T27n1545_007:0034b06_15']	復生厭倦作如是念。	復生厭倦作如是念。	one further gives rise to weariness and thinks like this:
['T27n1545_007:0034b07_7']	此十八界即十二處。	此十八界即十二處。	These eighteen elements are precisely the twelve sense bases,
['T27n1545_007:0034b07_16', 'T27n1545_007:0034b08_3']	故應略之入十二處。🔽謂十色界。	故應略之入十二處。 謂十色界。	therefore one should abbreviate them and enter the twelve sense bases.🔽Namely, the ten form elements
['T27n1545_007:0034b08_8']	即十色處。	即十色處。	are precisely the ten form sense bases.
['T27n1545_007:0034b08_15']	七心界即意處。	七心界即意處。	The seven mind elements are precisely the mind sense base.
['T27n1545_007:0034b09_2']	法界即法處。	法界即法處。	The dharma element is precisely the dharma sense base.
['T27n1545_007:0034b09_11']	彼觀察此十二處時。	彼觀察此十二處時。	When one observes these twelve sense bases,
['T27n1545_007:0034b09_16']	立為三分。	立為三分。	one establishes them in three parts:
['T27n1545_007:0034b10_8']	謂名故自相故共相故。	謂名故自相故共相故。	Name, specific characteristic, and common characteristic.
['T27n1545_007:0034b10_16']	名者謂此名眼處。	名者謂此名眼處。	Name refers to this is the eye sense base,
['T27n1545_007:0034b11_5']	乃至此名法處。	乃至此名法處。	up to this is the dharma sense base.
['T27n1545_007:0034b11_9']	自相者。	自相者。	The specific characteristic means
['T27n1545_007:0034b11_17']	謂此是眼處自相。	謂此是眼處自相。	this is the specific characteristic of the eye-base,
['T27n1545_007:0034b12_6']	乃至此是法處自相。	乃至此是法處自相。	up to this is the specific characteristic of the dharma-base.
['T27n1545_007:0034b12_10']	共相者。	共相者。	The common characteristic means
['T27n1545_007:0034b12_16']	謂十六行相。	謂十六行相。	the sixteen aspects.
['T27n1545_007:0034b13_3']	所觀十二處。	所觀十二處。	The twelve bases that are observed
['T27n1545_007:0034b13_9']	十六種共相。	十六種共相。	have sixteen kinds of common characteristics.
['T27n1545_007:0034b13_18']	彼緣此處修智修止。	彼緣此處修智修止。	They cultivate the knowledge and concentration that takes these bases as objects.
['T27n1545_007:0034b14_8']	於十二處修智止已。	於十二處修智止已。	Having cultivated the knowledge and concentration regarding the twelve bases,
['T27n1545_007:0034b15_1']	復生厭倦作如是念。	復生厭倦作如是念。	they give rise to disgust and think like this:
['T27n1545_007:0034b15_6']	此十二處。	此十二處。	These twelve bases,
['T27n1545_007:0034b15_14']	除無為即五蘊故。	除無為即五蘊故。	excluding the unconditioned, are the five aggregates.
['T27n1545_007:0034b16_7']	應略之入於五蘊謂十色處。	應略之入於五蘊謂十色處。	Therefore, they should abbreviate them and enter into the five aggregates. The ten material bases
['T27n1545_007:0034b16_17']	及法處所攝色即色蘊。	及法處所攝色即色蘊。	and the form included in the dharma-base are the form aggregate.
['T27n1545_007:0034b17_4']	意處即識蘊。	意處即識蘊。	The mind-base is the consciousness aggregate.
['T27n1545_007:0034b17_12']	法處中受即受蘊。	法處中受即受蘊。	The feeling in the dharma-base is the feeling aggregate.
['T27n1545_007:0034b17_17']	想即想蘊。	想即想蘊。	The perception is the perception aggregate.
['T27n1545_007:0034b18_9']	餘心所法不相應行即行蘊。	餘心所法不相應行即行蘊。	The other mental factors and dissociated formations are the formation aggregate.
['T27n1545_007:0034b18_17']	彼觀察此五蘊時。	彼觀察此五蘊時。	When they contemplate these five aggregates,
['T27n1545_007:0034b19_4']	立為三分。	立為三分。	they establish them in three parts:
['T27n1545_007:0034b19_14']	謂名故自相故共相故。	謂名故自相故共相故。	name, specific characteristic, and common characteristic.
['T27n1545_007:0034b20_3']	名者謂此名色蘊。	名者謂此名色蘊。	Name means this is called the form aggregate,
['T27n1545_007:0034b20_10']	乃至此名識蘊。	乃至此名識蘊。	up to this is called the consciousness aggregate.
['T27n1545_007:0034b20_14']	自相者。	自相者。	The specific characteristic means
['T27n1545_007:0034b21_3']	謂此是色蘊自相。	謂此是色蘊自相。	this is the specific characteristic of the aggregate of form,
['T27n1545_007:0034b21_12']	乃至此是識蘊自相。	乃至此是識蘊自相。	up to this is the specific characteristic of the aggregate of consciousness.
['T27n1545_007:0034b21_16']	共相者。	共相者。	The common characteristic means
['T27n1545_007:0034b22_3']	謂十二行相。	謂十二行相。	the twelve aspects.
['T27n1545_007:0034b22_8']	所觀五蘊。	所觀五蘊。	The five aggregates that are contemplated,
['T27n1545_007:0034b22_14']	十二種共相。	十二種共相。	the twelve kinds of common characteristics.
['T27n1545_007:0034b23_4']	彼緣此蘊修智修止。	彼緣此蘊修智修止。	Contemplating these aggregates, one cultivates wisdom and stillness.
['T27n1545_007:0034b23_12']	於五蘊修智止已。	於五蘊修智止已。	Having cultivated wisdom and stillness regarding the five aggregates,
['T27n1545_007:0034b24_4']	復生厭倦作如是念。	復生厭倦作如是念。	one further gives rise to disgust and thinks like this:
['T27n1545_007:0034b24_11']	此五蘊并無為。	此五蘊并無為。	These five aggregates and the unconditioned,
['T27n1545_007:0034b24_17']	即四念住故。	即四念住故。	are precisely the four establishments of mindfulness.
['T27n1545_007:0034b25_6']	應略之入四念住。	應略之入四念住。	Therefore, one should abbreviate them and enter the four establishments of mindfulness.
['T27n1545_007:0034b25_14']	謂色蘊即身念住。	謂色蘊即身念住。	Namely, the aggregate of form is precisely the establishment of mindfulness of the body,
['T27n1545_007:0034b26_2']	受蘊即受念住。	受蘊即受念住。	the aggregate of feeling is precisely the establishment of mindfulness of feeling,
['T27n1545_007:0034b26_9']	識蘊即心念住。	識蘊即心念住。	the aggregate of consciousness is precisely the establishment of mindfulness of mind,
['T27n1545_007:0034b26_16']	想行蘊并無為。	想行蘊并無為。	the aggregates of perception and formations, together with the unconditioned,
['T27n1545_007:0034b27_1']	即法念住。	即法念住。	are precisely the establishment of mindfulness of dharmas.
['T27n1545_007:0034b27_10']	彼觀察此四念住時。	彼觀察此四念住時。	When one observes these four establishments of mindfulness,
['T27n1545_007:0034b27_15']	立為三分。	立為三分。	one establishes them as three parts:
['T27n1545_007:0034b28_6']	謂名故自相故共相故。	謂名故自相故共相故。	name, specific characteristic, and common characteristic.
['T27n1545_007:0034b28_15']	名者謂此名身念住。	名者謂此名身念住。	Name means this is the establishment of mindfulness of the body,
['T27n1545_007:0034b29_4']	乃至此名法念住。	乃至此名法念住。	up to this is the establishment of mindfulness of dharmas.
['T27n1545_007:0034b29_8']	自相者。	自相者。	The specific characteristic means
['T27n1545_007:0034b29_17']	謂此是身念住自相。	謂此是身念住自相。	That is to say, this is the specific characteristic of the mindfulness of the body.
['T27n1545_007:0034c01_9']	乃至此是法念住自相。	乃至此是法念住自相。	Up to this is the specific characteristic of the mindfulness of dharmas.
['T27n1545_007:0034c01_13']	共相者。	共相者。	The common characteristic is
['T27n1545_007:0034c01_19']	謂十六行相。	謂十六行相。	The sixteen aspects.
['T27n1545_007:0034c02_5']	所觀四念住。	所觀四念住。	The four mindfulnesses that are contemplated.
['T27n1545_007:0034c02_11']	十六種共相。	十六種共相。	The sixteen common characteristics.
['T27n1545_007:0034c02_17']	彼緣此念住。	彼緣此念住。	They take these mindfulnesses as objects.
['T27n1545_007:0034c03_3']	修智修止。	修智修止。	Cultivating wisdom and cultivation.
['T27n1545_007:0034c03_12']	於四念住修智止已。	於四念住修智止已。	Having cultivated wisdom and stillness in the four mindfulnesses.
['T27n1545_007:0034c04_4']	復生厭倦作如是念。	復生厭倦作如是念。	Again, one becomes weary and has this thought.
['T27n1545_007:0034c04_9']	此四念住。	此四念住。	These four mindfulnesses.
['T27n1545_007:0034c04_16']	除虛空非擇滅。	除虛空非擇滅。	Except for space and non-analytical cessation.
['T27n1545_007:0034c05_3']	即四聖諦故。	即四聖諦故。	They are precisely the four noble truths.
['T27n1545_007:0034c05_11']	應略之入四聖諦。	應略之入四聖諦。	Therefore, they should be abbreviated and entered into the four noble truths.
['T27n1545_007:0034c06_3']	謂有漏法果分即苦諦。	謂有漏法果分即苦諦。	That is to say, the fruit aspect of contaminated dharmas is precisely the truth of suffering.
['T27n1545_007:0034c06_9']	因分即集諦。	因分即集諦。	The causal aspect is precisely the truth of accumulation.
['T27n1545_007:0034c06_15']	擇滅即滅諦。	擇滅即滅諦。	Analytical cessation is precisely the truth of cessation.
['T27n1545_007:0034c07_1']	對治即道諦。	對治即道諦。	The antidote is precisely the truth of the path.
['T27n1545_007:0034c07_10']	彼觀察此四聖諦時。	彼觀察此四聖諦時。	When they contemplate these four noble truths.
['T27n1545_007:0034c07_15']	立為三分。	立為三分。	They are established as three parts.
['T27n1545_007:0034c08_6']	謂名故自相故共相故。	謂名故自相故共相故。	Name, specific characteristic, and common characteristic.
['T27n1545_007:0034c08_14']	名者謂此名苦諦。	名者謂此名苦諦。	Name means this is called the truth of suffering.
['T27n1545_007:0034c09_5']	乃至此名道諦自相者。	乃至此名道諦自相者。	Up to this is called the truth of the path. Specific characteristic means.
['T27n1545_007:0034c09_13']	謂此是苦諦自相。	謂此是苦諦自相。	This is the specific characteristic of the truth of suffering.
['T27n1545_007:0034c10_3']	乃至此是道諦自相。	乃至此是道諦自相。	up to this is the self-characteristic of the truth of the path.
['T27n1545_007:0034c10_7']	共相者。	共相者。	The common characteristic is
['T27n1545_007:0034c10_12']	謂四行相。	謂四行相。	referred to as the four aspects.
['T27n1545_007:0034c11_2']	所觀苦諦四種共相。	所觀苦諦四種共相。	The four common characteristics of the truth of suffering that is observed
['T27n1545_007:0034c11_13', 'T27n1545_007:0034c12_2']	一苦二非常三空四非我。🔽四行相所觀集諦。	一苦二非常三空四非我。 四行相所觀集諦。	are: 1) suffering, 2) impermanence, 3) emptiness, and 4) non-self.🔽The four common characteristics of the truth of the origin that is observed
['T27n1545_007:0034c12_7']	四種共相。	四種共相。	by the four aspects are:
['T27n1545_007:0034c12_16']	一因二集三生四緣。	一因二集三生四緣。	1) cause, 2) accumulation, 3) birth, and 4) condition.
['T27n1545_007:0034c13_4']	四行相所觀滅諦。	四行相所觀滅諦。	The four common characteristics of the truth of cessation that is observed
['T27n1545_007:0034c13_9']	四種共相。	四種共相。	by the four aspects are:
['T27n1545_007:0034c13_18']	一滅二靜三妙四離。	一滅二靜三妙四離。	1) cessation, 2) tranquility, 3) excellence, and 4) separation.
['T27n1545_007:0034c14_6']	四行相所觀道諦。	四行相所觀道諦。	The four common characteristics of the truth of the path that is observed
['T27n1545_007:0034c14_11']	四種共相。	四種共相。	by the four aspects are:
['T27n1545_007:0034c15_1']	一道二如三行四出。	一道二如三行四出。	1) path, 2) suchness, 3) practice, and 4) exit.
['T27n1545_007:0034c15_10']	彼緣此諦修智修止。	彼緣此諦修智修止。	They cultivate wisdom and cultivation in relation to this truth.
['T27n1545_007:0034c16_2']	於四聖諦修智止時。	於四聖諦修智止時。	When cultivating wisdom and cultivation regarding the four noble truths,
['T27n1545_007:0034c16_7']	如見道中。	如見道中。	it is like in the path of seeing,
['T27n1545_007:0034c16_12']	漸次觀諦。	漸次觀諦。	gradually contemplating the truths.
['T27n1545_007:0034c17_1']	謂先別觀欲界苦。	謂先別觀欲界苦。	First, one separately contemplates the suffering of the desire realm,
['T27n1545_007:0034c17_10']	後合觀色無色界苦。	後合觀色無色界苦。	and later one collectively contemplates the suffering of the form and formless realms.
['T27n1545_007:0034c17_17']	先別觀欲界集。	先別觀欲界集。	First, one separately contemplates the accumulation of the desire realm,
['T27n1545_007:0034c18_7']	後合觀色無色界集。	後合觀色無色界集。	and later one collectively contemplates the accumulation of the form and formless realms.
['T27n1545_007:0034c18_14']	先別觀欲界滅。	先別觀欲界滅。	First, one separately contemplates the cessation of the desire realm,
['T27n1545_007:0034c19_5']	後合觀色無色界滅。	後合觀色無色界滅。	Later, he unifies his contemplation of the cessation of the form and formless realms.
['T27n1545_007:0034c20_2']	先別觀欲界道後合觀色無色界道。	先別觀欲界道後合觀色無色界道。	First, he separately contemplates the path of the desire realm, and later he unifies his contemplation of the paths of the form and formless realms.
['T27n1545_007:0034c20_11']	如是觀察四聖諦時。	如是觀察四聖諦時。	When contemplating the four noble truths in this way,
['T27n1545_007:0034c21_2']	猶如隔絹觀諸色像。	猶如隔絹觀諸色像。	it is like seeing images through a silk screen.
['T27n1545_007:0034c21_11']	齊此修習聞所成慧。	齊此修習聞所成慧。	Up to this point, he cultivates the wisdom arisen from hearing,
['T27n1545_007:0034c21_16']	方得圓滿。	方得圓滿。	and it is only then that he attains perfect completion.
['T27n1545_007:0034c22_6']	依此發生思所成慧。	依此發生思所成慧。	Based on this, he gives rise to the wisdom arisen from contemplation,
['T27n1545_007:0034c22_11']	修圓滿已。	修圓滿已。	and after it is perfected in cultivation,
['T27n1545_007:0034c23_2']	次復發生修所成慧。	次復發生修所成慧。	he next further gives rise to the wisdom arisen from cultivation.
['T27n1545_007:0034c23_7', 'T27n1545_007:0034c23_12']	即名為煖。🔽煖次生頂。	即名為煖。 煖次生頂。	This is called heat.🔽Heat next gives rise to the peak.
['T27n1545_007:0034c23_17']	頂次生忍。	頂次生忍。	The peak next gives rise to patience.
['T27n1545_007:0034c24_6', 'T27n1545_007:0034c24_15']	忍次生於世第一法。🔽世第一法次生見道。	忍次生於世第一法。 世第一法次生見道。	Patience next gives rise to the supreme worldly dharmas.🔽The supreme worldly dharmas next give rise to the path of seeing.
['T27n1545_007:0034c25_3']	見道次生修道。	見道次生修道。	The path of seeing next gives rise to the path of cultivation.
['T27n1545_007:0034c25_11']	修道次生無學道。	修道次生無學道。	The path of cultivation next gives rise to the path of no-more-learning.
['T27n1545_007:0034c26_2']	如是次第善根滿足。	如是次第善根滿足。	In this sequence, the wholesome roots are fulfilled.
['T27n1545_007:0034c27_5']	善根有三種。	善根有三種。	There are three kinds of wholesome roots:
['T27n1545_007:0034c27_10']	一順福分。	一順福分。	1. Those that accord with the portion of blessings,
['T27n1545_007:0034c27_16']	二順解脫分。	二順解脫分。	2. Those that accord with the portion of liberation,
['T27n1545_007:0034c28_2']	三順決擇分。	三順決擇分。	3. Those that accord with the portion of penetrating insight.
['T27n1545_007:0034c28_9']	順福分善根者。	順福分善根者。	As for the wholesome roots that accord with the portion of blessings,
['T27n1545_007:0034c28_18']	謂種生人生天種子。	謂種生人生天種子。	they refer to the seeds for rebirth in the realms of humans and gods.
['T27n1545_007:0034c29_5']	生人種子者。	生人種子者。	The seeds that produce human beings.
['T27n1545_007:0034c29_10']	謂此種子。	謂此種子。	It means these seeds.
['T27n1545_007:0035a01_1']	能生人中高族大貴。	能生人中高族大貴。	Can produce high-ranking and greatly wealthy families among humans.
['T27n1545_007:0035a01_10']	多饒財寶眷屬圓滿。	多饒財寶眷屬圓滿。	With abundant wealth and a perfect retinue.
['T27n1545_007:0035a02_9']	顏貌端嚴身體細軟乃至或作轉輪聖王。	顏貌端嚴身體細軟乃至或作轉輪聖王。	With a handsome appearance and a soft and supple body, up to becoming a wheel-turning sage king.
['T27n1545_007:0035a02_15']	生天種子者。	生天種子者。	The seeds that produce heavenly beings.
['T27n1545_007:0035a03_2', 'T27n1545_007:0035a03_11']	謂此種子。🔽能生欲色無色天中。	謂此種子。 能生欲色無色天中。	It means these seeds.
['T27n1545_007:0035a03_16']	受勝妙果。	受勝妙果。	Can produce the superior and wonderful fruits in the desire, form, and formless realms.
['T27n1545_007:0035a04_6']	或作帝釋魔王梵王。	或作帝釋魔王梵王。	Or becoming Śakra, Māra, or Brahmā.
['T27n1545_007:0035a04_15', 'T27n1545_007:0035a05_5']	有大威勢多所統領。🔽順解脫分善根者。	有大威勢多所統領。 順解脫分善根者。	With great authority and controlling many.🔽The wholesome roots that accord with liberation.
['T27n1545_007:0035a05_14']	謂種決定解脫種子。	謂種決定解脫種子。	It means planting the seeds of definite liberation.
['T27n1545_007:0035a06_4']	因此決定得般涅槃。	因此決定得般涅槃。	Based on this certainty, one attains parinirvāṇa.
['T27n1545_007:0035a06_12']	順決擇分善根者。	順決擇分善根者。	The wholesome roots that accord with penetrating insight.
['T27n1545_007:0035a07_2']	謂煖頂忍世第一法。	謂煖頂忍世第一法。	It means the heat, summit, forbearance, and highest worldly dharmas.
['T27n1545_007:0035a07_15']	此中應廣分別順解脫分善根。	此中應廣分別順解脫分善根。	Herein, one should extensively distinguish the wholesome roots that accord with liberation.
['T27n1545_007:0035a08_6']	問此善根以何為自性。	問此善根以何為自性。	Question: What is the intrinsic nature of these wholesome roots?
['T27n1545_007:0035a08_16']	答以身語意業為自性。	答以身語意業為自性。	Answer: They have the intrinsic nature of bodily, verbal, and mental actions.
['T27n1545_007:0035a09_4']	然意業增上。	然意業增上。	However, mental action is predominant.
['T27n1545_007:0035a09_13']	問此善根為在意地。	問此善根為在意地。	Question: Are these roots of goodness in the mind of thought?🔽
['T27n1545_007:0035a09_18', 'T27n1545_007:0035a10_4']	為五識身。🔽答在意地。	為五識身。 答在意地。	Question: Do these roots of goodness exist in the mind or in the five consciousnesses?
['T27n1545_007:0035a10_9', 'T27n1545_007:0035a11_4']	非五識身。🔽問此善根為加行得為離染得。	非五識身。 問此善根為加行得為離染得。	Answer: They exist in the mind, not in the five consciousnesses.
['T27n1545_007:0035a11_9']	為生得耶。	為生得耶。	Question: Are these roots of goodness attained through application, attained through detachment, or attained through birth?
['T27n1545_007:0035a11_15']	答唯加行得。	答唯加行得。	Answer: They are only attained through application.
['T27n1545_007:0035a11_18']	有說。	有說。	Some say:
['T27n1545_007:0035a12_4']	亦是生得。	亦是生得。	They are also attained through birth.
['T27n1545_007:0035a12_7']	評曰。	評曰。	The commentators say:
['T27n1545_007:0035a12_12']	前說者好。	前說者好。	The previous explanation is better.
['T27n1545_007:0035a12_17', 'T27n1545_007:0035a13_5', 'T27n1545_007:0035a13_10']	加行起故。🔽問此善根為聞所成。🔽為思所成。	加行起故。 問此善根為聞所成。 為思所成。	Because they arise through application.
['T27n1545_007:0035a13_16']	為修所成耶。	為修所成耶。	Question: Are these roots of goodness accomplished through hearing, accomplished through thinking, or accomplished through cultivation?
['T27n1545_007:0035a14_7']	答聞思所成非修所成。	答聞思所成非修所成。	Answer: They are accomplished through hearing and thinking, not through cultivation.
['T27n1545_007:0035a14_15']	有說亦是修所成。	有說亦是修所成。	Some say: They are also accomplished through cultivation.
['T27n1545_007:0035a14_18']	評曰。	評曰。	The commentators say:
['T27n1545_007:0035a15_4']	前說者好。	前說者好。	The previous explanation is better.
['T27n1545_007:0035a15_10']	唯欲界繫故。	唯欲界繫故。	Because they are only bound to the desire realm.
['T27n1545_007:0035a16_1']	問此善根於何處起。	問此善根於何處起。	Question: In what realm do these roots of goodness arise?
['T27n1545_007:0035a17_4']	答於欲界起非色無色界欲界中人趣起非餘趣。	答於欲界起非色無色界欲界中人趣起非餘趣。	Answer: They arise in the desire realm, not in the form or formless realms. Among the desire realms, they arise in the human realm, not in other realms.
['T27n1545_007:0035a17_15']	人趣中三洲起非北俱盧。	人趣中三洲起非北俱盧。	Among the human realms, they arise in the three continents, not in Uttarakuru.
['T27n1545_007:0035a18_5']	問此善根於何時種。	問此善根於何時種。	Question: At what time are these roots of goodness planted?
['T27n1545_007:0035a18_11']	答佛出世時。	答佛出世時。	Answer: When a Buddha appears in the world,
['T27n1545_007:0035a19_2']	要有佛法方能種故。	要有佛法方能種故。	only then can the seeds be planted, as there must be the Buddha's teachings.
['T27n1545_007:0035a19_7']	有餘師說。	有餘師說。	Other masters say:
['T27n1545_007:0035a19_12']	雖無佛法。	雖無佛法。	Even without the Buddha's teachings,
['T27n1545_007:0035a19_17']	若遇獨覺。	若遇獨覺。	if one encounters a Pratyekabuddha,
['T27n1545_007:0035a20_6']	亦能種此善根。	亦能種此善根。	one can also plant these wholesome roots.
['T27n1545_007:0035a20_15']	問此善根依何身起。	問此善根依何身起。	Question: On what kind of body do these wholesome roots depend?
['T27n1545_007:0035a21_7']	答亦依男身亦依女身。	答亦依男身亦依女身。	Answer: They depend on both male and female bodies.
['T27n1545_007:0035a22_1']	問為因何事種此善根。	問為因何事種此善根。	Question: For what kind of matter are these wholesome roots planted?
['T27n1545_007:0035a22_6']	答或因施。	答或因施。	Answer: They are planted either through giving,
['T27n1545_007:0035a22_13']	或因戒或因聞。	或因戒或因聞。	or through precepts, or through hearing,
['T27n1545_007:0035a22_18']	而不決定。	而不決定。	but not necessarily.
['T27n1545_007:0035a23_4']	所以者何。	所以者何。	Why is this?
['T27n1545_007:0035a23_9']	意樂異故。	意樂異故。	Because of differences in intention.
['T27n1545_007:0035a24_1']	謂或有人因施一摶食。	謂或有人因施一摶食。	That is to say, there are people who, because of giving a single portion of food,
['T27n1545_007:0035a24_9']	或乃至一淨齒木。	或乃至一淨齒木。	or even a single toothbrush,
['T27n1545_007:0035a24_18']	即能種殖解脫種子。	即能種殖解脫種子。	are able to plant the seeds of liberation.
['T27n1545_007:0035a25_5']	如戰達羅等。	如戰達羅等。	Like the Śākyas and others.
['T27n1545_007:0035a25_14']	彼隨所施皆作是言。	彼隨所施皆作是言。	They, according to what they give, all say:
['T27n1545_007:0035a26_5']	願我因斯定得解脫。	願我因斯定得解脫。	May I, because of this, definitely attain liberation.
['T27n1545_007:0035a27_6']	或有雖設無遮大會而不能種解脫種子。	或有雖設無遮大會而不能種解脫種子。	There are some who, although they hold a great assembly without restrictions, are unable to plant the seeds of liberation.
['T27n1545_007:0035a27_12']	如無暴惡等。	如無暴惡等。	Like those without violence and evil, and others.
['T27n1545_007:0035a28_7']	彼隨所施皆求世間富貴名稱。	彼隨所施皆求世間富貴名稱。	They all seek worldly wealth, nobility, and fame in their giving.
['T27n1545_007:0035a28_12']	不求解脫。	不求解脫。	They do not seek liberation.
['T27n1545_007:0035a29_7']	或有受持一晝一夜八分齋戒。	或有受持一晝一夜八分齋戒。	Some observe the eight precepts for one day and one night.
['T27n1545_007:0035a29_16']	即能種殖解脫種子。	即能種殖解脫種子。	They are able to plant the seeds of liberation.
['T27n1545_007:0035b01_11']	或有受持盡眾同分別解脫戒。	或有受持盡眾同分別解脫戒。	Some observe the precepts of liberation to the end, distinguishing them.
['T27n1545_007:0035b02_3']	而不能種解脫種子。	而不能種解脫種子。	But they are unable to plant the seeds of liberation.
['T27n1545_007:0035b02_12']	或有讀誦四句伽他。	或有讀誦四句伽他。	Some recite four-line verses.
['T27n1545_007:0035b03_4']	即能種殖解脫種子。	即能種殖解脫種子。	They are able to plant the seeds of liberation.
['T27n1545_007:0035b03_13']	或有善通三藏文義。	或有善通三藏文義。	Some are well-versed in the texts and meanings of the three baskets.
['T27n1545_007:0035b04_4']	而不能種解脫種子。	而不能種解脫種子。	But they are unable to plant the seeds of liberation.
['T27n1545_007:0035b04_10']	問誰決定能。	問誰決定能。	Question: Who is definitely able to
['T27n1545_007:0035b04_19']	種此順解脫分善根。	種此順解脫分善根。	Plant these roots of goodness that accord with liberation?
['T27n1545_007:0035b05_7']	答若有增上意樂。	答若有增上意樂。	Answer: If one has superior intention,
['T27n1545_007:0035b05_12']	欣求涅槃。	欣求涅槃。	Rejoices in seeking nirvana,
['T27n1545_007:0035b05_18']	厭背生死者。	厭背生死者。	And turns away from birth and death,
['T27n1545_007:0035b06_8']	隨起少分施戒聞善。	隨起少分施戒聞善。	Then according to the small amount of giving, morality, and hearing goodness one gives rise to,
['T27n1545_007:0035b06_17']	即能決定種此善根。	即能決定種此善根。	One is definitely able to plant these roots of goodness.
['T27n1545_007:0035b07_5']	若無增上意樂。	若無增上意樂。	If one does not have superior intention,
['T27n1545_007:0035b07_10']	欣求涅槃。	欣求涅槃。	Rejoices in seeking nirvana,
['T27n1545_007:0035b07_16']	厭背生死者。	厭背生死者。	And turns away from birth and death,
['T27n1545_007:0035b08_7']	雖起多分施戒聞善。	雖起多分施戒聞善。	Then even if one gives rise to much giving, morality, and hearing goodness,
['T27n1545_007:0035b08_16']	而亦不能種此善根。	而亦不能種此善根。	but they are also unable to plant these wholesome roots.
['T27n1545_007:0035b09_8']	問若有種殖此善根已。	問若有種殖此善根已。	Question: If there are those who have already planted these wholesome roots,
['T27n1545_007:0035b10_1']	為經久如能得解脫。	為經久如能得解脫。	how long will it take them to attain liberation?
['T27n1545_007:0035b10_7']	答若極速者。	答若極速者。	Answer: If it is the fastest,
['T27n1545_007:0035b10_12']	要經三生。	要經三生。	it will take three lifetimes.
['T27n1545_007:0035b11_2']	謂初生中種此種子。	謂初生中種此種子。	In the first lifetime, they plant these seeds.
['T27n1545_007:0035b11_11']	第二生中令其成熟。	第二生中令其成熟。	In the second lifetime, they cause them to mature.
['T27n1545_007:0035b12_1']	第三生中即能解脫。	第三生中即能解脫。	In the third lifetime, they are able to attain liberation.
['T27n1545_007:0035b12_6']	餘則不定。	餘則不定。	The rest is indefinite.
['T27n1545_007:0035b13_1']	謂或有人種順解脫分善根已。	謂或有人種順解脫分善根已。	This means that there may be some people who have already planted the wholesome roots that accord with liberation,
['T27n1545_007:0035b13_6', 'T27n1545_007:0035b13_11']	或經一劫。🔽或經百劫。	或經一劫。 或經百劫。	but after one kalpa,🔽or a hundred kalpas,
['T27n1545_007:0035b14_1']	或經千劫流轉生死。	或經千劫流轉生死。	or a thousand kalpas of transmigration through birth and death,
['T27n1545_007:0035b14_10']	而不能起順決擇分。	而不能起順決擇分。	they are still unable to give rise to the wholesome roots that accord with decisive discernment.
['T27n1545_007:0035b14_15']	或復有人。	或復有人。	Or there may be some people
['T27n1545_007:0035b15_5']	起順決擇分善根已。	起順決擇分善根已。	who have already given rise to the wholesome roots that accord with decisive discernment,
['T27n1545_007:0035b15_10', 'T27n1545_007:0035b15_15']	或經一生。🔽或經百生。	或經一生。 或經百生。	but after one lifetime,🔽or a hundred lifetimes,
['T27n1545_007:0035b16_5']	或經千生流轉生死。	或經千生流轉生死。	or a thousand lifetimes of transmigration through birth and death,
['T27n1545_007:0035b16_14']	而不能入正性離生。	而不能入正性離生。	they are still unable to enter the state of certainty beyond birth.
['T27n1545_007:0035b17_1']	順解脫分。	順解脫分。	The factors that accord with liberation
['T27n1545_007:0035b17_6']	亦有六種。	亦有六種。	also have six kinds,
['T27n1545_007:0035b17_12']	謂退法種性。	謂退法種性。	namely the spiritual lineage that regresses,
['T27n1545_007:0035b17_17']	乃至不動。	乃至不動。	up to the immovable.
['T27n1545_007:0035b18_3', 'T27n1545_007:0035b18_13']	法種性。🔽轉退法種性順解脫分。	法種性。 轉退法種性順解脫分。	Dharma-gotra.🔽Turning from the gotra of one who is liable to regress to the stage of heat conducive to liberation.
['T27n1545_007:0035b19_4', 'T27n1545_007:0035b19_16']	起思法種性順解脫分。🔽乃至轉堪達種性順解脫分。	起思法種性順解脫分。 乃至轉堪達種性順解脫分。	Giving rise to the gotra of one who contemplates to the stage of heat conducive to liberation.🔽Up to turning from the gotra of one who penetrates to the stage of heat conducive to liberation.
['T27n1545_007:0035b20_8']	起不動法種性順解脫分。	起不動法種性順解脫分。	Giving rise to the gotra of one who is unshakable to the stage of heat conducive to liberation.
['T27n1545_007:0035b20_18', 'T27n1545_007:0035b21_11']	轉聲聞種性順解脫分。🔽起獨覺及佛種性順解脫分。	轉聲聞種性順解脫分。 起獨覺及佛種性順解脫分。	Turning from the gotra of a śrāvaka to the stage of heat conducive to liberation.🔽Giving rise to the gotra of a pratyekabuddha and a buddha to the stage of heat conducive to liberation.
['T27n1545_007:0035b22_3', 'T27n1545_007:0035b22_15']	轉獨覺種性順解脫分。🔽起聲聞及佛種性順解脫分。	轉獨覺種性順解脫分。 起聲聞及佛種性順解脫分。	Turning from the gotra of a pratyekabuddha to the stage of heat conducive to liberation.🔽Giving rise to the gotra of a śrāvaka and a buddha to the stage of heat conducive to liberation.
['T27n1545_007:0035b23_7']	若起佛種性順解脫分已。	若起佛種性順解脫分已。	If one has already given rise to the gotra of a buddha to the stage of heat conducive to liberation.
['T27n1545_007:0035b23_16']	則不可轉極猛利故。	則不可轉極猛利故。	Then it cannot be turned because it is extremely intense.
['T27n1545_007:0035b24_8']	問煖加行中有生滅觀。	問煖加行中有生滅觀。	Question: In the preparatory stage of heat, there is the contemplation of arising and ceasing.
['T27n1545_007:0035b24_17']	此生滅觀加行云何。	此生滅觀加行云何。	What is the preparatory practice of this contemplation of arising and ceasing?
['T27n1545_007:0035b25_4']	答諸瑜伽師。	答諸瑜伽師。	Answer: The yoga practitioners.
['T27n1545_007:0035b25_9']	將觀生滅。	將觀生滅。	Before contemplating arising and ceasing.
['T27n1545_007:0035b25_18']	先取內外興衰相已。	先取內外興衰相已。	First take the signs of rise and fall of internal and external, and then.
['T27n1545_007:0035b26_4']	還所住處。	還所住處。	Return to the place of residence.
['T27n1545_007:0035b26_9']	調適身心。	調適身心。	Adjust the body and mind.
['T27n1545_007:0035b26_18']	觀一期身前生後滅。	觀一期身前生後滅。	Contemplate the body before birth and after death in one lifetime.
['T27n1545_007:0035b27_4']	次觀分位。	次觀分位。	Next, contemplate the state.
['T27n1545_007:0035b27_11']	次年次時次月。	次年次時次月。	The next year, the next month,
['T27n1545_007:0035b27_19', 'T27n1545_007:0035b28_5']	次半月次一晝夜。🔽次牟呼栗多。	次半月次一晝夜。 次牟呼栗多。	The next half month, the next day and night,🔽The next muhūrta,
['T27n1545_007:0035b28_9']	次臘縛。	次臘縛。	The next lava,
['T27n1545_007:0035b28_14']	次怛剎那。	次怛剎那。	The next tatksana,
['T27n1545_007:0035b28_19']	次復漸減。	次復漸減。	And then gradually decreasing,
['T27n1545_007:0035b29_7']	乃至於一切有為法。	乃至於一切有為法。	Up to all conditioned dharmas,
['T27n1545_007:0035b29_17']	觀二剎那生二剎那滅。	觀二剎那生二剎那滅。	Contemplating two kṣaṇas arising and two kṣaṇas ceasing.
['T27n1545_007:0035c01_7']	齊此名為加行成滿。	齊此名為加行成滿。	This is called the completion of the preparatory practice.
['T27n1545_007:0035c01_14']	次復於有為法。	次復於有為法。	Next, with regard to conditioned dharmas,
['T27n1545_007:0035c02_6']	觀一剎那生一剎那滅。	觀一剎那生一剎那滅。	Contemplating one kṣaṇa arising and one kṣaṇa ceasing,
['T27n1545_007:0035c02_15']	此則名為生滅觀成。	此則名為生滅觀成。	This is called the accomplishment of the contemplation of arising and ceasing.
['T27n1545_007:0035c03_2']	問此生滅觀。	問此生滅觀。	Question: With regard to this contemplation of arising and ceasing,
['T27n1545_007:0035c03_7']	觀生滅時。	觀生滅時。	When contemplating arising and ceasing,
['T27n1545_007:0035c03_12']	為一心觀。	為一心觀。	Is it a single mind that contemplates,
['T27n1545_007:0035c03_17']	為二心觀。	為二心觀。	Or is it two minds that contemplate?
['T27n1545_007:0035c04_4']	若一心觀者。	若一心觀者。	If it is a single mind that contemplates,
['T27n1545_007:0035c04_9']	為作一解。	為作一解。	Does it form a single understanding,
['T27n1545_007:0035c04_14']	為作二解。	為作二解。	Or does it form two understandings?
['T27n1545_007:0035c05_2']	若作一解者。	若作一解者。	If it forms a single understanding,
['T27n1545_007:0035c05_8']	如觀生為生。	如觀生為生。	Just as one contemplates arising as arising,
['T27n1545_007:0035c05_15']	亦應觀滅為生。	亦應觀滅為生。	One should also contemplate ceasing as arising.
['T27n1545_007:0035c06_6']	觀生為生可名正觀。	觀生為生可名正觀。	Contemplating arising as arising can be called right contemplation.
['T27n1545_007:0035c06_15']	觀滅為生應是邪觀。	觀滅為生應是邪觀。	Contemplating ceasing as arising should be wrong contemplation.
['T27n1545_007:0035c07_10']	如觀滅為滅亦應觀生為滅。	如觀滅為滅亦應觀生為滅。	Just as one contemplates ceasing as ceasing, one should also contemplate arising as ceasing.
['T27n1545_007:0035c08_3']	觀滅為滅可名正觀。	觀滅為滅可名正觀。	Contemplating cessation as cessation can be called right contemplation.
['T27n1545_007:0035c08_12', 'T27n1545_007:0035c08_17']	觀生為滅應是邪觀。🔽如何一解。	觀生為滅應是邪觀。 如何一解。	Contemplating arising as cessation should be wrong contemplation.
['T27n1545_007:0035c09_3']	亦正亦邪。	亦正亦邪。	How can one understanding be both right and wrong?
['T27n1545_007:0035c09_9']	若作二解者。	若作二解者。	If there are two understandings,
['T27n1545_007:0035c09_14', 'T27n1545_007:0035c09_19']	應有二體。🔽一心二體。	應有二體。 一心二體。	there should be two natures.
['T27n1545_007:0035c10_4']	無有是處。	無有是處。	One mind with two natures is impossible.
['T27n1545_007:0035c10_10']	若二心觀者。	若二心觀者。	If there are two mental contemplations,
['T27n1545_007:0035c10_15']	一心觀生。	一心觀生。	one mind contemplates arising,
['T27n1545_007:0035c11_1']	一心觀滅。	一心觀滅。	one mind contemplates cessation.
['T27n1545_007:0035c11_7']	應無生滅觀。	應無生滅觀。	There should be no contemplation of arising and cessation.
['T27n1545_007:0035c11_16']	云何名為生滅觀耶。	云何名為生滅觀耶。	How can it be called the contemplation of arising and cessation?
['T27n1545_007:0035c12_3']	答二剎那頃。	答二剎那頃。	Answer: In two moments,
['T27n1545_007:0035c12_8']	一心觀生。	一心觀生。	one mind contemplates arising,
['T27n1545_007:0035c12_13']	一心觀滅。	一心觀滅。	one mind contemplates cessation.
['T27n1545_007:0035c13_3']	依相續說名生滅觀。	依相續說名生滅觀。	Based on continuity, it is called the contemplation of arising and cessation.
['T27n1545_007:0035c13_8']	不依剎那。	不依剎那。	Not based on a moment.
['T27n1545_007:0035c13_13']	故無有失。	故無有失。	Therefore there is no fault.
['T27n1545_007:0035c13_16']	有說。	有說。	Some say:
['T27n1545_007:0035c14_4']	一心雙觀生滅。	一心雙觀生滅。	One mind simultaneously contemplates arising and cessation.
['T27n1545_007:0035c14_13']	而無如前所說過失。	而無如前所說過失。	But there is no fault as explained above.
['T27n1545_007:0035c15_4', 'T27n1545_007:0035c15_9']	以見生時比知有滅。🔽以有生法。	以見生時比知有滅。 以有生法。	When seeing arising, one infers that there is cessation.
['T27n1545_007:0035c15_14']	必有滅故。	必有滅故。	Because any dharma that arises must have cessation.
['T27n1545_007:0035c16_5']	若見滅時比知有生。	若見滅時比知有生。	If one sees cessation, one infers that there is arising.
['T27n1545_007:0035c16_14']	以有滅法必有生故。	以有滅法必有生故。	Because any dharma that ceases must have arisen.
['T27n1545_007:0035c16_17']	評曰。	評曰。	The commentary says:
['T27n1545_007:0035c17_4']	彼說非理。	彼說非理。	Their explanation is unreasonable.
['T27n1545_007:0035c17_13']	云何一心可有二解。	云何一心可有二解。	How can a single mind have two understandings?
['T27n1545_007:0035c18_4']	現比二量體不同故。	現比二量體不同故。	Because the nature of the two valid cognitions of direct perception and inference is different.
['T27n1545_007:0035c18_9']	前說為善。	前說為善。	The previous explanation is correct.
['T27n1545_007:0035c18_15']	問此生滅觀。	問此生滅觀。	Question: Is this contemplation of arising and ceasing
['T27n1545_007:0035c19_3']	為勝解作意。	為勝解作意。	an intention of decisive understanding,
['T27n1545_007:0035c19_9']	為真實作意。	為真實作意。	or an intention of true reality?
['T27n1545_007:0035c19_12']	有說。	有說。	Some say:
['T27n1545_007:0035c19_17']	真實作意。	真實作意。	an intention of true reality.
['T27n1545_007:0035c20_8']	問若爾諸行實無來去。	問若爾諸行實無來去。	Question: If so, since the activities of dharmas are truly without coming and going,
['T27n1545_007:0035c20_17']	見有來去云何真實。	見有來去云何真實。	how can it be true reality to see coming and going?
['T27n1545_007:0035c21_9']	答此觀未成見有來去。	答此觀未成見有來去。	Answer: This contemplation, when not yet accomplished, sees coming and going.
['T27n1545_007:0035c21_16']	成時但見生滅。	成時但見生滅。	When accomplished, it only sees arising and ceasing.
['T27n1545_007:0035c22_6']	不見有去來相。	不見有去來相。	It does not see the characteristics of coming and going.
['T27n1545_007:0035c22_11']	如舞獨樂。	如舞獨樂。	Like a solo dance,
['T27n1545_007:0035c23_3', 'T27n1545_007:0035c23_8']	緩見來去急則不見。🔽旋火輪喻。	緩見來去急則不見。 旋火輪喻。	when seen slowly there is coming and going, but when seen quickly it is not seen.🔽The analogy of a spinning fire wheel,
['T27n1545_007:0035c23_13']	陶家輪喻。	陶家輪喻。	the analogy of a potter's wheel,
['T27n1545_007:0035c23_18']	應知亦爾。	應知亦爾。	should be understood in the same way.
['T27n1545_007:0035c24_2']	有說。	有說。	Some say:
['T27n1545_007:0035c24_7', 'T27n1545_007:0035c24_15']	勝解作意。🔽問若爾伽他所說。	勝解作意。 問若爾伽他所說。	an intention of decisive understanding.
['T27n1545_007:0035c25_1']	當云何通。	當云何通。	Question: If so, how can we understand the following verse?
['T27n1545_007:0035c25_4']	如說。	如說。	It says:
['T27n1545_007:0035c26_0']	若有知見能盡漏　　若無知見云何盡	若有知見能盡漏　　若無知見云何盡	If there is knowing and seeing, one can exhaust the defilements. If there is no knowing and seeing, how can they be exhausted?
['T27n1545_007:0035c27_0']	若能觀蘊生滅者　　是則解脫煩惱意	若能觀蘊生滅者　　是則解脫煩惱意	If one can contemplate the arising and ceasing of the aggregates, then one will liberate the mind from afflictions.
['T27n1545_007:0035c28_9']	非勝解作意能斷煩惱。	非勝解作意能斷煩惱。	The intention of superior understanding cannot eliminate afflictions.
['T27n1545_007:0035c28_15']	答依傳因說。	答依傳因說。	The answer is based on the transmission of causes.
['T27n1545_007:0035c29_2']	如子孫法。	如子孫法。	Like the method of descendants.
['T27n1545_007:0035c29_8']	謂勝解作意。	謂勝解作意。	That is to say, the intention of superior understanding.
['T27n1545_007:0035c29_15']	引生真實作意。	引生真實作意。	Leads to the arising of the true intention.
['T27n1545_007:0036a01_2']	由真實作意。	由真實作意。	By means of the true intention.
['T27n1545_007:0036a01_7']	斷諸煩惱。	斷諸煩惱。	It eliminates all afflictions.
['T27n1545_007:0036a01_12']	故不相違。	故不相違。	Therefore, there is no contradiction.🔽Here is the corrected and aligned text:
['T27n1545_007:0036a02_100']	說一切有部發智大毘婆沙論卷第七	說一切有部發智大毘婆沙論卷第七	Sarvâstivāda Abhidharma-mahāvibhāṣā-śāstra, fascicle 7
