segmentnr	original	analyzed	translated
['T27n1545_108:0557a09_0']	阿毘達磨大毘婆沙論卷第一百	阿毘達磨大毘婆沙論卷第一百	Abhidharma-mahāvibhāṣā-śāstra, fascicle 100
['T27n1545_108:0557a10_0']	八	八	eighth
['T27n1545_108:0557a12_0']	五百大阿羅漢等造	五百大阿羅漢等造	composed by 500 great arhats and others
['T27n1545_108:0557a15_13']	三藏法師玄奘奉　詔譯4智蘊第三中修智納息第四之四諸結法智斷彼結滅法智作證耶。	三藏法師玄奘奉　詔譯4智蘊第三中修智納息第四之四諸結法智斷彼結滅法智作證耶。	tripiṭaka master Xuanzang respectfully received
['T27n1545_108:0557a15_18']	乃至廣說。	乃至廣說。	and so on at length.
['T27n1545_108:0557a16_6']	問何故作此論。	問何故作此論。	Question: Why was this treatise composed?
['T27n1545_108:0557a16_16']	答為止他宗顯正理故。	答為止他宗顯正理故。	Answer: In order to stop other schools and reveal the correct principle.
['T27n1545_108:0557a17_3']	謂或有執。	謂或有執。	That is to say, some hold the view
['T27n1545_108:0557a17_11']	無間道斷諸結得。	無間道斷諸結得。	that the path of no-more-training severs the acquisition of all bonds,
['T27n1545_108:0557a18_1']	解脫道證彼滅得。	解脫道證彼滅得。	and the path of liberation realizes the acquisition of their cessation.
['T27n1545_108:0557a18_8']	如外國諸論師。	如外國諸論師。	Like the non-Buddhist masters.
['T27n1545_108:0557a19_9']	為遮彼意顯無間道能斷諸結得亦證彼滅得。	為遮彼意顯無間道能斷諸結得亦證彼滅得。	In order to refute their intention and reveal that the path of no-more-training can sever the acquisition of all bonds and also realize the acquisition of their cessation,
['T27n1545_108:0557a20_1']	若無間道唯斷結得。	若無間道唯斷結得。	if the path of no-more-training only severs the acquisition of bonds,
['T27n1545_108:0557a20_16']	解脫道方能證彼滅得者便違此說。	解脫道方能證彼滅得者便違此說。	and the path of liberation is able to realize the acquisition of their cessation, then this would contradict the following statement.
['T27n1545_108:0557a21_4']	諸結法智斷。	諸結法智斷。	The bonds are severed by the cognition of dharmas.
['T27n1545_108:0557a21_13']	彼結滅法智作證等。	彼結滅法智作證等。	Those bonds are realized by the cognition of dharmas.
['T27n1545_108:0557a22_12']	若以滅道法智究竟離非想非非想處染者。	若以滅道法智究竟離非想非非想處染者。	If one is ultimately freed from the defilements of the sphere of neither-perception-nor-non-perception by means of the cognition of dharmas and the path of liberation,
['T27n1545_108:0557a23_4']	彼以法智為無間道。	彼以法智為無間道。	then the cognition of dharmas serves as the path of no-more-training,
['T27n1545_108:0557a23_11']	類智為解脫道。	類智為解脫道。	and the cognition of subsequent understanding serves as the path of liberation.
['T27n1545_108:0557a24_3']	如何可說諸結法智斷。	如何可說諸結法智斷。	How can it be said that the bonds are eliminated by the knowledge of dharmas,
['T27n1545_108:0557a24_13']	彼結滅即法智作證耶。	彼結滅即法智作證耶。	and that the cessation of those bonds is realized by the knowledge of dharmas?
['T27n1545_108:0557a24_18']	是故應知。	是故應知。	Therefore, one should know that
['T27n1545_108:0557a25_7']	無間道能斷諸結得。	無間道能斷諸結得。	the uninterrupted path is able to eliminate the bonds and obtain their attainment,
['T27n1545_108:0557a25_13']	亦證彼滅得。	亦證彼滅得。	and also realize the attainment of their cessation.
['T27n1545_108:0557a25_18']	理不可違。	理不可違。	This principle cannot be violated.
['T27n1545_108:0557a26_8']	由此因緣故作斯論。	由此因緣故作斯論。	For this reason, this treatise is composed.
['T27n1545_108:0557a26_14']	諸結法智斷。	諸結法智斷。	Are the bonds eliminated by the knowledge of dharmas
['T27n1545_108:0557a27_5']	彼結滅法智作證耶。	彼結滅法智作證耶。	realized as the cessation of those bonds by the knowledge of dharmas?
['T27n1545_108:0557a27_12']	答諸結法智斷。	答諸結法智斷。	Answer: The bonds eliminated by the knowledge of dharmas
['T27n1545_108:0557a28_1']	彼結滅法智作證。	彼結滅法智作證。	are realized as the cessation of those bonds by the knowledge of dharmas.
['T27n1545_108:0557a28_10']	謂隨法智為無間道。	謂隨法智為無間道。	That is to say, following the knowledge of dharmas as the uninterrupted path,
['T27n1545_108:0557a28_15']	斷爾所結。	斷爾所結。	eliminating those bonds,
['T27n1545_108:0557a29_9']	此無間道即能證彼爾所滅故。	此無間道即能證彼爾所滅故。	this uninterrupted path is then able to realize the cessation of those bonds.
['T27n1545_108:0557b01_5']	有結滅法智作證彼結非法智斷。	有結滅法智作證彼結非法智斷。	There are bonds whose cessation is realized by the knowledge of dharmas, but those bonds are not eliminated by the knowledge of dharmas.
['T27n1545_108:0557b01_10']	謂或忍斷。	謂或忍斷。	That is to say, either eliminated by patience,
['T27n1545_108:0557b01_15']	或餘智斷。	或餘智斷。	or eliminated by other knowledges.
['T27n1545_108:0557b02_3']	彼結滅法智作證。	彼結滅法智作證。	The cessation of those bonds is realized by the knowledge of dharmas.
['T27n1545_108:0557b02_8']	如預流者。	如預流者。	Like the one who has entered the stream,
['T27n1545_108:0557b03_6']	以世俗道斷欲界一品乃至五品結已。	以世俗道斷欲界一品乃至五品結已。	having eliminated the bonds of the desire realm from the first to the fifth categories by means of the worldly path,
['T27n1545_108:0557b03_15']	復以法智為無間道。	復以法智為無間道。	and then using the knowledge of dharmas as the uninterrupted path,
['T27n1545_108:0557b04_6']	斷第六品得一來果。	斷第六品得一來果。	Attaining the fruit of once-returning by severing the sixth category.
['T27n1545_108:0557b04_14']	爾時無間道法智。	爾時無間道法智。	At that time, the uninterrupted path of Dharma knowledge.
['T27n1545_108:0557b05_8']	證先忍所斷三界見所斷結滅。	證先忍所斷三界見所斷結滅。	Realizes the cessation of the bonds to be eliminated by seeing the three realms that were previously severed by patience.
['T27n1545_108:0557b05_17']	及證先世俗智所斷。	及證先世俗智所斷。	And realizes the cessation of the bonds to be eliminated by the prior conventional knowledge.
['T27n1545_108:0557b06_9']	欲界前五品修所斷結滅。	欲界前五品修所斷結滅。	The bonds to be eliminated by cultivation in the first five categories of the desire realm.
['T27n1545_108:0557b07_9']	一來者以世俗道斷欲界第七第八品結已。	一來者以世俗道斷欲界第七第八品結已。	The once-returner, having severed the seventh and eighth categories of bonds in the desire realm by the conventional path,
['T27n1545_108:0557b08_1']	復以法智為無間道。	復以法智為無間道。	Again, using Dharma knowledge as the uninterrupted path.
['T27n1545_108:0557b08_10']	斷第九品得不還果。	斷第九品得不還果。	Severing the ninth category, attains the fruit of non-returning.
['T27n1545_108:0557b08_18']	爾時無間道法智。	爾時無間道法智。	At that time, the uninterrupted path of Dharma knowledge.
['T27n1545_108:0557b09_12']	證先忍所斷三界見所斷結滅。	證先忍所斷三界見所斷結滅。	Realizes the cessation of the bonds to be eliminated by seeing the three realms that were previously severed by patience.
['T27n1545_108:0557b10_3']	及證先世俗智所斷。	及證先世俗智所斷。	And realizes the cessation of the bonds to be eliminated by the prior conventional knowledge.
['T27n1545_108:0557b10_14']	欲界前八品修所斷結滅。	欲界前八品修所斷結滅。	The bonds to be eliminated by cultivation in the first eight categories of the desire realm.
['T27n1545_108:0557b11_6']	不還者以世俗道或類智。	不還者以世俗道或類智。	The non-returner, using the conventional path or the knowledge of the realm,
['T27n1545_108:0557b11_18']	離初靜慮乃至無所有處染。	離初靜慮乃至無所有處染。	Frees oneself from the defilements up to the sphere of nothingness.
['T27n1545_108:0557b12_14']	以類智斷非想非非想處八品結已。	以類智斷非想非非想處八品結已。	Having severed the eight categories of bonds in the sphere of neither-perception-nor-non-perception by the knowledge of the realm,
['T27n1545_108:0557b13_6']	復以法智為無間道。	復以法智為無間道。	Again, using Dharma knowledge as the uninterrupted path.
['T27n1545_108:0557b13_15']	斷第九品得無學果。	斷第九品得無學果。	Severing the ninth category, attains the fruit of arhatship.
['T27n1545_108:0557b14_5']	爾時無間道法智。	爾時無間道法智。	At that time, the uninterrupted path of dharma cognition
['T27n1545_108:0557b14_18']	證先忍所斷三界見所斷結滅。	證先忍所斷三界見所斷結滅。	realizes the cessation of the bonds to be eliminated by seeing in the three realms that were previously eliminated by the forbearance of non-arising,
['T27n1545_108:0557b15_14']	及證先世俗智所斷欲界修所斷結。	及證先世俗智所斷欲界修所斷結。	and realizes the cessation of the bonds to be eliminated in the realm of desire that were previously eliminated by the conventional cognition,
['T27n1545_108:0557b16_12']	滅類智世俗智所斷七地修所斷結滅。	滅類智世俗智所斷七地修所斷結滅。	and the cessation of the bonds to be eliminated in the seven stages by the cognition of similarity and conventional cognition.
['T27n1545_108:0557b17_13']	類智所斷非想非非想處前八品修所斷結滅。	類智所斷非想非非想處前八品修所斷結滅。	The cessation of the bonds to be eliminated in the eighth stage and below of the base of neither-perception-nor-non-perception by the cognition of similarity.
['T27n1545_108:0557b18_5']	如是諸結滅法智作證。	如是諸結滅法智作證。	In this way, the cessation of these bonds is realized by dharma cognition.
['T27n1545_108:0557b18_12', 'T27n1545_108:0557b18_18']	彼結非法智斷。🔽諸結類智斷。	彼結非法智斷。 諸結類智斷。	Those bonds are not eliminated by dharma cognition.🔽As for the bonds eliminated by the cognition of similarity,
['T27n1545_108:0557b19_7']	彼結滅類智作證耶。	彼結滅類智作證耶。	is the cessation of those bonds realized by the cognition of similarity?
['T27n1545_108:0557b19_14']	答諸結類智斷。	答諸結類智斷。	Answer: The bonds eliminated by the cognition of similarity,
['T27n1545_108:0557b20_3']	彼結滅類智作證。	彼結滅類智作證。	the cessation of those bonds is realized by the cognition of similarity.
['T27n1545_108:0557b20_12']	謂隨類智為無間道。	謂隨類智為無間道。	That is to say, following the cognition of similarity as the uninterrupted path,
['T27n1545_108:0557b20_17']	斷爾所結。	斷爾所結。	eliminating those bonds,
['T27n1545_108:0557b21_11']	此無間道即能證彼爾所滅故。	此無間道即能證彼爾所滅故。	this uninterrupted path is then able to realize the cessation of those bonds.
['T27n1545_108:0557b22_1']	有結滅類智作證。	有結滅類智作證。	There is the realization of the cessation of bonds,
['T27n1545_108:0557b22_16']	彼結非類智斷謂或忍斷或餘智斷。	彼結非類智斷謂或忍斷或餘智斷。	but those bonds are not eliminated by the cognition of similarity, that is to say, they are eliminated by forbearance or by other cognitions.
['T27n1545_108:0557b24_9']	彼結滅類智作證如諸聖者以法智或世俗道離欲界乃至無所有處染。	彼結滅類智作證如諸聖者以法智或世俗道離欲界乃至無所有處染。	The extinction of those bonds is realized by the knowledge of subsequent cognition, just as the noble ones, by means of the knowledge of dharmas or the worldly path, are free from the defilements of the desire realm up to the sphere of nothingness.
['T27n1545_108:0557b25_6']	以法智斷非想非非想處八品結已。	以法智斷非想非非想處八品結已。	Having eliminated the eight categories of bonds in the sphere of neither-perception-nor-non-perception by means of the knowledge of dharmas,
['T27n1545_108:0557b26_2']	復以類智斷第九品得無學果。	復以類智斷第九品得無學果。	they then eliminate the ninth category by means of the knowledge of subsequent cognition and attain the fruit of arhatship.
['T27n1545_108:0557b26_10']	爾時無間道類智。	爾時無間道類智。	At that time, the knowledge of subsequent cognition in the uninterrupted path
['T27n1545_108:0557b27_4']	證先忍所斷三界見所斷結滅。	證先忍所斷三界見所斷結滅。	realizes the extinction of the bonds to be eliminated by insight in the three realms that were previously eliminated by the acceptance of subsequent cognition,
['T27n1545_108:0557b28_4']	及證先法智世俗智所斷八地修所斷結滅。	及證先法智世俗智所斷八地修所斷結滅。	and realizes the extinction of the bonds to be eliminated in the eight stages by the knowledge of dharmas and the conventional knowledge.
['T27n1545_108:0557b28_15']	法智所斷非想非非想處。	法智所斷非想非非想處。	The extinction of the bonds to be eliminated in the sphere of neither-perception-nor-non-perception by the knowledge of dharmas,
['T27n1545_108:0557b29_5']	前八品修所斷結滅。	前八品修所斷結滅。	and the extinction of the bonds to be eliminated in the previous eight categories by cultivation.
['T27n1545_108:0557b29_15']	如是諸結滅類智作證。	如是諸結滅類智作證。	The extinction of these bonds is realized by the knowledge of subsequent cognition.
['T27n1545_108:0557c01_3', 'T27n1545_108:0557c01_17']	彼結非類智斷。🔽諸結苦智斷彼結滅苦智作證耶。	彼結非類智斷。 諸結苦智斷彼結滅苦智作證耶。	Those bonds are not eliminated by the knowledge of subsequent cognition.🔽Are all the bonds eliminated by the knowledge of suffering realized by the knowledge of suffering?
['T27n1545_108:0557c02_12']	答諸結苦智斷彼結滅苦智作證。	答諸結苦智斷彼結滅苦智作證。	The answer is: All the bonds eliminated by the knowledge of suffering are realized by the knowledge of suffering.
['T27n1545_108:0557c03_3']	謂隨苦智為無間道。	謂隨苦智為無間道。	Namely, following the knowledge of suffering as the uninterrupted path,
['T27n1545_108:0557c03_8']	斷爾所結。	斷爾所結。	eliminating that many bonds.
['T27n1545_108:0557c04_2']	此無間道即能證彼爾所滅故。	此無間道即能證彼爾所滅故。	Because this uninterrupted path is able to realize the cessation of those [afflictions].
['T27n1545_108:0557c04_16']	有結滅苦智作證彼結非苦智斷。	有結滅苦智作證彼結非苦智斷。	There are bonds whose cessation is realized by the knowledge of suffering, but those bonds are not eliminated by the knowledge of suffering.
['T27n1545_108:0557c05_2']	謂或忍斷。	謂或忍斷。	This means that they are eliminated by patience,
['T27n1545_108:0557c05_7']	或餘智斷。	或餘智斷。	or eliminated by other knowledges.
['T27n1545_108:0557c05_15']	彼結滅苦智作證。	彼結滅苦智作證。	The cessation of those bonds is realized by the knowledge of suffering.
['T27n1545_108:0557c06_1']	如預流者。	如預流者。	It is like the case of the stream-enterer.
['T27n1545_108:0557c06_11']	以世俗道或集滅道智。	以世俗道或集滅道智。	Using the conventional path, or the knowledge of the accumulation, cessation, or path,
['T27n1545_108:0557c07_4']	斷欲界一品乃至五品結已。	斷欲界一品乃至五品結已。	having already eliminated one to five categories of bonds of the desire realm,
['T27n1545_108:0557c07_17']	復以苦智為無間道斷第六品。	復以苦智為無間道斷第六品。	he then uses the knowledge of suffering as the uninterrupted path to eliminate the sixth category.
['T27n1545_108:0557c08_7']	爾時無間道苦智。	爾時無間道苦智。	At that time, the uninterrupted path of the knowledge of suffering
['T27n1545_108:0557c09_2']	證先忍所斷三界見所斷結滅。	證先忍所斷三界見所斷結滅。	realizes the cessation of the bonds eliminated by seeing of the three realms, which were previously eliminated by patience,
['T27n1545_108:0557c10_6']	及證先世俗集滅道智所斷欲界前五品修所斷結滅。	及證先世俗集滅道智所斷欲界前五品修所斷結滅。	and realizes the cessation of the bonds eliminated by cultivation in the desire realm, which were previously eliminated by the conventional knowledge of the accumulation, cessation, or path.
['T27n1545_108:0557c11_11']	一來者以世俗道及集滅道智斷欲界第七第八品結已。	一來者以世俗道及集滅道智斷欲界第七第八品結已。	The once-returner, having already eliminated the seventh and eighth categories of bonds of the desire realm using the conventional path and the knowledge of the accumulation, cessation, or path,
['T27n1545_108:0557c12_3']	復以苦智為無間道。	復以苦智為無間道。	then uses the knowledge of suffering as the uninterrupted path
['T27n1545_108:0557c12_12']	斷第九品得不還果。	斷第九品得不還果。	to eliminate the ninth category and attain the fruit of non-returner.
['T27n1545_108:0557c13_2']	爾時無間道苦智。	爾時無間道苦智。	At that time, the uninterrupted path of the knowledge of suffering
['T27n1545_108:0557c13_15', 'T27n1545_108:0557c14_8']	證先忍所斷三界見所斷結滅。🔽及證先世俗集滅道智所斷。	證先忍所斷三界見所斷結滅。 及證先世俗集滅道智所斷。	Attaining the cessation of the bonds of the three realms that are to be eliminated by seeing, which were previously eliminated by the acceptance of the truth of suffering.
['T27n1545_108:0557c15_1']	欲界前八品修所斷結滅。	欲界前八品修所斷結滅。	And attaining the cessation of the bonds of the desire realm that are to be eliminated by the knowledge of the truth of origination, cessation, and path, which were previously eliminated by the conventional knowledge of the truth of origination, cessation, and path.
['T27n1545_108:0557c15_14']	不還者以世俗道或集滅道智。	不還者以世俗道或集滅道智。	The non-returner, by means of the conventional path or the knowledge of the truth of origination, cessation, and path,
['T27n1545_108:0557c16_7']	離初靜慮乃至無所有處染。	離初靜慮乃至無所有處染。	is free from the defilements of the first meditative absorption up to the sphere of nothingness.
['T27n1545_108:0557c16_13']	以集滅道智。	以集滅道智。	By means of the knowledge of the truth of origination, cessation, and path,
['T27n1545_108:0557c17_6']	斷非想非非想處八品結已。	斷非想非非想處八品結已。	having eliminated the eight categories of bonds of the sphere of neither-perception-nor-non-perception,
['T27n1545_108:0557c17_15']	復以苦智為無間道。	復以苦智為無間道。	he then takes the knowledge of the truth of suffering as the uninterrupted path.
['T27n1545_108:0557c18_6']	斷第九品得無學果。	斷第九品得無學果。	Having eliminated the ninth category, he attains the fruit of arhatship.
['T27n1545_108:0557c18_12']	爾時無間道。	爾時無間道。	At that time, the uninterrupted path,
['T27n1545_108:0557c19_9']	苦智證先忍所斷三界見所斷結滅。	苦智證先忍所斷三界見所斷結滅。	the knowledge of the truth of suffering attains the cessation of the bonds of the three realms that are to be eliminated by seeing, which were previously eliminated by the acceptance of the truth of suffering.
['T27n1545_108:0557c20_3']	及證先世俗集滅道智所斷。	及證先世俗集滅道智所斷。	And attains the cessation of the bonds that are to be eliminated by the conventional knowledge of the truth of origination, cessation, and path,
['T27n1545_108:0557c20_11']	八地修所斷結滅。	八地修所斷結滅。	and the bonds that are to be eliminated by the knowledge of the truth of origination, cessation, and path in the eight stages of cultivation.
['T27n1545_108:0557c21_4']	集滅道所斷非想非非想處。	集滅道所斷非想非非想處。	The bonds that are to be eliminated by the knowledge of the truth of origination, cessation, and path in the sphere of neither-perception-nor-non-perception,
['T27n1545_108:0557c21_13']	前八品修所斷結滅。	前八品修所斷結滅。	and the bonds that are to be eliminated by the knowledge of the truth of origination, cessation, and path in the first eight categories of the sphere of neither-perception-nor-non-perception.
['T27n1545_108:0557c21_19']	如是諸結滅。	如是諸結滅。	These bonds are eliminated.
['T27n1545_108:0557c22_4']	苦智作證。	苦智作證。	The knowledge of the truth of suffering realizes them.
['T27n1545_108:0557c22_11']	彼結非苦智斷。	彼結非苦智斷。	Those bonds are not eliminated by the knowledge of the truth of suffering.
['T27n1545_108:0557c23_3']	如說苦智說集滅道智。	如說苦智說集滅道智。	It is like speaking of the cognition of suffering, speaking of the cognition of the accumulation, cessation, and path.
['T27n1545_108:0557c23_8']	應知亦爾。	應知亦爾。	One should know that it is also like this.
['T27n1545_108:0557c23_18']	問前門此門有何差別。	問前門此門有何差別。	Question: What is the difference between the previous section and this section?
['T27n1545_108:0557c24_12']	答諸有欲令無間道斷諸結得。	答諸有欲令無間道斷諸結得。	Answer: Those who wish to have the uninterrupted path sever the bonds and obtain,
['T27n1545_108:0557c25_4']	解脫道證彼滅得者。	解脫道證彼滅得者。	And the liberation path realize the attainment of cessation,
['T27n1545_108:0557c25_15']	彼說前門顯無間道作用。	彼說前門顯無間道作用。	They say that the previous section shows the function of the uninterrupted path,
['T27n1545_108:0557c26_5']	此門顯解脫道作用。	此門顯解脫道作用。	This section shows the function of the liberation path.
['T27n1545_108:0557c27_1']	諸有欲令無間道能斷諸結得。	諸有欲令無間道能斷諸結得。	Those who wish to have the uninterrupted path able to sever the bonds and obtain,
['T27n1545_108:0557c27_8']	亦證彼滅得者。	亦證彼滅得者。	And also realize the attainment of cessation,
['T27n1545_108:0557c28_9']	彼說前門顯無間道能斷諸結得及證彼滅得。	彼說前門顯無間道能斷諸結得及證彼滅得。	They say that the previous section shows the uninterrupted path able to sever the bonds and obtain, as well as realize the attainment of cessation,
['T27n1545_108:0557c29_5']	此門唯顯無間道證諸結滅得。	此門唯顯無間道證諸結滅得。	This section only shows the uninterrupted path realizing the attainment of the cessation of the bonds.
['T27n1545_108:0557c29_14']	如斷結得證彼滅得。	如斷結得證彼滅得。	Just as severing the attainment of bonds and realizing the attainment of cessation,
['T27n1545_108:0558a01_3']	捨過失修功德。	捨過失修功德。	Abandoning faults and cultivating merits,
['T27n1545_108:0558a01_10']	捨無義得有義。	捨無義得有義。	Abandoning meaninglessness and obtaining meaning,
['T27n1545_108:0558a01_17']	捨下劣得勝妙。	捨下劣得勝妙。	Abandoning inferiority and obtaining excellence,
['T27n1545_108:0558a02_4']	離愛染苦。	離愛染苦。	Separating from desire, defilement, and suffering,
['T27n1545_108:0558a02_9']	證寂靜樂。	證寂靜樂。	Realizing the bliss of tranquility,
['T27n1545_108:0558a02_14']	應知亦爾。	應知亦爾。	One should know that it is also like this.
['T27n1545_108:0558a03_5']	復次前門顯斷有為。	復次前門顯斷有為。	Furthermore, the previous section shows the severing of the conditioned,
['T27n1545_108:0558a03_12']	此門顯證無為。	此門顯證無為。	This section shows the realization of the unconditioned.
['T27n1545_108:0558a04_2']	復次前門顯頓斷。	復次前門顯頓斷。	Furthermore, the previous section shows sudden elimination.
['T27n1545_108:0558a04_8']	此門顯數斷。	此門顯數斷。	This section shows gradual elimination.
['T27n1545_108:0558a04_18']	復次前門顯斷時即證。	復次前門顯斷時即證。	Furthermore, the previous section shows that at the time of elimination, one realizes.
['T27n1545_108:0558a05_7']	此門顯先斷後證。	此門顯先斷後證。	This section shows that one first eliminates and then realizes.
['T27n1545_108:0558a06_14']	是謂前門此門差別眼根乃至無色界修所斷無明隨眠。	是謂前門此門差別眼根乃至無色界修所斷無明隨眠。	This is the difference between the previous section and this section. The latent tendencies of the eye faculty up to the ignorance eliminated by cultivation in the formless realm.
['T27n1545_108:0558a07_5']	於十智中幾智知耶。	於十智中幾智知耶。	Among the ten knowledges, how many knowledges know it?
['T27n1545_108:0558a07_10']	乃至廣說。	乃至廣說。	And so on, explaining in detail.
['T27n1545_108:0558a07_17']	問何故作此論。	問何故作此論。	Why is this treatise composed?
['T27n1545_108:0558a08_8']	答為止他宗顯正理故。	答為止他宗顯正理故。	The answer is: in order to stop other schools and reveal the correct principle.
['T27n1545_108:0558a08_13']	謂或有執。	謂或有執。	That is to say, some hold the view that
['T27n1545_108:0558a09_5']	有諸覺慧無所緣境。	有諸覺慧無所緣境。	there are some kinds of cognition that have no objects.
['T27n1545_108:0558a09_14']	如取幻事健達縛城。	如取幻事健達縛城。	Like grasping at illusions, gandharva cities,
['T27n1545_108:0558a10_9']	鏡像水月影光鹿愛旋火輪等。	鏡像水月影光鹿愛旋火輪等。	reflections in a mirror, water-moon, shadows, light, the mirage of a deer, and the whirling fire-wheel,
['T27n1545_108:0558a10_18']	種種覺慧皆無實境。	種種覺慧皆無實境。	the various kinds of cognition all have no real objects.
['T27n1545_108:0558a11_12']	為遮彼執顯諸覺慧皆實有境。	為遮彼執顯諸覺慧皆實有境。	In order to refute this view and show that all kinds of cognition do have real objects,
['T27n1545_108:0558a11_17']	或復有執。	或復有執。	or else, some hold the view that
['T27n1545_108:0558a12_8']	有能知智不知所知。	有能知智不知所知。	there is a knowing cognition that does not know what is to be known.
['T27n1545_108:0558a12_17']	有所知境非智所知。	有所知境非智所知。	There are objects to be known that are not known by cognition.
['T27n1545_108:0558a13_13']	為遮彼執顯無能知智不知所知。	為遮彼執顯無能知智不知所知。	In order to refute this view and show that there is no knowing cognition that does not know what is to be known,
['T27n1545_108:0558a14_7']	及無所知境非智所知。	及無所知境非智所知。	And the realm of the unknowable is not known by cognition.
['T27n1545_108:0558a14_16']	由此因緣故作斯論。	由此因緣故作斯論。	For this reason, this treatise is composed.
['T27n1545_108:0558a15_11']	若問攝應依十八界審思而答。	若問攝應依十八界審思而答。	If one asks about inclusion, one should answer after carefully considering the eighteen realms.
['T27n1545_108:0558a16_8']	若問識應依十二處審思而答。	若問識應依十二處審思而答。	If one asks about consciousness, one should answer after carefully considering the twelve sense bases.
['T27n1545_108:0558a17_4']	若問隨眠應依五部審思而答。	若問隨眠應依五部審思而答。	If one asks about latent tendencies, one should answer after carefully considering the five categories.
['T27n1545_108:0558a17_17']	若問智應依四聖諦審思而答。	若問智應依四聖諦審思而答。	If one asks about cognition, one should answer after carefully considering the four noble truths.
['T27n1545_108:0558a18_8']	如是諸法易可顯示。	如是諸法易可顯示。	In this way, these dharmas are easy to demonstrate.
['T27n1545_108:0558a18_13']	易可施設。	易可施設。	They are easy to establish.
['T27n1545_108:0558a19_11']	此中問智故應依四聖諦審思而答。	此中問智故應依四聖諦審思而答。	Here, since one asks about cognition, one should answer after carefully considering the four noble truths.
['T27n1545_108:0558a20_3']	然一切法略有五種。	然一切法略有五種。	However, all dharmas are roughly of five kinds.
['T27n1545_108:0558a20_13']	謂四諦所攝及所不攝。	謂四諦所攝及所不攝。	Namely, those included in the four truths and those not included.
['T27n1545_108:0558a21_2']	此中三界苦集。	此中三界苦集。	Among them, the three realms of suffering and accumulation,
['T27n1545_108:0558a21_13']	及道諦所攝法各有二種。	及道諦所攝法各有二種。	And the dharmas included in the truth of the path are each of two kinds.
['T27n1545_108:0558a22_3']	謂相應及不相應。	謂相應及不相應。	Namely, associated and unassociated.
['T27n1545_108:0558a22_9']	滅諦所攝法。	滅諦所攝法。	The dharmas included in the truth of cessation,
['T27n1545_108:0558a23_1']	及諦所不攝法各唯一種。	及諦所不攝法各唯一種。	And the dharmas not included in the truths are each of only one kind.
['T27n1545_108:0558a23_6']	謂不相應。	謂不相應。	Namely, unassociated.
['T27n1545_108:0558a23_14']	欲界苦集諦所攝。	欲界苦集諦所攝。	The dharmas included in the truth of suffering and accumulation in the desire realm,
['T27n1545_108:0558a24_2']	相應法七智知。	相應法七智知。	Associated dharmas are known by seven knowledges.
['T27n1545_108:0558a24_8']	除類滅道智。	除類滅道智。	Excluding the knowledge of subsequent cognition, the knowledge of cessation, and the knowledge of the path.
['T27n1545_108:0558a24_16']	不相應法六智知。	不相應法六智知。	Non-associated dharmas are known by six knowledges.
['T27n1545_108:0558a25_5']	除類他心滅道智。	除類他心滅道智。	Excluding the knowledge of subsequent cognition, the knowledge of others' minds, the knowledge of cessation, and the knowledge of the path.
['T27n1545_108:0558a25_13']	色界苦集諦所攝。	色界苦集諦所攝。	The suffering and accumulation truths subsumed in the form realm.
['T27n1545_108:0558a26_1']	相應法七智知。	相應法七智知。	Associated dharmas are known by seven knowledges.
['T27n1545_108:0558a26_7']	除法滅道智。	除法滅道智。	Excluding the knowledge of dharmas, the knowledge of cessation, and the knowledge of the path.
['T27n1545_108:0558a26_15']	不相應法六智知。	不相應法六智知。	Non-associated dharmas are known by six knowledges.
['T27n1545_108:0558a27_4']	除法他心滅道智。	除法他心滅道智。	Excluding the knowledge of dharmas, the knowledge of others' minds, the knowledge of cessation, and the knowledge of the path.
['T27n1545_108:0558a27_13']	無色界苦集諦所攝。	無色界苦集諦所攝。	The suffering and accumulation truths subsumed in the formless realm.
['T27n1545_108:0558a28_5']	相應不相應法俱六智知。	相應不相應法俱六智知。	Associated and non-associated dharmas are both known by six knowledges.
['T27n1545_108:0558a28_13']	除法他心滅道智。	除法他心滅道智。	Excluding the knowledge of dharmas, the knowledge of others' minds, the knowledge of cessation, and the knowledge of the path.
['T27n1545_108:0558a29_3']	滅諦所攝法六智知。	滅諦所攝法六智知。	Dharmas subsumed in the truth of cessation are known by six knowledges.
['T27n1545_108:0558a29_11']	除他心苦集道智。	除他心苦集道智。	Excluding the knowledge of others' minds, the knowledge of suffering, the knowledge of accumulation, and the knowledge of the path.
['T27n1545_108:0558b01_3']	道諦所攝相應法七智知。	道諦所攝相應法七智知。	Associated dharmas subsumed in the truth of the path are known by seven knowledges.
['T27n1545_108:0558b01_9']	除苦集滅智。	除苦集滅智。	Excluding the knowledge of suffering, the knowledge of accumulation, and the knowledge of cessation.
['T27n1545_108:0558b01_17']	不相應法六智知。	不相應法六智知。	Non-associated dharmas are known by six knowledges.
['T27n1545_108:0558b02_6']	除他心苦集滅智。	除他心苦集滅智。	Excluding the knowledge of others' minds, the knowledge of suffering, the knowledge of accumulation, and the knowledge of cessation.
['T27n1545_108:0558b02_15']	諦所不攝法一智知。	諦所不攝法一智知。	Dharmas not subsumed in the truths are known by one knowledge.
['T27n1545_108:0558b03_1']	謂世俗智。	謂世俗智。	Namely, conventional knowledge.
['T27n1545_108:0558b03_10']	是謂此處略毘婆沙。	是謂此處略毘婆沙。	This is the brief explanation of this topic.
['T27n1545_108:0558b03_19']	此中眼根七智知等。	此中眼根七智知等。	Here, the eye faculty is known by seven knowledges, and so on.
['T27n1545_108:0558b04_8']	准前所說應知其相。	准前所說應知其相。	The characteristics should be understood according to what was explained before.
['T27n1545_108:0558b04_14']	問何故名智。	問何故名智。	Question: Why is it called knowledge?
['T27n1545_108:0558b05_6']	答能知所知故名為智。	答能知所知故名為智。	Answer: Because it is able to know the knowable, it is called knowledge.
['T27n1545_108:0558b05_13']	問何故名所知。	問何故名所知。	Question: Why is it called the knowable?
['T27n1545_108:0558b06_5']	答是智所知故名所知。	答是智所知故名所知。	Answer: Because it is what is known by knowledge, it is called the knowable.
['T27n1545_108:0558b06_14']	尊者妙音作如是說。	尊者妙音作如是說。	The Venerable Subhūti says:
['T27n1545_108:0558b07_2']	能量故名智。	能量故名智。	Because it is the measurer, it is called knowledge.
['T27n1545_108:0558b07_9']	所量故名所知。	所量故名所知。	Because it is what is measured, it is called the knowable.
['T27n1545_108:0558b08_4']	能稱所稱能度所度應知亦爾。	能稱所稱能度所度應知亦爾。	It should be understood that the same is true for the weigher, the weighed, the traverser, and the crossed.
['T27n1545_108:0558b08_14']	脇尊者言能知故名智。	脇尊者言能知故名智。	The Venerable Pārśva says: Because it is able to know, it is called knowledge.
['T27n1545_108:0558b09_8']	若法是智所行所緣所取境事。	若法是智所行所緣所取境事。	If a dharma is what is practiced, what is taken as an object, and what is taken as a cognitive object by knowledge,
['T27n1545_108:0558b09_13']	說名所知。	說名所知。	it is called the knowable.
['T27n1545_108:0558b10_4']	智與所知相對建立。	智與所知相對建立。	Knowledge and the knowable are established in mutual relation.
['T27n1545_108:0558b10_13']	故無有智不知所知。	故無有智不知所知。	Therefore there is no knowledge that does not know the knowable,
['T27n1545_108:0558b11_4']	亦無所知非智所知。	亦無所知非智所知。	and there is no knowable that is not known by knowledge.
['T27n1545_108:0558b11_10']	無智無所知。	無智無所知。	There is no knowledge without the knowable,
['T27n1545_108:0558b12_5']	無所知無智如說無常想。	無所知無智如說無常想。	and there is no knowable without knowledge, just as it is said there is no impermanent cognition.
['T27n1545_108:0558b12_10']	若習若修。	若習若修。	If one cultivates and practices it,
['T27n1545_108:0558b12_15']	若多所作。	若多所作。	and makes much of it,
['T27n1545_108:0558b13_3', 'T27n1545_108:0558b13_6']	能除一切欲貪。🔽色貪。	能除一切欲貪。 色貪。	it can eliminate all desire and greed,🔽form and greed,
['T27n1545_108:0558b13_10']	無色貪。	無色貪。	formless greed,
['T27n1545_108:0558b13_13']	掉舉。	掉舉。	and agitation.
['T27n1545_108:0558b13_16']	我慢。	我慢。	pride.
['T27n1545_108:0558b13_19']	無明。	無明。	ignorance.
['T27n1545_108:0558b14_2']	乃至廣說。	乃至廣說。	... and so on at length.
['T27n1545_108:0558b14_9']	問何故作此論。	問何故作此論。	Question: Why was this treatise composed?
['T27n1545_108:0558b15_1']	答為廣分別契經義故。	答為廣分別契經義故。	Answer: In order to extensively analyze the meaning of the sutras.
['T27n1545_108:0558b15_6']	謂契經說。	謂契經說。	That is to say, the sutras say:
['T27n1545_108:0558b15_18']	無常想若習若修若多所作。	無常想若習若修若多所作。	If the conception of impermanence is practiced, cultivated, and done much,
['T27n1545_108:0558b16_3']	廣說如前。	廣說如前。	and so on as explained above.
['T27n1545_108:0558b16_16']	契經雖有是說而不分別其義。	契經雖有是說而不分別其義。	Although the sutras have this explanation, they do not analyze its meaning.
['T27n1545_108:0558b17_7']	經是此論所依根本。	經是此論所依根本。	The sutras are the basis of this treatise.
['T27n1545_108:0558b17_16']	彼未說者今應說之。	彼未說者今應說之。	What they have not explained should now be explained.
['T27n1545_108:0558b18_3']	故作斯論。	故作斯論。	Therefore, this treatise is composed.
['T27n1545_108:0558b18_13']	問世尊何故說此契經。	問世尊何故說此契經。	Question: Why did the World-Honored One speak this sutra?
['T27n1545_108:0558b19_1']	答有諸有情。	答有諸有情。	Answer: There are sentient beings
['T27n1545_108:0558b19_14']	心多懈怠不勤精進捨諸善軛。	心多懈怠不勤精進捨諸善軛。	whose minds are mostly lazy and do not diligently make effort, abandoning the yoke of goodness.
['T27n1545_108:0558b20_5']	為勸策彼故說此經。	為勸策彼故說此經。	In order to encourage them, this sutra is spoken.
['T27n1545_108:0558b21_3']	復次為勸學者捨後有愛故說此經。	復次為勸學者捨後有愛故說此經。	Furthermore, in order to encourage learners to abandon craving for future existence, this sutra is spoken.
['T27n1545_108:0558b21_16']	謂世尊說彌勒當來成佛時事。	謂世尊說彌勒當來成佛時事。	That is to say, the World-Honored One speaks of Maitreya's future attainment of Buddhahood.
['T27n1545_108:0558b22_7']	有諸學者作是念言。	有諸學者作是念言。	There are some learners who think like this:
['T27n1545_108:0558b23_3']	願我當見彼成佛事乃般涅槃。	願我當見彼成佛事乃般涅槃。	I wish to see his attainment of Buddhahood and then enter parinirvāṇa.
['T27n1545_108:0558b23_8']	故佛告言。	故佛告言。	Therefore, the Buddha says:
['T27n1545_108:0558b23_13']	汝等今者。	汝等今者。	You all now,
['T27n1545_108:0558b24_7']	有諸資具少時適意故愛後有。	有諸資具少時適意故愛後有。	because of having some provisions that are pleasing for a short while, love future existence.
['T27n1545_108:0558b25_7']	若乏資緣為苦所逼便於諸有都不愛樂。	若乏資緣為苦所逼便於諸有都不愛樂。	If lacking in provisions and oppressed by suffering, then you will not enjoy any existence at all.
['T27n1545_108:0558b25_16']	爾時應修此無常想。	爾時應修此無常想。	At that time, you should cultivate this thought of impermanence.
['T27n1545_108:0558b26_7']	永盡諸漏而般涅槃。	永盡諸漏而般涅槃。	Permanently exhausting the contaminants, you will attain parinirvāṇa.
['T27n1545_108:0558b26_16']	是故不應貪愛後有。	是故不應貪愛後有。	Therefore, you should not greedily love future existence.
['T27n1545_108:0558b27_7']	故為學者說此契經。	故為學者說此契經。	Therefore, for those in training, this sūtra is taught.
['T27n1545_108:0558b28_4']	然無常想。	然無常想。	However, the thought of impermanence,
['T27n1545_108:0558b28_13']	若習若修若多所作。	若習若修若多所作。	if cultivated, if practiced, if done much,
['T27n1545_108:0558b29_2']	能除一切欲貪者。	能除一切欲貪者。	can eliminate all desire and greed.
['T27n1545_108:0558b29_11']	此想應言法智相應。	此想應言法智相應。	This thought should be said to be associated with the knowledge of dharmas.
['T27n1545_108:0558b29_16']	謂苦法智。	謂苦法智。	That is, the knowledge of dharmas of suffering.
['T27n1545_108:0558c01_6']	此想應言有尋有伺。	此想應言有尋有伺。	This thought should be said to have investigation and analysis.
['T27n1545_108:0558c01_15']	謂未至定尋伺俱生。	謂未至定尋伺俱生。	That is, in the preliminary concentration, investigation and analysis arise together.
['T27n1545_108:0558c02_5']	此想應言捨根相應。	此想應言捨根相應。	This thought should be said to be associated with the faculty of equanimity.
['T27n1545_108:0558c02_14']	謂未至定捨根俱生。	謂未至定捨根俱生。	That is, in the preliminary concentration, the faculty of equanimity arises together.
['T27n1545_108:0558c03_5']	此想應言與無願俱。	此想應言與無願俱。	This thought should be said to be associated with the wishless.
['T27n1545_108:0558c03_12']	謂苦無願相應。	謂苦無願相應。	That is, associated with the wishless of suffering.
['T27n1545_108:0558c04_4']	此想應言緣欲界繫。	此想應言緣欲界繫。	This thought should be said to take the desire realm as its object.
['T27n1545_108:0558c04_11']	謂緣欲界五蘊。	謂緣欲界五蘊。	That is, taking the five aggregates of the desire realm as its object.
['T27n1545_108:0558c05_1']	能除一切色貪者。	能除一切色貪者。	Able to eliminate all desire for form means
['T27n1545_108:0558c05_10']	此想應言類智相應。	此想應言類智相應。	this contemplation should be said to be associated with subsequent knowledge.
['T27n1545_108:0558c05_15']	謂苦類智。	謂苦類智。	That is, the subsequent knowledge of suffering.
['T27n1545_108:0558c06_1']	此想應言。	此想應言。	This contemplation should be said to be
['T27n1545_108:0558c06_7']	或有尋有伺。	或有尋有伺。	either with applied thought and sustained thought,
['T27n1545_108:0558c07_1']	謂未至定及初靜慮尋伺俱生。	謂未至定及初靜慮尋伺俱生。	that is, in the preliminary stage of concentration and the first meditation, applied thought and sustained thought arise together.
['T27n1545_108:0558c07_7']	或無尋唯伺。	或無尋唯伺。	Or without applied thought but only sustained thought,
['T27n1545_108:0558c07_17']	謂靜慮中間唯伺俱生。	謂靜慮中間唯伺俱生。	that is, in the intermediate meditation, only sustained thought arises.
['T27n1545_108:0558c08_3']	或無尋無伺。	或無尋無伺。	Or without applied thought and without sustained thought,
['T27n1545_108:0558c08_10']	謂在後三靜慮。	謂在後三靜慮。	that is, in the last three meditations.
['T27n1545_108:0558c08_15']	此想應言。	此想應言。	This contemplation should be said to be
['T27n1545_108:0558c09_2']	或樂根相應。	或樂根相應。	either associated with the faculty of pleasure,
['T27n1545_108:0558c09_9']	謂在第三靜慮。	謂在第三靜慮。	that is, in the third meditation.
['T27n1545_108:0558c09_15']	或喜根相應。	或喜根相應。	Or associated with the faculty of joy,
['T27n1545_108:0558c10_2']	謂在初二靜慮。	謂在初二靜慮。	that is, in the first two meditations.
['T27n1545_108:0558c10_8']	或捨根相應。	或捨根相應。	Or associated with the faculty of equanimity,
['T27n1545_108:0558c11_3']	謂在未至定靜慮中間第四靜慮。	謂在未至定靜慮中間第四靜慮。	that is, in the preliminary stage of concentration, the intermediate meditation, and the fourth meditation.
['T27n1545_108:0558c11_12']	此想應言與無願俱。	此想應言與無願俱。	This contemplation should be said to be accompanied by the wishless,
['T27n1545_108:0558c12_1']	謂苦無願相應。	謂苦無願相應。	that is, associated with the wishless of suffering.
['T27n1545_108:0558c12_10']	此想應言緣色界繫。	此想應言緣色界繫。	This contemplation should be said to take the realm of form as its object,
['T27n1545_108:0558c12_17']	謂緣色界五蘊。	謂緣色界五蘊。	that is, taking the five aggregates of the realm of form as its object.
['T27n1545_108:0558c13_7']	能除一切無色貪者。	能除一切無色貪者。	Able to eliminate all desire for the formless means
['T27n1545_108:0558c13_16']	此想應言類智相應。	此想應言類智相應。	this contemplation should be said to be associated with subsequent knowledge.
['T27n1545_108:0558c14_3']	謂苦類智。	謂苦類智。	That is, the cognition of the class of suffering.
['T27n1545_108:0558c14_9']	或有尋有伺。	或有尋有伺。	It may be with investigation and with deliberation,
['T27n1545_108:0558c14_15']	或無尋唯伺。	或無尋唯伺。	or without investigation but with only deliberation,
['T27n1545_108:0558c15_1']	或無尋無伺。	或無尋無伺。	or without investigation and without deliberation.
['T27n1545_108:0558c15_12']	樂喜捨根相應與無願俱。	樂喜捨根相應與無願俱。	It is associated with the faculties of pleasure, joy, and equanimity, and is accompanied by the aspirationlessness.
['T27n1545_108:0558c15_18']	緣無色界繫。	緣無色界繫。	It takes the realm of formlessness as its object.
['T27n1545_108:0558c16_12']	如前能除色貪想說有差別者。	如前能除色貪想說有差別者。	As before, except for the thought of eliminating attachment to form, there is a difference.
['T27n1545_108:0558c17_3']	此想或無尋無伺。	此想或無尋無伺。	This thought may be without investigation and without deliberation,
['T27n1545_108:0558c17_10']	謂在後三靜慮。	謂在後三靜慮。	That is, in the last three meditations,
['T27n1545_108:0558c17_16']	及前三無色。	及前三無色。	and in the first three formless attainments.
['T27n1545_108:0558c18_2']	或捨根相應。	或捨根相應。	Or it is associated with the faculty of equanimity,
['T27n1545_108:0558c19_3']	謂在未至定靜慮中間第四靜慮及前三無色。	謂在未至定靜慮中間第四靜慮及前三無色。	That is, in the preliminary concentration, the intermediate meditation, the fourth meditation, and the first three formless attainments.
['T27n1545_108:0558c19_9']	緣無色界繫。	緣無色界繫。	It takes the realm of formlessness as its object.
['T27n1545_108:0558c19_17']	謂緣無色界四蘊。	謂緣無色界四蘊。	That is, it takes the four aggregates of the formless realm as its object.
['T27n1545_108:0558c20_10']	能除一切掉舉我慢無明者。	能除一切掉舉我慢無明者。	It is able to eliminate all agitation, conceit, and ignorance.
['T27n1545_108:0558c21_2']	此想應言法類智相應。	此想應言法類智相應。	This thought should be said to be associated with the cognition of the dharma and the subsequent cognition.
['T27n1545_108:0558c21_8']	謂苦法類智。	謂苦法類智。	That is, the cognition of the dharma of suffering and the subsequent cognition of suffering.
['T27n1545_108:0558c21_13']	此想應言。	此想應言。	This thought should be said to be
['T27n1545_108:0558c21_19']	或有尋有伺。	或有尋有伺。	Or with investigation and with deliberation,
['T27n1545_108:0558c22_4']	或無尋唯伺。	或無尋唯伺。	or without investigation but with only deliberation,
['T27n1545_108:0558c22_10']	或無尋無伺。	或無尋無伺。	or without investigation and without deliberation.
['T27n1545_108:0558c23_2']	樂喜捨根相應與無願俱。	樂喜捨根相應與無願俱。	It is associated with the faculties of pleasure, joy, and equanimity, and is accompanied by the aspirationlessness.
['T27n1545_108:0558c23_13']	皆如前能除無色貪想說。	皆如前能除無色貪想說。	All are as explained before in eliminating the conception of craving for the formless realm.
['T27n1545_108:0558c23_18']	此想應言。	此想應言。	This conception should be said:
['T27n1545_108:0558c24_5']	或緣欲界繫。	或緣欲界繫。	Either taking the desire realm as its object,
['T27n1545_108:0558c24_12']	謂緣欲界五蘊。	謂緣欲界五蘊。	That is, taking the five aggregates of the desire realm as its object.
['T27n1545_108:0558c24_18']	或緣色界繫。	或緣色界繫。	Or taking the form realm as its object,
['T27n1545_108:0558c25_6']	謂緣色界五蘊。	謂緣色界五蘊。	That is, taking the five aggregates of the form realm as its object.
['T27n1545_108:0558c25_13']	或緣無色界繫。	或緣無色界繫。	Or taking the formless realm as its object,
['T27n1545_108:0558c26_3']	謂緣無色界四蘊。	謂緣無色界四蘊。	That is, taking the four aggregates of the formless realm as its object.
['T27n1545_108:0558c27_9']	問一切聖道皆能斷結。	問一切聖道皆能斷結。	Question: All noble paths can sever the bonds.
['T27n1545_108:0558c27_18']	何故唯說無常想耶。	何故唯說無常想耶。	Why is it only said that the conception of impermanence does so?
['T27n1545_108:0558c28_9']	答此中想聲顯諸聖道。	答此中想聲顯諸聖道。	Answer: In this case, the word conception manifests all noble paths.
['T27n1545_108:0559a01_11', 'T27n1545_108:0559a01_16']	謂佛或時以受聲想聲思聲意聲燈聲信精進念定慧聲船筏聲山石聲水聲花聲慈悲喜捨聲。🔽顯諸聖道。	謂佛或時以受聲想聲思聲意聲燈聲信精進念定慧聲船筏聲山石聲水聲花聲慈悲喜捨聲。 顯諸聖道。	That is, the Buddha sometimes manifests the noble paths with the words feeling, conception, thought, mind, lamp, faith, diligence, mindfulness, concentration, wisdom, boat, raft, mountain, rock, water, flower, loving-kindness, compassion, sympathetic joy, and equanimity.
['T27n1545_108:0559a02_2']	廣說如前。	廣說如前。	Explained in detail as before.
['T27n1545_108:0559a02_11']	此中亦爾故不應難。	此中亦爾故不應難。	This is also so here, so it should not be questioned.
['T27n1545_108:0559a03_6']	問無常想唯能對治二部煩惱。	問無常想唯能對治二部煩惱。	Question: The conception of impermanence can only counteract the afflictions of two categories,
['T27n1545_108:0559a03_14']	謂見苦及修所斷。	謂見苦及修所斷。	That is, those eliminated by seeing suffering and those eliminated by cultivation.
['T27n1545_108:0559a04_9']	何故此中說能除一切三界貪等。	何故此中說能除一切三界貪等。	Why is it said here that it can eliminate all craving, etc., in the three realms?
['T27n1545_108:0559a05_5']	答此中但應說能除三界貪等。	答此中但應說能除三界貪等。	The answer is: Here, one should only say that it can eliminate the craving, etc., of the three realms.
['T27n1545_108:0559a05_11']	不應說一切。	不應說一切。	One should not say all.
['T27n1545_108:0559a05_17']	而說一切者。	而說一切者。	But it says all.
['T27n1545_108:0559a06_5']	一切有二種。	一切有二種。	All is of two kinds.
['T27n1545_108:0559a06_11']	謂少分一切。	謂少分一切。	Namely, partial all,
['T27n1545_108:0559a06_17']	及一切一切。	及一切一切。	and all of all.
['T27n1545_108:0559a07_7']	此中但說少分一切。	此中但說少分一切。	Here, it only speaks of partial all.
['T27n1545_108:0559a08_1']	謂見苦及修所斷一切非餘。	謂見苦及修所斷一切非餘。	Namely, all that is to be eliminated by seeing suffering and cultivation, not the rest.
['T27n1545_108:0559a08_12']	復次佛為聖者說此契經。	復次佛為聖者說此契經。	Furthermore, the Buddha spoke this sutra for the noble ones.
['T27n1545_108:0559a09_3']	彼已永斷見所斷結。	彼已永斷見所斷結。	They have already permanently eliminated the bonds to be eliminated by seeing.
['T27n1545_108:0559a09_12']	勸彼修習此無常想。	勸彼修習此無常想。	Encouraging them to cultivate this impermanence thought,
['T27n1545_108:0559a10_9']	令斷一切三界修所斷結故無有過。	令斷一切三界修所斷結故無有過。	In order to eliminate all the bonds to be eliminated by cultivation in the three realms, therefore there is no fault.
['T27n1545_108:0559a11_3']	問無常想能對治七隨眠。	問無常想能對治七隨眠。	Question: Impermanence thought can counteract the seven latent afflictions.
['T27n1545_108:0559a11_16']	何故此中唯說能斷貪慢無明。	何故此中唯說能斷貪慢無明。	Why is it only said here that it can eliminate craving, pride, and ignorance?
['T27n1545_108:0559a12_9']	答由此三種通三界遍五部。	答由此三種通三界遍五部。	Answer: Because these three are common to the three realms and pervade the five categories.
['T27n1545_108:0559a12_14']	是故偏說。	是故偏說。	Therefore, they are mentioned specifically.
['T27n1545_108:0559a13_10']	五見及疑雖通三界而不遍五部。	五見及疑雖通三界而不遍五部。	Although the five views and doubt are common to the three realms, they do not pervade the five categories.
['T27n1545_108:0559a14_5']	瞋雖遍五部而不通三界。	瞋雖遍五部而不通三界。	Although anger pervades the five categories, it is not common to the three realms.
['T27n1545_108:0559a14_10']	故不說之。	故不說之。	Therefore, it is not mentioned.
['T27n1545_108:0559a15_6']	復次由此三種通三界異生聖者。	復次由此三種通三界異生聖者。	Furthermore, these three [roots] are common to ordinary beings and sages in the three realms.
['T27n1545_108:0559a15_11']	俱可現行。	俱可現行。	They can both be presently active.
['T27n1545_108:0559a15_16']	是故偏說。	是故偏說。	Therefore, they are mentioned specifically.
['T27n1545_108:0559a16_7']	五見及疑雖通三界。	五見及疑雖通三界。	Although the five views and doubt are common to the three realms,
['T27n1545_108:0559a16_16']	而諸聖者必不現行。	而諸聖者必不現行。	the sages definitely do not presently activate them.
['T27n1545_108:0559a17_9']	瞋雖異生聖者俱可現行。	瞋雖異生聖者俱可現行。	Although anger is common to both ordinary beings and sages,
['T27n1545_108:0559a17_15']	而不通三界。	而不通三界。	it is not common to the three realms.
['T27n1545_108:0559a18_2']	是故不說。	是故不說。	Therefore, it is not mentioned.
['T27n1545_108:0559a19_1']	問何故貪分三界差別而掉舉等不然。	問何故貪分三界差別而掉舉等不然。	Why are the three realms distinguished for greed but not for agitation, etc.?
['T27n1545_108:0559a19_11']	答彼亦應分三界差別。	答彼亦應分三界差別。	They should also be distinguished by the three realms.
['T27n1545_108:0559a20_2']	而不分者應知有餘。	而不分者應知有餘。	But not distinguishing them should be understood as having a remainder.
['T27n1545_108:0559a20_15']	復次欲現異說異文莊嚴於義。	復次欲現異說異文莊嚴於義。	Furthermore, in order to show different explanations and different texts that adorn the meaning,
['T27n1545_108:0559a21_6']	令受持者生欣樂故。	令受持者生欣樂故。	causing those who uphold it to give rise to joy and delight.
['T27n1545_108:0559a21_15']	復次欲現二門二略。	復次欲現二門二略。	Furthermore, in order to show two gates and two summaries,
['T27n1545_108:0559a22_2']	乃至廣說。	乃至廣說。	and so on at length.
['T27n1545_108:0559a22_13']	復次貪愛是重難斷難破。	復次貪愛是重難斷難破。	Furthermore, greed and love are heavy, difficult to cut off and difficult to destroy,
['T27n1545_108:0559a22_18']	多諸過患。	多諸過患。	and have many faults.
['T27n1545_108:0559a23_4']	是故偏分。	是故偏分。	Therefore, they are distinguished.
['T27n1545_108:0559a24_1']	復次以貪愛故諸界諸地諸部差別。	復次以貪愛故諸界諸地諸部差別。	Furthermore, because of greed and love, there are distinctions of realms, stages, and divisions.
['T27n1545_108:0559a24_6']	是故偏分。	是故偏分。	Therefore, they are distinguished.
['T27n1545_108:0559a24_16']	問修無常想能除七慢。	問修無常想能除七慢。	Question: Cultivating the notion of impermanence can eliminate seven kinds of pride.
['T27n1545_108:0559a25_6']	何故此說唯除我慢。	何故此說唯除我慢。	Why does this [text] say it only eliminates the conceit of self?
['T27n1545_108:0559a25_16']	答此中且說近對治故。	答此中且說近對治故。	Answer: This [text] only speaks of the proximate antidotes.
['T27n1545_108:0559a26_9']	謂無常想是我慢近對治。	謂無常想是我慢近對治。	The notion of impermanence is the proximate antidote to the conceit of self.
['T27n1545_108:0559a26_14']	如契經說。	如契經說。	As a sutra says:
['T27n1545_108:0559a27_1']	若諸苾芻。	若諸苾芻。	If bhikṣus
['T27n1545_108:0559a27_12']	修無常想者能引無我想。	修無常想者能引無我想。	cultivate the notion of impermanence, it can lead to the notion of selflessness.
['T27n1545_108:0559a28_3']	若住無常無我想者。	若住無常無我想者。	If one abides in the notion of impermanence and selflessness,
['T27n1545_108:0559a28_12']	能斷我慢速盡諸漏。	能斷我慢速盡諸漏。	one can eliminate the conceit of self and quickly exhaust all defilements.
['T27n1545_108:0559a29_8']	問何故一切隨煩惱中唯說掉舉。	問何故一切隨煩惱中唯說掉舉。	Question: Why, among all the secondary afflictions, does it only mention agitation?
['T27n1545_108:0559b01_4']	答隨煩惱中過患增者唯有掉舉。	答隨煩惱中過患增者唯有掉舉。	Answer: Among the secondary afflictions, only agitation has the greatest fault.
['T27n1545_108:0559b01_13']	謂通三界是纏性攝。	謂通三界是纏性攝。	It is said to be the nature of the fetters that pervade the three realms.
['T27n1545_108:0559b02_4']	惛沈雖具如是二義。	惛沈雖具如是二義。	Although torpor also has these two meanings,
['T27n1545_108:0559b02_13']	而在上界順等至故。	而在上界順等至故。	it is in accord with meditative concentration in the upper realms,
['T27n1545_108:0559b02_18']	過患不增。	過患不增。	so its faults do not increase.
['T27n1545_108:0559b03_8']	是故此中偏說掉舉。	是故此中偏說掉舉。	Therefore, in this [text], agitation is mentioned in particular.
['T27n1545_108:0559b03_17']	如說七處善三義觀。	如說七處善三義觀。	As it is said, the seven kinds of skillfulness and the three kinds of contemplation
['T27n1545_108:0559b04_11']	能於此法毘㮏耶中速盡諸漏。	能於此法毘㮏耶中速盡諸漏。	can quickly exhaust all defilements in this Dharma of the Abhidharma.
['T27n1545_108:0559b04_16']	云何為七。	云何為七。	What are the seven?
['T27n1545_108:0559b06_1']	謂如實知色色集色滅趣色滅行色味色患色出。	謂如實知色色集色滅趣色滅行色味色患色出。	Namely, to know as it truly is the origin, cessation, and the practice leading to the cessation of form, the enjoyment, danger, and exit from form.
['T27n1545_108:0559b06_12']	如實知受想行識七亦爾。	如實知受想行識七亦爾。	To know as it truly is feeling, perception, volitional formations, and consciousness, and the seven other [aggregates], is also like this.
['T27n1545_108:0559b07_6']	此智當言法智乃至道智耶。	此智當言法智乃至道智耶。	Should this knowledge be said to be knowledge of dharmas, up to knowledge of the path?
['T27n1545_108:0559b07_11']	乃至廣說。	乃至廣說。	Explained in detail.
['T27n1545_108:0559b07_18']	問何故作此論。	問何故作此論。	Why was this treatise composed?
['T27n1545_108:0559b08_8']	答為廣分別契經義故。	答為廣分別契經義故。	In order to extensively distinguish the meaning of the sutras.
['T27n1545_108:0559b08_13']	謂契經說。	謂契經說。	Namely, the sutras say:
['T27n1545_108:0559b08_18']	苾芻當知。	苾芻當知。	Bhikṣus should know,
['T27n1545_108:0559b09_8']	有七處善及三義觀。	有七處善及三義觀。	There is the sevenfold skill in means and the three kinds of contemplation.
['T27n1545_108:0559b09_13']	廣說如前。	廣說如前。	Explained in detail as above.
['T27n1545_108:0559b10_8']	契經雖作是說而不分別其義。	契經雖作是說而不分別其義。	Although the sutras say this, they do not distinguish their meaning.
['T27n1545_108:0559b10_17']	經是此論所依根本。	經是此論所依根本。	The sutras are the basis of this treatise.
['T27n1545_108:0559b11_8']	彼未說者今應說之。	彼未說者今應說之。	What has not been explained there should be explained now.
['T27n1545_108:0559b11_13']	故作斯論。	故作斯論。	Therefore, this treatise is composed.
['T27n1545_108:0559b12_5']	問世尊何故說此契經。	問世尊何故說此契經。	Why did the World-Honored One speak this sutra?
['T27n1545_108:0559b12_15']	答有諸學者已入見道。	答有諸學者已入見道。	Answer: There are learners who have already entered the path of seeing,
['T27n1545_108:0559b13_10']	住修道中為修所斷煩惱所惱。	住修道中為修所斷煩惱所惱。	Abiding in the path of cultivation, disturbed by the afflictions to be eliminated through cultivation.
['T27n1545_108:0559b14_2']	世尊欲令修彼對治。	世尊欲令修彼對治。	The World-Honored One wishes to enable them to cultivate the antidotes to those,
['T27n1545_108:0559b14_5']	告言。	告言。	And says to them:
['T27n1545_108:0559b14_12']	汝等已得聖道。	汝等已得聖道。	You have already attained the noble path.
['T27n1545_108:0559b15_2']	何不依之斷餘煩惱。	何不依之斷餘煩惱。	Why not rely on it to eliminate the remaining afflictions?
['T27n1545_108:0559b15_11']	如勇健人為怨所惱。	如勇健人為怨所惱。	It is like a brave and strong person who is troubled by an enemy.
['T27n1545_108:0559b16_2']	他人告曰汝既勇健。	他人告曰汝既勇健。	Another person tells him, Since you are brave and strong,
['T27n1545_108:0559b16_11']	寧不害怨而為彼惱。	寧不害怨而為彼惱。	why don't you harm the enemy and be troubled by him?
['T27n1545_108:0559b17_4']	復次有諸學者已得初果。	復次有諸學者已得初果。	Furthermore, there are some learners who have already attained the first fruit.
['T27n1545_108:0559b17_13']	於後勝果不作加行。	於後勝果不作加行。	Later, they do not make effort towards the superior fruits.
['T27n1545_108:0559b18_5']	設作加行不如實知。	設作加行不如實知。	Even if they make effort, they do not know it as it truly is.
['T27n1545_108:0559b18_16']	世尊欲令起勝加行告言。	世尊欲令起勝加行告言。	The World-Honored One wishes to make them give rise to superior effort and tells them,
['T27n1545_108:0559b19_13']	汝等若能不捨先得預流諸加行者。	汝等若能不捨先得預流諸加行者。	If you are able not to abandon the preliminary stages of the stream-enterer you have already attained,
['T27n1545_108:0559b20_5']	不久必獲究竟漏盡。	不久必獲究竟漏盡。	before long you will surely attain the ultimate extinction of defilements.
['T27n1545_108:0559b20_14']	佛為彼故說此契經。	佛為彼故說此契經。	The Buddha spoke this sutra for their sake.
['T27n1545_108:0559b21_7']	如實知色是四智。	如實知色是四智。	Correctly knowing form is the four knowledges.
['T27n1545_108:0559b21_16']	謂法類世俗苦智者。	謂法類世俗苦智者。	Namely, the knowledge of dharmas, the knowledge of kinds, conventional knowledge, and the knowledge of suffering.
['T27n1545_108:0559b22_7']	此中法智知欲界色果。	此中法智知欲界色果。	Among them, the knowledge of dharmas knows the form fruits of the desire realm.
['T27n1545_108:0559b22_15']	類智知色界色果。	類智知色界色果。	The knowledge of kinds knows the form fruits of the form realm.
['T27n1545_108:0559b23_6']	世俗智知一切色果。	世俗智知一切色果。	Conventional knowledge knows all form fruits.
['T27n1545_108:0559b24_2']	苦智知有漏色果非常苦空非我。	苦智知有漏色果非常苦空非我。	The knowledge of suffering knows the form fruits of contaminated [dharmas] as impermanent, suffering, empty, and non-self.
['T27n1545_108:0559b24_11']	此雖有四而立一善。	此雖有四而立一善。	Although there are four of these, they are established as one wholesome [state].
['T27n1545_108:0559b25_2']	皆同觀察一色果故。	皆同觀察一色果故。	Because they all observe the same effect of form.
['T27n1545_108:0559b25_11']	如實知色集是四智。	如實知色集是四智。	Correctly knowing the origin of form is four knowledges.
['T27n1545_108:0559b26_2']	謂法類世俗集智者。	謂法類世俗集智者。	Namely, the knowledge of dharmas, inferential knowledge, conventional knowledge, and the knowledge of the origin.
['T27n1545_108:0559b26_12']	此中法智知欲界色因。	此中法智知欲界色因。	Among them, the knowledge of dharmas knows the cause of form in the desire realm.
['T27n1545_108:0559b27_1']	類智知色界色因。	類智知色界色因。	Inferential knowledge knows the cause of form in the form realm.
['T27n1545_108:0559b27_10']	世俗智知一切色因。	世俗智知一切色因。	Conventional knowledge knows the cause of all form.
['T27n1545_108:0559b28_2']	集智知有漏色因集生緣。	集智知有漏色因集生緣。	The knowledge of the origin knows the origin, arising, and conditions of the cause of contaminated form.
['T27n1545_108:0559b28_11']	此雖有四而立一善。	此雖有四而立一善。	Although there are four, they are established as one wholesome [knowledge].
['T27n1545_108:0559b29_2']	皆同觀察一色因故。	皆同觀察一色因故。	Because they all observe the same cause of form.
['T27n1545_108:0559b29_11']	如實知色滅是四智。	如實知色滅是四智。	Correctly knowing the cessation of form is four knowledges.
['T27n1545_108:0559c01_2']	謂法類世俗滅智者。	謂法類世俗滅智者。	Namely, the knowledge of dharmas, inferential knowledge, conventional knowledge, and the knowledge of cessation.
['T27n1545_108:0559c01_12']	此中法智知欲界色滅。	此中法智知欲界色滅。	Among them, the knowledge of dharmas knows the cessation of form in the desire realm.
['T27n1545_108:0559c02_1']	類智知色界色滅。	類智知色界色滅。	Inferential knowledge knows the cessation of form in the form realm.
['T27n1545_108:0559c02_10']	世俗智知一切色滅。	世俗智知一切色滅。	Conventional knowledge knows the cessation of all form.
['T27n1545_108:0559c03_3']	滅智知有漏色滅靜妙離。	滅智知有漏色滅靜妙離。	The knowledge of cessation knows the cessation, tranquility, excellence, and separation of contaminated form.
['T27n1545_108:0559c03_12']	此雖有四而立一善。	此雖有四而立一善。	Although there are four, they are established as one wholesome [knowledge].
['T27n1545_108:0559c04_3']	皆同觀察一色滅故。	皆同觀察一色滅故。	Because they all observe the same cessation of form.
['T27n1545_108:0559c04_14']	如實知趣色滅行是四智。	如實知趣色滅行是四智。	Correctly knowing the practice leading to the cessation of form is four knowledges.
['T27n1545_108:0559c05_5']	謂法類世俗道智者。	謂法類世俗道智者。	Namely, the knowledge of dharmas, inferential knowledge, conventional knowledge, and the knowledge of the path.
['T27n1545_108:0559c05_17']	此中法智知欲界色對治道。	此中法智知欲界色對治道。	Herein, knowledge of dharmas knows the path that counteracts form in the desire realm.
['T27n1545_108:0559c06_9']	類智知色界色對治道。	類智知色界色對治道。	Inferential knowledge knows the path that counteracts form in the form realm.
['T27n1545_108:0559c07_2']	世俗智知一切色對治道。	世俗智知一切色對治道。	Conventional knowledge knows the path that counteracts all form.
['T27n1545_108:0559c07_15']	道智知有漏色對治道如行出。	道智知有漏色對治道如行出。	Knowledge of the path knows the contaminated path that counteracts form, as well as practice and emergence.
['T27n1545_108:0559c08_6']	此雖有四而立一善。	此雖有四而立一善。	Although there are four, they are established as one wholesome [factor].
['T27n1545_108:0559c08_15']	皆同觀察一色道故。	皆同觀察一色道故。	This is because they all observe the same path to form.
['T27n1545_108:0559c09_6']	如實知色味是四智。	如實知色味是四智。	Correctly knowing the taste of form is four knowledges.
['T27n1545_108:0559c09_15']	謂法類世俗集智者。	謂法類世俗集智者。	Namely, knowledge of dharmas, inferential knowledge, conventional knowledge, and knowledge of accumulation.
['T27n1545_108:0559c10_9']	此中四智皆知色味如前應知。	此中四智皆知色味如前應知。	Herein, the four knowledges all know the taste of form as explained above.
['T27n1545_108:0559c11_1']	此雖有四而立一善。	此雖有四而立一善。	Although there are four, they are established as one wholesome [factor].
['T27n1545_108:0559c11_10']	皆同觀察一色集故。	皆同觀察一色集故。	This is because they all observe the same accumulation of form.
['T27n1545_108:0559c12_1']	如實知色患是四智。	如實知色患是四智。	Correctly knowing the danger in form is four knowledges.
['T27n1545_108:0559c12_10']	謂法類世俗苦智者。	謂法類世俗苦智者。	Namely, knowledge of dharmas, inferential knowledge, conventional knowledge, and knowledge of suffering.
['T27n1545_108:0559c13_4']	此中四智皆知色患如前應知。	此中四智皆知色患如前應知。	Herein, the four knowledges all know the danger in form as explained above.
['T27n1545_108:0559c13_13']	此雖有四而立一善。	此雖有四而立一善。	Although there are four, they are established as one wholesome [factor].
['T27n1545_108:0559c14_4']	皆同觀察一色苦故。	皆同觀察一色苦故。	This is because they all observe the same suffering of form.
['T27n1545_108:0559c14_13']	如實知色出是四智。	如實知色出是四智。	Correctly knowing the emergence from form is four knowledges.
['T27n1545_108:0559c15_4']	謂法類世俗滅智者。	謂法類世俗滅智者。	Namely, knowledge of dharmas, inferential knowledge, conventional knowledge, and knowledge of cessation.
['T27n1545_108:0559c15_17']	此中四智皆知色出如前應知。	此中四智皆知色出如前應知。	Here, the four knowledges all know the cessation of form as explained before.
['T27n1545_108:0559c16_8']	此雖有四而立一善。	此雖有四而立一善。	Although there are four, they are established as one wholesome [knowledge].
['T27n1545_108:0559c16_17']	皆同觀察一色滅故。	皆同觀察一色滅故。	They all observe the cessation of one form, so it is said to be one.
['T27n1545_108:0559c17_11']	如實知受想行識七亦爾者。	如實知受想行識七亦爾者。	The same is true for the seven knowledges of feeling, perception, mental formations, and consciousness.
['T27n1545_108:0559c17_16']	如觀色說。	如觀色說。	It is explained like the observation of form.
['T27n1545_108:0559c18_2']	問若爾。	問若爾。	Question: If so,
['T27n1545_108:0559c18_10']	應說三十五處善。	應說三十五處善。	there should be thirty-five wholesome [knowledges].
['T27n1545_108:0559c19_1']	或無量處善何故說七。	或無量處善何故說七。	Or there should be innumerable wholesome [knowledges]. Why are only seven mentioned?
['T27n1545_108:0559c19_11']	答觀一一蘊各各有七。	答觀一一蘊各各有七。	Answer: Each of the five aggregates has seven [knowledges].
['T27n1545_108:0559c20_2']	不過七數故說有七。	不過七數故說有七。	Because they do not exceed seven in number, seven are mentioned.
['T27n1545_108:0559c20_7']	如餘經說。	如餘經說。	As another sutra says:
['T27n1545_108:0559c20_16']	諸預流者極七反有。	諸預流者極七反有。	Those who have entered the stream have at most seven rebirths.
['T27n1545_108:0559c21_11']	彼若別說二趣二有應二十八。	彼若別說二趣二有應二十八。	If they are explained separately, the two destinies and two existences should be twenty-eight.
['T27n1545_108:0559c22_4']	謂人趣有七天趣有七。	謂人趣有七天趣有七。	That is, there are seven human destinies and seven heavenly destinies.
['T27n1545_108:0559c22_13']	人中有七天中有七。	人中有七天中有七。	There are seven human existences and seven heavenly existences.
['T27n1545_108:0559c23_5']	然不過七故說七名。	然不過七故說七名。	But because they do not exceed seven, the name seven is used.
['T27n1545_108:0559c23_14']	又如餘經說有二法。	又如餘經說有二法。	Also, as another sutra says, there are two dharmas:
['T27n1545_108:0559c24_4']	謂眼色乃至意法。	謂眼色乃至意法。	The eye and form, up to the mind and dharmas.
['T27n1545_108:0559c25_2']	又如餘經說三轉法輪有十二行相。	又如餘經說三轉法輪有十二行相。	Also, as another sutra says, the turning of the wheel of the Dharma has twelve aspects.
['T27n1545_108:0559c25_15']	彼不過二及十二故說二十二。	彼不過二及十二故說二十二。	Because they do not exceed two and twelve, it is said to be twenty-two.
['T27n1545_108:0559c26_2']	此亦如是。	此亦如是。	This is also like this.
['T27n1545_108:0559c26_7']	脇尊者言。	脇尊者言。	The Venerable Pārśva said:
['T27n1545_108:0559c27_1', 'T27n1545_108:0559c27_11', 'T27n1545_108:0559c28_3']	此經應說如實知色乃至識。🔽如實知色集乃至識集。🔽如實知色滅乃至識滅。	此經應說如實知色乃至識。 如實知色集乃至識集。 如實知色滅乃至識滅。	This sūtra should say: to know form up to consciousness as it really is.🔽To know the arising of form up to the arising of consciousness as it really is.🔽To know the cessation of form up to the cessation of consciousness as it really is.
['T27n1545_108:0559c28_17']	如實知趣色滅行乃至趣識滅行。	如實知趣色滅行乃至趣識滅行。	To know the practice leading to the cessation of form up to the practice leading to the cessation of consciousness as it really is.
['T27n1545_108:0559c29_8', 'T27n1545_108:0559c29_18']	如實知色味乃至識味。🔽如實知色患乃至識患。	如實知色味乃至識味。 如實知色患乃至識患。	To know the enjoyment of form up to the enjoyment of consciousness as it really is.🔽To know the danger in form up to the danger in consciousness as it really is.
['T27n1545_108:0560a01_9']	如實知色出乃至識出。	如實知色出乃至識出。	To know the escape from form up to the escape from consciousness as it really is.
['T27n1545_108:0560a02_1']	若作是說唯有七處善。	若作是說唯有七處善。	If it is said like this, there are only seven kinds of skillfulness.
['T27n1545_108:0560a02_10']	非三十五或無量種。	非三十五或無量種。	Not thirty-five or innumerable kinds.
['T27n1545_108:0560a03_2']	復次若略說有七處善。	復次若略說有七處善。	Moreover, if it is said in brief, there are seven kinds of skillfulness.
['T27n1545_108:0560a03_14']	若廣說有三十五或無量種。	若廣說有三十五或無量種。	If it is said in detail, there are thirty-five or innumerable kinds.
['T27n1545_108:0560a04_4']	契經略說故唯有七。	契經略說故唯有七。	Because the sūtra is said in brief, there are only seven.
['T27n1545_108:0560a04_10']	如略廣總別。	如略廣總別。	Like brief, detailed, general, and specific,
['T27n1545_108:0560a05_5']	不分別分別頓說漸說應知亦爾。	不分別分別頓說漸說應知亦爾。	one should know that not distinguishing and distinguishing, sudden teaching and gradual teaching are also like this.
['T27n1545_108:0560a05_16']	復次為利根者說七處善。	復次為利根者說七處善。	Moreover, the seven kinds of skillfulness are taught for those of sharp faculties.
['T27n1545_108:0560a06_11']	為鈍根者說三十五或無量種。	為鈍根者說三十五或無量種。	For those with dull faculties, it is explained in thirty-five or innumerable ways.
['T27n1545_108:0560a06_17']	如利根鈍根。	如利根鈍根。	Like those with sharp faculties and those with dull faculties.
['T27n1545_108:0560a07_10']	因力緣力內分力外分力。	因力緣力內分力外分力。	The power of causes, the power of conditions, the power of internal factors, the power of external factors,
['T27n1545_108:0560a08_1']	內思惟力外聞法力。	內思惟力外聞法力。	The power of internal contemplation, and the power of hearing the Dharma externally.
['T27n1545_108:0560a08_10']	開智說智應知亦爾。	開智說智應知亦爾。	The explanation of the wisdom of opening and the wisdom of speaking should be understood in the same way.
['T27n1545_108:0560a09_2']	復次依近觀察說七處善。	復次依近觀察說七處善。	Moreover, based on close observation, the seven kinds of wholesome [roots] are explained.
['T27n1545_108:0560a09_15']	依遠觀察說三十五或無量種。	依遠觀察說三十五或無量種。	Based on distant observation, thirty-five or innumerable [kinds] are explained.
['T27n1545_108:0560a10_11']	如近遠隣逼非隣逼現前非現前。	如近遠隣逼非隣逼現前非現前。	Like close and distant, neighboring and not neighboring, present and not present.
['T27n1545_108:0560a11_6']	此眾同分餘眾同分應知亦爾。	此眾同分餘眾同分應知亦爾。	The rest of the homogeneous groups should be understood in the same way.
['T27n1545_108:0560a11_17']	復次依無漏觀說七處善。	復次依無漏觀說七處善。	Moreover, based on the uncontaminated view, the seven kinds of wholesome [roots] are explained.
['T27n1545_108:0560a12_12']	依有漏觀說三十五或無量種。	依有漏觀說三十五或無量種。	Based on the contaminated view, thirty-five or innumerable [kinds] are explained.
['T27n1545_108:0560a13_1']	如有漏無漏。	如有漏無漏。	Like the contaminated and the uncontaminated,
['T27n1545_108:0560a13_7']	世出世縛解。	世出世縛解。	The mundane and the supramundane, bondage and liberation,
['T27n1545_108:0560a13_15']	繫不繫應知亦爾。	繫不繫應知亦爾。	Bondage and non-bondage should be understood in the same way.
['T27n1545_108:0560a14_7']	復次依現觀時說七處善。	復次依現觀時說七處善。	Moreover, based on the time of realization, the seven kinds of wholesome [roots] are explained.
['T27n1545_108:0560a15_3']	依觀察時說三十五或無量種。	依觀察時說三十五或無量種。	Based on the time of observation, thirty-five or innumerable [kinds] are explained.
['T27n1545_108:0560a15_15']	復次依總相觀故說七處善。	復次依總相觀故說七處善。	Moreover, based on the observation of general characteristics, the seven kinds of wholesome [roots] are explained.
['T27n1545_108:0560a16_11']	依別相觀故說三十五或無量種。	依別相觀故說三十五或無量種。	Because it relies on distinct characteristics, it is said to be thirty-five or innumerable kinds.
['T27n1545_108:0560a17_1', 'T27n1545_108:0560a17_7']	如總相別相觀。🔽自相共相觀。	如總相別相觀。 自相共相觀。	Just as there is general and specific observation,🔽there is observation of specific and common characteristics,
['T27n1545_108:0560a17_13']	自相共相覺。	自相共相覺。	and there is awareness of specific and common characteristics.
['T27n1545_108:0560a18_4', 'T27n1545_108:0560a19_9']	自相共相作意應知亦爾。🔽問此中為說自相作意。	自相共相作意應知亦爾。 問此中為說自相作意。	It should be known that attention to specific and common characteristics is also like this.
['T27n1545_108:0560a19_17']	為說共相作意耶。	為說共相作意耶。	Question: Is specific attention or common attention being discussed here?
['T27n1545_108:0560a20_4']	設爾何失。	設爾何失。	If so, what is the error?
['T27n1545_108:0560a20_12']	若說自相作意者。	若說自相作意者。	If specific attention is being discussed,
['T27n1545_108:0560a21_3']	此中所說當云何通。	此中所說當云何通。	how can the following passage be interpreted?
['T27n1545_108:0560a21_12']	如說七處善三義觀。	如說七處善三義觀。	It is said that the three kinds of observation of the seven factors of enlightenment
['T27n1545_108:0560a22_3']	能於此法毘㮏耶中。	能於此法毘㮏耶中。	can quickly exhaust the contaminants in this Dharma and Vinaya.
['T27n1545_108:0560a23_1']	速盡諸漏非自相作意可能盡漏。	速盡諸漏非自相作意可能盡漏。	Specific attention cannot exhaust the contaminants.
['T27n1545_108:0560a23_9']	若說共相作意者。	若說共相作意者。	If common attention is being discussed,
['T27n1545_108:0560a23_18']	此中所說復云何通。	此中所說復云何通。	how can the following passage be interpreted?
['T27n1545_108:0560a24_12']	如說如實知色乃至如實知識。	如說如實知色乃至如實知識。	It is said that one should know form as it really is, up to knowing consciousness as it really is.
['T27n1545_108:0560a25_1']	答應作是說。	答應作是說。	Answer: It should be said that
['T27n1545_108:0560a25_10']	此中正說自相作意。	此中正說自相作意。	specific attention is being discussed here.
['T27n1545_108:0560a26_1']	問若爾云何能速盡漏。	問若爾云何能速盡漏。	Question: If so, how can the contaminants be quickly exhausted?
['T27n1545_108:0560a26_14']	答此自相作意能引共相作意。	答此自相作意能引共相作意。	Answer: This attention to specific characteristics can lead to attention to common characteristics.
['T27n1545_108:0560a27_5']	彼共相作意能速盡漏。	彼共相作意能速盡漏。	That attention to common characteristics can quickly exhaust the contaminants.
['T27n1545_108:0560a27_14']	依展轉因故作是說。	依展轉因故作是說。	Based on the successive causes, this is said.
['T27n1545_108:0560a28_1']	復有說者。	復有說者。	Furthermore, there are those who say:
['T27n1545_108:0560a28_10']	此中正說共相作意。	此中正說共相作意。	Here, it is correctly said to be attention to common characteristics.
['T27n1545_108:0560a29_1']	問若爾云何此契經說。	問若爾云何此契經說。	Question: If so, how does this sutra say:
['T27n1545_108:0560a29_13']	如實知色乃至如實知識耶。	如實知色乃至如實知識耶。	To know form as it really is, up to to know consciousness as it really is?
['T27n1545_108:0560b01_4']	答此契經中應作是說。	答此契經中應作是說。	Answer: In this sutra, it should be said:
['T27n1545_108:0560b02_5']	如實知蘊蘊集蘊滅趣蘊滅行蘊味蘊患蘊出。	如實知蘊蘊集蘊滅趣蘊滅行蘊味蘊患蘊出。	To know the aggregates, the origination of the aggregates, the cessation of the aggregates, the practice leading to the cessation of the aggregates, the enjoyment of the aggregates, the danger in the aggregates, and the escape from the aggregates.
['T27n1545_108:0560b02_10']	而別說者。	而別說者。	But it is said separately.
['T27n1545_108:0560b02_16']	應知說時異。	應知說時異。	It should be known that the time of speaking is different.
['T27n1545_108:0560b03_1']	現觀時異。	現觀時異。	The time of realization is different.
['T27n1545_108:0560b03_16']	如佛為四天王先以聖語說四聖諦。	如佛為四天王先以聖語說四聖諦。	As the Buddha first spoke the four noble truths in the holy language for the Four Heavenly Kings,
['T27n1545_108:0560b04_9']	二解二不解等如前已說。	二解二不解等如前已說。	two understood and two did not understand, and so on, as already explained.
['T27n1545_108:0560b05_1']	故知說時異現觀時異。	故知說時異現觀時異。	Therefore, it is known that the time of speaking is different and the time of realization is different.
['T27n1545_108:0560b05_7']	謂說時別說。	謂說時別說。	That is to say, the time of speaking is different,
['T27n1545_108:0560b05_15']	現觀時總現觀故。	現觀時總現觀故。	but the time of realization is the same, because it is realized in general.
['T27n1545_108:0560b06_11']	問七處善三義觀有何差別。	問七處善三義觀有何差別。	Question: What is the difference between the seven kinds of skillfulness and the three kinds of contemplation?
['T27n1545_108:0560b06_17']	答名即差別。	答名即差別。	Answer: The names are the differences.
['T27n1545_108:0560b07_4']	謂名七處善。	謂名七處善。	It is called the seven kinds of skill in means.
['T27n1545_108:0560b07_10']	名三義觀故。	名三義觀故。	Because it is called the three kinds of contemplation of meaning.
['T27n1545_108:0560b07_15']	有作是說。	有作是說。	There is an explanation.
['T27n1545_108:0560b08_3']	七處善是無漏。	七處善是無漏。	The seven kinds of skill in means are without outflows.
['T27n1545_108:0560b08_10']	三義觀是有漏。	三義觀是有漏。	The three kinds of contemplation of meaning are with outflows.
['T27n1545_108:0560b09_1']	問若爾此說當云何通。	問若爾此說當云何通。	Question: If so, how should this be understood?
['T27n1545_108:0560b09_9']	如實知色是四智。	如實知色是四智。	Truly knowing form is the four knowledges.
['T27n1545_108:0560b09_18']	謂法類世俗苦智等。	謂法類世俗苦智等。	Namely, the knowledge of dharmas, the knowledge of species, conventional knowledge, and the knowledge of suffering, etc.
['T27n1545_108:0560b10_12']	答此世俗智雖亦容有而不現行。	答此世俗智雖亦容有而不現行。	Answer: Although this conventional knowledge may also exist, it does not actually operate.
['T27n1545_108:0560b11_5']	復次此七處善是聖行相。	復次此七處善是聖行相。	Furthermore, these seven kinds of skill in means are the characteristics of the noble path.
['T27n1545_108:0560b11_14']	說為無漏實通有漏。	說為無漏實通有漏。	It is said to be without outflows, but in reality it is common to both with and without outflows.
['T27n1545_108:0560b12_5']	對三義觀非聖行相。	對三義觀非聖行相。	Compared to the three kinds of contemplation of meaning, which are not the characteristics of the noble path,
['T27n1545_108:0560b12_14']	唯是有漏故名無漏。	唯是有漏故名無漏。	It is only with outflows, so it is called without outflows.
['T27n1545_108:0560b13_9']	問為能以七處善入三義觀耶。	問為能以七處善入三義觀耶。	Question: Can one enter the three kinds of contemplation of meaning through the seven kinds of skill in means?
['T27n1545_108:0560b14_5']	答不能以七處善是無漏行相。	答不能以七處善是無漏行相。	Answer: One cannot, because the seven kinds of skill in means are the characteristics of the path without outflows,
['T27n1545_108:0560b14_15']	三義觀是有漏行相故。	三義觀是有漏行相故。	While the three kinds of contemplation of meaning are the characteristics of the path with outflows.
['T27n1545_108:0560b15_1']	復有說者。	復有說者。	Furthermore, there is an explanation.
['T27n1545_108:0560b15_10']	七處善通有漏無漏。	七處善通有漏無漏。	The seven kinds of skill in means are common to both with and without outflows.
['T27n1545_108:0560b15_17']	三義觀唯有漏。	三義觀唯有漏。	The three kinds of contemplation of meaning only have outflows.
['T27n1545_108:0560b16_11']	問為能以七處善入三義觀耶。	問為能以七處善入三義觀耶。	Question: Can one enter the three kinds of contemplation of meaning through the seven kinds of skill in means?
['T27n1545_108:0560b16_14']	答能。	答能。	Answer: One can.
['T27n1545_108:0560b17_2']	然多用功力。	然多用功力。	However, it requires much effort,
['T27n1545_108:0560b17_7']	多起作意。	多起作意。	much mental application,
['T27n1545_108:0560b17_12']	多作加行。	多作加行。	and much practice.
['T27n1545_108:0560b18_2']	謂如實知色乃至識。	謂如實知色乃至識。	That is, one truly knows form up to consciousness,
['T27n1545_108:0560b18_16']	如實知色患乃至識患而入蘊觀。	如實知色患乃至識患而入蘊觀。	truly knows the faults of form up to consciousness, and enters the observation of the aggregates.
['T27n1545_108:0560b19_8']	如實知色集乃至識集。	如實知色集乃至識集。	One truly knows the origination of form up to consciousness,
['T27n1545_108:0560b20_4']	如實知色味乃至識味而入處觀。	如實知色味乃至識味而入處觀。	truly knows the enjoyment of form up to consciousness, and enters the observation of the sense bases.
['T27n1545_108:0560b20_14']	如實知色滅乃至識滅。	如實知色滅乃至識滅。	One truly knows the cessation of form up to consciousness,
['T27n1545_108:0560b21_10']	如實知色出乃至識出而入界觀。	如實知色出乃至識出而入界觀。	truly knows the exit from form up to consciousness, and enters the observation of the elements.
['T27n1545_108:0560b22_6', 'T27n1545_108:0560b22_12', 'T27n1545_108:0560b22_17']	雖能如是以七處善入三義觀。🔽而多用功力。🔽多起作意。	雖能如是以七處善入三義觀。 而多用功力。 多起作意。	Although one is able to enter the three-meaning observation through the seven good dharmas in this way,🔽it requires much effort,🔽much mental application,
['T27n1545_108:0560b23_3']	多作加行。	多作加行。	and much practice.
['T27n1545_108:0560b23_15']	問三義觀在前七處善在後。	問三義觀在前七處善在後。	Question: The three-meaning observation is before the seven good dharmas, and the seven good dharmas are after.
['T27n1545_108:0560b24_7']	世尊何故先說七處善。	世尊何故先說七處善。	Why did the World-Honored One first speak of the seven good dharmas
['T27n1545_108:0560b24_14']	後說三義觀耶。	後說三義觀耶。	and later speak of the three-meaning observation?
['T27n1545_108:0560b25_9']	答雖三義觀在前七處善在後。	答雖三義觀在前七處善在後。	Answer: Although the three-meaning observation is before the seven good dharmas, and the seven good dharmas are after,
['T27n1545_108:0560b26_5']	而先說七處善後說三義觀者。	而先說七處善後說三義觀者。	the reason why he first spoke of the seven good dharmas and later spoke of the three-meaning observation is as follows:
['T27n1545_108:0560b26_14']	於說於文皆隨順故。	於說於文皆隨順故。	Because it accords with both the teaching and the text.
['T27n1545_108:0560b27_11']	復次如是次第說者受者皆隨順故。	復次如是次第說者受者皆隨順故。	Moreover, this sequence of explanation is given because it accords with both the recipient and the expounder.
['T27n1545_108:0560b27_18']	復次若作是說。	復次若作是說。	Moreover, if it is said that
['T27n1545_108:0560b28_8']	於文於義皆圓滿故。	於文於義皆圓滿故。	it is because both the meaning and the text are complete.
['T27n1545_108:0560b28_15']	若先說三義觀。	若先說三義觀。	If the three aspects of contemplation are explained first,
['T27n1545_108:0560c01_4']	後說七處善者。	後說七處善者。	and then the seven types of skill are explained,
['T27n1545_108:0560c01_17']	則於義雖圓滿而於文不圓滿。	則於義雖圓滿而於文不圓滿。	then although the meaning is complete, the text is not complete.
['T27n1545_108:0560c02_8']	尊者妙音作如是說。	尊者妙音作如是說。	The Venerable Subhūti said:
['T27n1545_108:0560c02_17']	應前說者則前說之。	應前說者則前說之。	That which should be explained first is explained first,
['T27n1545_108:0560c03_12']	應後說者則後說之二俱無過。	應後說者則後說之二俱無過。	and that which should be explained later is explained later. Both are without fault.
['T27n1545_108:0560c04_4']	以三義觀位別有二。	以三義觀位別有二。	Because the three aspects of contemplation have two different stages:
['T27n1545_108:0560c04_10']	一在見道前。	一在見道前。	One is before entering the path of seeing,
['T27n1545_108:0560c04_16']	二在修道前。	二在修道前。	and the other is before entering the path of cultivation.
['T27n1545_108:0560c05_7']	見道前者此中不說。	見道前者此中不說。	The one before entering the path of seeing is not explained here,
['T27n1545_108:0560c05_16']	修道前者此中說之。	修道前者此中說之。	but the one before entering the path of cultivation is explained here.
['T27n1545_108:0560c06_4']	如見道修道。	如見道修道。	Just as there are the paths of seeing and cultivation,
['T27n1545_108:0560c07_3']	見地修地未知當知根已知根應知亦爾。	見地修地未知當知根已知根應知亦爾。	the stages of seeing and cultivation, and the faculties of one who has not yet known and one who has known, it should be understood in the same way.
['T27n1545_108:0560c07_8']	脇尊者言。	脇尊者言。	The Venerable Pārśva said:
['T27n1545_108:0560c07_14']	此中說四地。	此中說四地。	Here, the four stages are explained.
['T27n1545_108:0560c08_6']	謂修行地見地修地無學地。	謂修行地見地修地無學地。	Namely, the stage of practice, the stage of seeing, the stage of cultivation, and the stage of no-more-learning.
['T27n1545_108:0560c09_2', 'T27n1545_108:0560c10_6']	如說七處善三義觀者說修行地。🔽如實知色色集色滅趣色滅行乃至識亦爾者說見地。	如說七處善三義觀者說修行地。 如實知色色集色滅趣色滅行乃至識亦爾者說見地。	As for the seven kinds of skillfulness and the three kinds of contemplation, it is said that they are the stage of practice.🔽Correctly knowing form, the accumulation of form, the cessation of form, and the practice leading to the cessation of form, up to consciousness, is said to be the stage of seeing.
['T27n1545_108:0560c11_7']	如實知色味色患色出乃至識亦爾者說修地。	如實知色味色患色出乃至識亦爾者說修地。	Correctly knowing the taste, the faults, and the escape from form, up to consciousness, is said to be the stage of cultivation.
['T27n1545_108:0560c11_17']	速盡諸漏者說無學地。	速盡諸漏者說無學地。	Quickly exhausting the defilements is said to be the stage of no-more-learning.
['T27n1545_108:0560c12_10']	問何故見道中說四處善。	問何故見道中說四處善。	Why is it said that in the path of seeing there are four kinds of skillfulness,
['T27n1545_108:0560c13_2']	修道中但說三處善耶。	修道中但說三處善耶。	but in the path of cultivation there are only three kinds of skillfulness?
['T27n1545_108:0560c14_1']	答以見道處所決定對治決定非修道故。	答以見道處所決定對治決定非修道故。	Because the path of seeing has a fixed location and fixed antidotes, unlike the path of cultivation.
['T27n1545_108:0560c15_1']	復次以見道所緣決定對治決定非修道故。	復次以見道所緣決定對治決定非修道故。	Moreover, because the object of the path of seeing has fixed antidotes, unlike the path of cultivation.
['T27n1545_108:0560c15_15']	復次以見道初得見諦初得現觀。	復次以見道初得見諦初得現觀。	Moreover, because the path of seeing first attains the realization of the truth and first attains direct realization,
['T27n1545_108:0560c16_8']	修道已得見諦已得現觀故。	修道已得見諦已得現觀故。	while the path of cultivation has already attained the realization of the truth and has already attained direct realization.
['T27n1545_108:0560c17_6']	復次以見道初得聖種性初得聖行相。	復次以見道初得聖種性初得聖行相。	Moreover, because the path of seeing first attains the noble lineage and first attains the characteristics of the noble practices,
['T27n1545_108:0560c18_3', 'T27n1545_108:0560c18_13']	修道已得聖種性已得聖行相故。🔽問何故於此七處善中。	修道已得聖種性已得聖行相故。 問何故於此七處善中。	Because in the path of cultivation, one has already attained the nature of the noble ones and has already attained the characteristics of the noble ones.
['T27n1545_108:0560c19_1']	再說前三諦。	再說前三諦。	Question: Why are the first three truths mentioned twice in these seven kinds of skill in means,
['T27n1545_108:0560c19_7']	一說道諦耶。	一說道諦耶。	and only one path truth is mentioned?
['T27n1545_108:0560c19_17']	答此中道諦數分別故。	答此中道諦數分別故。	Answer: Because the path truth is counted and distinguished here.
['T27n1545_108:0560c20_6']	謂如實知色乃至識。	謂如實知色乃至識。	That is to say, to know form up to consciousness as it really is,
['T27n1545_108:0560c20_15']	此如實知皆是道諦。	此如實知皆是道諦。	this knowing as it really is is all the path truth.
['T27n1545_108:0560c21_6']	如實知色集乃至識集。	如實知色集乃至識集。	To know the arising of form up to the arising of consciousness as it really is,
['T27n1545_108:0560c21_14']	色滅乃至識滅趣。	色滅乃至識滅趣。	the cessation of form up to the cessation of consciousness,
['T27n1545_108:0560c22_5']	色滅行乃至趣識滅行。	色滅行乃至趣識滅行。	the practice leading to the cessation of form up to the practice leading to the cessation of consciousness,
['T27n1545_108:0560c22_12', 'T27n1545_108:0560c22_19']	色味乃至識味。🔽色患乃至識患。	色味乃至識味。 色患乃至識患。	the enjoyment of form up to the enjoyment of consciousness,🔽the danger of form up to the danger of consciousness,
['T27n1545_108:0560c23_6']	色出乃至識出。	色出乃至識出。	the escape from form up to the escape from consciousness,
['T27n1545_108:0560c23_16']	此如實知亦皆是道諦。	此如實知亦皆是道諦。	this knowing as it really is is also all the path truth.
['T27n1545_108:0560c24_10', 'T27n1545_108:0560c25_4', 'T27n1545_108:0560c25_15']	既於道諦數分別故不再說之。🔽復次有已生苦有未生苦。🔽有已生苦因有未生苦因。	既於道諦數分別故不再說之。 復次有已生苦有未生苦。 有已生苦因有未生苦因。	Since the path truth is already counted and distinguished, it is not mentioned again.🔽Furthermore, there is suffering that has already arisen and suffering that has not yet arisen,🔽there are causes of suffering that have already arisen and causes of suffering that have not yet arisen,
['T27n1545_108:0560c26_8']	有已生苦滅有未生苦滅。	有已生苦滅有未生苦滅。	there is cessation of suffering that has already arisen and cessation of suffering that has not yet arisen.
['T27n1545_108:0560c27_4']	如是諸法唯有道諦能知斷證。	如是諸法唯有道諦能知斷證。	Thus, these dharmas can only be known, eliminated, and realized through the truth of the path.
['T27n1545_108:0560c27_13']	故說三諦則已說道。	故說三諦則已說道。	Therefore, by explaining the three truths, the path is already explained.
['T27n1545_108:0560c28_4']	復次有近苦有遠苦。	復次有近苦有遠苦。	Furthermore, there is proximate suffering and there is distant suffering.
['T27n1545_108:0560c28_13']	有近苦因有遠苦因。	有近苦因有遠苦因。	There are proximate causes of suffering and there are distant causes of suffering.
['T27n1545_108:0560c29_5']	有近苦滅有遠苦滅。	有近苦滅有遠苦滅。	There is proximate cessation of suffering and there is distant cessation of suffering.
['T27n1545_108:0561a01_1']	如是諸法唯有道諦能知斷證。	如是諸法唯有道諦能知斷證。	Thus, these dharmas can only be known, eliminated, and realized through the truth of the path.
['T27n1545_108:0561a01_10']	故說三諦則已說道。	故說三諦則已說道。	Therefore, by explaining the three truths, the path is already explained.
['T27n1545_108:0561a02_3']	復次三諦有邊是故再說。	復次三諦有邊是故再說。	Furthermore, the three truths have boundaries, so they are explained twice.
['T27n1545_108:0561a02_12']	道諦無邊故唯一說。	道諦無邊故唯一說。	The truth of the path is boundless, so it is explained only once.
['T27n1545_108:0561a02_18']	問因論生論。	問因論生論。	A question arises from the discussion.
['T27n1545_108:0561a03_13']	何故三諦說有邊而道諦說無邊耶。	何故三諦說有邊而道諦說無邊耶。	Why is it that the three truths are said to have boundaries while the truth of the path is said to be boundless?
['T27n1545_108:0561a04_2', 'T27n1545_108:0561a04_7']	答苦可盡知。🔽集可盡斷。	答苦可盡知。 集可盡斷。	The answer is: Suffering can be fully known.🔽Accumulation can be fully eliminated.
['T27n1545_108:0561a04_12']	滅可盡證。	滅可盡證。	Cessation can be fully realized.
['T27n1545_108:0561a05_1']	道不可盡修故。	道不可盡修故。	The path cannot be fully cultivated, therefore.
['T27n1545_108:0561a05_6']	餘義廣說。	餘義廣說。	The rest of the meaning is explained in detail.
['T27n1545_108:0561a05_15']	如現觀邊世俗智處。	如現觀邊世俗智處。	As in the section on the conventional knowledge at the end of realization.
['T27n1545_108:0561a06_6']	復次前四處善說見道位。	復次前四處善說見道位。	Furthermore, the previous four sections well explain the stage of the path of seeing.
['T27n1545_108:0561a07_1']	見道必具觀察四諦故具說四。	見道必具觀察四諦故具說四。	Because the path of seeing must fully contemplate the four truths, all four are explained.
['T27n1545_108:0561a07_10']	後三處善說修道位。	後三處善說修道位。	The latter three places well explain the stage of cultivating the path.
['T27n1545_108:0561a08_4']	修道位中所修聖道即是道諦。	修道位中所修聖道即是道諦。	In the stage of cultivating the path, the holy path cultivated is precisely the truth of the path.
['T27n1545_108:0561a08_17']	未必具觀四聖諦故但說三種。	未必具觀四聖諦故但說三種。	It is not necessarily the case that one fully contemplates the four noble truths, so only three kinds are mentioned.
['T27n1545_108:0561a09_14']	復次一切賢聖皆厭苦集欣樂涅槃。	復次一切賢聖皆厭苦集欣樂涅槃。	Moreover, all sages and saints detest suffering and its causes and delight in nirvana.
['T27n1545_108:0561a10_1']	聖道不爾。	聖道不爾。	The holy path is not like this.
['T27n1545_108:0561a10_14']	是故世尊再說三諦一說道諦。	是故世尊再說三諦一說道諦。	Therefore, the World-Honored One again speaks of the three truths and the truth of the path once.
['T27n1545_108:0561a11_10']	問何故見道中先說苦諦後說集諦。	問何故見道中先說苦諦後說集諦。	Why is it that in the path of seeing, the truth of suffering is spoken of first and the truth of its causes is spoken of later?
['T27n1545_108:0561a12_7']	而修道中先說集諦後說苦諦耶。	而修道中先說集諦後說苦諦耶。	But in the path of cultivation, the truth of its causes is spoken of first and the truth of suffering is spoken of later?
['T27n1545_108:0561a12_17']	答見道中依現觀次第。	答見道中依現觀次第。	The answer is: In the path of seeing, it is based on the sequence of clear understanding.
['T27n1545_108:0561a13_12']	修道中依因果次第故作是說。	修道中依因果次第故作是說。	In the path of cultivation, it is based on the sequence of cause and effect, so it is said.
['T27n1545_108:0561a14_4']	復次見道中依見次第。	復次見道中依見次第。	Moreover, in the path of seeing, it is based on the sequence of seeing.
['T27n1545_108:0561a14_16']	修道中依說次第故作是說。	修道中依說次第故作是說。	In the path of cultivation, it is based on the sequence of speaking, so it is said.
['T27n1545_108:0561a15_7']	以見次第先果後因。	以見次第先果後因。	Because in the sequence of seeing, the effect comes first and the cause comes later.
['T27n1545_108:0561a15_16']	說次第先因後果故。	說次第先因後果故。	Because in the sequence of speaking, the cause comes first and the effect comes later.
['T27n1545_108:0561a16_9']	復次佛依修道為愛行者。	復次佛依修道為愛行者。	Moreover, the Buddha, based on the path of cultivation for those with craving,
['T27n1545_108:0561a17_1']	說斷愛法作如是言。	說斷愛法作如是言。	speaks of the method for cutting off craving in this way.
['T27n1545_108:0561a17_11']	汝等先應觀察諸蘊味。	汝等先應觀察諸蘊味。	You should first contemplate the flavors of the aggregates.
['T27n1545_108:0561a18_2']	觀察味已見味過患。	觀察味已見味過患。	Having contemplated the flavors, you will see the faults of flavors.
['T27n1545_108:0561a18_11']	見過患已能速出離。	見過患已能速出離。	Having seen the faults, you will be able to quickly escape.
['T27n1545_108:0561a19_11', 'T27n1545_108:0561a20_7']	復次修道位中已於生死有分齊故不多厭苦。🔽但為煩惱擾濁心故多厭煩惱。	復次修道位中已於生死有分齊故不多厭苦。 但為煩惱擾濁心故多厭煩惱。	Furthermore, in the stage of cultivating the path, since you have already set a limit on birth and death, you are not greatly disgusted with suffering.🔽But because the afflictions disturb and muddy the mind, you are greatly disgusted with the afflictions.
['T27n1545_108:0561a21_2']	諸煩惱中愛數行故多分厭愛。	諸煩惱中愛數行故多分厭愛。	Among the afflictions, craving occurs frequently, so you are mostly disgusted with craving.
['T27n1545_108:0561a21_11']	故修道中先觀愛味。	故修道中先觀愛味。	Therefore, in the stage of cultivating the path, you first contemplate the flavors of craving.
['T27n1545_108:0561a21_16']	次觀愛患。	次觀愛患。	Next, you contemplate the faults of craving.
['T27n1545_108:0561a22_2']	後觀愛出。	後觀愛出。	Later, you contemplate the escape from craving.
['T27n1545_108:0561a22_17']	復次愛於現在最能引心馳流諸境。	復次愛於現在最能引心馳流諸境。	Furthermore, craving is most able to draw the mind to run and flow among objects in the present.
['T27n1545_108:0561a23_12']	愛於未來最能潤有令不斷絕。	愛於未來最能潤有令不斷絕。	Craving is most able to moisten existence in the future, causing it to not be cut off.
['T27n1545_108:0561a24_4']	故諸聖者厭愛心增。	故諸聖者厭愛心增。	Therefore, the minds of the noble ones are greatly disgusted with craving.
['T27n1545_108:0561a24_13']	修道位中先觀愛味。	修道位中先觀愛味。	In the stage of cultivating the path, you first contemplate the flavors of craving.
['T27n1545_108:0561a24_18']	次觀愛患。	次觀愛患。	Next, you contemplate the faults of craving.
['T27n1545_108:0561a25_4']	後觀愛出。	後觀愛出。	Later, you contemplate the escape from craving.
['T27n1545_108:0561a26_5']	問何故世尊令所化者數數觀察所知境界。	問何故世尊令所化者數數觀察所知境界。	Why did the World-Honored One have those to be transformed repeatedly contemplate the known objects?
['T27n1545_108:0561a27_1']	答無始時來迷所知境失於正道。	答無始時來迷所知境失於正道。	The answer is: From beginningless time, one has been deluded about the known objects and lost the right path.
['T27n1545_108:0561a27_10']	沈淪生死受種種苦。	沈淪生死受種種苦。	Sinking and drowning in birth and death, they undergo various sufferings.
['T27n1545_108:0561a28_6']	世尊欲令悟所知境趣於正道。	世尊欲令悟所知境趣於正道。	The World-Honored One, wishing to cause them to realize the objects of knowledge and to enter the right path,
['T27n1545_108:0561a28_15']	超出生死離種種苦。	超出生死離種種苦。	To transcend birth and death and to be free from various sufferings,
['T27n1545_108:0561a29_6']	故令數觀所知境界。	故令數觀所知境界。	Therefore, he had them repeatedly contemplate the objects of knowledge.
['T27n1545_108:0561a29_11']	此中要者。	此中要者。	The essential points in this are:
['T27n1545_108:0561b01_1']	謂七處善及三義觀。	謂七處善及三義觀。	The seven kinds of skillful means and the three kinds of contemplation.
['T27n1545_108:0561b01_11']	問先集後味有何差別。	問先集後味有何差別。	Question: What is the difference between accumulation and taste?
['T27n1545_108:0561b01_17']	答名即差別。	答名即差別。	Answer: The difference lies in the names themselves.
['T27n1545_108:0561b02_4']	謂名色等集。	謂名色等集。	Namely, the accumulation of form, etc.,
['T27n1545_108:0561b02_10']	名色等味故。	名色等味故。	Is called the taste of form, etc.
['T27n1545_108:0561b03_3']	復次集通六識味唯意地。	復次集通六識味唯意地。	Furthermore, accumulation is common to the six consciousnesses, while taste is only in the mental realm.
['T27n1545_108:0561b03_13']	復次集通染污不染污。	復次集通染污不染污。	Furthermore, accumulation is common to both defiled and undefiled states,
['T27n1545_108:0561b03_18']	味唯染污。	味唯染污。	While taste is only defiled.
['T27n1545_108:0561b04_9', 'T27n1545_108:0561b05_4']	復次集通三界味唯欲界。🔽復次集通業煩惱味唯煩惱。	復次集通三界味唯欲界。 復次集通業煩惱味唯煩惱。	Furthermore, accumulation is common to the three realms, while taste is only in the desire realm.
['T27n1545_108:0561b05_12']	復次集通諸煩惱。	復次集通諸煩惱。	Furthermore, accumulation is common to all afflictions,
['T27n1545_108:0561b06_2']	味唯是愛是謂差別。	味唯是愛是謂差別。	While taste is only craving. This is the difference.
['T27n1545_108:0561b06_14']	問諸蘊集為是一為有異耶。	問諸蘊集為是一為有異耶。	Question: Are the accumulations of the aggregates the same or different?
['T27n1545_108:0561b07_1']	設爾何失。	設爾何失。	If so, what is the error?
['T27n1545_108:0561b07_14']	若是一者契經所說當云何通。	若是一者契經所說當云何通。	If they are the same, how can the sutras explain it?
['T27n1545_108:0561b08_11']	如說憙集故有色集觸集故有三蘊集。	如說憙集故有色集觸集故有三蘊集。	For example, it is said that because of the accumulation of joy, there is the accumulation of form, and because of the accumulation of contact, there is the accumulation of the three aggregates.
['T27n1545_108:0561b09_2']	名色集故有識集。	名色集故有識集。	Because of the accumulation of name-and-form, there is the accumulation of consciousness.
['T27n1545_108:0561b09_7']	若有異者。	若有異者。	If there were a difference,
['T27n1545_108:0561b09_16']	施設論說復云何通。	施設論說復云何通。	how could the Abhidharma-vibhāṣā-śāstra be understood?
['T27n1545_108:0561b10_11']	如說此愛若過去若未來若現在。	如說此愛若過去若未來若現在。	It is said that this craving, whether past, future, or present,
['T27n1545_108:0561b10_16', 'T27n1545_108:0561b11_4']	皆是苦因。🔽苦根本苦道路。	皆是苦因。 苦根本苦道路。	is all the cause of suffering.🔽It is the root of suffering, the path of suffering,
['T27n1545_108:0561b11_8']	苦由緒。	苦由緒。	the source of suffering,
['T27n1545_108:0561b11_12', 'T27n1545_108:0561b11_17']	苦能作。🔽苦生苦緣。	苦能作。 苦生苦緣。	the maker of suffering,🔽the birth of suffering, the condition of suffering,
['T27n1545_108:0561b12_2']	苦有苦集。	苦有苦集。	the existence of suffering, the accumulation of suffering,
['T27n1545_108:0561b12_7']	及苦等起。	及苦等起。	and the arising of suffering.
['T27n1545_108:0561b12_13', 'T27n1545_108:0561b13_4']	答應作是說。🔽有別緣故諸蘊集是一。	答應作是說。 有別緣故諸蘊集是一。	Answer: It should be said that🔽because of different conditions, the accumulation of aggregates is one.
['T27n1545_108:0561b13_14']	有別緣故諸蘊集有異。	有別緣故諸蘊集有異。	Because of different conditions, the accumulation of aggregates is different.
['T27n1545_108:0561b14_7']	謂依遠因故諸蘊集是一。	謂依遠因故諸蘊集是一。	That is to say, because of relying on distant causes, the accumulation of aggregates is one.
['T27n1545_108:0561b14_17']	依近因故諸蘊集有異。	依近因故諸蘊集有異。	Because of relying on proximate causes, the accumulation of aggregates is different.
['T27n1545_108:0561b15_13']	如依遠近在彼在此不現前現前。	如依遠近在彼在此不現前現前。	Just as because of distance and proximity, one is there and one is not present,
['T27n1545_108:0561b16_11']	餘身眾同分此身眾同分應知亦爾。	餘身眾同分此身眾同分應知亦爾。	one's own group and other groups should be understood in the same way.
['T27n1545_108:0561b17_7']	復次契經中說三種集異一煩惱。	復次契經中說三種集異一煩惱。	Furthermore, a sutra says there are three kinds of accumulation: one is afflictions,
['T27n1545_108:0561b17_11']	集二苦。	集二苦。	The second is the accumulation of suffering.
['T27n1545_108:0561b17_15']	集三業。	集三業。	The third is the accumulation of karma.
['T27n1545_108:0561b18_10']	集謂憙集故有色集者說煩惱集。	集謂憙集故有色集者說煩惱集。	Accumulation means the accumulation of joy. The accumulation of form refers to the accumulation of afflictions.
['T27n1545_108:0561b19_5']	觸集故有三蘊集者說苦集。	觸集故有三蘊集者說苦集。	The accumulation of the three aggregates due to contact refers to the accumulation of suffering.
['T27n1545_108:0561b20_1']	名色集故有識集者說業集。	名色集故有識集者說業集。	The accumulation of consciousness due to the accumulation of name-and-form refers to the accumulation of karma.
['T27n1545_108:0561b20_10']	此經中說業名色故。	此經中說業名色故。	In this sutra, karma is called name-and-form.
['T27n1545_108:0561b21_2']	如說煩惱苦業集煩惱。	如說煩惱苦業集煩惱。	It is said that afflictions, suffering, and karma are accumulated.
['T27n1545_108:0561b21_8']	苦業有煩惱。	苦業有煩惱。	There are afflictions, suffering, and karma.
['T27n1545_108:0561b21_14']	苦業生煩惱。	苦業生煩惱。	Afflictions arise from suffering and karma.
['T27n1545_108:0561b22_3']	苦業路應知亦爾。	苦業路應知亦爾。	The path of suffering should be understood in the same way.
['T27n1545_108:0561b22_14']	復次契經中說三時有異。	復次契經中說三時有異。	Moreover, the sutra states that there are differences in the three periods of time.
['T27n1545_108:0561b23_1']	一積集時。	一積集時。	First, the time of accumulation.
['T27n1545_108:0561b23_6']	二受用時。	二受用時。	Second, the time of enjoyment.
['T27n1545_108:0561b23_11']	三守護時。	三守護時。	Third, the time of protection.
['T27n1545_108:0561b24_5']	謂憙集故有色集者說積集時。	謂憙集故有色集者說積集時。	The accumulation of form due to the accumulation of joy refers to the time of accumulation.
['T27n1545_108:0561b25_1']	觸集故有三蘊集者說受用時。	觸集故有三蘊集者說受用時。	The accumulation of the three aggregates due to contact refers to the time of enjoyment.
['T27n1545_108:0561b25_14']	名色集故有識集者說守護時。	名色集故有識集者說守護時。	The accumulation of consciousness due to the accumulation of name-and-form refers to the time of protection.
['T27n1545_108:0561b26_7', 'T27n1545_108:0561b26_13']	復次此中別說三時有異。🔽一將和合時。	復次此中別說三時有異。 一將和合時。	Moreover, in this context, the differences in the three periods of time are specifically stated.🔽First, the time of about to unite.
['T27n1545_108:0561b27_1']	二正和合時。	二正和合時。	Second, the time of uniting.
['T27n1545_108:0561b27_7']	三不別離時。	三不別離時。	Third, the time of not separating.🔽Here is the corrected and aligned text:
['T27n1545_108:0561b28_3']	謂憙集故有色集者說將和合時。	謂憙集故有色集者說將和合時。	It is said that when the body is about to unite, the collection of form arises due to the collection of joy.
['T27n1545_108:0561b28_17']	觸集故有三蘊集者說正和合時。	觸集故有三蘊集者說正和合時。	It is said that when the body is united, the collection of the three aggregates arises due to the collection of contact.
['T27n1545_108:0561b29_13']	名色集故有識集者說不別離時。	名色集故有識集者說不別離時。	It is said that when the body is not separated, the collection of consciousness arises due to the collection of name-and-form.
['T27n1545_108:0561c01_6']	復次此契經中說三有異。	復次此契經中說三有異。	Furthermore, in this sutra, three kinds of existence are mentioned:
['T27n1545_108:0561c01_10']	一中有。	一中有。	1. Intermediate existence.
['T27n1545_108:0561c01_14']	二本有。	二本有。	2. Original existence.
['T27n1545_108:0561c01_18']	三生有。	三生有。	3. Birth existence.
['T27n1545_108:0561c02_10']	謂憙集故有色集者說中有。	謂憙集故有色集者說中有。	It is said that the collection of form arises due to the collection of joy refers to intermediate existence.
['T27n1545_108:0561c03_5']	觸集故有三蘊集者說本有。	觸集故有三蘊集者說本有。	It is said that the collection of the three aggregates arises due to the collection of contact refers to original existence.
['T27n1545_108:0561c03_17']	名色集故有識集者說生有。	名色集故有識集者說生有。	It is said that the collection of consciousness arises due to the collection of name-and-form refers to birth existence.
['T27n1545_108:0561c04_13']	復次喜集故有色集者說名緣色。	復次喜集故有色集者說名緣色。	Furthermore, it is said that the collection of form arises due to the collection of joy refers to form conditioned by name.
['T27n1545_108:0561c05_9']	觸集故有三蘊集者說名緣名。	觸集故有三蘊集者說名緣名。	It is said that the collection of the three aggregates arises due to the collection of contact refers to the three aggregates conditioned by name.
['T27n1545_108:0561c06_6']	名色集故有識集者說名色緣名。	名色集故有識集者說名色緣名。	It is said that the collection of consciousness arises due to the collection of name-and-form refers to consciousness conditioned by name-and-form.
['T27n1545_108:0561c07_4']	復次以愛希求未來諸有身分自體故。	復次以愛希求未來諸有身分自體故。	Furthermore, because craving desires the future body and self,
['T27n1545_108:0561c07_14']	世尊說憙集故有色集。	世尊說憙集故有色集。	the World-Honored One said that the collection of form arises due to the collection of joy.
['T27n1545_108:0561c08_5']	觸能長養心心所法。	觸能長養心心所法。	Contact can nourish the mind and mental factors.
['T27n1545_108:0561c08_14']	任持牽引令現在前。	任持牽引令現在前。	It sustains and attracts, causing them to appear in the present.
['T27n1545_108:0561c09_8']	故世尊說觸集故有三蘊集。	故世尊說觸集故有三蘊集。	Therefore the World-Honored One said: Because contact arises, the three aggregates arise.
['T27n1545_108:0561c09_17']	識依名色增長廣大。	識依名色增長廣大。	Consciousness depends on name-and-form, increasing and expanding.
['T27n1545_108:0561c10_11']	故世尊說名色集故有識集。	故世尊說名色集故有識集。	Therefore the World-Honored One said: Because name-and-form arises, consciousness arises.
['T27n1545_108:0561c11_3']	問先苦後患有何差別。	問先苦後患有何差別。	Question: What is the difference between suffering and distress?
['T27n1545_108:0561c11_9']	答名即差別。	答名即差別。	Answer: The names themselves are the difference.
['T27n1545_108:0561c11_15']	謂名色等苦。	謂名色等苦。	Namely, the suffering of name-and-form, etc.,
['T27n1545_108:0561c12_2']	名色等患故。	名色等患故。	is the distress of name-and-form, etc.
['T27n1545_108:0561c12_9']	復次苦通三受。	復次苦通三受。	Furthermore, suffering is common to the three feelings,
['T27n1545_108:0561c12_14']	患唯苦受。	患唯苦受。	while distress is only painful feeling.
['T27n1545_108:0561c13_9']	復次苦通染污不染污患唯染污。	復次苦通染污不染污患唯染污。	Furthermore, suffering is common to both defiled and undefiled [states], while distress is only defiled.
['T27n1545_108:0561c14_2', 'T27n1545_108:0561c14_15']	復次苦通三界患唯欲界。🔽復次苦通煩惱業苦患唯煩惱。	復次苦通三界患唯欲界。 復次苦通煩惱業苦患唯煩惱。	Furthermore, suffering is common to the three realms, while distress is only in the desire realm.🔽Furthermore, suffering is common to afflictions, karma, and suffering, while distress is only afflictions.
['T27n1545_108:0561c15_5']	復次苦通諸煩惱。	復次苦通諸煩惱。	Furthermore, suffering is common to all afflictions,
['T27n1545_108:0561c15_10']	患唯在愛。	患唯在愛。	while distress is only in craving.
['T27n1545_108:0561c15_15']	是謂差別。	是謂差別。	These are the differences.
['T27n1545_108:0561c16_2']	色乃至識滅。	色乃至識滅。	The cessation of form up to consciousness,
['T27n1545_108:0561c16_8']	色乃至識出。	色乃至識出。	the emergence of form up to consciousness.
['T27n1545_108:0561c16_13']	何差別耶。	何差別耶。	What is the difference?
['T27n1545_108:0561c17_4']	答若由此愛諸色集起。	答若由此愛諸色集起。	Answer: If form arises due to this craving,
['T27n1545_108:0561c17_10']	彼斷名色滅。	彼斷名色滅。	the cessation of that is the cessation of form.
['T27n1545_108:0561c18_1']	若諸餘愛緣色增廣。	若諸餘愛緣色增廣。	If other craving causes form to increase and expand,
['T27n1545_108:0561c18_11']	彼斷名色出乃至廣說。	彼斷名色出乃至廣說。	the cessation of that is called the cessation of form, and so on.
['T27n1545_108:0561c19_8']	問何故此中問色等滅而答愛等滅耶。	問何故此中問色等滅而答愛等滅耶。	Question: Why does this text ask about the cessation of form, etc., but answer with the cessation of craving, etc.?
['T27n1545_108:0561c19_16']	答因斷故果隨斷。	答因斷故果隨斷。	Answer: Because the cause is cut off, the effect is also cut off.
['T27n1545_108:0561c20_5', 'T27n1545_108:0561c20_12', 'T27n1545_108:0561c20_19']	因滅故果隨滅。🔽因息故果隨息。🔽捨因故亦捨果。	因滅故果隨滅。 因息故果隨息。 捨因故亦捨果。	Because the cause ceases, the effect also ceases.🔽Because the cause stops, the effect also stops.🔽Because the cause is abandoned, the effect is also abandoned.
['T27n1545_108:0561c21_6']	吐因故果亦吐。	吐因故果亦吐。	Because the cause is vomited out, the effect is also vomited out.
['T27n1545_108:0561c21_15']	若斷道路諸有不續。	若斷道路諸有不續。	If the path is cut off, the aggregates do not continue.
['T27n1545_108:0561c22_6']	色等永滅便至苦邊故。	色等永滅便至苦邊故。	The permanent cessation of form, etc. leads to the end of suffering.
['T27n1545_108:0561c22_16']	問色等滅而答愛等滅。	問色等滅而答愛等滅。	Question: Why does this text ask about the cessation of form, etc., but answer with the cessation of craving, etc.?
['T27n1545_108:0561c23_11']	問何故此中已生愛等斷名滅。	問何故此中已生愛等斷名滅。	Question: Why is it that in this text, the cessation of craving, etc. that have already arisen is called cessation,
['T27n1545_108:0561c24_2']	未生愛等斷名出耶。	未生愛等斷名出耶。	while the cessation of craving, etc. that have not yet arisen is called emergence?
['T27n1545_108:0561c24_13']	答已生煩惱業已有所作。	答已生煩惱業已有所作。	Answer: The afflictions that have already arisen have already performed their function.
['T27n1545_108:0561c24_18']	已障聖道。	已障聖道。	They have already obstructed the noble path.
['T27n1545_108:0561c25_3']	已取果。	已取果。	They have already taken their fruit.
['T27n1545_108:0561c25_7']	已與果。	已與果。	They have already given their fruit.
['T27n1545_108:0561c25_17']	已為同類遍行異熟因。	已為同類遍行異熟因。	They have already become the homogeneous cause and the omnipresent cause of their results.
['T27n1545_108:0561c26_6']	已取等流異熟果。	已取等流異熟果。	They have already taken the results of uniform outflow and retribution.
['T27n1545_108:0561c26_15']	於自相續已作染污。	於自相續已作染污。	They have already defiled their own continuity.
['T27n1545_108:0561c27_2']	已作繫縛。	已作繫縛。	They have already created bondage.
['T27n1545_108:0561c27_7']	已作苦事。	已作苦事。	Having already created suffering,
['T27n1545_108:0561c27_12']	但可斷滅。	但可斷滅。	It can only be eliminated,
['T27n1545_108:0561c28_2']	不可出離故說為滅。	不可出離故說為滅。	But cannot be escaped from, therefore it is called cessation.
['T27n1545_108:0561c28_12']	未生煩惱業與上相違。	未生煩惱業與上相違。	As for the afflictions and karma that have not yet arisen, they are the opposite of the above.
['T27n1545_108:0561c29_3']	可出離故說之為出。	可出離故說之為出。	They can be escaped from, therefore they are called escape.
['T27n1545_108:0561c29_8']	如三苦事。	如三苦事。	Like the three kinds of suffering,
['T27n1545_108:0561c29_13']	一者已受。	一者已受。	The first is that which has already been experienced,
['T27n1545_108:0561c29_18']	二者正受。	二者正受。	The second is that which is being experienced,
['T27n1545_108:0562a01_4']	三者當受。	三者當受。	And the third is that which will be experienced.
['T27n1545_108:0562a01_13']	已正受者不可出離。	已正受者不可出離。	That which has already been experienced and that which is being experienced cannot be escaped from,
['T27n1545_108:0562a02_3']	當應受者或以自力。	當應受者或以自力。	But that which will be experienced can be escaped from either by one's own power,
['T27n1545_108:0562a02_8']	或以他力。	或以他力。	Or by the power of others,
['T27n1545_108:0562a02_17']	或財物力而可出離。	或財物力而可出離。	Or by the power of wealth.
['T27n1545_108:0562a03_7']	問何故此中三說愛。	問何故此中三說愛。	Why is it that in this text, love is mentioned three times,
['T27n1545_108:0562a03_15']	再說餘煩惱業耶。	再說餘煩惱業耶。	But the other afflictions and karma are only mentioned once?
['T27n1545_108:0562a04_5']	答以愛難斷難破。	答以愛難斷難破。	The answer is that love is difficult to cut off, difficult to destroy,
['T27n1545_108:0562a04_14']	難可越度多諸過患。	難可越度多諸過患。	Difficult to cross over, and has many faults,
['T27n1545_108:0562a05_6']	甚可訶責故三說之。	甚可訶責故三說之。	And is very much to be condemned, therefore it is mentioned three times.
['T27n1545_108:0562a05_16']	如諸賊女人與餘惡法。	如諸賊女人與餘惡法。	Like thieves, women, and other evil dharmas,
['T27n1545_108:0562a06_7']	總訶厭已復別訶厭。	總訶厭已復別訶厭。	After being generally condemned and detested, they are again specifically condemned and detested.
['T27n1545_108:0562a07_2']	復次由愛力故界別地別部別。	復次由愛力故界別地別部別。	Moreover, due to the power of love, the realms, stages, and categories
['T27n1545_108:0562a07_11']	一切煩惱因愛而生。	一切煩惱因愛而生。	All afflictions arise because of love.
['T27n1545_108:0562a08_1']	因愛增長故三說之。	因愛增長故三說之。	Because it is caused by the increase of craving, it is mentioned three times.
['T27n1545_108:0562a08_11']	問何故諸處以種種問。	問何故諸處以種種問。	Question: Why are various questions asked in various places,
['T27n1545_108:0562a09_2']	數數分別滅諦非餘。	數數分別滅諦非餘。	and the truth of cessation is repeatedly analyzed, not the others?
['T27n1545_108:0562a09_16']	答以此滅諦一切法中最勝最妙。	答以此滅諦一切法中最勝最妙。	Answer: Because this truth of cessation is the most supreme and wonderful of all dharmas,
['T27n1545_108:0562a10_10']	四聖諦中亦最勝妙故多分別。	四聖諦中亦最勝妙故多分別。	and also the most supreme and wonderful among the four noble truths, it is analyzed in many ways.
['T27n1545_108:0562a11_13']	問何故此中但問答分別滅出差別非集味苦患耶。	問何故此中但問答分別滅出差別非集味苦患耶。	Question: Why is only the distinction of emergence from cessation asked about and analyzed here, not the distinction of the taste and harm of the truth of accumulation?
['T27n1545_108:0562a12_6']	答亦應說彼二種差別。	答亦應說彼二種差別。	Answer: The distinction of those two should also be explained.
['T27n1545_108:0562a12_15']	而不說者是有餘說。	而不說者是有餘說。	But not explaining it is a partial explanation.
['T27n1545_108:0562a13_9']	復次此中以後顯示於前。	復次此中以後顯示於前。	Furthermore, here the later [truths] are shown in relation to the earlier [truths].
['T27n1545_108:0562a14_2']	謂問答分別滅出差別。	謂問答分別滅出差別。	That is to say, the distinction of emergence from cessation is asked about and analyzed.
['T27n1545_108:0562a14_11']	應知前二亦應說之。	應知前二亦應說之。	It should be known that the previous two should also be explained.
['T27n1545_108:0562a15_12']	復次滅諦最勝故偏分別苦集非勝故不說之。	復次滅諦最勝故偏分別苦集非勝故不說之。	Furthermore, because the truth of cessation is most supreme, it is analyzed separately. The truths of suffering and accumulation are not supreme, so they are not explained.Here is the corrected and aligned text:
['T27n1545_108:0562a16_100']	說一切有部發智大毘婆沙論卷第一百八	說一切有部發智大毘婆沙論卷第一百八	Sarvâstivāda Abhidharma-mahāvibhāṣā-śāstra, fascicle 108
