segmentnr	original	analyzed	translated
['T27n1545_139:0714b23_0']	阿毘達磨大毘婆沙論卷第一百	阿毘達磨大毘婆沙論卷第一百	Abhidharma-mahāvibhāṣā-śāstra, fascicle 100
['T27n1545_139:0714b24_0']	三十九	三十九	thirty-nine
['T27n1545_139:0714b26_0']	五百大阿羅漢等造	五百大阿羅漢等造	composed by five hundred great arhats and others
['T27n1545_139:0714b29_3']	三藏法師玄奘奉　詔譯3大種蘊第五中執受納息第四之三有二受。	三藏法師玄奘奉　詔譯3大種蘊第五中執受納息第四之三有二受。	tripiṭaka master Xuanzang respectfully received
['T27n1545_139:0714b29_9']	謂身受心受。	謂身受心受。	namely, bodily feeling and mental feeling.
['T27n1545_139:0714b29_14']	乃至廣說。	乃至廣說。	And so on, in detail.
['T27n1545_139:0714c01_2']	問何故作此論。	問何故作此論。	Question: Why was this treatise composed?
['T27n1545_139:0714c01_12']	答欲止他宗顯己義故。	答欲止他宗顯己義故。	Answer: In order to stop the views of other schools and to show one's own meaning.
['T27n1545_139:0714c01_17']	謂或有說。	謂或有說。	That is to say, some say:
['T27n1545_139:0714c02_8']	受即是心分位差別。	受即是心分位差別。	Feeling is a different state of the mind.
['T27n1545_139:0714c02_13']	復有說言。	復有說言。	Some others say:
['T27n1545_139:0714c03_4']	唯有苦受無別樂捨。	唯有苦受無別樂捨。	There is only the feeling of suffering, no separate feelings of pleasure or indifference.
['T27n1545_139:0714c03_9']	為遮彼意。	為遮彼意。	In order to refute their views,
['T27n1545_139:0714c04_4']	顯受非心有三差別故作斯論。	顯受非心有三差別故作斯論。	to show that feeling is not the mind but has three distinctions, this treatise was composed.
['T27n1545_139:0714c04_14']	問此中何故不問一受。	問此中何故不問一受。	Question: Why is only one feeling not asked about here?
['T27n1545_139:0714c05_6']	答彼作論者意欲爾故。	答彼作論者意欲爾故。	Answer: Because the author of the treatise intended it to be so.
['T27n1545_139:0714c05_11']	乃至廣說。	乃至廣說。	And so on, in detail.
['T27n1545_139:0714c05_14']	有說。	有說。	Some say:
['T27n1545_139:0714c06_5']	此中顯受差別展轉相攝。	此中顯受差別展轉相攝。	Here, the distinctions and mutual inclusion of feelings are shown.
['T27n1545_139:0714c06_14']	非顯受體故不問一。	非顯受體故不問一。	Because the essence of feeling is not shown, only one is not asked about.
['T27n1545_139:0714c07_5']	有二受謂身受心受。	有二受謂身受心受。	There are two kinds of feelings: bodily feelings and mental feelings.
['T27n1545_139:0714c07_9']	有三受。	有三受。	There are three kinds of feelings:
['T27n1545_139:0714c08_1']	謂樂受苦受不苦不樂受。	謂樂受苦受不苦不樂受。	Namely, pleasant feeling, painful feeling, and neither-painful-nor-pleasant feeling.
['T27n1545_139:0714c08_10']	為二攝三三攝二耶。	為二攝三三攝二耶。	Are the two included in the three, or are the three included in the two?
['T27n1545_139:0714c08_18']	答互相攝隨其事。	答互相攝隨其事。	The answer is: They mutually include each other according to the matter.
['T27n1545_139:0714c09_12']	謂身受攝三少分即此攝身受。	謂身受攝三少分即此攝身受。	Namely, bodily feeling includes three parts, which are included in bodily feeling.
['T27n1545_139:0714c10_5']	心受亦爾是故說隨其事。	心受亦爾是故說隨其事。	Mental feeling is also like this, therefore it is said to be according to the matter.
['T27n1545_139:0714c10_11']	二受如前說。	二受如前說。	The two feelings are as previously explained.
['T27n1545_139:0714c11_2']	有四受謂三界繫受。	有四受謂三界繫受。	There are four feelings, namely the feelings bound to the three realms,
['T27n1545_139:0714c11_15']	及不繫受為二攝四四攝二耶。	及不繫受為二攝四四攝二耶。	and the unbound feeling. Are the two included in the four, or are the four included in the two?
['T27n1545_139:0714c12_5']	答互相攝隨其事。	答互相攝隨其事。	The answer is: They mutually include each other according to the matter.
['T27n1545_139:0714c13_1']	謂身受攝二少分即此攝身受。	謂身受攝二少分即此攝身受。	Namely, bodily feeling includes two parts, which are included in bodily feeling.
['T27n1545_139:0714c13_6']	二少分者。	二少分者。	The two parts are:
['T27n1545_139:0714c13_11']	欲界繫受。	欲界繫受。	The feeling bound to the desire realm,
['T27n1545_139:0714c13_16']	色界繫受。	色界繫受。	and the feeling bound to the form realm.
['T27n1545_139:0714c14_10']	心受攝二全二少分即此攝心受。	心受攝二全二少分即此攝心受。	Mental feeling includes two wholes and two parts, which are included in mental feeling.
['T27n1545_139:0714c14_14']	二全者。	二全者。	The two wholes are:
['T27n1545_139:0714c15_4']	無色界繫受不繫受。	無色界繫受不繫受。	The feeling bound to the formless realm and the unbound feeling.
['T27n1545_139:0714c15_9']	二少分者。	二少分者。	The two parts are:
['T27n1545_139:0714c15_14']	欲界繫受。	欲界繫受。	The feeling bound to the desire realm,
['T27n1545_139:0714c15_19']	色界繫受。	色界繫受。	and the feeling bound to the form realm.
['T27n1545_139:0714c16_5']	是故說隨其事。	是故說隨其事。	Therefore it is said to be according to the matter.
['T27n1545_139:0714c16_11']	二受如前說。	二受如前說。	The two feelings are as previously explained.
['T27n1545_139:0714c16_15']	有五受。	有五受。	There are five feelings.
['T27n1545_139:0714c17_8']	謂樂根苦根喜根憂根捨根。	謂樂根苦根喜根憂根捨根。	Namely, the faculty of pleasure, the faculty of pain, the faculty of joy, the faculty of aversion, and the faculty of equanimity.
['T27n1545_139:0714c17_17']	為二攝五五攝二耶。	為二攝五五攝二耶。	Are the two included in the five, or are the five included in the two?
['T27n1545_139:0714c18_6']	答互相攝隨其事。	答互相攝隨其事。	The answer is: They mutually include each other according to their respective matters.
['T27n1545_139:0714c19_3']	謂身受攝一全二少分即此攝身受。	謂身受攝一全二少分即此攝身受。	Bodily feeling includes one whole and two parts. It includes bodily feeling.
['T27n1545_139:0714c19_9', 'T27n1545_139:0714c19_18']	一全者苦根。🔽二少分者樂根捨根。	一全者苦根。 二少分者樂根捨根。	One whole is the faculty of pain.🔽Two parts are the faculty of pleasure and the faculty of equanimity.
['T27n1545_139:0714c20_7']	心受攝二全二少分。	心受攝二全二少分。	Mental feeling includes two wholes and two parts.
['T27n1545_139:0714c20_13']	即此攝心受。	即此攝心受。	It includes mental feeling.
['T27n1545_139:0714c21_2']	二全者喜根憂根。	二全者喜根憂根。	Two wholes are the faculty of joy and the faculty of aversion.
['T27n1545_139:0714c21_7']	二少分者。	二少分者。	Two parts are
['T27n1545_139:0714c21_18']	樂根捨根是故說隨其事。	樂根捨根是故說隨其事。	The faculty of pleasure and the faculty of equanimity. Therefore it is said to be according to their respective matters.
['T27n1545_139:0714c22_4']	二受如前說。	二受如前說。	The two feelings are as explained above.
['T27n1545_139:0714c22_8']	有六受。	有六受。	There are six feelings.
['T27n1545_139:0714c22_15']	謂眼觸所生受。	謂眼觸所生受。	Namely, feelings born from eye contact,
['T27n1545_139:0714c23_6']	耳鼻舌身意觸所生受。	耳鼻舌身意觸所生受。	feelings born from ear, nose, tongue, body, and mind contact.
['T27n1545_139:0714c23_15']	為二攝六六攝二耶。	為二攝六六攝二耶。	Are the two included in the six, or are the six included in the two?
['T27n1545_139:0714c24_5']	答互相攝隨其事。	答互相攝隨其事。	The answer is: They mutually include each other according to their respective matters.
['T27n1545_139:0714c24_17']	謂身受攝五全即此攝身受。	謂身受攝五全即此攝身受。	Bodily feeling includes five wholes. It includes bodily feeling.
['T27n1545_139:0714c25_3']	五全者。	五全者。	Five wholes are
['T27n1545_139:0714c25_9']	眼觸所生受。	眼觸所生受。	feelings born from eye contact,
['T27n1545_139:0714c25_17']	乃至身觸所生受。	乃至身觸所生受。	up to feelings born from body contact.
['T27n1545_139:0714c26_8']	心受攝一全即此攝心受。	心受攝一全即此攝心受。	One whole is included in mental feeling, which is included in this.
['T27n1545_139:0714c26_12']	一全者。	一全者。	One whole means:
['T27n1545_139:0714c27_7']	謂意觸所生受是故說隨其事。	謂意觸所生受是故說隨其事。	The feeling born from contact with the mind. Therefore it is said to follow its object.
['T27n1545_139:0714c27_13']	二受如前說。	二受如前說。	Two feelings are as explained above.
['T27n1545_139:0714c27_18']	有十八受。	有十八受。	There are eighteen feelings.
['T27n1545_139:0714c28_6']	謂六喜意近行。	謂六喜意近行。	Namely, six joyful mental activities,
['T27n1545_139:0714c28_12']	六憂意近行。	六憂意近行。	six sorrowful mental activities,
['T27n1545_139:0714c28_18']	六捨意近行。	六捨意近行。	and six neutral mental activities.
['T27n1545_139:0714c29_9']	為二攝十八十八攝二耶。	為二攝十八十八攝二耶。	Are the two included in the eighteen, or are the eighteen included in the two?
['T27n1545_139:0715a01_3']	答二攝十八非十八攝二。	答二攝十八非十八攝二。	The answer is: The two include the eighteen, but the eighteen do not include the two.
['T27n1545_139:0715a01_8']	何所不攝。	何所不攝。	What is not included?
['T27n1545_139:0715a01_16']	謂有漏樂根苦根。	謂有漏樂根苦根。	Namely, the contaminated faculty of pleasure and the faculty of pain,
['T27n1545_139:0715a02_4']	五識相應捨根。	五識相應捨根。	the faculty of equanimity associated with the five consciousnesses,
['T27n1545_139:0715a02_9']	及無漏受。	及無漏受。	and uncontaminated feeling.
['T27n1545_139:0715a03_3']	問何故有漏樂根非意近行耶。	問何故有漏樂根非意近行耶。	Why is the contaminated faculty of pleasure not a mental activity?
['T27n1545_139:0715a03_16']	答欲界初靜慮樂根唯在五識。	答欲界初靜慮樂根唯在五識。	The faculty of pleasure in the desire realm and first concentration is only in the five consciousnesses,
['T27n1545_139:0715a04_8']	及三識意近行唯在意識。	及三識意近行唯在意識。	and the three consciousnesses and mental activities are only in the mental consciousness.
['T27n1545_139:0715a04_18']	故有漏樂根非意近行。	故有漏樂根非意近行。	Therefore, the contaminated faculty of pleasure is not a mental activity.
['T27n1545_139:0715a05_9']	問第三靜慮有漏樂根。	問第三靜慮有漏樂根。	The question is: The contaminated faculty of pleasure in the third concentration,
['T27n1545_139:0715a05_18']	唯在意識何故不說。	唯在意識何故不說。	is only in the mental consciousness. Why is it not mentioned?
['T27n1545_139:0715a06_9']	答初非分故後亦不立。	答初非分故後亦不立。	Because the first is not a part of it, the latter is also not established.
['T27n1545_139:0715a06_12']	有說。	有說。	Some say:
['T27n1545_139:0715a06_17']	彼非全故。	彼非全故。	Because it is not complete.
['T27n1545_139:0715a07_7']	謂無全地有漏樂根。	謂無全地有漏樂根。	That is to say, there is no contaminated faculty of pleasure in the entire realm.
['T27n1545_139:0715a07_16']	在意識者是故不立。	在意識者是故不立。	It exists in mental consciousness, therefore it is not established.
['T27n1545_139:0715a08_1']	有說。	有說。	Some say:
['T27n1545_139:0715a08_11']	彼樂受雖與意識相應。	彼樂受雖與意識相應。	Although that faculty of pleasure is associated with mental consciousness,
['T27n1545_139:0715a08_16']	而非捷利。	而非捷利。	It is not sharp and quick.
['T27n1545_139:0715a09_8']	意近行必捷利分別轉故。	意近行必捷利分別轉故。	Because the mental activities of the mind must be sharp and quick, and evolve through discrimination.
['T27n1545_139:0715a10_3']	又所對苦非近行故此亦不立。	又所對苦非近行故此亦不立。	Also, because the suffering it opposes is not a mental activity, it is also not established.
['T27n1545_139:0715a10_13']	問何故苦根非意近行。	問何故苦根非意近行。	Why is the faculty of suffering not a mental activity of the mind?
['T27n1545_139:0715a11_3']	答苦根唯五識相應。	答苦根唯五識相應。	The faculty of suffering is only associated with the five consciousnesses.
['T27n1545_139:0715a11_12']	意近行者意識相應。	意近行者意識相應。	The mental activities of the mind are associated with mental consciousness.
['T27n1545_139:0715a11_15']	有說。	有說。	Some say:
['T27n1545_139:0715a12_2']	苦根不能分別。	苦根不能分別。	The faculty of suffering cannot discriminate.
['T27n1545_139:0715a12_11']	能分別者立意近行。	能分別者立意近行。	That which can discriminate is established as a mental activity of the mind.
['T27n1545_139:0715a12_14']	有說。	有說。	Some say:
['T27n1545_139:0715a13_2']	苦根取自相境。	苦根取自相境。	The faculty of suffering takes its own specific characteristics as its object.
['T27n1545_139:0715a13_11']	意近行者取自共相。	意近行者取自共相。	The mental activities of the mind take its own specific and general characteristics as its objects.
['T27n1545_139:0715a14_1']	復次苦根唯緣現在。	復次苦根唯緣現在。	Moreover, the faculty of suffering only takes the present as its object.
['T27n1545_139:0715a14_10']	意近行者通緣三世。	意近行者通緣三世。	The mental activities of the mind take the three times as their objects.
['T27n1545_139:0715a14_19']	復次苦根一往取境。	復次苦根一往取境。	Moreover, the faculty of suffering takes its object once.
['T27n1545_139:0715a15_8']	意近行者數往而取。	意近行者數往而取。	Those that are often taken up by the mind are called mental activities.
['T27n1545_139:0715a15_17']	復次苦根不能思度。	復次苦根不能思度。	Moreover, the faculty of suffering cannot contemplate and measure.
['T27n1545_139:0715a16_7']	能思度者立意近行。	能思度者立意近行。	Those that can contemplate and measure are established as mental activities.
['T27n1545_139:0715a17_3']	問何緣五識相應捨根非意近行。	問何緣五識相應捨根非意近行。	Why is the faculty of equanimity associated with the five consciousnesses not a mental activity?
['T27n1545_139:0715a17_9', 'T27n1545_139:0715a18_1']	答如苦根說。🔽問何故無漏受非意近行。	答如苦根說。 問何故無漏受非意近行。	The answer is the same as for the faculty of suffering.🔽Why are the pure feelings not mental activities?
['T27n1545_139:0715a18_13']	答以無漏受無意近行相故。	答以無漏受無意近行相故。	Because the pure feelings do not have the characteristics of mental activities.
['T27n1545_139:0715a19_4', 'T27n1545_139:0715a19_9', 'T27n1545_139:0715a19_14']	又受若能增益諸有。🔽攝受諸有。🔽任持諸有。	又受若能增益諸有。 攝受諸有。 任持諸有。	Moreover, if a feeling can increase, gather, and sustain existence,
['T27n1545_139:0715a20_1']	立意近行。	立意近行。	it is established as a mental activity.
['T27n1545_139:0715a20_14']	無漏受損減違害破壞諸有故。	無漏受損減違害破壞諸有故。	Because the pure feelings diminish, oppose, and destroy existence,
['T27n1545_139:0715a21_2']	不立意近行。	不立意近行。	they are not established as mental activities.
['T27n1545_139:0715a21_11']	又受乃至是身見事。	又受乃至是身見事。	Moreover, feelings up to the point of being the basis for the view of self,
['T27n1545_139:0715a22_3']	乃至墮苦集諦立意近行。	乃至墮苦集諦立意近行。	up to the point of falling into the truths of suffering and accumulation, are established as mental activities.
['T27n1545_139:0715a22_13']	無漏受乃至非身見事。	無漏受乃至非身見事。	The pure feelings up to the point of not being the basis for the view of self,
['T27n1545_139:0715a23_3']	乃至不墮苦集諦。	乃至不墮苦集諦。	up to the point of not falling into the truths of suffering and accumulation,
['T27n1545_139:0715a23_10']	故不立意近行。	故不立意近行。	are therefore not established as mental activities.
['T27n1545_139:0715a23_16']	二受如前說。	二受如前說。	The two feelings are as explained above.
['T27n1545_139:0715a24_3']	有三十六受。	有三十六受。	There are thirty-six feelings,
['T27n1545_139:0715a24_10']	謂六耽嗜依喜。	謂六耽嗜依喜。	namely, the six kinds of attachment-based joy,
['T27n1545_139:0715a24_16', 'T27n1545_139:0715a25_2', 'T27n1545_139:0715a25_8']	六出離依喜。🔽六耽嗜依憂。🔽六出離依憂。	六出離依喜。 六耽嗜依憂。 六出離依憂。	The six based on renunciation are joy.🔽The six based on indulgence are sorrow.🔽The six based on renunciation are sorrow.
['T27n1545_139:0715a25_14']	六耽嗜依捨。	六耽嗜依捨。	The six based on indulgence are equanimity.
['T27n1545_139:0715a26_1']	六出離依捨。	六出離依捨。	The six based on renunciation are equanimity.
['T27n1545_139:0715a26_14']	為二攝三十六三十六攝二耶。	為二攝三十六三十六攝二耶。	Do the two include the thirty-six, or do the thirty-six include the two?
['T27n1545_139:0715a27_13']	答二攝三十六非三十六攝二何所不攝。	答二攝三十六非三十六攝二何所不攝。	The answer is: The two include the thirty-six, but the thirty-six do not include the two. What is not included?
['T27n1545_139:0715a28_2']	謂如前說。	謂如前說。	As explained before.
['T27n1545_139:0715a28_14']	即有漏樂根苦根五識相應。	即有漏樂根苦根五識相應。	It refers to the defiled faculty of pleasure and the faculty of pain associated with the five consciousnesses,
['T27n1545_139:0715a29_2']	捨根及無漏受。	捨根及無漏受。	the faculty of equanimity, and the undefiled feelings.
['T27n1545_139:0715a29_11']	問答分別如前應知。	問答分別如前應知。	The distinctions in questions and answers should be understood as before.
['T27n1545_139:0715a29_17']	二受如前說。	二受如前說。	The two feelings are as explained before.
['T27n1545_139:0715b01_3']	有百八受。	有百八受。	There are one hundred and eight feelings.
['T27n1545_139:0715b01_12']	謂依三世各三十六。	謂依三世各三十六。	That is, based on the three times, each with thirty-six.
['T27n1545_139:0715b02_5']	為二攝百八百八攝二耶。	為二攝百八百八攝二耶。	Do the two include the one hundred and eight, or do the one hundred and eight include the two?
['T27n1545_139:0715b02_16']	答二攝百八非百八攝二。	答二攝百八非百八攝二。	The answer is: The two include the one hundred and eight, but the one hundred and eight do not include the two.
['T27n1545_139:0715b03_3']	何所不攝。	何所不攝。	What is not included?
['T27n1545_139:0715b03_8']	謂如前說。	謂如前說。	As explained before.
['T27n1545_139:0715b03_14']	即有漏樂根。	即有漏樂根。	It refers to the defiled faculty of pleasure,
['T27n1545_139:0715b04_5', 'T27n1545_139:0715b04_10']	乃至無漏受問答如前。🔽三受四受。	乃至無漏受問答如前。 三受四受。	up to the undefiled feelings. The questions and answers are as before.🔽The three feelings and the four feelings.
['T27n1545_139:0715b05_1']	為三攝四四攝三耶。	為三攝四四攝三耶。	Do the three include the four, or do the four include the three?
['T27n1545_139:0715b05_9']	答互相攝隨其事。	答互相攝隨其事。	Answer: They mutually include each other according to their respective matters.
['T27n1545_139:0715b06_4']	謂樂受攝三少分即此攝樂受。	謂樂受攝三少分即此攝樂受。	That is to say, the pleasant feeling includes three small parts, which include the pleasant feeling.
['T27n1545_139:0715b06_9']	三少分者。	三少分者。	The three small parts are:
['T27n1545_139:0715b06_13']	欲界繫。	欲界繫。	The one bound to the desire realm,
['T27n1545_139:0715b06_17']	色界繫。	色界繫。	The one bound to the form realm,
['T27n1545_139:0715b07_1']	不繫受。	不繫受。	And the unconditioned feeling.
['T27n1545_139:0715b07_13']	苦受攝一少分即此攝苦受。	苦受攝一少分即此攝苦受。	The painful feeling includes one small part, which includes the painful feeling.
['T27n1545_139:0715b07_18']	一少分者。	一少分者。	The one small part is:
['T27n1545_139:0715b08_4']	欲界繫受。	欲界繫受。	The feeling bound to the desire realm.
['T27n1545_139:0715b08_10']	不苦不樂受。	不苦不樂受。	The neither-painful-nor-pleasant feeling,
['T27n1545_139:0715b08_14']	攝一全。	攝一全。	Includes one whole,
['T27n1545_139:0715b08_18']	三少分。	三少分。	And three small parts.
['T27n1545_139:0715b09_7']	即此攝不苦不樂受。	即此攝不苦不樂受。	It includes the neither-painful-nor-pleasant feeling.
['T27n1545_139:0715b09_11']	一全者。	一全者。	The one whole is:
['T27n1545_139:0715b09_17']	無色界繫受。	無色界繫受。	The feeling bound to the formless realm.
['T27n1545_139:0715b10_2']	三少分者。	三少分者。	The three small parts are:
['T27n1545_139:0715b10_6']	欲界繫。	欲界繫。	The one bound to the desire realm,
['T27n1545_139:0715b10_10']	色界繫。	色界繫。	The one bound to the form realm,
['T27n1545_139:0715b10_14']	不繫受。	不繫受。	And the unconditioned feeling.
['T27n1545_139:0715b11_1']	是故說隨其事。	是故說隨其事。	Therefore it is said to be according to their respective matters.
['T27n1545_139:0715b11_6']	三受五受。	三受五受。	The three feelings and the five feelings,
['T27n1545_139:0715b11_15']	為三攝五五攝三耶。	為三攝五五攝三耶。	Are the three included in the five, or the five included in the three?
['T27n1545_139:0715b12_4']	答互相攝隨其事。	答互相攝隨其事。	Answer: They mutually include each other according to their respective matters.
['T27n1545_139:0715b12_11']	謂樂受攝二全。	謂樂受攝二全。	That is to say, the pleasant feeling includes two wholes,
['T27n1545_139:0715b12_17']	即此攝樂受。	即此攝樂受。	Which include the pleasant feeling.
['T27n1545_139:0715b13_2']	二全者。	二全者。	The two wholes are:
['T27n1545_139:0715b13_7']	樂根喜根。	樂根喜根。	The faculty of pleasure and the faculty of joy.
['T27n1545_139:0715b13_18']	苦受攝二全即此攝苦受。	苦受攝二全即此攝苦受。	The painful feeling includes two wholes, which include the painful feeling.
['T27n1545_139:0715b14_3']	二全者。	二全者。	The two complete ones are:
['T27n1545_139:0715b14_8']	苦根憂根。	苦根憂根。	The faculty of suffering and the faculty of sorrow.
['T27n1545_139:0715b14_17']	不苦不樂受攝一全。	不苦不樂受攝一全。	The faculty of neither-suffering-nor-happiness is included in one complete one.
['T27n1545_139:0715b15_6']	即此攝不苦不樂受。	即此攝不苦不樂受。	It includes the faculty of neither-suffering-nor-happiness.
['T27n1545_139:0715b15_10']	一全者。	一全者。	The one complete one is:
['T27n1545_139:0715b15_13']	捨根。	捨根。	The faculty of equanimity.
['T27n1545_139:0715b16_1']	是故說隨其事。	是故說隨其事。	Therefore it is said to be according to the matter.
['T27n1545_139:0715b16_6']	三受六受。	三受六受。	The three feelings and the six feelings,
['T27n1545_139:0715b16_15']	為三攝六六攝三耶。	為三攝六六攝三耶。	are the three included in the six, or are the six included in the three?
['T27n1545_139:0715b17_4']	答互相攝隨其事。	答互相攝隨其事。	The answer is: They mutually include each other according to the matter.
['T27n1545_139:0715b17_12']	謂樂受攝六少分。	謂樂受攝六少分。	That is to say, the faculty of happiness includes a part of the six.
['T27n1545_139:0715b17_18']	即此攝樂受。	即此攝樂受。	It includes the faculty of happiness.
['T27n1545_139:0715b18_11']	苦受攝六少分即此攝苦受。	苦受攝六少分即此攝苦受。	The faculty of suffering includes a part of the six. It includes the faculty of suffering.
['T27n1545_139:0715b19_3']	不苦不樂受攝六少分。	不苦不樂受攝六少分。	The faculty of neither-suffering-nor-happiness includes a part of the six.
['T27n1545_139:0715b19_12']	即此攝不苦不樂受。	即此攝不苦不樂受。	It includes the faculty of neither-suffering-nor-happiness.
['T27n1545_139:0715b19_18']	諸六少分者。	諸六少分者。	As for the parts of the six,
['T27n1545_139:0715b20_4']	眼觸所生受。	眼觸所生受。	The feelings born from eye contact,
['T27n1545_139:0715b20_12']	乃至意觸所生受。	乃至意觸所生受。	up to the feelings born from mind contact.
['T27n1545_139:0715b20_19']	是故說隨其事。	是故說隨其事。	Therefore it is said to be according to the matter.
['T27n1545_139:0715b21_5']	三受十八受。	三受十八受。	The three feelings and the eighteen feelings,
['T27n1545_139:0715b21_16']	為三攝十八十八攝三耶。	為三攝十八十八攝三耶。	are the three included in the eighteen, or are the eighteen included in the three?
['T27n1545_139:0715b22_9']	答三攝十八非十八攝三。	答三攝十八非十八攝三。	The answer is: The three include the eighteen, but the eighteen do not include the three.
['T27n1545_139:0715b22_14']	何所不攝。	何所不攝。	What is not included?
['T27n1545_139:0715b23_8']	謂有漏樂根苦根五識相應。	謂有漏樂根苦根五識相應。	Namely, the contaminated pleasure faculty and pain faculty associated with the five consciousnesses,
['T27n1545_139:0715b23_15']	捨根及無漏受。	捨根及無漏受。	the equanimity faculty and the undefiled feelings.
['T27n1545_139:0715b23_18']	三受。	三受。	Three feelings.
['T27n1545_139:0715b24_3']	三十六受。	三十六受。	Thirty-six feelings.
['T27n1545_139:0715b24_6']	三受。	三受。	Three feelings.
['T27n1545_139:0715b24_13', 'T27n1545_139:0715b25_5']	百八受說亦爾。🔽皆於三受不攝有漏樂根。	百八受說亦爾。 皆於三受不攝有漏樂根。	The same can be said for the one hundred and eight feelings.🔽All of them do not include the contaminated pleasure faculty,
['T27n1545_139:0715b25_12']	乃至無漏受故。	乃至無漏受故。	up to the undefiled feelings, within the three feelings.
['T27n1545_139:0715b25_17']	問答如上。	問答如上。	The questions and answers are the same as above.
['T27n1545_139:0715b26_3']	四受五受。	四受五受。	Four feelings and five feelings,
['T27n1545_139:0715b26_12']	為四攝五五攝四耶。	為四攝五五攝四耶。	are the four included in the five or are the five included in the four?
['T27n1545_139:0715b27_2']	答互相攝隨其事。	答互相攝隨其事。	The answer is: they mutually include each other according to the matter.
['T27n1545_139:0715b27_8']	謂欲界繫受。	謂欲界繫受。	Namely, the feelings belonging to the desire realm,
['T27n1545_139:0715b27_15']	攝二全三少分。	攝二全三少分。	include two complete and three partial.
['T27n1545_139:0715b28_4']	即此攝欲界繫受。	即此攝欲界繫受。	These include the feelings belonging to the desire realm.
['T27n1545_139:0715b28_8']	二全者。	二全者。	The two complete ones are:
['T27n1545_139:0715b28_13']	苦根憂根。	苦根憂根。	the pain faculty and the sorrow faculty.
['T27n1545_139:0715b28_18']	三少分者。	三少分者。	The three partial ones are:
['T27n1545_139:0715b29_4']	樂根喜根捨根。	樂根喜根捨根。	the pleasure faculty, the joy faculty, and the equanimity faculty.
['T27n1545_139:0715b29_13']	色界繫受攝三少分。	色界繫受攝三少分。	The feelings belonging to the form realm include three partial ones.
['T27n1545_139:0715c01_2']	即此攝色界繫受。	即此攝色界繫受。	These include the feelings belonging to the form realm.
['T27n1545_139:0715c01_7']	三少分者。	三少分者。	The three partial ones are:
['T27n1545_139:0715c01_14']	樂根喜根捨根。	樂根喜根捨根。	the pleasure faculty, the joy faculty, and the equanimity faculty.
['T27n1545_139:0715c02_4']	無色界繫受攝一少分。	無色界繫受攝一少分。	The feelings belonging to the formless realm include one partial one.
['T27n1545_139:0715c02_13']	即此攝無色界繫受。	即此攝無色界繫受。	These include the feelings belonging to the formless realm.
['T27n1545_139:0715c02_18', 'T27n1545_139:0715c03_2', 'T27n1545_139:0715c03_10']	一少分者。🔽捨根。🔽不繫受攝三少分。	一少分者。 捨根。 不繫受攝三少分。	The faculty of equanimity.🔽The three parts of the unconditioned are included in the three parts of feeling.
['T27n1545_139:0715c03_17']	即此攝不繫受。	即此攝不繫受。	That is to say, the unconditioned is included in the three parts of feeling.
['T27n1545_139:0715c04_8']	三少分者樂根喜根捨根。	三少分者樂根喜根捨根。	The three parts are the faculty of pleasure, the faculty of joy, and the faculty of equanimity.
['T27n1545_139:0715c04_15']	是故說隨其事。	是故說隨其事。	Therefore it is said to follow the matter.
['T27n1545_139:0715c05_1']	四受六受。	四受六受。	The four feelings and the six feelings,
['T27n1545_139:0715c05_10']	為四攝六六攝四耶。	為四攝六六攝四耶。	are the four included in the six, or are the six included in the four?
['T27n1545_139:0715c05_18']	答互相攝隨其事。	答互相攝隨其事。	The answer is: They mutually include each other according to the matter.
['T27n1545_139:0715c06_5']	謂欲界繫受。	謂欲界繫受。	That is to say, the feelings belonging to the desire realm,
['T27n1545_139:0715c06_12']	攝二全四少分。	攝二全四少分。	include two wholes and four parts.
['T27n1545_139:0715c07_2']	即此攝欲界繫受。	即此攝欲界繫受。	That is to say, the feelings belonging to the desire realm include
['T27n1545_139:0715c07_6', 'T27n1545_139:0715c07_12']	二全者。🔽鼻觸所生受。	二全者。 鼻觸所生受。	The two wholes are:🔽The feeling born from nose contact,
['T27n1545_139:0715c07_18']	舌觸所生受。	舌觸所生受。	the feeling born from tongue contact.
['T27n1545_139:0715c08_2']	四少分者。	四少分者。	The four parts are:
['T27n1545_139:0715c08_8']	眼觸所生受。	眼觸所生受。	The feeling born from eye contact,
['T27n1545_139:0715c08_16']	耳身意觸所生受。	耳身意觸所生受。	the feeling born from ear, body, and mind contact.
['T27n1545_139:0715c09_5']	色界繫受攝四少分。	色界繫受攝四少分。	The feelings belonging to the form realm include four parts.
['T27n1545_139:0715c09_13']	即此攝色界繫受。	即此攝色界繫受。	That is to say, the feelings belonging to the form realm include
['T27n1545_139:0715c09_18']	四少分者。	四少分者。	The four parts are:
['T27n1545_139:0715c10_5']	眼觸所生受。	眼觸所生受。	The feeling born from eye contact,
['T27n1545_139:0715c10_13']	耳身意觸所生受。	耳身意觸所生受。	the feeling born from ear, body, and mind contact.
['T27n1545_139:0715c10_19']	無色界繫受。	無色界繫受。	The feelings belonging to the formless realm,
['T27n1545_139:0715c11_4']	攝一少分。	攝一少分。	include one part.
['T27n1545_139:0715c11_13']	即此攝無色界繫受。	即此攝無色界繫受。	It also includes the feeling associated with the formless realm.
['T27n1545_139:0715c12_3']	不繫受攝一少分。	不繫受攝一少分。	The unassociated feeling includes one part.
['T27n1545_139:0715c12_10']	即此攝不繫受。	即此攝不繫受。	It also includes the unassociated feeling.
['T27n1545_139:0715c12_15']	一少分者。	一少分者。	One part means:
['T27n1545_139:0715c13_2']	意觸所生受。	意觸所生受。	The feeling produced by mental contact.
['T27n1545_139:0715c13_9']	是故說隨其事。	是故說隨其事。	Therefore, it is said to follow the matter.
['T27n1545_139:0715c13_15']	四受十八受。	四受十八受。	Four feelings and eighteen feelings.
['T27n1545_139:0715c14_7']	為四攝十八十八攝四耶。	為四攝十八十八攝四耶。	Are the four included in the eighteen, or are the eighteen included in the four?
['T27n1545_139:0715c15_1']	答四攝十八非十八攝四。	答四攝十八非十八攝四。	Answer: The four include the eighteen, but the eighteen do not include the four.
['T27n1545_139:0715c15_6']	何所不攝。	何所不攝。	What is not included?
['T27n1545_139:0715c16_2']	謂有漏樂根苦根五識相應捨根。	謂有漏樂根苦根五識相應捨根。	It refers to the contaminated faculty of pleasure, the faculty of pain, the faculty of equanimity associated with the five consciousnesses,
['T27n1545_139:0715c16_7']	及無漏受。	及無漏受。	and the undefiled feeling.
['T27n1545_139:0715c16_10']	四受。	四受。	Four feelings.
['T27n1545_139:0715c16_15']	三十六受。	三十六受。	Thirty-six feelings.
['T27n1545_139:0715c16_21']	四受百八受。	四受百八受。	Four feelings and one hundred and eight feelings.
['T27n1545_139:0715c17_3']	說亦爾。	說亦爾。	The explanation is the same.
['T27n1545_139:0715c17_8']	問答如上。	問答如上。	The questions and answers are as above.
['T27n1545_139:0715c18_4']	五受六受。	五受六受。	Five feelings and six feelings.
['T27n1545_139:0715c18_13']	為五攝六六攝五耶。	為五攝六六攝五耶。	Are the five included in the six, or are the six included in the five?
['T27n1545_139:0715c19_3']	答互相攝隨其事。	答互相攝隨其事。	Answer: They mutually include each other according to the matter.
['T27n1545_139:0715c19_13']	謂樂根捨根攝六少分。	謂樂根捨根攝六少分。	It refers to the faculty of pleasure and the faculty of equanimity including six parts.
['T27n1545_139:0715c20_3']	即此攝樂根捨根。	即此攝樂根捨根。	It also includes the faculty of pleasure and the faculty of equanimity.
['T27n1545_139:0715c20_8']	六少分者。	六少分者。	Six parts means:
['T27n1545_139:0715c20_14']	眼觸所生受。	眼觸所生受。	The feeling produced by eye contact.
['T27n1545_139:0715c21_2']	乃至意觸所生受。	乃至意觸所生受。	up to the feeling produced by mind contact.
['T27n1545_139:0715c21_9']	苦根攝五少分。	苦根攝五少分。	The faculty of suffering includes five parts.
['T27n1545_139:0715c21_15']	即此攝苦根。	即此攝苦根。	This includes the faculty of suffering.
['T27n1545_139:0715c22_1']	五少分者。	五少分者。	The five parts are:
['T27n1545_139:0715c22_7']	眼觸所生受。	眼觸所生受。	The feeling produced by eye contact,
['T27n1545_139:0715c22_15', 'T27n1545_139:0715c23_4']	乃至身觸所生受。🔽憂根喜根攝一少分。	乃至身觸所生受。 憂根喜根攝一少分。	up to the feeling produced by body contact.🔽The faculty of sorrow and the faculty of joy include one part.
['T27n1545_139:0715c23_16']	即此攝憂根喜根一少分者。	即此攝憂根喜根一少分者。	This includes the faculty of sorrow and the faculty of joy, one part.
['T27n1545_139:0715c24_3']	意觸所生受。	意觸所生受。	The feeling produced by mind contact.
['T27n1545_139:0715c24_10']	是故說隨其事。	是故說隨其事。	Therefore, it is said to follow the matter at hand.
['T27n1545_139:0715c24_16']	五受十八受。	五受十八受。	Five feelings and eighteen feelings.
['T27n1545_139:0715c24_19']	五受。	五受。	Five feelings.
['T27n1545_139:0715c25_4']	三十六受。	三十六受。	Thirty-six feelings.
['T27n1545_139:0715c25_7']	五受。	五受。	Five feelings.
['T27n1545_139:0715c25_11']	百八受。	百八受。	One hundred and eight feelings.
['T27n1545_139:0715c26_1']	皆如前四受十八受等。	皆如前四受十八受等。	All are like the previous four feelings, eighteen feelings, and so on.
['T27n1545_139:0715c26_10']	說是故說隨其所應。	說是故說隨其所應。	Therefore, it is said to follow as appropriate.
['T27n1545_139:0715c26_13']	六受。	六受。	Six feelings.
['T27n1545_139:0715c26_17']	十八受。	十八受。	Eighteen feelings.
['T27n1545_139:0715c26_20', 'T27n1545_139:0715c27_4']	六受。🔽三十六受。	六受。 三十六受。	Six feelings.🔽Thirty-six feelings.
['T27n1545_139:0715c27_10']	六受百八受。	六受百八受。	Six feelings and one hundred and eight feelings.
['T27n1545_139:0715c27_15']	當知亦爾。	當知亦爾。	Should be understood in the same way.
['T27n1545_139:0715c27_19']	十八受。	十八受。	Eighteen feelings.
['T27n1545_139:0715c28_4']	三十六受。	三十六受。	Thirty-six feelings.
['T27n1545_139:0715c29_2']	為十八攝三十六三十六攝十八耶。	為十八攝三十六三十六攝十八耶。	Are the eighteen included in the thirty-six, or are the thirty-six included in the eighteen?
['T27n1545_139:0715c29_10']	答互相攝隨其事。	答互相攝隨其事。	Answer: They mutually include each other according to the matter at hand.
['T27n1545_139:0716a01_3']	謂六喜意近行攝十二全。	謂六喜意近行攝十二全。	It means that it includes all twelve of the joyful mental activities.
['T27n1545_139:0716a01_12']	即此攝六喜意近行。	即此攝六喜意近行。	It includes the six joyful mental activities.
['T27n1545_139:0716a01_17', 'T27n1545_139:0716a02_3']	十二全者。🔽六耽嗜依喜。	十二全者。 六耽嗜依喜。	The twelve complete ones are:🔽The six joyful mental activities based on indulgence,
['T27n1545_139:0716a02_9']	六出離依喜。	六出離依喜。	and the six joyful mental activities based on renunciation.
['T27n1545_139:0716a02_19']	六憂意近行攝十二全。	六憂意近行攝十二全。	The six sorrowful mental activities include all twelve.
['T27n1545_139:0716a03_8']	即此攝六憂意近行。	即此攝六憂意近行。	It includes the six sorrowful mental activities.
['T27n1545_139:0716a03_13', 'T27n1545_139:0716a03_19']	十二全者。🔽六耽嗜依憂。	十二全者。 六耽嗜依憂。	The twelve complete ones are:🔽The six sorrowful mental activities based on indulgence,
['T27n1545_139:0716a04_5']	六出離依憂。	六出離依憂。	and the six sorrowful mental activities based on renunciation.
['T27n1545_139:0716a04_15']	六捨意近行攝十二全。	六捨意近行攝十二全。	The six neutral mental activities include all twelve.
['T27n1545_139:0716a05_5']	即此攝六捨意近行。	即此攝六捨意近行。	It includes the six neutral mental activities.
['T27n1545_139:0716a05_10', 'T27n1545_139:0716a05_16']	十二全者。🔽六耽嗜依捨。	十二全者。 六耽嗜依捨。	The twelve complete ones are:🔽The six neutral mental activities based on indulgence,
['T27n1545_139:0716a06_2']	六出離依捨。	六出離依捨。	and the six neutral mental activities based on renunciation.
['T27n1545_139:0716a06_9']	是故說隨其事。	是故說隨其事。	Therefore, it is said to follow the matter.
['T27n1545_139:0716a06_13']	十八受。	十八受。	Eighteen feelings,
['T27n1545_139:0716a06_17']	百八受。	百八受。	one hundred and eight feelings,
['T27n1545_139:0716a07_10']	為十八攝百八百八攝十八耶。	為十八攝百八百八攝十八耶。	are the eighteen included in the one hundred and eight, or are the one hundred and eight included in the eighteen?
['T27n1545_139:0716a08_1']	答互相攝隨其事。	答互相攝隨其事。	The answer is: They mutually include each other according to the matter.
['T27n1545_139:0716a08_8']	謂六喜意近行。	謂六喜意近行。	It means that the six joyful mental activities
['T27n1545_139:0716a08_14']	攝三十六全。	攝三十六全。	include all thirty-six.
['T27n1545_139:0716a09_4']	即此攝六喜意近行。	即此攝六喜意近行。	It includes the six joyful mental activities.
['T27n1545_139:0716a09_10']	三十六全者。	三十六全者。	The thirty-six complete ones are:
['T27n1545_139:0716a09_16']	六耽嗜依喜。	六耽嗜依喜。	Sixth, joy based on indulgence.
['T27n1545_139:0716a10_2']	六出離依喜。	六出離依喜。	Sixth, joy based on renunciation.
['T27n1545_139:0716a10_7']	此各三世。	此各三世。	Each of these has three time periods.
['T27n1545_139:0716a10_13']	六憂意近行。	六憂意近行。	There are six types of mental activities of sorrow.
['T27n1545_139:0716a10_19']	攝三十六全。	攝三十六全。	It includes all thirty-six.
['T27n1545_139:0716a11_8']	即此攝六憂意近行。	即此攝六憂意近行。	It includes the six types of mental activities of sorrow.
['T27n1545_139:0716a11_14', 'T27n1545_139:0716a12_1']	三十六全者。🔽六耽嗜依憂。	三十六全者。 六耽嗜依憂。	The thirty-six complete ones are:🔽Six sorrows based on indulgence.
['T27n1545_139:0716a12_7']	六出離依憂。	六出離依憂。	Six sorrows based on renunciation.
['T27n1545_139:0716a12_12']	此各三世。	此各三世。	Each of these has three time periods.
['T27n1545_139:0716a13_3']	六捨意近行攝三十六全。	六捨意近行攝三十六全。	The six types of mental activities of equanimity include all thirty-six.
['T27n1545_139:0716a13_12']	即此攝六捨意近行。	即此攝六捨意近行。	It includes the six types of mental activities of equanimity.
['T27n1545_139:0716a13_18', 'T27n1545_139:0716a14_4']	三十六全者。🔽六耽嗜依捨。	三十六全者。 六耽嗜依捨。	The thirty-six complete ones are:🔽Six equanimities based on indulgence.
['T27n1545_139:0716a14_10']	六出離依捨。	六出離依捨。	Six equanimities based on renunciation.
['T27n1545_139:0716a14_15']	此各三世。	此各三世。	Each of these has three time periods.
['T27n1545_139:0716a15_2']	是故說隨其事。	是故說隨其事。	Therefore it is said to follow the matter.
['T27n1545_139:0716a15_7']	三十六受。	三十六受。	Thirty-six feelings.
['T27n1545_139:0716a15_11']	百八受。	百八受。	One hundred and eight feelings.
['T27n1545_139:0716a16_7']	為三十六攝百八百八攝三十六耶。	為三十六攝百八百八攝三十六耶。	Are the thirty-six included in the one hundred and eight, or are the one hundred and eight included in the thirty-six?
['T27n1545_139:0716a16_15']	答互相攝隨其事。	答互相攝隨其事。	The answer is: They mutually include each other according to the matter.
['T27n1545_139:0716a17_6']	謂三十六各攝三全。	謂三十六各攝三全。	That is to say, each of the thirty-six completely includes three.
['T27n1545_139:0716a17_13']	即此攝三十六。	即此攝三十六。	It includes the thirty-six.
['T27n1545_139:0716a17_17']	三全者。	三全者。	The three complete ones are:
['T27n1545_139:0716a18_7']	即三十六各三世別。	即三十六各三世別。	The thirty-six each have a separate distinction of three time periods.
['T27n1545_139:0716a18_14']	是故說隨其事。	是故說隨其事。	Therefore, it is said to follow the matter.
['T27n1545_139:0716a19_10']	問十八意近行云何建立。	問十八意近行云何建立。	Question: How are the eighteen kinds of mental activities established?
['T27n1545_139:0716a19_15', 'T27n1545_139:0716a20_2']	為以相應。🔽為以自性。	為以相應。 為以自性。	Are they established based on association,🔽or based on intrinsic nature,
['T27n1545_139:0716a20_7']	為以所緣。	為以所緣。	or based on objects?
['T27n1545_139:0716a20_12']	設爾何過。	設爾何過。	If so, what is the problem?
['T27n1545_139:0716a21_2']	若以相應則唯有一。	若以相應則唯有一。	If based on association, there would be only one,
['T27n1545_139:0716a21_10']	謂意識相應近行。	謂意識相應近行。	namely, the mental activities associated with mental consciousness.
['T27n1545_139:0716a22_1']	若以自性則唯有三。	若以自性則唯有三。	If based on intrinsic nature, there would be only three,
['T27n1545_139:0716a22_6']	謂喜近行。	謂喜近行。	namely, the mental activities of joy,
['T27n1545_139:0716a22_10', 'T27n1545_139:0716a22_14']	憂近行。🔽捨近行。	憂近行。 捨近行。	sorrow, and equanimity.
['T27n1545_139:0716a23_3']	若以所緣則唯有六。	若以所緣則唯有六。	If based on objects, there would be only six,
['T27n1545_139:0716a23_13']	謂色近行乃至法近行。	謂色近行乃至法近行。	namely, the mental activities of form, up to the mental activities of dharmas.
['T27n1545_139:0716a24_1']	何故說十八耶。	何故說十八耶。	Why are there said to be eighteen?
['T27n1545_139:0716a24_11']	答總以三緣故立十八。	答總以三緣故立十八。	Answer: They are established based on three general reasons:
['T27n1545_139:0716a25_2']	謂一意識相應近行。	謂一意識相應近行。	First, the mental activities associated with the one mental consciousness
['T27n1545_139:0716a25_11']	有喜憂捨三種自性。	有喜憂捨三種自性。	have three kinds of intrinsic natures: joy, sorrow, and equanimity.
['T27n1545_139:0716a26_6']	各緣色等六種境起故有十八。	各緣色等六種境起故有十八。	Each arises based on the six kinds of objects such as form, thus there are eighteen.
['T27n1545_139:0716a26_15']	已說自性當說所以。	已說自性當說所以。	The intrinsic natures have been explained. Now the reasons will be explained.
['T27n1545_139:0716a27_3']	何因緣故。	何因緣故。	What are the causes and conditions?
['T27n1545_139:0716a27_8']	名意近行。	名意近行。	Why are they called mental activities?
['T27n1545_139:0716a27_18']	答此十八受意為近緣。	答此十八受意為近緣。	Answer: These eighteen are the proximate conditions for the mind to experience.
['T27n1545_139:0716a28_4']	行於境界。	行於境界。	To engage in objects.
['T27n1545_139:0716a28_9']	名意近行。	名意近行。	It is called mental activity.
['T27n1545_139:0716a29_9', 'T27n1545_139:0716b01_1']	又此為近緣令意於境數數行故名意近行。🔽又依意故近境而行。	又此為近緣令意於境數數行故名意近行。 又依意故近境而行。	It is also called mental activity because it is the proximate condition that causes the mind to repeatedly engage with objects.
['T27n1545_139:0716b01_6']	名意近行。	名意近行。	It is also called mental activity because it relies on the mind to approach and engage with objects.
['T27n1545_139:0716b02_1']	於境捷利樂數分別故名為行。	於境捷利樂數分別故名為行。	It is called activity because it is swift and easy, and repeatedly discriminates with regard to objects.
['T27n1545_139:0716b02_6', 'T27n1545_139:0716b02_11']	如捷利女。🔽數於其夫。	如捷利女。 數於其夫。	Like a swift woman.
['T27n1545_139:0716b02_16', 'T27n1545_139:0716b03_2']	起分別行。🔽或取喜相。	起分別行。 或取喜相。	Repeatedly gives rise to discriminating activity with regard to her husband.🔽Either grasping at the appearance of joy,
['T27n1545_139:0716b03_7']	或取憂相。	或取憂相。	or grasping at the appearance of sorrow,
['T27n1545_139:0716b03_12', 'T27n1545_139:0716b04_3']	或取捨相。🔽如是捷利受數於六境。	或取捨相。 如是捷利受數於六境。	or grasping at the appearance of equanimity.
['T27n1545_139:0716b04_8', 'T27n1545_139:0716b04_14']	起分別行。🔽或行順喜相。	起分別行。 或行順喜相。	In this way, the swift woman repeatedly gives rise to discriminating activity with regard to the six objects.🔽Either engaging in activity that accords with the appearance of joy,
['T27n1545_139:0716b05_1']	或行順憂相。	或行順憂相。	or engaging in activity that accords with the appearance of sorrow,
['T27n1545_139:0716b05_7']	或行順捨相。	或行順捨相。	or engaging in activity that accords with the appearance of equanimity.
['T27n1545_139:0716b05_16']	由此因緣名意近行。	由此因緣名意近行。	For this reason, it is called mental activity.
['T27n1545_139:0716b06_5']	問此十八意近行。	問此十八意近行。	Question: As for these eighteen kinds of mental activity,
['T27n1545_139:0716b06_10']	為但意地。	為但意地。	are they only of the mental realm,
['T27n1545_139:0716b06_15']	亦五識耶。	亦五識耶。	or also of the five consciousnesses?
['T27n1545_139:0716b07_5']	答唯在意地非五識。	答唯在意地非五識。	Answer: They are only of the mental realm, not of the five consciousnesses.
['T27n1545_139:0716b07_17']	問若爾何故經說眼見色已。	問若爾何故經說眼見色已。	Question: If that is so, why does the sutra say that having seen forms with the eye,
['T27n1545_139:0716b08_8']	於順喜色起喜近行。	於順喜色起喜近行。	one gives rise to mental activity of joy with regard to forms that accord with joy?
['T27n1545_139:0716b08_17']	於順憂色起憂近行。	於順憂色起憂近行。	When encountering pleasant objects, one gives rise to joy-related activities.
['T27n1545_139:0716b09_8']	於順捨色起捨近行。	於順捨色起捨近行。	When encountering neutral objects, one gives rise to equanimity-related activities.
['T27n1545_139:0716b09_17']	廣說乃至意知法已。	廣說乃至意知法已。	Extending this explanation, when the mind cognizes dharmas,
['T27n1545_139:0716b10_8']	於順喜法起喜近行。	於順喜法起喜近行。	when encountering joyful dharmas, one gives rise to joy-related activities.
['T27n1545_139:0716b10_17']	於順憂法起憂近行。	於順憂法起憂近行。	When encountering sorrowful dharmas, one gives rise to sorrow-related activities.
['T27n1545_139:0716b11_9']	於順捨法起捨近行耶。	於順捨法起捨近行耶。	When encountering neutral dharmas, one gives rise to equanimity-related activities.
['T27n1545_139:0716b12_2']	答由五識身所引起故。	答由五識身所引起故。	The answer is: because they are aroused by the five consciousnesses,
['T27n1545_139:0716b12_11']	為逕路故作如是說。	為逕路故作如是說。	they are said to be like this in order to take a detour.
['T27n1545_139:0716b13_2']	然意近行唯在意地。	然意近行唯在意地。	However, the mental activities are only in the mental consciousness.
['T27n1545_139:0716b13_11']	如不淨觀亦唯意地。	如不淨觀亦唯意地。	Like the contemplation of impurity, they are also only in the mental consciousness.
['T27n1545_139:0716b14_1']	然契經言眼見色已。	然契經言眼見色已。	However, the sutra says: The eye sees forms,
['T27n1545_139:0716b14_10']	隨觀不淨具足安住。	隨觀不淨具足安住。	and then contemplates impurity and abides in it.
['T27n1545_139:0716b15_1']	亦由眼識所引起故。	亦由眼識所引起故。	This is also because they are aroused by the eye consciousness,
['T27n1545_139:0716b15_10']	為逕路故作如是說。	為逕路故作如是說。	and they are said to be like this in order to take a detour.
['T27n1545_139:0716b15_15']	又契經說。	又契經說。	Moreover, the sutra says:
['T27n1545_139:0716b16_5']	眼見色已乃至廣說。	眼見色已乃至廣說。	The eye sees forms, and so on.
['T27n1545_139:0716b16_15']	故知意近行不在五識。	故知意近行不在五識。	Therefore, we know that the mental activities are not in the five consciousnesses.
['T27n1545_139:0716b17_5']	問亦說意知法已。	問亦說意知法已。	Question: It is also said that the mind cognizes dharmas.
['T27n1545_139:0716b17_13']	豈亦不在意識耶。	豈亦不在意識耶。	How can it not be in the mental consciousness?
['T27n1545_139:0716b18_3']	答就勝說故無過。	答就勝說故無過。	Answer: There is no error because it is said in terms of the superior.
['T27n1545_139:0716b18_12']	謂初喜等雖亦近行。	謂初喜等雖亦近行。	That is to say, although the initial joy, etc., are also mental activities,
['T27n1545_139:0716b18_17']	然非明利。	然非明利。	they are not clear and sharp.
['T27n1545_139:0716b19_7']	後重於境捷利分別。	後重於境捷利分別。	Later, when one repeatedly discriminates the object with agility,
['T27n1545_139:0716b19_12']	乃名近行。	乃名近行。	it is then called mental activity.
['T27n1545_139:0716b20_3']	由此故言意知法已。	由此故言意知法已。	For this reason, it is said that the mind knows the dharmas.
['T27n1545_139:0716b21_15']	又五識中無近行義如前已說問前際後際所有分別亦是意近行耶。	又五識中無近行義如前已說問前際後際所有分別亦是意近行耶。	Question: Are the discriminations of the past and future also mental activities?
['T27n1545_139:0716b22_4']	契經何故不說。	契經何故不說。	Why does the sutra not mention them?
['T27n1545_139:0716b23_2']	答是意近行但隨明了故且說現在。	答是意近行但隨明了故且說現在。	Answer: These mental activities are only in accordance with the clear and obvious, and therefore only the present is mentioned.
['T27n1545_139:0716b23_11']	由斯類顯去來亦是。	由斯類顯去來亦是。	By this, the past and future are also revealed.
['T27n1545_139:0716b24_5']	問諸有非見色已而分別色。	問諸有非見色已而分別色。	Question: Are there those who do not see form and yet discriminate form,
['T27n1545_139:0716b24_16']	乃至非觸觸已而分別觸。	乃至非觸觸已而分別觸。	up to those who do not touch and yet discriminate touch?
['T27n1545_139:0716b25_9']	此所生喜等是意近行耶。	此所生喜等是意近行耶。	Is the joy, etc., produced by this a mental activity?
['T27n1545_139:0716b25_15']	答是意近行。	答是意近行。	Answer: It is a mental activity.
['T27n1545_139:0716b26_5']	然契經中依明了義。	然契經中依明了義。	However, the sutra, based on the clear meaning,
['T27n1545_139:0716b26_10']	說見色已。	說見色已。	says having seen form,
['T27n1545_139:0716b26_15']	乃至廣說。	乃至廣說。	and so on extensively.
['T27n1545_139:0716b27_4']	問諸有眼見色已。	問諸有眼見色已。	Question: Are there those who, having seen form with the eye,
['T27n1545_139:0716b27_10']	起聲等分別。	起聲等分別。	give rise to discriminations of sound, etc.,
['T27n1545_139:0716b27_17']	乃至意知法已。	乃至意知法已。	up to those who, having known dharmas with the mind,
['T27n1545_139:0716b28_4']	起色等分別。	起色等分別。	Giving rise to discriminations of form, etc.
['T27n1545_139:0716b28_15']	此所生喜等是意近行耶。	此所生喜等是意近行耶。	Are the joy, etc. that arise from this the mental activities of the mind?
['T27n1545_139:0716b29_2']	答是意近行。	答是意近行。	Answer: They are mental activities of the mind.
['T27n1545_139:0716b29_11']	然契經中依明了義。	然契經中依明了義。	However, in the sutras, based on the meaning that is clear,
['T27n1545_139:0716c01_2']	說見色已乃至廣說。	說見色已乃至廣說。	It is said that after seeing form, and so on at length.
['T27n1545_139:0716c01_11']	若作是說則覺所覺。	若作是說則覺所覺。	If this is said, then the faculty of cognition and the object of cognition,
['T27n1545_139:0716c01_15']	根根義。	根根義。	The meaning of the faculties,
['T27n1545_139:0716c02_5']	行相所緣皆得明了。	行相所緣皆得明了。	The aspects of activity, and the objects are all clearly understood.
['T27n1545_139:0716c02_14']	若不爾者便不分明。	若不爾者便不分明。	If it were not so, then it would not be clear.
['T27n1545_139:0716c03_7', 'T27n1545_139:0716c03_11']	問此十八意近行。🔽幾雜緣。	問此十八意近行。 幾雜緣。	Question: Among these eighteen mental activities of the mind,🔽How many are mixed objects?
['T27n1545_139:0716c03_16']	幾不雜緣。	幾不雜緣。	How many are unmixed objects?
['T27n1545_139:0716c04_3']	答十五不雜緣。	答十五不雜緣。	Answer: Fifteen are unmixed objects.
['T27n1545_139:0716c04_10']	謂色意近行三。	謂色意近行三。	That is, the three mental activities of the mind regarding form,
['T27n1545_139:0716c04_18']	乃至觸意近行三。	乃至觸意近行三。	Up to the three mental activities of the mind regarding contact.
['T27n1545_139:0716c05_5']	餘雜緣不雜緣。	餘雜緣不雜緣。	The rest are mixed objects and unmixed objects.
['T27n1545_139:0716c05_16']	謂法意近行三緣內六處。	謂法意近行三緣內六處。	That is, the three mental activities of the mind regarding dharmas take the six internal sense bases
['T27n1545_139:0716c06_2']	及外法處。	及外法處。	And the external dharma sense base
['T27n1545_139:0716c06_11']	若總若別名不雜緣。	若總若別名不雜緣。	As their objects, either collectively or individually, and are called unmixed objects.
['T27n1545_139:0716c07_2']	若緣此七或總或別。	若緣此七或總或別。	If they take these seven, either collectively or individually,
['T27n1545_139:0716c07_11']	及外五中或一或二。	及外五中或一或二。	And one or two of the external five,
['T27n1545_139:0716c08_1']	或乃至五名為雜緣。	或乃至五名為雜緣。	Up to all five of the external five, they are called mixed objects.
['T27n1545_139:0716c08_6']	於外五中。	於外五中。	Among the external five,
['T27n1545_139:0716c08_11']	若合緣二。	若合緣二。	If they combine two objects,
['T27n1545_139:0716c09_1']	或乃至五亦名雜緣。	或乃至五亦名雜緣。	or up to five, they are also called mixed objects.
['T27n1545_139:0716c09_10']	法意近行法名通故。	法意近行法名通故。	The name of the dharmas is common,
['T27n1545_139:0716c10_1']	以合緣故非前十五。	以合緣故非前十五。	so they are not the previous fifteen because they combine objects.
['T27n1545_139:0716c11_9']	問頗有色等決定順喜。	問頗有色等決定順喜。	Question: Are there any forms, etc. that definitely correspond to joy,
['T27n1545_139:0716c11_17']	乃至決定順捨耶。	乃至決定順捨耶。	up to definitely corresponding to equanimity?
['T27n1545_139:0716c12_4']	答依所緣故。	答依所緣故。	Answer: In terms of the objects,
['T27n1545_139:0716c12_10']	無依相續故。	無依相續故。	there are none in terms of the continuity.
['T27n1545_139:0716c12_12']	有。	有。	There are.
['T27n1545_139:0716c12_17', 'T27n1545_139:0716c13_2']	謂有色等。🔽或時可意。	謂有色等。 或時可意。	It refers to forms, etc.🔽Sometimes agreeable,🔽sometimes disagreeable,
['T27n1545_139:0716c13_8', 'T27n1545_139:0716c13_14']	或時不可意。🔽或於彼可意。	或時不可意。 或於彼可意。	sometimes agreeable to that,
['T27n1545_139:0716c14_1']	於此不可意。	於此不可意。	disagreeable to this,
['T27n1545_139:0716c14_11']	於餘非可意非不可意。	於餘非可意非不可意。	and neither agreeable nor disagreeable to the other.
['T27n1545_139:0716c14_14']	有說。	有說。	Some say:
['T27n1545_139:0716c15_3']	色等於親品順喜。	色等於親品順喜。	Forms, etc. correspond to joy in the category of relatives,
['T27n1545_139:0716c15_9']	於怨品順憂。	於怨品順憂。	correspond to sorrow in the category of enemies,
['T27n1545_139:0716c15_15']	於中品順捨。	於中品順捨。	and correspond to equanimity in the middling category.
['T27n1545_139:0716c16_7']	問此十八意近行。	問此十八意近行。	Question: Of these eighteen types of mental activities,
['T27n1545_139:0716c16_14']	幾續生幾命終。	幾續生幾命終。	how many continue at birth and how many at death?
['T27n1545_139:0716c16_17']	答六。	答六。	Answer: Six,
['T27n1545_139:0716c17_4']	謂六捨意近行。	謂六捨意近行。	namely the six types of mental activities corresponding to equanimity.
['T27n1545_139:0716c17_9']	所以者何。	所以者何。	Why is it so?
['T27n1545_139:0716c18_1']	諸喜憂意近行勝作意轉。	諸喜憂意近行勝作意轉。	Because the mental activities corresponding to joy and sorrow operate with superior attention.
['T27n1545_139:0716c18_10']	命終續生無勝作意。	命終續生無勝作意。	At the time of death and rebirth, there is no superior attention.
['T27n1545_139:0716c18_18']	問羯邏藍等位中。	問羯邏藍等位中。	Question: In the stages of kalala and so forth,
['T27n1545_139:0716c19_5']	各有幾意近行。	各有幾意近行。	how many types of mental activities are there?
['T27n1545_139:0716c19_12']	答皆容有十八。	答皆容有十八。	Answer: All may have eighteen.
['T27n1545_139:0716c20_4']	問幾意近行能離染耶。	問幾意近行能離染耶。	Question: How many types of mental activities can eliminate defilements?
['T27n1545_139:0716c20_10']	答一謂雜緣。	答一謂雜緣。	Answer: One, namely the mixed object,
['T27n1545_139:0716c20_16']	捨法意近行。	捨法意近行。	the mental activity of equanimity.
['T27n1545_139:0716c21_4']	能為無間道故。	能為無間道故。	Because it can be the uninterrupted path.
['T27n1545_139:0716c21_13']	若解脫道通有雜緣。	若解脫道通有雜緣。	If it is the path of liberation, it is generally the mixed object.
['T27n1545_139:0716c22_1']	喜法意近行。	喜法意近行。	The mental activity of joy in the Dharma.
['T27n1545_139:0716c22_10']	加行勝進亦通所餘。	加行勝進亦通所餘。	The preparatory and superior paths also generally include the rest.
['T27n1545_139:0716c23_7']	問此十八意近行。	問此十八意近行。	Question: How many of these eighteen types of mental activities
['T27n1545_139:0716c23_13']	何界地有幾。	何界地有幾。	exist in the realms and stages?
['T27n1545_139:0716c24_1']	答欲界具一切。	答欲界具一切。	Answer: The desire realm has all.
['T27n1545_139:0716c24_9']	色界中初二靜慮。	色界中初二靜慮。	In the form realm, the first two meditations
['T27n1545_139:0716c24_17']	各有十二除六憂。	各有十二除六憂。	each have twelve, excluding the six sorrows.
['T27n1545_139:0716c25_5']	第三第四靜慮。	第三第四靜慮。	The third and fourth meditations
['T27n1545_139:0716c25_9']	各有六。	各有六。	each have six.
['T27n1545_139:0716c25_14']	復除六喜。	復除六喜。	Again, excluding the six joys.
['T27n1545_139:0716c26_6']	無色界中空無邊處近分。	無色界中空無邊處近分。	In the formless realm, in the preliminary stage of the sphere of infinite space,
['T27n1545_139:0716c26_14']	若許有別緣下者。	若許有別緣下者。	if one allows for separate objects below,
['T27n1545_139:0716c27_5']	則有四捨意近行。	則有四捨意近行。	then there are four types of mental activities of equanimity,
['T27n1545_139:0716c27_11']	謂色聲觸法。	謂色聲觸法。	namely form, sound, touch, and dharmas.
['T27n1545_139:0716c28_1']	若唯許總緣下者。	若唯許總緣下者。	If one only allows the general perception of the lower,
['T27n1545_139:0716c28_11']	則唯有一法捨意近行。	則唯有一法捨意近行。	then there is only one dharma of equanimity mental application.
['T27n1545_139:0716c28_16']	如是說者。	如是說者。	According to this explanation,
['T27n1545_139:0716c29_2']	應說有四。	應說有四。	there should be said to be four.
['T27n1545_139:0716c29_8']	四無色根本。	四無色根本。	The four formless fundamental [absorptions]
['T27n1545_139:0716c29_14']	及上三近分。	及上三近分。	and the three upper proximate [absorptions],
['T27n1545_139:0717a01_5']	各唯有一法捨意近行。	各唯有一法捨意近行。	each only has one dharma of equanimity mental application.
['T27n1545_139:0717a02_9']	問幾意近行緣何界法。	問幾意近行緣何界法。	Question: How many mental applications take the dharmas of which realm as objects?
['T27n1545_139:0717a02_17']	答欲界繫十八中。	答欲界繫十八中。	Answer: Among the eighteen bound to the desire realm,
['T27n1545_139:0717a03_5']	六唯緣欲界繫。	六唯緣欲界繫。	six only take the bound to the desire realm as objects,
['T27n1545_139:0717a03_15']	謂緣香味喜憂捨近行。	謂緣香味喜憂捨近行。	namely the mental applications of smell, taste, joy, sorrow, and equanimity.
['T27n1545_139:0717a04_5']	九通緣欲色界繫。	九通緣欲色界繫。	Nine both take the bound to the desire realm and the form realm as objects,
['T27n1545_139:0717a04_16']	謂緣色聲觸喜憂捨近行。	謂緣色聲觸喜憂捨近行。	namely the mental applications of form, sound, touch, joy, sorrow, and equanimity.
['T27n1545_139:0717a05_7']	三通緣三界繫及不繫。	三通緣三界繫及不繫。	Three both take the bound to the three realms and the unconditioned as objects,
['T27n1545_139:0717a05_16']	謂緣法喜憂捨近行。	謂緣法喜憂捨近行。	namely the mental applications of dharmas, joy, sorrow, and equanimity.
['T27n1545_139:0717a06_6']	初二靜慮各十二中。	初二靜慮各十二中。	Among the twelve of the first two concentrations,
['T27n1545_139:0717a06_13']	四唯緣欲界繫。	四唯緣欲界繫。	four only take the bound to the desire realm as objects,
['T27n1545_139:0717a07_3']	謂緣香味喜捨近行。	謂緣香味喜捨近行。	namely the mental applications of smell, taste, joy, and equanimity.
['T27n1545_139:0717a07_11']	六通緣欲色界繫。	六通緣欲色界繫。	Six both take the bound to the desire realm and the form realm as objects,
['T27n1545_139:0717a08_2']	謂緣色聲觸喜捨近行。	謂緣色聲觸喜捨近行。	namely the mental applications of form, sound, touch, joy, and equanimity.
['T27n1545_139:0717a08_12']	二通緣三界繫及不繫。	二通緣三界繫及不繫。	Two both take the bound to the three realms and the unconditioned as objects,
['T27n1545_139:0717a09_2']	謂緣法喜捨近行。	謂緣法喜捨近行。	That is, taking the joy and equanimity of the dharma as objects.
['T27n1545_139:0717a09_13']	第三第四靜慮各有六中。	第三第四靜慮各有六中。	The third and fourth dhyānas each have six.
['T27n1545_139:0717a10_1']	二唯緣欲界繫。	二唯緣欲界繫。	Two only take the desire realm as their object.
['T27n1545_139:0717a10_9']	謂緣香味捨近行。	謂緣香味捨近行。	That is, taking smell and taste as objects, equanimity as the object.
['T27n1545_139:0717a10_17']	三通緣欲色界繫。	三通緣欲色界繫。	Three are common in taking the desire and form realms as their objects.
['T27n1545_139:0717a11_7']	謂緣色聲觸捨近行。	謂緣色聲觸捨近行。	That is, taking form, sound, and touch as objects, equanimity as the object.
['T27n1545_139:0717a11_17']	一通緣三界繫及不繫。	一通緣三界繫及不繫。	One is common in taking the three realms as their objects and not taking anything as their object.
['T27n1545_139:0717a12_5']	謂緣法捨近行。	謂緣法捨近行。	That is, taking the dharma as an object, equanimity as the object.
['T27n1545_139:0717a12_12']	空無邊處近分。	空無邊處近分。	The preliminary stage of the sphere of infinite space.
['T27n1545_139:0717a13_3']	若許有四意近行者。	若許有四意近行者。	If one allows that there are four intentions and four objects of concentration,
['T27n1545_139:0717a13_10']	三唯緣色界繫。	三唯緣色界繫。	three only take the form realm as their object.
['T27n1545_139:0717a14_2']	謂緣色聲觸捨意近行。	謂緣色聲觸捨意近行。	That is, taking form, sound, and touch as objects, intention as the object.
['T27n1545_139:0717a14_14']	一通緣色無色界繫及不繫。	一通緣色無色界繫及不繫。	One is common in taking the form and formless realms as their objects and not taking anything as their object.
['T27n1545_139:0717a15_3']	謂緣法捨意近行。	謂緣法捨意近行。	That is, taking the dharma as an object, intention as the object.
['T27n1545_139:0717a15_12']	若許唯有一意近行。	若許唯有一意近行。	If one allows that there is only one intention and one object of concentration,
['T27n1545_139:0717a16_14']	謂法捨意近行者彼一通緣色無色界繫及不繫。	謂法捨意近行者彼一通緣色無色界繫及不繫。	that is, taking the dharma as an object, equanimity as the object, then that one is common in taking the form and formless realms as their objects and not taking anything as their object.
['T27n1545_139:0717a17_2']	四無色根本。	四無色根本。	The four formless realms.
['T27n1545_139:0717a17_8']	及上三近分。	及上三近分。	And the three higher preliminary stages.
['T27n1545_139:0717a17_18']	所有各一法捨意近行。	所有各一法捨意近行。	Each has one dharma equanimity intention object of concentration.
['T27n1545_139:0717a18_10']	皆通緣無色界繫及不繫。	皆通緣無色界繫及不繫。	All of them can take the realm of formlessness and the unconditioned as objects.
['T27n1545_139:0717a18_17']	問此諸意近行。	問此諸意近行。	Question: As for these various mental activities,
['T27n1545_139:0717a19_3']	誰成就幾。	誰成就幾。	who possesses how many?
['T27n1545_139:0717a19_8']	答生欲界。	答生欲界。	Answer: If one is born in the desire realm,
['T27n1545_139:0717a19_16']	若未得色界善心。	若未得色界善心。	if one has not yet attained wholesome thoughts of the form realm,
['T27n1545_139:0717a20_5']	彼成就欲界一切。	彼成就欲界一切。	one possesses all of the desire realm,
['T27n1545_139:0717a20_12']	初二靜慮各八。	初二靜慮各八。	eight of the first and second meditative absorptions,
['T27n1545_139:0717a21_2']	第三第四靜慮各四。	第三第四靜慮各四。	four of the third and fourth meditative absorptions,
['T27n1545_139:0717a21_7']	無色界一。	無色界一。	and one of the formless realm.
['T27n1545_139:0717a21_14']	若得色界善心。	若得色界善心。	If one has attained wholesome thoughts of the form realm,
['T27n1545_139:0717a22_1']	未離欲界染。	未離欲界染。	but has not yet become free from the defilements of the desire realm,
['T27n1545_139:0717a22_9']	彼成就欲界一切。	彼成就欲界一切。	one possesses all of the desire realm,
['T27n1545_139:0717a22_14']	初靜慮十。	初靜慮十。	ten of the first meditative absorption,
['T27n1545_139:0717a23_1']	第二靜慮八。	第二靜慮八。	eight of the second meditative absorption,
['T27n1545_139:0717a23_10']	第三第四靜慮各四。	第三第四靜慮各四。	four of the third and fourth meditative absorptions,
['T27n1545_139:0717a23_15']	無色界一。	無色界一。	and one of the formless realm.
['T27n1545_139:0717a24_2']	若已離欲界染。	若已離欲界染。	If one has already become free from the defilements of the desire realm,
['T27n1545_139:0717a24_11']	未得第二靜慮善心。	未得第二靜慮善心。	but has not yet attained wholesome thoughts of the second meditative absorption,
['T27n1545_139:0717a25_5']	彼成就欲界初靜慮各十二。	彼成就欲界初靜慮各十二。	one possesses twelve of the desire realm and the first meditative absorption,
['T27n1545_139:0717a25_11']	第二靜慮八。	第二靜慮八。	eight of the second meditative absorption,
['T27n1545_139:0717a26_1']	第三第四靜慮各四。	第三第四靜慮各四。	four of the third and fourth meditative absorptions,
['T27n1545_139:0717a26_6']	無色界一。	無色界一。	and one of the formless realm.
['T27n1545_139:0717a26_15']	若得第二靜慮善心。	若得第二靜慮善心。	If one has attained wholesome thoughts of the second meditative absorption,
['T27n1545_139:0717a27_3']	未離初靜慮染。	未離初靜慮染。	but has not yet become free from the defilements of the first meditative absorption,
['T27n1545_139:0717a27_15']	彼成就欲界初靜慮各十二。	彼成就欲界初靜慮各十二。	They attain twelve each in the desire realm and the first meditation.
['T27n1545_139:0717a28_2']	第二靜慮十。	第二靜慮十。	Ten in the second meditation.
['T27n1545_139:0717a28_11']	第三第四靜慮各四。	第三第四靜慮各四。	Four each in the third and fourth meditations.
['T27n1545_139:0717a28_16']	無色界一。	無色界一。	One in the formless realm.
['T27n1545_139:0717a29_4']	若已離初靜慮染。	若已離初靜慮染。	If one has already become free from the defilements of the first meditation,
['T27n1545_139:0717a29_13']	未得第三靜慮善心。	未得第三靜慮善心。	but has not yet attained the wholesome mind of the third meditation,
['T27n1545_139:0717b01_8']	彼成就欲界初二靜慮各十二。	彼成就欲界初二靜慮各十二。	they attain twelve each in the desire realm and the first two meditations,
['T27n1545_139:0717b01_17']	第三第四靜慮各四。	第三第四靜慮各四。	four each in the third and fourth meditations,
['T27n1545_139:0717b02_3']	無色界一。	無色界一。	and one in the formless realm.
['T27n1545_139:0717b02_12']	若得第三靜慮善心。	若得第三靜慮善心。	If one has attained the wholesome mind of the third meditation,
['T27n1545_139:0717b03_2']	未得第四靜慮善心。	未得第四靜慮善心。	but has not yet attained the wholesome mind of the fourth meditation,
['T27n1545_139:0717b03_15']	彼成就欲界初二靜慮各十二。	彼成就欲界初二靜慮各十二。	they attain twelve each in the desire realm and the first two meditations,
['T27n1545_139:0717b04_2']	第三靜慮六。	第三靜慮六。	six in the third meditation,
['T27n1545_139:0717b04_8']	第四靜慮四。	第四靜慮四。	four in the fourth meditation,
['T27n1545_139:0717b04_13']	無色界一。	無色界一。	and one in the formless realm.
['T27n1545_139:0717b05_2']	若得第四靜慮善心。	若得第四靜慮善心。	If one has attained the wholesome mind of the fourth meditation,
['T27n1545_139:0717b05_11']	未得空無邊處善心。	未得空無邊處善心。	but has not yet attained the wholesome mind of the sphere of infinite space,
['T27n1545_139:0717b06_6']	彼成就欲界初二靜慮各十二。	彼成就欲界初二靜慮各十二。	they attain twelve each in the desire realm and the first two meditations,
['T27n1545_139:0717b06_15']	第三第四靜慮各六。	第三第四靜慮各六。	six each in the third and fourth meditations,
['T27n1545_139:0717b07_1']	無色界一。	無色界一。	and one in the formless realm.
['T27n1545_139:0717b07_10']	若得空無邊處善心。	若得空無邊處善心。	If one has attained the wholesome mind of the sphere of infinite space,
['T27n1545_139:0717b08_5']	諸說彼地近分有四意近行者。	諸說彼地近分有四意近行者。	Those who say that the preliminary stage of that ground has four types of intention and application,
['T27n1545_139:0717b08_18']	彼成就欲界初二靜慮各十二。	彼成就欲界初二靜慮各十二。	they attain twelve of the desire realm and first two meditations,
['T27n1545_139:0717b09_8']	第三第四靜慮各六。	第三第四靜慮各六。	six each in the third and fourth meditations,
['T27n1545_139:0717b09_14']	空無邊處四。	空無邊處四。	four in the sphere of infinite space,
['T27n1545_139:0717b10_2']	上三無色各一。	上三無色各一。	and one each in the upper three formless realms.
['T27n1545_139:0717b10_16']	諸說彼地近分唯有一意近行者。	諸說彼地近分唯有一意近行者。	Those who say that the preliminary stage of that ground has only one type of intention and application,
['T27n1545_139:0717b11_7']	彼成就四無色各一。	彼成就四無色各一。	they attain one each in the four formless realms,
['T27n1545_139:0717b11_12']	餘如前說。	餘如前說。	and the rest are as explained above.
['T27n1545_139:0717b11_18']	若生初靜慮。	若生初靜慮。	If born in the first meditation,
['T27n1545_139:0717b12_9']	若未得第二靜慮善心。	若未得第二靜慮善心。	if they have not yet attained the wholesome mind of the second meditation,
['T27n1545_139:0717b13_1']	彼成就初靜慮十二。	彼成就初靜慮十二。	they attain twelve of the first meditation,
['T27n1545_139:0717b13_7']	第二靜慮八。	第二靜慮八。	eight of the second meditation,
['T27n1545_139:0717b13_16']	第三第四靜慮各四。	第三第四靜慮各四。	four each in the third and fourth meditations,
['T27n1545_139:0717b14_2']	無色界一。	無色界一。	one in the formless realm,
['T27n1545_139:0717b14_8']	成就欲界一。	成就欲界一。	and one in the desire realm,
['T27n1545_139:0717b14_15']	謂法捨意近行。	謂法捨意近行。	namely the mental application of equanimity towards dharmas,
['T27n1545_139:0717b15_2']	即通果心俱。	即通果心俱。	which is concomitant with the mind of the fruit of spiritual practice.
['T27n1545_139:0717b15_11']	總緣色等為境起故。	總緣色等為境起故。	Because it arises in general taking form, etc. as its object.
['T27n1545_139:0717b15_14']	有說。	有說。	Some say,
['T27n1545_139:0717b16_1']	彼成就三。	彼成就三。	they attain three,
['T27n1545_139:0717b16_10']	謂色聲法捨意近行。	謂色聲法捨意近行。	namely the mental applications of equanimity towards form, sound, and dharmas,
['T27n1545_139:0717b16_16']	即通果心俱。	即通果心俱。	which are concomitant with the mind of the fruit of spiritual practice.
['T27n1545_139:0717b17_6']	此心若緣所起身表。	此心若緣所起身表。	If this mind takes as its object the bodily expression that it has produced,
['T27n1545_139:0717b17_15']	即有緣色捨意近行。	即有緣色捨意近行。	then there is the mental application of equanimity that takes form as its object.
['T27n1545_139:0717b18_6']	此心若緣所起語表。	此心若緣所起語表。	If this mind takes as its object the verbal expression that it has produced,
['T27n1545_139:0717b18_15']	即有緣聲捨意近行。	即有緣聲捨意近行。	then there is the mental application of equanimity that takes sound as its object.
['T27n1545_139:0717b19_9']	此心若緣所變化事以總緣故。	此心若緣所變化事以總緣故。	If this mind takes as its object the transformed events, because it takes them as a whole,
['T27n1545_139:0717b20_1']	即有緣法捨意近行。	即有緣法捨意近行。	then there is the mental application of equanimity that takes dharmas as its object.
['T27n1545_139:0717b20_4']	有說。	有說。	Some say:
['T27n1545_139:0717b20_9']	彼成就六。	彼成就六。	They possess six,
['T27n1545_139:0717b20_16']	謂六捨意近行。	謂六捨意近行。	namely the six mental applications of equanimity.
['T27n1545_139:0717b21_2']	即通果心俱。	即通果心俱。	These are the minds associated with the fruits of the higher faculties.
['T27n1545_139:0717b21_11']	此心容有總別緣故。	此心容有總別緣故。	This mind may have general or specific objects.
['T27n1545_139:0717b22_2']	若得第二靜慮善心。	若得第二靜慮善心。	If one obtains the wholesome mind of the second meditation,
['T27n1545_139:0717b22_9']	未離初靜慮染。	未離初靜慮染。	but has not yet abandoned the defilements of the first meditation,
['T27n1545_139:0717b22_18']	彼成就第二靜慮十。	彼成就第二靜慮十。	they possess ten of the second meditation,
['T27n1545_139:0717b23_4']	餘如前說。	餘如前說。	the rest are as explained above.
['T27n1545_139:0717b23_12']	若已離初靜慮染。	若已離初靜慮染。	If one has already abandoned the defilements of the first meditation,
['T27n1545_139:0717b24_3']	未得第三靜慮善心。	未得第三靜慮善心。	but has not yet obtained the wholesome mind of the third meditation,
['T27n1545_139:0717b24_13']	彼成就第二靜慮十二。	彼成就第二靜慮十二。	they possess twelve of the second meditation,
['T27n1545_139:0717b24_18']	餘如前說。	餘如前說。	the rest are as explained above.
['T27n1545_139:0717b25_8']	若得第三靜慮善心。	若得第三靜慮善心。	If one obtains the wholesome mind of the third meditation,
['T27n1545_139:0717b25_17']	未得第四靜慮善心。	未得第四靜慮善心。	but has not yet obtained the wholesome mind of the fourth meditation,
['T27n1545_139:0717b26_8']	彼成就第三靜慮六。	彼成就第三靜慮六。	they possess six of the third meditation,
['T27n1545_139:0717b26_13']	餘如前說。	餘如前說。	The rest are as explained above.
['T27n1545_139:0717b27_4']	若得第四靜慮善心。	若得第四靜慮善心。	If one obtains a wholesome mind of the fourth meditation,
['T27n1545_139:0717b27_13']	未得空無邊處善心。	未得空無邊處善心。	but has not yet obtained a wholesome mind of the sphere of infinite space,
['T27n1545_139:0717b28_4']	彼成就第四靜慮六。	彼成就第四靜慮六。	they possess six of the fourth meditation.
['T27n1545_139:0717b28_9']	餘如前說。	餘如前說。	The rest are as explained above.
['T27n1545_139:0717b28_18']	若得空無邊處善心。	若得空無邊處善心。	If one obtains a wholesome mind of the sphere of infinite space,
['T27n1545_139:0717b29_2']	有說。	有說。	some say
['T27n1545_139:0717b29_11']	彼成就空無邊處四。	彼成就空無邊處四。	they possess four of the sphere of infinite space,
['T27n1545_139:0717b29_18']	上三無色各一。	上三無色各一。	and one each of the upper three formless realms.
['T27n1545_139:0717c01_1']	有說。	有說。	Some say
['T27n1545_139:0717c01_6']	彼成就四。	彼成就四。	they possess four,
['T27n1545_139:0717c01_11']	無色各一。	無色各一。	and one each of the formless realms.
['T27n1545_139:0717c01_16']	餘如前說。	餘如前說。	The rest are as explained above.
['T27n1545_139:0717c02_3']	生第二靜慮。	生第二靜慮。	If born in the second meditation,
['T27n1545_139:0717c02_13']	若未得第三靜慮善心。	若未得第三靜慮善心。	if one has not yet obtained a wholesome mind of the third meditation,
['T27n1545_139:0717c03_5']	彼成就第二靜慮十二。	彼成就第二靜慮十二。	they possess twelve of the second meditation,
['T27n1545_139:0717c03_14']	第三第四靜慮各四。	第三第四靜慮各四。	four each of the third and fourth meditations,
['T27n1545_139:0717c03_19']	無色界一。	無色界一。	and one of the formless realm.
['T27n1545_139:0717c04_5']	欲界如前說。	欲界如前說。	The desire realm is as explained above.
['T27n1545_139:0717c04_12']	成就初靜慮一。	成就初靜慮一。	They possess one of the first meditation,
['T27n1545_139:0717c05_1']	謂法捨意近行。	謂法捨意近行。	namely the mental application of equanimity towards dharmas.
['T27n1545_139:0717c05_6']	以總緣故。	以總緣故。	Because it takes the totality as its object.
['T27n1545_139:0717c05_9']	有說。	有說。	Some say
['T27n1545_139:0717c05_13']	成就三。	成就三。	they possess three,
['T27n1545_139:0717c06_2']	謂色聲法捨意近行。	謂色聲法捨意近行。	namely the mental applications of equanimity towards form, sound, and dharmas.
['T27n1545_139:0717c06_9']	若緣所起身表。	若緣所起身表。	If it takes bodily expression that arises as its object,
['T27n1545_139:0717c06_18']	即有緣色捨意近行。	即有緣色捨意近行。	then there is the mental application of equanimity towards visible form with a specific object.
['T27n1545_139:0717c07_6']	若緣所起語表。	若緣所起語表。	If it is the manifest action of speech that arises from that,
['T27n1545_139:0717c07_15']	即有緣聲捨意近行。	即有緣聲捨意近行。	then there is the mental application of equanimity towards sound with a specific object.
['T27n1545_139:0717c08_4']	若緣所變化事。	若緣所變化事。	If it is the matter that is transformed,
['T27n1545_139:0717c08_9']	以總緣故。	以總緣故。	because it is taken as a whole,
['T27n1545_139:0717c08_18']	即有緣法捨意近行。	即有緣法捨意近行。	then there is the mental application of equanimity towards mental objects with a specific object.
['T27n1545_139:0717c09_2']	有說。	有說。	Some say
['T27n1545_139:0717c09_7']	彼成就四。	彼成就四。	that one accomplishes four,
['T27n1545_139:0717c09_17']	謂色聲觸法捨意近行。	謂色聲觸法捨意近行。	namely the mental application of equanimity towards visible form, sound, touch, and mental objects.
['T27n1545_139:0717c10_5']	以生第二靜慮。	以生第二靜慮。	Because one is born in the second meditation,
['T27n1545_139:0717c10_14']	起初靜慮三識身時。	起初靜慮三識身時。	when one gives rise to the three consciousnesses of the first meditation,
['T27n1545_139:0717c11_2']	容有彼眷屬。	容有彼眷屬。	it is possible that there are their retinue.
['T27n1545_139:0717c11_8']	別緣色聲觸。	別緣色聲觸。	Distinguishing visible form, sound, and touch,
['T27n1545_139:0717c12_4']	初靜慮地無覆無記意識現在前故。	初靜慮地無覆無記意識現在前故。	because the unobscured indeterminate mental consciousness of the first meditation is present.
['T27n1545_139:0717c12_13']	或通果心總別緣故。	或通果心總別緣故。	Or because the mind of the fruit of the path takes them as a whole or separately.
['T27n1545_139:0717c13_3']	若得第三靜慮善心。	若得第三靜慮善心。	If one obtains the wholesome mind of the third meditation,
['T27n1545_139:0717c13_12']	未得第四靜慮善心。	未得第四靜慮善心。	but has not yet obtained the wholesome mind of the fourth meditation,
['T27n1545_139:0717c14_3']	彼成就第三靜慮六。	彼成就第三靜慮六。	one accomplishes six of the third meditation,
['T27n1545_139:0717c14_8']	餘如前說。	餘如前說。	and the rest are as explained above.
['T27n1545_139:0717c14_17']	若得第四靜慮善心。	若得第四靜慮善心。	If one obtains the wholesome mind of the fourth meditation,
['T27n1545_139:0717c15_7']	未得空無邊處善心。	未得空無邊處善心。	but has not yet obtained the wholesome mind of the sphere of infinite space,
['T27n1545_139:0717c15_16']	彼成就第四靜慮六。	彼成就第四靜慮六。	one accomplishes six of the fourth meditation,
['T27n1545_139:0717c16_3']	餘如前說。	餘如前說。	The rest are as explained above.
['T27n1545_139:0717c16_12']	若得空無邊處善心。	若得空無邊處善心。	If one obtains a wholesome mind of the sphere of infinite space,
['T27n1545_139:0717c16_15']	有說。	有說。	some say
['T27n1545_139:0717c17_5']	彼成就空無邊處四。	彼成就空無邊處四。	that one possesses four of the sphere of infinite space,
['T27n1545_139:0717c17_12']	上三無色各一。	上三無色各一。	and one each of the upper three formless realms.
['T27n1545_139:0717c17_15']	有說。	有說。	Some say
['T27n1545_139:0717c18_1']	彼成就四。	彼成就四。	that one possesses four,
['T27n1545_139:0717c18_6']	無色各一。	無色各一。	and one each of the formless realms.
['T27n1545_139:0717c18_11']	餘如前說。	餘如前說。	The rest are as explained above.
['T27n1545_139:0717c18_17']	生第三靜慮。	生第三靜慮。	If born in the third meditative absorption,
['T27n1545_139:0717c19_7']	若未得第四靜慮善心。	若未得第四靜慮善心。	if one has not yet obtained a wholesome mind of the fourth meditative absorption,
['T27n1545_139:0717c19_16']	彼成就第三靜慮六。	彼成就第三靜慮六。	one possesses six of the third meditative absorption,
['T27n1545_139:0717c20_4']	第四靜慮四。	第四靜慮四。	four of the fourth meditative absorption,
['T27n1545_139:0717c20_9']	無色界一。	無色界一。	and one of the formless realm.
['T27n1545_139:0717c20_18']	欲界初靜慮如前說。	欲界初靜慮如前說。	The desire realm and first meditative absorption are as explained above.
['T27n1545_139:0717c21_6']	成就第二靜慮一。	成就第二靜慮一。	One possesses one of the second meditative absorption,
['T27n1545_139:0717c21_13']	謂法捨意近行。	謂法捨意近行。	namely the mental application of equanimity towards dharmas.
['T27n1545_139:0717c21_19']	即通果心俱。	即通果心俱。	This is the mind associated with the fruit of spiritual practice.
['T27n1545_139:0717c22_8']	總緣色等為境起故。	總緣色等為境起故。	Because it arises with form, etc. as its object, taking them as a whole.
['T27n1545_139:0717c22_11']	有說。	有說。	Some say
['T27n1545_139:0717c22_16']	彼成就三。	彼成就三。	that one possesses three,
['T27n1545_139:0717c23_5']	謂色觸法捨近行。	謂色觸法捨近行。	namely the mental applications of equanimity towards form, touch, and dharmas.
['T27n1545_139:0717c23_11']	即通果心俱。	即通果心俱。	This is the mind associated with the fruit of spiritual practice.
['T27n1545_139:0717c24_2']	此心容有總別緣故。	此心容有總別緣故。	Because this mind may have general or specific objects.
['T27n1545_139:0717c24_15']	若得第四靜慮善心等如前說。	若得第四靜慮善心等如前說。	If one obtains a wholesome mind of the fourth meditative absorption, etc., it is as explained above.
['T27n1545_139:0717c25_3']	生第四靜慮。	生第四靜慮。	Born in the fourth meditation,
['T27n1545_139:0717c25_12']	成就多少應准前說。	成就多少應准前說。	The number of those accomplished should be understood according to the previous explanation.
['T27n1545_139:0717c26_3']	生無色界不成就下。	生無色界不成就下。	Those born in the formless realm do not accomplish the lower [realms],
['T27n1545_139:0717c26_14']	成就自上亦應准前廣說。	成就自上亦應准前廣說。	And the number of those accomplished in their own and higher [realms] should also be understood in detail according to the previous explanation.
['T27n1545_139:0717c27_9']	問此諸意近行云何得。	問此諸意近行云何得。	Question: How are these mental applications obtained?
['T27n1545_139:0717c28_5']	答離欲界染前八無間解脫道時。	答離欲界染前八無間解脫道時。	Answer: When one is free from the defilements of the desire realm, in the eight uninterrupted and liberated paths,
['T27n1545_139:0717c28_14']	各得初靜慮近分六。	各得初靜慮近分六。	One obtains six of the preliminary stages of the first meditation.
['T27n1545_139:0717c29_2']	第九無間道時。	第九無間道時。	At the time of the ninth uninterrupted path,
['T27n1545_139:0717c29_13']	得初靜慮及彼眷屬十二。	得初靜慮及彼眷屬十二。	One obtains the twelve of the first meditation and its retinue.
['T27n1545_139:0717c29_18']	得欲界一。	得欲界一。	One obtains one of the desire realm,
['T27n1545_139:0718a01_5']	謂法捨近行。	謂法捨近行。	Namely, the mental application of equanimity towards dharmas.
['T27n1545_139:0718a01_8']	有說。	有說。	Some say:
['T27n1545_139:0718a01_11']	得三。	得三。	One obtains three,
['T27n1545_139:0718a01_19']	謂色聲法捨近行。	謂色聲法捨近行。	Namely, the mental applications of equanimity towards form, sound, and dharmas.
['T27n1545_139:0718a02_2']	有說。	有說。	Some say:
['T27n1545_139:0718a02_5']	得六。	得六。	One obtains six,
['T27n1545_139:0718a02_11']	謂六捨近行。	謂六捨近行。	Namely, the six mental applications of equanimity.
['T27n1545_139:0718a02_17']	離初靜慮染。	離初靜慮染。	When one is free from the defilements of the first meditation,
['T27n1545_139:0718a03_6']	前八無間解脫道時。	前八無間解脫道時。	In the eight uninterrupted and liberated paths,
['T27n1545_139:0718a03_16']	各得第二靜慮近分六。	各得第二靜慮近分六。	One obtains six of the preliminary stages of the second meditation.
['T27n1545_139:0718a04_16']	第九無間道時得第三靜慮及彼近分十二。	第九無間道時得第三靜慮及彼近分十二。	At the time of the ninth uninterrupted path, one obtains the twelve of the third meditation and its preliminary stage,
['T27n1545_139:0718a05_4']	欲界如前說。	欲界如前說。	And the desire realm is as explained above.
['T27n1545_139:0718a05_10']	得初靜慮一。	得初靜慮一。	One is obtained in the first dhyāna,
['T27n1545_139:0718a05_16']	謂法捨近行。	謂法捨近行。	namely the mental activity of equanimity towards dharmas.
['T27n1545_139:0718a05_19']	有說。	有說。	Some say:
['T27n1545_139:0718a06_2']	得三。	得三。	Three are obtained,
['T27n1545_139:0718a06_10']	謂色聲法捨近行。	謂色聲法捨近行。	namely the mental activities of equanimity towards form, sound, and dharmas.
['T27n1545_139:0718a06_13']	有說。	有說。	Some say:
['T27n1545_139:0718a06_16']	得四。	得四。	Four are obtained,
['T27n1545_139:0718a07_5']	謂色聲觸法捨近行。	謂色聲觸法捨近行。	namely the mental activities of equanimity towards form, sound, touch, and dharmas.
['T27n1545_139:0718a07_12']	離第二靜慮染。	離第二靜慮染。	When one is free from the defilements of the second dhyāna,
['T27n1545_139:0718a08_2']	前八無間解脫道時。	前八無間解脫道時。	in the uninterrupted and liberated paths,
['T27n1545_139:0718a08_12']	各得第三靜慮近分六。	各得第三靜慮近分六。	six are obtained in the proximity of the third dhyāna.
['T27n1545_139:0718a08_19']	第九無間道時。	第九無間道時。	At the time of the ninth uninterrupted path,
['T27n1545_139:0718a09_10']	得第三靜慮及彼近分六。	得第三靜慮及彼近分六。	the third dhyāna and its proximity are obtained, totaling six.
['T27n1545_139:0718a10_1']	欲界初靜慮如前說。	欲界初靜慮如前說。	The desire realm and the first dhyāna are as explained above.
['T27n1545_139:0718a10_8']	得第二靜慮一。	得第二靜慮一。	One is obtained in the second dhyāna,
['T27n1545_139:0718a10_14']	謂法捨近行。	謂法捨近行。	namely the mental activity of equanimity towards dharmas.
['T27n1545_139:0718a10_17']	有說。	有說。	Some say:
['T27n1545_139:0718a10_20']	得三。	得三。	Three are obtained,
['T27n1545_139:0718a11_7']	謂色觸法捨近行。	謂色觸法捨近行。	namely the mental activities of equanimity towards form, touch, and dharmas.
['T27n1545_139:0718a11_14']	離第三靜慮染。	離第三靜慮染。	When one is free from the defilements of the third dhyāna,
['T27n1545_139:0718a12_4']	前八無間解脫道時。	前八無間解脫道時。	in the uninterrupted and liberated paths,
['T27n1545_139:0718a12_14']	各得第四靜慮近分六。	各得第四靜慮近分六。	six are obtained in the proximity of the fourth dhyāna.
['T27n1545_139:0718a13_12']	第九無間道時得第四靜慮及彼近分六。	第九無間道時得第四靜慮及彼近分六。	At the time of the ninth uninterrupted path, the fourth dhyāna and its proximity are obtained, totaling six.
['T27n1545_139:0718a14_4']	欲界初二靜慮如前說。	欲界初二靜慮如前說。	The desire realm and the first two dhyānas are as explained above.
['T27n1545_139:0718a14_11']	得第三靜慮一。	得第三靜慮一。	One obtains the third meditative absorption.
['T27n1545_139:0718a14_14']	有說。	有說。	Some say:
['T27n1545_139:0718a14_17']	得三。	得三。	One obtains three.
['T27n1545_139:0718a15_5']	如第二靜慮說。	如第二靜慮說。	As it is said in the second meditative absorption.
['T27n1545_139:0718a15_12']	離第四靜慮染。	離第四靜慮染。	When one is free from the defilements of the fourth meditative absorption,
['T27n1545_139:0718a16_9']	一切無間解脫道時各得空無邊處四。	一切無間解脫道時各得空無邊處四。	At the time of all the uninterrupted and liberated paths, one obtains the four of the sphere of infinite space.
['T27n1545_139:0718a16_12']	有說。	有說。	Some say:
['T27n1545_139:0718a16_15', 'T27n1545_139:0718a17_3']	得一。🔽離空無邊處染。	得一。 離空無邊處染。	One obtains one.🔽When one is free from the defilements of the sphere of infinite space,
['T27n1545_139:0718a17_12']	乃至離無所有處染。	乃至離無所有處染。	Up to when one is free from the defilements of the sphere of nothingness,
['T27n1545_139:0718a18_6']	一切無間解脫道時皆唯得一。	一切無間解脫道時皆唯得一。	At the time of all the uninterrupted and liberated paths, one only obtains one.
['T27n1545_139:0718a19_6']	證阿羅漢果時得欲界初二靜慮各十二。	證阿羅漢果時得欲界初二靜慮各十二。	When one realizes the fruit of arhatship, one obtains twelve in the desire realm and the first two meditative absorptions,
['T27n1545_139:0718a19_15']	第三第四靜慮各六。	第三第四靜慮各六。	Six each in the third and fourth meditative absorptions,
['T27n1545_139:0718a20_2']	空無邊處四。	空無邊處四。	Four in the sphere of infinite space.
['T27n1545_139:0718a20_6']	有說一。	有說一。	Some say one.
['T27n1545_139:0718a20_13']	上三無色各一。	上三無色各一。	The upper three formless realms each have one.
['T27n1545_139:0718a20_19']	已說離染得。	已說離染得。	The attainment through detachment has been explained.
['T27n1545_139:0718a21_4']	受生得者。	受生得者。	As for the attainment through rebirth,
['T27n1545_139:0718a21_14']	謂從上地沒生下地時。	謂從上地沒生下地時。	It refers to when one falls from the upper realms and is reborn in the lower realms.
['T27n1545_139:0718a22_2']	得自地一切。	得自地一切。	One obtains all of one's own realm,
['T27n1545_139:0718a22_13']	及下地隨所應如說得捨。	及下地隨所應如說得捨。	And of the lower realm, according to what is appropriate. As it is said, one obtains and abandons.
['T27n1545_139:0718a23_4']	及斷亦應准前廣說。	及斷亦應准前廣說。	And as for cutting off, one should also explain in detail according to the previous [explanation].
['T27n1545_139:0718a24_6']	此十八意近行。	此十八意近行。	These eighteen mental activities of the mind,
['T27n1545_139:0718a24_17']	由耽嗜出離依有差別故。	由耽嗜出離依有差別故。	Because there is a distinction between the basis of indulgence and the basis of renunciation.
['T27n1545_139:0718a25_9']	世尊說為三十六師句。	世尊說為三十六師句。	The World-Honored One speaks of them as the thirty-six teachers' phrases.
['T27n1545_139:0718a26_1']	此中順染受名耽嗜依。	此中順染受名耽嗜依。	Herein, feeling that accords with defilement is called the basis of indulgence.
['T27n1545_139:0718a26_9']	順善受名出離依。	順善受名出離依。	Feeling that accords with goodness is called the basis of renunciation.
['T27n1545_139:0718a27_1']	問何故不說無覆無記。	問何故不說無覆無記。	Why is it not said to be non-obscuring and indeterminate?
['T27n1545_139:0718a27_11']	答彼亦說在此二中故。	答彼亦說在此二中故。	Because it is also said to be included in these two.
['T27n1545_139:0718a27_17']	謂無覆無記。	謂無覆無記。	That is to say, non-obscuring and indeterminate feeling
['T27n1545_139:0718a28_4']	受有順染品。	受有順染品。	has that which accords with the category of defilement,
['T27n1545_139:0718a28_9']	有順善品。	有順善品。	and has that which accords with the category of goodness.
['T27n1545_139:0718a28_18']	順染品者耽嗜依攝。	順染品者耽嗜依攝。	That which accords with the category of defilement is included in the basis of indulgence.
['T27n1545_139:0718a29_8']	順善品者出離依攝。	順善品者出離依攝。	That which accords with the category of goodness is included in the basis of renunciation.
['T27n1545_139:0718b01_1']	問何故說此名師句耶。	問何故說此名師句耶。	Why are they called the teachers' phrases?
['T27n1545_139:0718b01_11']	答此差別句能表大師。	答此差別句能表大師。	Because these distinguishing phrases can express the Great Teacher,
['T27n1545_139:0718b02_2']	是師幖幟故名師句。	是師幖幟故名師句。	they are called the teachers' phrases, as they are the banner of the teacher.
['T27n1545_139:0718b02_7']	由此諸句。	由此諸句。	By means of these phrases,
['T27n1545_139:0718b03_2']	唯佛大師能知能說無滯礙故。	唯佛大師能知能說無滯礙故。	only the Great Teacher, the Buddha, can know and speak without obstruction.
['T27n1545_139:0718b03_7']	如契經言。	如契經言。	As a sutra says:
['T27n1545_139:0718b04_1']	若時眾會恭敬信受如來不喜。	若時眾會恭敬信受如來不喜。	When the assembly respectfully believes and accepts the Tathāgata, he is not pleased.
['T27n1545_139:0718b04_10']	若不敬受如來不憂。	若不敬受如來不憂。	If they do not respectfully accept, the Tathāgata is not worried.
['T27n1545_139:0718b05_2']	正念正知住清淨捨。	正念正知住清淨捨。	He abides in pure equanimity, with right mindfulness and right knowledge.
['T27n1545_139:0718b05_5']	有說。	有說。	Some say:
['T27n1545_139:0718b05_12']	此是外道師句。	此是外道師句。	This is the phrase of the non-Buddhist teachers.
['T27n1545_139:0718b06_2']	彼於此中有迷執故。	彼於此中有迷執故。	Because they have confusion and attachment regarding this.
['T27n1545_139:0718b06_5']	有說。	有說。	Some say:
['T27n1545_139:0718b06_12']	此應名為師迹。	此應名為師迹。	This should be called the teacher's traces.
['T27n1545_139:0718b07_3']	是諸邪師所遊履故。	是諸邪師所遊履故。	Because it is where the non-Buddhist teachers roam and tread.
['T27n1545_139:0718b07_6']	有說。	有說。	Some say:
['T27n1545_139:0718b07_13']	此應名為怨路。	此應名為怨路。	This should be called the road of enemies.
['T27n1545_139:0718b07_18']	愛名為怨。	愛名為怨。	Desire is called an enemy.
['T27n1545_139:0718b08_3']	依此而轉。	依此而轉。	It turns based on this.
['T27n1545_139:0718b08_12']	或諸煩惱皆名為怨。	或諸煩惱皆名為怨。	Or all afflictions are called enemies.
['T27n1545_139:0718b09_3']	彼依此轉故名怨路。	彼依此轉故名怨路。	Because they turn based on this, it is called the road of enemies.
['T27n1545_139:0718b09_12']	有說此應名為刀道。	有說此應名為刀道。	Some say this should be called the road of swords.
['T27n1545_139:0718b10_4']	遊涉此者有傷害故。	遊涉此者有傷害故。	Because those who travel on it are harmed.
['T27n1545_139:0718b10_13']	如說梵志第三意刀。	如說梵志第三意刀。	As it is said, the third mental sword of the brahmins.
['T27n1545_139:0718b11_4']	若揮舉時發惡招苦。	若揮舉時發惡招苦。	When raised and wielded, it gives rise to evil and attracts suffering.
['T27n1545_139:0718b12_10']	問此三十六何界地有幾。	問此三十六何界地有幾。	Question: How many of these thirty-six exist in which realms and stages?
['T27n1545_139:0718b12_17']	答欲界具一切。	答欲界具一切。	Answer: The desire realm has all.
['T27n1545_139:0718b13_10']	色界中初二靜慮各有二十。	色界中初二靜慮各有二十。	In the form realm, the first and second meditations each have twenty.
['T27n1545_139:0718b14_2']	第三第四靜慮各有十。	第三第四靜慮各有十。	The third and fourth meditations each have ten.
['T27n1545_139:0718b14_13']	無色界中空無邊處近分。	無色界中空無邊處近分。	In the formless realm, the near-attainment of the sphere of infinite space,
['T27n1545_139:0718b15_4']	若許有別緣則有五。	若許有別緣則有五。	If it is allowed to have separate conditions, then there are five.
['T27n1545_139:0718b15_14']	若說唯總緣則但有二。	若說唯總緣則但有二。	If it is said to only have general objects, then there are only two.
['T27n1545_139:0718b16_1']	如是說者。	如是說者。	Those who say this.
['T27n1545_139:0718b16_6']	應說有五。	應說有五。	Should say there are five.
['T27n1545_139:0718b17_2']	四無色根本及上三近分各唯有二。	四無色根本及上三近分各唯有二。	The four formless absorptions and the three upper proximate absorptions each have only two.
['T27n1545_139:0718b17_8']	問此三十六。	問此三十六。	Question: Of these thirty-six,
['T27n1545_139:0718b17_17']	何界地幾緣何界地。	何界地幾緣何界地。	In which realms and stages do they take which realms and stages as objects?
['T27n1545_139:0718b18_6']	答欲界三十六中。	答欲界三十六中。	Answer: Among the thirty-six in the desire realm,
['T27n1545_139:0718b18_14']	十二唯緣欲界繫。	十二唯緣欲界繫。	Twelve only take the desire realm as their object.
['T27n1545_139:0718b19_4']	十八通緣欲色界繫。	十八通緣欲色界繫。	Eighteen take both the desire realm and form realm as their objects.
['T27n1545_139:0718b19_14']	六通緣三界繫及不繫。	六通緣三界繫及不繫。	Six take the three realms and unconditioned dharmas as their objects.
['T27n1545_139:0718b20_4']	初二靜慮各二十中。	初二靜慮各二十中。	Among the twenty in the first and second dhyānas,
['T27n1545_139:0718b20_11']	四唯緣欲界繫。	四唯緣欲界繫。	Four only take the desire realm as their object.
['T27n1545_139:0718b20_18']	六唯緣色界繫。	六唯緣色界繫。	Six only take the form realm as their object.
['T27n1545_139:0718b21_7']	六通緣欲色界繫。	六通緣欲色界繫。	Six take both the desire realm and form realm as their objects.
['T27n1545_139:0718b22_1']	二通緣色無色界繫及不繫。	二通緣色無色界繫及不繫。	Two take both the form and formless realms as their objects and unconditioned dharmas.
['T27n1545_139:0718b22_11']	二通緣三界繫及不繫。	二通緣三界繫及不繫。	Two take the three realms and unconditioned dharmas as their objects.
['T27n1545_139:0718b23_2']	第三第四靜慮各十中。	第三第四靜慮各十中。	Among the ten in the third and fourth dhyānas,
['T27n1545_139:0718b23_9']	二唯緣欲界繫。	二唯緣欲界繫。	Two only take the desire realm as their object.
['T27n1545_139:0718b23_16']	三唯緣色界繫。	三唯緣色界繫。	Three only take the form realm as their object.
['T27n1545_139:0718b24_5']	三通緣欲色界繫。	三通緣欲色界繫。	Three take both the desire realm and form realm as their objects.
['T27n1545_139:0718b24_14']	一通緣色無色界繫。	一通緣色無色界繫。	One takes both the form and formless realms as their objects.
['T27n1545_139:0718b24_18']	及不繫。	及不繫。	And unassociated [with realms].
['T27n1545_139:0718b25_9']	一通緣三界繫及不繫。	一通緣三界繫及不繫。	One universally takes the three realms and the unassociated as objects.
['T27n1545_139:0718b25_16']	空無邊處近分。	空無邊處近分。	The access concentration to the sphere of infinite space.
['T27n1545_139:0718b26_3']	若說有五者。	若說有五者。	If it is said there are five,
['T27n1545_139:0718b26_10', 'T27n1545_139:0718b27_3']	三唯緣色界繫。🔽一通緣無色界繫及不繫。	三唯緣色界繫。 一通緣無色界繫及不繫。	Three only take the form realm as objects.🔽One universally takes the formless realm and the unassociated as objects.
['T27n1545_139:0718b27_15']	一通緣色無色界繫及不繫。	一通緣色無色界繫及不繫。	One universally takes the form and formless realms as objects and the unassociated.
['T27n1545_139:0718b28_2', 'T27n1545_139:0718b28_13']	若說有二者。🔽一通緣無色界繫及不繫。	若說有二者。 一通緣無色界繫及不繫。	If it is said there are two,🔽One universally takes the formless realm and the unassociated as objects.
['T27n1545_139:0718c01_7']	一通緣色無色界繫及不繫。	一通緣色無色界繫及不繫。	One universally takes the form and formless realms as objects and the unassociated.
['T27n1545_139:0718c01_13']	四無色根本。	四無色根本。	The four formless [absorptions]
['T27n1545_139:0718c01_19']	及上三近分。	及上三近分。	And the three higher access concentrations
['T27n1545_139:0718c02_15']	各有二中二俱通緣無色界繫及不繫。	各有二中二俱通緣無色界繫及不繫。	Each have two, both universally taking the formless realm and the unassociated as objects.
['T27n1545_139:0718c03_5']	問此三十六。	問此三十六。	Question: Of these thirty-six,
['T27n1545_139:0718c03_10']	誰成就幾。	誰成就幾。	Who possesses how many?
['T27n1545_139:0718c04_1']	答生欲界若斷善根。	答生欲界若斷善根。	Answer: If born in the desire realm and severed the roots of goodness,
['T27n1545_139:0718c04_9']	彼成就欲界十八。	彼成就欲界十八。	They possess the eighteen of the desire realm.
['T27n1545_139:0718c04_16']	初二靜慮各八。	初二靜慮各八。	The first two meditative absorptions each have eight,
['T27n1545_139:0718c05_3']	後二靜慮各四。	後二靜慮各四。	The last two meditative absorptions each have four,
['T27n1545_139:0718c05_9']	四無色各一。	四無色各一。	The four formless [absorptions] each have one.
['T27n1545_139:0718c05_15']	若不斷善根。	若不斷善根。	If one has not severed the roots of goodness,
['T27n1545_139:0718c06_3']	未得色界善心。	未得色界善心。	And has not yet attained the wholesome mind of the form realm,
['T27n1545_139:0718c06_12']	彼成就欲界三十六。	彼成就欲界三十六。	They possess thirty-six in the desire realm.
['T27n1545_139:0718c06_18']	上地如前說。	上地如前說。	The upper realms are as explained before.
['T27n1545_139:0718c07_7']	若得初靜慮善心。	若得初靜慮善心。	If one obtains a wholesome mind of the first meditative absorption,
['T27n1545_139:0718c07_13']	未離欲界染。	未離欲界染。	but has not yet separated from the defilements of the desire realm,
['T27n1545_139:0718c08_4']	彼成就欲界三十六。	彼成就欲界三十六。	they possess thirty-six in the desire realm.
['T27n1545_139:0718c08_10']	初靜慮十四。	初靜慮十四。	Fourteen in the first meditative absorption.
['T27n1545_139:0718c08_16']	上地如前說。	上地如前說。	The upper realms are as explained before.
['T27n1545_139:0718c09_4']	若已離欲界染。	若已離欲界染。	If one has already separated from the defilements of the desire realm,
['T27n1545_139:0718c09_13']	未得第二靜慮善心。	未得第二靜慮善心。	but has not yet obtained a wholesome mind of the second meditative absorption,
['T27n1545_139:0718c10_3']	彼成就欲界十二。	彼成就欲界十二。	they possess twelve in the desire realm.
['T27n1545_139:0718c10_9']	初靜慮二十。	初靜慮二十。	Twenty in the first meditative absorption.
['T27n1545_139:0718c10_15']	上地如前說。	上地如前說。	The upper realms are as explained before.
['T27n1545_139:0718c11_5']	若得第二靜慮善心。	若得第二靜慮善心。	If one obtains a wholesome mind of the second meditative absorption,
['T27n1545_139:0718c11_12']	未離初靜慮染。	未離初靜慮染。	but has not yet separated from the defilements of the first meditative absorption,
['T27n1545_139:0718c12_2']	彼成就欲界十二。	彼成就欲界十二。	they possess twelve in the desire realm.
['T27n1545_139:0718c12_8']	初靜慮二十。	初靜慮二十。	Twenty in the first meditative absorption.
['T27n1545_139:0718c12_15']	第二靜慮十四。	第二靜慮十四。	Fourteen in the second meditative absorption.
['T27n1545_139:0718c13_1']	上地如前說。	上地如前說。	The upper realms are as explained before.
['T27n1545_139:0718c13_9']	若已離初靜慮染。	若已離初靜慮染。	If one has already separated from the defilements of the first meditative absorption,
['T27n1545_139:0718c13_18']	未得第三靜慮善心。	未得第三靜慮善心。	but has not yet obtained a wholesome mind of the third meditative absorption,
['T27n1545_139:0718c14_11']	彼成就欲界初靜慮各十二。	彼成就欲界初靜慮各十二。	they possess twelve in the desire realm and the first meditative absorption each.
['T27n1545_139:0718c15_1']	第二靜慮二十。	第二靜慮二十。	Twenty in the second meditative absorption.
['T27n1545_139:0718c15_7']	上地如前說。	上地如前說。	The upper realms are as explained before.
['T27n1545_139:0718c15_16']	若得第三靜慮善心。	若得第三靜慮善心。	If one obtains the wholesome mind of the third meditative absorption,
['T27n1545_139:0718c16_5']	未離第二靜慮染。	未離第二靜慮染。	but has not yet abandoned the defilements of the second meditative absorption,
['T27n1545_139:0718c16_17']	彼成就欲界初靜慮各十二。	彼成就欲界初靜慮各十二。	one possesses twelve each of the desire realm and the first meditative absorption,
['T27n1545_139:0718c17_6']	第二靜慮二十。	第二靜慮二十。	twenty of the second meditative absorption,
['T27n1545_139:0718c17_12']	第三靜慮十。	第三靜慮十。	and ten of the third meditative absorption.
['T27n1545_139:0718c17_18']	上地如前說。	上地如前說。	The upper stages are as explained before.
['T27n1545_139:0718c18_7']	若已離第二靜慮染。	若已離第二靜慮染。	If one has already abandoned the defilements of the second meditative absorption,
['T27n1545_139:0718c18_16']	未得第四靜慮善心。	未得第四靜慮善心。	but has not yet obtained the wholesome mind of the fourth meditative absorption,
['T27n1545_139:0718c19_11']	彼成就欲界初二靜慮各十二。	彼成就欲界初二靜慮各十二。	one possesses twelve each of the desire realm and the first two meditative absorptions,
['T27n1545_139:0718c19_17']	第三靜慮十。	第三靜慮十。	ten of the third meditative absorption,
['T27n1545_139:0718c20_4']	上地如前說。	上地如前說。	and the upper stages are as explained before.
['T27n1545_139:0718c20_13']	若得第四靜慮善心。	若得第四靜慮善心。	If one obtains the wholesome mind of the fourth meditative absorption,
['T27n1545_139:0718c21_3']	未離第三靜慮染。	未離第三靜慮染。	but has not yet abandoned the defilements of the third meditative absorption,
['T27n1545_139:0718c21_16']	彼成就欲界初二靜慮各十二。	彼成就欲界初二靜慮各十二。	one possesses twelve each of the desire realm and the first two meditative absorptions,
['T27n1545_139:0718c22_5']	後二靜慮各十四。	後二靜慮各十四。	fourteen each of the last two meditative absorptions,
['T27n1545_139:0718c22_10']	無色各一。	無色各一。	and one of the formless realms.
['T27n1545_139:0718c23_1']	若已離第三靜慮染。	若已離第三靜慮染。	If one has already abandoned the defilements of the third meditative absorption,
['T27n1545_139:0718c23_10']	未得空無邊處善心。	未得空無邊處善心。	but has not yet obtained the wholesome mind of the sphere of unlimited space,
['T27n1545_139:0718c24_5']	彼成就欲界初二靜慮各十二。	彼成就欲界初二靜慮各十二。	one possesses twelve each of the desire realm and the first two meditative absorptions,
['T27n1545_139:0718c24_11']	第三靜慮六。	第三靜慮六。	six of the third meditative absorption,
['T27n1545_139:0718c24_18']	第四靜慮十四。	第四靜慮十四。	and fourteen of the fourth meditative absorption.
['T27n1545_139:0718c25_4']	無色各一。	無色各一。	Each of the formless [realms] has one.
['T27n1545_139:0718c25_13']	若得空無邊處善心。	若得空無邊處善心。	If one obtains the wholesome mind of the sphere of infinite space,
['T27n1545_139:0718c26_3']	未離第四靜慮染。	未離第四靜慮染。	but has not yet abandoned the defilements of the fourth meditation,
['T27n1545_139:0718c26_12']	彼成就空無邊處五。	彼成就空無邊處五。	one possesses five of the sphere of infinite space.
['T27n1545_139:0718c26_16']	有說二。	有說二。	Some say two.
['T27n1545_139:0718c27_5']	上三無色各一。	上三無色各一。	The upper three formless [realms] each have one.
['T27n1545_139:0718c27_11']	下地如前說。	下地如前說。	The lower stages are as explained above.
['T27n1545_139:0718c28_3']	若已離第四靜慮染。	若已離第四靜慮染。	If one has already abandoned the defilements of the fourth meditation,
['T27n1545_139:0718c28_12']	未得識無邊處善心。	未得識無邊處善心。	but has not yet obtained the wholesome mind of the sphere of infinite consciousness,
['T27n1545_139:0719a01_4']	彼成就第四靜慮六。	彼成就第四靜慮六。	one possesses six of the fourth meditation.
['T27n1545_139:0719a01_10']	空無邊處五。	空無邊處五。	Five of the sphere of infinite space.
['T27n1545_139:0719a01_14']	有說二。	有說二。	Some say two.
['T27n1545_139:0719a02_2']	上三無色各一。	上三無色各一。	The upper three formless [realms] each have one.
['T27n1545_139:0719a02_8']	下地如前說。	下地如前說。	The lower stages are as explained above.
['T27n1545_139:0719a02_17']	若得識無邊處善心。	若得識無邊處善心。	If one obtains the wholesome mind of the sphere of infinite consciousness,
['T27n1545_139:0719a03_6']	未離空無邊處染。	未離空無邊處染。	but has not yet abandoned the defilements of the sphere of infinite space,
['T27n1545_139:0719a03_15']	彼成就識無邊處二。	彼成就識無邊處二。	one possesses two of the sphere of infinite consciousness.
['T27n1545_139:0719a04_4']	上二無色各一。	上二無色各一。	Each of the upper two formless [realms] has one.
['T27n1545_139:0719a04_10']	下地如前說。	下地如前說。	The lower stages are as explained above.
['T27n1545_139:0719a05_1']	若已離空無邊處染。	若已離空無邊處染。	If one has already abandoned the defilements of the sphere of infinite space,
['T27n1545_139:0719a05_10']	未得無所有處善心。	未得無所有處善心。	but has not yet obtained the wholesome mind of the sphere of nothingness,
['T27n1545_139:0719a06_1']	彼成就空無邊處四。	彼成就空無邊處四。	one possesses four of the sphere of infinite space.
['T27n1545_139:0719a06_5']	有說一。	有說一。	Some say one.
['T27n1545_139:0719a06_11']	識無邊處二。	識無邊處二。	Two of the sphere of infinite consciousness.
['T27n1545_139:0719a06_18']	上二無色各一。	上二無色各一。	The upper two formless realms each have one.
['T27n1545_139:0719a07_4']	下地如前說。	下地如前說。	The lower realms are as explained above.
['T27n1545_139:0719a07_13']	若得無所有處善心。	若得無所有處善心。	If one obtains the wholesome mind of the sphere of nothingness,
['T27n1545_139:0719a08_3']	未離識無邊處染。	未離識無邊處染。	but is not yet free from the defilements of the sphere of infinite consciousness,
['T27n1545_139:0719a08_12']	彼成就無所有處二。	彼成就無所有處二。	one possesses two of the sphere of nothingness,
['T27n1545_139:0719a08_16']	有頂一。	有頂一。	and one of the peak of existence.
['T27n1545_139:0719a09_3']	下地如前說。	下地如前說。	The lower realms are as explained above.
['T27n1545_139:0719a09_12']	若已離識無邊處染。	若已離識無邊處染。	If one is already free from the defilements of the sphere of infinite consciousness,
['T27n1545_139:0719a10_1']	未得有頂善心。	未得有頂善心。	but has not yet obtained the wholesome mind of the peak of existence,
['T27n1545_139:0719a10_10']	彼成就識無邊處一。	彼成就識無邊處一。	one possesses one of the sphere of infinite consciousness,
['T27n1545_139:0719a10_16']	無所有處二。	無所有處二。	two of the sphere of nothingness,
['T27n1545_139:0719a11_1']	有頂一。	有頂一。	and one of the peak of existence.
['T27n1545_139:0719a11_7']	下地如前說。	下地如前說。	The lower realms are as explained above.
['T27n1545_139:0719a11_14']	若得有頂善心。	若得有頂善心。	If one obtains the wholesome mind of the peak of existence,
['T27n1545_139:0719a12_3']	未離無所有處染。	未離無所有處染。	but is not yet free from the defilements of the sphere of nothingness,
['T27n1545_139:0719a12_10']	彼成就有頂二。	彼成就有頂二。	one possesses two of the peak of existence,
['T27n1545_139:0719a12_16', 'T27n1545_139:0719a13_6']	下地如前說。🔽若已離無所有處染。	下地如前說。 若已離無所有處染。	and the lower realms are as explained above.🔽If one is already free from the defilements of the sphere of nothingness,
['T27n1545_139:0719a13_12']	未離有頂染。	未離有頂染。	but is not yet free from the defilements of the peak of existence,
['T27n1545_139:0719a14_3']	彼成就無所有處一。	彼成就無所有處一。	one possesses one of the sphere of nothingness,
['T27n1545_139:0719a14_7']	有頂二。	有頂二。	two of the peak of existence,
['T27n1545_139:0719a14_13']	下地如前說。	下地如前說。	and the lower realms are as explained above.
['T27n1545_139:0719a15_1']	若已離有頂染。	若已離有頂染。	If one is already free from the defilements of the peak of existence,
['T27n1545_139:0719a15_8']	彼成就有頂一。	彼成就有頂一。	one possesses one of the peak of existence,
['T27n1545_139:0719a15_14']	下地如前說。	下地如前說。	and the lower realms are as explained above.
['T27n1545_139:0719a15_19']	生初靜慮。	生初靜慮。	Born in the first dhyāna.
['T27n1545_139:0719a16_9']	若未得第二靜慮善心。	若未得第二靜慮善心。	If one has not yet attained the wholesome mind of the second dhyāna,
['T27n1545_139:0719a17_1']	彼成就初靜慮二十。	彼成就初靜慮二十。	One possesses twenty of the first dhyāna,
['T27n1545_139:0719a17_7']	第二靜慮八。	第二靜慮八。	Eight of the second dhyāna,
['T27n1545_139:0719a17_14']	後二靜慮各四。	後二靜慮各四。	Four of the latter two dhyānas,
['T27n1545_139:0719a17_20']	四無色各一。	四無色各一。	And one of each of the four formless [absorptions].
['T27n1545_139:0719a18_5']	成就欲界一。	成就欲界一。	One possesses one of the desire realm,
['T27n1545_139:0719a18_12']	謂法出離依捨。	謂法出離依捨。	Namely the renunciation-based equanimity of dharmas.
['T27n1545_139:0719a18_18']	有說成就三。	有說成就三。	Some say one possesses three,
['T27n1545_139:0719a19_8']	謂色聲法出離依捨。	謂色聲法出離依捨。	Namely the renunciation-based equanimities of form, sound, and dharmas.
['T27n1545_139:0719a19_14']	有說成就六。	有說成就六。	Some say one possesses six,
['T27n1545_139:0719a20_2']	謂六出離依捨。	謂六出離依捨。	Namely the six renunciation-based equanimities.
['T27n1545_139:0719a20_11']	若得第二靜慮善心。	若得第二靜慮善心。	If one attains the wholesome mind of the second dhyāna,
['T27n1545_139:0719a20_18']	未離初靜慮染。	未離初靜慮染。	But has not yet abandoned the defilements of the first dhyāna,
['T27n1545_139:0719a21_9']	彼成就第二靜慮十四。	彼成就第二靜慮十四。	One possesses fourteen of the second dhyāna,
['T27n1545_139:0719a21_14']	餘如前說。	餘如前說。	The rest are as explained above.
['T27n1545_139:0719a22_4']	若已離初靜慮染。	若已離初靜慮染。	If one has already abandoned the defilements of the first dhyāna,
['T27n1545_139:0719a22_13', 'T27n1545_139:0719a23_3']	未得第三靜慮善心。🔽彼成就初靜慮十二。	未得第三靜慮善心。 彼成就初靜慮十二。	But has not yet attained the wholesome mind of the third dhyāna,🔽One possesses twelve of the first dhyāna,
['T27n1545_139:0719a23_10']	第二靜慮二十。	第二靜慮二十。	Twenty of the second dhyāna,
['T27n1545_139:0719a23_15']	餘如前說。	餘如前說。	The rest are as explained above.
['T27n1545_139:0719a24_5']	如是乃至離有頂染。	如是乃至離有頂染。	In this way, up to abandoning the defilements of the peak of existence,
['T27n1545_139:0719a24_10']	廣說如前。	廣說如前。	The detailed explanation is as above.
['T27n1545_139:0719a25_10']	如生初靜慮如是生第二靜慮等准前廣說。	如生初靜慮如是生第二靜慮等准前廣說。	As with birth in the first trance state, so with birth in the second trance state and so on, one should understand in accordance with the principle.
['T27n1545_139:0719a25_15']	如理應知。	如理應知。	One should understand in accordance with the principle.
['T27n1545_139:0719a26_6']	得捨斷三亦准前說。	得捨斷三亦准前說。	Obtaining, abandoning, and severing the three are also explained in accordance with the previous.
['T27n1545_139:0719a26_11']	如契經說。	如契經說。	As a sutra says:
['T27n1545_139:0719a27_1']	以六出離依喜。	以六出離依喜。	By relying on joy in the six kinds of detachment,
['T27n1545_139:0719a27_10', 'T27n1545_139:0719a27_17']	為仗為依為建立故。🔽於六耽嗜依喜。	為仗為依為建立故。 於六耽嗜依喜。	as a support, as a basis, as a foundation,
['T27n1545_139:0719a28_7']	能棄能捨及能變吐。	能棄能捨及能變吐。	one is able to abandon, let go of, and vomit out the joy in the six kinds of indulgence.
['T27n1545_139:0719a28_12']	如是便斷。	如是便斷。	In this way, one severs [attachment].
['T27n1545_139:0719a29_1', 'T27n1545_139:0719a29_16']	以六出離依憂。🔽為仗為依為建立故於六耽嗜依憂。	以六出離依憂。 為仗為依為建立故於六耽嗜依憂。	By relying on sorrow in the six kinds of detachment,🔽as a support, as a basis, as a foundation,
['T27n1545_139:0719b01_7']	能棄能捨及能變吐。	能棄能捨及能變吐。	one is able to abandon, let go of, and vomit out the sorrow in the six kinds of indulgence.
['T27n1545_139:0719b01_12']	如是便斷。	如是便斷。	In this way, one severs [attachment].
['T27n1545_139:0719b02_1']	以六出離依捨。	以六出離依捨。	By relying on equanimity in the six kinds of detachment,
['T27n1545_139:0719b02_10', 'T27n1545_139:0719b02_17']	為仗為依為建立故。🔽於六耽嗜依捨。	為仗為依為建立故。 於六耽嗜依捨。	as a support, as a basis, as a foundation,
['T27n1545_139:0719b03_7']	能棄能捨及能變吐。	能棄能捨及能變吐。	one is able to abandon, let go of, and vomit out the equanimity in the six kinds of indulgence.
['T27n1545_139:0719b03_12']	如是便斷。	如是便斷。	In this way, one severs [attachment].
['T27n1545_139:0719b04_3']	當知此說暫斷名斷。	當知此說暫斷名斷。	One should know that this refers to temporary severance as severance.
['T27n1545_139:0719b04_12']	復言以六出離依喜。	復言以六出離依喜。	It is further said: By relying on joy in the six kinds of detachment,
['T27n1545_139:0719b05_4']	為仗為依為建立故。	為仗為依為建立故。	as a support, as a basis,
['T27n1545_139:0719b05_10']	於六出離憂。	於六出離憂。	In the six kinds of renunciation that rely on joy,
['T27n1545_139:0719b06_1']	能棄能捨及能變吐。	能棄能捨及能變吐。	one is able to abandon, let go, and vomit out.
['T27n1545_139:0719b06_6']	如是便斷。	如是便斷。	In this way, one cuts them off.
['T27n1545_139:0719b06_15']	當知此說離欲界染。	當知此說離欲界染。	It should be known that this refers to being free from the defilements of the desire realm.
['T27n1545_139:0719b07_5']	復言以六出離依捨。	復言以六出離依捨。	It is further said that by relying on the abandonment that relies on the six kinds of renunciation,
['T27n1545_139:0719b07_14']	為仗為依為建立故。	為仗為依為建立故。	as a support, as a basis, and as a foundation,
['T27n1545_139:0719b08_3']	於六出離依喜。	於六出離依喜。	in the six kinds of renunciation that rely on joy,
['T27n1545_139:0719b08_12']	能棄能捨及能變吐。	能棄能捨及能變吐。	one is able to abandon, let go, and vomit out.
['T27n1545_139:0719b08_17']	如是便斷。	如是便斷。	In this way, one cuts them off.
['T27n1545_139:0719b09_9']	當知此說離第二靜慮染。	當知此說離第二靜慮染。	It should be known that this refers to being free from the defilements of the second concentration.
['T27n1545_139:0719b10_1']	復言以一種性所依捨。	復言以一種性所依捨。	It is further said that by relying on the abandonment that relies on a single nature,
['T27n1545_139:0719b10_10']	為仗為依為建立故。	為仗為依為建立故。	as a support, as a basis, and as a foundation,
['T27n1545_139:0719b10_18']	於種種性所依捨。	於種種性所依捨。	in the abandonment that relies on various natures,
['T27n1545_139:0719b11_8']	能棄能捨及能變吐。	能棄能捨及能變吐。	one is able to abandon, let go, and vomit out.
['T27n1545_139:0719b11_13']	如是便斷。	如是便斷。	In this way, one cuts them off.
['T27n1545_139:0719b12_6']	當知此說離第四靜慮染。	當知此說離第四靜慮染。	It should be known that this refers to being free from the defilements of the fourth concentration.
['T27n1545_139:0719b12_14']	復言以非彼性類。	復言以非彼性類。	It is further said that by relying on the non-nature of that class,
['T27n1545_139:0719b13_6']	為仗為依為建立故。	為仗為依為建立故。	as a support, as a basis, and as a foundation,
['T27n1545_139:0719b13_14']	於一種性所依捨。	於一種性所依捨。	in the abandonment that relies on a single nature,
['T27n1545_139:0719b14_5']	能棄能捨及能變吐。	能棄能捨及能變吐。	one is able to abandon, let go, and vomit out.
['T27n1545_139:0719b14_10']	如是便斷。	如是便斷。	In this way, one cuts them off.
['T27n1545_139:0719b15_5']	當知此說離非想非非想處染。	當知此說離非想非非想處染。	One should know that this refers to being free from the defilements of the sphere of neither-perception-nor-non-perception.
['T27n1545_139:0719b15_11', 'T27n1545_139:0719b16_2']	非彼性類者。🔽謂無漏道要由此道。	非彼性類者。 謂無漏道要由此道。	The class of that [path] is not that [path].🔽This refers to the pure path.
['T27n1545_139:0719b16_13']	能離非想非非想處染故。	能離非想非非想處染故。	Because this path is able to be free from the defilements of the sphere of neither-perception-nor-non-perception,
['T27n1545_139:0719b18_100']	說一切有部發智大毘婆沙論卷第一百三十九	說一切有部發智大毘婆沙論卷第一百三十九	it is said that the Sarvâstivāda school's Jñānaprasthāna-śāstra Mahāvibhāṣā-śāstra, fascicle 139
