segmentnr	original	analyzed	translated
['T27n1545_107:0552a01_0']	阿毘達磨大毘婆沙論卷第一百	阿毘達磨大毘婆沙論卷第一百	Abhidharma-mahāvibhāṣā-śāstra, fascicle 100
['T27n1545_107:0552a02_0']	七	七	seven
['T27n1545_107:0552a04_0']	五百大阿羅漢等造	五百大阿羅漢等造	composed by 500 great arhats and others
['T27n1545_107:0552a07_6']	三藏法師玄奘奉　詔譯3智蘊第三中修智納息第四之三異生離欲染時。	三藏法師玄奘奉　詔譯3智蘊第三中修智納息第四之三異生離欲染時。	tripiṭaka master Xuanzang respectfully received
['T27n1545_107:0552a08_2']	諸加行道九無間道八解脫道中。	諸加行道九無間道八解脫道中。	In the nine preparatory paths and eight uninterrupted paths,
['T27n1545_107:0552a08_10']	現在唯修世俗智。	現在唯修世俗智。	only mundane cognition is cultivated in the present,
['T27n1545_107:0552a09_1']	未來亦唯修世俗智。	未來亦唯修世俗智。	and only mundane cognition is also cultivated in the future.
['T27n1545_107:0552a09_8']	第九解脫道中。	第九解脫道中。	In the ninth path of liberation,
['T27n1545_107:0552a09_16']	現在唯修世俗智。	現在唯修世俗智。	only mundane cognition is cultivated in the present,
['T27n1545_107:0552a10_7']	未來修世俗他心智。	未來修世俗他心智。	and mundane cognition and cognition of others' minds are cultivated in the future.
['T27n1545_107:0552a10_14']	離初靜慮染時。	離初靜慮染時。	When detaching from the defilements of the first meditation,
['T27n1545_107:0552a11_6']	若依初靜慮作加行。	若依初靜慮作加行。	if one makes preparations based on the first meditation,
['T27n1545_107:0552a12_2']	彼加行道中現在唯修世俗智。	彼加行道中現在唯修世俗智。	in the path of preparation, only mundane cognition is cultivated in the present,
['T27n1545_107:0552a12_11']	未來修世俗他心智。	未來修世俗他心智。	and mundane cognition and cognition of others' minds are cultivated in the future.
['T27n1545_107:0552a13_4']	若依第二靜慮近分作加行。	若依第二靜慮近分作加行。	If one makes preparations based on the proximity of the second meditation,
['T27n1545_107:0552a14_1']	彼加行道九無間道八解脫道中。	彼加行道九無間道八解脫道中。	in the path of preparation, the nine uninterrupted paths, and the eight paths of liberation,
['T27n1545_107:0552a14_9']	現在唯修世俗智。	現在唯修世俗智。	only mundane cognition is cultivated in the present,
['T27n1545_107:0552a14_18']	未來亦唯修世俗智。	未來亦唯修世俗智。	and only mundane cognition is also cultivated in the future.
['T27n1545_107:0552a15_13']	第九解脫道中現在唯修世俗智。	第九解脫道中現在唯修世俗智。	In the ninth path of liberation, only mundane cognition is cultivated in the present,
['T27n1545_107:0552a16_4']	未來修世俗他心智。	未來修世俗他心智。	In the future, one cultivates conventional cognition and cognition of others' minds.
['T27n1545_107:0552a17_1']	離第二第三靜慮染時應知亦爾。	離第二第三靜慮染時應知亦爾。	One should know that when one is free from the defilements of the second and third dhyānas, it is also like this.
['T27n1545_107:0552a17_9']	離第四靜慮染時。	離第四靜慮染時。	When one is free from the defilements of the fourth dhyāna,
['T27n1545_107:0552a18_1']	若依第四靜慮作加行。	若依第四靜慮作加行。	if one makes effort based on the fourth dhyāna,
['T27n1545_107:0552a18_7']	彼加行道中。	彼加行道中。	in the path of preparation,
['T27n1545_107:0552a18_15']	現在唯修世俗智。	現在唯修世俗智。	in the present one cultivates only conventional cognition.
['T27n1545_107:0552a19_5']	未來修世俗他心智。	未來修世俗他心智。	In the future, one cultivates conventional cognition and cognition of others' minds.
['T27n1545_107:0552a19_17']	若依空無邊處近分作加行。	若依空無邊處近分作加行。	If one makes effort based on the access concentration to the sphere of infinite space,
['T27n1545_107:0552a20_13']	彼加行道九無間道九解脫道中。	彼加行道九無間道九解脫道中。	in the nine uninterrupted paths and nine paths of liberation of the path of preparation,
['T27n1545_107:0552a21_3']	現在唯修世俗智。	現在唯修世俗智。	in the present one cultivates only conventional cognition.
['T27n1545_107:0552a21_12']	未來亦唯修世俗智。	未來亦唯修世俗智。	In the future, one also cultivates only conventional cognition.
['T27n1545_107:0552a22_2']	離空無邊處染時。	離空無邊處染時。	When one is free from the defilements of the sphere of infinite space,
['T27n1545_107:0552a22_16']	諸加行道九無間道九解脫道中。	諸加行道九無間道九解脫道中。	in the various paths of preparation, nine uninterrupted paths, and nine paths of liberation,
['T27n1545_107:0552a23_5']	現在唯修世俗智。	現在唯修世俗智。	in the present one cultivates only conventional cognition.
['T27n1545_107:0552a23_14']	未來亦唯修世俗智。	未來亦唯修世俗智。	In the future, one also cultivates only conventional cognition.
['T27n1545_107:0552a24_12']	離識無邊處無所有處染時應知亦爾。	離識無邊處無所有處染時應知亦爾。	One should know that when one is free from the defilements of the sphere of infinite consciousness and the sphere of nothingness, it is also like this.
['T27n1545_107:0552a25_6']	未離欲染異生。	未離欲染異生。	Ordinary beings who have not yet been freed from the defilements of the desire realm,
['T27n1545_107:0552a25_11']	起四無量。	起四無量。	give rise to the four immeasurables,
['T27n1545_107:0552a25_16']	初二解脫。	初二解脫。	the first two liberations,
['T27n1545_107:0552a26_2']	前四勝處。	前四勝處。	The first four of the eight spheres of mastery.
['T27n1545_107:0552a26_6']	不淨觀。	不淨觀。	The contemplation of impurity.
['T27n1545_107:0552a26_10']	持息念。	持息念。	The mindfulness of breathing.
['T27n1545_107:0552a26_13']	念住。	念住。	The four establishments of mindfulness.
['T27n1545_107:0552a27_2']	暖頂忍世第一法時。	暖頂忍世第一法時。	When practicing the heat, summit, patience, and highest worldly dharmas.
['T27n1545_107:0552a27_10']	現在唯修世俗智。	現在唯修世俗智。	In the present, one cultivates only conventional knowledge.
['T27n1545_107:0552a28_1']	未來亦唯修世俗智。	未來亦唯修世俗智。	In the future, one also cultivates only conventional knowledge.
['T27n1545_107:0552a28_8']	已離欲染異生。	已離欲染異生。	Ordinary beings who have already become free from the affliction of desire.
['T27n1545_107:0552a28_13']	起四無量。	起四無量。	Give rise to the four immeasurables.
['T27n1545_107:0552a28_18']	初三解脫。	初三解脫。	The first three liberations.
['T27n1545_107:0552a29_2']	八勝處。	八勝處。	The eight spheres of mastery.
['T27n1545_107:0552a29_7']	前八遍處。	前八遍處。	The first eight of the ten universal bases.
['T27n1545_107:0552a29_11']	不淨觀。	不淨觀。	The contemplation of impurity.
['T27n1545_107:0552a29_15']	持息念。	持息念。	The mindfulness of breathing.
['T27n1545_107:0552a29_19']	念住時。	念住時。	When practicing the four establishments of mindfulness.
['T27n1545_107:0552b01_6']	現在唯修世俗智。	現在唯修世俗智。	In the present, one cultivates only conventional knowledge.
['T27n1545_107:0552b01_15']	未來修世俗他心智。	未來修世俗他心智。	In the future, one cultivates conventional knowledge and knowledge of others' minds.
['T27n1545_107:0552b02_7']	起暖頂忍世第一法時。	起暖頂忍世第一法時。	When practicing the heat, summit, patience, and highest worldly dharmas.
['T27n1545_107:0552b02_15']	現在唯修世俗智。	現在唯修世俗智。	In the present, one cultivates only conventional knowledge.
['T27n1545_107:0552b03_5']	未來亦唯修世俗智。	未來亦唯修世俗智。	In the future, one also cultivates only conventional knowledge.
['T27n1545_107:0552b03_12']	起無色四解脫。	起無色四解脫。	When giving rise to the four formless liberations.
['T27n1545_107:0552b03_16']	二遍處。	二遍處。	The two universal bases.
['T27n1545_107:0552b04_2']	及念住時。	及念住時。	And when practicing the four establishments of mindfulness.
['T27n1545_107:0552b04_10']	現在唯修世俗智。	現在唯修世俗智。	In the present, one cultivates only conventional knowledge.
['T27n1545_107:0552b05_1']	未來亦唯修世俗智。	未來亦唯修世俗智。	In the future, one also cultivates only conventional knowledge.
['T27n1545_107:0552b05_7']	引發五通時。	引發五通時。	When manifesting the five spiritual powers.
['T27n1545_107:0552b05_17']	諸加行道二解脫道中。	諸加行道二解脫道中。	In the preparatory paths and two liberated paths.
['T27n1545_107:0552b06_6']	現在唯修世俗智。	現在唯修世俗智。	In the present, one only cultivates conventional knowledge.
['T27n1545_107:0552b06_15']	未來修世俗他心智。	未來修世俗他心智。	In the future, one cultivates conventional knowledge and knowledge of others' minds.
['T27n1545_107:0552b07_2']	一解脫道中。	一解脫道中。	In the path of liberation.
['T27n1545_107:0552b07_11']	現在修世俗他心智。	現在修世俗他心智。	In the present, one cultivates conventional knowledge and knowledge of others' minds.
['T27n1545_107:0552b08_2']	未來亦修世俗他心智。	未來亦修世俗他心智。	In the future, one also cultivates conventional knowledge and knowledge of others' minds.
['T27n1545_107:0552b08_8']	五無間道中。	五無間道中。	In the five uninterrupted paths.
['T27n1545_107:0552b08_16']	現在唯修世俗智。	現在唯修世俗智。	In the present, one only cultivates conventional knowledge.
['T27n1545_107:0552b09_5']	未來亦唯修世俗智。	未來亦唯修世俗智。	In the future, one also only cultivates conventional knowledge.
['T27n1545_107:0552b09_11']	二解脫道中。	二解脫道中。	In the two paths of liberation.
['T27n1545_107:0552b10_5']	不修智無記故聖者見道中。	不修智無記故聖者見道中。	One does not cultivate knowledge because it is indeterminate. In the path of seeing of the noble ones.
['T27n1545_107:0552b10_16']	若如是功德現在修未來。	若如是功德現在修未來。	If one cultivates such merits in the present and future,
['T27n1545_107:0552b11_5']	即修如是功德。	即修如是功德。	One cultivates such merits.
['T27n1545_107:0552b11_13', 'T27n1545_107:0552b12_2']	如諸忍現在前時。🔽現在修如是忍。	如諸忍現在前時。 現在修如是忍。	When various forbearances are present,🔽In the present, one cultivates such forbearances.
['T27n1545_107:0552b12_10']	未來亦修如是忍。	未來亦修如是忍。	In the future, one also cultivates such forbearances.
['T27n1545_107:0552b12_17']	諸智現在前時。	諸智現在前時。	When various knowledges are present,
['T27n1545_107:0552b13_5']	現在修如是智。	現在修如是智。	In the present, one cultivates such knowledges.
['T27n1545_107:0552b13_13']	未來亦修如是智。	未來亦修如是智。	In the future, one also cultivates such knowledges.
['T27n1545_107:0552b13_18']	除三心頃。	除三心頃。	Excluding the three moments.
['T27n1545_107:0552b14_7']	未來亦修世俗智。	未來亦修世俗智。	In the future, one also cultivates conventional knowledge.
['T27n1545_107:0552b14_15']	謂苦集滅類智時。	謂苦集滅類智時。	That is, when knowledge of the truths of suffering, accumulation, and cessation is present,
['T27n1545_107:0552b15_7']	亦修未來現觀邊世俗智。	亦修未來現觀邊世俗智。	One also cultivates future conventional knowledge on the periphery of clear realization.
['T27n1545_107:0552b15_18']	問何故見道中唯修同分。	問何故見道中唯修同分。	Question: Why does one only cultivate the homogeneous in the path of seeing?
['T27n1545_107:0552b16_11']	修道中能修同分不同分耶。	修道中能修同分不同分耶。	In the path of cultivation, can one cultivate the homogeneous and heterogeneous?
['T27n1545_107:0552b17_10']	答以見道處所定對治定故唯修同分。	答以見道處所定對治定故唯修同分。	Answer: Because the location and antidote of the path of seeing are definite, one only cultivates the homogeneous.
['T27n1545_107:0552b18_3']	修道處所不定對治不定。	修道處所不定對治不定。	The location and antidote of the path of cultivation are indefinite.
['T27n1545_107:0552b18_12']	故能修同分不同分。	故能修同分不同分。	Therefore, one can cultivate the homogeneous and heterogeneous.
['T27n1545_107:0552b19_10']	復次以見道所緣定對治定故唯修同分。	復次以見道所緣定對治定故唯修同分。	Furthermore, because the object and antidote of the path of seeing are definite, one only cultivates the homogeneous.
['T27n1545_107:0552b20_3']	修道所緣不定對治不定。	修道所緣不定對治不定。	The object and antidote of the path of cultivation are indefinite.
['T27n1545_107:0552b20_12']	故能修同分不同分。	故能修同分不同分。	Therefore, one can cultivate the homogeneous and heterogeneous.
['T27n1545_107:0552b22_3']	復次見道中初得聖種性於四聖諦初修聖行相故唯修同分。	復次見道中初得聖種性於四聖諦初修聖行相故唯修同分。	Furthermore, in the path of seeing, one first attains the holy nature and first cultivates the characteristics of the holy practices regarding the four noble truths, therefore one only cultivates the homogeneous.
['T27n1545_107:0552b22_12']	修道中已得聖種性。	修道中已得聖種性。	In the path of cultivation, one has already attained the holy nature.
['T27n1545_107:0552b23_4']	於四聖諦已修聖行相。	於四聖諦已修聖行相。	Regarding the four noble truths, one has already cultivated the characteristics of the holy practices.
['T27n1545_107:0552b23_13']	故能修同分不同分。	故能修同分不同分。	Therefore, one can cultivate the homogeneous and heterogeneous.
['T27n1545_107:0552b24_5']	復次見道中初得見諦。	復次見道中初得見諦。	Furthermore, in the path of seeing, one first attains the insight into the truths.
['T27n1545_107:0552b24_15']	初得現觀故唯修同分。	初得現觀故唯修同分。	One first attains the direct realization, therefore one only cultivates the homogeneous.
['T27n1545_107:0552b25_9']	修道中已得見諦已得現觀。	修道中已得見諦已得現觀。	In the path of cultivation, one has already attained the insight into the truths and has already attained the direct realization.
['T27n1545_107:0552b26_1']	故能修同分不同分。	故能修同分不同分。	Therefore, one is able to cultivate both similar and dissimilar types.
['T27n1545_107:0552b26_11']	道類智時無他心智者。	道類智時無他心智者。	At the time of the cognition of the class of the path, if one does not have the cognition of others' minds,
['T27n1545_107:0552b27_1']	現在修道類二智。	現在修道類二智。	in the present one cultivates the cognition of the class of the path and two knowledges.
['T27n1545_107:0552b27_7']	未來修六智。	未來修六智。	In the future one cultivates six knowledges.
['T27n1545_107:0552b27_14']	除世俗他心智。	除世俗他心智。	Excluding the conventional and cognition of others' minds.
['T27n1545_107:0552b28_1']	有他心智者。	有他心智者。	If one has the cognition of others' minds,
['T27n1545_107:0552b28_9']	現在修道類二智。	現在修道類二智。	in the present one cultivates the cognition of the class of the path and two knowledges.
['T27n1545_107:0552b28_15']	未來修七智。	未來修七智。	In the future one cultivates seven knowledges.
['T27n1545_107:0552b29_1']	除世俗智。	除世俗智。	Excluding the conventional knowledge.
['T27n1545_107:0552b29_12']	聖者以世俗道離欲染時。	聖者以世俗道離欲染時。	When a noble one, by means of the conventional path, is free from the defilement of desire,
['T27n1545_107:0552c01_1']	若無漏作加行。	若無漏作加行。	if one makes effort with the uncontaminated [path],
['T27n1545_107:0552c01_7']	彼加行道中。	彼加行道中。	in the path of preparation,
['T27n1545_107:0552c01_18']	四法四類智隨二現在修。	四法四類智隨二現在修。	four knowledges of dharmas and four knowledges of classes, two of which are cultivated in the present.
['T27n1545_107:0552c02_4']	未來修七智。	未來修七智。	In the future one cultivates seven knowledges.
['T27n1545_107:0552c02_9']	除他心智。	除他心智。	Excluding the cognition of others' minds.
['T27n1545_107:0552c02_16']	若世俗作加行。	若世俗作加行。	If one makes effort with the conventional [path],
['T27n1545_107:0552c03_11']	彼加行道九無間道八解脫道中。	彼加行道九無間道八解脫道中。	in the nine uninterrupted paths and eight paths of liberation,
['T27n1545_107:0552c04_1']	現在唯修世俗智。	現在唯修世俗智。	in the present one only cultivates the conventional knowledge.
['T27n1545_107:0552c04_7']	未來修七智。	未來修七智。	In the future one cultivates seven knowledges.
['T27n1545_107:0552c04_12']	除他心智。	除他心智。	Excluding the cognition of others' minds.
['T27n1545_107:0552c04_19']	第九解脫道中。	第九解脫道中。	In the ninth path of liberation,
['T27n1545_107:0552c05_7']	現在唯修世俗智。	現在唯修世俗智。	in the present one only cultivates the conventional knowledge.
['T27n1545_107:0552c05_13']	未來修八智。	未來修八智。	In the future one cultivates eight knowledges.
['T27n1545_107:0552c06_2']	離初靜慮染時。	離初靜慮染時。	When one is free from the defilements of the first dhyāna,
['T27n1545_107:0552c06_9']	若無漏作加行。	若無漏作加行。	if one makes effort with the uncontaminated [path],
['T27n1545_107:0552c06_15']	彼加行道中。	彼加行道中。	in the path of preparation,
['T27n1545_107:0552c07_6']	四法四類智隨二現在修。	四法四類智隨二現在修。	four dharma-knowledges and four class-knowledges are cultivated in the present,
['T27n1545_107:0552c07_12']	未來修八智。	未來修八智。	and eight knowledges are cultivated in the future.
['T27n1545_107:0552c07_19']	若世俗作加行。	若世俗作加行。	If one makes effort with the worldly [path],
['T27n1545_107:0552c08_9']	彼加行道九解脫道中。	彼加行道九解脫道中。	in the nine paths of liberation,
['T27n1545_107:0552c08_17']	現在唯修世俗智。	現在唯修世俗智。	only the worldly knowledge is cultivated in the present,
['T27n1545_107:0552c09_4']	未來修八智。	未來修八智。	and eight knowledges are cultivated in the future.
['T27n1545_107:0552c09_17']	九無間道中現在唯修世俗智。	九無間道中現在唯修世俗智。	In the nine uninterrupted paths, only the worldly knowledge is cultivated in the present,
['T27n1545_107:0552c10_4']	未來修七智。	未來修七智。	and seven knowledges are cultivated in the future,
['T27n1545_107:0552c10_9', 'T27n1545_107:0552c10_18']	除他心智。🔽乃至離無所有處染。	除他心智。 乃至離無所有處染。	excluding the knowledge of others' minds.
['T27n1545_107:0552c11_1']	時。	時。	Up to when one is free from the defilements of the sphere of nothingness,
['T27n1545_107:0552c11_6']	應知亦爾。	應知亦爾。	one should understand it is also like this.
['T27n1545_107:0552c11_15']	以無漏道離欲染時。	以無漏道離欲染時。	When one is free from the defilements of desire with the uncontaminated path,
['T27n1545_107:0552c12_3']	若世俗作加行。	若世俗作加行。	if one makes effort with the worldly [path],
['T27n1545_107:0552c12_9']	彼加行道中。	彼加行道中。	in the path of preparation,
['T27n1545_107:0552c12_17']	現在唯修世俗智。	現在唯修世俗智。	only the worldly knowledge is cultivated in the present,
['T27n1545_107:0552c13_4']	未來修七智。	未來修七智。	and seven knowledges are cultivated in the future,
['T27n1545_107:0552c13_9']	除他心智。	除他心智。	excluding the knowledge of others' minds.
['T27n1545_107:0552c13_16']	若無漏作加行。	若無漏作加行。	If one makes effort with the uncontaminated [path],
['T27n1545_107:0552c14_3']	彼加行道中。	彼加行道中。	in the path of preparation,
['T27n1545_107:0552c14_14']	四法四類智隨二現在修。	四法四類智隨二現在修。	two of the four dharma-knowledges and four class-knowledges are cultivated in the present,
['T27n1545_107:0552c14_18']	未來修。	未來修。	future cultivation.
['T27n1545_107:0552c15_1']	七智。	七智。	seven knowledges.
['T27n1545_107:0552c15_6']	除他心智。	除他心智。	excluding the knowledge of others' minds.
['T27n1545_107:0552c15_15']	九無間八解脫道中。	九無間八解脫道中。	In the eight uninterrupted and eight liberation paths,
['T27n1545_107:0552c16_4']	四法智隨二現在修。	四法智隨二現在修。	four dharma knowledges are cultivated in the present, and two are cultivated in the future.
['T27n1545_107:0552c16_10']	未來修七智。	未來修七智。	Seven knowledges are cultivated in the future,
['T27n1545_107:0552c16_15']	除他心智。	除他心智。	excluding the knowledge of others' minds.
['T27n1545_107:0552c17_11']	第九解脫道中四法智隨二現在修。	第九解脫道中四法智隨二現在修。	In the ninth liberation path, four dharma knowledges are cultivated in the present, and two are cultivated in the future.
['T27n1545_107:0552c17_17']	未來修八智。	未來修八智。	Eight knowledges are cultivated in the future.
['T27n1545_107:0552c18_5']	離初靜慮染時。	離初靜慮染時。	When detaching from the defilements of the first meditation,
['T27n1545_107:0552c18_13']	若以世俗作加行。	若以世俗作加行。	if one uses the worldly path as preparation,
['T27n1545_107:0552c19_8']	彼加行道中現在唯修世俗智。	彼加行道中現在唯修世俗智。	in that path of preparation, only the worldly knowledge is cultivated in the present.
['T27n1545_107:0552c19_14']	未來修八智。	未來修八智。	Eight knowledges are cultivated in the future.
['T27n1545_107:0552c20_3']	若無漏作加行。	若無漏作加行。	If one uses the pure path as preparation,
['T27n1545_107:0552c20_9']	彼加行道中。	彼加行道中。	in that path of preparation,
['T27n1545_107:0552c21_1']	四法四類智隨二現在修。	四法四類智隨二現在修。	four dharma knowledges and four subsequent knowledges are cultivated in the present, and two are cultivated in the future.
['T27n1545_107:0552c21_7']	未來修八智。	未來修八智。	Eight knowledges are cultivated in the future.
['T27n1545_107:0552c21_13']	九無間道中。	九無間道中。	In the nine uninterrupted paths,
['T27n1545_107:0552c22_4']	二法四類智隨二現在修。	二法四類智隨二現在修。	two dharma knowledges and four subsequent knowledges are cultivated in the present, and two are cultivated in the future.
['T27n1545_107:0552c22_10']	未來修七智。	未來修七智。	Seven knowledges are cultivated in the future,
['T27n1545_107:0552c22_15']	除他心智。	除他心智。	excluding the knowledge of others' minds.
['T27n1545_107:0552c23_2']	九解脫道中。	九解脫道中。	In the nine liberation paths,
['T27n1545_107:0552c23_13']	二法四類智隨二現在修。	二法四類智隨二現在修。	two dharma knowledges and four subsequent knowledges are cultivated in the present, and two are cultivated in the future.
['T27n1545_107:0552c23_19']	未來修八智。	未來修八智。	In the future, one cultivates eight knowledges.
['T27n1545_107:0552c24_12']	乃至離無所有處染應知亦爾。	乃至離無所有處染應知亦爾。	Up to the time of being free from the attachment of the sphere of nothingness, it should be known to be the same.
['T27n1545_107:0552c25_5']	離非想非非想處染時。	離非想非非想處染時。	At the time of being free from the attachment of the sphere of neither-perception-nor-non-perception,
['T27n1545_107:0552c25_12']	若世俗作加行。	若世俗作加行。	if one makes preparations with conventional [cognition],
['T27n1545_107:0552c25_18']	彼加行道中。	彼加行道中。	in the path of preparation,
['T27n1545_107:0552c26_7']	現在唯修世俗智。	現在唯修世俗智。	in the present one cultivates only conventional cognition,
['T27n1545_107:0552c26_13']	未來修八智。	未來修八智。	in the future one cultivates eight knowledges.
['T27n1545_107:0552c27_2']	若無漏作加行。	若無漏作加行。	If one makes preparations with the uncontaminated [cognition],
['T27n1545_107:0552c27_18']	彼加行道中四法四類智隨二現在修。	彼加行道中四法四類智隨二現在修。	in the path of preparation, one cultivates two of the four knowledges of dharmas and four knowledges of classes in the present,
['T27n1545_107:0552c28_5']	未來修八智。	未來修八智。	in the future one cultivates eight knowledges.
['T27n1545_107:0552c29_3']	九無間道中二法四類智隨二現在修。	九無間道中二法四類智隨二現在修。	In the nine uninterrupted paths, one cultivates two of the four knowledges of dharmas and four knowledges of classes in the present,
['T27n1545_107:0552c29_9']	未來修六智。	未來修六智。	in the future one cultivates six knowledges,
['T27n1545_107:0552c29_16']	除世俗他心智。	除世俗他心智。	excluding conventional cognition and cognition of others' minds.
['T27n1545_107:0553a01_3']	八解脫道中。	八解脫道中。	In the eight paths of liberation,
['T27n1545_107:0553a01_14']	二法四類智隨二現在修。	二法四類智隨二現在修。	one cultivates two of the four knowledges of dharmas and four knowledges of classes in the present,
['T27n1545_107:0553a02_1']	未來修七智。	未來修七智。	in the future one cultivates seven knowledges,
['T27n1545_107:0553a02_6']	除世俗智。	除世俗智。	excluding conventional cognition.
['T27n1545_107:0553a02_13']	第九解脫道中。	第九解脫道中。	In the ninth path of liberation,
['T27n1545_107:0553a03_2']	二類智隨二現在修。	二類智隨二現在修。	one cultivates two of the four knowledges of classes in the present,
['T27n1545_107:0553a04_7']	未來修八智及修三界無量善根未離欲染信勝解。	未來修八智及修三界無量善根未離欲染信勝解。	in the future one cultivates eight knowledges and cultivates the immeasurable wholesome roots of the three realms. One who is not yet free from desire, with faith as the dominant factor,
['T27n1545_107:0553a04_14']	練根作見至時。	練根作見至時。	When perfecting faculties to become one who has attained through views,
['T27n1545_107:0553a05_3']	若世俗作加行。	若世俗作加行。	if using worldly [paths] to make preparations,
['T27n1545_107:0553a05_9']	彼加行道中。	彼加行道中。	in the path of preparation,
['T27n1545_107:0553a05_17']	現在唯修世俗智。	現在唯修世俗智。	only worldly cognition is presently cultivated.
['T27n1545_107:0553a06_4']	未來修七智。	未來修七智。	In the future, seven cognitions are cultivated,
['T27n1545_107:0553a06_9']	除他心智。	除他心智。	excluding cognition of others' minds.
['T27n1545_107:0553a06_16']	若無漏作加行。	若無漏作加行。	If using the uncontaminated [paths] to make preparations,
['T27n1545_107:0553a07_3']	彼加行道中。	彼加行道中。	in the path of preparation,
['T27n1545_107:0553a07_14']	四法四類智隨二現在修。	四法四類智隨二現在修。	four cognitions of dharmas and four cognitions of categories are cultivated in the present according to two,
['T27n1545_107:0553a08_1']	未來修七智。	未來修七智。	and seven cognitions are cultivated in the future,
['T27n1545_107:0553a08_6']	除他心智。	除他心智。	excluding cognition of others' minds.
['T27n1545_107:0553a08_11']	無間道中。	無間道中。	In the uninterrupted path,
['T27n1545_107:0553a09_2']	四法四類智隨二現在修。	四法四類智隨二現在修。	four cognitions of dharmas and four cognitions of categories are cultivated in the present according to two,
['T27n1545_107:0553a09_8']	未來修六智。	未來修六智。	and six cognitions are cultivated in the future,
['T27n1545_107:0553a09_15']	除世俗他心智。	除世俗他心智。	excluding worldly cognition and cognition of others' minds.
['T27n1545_107:0553a10_11']	解脫道中四法四類智隨二現在修。	解脫道中四法四類智隨二現在修。	In the path of liberation, four cognitions of dharmas and four cognitions of categories are cultivated in the present according to two,
['T27n1545_107:0553a11_1']	未來有說修六智。	未來有說修六智。	and it is said that six cognitions are cultivated in the future,
['T27n1545_107:0553a11_8']	除世俗他心智。	除世俗他心智。	excluding worldly cognition and cognition of others' minds.
['T27n1545_107:0553a11_14']	有說修七智。	有說修七智。	Some say seven cognitions are cultivated,
['T27n1545_107:0553a11_19']	除他心智。	除他心智。	excluding cognition of others' minds.
['T27n1545_107:0553a12_7']	已離欲染信勝解。	已離欲染信勝解。	One who is already free from the contaminant of desire, a faith-follower,
['T27n1545_107:0553a12_14']	練根作見至時。	練根作見至時。	when perfecting faculties to become one who has attained through views,
['T27n1545_107:0553a13_3']	若世俗作加行。	若世俗作加行。	if using worldly [paths] to make preparations,
['T27n1545_107:0553a13_9']	彼加行道中。	彼加行道中。	in the path of preparation,
['T27n1545_107:0553a13_17']	現在唯修世俗智。	現在唯修世俗智。	In the present, one only cultivates conventional knowledge.
['T27n1545_107:0553a14_4']	未來修八智。	未來修八智。	In the future, one cultivates eight knowledges.
['T27n1545_107:0553a14_11']	若無漏作加行。	若無漏作加行。	If one makes effort with the impure,
['T27n1545_107:0553a14_17']	彼加行道中。	彼加行道中。	in the path of preparation,
['T27n1545_107:0553a15_9']	四法四類智隨二現在修。	四法四類智隨二現在修。	four knowledges of dharmas and four knowledges of classes, cultivating two in the present,
['T27n1545_107:0553a15_15']	未來修八智。	未來修八智。	in the future, one cultivates eight knowledges.
['T27n1545_107:0553a16_11']	無間道中四法四類智隨二現在修。	無間道中四法四類智隨二現在修。	In the uninterrupted path, four knowledges of dharmas and four knowledges of classes, cultivating two in the present,
['T27n1545_107:0553a16_17']	未來修六智。	未來修六智。	in the future, one cultivates six knowledges,
['T27n1545_107:0553a17_5']	除世俗他心智。	除世俗他心智。	excluding conventional knowledge and knowledge of others' minds.
['T27n1545_107:0553a18_2']	解脫道中四法四類智隨二現在修。	解脫道中四法四類智隨二現在修。	In the path of liberation, four knowledges of dharmas and four knowledges of classes, cultivating two in the present,
['T27n1545_107:0553a18_10']	未來有說修七智。	未來有說修七智。	in the future, some say one cultivates seven knowledges,
['T27n1545_107:0553a18_15']	除世俗智。	除世俗智。	excluding conventional knowledge.
['T27n1545_107:0553a19_2']	有說修八智。	有說修八智。	Some say one cultivates eight knowledges.
['T27n1545_107:0553a19_15']	時解脫阿羅漢練根作不動時。	時解脫阿羅漢練根作不動時。	When a time-liberated arhat sharpens their faculties to become unshakable,
['T27n1545_107:0553a20_4']	若世俗作加行。	若世俗作加行。	if they make effort with the conventional,
['T27n1545_107:0553a20_10']	彼加行道中。	彼加行道中。	in the path of preparation,
['T27n1545_107:0553a20_18']	現在唯修世俗智。	現在唯修世俗智。	in the present, one only cultivates conventional knowledge.
['T27n1545_107:0553a21_5']	未來修八智。	未來修八智。	In the future, one cultivates eight knowledges.
['T27n1545_107:0553a21_12']	若無漏作加行。	若無漏作加行。	If they make effort with the impure,
['T27n1545_107:0553a21_18']	彼加行道中。	彼加行道中。	in the path of preparation,
['T27n1545_107:0553a22_10']	四法四類智隨二現在修。	四法四類智隨二現在修。	four knowledges of dharmas and four knowledges of classes, cultivating two in the present,
['T27n1545_107:0553a22_16']	未來修八智。	未來修八智。	in the future, one cultivates eight knowledges.
['T27n1545_107:0553a23_13']	九無間道中二法四類智隨二現在修。	九無間道中二法四類智隨二現在修。	In the nine uninterrupted paths, two dharmas and four types of knowledge are cultivated in the present.🔽🔽
['T27n1545_107:0553a24_1']	未來修六智。	未來修六智。	In the nine uninterrupted paths, two dharmas and four types of knowledge are cultivated in the present, and six knowledges are cultivated in the future.
['T27n1545_107:0553a24_8', 'T27n1545_107:0553a25_5']	除世俗他心智。🔽八解脫道中二法四類智隨二現在修。	除世俗他心智。 八解脫道中二法四類智隨二現在修。	Excluding conventional knowledge and knowledge of others' minds.
['T27n1545_107:0553a25_11']	未來修七智。	未來修七智。	In the eight liberated paths, two dharmas and four types of knowledge are cultivated in the present, and seven knowledges are cultivated in the future.
['T27n1545_107:0553a25_16', 'T27n1545_107:0553a26_13']	除世俗智。🔽第九解脫道中二類智隨二現在修。	除世俗智。 第九解脫道中二類智隨二現在修。	Excluding conventional knowledge.
['T27n1545_107:0553a27_1']	未來修八智。	未來修八智。	In the ninth liberated path, two types of knowledge are cultivated in the present, and eight knowledges are cultivated in the future.
['T27n1545_107:0553a27_10']	及修三界無量善根。	及修三界無量善根。	And cultivating immeasurable wholesome roots of the three realms.
['T27n1545_107:0553a27_17']	未離欲染聖者。	未離欲染聖者。	The noble one who has not yet separated from desire-attachment,
['T27n1545_107:0553a28_3']	起四無量。	起四無量。	When giving rise to the four immeasurables,
['T27n1545_107:0553a28_8']	初二解脫。	初二解脫。	The first two liberations,
['T27n1545_107:0553a28_13']	前四勝處。	前四勝處。	The first four aspects of mastery,
['T27n1545_107:0553a28_17']	不淨觀。	不淨觀。	The contemplation of impurity,
['T27n1545_107:0553a28_21']	持息念。	持息念。	The mindfulness of breathing,
['T27n1545_107:0553a29_6']	及世俗念住時。	及世俗念住時。	And the conventional mindfulness when present,
['T27n1545_107:0553a29_14']	現在唯修世俗智。	現在唯修世俗智。	Only cultivates conventional knowledge.
['T27n1545_107:0553b01_1']	未來修七智。	未來修七智。	In the future, seven knowledges are cultivated.
['T27n1545_107:0553b01_6']	除他心智。	除他心智。	Excluding knowledge of others' minds.
['T27n1545_107:0553b01_12', 'T27n1545_107:0553b02_7']	雜修靜慮時。🔽初剎那頃四法四類智隨二現在修。	雜修靜慮時。 初剎那頃四法四類智隨二現在修。	When practicing the various meditations,
['T27n1545_107:0553b02_13']	未來修七智。	未來修七智。	In the first moment, four dharmas and four types of knowledge are cultivated in the present, and seven knowledges are cultivated in the future.
['T27n1545_107:0553b02_18']	除他心智。	除他心智。	Excluding knowledge of others' minds.
['T27n1545_107:0553b03_12']	第二剎那頃現在唯修世俗智。	第二剎那頃現在唯修世俗智。	In the second moment, only conventional knowledge is cultivated in the present.
['T27n1545_107:0553b03_18']	未來修七智。	未來修七智。	In the future, seven knowledges are cultivated.
['T27n1545_107:0553b04_4']	除他心智。	除他心智。	Excluding knowledge of others' minds.
['T27n1545_107:0553b05_2']	第三剎那頃四法四類智隨二現在修。	第三剎那頃四法四類智隨二現在修。	In the third moment, either two knowledges of dharmas or two knowledges of classes are cultivated in the present.
['T27n1545_107:0553b05_8']	未來修八智。	未來修八智。	In the future, eight knowledges are cultivated.
['T27n1545_107:0553b05_14']	引發五通時。	引發五通時。	When manifesting the five supernormal powers,
['T27n1545_107:0553b06_1']	五無間道中。	五無間道中。	in the five uninterrupted paths,
['T27n1545_107:0553b06_9']	現在唯修世俗智。	現在唯修世俗智。	only conventional knowledge is cultivated in the present.
['T27n1545_107:0553b06_15']	未來修七智。	未來修七智。	In the future, seven knowledges are cultivated.
['T27n1545_107:0553b07_1']	除他心智。	除他心智。	Excluding knowledge of others' minds.
['T27n1545_107:0553b07_11']	諸加行道二解脫道中。	諸加行道二解脫道中。	In the two paths of preparation and liberation,
['T27n1545_107:0553b07_19']	現在唯修世俗智。	現在唯修世俗智。	only conventional knowledge is cultivated in the present.
['T27n1545_107:0553b08_5']	未來修八智。	未來修八智。	In the future, eight knowledges are cultivated.
['T27n1545_107:0553b08_16']	一解脫道中未來修八智。	一解脫道中未來修八智。	In one path of liberation, eight knowledges are cultivated in the future.
['T27n1545_107:0553b09_7']	現在唯修世俗他心智。	現在唯修世俗他心智。	Only conventional knowledge and knowledge of others' minds are cultivated in the present.
['T27n1545_107:0553b09_10']	有說。	有說。	Some say:
['T27n1545_107:0553b10_1']	亦修道法道類隨二。	亦修道法道類隨二。	One also cultivates either the knowledge of dharmas or the knowledge of classes of the path.
['T27n1545_107:0553b10_15']	他心智二解脫道不修智無記故。	他心智二解脫道不修智無記故。	Because the knowledge of others' minds and the two paths of liberation do not cultivate knowledge, they are indeterminate.
['T27n1545_107:0553b11_4']	已離欲染聖者。	已離欲染聖者。	The noble ones who have already become free from the defilements of the desire realm,
['T27n1545_107:0553b14_6']	起四無量世俗解脫勝處遍處不淨觀持息念世俗念住世俗無礙解無諍願智邊際定空空無願無願無相無相三摩地入滅定想微細心時。	起四無量世俗解脫勝處遍處不淨觀持息念世俗念住世俗無礙解無諍願智邊際定空空無願無願無相無相三摩地入滅定想微細心時。	When giving rise to the four immeasurables, conventional liberation, mastery, pervading, contemplation of impurity, mindfulness of breathing, conventional mindfulness, conventional unobstructed understanding, non-conflict, knowledge of vows, ultimate concentration, emptiness of emptiness, wishlessness of wishlessness, signlessness of signlessness, samādhi of signlessness, entering the concentration of cessation, subtle thought,
['T27n1545_107:0553b14_14']	現在唯修世俗智。	現在唯修世俗智。	In the present, only conventional knowledge is cultivated.
['T27n1545_107:0553b15_2']	未來修八智。	未來修八智。	In the future, eight knowledges are cultivated.
['T27n1545_107:0553b15_10']	起無漏他心智時。	起無漏他心智時。	When giving rise to uncontaminated knowledge of others' minds,
['T27n1545_107:0553b16_5']	現在修道法道類隨二他心智。	現在修道法道類隨二他心智。	In the present, two of the knowledge of the path, dharma, and the class of knowledge of others' minds are cultivated.
['T27n1545_107:0553b16_11']	未來修八智。	未來修八智。	In the future, eight knowledges are cultivated.
['T27n1545_107:0553b16_16']	依靜慮地。	依靜慮地。	Based on the stage of concentration,
['T27n1545_107:0553b17_10']	起無漏念住無漏義無礙解時。	起無漏念住無漏義無礙解時。	When giving rise to uncontaminated mindfulness, uncontaminated meaning, and unobstructed understanding,
['T27n1545_107:0553b18_3']	四法四類智隨二現在修。	四法四類智隨二現在修。	Four dharmas, four classes, and two of the knowledge of the path are cultivated in the present.
['T27n1545_107:0553b18_9']	未來修八智。	未來修八智。	In the future, eight knowledges are cultivated.
['T27n1545_107:0553b18_18']	起無漏辯無礙解時。	起無漏辯無礙解時。	When giving rise to uncontaminated unobstructed understanding of eloquence,
['T27n1545_107:0553b19_10']	道法道類智隨二現在修。	道法道類智隨二現在修。	Two of the knowledge of the path, dharma, and the class of knowledge are cultivated in the present.
['T27n1545_107:0553b19_16']	未來修八智。	未來修八智。	In the future, eight knowledges are cultivated.
['T27n1545_107:0553b21_1']	依無色定起無漏念住無漏義無礙解無漏解脫時。	依無色定起無漏念住無漏義無礙解無漏解脫時。	Based on the formless concentrations, when giving rise to uncontaminated mindfulness, uncontaminated meaning, unobstructed understanding, and uncontaminated liberation,
['T27n1545_107:0553b21_10']	四類智隨二現在修。	四類智隨二現在修。	When the four types of subsequent cognition are present, one cultivates two in the future.
['T27n1545_107:0553b21_16']	未來修八智。	未來修八智。	One cultivates eight knowledges in the future.
['T27n1545_107:0553b22_10']	依無色定起無漏辯無礙解時。	依無色定起無漏辯無礙解時。	When one gives rise to the uncontaminated unobstructed understanding of eloquence based on the formless concentrations,
['T27n1545_107:0553b23_1']	現在修道類二智。	現在修道類二智。	one cultivates the two knowledges of path and subsequent cognition in the present.
['T27n1545_107:0553b23_7']	未來修八智。	未來修八智。	One cultivates eight knowledges in the future.
['T27n1545_107:0553b23_17']	起入滅盡定微微心時。	起入滅盡定微微心時。	When one gives rise to the mind of slight calm and slight exertion when entering the attainment of cessation,
['T27n1545_107:0553b24_6']	現在唯修世俗智。	現在唯修世俗智。	one cultivates only conventional knowledge in the present.
['T27n1545_107:0553b24_15']	未來亦唯修世俗智。	未來亦唯修世俗智。	One also cultivates only conventional knowledge in the future.
['T27n1545_107:0553b25_6']	是謂此處略毘婆沙。	是謂此處略毘婆沙。	This is the brief explanation of this matter.
['T27n1545_107:0553b26_8']	若修法智亦類智耶。	若修法智亦類智耶。	If one cultivates the knowledge of dharmas, does one also cultivate the knowledge of species?
['T27n1545_107:0553b26_14']	答應作四句。	答應作四句。	The answer is: one should make four alternatives.
['T27n1545_107:0553b27_8']	義不定故有修法智非類智。	義不定故有修法智非類智。	Because the meaning is not definite, there is cultivation of the knowledge of dharmas but not the knowledge of species.
['T27n1545_107:0553b28_3']	謂入現觀苦集滅道法智時。	謂入現觀苦集滅道法智時。	That is to say, when entering the realization of the knowledge of dharmas of suffering, accumulation, cessation, and path,
['T27n1545_107:0553b28_10']	學見迹阿羅漢。	學見迹阿羅漢。	the arhat who has seen the traces of learning,
['T27n1545_107:0553b29_1']	已得法智現在前時。	已得法智現在前時。	when the knowledge of dharmas is present,
['T27n1545_107:0553b29_15']	此中入現觀苦集滅道法智時者。	此中入現觀苦集滅道法智時者。	Among them, when entering the realization of the knowledge of dharmas of suffering, accumulation, cessation, and path,
['T27n1545_107:0553c01_5']	謂見道中四法智時。	謂見道中四法智時。	that is to say, when the four knowledges of dharmas in the path of seeing,
['T27n1545_107:0553c01_14']	唯修法智不修類智。	唯修法智不修類智。	one only cultivates the knowledge of dharmas and does not cultivate the knowledge of species.
['T27n1545_107:0553c02_1']	所以者何。	所以者何。	Why is it so?
['T27n1545_107:0553c02_16']	以見道中若如是功德現在修未來。	以見道中若如是功德現在修未來。	In the path of seeing, if these merits are cultivated in the present and future,
['T27n1545_107:0553c03_11']	即修如是功德法智現在前時。	即修如是功德法智現在前時。	when the merit of Dharma knowledge is present,
['T27n1545_107:0553c04_2']	唯修未來法智品。	唯修未來法智品。	only future Dharma knowledge is cultivated.
['T27n1545_107:0553c04_9']	類智現在前時。	類智現在前時。	When the merit of subsequent knowledge is present,
['T27n1545_107:0553c05_5']	唯修未來類智品故學見迹阿羅漢。	唯修未來類智品故學見迹阿羅漢。	only future subsequent knowledge is cultivated. Learners who have seen the traces and arhats,
['T27n1545_107:0553c05_15']	已得法智現在前時者。	已得法智現在前時者。	when the knowledge of dharmas that has already been attained is present,
['T27n1545_107:0553c06_9']	學謂預流一來不還補特伽羅。	學謂預流一來不還補特伽羅。	learners refer to the individuals of stream-enterer, once-returner, and non-returner.
['T27n1545_107:0553c06_15']	迹謂四聖諦。	迹謂四聖諦。	Traces refer to the four noble truths.
['T27n1545_107:0553c07_12']	以無漏慧已具見四諦迹故名學見迹。	以無漏慧已具見四諦迹故名學見迹。	Because they have already seen the traces of the four truths with uncontaminated wisdom, they are called learners who have seen the traces.
['T27n1545_107:0553c08_7']	阿羅漢者謂慧解脫或俱解脫。	阿羅漢者謂慧解脫或俱解脫。	Arhats refer to those liberated by wisdom or those liberated in both ways.
['T27n1545_107:0553c09_6']	此學無學已得法智現在前時唯修法智。	此學無學已得法智現在前時唯修法智。	When these learners and non-learners have the knowledge of dharmas that has already been attained present, they only cultivate the knowledge of dharmas.
['T27n1545_107:0553c09_15']	是習修故不修類智。	是習修故不修類智。	Because it is habitual cultivation, they do not cultivate subsequent knowledge.
['T27n1545_107:0553c10_2']	所以者何。	所以者何。	Why is this?
['T27n1545_107:0553c10_11']	以曾得法現在前時。	以曾得法現在前時。	When the knowledge of dharmas that has already been attained is present,
['T27n1545_107:0553c11_5']	勢力羸劣尚不能及第二剎那。	勢力羸劣尚不能及第二剎那。	its power is weak and cannot even reach the second moment,
['T27n1545_107:0553c11_14']	況能修餘未來遠者。	況能修餘未來遠者。	let alone be able to cultivate the other distant future ones.
['T27n1545_107:0553c12_4']	有修類智非法智。	有修類智非法智。	There is cultivation of subsequent cognition but not of dharma cognition.
['T27n1545_107:0553c12_15']	謂入現觀苦集滅類智時。	謂入現觀苦集滅類智時。	This refers to when one enters the realization of the cognition of suffering, origin, and cessation.
['T27n1545_107:0553c13_4']	學見迹阿羅漢。	學見迹阿羅漢。	A learner who has attained the state of a non-returner and an arhat.
['T27n1545_107:0553c14_7']	已得類智現在前時此中入現觀苦集滅類智時者。	已得類智現在前時此中入現觀苦集滅類智時者。	As for when one enters the realization of the cognition of suffering, origin, and cessation,
['T27n1545_107:0553c14_16']	謂見道中三類智時。	謂見道中三類智時。	this refers to when one attains the three subsequent cognitions in the path of seeing.
['T27n1545_107:0553c15_7']	唯修類智不修法智。	唯修類智不修法智。	One only cultivates subsequent cognition and does not cultivate dharma cognition.
['T27n1545_107:0553c15_12']	義如前說。	義如前說。	The meaning is as explained above.
['T27n1545_107:0553c16_1', 'T27n1545_107:0553c16_11']	學見迹阿羅漢。🔽已得類智現在前時者。	學見迹阿羅漢。 已得類智現在前時者。	A learner who has attained the state of a non-returner and an arhat.🔽As for when the subsequent cognition is present,
['T27n1545_107:0553c17_6']	謂學無學曾得類智現在前時。	謂學無學曾得類智現在前時。	this refers to when the learner and post-learner who have previously attained the subsequent cognition have it present.
['T27n1545_107:0553c17_15']	唯修類智不修法智。	唯修類智不修法智。	One only cultivates subsequent cognition and does not cultivate dharma cognition.
['T27n1545_107:0553c18_2']	義如前說。	義如前說。	The meaning is as explained above.
['T27n1545_107:0553c18_6']	有俱修。	有俱修。	There is cultivation of both.
['T27n1545_107:0553c18_15']	謂入現觀道類智時。	謂入現觀道類智時。	This refers to when one enters the realization of the cognition of the path.
['T27n1545_107:0553c19_3', 'T27n1545_107:0553c19_13']	學見迹阿羅漢。🔽未得無漏智現在前時。	學見迹阿羅漢。 未得無漏智現在前時。	A learner who has attained the state of a non-returner and an arhat.🔽When a previously unattained pure cognition is present.
['T27n1545_107:0553c20_4']	未得世俗智現在前。	未得世俗智現在前。	When a previously unattained conventional cognition is present.
['T27n1545_107:0553c20_9', 'T27n1545_107:0553c21_2']	能俱修時。🔽此中入現觀道類智時者。	能俱修時。 此中入現觀道類智時者。	When one is able to cultivate both.🔽As for when one enters the realization of the cognition of the path,
['T27n1545_107:0553c21_11']	謂見道後道類智時。	謂見道後道類智時。	this refers to when one attains the cognition of the path in the path of seeing.
['T27n1545_107:0553c21_16']	能修法智。	能修法智。	One who cultivates the knowledge of dharmas
['T27n1545_107:0553c22_2']	亦修類智。	亦修類智。	also cultivates the knowledge of subsequent cognition.
['T27n1545_107:0553c22_11']	由此位中捨曾得道。	由此位中捨曾得道。	Because in this stage one abandons the previously attained path
['T27n1545_107:0553c22_17']	得未曾得道。	得未曾得道。	and attains the previously unattained path.
['T27n1545_107:0553c23_5']	證結斷一味得。	證結斷一味得。	One realizes the single flavor of the severance of bonds.
['T27n1545_107:0553c23_10']	頓得八智。	頓得八智。	One suddenly attains the eight knowledges.
['T27n1545_107:0553c24_1']	俱時修十六行相故。	俱時修十六行相故。	Because one simultaneously cultivates the sixteen aspects.
['T27n1545_107:0553c24_8']	學見迹阿羅漢。	學見迹阿羅漢。	The arhat who has seen the traces of learning
['T27n1545_107:0553c25_1']	未得無漏智現在前時者。	未得無漏智現在前時者。	when the presently manifested knowledge of the non-outflow has not yet been attained.
['T27n1545_107:0553c25_13']	謂有學位以無漏道離欲染。	謂有學位以無漏道離欲染。	It refers to the stage of learning, using the non-outflow path to separate from the defilements of desire.
['T27n1545_107:0553c26_2']	若無漏作加行。	若無漏作加行。	If one makes preparations with the non-outflow,
['T27n1545_107:0553c26_16']	彼加行道九無間道九解脫道時。	彼加行道九無間道九解脫道時。	at the time of the nine uninterrupted paths and nine paths of liberation of the path of preparation,
['T27n1545_107:0553c27_7']	乃至離無所有處染時。	乃至離無所有處染時。	up to the time of separating from the defilements of the sphere of nothingness,
['T27n1545_107:0553c27_10']	亦爾。	亦爾。	it is also like this.
['T27n1545_107:0553c28_7']	離非想非非想處染若無漏作加行。	離非想非非想處染若無漏作加行。	Separating from the defilements of the sphere of neither-perception-nor-non-perception, if one makes preparations with the non-outflow,
['T27n1545_107:0553c29_3']	彼加行道九無間道八解脫道時。	彼加行道九無間道八解脫道時。	at the time of the nine uninterrupted paths and eight paths of liberation of the path of preparation,
['T27n1545_107:0553c29_12']	信勝解練根作見至。	信勝解練根作見至。	the faith-liberated one sharpens the faculties to become the view-attained one.
['T27n1545_107:0554a01_1']	若無漏作加行。	若無漏作加行。	If one makes preparations with the non-outflow,
['T27n1545_107:0554a01_13']	彼加行道無間道解脫道時。	彼加行道無間道解脫道時。	at the time of the path of preparation, uninterrupted path, and path of liberation,
['T27n1545_107:0554a02_3']	雜修靜慮初後心時。	雜修靜慮初後心時。	at the time of the first and last minds of the mixed cultivation of the meditative absorptions,
['T27n1545_107:0554a03_1']	起無漏他心智無漏念住無漏解脫時。	起無漏他心智無漏念住無漏解脫時。	When arising from the uncontaminated knowledge of others' minds, the uncontaminated mindfulness of dharmas, and the uncontaminated liberation,
['T27n1545_107:0554a03_16']	如是等學位未得無漏智現在前時。	如是等學位未得無漏智現在前時。	in this way, when the uncontaminated knowledge that has not yet been attained manifests in the stage of training,
['T27n1545_107:0554a04_3']	能修法智。	能修法智。	one is able to cultivate the knowledge of dharmas.
['T27n1545_107:0554a04_8']	亦修類智。	亦修類智。	One also cultivates the knowledge of species.
['T27n1545_107:0554a05_9']	若無學位離非想非非想處染第九解脫道時。	若無學位離非想非非想處染第九解脫道時。	If in the stage of no-more-training, one is free from the defilements of the sphere of neither-perception-nor-non-perception, in the ninth path of liberation,
['T27n1545_107:0554a05_18']	時解脫練根作不動。	時解脫練根作不動。	if one of time liberation sharpens the faculties to become unshakable,
['T27n1545_107:0554a06_6']	若無漏作加行。	若無漏作加行。	if one makes uncontaminated preparations,
['T27n1545_107:0554a07_10']	彼加行道九無間道九解脫道時雜修靜慮初後心時。	彼加行道九無間道九解脫道時雜修靜慮初後心時。	in the nine uninterrupted paths and nine paths of liberation of those preparations, in the first and last moments of the various cultivations of the meditative absorptions,
['T27n1545_107:0554a08_13']	起無漏他心智無漏念住無漏無礙解無漏解脫時。	起無漏他心智無漏念住無漏無礙解無漏解脫時。	when arising from the uncontaminated knowledge of others' minds, the uncontaminated mindfulness of dharmas, the uncontaminated unobstructed understanding, and the uncontaminated liberation,
['T27n1545_107:0554a09_11']	如是等無學位未得無漏智現在前時。	如是等無學位未得無漏智現在前時。	in this way, when the uncontaminated knowledge that has not yet been attained manifests in the stage of no-more-training,
['T27n1545_107:0554a09_16']	能修法智。	能修法智。	one is able to cultivate the knowledge of dharmas.
['T27n1545_107:0554a10_3']	亦修類智。	亦修類智。	One also cultivates the knowledge of species.
['T27n1545_107:0554a10_17']	未得世俗智現在前能俱修時者。	未得世俗智現在前能俱修時者。	As for when one is able to cultivate both simultaneously when the conventional knowledge that has not yet been attained manifests,
['T27n1545_107:0554a11_10']	謂學位以世俗道離欲染。	謂學位以世俗道離欲染。	it refers to when in the stage of training, one is free from the defilements of desire using the conventional path,
['T27n1545_107:0554a11_17']	若世俗作加行。	若世俗作加行。	if one makes conventional preparations,
['T27n1545_107:0554a12_13']	彼加行道九無間道九解脫道時。	彼加行道九無間道九解脫道時。	When in the nine uninterrupted paths and nine paths of liberation of the path of preparation,
['T27n1545_107:0554a13_7']	乃至離無所有處染時亦爾。	乃至離無所有處染時亦爾。	up to when free from the attachment of the sphere of nothingness, it is also like this.
['T27n1545_107:0554a13_16']	離非想非非想處染。	離非想非非想處染。	When free from the attachment of the sphere of neither-perception-nor-non-perception,
['T27n1545_107:0554a14_5']	若世俗作加行。	若世俗作加行。	if using worldly [paths] to make preparations,
['T27n1545_107:0554a14_11']	彼加行道時。	彼加行道時。	when in the path of preparation,
['T27n1545_107:0554a15_1']	信勝解練根作見至。	信勝解練根作見至。	if a faith-liberated one sharpens their faculties to become a view-attainer,
['T27n1545_107:0554a15_8']	若世俗作加行。	若世俗作加行。	if using worldly [paths] to make preparations,
['T27n1545_107:0554a15_14']	彼加行道時。	彼加行道時。	when in the path of preparation,
['T27n1545_107:0554a16_3']	雜修靜慮中間心時。	雜修靜慮中間心時。	when in the intermediate mind of the mixed cultivation of the meditative absorptions,
['T27n1545_107:0554a17_3']	引發五通諸加行道五無間道三解脫道時。	引發五通諸加行道五無間道三解脫道時。	when in the paths of preparation, uninterrupted paths, and three paths of liberation of the various [attainments] of the five higher knowledges,
['T27n1545_107:0554a18_16']	起四無量世俗解脫勝處遍處不淨觀持息念世俗念住入滅定想微細心時。	起四無量世俗解脫勝處遍處不淨觀持息念世俗念住入滅定想微細心時。	when giving rise to the four immeasurables, worldly liberations, mastery of the sense bases, the perception of impurity, mindfulness of breathing, worldly applications of mindfulness, entering the concentration of cessation, and subtle minds,
['T27n1545_107:0554a19_11']	若無學位時解脫練根作不動。	若無學位時解脫練根作不動。	if in the stage of no-more-learning, a temporarily liberated one sharpens their faculties to become unshakable,
['T27n1545_107:0554a19_18']	若世俗作加行。	若世俗作加行。	if using worldly [paths] to make preparations,
['T27n1545_107:0554a20_5']	彼加行道時。	彼加行道時。	when in the path of preparation,
['T27n1545_107:0554a20_14']	雜修靜慮中間心時。	雜修靜慮中間心時。	when in the intermediate mind of the mixed cultivation of the meditative absorptions,
['T27n1545_107:0554a21_13']	引發五通諸加行道五無間道三解脫道時。	引發五通諸加行道五無間道三解脫道時。	when in the paths of preparation, uninterrupted paths, and three paths of liberation of the various [attainments] of the five higher knowledges,
['T27n1545_107:0554a24_9']	起四無量世俗解脫勝處遍處世俗念住世俗無礙解無諍願智邊際定空空無願無願無相無相三摩地入滅定想微細心時。	起四無量世俗解脫勝處遍處世俗念住世俗無礙解無諍願智邊際定空空無願無願無相無相三摩地入滅定想微細心時。	When giving rise to the four immeasurables, conventional liberation, mastery, pervading, conventional mindfulness, conventional unobstructed understanding, non-conflict, knowledge of others' minds, ultimate concentration, emptiness of emptiness, wishlessness of wishlessness, signlessness of signlessness, samādhi, entering the concentration of cessation, subtle thought of conceptualization,
['T27n1545_107:0554a24_17']	如是等學無學位。	如是等學無學位。	such as these, in the state of learning and no-learning,
['T27n1545_107:0554a25_8']	未得世俗智現在前時。	未得世俗智現在前時。	when conventional knowledge has not yet been attained and is present,
['T27n1545_107:0554a25_17']	能修未來法智類智。	能修未來法智類智。	one is able to cultivate future knowledge of dharmas and inferential knowledge.
['T27n1545_107:0554a26_4']	有俱不修。	有俱不修。	There are those who do not cultivate both.
['T27n1545_107:0554a26_12']	謂學見迹阿羅漢。	謂學見迹阿羅漢。	Namely, learners who have seen the traces and arhats,
['T27n1545_107:0554a27_3']	已得世俗智現在前時。	已得世俗智現在前時。	when conventional knowledge that has already been attained is present,
['T27n1545_107:0554a27_16']	未得世俗智現在前俱不修時。	未得世俗智現在前俱不修時。	when conventional knowledge that has not yet been attained is present, both are not cultivated,
['T27n1545_107:0554a29_3']	一切異生染污心無記心無想定滅定無想天無漏忍時。	一切異生染污心無記心無想定滅定無想天無漏忍時。	in the minds of all ordinary beings, in defiled minds, in indeterminate minds, in the concentration of non-perception, in the concentration of cessation, in the heaven of non-perception, in the acceptance of the absence of outflows,
['T27n1545_107:0554b01_4']	此中學見迹阿羅漢已得世俗智現在前時者。	此中學見迹阿羅漢已得世俗智現在前時者。	Here, when learners who have seen the traces and arhats have conventional knowledge that has already been attained present,
['T27n1545_107:0554b02_2']	謂有學無學位已得世俗智現在前時。	謂有學無學位已得世俗智現在前時。	it refers to when learners and those beyond learning have conventional knowledge that has already been attained present.
['T27n1545_107:0554b03_2']	勢力羸劣尚不能修未來自類有漏功德。	勢力羸劣尚不能修未來自類有漏功德。	Their power is weak and they are still unable to cultivate their own future contaminated qualities.
['T27n1545_107:0554b03_13']	況能修異類法智類智品。	況能修異類法智類智品。	how much less so the various kinds of knowledge of dharmas and inferential knowledge.
['T27n1545_107:0554b04_9']	未得世俗智現在前俱不修時者。	未得世俗智現在前俱不修時者。	When one who has not yet attained conventional knowledge is not cultivating it when it is present,
['T27n1545_107:0554b05_8']	謂即有學無學位未曾得聞思所成慧。	謂即有學無學位未曾得聞思所成慧。	it refers to the state of learners and post-learners who have not yet attained the wisdom born of hearing and contemplation.
['T27n1545_107:0554b06_2']	及入滅定微微心現在前時。	及入滅定微微心現在前時。	And when entering the concentration of cessation, the mind of subtle and subtle [thought] is present,
['T27n1545_107:0554b06_11']	皆不能修法智類智。	皆不能修法智類智。	one is not able to cultivate knowledge of dharmas and inferential knowledge.
['T27n1545_107:0554b06_17']	一切異生者。	一切異生者。	All ordinary beings,
['T27n1545_107:0554b07_15']	謂異生位諸有心時皆不能修法智類智。	謂異生位諸有心時皆不能修法智類智。	it refers to when ordinary beings have a mind in any state, they are not able to cultivate knowledge of dharmas and inferential knowledge.
['T27n1545_107:0554b08_6']	此非異生所修法故。	此非異生所修法故。	Because this is not the dharma cultivated by ordinary beings.
['T27n1545_107:0554b08_11']	染污心者。	染污心者。	A defiled mind,
['T27n1545_107:0554b09_6']	謂諸聖者諸染污心現在前時。	謂諸聖者諸染污心現在前時。	it refers to when the defiled minds of noble ones are present,
['T27n1545_107:0554b09_15']	皆不能修法智類智。	皆不能修法智類智。	they are not able to cultivate knowledge of dharmas and inferential knowledge.
['T27n1545_107:0554b10_14']	以染污心是順退分其性沈重懈怠相應。	以染污心是順退分其性沈重懈怠相應。	Because defiled minds are conducive to retrogression, their nature is heavy and associated with laziness.
['T27n1545_107:0554b11_1']	自尚非修。	自尚非修。	They themselves are not cultivating,
['T27n1545_107:0554b11_10']	況能修他無漏功德。	況能修他無漏功德。	how much less so can they cultivate the pure qualities of others.
['T27n1545_107:0554b12_10']	要順勝分其性輕妙精進相應心方能修善故。	要順勝分其性輕妙精進相應心方能修善故。	Only a mind that is conducive to the superior division, whose nature is light and subtle, and associated with vigor, is able to cultivate goodness.
['T27n1545_107:0554b12_15']	無記心者。	無記心者。	A neutral mind,
['T27n1545_107:0554b13_9']	謂諸聖者諸無記心現在前時。	謂諸聖者諸無記心現在前時。	That is, when the minds of the noble ones are present as indeterminate,
['T27n1545_107:0554b14_1']	皆不能修法智類智。	皆不能修法智類智。	they are all unable to cultivate Dharma knowledge and inferential knowledge.
['T27n1545_107:0554b14_14']	以無記心卑下羸劣如腐種子。	以無記心卑下羸劣如腐種子。	Because indeterminate minds are lowly and weak, like rotten seeds.
['T27n1545_107:0554b15_1']	自尚非修。	自尚非修。	They themselves are not cultivated,
['T27n1545_107:0554b15_10']	況能修他無漏功德。	況能修他無漏功德。	let alone able to cultivate the pure qualities of others.
['T27n1545_107:0554b16_1']	要堅勝心能修功德。	要堅勝心能修功德。	Only a firm and superior mind can cultivate merits.
['T27n1545_107:0554b16_8']	無想定滅定者。	無想定滅定者。	The attainment of non-perception and the attainment of cessation.
['T27n1545_107:0554b17_1']	謂住無想定及住滅定時。	謂住無想定及住滅定時。	That is, when abiding in the attainment of non-perception and abiding in the attainment of cessation,
['T27n1545_107:0554b17_10']	俱不能修法智類智。	俱不能修法智類智。	both are unable to cultivate Dharma knowledge and inferential knowledge.
['T27n1545_107:0554b18_1']	要有心位方有所修。	要有心位方有所修。	Only when there is a mind can there be cultivation.
['T27n1545_107:0554b18_10']	無心位中不能修故。	無心位中不能修故。	Because in a mindless state one is unable to cultivate.
['T27n1545_107:0554b18_15']	無想天者。	無想天者。	The heaven of non-perception.
['T27n1545_107:0554b18_18']	有說。	有說。	Some say:
['T27n1545_107:0554b19_9']	生彼於一切時不起善心。	生彼於一切時不起善心。	When born there, one never arouses a wholesome mind at any time.
['T27n1545_107:0554b20_2']	故不能修法智類智。	故不能修法智類智。	Therefore, one is unable to cultivate Dharma knowledge and inferential knowledge.
['T27n1545_107:0554b20_5']	有說。	有說。	Some say:
['T27n1545_107:0554b20_12']	生彼雖起善心。	生彼雖起善心。	Although one arouses a wholesome mind when born there,
['T27n1545_107:0554b21_3']	而不能修加行善法。	而不能修加行善法。	one is unable to cultivate the wholesome dharmas of practice.
['T27n1545_107:0554b21_12']	以彼唯起生得善故。	以彼唯起生得善故。	Because one only arouses the wholesome dharmas obtained by birth.
['T27n1545_107:0554b22_4']	尚不能修加行有漏。	尚不能修加行有漏。	One is not even able to cultivate the contaminated [wholesome dharmas] of practice,
['T27n1545_107:0554b22_13']	況法類智彼豈能修。	況法類智彼豈能修。	let alone able to cultivate Dharma knowledge and inferential knowledge. How could one be able to cultivate them?
['T27n1545_107:0554b22_19']	無漏忍時者。	無漏忍時者。	At the time of undefiled patience,
['T27n1545_107:0554b23_13']	謂見道中八無漏忍時不能修智。	謂見道中八無漏忍時不能修智。	it means that in the path of seeing, the eight undefiled patiences cannot cultivate wisdom.
['T27n1545_107:0554b24_4']	爾時唯修自類功德。	爾時唯修自類功德。	At that time, one only cultivates one's own kind of merits,
['T27n1545_107:0554b24_9']	非他類故。	非他類故。	not the merits of other kinds.
['T27n1545_107:0554b25_11']	問何故已得善法現在前時。	問何故已得善法現在前時。	Why, when one has already attained wholesome dharmas and they are present,
['T27n1545_107:0554b26_5']	不能修餘未來諸善功德。	不能修餘未來諸善功德。	can one not cultivate other future wholesome merits?
['T27n1545_107:0554b26_11', 'T27n1545_107:0554b26_16']	答作用劣故。🔽已受用故。	答作用劣故。 已受用故。	The answer is: because their function is inferior,🔽because they have already been enjoyed,
['T27n1545_107:0554b27_1']	已作事故。	已作事故。	because they have already been accomplished,
['T27n1545_107:0554b27_6']	已與果故。	已與果故。	and because they have already given their fruit.
['T27n1545_107:0554b27_17']	復次已修已息無勢用故。	復次已修已息無勢用故。	Moreover, because what has already been cultivated and what has already ceased have no power.
['T27n1545_107:0554b28_9']	復次起已得法現在前時。	復次起已得法現在前時。	Moreover, when the dharmas that have already been attained arise and are present,
['T27n1545_107:0554b28_18']	前已得修今復習修。	前已得修今復習修。	what has already been attained and cultivated is now cultivated again.
['T27n1545_107:0554b29_12']	二修歷世但有損減更無增益。	二修歷世但有損減更無增益。	The two cultivations of past and future only have loss and no increase.
['T27n1545_107:0554c01_4']	豈能更修未曾得善。	豈能更修未曾得善。	How can one further cultivate the wholesome that has not yet been attained?
['T27n1545_107:0554c01_13']	如人食用先所集財。	如人食用先所集財。	It is like a person using the wealth that has already been accumulated.
['T27n1545_107:0554c02_4']	但有損減更無增益。	但有損減更無增益。	There is only loss and no increase.
['T27n1545_107:0554c02_13']	豈名更集未曾集財。	豈名更集未曾集財。	How can it be called further accumulating wealth that has not yet been accumulated?
['T27n1545_107:0554c03_6']	復次若多用功所起善法。	復次若多用功所起善法。	Moreover, if wholesome dharmas that arise through much effort
['T27n1545_107:0554c03_15']	能修未來諸餘善法。	能修未來諸餘善法。	can cultivate other future wholesome dharmas,
['T27n1545_107:0554c04_11']	起已得善現在前時不多用功故。	起已得善現在前時不多用功故。	Because when the wholesome [mind] obtained through preparatory effort is present, it is not necessary to expend much effort.
['T27n1545_107:0554c05_2']	不能修未來善法。	不能修未來善法。	Therefore, one cannot cultivate future wholesome dharmas.
['T27n1545_107:0554c05_13']	復次若已得善現在前時。	復次若已得善現在前時。	Moreover, if when the wholesome [mind] obtained through preparatory effort is present,
['T27n1545_107:0554c06_4']	能修未來諸善法者。	能修未來諸善法者。	one can cultivate future wholesome dharmas,
['T27n1545_107:0554c06_13']	世尊將欲入涅槃時。	世尊將欲入涅槃時。	then when the World-Honored One was about to enter nirvana,
['T27n1545_107:0554c07_4']	次第入諸靜慮等至。	次第入諸靜慮等至。	he sequentially entered various meditative absorptions and samādhis,
['T27n1545_107:0554c07_13']	亦應能修未來功德。	亦應能修未來功德。	he should also have been able to cultivate future merits.
['T27n1545_107:0554c08_4']	世尊現起初盡智時。	世尊現起初盡智時。	When the World-Honored One first gave rise to the knowledge of destruction,
['T27n1545_107:0554c08_13']	已具得修一切功德。	已具得修一切功德。	he had already fully attained the cultivation of all merits.
['T27n1545_107:0554c09_4']	今若更修前應未得。	今若更修前應未得。	If he now cultivated them again, he should not have attained them before.
['T27n1545_107:0554c09_13']	若爾前位功德未滿。	若爾前位功德未滿。	If so, then the merits of the previous stage were not yet complete.
['T27n1545_107:0554c10_4']	初成佛時應非究竟。	初成佛時應非究竟。	When he first became a Buddha, he should not have been ultimate,
['T27n1545_107:0554c10_13']	證得無上正等菩提。	證得無上正等菩提。	realizing supreme perfect enlightenment.
['T27n1545_107:0554c11_1']	勿有此失故。	勿有此失故。	Do not make this mistake!
['T27n1545_107:0554c11_9']	已得善現在前時。	已得善現在前時。	Therefore, when the wholesome [mind] obtained through preparatory effort is present,
['T27n1545_107:0554c12_1']	定不能修未來善法。	定不能修未來善法。	one definitely cannot cultivate future wholesome dharmas.
['T27n1545_107:0554c12_10']	餘修智義如文廣說。	餘修智義如文廣說。	The meaning of cultivating the other knowledges is explained in detail in the text.
['T27n1545_107:0554c13_1']	准前方隅應知其相。	准前方隅應知其相。	According to the previous section, one should know its characteristics.
['T27n1545_107:0554c14_6']	法智乃至道智。	法智乃至道智。	The knowledge of dharmas up to the knowledge of the path,
['T27n1545_107:0554c14_17']	於八智中一一緣幾智耶。	於八智中一一緣幾智耶。	Among the eight knowledges, how many knowledges does each one take as its object?
['T27n1545_107:0554c15_6']	問何故作此論。	問何故作此論。	Why does this treatise ask this question?
['T27n1545_107:0554c15_16']	答為止他宗顯正理故。	答為止他宗顯正理故。	The answer is: in order to refute other schools and reveal the correct principle.
['T27n1545_107:0554c16_3']	謂或有說。	謂或有說。	This means that some say:
['T27n1545_107:0554c16_12']	諸所緣緣非實有體。	諸所緣緣非實有體。	all objects of cognition do not actually exist.
['T27n1545_107:0554c17_11']	為遮彼執顯所緣緣實有自體故作斯論。	為遮彼執顯所緣緣實有自體故作斯論。	In order to refute this view and show that objects of cognition actually have their own substance, this treatise is composed.
['T27n1545_107:0554c18_1']	答法智緣七智。	答法智緣七智。	The answer is: the knowledge of dharmas takes seven knowledges as its object,
['T27n1545_107:0554c18_5']	除類智。	除類智。	excluding the knowledge of subsequent cognition.
['T27n1545_107:0554c18_11']	類智緣七智。	類智緣七智。	The knowledge of subsequent cognition takes seven knowledges as its object,
['T27n1545_107:0554c18_15']	除法智。	除法智。	excluding the knowledge of dharmas.
['T27n1545_107:0554c19_8']	所以者何法智緣下類智緣上。	所以者何法智緣下類智緣上。	Why is this so? The knowledge of dharmas takes lower [realms] as its object, while the knowledge of subsequent cognition takes higher [realms] as its object.
['T27n1545_107:0554c19_13']	故不相緣。	故不相緣。	Therefore, they do not take each other as objects.
['T27n1545_107:0554c20_9']	如有二人同住一處一人觀地。	如有二人同住一處一人觀地。	It is like two people living in the same place, one person looking at the ground,
['T27n1545_107:0554c20_14']	一人觀空。	一人觀空。	one person looking at the sky.
['T27n1545_107:0554c21_5']	如是二人不相見面。	如是二人不相見面。	These two people do not see each other's faces.
['T27n1545_107:0554c21_17']	他心智世俗智俱緣八智者。	他心智世俗智俱緣八智者。	The knowledge of others' minds and conventional knowledge both take eight knowledges as their objects.
['T27n1545_107:0554c22_10']	此二總能緣心心所法故。	此二總能緣心心所法故。	This is because these two can generally take the mind and mental factors as their objects.
['T27n1545_107:0554c23_1']	苦智集智俱緣二智。	苦智集智俱緣二智。	The knowledge of suffering and the knowledge of the origin both take two knowledges as their objects,
['T27n1545_107:0554c23_9']	謂他心世俗智者。	謂他心世俗智者。	namely the knowledge of others' minds and conventional knowledge.
['T27n1545_107:0554c24_1']	此二唯能緣有漏心品故。	此二唯能緣有漏心品故。	This is because these two can only take defiled classes of mind as their objects.
['T27n1545_107:0554c24_12']	滅智不緣智者緣無為故。	滅智不緣智者緣無為故。	The knowledge of cessation does not take knowledge as its object because it takes the unconditioned as its object.
['T27n1545_107:0554c25_5']	道智緣七智除世俗智者。	道智緣七智除世俗智者。	The knowledge of the path takes seven knowledges as its object, excluding conventional knowledge.
['T27n1545_107:0554c25_10']	緣道諦故。	緣道諦故。	Because it takes the truth of the path as its object.
['T27n1545_107:0554c26_2']	有餘於此別作問言。	有餘於此別作問言。	The remaining [knowledge] makes a separate question here, saying:
['T27n1545_107:0554c26_9']	法智乃至道智。	法智乃至道智。	The knowledge of dharmas up to the knowledge of the path,
['T27n1545_107:0554c27_1']	於八智中一一幾智緣耶。	於八智中一一幾智緣耶。	in the eight knowledges, how many knowledges does each take as its object?
['T27n1545_107:0554c27_6']	即自答言。	即自答言。	It then answers itself, saying:
['T27n1545_107:0554c27_12']	法智四智緣。	法智四智緣。	The knowledge of dharmas takes four knowledges as its object,
['T27n1545_107:0554c27_19']	除類苦集滅智。	除類苦集滅智。	excluding the knowledge of subsequent, suffering, accumulation, and cessation.
['T27n1545_107:0554c28_5']	類智四智緣。	類智四智緣。	The knowledge of subsequent takes four knowledges as its object,
['T27n1545_107:0554c28_12']	除法苦集滅智。	除法苦集滅智。	excluding the knowledge of dharmas, suffering, accumulation, and cessation.
['T27n1545_107:0554c28_19']	他心智七智緣。	他心智七智緣。	The knowledge of others' minds takes seven knowledges as its object,
['T27n1545_107:0554c29_3']	除滅智。	除滅智。	excluding the knowledge of cessation.
['T27n1545_107:0554c29_10']	世俗智六智緣。	世俗智六智緣。	Conventional knowledge takes six knowledges as its object,
['T27n1545_107:0554c29_15']	除滅道智。	除滅道智。	excluding the knowledge of cessation and the path.
['T27n1545_107:0555a01_4']	苦集滅道智五智緣。	苦集滅道智五智緣。	The knowledge of suffering, accumulation, cessation, and the path take five knowledges as their object,
['T27n1545_107:0555a01_10']	除苦集滅智。	除苦集滅智。	excluding the knowledge of suffering, accumulation, and cessation.
['T27n1545_107:0555a02_6']	法智乃至道智自他相望為幾緣耶。	法智乃至道智自他相望為幾緣耶。	The knowledge of dharmas up to the knowledge of the path, in mutual comparison, how many conditions are there?
['T27n1545_107:0555a02_13']	問何故作此論。	問何故作此論。	Question: Why does this treatise make this discussion?
['T27n1545_107:0555a03_5']	答為止他宗顯正理故。	答為止他宗顯正理故。	Answer: In order to stop other schools and reveal the correct principle.
['T27n1545_107:0555a03_14']	謂或有執緣無實體。	謂或有執緣無實體。	That is to say, some hold that conditions do not have real substance.
['T27n1545_107:0555a04_14']	為遮彼意欲顯四緣實有自體故作斯論。	為遮彼意欲顯四緣實有自體故作斯論。	In order to refute this view and to show that the four conditions really have their own substance, this treatise is composed.
['T27n1545_107:0555a05_7']	答法智與法智為四緣。	答法智與法智為四緣。	The answer is: Dharma cognition is the four conditions for dharma cognition.
['T27n1545_107:0555a05_12']	乃至廣說。	乃至廣說。	And so on, it is explained in detail.
['T27n1545_107:0555a06_12']	問何故此中與前結蘊不善納息所說有異。	問何故此中與前結蘊不善納息所說有異。	Why is there a difference here from what is said in the Unskillful Chapter of the Aggregates?
['T27n1545_107:0555a07_7']	謂此中說法智與法智為四緣。	謂此中說法智與法智為四緣。	Here it is said that dharma cognition is the four conditions for dharma cognition.
['T27n1545_107:0555a08_11']	不善納息說有身見與有身見或為四三二一緣耶。	不善納息說有身見與有身見或為四三二一緣耶。	In the Unskillful Chapter, it is said that the view of self is either the four, three, two, or one condition for the view of self.
['T27n1545_107:0555a09_4']	答如此中說彼亦應爾。	答如此中說彼亦應爾。	The answer is: As it is said here, it should also be so there.
['T27n1545_107:0555a09_13']	如彼所說此亦應爾。	如彼所說此亦應爾。	As it is said there, it should also be so here.
['T27n1545_107:0555a10_12']	但為顯示異相異文令受持者生欣樂故。	但為顯示異相異文令受持者生欣樂故。	But in order to show the differences in meaning and wording and to cause those who uphold it to give rise to joy,
['T27n1545_107:0555a12_5']	復次欲現二門二略二影二梯二隥二明二炬令知所說更相顯故。	復次欲現二門二略二影二梯二隥二明二炬令知所說更相顯故。	Furthermore, in order to show two doors, two summaries, two shadows, two ladders, two steps, two lights, and two torches, and to make it known that what is said mutually illuminates each other,
['T27n1545_107:0555a12_13']	復次彼說是了義。	復次彼說是了義。	Furthermore, that is the definitive meaning.
['T27n1545_107:0555a13_1']	此說非了義。	此說非了義。	This is not the definitive meaning.
['T27n1545_107:0555a13_7']	彼說無別意。	彼說無別意。	That is said without a separate intention.
['T27n1545_107:0555a13_13']	此說有別意。	此說有別意。	This is said with a separate intention.
['T27n1545_107:0555a13_19']	彼說無別緣。	彼說無別緣。	That is said without a separate condition.
['T27n1545_107:0555a14_5']	此說有別緣。	此說有別緣。	This is said to have a separate condition.
['T27n1545_107:0555a14_11']	彼說依勝義。	彼說依勝義。	That is said to depend on ultimate truth.
['T27n1545_107:0555a14_17']	此說依世俗。	此說依世俗。	This is said to depend on conventional truth.
['T27n1545_107:0555a15_9', 'T27n1545_107:0555a15_14']	復次彼依四種差別而說。🔽謂界差別。	復次彼依四種差別而說。 謂界差別。	Moreover, that is said to depend on four kinds of distinctions.🔽Namely, distinctions in realms.
['T27n1545_107:0555a15_18', 'T27n1545_107:0555a16_4']	世差別。🔽剎那差別。	世差別。 剎那差別。	Distinctions in worlds.🔽Distinctions in moments.
['T27n1545_107:0555a16_11']	等無間緣差別。	等無間緣差別。	Distinctions in conditions as the immediately preceding equivalent.
['T27n1545_107:0555a17_3']	此唯依一種差別而說。	此唯依一種差別而說。	This is only said to depend on one kind of distinction.
['T27n1545_107:0555a17_11']	謂等無間緣差別。	謂等無間緣差別。	Namely, distinctions in conditions as the immediately preceding equivalent.
['T27n1545_107:0555a18_3']	法智與法智為四緣者。	法智與法智為四緣者。	As for the dharma cognition being the four conditions for dharma cognition,
['T27n1545_107:0555a18_13']	謂因等無間所緣增上。	謂因等無間所緣增上。	Namely, cause, condition as the immediately preceding equivalent, object, and dominant.
['T27n1545_107:0555a19_3']	此中因者如種子法。	此中因者如種子法。	Among them, cause is like the principle of seeds.
['T27n1545_107:0555a19_12']	等無間者如開避法。	等無間者如開避法。	Condition as the immediately preceding equivalent is like the principle of making way.
['T27n1545_107:0555a20_2']	所緣者如柱杖法。	所緣者如柱杖法。	Object is like the principle of a pillar or staff.
['T27n1545_107:0555a20_10']	增上者如不障法。	增上者如不障法。	Dominant is like the principle of non-obstruction.
['T27n1545_107:0555a21_2']	法智與法智為因緣者。	法智與法智為因緣者。	As for dharma cognition being the condition of the same kind for dharma cognition,
['T27n1545_107:0555a21_11']	謂為一因即相似因。	謂為一因即相似因。	Namely, as one cause, which is the similar cause.
['T27n1545_107:0555a22_1']	為等無間緣者。	為等無間緣者。	As for being the condition as the immediately preceding equivalent,
['T27n1545_107:0555a22_12']	謂法智無間法智現在前。	謂法智無間法智現在前。	Dharma cognition, in the present, arises immediately after dharma cognition.
['T27n1545_107:0555a22_18']	為所緣緣者。	為所緣緣者。	As for being the condition as object,
['T27n1545_107:0555a23_8']	謂法智緣法智而生。	謂法智緣法智而生。	Dharma cognition arises while taking dharma cognition as its object.
['T27n1545_107:0555a23_14']	為增上緣者。	為增上緣者。	As the dominant condition,
['T27n1545_107:0555a24_6']	謂法智不障礙法智生。	謂法智不障礙法智生。	it means that Dharma cognition does not obstruct the arising of Dharma cognition.
['T27n1545_107:0555a24_17']	與類智為三緣除所緣者。	與類智為三緣除所緣者。	As three conditions for inferential cognition, excluding the object condition,
['T27n1545_107:0555a25_9']	謂法智與類智為三緣。	謂法智與類智為三緣。	it means that Dharma cognition is three conditions for inferential cognition,
['T27n1545_107:0555a25_13']	除所緣。	除所緣。	excluding the object condition.
['T27n1545_107:0555a26_1']	為因緣者。	為因緣者。	As the causal condition,
['T27n1545_107:0555a26_11']	謂法智與類智為一因。	謂法智與類智為一因。	it means that Dharma cognition is one cause for inferential cognition,
['T27n1545_107:0555a26_16']	即同類因。	即同類因。	namely the homogeneous cause.
['T27n1545_107:0555a27_4']	為等無間緣者。	為等無間緣者。	As the immediately preceding condition,
['T27n1545_107:0555a27_15']	謂法智無間類智現在前。	謂法智無間類智現在前。	it means that immediately after Dharma cognition, inferential cognition appears in the present.
['T27n1545_107:0555a28_2']	為增上緣者。	為增上緣者。	As the dominant condition,
['T27n1545_107:0555a28_12']	謂法智不障礙類智生。	謂法智不障礙類智生。	it means that Dharma cognition does not obstruct the arising of inferential cognition.
['T27n1545_107:0555a28_17']	除所緣者。	除所緣者。	Excluding the object condition,
['T27n1545_107:0555a29_9']	謂法智與類智互不相緣。	謂法智與類智互不相緣。	it means that Dharma cognition and inferential cognition do not mutually take each other as objects.
['T27n1545_107:0555b01_2']	與他心智為四緣等者。	與他心智為四緣等者。	As four conditions for cognition of others' minds, and so on,
['T27n1545_107:0555b01_13']	謂法智與自相續他心智。	謂法智與自相續他心智。	it means that Dharma cognition and the cognition of others' minds in one's own continuum
['T27n1545_107:0555b02_1']	為因等無間。	為因等無間。	are causal, immediately preceding,
['T27n1545_107:0555b02_5']	非所緣。	非所緣。	but not object conditions.
['T27n1545_107:0555b02_16']	與他相續他心智為所緣。	與他相續他心智為所緣。	As the object condition for the cognition of others' minds in another's continuum,
['T27n1545_107:0555b03_3']	非因等無間。	非因等無間。	it is not a causal or immediately preceding condition.
['T27n1545_107:0555b03_8']	餘如前說。	餘如前說。	The rest is as explained above.
['T27n1545_107:0555b04_1']	與世俗智為三緣除因者。	與世俗智為三緣除因者。	As three conditions for conventional cognition, excluding the causal condition,
['T27n1545_107:0555b04_9']	謂因緣如種子法。	謂因緣如種子法。	It means that conditions are like the principle of seeds.
['T27n1545_107:0555b05_2']	無漏與有漏非種子法故。	無漏與有漏非種子法故。	Because the pure and the contaminated are not the principle of seeds.
['T27n1545_107:0555b05_12']	法智與世俗智非因緣。	法智與世俗智非因緣。	Dharma cognition and conventional cognition are not conditions.
['T27n1545_107:0555b05_17']	但為三緣。	但為三緣。	They are only three conditions.
['T27n1545_107:0555b06_12']	與苦集滅智為三緣除所緣者。	與苦集滅智為三緣除所緣者。	As conditions for cognition of suffering, origination, and cessation, they are three conditions, excluding the condition as object.
['T27n1545_107:0555b07_3']	謂苦集智緣有漏。	謂苦集智緣有漏。	Cognition of suffering and origination takes contaminated [dharmas] as objects.
['T27n1545_107:0555b07_13']	法智無漏故非彼所緣。	法智無漏故非彼所緣。	Because dharma cognition is pure, it is not their object.
['T27n1545_107:0555b08_2']	滅智緣無為法。	滅智緣無為法。	Cognition of cessation takes unconditioned dharmas as objects.
['T27n1545_107:0555b08_12']	法智有為故非彼所緣。	法智有為故非彼所緣。	Because dharma cognition is conditioned, it is not their object.
['T27n1545_107:0555b09_4']	與道智為四緣如前說。	與道智為四緣如前說。	As four conditions for cognition of the path, they are as explained before.
['T27n1545_107:0555b09_14']	類智與類智為四緣等。	類智與類智為四緣等。	Analogy cognition is four conditions for analogy cognition, and so on.
['T27n1545_107:0555b10_5']	准前法智應知其相。	准前法智應知其相。	The characteristics should be understood according to dharma cognition.
['T27n1545_107:0555b11_1']	他心智與他心智為四緣等者。	他心智與他心智為四緣等者。	As four conditions for cognition of others' minds, and so on,
['T27n1545_107:0555b11_6']	此中因緣。	此中因緣。	among them, the condition as cause
['T27n1545_107:0555b11_12']	謂一同類因。	謂一同類因。	refers to the same type of cause.
['T27n1545_107:0555b11_17']	餘如前說。	餘如前說。	The rest is as explained before.
['T27n1545_107:0555b12_6']	與世俗智為四緣者。	與世俗智為四緣者。	As four conditions for conventional cognition,
['T27n1545_107:0555b12_11']	此中因緣。	此中因緣。	among them, the condition as cause
['T27n1545_107:0555b13_1']	謂同類異熟二因。	謂同類異熟二因。	refers to the causes of the same type and of karmic retribution.
['T27n1545_107:0555b13_6']	餘如前說。	餘如前說。	The rest is as explained before.
['T27n1545_107:0555b13_16']	與苦集智為四緣等者。	與苦集智為四緣等者。	As four conditions for cognition of suffering and origination, and so on,
['T27n1545_107:0555b14_4']	謂無漏他心智。	謂無漏他心智。	It refers to the uncontaminated knowledge of others' minds.
['T27n1545_107:0555b14_15']	與苦集智為一同類因者。	與苦集智為一同類因者。	The knowledge of suffering and accumulation are of the same type as the cause.
['T27n1545_107:0555b15_7']	定非所緣彼緣有漏故。	定非所緣彼緣有漏故。	It is definitely not the object. Because they take contaminated [dharmas] as objects.
['T27n1545_107:0555b15_14']	若有漏他心智。	若有漏他心智。	If the contaminated knowledge of others' minds
['T27n1545_107:0555b16_5']	與苦集智為所緣者。	與苦集智為所緣者。	is the object of the knowledge of suffering and accumulation,
['T27n1545_107:0555b16_10']	定非因緣。	定非因緣。	it is definitely not the causal condition.
['T27n1545_107:0555b17_4']	有漏不與無漏為因緣故。	有漏不與無漏為因緣故。	Because the contaminated [dharmas] are not the causal condition for the uncontaminated [dharmas].
['T27n1545_107:0555b17_15']	與滅智為三緣除所緣者。	與滅智為三緣除所緣者。	It is the three conditions for the knowledge of cessation, excluding the object.
['T27n1545_107:0555b18_4']	彼緣無為故。	彼緣無為故。	Because it takes the unconditioned [dharmas] as objects.
['T27n1545_107:0555b18_14']	與道法類智為四緣者。	與道法類智為四緣者。	It is the four conditions for the knowledge of the path and the knowledge of dharmas of the path.
['T27n1545_107:0555b19_2', 'T27n1545_107:0555b19_10']	義如前說。🔽世俗智與世俗智。	義如前說。 世俗智與世俗智。	The meaning is as explained above.
['T27n1545_107:0555b19_15']	為四緣者。	為四緣者。	The conventional knowledge is the four conditions for the conventional knowledge.
['T27n1545_107:0555b20_1']	此中因緣。	此中因緣。	Here, the causal condition
['T27n1545_107:0555b20_11']	謂同類遍行異熟三因。	謂同類遍行異熟三因。	refers to the three causes of the similar, omnipresent, and ripening [dharmas].
['T27n1545_107:0555b20_16']	餘如前說。	餘如前說。	The rest is as explained above.
['T27n1545_107:0555b21_8']	與苦集智為三緣除因者。	與苦集智為三緣除因者。	It is the three conditions for the knowledge of suffering and accumulation, excluding the cause.
['T27n1545_107:0555b22_4']	有漏不與無漏法為因緣故。	有漏不與無漏法為因緣故。	Because the contaminated [dharmas] are not the causal condition for the uncontaminated [dharmas].
['T27n1545_107:0555b23_2']	與滅道智為二緣謂等無間增上者。	與滅道智為二緣謂等無間增上者。	It is the two conditions for the knowledge of cessation and the path, namely the equal and immediately antecedent condition and the dominant condition.
['T27n1545_107:0555b23_8']	彼緣無漏故。	彼緣無漏故。	Because they take the uncontaminated [dharmas] as objects.
['T27n1545_107:0555b23_13']	餘如前說。	餘如前說。	The rest is as explained above.
['T27n1545_107:0555b24_6']	與法類智為三緣除因者。	與法類智為三緣除因者。	With dharma and species cognition, it has three conditions excluding cause.
['T27n1545_107:0555b25_1']	有漏與無漏非如種子故。	有漏與無漏非如種子故。	Because the contaminated does not resemble the uncontaminated as a seed.
['T27n1545_107:0555b25_11', 'T27n1545_107:0555b26_7']	與他心智為四緣等者。🔽謂世俗智與自相續有漏他心智。	與他心智為四緣等者。 謂世俗智與自相續有漏他心智。	With cognition of others' minds, it has four conditions, etc.
['T27n1545_107:0555b26_16']	為同類因等無間緣。	為同類因等無間緣。	That is to say, conventional cognition is the homogeneous cause and immediately antecedent condition for the contaminated cognition of others' minds in one's own continuum.
['T27n1545_107:0555b27_12']	與自相續無漏他心智為等無間緣。	與自相續無漏他心智為等無間緣。	It is the immediately antecedent condition for the uncontaminated cognition of others' minds in one's own continuum.
['T27n1545_107:0555b27_17']	俱非所緣。	俱非所緣。	Both are not objects.
['T27n1545_107:0555b28_12']	與他相續有漏他心智為所緣。	與他相續有漏他心智為所緣。	It is the object for the contaminated cognition of others' minds in another's continuum.
['T27n1545_107:0555b29_1']	非因等無間。	非因等無間。	It is not the cause or immediately antecedent condition.
['T27n1545_107:0555c01_2']	苦智與苦智及集滅智為三緣除所緣等者。	苦智與苦智及集滅智為三緣除所緣等者。	With cognition of suffering, it has three conditions excluding the object for cognition of suffering and cognition of accumulation and cessation, etc.
['T27n1545_107:0555c01_7']	如文廣說。	如文廣說。	As explained in detail in the text.
['T27n1545_107:0555c02_11']	其中所以准前應知諸結欲界繫彼結法智斷耶。	其中所以准前應知諸結欲界繫彼結法智斷耶。	Among them, the reason should be understood according to the previous explanation. Are all bonds bound to the desire realm severed by cognition of the Dharma?
['T27n1545_107:0555c02_16']	乃至廣說。	乃至廣說。	And so on, explained in detail.
['T27n1545_107:0555c03_4']	問何故作此論。	問何故作此論。	Question: Why does this treatise make this discussion?
['T27n1545_107:0555c03_14']	答欲令疑者得決定故。	答欲令疑者得決定故。	Answer: In order to make the doubtful attain certainty.
['T27n1545_107:0555c04_7']	謂法智能斷色無色界結。	謂法智能斷色無色界結。	That is to say, cognition of the Dharma can sever the bonds of the form and formless realms.
['T27n1545_107:0555c04_16']	類智不能斷欲界結。	類智不能斷欲界結。	Cognition of species cannot sever the bonds of the desire realm.
['T27n1545_107:0555c05_3']	或有生疑。	或有生疑。	Some give rise to doubt.
['T27n1545_107:0555c05_14']	如法智能斷色無色界結。	如法智能斷色無色界結。	Is it that the cognition of dharmas can sever the bonds of the form and formless realms,
['T27n1545_107:0555c06_7']	類智為亦能斷欲界結耶。	類智為亦能斷欲界結耶。	and is the cognition of categories also able to sever the bonds of the desire realm?
['T27n1545_107:0555c06_17']	如類智不能斷欲界結。	如類智不能斷欲界結。	Just as the cognition of categories cannot sever the bonds of the desire realm,
['T27n1545_107:0555c07_13']	法智為亦不能斷色無色界結耶。	法智為亦不能斷色無色界結耶。	can the cognition of dharmas also not sever the bonds of the form and formless realms?
['T27n1545_107:0555c08_5']	欲令此疑得決定故。	欲令此疑得決定故。	In order to cause this doubt to be resolved,
['T27n1545_107:0555c08_17']	顯法智定能斷色無色界結。	顯法智定能斷色無色界結。	it is shown that the cognition of dharmas definitely can sever the bonds of the form and formless realms,
['T27n1545_107:0555c09_9']	類智定不能斷欲界結。	類智定不能斷欲界結。	while the cognition of categories definitely cannot sever the bonds of the desire realm.
['T27n1545_107:0555c09_14']	故作斯論。	故作斯論。	Therefore, this treatise is composed.
['T27n1545_107:0555c10_9']	問何故法智能斷色無色界結。	問何故法智能斷色無色界結。	Question: Why can the cognition of dharmas sever the bonds of the form and formless realms,
['T27n1545_107:0555c11_2']	類智不能斷欲界結耶。	類智不能斷欲界結耶。	but the cognition of categories cannot sever the bonds of the desire realm?
['T27n1545_107:0555c11_12']	答法智先斷欲界結故。	答法智先斷欲界結故。	Answer: Because the cognition of dharmas has already severed the bonds of the desire realm,
['T27n1545_107:0555c12_3']	亦能斷色無色界結。	亦能斷色無色界結。	it can also sever the bonds of the form and formless realms.
['T27n1545_107:0555c12_14']	類智不先斷色無色界結。	類智不先斷色無色界結。	Because the cognition of categories has not yet severed the bonds of the form and formless realms,
['T27n1545_107:0555c13_4']	故不能斷欲界結。	故不能斷欲界結。	it cannot sever the bonds of the desire realm.
['T27n1545_107:0555c13_17']	復次類智未斷色無色界結故。	復次類智未斷色無色界結故。	Furthermore, because the cognition of categories has not yet severed the bonds of the form and formless realms,
['T27n1545_107:0555c14_4']	法智斷之。	法智斷之。	the cognition of dharmas severs them.
['T27n1545_107:0555c14_17']	法智已斷欲界結故類智不斷。	法智已斷欲界結故類智不斷。	Because the cognition of dharmas has already severed the bonds of the desire realm, the cognition of categories does not sever them.
['T27n1545_107:0555c15_11']	復次若類智能斷欲界結者。	復次若類智能斷欲界結者。	Furthermore, if the cognition of the class of dharmas can eliminate the bonds of the desire realm,
['T27n1545_107:0555c15_16']	云何斷耶。	云何斷耶。	how does it eliminate them?
['T27n1545_107:0555c16_7']	為先斷色無色界結。	為先斷色無色界結。	Does it first eliminate the bonds of the form and formless realms,
['T27n1545_107:0555c16_13']	後斷欲界結。	後斷欲界結。	and then eliminate the bonds of the desire realm?
['T27n1545_107:0555c17_2']	為先斷欲界結。	為先斷欲界結。	Or does it first eliminate the bonds of the desire realm,
['T27n1545_107:0555c17_11']	後斷色無色界結耶。	後斷色無色界結耶。	and then eliminate the bonds of the form and formless realms?
['T27n1545_107:0555c18_2']	若先斷色無色界結。	若先斷色無色界結。	If it first eliminates the bonds of the form and formless realms,
['T27n1545_107:0555c18_9']	後斷欲界結者。	後斷欲界結者。	and then eliminates the bonds of the desire realm,
['T27n1545_107:0555c18_18']	欲界結麁先已斷故。	欲界結麁先已斷故。	since the coarse bonds of the desire realm have already been eliminated,
['T27n1545_107:0555c19_4']	復何所斷。	復何所斷。	what else is there to eliminate?
['T27n1545_107:0555c20_2']	若先斷欲界結後斷色無色界結者。	若先斷欲界結後斷色無色界結者。	If it first eliminates the bonds of the desire realm, and then eliminates the bonds of the form and formless realms,
['T27n1545_107:0555c20_11']	類智則應受他訶責。	類智則應受他訶責。	then the cognition of the class of dharmas would be subject to the reproach of others.
['T27n1545_107:0555c21_2']	自界諸結猶未能離。	自界諸結猶未能離。	One has still not eliminated the bonds of one's own realm,
['T27n1545_107:0555c21_11']	如何欲斷他界結耶。	如何欲斷他界結耶。	how can one eliminate the bonds of other realms?
['T27n1545_107:0555c22_11']	如王未降自國怨敵欲伏他國為他所訶。	如王未降自國怨敵欲伏他國為他所訶。	It would be like a king who has not yet subdued the enemies in his own country, yet wants to conquer other countries, and is reproached by others.
['T27n1545_107:0555c23_8']	復次一切類智定以法智為因故。	復次一切類智定以法智為因故。	Furthermore, all cognition of the class of dharmas definitely takes cognition of the dharmas as its cause,
['T27n1545_107:0555c24_3']	法智能助彼斷色無色界結。	法智能助彼斷色無色界結。	so cognition of the dharmas can assist in eliminating the bonds of the form and formless realms.
['T27n1545_107:0555c24_15']	非一切法智定以類智為因。	非一切法智定以類智為因。	Not all cognition of the dharmas definitely takes cognition of the class of dharmas as its cause.
['T27n1545_107:0555c25_10']	故類智不能助法智斷欲界結。	故類智不能助法智斷欲界結。	Therefore the inferential knowledge cannot assist the knowledge of dharmas in eliminating the bonds of the desire realm.
['T27n1545_107:0555c26_8']	復次道類智後類智多分不現在前。	復次道類智後類智多分不現在前。	Furthermore, after the knowledge of the class of the path, inferential knowledge often does not appear in the present.
['T27n1545_107:0555c26_17']	設現在前勢用羸劣。	設現在前勢用羸劣。	Even if it appears in the present, its power is weak.
['T27n1545_107:0555c27_7']	要畢竟離欲界結已。	要畢竟離欲界結已。	It is necessary to be completely free from the bonds of the desire realm.
['T27n1545_107:0555c28_6']	勝用類智方容現前故彼不能斷欲界結。	勝用類智方容現前故彼不能斷欲界結。	Only then can the powerful inferential knowledge appear in the present, and therefore it cannot eliminate the bonds of the desire realm.
['T27n1545_107:0555c28_17']	復次法智要離欲界結已。	復次法智要離欲界結已。	Furthermore, the knowledge of dharmas must be free from the bonds of the desire realm.
['T27n1545_107:0555c29_4']	用方猛利。	用方猛利。	Only then can its function become fierce and sharp.
['T27n1545_107:0555c29_13']	由猛利故能斷上結。	由猛利故能斷上結。	Because of its fierceness and sharpness, it can eliminate the bonds above.
['T27n1545_107:0556a01_3', 'T27n1545_107:0556a01_8']	類智要離有頂結已。🔽用方猛利。	類智要離有頂結已。 用方猛利。	Inferential knowledge must be free from the bonds of the peak of existence.🔽Only then can its function become fierce and sharp.
['T27n1545_107:0556a01_13']	彼猛利時。	彼猛利時。	When it is fierce and sharp,
['T27n1545_107:0556a02_3']	下結已斷復何所斷。	下結已斷復何所斷。	the bonds below have already been eliminated, so what else is there to eliminate?
['T27n1545_107:0556a02_11']	復次法智極猛利。	復次法智極猛利。	Furthermore, the knowledge of dharmas is extremely fierce and sharp.
['T27n1545_107:0556a03_2']	斷不善結尚不用功。	斷不善結尚不用功。	It does not even need to expend effort to eliminate the unwholesome bonds,
['T27n1545_107:0556a03_11']	況無記結而不能斷。	況無記結而不能斷。	let alone the indeterminate bonds, which it cannot eliminate.
['T27n1545_107:0556a04_2']	如極利刀尚能斷鐵。	如極利刀尚能斷鐵。	It is like an extremely sharp knife that can still cut through iron,
['T27n1545_107:0556a04_7']	況草木等。	況草木等。	let alone grass and wood, etc.
['T27n1545_107:0556a04_14']	類智不極猛利。	類智不極猛利。	Inferential knowledge is not extremely fierce and sharp.
['T27n1545_107:0556a05_4']	斷無記結尚多用功。	斷無記結尚多用功。	It expends much effort to eliminate the indeterminate bonds,
['T27n1545_107:0556a05_13']	況不善結而當能斷。	況不善結而當能斷。	How much less can unskillful bonds be severed?
['T27n1545_107:0556a06_4']	如以鈍刀斷草木等。	如以鈍刀斷草木等。	It is like using a blunt knife to cut grass and wood, etc.
['T27n1545_107:0556a06_9']	尚多用功。	尚多用功。	It still requires much effort.
['T27n1545_107:0556a06_14']	況能斷鐵。	況能斷鐵。	How much less can it cut iron?
['T27n1545_107:0556a07_11']	復次法智具能斷十八界十二處五蘊。	復次法智具能斷十八界十二處五蘊。	Furthermore, the knowledge of dharmas is fully able to sever the eighteen realms, twelve sense bases, and five aggregates.
['T27n1545_107:0556a08_3']	如有壯士力敵千夫。	如有壯士力敵千夫。	It is like a strong man whose strength rivals that of a thousand men.
['T27n1545_107:0556a08_8']	能斷上結。	能斷上結。	He can sever the higher bonds.
['T27n1545_107:0556a09_3']	類智唯能斷十四界十處五蘊。	類智唯能斷十四界十處五蘊。	The knowledge of similarity is only able to sever the fourteen realms, ten sense bases, and five aggregates.
['T27n1545_107:0556a09_12']	力用劣故不斷下結。	力用劣故不斷下結。	Because its power and function are inferior, it does not sever the lower bonds.
['T27n1545_107:0556a10_8']	復次欲界邪見能緣三界苦集先斷。	復次欲界邪見能緣三界苦集先斷。	Furthermore, the wrong views of the desire realm can take the suffering and accumulation of the three realms as objects and are severed first.
['T27n1545_107:0556a10_17']	彼已復欲斷彼所緣。	彼已復欲斷彼所緣。	Having already, they further wish to sever those objects.
['T27n1545_107:0556a11_10']	是故法智能斷上二界結。	是故法智能斷上二界結。	Therefore, the knowledge of dharmas is able to sever the bonds of the two upper realms.
['T27n1545_107:0556a11_17']	色無色界邪見。	色無色界邪見。	The wrong views of the form and formless realms
['T27n1545_107:0556a12_6']	不能緣欲界苦集。	不能緣欲界苦集。	are unable to take the suffering and accumulation of the desire realm as objects.
['T27n1545_107:0556a12_17']	是故類智不能斷欲界結。	是故類智不能斷欲界結。	Therefore, the knowledge of similarity is unable to sever the bonds of the desire realm.
['T27n1545_107:0556a13_11']	復次欲界他界緣遍行諸結。	復次欲界他界緣遍行諸結。	Furthermore, the pervasive bonds of the desire realm that take other realms as objects
['T27n1545_107:0556a14_4']	能緣色無色界苦集先斷。	能緣色無色界苦集先斷。	are able to take the suffering and accumulation of the form and formless realms as objects and are severed first.
['T27n1545_107:0556a14_13']	彼已復欲斷彼所緣。	彼已復欲斷彼所緣。	Having already, they further wish to sever those objects.
['T27n1545_107:0556a15_5']	是故法智能斷上二界結。	是故法智能斷上二界結。	Therefore, the dharma cognition can eliminate the bonds of the upper two realms.
['T27n1545_107:0556a15_15']	上界他界緣遍行諸結。	上界他界緣遍行諸結。	The universal bonds of the upper realms and other realms are all-pervading.
['T27n1545_107:0556a16_4']	不緣欲界苦集。	不緣欲界苦集。	They do not take the suffering and accumulation of the desire realm as objects.
['T27n1545_107:0556a16_15']	是故類智不能斷欲界結。	是故類智不能斷欲界結。	Therefore, the subsequent cognition cannot eliminate the bonds of the desire realm.
['T27n1545_107:0556a17_6']	如有國王先殺怨賊。	如有國王先殺怨賊。	It is like a king who first kills his enemies,
['T27n1545_107:0556a17_15']	後亦壞彼遊戲之處。	後亦壞彼遊戲之處。	and later also destroys their places of amusement.
['T27n1545_107:0556a18_12']	復次欲界諸蘊逼切有情過於重擔。	復次欲界諸蘊逼切有情過於重擔。	Furthermore, the aggregates of the desire realm oppress sentient beings more than a heavy burden.
['T27n1545_107:0556a19_8']	既斷彼已數復讚彼對治及滅。	既斷彼已數復讚彼對治及滅。	Having already eliminated them, one often praises their antidotes and cessation.
['T27n1545_107:0556a19_17']	爾時復能斷上諸蘊。	爾時復能斷上諸蘊。	At that time, one is also able to eliminate the aggregates of the upper realms.
['T27n1545_107:0556a20_9']	是故法智能斷上界結。	是故法智能斷上界結。	Therefore, the dharma cognition can eliminate the bonds of the upper realms.
['T27n1545_107:0556a21_1']	類智不能斷欲界結。	類智不能斷欲界結。	The subsequent cognition cannot eliminate the bonds of the desire realm.
['T27n1545_107:0556a21_13']	然法智能斷色無色界結者。	然法智能斷色無色界結者。	However, the dharma cognition can eliminate the bonds of the form and formless realms.
['T27n1545_107:0556a22_5']	是滅道法智非苦集法智。	是滅道法智非苦集法智。	This is the dharma cognition of cessation and path, not the dharma cognition of suffering and accumulation.
['T27n1545_107:0556a22_10']	所以者何。	所以者何。	Why is it so?
['T27n1545_107:0556a22_15']	法應爾故。	法應爾故。	Because it should be so.
['T27n1545_107:0556a23_13']	謂修行者為欲界蘊現所逼切過於重擔。	謂修行者為欲界蘊現所逼切過於重擔。	That is to say, the practitioner is oppressed by the aggregates of the desire realm more than a heavy burden.
['T27n1545_107:0556a24_5']	既捨彼已報彼對治。	既捨彼已報彼對治。	Having already abandoned them, he repays their antidotes
['T27n1545_107:0556a24_10']	及滅惡故。	及滅惡故。	and eliminates evil.
['T27n1545_107:0556a24_15']	數復觀察。	數復觀察。	Count and observe again.
['T27n1545_107:0556a25_11']	數觀察時即自然能斷色無色界結。	數觀察時即自然能斷色無色界結。	When counting and observing again, one is naturally able to sever the bonds of the form and formless realms.
['T27n1545_107:0556a26_9']	復次欲界是不定界非修地非離染地。	復次欲界是不定界非修地非離染地。	Furthermore, the desire realm is an indeterminate realm, not a realm of cultivation, not a realm of detachment from defilements.
['T27n1545_107:0556a27_8']	色無色界是定界是修地是離染地非厭。	色無色界是定界是修地是離染地非厭。	The form and formless realms are determinate realms, realms of cultivation, realms of detachment from defilements, not realms of disgust.
['T27n1545_107:0556a28_1']	不定界法能斷定界結故。	不定界法能斷定界結故。	Because dharmas of the indeterminate realm can sever the bonds of the determinate realm.
['T27n1545_107:0556a28_8']	復次欲界是麁。	復次欲界是麁。	Furthermore, the desire realm is coarse.
['T27n1545_107:0556a28_15']	色無色界是細。	色無色界是細。	The form and formless realms are subtle.
['T27n1545_107:0556a29_7']	非厭麁界法能斷細界結故。	非厭麁界法能斷細界結故。	Because dharmas of the coarse realm that are not disgusted with it cannot sever the bonds of the subtle realm.
['T27n1545_107:0556a29_15']	復次欲界是下劣。	復次欲界是下劣。	Furthermore, the desire realm is inferior.
['T27n1545_107:0556b01_6']	色無色界是勝妙非厭。	色無色界是勝妙非厭。	The form and formless realms are excellent and wonderful. Not being disgusted with
['T27n1545_107:0556b02_1']	下劣界法能斷勝妙界結故。	下劣界法能斷勝妙界結故。	inferior realm dharmas can sever the bonds of excellent and wonderful realm dharmas.
['T27n1545_107:0556b02_8']	復次欲界是下。	復次欲界是下。	Furthermore, the desire realm is lower.
['T27n1545_107:0556b02_13']	色界是中。	色界是中。	The form realm is middling.
['T27n1545_107:0556b03_2']	無色界是上非厭。	無色界是上非厭。	The formless realm is higher. Not being disgusted with
['T27n1545_107:0556b03_12']	下界法能斷中上界結。	下界法能斷中上界結。	lower realm dharmas can sever the bonds of middling and higher realm dharmas.
['T27n1545_107:0556b04_10']	復次若苦集法智能斷色無色界結者。	復次若苦集法智能斷色無色界結者。	Furthermore, if the cognition of the truth of suffering and its cause can sever the bonds of the form and formless realms,
['T27n1545_107:0556b05_8']	便為於異處修厭離於異處得解脫。	便為於異處修厭離於異處得解脫。	then one would cultivate disgust in one place and attain liberation in another place.
['T27n1545_107:0556b05_17']	如斷手繫手得解脫。	如斷手繫手得解脫。	It is like when the bonds on the hand are severed, one attains liberation of the hand.
['T27n1545_107:0556b06_8', 'T27n1545_107:0556b07_1']	若斷足繫足得解脫。🔽非斷手繫足得解脫。	若斷足繫足得解脫。 非斷手繫足得解脫。	If the bonds on the foot are severed, one attains liberation of the foot.🔽Severing the bonds on the hand does not lead to liberation of the foot.
['T27n1545_107:0556b07_10']	非斷足繫手得解脫。	非斷足繫手得解脫。	Severing the bonds on the foot does not lead to liberation of the hand.
['T27n1545_107:0556b08_5']	是故法智能斷色無色界結者。	是故法智能斷色無色界結者。	Therefore, the knowledge of dharmas that can eliminate the bonds of the form and formless realms
['T27n1545_107:0556b08_16']	是滅道法智非苦集法智。	是滅道法智非苦集法智。	is the knowledge of dharmas of cessation and path, not the knowledge of dharmas of suffering and accumulation.
['T27n1545_107:0556b09_11']	然滅道法智能斷色無色界結者。	然滅道法智能斷色無色界結者。	However, the knowledge of dharmas of cessation and path that can eliminate the bonds of the form and formless realms
['T27n1545_107:0556b10_9']	唯生欲界非生色無色界所以者何。	唯生欲界非生色無色界所以者何。	only arises in the desire realm, not in the form or formless realms. Why is this?
['T27n1545_107:0556b11_4']	入出法智方便心唯欲界繫生。	入出法智方便心唯欲界繫生。	The mind of skillful means entering and exiting the knowledge of dharmas is only bound to the desire realm.
['T27n1545_107:0556b11_17']	上二界者已捨此心必不起故。	上二界者已捨此心必不起故。	Those in the upper two realms have already abandoned this mind and will definitely not give rise to it.
['T27n1545_107:0556b12_7']	復次法智隨轉戒。	復次法智隨轉戒。	Furthermore, the precepts that accompany the knowledge of dharmas
['T27n1545_107:0556b12_17']	唯是欲界大種所造生。	唯是欲界大種所造生。	are only produced by the great elements of the desire realm.
['T27n1545_107:0556b13_11']	上二界者捨此大種必不起故。	上二界者捨此大種必不起故。	Those in the upper two realms have abandoned these great elements and will definitely not give rise to them.
['T27n1545_107:0556b14_10']	復次生上二界者必於法智所作已辦。	復次生上二界者必於法智所作已辦。	Furthermore, those born in the upper two realms have definitely accomplished what is to be done with the knowledge of dharmas.
['T27n1545_107:0556b15_2']	加行已息不復現前。	加行已息不復現前。	The practice has ceased and will not manifest again.
['T27n1545_107:0556b15_15']	如阿羅漢於三界結斷對治道。	如阿羅漢於三界結斷對治道。	It is like an arhat, whose antidote to eliminating the bonds of the three realms
['T27n1545_107:0556b16_6']	所作已辦不復現前。	所作已辦不復現前。	What has been accomplished will no longer manifest.
['T27n1545_107:0556b16_10']	問若爾。	問若爾。	Question: If that is so,
['T27n1545_107:0556b17_3']	何故諸阿羅漢起無漏智耶。	何故諸阿羅漢起無漏智耶。	why do the arhats give rise to undefiled cognition?
['T27n1545_107:0556b17_13']	答欲觀所捨諸蘊過患。	答欲觀所捨諸蘊過患。	Answer: They wish to contemplate the faults of the aggregates that are to be abandoned,
['T27n1545_107:0556b18_5']	及觀所得滅道勝利故。	及觀所得滅道勝利故。	and to contemplate the benefits of cessation and the path that are to be obtained, therefore
['T27n1545_107:0556b18_13']	彼復起諸無漏智。	彼復起諸無漏智。	they again give rise to various undefiled cognitions.
['T27n1545_107:0556b19_5']	復次彼由四緣起無漏智。	復次彼由四緣起無漏智。	Moreover, they give rise to undefiled cognition due to four conditions:
['T27n1545_107:0556b19_13']	一為住現法樂故。	一為住現法樂故。	First, in order to abide in the bliss of the present Dharma;
['T27n1545_107:0556b20_4']	二為遊戲功德故。	二為遊戲功德故。	second, in order to play with the merits;
['T27n1545_107:0556b20_12']	三為觀本所作故。	三為觀本所作故。	third, in order to observe what has been done before;
['T27n1545_107:0556b21_2']	四為受用聖財故。	四為受用聖財故。	fourth, in order to enjoy the wealth of the sages.
['T27n1545_107:0556b21_11']	尊者妙音作如是說。	尊者妙音作如是說。	The Venerable Subhūti says:
['T27n1545_107:0556b22_2']	世尊弟子生無色界。	世尊弟子生無色界。	The disciples of the World-Honored One who are born in the formless realm
['T27n1545_107:0556b22_15']	不起靜慮及靜慮中所發功德。	不起靜慮及靜慮中所發功德。	do not give rise to the meditative absorptions or the merits produced within the meditative absorptions.
['T27n1545_107:0556b23_6']	生色界者亦能起之。	生色界者亦能起之。	Those born in the form realm are also able to give rise to them.
['T27n1545_107:0556b23_11']	彼說何義。	彼說何義。	What does his statement mean?
['T27n1545_107:0556b24_2']	彼說若生無色界者。	彼說若生無色界者。	His statement means that those born in the formless realm
['T27n1545_107:0556b24_11']	不起法智斷上界結。	不起法智斷上界結。	do not give rise to the cognition of dharmas to sever the bonds of the upper realms.
['T27n1545_107:0556b26_4']	生色界者若未離色無色界染亦能起滅道法智斷色無色界結。	生色界者若未離色無色界染亦能起滅道法智斷色無色界結。	Those born in the form realm, if they have not yet separated from the defilements of the form and formless realms, can also give rise to the cessation and path dharma knowledges and sever the bonds of the form and formless realms.
['T27n1545_107:0556b26_7']	評曰。	評曰。	The judges say:
['T27n1545_107:0556b26_14']	彼不應作是說。	彼不應作是說。	They should not make this statement.
['T27n1545_107:0556b26_19']	所以者何。	所以者何。	Why is it so?
['T27n1545_107:0556b27_8']	若有此義應不決定。	若有此義應不決定。	If there is this meaning, it should not be definite.
['T27n1545_107:0556b28_3']	謂生色界於法智少分能起。	謂生色界於法智少分能起。	That is to say, being born in the form realm, one can give rise to a part of the dharma knowledge.
['T27n1545_107:0556b28_9']	少分不能起。	少分不能起。	One cannot give rise to a part.
['T27n1545_107:0556b28_15']	少分能起者。	少分能起者。	As for the part that can be given rise to,
['T27n1545_107:0556b29_4']	謂滅道法智少分。	謂滅道法智少分。	it refers to a part of the cessation and path dharma knowledges.
['T27n1545_107:0556b29_9']	不能起者。	不能起者。	As for the part that cannot be given rise to,
['T27n1545_107:0556b29_15', 'T27n1545_107:0556c01_1']	謂苦集法智。🔽或有能起。	謂苦集法智。 或有能起。	it refers to the suffering and accumulation dharma knowledges.🔽Sometimes one can give rise to it,
['T27n1545_107:0556c01_7']	或有不能起。	或有不能起。	and sometimes one cannot give rise to it.
['T27n1545_107:0556c01_13']	或有能起者。	或有能起者。	As for the one who can give rise to it,
['T27n1545_107:0556c02_1']	謂未離彼染。	謂未離彼染。	it refers to one who has not yet separated from the defilements of those realms.
['T27n1545_107:0556c02_8']	或有不能起者。	或有不能起者。	As for the one who cannot give rise to it,
['T27n1545_107:0556c02_14']	謂已離彼染。	謂已離彼染。	it refers to one who has already separated from the defilements of those realms.
['T27n1545_107:0556c03_5']	或時能起或時不能起。	或時能起或時不能起。	Sometimes one can give rise to it, and sometimes one cannot give rise to it.
['T27n1545_107:0556c03_11']	或時能起者。	或時能起者。	As for the time when one can give rise to it,
['T27n1545_107:0556c03_18']	謂起離染道時。	謂起離染道時。	it refers to the time when one gives rise to the path of separating from defilements.
['T27n1545_107:0556c04_6']	或時不能起者。	或時不能起者。	As for the time when one cannot give rise to it,
['T27n1545_107:0556c04_12']	謂引善根時。	謂引善根時。	it refers to the time when one draws in wholesome roots.
['T27n1545_107:0556c05_3']	是故前說於理為善。	是故前說於理為善。	Therefore, the previous statement is correct.
['T27n1545_107:0556c05_15']	諸結欲界繫彼結法智斷耶。	諸結欲界繫彼結法智斷耶。	Are all the bonds of the desire realm severed by the knowledge of dharmas?
['T27n1545_107:0556c06_3']	答應作四句。	答應作四句。	The answer is: Four sentences should be made.
['T27n1545_107:0556c06_8']	義不定故。	義不定故。	Because the meaning is not definite.
['T27n1545_107:0556c06_18']	有結欲界繫非法智斷。	有結欲界繫非法智斷。	There are bonds of the desire realm that are not severed by the knowledge of dharmas.
['T27n1545_107:0556c07_4']	謂欲界結。	謂欲界結。	Namely, the bonds of the desire realm.
['T27n1545_107:0556c07_8']	或忍斷。	或忍斷。	Either severed by patience,
['T27n1545_107:0556c07_16']	或餘智斷或不斷。	或餘智斷或不斷。	or severed by other knowledge, or not severed.
['T27n1545_107:0556c08_4']	此中或忍斷者。	此中或忍斷者。	Among them, those severed by patience are:
['T27n1545_107:0556c08_11']	謂四法智忍斷。	謂四法智忍斷。	The four forbearances of the knowledge of dharmas sever them.
['T27n1545_107:0556c08_17']	或餘智斷者。	或餘智斷者。	Those severed by other knowledge are:
['T27n1545_107:0556c09_3']	謂世俗智斷。	謂世俗智斷。	Severed by conventional knowledge.
['T27n1545_107:0556c09_8']	或不斷者。	或不斷者。	Those not severed are:
['T27n1545_107:0556c09_13']	謂已斷故。	謂已斷故。	Because they have already been severed.
['T27n1545_107:0556c10_3']	或未起彼斷加行故。	或未起彼斷加行故。	Or because the practice of severing them has not yet been undertaken.
['T27n1545_107:0556c10_13', 'T27n1545_107:0556c11_5']	有結法智斷非欲界繫。🔽謂色無色界結法智斷。	有結法智斷非欲界繫。 謂色無色界結法智斷。	There are bonds severed by the knowledge of dharmas that are not of the desire realm.🔽Namely, the bonds of the form and formless realms severed by the knowledge of dharmas.
['T27n1545_107:0556c12_2']	即色無色界修所斷結滅道法智斷。	即色無色界修所斷結滅道法智斷。	The cessation and path of the form and formless realms severed by the knowledge of dharmas.
['T27n1545_107:0556c12_12', 'T27n1545_107:0556c13_2']	有結欲界繫亦法智斷。🔽謂欲界結法智斷。	有結欲界繫亦法智斷。 謂欲界結法智斷。	There are bonds of the desire realm that are also severed by the knowledge of dharmas.🔽Namely, the bonds of the desire realm severed by the knowledge of dharmas.
['T27n1545_107:0556c13_14']	即欲界修所斷結四法智斷。	即欲界修所斷結四法智斷。	The bonds of the desire realm severed by the four knowledges of dharmas.
['T27n1545_107:0556c14_7']	有結非欲界繫亦非法智斷。	有結非欲界繫亦非法智斷。	There are bonds that are neither of the desire realm nor severed by the knowledge of dharmas.
['T27n1545_107:0556c14_14']	謂色無色界結。	謂色無色界結。	Namely, the bonds of the form and formless realms.
['T27n1545_107:0556c14_18']	或忍斷。	或忍斷。	Either eliminated by patience,
['T27n1545_107:0556c15_4']	或餘智斷。	或餘智斷。	or eliminated by other knowledges,
['T27n1545_107:0556c15_8']	或不斷。	或不斷。	or not eliminated.
['T27n1545_107:0556c15_15']	此中或忍斷者。	此中或忍斷者。	Among them, those eliminated by patience
['T27n1545_107:0556c16_2']	謂四類智忍斷。	謂四類智忍斷。	are eliminated by the four types of knowledge of elimination.
['T27n1545_107:0556c16_8']	或餘智斷者。	或餘智斷者。	Those eliminated by other knowledges
['T27n1545_107:0556c16_17']	謂類智或世俗智斷。	謂類智或世俗智斷。	are eliminated by the knowledge of elimination or conventional knowledge.
['T27n1545_107:0556c17_2']	或不斷者。	或不斷者。	Those not eliminated
['T27n1545_107:0556c17_7']	謂已斷故。	謂已斷故。	are already eliminated.
['T27n1545_107:0556c17_16']	或未起彼斷加行故。	或未起彼斷加行故。	Or because the practice of elimination has not yet been initiated.
['T27n1545_107:0556c18_5']	諸結色無色界繫。	諸結色無色界繫。	The bonds bound to the form and formless realms,
['T27n1545_107:0556c18_12']	彼結類智斷耶。	彼結類智斷耶。	are those bonds eliminated by the knowledge of elimination?
['T27n1545_107:0556c18_19']	答諸結類智斷。	答諸結類智斷。	Answer: Those bonds eliminated by the knowledge of elimination,
['T27n1545_107:0556c19_7']	彼結色無色界繫。	彼結色無色界繫。	those bonds are bound to the form and formless realms.
['T27n1545_107:0556c20_3']	謂色無色界修所斷結四類智斷。	謂色無色界修所斷結四類智斷。	Namely, the bonds of the form and formless realms eliminated by cultivation are eliminated by the four types of knowledge of elimination.
['T27n1545_107:0556c20_15']	有結色無色界繫非類智斷。	有結色無色界繫非類智斷。	There are bonds bound to the form and formless realms that are not eliminated by the knowledge of elimination.
['T27n1545_107:0556c21_3']	謂色無色界結。	謂色無色界結。	Namely, the bonds of the form and formless realms.
['T27n1545_107:0556c21_7']	或忍斷。	或忍斷。	Either eliminated by patience,
['T27n1545_107:0556c21_12']	或餘智斷。	或餘智斷。	or eliminated by other knowledges,
['T27n1545_107:0556c21_16']	或不斷。	或不斷。	or not eliminated.
['T27n1545_107:0556c22_3']	此中或忍斷者。	此中或忍斷者。	Among them, those eliminated by patience
['T27n1545_107:0556c22_10']	謂四類智忍斷。	謂四類智忍斷。	are eliminated by the four types of knowledge of elimination.
['T27n1545_107:0556c22_16']	或餘智斷者。	或餘智斷者。	Those eliminated by other knowledges
['T27n1545_107:0556c22_20']	謂法智。	謂法智。	are eliminated by the knowledge of the law,
['T27n1545_107:0556c23_5']	或世俗智斷。	或世俗智斷。	or eliminated by conventional knowledge.
['T27n1545_107:0556c23_10']	或不斷者。	或不斷者。	Or they are not severed.
['T27n1545_107:0556c23_15']	謂已斷故。	謂已斷故。	Because they have already been severed.
['T27n1545_107:0556c24_5']	或未起彼斷加行故。	或未起彼斷加行故。	Or because one has not yet begun the practice of severing them.
['T27n1545_107:0556c24_12']	諸結見苦所斷。	諸結見苦所斷。	The fetters that are severed by seeing suffering.
['T27n1545_107:0556c25_1']	彼結苦智斷耶。	彼結苦智斷耶。	Are those fetters severed by the knowledge of suffering?
['T27n1545_107:0556c25_9']	答諸結見苦所斷。	答諸結見苦所斷。	Answer: The fetters that are severed by seeing suffering.
['T27n1545_107:0556c25_16']	彼結非苦智斷。	彼結非苦智斷。	Those fetters are not severed by the knowledge of suffering.
['T27n1545_107:0556c26_1']	或忍斷。	或忍斷。	Or they are severed by acceptance.
['T27n1545_107:0556c26_9', 'T27n1545_107:0556c26_16']	或餘智斷或不斷。🔽此中或忍斷者。	或餘智斷或不斷。 此中或忍斷者。	Or they are severed by other knowledges or not severed.
['T27n1545_107:0556c27_4', 'T27n1545_107:0556c27_10']	謂苦類智忍斷。🔽或餘智斷者。	謂苦類智忍斷。 或餘智斷者。	Among them, those severed by acceptance are severed by the acceptance of the knowledge of the class of suffering.
['T27n1545_107:0556c27_16', 'T27n1545_107:0556c28_2']	謂世俗智斷。🔽或不斷者。	謂世俗智斷。 或不斷者。	Those severed by other knowledges are severed by conventional knowledge.
['T27n1545_107:0556c28_7']	謂已斷故。	謂已斷故。	Those not severed are already severed.
['T27n1545_107:0556c28_16']	或未起彼斷加行故。	或未起彼斷加行故。	Or because one has not yet begun the practice of severing them.
['T27n1545_107:0556c29_7']	必無苦智能斷彼結。	必無苦智能斷彼結。	There is definitely no knowledge of suffering that can sever those fetters.
['T27n1545_107:0557a01_1', 'T27n1545_107:0557a01_7']	無漏智唯能斷修所斷故。🔽設結苦智斷。	無漏智唯能斷修所斷故。 設結苦智斷。	Because pure knowledge can only sever what is severed by cultivation.
['T27n1545_107:0557a01_15', 'T27n1545_107:0557a02_2']	彼結見苦所斷耶。🔽答諸結苦智斷。	彼結見苦所斷耶。 答諸結苦智斷。	If the fetters are severed by the knowledge of suffering, are those fetters severed by seeing suffering?
['T27n1545_107:0557a02_17']	彼結非見苦所斷是修所斷無漏智。	彼結非見苦所斷是修所斷無漏智。	Answer: The fetters that are severed by the knowledge of suffering, those fetters are not severed by seeing suffering. They are severed by cultivation and pure knowledge.
['T27n1545_107:0557a03_6']	不能斷見所斷故。	不能斷見所斷故。	Because pure knowledge cannot sever what is severed by seeing.
['T27n1545_107:0557a03_14']	見集滅道所斷結。	見集滅道所斷結。	The fetters abandoned by seeing the truths of origination, cessation, and path.
['T27n1545_107:0557a04_7']	對集滅道智斷准上應知。	對集滅道智斷准上應知。	The abandonment by the knowledges of origination, cessation, and path should be understood analogously to the above.
['T27n1545_107:0557a04_16']	唯無間道能斷諸結。	唯無間道能斷諸結。	Only the uninterrupted path can abandon the various fetters.
['T27n1545_107:0557a05_14']	由此中說苦智等不能斷見所斷結故。	由此中說苦智等不能斷見所斷結故。	Because it is said in this treatise that the knowledge of suffering, etc., cannot abandon the fetters abandoned by seeing.🔽Here is the corrected and aligned text:
['T27n1545_107:0557a06_100']	說一切有部發智大毘婆沙論卷第一百七	說一切有部發智大毘婆沙論卷第一百七	Sarvâstivāda Abhidharma-mahāvibhāṣā-śāstra, fascicle 107
