segmentnr	original	analyzed	translated
['T27n1545_089:0457b07_0']	阿毘達磨大毘婆沙論卷第八十	阿毘達磨大毘婆沙論卷第八十	Abhidharma-mahāvibhāṣā-śāstra, fascicle 80
['T27n1545_089:0457b08_0']	九	九	nine
['T27n1545_089:0457b10_0']	五百大阿羅漢等造	五百大阿羅漢等造	composed by 500 great arhats and others
['T27n1545_089:0457b13_5']	三藏法師玄奘奉　詔譯19結蘊第二中十門納息第四之十九苦集諦緣識。	三藏法師玄奘奉　詔譯19結蘊第二中十門納息第四之十九苦集諦緣識。	tripiṭaka master Xuanzang respectfully received
['T27n1545_089:0457b13_15']	有漏緣緣緣識有為緣。	有漏緣緣緣識有為緣。	the consciousness that takes the contaminated as object and has the conditioned as object has the conditioned as object.
['T27n1545_089:0457b14_3']	世俗智亦爾者。	世俗智亦爾者。	The same is true for conventional knowledge.
['T27n1545_089:0457b14_14']	苦集諦等皆通三界九地。	苦集諦等皆通三界九地。	The truths of suffering and accumulation are all common to the three realms and nine stages.
['T27n1545_089:0457b15_3']	五部唯有漏故。	五部唯有漏故。	The five divisions only have contamination,
['T27n1545_089:0457b15_14']	如後四取蘊等應知其相。	如後四取蘊等應知其相。	like the four appropriated aggregates and so forth, their characteristics should be understood.
['T27n1545_089:0457b16_5']	滅諦緣識三界二部。	滅諦緣識三界二部。	The consciousness that takes the truth of cessation as object has the two divisions of the three realms.
['T27n1545_089:0457b16_16']	及遍行緣緣識有為緣者。	及遍行緣緣識有為緣者。	And the consciousness that takes the conditioned as object has the conditioned as object.
['T27n1545_089:0457b17_6']	如無為法應知其相。	如無為法應知其相。	Like the unconditioned dharmas, their characteristics should be understood.
['T27n1545_089:0457b17_15']	道諦緣識三界二部。	道諦緣識三界二部。	The consciousness that takes the truth of the path as object has the two divisions of the three realms.
['T27n1545_089:0457b18_13']	及遍行緣緣識三界四部苦集滅道智。	及遍行緣緣識三界四部苦集滅道智。	And the consciousness that takes the conditioned as object has the four divisions of the three realms. The knowledges of suffering, accumulation, cessation, and the path.
['T27n1545_089:0457b19_4']	及三三摩地亦爾者。	及三三摩地亦爾者。	And the same is true for the three samādhis.
['T27n1545_089:0457b19_14']	如三無漏根應知其相。	如三無漏根應知其相。	Like the three uncontaminated faculties, their characteristics should be understood.
['T27n1545_089:0457b20_2']	四靜慮緣識。	四靜慮緣識。	The consciousness that takes the four meditations as object.
['T27n1545_089:0457b20_7']	欲界四部。	欲界四部。	In the desire realm, it has four divisions.
['T27n1545_089:0457b20_13']	色界有為緣。	色界有為緣。	In the form realm, it has the conditioned as object.
['T27n1545_089:0457b21_11']	無色界二部及遍行緣緣識欲無色界四部。	無色界二部及遍行緣緣識欲無色界四部。	The two types of factors in the formless realm and the omnipresent factors are the objects of two types of consciousness in the desire realm and the formless realm.
['T27n1545_089:0457b21_18', 'T27n1545_089:0457b22_8']	色界有為緣者。🔽四靜慮通有漏無漏。	色界有為緣者。 四靜慮通有漏無漏。	The conditioned factors in the form realm are the objects of the four formless concentrations.🔽The contaminated ones are the objects of the four formless concentrations.
['T27n1545_089:0457b22_12']	有漏者。	有漏者。	The uncontaminated ones are the objects of the four formless concentrations.
['T27n1545_089:0457b23_1', 'T27n1545_089:0457b23_5']	唯色界通五部。🔽無漏者。	唯色界通五部。 無漏者。	The contaminated ones are the objects of the five types of factors in the form realm.🔽The uncontaminated ones are the objects of the four formless concentrations.
['T27n1545_089:0457b23_14']	通四諦法類智品故。	通四諦法類智品故。	The uncontaminated ones are the objects of the four formless concentrations.
['T27n1545_089:0457b24_8']	四靜慮十六識內十二識所緣。	四靜慮十六識內十二識所緣。	The four formless concentrations are the objects of twelve types of consciousness out of the sixteen types of consciousness.
['T27n1545_089:0457b25_8']	一欲界見苦所斷他界緣遍行隨眠相應識。	一欲界見苦所斷他界緣遍行隨眠相應識。	The first is the consciousness associated with the omnipresent contaminants that take other realms as objects and are to be eliminated by seeing suffering in the desire realm.
['T27n1545_089:0457b26_8']	二欲界見集所斷他界緣遍行隨眠相應識。	二欲界見集所斷他界緣遍行隨眠相應識。	The second is the consciousness associated with the omnipresent contaminants that take other realms as objects and are to be eliminated by seeing the accumulation in the desire realm.
['T27n1545_089:0457b27_6']	三欲界見道所斷無漏緣隨眠相應識。	三欲界見道所斷無漏緣隨眠相應識。	The third is the consciousness associated with the contaminants that take the uncontaminated as objects and are to be eliminated by seeing the path in the desire realm.
['T27n1545_089:0457b27_15']	四欲界修所斷善識。	四欲界修所斷善識。	The fourth is the wholesome consciousness to be eliminated by cultivation in the desire realm.
['T27n1545_089:0457b28_12']	此及色界五部有為緣識合為九識。	此及色界五部有為緣識合為九識。	This, together with the nine types of consciousness that take the conditioned factors of the five types of factors in the form realm as objects, are the objects of twelve types of consciousness.
['T27n1545_089:0457b29_11']	十無色界見道所斷無漏緣隨眠相應識。	十無色界見道所斷無漏緣隨眠相應識。	The tenth is the consciousness associated with the contaminants that take the uncontaminated as objects and are to be eliminated by seeing the path in the formless realm.
['T27n1545_089:0457c01_4']	十一無色界修所斷善識。	十一無色界修所斷善識。	The eleventh is the wholesome consciousness to be eliminated by cultivation in the formless realm.
['T27n1545_089:0457c01_10']	十二無漏識。	十二無漏識。	The twelfth is the uncontaminated consciousness.
['T27n1545_089:0457c02_4']	謂苦集類智品道法類智品故。	謂苦集類智品道法類智品故。	That is, because the path of the class of suffering and accumulation knowledge, and the class of dharma and class knowledge.
['T27n1545_089:0457c03_1']	四靜慮緣識欲界四部色界有為緣。	四靜慮緣識欲界四部色界有為緣。	The four meditations take the consciousness of the desire realm as the four parts, and the form realm as the conditioned part.
['T27n1545_089:0457c03_7']	無色界二部。	無色界二部。	The formless realm is the two parts.
['T27n1545_089:0457c03_15']	及遍行隨眠隨增。	及遍行隨眠隨增。	And the universal defilements increase.
['T27n1545_089:0457c04_10']	四靜慮緣識十六識內十四識所緣。	四靜慮緣識十六識內十四識所緣。	The four meditations take the consciousness of the sixteen consciousnesses as the object of the fourteen consciousnesses.
['T27n1545_089:0457c05_4']	除欲無色界各見滅所斷識。	除欲無色界各見滅所斷識。	Except for the consciousness of the view of cessation and the object of the desire and formless realms.
['T27n1545_089:0457c05_13']	及除色界無為緣識。	及除色界無為緣識。	And except for the consciousness of the object of the form realm and the unconditioned.
['T27n1545_089:0457c06_6']	無漏識中取苦集道智品故。	無漏識中取苦集道智品故。	In the pure consciousness, the class of suffering, accumulation, and path knowledge is taken.
['T27n1545_089:0457c06_13']	四靜慮緣緣識。	四靜慮緣緣識。	The four meditations take the consciousness as the object of the condition.
['T27n1545_089:0457c07_2']	欲無色界四部。	欲無色界四部。	The desire and formless realms are the four parts.
['T27n1545_089:0457c07_12']	色界有為緣隨眠隨增。	色界有為緣隨眠隨增。	The form realm is the conditioned part, and the latent tendencies increase.
['T27n1545_089:0457c08_1']	慈悲捨無量緣識。	慈悲捨無量緣識。	The object of the immeasurables of loving-kindness, compassion, and equanimity is the consciousness.
['T27n1545_089:0457c08_7']	欲色界三部。	欲色界三部。	The desire and form realms are the three parts.
['T27n1545_089:0457c08_13']	無色界遍行。	無色界遍行。	The formless realm is the universal.
['T27n1545_089:0457c09_1']	及修所斷緣緣識。	及修所斷緣緣識。	And the object of the object of the consciousness is the part of cultivation.
['T27n1545_089:0457c09_6']	欲界三部。	欲界三部。	The desire realm is the three parts.
['T27n1545_089:0457c09_13']	色無色界四部。	色無色界四部。	The form and formless realms are the four parts.
['T27n1545_089:0457c09_17']	淨解脫。	淨解脫。	The pure liberation.
['T27n1545_089:0457c10_1']	後四勝處。	後四勝處。	The last four aspects.
['T27n1545_089:0457c10_9']	前八遍處亦爾者。	前八遍處亦爾者。	The first eight aspects are also like this.
['T27n1545_089:0457c10_18']	三無量通色界四地。	三無量通色界四地。	The three immeasurables are in the four stages of the form realm.
['T27n1545_089:0457c11_16']	淨解脫等唯第四靜慮皆唯有漏修所斷故。	淨解脫等唯第四靜慮皆唯有漏修所斷故。	The pure liberation and so on are only in the fourth meditation, all of which are only contaminated and eliminated by cultivation.
['T27n1545_089:0457c12_7']	十六識內八識所緣。	十六識內八識所緣。	Within the sixteen consciousnesses, they are the objects of eight consciousnesses.
['T27n1545_089:0457c13_7']	一欲界見苦所斷他界緣遍行隨眠相應識。	一欲界見苦所斷他界緣遍行隨眠相應識。	The first is the consciousness associated with the pervasive contaminants that take other realms as objects and are eliminated by seeing suffering in the desire realm.
['T27n1545_089:0457c14_7']	二欲界見集所斷他界緣遍行隨眠相應識。	二欲界見集所斷他界緣遍行隨眠相應識。	The second is the consciousness associated with the pervasive contaminants that take other realms as objects and are eliminated by seeing the accumulation in the desire realm.
['T27n1545_089:0457c14_16']	三欲界修所斷善識。	三欲界修所斷善識。	The third is the wholesome consciousness eliminated by cultivation in the desire realm.
['T27n1545_089:0457c15_12']	四色界見苦所斷遍行隨眠相應識。	四色界見苦所斷遍行隨眠相應識。	The fourth is the consciousness associated with the pervasive contaminants eliminated by seeing suffering in the form realm.
['T27n1545_089:0457c16_9', 'T27n1545_089:0457c16_17']	五色界見集所斷遍行隨眠相應識。🔽六色界修所斷善。	五色界見集所斷遍行隨眠相應識。 六色界修所斷善。	The fifth is the consciousness associated with the pervasive contaminants eliminated by seeing the accumulation in the form realm.
['T27n1545_089:0457c17_7']	及染污無覆無記識。	及染污無覆無記識。	The sixth is the wholesome, defiled, and uncovered and indeterminate consciousness eliminated by cultivation in the form realm.
['T27n1545_089:0457c17_17']	七無色界修所斷善識。	七無色界修所斷善識。	The seventh is the wholesome consciousness eliminated by cultivation in the formless realm.
['T27n1545_089:0457c18_3']	八無漏識。	八無漏識。	The eighth is the uncontaminated consciousness.
['T27n1545_089:0457c18_11']	謂苦集類智品故。	謂苦集類智品故。	This is because it is the class of the knowledge of suffering and accumulation.
['T27n1545_089:0457c18_18']	三無量等緣識。	三無量等緣識。	The consciousnesses that take the three immeasurables and so on as objects.
['T27n1545_089:0457c19_4']	欲色界三部。	欲色界三部。	In the desire and form realms, they belong to the three categories.
['T27n1545_089:0457c19_10']	無色界遍行。	無色界遍行。	In the formless realm, they are the pervasive contaminants.
['T27n1545_089:0457c19_19']	及修所斷隨眠隨增。	及修所斷隨眠隨增。	And the contaminants eliminated by cultivation increase.
['T27n1545_089:0457c20_6']	三無量等緣識。	三無量等緣識。	Third, the consciousness that is the object of immeasurable [compassion] and so forth.
['T27n1545_089:0457c20_16', 'T27n1545_089:0457c21_8']	十六識內十二識所緣。🔽謂欲界見苦集修所斷識。	十六識內十二識所緣。 謂欲界見苦集修所斷識。	The third, the object of the three immeasurables, etc., is the object of twelve consciousnesses out of the sixteen consciousnesses.
['T27n1545_089:0457c21_18']	及色無色界各四部識。	及色無色界各四部識。	Namely, the consciousnesses to be eliminated by seeing suffering and its cause in the desire realm, and the four parts of consciousness in the form and formless realms.
['T27n1545_089:0457c22_6']	除見滅所斷識。	除見滅所斷識。	Excluding the consciousnesses to be eliminated by seeing cessation.
['T27n1545_089:0457c22_13']	於見道所斷中。	於見道所斷中。	Among those to be eliminated by the path of seeing,
['T27n1545_089:0457c23_6']	唯取無漏緣隨眠相應識。	唯取無漏緣隨眠相應識。	Only the consciousness associated with the contaminants that take the pure [truths] as their objects is taken.
['T27n1545_089:0457c23_16']	無色界見苦集所斷中。	無色界見苦集所斷中。	In the seeing of suffering and its cause in the formless realm,
['T27n1545_089:0457c24_7']	唯取遍行隨眠相應識。	唯取遍行隨眠相應識。	Only the consciousness associated with the omnipresent contaminants is taken.
['T27n1545_089:0457c24_13']	合為十一識。	合為十一識。	Combined into eleven consciousnesses.
['T27n1545_089:0457c25_6']	十二苦集道智品無漏識故。	十二苦集道智品無漏識故。	Because the twelfth is the pure consciousness of the class of the knowledge of suffering, its cause, and the path.
['T27n1545_089:0457c25_18']	三無量等緣緣識欲界三部。	三無量等緣緣識欲界三部。	The object-field of the three immeasurables, etc., is the contaminants of the three parts in the desire realm,
['T27n1545_089:0457c26_10']	色無色界四部隨眠隨增。	色無色界四部隨眠隨增。	And the four parts in the form and formless realms that increase.
['T27n1545_089:0457c26_16']	喜無量緣識。	喜無量緣識。	The object of the immeasurable joy is
['T27n1545_089:0457c27_6']	欲色界三部緣緣識。	欲色界三部緣緣識。	The object-field of the consciousness of the three parts in the desire and form realms.
['T27n1545_089:0457c27_11']	欲界三部。	欲界三部。	The three parts in the desire realm,
['T27n1545_089:0457c27_16']	色界四部。	色界四部。	The four parts in the form realm,
['T27n1545_089:0457c28_2']	無色界二部。	無色界二部。	The two parts in the formless realm,
['T27n1545_089:0457c28_6']	及遍行。	及遍行。	And the omnipresent [contaminants].
['T27n1545_089:0457c28_11']	初二解脫。	初二解脫。	The first two liberations,
['T27n1545_089:0457c28_19']	前四勝處亦爾者。	前四勝處亦爾者。	The first four spheres of mastery are also like this.
['T27n1545_089:0457c29_14']	喜無量等唯初二靜慮有漏修所斷故。	喜無量等唯初二靜慮有漏修所斷故。	Because the four immeasurables such as joy are only eliminated by the cultivation of the first two meditations.
['T27n1545_089:0458a01_5']	十六識內七識所緣。	十六識內七識所緣。	Among the sixteen consciousnesses, they are the objects of seven consciousnesses.
['T27n1545_089:0458a02_5']	一欲界見苦所斷他界緣遍行隨眠相應識。	一欲界見苦所斷他界緣遍行隨眠相應識。	The first is the consciousness associated with the pervasive contaminants that take other realms as objects and are eliminated by seeing suffering in the desire realm.
['T27n1545_089:0458a03_5']	二欲界見集所斷他界緣遍行隨眠相應識。	二欲界見集所斷他界緣遍行隨眠相應識。	The second is the consciousness associated with the pervasive contaminants that take other realms as objects and are eliminated by seeing the accumulation in the desire realm.
['T27n1545_089:0458a03_14']	三欲界修所斷善識。	三欲界修所斷善識。	The third is the wholesome consciousness eliminated by cultivation in the desire realm.
['T27n1545_089:0458a04_10']	四色界見苦所斷遍行隨眠相應識。	四色界見苦所斷遍行隨眠相應識。	The fourth is the consciousness associated with the pervasive contaminants eliminated by seeing suffering in the form realm.
['T27n1545_089:0458a05_7', 'T27n1545_089:0458a05_15']	五色界見集所斷遍行隨眠相應識。🔽六色界修所斷善。	五色界見集所斷遍行隨眠相應識。 六色界修所斷善。	The fifth is the consciousness associated with the pervasive contaminants eliminated by seeing the accumulation in the form realm.
['T27n1545_089:0458a06_5']	及染污無覆無記識。	及染污無覆無記識。	The sixth is the wholesome and defiled, uncovered, and indeterminate consciousness eliminated by cultivation in the form realm.
['T27n1545_089:0458a06_10']	七無漏識。	七無漏識。	The seventh is the pure consciousness.
['T27n1545_089:0458a06_18']	謂苦集類智品故。	謂苦集類智品故。	Because it is the class of the knowledge of suffering and accumulation.
['T27n1545_089:0458a07_15']	喜無量等緣識欲色界三部隨眠隨增。	喜無量等緣識欲色界三部隨眠隨增。	The contaminants of the three categories in the desire and form realms increase in accordance with the consciousness that takes the four immeasurables such as joy as objects.
['T27n1545_089:0458a08_4']	喜無量等緣識。	喜無量等緣識。	The consciousness that takes the four immeasurables such as joy as objects.
['T27n1545_089:0458a08_13']	十六識內十識所緣。	十六識內十識所緣。	Among the sixteen consciousnesses, it is the object of ten consciousnesses.
['T27n1545_089:0458a09_5']	謂欲界見苦集修所斷識。	謂欲界見苦集修所斷識。	Namely, the consciousness eliminated by seeing suffering, accumulation, and cultivation in the desire realm,
['T27n1545_089:0458a09_12']	及色界四部識。	及色界四部識。	and the consciousness of the four categories in the form realm.
['T27n1545_089:0458a09_19']	除見滅所斷識。	除見滅所斷識。	Excluding the consciousnesses to be eliminated by seeing cessation.
['T27n1545_089:0458a10_6']	於見道所斷中。	於見道所斷中。	Among those to be eliminated by seeing the path,
['T27n1545_089:0458a10_17']	唯取無漏緣隨眠相應識。	唯取無漏緣隨眠相應識。	only the consciousnesses associated with the contaminants that take the pure [truths] as their objects are taken.
['T27n1545_089:0458a11_3']	合為七識。	合為七識。	These are combined into seven consciousnesses.
['T27n1545_089:0458a12_2']	八無色界見道所斷無漏緣隨眠相應識。	八無色界見道所斷無漏緣隨眠相應識。	The eighth is the consciousness associated with the contaminants that take the pure [truths] as their objects to be eliminated by seeing the path in the formless realm.
['T27n1545_089:0458a12_12']	九無色界修所斷善識。	九無色界修所斷善識。	The ninth is the wholesome consciousness to be eliminated by cultivation in the formless realm.
['T27n1545_089:0458a13_4']	十苦集道智品無漏識故。	十苦集道智品無漏識故。	The tenth is the pure consciousness belonging to the categories of the knowledges of suffering, origination, and the path.
['T27n1545_089:0458a13_12']	喜無量等緣緣識。	喜無量等緣緣識。	The objects of the objects of the four immeasurables such as joy are:
['T27n1545_089:0458a13_17']	欲界三部。	欲界三部。	The three categories in the desire realm,
['T27n1545_089:0458a14_2']	色界四部。	色界四部。	the four categories in the form realm,
['T27n1545_089:0458a14_8']	無色界二部。	無色界二部。	and the two categories in the formless realm,
['T27n1545_089:0458a14_16']	及遍行隨眠隨增。	及遍行隨眠隨增。	as well as the universally occurring contaminants increase.
['T27n1545_089:0458a15_3', 'T27n1545_089:0458a15_7']	前三無色緣識。🔽緣緣識。	前三無色緣識。 緣緣識。	The objects of the objects of the first three formless [absorptions] are:🔽The objects of the objects of the first three formless [absorptions] are:
['T27n1545_089:0458a15_12']	欲界三部。	欲界三部。	The three categories in the desire realm,
['T27n1545_089:0458a15_17']	色界四部。	色界四部。	the four categories in the form realm,
['T27n1545_089:0458a16_4']	無色界有為緣者。	無色界有為緣者。	and the conditioned objects in the formless realm.
['T27n1545_089:0458a16_14']	前三無色通有漏無漏。	前三無色通有漏無漏。	The first three formless [absorptions] are both contaminated and uncontaminated.
['T27n1545_089:0458a16_18']	有漏者。	有漏者。	The contaminated ones
['T27n1545_089:0458a17_6']	唯無色界通五部。	唯無色界通五部。	only belong to the formless realm and are of five categories.
['T27n1545_089:0458a17_10']	無漏者。	無漏者。	The uncontaminated ones
['T27n1545_089:0458a17_18']	通四諦類智品故。	通四諦類智品故。	belong to the categories of the knowledges of the four truths and the class of subsequent knowledge.
['T27n1545_089:0458a18_4']	十六識內。	十六識內。	Among the sixteen consciousnesses,
['T27n1545_089:0458a18_10']	十三識所緣。	十三識所緣。	they are the objects of thirteen consciousnesses.
['T27n1545_089:0458a19_9']	一欲界見苦所斷他界緣遍行隨眠相應識。	一欲界見苦所斷他界緣遍行隨眠相應識。	First, consciousness associated with the universal contaminants to be eliminated by seeing suffering in the desire realm that take other realms as objects.
['T27n1545_089:0458a20_8']	二欲界見集所斷他界緣遍行隨眠相應識。	二欲界見集所斷他界緣遍行隨眠相應識。	Second, consciousness associated with the universal contaminants to be eliminated by seeing the origin of suffering in the desire realm that take other realms as objects.
['T27n1545_089:0458a20_17']	三欲界修所斷善識。	三欲界修所斷善識。	Third, wholesome consciousness to be eliminated by cultivation in the desire realm.
['T27n1545_089:0458a21_5']	如欲界三部識。	如欲界三部識。	Just as there are three types of consciousness in the desire realm,
['T27n1545_089:0458a21_13']	色界三部識亦爾。	色界三部識亦爾。	there are also three types of consciousness in the form realm.
['T27n1545_089:0458a22_10']	及色界見道所斷無漏緣隨眠相應識。	及色界見道所斷無漏緣隨眠相應識。	And consciousness associated with the universal contaminants with impure objects to be eliminated by seeing the path in the form realm.
['T27n1545_089:0458a23_3']	并無色界五部有為緣識。	并無色界五部有為緣識。	And consciousness with conditioned objects in the formless realm belonging to the five categories.
['T27n1545_089:0458a23_9']	合為十二識。	合為十二識。	Together, these make up twelve types of consciousness.
['T27n1545_089:0458a23_15']	十三無漏識。	十三無漏識。	Thirteenth, consciousness without impurity,
['T27n1545_089:0458a24_3']	謂苦集道類智品。	謂苦集道類智品。	That is, the categories of subsequent knowledge of suffering, subsequent knowledge of origination, and subsequent knowledge of the path.
['T27n1545_089:0458a24_10']	前三無色緣識。	前三無色緣識。	The consciousness that takes the first three formless realms as objects
['T27n1545_089:0458a25_2']	亦十六識內十三識所緣。	亦十六識內十三識所緣。	are also the objects of thirteen types of consciousness out of the sixteen types of consciousness.
['T27n1545_089:0458a25_13']	謂欲界見苦集修所斷識。	謂欲界見苦集修所斷識。	That is, consciousness to be eliminated by seeing suffering, seeing origination, and cultivation in the desire realm.
['T27n1545_089:0458a26_1']	及色界四部識。	及色界四部識。	And consciousness belonging to the four categories in the form realm.
['T27n1545_089:0458a26_8']	除見滅所斷識。	除見滅所斷識。	Excluding consciousness to be eliminated by seeing cessation.
['T27n1545_089:0458a26_19']	并無色界五部有為緣識。	并無色界五部有為緣識。	And consciousness with conditioned objects in the formless realm belonging to the five categories.
['T27n1545_089:0458a27_5']	合為十二識。	合為十二識。	Together, these make up twelve types of consciousness.
['T27n1545_089:0458a27_17']	十三苦集道智品無漏識故。	十三苦集道智品無漏識故。	Thirteenth, because of the impure consciousness belonging to the categories of knowledge of suffering, knowledge of origination, and knowledge of the path.
['T27n1545_089:0458a28_9']	前三無色緣識及緣緣識。	前三無色緣識及緣緣識。	The three formless [realms] have as objects the consciousnesses and the objects of consciousness.
['T27n1545_089:0458a28_15']	俱欲界三部。	俱欲界三部。	All three categories of the desire realm.
['T27n1545_089:0458a29_1']	色界四部。	色界四部。	The four categories of the form realm.
['T27n1545_089:0458a29_12']	無色界有為緣隨眠隨增。	無色界有為緣隨眠隨增。	The proclivities of the conditioned realms of the formless realm increase.
['T27n1545_089:0458b01_2']	非想非非想處緣識。	非想非非想處緣識。	The sphere of neither-perception-nor-non-perception has as objects.
['T27n1545_089:0458b01_8']	欲色界三部。	欲色界三部。	The three categories of the desire and form realms.
['T27n1545_089:0458b01_18']	無色界有漏緣緣緣識。	無色界有漏緣緣緣識。	The objects of consciousness of the contaminated realms of the formless realm.
['T27n1545_089:0458b02_3']	欲界三部。	欲界三部。	The three categories of the desire realm.
['T27n1545_089:0458b02_8']	色界四部。	色界四部。	The four categories of the form realm.
['T27n1545_089:0458b02_16']	無色界有為緣者。	無色界有為緣者。	The conditioned realms of the formless realm.
['T27n1545_089:0458b04_2', 'T27n1545_089:0458b05_2']	非想非非想處唯有漏通五部故十六識內十二識所緣。🔽一欲界見苦所斷他界緣遍行隨眠相應識。	非想非非想處唯有漏通五部故十六識內十二識所緣。 一欲界見苦所斷他界緣遍行隨眠相應識。	The sphere of neither-perception-nor-non-perception only has the contaminated, which is common to the five categories, and is therefore the object of twelve of the sixteen consciousnesses.🔽The first is the consciousness associated with the proclivities of the universal category that have other realms as objects and are to be eliminated by insight into suffering in the desire realm.
['T27n1545_089:0458b06_2']	二欲界見集所斷他界緣遍行隨眠相應識。	二欲界見集所斷他界緣遍行隨眠相應識。	The second is the consciousness associated with the proclivities of the universal category that have other realms as objects and are to be eliminated by insight into the accumulation [of suffering] in the desire realm.
['T27n1545_089:0458b06_11']	三欲界修所斷善識。	三欲界修所斷善識。	The third is the wholesome consciousness to be eliminated by cultivation in the desire realm.
['T27n1545_089:0458b06_18']	如欲界三部識。	如欲界三部識。	Just as there are three categories of consciousness in the desire realm,
['T27n1545_089:0458b07_6']	色界三部識亦爾。	色界三部識亦爾。	so too are there three categories of consciousness in the form realm.
['T27n1545_089:0458b07_17']	及無色界五部有漏緣識。	及無色界五部有漏緣識。	And the consciousnesses of the five categories and the contaminated realms of the formless realm.
['T27n1545_089:0458b08_4']	合為十一識。	合為十一識。	Combined into eleven consciousnesses.
['T27n1545_089:0458b08_17']	十二無漏識謂苦集類智品故。	十二無漏識謂苦集類智品故。	The twelfth is the pure consciousness, which is the class of subsequent knowledge with regard to the truths of suffering and origination.
['T27n1545_089:0458b09_7']	非想非非想處緣識。	非想非非想處緣識。	The consciousness that takes the base of neither-perception-nor-non-perception as object
['T27n1545_089:0458b10_5']	欲色界三部無色界有漏緣隨眠隨增。	欲色界三部無色界有漏緣隨眠隨增。	is increased by the three classes of latent afflictions in the desire and form realms and by the impure latent afflictions in the formless realm.
['T27n1545_089:0458b10_14']	非想非非想處緣識。	非想非非想處緣識。	The consciousness that takes the base of neither-perception-nor-non-perception as object
['T27n1545_089:0458b11_5']	十六識內十三識所緣。	十六識內十三識所緣。	is the object of thirteen consciousnesses out of the sixteen.
['T27n1545_089:0458b11_16']	謂欲界見苦集修所斷識。	謂欲界見苦集修所斷識。	Namely, the consciousnesses eliminated by seeing suffering and origination in the desire realm and by cultivation,
['T27n1545_089:0458b12_4']	及色界四部識。	及色界四部識。	and the consciousnesses of the four classes in the form realm,
['T27n1545_089:0458b12_11']	除見滅所斷識。	除見滅所斷識。	excluding the consciousness eliminated by seeing cessation.
['T27n1545_089:0458b12_18']	於見道所斷中。	於見道所斷中。	Among those eliminated by the path of seeing,
['T27n1545_089:0458b13_10']	唯取無漏緣隨眠相應識。	唯取無漏緣隨眠相應識。	only the consciousnesses associated with the latent afflictions that take the pure [truths] as objects are taken.
['T27n1545_089:0458b14_3']	并無色界五部有為緣識。	并無色界五部有為緣識。	And the consciousnesses of the five classes and conditioned objects in the formless realm
['T27n1545_089:0458b14_9']	合為十二識。	合為十二識。	are combined into the twelve consciousnesses.
['T27n1545_089:0458b15_2']	十三苦集道智品無漏識故。	十三苦集道智品無漏識故。	The thirteenth is the pure consciousness of the classes of subsequent knowledge with regard to the truths of suffering, origination, and path.
['T27n1545_089:0458b15_12']	非想非非想處緣緣識。	非想非非想處緣緣識。	The consciousness that takes the base of neither-perception-nor-non-perception as object
['T27n1545_089:0458b15_17']	欲界三部。	欲界三部。	is increased by the three classes in the desire realm,
['T27n1545_089:0458b16_2']	色界四部。	色界四部。	the four classes in the form realm,
['T27n1545_089:0458b16_13', 'T27n1545_089:0458b16_19']	無色界有為緣隨眠隨增。🔽空識無邊處。	無色界有為緣隨眠隨增。 空識無邊處。	and the conditioned objects in the formless realm.🔽The sphere of infinite space,
['T27n1545_089:0458b17_4']	無所有處。	無所有處。	the sphere of nothingness,
['T27n1545_089:0458b17_9']	解脫緣識。	解脫緣識。	the consciousnesses that take the liberations as objects,
['T27n1545_089:0458b17_13']	緣緣識。	緣緣識。	The object-condition consciousness.
['T27n1545_089:0458b17_18']	欲界三部。	欲界三部。	The three categories in the desire realm.
['T27n1545_089:0458b18_5']	色無色界四部者。	色無色界四部者。	The four categories in the form and formless realms.
['T27n1545_089:0458b18_15']	此三解脫通有漏無漏。	此三解脫通有漏無漏。	These three liberations are both contaminated and uncontaminated.
['T27n1545_089:0458b18_19']	有漏者。	有漏者。	The contaminated ones.
['T27n1545_089:0458b19_11']	唯無色界修所斷加行善攝。	唯無色界修所斷加行善攝。	Only belong to the category of preparatory wholesome [actions] that are eliminated by cultivation in the formless realm.
['T27n1545_089:0458b19_15']	無漏者。	無漏者。	The uncontaminated ones.
['T27n1545_089:0458b20_2']	唯類智品故。	唯類智品故。	Only belong to the class of subsequent knowledge.
['T27n1545_089:0458b20_12']	十六識內十二識所緣。	十六識內十二識所緣。	Within the sixteen consciousnesses, they are the objects of twelve consciousnesses.
['T27n1545_089:0458b21_11']	一欲界見苦所斷他界緣遍行隨眠相應識。	一欲界見苦所斷他界緣遍行隨眠相應識。	The first is the consciousness associated with the pervasive contaminants that take other realms as objects and are eliminated by seeing suffering in the desire realm.
['T27n1545_089:0458b22_11']	二欲界見集所斷他界緣遍行隨眠相應識。	二欲界見集所斷他界緣遍行隨眠相應識。	The second is the consciousness associated with the pervasive contaminants that take other realms as objects and are eliminated by seeing the accumulation [of suffering] in the desire realm.
['T27n1545_089:0458b23_2']	三欲界修所斷善識。	三欲界修所斷善識。	The third is the wholesome consciousness eliminated by cultivation in the desire realm.
['T27n1545_089:0458b23_9']	如欲界三部識。	如欲界三部識。	Just as there are three categories of consciousness in the desire realm,
['T27n1545_089:0458b23_17']	色界三部識亦爾。	色界三部識亦爾。	there are also three categories of consciousness in the form realm.
['T27n1545_089:0458b24_14']	及色界見道所斷無漏緣隨眠相應識。	及色界見道所斷無漏緣隨眠相應識。	And the consciousness associated with the pervasive contaminants that take the uncontaminated [dharmas] as objects and are eliminated by seeing the path in the form realm.
['T27n1545_089:0458b25_1', 'T27n1545_089:0458b25_17']	合為七識。🔽八無色界見苦所斷遍行隨眠相應識。	合為七識。 八無色界見苦所斷遍行隨眠相應識。	These are combined into seven consciousnesses.🔽The eighth is the consciousness associated with the pervasive contaminants that are eliminated by seeing suffering in the formless realm.
['T27n1545_089:0458b26_14']	九無色界見集所斷遍行隨眠相應識。	九無色界見集所斷遍行隨眠相應識。	The ninth is the consciousness associated with the pervasive contaminants that are eliminated by seeing the accumulation [of suffering] in the formless realm.
['T27n1545_089:0458b27_13', 'T27n1545_089:0458b28_5']	十無色界見道所斷無漏緣隨眠相應識。🔽十一無色界修所斷善。	十無色界見道所斷無漏緣隨眠相應識。 十一無色界修所斷善。	The tenth is the consciousness associated with the anusayas to be eliminated by the path of insight in the formless realm that have pure objects.
['T27n1545_089:0458b28_14']	及染污無覆無記識。	及染污無覆無記識。	The eleventh is the wholesome and defiled non-obscured-non-defined consciousness of the formless realm.
['T27n1545_089:0458b29_8', 'T27n1545_089:0458b29_15']	十二無漏識謂苦集道類智品。🔽此三解脫緣識。	十二無漏識謂苦集道類智品。 此三解脫緣識。	The twelfth is the pure consciousness, namely the categories of the knowledge of suffering, origination, and path in the formless realm.
['T27n1545_089:0458c01_3']	亦十二識所緣。	亦十二識所緣。	The objects of these three liberations are also the objects of twelve consciousnesses.
['T27n1545_089:0458c01_14']	謂欲界見苦集修所斷識。	謂欲界見苦集修所斷識。	Namely, the consciousnesses to be eliminated by insight into the truths of suffering and origination in the desire realm,
['T27n1545_089:0458c02_4']	色無色界各四部識。	色無色界各四部識。	and the consciousnesses of the four categories in the form and formless realms.
['T27n1545_089:0458c02_11']	除見滅所斷識。	除見滅所斷識。	Excluding the consciousnesses to be eliminated by insight into the truth of cessation.
['T27n1545_089:0458c02_17']	合為十一識。	合為十一識。	Combined into eleven consciousnesses.
['T27n1545_089:0458c03_9', 'T27n1545_089:0458c03_16']	十二苦集道智品無漏識故。🔽此三解脫緣識。	十二苦集道智品無漏識故。 此三解脫緣識。	The twelfth is the pure consciousness of the categories of the knowledge of suffering, origination, and path.
['T27n1545_089:0458c04_1']	緣緣識。	緣緣識。	The objects of these three liberations are also the objects of the immediately preceding condition.🔽The anusayas that increase are
['T27n1545_089:0458c04_7']	俱欲界三部。	俱欲界三部。	the three categories in the desire realm,
['T27n1545_089:0458c04_14', 'T27n1545_089:0458c04_19', 'T27n1545_089:0458c05_3']	色無色界四部。🔽隨眠隨增。🔽後二解脫。	色無色界四部。 隨眠隨增。 後二解脫。	and the four categories in the form and formless realms.
['T27n1545_089:0458c05_11']	及後二遍處緣識。	及後二遍處緣識。	The last two liberations and the last two bases of totality have as their objects
['T27n1545_089:0458c05_16']	三界三部。	三界三部。	the three categories in the three realms.
['T27n1545_089:0458c06_4']	緣緣識欲界三部。	緣緣識欲界三部。	The objects of their immediately preceding condition are the three categories in the desire realm,
['T27n1545_089:0458c06_12']	色無色界四部者。	色無色界四部者。	and the four categories in the form and formless realms.
['T27n1545_089:0458c07_9']	此四法唯無色界修所斷加行善攝故。	此四法唯無色界修所斷加行善攝故。	These four dharmas are only included in the category of preparatory wholesome [dharmas] that are eliminated by cultivation in the formless realm.
['T27n1545_089:0458c07_18', 'T27n1545_089:0458c08_17']	十六識內十識所緣。🔽一欲界見苦所斷他界緣遍行隨眠相應識。	十六識內十識所緣。 一欲界見苦所斷他界緣遍行隨眠相應識。	Among the sixteen consciousnesses, they are the objects of ten consciousnesses.🔽First, the consciousness associated with the pervasive contaminants eliminated by seeing suffering in the desire realm that take other realms as objects.
['T27n1545_089:0458c09_17']	二欲界見集所斷他界緣遍行隨眠相應識。	二欲界見集所斷他界緣遍行隨眠相應識。	Second, the consciousness associated with the pervasive contaminants eliminated by seeing the accumulation [of suffering] in the desire realm that take other realms as objects.
['T27n1545_089:0458c10_8']	三欲界修所斷善識。	三欲界修所斷善識。	Third, the wholesome consciousness eliminated by cultivation in the desire realm.
['T27n1545_089:0458c10_15']	如欲界三部識。	如欲界三部識。	Just as there are three types of consciousness in the desire realm,
['T27n1545_089:0458c11_4']	色界三部識亦爾。	色界三部識亦爾。	there are also three types of consciousness in the form realm.
['T27n1545_089:0458c11_9', 'T27n1545_089:0458c12_6']	合為六識。🔽七無色界見苦所斷遍行隨眠相應識。	合為六識。 七無色界見苦所斷遍行隨眠相應識。	Together they are six consciousnesses.🔽Seventh, the consciousness associated with the pervasive contaminants eliminated by seeing suffering in the formless realm.
['T27n1545_089:0458c13_4', 'T27n1545_089:0458c13_13']	八無色界見集所斷遍行隨眠相應識。🔽九無色界修所斷善。	八無色界見集所斷遍行隨眠相應識。 九無色界修所斷善。	Eighth, the consciousness associated with the pervasive contaminants eliminated by seeing the accumulation [of suffering] in the formless realm.🔽Ninth, the wholesome and defiled, uncovered, and indeterminate consciousness in the formless realm.
['T27n1545_089:0458c14_7']	及染污無覆無記識十無漏識。	及染污無覆無記識十無漏識。	Tenth, the pure consciousness.
['T27n1545_089:0458c14_15']	謂苦集類智品故。	謂苦集類智品故。	This is because it belongs to the category of the knowledge of suffering and accumulation.
['T27n1545_089:0458c15_2']	此四法緣識。	此四法緣識。	The consciousness that takes these four dharmas as objects
['T27n1545_089:0458c15_11']	三界三部隨眠隨增。	三界三部隨眠隨增。	is increased by the contaminants of the three categories in the three realms.
['T27n1545_089:0458c15_17']	此四法緣識。	此四法緣識。	The consciousness that takes these four dharmas as objects
['T27n1545_089:0458c16_7']	十六識內十二識所緣。	十六識內十二識所緣。	is the object of twelve consciousnesses among the sixteen consciousnesses.
['T27n1545_089:0458c17_1']	謂三界各見苦集修所斷識。	謂三界各見苦集修所斷識。	Namely, the consciousnesses to be eliminated by seeing suffering, seeing cause, and cultivation in the three realms.
['T27n1545_089:0458c18_2']	及色無色界各見道所斷無漏緣隨眠相應識。	及色無色界各見道所斷無漏緣隨眠相應識。	And the consciousnesses associated with the contaminants with pure objects to be eliminated by seeing the path in the form and formless realms.
['T27n1545_089:0458c18_13']	并苦集道智品無漏識故。	并苦集道智品無漏識故。	And the pure consciousnesses in the categories of the knowledge of suffering, cause, and path.
['T27n1545_089:0458c19_1']	此四法緣緣識。	此四法緣緣識。	The consciousnesses that have these four dharmas as their object-support.
['T27n1545_089:0458c19_6']	欲界三部。	欲界三部。	The three categories in the desire realm.
['T27n1545_089:0458c19_13']	色無色界四部。	色無色界四部。	The four categories in the form and formless realms.
['T27n1545_089:0458c19_18']	隨眠隨增。	隨眠隨增。	The contaminants increase in accordance with them.
['T27n1545_089:0458c20_2']	法智緣識。	法智緣識。	The consciousnesses that have the knowledge of dharmas as their object.
['T27n1545_089:0458c20_10', 'T27n1545_089:0458c21_3']	欲界二部及遍行。🔽色界遍行及修所斷緣緣識。	欲界二部及遍行。 色界遍行及修所斷緣緣識。	The two categories and the universal [contaminants] in the desire realm.
['T27n1545_089:0458c21_8']	欲界四部。	欲界四部。	The object-support of the object-support is the four categories in the desire realm.
['T27n1545_089:0458c21_13']	色界三部。	色界三部。	The three categories in the form realm.
['T27n1545_089:0458c22_4']	無色界遍行及修所斷者。	無色界遍行及修所斷者。	The universal [contaminants] and the contaminants to be eliminated by cultivation in the formless realm.
['T27n1545_089:0458c22_11']	法智在六地故。	法智在六地故。	Because the knowledge of dharmas is in six stages.
['T27n1545_089:0458c23_1']	十六識內四識所緣。	十六識內四識所緣。	Among the sixteen consciousnesses, it is the object of four consciousnesses.
['T27n1545_089:0458c23_17']	一欲界見道所斷無漏緣隨眠相應識。	一欲界見道所斷無漏緣隨眠相應識。	First, the consciousness associated with the contaminants with pure objects to be eliminated by seeing the path in the desire realm.
['T27n1545_089:0458c24_7']	二欲界修所斷善識。	二欲界修所斷善識。	Second, the wholesome consciousness to be eliminated by cultivation in the desire realm.
['T27n1545_089:0458c24_16']	三色界修所斷善識。	三色界修所斷善識。	Third, the wholesome consciousness to be eliminated by cultivation in the form realm.
['T27n1545_089:0458c25_2']	四無漏識。	四無漏識。	Fourth, the pure consciousness.
['T27n1545_089:0458c25_9']	謂道法智品故。	謂道法智品故。	Because it is in the category of the knowledge of dharmas and the path.
['T27n1545_089:0458c25_14']	法智緣識。	法智緣識。	The consciousnesses that have the knowledge of dharmas as their object.
['T27n1545_089:0458c26_2']	欲界二部及遍行。	欲界二部及遍行。	The two parts of the desire realm and the universal [contaminants].
['T27n1545_089:0458c26_15']	色界遍行及修所斷隨眠隨增。	色界遍行及修所斷隨眠隨增。	The universal [contaminants] of the form realm and the contaminants eliminated by cultivation increase.
['T27n1545_089:0458c27_1']	法智緣識。	法智緣識。	The consciousness that takes the cognition of dharmas as its object.
['T27n1545_089:0458c27_10', 'T27n1545_089:0458c28_6']	十六識內九識所緣。🔽一欲界見苦所斷遍行隨眠相應識。	十六識內九識所緣。 一欲界見苦所斷遍行隨眠相應識。	Among the sixteen consciousnesses, it is the object of nine consciousnesses.🔽The first is the consciousness associated with the universal contaminants eliminated by seeing suffering in the desire realm.
['T27n1545_089:0458c29_3']	二欲界見集所斷遍行隨眠相應識。	二欲界見集所斷遍行隨眠相應識。	The second is the consciousness associated with the universal contaminants eliminated by seeing the accumulation [of suffering] in the desire realm.
['T27n1545_089:0458c29_18', 'T27n1545_089:0459a01_7']	三欲界見道所斷一切隨眠相應識。🔽四欲界修所斷善。	三欲界見道所斷一切隨眠相應識。 四欲界修所斷善。	The third is the consciousness associated with all contaminants eliminated by seeing the path in the desire realm.
['T27n1545_089:0459a01_16', 'T27n1545_089:0459a02_12']	及染污無覆無記識。🔽五色界見苦所斷遍行隨眠相應識。	及染污無覆無記識。 五色界見苦所斷遍行隨眠相應識。	The fourth is the wholesome and defiled, uncovered, and indeterminate consciousness eliminated by cultivation in the desire realm.🔽The fifth is the consciousness associated with the universal contaminants eliminated by seeing suffering in the form realm.
['T27n1545_089:0459a03_9', 'T27n1545_089:0459a03_17']	六色界見集所斷遍行隨眠相應識。🔽七色界修所斷善。	六色界見集所斷遍行隨眠相應識。 七色界修所斷善。	The sixth is the consciousness associated with the universal contaminants eliminated by seeing the accumulation [of suffering] in the form realm.
['T27n1545_089:0459a04_7']	及染污無覆無記識。	及染污無覆無記識。	The seventh is the wholesome and defiled, uncovered, and indeterminate consciousness eliminated by cultivation in the form realm.
['T27n1545_089:0459a04_17']	八無色界修所斷善識。	八無色界修所斷善識。	The eighth is the wholesome consciousness eliminated by cultivation in the formless realm.
['T27n1545_089:0459a05_9']	九苦集道智品無漏識故。	九苦集道智品無漏識故。	The ninth is the pure consciousness belonging to the categories of cognition of suffering, cognition of accumulation, and cognition of the path.
['T27n1545_089:0459a05_15']	法智緣緣識。	法智緣緣識。	The consciousness that takes the cognition of dharmas as its object-support.
['T27n1545_089:0459a06_1']	欲界四部。	欲界四部。	The four categories in the desire realm.
['T27n1545_089:0459a06_6']	色界三部。	色界三部。	The three categories in the form realm.
['T27n1545_089:0459a06_12']	無色界遍行。	無色界遍行。	The universal [contaminants] of the formless realm.
['T27n1545_089:0459a07_2']	及修所斷隨眠隨增。	及修所斷隨眠隨增。	And the contaminants abandoned by cultivation increase.
['T27n1545_089:0459a07_7']	類智緣識。	類智緣識。	The consciousness that takes the cognition of similarity as its object.
['T27n1545_089:0459a07_17']	色無色界二部及遍行。	色無色界二部及遍行。	The two parts and the universal [contaminants] of the form and formless realms.
['T27n1545_089:0459a08_6']	欲界遍行及修所斷。	欲界遍行及修所斷。	And the universal [contaminants] of the desire realm and those abandoned by cultivation.
['T27n1545_089:0459a08_10']	緣緣識。	緣緣識。	The consciousness that takes it as its dominant condition.
['T27n1545_089:0459a08_15']	欲界三部。	欲界三部。	The three parts of the desire realm.
['T27n1545_089:0459a09_3']	色無色界四部者。	色無色界四部者。	The four parts of the form and formless realms.
['T27n1545_089:0459a09_10']	類智在九地故。	類智在九地故。	Because the cognition of similarity is in nine stages.
['T27n1545_089:0459a10_1']	十六識內六識所緣。	十六識內六識所緣。	Among the sixteen consciousnesses, it is the object of six consciousnesses.
['T27n1545_089:0459a11_2']	謂色無色界各見道所斷無漏緣隨眠相應識。	謂色無色界各見道所斷無漏緣隨眠相應識。	Namely, the consciousnesses associated with the contaminants that take the pure [dharmas] of the form and formless realms as their objects and are to be abandoned during the path of seeing.
['T27n1545_089:0459a11_11']	及三界修所斷善識。	及三界修所斷善識。	And the wholesome consciousnesses to be abandoned during cultivation of the three realms.
['T27n1545_089:0459a11_16']	合為五識。	合為五識。	Together, they form five consciousnesses.
['T27n1545_089:0459a12_1']	六無漏識。	六無漏識。	The sixth is the pure consciousness.
['T27n1545_089:0459a12_8']	謂道類智品故。	謂道類智品故。	Because it belongs to the class of cognition of similarity.
['T27n1545_089:0459a12_13']	類智緣識。	類智緣識。	The consciousness that takes the cognition of similarity as its object.
['T27n1545_089:0459a13_3']	色無色界二部及遍行。	色無色界二部及遍行。	The two parts and the universal [contaminants] of the form and formless realms.
['T27n1545_089:0459a13_16']	欲界遍行及修所斷隨眠隨增。	欲界遍行及修所斷隨眠隨增。	And the universal [contaminants] of the desire realm and those abandoned by cultivation increase.
['T27n1545_089:0459a14_12']	此類智緣識十六識內十二識所緣。	此類智緣識十六識內十二識所緣。	This consciousness that takes the cognition of similarity as its object is the object of twelve consciousnesses among the sixteen consciousnesses.
['T27n1545_089:0459a15_11']	謂三界各見苦集所斷遍行隨眠相應識。	謂三界各見苦集所斷遍行隨眠相應識。	Namely, the consciousnesses associated with the universal contaminants to be abandoned during the path of seeing of the three realms and the aggregates of suffering and accumulation.
['T27n1545_089:0459a15_17']	及修所斷善。	及修所斷善。	and the wholesome [mind] to be eliminated by cultivation,
['T27n1545_089:0459a16_7']	及染污無覆無記識。	及染污無覆無記識。	and defiled and non-obscuring-non-defined consciousness,
['T27n1545_089:0459a17_7']	并色無色界各見道所斷一切隨眠相應識。	并色無色界各見道所斷一切隨眠相應識。	and the consciousness associated with all the latent tendencies to be eliminated by the path of seeing in the form and formless realms,
['T27n1545_089:0459a17_13']	合為十一識。	合為十一識。	are combined into eleven consciousnesses.
['T27n1545_089:0459a18_6']	十二苦集道智品無漏識故。	十二苦集道智品無漏識故。	Because of the uncontaminated consciousnesses of the categories of the knowledge of suffering, origination, and path.
['T27n1545_089:0459a18_12']	類智緣緣識。	類智緣緣識。	The object-field of the knowledge of variety is the consciousness that is the object-field of the knowledge of suffering.
['T27n1545_089:0459a18_17']	欲界三部。	欲界三部。	The latent tendencies of the three categories in the desire realm,
['T27n1545_089:0459a19_4']	色無色界四部。	色無色界四部。	and the four categories in the form and formless realms,
['T27n1545_089:0459a19_9']	隨眠隨增。	隨眠隨增。	increase.
['T27n1545_089:0459a20_2']	問何界何地見道所斷邪見。	問何界何地見道所斷邪見。	In which realm and stage are the wrong views to be eliminated by the path of seeing?
['T27n1545_089:0459a20_11']	緣何品何地聖道耶。	緣何品何地聖道耶。	What categories and stages of the noble path do they take as their object?
['T27n1545_089:0459a20_16']	有作是說。	有作是說。	Some say:
['T27n1545_089:0459a21_8']	彼邪見但緣斷對治聖道。	彼邪見但緣斷對治聖道。	That wrong view only takes the noble path that is the counteragent to be eliminated as its object.
['T27n1545_089:0459a21_13']	若作是說。	若作是說。	If this is said,
['T27n1545_089:0459a22_8']	欲界邪見但緣未至定所攝聖道。	欲界邪見但緣未至定所攝聖道。	the wrong view in the desire realm only takes the noble path included in the stage of access concentration as its object.
['T27n1545_089:0459a22_14']	初靜慮邪見。	初靜慮邪見。	The wrong view in the first meditative absorption,
['T27n1545_089:0459a23_5']	但緣三地所攝聖道。	但緣三地所攝聖道。	only takes the noble path included in the three stages as its object.
['T27n1545_089:0459a24_2']	第二靜慮邪見但緣四地所攝聖道。	第二靜慮邪見但緣四地所攝聖道。	The wrong view in the second meditative absorption only takes the noble path included in the four stages as its object.
['T27n1545_089:0459a24_17']	第三靜慮邪見但緣五地所攝聖道。	第三靜慮邪見但緣五地所攝聖道。	The wrong view in the third meditative absorption only takes the noble path included in the five stages as its object.
['T27n1545_089:0459a25_3']	第四靜慮。	第四靜慮。	In the fourth meditative absorption,
['T27n1545_089:0459a25_10']	及無色界邪見。	及無色界邪見。	And the wrong views of the formless realm.
['T27n1545_089:0459a26_1']	皆但緣六地所攝聖道。	皆但緣六地所攝聖道。	All only take the noble path included in the six stages as their object.
['T27n1545_089:0459a26_6']	復有說者。	復有說者。	There is also a theory.
['T27n1545_089:0459a26_18']	彼邪見亦緣厭壞對治聖道。	彼邪見亦緣厭壞對治聖道。	That wrong view also takes the noble path of the counteragent of disgust and destruction as its object.
['T27n1545_089:0459a27_17']	若作是說欲色界邪見皆緣六地所攝聖道。	若作是說欲色界邪見皆緣六地所攝聖道。	If this is said, the wrong views of the desire realm and form realm all take the noble path included in the six stages as their object.
['T27n1545_089:0459a28_6']	空無邊處邪見。	空無邊處邪見。	The wrong view of the sphere of infinite space.
['T27n1545_089:0459a28_14']	緣七地所攝聖道。	緣七地所攝聖道。	Takes the noble path included in the seven stages as its object.
['T27n1545_089:0459a29_9']	識無邊處邪見緣八地所攝聖道。	識無邊處邪見緣八地所攝聖道。	The wrong view of the sphere of infinite consciousness takes the noble path included in the eight stages as its object.
['T27n1545_089:0459b01_5']	無所有處及非想非非想處邪見。	無所有處及非想非非想處邪見。	The wrong views of the sphere of nothingness and the sphere of neither-perception-nor-non-perception.
['T27n1545_089:0459b01_14']	俱緣九地所攝聖道。	俱緣九地所攝聖道。	Both take the noble path included in the nine stages as their object.
['T27n1545_089:0459b01_17']	評曰。	評曰。	The judges say.
['T27n1545_089:0459b02_3']	應作是說。	應作是說。	It should be said.
['T27n1545_089:0459b02_12']	欲界見道所斷邪見。	欲界見道所斷邪見。	The wrong views abandoned by seeing the path in the desire realm.
['T27n1545_089:0459b03_5']	緣六地一切法智品聖道。	緣六地一切法智品聖道。	Take the noble path of the class of dharma cognition included in the six stages as their object.
['T27n1545_089:0459b03_16']	色無色界見道所斷邪見。	色無色界見道所斷邪見。	The wrong views abandoned by seeing the path in the form and formless realms.
['T27n1545_089:0459b04_9']	皆緣九地一切類智品聖道。	皆緣九地一切類智品聖道。	All take the noble path of the class of subsequent cognition included in the nine stages as their object.
['T27n1545_089:0459b04_15']	以種類同故。	以種類同故。	Because the types are the same.
['T27n1545_089:0459b05_2']	他心智緣識。	他心智緣識。	The knowledge of others' minds takes consciousness as its object.
['T27n1545_089:0459b05_8']	欲色界四部。	欲色界四部。	The four categories of the desire and form realms.
['T27n1545_089:0459b05_17']	無色界二部及遍行。	無色界二部及遍行。	The two parts and the universal [contaminants] of the formless realm.
['T27n1545_089:0459b06_1']	緣緣識。	緣緣識。	The object-condition consciousness.
['T27n1545_089:0459b06_7']	三界四部者。	三界四部者。	The four parts of the three realms.
['T27n1545_089:0459b06_16']	他心智通有漏無漏。	他心智通有漏無漏。	The supernormal knowledge of knowing others' minds is either contaminated or uncontaminated.
['T27n1545_089:0459b07_1']	有漏者。	有漏者。	The contaminated one.
['T27n1545_089:0459b07_7']	通色界四地。	通色界四地。	It is common to the four stages of the form realm.
['T27n1545_089:0459b07_16']	唯修所斷加行善攝。	唯修所斷加行善攝。	It is only included in the wholesome of added effort.
['T27n1545_089:0459b08_1']	無漏者。	無漏者。	The uncontaminated one.
['T27n1545_089:0459b08_7']	通四靜慮地。	通四靜慮地。	It is common to the stages of the four meditations.
['T27n1545_089:0459b08_14']	道法類智品故。	道法類智品故。	Because it is the category of the knowledge of the path and the knowledge of the truth of suffering.
['T27n1545_089:0459b09_7', 'T27n1545_089:0459b10_7']	他心智十六識內十一識所緣。🔽一欲界見苦所斷他界緣遍行隨眠相應識。	他心智十六識內十一識所緣。 一欲界見苦所斷他界緣遍行隨眠相應識。	The supernormal knowledge of knowing others' minds is the object of eleven consciousnesses out of the sixteen consciousnesses.🔽The first is the consciousness associated with the contaminants to be eliminated by seeing suffering in the desire realm, which has other realms as its objects, and is a universal [contaminant].
['T27n1545_089:0459b11_7']	二欲界見集所斷他界緣遍行隨眠相應識。	二欲界見集所斷他界緣遍行隨眠相應識。	The second is the consciousness associated with the contaminants to be eliminated by seeing the origin of suffering in the desire realm, which has other realms as its objects, and is a universal [contaminant].
['T27n1545_089:0459b12_5']	三欲界見道所斷無漏緣隨眠相應識。	三欲界見道所斷無漏緣隨眠相應識。	The third is the consciousness associated with the contaminants to be eliminated by seeing the path in the desire realm, which has the uncontaminated as its objects, and is a universal [contaminant].
['T27n1545_089:0459b12_14', 'T27n1545_089:0459b13_10']	四欲界修所斷善識。🔽五色界見苦所斷遍行隨眠相應識。	四欲界修所斷善識。 五色界見苦所斷遍行隨眠相應識。	The fourth is the wholesome consciousness to be eliminated by cultivation in the desire realm.🔽The fifth is the consciousness associated with the universal contaminants to be eliminated by seeing suffering in the form realm.
['T27n1545_089:0459b14_7']	六色界見集所斷遍行隨眠相應識。	六色界見集所斷遍行隨眠相應識。	The sixth is the consciousness associated with the universal contaminants to be eliminated by seeing the origin of suffering in the form realm.
['T27n1545_089:0459b15_5', 'T27n1545_089:0459b15_13']	七色界見道所斷無漏緣隨眠相應識。🔽八色界修所斷善。	七色界見道所斷無漏緣隨眠相應識。 八色界修所斷善。	Seventh, the consciousness associated with the contaminants to be eliminated by seeing the truth of the path in the form realm that have pure objects as their objects.
['T27n1545_089:0459b16_3']	及染污無覆無記識。	及染污無覆無記識。	Eighth, the wholesome and defiled non-obscured-neutral consciousnesses in the form realm.
['T27n1545_089:0459b17_2']	九無色界見道所斷無漏緣隨眠相應識。	九無色界見道所斷無漏緣隨眠相應識。	Ninth, the consciousness associated with the contaminants to be eliminated by seeing the truth of the path in the formless realm that have pure objects as their objects.
['T27n1545_089:0459b17_12']	十無色界修所斷善識。	十無色界修所斷善識。	Tenth, the wholesome consciousness in the formless realm.
['T27n1545_089:0459b17_18']	十一無漏識。	十一無漏識。	Eleventh, the pure consciousness.
['T27n1545_089:0459b18_5']	謂苦集類智品。	謂苦集類智品。	That is, the class of subsequent knowledge with regard to the truths of suffering and origination,
['T27n1545_089:0459b18_13']	及道法類智品故。	及道法類智品故。	and the class of knowledge of the truth of the path with regard to the law and subsequent knowledge.
['T27n1545_089:0459b18_19']	他心智緣識。	他心智緣識。	The consciousness that is the object of the knowledge of others' minds.
['T27n1545_089:0459b19_5']	欲色界四部。	欲色界四部。	In the desire and form realms, it belongs to the four categories.
['T27n1545_089:0459b19_11']	無色界二部。	無色界二部。	In the formless realm, it belongs to two categories.
['T27n1545_089:0459b19_19']	及遍行隨眠隨增。	及遍行隨眠隨增。	The contaminants that are universally eliminated increase.
['T27n1545_089:0459b20_14']	他心智緣識十六識內十三識所緣。	他心智緣識十六識內十三識所緣。	The consciousness that is the object of the knowledge of others' minds is the object of thirteen consciousnesses out of the sixteen consciousnesses.
['T27n1545_089:0459b21_4']	謂三界各四部識。	謂三界各四部識。	That is, the consciousnesses of the four categories in the three realms.
['T27n1545_089:0459b21_10']	除見滅所斷。	除見滅所斷。	Excluding that which is to be eliminated by seeing cessation.
['T27n1545_089:0459b22_2']	無色界見苦集所斷識中。	無色界見苦集所斷識中。	In the consciousnesses to be eliminated by seeing the truths of suffering and origination in the formless realm,
['T27n1545_089:0459b22_12']	唯取遍行隨眠相應識。	唯取遍行隨眠相應識。	Only the consciousness associated with the contaminants that are universally eliminated is taken.
['T27n1545_089:0459b22_18']	合為十二識。	合為十二識。	Combined into twelve consciousnesses.
['T27n1545_089:0459b23_11']	十三苦集道智品無漏識故。	十三苦集道智品無漏識故。	Thirteenth, because of the pure consciousness of the class of knowledge of the truths of suffering, origination, and the path.
['T27n1545_089:0459b23_18']	他心智緣緣識。	他心智緣緣識。	The object-field of the cognition of the mind of another is the consciousness that is the object-field of the cognition of the mind of another.
['T27n1545_089:0459b24_8']	三界四部隨眠隨增。	三界四部隨眠隨增。	The proclivities of the three realms and the four categories increase in relation to it.
['T27n1545_089:0459b25_2', 'T27n1545_089:0459b25_11']	三重三摩地緣識三界三部。🔽緣緣識三界四部者。	三重三摩地緣識三界三部。 緣緣識三界四部者。	The three concentrations have as their object-field the consciousness of the three realms and the three categories.🔽The consciousness that is the object-field of the three concentrations is the consciousness of the three realms and the four categories.
['T27n1545_089:0459b26_3']	三重三摩地通三界九地。	三重三摩地通三界九地。	The three concentrations are common to the nine stages of the three realms.
['T27n1545_089:0459b26_13']	唯修所斷加行善攝故。	唯修所斷加行善攝故。	They are only included in the wholesome of the path of added effort.
['T27n1545_089:0459b27_3', 'T27n1545_089:0459b27_18']	十六識內十識所緣。🔽一欲界見苦所斷遍行隨眠相應識。	十六識內十識所緣。 一欲界見苦所斷遍行隨眠相應識。	Among the sixteen consciousnesses, they are the objects of ten consciousnesses.🔽The first is the consciousness associated with the universal proclivities abandoned by insight into the truth of suffering in the realm of desire.
['T27n1545_089:0459b28_14', 'T27n1545_089:0459b29_4']	二欲界見集所斷遍行隨眠相應識。🔽三欲界修所斷善。	二欲界見集所斷遍行隨眠相應識。 三欲界修所斷善。	The second is the consciousness associated with the universal proclivities abandoned by insight into the truth of the accumulation of suffering in the realm of desire.
['T27n1545_089:0459b29_13']	及染污無覆無記識。	及染污無覆無記識。	The third is the wholesome and defiled, as well as the unwholesome and unobscured consciousness of the realm of desire.
['T27n1545_089:0459c01_1']	如欲界三部識。	如欲界三部識。	Just as there are three categories of consciousness in the realm of desire,
['T27n1545_089:0459c01_12']	色無色界各三部識亦爾。	色無色界各三部識亦爾。	so too are there three categories of consciousness in the realms of form and non-form.
['T27n1545_089:0459c01_17']	合為九識。	合為九識。	Together they form nine consciousnesses.
['T27n1545_089:0459c02_2']	十無漏識。	十無漏識。	The tenth is the pure consciousness.
['T27n1545_089:0459c02_11']	謂苦集法類智品故。	謂苦集法類智品故。	This refers to the categories of the cognition of the truth of suffering and the cognition of the truth of the accumulation of suffering in the path of insight, and the categories of the cognition of the truth of the path and the cognition of the truth of the cessation of suffering in the path of cultivation.
['T27n1545_089:0459c02_19']	三重三摩地緣識。	三重三摩地緣識。	The consciousness that is the object-field of the three concentrations
['T27n1545_089:0459c03_8']	三界三部隨眠隨增。	三界三部隨眠隨增。	The proclivities of the three realms and the three categories increase in relation to it.
['T27n1545_089:0459c03_16']	三重三摩地緣識。	三重三摩地緣識。	The consciousness that is the object-field of the three concentrations
['T27n1545_089:0459c04_7']	十六識內十三識所緣。	十六識內十三識所緣。	Among the sixteen consciousnesses, it is the object of thirteen consciousnesses.
['T27n1545_089:0459c05_2']	謂三界各四部識除見滅所斷。	謂三界各四部識除見滅所斷。	Namely, the four parts of the three realms, excluding that which is to be eliminated by seeing cessation.
['T27n1545_089:0459c05_8']	合為十二識。	合為十二識。	Combined into twelve consciousnesses.
['T27n1545_089:0459c06_1']	十三苦集道智品無漏識故。	十三苦集道智品無漏識故。	The thirteenth is the pure consciousness of the category of the knowledge of suffering, origination, and path.
['T27n1545_089:0459c06_10']	三重三摩地緣緣識。	三重三摩地緣緣識。	The object of the three formless concentrations is the consciousness that is the object of the three formless concentrations.
['T27n1545_089:0459c07_11']	三界四部隨眠隨增有身見結緣識三界三部者。	三界四部隨眠隨增有身見結緣識三界三部者。	The latent tendencies of the four parts of the three realms increase. The consciousness that is the object of the fetter of the view of the real nature of the body is the consciousness of the three parts of the three realms.
['T27n1545_089:0459c07_17']	謂此結緣識。	謂此結緣識。	Namely, this fetter is the consciousness that is the object.
['T27n1545_089:0459c08_14']	三界各見苦集修所斷三部隨眠隨增。	三界各見苦集修所斷三部隨眠隨增。	The latent tendencies of the three parts of each of the three realms increase.
['T27n1545_089:0459c09_5']	緣緣識三界四部者。	緣緣識三界四部者。	The consciousness that is the object of the condition is the consciousness of the four parts of the three realms.
['T27n1545_089:0459c10_3']	謂此結緣緣識三界各四部隨眠隨增。	謂此結緣緣識三界各四部隨眠隨增。	Namely, this fetter is the consciousness that is the object of the condition. The latent tendencies of the four parts of each of the three realms increase.
['T27n1545_089:0459c10_12']	除見滅所斷有身見。	除見滅所斷有身見。	Excluding that which is to be eliminated by seeing cessation, the view of the real nature of the body.
['T27n1545_089:0459c11_7']	順下分結有身見邊執見亦爾者。	順下分結有身見邊執見亦爾者。	The fetters that favor the lower part are the same as the view of the real nature of the body and the extreme view.
['T27n1545_089:0459c11_18', 'T27n1545_089:0459c13_1']	謂五順下分結中有身見。🔽五見中有身見邊執見緣識緣緣識隨眠隨增。	謂五順下分結中有身見。 五見中有身見邊執見緣識緣緣識隨眠隨增。	Namely, among the five fetters that favor the lower part, there is the view of the real nature of the body.
['T27n1545_089:0459c13_12']	亦如三結中有身見結說。	亦如三結中有身見結說。	Among the five views, there is the view of the real nature of the body and the extreme view. The latent tendencies that increase in the consciousness that is the object and the object of the condition are also explained as the fetter of the view of the real nature of the body among the three fetters.
['T27n1545_089:0459c14_4']	戒禁取結緣識三界三部。	戒禁取結緣識三界三部。	The fetter of clinging to precepts and vows takes as its object the consciousness of the three realms and the three categories.
['T27n1545_089:0459c14_14']	及見道所斷有漏緣者。	及見道所斷有漏緣者。	And those with impure objects abandoned by the path of seeing.
['T27n1545_089:0459c15_1']	謂此結緣識。	謂此結緣識。	That is to say, this fetter takes as its object the consciousness.
['T27n1545_089:0459c15_13']	三界各見苦集修所斷三部。	三界各見苦集修所斷三部。	The three realms each have the three categories abandoned by seeing suffering, seeing origination, and cultivation.
['T27n1545_089:0459c16_7']	及見道所斷有漏緣隨眠隨增。	及見道所斷有漏緣隨眠隨增。	And the proclivities abandoned by the path of seeing with impure objects increase.
['T27n1545_089:0459c16_16']	緣緣識三界四部者。	緣緣識三界四部者。	The consciousness that is its object of perception has the four categories of the three realms.
['T27n1545_089:0459c17_13']	謂此結緣緣識三界各四部隨眠隨增。	謂此結緣緣識三界各四部隨眠隨增。	That is to say, this fetter takes as its object the consciousness of the three realms each having the four categories of proclivities that increase.
['T27n1545_089:0459c18_1', 'T27n1545_089:0459c18_5']	除見滅所斷。🔽戒禁取。	除見滅所斷。 戒禁取。	Excluding that which is abandoned by seeing cessation.🔽Clinging to precepts and vows.
['T27n1545_089:0459c18_12']	及戒禁取身繫。	及戒禁取身繫。	The fetter of clinging to precepts and vows.
['T27n1545_089:0459c18_20']	戒禁取順下分結。	戒禁取順下分結。	The fetter of clinging to precepts and vows that conforms to the lower part.
['T27n1545_089:0459c19_6', 'T27n1545_089:0459c19_14']	戒禁取亦爾者。🔽謂四取中戒禁取。	戒禁取亦爾者。 謂四取中戒禁取。	Clinging to precepts and vows is also like this.🔽That is to say, among the four kinds of grasping, clinging to precepts and vows.
['T27n1545_089:0459c20_3']	四身繫中戒禁取。	四身繫中戒禁取。	Among the four kinds of fetters, clinging to precepts and vows.
['T27n1545_089:0459c20_13']	五順下分結中戒禁取。	五順下分結中戒禁取。	Among the five kinds of fetters that conform to the lower part, clinging to precepts and vows.
['T27n1545_089:0459c21_1']	五見中戒禁取。	五見中戒禁取。	Among the five kinds of views, clinging to precepts and vows.
['T27n1545_089:0459c21_5']	緣緣識。	緣緣識。	The consciousness that is its object of perception.
['T27n1545_089:0459c21_13']	緣緣識隨眠隨增。	緣緣識隨眠隨增。	The proclivities of the consciousness that is its object of perception increase.
['T27n1545_089:0459c22_5']	亦如三結中戒禁取結說。	亦如三結中戒禁取結說。	It is also as explained in the fetter of clinging to precepts and vows among the three fetters.
['T27n1545_089:0459c22_14']	疑結緣識有漏緣者。	疑結緣識有漏緣者。	The fetter of doubt takes as its object the consciousness with impure objects.
['T27n1545_089:0459c23_13']	謂此結緣識三界各五部有漏緣隨眠隨增。	謂此結緣識三界各五部有漏緣隨眠隨增。	That is to say, the associated consciousness has the five classes in each of the three realms as its objects, and the proclivities with impure objects increase in accordance with conditions.
['T27n1545_089:0459c24_3']	緣緣識有為緣者。	緣緣識有為緣者。	As for the consciousness that is the condition as object, it has conditioned objects.
['T27n1545_089:0459c25_4']	謂此結緣緣識三界各五部有為緣隨眠隨增。	謂此結緣緣識三界各五部有為緣隨眠隨增。	That is to say, the associated consciousness has the five classes in each of the three realms as its objects, and the proclivities with conditioned objects increase in accordance with conditions.
['T27n1545_089:0459c25_13']	無明漏暴流軛見取。	無明漏暴流軛見取。	Ignorance, the flood and yoke of desire, the grasping of views,
['T27n1545_089:0459c26_1']	此實執身繫。	此實執身繫。	the fetter of adherence to particular views,
['T27n1545_089:0459c26_6']	貪慢結疑。	貪慢結疑。	the fetters of craving and pride, doubt,
['T27n1545_089:0459c26_11']	順下分結。	順下分結。	the lower fetters,
['T27n1545_089:0459c26_16']	邪見見取。	邪見見取。	wrong views and the grasping of views,
['T27n1545_089:0459c27_2']	意觸所生愛身。	意觸所生愛身。	the aggregate of feeling born of contact with the mind,
['T27n1545_089:0459c27_10']	慢無明見疑隨眠。	慢無明見疑隨眠。	the proclivities of pride, ignorance, views, and doubt,
['T27n1545_089:0459c28_3']	愛慢無明見取疑結亦爾者。	愛慢無明見取疑結亦爾者。	and the fetters of craving, pride, ignorance, the grasping of views, and doubt are also like this.
['T27n1545_089:0459c28_10']	謂三漏中無明。	謂三漏中無明。	That is to say, among the three floods, ignorance;
['T27n1545_089:0459c28_18', 'T27n1545_089:0459c29_4']	四暴流軛中無明。🔽四取中見取。	四暴流軛中無明。 四取中見取。	among the four floods and yokes, ignorance;🔽among the four graspings, the grasping of views;
['T27n1545_089:0459c29_12']	四身繫中此實執。	四身繫中此實執。	among the four fetters, the fetter of adherence to particular views;
['T27n1545_089:0459c29_18']	五結中貪慢。	五結中貪慢。	among the five fetters, craving and pride;
['T27n1545_089:0460a01_6']	五順下分結中疑。	五順下分結中疑。	among the five lower fetters, doubt;
['T27n1545_089:0460a01_14']	五見中邪見見取。	五見中邪見見取。	among the five views, wrong views and the grasping of views;
['T27n1545_089:0460a02_5']	六愛身中意觸所生愛。	六愛身中意觸所生愛。	among the six bases of contact, the aggregate of feeling born of contact with the mind;
['T27n1545_089:0460a02_15']	七隨眠中慢無明見疑。	七隨眠中慢無明見疑。	among the seven proclivities, pride, ignorance, views, and doubt;
['T27n1545_089:0460a03_6']	九結中愛慢無明見。	九結中愛慢無明見。	Among the nine fetters, craving, pride, ignorance, views,
['T27n1545_089:0460a03_10']	及取疑。	及取疑。	and grasping and doubt,
['T27n1545_089:0460a04_1']	緣識緣緣識隨眠隨增。	緣識緣緣識隨眠隨增。	the associated and object-as-condition consciousnesses and the latent afflictions increase.
['T27n1545_089:0460a04_10']	亦如三結中疑結說。	亦如三結中疑結說。	They are also explained like the fetter of doubt among the three fetters.
['T27n1545_089:0460a05_1']	三不善根及欲漏緣識。	三不善根及欲漏緣識。	The three unwholesome roots and the desire realm impurities as conditions,
['T27n1545_089:0460a05_11']	欲界有漏緣色界遍行。	欲界有漏緣色界遍行。	the desire realm contaminated as objects, the form realm universal,
['T27n1545_089:0460a05_17']	及修所斷者。	及修所斷者。	and the objects of abandonment through cultivation.
['T27n1545_089:0460a06_4']	謂此四法緣識。	謂此四法緣識。	That is to say, the associated consciousness of these four dharmas,
['T27n1545_089:0460a06_12']	欲界五部有漏緣。	欲界五部有漏緣。	the desire realm five classes of contaminated as objects,
['T27n1545_089:0460a06_17']	色界遍行。	色界遍行。	the form realm universal,
['T27n1545_089:0460a07_6']	及修所斷隨眠隨增。	及修所斷隨眠隨增。	and the objects of abandonment through cultivation, the latent afflictions increase.
['T27n1545_089:0460a07_15']	緣緣識欲界有為緣。	緣緣識欲界有為緣。	The object-as-condition consciousness, the desire realm conditioned as objects,
['T27n1545_089:0460a08_1']	色界三部。	色界三部。	the form realm three classes,
['T27n1545_089:0460a08_7']	無色界遍行。	無色界遍行。	the formless realm universal,
['T27n1545_089:0460a08_13']	及修所斷者。	及修所斷者。	and the objects of abandonment through cultivation.
['T27n1545_089:0460a09_1']	謂此四法緣緣識。	謂此四法緣緣識。	That is to say, the object-as-condition consciousness of these four dharmas,
['T27n1545_089:0460a09_9']	欲界五部有為緣。	欲界五部有為緣。	the desire realm five classes of conditioned as objects,
['T27n1545_089:0460a10_1']	色界見苦集修所斷三部。	色界見苦集修所斷三部。	the form realm three classes of objects abandoned by seeing suffering, origin, and cultivation,
['T27n1545_089:0460a10_7']	無色界遍行。	無色界遍行。	the formless realm universal,
['T27n1545_089:0460a10_16']	及修所斷隨眠隨增。	及修所斷隨眠隨增。	and the objects of abandonment through cultivation, the latent afflictions increase.
['T27n1545_089:0460a11_6']	欲暴流軛取前二身繫。	欲暴流軛取前二身繫。	The desire realm flood, yoke, grasping, the first two fetters,
['T27n1545_089:0460a11_14']	除惡作餘蓋瞋結。	除惡作餘蓋瞋結。	excluding regret, the remaining hindrances, and the fetter of anger,
['T27n1545_089:0460a12_2']	前二順下分結。	前二順下分結。	The first two are the lower fetters.
['T27n1545_089:0460a12_14']	欲貪瞋恚隨眠恚結亦爾者。	欲貪瞋恚隨眠恚結亦爾者。	As for the latent tendencies of desire for sensual pleasure and ill-will, the fetter of ill-will is also like this.
['T27n1545_089:0460a13_4']	謂四暴流軛取中欲。	謂四暴流軛取中欲。	This refers to desire for sensual pleasure among the four floods, yokes, and clingings.
['T27n1545_089:0460a13_11']	四身繫中前二。	四身繫中前二。	The first two among the four bodily ties.
['T27n1545_089:0460a14_1']	五蓋中除惡作餘。	五蓋中除惡作餘。	Excluding wrong view among the five hindrances.
['T27n1545_089:0460a14_6']	五結中瞋。	五結中瞋。	Ill-will among the five fetters.
['T27n1545_089:0460a14_15']	五順下分結中前二。	五順下分結中前二。	The first two among the five lower fetters.
['T27n1545_089:0460a15_4']	七隨眠中欲貪瞋恚。	七隨眠中欲貪瞋恚。	Desire for sensual pleasure and ill-will among the seven latent tendencies.
['T27n1545_089:0460a15_10']	九結中恚結。	九結中恚結。	The fetter of ill-will among the nine fetters.
['T27n1545_089:0460a15_17']	緣識隨眠隨增。	緣識隨眠隨增。	The latent tendencies increase in the corresponding consciousnesses that take them as objects.
['T27n1545_089:0460a16_5']	亦如三不善根。	亦如三不善根。	They are also like the three roots of non-goodness.
['T27n1545_089:0460a16_10']	及欲漏說。	及欲漏說。	And as explained in the case of the flood of desire.
['T27n1545_089:0460a16_15']	有漏緣識。	有漏緣識。	The consciousnesses that take the flood of existence as an object.
['T27n1545_089:0460a17_1']	欲界三部。	欲界三部。	In the desire realm, it is of the three categories.
['T27n1545_089:0460a17_10']	色無色界有漏緣者。	色無色界有漏緣者。	In the form and formless realms, it is the impure-impure consciousnesses.
['T27n1545_089:0460a18_7']	謂有漏緣識欲界見苦集修所斷三部。	謂有漏緣識欲界見苦集修所斷三部。	That is to say, the impure-impure consciousnesses that take the impure-impure as objects are of the three categories of being eliminated by seeing the truths of suffering and origination and by cultivation in the desire realm.
['T27n1545_089:0460a19_4']	色無色界各五部有漏緣隨眠隨增。	色無色界各五部有漏緣隨眠隨增。	The latent tendencies of the impure-impure consciousnesses that take the impure-impure as objects increase in the five categories of the form and formless realms.🔽The consciousnesses that are the dominant conditions for the impure-impure consciousnesses that take the impure-impure as objects.
['T27n1545_089:0460a19_12']	緣緣識欲界三部。	緣緣識欲界三部。	In the desire realm, it is of the three categories.
['T27n1545_089:0460a20_1', 'T27n1545_089:0460a20_8']	色無色有為緣者。🔽謂有漏緣緣識。	色無色有為緣者。 謂有漏緣緣識。	In the form and formless realms, it is the impure-impure consciousnesses that take the impure-impure as objects.
['T27n1545_089:0460a20_19']	欲界見苦集修所斷三部。	欲界見苦集修所斷三部。	That is to say, the impure-impure consciousnesses that are the dominant conditions for the impure-impure consciousnesses that take the impure-impure as objects are of the three categories of being eliminated by seeing the truths of suffering and origination and by cultivation in the desire realm.
['T27n1545_089:0460a21_14']	色無色界各五部有為緣隨眠隨增。	色無色界各五部有為緣隨眠隨增。	The five classes of afflictions in the form and formless realms that take conditioned things as their objects increase in accordance with the latent tendencies.
['T27n1545_089:0460a22_4']	有暴流軛我語取。	有暴流軛我語取。	The same is true for the flood, yoke, and grasping of self-existence.
['T27n1545_089:0460a22_12']	有貪隨眠亦爾者。	有貪隨眠亦爾者。	The latent tendency of craving for existence is also like this.
['T27n1545_089:0460a23_1']	謂四暴流軛中有。	謂四暴流軛中有。	It is said that within the four floods and yokes,
['T27n1545_089:0460a23_7']	四取中我語。	四取中我語。	there is the grasping of self-existence
['T27n1545_089:0460a23_14', 'T27n1545_089:0460a24_4']	七隨眠中有貪。🔽緣識緣緣識隨眠隨增。	七隨眠中有貪。 緣識緣緣識隨眠隨增。	among the seven latent tendencies, and the latent tendency of craving.🔽The associated consciousness and the immediately preceding condition consciousness increase in accordance with the latent tendencies.
['T27n1545_089:0460a24_18']	亦如三漏中有漏說惡作蓋緣識。	亦如三漏中有漏說惡作蓋緣識。	The same is true for the remorse cover, which takes the associated consciousness as its object.
['T27n1545_089:0460a25_4']	欲界三部。	欲界三部。	The three classes in the desire realm,
['T27n1545_089:0460a25_9']	色界遍行。	色界遍行。	the universal [contaminants] in the form realm,
['T27n1545_089:0460a25_15']	及修所斷者。	及修所斷者。	and those eliminated by cultivation.
['T27n1545_089:0460a26_1']	謂此蓋緣識。	謂此蓋緣識。	It is said that this cover takes the associated consciousness as its object.
['T27n1545_089:0460a26_12']	欲界見苦集修所斷三部。	欲界見苦集修所斷三部。	The three classes in the desire realm that are eliminated by seeing suffering, the cause of suffering, and cultivation,
['T27n1545_089:0460a26_17']	色界遍行。	色界遍行。	the universal [contaminants] in the form realm,
['T27n1545_089:0460a27_6']	及修所斷隨眠隨增。	及修所斷隨眠隨增。	and the latent tendencies eliminated by cultivation increase in accordance with the latent tendencies.
['T27n1545_089:0460a27_14']	緣緣識欲界四部。	緣緣識欲界四部。	The immediately preceding condition consciousness takes the four classes in the desire realm,
['T27n1545_089:0460a27_19']	色界三部。	色界三部。	the three classes in the form realm,
['T27n1545_089:0460a28_5']	無色界遍行。	無色界遍行。	the universal [contaminants] in the formless realm,
['T27n1545_089:0460a28_11']	及修所斷者。	及修所斷者。	and those eliminated by cultivation as its objects.
['T27n1545_089:0460a28_18']	謂此蓋緣緣識。	謂此蓋緣緣識。	It is said that this cover takes the immediately preceding condition consciousness as its object.
['T27n1545_089:0460a29_4']	欲界四部。	欲界四部。	The four classes in the desire realm,
['T27n1545_089:0460a29_10']	除見滅所斷。	除見滅所斷。	excluding those eliminated by seeing cessation,
['T27n1545_089:0460b01_2']	色界見苦集修所斷三部。	色界見苦集修所斷三部。	the three classes in the form realm that are eliminated by seeing suffering, the cause of suffering, and cultivation,
['T27n1545_089:0460b01_8']	無色界遍行。	無色界遍行。	The universal [contaminants] of the formless realm,
['T27n1545_089:0460b01_17']	及修所斷隨眠隨增。	及修所斷隨眠隨增。	and the contaminants to be eliminated by cultivation increase.
['T27n1545_089:0460b02_8']	嫉慳結鼻舌觸所生愛身。	嫉慳結鼻舌觸所生愛身。	The fetters of envy and stinginess, and the body of craving produced by nose and tongue contact,
['T27n1545_089:0460b02_15']	嫉慳結亦爾者。	嫉慳結亦爾者。	The fetters of envy and stinginess are also like this.
['T27n1545_089:0460b03_3']	謂五結中嫉慳。	謂五結中嫉慳。	That is to say, among the five fetters, envy and stinginess,
['T27n1545_089:0460b03_14']	六愛身中鼻舌觸所生愛。	六愛身中鼻舌觸所生愛。	Among the six bodies of craving, the craving produced by nose and tongue contact,
['T27n1545_089:0460b04_1']	九結中嫉慳。	九結中嫉慳。	Among the nine fetters, envy and stinginess,
['T27n1545_089:0460b04_11']	緣識緣緣識隨眠隨增。	緣識緣緣識隨眠隨增。	The associated and object-as-condition consciousnesses and contaminants increase.
['T27n1545_089:0460b04_18']	亦如惡作蓋說。	亦如惡作蓋說。	They are also explained like the hindrances of remorse.
['T27n1545_089:0460b05_12']	色貪順上分結緣識欲色界三部。	色貪順上分結緣識欲色界三部。	Craving for form, the fetter of the higher realms, the associated consciousnesses of the desire and form realms are of three categories,
['T27n1545_089:0460b05_18']	無色界遍行。	無色界遍行。	The universal [contaminants] of the formless realm,
['T27n1545_089:0460b06_5']	及修所斷者。	及修所斷者。	and those to be eliminated by cultivation.
['T27n1545_089:0460b06_11']	謂此結緣識。	謂此結緣識。	That is to say, the associated consciousnesses of this fetter,
['T27n1545_089:0460b07_4']	欲色界見苦集修所斷三部。	欲色界見苦集修所斷三部。	The desire and form realms are eliminated by seeing suffering, seeing accumulation, and cultivation, and are of three categories.
['T27n1545_089:0460b07_10']	無色界遍行。	無色界遍行。	The formless realm is universal,
['T27n1545_089:0460b07_19']	及修所斷隨眠隨增。	及修所斷隨眠隨增。	and the contaminants to be eliminated by cultivation increase.
['T27n1545_089:0460b08_7']	緣緣識欲界三部。	緣緣識欲界三部。	The object-as-condition consciousnesses of the desire realm are of three categories,
['T27n1545_089:0460b08_15']	色無色界四部者。	色無色界四部者。	The form and formless realms are of four categories.
['T27n1545_089:0460b09_3']	謂此結緣緣識。	謂此結緣緣識。	That is to say, the object-as-condition consciousnesses of this fetter,
['T27n1545_089:0460b09_14']	欲界見苦集修所斷三部。	欲界見苦集修所斷三部。	The desire realm is eliminated by seeing suffering, seeing accumulation, and cultivation, and is of three categories.
['T27n1545_089:0460b10_12']	色無色界各四部隨眠隨增除見滅所斷。	色無色界各四部隨眠隨增除見滅所斷。	The four parts of the realms of form and formlessness increase, excluding that which is eliminated by seeing cessation.
['T27n1545_089:0460b11_1']	後四順上分結。	後四順上分結。	The last four bonds of the upper realms.
['T27n1545_089:0460b11_9']	緣識三界三部者。	緣識三界三部者。	The three realms and three parts of the consciousness that takes this as an object.
['T27n1545_089:0460b12_11', 'T27n1545_089:0460b13_1']	謂此結緣識三界各見苦集修所斷三部隨眠隨增。🔽緣緣識欲界三部。	謂此結緣識三界各見苦集修所斷三部隨眠隨增。 緣緣識欲界三部。	That is to say, this bond takes the consciousness of the three realms as an object, and the three parts of the latent tendencies eliminated by seeing suffering, accumulation, and cultivation increase.
['T27n1545_089:0460b13_8']	色無色四部者。	色無色四部者。	The four parts of the desire realm and the four parts of the form and formless realms that are the objects of the consciousness that is the condition as object.
['T27n1545_089:0460b13_15']	謂此結緣緣識。	謂此結緣緣識。	That is to say, this bond takes the consciousness that is the condition as object.
['T27n1545_089:0460b14_6']	欲界見苦集修所斷三部。	欲界見苦集修所斷三部。	The three parts eliminated by seeing suffering, accumulation, and cultivation in the desire realm,
['T27n1545_089:0460b14_14']	色無色界各四部。	色無色界各四部。	and the four parts of each of the form and formless realms,
['T27n1545_089:0460b15_1']	除見滅所斷。	除見滅所斷。	excluding that which is eliminated by seeing cessation.
['T27n1545_089:0460b15_6']	隨眠隨增。	隨眠隨增。	The latent tendencies increase.
['T27n1545_089:0460b15_17']	眼耳身觸所生愛身緣識。	眼耳身觸所生愛身緣識。	The body of craving produced by eye, ear, and body contact takes the consciousness of the desire and form realms as an object.
['T27n1545_089:0460b16_4']	欲色界三部者。	欲色界三部者。	The three parts of the desire and form realms.
['T27n1545_089:0460b16_11']	謂此愛身緣識。	謂此愛身緣識。	That is to say, this body of craving takes the consciousness as an object.
['T27n1545_089:0460b17_9', 'T27n1545_089:0460b17_18', 'T27n1545_089:0460b18_5']	欲色界各見苦集修所斷三部隨眠隨增。🔽緣緣識欲色界四部。🔽無色界遍行。	欲色界各見苦集修所斷三部隨眠隨增。 緣緣識欲色界四部。 無色界遍行。	The three parts of the latent tendencies eliminated by seeing suffering, accumulation, and cultivation in the desire and form realms increase.
['T27n1545_089:0460b18_11']	及修所斷者。	及修所斷者。	The four parts of the desire and form realms and the universal and eliminated by cultivation of the formless realm are the objects of the consciousness that is the condition as object.
['T27n1545_089:0460b18_19']	謂此愛身緣緣識。	謂此愛身緣緣識。	That is to say, this body of craving takes the consciousness that is the condition as object.
['T27n1545_089:0460b19_6']	欲色界各四部。	欲色界各四部。	The desire and form realms each have four parts.
['T27n1545_089:0460b19_12']	除見滅所斷。	除見滅所斷。	Excluding that which is to be eliminated by seeing cessation.
['T27n1545_089:0460b19_18']	無色界遍行。	無色界遍行。	The universal [contaminants] of the formless realm.
['T27n1545_089:0460b20_7']	及修所斷隨眠隨增。	及修所斷隨眠隨增。	And the contaminants to be eliminated by cultivation increase.
['T27n1545_089:0460b20_13']	欲界見苦集。	欲界見苦集。	The desire realm views suffering and its cause.
['T27n1545_089:0460b21_3']	及修所斷隨眠緣識。	及修所斷隨眠緣識。	And the contaminants to be eliminated by cultivation take as objects the consciousnesses.
['T27n1545_089:0460b21_8']	欲界三部。	欲界三部。	The desire realm has three parts.
['T27n1545_089:0460b21_13']	色界遍行。	色界遍行。	The form realm is universal.
['T27n1545_089:0460b21_19']	及修所斷者。	及修所斷者。	And that which is to be eliminated by cultivation.
['T27n1545_089:0460b22_5']	謂此隨眠緣識。	謂此隨眠緣識。	That is to say, these contaminants take as objects the consciousnesses.
['T27n1545_089:0460b22_16']	欲界見苦集修所斷三部。	欲界見苦集修所斷三部。	The desire realm views suffering and its cause and the three parts to be eliminated by cultivation.
['T27n1545_089:0460b23_2']	色界遍行。	色界遍行。	The form realm is universal.
['T27n1545_089:0460b23_11']	及修所斷隨眠隨增。	及修所斷隨眠隨增。	And the contaminants to be eliminated by cultivation increase.
['T27n1545_089:0460b23_19']	緣緣識欲界四部。	緣緣識欲界四部。	The objects of the consciousnesses of the desire realm have four parts.
['T27n1545_089:0460b24_4']	色界三部。	色界三部。	The form realm has three parts.
['T27n1545_089:0460b24_10']	無色界遍行。	無色界遍行。	The formless realm is universal.
['T27n1545_089:0460b24_16']	及修所斷者。	及修所斷者。	And that which is to be eliminated by cultivation.
['T27n1545_089:0460b25_4']	謂此隨眠緣緣識。	謂此隨眠緣緣識。	That is to say, these contaminants take as objects the consciousnesses.
['T27n1545_089:0460b25_9']	欲界四部。	欲界四部。	The desire realm has four parts.
['T27n1545_089:0460b25_15']	除見滅所斷。	除見滅所斷。	Excluding that which is to be eliminated by seeing cessation.
['T27n1545_089:0460b26_6']	色界見苦集修所斷三部。	色界見苦集修所斷三部。	The form realm views suffering and its cause and the three parts to be eliminated by cultivation.
['T27n1545_089:0460b26_12']	無色界遍行。	無色界遍行。	The formless realm is universal.
['T27n1545_089:0460b27_2']	及修所斷隨眠隨增。	及修所斷隨眠隨增。	And the contaminants to be eliminated by cultivation increase.
['T27n1545_089:0460b27_13']	欲界見滅所斷隨眠緣識。	欲界見滅所斷隨眠緣識。	The contaminants to be eliminated by seeing cessation in the desire realm take as objects the consciousnesses.
['T27n1545_089:0460b27_18']	欲界三部。	欲界三部。	The three categories in the desire realm.
['T27n1545_089:0460b28_7']	及見滅所斷有漏緣。	及見滅所斷有漏緣。	And the contaminated objects abandoned by seeing cessation.
['T27n1545_089:0460b28_12']	色界遍行。	色界遍行。	The universal [contaminants] of the form realm.
['T27n1545_089:0460b28_18']	及修所斷者。	及修所斷者。	And those abandoned by cultivation.
['T27n1545_089:0460b29_5']	謂此隨眠緣識。	謂此隨眠緣識。	That is, the consciousness that is the object of these latent afflictions.
['T27n1545_089:0460b29_16']	欲界見苦集修所斷三部。	欲界見苦集修所斷三部。	The three categories abandoned by seeing suffering, origin, and cultivation in the desire realm.
['T27n1545_089:0460c01_6']	及見滅所斷有漏緣。	及見滅所斷有漏緣。	And the contaminated objects abandoned by seeing cessation.
['T27n1545_089:0460c01_11']	色界遍行。	色界遍行。	The universal [contaminants] of the form realm.
['T27n1545_089:0460c02_1']	及修所斷隨眠隨增。	及修所斷隨眠隨增。	And the latent afflictions abandoned by cultivation increase.
['T27n1545_089:0460c02_10']	緣緣識欲界有為緣。	緣緣識欲界有為緣。	The consciousness that is the object of the latent afflictions is the conditioned objects of the desire realm.
['T27n1545_089:0460c02_15']	色界三部。	色界三部。	The three categories of the form realm.
['T27n1545_089:0460c03_1']	無色界遍行。	無色界遍行。	The universal [contaminants] of the formless realm.
['T27n1545_089:0460c03_7']	及修所斷者。	及修所斷者。	And those abandoned by cultivation.
['T27n1545_089:0460c03_15']	謂此隨眠緣緣識。	謂此隨眠緣緣識。	That is, the consciousness that is the object of the latent afflictions.
['T27n1545_089:0460c04_3']	欲界五部有為緣。	欲界五部有為緣。	The five categories of conditioned objects in the desire realm.
['T27n1545_089:0460c04_14']	色界見苦集修所斷三部。	色界見苦集修所斷三部。	The three categories abandoned by seeing suffering, origin, and cultivation in the form realm.
['T27n1545_089:0460c05_1']	無色界遍行。	無色界遍行。	The universal [contaminants] of the formless realm.
['T27n1545_089:0460c05_10']	及修所斷隨眠隨增。	及修所斷隨眠隨增。	And the latent afflictions abandoned by cultivation increase.
['T27n1545_089:0460c06_2']	欲界見道所斷隨眠緣識。	欲界見道所斷隨眠緣識。	The consciousness that is the object of the latent afflictions abandoned by seeing the path in the desire realm.
['T27n1545_089:0460c06_7']	欲界三部。	欲界三部。	The three categories of the desire realm.
['T27n1545_089:0460c06_16']	及見道所斷有漏緣。	及見道所斷有漏緣。	And the contaminated objects abandoned by seeing the path.
['T27n1545_089:0460c07_1']	色界遍行。	色界遍行。	The universal [contaminants] of the form realm.
['T27n1545_089:0460c07_7']	及修所斷者。	及修所斷者。	And those abandoned by cultivation.
['T27n1545_089:0460c07_14']	謂此隨眠緣識。	謂此隨眠緣識。	That is, the latent afflictions that take that consciousness as their object.
['T27n1545_089:0460c08_6']	欲界見苦集修所斷三部。	欲界見苦集修所斷三部。	The three categories of afflictions eliminated by seeing suffering, seeing the origination of suffering, and cultivation in the desire realm,
['T27n1545_089:0460c08_15']	及見道所斷有漏緣。	及見道所斷有漏緣。	and the contaminated objects eliminated by seeing the path.
['T27n1545_089:0460c09_1']	色界遍行。	色界遍行。	The universal [afflictions] of the form realm,
['T27n1545_089:0460c09_10']	及修所斷隨眠隨增。	及修所斷隨眠隨增。	and the latent afflictions eliminated by cultivation increase.
['T27n1545_089:0460c09_14']	緣緣識。	緣緣識。	The consciousness that is the object of perception,
['T27n1545_089:0460c09_19']	欲界四部。	欲界四部。	the four categories in the desire realm,
['T27n1545_089:0460c10_3']	色界三部。	色界三部。	the three categories in the form realm,
['T27n1545_089:0460c10_9']	無色界遍行。	無色界遍行。	the universal [afflictions] of the formless realm,
['T27n1545_089:0460c10_15']	及修所斷者。	及修所斷者。	and the afflictions eliminated by cultivation.
['T27n1545_089:0460c11_3']	謂此隨眠緣緣識。	謂此隨眠緣緣識。	That is, the latent afflictions that take that consciousness as their object of perception.
['T27n1545_089:0460c11_13']	欲界四部除見滅所斷。	欲界四部除見滅所斷。	The four categories in the desire realm, excluding those eliminated by seeing cessation,
['T27n1545_089:0460c12_5']	色界見苦集修所斷三部。	色界見苦集修所斷三部。	the three categories eliminated by seeing suffering, seeing the origination of suffering, and cultivation in the form realm,
['T27n1545_089:0460c12_11']	無色界遍行。	無色界遍行。	the universal [afflictions] of the formless realm,
['T27n1545_089:0460c13_6']	及修所斷隨眠隨增色界見苦集。	及修所斷隨眠隨增色界見苦集。	and the afflictions eliminated by cultivation increase. The latent afflictions eliminated by seeing suffering and seeing the origination of suffering in the form realm,
['T27n1545_089:0460c13_15']	及修所斷隨眠緣識。	及修所斷隨眠緣識。	the consciousness that is the object of perception,
['T27n1545_089:0460c14_7']	欲色界三部無色界遍行。	欲色界三部無色界遍行。	the three categories in the desire and form realms, the universal [afflictions] of the formless realm,
['T27n1545_089:0460c14_13']	及修所斷者。	及修所斷者。	and the afflictions eliminated by cultivation.
['T27n1545_089:0460c15_11']	謂此隨眠欲色界各見苦集修所斷三部。	謂此隨眠欲色界各見苦集修所斷三部。	That is, the latent afflictions of the desire and form realms, each with the three categories eliminated by seeing suffering, seeing the origination of suffering, and cultivation,
['T27n1545_089:0460c15_17']	無色界遍行。	無色界遍行。	the universal [afflictions] of the formless realm,
['T27n1545_089:0460c16_7']	及修所斷隨眠隨增。	及修所斷隨眠隨增。	and the afflictions eliminated by cultivation increase.
['T27n1545_089:0460c16_11']	緣緣識。	緣緣識。	The consciousness that is the object of perception,
['T27n1545_089:0460c16_16']	欲界三部。	欲界三部。	The three classes in the desire realm.
['T27n1545_089:0460c17_4']	色無色界四部者。	色無色界四部者。	The four classes in the form and formless realms.
['T27n1545_089:0460c17_12']	謂此隨眠緣緣識。	謂此隨眠緣緣識。	This means that the associated latent afflictions take the corresponding consciousness as their object.
['T27n1545_089:0460c18_4']	欲界見苦集修所斷三部。	欲界見苦集修所斷三部。	The three classes of afflictions eliminated by seeing suffering, origination, and cultivation in the desire realm.
['T27n1545_089:0460c18_12']	色無色界各四部。	色無色界各四部。	Each of the four classes in the form and formless realms.
['T27n1545_089:0460c18_18']	除見滅所斷。	除見滅所斷。	Excluding those eliminated by seeing cessation.
['T27n1545_089:0460c19_13']	隨眠隨增色界見滅所斷隨眠緣識。	隨眠隨增色界見滅所斷隨眠緣識。	The latent afflictions that take the consciousness eliminated by seeing cessation in the form realm as their object.
['T27n1545_089:0460c20_1']	欲色界三部。	欲色界三部。	The three classes in the desire and form realms.
['T27n1545_089:0460c20_12']	及色界見滅所斷有漏緣。	及色界見滅所斷有漏緣。	And the contaminated objects in the form realm eliminated by seeing cessation.
['T27n1545_089:0460c20_18']	無色界遍行。	無色界遍行。	The universal [afflictions] in the formless realm.
['T27n1545_089:0460c21_4']	及修所斷者。	及修所斷者。	And those eliminated by cultivation.
['T27n1545_089:0460c22_5']	謂此隨眠緣識欲色界各見苦集修所斷三部。	謂此隨眠緣識欲色界各見苦集修所斷三部。	This means that the associated latent afflictions take the corresponding consciousness as their object. The three classes in the desire and form realms eliminated by seeing suffering, origination, and cultivation.
['T27n1545_089:0460c22_16']	及色界見滅所斷有漏緣。	及色界見滅所斷有漏緣。	And the contaminated objects in the form realm eliminated by seeing cessation.
['T27n1545_089:0460c23_3']	無色界遍行。	無色界遍行。	The universal [afflictions] in the formless realm.
['T27n1545_089:0460c23_12']	及修所斷隨眠隨增。	及修所斷隨眠隨增。	And those eliminated by cultivation.
['T27n1545_089:0460c23_16']	緣緣識。	緣緣識。	The corresponding consciousness as object.
['T27n1545_089:0460c24_2']	欲界三部。	欲界三部。	The three classes in the desire realm.
['T27n1545_089:0460c24_8']	色界有為緣。	色界有為緣。	The conditioned objects in the form realm.
['T27n1545_089:0460c24_15']	無色界四部者。	無色界四部者。	The four classes in the formless realm.
['T27n1545_089:0460c25_4']	謂此隨眠緣緣識。	謂此隨眠緣緣識。	This means that the corresponding consciousness as object takes the latent afflictions.
['T27n1545_089:0460c25_15']	欲界見苦集修所斷三部。	欲界見苦集修所斷三部。	The three classes in the desire realm eliminated by seeing suffering, origination, and cultivation.
['T27n1545_089:0460c26_4']	色界五部有為緣。	色界五部有為緣。	The five classes of afflictions in the form realm that take conditioned things as their objects.
['T27n1545_089:0460c26_10']	無色界四部。	無色界四部。	The four classes in the formless realm.
['T27n1545_089:0460c27_2']	除見滅所斷隨眠隨增。	除見滅所斷隨眠隨增。	Excluding the afflictions to be eliminated by the path of seeing that take cessation as their object.
['T27n1545_089:0460c27_13']	色界見道所斷隨眠緣識。	色界見道所斷隨眠緣識。	The consciousnesses that are the objects of the afflictions to be eliminated by the path of seeing in the form realm.
['T27n1545_089:0460c27_19']	欲色界三部。	欲色界三部。	The three classes in the desire and form realms.
['T27n1545_089:0460c28_10']	及色界見道所斷有漏緣。	及色界見道所斷有漏緣。	And the contaminated objects to be eliminated by the path of seeing in the form realm.
['T27n1545_089:0460c28_16']	無色界遍行。	無色界遍行。	The universal [afflictions] in the formless realm.
['T27n1545_089:0460c29_3']	及修所斷者。	及修所斷者。	And those to be eliminated by cultivation.
['T27n1545_089:0460c29_10']	謂此隨眠緣識。	謂此隨眠緣識。	That is, the consciousnesses that are the objects of these afflictions.
['T27n1545_089:0461a01_4']	欲色界各見苦集修所斷三部。	欲色界各見苦集修所斷三部。	The three classes to be eliminated by seeing suffering, seeing origination, and cultivation in the desire and form realms.
['T27n1545_089:0461a01_15']	及色界見道所斷有漏緣。	及色界見道所斷有漏緣。	And the contaminated objects to be eliminated by the path of seeing in the form realm.
['T27n1545_089:0461a02_2']	無色界遍行。	無色界遍行。	The universal [afflictions] in the formless realm.
['T27n1545_089:0461a02_11']	及修所斷隨眠隨增。	及修所斷隨眠隨增。	And the afflictions to be eliminated by cultivation increase.
['T27n1545_089:0461a02_15']	緣緣識。	緣緣識。	The consciousnesses that are their objects.
['T27n1545_089:0461a02_20']	欲界三部。	欲界三部。	The three classes in the desire realm.
['T27n1545_089:0461a03_7']	色無色界四部者。	色無色界四部者。	The four classes in the form and formless realms.
['T27n1545_089:0461a03_15']	謂此隨眠緣緣識。	謂此隨眠緣緣識。	That is, the consciousnesses that are the objects of these afflictions.
['T27n1545_089:0461a04_7']	欲界見苦集修所斷三部。	欲界見苦集修所斷三部。	The three classes to be eliminated by seeing suffering, seeing origination, and cultivation in the desire realm.
['T27n1545_089:0461a04_14', 'T27n1545_089:0461a05_5']	色無色各四部。🔽除見滅所斷隨眠隨增。	色無色各四部。 除見滅所斷隨眠隨增。	The four classes in the form and formless realms.🔽Excluding the afflictions to be eliminated by the path of seeing.
['T27n1545_089:0461a05_12']	無色界見苦集。	無色界見苦集。	The afflictions to be eliminated by seeing suffering and seeing origination in the formless realm.
['T27n1545_089:0461a06_2']	及修所斷隨眠緣識。	及修所斷隨眠緣識。	and the consciousness that is the object of the latent afflictions to be eliminated by cultivation.
['T27n1545_089:0461a06_8']	三界三部者。	三界三部者。	The three categories in the three realms are:
['T27n1545_089:0461a06_15']	謂此隨眠緣識。	謂此隨眠緣識。	The latent afflictions that take this consciousness as their object.
['T27n1545_089:0461a07_11']	三界各見苦集修所斷三部隨眠隨增。	三界各見苦集修所斷三部隨眠隨增。	The three categories of latent afflictions to be eliminated by seeing suffering, origination, and cultivation in each of the three realms increase.
['T27n1545_089:0461a07_15']	緣緣識。	緣緣識。	The consciousness that is the object of the object of this [consciousness].
['T27n1545_089:0461a08_1']	欲界三部。	欲界三部。	The three categories in the desire realm.
['T27n1545_089:0461a08_9']	色無色界四部者。	色無色界四部者。	The four categories in the form and formless realms are:
['T27n1545_089:0461a08_17']	謂此隨眠緣緣識。	謂此隨眠緣緣識。	The consciousness that is the object of the object of this [consciousness].
['T27n1545_089:0461a09_8']	欲界見苦集修所斷三部。	欲界見苦集修所斷三部。	The three categories of latent afflictions to be eliminated by seeing suffering, origination, and cultivation in the desire realm.
['T27n1545_089:0461a09_16']	色無色界各四部。	色無色界各四部。	The four categories in each of the form and formless realms.
['T27n1545_089:0461a10_7']	除見滅所斷隨眠隨增。	除見滅所斷隨眠隨增。	Excluding the latent afflictions to be eliminated by seeing cessation.
['T27n1545_089:0461a11_1']	無色界見滅所斷隨眠緣識。	無色界見滅所斷隨眠緣識。	The consciousness that is the object of the latent afflictions to be eliminated by seeing cessation in the formless realm.
['T27n1545_089:0461a11_6']	三界三部。	三界三部。	The three categories in the three realms.
['T27n1545_089:0461a11_19']	及無色界見滅所斷有漏緣者。	及無色界見滅所斷有漏緣者。	And the contaminated objects in the formless realm that are to be eliminated by seeing cessation.
['T27n1545_089:0461a12_6']	謂此隨眠緣識。	謂此隨眠緣識。	The latent afflictions that take this consciousness as their object.
['T27n1545_089:0461a12_18']	三界各見苦集修所斷三部。	三界各見苦集修所斷三部。	The three categories of latent afflictions to be eliminated by seeing suffering, origination, and cultivation in each of the three realms.
['T27n1545_089:0461a13_15']	及無色界見滅所斷有漏緣隨眠隨增。	及無色界見滅所斷有漏緣隨眠隨增。	And the contaminated objects in the formless realm that are to be eliminated by seeing cessation increase.
['T27n1545_089:0461a14_1']	緣緣識。	緣緣識。	The consciousness that is the object of the object of this [consciousness].
['T27n1545_089:0461a14_6']	欲界三部。	欲界三部。	The three categories in the desire realm.
['T27n1545_089:0461a14_11']	色界四部。	色界四部。	The four categories in the form realm.
['T27n1545_089:0461a14_19']	無色界有為緣者。	無色界有為緣者。	The conditioned objects in the formless realm.
['T27n1545_089:0461a15_6']	謂此隨眠緣緣識。	謂此隨眠緣緣識。	It means that the latent afflictions take the corresponding consciousness as their object.
['T27n1545_089:0461a15_17']	欲界見苦集修所斷三部。	欲界見苦集修所斷三部。	In the desire realm, they are the three categories of afflictions eliminated by insight into the truths of suffering and origination and by cultivation.
['T27n1545_089:0461a16_3']	色界四部。	色界四部。	In the form realm, they are the four categories of afflictions.
['T27n1545_089:0461a16_9']	除見滅所斷。	除見滅所斷。	Excluding those eliminated by insight into the truth of cessation.
['T27n1545_089:0461a16_15']	無色界五部。	無色界五部。	In the formless realm, they are the five categories of afflictions.
['T27n1545_089:0461a17_3']	有為緣隨眠隨增。	有為緣隨眠隨增。	The latent afflictions that take conditioned things as their objects increase.
['T27n1545_089:0461a17_15']	無色界見道所斷隨眠緣識。	無色界見道所斷隨眠緣識。	The consciousness that is the object of the latent afflictions eliminated by insight into the truth of the path in the formless realm.
['T27n1545_089:0461a18_1']	三界三部。	三界三部。	The three categories in the three realms.
['T27n1545_089:0461a18_14']	及無色界見道所斷有漏緣者。	及無色界見道所斷有漏緣者。	And those with impure objects eliminated by insight into the truth of the path in the formless realm.
['T27n1545_089:0461a19_2']	謂此隨眠緣識。	謂此隨眠緣識。	It means that the latent afflictions take the corresponding consciousness as their object.
['T27n1545_089:0461a19_14']	三界各見苦集修所斷三部。	三界各見苦集修所斷三部。	The three categories in the three realms eliminated by insight into the truths of suffering, origination, and the path, and by cultivation.
['T27n1545_089:0461a20_11']	及無色界見道所斷有漏緣隨眠隨增。	及無色界見道所斷有漏緣隨眠隨增。	And the latent afflictions with impure objects eliminated by insight into the truth of the path in the formless realm increase.
['T27n1545_089:0461a20_15']	緣緣識。	緣緣識。	The consciousness that is the object of the latent afflictions.
['T27n1545_089:0461a21_1']	欲界三部。	欲界三部。	The three categories in the desire realm.
['T27n1545_089:0461a21_9']	色無色界四部者。	色無色界四部者。	The four categories in the form and formless realms.
['T27n1545_089:0461a21_17']	謂此隨眠緣緣識。	謂此隨眠緣緣識。	It means that the latent afflictions take the corresponding consciousness as their object.
['T27n1545_089:0461a22_8']	欲界見苦集修所斷三部。	欲界見苦集修所斷三部。	The three categories in the desire realm eliminated by insight into the truths of suffering, origination, and the path.
['T27n1545_089:0461a22_16']	色無色界各四部。	色無色界各四部。	The four categories in the form and formless realms.
['T27n1545_089:0461a23_7']	除見滅所斷隨眠隨增。	除見滅所斷隨眠隨增。	Excluding those eliminated by insight into the truth of cessation, the latent afflictions increase.
['T27n1545_089:0461a24_13']	問何故此中但說緣識及緣緣識。	問何故此中但說緣識及緣緣識。	Question: Why is it only said here that the object of the latent afflictions and the object of the object of the latent afflictions are the three categories in the desire realm, the four categories in the form and formless realms, and the three categories in the three realms?
['T27n1545_089:0461a25_4']	不說緣緣緣識等耶。	不說緣緣緣識等耶。	Why not speak of the object-condition and the consciousness that conditions it, etc.?
['T27n1545_089:0461a25_14']	答為遮展轉無窮過故。	答為遮展轉無窮過故。	The answer is: in order to avoid the fault of infinite regress.
['T27n1545_089:0461a26_5']	謂若更說第三緣識。	謂若更說第三緣識。	If one speaks of a third consciousness that conditions,
['T27n1545_089:0461a26_14']	復應更說第四緣識。	復應更說第四緣識。	one must speak of a fourth consciousness that conditions.
['T27n1545_089:0461a27_5']	如是展轉即為無窮。	如是展轉即為無窮。	In this way, there would be an infinite regress.
['T27n1545_089:0461a28_4']	復次如等無間緣但應思惟至第二轉。	復次如等無間緣但應思惟至第二轉。	Moreover, just as the immediately preceding condition should only be considered up to the second transformation,
['T27n1545_089:0461a28_13']	不應思惟第三轉等。	不應思惟第三轉等。	it should not be considered in the third transformation, etc.
['T27n1545_089:0461a29_2']	所緣緣亦應爾。	所緣緣亦應爾。	The object-condition should also be like this.
['T27n1545_089:0461a29_9', 'T27n1545_089:0461a29_18']	復次諸法緣識。🔽與緣緣識隨眠隨增。	復次諸法緣識。 與緣緣識隨眠隨增。	Moreover, the consciousness that conditions dharmas
['T27n1545_089:0461b01_4']	多分有異。	多分有異。	and the consciousness that conditions the object-condition have different latent afflictions.
['T27n1545_089:0461b01_9']	故定應說。	故定應說。	Therefore, it is definitely necessary to speak of
['T27n1545_089:0461b01_18']	第三轉等隨眠隨增。	第三轉等隨眠隨增。	the latent afflictions that increase in the third transformation, etc.
['T27n1545_089:0461b02_8']	多分無異故不復說。	多分無異故不復說。	Since there is not much difference, it is not spoken of again.
['T27n1545_089:0461b03_1']	復次阿毘達磨略示方隅。	復次阿毘達磨略示方隅。	Moreover, the Abhidharma briefly indicates the direction,
['T27n1545_089:0461b03_10']	令開智者展轉悟入。	令開智者展轉悟入。	causing those with wisdom to gradually understand and enter.
['T27n1545_089:0461b04_1']	故不復說第三轉等。	故不復說第三轉等。	Therefore, the third transformation, etc., are not spoken of again.
['T27n1545_089:0461b05_14']	意根乃至無色界修所斷無明隨眠。	意根乃至無色界修所斷無明隨眠。	The latent afflictions of the mind faculty up to the ignorance eliminated by cultivation in the formless realm,
['T27n1545_089:0461b06_5']	於三界十五部心中。	於三界十五部心中。	in the fifteen types of minds in the three realms,
['T27n1545_089:0461b06_15']	一一等無間生幾心耶。	一一等無間生幾心耶。	How many minds can arise immediately after each of the equal and immediately antecedent conditions?
['T27n1545_089:0461b07_3']	問何故作此論。	問何故作此論。	Why is this treatise composed?
['T27n1545_089:0461b07_13']	答為止他宗顯正理故。	答為止他宗顯正理故。	The answer is: in order to refute other schools and reveal the correct principle.
['T27n1545_089:0461b08_12']	謂或有說心與心為等無間緣非心所。	謂或有說心與心為等無間緣非心所。	Some say that mind and mental factors are the equal and immediately antecedent conditions for mind, but not for mental factors.
['T27n1545_089:0461b09_8']	心所與心所為等無間緣非心。	心所與心所為等無間緣非心。	Mental factors are the equal and immediately antecedent conditions for mental factors, but not for mind.
['T27n1545_089:0461b09_13']	如譬喻者。	如譬喻者。	Like the Vaibhāṣikas.
['T27n1545_089:0461b10_13']	為遮彼意顯心心所展轉能作等無間緣。	為遮彼意顯心心所展轉能作等無間緣。	To refute this view and show that mind and mental factors can be the equal and immediately antecedent conditions for each other,
['T27n1545_089:0461b11_5']	非唯相似故作斯論。	非唯相似故作斯論。	not just similar ones, this treatise is composed.
['T27n1545_089:0461b11_14']	此中欲顯等無間緣。	此中欲顯等無間緣。	Here, the equal and immediately antecedent conditions are to be revealed.
['T27n1545_089:0461b12_5']	是故唯問心心所法。	是故唯問心心所法。	Therefore, only the minds and mental factors are asked about.
['T27n1545_089:0461b12_17']	問此中何故但問生有漏心。	問此中何故但問生有漏心。	Why is it only asked here how many contaminated minds arise,
['T27n1545_089:0461b13_7']	不問生無漏心耶。	不問生無漏心耶。	but not how many uncontaminated minds arise?
['T27n1545_089:0461b13_13']	答此是結蘊。	答此是結蘊。	The answer is: this is a treatise on the aggregates.
['T27n1545_089:0461b13_18']	唯有漏心。	唯有漏心。	There are only contaminated minds.
['T27n1545_089:0461b14_4']	能增長結。	能增長結。	They can increase the bonds.
['T27n1545_089:0461b14_9']	故偏說之。	故偏說之。	Therefore, they are mentioned specifically.
['T27n1545_089:0461b15_1']	問分別諸結但依五部。	問分別諸結但依五部。	The analysis of the bonds is based only on the five categories.
['T27n1545_089:0461b15_10']	今何故問十五心耶。	今何故問十五心耶。	Why are fifteen minds asked about now?
['T27n1545_089:0461b16_2']	答今此蘊中非唯顯結。	答今此蘊中非唯顯結。	The answer is: in this treatise, not only the bonds are revealed,
['T27n1545_089:0461b16_7']	亦顯結事。	亦顯結事。	but also the bond-events.
['T27n1545_089:0461b16_13']	此通三界故。	此通三界故。	Because it is common to the three realms.
['T27n1545_089:0461b17_2']	問三界十五部心。	問三界十五部心。	Question: Among the fifteen types of minds in the three realms,
['T27n1545_089:0461b17_11']	心心所中心最為勝。	心心所中心最為勝。	the mind is the most superior among the mental factors.
['T27n1545_089:0461b18_2']	故此獨問不問心所。	故此獨問不問心所。	Therefore, only the mind is asked about, not the mental factors.
['T27n1545_089:0461b18_11']	此中生者說正生時。	此中生者說正生時。	Here, arising refers to the time of proper arising.
['T27n1545_089:0461b19_1']	等無間緣作用時故。	等無間緣作用時故。	Because the function of the immediately preceding condition is at that time.
['T27n1545_089:0461b20_8']	說一切心總有十六。	說一切心總有十六。	It is said that all minds in total have sixteen.
['T27n1545_089:0461b20_17']	即前十五及無漏心。	即前十五及無漏心。	They are the previous fifteen and the undefiled mind.
['T27n1545_089:0461b21_13']	問此十六心展轉相望各從幾生。	問此十六心展轉相望各從幾生。	Question: When these sixteen minds are mutually compared, how many do they each arise from?
['T27n1545_089:0461b21_18']	復各生幾。	復各生幾。	And how many do they each give rise to?
['T27n1545_089:0461b22_7']	答欲界前四部心。	答欲界前四部心。	Answer: The four types of minds in the desire realm,
['T27n1545_089:0461b22_14']	各從十五心生。	各從十五心生。	each arise from fifteen minds.
['T27n1545_089:0461b23_1']	除無漏心。	除無漏心。	Excluding the undefiled mind.
['T27n1545_089:0461b23_10']	唯能生欲界五部心。	唯能生欲界五部心。	They can only give rise to the five types of minds in the desire realm.
['T27n1545_089:0461b24_5']	非下地染污心能生上地心故。	非下地染污心能生上地心故。	Because a defiled mind of a lower realm cannot give rise to a mind of a higher realm.
['T27n1545_089:0461b24_17']	亦非染污心能生無漏心故。	亦非染污心能生無漏心故。	And because a defiled mind cannot give rise to an undefiled mind.
['T27n1545_089:0461b25_11']	欲界修所斷心從十六心生。	欲界修所斷心從十六心生。	The mind of the desire realm that is eliminated by cultivation arises from sixteen minds.
['T27n1545_089:0461b26_1']	復能生十六心。	復能生十六心。	And it can give rise to sixteen minds.
['T27n1545_089:0461b27_6']	色界前四部心從十一心生除欲界前四部心及無漏心。	色界前四部心從十一心生除欲界前四部心及無漏心。	The four types of minds in the form realm arise from eleven minds, excluding the four types of minds in the desire realm and the pure mind.
['T27n1545_089:0461b27_15']	唯能生欲色界十心。	唯能生欲色界十心。	They can only give rise to ten minds in the desire and form realms.
['T27n1545_089:0461b28_8']	色界修所斷心從十二心生。	色界修所斷心從十二心生。	The mind eliminated by cultivation in the form realm arises from twelve minds.
['T27n1545_089:0461b28_16']	除欲界前四部心。	除欲界前四部心。	Excluding the four types of minds in the desire realm.
['T27n1545_089:0461b29_4']	復能生十六心。	復能生十六心。	It can also give rise to sixteen minds.
['T27n1545_089:0461b29_16']	無色界前四部心從七心生。	無色界前四部心從七心生。	The four types of minds in the formless realm arise from seven minds.
['T27n1545_089:0461c01_5']	謂自界五部心。	謂自界五部心。	Namely, the five types of minds in one's own realm.
['T27n1545_089:0461c01_14']	及欲色各修所斷心。	及欲色各修所斷心。	And the minds eliminated by cultivation in the desire and form realms.
['T27n1545_089:0461c02_2']	復能生十五心。	復能生十五心。	It can also give rise to fifteen minds.
['T27n1545_089:0461c02_7']	除無漏心。	除無漏心。	Excluding the pure mind.
['T27n1545_089:0461c03_1']	無色界修所斷心從八心生。	無色界修所斷心從八心生。	The mind eliminated by cultivation in the formless realm arises from eight minds.
['T27n1545_089:0461c03_16']	謂自界五部心欲色界各修所斷心。	謂自界五部心欲色界各修所斷心。	Namely, the five types of minds in one's own realm, the minds eliminated by cultivation in the desire and form realms,
['T27n1545_089:0461c04_2']	及無漏心。	及無漏心。	and the pure mind.
['T27n1545_089:0461c04_9']	復能生十六心。	復能生十六心。	It can also give rise to sixteen minds.
['T27n1545_089:0461c04_17']	無漏心從四心生。	無漏心從四心生。	The pure mind arises from four minds.
['T27n1545_089:0461c05_4']	復能生四心。	復能生四心。	It can also give rise to four minds.
['T27n1545_089:0461c05_17']	謂三界各修所斷心及無漏心。	謂三界各修所斷心及無漏心。	Namely, the minds eliminated by cultivation in the three realms and the pure mind.
['T27n1545_089:0461c06_11']	非無漏心與染污心相入出故。	非無漏心與染污心相入出故。	Because the pure mind does not intermingle with defiled minds.
['T27n1545_089:0461c07_3']	此中總據一切有情。	此中總據一切有情。	In this case, it is generally based on all sentient beings.
['T27n1545_089:0461c07_12']	或一切時容有而說。	或一切時容有而說。	Or it is said that they may exist at all times.
['T27n1545_089:0461c08_3']	非但說一補特伽羅。	非但說一補特伽羅。	It is not just said that one person
['T27n1545_089:0461c08_12']	於一剎那有如是事。	於一剎那有如是事。	has such things in one moment.
['T27n1545_089:0461c09_10']	意根等無間生十五心者。	意根等無間生十五心者。	The fifteen minds that arise immediately after the mind faculty, etc.,
['T27n1545_089:0461c10_1']	十六心中除無漏心。	十六心中除無漏心。	Among the sixteen minds, the pure mind is excluded.
['T27n1545_089:0461c10_6']	非所說故。	非所說故。	Because it is not what is being discussed.
['T27n1545_089:0461c10_11']	此則總說。	此則總說。	This is a general statement.
['T27n1545_089:0461c10_16']	有差別者。	有差別者。	There are distinctions.
['T27n1545_089:0461c11_15']	若未離欲界染欲界意根等無間容生六心。	若未離欲界染欲界意根等無間容生六心。	If one has not yet separated from the desire of the desire realm, the desire realm mind faculty, etc., may immediately give rise to six minds.
['T27n1545_089:0461c12_10']	謂欲界五及色界修所斷心。	謂欲界五及色界修所斷心。	Namely, the five of the desire realm and the mind of the form realm that is eliminated by cultivation.
['T27n1545_089:0461c13_1']	即未至定加行善心。	即未至定加行善心。	That is, the mind of applied goodness of the stage of not yet attained concentration.
['T27n1545_089:0461c13_13']	若已離欲界染未離色界染。	若已離欲界染未離色界染。	If one has already separated from the desire of the desire realm but has not yet separated from the desire of the form realm,
['T27n1545_089:0461c14_7']	欲界意根等無間容生十心。	欲界意根等無間容生十心。	The desire realm mind faculty, etc., may immediately give rise to ten minds.
['T27n1545_089:0461c14_16']	謂欲界五如退等時。	謂欲界五如退等時。	Namely, the five of the desire realm, like when falling back, etc.,
['T27n1545_089:0461c15_8']	及色界五如續生等時。	及色界五如續生等時。	And the five of the form realm, like when continuing to be born, etc.
['T27n1545_089:0461c16_9']	若已離色界染欲界意根等無間容生十一心。	若已離色界染欲界意根等無間容生十一心。	If one has already separated from the desire of the form realm, the desire realm mind faculty, etc., may immediately give rise to eleven minds.
['T27n1545_089:0461c17_1']	謂欲界五如退等時。	謂欲界五如退等時。	Namely, the five of the desire realm, like when falling back, etc.,
['T27n1545_089:0461c17_9']	色界一如入定時。	色界一如入定時。	In the form realm, one arises from the mind of the time of entering concentration.
['T27n1545_089:0461c17_18']	無色界五如續生時。	無色界五如續生時。	In the formless realm, five arise from the mind of the time of rebirth.
['T27n1545_089:0461c19_2']	若未離色界染色界意根等無間容生十一心。	若未離色界染色界意根等無間容生十一心。	If one has not yet separated from the attachment to form, the mental faculty of the form realm and so on can immediately produce eleven minds.
['T27n1545_089:0461c19_14']	謂欲界五如續生或退等時。	謂欲界五如續生或退等時。	That is, five of the desire realm, like the time of rebirth or falling back, etc.;
['T27n1545_089:0461c20_6']	色界五無色界修所斷心。	色界五無色界修所斷心。	five of the form realm and the mind of the form realm to be eliminated by cultivation.
['T27n1545_089:0461c21_5']	即空無邊處近分加行善心等如入定時。	即空無邊處近分加行善心等如入定時。	That is, the mind of preparation of the access concentration to the sphere of infinite space, etc., like the time of entering concentration.
['T27n1545_089:0461c22_6']	若已離色界染色界意根等無間容生十一心。	若已離色界染色界意根等無間容生十一心。	If one has already separated from the attachment to form, the mental faculty of the form realm and so on can immediately produce eleven minds.
['T27n1545_089:0461c23_1']	謂欲界修所斷心即通果心等。	謂欲界修所斷心即通果心等。	That is, the mind of the desire realm to be eliminated by cultivation, that is, the mind of supernormal powers, etc.;
['T27n1545_089:0461c23_9']	色界五如退等時。	色界五如退等時。	five of the form realm, like the time of falling back, etc.;
['T27n1545_089:0461c24_1']	無色界五如續生等時。	無色界五如續生等時。	five of the formless realm, like the time of rebirth, etc.
['T27n1545_089:0461c24_15']	無色界意根等無間容生十五心。	無色界意根等無間容生十五心。	The mental faculty of the formless realm and so on can immediately produce fifteen minds.
['T27n1545_089:0461c25_5']	謂欲界五如續生時。	謂欲界五如續生時。	That is, five of the desire realm, like the time of rebirth;
['T27n1545_089:0461c25_15']	色界五如續生退等時。	色界五如續生退等時。	five of the form realm, like the time of rebirth, falling back, etc.;
['T27n1545_089:0461c26_2']	及無色界五。	及無色界五。	and five of the formless realm.
['T27n1545_089:0461c26_12']	捨及信等五根亦爾者。	捨及信等五根亦爾者。	The faculties of equanimity, faith, etc., are also like this.
['T27n1545_089:0461c27_3']	生十五心如意根故。	生十五心如意根故。	Because they produce fifteen minds like the faculty of thought.
['T27n1545_089:0461c27_14']	樂根等無間生十一心者。	樂根等無間生十一心者。	The eleven minds that immediately follow the faculty of pleasure are:
['T27n1545_089:0461c28_3']	謂欲色界各五。	謂欲色界各五。	The five of the desire realm and form realm,
['T27n1545_089:0461c28_12']	及無色界修所斷心。	及無色界修所斷心。	and the mind of the stage of cultivation abandoned by the formless realm.
['T27n1545_089:0461c29_4']	即第三靜慮樂根等無間。	即第三靜慮樂根等無間。	Immediately following the faculty of pleasure of the third meditative absorption,
['T27n1545_089:0462a01_10']	超入空無邊處有漏定故樂等四受及五識身必不命終故。	超入空無邊處有漏定故樂等四受及五識身必不命終故。	one transcends and enters the contaminated meditative absorption of the sphere of infinite space. Because the four faculties of pleasure, etc., and the five sense consciousnesses necessarily do not end life.
['T27n1545_089:0462a02_5']	等無間不生無色前四部心。	等無間不生無色前四部心。	The four types of minds of the formless realm do not arise immediately after.
['T27n1545_089:0462a02_15']	苦根等無間生五心者。	苦根等無間生五心者。	The five minds that immediately follow the faculty of pain are:
['T27n1545_089:0462a03_6']	謂欲界五憂根亦爾者。	謂欲界五憂根亦爾者。	The faculty of sorrow is also like this.
['T27n1545_089:0462a03_15']	亦生五心如苦根故。	亦生五心如苦根故。	It also produces five minds, just like the faculty of pain.
['T27n1545_089:0462a04_6']	非從憂苦能入定心。	非從憂苦能入定心。	One cannot enter the mind of meditative absorption from sorrow or pain.
['T27n1545_089:0462a04_15']	彼與定心極相違故。	彼與定心極相違故。	Because they are in extreme opposition to the mind of meditative absorption.
['T27n1545_089:0462a05_7']	喜根等無間生十心者。	喜根等無間生十心者。	The ten minds that immediately follow the faculty of joy are:
['T27n1545_089:0462a05_16']	謂欲色界各五部心。	謂欲色界各五部心。	The five types of minds of the desire realm and form realm.
['T27n1545_089:0462a06_6']	欲界喜根生欲界五。	欲界喜根生欲界五。	The faculty of joy of the desire realm produces the five of the desire realm.
['T27n1545_089:0462a06_15']	色界喜根生色界五。	色界喜根生色界五。	The faculty of joy of the form realm produces the five of the form realm.
['T27n1545_089:0462a07_6']	非欲界喜根等無間。	非欲界喜根等無間。	The four types of minds of the formless realm do not arise immediately after the faculty of joy of the desire realm.
['T27n1545_089:0462a08_14']	生色界染污喜俱心亦非色界喜根等無間生欲界染污喜俱心。	生色界染污喜俱心亦非色界喜根等無間生欲界染污喜俱心。	The defiled mind associated with joy in the form realm is also not immediately followed by the defiled mind associated with joy in the desire realm.
['T27n1545_089:0462a09_7']	喜根唯能引自地煩惱故。	喜根唯能引自地煩惱故。	Because the faculty of joy can only induce the defilements of its own stage.
['T27n1545_089:0462a09_12']	此中有說。	此中有說。	Regarding this, some say:
['T27n1545_089:0462a10_9', 'T27n1545_089:0462a10_17']	色界喜根等無間生欲界善無記心。🔽欲界喜根等無間。	色界喜根等無間生欲界善無記心。 欲界喜根等無間。	The defiled mind associated with joy in the form realm is immediately followed by the wholesome and indeterminate minds in the desire realm.
['T27n1545_089:0462a11_7']	不生色界善無記心。	不生色界善無記心。	The faculty of joy in the desire realm is immediately followed by the wholesome and indeterminate minds in the form realm.
['T27n1545_089:0462a12_17']	要欲界捨根等無間能生色界心等故未知當知根等無間不生心者。	要欲界捨根等無間能生色界心等故未知當知根等無間不生心者。	The faculty of equanimity in the desire realm is immediately followed by the minds in the form realm and so on. Therefore, the faculty of being able to know the unknown and so on are not immediately followed by minds that are not born.
['T27n1545_089:0462a13_8']	不生三界十五心故。	不生三界十五心故。	Because they do not give rise to the fifteen minds of the three realms.
['T27n1545_089:0462a14_4']	即由此義經說見道名無相者。	即由此義經說見道名無相者。	For this very reason, the sutra calls the path of seeing signless,
['T27n1545_089:0462a14_13']	無間不生有漏心故。	無間不生有漏心故。	because it is not immediately followed by defiled minds.
['T27n1545_089:0462a15_8']	已知具知根等無間生三心者。	已知具知根等無間生三心者。	The faculties of knowing, and fully knowing, are immediately followed by three minds.
['T27n1545_089:0462a15_17']	謂三界修所斷善心。	謂三界修所斷善心。	That is, the wholesome minds abandoned by cultivation in the three realms.
['T27n1545_089:0462a16_14']	此中得預流一來果已或以欲界心出。	此中得預流一來果已或以欲界心出。	Here, having attained the fruit of stream-entry or once-returning, one either emerges with a mind of the desire realm,
['T27n1545_089:0462a17_5']	或以未至定心出。	或以未至定心出。	or one emerges with a mind of the stage of access concentration.
['T27n1545_089:0462a17_17']	得不還果已若依未至定者。	得不還果已若依未至定者。	If one has attained the fruit of non-returning and is based on the stage of access concentration,
['T27n1545_089:0462a18_6']	亦以此二心出。	亦以此二心出。	one also emerges from it with these two minds.
['T27n1545_089:0462a18_13']	若依餘五地者。	若依餘五地者。	If one is based on the other five stages,
['T27n1545_089:0462a19_1']	皆以自地出。	皆以自地出。	one emerges from it with one's own stage.
['T27n1545_089:0462a19_14']	得阿羅漢果已若依未至定者。	得阿羅漢果已若依未至定者。	If one has attained the fruit of arhatship and is based on the stage of access concentration,
['T27n1545_089:0462a20_3']	或以欲界心出。	或以欲界心出。	one may emerge with a mind of the desire realm,
['T27n1545_089:0462a20_11']	或以未至定心出。	或以未至定心出。	or one may emerge with a mind of the stage of access concentration.
['T27n1545_089:0462a21_9']	若依無所有處者或以無所有處心出。	若依無所有處者或以無所有處心出。	If one is based on the stage of nothingness, one may emerge with a mind of the stage of nothingness,
['T27n1545_089:0462a22_2']	或以非想非非想處心出。	或以非想非非想處心出。	or one may emerge with a mind of the stage of neither-perception-nor-non-perception.
['T27n1545_089:0462a22_8']	若依餘地者。	若依餘地者。	If one is based on the other stages,
['T27n1545_089:0462a22_15']	皆以自地心出。	皆以自地心出。	one emerges from it with one's own stage mind.
['T27n1545_089:0462a23_9']	眼耳身識界生十心者。	眼耳身識界生十心者。	The eye, ear, and body consciousness realms produce ten minds,
['T27n1545_089:0462a23_17']	謂欲色界各五部。	謂欲色界各五部。	namely, the five categories of the desire and form realms.
['T27n1545_089:0462a24_7']	唯生自界鼻舌識界。	唯生自界鼻舌識界。	The nose and tongue consciousness realms
['T27n1545_089:0462a24_17']	生五心者謂欲界五部。	生五心者謂欲界五部。	produce five minds, namely, the five categories of the desire realm.
['T27n1545_089:0462a25_7']	無漏法生三心者。	無漏法生三心者。	The uncontaminated dharmas produce three minds,
['T27n1545_089:0462a25_14']	謂三界修所斷。	謂三界修所斷。	namely, the three realms' elimination through cultivation.
['T27n1545_089:0462a26_4']	過去法生二心者。	過去法生二心者。	Past dharmas produce two minds,
['T27n1545_089:0462a26_13']	謂色無色界修所斷。	謂色無色界修所斷。	namely, the form and formless realms' elimination through cultivation.
['T27n1545_089:0462a27_3']	即出滅定無想異熟。	即出滅定無想異熟。	That is, emerging from the concentration of cessation and the fruition of non-perception.
['T27n1545_089:0462a27_12']	無想定心至生用時。	無想定心至生用時。	When the mind of the attainment of non-perception arises and functions,
['T27n1545_089:0462a28_3']	過去能入心心所法。	過去能入心心所法。	the past mind and mental factors that enter it
['T27n1545_089:0462a28_16']	爾時方有等無間緣取與果用。	爾時方有等無間緣取與果用。	at that time have the power of the immediately preceding condition to take and give effects.
['T27n1545_089:0462a29_11']	問出無想異熟心為通色界五部。	問出無想異熟心為通色界五部。	Question: Does the mind emerging from the attainment of non-perception belong to the five categories in the form realm,
['T27n1545_089:0462b01_1']	為但修所斷耶。	為但修所斷耶。	or is it only to be eliminated by cultivation?
['T27n1545_089:0462b01_6']	設爾何失。	設爾何失。	If so, what is the error?
['T27n1545_089:0462b01_11']	二俱有過。	二俱有過。	Both have errors.
['T27n1545_089:0462b01_16']	所以者何。	所以者何。	Why is it so?
['T27n1545_089:0462b02_3']	若通色界五部。	若通色界五部。	If it belongs to the five categories in the form realm,
['T27n1545_089:0462b02_10']	此中何故不說。	此中何故不說。	why is it not mentioned here?
['T27n1545_089:0462b03_3']	謂此中應說過去生六心。	謂此中應說過去生六心。	It should be said here that the past produces six minds.
['T27n1545_089:0462b03_12']	何故但言過去生二。	何故但言過去生二。	Why does it only say the past produces two?
['T27n1545_089:0462b04_8']	若但修所斷根蘊所說當云何通。	若但修所斷根蘊所說當云何通。	If it is only to be eliminated by cultivation, how can the explanation in the Root Treatise be understood?
['T27n1545_089:0462b04_11']	如說。	如說。	It says:
['T27n1545_089:0462b05_5']	彼想起已彼諸有情從彼處歿。	彼想起已彼諸有情從彼處歿。	When that thought arises, those sentient beings die from that place.
['T27n1545_089:0462b05_15']	彼想應言或善或無記。	彼想應言或善或無記。	That thought should be said to be either wholesome or indeterminate.
['T27n1545_089:0462b06_11']	於彼想色界有漏緣隨眠隨增。	於彼想色界有漏緣隨眠隨增。	The latent tendencies of the form realm with contaminated objects increase in that thought.
['T27n1545_089:0462b07_11']	答應作是說出無想異熟心通色界五部。	答應作是說出無想異熟心通色界五部。	Answer: It should be said that the mind emerging from the attainment of non-perception belongs to the five categories in the form realm.
['T27n1545_089:0462b07_15']	問若爾。	問若爾。	Question: If so,
['T27n1545_089:0462b08_4']	此中何故不說。	此中何故不說。	Why is this not discussed here?
['T27n1545_089:0462b08_12']	答應說而不說者。	答應說而不說者。	The answer is: it should be discussed, but it is not discussed.
['T27n1545_089:0462b09_1']	當知此義有餘。	當知此義有餘。	One should know that this meaning is incomplete.
['T27n1545_089:0462b10_4']	復次此中但說出無想滅定心加行功用力所引故。	復次此中但說出無想滅定心加行功用力所引故。	Moreover, here it only discusses the mind emerging from the attainment of non-perception, which is drawn by the power of the preparatory effort.
['T27n1545_089:0462b11_3']	出無想異熟心非加行功用力所引起。	出無想異熟心非加行功用力所引起。	The mind emerging from the fruition of non-perception is not drawn by the power of the preparatory effort.
['T27n1545_089:0462b11_8']	故此不說。	故此不說。	Therefore, this is not discussed.
['T27n1545_089:0462b12_2']	復次此中但說唯是善心出。	復次此中但說唯是善心出。	Moreover, here it only discusses the mind that is exclusively wholesome emerging.
['T27n1545_089:0462b12_15']	無想異熟心或善或染或無記。	無想異熟心或善或染或無記。	The mind as the fruition of non-perception may be wholesome, defiled, or indeterminate.
['T27n1545_089:0462b13_1']	故此不說。	故此不說。	Therefore, this is not discussed.
['T27n1545_089:0462b13_6']	有作是說。	有作是說。	There is an explanation:
['T27n1545_089:0462b13_17']	出無想異熟心唯修所斷。	出無想異熟心唯修所斷。	The mind emerging from the fruition of non-perception is only eliminated by cultivation.
['T27n1545_089:0462b14_8']	問根蘊所說當云何通。	問根蘊所說當云何通。	How should the explanation in the Treatise on Faculties be understood?
['T27n1545_089:0462b14_16']	答彼文應作是說。	答彼文應作是說。	The answer is: that text should be explained as follows:
['T27n1545_089:0462b15_10']	於彼想色界遍行隨眠隨增。	於彼想色界遍行隨眠隨增。	In that [attainment of non-perception], the pervasive latent afflictions of the form realm increase.
['T27n1545_089:0462b16_8']	然遮無漏緣故說有漏緣隨眠隨增。	然遮無漏緣故說有漏緣隨眠隨增。	However, because it is blocked from having the uncontaminated as its object, it is said that the latent afflictions with contaminated objects increase.
['T27n1545_089:0462b16_11']	評曰。	評曰。	The judges say:
['T27n1545_089:0462b17_1']	此二說中前說為善。	此二說中前說為善。	Of these two explanations, the former is better.
['T27n1545_089:0462b17_15']	問何故彼想非無漏緣隨眠隨增。	問何故彼想非無漏緣隨眠隨增。	Why is it that the attainment of non-perception is not increased by the latent afflictions with the uncontaminated as their object?
['T27n1545_089:0462b18_6']	答彼執無想為涅槃。	答彼執無想為涅槃。	Answer: They grasp the state of non-perception as nirvana.
['T27n1545_089:0462b18_14']	執無想定為聖道。	執無想定為聖道。	They grasp the attainment of non-perception as the noble path.
['T27n1545_089:0462b19_9']	是故爾時不起邪見撥無滅道。	是故爾時不起邪見撥無滅道。	Therefore, at that time, they do not give rise to wrong views denying cessation and the path.
['T27n1545_089:0462b20_1']	從此以後容起邪見。	從此以後容起邪見。	From this point onward, they may give rise to wrong views.
['T27n1545_089:0462b20_15']	未來法不生心者非等無間緣故。	未來法不生心者非等無間緣故。	Because future dharmas are not the immediately preceding condition for the arising of the mind.
['T27n1545_089:0462b21_5']	四無量生六心者。	四無量生六心者。	The four immeasurables give rise to six minds.
['T27n1545_089:0462b21_17']	謂色界五部及欲界修所斷。	謂色界五部及欲界修所斷。	Namely, the five categories of the form realm and the eliminated through cultivation of the desire realm.
['T27n1545_089:0462b22_3']	緣欲界故。	緣欲界故。	Because they take the desire realm as their object.
['T27n1545_089:0462b22_8']	緣有情故。	緣有情故。	Because they take sentient beings as their object.
['T27n1545_089:0462b23_4']	不能引起無色界心前二解脫。	不能引起無色界心前二解脫。	They are unable to induce the minds of the formless realm. The first two liberations,
['T27n1545_089:0462b23_9']	前四勝處。	前四勝處。	and the first four spheres of mastery,
['T27n1545_089:0462b23_14']	應知亦爾。	應知亦爾。	should be understood in the same way.
['T27n1545_089:0462b23_19']	緣欲界故。	緣欲界故。	Because they take the desire realm as their object.
['T27n1545_089:0462b24_10']	第四第五解脫生六心者。	第四第五解脫生六心者。	The fourth and fifth liberations give rise to six minds.
['T27n1545_089:0462b24_17']	謂無色界五部。	謂無色界五部。	Namely, the five categories of the formless realm,
['T27n1545_089:0462b25_5']	及色界修所斷。	及色界修所斷。	and the eliminated through cultivation of the form realm.
['T27n1545_089:0462b25_13']	他心智生六心者。	他心智生六心者。	The knowledge of others' minds gives rise to six minds.
['T27n1545_089:0462b26_6']	謂色界五部及欲界修所斷。	謂色界五部及欲界修所斷。	Namely, the five categories of the form realm and the eliminated through cultivation of the desire realm.
['T27n1545_089:0462b27_2']	五通等無間不能引起無色界心。	五通等無間不能引起無色界心。	The five supernatural powers and their immediately preceding [minds] are unable to induce the minds of the formless realm.
['T27n1545_089:0462b27_7']	第三解脫。	第三解脫。	The third liberation,
['T27n1545_089:0462b27_12']	後四勝處。	後四勝處。	The last four spheres of mastery.
['T27n1545_089:0462b27_17']	前八遍處。	前八遍處。	The first eight spheres of totality.
['T27n1545_089:0462b28_2']	生五心者。	生五心者。	The five minds that arise from them are:
['T27n1545_089:0462b28_12']	謂色界五部皆事別觀。	謂色界五部皆事別觀。	The five classes of the form realm, all of which are separate contemplations.
['T27n1545_089:0462b29_3']	不能引起無色界心。	不能引起無色界心。	They cannot induce the mind of the formless realm.
['T27n1545_089:0462b29_12']	後二遍處生五心者。	後二遍處生五心者。	The five minds that arise from the last two spheres of totality are:
['T27n1545_089:0462c01_4']	謂無色界五部是假想觀。	謂無色界五部是假想觀。	The five classes of the formless realm, which are conceptual contemplations.
['T27n1545_089:0462c01_13']	不能引起色界定心。	不能引起色界定心。	They cannot induce the concentrated mind of the form realm.
['T27n1545_089:0462c02_4']	第八解脫不生心者。	第八解脫不生心者。	The eighth liberation does not give rise to the mind.
['T27n1545_089:0462c03_2']	雖是心等無間而非心等無間緣故。	雖是心等無間而非心等無間緣故。	Although it is the immediate antecedent of the mind, it is not the condition as the immediate antecedent of the mind.
['T27n1545_089:0462c03_9']	法智生二心者。	法智生二心者。	The two minds that arise from the knowledge of the law are:
['T27n1545_089:0462c03_18']	謂欲色界修所斷心。	謂欲色界修所斷心。	The minds of the classes to be eliminated by cultivation in the realms of desire and form.
['T27n1545_089:0462c04_6']	緣欲界四諦故。	緣欲界四諦故。	Because it takes the four truths of the desire realm as its object.
['T27n1545_089:0462c04_15']	不能引起無色界心。	不能引起無色界心。	It cannot induce the mind of the formless realm.
['T27n1545_089:0462c05_9']	色貪順上分結生二心者。	色貪順上分結生二心者。	The two minds that arise from the fetters of attachment to form and the upper part are:
['T27n1545_089:0462c06_9']	謂欲色界修所斷心下地染心不生上故。	謂欲色界修所斷心下地染心不生上故。	The minds of the classes to be eliminated by cultivation in the realms of desire and form. The defiled mind of the lower stages does not arise in the upper stages.
['T27n1545_089:0462c07_3']	後四順上分結生三心者。	後四順上分結生三心者。	The three minds that arise from the last four fetters of the upper part are:
['T27n1545_089:0462c07_11']	謂三界修所斷心。	謂三界修所斷心。	The minds of the classes to be eliminated by cultivation in the three realms.
['T27n1545_089:0462c08_5']	由此五結不還身中方現行故。	由此五結不還身中方現行故。	Because these five fetters are only presently active in the body of a non-returner.
['T27n1545_089:0462c08_10']	餘文易了。	餘文易了。	The rest of the text is easy to understand.
['T27n1545_089:0462c08_15']	故不分別。	故不分別。	Therefore, it is not distinguished.🔽Here is the corrected and aligned text:
['T27n1545_089:0462c09_100']	說一切有部發智大毘婆沙論卷第八十九	說一切有部發智大毘婆沙論卷第八十九	Abhidharma-mahāvibhāṣā-śāstra, fascicle 89
