segmentnr	original	analyzed	translated
['T27n1545_010:0045c19_0']	阿毘達磨大毘婆沙論卷第十	阿毘達磨大毘婆沙論卷第十	Abhidharma-mahāvibhāṣā-śāstra, fascicle 10
['T27n1545_010:0045c21_0']	五百大阿羅漢等造	五百大阿羅漢等造	Composed by 500 great arhats and others
['T27n1545_010:0045c22_0', 'T27n1545_010:0045c24_9']	三藏法師玄奘奉　詔譯🔽2雜蘊第一中智納息第二之二問緣一切法非我行相。	三藏法師玄奘奉　詔譯 2雜蘊第一中智納息第二之二問緣一切法非我行相。	Translated by Tripiṭaka Master Xuanzang on imperial order🔽.
['T27n1545_010:0045c24_14']	自體是何。	自體是何。	What is its own nature?
['T27n1545_010:0045c25_1']	答慧為自體。	答慧為自體。	Answer: Its own nature is wisdom.
['T27n1545_010:0045c25_9']	如自體我物相分。	如自體我物相分。	Like one's own nature, one's possessions, and the divided aspects,
['T27n1545_010:0045c25_14']	自性亦爾。	自性亦爾。	One's essence is also like this.
['T27n1545_010:0045c25_19']	已說自體。	已說自體。	The own nature has already been explained.
['T27n1545_010:0045c26_5']	所以今當說。	所以今當說。	The reason will now be explained.
['T27n1545_010:0045c27_1']	問何故名為緣一切法非我行相。	問何故名為緣一切法非我行相。	Why is it called the aspect of non-self that takes all dharmas as its object?
['T27n1545_010:0045c27_14']	答此慧行一切法起非我相故。	答此慧行一切法起非我相故。	Answer: Because this wisdom arises taking the aspect of non-self with regard to all dharmas,
['T27n1545_010:0045c28_7']	名緣一切法非我行相。	名緣一切法非我行相。	It is called the aspect of non-self that takes all dharmas as its object.
['T27n1545_010:0045c28_13']	界者此行相。	界者此行相。	As for realms, this aspect
['T27n1545_010:0045c29_4']	唯欲色界無色界中。	唯欲色界無色界中。	Exists only in the desire realm, form realm, and formless realm.
['T27n1545_010:0045c29_17']	亦有此行相而不能緣一切法。	亦有此行相而不能緣一切法。	Although there is this aspect, it is unable to take all dharmas as its object.
['T27n1545_010:0046a01_4']	後當廣說。	後當廣說。	This will be explained in detail later.
['T27n1545_010:0046a02_4']	地者此行相在七地謂欲界未至靜慮中間。	地者此行相在七地謂欲界未至靜慮中間。	As for stages, this aspect exists in seven stages, namely the desire realm, the stage of access concentration, the intermediate concentration,
['T27n1545_010:0046a02_11']	及根本四靜慮。	及根本四靜慮。	And the four fundamental concentrations.
['T27n1545_010:0046a02_16']	此則總說。	此則總說。	This is the general explanation.
['T27n1545_010:0046a03_2']	若別說者。	若別說者。	If explained separately,
['T27n1545_010:0046a03_7']	聞所成慧。	聞所成慧。	Wisdom derived from hearing,
['T27n1545_010:0046a03_12']	唯在五地。	唯在五地。	They exist only in five stages.
['T27n1545_010:0046a03_19']	謂欲界四靜慮。	謂欲界四靜慮。	Namely, the desire realm and the four meditations.
['T27n1545_010:0046a04_8']	思所成慧唯在欲界。	思所成慧唯在欲界。	Wisdom accomplished through reflection exists only in the desire realm.
['T27n1545_010:0046a04_17']	修所成慧唯在六地。	修所成慧唯在六地。	Wisdom accomplished through cultivation exists only in six stages.
['T27n1545_010:0046a05_9']	謂前說七地中除欲界。	謂前說七地中除欲界。	Namely, excluding the desire realm from the previously mentioned seven stages.
['T27n1545_010:0046a05_14']	四無色地。	四無色地。	The four formless realms.
['T27n1545_010:0046a06_1']	亦有此行相。	亦有此行相。	Also have these aspects.
['T27n1545_010:0046a06_9']	而不能緣一切法。	而不能緣一切法。	But they cannot take all dharmas as objects.
['T27n1545_010:0046a06_15']	謂空無邊處。	謂空無邊處。	Namely, the sphere of infinite space.
['T27n1545_010:0046a07_1']	非我行相。	非我行相。	The aspect of non-self.
['T27n1545_010:0046a07_6']	緣四無色。	緣四無色。	Takes the four formless realms as objects.
['T27n1545_010:0046a07_11']	彼因彼滅。	彼因彼滅。	Their causes and their cessation.
['T27n1545_010:0046a07_18']	一切類智品道。	一切類智品道。	The path of all subsequent knowledge.
['T27n1545_010:0046a08_6']	及四無色非擇滅。	及四無色非擇滅。	And the non-analytical cessation of the four formless realms.
['T27n1545_010:0046a08_13']	一切類智品道。	一切類智品道。	The path of all subsequent knowledge.
['T27n1545_010:0046a09_5', 'T27n1545_010:0046a09_12']	非擇滅并一切虛空無為。🔽或欲令是一物。	非擇滅并一切虛空無為。 或欲令是一物。	And all the unconditioned space.🔽Some wish to consider it as one thing.
['T27n1545_010:0046a10_2']	或欲令是多物。	或欲令是多物。	Some wish to consider it as many things.
['T27n1545_010:0046a10_9']	此行相盡能緣。	此行相盡能緣。	These aspects can all take it as an object.
['T27n1545_010:0046a10_18']	識無邊處非我行相。	識無邊處非我行相。	The aspect of non-self in the sphere of infinite consciousness.
['T27n1545_010:0046a11_5']	緣上三無色。	緣上三無色。	Takes the upper three formless realms as objects.
['T27n1545_010:0046a11_10']	彼因彼滅。	彼因彼滅。	Their causes and their cessation.
['T27n1545_010:0046a11_17']	一切類智品道。	一切類智品道。	The path of all subsequent knowledge.
['T27n1545_010:0046a12_6']	及上三無色非擇滅。	及上三無色非擇滅。	And the non-analytical cessation of the upper three formless realms.
['T27n1545_010:0046a12_13']	一切類智品道。	一切類智品道。	The path of all types of knowledge.
['T27n1545_010:0046a13_5']	非擇滅并一切虛空無為。	非擇滅并一切虛空無為。	The non-analytical cessation and all the unconditioned space.
['T27n1545_010:0046a13_12']	或欲令是一物。	或欲令是一物。	Some want to make it one thing.
['T27n1545_010:0046a14_7']	或欲令是多物此行相盡能緣。	或欲令是多物此行相盡能緣。	Some want to make it many things. This aspect can all be taken as objects.
['T27n1545_010:0046a14_16']	無所有處非我行相。	無所有處非我行相。	The aspect of non-self in the sphere of nothingness.
['T27n1545_010:0046a15_4']	緣上二無色。	緣上二無色。	Taking the two upper formless realms as objects.
['T27n1545_010:0046a15_9']	彼因彼滅。	彼因彼滅。	Their causes and their cessation.
['T27n1545_010:0046a15_16']	一切類智品道。	一切類智品道。	The path of all types of knowledge.
['T27n1545_010:0046a16_5']	及上二無色非擇滅。	及上二無色非擇滅。	And the non-analytical cessation of the two upper formless realms.
['T27n1545_010:0046a16_15']	一切類智品道非擇滅。	一切類智品道非擇滅。	The non-analytical cessation of the path of all types of knowledge.
['T27n1545_010:0046a17_4']	及一切虛空無為。	及一切虛空無為。	And all the unconditioned space.
['T27n1545_010:0046a17_11']	或欲令是一物。	或欲令是一物。	Some want to make it one thing.
['T27n1545_010:0046a18_1', 'T27n1545_010:0046a18_14']	或欲令是多物。🔽此行相盡能緣非想非非想處。	或欲令是多物。 此行相盡能緣非想非非想處。	Some want to make it many things.
['T27n1545_010:0046a18_19']	非我行相。	非我行相。	This aspect can all be taken as objects. The aspect of non-self in the sphere of neither-perception-nor-non-perception.
['T27n1545_010:0046a19_7']	緣非想非非想處。	緣非想非非想處。	Taking the sphere of neither-perception-nor-non-perception as an object.
['T27n1545_010:0046a19_12']	彼因彼滅。	彼因彼滅。	Their causes and their cessation.
['T27n1545_010:0046a20_1']	一切類智品道。	一切類智品道。	The path of all types of knowledge.
['T27n1545_010:0046a20_12']	及非想非非想處非擇滅。	及非想非非想處非擇滅。	And the non-analytical cessation of the sphere of neither-perception-nor-non-perception.
['T27n1545_010:0046a20_19']	一切類智品道。	一切類智品道。	The path of all types of knowledge.
['T27n1545_010:0046a21_16']	非擇滅并一切虛空無為或欲令是一物。	非擇滅并一切虛空無為或欲令是一物。	The non-analytical cessation and all the unconditioned space. Some want to make it one thing.
['T27n1545_010:0046a22_6']	或欲令是多物。	或欲令是多物。	Or they want to make it many things.
['T27n1545_010:0046a22_13']	此行相盡能緣。	此行相盡能緣。	This aspect can all be taken as objects.
['T27n1545_010:0046a22_18']	有餘師說。	有餘師說。	Other masters say:
['T27n1545_010:0046a23_8']	空無邊處非我行相。	空無邊處非我行相。	The aspect of non-self in the sphere of infinite space
['T27n1545_010:0046a23_15']	緣五地非擇滅。	緣五地非擇滅。	Takes as its object the non-discriminative cessation of five stages,
['T27n1545_010:0046a24_6']	謂四無色第四靜慮。	謂四無色第四靜慮。	Namely the four formless [absorptions] and the fourth meditation.
['T27n1545_010:0046a24_11']	餘如前說。	餘如前說。	The rest is as explained above.
['T27n1545_010:0046a25_5']	乃至非想非非想處非我行相。	乃至非想非非想處非我行相。	Up to the aspect of non-self in the sphere of neither-perception-nor-non-perception
['T27n1545_010:0046a25_12']	緣二地非擇滅。	緣二地非擇滅。	Takes as its object the non-discriminative cessation of two stages,
['T27n1545_010:0046a26_2']	謂彼自地無所有處。	謂彼自地無所有處。	Namely its own stage and the sphere of nothingness.
['T27n1545_010:0046a26_7']	餘如前說。	餘如前說。	The rest is as explained above.
['T27n1545_010:0046a26_10']	評曰。	評曰。	The judges say:
['T27n1545_010:0046a27_1']	應知此中前說者好。	應知此中前說者好。	One should know that the former explanation is better among these.
['T27n1545_010:0046a27_8', 'T27n1545_010:0046a27_14']	問何故無色地。🔽無緣一切法。	問何故無色地。 無緣一切法。	Question: Why do the formless stages
['T27n1545_010:0046a28_2']	非我行相耶。	非我行相耶。	Not have the aspect of non-self that takes all dharmas as its object?
['T27n1545_010:0046a28_12']	答若地中有順決擇分。	答若地中有順決擇分。	Answer: If a stage has the factors conducive to penetration
['T27n1545_010:0046a29_2']	及彼加行相似善根。	及彼加行相似善根。	And similar wholesome roots as their practice,
['T27n1545_010:0046a29_11', 'T27n1545_010:0046a29_16']	彼地可有緣一切法。🔽非我行相。	彼地可有緣一切法。 非我行相。	That stage may have the aspect of non-self that takes all dharmas as its object.
['T27n1545_010:0046b01_7']	無色不爾故彼地無。	無色不爾故彼地無。	The formless [absorptions] are not like this, so they do not exist in those stages.
['T27n1545_010:0046b01_10']	有說。	有說。	Some say:
['T27n1545_010:0046b02_1']	若地中有行諦善根。	若地中有行諦善根。	If a stage has the wholesome roots that are practiced in the truths,
['T27n1545_010:0046b02_10']	彼地可有如是行相。	彼地可有如是行相。	The stages where these aspects can exist are the four meditations.
['T27n1545_010:0046b02_15']	無色不爾。	無色不爾。	The formless [stages] are not like this.
['T27n1545_010:0046b02_18']	有說。	有說。	Some say:
['T27n1545_010:0046b03_10']	若地中有現觀邊世俗智。	若地中有現觀邊世俗智。	If a stage has the conventional wisdom on the edge of realization,
['T27n1545_010:0046b04_2']	彼地可有如是行相。	彼地可有如是行相。	that stage can have such aspects.
['T27n1545_010:0046b04_7']	無色不爾。	無色不爾。	The formless [stages] are not like this.
['T27n1545_010:0046b04_10']	有說。	有說。	Some say:
['T27n1545_010:0046b05_3']	若地中有見道及見道加行。	若地中有見道及見道加行。	If a stage has the path of seeing and the preparatory stage for the path of seeing,
['T27n1545_010:0046b05_12']	彼地中有如是行相。	彼地中有如是行相。	that stage has such aspects.
['T27n1545_010:0046b05_17']	無色不爾。	無色不爾。	The formless [stages] are not like this.
['T27n1545_010:0046b06_1']	有說。	有說。	Some say:
['T27n1545_010:0046b07_1']	若地觀勝有此行相無色止勝故彼地無。	若地觀勝有此行相無色止勝故彼地無。	If a stage contemplates the superior, it has these aspects. The formless [stages] are superior in cessation, so that stage lacks them.
['T27n1545_010:0046b07_5']	所依者。	所依者。	As for the basis,
['T27n1545_010:0046b07_11']	此非我行相。	此非我行相。	this is not the aspect of non-self.
['T27n1545_010:0046b07_17']	依欲色界身。	依欲色界身。	It is based on the bodies of the desire and form realms.
['T27n1545_010:0046b08_4']	初起依欲界身。	初起依欲界身。	It first arises based on the body of the desire realm.
['T27n1545_010:0046b08_8']	行相者。	行相者。	As for the aspects,
['T27n1545_010:0046b08_14']	作非我行相。	作非我行相。	it takes the aspect of non-self.
['T27n1545_010:0046b08_18']	所緣者。	所緣者。	As for the object,
['T27n1545_010:0046b09_3', 'T27n1545_010:0046b09_7']	緣一切法。🔽念住者。	緣一切法。 念住者。	it takes all dharmas as its object.🔽As for the applications of mindfulness,
['T27n1545_010:0046b09_14']	是雜緣法念住。	是雜緣法念住。	it is the application of mindfulness that takes mixed dharmas as its object.🔽As for wisdom,
['T27n1545_010:0046b10_2']	智者是世俗智。	智者是世俗智。	it is conventional wisdom.
['T27n1545_010:0046b10_13']	三摩地俱者非三摩地俱。	三摩地俱者非三摩地俱。	As for being associated with samādhi, it is not associated with samādhi.
['T27n1545_010:0046b11_4']	根相應者三根相應。	根相應者三根相應。	As for being associated with faculties, it is associated with three faculties.
['T27n1545_010:0046b11_9']	謂樂喜捨。	謂樂喜捨。	Namely, joy, pleasure, and equanimity.
['T27n1545_010:0046b12_3']	問亦有善憂根能緣一切法。	問亦有善憂根能緣一切法。	Question: Is there also a wholesome faculty of sorrow that can take all dharmas as objects?
['T27n1545_010:0046b12_13']	何故此行相非彼相應。	何故此行相非彼相應。	Why is this mode of activity not associated with it?
['T27n1545_010:0046b13_1', 'T27n1545_010:0046b13_8']	答互相違故。🔽謂此歡行相轉。	答互相違故。 謂此歡行相轉。	Answer: Because they contradict each other.🔽That is to say, this mode of activity of delight arises.
['T27n1545_010:0046b13_14']	彼慼行相轉。	彼慼行相轉。	That mode of activity of dejection arises.
['T27n1545_010:0046b13_19', 'T27n1545_010:0046b14_8']	故不相應。🔽世者此行相墮三世。	故不相應。 世者此行相墮三世。	Therefore they are not associated.🔽As for the world, this mode of activity falls into the three times.
['T27n1545_010:0046b14_15']	緣三世及離世。	緣三世及離世。	It takes the three times and the time apart from the world as objects.
['T27n1545_010:0046b15_4']	善不善無記者。	善不善無記者。	As for wholesome, unwholesome, and indeterminate,
['T27n1545_010:0046b15_12']	是善緣三種三界。	是善緣三種三界。	it is wholesome and takes the three kinds as objects, and the three realms.
['T27n1545_010:0046b15_17']	繫不繫者。	繫不繫者。	As for being bound or unbound,
['T27n1545_010:0046b16_2']	欲色界繫。	欲色界繫。	it is bound to the desire and form realms.
['T27n1545_010:0046b16_10', 'T27n1545_010:0046b16_14']	緣三界繫及不繫。🔽學無學。	緣三界繫及不繫。 學無學。	It takes the bound to the three realms and the unbound as objects.
['T27n1545_010:0046b17_1']	非學非無學者。	非學非無學者。	As for being of the stage of learning, post-learning, or neither learning nor post-learning,
['T27n1545_010:0046b17_8']	是非學非無學。	是非學非無學。	it is neither of the stage of learning nor post-learning.
['T27n1545_010:0046b17_18']	緣三種見所斷修所斷。	緣三種見所斷修所斷。	It takes the three kinds as objects: that which is eliminated by seeing, that which is eliminated by cultivation,
['T27n1545_010:0046b18_10']	不斷者是修所斷緣三種。	不斷者是修所斷緣三種。	and that which is not eliminated. It is that which is eliminated by cultivation and takes the three kinds as objects.
['T27n1545_010:0046b18_16']	緣名緣義者。	緣名緣義者。	As for taking names as objects and taking meanings as objects,
['T27n1545_010:0046b19_3']	名義俱緣。	名義俱緣。	it takes both names and meanings as objects.
['T27n1545_010:0046b19_11']	緣自相續他相續。	緣自相續他相續。	It takes one's own continuum, the continuum of others,
['T27n1545_010:0046b19_16']	非相續者。	非相續者。	and the non-continuum as objects.
['T27n1545_010:0046b20_2']	三種俱緣。	三種俱緣。	It takes all three kinds as objects.
['T27n1545_010:0046b20_9']	聞思修所成者。	聞思修所成者。	As for being accomplished through hearing, thinking, and cultivation,
['T27n1545_010:0046b20_13', 'T27n1545_010:0046b20_17']	通三種。🔽加行得。	通三種。 加行得。	It is of three kinds.🔽It is obtained through preparatory effort.
['T27n1545_010:0046b21_1']	離染得。	離染得。	It is obtained through detachment.
['T27n1545_010:0046b21_5']	生得者。	生得者。	It is obtained through birth.
['T27n1545_010:0046b21_11']	可言通三種。	可言通三種。	It can be said to be of three kinds.
['T27n1545_010:0046b21_16']	此則總說。	此則總說。	This is a general statement.
['T27n1545_010:0046b22_1']	若別說者。	若別說者。	If it is explained separately,
['T27n1545_010:0046b22_12']	欲界聞思所成非我行相。	欲界聞思所成非我行相。	In the desire realm, the aspects of non-self that are accomplished through hearing and contemplation
['T27n1545_010:0046b22_17']	唯加行得。	唯加行得。	Are only obtained through preparatory effort.
['T27n1545_010:0046b23_9']	色界聞所成非我行相。	色界聞所成非我行相。	In the form realm, the aspects of non-self that are accomplished through hearing
['T27n1545_010:0046b24_2']	可言加行得可言生得。	可言加行得可言生得。	Can be said to be obtained through preparatory effort and can be said to be obtained through birth.
['T27n1545_010:0046b24_10']	云何可言加行得。	云何可言加行得。	How can it be said to be obtained through preparatory effort?
['T27n1545_010:0046b25_2']	謂若此間於自共相善。	謂若此間於自共相善。	If one has well cultivated the general and specific characteristics here,
['T27n1545_010:0046b25_10']	修習者生彼便得。	修習者生彼便得。	Then when one is born there one will attain it.
['T27n1545_010:0046b26_1']	若不爾者生彼不得。	若不爾者生彼不得。	If it is not so, then one will not attain it when born there.
['T27n1545_010:0046b26_8']	云何可言生得。	云何可言生得。	How can it be said to be obtained through birth?
['T27n1545_010:0046b26_17']	謂雖此間善修習已。	謂雖此間善修習已。	Although one has well cultivated it here,
['T27n1545_010:0046b27_8']	若未生彼終不能得。	若未生彼終不能得。	If one has not yet been born there one will never attain it.
['T27n1545_010:0046b27_13']	生彼方得。	生彼方得。	Only when one is born there will one attain it.
['T27n1545_010:0046b28_4']	彼聞所成非我行相。	彼聞所成非我行相。	The aspects of non-self that are accomplished through hearing in the form realm
['T27n1545_010:0046b28_13']	必依此間所修加行。	必依此間所修加行。	Must be attained through the preparatory effort cultivated here.
['T27n1545_010:0046b28_18']	生彼得故。	生彼得故。	Because one attains it upon being born there.
['T27n1545_010:0046b29_9']	色界修所成非我行相。	色界修所成非我行相。	The aspects of non-self that are accomplished through cultivation in the form realm
['T27n1545_010:0046b29_18']	是加行得及離染得。	是加行得及離染得。	Are obtained through preparatory effort and are obtained through detachment.
['T27n1545_010:0046c01_6']	亦可言是生得。	亦可言是生得。	It can also be said to be obtained through birth.
['T27n1545_010:0046c01_12']	問若欲界沒。	問若欲界沒。	Question: If one falls from the desire realm,
['T27n1545_010:0046c01_18']	生第二靜慮。	生第二靜慮。	and is reborn in the second meditative absorption,
['T27n1545_010:0046c02_9']	第二靜慮沒生初靜慮。	第二靜慮沒生初靜慮。	and falls from the second meditative absorption and is reborn in the first meditative absorption,
['T27n1545_010:0046c03_2']	彼得初靜慮非我行相不。	彼得初靜慮非我行相不。	can one obtain the aspect of the first meditative absorption that is not the contemplation of non-self?
['T27n1545_010:0046c03_11']	答若先善修習者得。	答若先善修習者得。	Answer: If one has previously cultivated it well, one can obtain it.
['T27n1545_010:0046c03_17']	不爾者不得。	不爾者不得。	If not, one cannot obtain it.
['T27n1545_010:0046c04_8']	乃至生第四靜慮亦爾。	乃至生第四靜慮亦爾。	Up to being reborn in the fourth meditative absorption, it is the same.
['T27n1545_010:0046c04_14']	問若欲界沒。	問若欲界沒。	Question: If one falls from the desire realm,
['T27n1545_010:0046c05_1']	生無色界。	生無色界。	and is reborn in the formless realm,
['T27n1545_010:0046c05_6']	無色界沒。	無色界沒。	and falls from the formless realm,
['T27n1545_010:0046c05_11']	生初靜慮。	生初靜慮。	and is reborn in the first meditative absorption,
['T27n1545_010:0046c06_3']	彼得初靜慮非我行相不。	彼得初靜慮非我行相不。	can one obtain the aspect of the first meditative absorption that is not the contemplation of non-self?
['T27n1545_010:0046c06_6']	有說。	有說。	Some say:
['T27n1545_010:0046c06_9']	不得。	不得。	One cannot obtain it.
['T27n1545_010:0046c06_14']	以極遠故。	以極遠故。	Because it is too far away.
['T27n1545_010:0046c06_19']	如是說者。	如是說者。	Those who say this
['T27n1545_010:0046c07_7']	若先善修習者得。	若先善修習者得。	say: If one has previously cultivated it well, one can obtain it.
['T27n1545_010:0046c07_13']	不爾者不得。	不爾者不得。	If not, one cannot obtain it.
['T27n1545_010:0046c08_5']	乃至生第四靜慮亦爾。	乃至生第四靜慮亦爾。	Up to being reborn in the fourth meditative absorption, it is the same.
['T27n1545_010:0046c08_12']	問若初靜慮沒。	問若初靜慮沒。	Question: If one falls from the first meditative absorption,
['T27n1545_010:0046c08_18']	生第二靜慮。	生第二靜慮。	and is reborn in the second meditative absorption,
['T27n1545_010:0046c09_5']	第二靜慮沒。	第二靜慮沒。	and falls from the second meditative absorption,
['T27n1545_010:0046c09_10']	生初靜慮。	生初靜慮。	and is reborn in the first meditative absorption,
['T27n1545_010:0046c10_2']	彼得初靜慮非我行相不。	彼得初靜慮非我行相不。	can one obtain the aspect of the first meditative absorption that is not the contemplation of non-self?
['T27n1545_010:0046c10_11']	答若先善修習者得。	答若先善修習者得。	Answer: If one has previously cultivated well, one can attain it.
['T27n1545_010:0046c10_17']	不爾者不得。	不爾者不得。	If not, one cannot attain it.
['T27n1545_010:0046c11_5']	生餘地亦爾。	生餘地亦爾。	It is the same for being born in other stages.
['T27n1545_010:0046c11_17']	問何等補特伽羅得此行相。	問何等補特伽羅得此行相。	Question: What kind of person can attain this aspect?
['T27n1545_010:0046c12_4']	為但聖者。	為但聖者。	Is it only the noble ones?
['T27n1545_010:0046c12_9']	為通異生。	為通異生。	Or is it common to ordinary beings?
['T27n1545_010:0046c12_14']	有作是說。	有作是說。	Some say:
['T27n1545_010:0046c13_1']	唯聖者得。	唯聖者得。	Only the noble ones can attain it.
['T27n1545_010:0046c13_6']	非諸異生。	非諸異生。	Not ordinary beings.
['T27n1545_010:0046c13_11']	如是說者。	如是說者。	Those who say this:
['T27n1545_010:0046c13_16']	異生亦得。	異生亦得。	Ordinary beings can also attain it.
['T27n1545_010:0046c14_3']	問異生有二種。	問異生有二種。	Question: There are two kinds of ordinary beings.
['T27n1545_010:0046c14_9']	謂內法外法。	謂內法外法。	Namely, those with inner qualities and those with outer qualities.
['T27n1545_010:0046c14_18']	何等異生得此行相。	何等異生得此行相。	Which kind of ordinary being can attain this aspect?
['T27n1545_010:0046c15_4']	有作是說。	有作是說。	Some say:
['T27n1545_010:0046c15_9']	內法者得。	內法者得。	Those with inner qualities can attain it.
['T27n1545_010:0046c15_14']	非外法者。	非外法者。	Not those with outer qualities.
['T27n1545_010:0046c16_1']	彼著我故。	彼著我故。	Because they are attached to the self,
['T27n1545_010:0046c16_10']	不能修習空無我見。	不能修習空無我見。	They are unable to cultivate the view of emptiness and non-self.
['T27n1545_010:0046c16_15']	如是說者。	如是說者。	Those who say this:
['T27n1545_010:0046c17_6']	外法異生亦得此行相。	外法異生亦得此行相。	Ordinary beings with outer qualities can also attain this aspect.
['T27n1545_010:0046c17_11']	然與內別。	然與內別。	However, there is a difference from those with inner qualities.
['T27n1545_010:0046c17_16', 'T27n1545_010:0046c18_5']	謂內法者。🔽亦加行得亦生得。	謂內法者。 亦加行得亦生得。	Namely, those with inner qualities🔽Attain it through practice and are born with it.🔽They attain it, possess it,
['T27n1545_010:0046c18_14', 'T27n1545_010:0046c18_19']	亦得亦在身亦成就。🔽亦現在前。	亦得亦在身亦成就。 亦現在前。	And manifest it.
['T27n1545_010:0046c19_4']	外法異生。	外法異生。	Ordinary beings with outer qualities,
['T27n1545_010:0046c19_14']	唯生得而不在身成就。	唯生得而不在身成就。	Only those obtained by birth are not in the body's accomplishment.
['T27n1545_010:0046c20_2']	不現在前。	不現在前。	Not presently manifest.
['T27n1545_010:0046c20_7']	以著我故。	以著我故。	Because of attachment to self.
['T27n1545_010:0046c20_17']	問云何起非我行相耶。	問云何起非我行相耶。	Question: How does one give rise to the aspect of non-self?
['T27n1545_010:0046c21_5']	答若生欲界。	答若生欲界。	Answer: If born in the desire realm,
['T27n1545_010:0046c21_14']	起欲色界非我行相。	起欲色界非我行相。	one gives rise to the aspect of non-self of the desire and form realms.
['T27n1545_010:0046c22_3', 'T27n1545_010:0046c22_9']	俱能緣一切法。🔽若生初靜慮。	俱能緣一切法。 若生初靜慮。	Both are able to take all dharmas as objects.🔽If born in the first dhyāna,
['T27n1545_010:0046c22_18']	起初靜慮非我行相。	起初靜慮非我行相。	one gives rise to the aspect of non-self of the first dhyāna.
['T27n1545_010:0046c23_9']	不定者亦能緣一切法。	不定者亦能緣一切法。	The indeterminate one is also able to take all dharmas as objects.
['T27n1545_010:0046c24_5']	定者唯緣從初靜慮乃至有頂。	定者唯緣從初靜慮乃至有頂。	The determinate one only takes as objects from the first dhyāna up to the peak of existence.
['T27n1545_010:0046c24_15']	起上三靜慮非我行相。	起上三靜慮非我行相。	Giving rise to the aspect of non-self of the upper three dhyānas,
['T27n1545_010:0046c25_10']	亦唯能緣從初靜慮乃至有頂。	亦唯能緣從初靜慮乃至有頂。	is also only able to take as objects from the first dhyāna up to the peak of existence.
['T27n1545_010:0046c25_17']	若生第二靜慮。	若生第二靜慮。	If born in the second dhyāna,
['T27n1545_010:0046c26_9']	起第二靜慮非我行相。	起第二靜慮非我行相。	one gives rise to the aspect of non-self of the second dhyāna.
['T27n1545_010:0046c27_1']	不定者能緣一切法。	不定者能緣一切法。	The indeterminate one is able to take all dharmas as objects.
['T27n1545_010:0046c27_15']	定者唯緣從第二靜慮乃至有頂。	定者唯緣從第二靜慮乃至有頂。	The determinate one only takes as objects from the second dhyāna up to the peak of existence.
['T27n1545_010:0046c28_10']	起第三第四靜慮非我行相。	起第三第四靜慮非我行相。	Giving rise to the aspect of non-self of the third and fourth dhyānas,
['T27n1545_010:0046c29_7']	亦唯能緣從第二靜慮乃至有頂。	亦唯能緣從第二靜慮乃至有頂。	is also only able to take as objects from the second dhyāna up to the peak of existence.
['T27n1545_010:0046c29_16']	若生第三第四靜慮。	若生第三第四靜慮。	If born in the third or fourth dhyāna,
['T27n1545_010:0047a01_3']	如理應說。	如理應說。	one should explain in accordance with reason.
['T27n1545_010:0047a01_12']	若生欲界色無色界。	若生欲界色無色界。	If born in the desire realm or form realm,
['T27n1545_010:0047a02_3']	起無色界非我行相。	起無色界非我行相。	and gives rise to the aspect of non-self of the formless realm,
['T27n1545_010:0047a02_12']	緣法分齊如前已說。	緣法分齊如前已說。	the scope of the dharmas as objects has already been explained above.
['T27n1545_010:0047a03_3']	問欲色二界非我行相。	問欲色二界非我行相。	Question: In the desire and form realms, the aspect of non-self,
['T27n1545_010:0047a03_10']	何者緣法多耶。	何者緣法多耶。	which has more objects among the dharmas?
['T27n1545_010:0047a03_18']	答色界非我行相。	答色界非我行相。	Answer: In the form realm, the aspect of non-self,
['T27n1545_010:0047a04_3']	若不定者。	若不定者。	if indeterminate,
['T27n1545_010:0047a04_11']	所緣法與欲界等。	所緣法與欲界等。	the objects among the dharmas are the same as in the desire realm.
['T27n1545_010:0047a05_4']	若定者則所緣法少於欲界。	若定者則所緣法少於欲界。	If determinate, then the objects among the dharmas are fewer than in the desire realm.
['T27n1545_010:0047a05_13']	謂不能緣自隨轉色。	謂不能緣自隨轉色。	This is because one is unable to take as objects the form that accompanies oneself.
['T27n1545_010:0047a06_2']	欲界非我行相。	欲界非我行相。	In the desire realm, the aspect of non-self,
['T27n1545_010:0047a06_8']	無隨轉色故。	無隨轉色故。	because there is no accompanying form.
['T27n1545_010:0047a06_15']	能緣一切色故。	能緣一切色故。	Because it is able to take all form as objects.
['T27n1545_010:0047a06_18']	有說。	有說。	Some say:
['T27n1545_010:0047a07_5']	言有身念住。	言有身念住。	It is said that the mindfulness of the body
['T27n1545_010:0047a07_14']	緣一切色無有受心。	緣一切色無有受心。	takes all form as objects, but not feeling, mind,
['T27n1545_010:0047a08_6']	法念住緣一切受心法。	法念住緣一切受心法。	and dharmas. The mindfulness of dharmas takes all feeling, mind,🔽and dharmas as objects.
['T27n1545_010:0047a08_17']	問此緣一切法非我行相。	問此緣一切法非我行相。	Question: This aspect of non-self that takes all dharmas as objects,
['T27n1545_010:0047a09_7']	為有漏為無漏耶。	為有漏為無漏耶。	is it contaminated or uncontaminated?
['T27n1545_010:0047a09_15']	答是有漏非無漏。	答是有漏非無漏。	Answer: It is contaminated, not uncontaminated.
['T27n1545_010:0047a10_2']	所以者何。	所以者何。	Why is this?
['T27n1545_010:0047a10_10']	有世俗非我行相。	有世俗非我行相。	There are worldly aspects that are not the aspect of non-self.
['T27n1545_010:0047a10_18']	尚不能緣一切法。	尚不能緣一切法。	They are still unable to take all dharmas as objects.
['T27n1545_010:0047a11_5']	如順決擇分。	如順決擇分。	Like the factors conducive to penetration.
['T27n1545_010:0047a11_14']	何況無漏非我行相。	何況無漏非我行相。	How much less so can the pure aspect of non-self
['T27n1545_010:0047a12_2']	能緣一切法耶。	能緣一切法耶。	take all dharmas as objects?
['T27n1545_010:0047a12_11']	以此行相別諦緣故。	以此行相別諦緣故。	Because this aspect takes the truths as objects separately.
['T27n1545_010:0047a13_6']	如諸邪見尚無一時緣二諦者。	如諸邪見尚無一時緣二諦者。	Like the various wrong views, which still do not take two truths as objects at one time.
['T27n1545_010:0047a13_11']	況緣多耶。	況緣多耶。	How much less so do they take many as objects?
['T27n1545_010:0047a14_3']	如所對治能對治亦爾。	如所對治能對治亦爾。	The counteragent is the same as what is to be counteracted.
['T27n1545_010:0047a14_11']	問有漏非我行相。	問有漏非我行相。	Question: Can the worldly aspect of non-self
['T27n1545_010:0047a14_17']	能斷煩惱不。	能斷煩惱不。	cut off afflictions?
['T27n1545_010:0047a15_3']	答不能斷。	答不能斷。	Answer: It cannot cut them off.
['T27n1545_010:0047a15_13']	問若爾聖者何故起耶。	問若爾聖者何故起耶。	Question: If that is so, why do the noble ones give rise to it?
['T27n1545_010:0047a16_5']	答令根轉利入聖道故。	答令根轉利入聖道故。	Answer: In order to make the faculties sharp and enter the noble path.
['T27n1545_010:0047a16_16']	復次由四緣故聖者起之。	復次由四緣故聖者起之。	Furthermore, the noble ones give rise to it for four reasons.
['T27n1545_010:0047a17_6']	一為現法樂住故。	一為現法樂住故。	First, in order to abide in bliss in the present life.
['T27n1545_010:0047a17_14']	二為觀本所作故。	二為觀本所作故。	Second, in order to observe what has been done before.
['T27n1545_010:0047a18_4']	三為遊戲功德故。	三為遊戲功德故。	Third, in order to play with merits.
['T27n1545_010:0047a18_12']	四為受用聖財故。	四為受用聖財故。	Fourth, in order to enjoy the wealth of the noble ones.
['T27n1545_010:0047a19_1']	問此非我行相。	問此非我行相。	Question: Does this aspect of non-self
['T27n1545_010:0047a19_7']	為欣作意俱。	為欣作意俱。	coexist with the intention of delighting?
['T27n1545_010:0047a19_14']	為厭作意俱耶。	為厭作意俱耶。	Are they accompanied by the intention to be disgusted?
['T27n1545_010:0047a20_1']	設爾何失。	設爾何失。	If so, what is the problem?
['T27n1545_010:0047a20_8']	若欣作意俱者。	若欣作意俱者。	If they are accompanied by the intention to delight,
['T27n1545_010:0047a20_15']	云何緣可厭法。	云何緣可厭法。	how can they take as their object dharmas that are to be disgusted with?
['T27n1545_010:0047a21_2']	若厭作意俱者。	若厭作意俱者。	If they are accompanied by the intention to be disgusted,
['T27n1545_010:0047a21_9']	云何緣可欣法。	云何緣可欣法。	how can they take as their object dharmas that are to be delighted with?
['T27n1545_010:0047a21_15']	答應作是說。	答應作是說。	Answer: It should be said that
['T27n1545_010:0047a22_1']	欣作意俱。	欣作意俱。	they are accompanied by the intention to delight.
['T27n1545_010:0047a22_11']	問若爾云何緣可厭法。	問若爾云何緣可厭法。	Question: If so, how can they take as their object dharmas that are to be disgusted with?
['T27n1545_010:0047a22_17']	答彼瑜伽師。	答彼瑜伽師。	Answer: That yogin,
['T27n1545_010:0047a23_7']	於可欣法生欣尚故。	於可欣法生欣尚故。	because of giving rise to delight and esteem for dharmas that are to be delighted with,
['T27n1545_010:0047a23_16']	設於無量可厭聚中。	設於無量可厭聚中。	even if there are innumerable aggregates that are to be disgusted with,
['T27n1545_010:0047a24_7']	有一可欣則生欣樂。	有一可欣則生欣樂。	if there is even one that is to be delighted with, then delight and joy are given rise to.
['T27n1545_010:0047a24_12']	何況多耶。	何況多耶。	How much more so if there are many?
['T27n1545_010:0047a25_4']	如銅錢聚上置一金錢。	如銅錢聚上置一金錢。	It is like a pile of copper coins on top of which is placed a gold coin.
['T27n1545_010:0047a25_13']	便於此聚總生欣樂。	便於此聚總生欣樂。	One then gives rise to delight and joy towards that pile as a whole.
['T27n1545_010:0047a25_18']	此亦如是。	此亦如是。	This is also like that.
['T27n1545_010:0047a26_4']	故無有失。	故無有失。	Therefore there is no fault.
['T27n1545_010:0047a27_9']	頗有二心展轉相因耶。	頗有二心展轉相因耶。	Can there be two minds that mutually serve as causes for each other?
['T27n1545_010:0047a27_14']	乃至廣說。	乃至廣說。	And so on at length.
['T27n1545_010:0047a28_3']	問何故作此論。	問何故作此論。	Question: Why was this treatise composed?
['T27n1545_010:0047a28_13']	答為止他宗顯己義故。	答為止他宗顯己義故。	Answer: In order to stop other schools and reveal one's own meaning.
['T27n1545_010:0047a29_1']	謂或有執。	謂或有執。	That is to say, some hold the view
['T27n1545_010:0047a29_6']	因緣無體。	因緣無體。	that causal conditions are without substance.
['T27n1545_010:0047b01_1']	為止彼宗欲明因緣實有體性。	為止彼宗欲明因緣實有體性。	In order to stop that view, it is clarified that causes and conditions truly have an inherent nature.
['T27n1545_010:0047b01_6']	或復有執。	或復有執。	Or, there may be another view that
['T27n1545_010:0047b01_12']	一補特伽羅。	一補特伽羅。	one person
['T27n1545_010:0047b01_18']	有二心俱生。	有二心俱生。	has two minds arising simultaneously.
['T27n1545_010:0047b02_3']	如大眾部。	如大眾部。	Like the Mahāsāṃghika school.
['T27n1545_010:0047b03_2']	為止彼宗明一補特伽羅無二心俱生。	為止彼宗明一補特伽羅無二心俱生。	In order to stop that view, it is clarified that one person does not have two minds arising simultaneously.
['T27n1545_010:0047b03_7']	或有外道。	或有外道。	There may be non-Buddhists
['T27n1545_010:0047b03_17']	引世現喻執後為前因。	引世現喻執後為前因。	who, citing worldly examples, hold the later to be the cause of the former.
['T27n1545_010:0047b04_3']	彼作是說。	彼作是說。	They say:
['T27n1545_010:0047b04_8']	現見泉涌。	現見泉涌。	It is seen that springs gush forth.
['T27n1545_010:0047b04_13']	後逼於前。	後逼於前。	The later forces the earlier.
['T27n1545_010:0047b04_18']	令其涌流。	令其涌流。	Causing it to flow.
['T27n1545_010:0047b05_7']	此中後水為前水因。	此中後水為前水因。	The later water is the cause of the earlier water.
['T27n1545_010:0047b05_16', 'T27n1545_010:0047b06_7']	如是諸法行三世時。🔽未來世逼令入現在。	如是諸法行三世時。 未來世逼令入現在。	In this way, when dharmas move through the three times,🔽the future time forces it to enter the present.
['T27n1545_010:0047b06_16']	現在世逼令入過去。	現在世逼令入過去。	The present time forces it to enter the past.
['T27n1545_010:0047b07_7']	故未來世為現在因。	故未來世為現在因。	Therefore, the future time is the cause of the present.
['T27n1545_010:0047b07_16']	現在復與過去為因。	現在復與過去為因。	The present again is the cause of the past.
['T27n1545_010:0047b08_11']	為止彼宗欲明後法非前法因。	為止彼宗欲明後法非前法因。	In order to stop that view, it is clarified that later dharmas are not the cause of former dharmas.
['T27n1545_010:0047b08_16', 'T27n1545_010:0047b09_7']	若是因者。🔽便違內外緣起諸法。	若是因者。 便違內外緣起諸法。	If it were the cause,🔽it would contradict the dependent origination of internal and external dharmas.
['T27n1545_010:0047b09_14']	違內法緣起者。	違內法緣起者。	As for contradicting the dependent origination of internal dharmas,
['T27n1545_010:0047b10_3']	謂應行緣無明。	謂應行緣無明。	It means that ignorance should be the condition for birth.
['T27n1545_010:0047b10_10']	乃至老死緣生。	乃至老死緣生。	Up to old age and death should be the condition for birth.
['T27n1545_010:0047b10_15']	父母因子。	父母因子。	Parents should be the cause for children.
['T27n1545_010:0047b11_3']	眼色因眼識。	眼色因眼識。	Eye and form should be the cause for eye-consciousness.
['T27n1545_010:0047b11_11']	乃至意法因意識。	乃至意法因意識。	Up to mind and dharmas should be the cause for mental consciousness.
['T27n1545_010:0047b12_3']	又應羯邏藍因頞部曇。	又應羯邏藍因頞部曇。	Moreover, kalala should be the cause for arbuda.
['T27n1545_010:0047b12_10']	乃至壯因於老。	乃至壯因於老。	Up to youth should be the cause for old age.
['T27n1545_010:0047b13_2', 'T27n1545_010:0047b13_9']	如是等違外法緣起者。🔽謂應種子因芽。	如是等違外法緣起者。 謂應種子因芽。	Such are the contradictions with external dependent origination.🔽It means that seeds should be the cause for sprouts.
['T27n1545_010:0047b13_16']	乃至花因於果。	乃至花因於果。	Up to flowers should be the cause for fruits.
['T27n1545_010:0047b14_6']	如是等復有大過。	如是等復有大過。	There are also great errors like this.
['T27n1545_010:0047b14_15']	謂應未造業而受果。	謂應未造業而受果。	It means that one should experience the results of karma without having created it.
['T27n1545_010:0047b15_4']	受果已方造業。	受果已方造業。	One should create karma after having experienced its results.
['T27n1545_010:0047b15_9']	其事云何。	其事云何。	What is the matter?
['T27n1545_010:0047b15_17']	應先受苦樂異熟。	應先受苦樂異熟。	One should first experience the ripening of suffering and happiness.
['T27n1545_010:0047b16_5']	後造善惡業。	後造善惡業。	Then create good and evil karma.
['T27n1545_010:0047b16_14']	先得律儀不律儀果。	先得律儀不律儀果。	First obtain the fruits of discipline and lack of discipline.
['T27n1545_010:0047b17_5']	後受律儀不律儀戒。	後受律儀不律儀戒。	Later observe the precepts of discipline and lack of discipline.
['T27n1545_010:0047b17_14']	先墮地獄後造無間。	先墮地獄後造無間。	First fall into hell, then create the uninterrupted [karma].
['T27n1545_010:0047b18_5']	先作輪王後造彼業。	先作輪王後造彼業。	First become a wheel-turning king, then create that karma.
['T27n1545_010:0047b18_14']	先得無上正等菩提。	先得無上正等菩提。	First attain supreme perfect enlightenment.
['T27n1545_010:0047b19_5']	然後乃修六到彼岸。	然後乃修六到彼岸。	Then later cultivate the six perfections.
['T27n1545_010:0047b19_14']	若未作業先受果者。	若未作業先受果者。	If one first experiences the effect before the action is performed,
['T27n1545_010:0047b20_5']	應已作業而便失壞。	應已作業而便失壞。	one would have already performed the action and then lost it.
['T27n1545_010:0047b20_14']	是則應無解脫出離。	是則應無解脫出離。	This would mean there would be no liberation or escape.
['T27n1545_010:0047b21_5']	是故不可後為前因。	是故不可後為前因。	Therefore, it is not possible for the later to be the cause of the earlier.
['T27n1545_010:0047b21_14']	由此因緣故作斯論。	由此因緣故作斯論。	For this reason, this treatise is composed.
['T27n1545_010:0047b22_7']	頗有二心展轉相因耶。	頗有二心展轉相因耶。	Can two minds be causes for each other?
['T27n1545_010:0047b22_10']	答無。	答無。	The answer is no.
['T27n1545_010:0047b22_15', 'T27n1545_010:0047b23_7']	所以者何。🔽無一補特伽羅非前非後。	所以者何。 無一補特伽羅非前非後。	Why is this?
['T27n1545_010:0047b23_12']	二心俱生。	二心俱生。	There is no person who does not have two minds arising simultaneously, either before or after.
['T27n1545_010:0047b24_3']	又非後心為前心因。	又非後心為前心因。	Moreover, the later mind is not the cause of the earlier mind.
['T27n1545_010:0047b24_8']	此中無者。	此中無者。	The meaning of no here
['T27n1545_010:0047b24_17']	即止撥無因緣實體。	即止撥無因緣實體。	is to refute the denial of the real substance of causes and conditions.
['T27n1545_010:0047b25_7']	謂無二心展轉相因。	謂無二心展轉相因。	It means that two minds do not mutually cause each other.
['T27n1545_010:0047b25_16']	然有餘法互為因義。	然有餘法互為因義。	However, there is the meaning of other dharmas being causes for each other.
['T27n1545_010:0047b26_8']	無一補特伽羅等者。	無一補特伽羅等者。	The phrase there is no person...
['T27n1545_010:0047b26_15']	即止大眾部執。	即止大眾部執。	refutes the Mahāsāṃghika's claim
['T27n1545_010:0047b27_8']	一補特伽羅有二心俱生。	一補特伽羅有二心俱生。	that a single person has two minds arising simultaneously.
['T27n1545_010:0047b27_15']	一補特伽羅者。	一補特伽羅者。	The phrase a single person
['T27n1545_010:0047b28_3', 'T27n1545_010:0047b28_10']	遮多補特伽羅。🔽非前者遮過去。	遮多補特伽羅。 非前者遮過去。	refutes the existence of many persons.🔽The phrase not before refutes [the existence of two minds] in the past.
['T27n1545_010:0047b28_17']	非後者遮未來。	非後者遮未來。	The phrase not after refutes [the existence of two minds] in the future.
['T27n1545_010:0047c01_1']	此則顯示一補特伽羅現在一剎那頃無有二心。	此則顯示一補特伽羅現在一剎那頃無有二心。	This shows that one person does not have two minds in one moment.
['T27n1545_010:0047c01_6']	有別誦言。	有別誦言。	There is another recitation that says:
['T27n1545_010:0047c02_4']	非曾非當非現一補特伽羅二心俱生。	非曾非當非現一補特伽羅二心俱生。	Neither in the past, nor in the future, nor in the present is there one person with two minds arising together.
['T27n1545_010:0047c02_16']	此則顯示一補特伽羅三世。	此則顯示一補特伽羅三世。	This shows that for one person, in the three times,
['T27n1545_010:0047c03_7']	一剎那頃皆無二心。	一剎那頃皆無二心。	in one moment, there are no two minds.
['T27n1545_010:0047c03_17']	又非後心為前心因者。	又非後心為前心因者。	Also, the later mind is not the cause of the previous mind.
['T27n1545_010:0047c04_10']	此即止外道執後為前因。	此即止外道執後為前因。	This refutes the non-Buddhists' claim that the later is the cause of the previous.
['T27n1545_010:0047c05_2']	顯示後法非前因義。	顯示後法非前因義。	It shows that later dharmas are not the cause of previous dharmas.
['T27n1545_010:0047c05_15']	此中但依五因作論故答言無。	此中但依五因作論故答言無。	Here, the treatise is only composed based on the five causes, so the answer is no.
['T27n1545_010:0047c06_7']	若依六因應答言有。	若依六因應答言有。	If based on the six causes, the answer should be yes.
['T27n1545_010:0047c06_16']	以能作因皆遍有故。	以能作因皆遍有故。	Because the efficient cause is all-pervading.
['T27n1545_010:0047c07_8']	無一補特伽羅等者。	無一補特伽羅等者。	As for no single person, etc.,
['T27n1545_010:0047c07_16']	遮相應俱有因義。	遮相應俱有因義。	it refutes the meaning of the associated cause and co-existent cause.
['T27n1545_010:0047c08_8']	又非後心為前心因者。	又非後心為前心因者。	Also, the later mind is not the cause of the previous mind.
['T27n1545_010:0047c09_1']	遮同類遍行異熟因義。	遮同類遍行異熟因義。	It refutes the meaning of the homogeneous cause, omnipresent cause, and ripening cause.
['T27n1545_010:0047c09_6']	皆不遮者。	皆不遮者。	As for not all refuting,
['T27n1545_010:0047c09_11']	謂能作因。	謂能作因。	it refers to the efficient cause.
['T27n1545_010:0047c10_2']	如說二心無互為因義。	如說二心無互為因義。	As it is said, the two minds do not have the meaning of being causes for each other.
['T27n1545_010:0047c10_9', 'T27n1545_010:0047c10_14']	如是二受二想。🔽二思二觸。	如是二受二想。 二思二觸。	In the same way, the two feelings, two perceptions,🔽two volitions, two contacts,
['T27n1545_010:0047c11_2']	二作意二勝解。	二作意二勝解。	two attentions, two determinations,
['T27n1545_010:0047c11_7']	二欲二念。	二欲二念。	two desires, two recollections,
['T27n1545_010:0047c11_13']	二定二慧等。	二定二慧等。	two concentrations, two wisdoms, etc.,
['T27n1545_010:0047c11_20', 'T27n1545_010:0047c12_8']	諸心所法二眼。🔽乃至二身等諸色法。	諸心所法二眼。 乃至二身等諸色法。	the two eyes,🔽up to the two bodies, etc., of the mental factors,
['T27n1545_010:0047c12_17', 'T27n1545_010:0047c13_7']	二命根二眾同分等。🔽心不相應行法同類。	二命根二眾同分等。 心不相應行法同類。	the two life faculties, the two similarities of type, etc.,
['T27n1545_010:0047c13_14']	皆無互為因義。	皆無互為因義。	the factors not directly associated with the mind, are all not mutually causal.
['T27n1545_010:0047c14_4']	頗有二心。	頗有二心。	Are there two minds
['T27n1545_010:0047c14_10']	展轉相緣耶。	展轉相緣耶。	that mutually serve as objects of each other?
['T27n1545_010:0047c14_15']	乃至廣說。	乃至廣說。	And so on at length.
['T27n1545_010:0047c15_5']	問此中不應先作此論。	問此中不應先作此論。	Question: This discussion should not be undertaken here first.
['T27n1545_010:0047c15_11']	應先作此論。	應先作此論。	It should be undertaken first.
['T27n1545_010:0047c16_2']	何故無一補特伽羅。	何故無一補特伽羅。	Why is it that there is no single pudgala,
['T27n1545_010:0047c16_7']	乃至廣說。	乃至廣說。	and so on at length.
['T27n1545_010:0047c16_12']	所以者何。	所以者何。	Why is it so?
['T27n1545_010:0047c17_1']	先說無一補特伽羅。	先說無一補特伽羅。	Because it was said earlier that there is no single pudgala,
['T27n1545_010:0047c17_10']	非前非後二心俱生。	非前非後二心俱生。	and that two minds do not arise simultaneously, one before and one after.
['T27n1545_010:0047c17_15']	雖作是說。	雖作是說。	Although this was said,
['T27n1545_010:0047c18_3']	而未說其因緣。	而未說其因緣。	the causal reasons were not yet explained.
['T27n1545_010:0047c18_8']	故次應說。	故次應說。	Therefore, next, it should be said.
['T27n1545_010:0047c18_17']	何故無一補特伽羅。	何故無一補特伽羅。	Why is it that there is no single pudgala,
['T27n1545_010:0047c19_3']	乃至廣說。	乃至廣說。	and so on at length.
['T27n1545_010:0047c19_11']	而不先作是說者。	而不先作是說者。	Why did he not first make this statement?
['T27n1545_010:0047c20_7']	有何意耶答是作論者意欲爾故。	有何意耶答是作論者意欲爾故。	What is the meaning of this? Answer: Because this is the intention of the author of the treatise.
['T27n1545_010:0047c20_12']	乃至廣說。	乃至廣說。	And so on, explaining in detail.
['T27n1545_010:0047c20_15']	有說。	有說。	Some say:
['T27n1545_010:0047c21_9']	阿毘達磨為顯諸法性相故說。	阿毘達磨為顯諸法性相故說。	The Abhidharma is taught in order to reveal the nature and characteristics of dharmas.
['T27n1545_010:0047c21_16']	不應求其次第。	不應求其次第。	One should not seek its sequence.
['T27n1545_010:0047c22_4']	但不違法相。	但不違法相。	As long as it does not contradict the characteristics of dharmas,
['T27n1545_010:0047c22_9']	若先若後。	若先若後。	whether first or last,
['T27n1545_010:0047c22_14']	俱不應責。	俱不應責。	one should not criticize it.
['T27n1545_010:0047c22_17']	有說。	有說。	Some say:
['T27n1545_010:0047c23_3']	論有二種。	論有二種。	There are two kinds of treatises:
['T27n1545_010:0047c23_8']	一根本論。	一根本論。	First, fundamental treatises;
['T27n1545_010:0047c23_13', 'T27n1545_010:0047c24_1']	二傍生論。🔽此中頗有二心。	二傍生論。 此中頗有二心。	Second, derivative treatises.
['T27n1545_010:0047c24_10']	展轉相因相緣等者。	展轉相因相緣等者。	Among them, is there a case where two minds mutually serve as causes for each other and mutually serve as objects for each other, and so on?
['T27n1545_010:0047c24_15']	是根本論。	是根本論。	This is a fundamental treatise.
['T27n1545_010:0047c25_7']	何故無一補特伽羅等者。	何故無一補特伽羅等者。	Why is there not a single pudgala, and so on?
['T27n1545_010:0047c25_12']	是傍生論。	是傍生論。	This is a derivative treatise.
['T27n1545_010:0047c25_17']	二根本論。	二根本論。	The two fundamental treatises
['T27n1545_010:0047c26_3']	理應先說。	理應先說。	should be taught first.
['T27n1545_010:0047c26_12']	一傍生論理應後說。	一傍生論理應後說。	One derivative treatise should be taught last.
['T27n1545_010:0047c26_17']	故此先說。	故此先說。	Therefore, this is taught first.
['T27n1545_010:0047c27_9']	頗有二心展轉相緣耶。	頗有二心展轉相緣耶。	Is there a case where two minds mutually serve as objects for each other?
['T27n1545_010:0047c27_14']	乃至廣說。	乃至廣說。	And so on, explaining in detail.
['T27n1545_010:0047c28_2']	問何故作此論。	問何故作此論。	Question: Why was this treatise composed?
['T27n1545_010:0047c28_12']	答欲令疑者得決定故。	答欲令疑者得決定故。	The answer is: in order to make the doubtful attain certainty.
['T27n1545_010:0047c29_5']	謂前說無二心展轉相因。	謂前說無二心展轉相因。	It is said that the previous explanation of two minds not mutually causing each other,
['T27n1545_010:0047c29_16']	勿謂亦無二心展轉相緣。	勿謂亦無二心展轉相緣。	should not be taken to mean that two minds also do not mutually take each other as objects.
['T27n1545_010:0048a01_4']	為除此疑。	為除此疑。	In order to eliminate this doubt,
['T27n1545_010:0048a01_13']	顯有二心展轉相緣。	顯有二心展轉相緣。	it is shown that two minds can mutually take each other as objects.
['T27n1545_010:0048a01_18']	復有說者。	復有說者。	There is another explanation:
['T27n1545_010:0048a02_9']	為止撥無所緣緣體者。	為止撥無所緣緣體者。	In order to stop those who deny the existence of the object condition,
['T27n1545_010:0048a03_2']	意顯所緣緣體性實有。	意顯所緣緣體性實有。	it is made clear that the nature of the object condition truly exists.
['T27n1545_010:0048a03_7']	故作斯論。	故作斯論。	Therefore, this treatise is composed.
['T27n1545_010:0048a04_9']	頗有二心展轉相緣耶。	頗有二心展轉相緣耶。	Can two minds mutually take each other as objects?
['T27n1545_010:0048a04_12']	答有。	答有。	The answer is: there are.
['T27n1545_010:0048a05_2']	如有心起無未來。	如有心起無未來。	For example, when a mind arises without a future mind,
['T27n1545_010:0048a05_7']	心即思惟。	心即思惟。	that mind immediately thinks,
['T27n1545_010:0048a05_13']	此起第二心。	此起第二心。	this is the second mind,
['T27n1545_010:0048a05_18']	乃至廣說。	乃至廣說。	and so on at length.
['T27n1545_010:0048a06_7']	問此中但應總答言。	問此中但應總答言。	The question is: here it should simply be answered in general,
['T27n1545_010:0048a06_13']	有不應更說。	有不應更說。	it should not be further explained,
['T27n1545_010:0048a06_18']	如有等言。	如有等言。	using words such as for example.
['T27n1545_010:0048a07_4']	所以者何。	所以者何。	Why is it so?
['T27n1545_010:0048a07_15']	如說若法與彼法為所緣。	如說若法與彼法為所緣。	As it is said, if a dharma is the object of another dharma,
['T27n1545_010:0048a08_3']	此法與彼法。	此法與彼法。	this dharma
['T27n1545_010:0048a08_10']	有時非所緣耶。	有時非所緣耶。	sometimes is not the object of that dharma?
['T27n1545_010:0048a08_13']	答無。	答無。	The answer is: no.
['T27n1545_010:0048a08_19']	時非所緣故。	時非所緣故。	Because there is no time when it is not the object.
['T27n1545_010:0048a09_9']	答雖總言有於義已足。	答雖總言有於義已足。	Answer: Although the general statement is already sufficient in meaning,
['T27n1545_010:0048a10_1']	而為饒益諸弟子等。	而為饒益諸弟子等。	in order to benefit the disciples
['T27n1545_010:0048a10_10']	令得明了故復重說。	令得明了故復重說。	and enable them to understand clearly, it is stated again.
['T27n1545_010:0048a10_15']	如有等言。	如有等言。	As there are words such as as if.
['T27n1545_010:0048a11_5']	如有心起無未來。	如有心起無未來。	As if a mind arises without a future mind,
['T27n1545_010:0048a11_10']	心即思惟。	心即思惟。	that mind immediately contemplates,
['T27n1545_010:0048a11_17']	此起第二心者。	此起第二心者。	the one who gives rise to the second mind
['T27n1545_010:0048a12_7']	謂先起一剎那邪見。	謂先起一剎那邪見。	refers to first giving rise to a moment of wrong view,
['T27n1545_010:0048a12_16']	或唯謗未來邪見聚。	或唯謗未來邪見聚。	either only slandering the future aggregate of wrong views,
['T27n1545_010:0048a13_8']	或總謗未來有漏諸蘊。	或總謗未來有漏諸蘊。	or generally slandering the future contaminated aggregates,
['T27n1545_010:0048a13_17']	後起第二剎那邪見。	後起第二剎那邪見。	and then giving rise to the second moment of wrong view,
['T27n1545_010:0048a14_8']	或唯謗過去邪見聚。	或唯謗過去邪見聚。	either only slandering the past aggregate of wrong views,
['T27n1545_010:0048a14_16']	或總謗過去諸蘊。	或總謗過去諸蘊。	or generally slandering the past aggregates,
['T27n1545_010:0048a15_3']	彼二邪見。	彼二邪見。	those two wrong views,
['T27n1545_010:0048a15_11']	相應心展轉相緣。	相應心展轉相緣。	the minds associated with them mutually condition each other.
['T27n1545_010:0048a16_5']	如邪見後生邪見於彼謗無。	如邪見後生邪見於彼謗無。	As the wrong view that arises after wrong view slanders them as non-existent,
['T27n1545_010:0048a16_15']	如是邪見後生有身見。	如是邪見後生有身見。	in the same way, the view of the existence of a person that arises after wrong view
['T27n1545_010:0048a17_4', 'T27n1545_010:0048a17_9']	於彼執我我所。🔽邊執見計。	於彼執我我所。 邊執見計。	grasps them as the self and what belongs to the self.🔽The extreme view takes
['T27n1545_010:0048a17_15']	斷常見取執。	斷常見取執。	the view of annihilation and the view of permanence as grasped,
['T27n1545_010:0048a18_9']	第一戒禁取執能淨疑猶豫貪染。	第一戒禁取執能淨疑猶豫貪染。	the first adherence to observances and rituals takes them as able to purify, and doubt and uncertainty are tainted by craving.
['T27n1545_010:0048a19_2']	恚憎慢自舉無明不了。	恚憎慢自舉無明不了。	Hatred, resentment, arrogance, self-elevation, and ignorance are not understood.
['T27n1545_010:0048a19_11']	又邪見後或生正見。	又邪見後或生正見。	Moreover, after wrong views, right views may arise.
['T27n1545_010:0048a20_3']	於彼起非常苦空非我。	於彼起非常苦空非我。	Regarding them, one gives rise to the aspects of impermanence, suffering, emptiness, and non-self.
['T27n1545_010:0048a20_8']	因集生緣。	因集生緣。	Causes, accumulation, birth, and conditions.
['T27n1545_010:0048a20_17']	是有是實是性是分。	是有是實是性是分。	This exists, this is real, this is the nature, this is the category.
['T27n1545_010:0048a21_3']	有因有起。	有因有起。	There are causes, there is arising.
['T27n1545_010:0048a21_10']	有處有事行相。	有處有事行相。	There is a place, there is an event, the aspects.
['T27n1545_010:0048a21_18', 'T27n1545_010:0048a22_6']	或生無覆無記心。🔽於彼起非如理。	或生無覆無記心。 於彼起非如理。	Or one gives rise to an undefiled and neutral mind.🔽Regarding them, one gives rise to the aspects of not being in accordance with principle.
['T27n1545_010:0048a22_13']	非不如理行相。	非不如理行相。	Not being contrary to principle.
['T27n1545_010:0048a22_18']	是名邪見。	是名邪見。	This is called wrong view.
['T27n1545_010:0048a23_8']	相應心與諸有漏心。	相應心與諸有漏心。	The corresponding mind and all defiled minds.
['T27n1545_010:0048a23_13']	展轉相緣。	展轉相緣。	Mutually give rise to each other.
['T27n1545_010:0048a24_8']	如邪見心餘染污心應知亦爾。	如邪見心餘染污心應知亦爾。	It should be known that the other defiled minds are also like this.
['T27n1545_010:0048a24_17']	此中且說邪見為門。	此中且說邪見為門。	Here, it is said that wrong views are the gateway.
['T27n1545_010:0048a25_4']	同染污故。	同染污故。	Because they are the same in being defiled.
['T27n1545_010:0048a25_12']	如有心起有未來。	如有心起有未來。	Just as when a mind arises, there is a future mind.
['T27n1545_010:0048a26_4']	心即思惟此起第二心。	心即思惟此起第二心。	One immediately contemplates this arising second mind.
['T27n1545_010:0048a26_12']	問何故復作此論。	問何故復作此論。	Question: Why is this treatise composed again?
['T27n1545_010:0048a27_1']	答前說邪見心。	答前說邪見心。	Answer: It was previously said that the mind of wrong views.
['T27n1545_010:0048a27_10']	與有漏心展轉相緣。	與有漏心展轉相緣。	Mutually give rise to each other with the defiled minds.
['T27n1545_010:0048a27_17']	今欲說正見心。	今欲說正見心。	Now, it is intended to speak of the mind of right views.
['T27n1545_010:0048a28_7']	與有漏心展轉相緣。	與有漏心展轉相緣。	and mutually serve as objects of each other.
['T27n1545_010:0048a28_12']	故作此論。	故作此論。	Therefore, this treatise is composed.
['T27n1545_010:0048a29_11']	謂先起一剎那正見或唯於未來正見聚。	謂先起一剎那正見或唯於未來正見聚。	That is to say, first, one gives rise to a single moment of right view, either only in the future aggregate of right view,
['T27n1545_010:0048b01_4']	或總於未來有漏諸蘊。	或總於未來有漏諸蘊。	or generally in the future contaminated aggregates,
['T27n1545_010:0048b01_9']	起有行相。	起有行相。	giving rise to the aspect of existence.
['T27n1545_010:0048b01_18']	後起第二剎那正見。	後起第二剎那正見。	Later, one gives rise to a second moment of right view,
['T27n1545_010:0048b02_8']	或唯於過去正見聚。	或唯於過去正見聚。	either only in the past aggregate of right view,
['T27n1545_010:0048b03_1']	或總於過去有漏諸蘊。	或總於過去有漏諸蘊。	or generally in the past contaminated aggregates,
['T27n1545_010:0048b03_8']	起非常等行相。	起非常等行相。	giving rise to the aspects of impermanence, etc.
['T27n1545_010:0048b03_16']	如正見後生正見。	如正見後生正見。	Just as right view arises after right view,
['T27n1545_010:0048b04_6']	於彼起非常等行相。	於彼起非常等行相。	giving rise to the aspects of impermanence, etc.
['T27n1545_010:0048b04_16']	如是正見後或生邪見。	如是正見後或生邪見。	In the same way, right view may later give rise to wrong view,
['T27n1545_010:0048b05_6']	於彼謗無有身見。	於彼謗無有身見。	denying the existence of the body and views of self and what belongs to self.
['T27n1545_010:0048b05_11']	執我我所。	執我我所。	Grasping at self and what belongs to self,
['T27n1545_010:0048b06_2']	廣說乃至無明不了。	廣說乃至無明不了。	and so on extensively up to ignorance and lack of understanding.
['T27n1545_010:0048b06_14']	又正見後或生無覆無記心。	又正見後或生無覆無記心。	Moreover, right view may later give rise to a non-obscuring indeterminate mind,
['T27n1545_010:0048b07_9']	於彼起非如理非不如理行相。	於彼起非如理非不如理行相。	giving rise to the aspects of neither proper nor improper mental activity.
['T27n1545_010:0048b07_14']	是名正見。	是名正見。	This is called right view.
['T27n1545_010:0048b08_4']	相應心與諸有漏心。	相應心與諸有漏心。	The associated mind and the various contaminated minds,
['T27n1545_010:0048b08_9']	展轉相緣。	展轉相緣。	mutually serve as objects of each other.
['T27n1545_010:0048b08_14']	如正見心。	如正見心。	Just like the mind of right view,🔽...
['T27n1545_010:0048b09_4']	無覆無記心應知亦爾。	無覆無記心應知亦爾。	It should be known that the same is true for the unobstructed indeterminate mind.
['T27n1545_010:0048b09_9']	同不染故。	同不染故。	Because it is the same as the non-defiled [mind].
['T27n1545_010:0048b09_18']	如有心起無未來道。	如有心起無未來道。	Just as when a mind arises, there is no future path.
['T27n1545_010:0048b10_9']	心即思惟此起第二心。	心即思惟此起第二心。	The mind immediately contemplates and gives rise to a second mind.
['T27n1545_010:0048b10_17']	問何故復作此論。	問何故復作此論。	Question: Why is this treatise composed again?
['T27n1545_010:0048b11_5']	答前說邪見心。	答前說邪見心。	Answer: It was previously said that the mind of wrong view
['T27n1545_010:0048b11_10']	與有漏心。	與有漏心。	and the mind with outflows
['T27n1545_010:0048b11_15']	展轉相緣。	展轉相緣。	mutually serve as objects of each other.
['T27n1545_010:0048b12_3']	今欲說邪見心。	今欲說邪見心。	Now, it is intended to explain that the mind of wrong view
['T27n1545_010:0048b12_12']	與無漏心展轉相緣。	與無漏心展轉相緣。	and the mind without outflows mutually serve as objects of each other.
['T27n1545_010:0048b12_17']	故作此論。	故作此論。	Therefore, this treatise is composed.
['T27n1545_010:0048b13_11']	謂先起一剎那邪見謗未來道。	謂先起一剎那邪見謗未來道。	It is said that first, a single moment of wrong view arises, slandering the future path.
['T27n1545_010:0048b14_1']	後入正性離生。	後入正性離生。	Later, one enters the stage of certainty and detachment from birth.
['T27n1545_010:0048b14_7']	起苦忍苦智。	起苦忍苦智。	The acceptance of suffering and the knowledge of suffering arise.
['T27n1545_010:0048b14_13']	或集忍集智。	或集忍集智。	Or the acceptance of the origination and the knowledge of the origination arise.
['T27n1545_010:0048b15_1']	於彼過去邪見聚。	於彼過去邪見聚。	Regarding that past aggregate of wrong view,
['T27n1545_010:0048b15_9']	起非常苦空非我。	起非常苦空非我。	the aspects of impermanence, suffering, emptiness, and non-self,
['T27n1545_010:0048b15_16']	因集生緣行相。	因集生緣行相。	and the aspects of cause, origination, birth, and condition arise.
['T27n1545_010:0048b16_6']	如是二心展轉相緣。	如是二心展轉相緣。	In this way, these two minds mutually serve as objects of each other.
['T27n1545_010:0048b16_17']	應知此中遮剎那遮流注。	應知此中遮剎那遮流注。	It should be known that in this context, moments are negated, but streams are not negated.
['T27n1545_010:0048b17_4']	不遮時分。	不遮時分。	Time periods are not negated.
['T27n1545_010:0048b17_10']	不遮眾同分。	不遮眾同分。	Homogeneous groups are not negated.
['T27n1545_010:0048b17_17']	不遮無始以來。	不遮無始以來。	Since beginningless time,🔽...
['T27n1545_010:0048b18_4']	遮剎那者。	遮剎那者。	As for the refutation of a single moment,
['T27n1545_010:0048b19_1']	謂必無有前剎那起邪見謗聖道。	謂必無有前剎那起邪見謗聖道。	it means that there is definitely no one who gives rise to wrong views and slanders the holy path in the first moment,
['T27n1545_010:0048b19_14']	第二剎那即能入正性離生故。	第二剎那即能入正性離生故。	and in the second moment is able to enter the certainty of extinction.
['T27n1545_010:0048b20_1']	遮流注者。	遮流注者。	As for the refutation of a continuous stream,
['T27n1545_010:0048b20_10']	謂必無有一流注中。	謂必無有一流注中。	it means that there is definitely no one in a continuous stream
['T27n1545_010:0048b20_18']	先起邪見謗聖道。	先起邪見謗聖道。	who first gives rise to wrong views and slanders the holy path,
['T27n1545_010:0048b21_8']	後即能入正性離生。	後即能入正性離生。	and later is able to enter the certainty of extinction.
['T27n1545_010:0048b21_14']	不遮時分者。	不遮時分者。	As for not refuting time periods,
['T27n1545_010:0048b22_2']	謂初日分時。	謂初日分時。	it means that in the first part of the day,
['T27n1545_010:0048b22_9']	起邪見謗聖道。	起邪見謗聖道。	one gives rise to wrong views and slanders the holy path,
['T27n1545_010:0048b22_14']	中日分時。	中日分時。	and in the middle part of the day,
['T27n1545_010:0048b23_3']	即能入正性離生。	即能入正性離生。	one is able to enter the certainty of extinction.
['T27n1545_010:0048b23_8']	中日分時。	中日分時。	In the middle part of the day,
['T27n1545_010:0048b23_15']	起邪見謗聖道。	起邪見謗聖道。	one gives rise to wrong views and slanders the holy path,
['T27n1545_010:0048b24_1']	後日分時。	後日分時。	and in the last part of the day,
['T27n1545_010:0048b24_9']	即能入正性離生。	即能入正性離生。	one is able to enter the certainty of extinction.
['T27n1545_010:0048b24_15']	夜三分亦爾。	夜三分亦爾。	The three parts of the night are also like this.
['T27n1545_010:0048b25_12']	如是晝夜半月月時年諸位皆悉不遮。	如是晝夜半月月時年諸位皆悉不遮。	In this way, the various states of day and night, half a month, a month, a season, a year, etc. are all not refuted.
['T27n1545_010:0048b25_17']	況眾同分。	況眾同分。	How much more so for the similarity of life-continua!
['T27n1545_010:0048b26_3']	無始已來。	無始已來。	Since beginningless time,
['T27n1545_010:0048b26_14']	如邪見疑無明應知亦爾。	如邪見疑無明應知亦爾。	it should be known that wrong views, doubt, and ignorance are also like this.
['T27n1545_010:0048b27_1']	同緣道故。	同緣道故。	Because they have the same object as the path.
['T27n1545_010:0048b27_10']	如有心起有未來道。	如有心起有未來道。	Just as when there is a thought, there is a future path.
['T27n1545_010:0048b28_2']	心即思惟此起第二心。	心即思惟此起第二心。	The mind then thinks and gives rise to a second thought.
['T27n1545_010:0048b28_10', 'T27n1545_010:0048b28_17']	問何故復造此論。🔽答前說正見心。	問何故復造此論。 答前說正見心。	Question: Why is this treatise composed again?
['T27n1545_010:0048b29_7', 'T27n1545_010:0048b29_14']	與有漏心展轉相緣。🔽今欲說正見心。	與有漏心展轉相緣。 今欲說正見心。	Answer: It was previously said that right view and defiled mind mutually serve as objects of each other.
['T27n1545_010:0048c01_5']	與無漏心展轉相緣。	與無漏心展轉相緣。	Now, it is intended to explain that right view and undefiled mind mutually serve as objects of each other.
['T27n1545_010:0048c01_10']	故造斯論。	故造斯論。	Therefore, this treatise is composed.
['T27n1545_010:0048c02_1']	謂先起一剎那正見。	謂先起一剎那正見。	That is to say, first, a single moment of right view is produced.
['T27n1545_010:0048c02_10']	或唯於未來無漏心。	或唯於未來無漏心。	Either only regarding the future undefiled mind,
['T27n1545_010:0048c03_2']	或總於未來無漏諸蘊。	或總於未來無漏諸蘊。	or generally regarding the future undefiled aggregates,
['T27n1545_010:0048c03_7']	起有行相。	起有行相。	the aspect of existence is produced.
['T27n1545_010:0048c03_12']	後起聖道。	後起聖道。	Later, the noble path is produced.
['T27n1545_010:0048c04_2']	或惟於過去正見聚。	或惟於過去正見聚。	Either only regarding the past aggregate of right view,
['T27n1545_010:0048c04_12']	或總於過去有漏諸蘊。	或總於過去有漏諸蘊。	or generally regarding the past defiled aggregates,
['T27n1545_010:0048c05_1']	起非常苦空非我。	起非常苦空非我。	the aspects of impermanence, suffering, emptiness, and non-self,
['T27n1545_010:0048c05_8']	因集生緣行相。	因集生緣行相。	cause, accumulation, birth, and condition are produced.
['T27n1545_010:0048c05_17']	如是二心展轉相緣。	如是二心展轉相緣。	In this way, the two minds mutually serve as objects of each other.
['T27n1545_010:0048c07_2']	應知此中諸有欲令唯共相作意無間起聖道者。	應知此中諸有欲令唯共相作意無間起聖道者。	It should be understood that among them, those who wish to have the noble path arise immediately after only the contemplation of common characteristics,
['T27n1545_010:0048c07_7']	彼遮剎那。	彼遮剎那。	they refute the moment,
['T27n1545_010:0048c07_13']	不遮流注等。	不遮流注等。	but do not refute the stream, etc.
['T27n1545_010:0048c07_18']	遮剎那者。	遮剎那者。	Those who refute the moment,
['T27n1545_010:0048c08_8']	此有未來道心行相。	此有未來道心行相。	This has future path, mind, and aspects.
['T27n1545_010:0048c08_15']	是自相作意故。	是自相作意故。	This is because it is the attention of its own characteristics.
['T27n1545_010:0048c09_13']	諸有欲令二種作意無間皆起聖道者。	諸有欲令二種作意無間皆起聖道者。	Those who wish to make both kinds of attention arise immediately after the noble path,
['T27n1545_010:0048c10_3']	彼亦不遮剎那。	彼亦不遮剎那。	they also do not block the moment.
['T27n1545_010:0048c10_11']	如有二知他心者。	如有二知他心者。	As there are two who know the minds of others,
['T27n1545_010:0048c11_1']	彼二心展轉相緣。	彼二心展轉相緣。	those two minds mutually condition each other.
['T27n1545_010:0048c11_9']	問何故復作此論。	問何故復作此論。	Question: Why is this treatise composed again?
['T27n1545_010:0048c11_17']	答前說自相續心。	答前說自相續心。	Answer: Previously it was said that the mind of one's own continuum
['T27n1545_010:0048c12_8']	與自相續心展轉相緣。	與自相續心展轉相緣。	mutually conditions the mind of one's own continuum.
['T27n1545_010:0048c12_16']	今欲說自相續心。	今欲說自相續心。	Now, one wishes to speak of the mind of one's own continuum
['T27n1545_010:0048c13_8']	與他相續心展轉相緣。	與他相續心展轉相緣。	mutually conditioning the mind of another's continuum.
['T27n1545_010:0048c13_13']	故作斯論。	故作斯論。	Therefore, this treatise is composed.
['T27n1545_010:0048c14_6']	問此中說何等二知他心者。	問此中說何等二知他心者。	Question: What are the two who know the minds of others spoken of here?
['T27n1545_010:0048c14_14', 'T27n1545_010:0048c15_6']	彼二心互相緣耶。🔽答此中說根等地等道等。	彼二心互相緣耶。 答此中說根等地等道等。	Do those two minds mutually condition each other?
['T27n1545_010:0048c15_12']	二知他心者。	二知他心者。	Answer: Here it is said that the two who know the minds of others are equal in faculties, stages, and paths.
['T27n1545_010:0048c16_1', 'T27n1545_010:0048c16_5']	彼二心展轉相緣。🔽根等者。	彼二心展轉相緣。 根等者。	Those two minds mutually condition each other.
['T27n1545_010:0048c16_14', 'T27n1545_010:0048c16_18']	謂同利根中根軟根。🔽地等者。	謂同利根中根軟根。 地等者。	Equal in faculties means being equal in sharp, middling, and dull faculties.
['T27n1545_010:0048c17_6']	謂同依初靜慮。	謂同依初靜慮。	Equal in stages means being equal in relying on the first dhyāna.
['T27n1545_010:0048c17_15']	乃至同依第四靜慮。	乃至同依第四靜慮。	up to the same fourth dhyāna.
['T27n1545_010:0048c18_1', 'T27n1545_010:0048c18_6']	道等者。🔽謂同有漏。	道等者。 謂同有漏。	The same path, etc. means🔽the same with outflows,
['T27n1545_010:0048c18_10']	同無漏。	同無漏。	the same without outflows,
['T27n1545_010:0048c18_15']	同法智品。	同法智品。	the same in the class of knowledge of dharmas,
['T27n1545_010:0048c18_20']	同類智品。	同類智品。	the same in the class of inferential knowledge,
['T27n1545_010:0048c19_5']	同學同無學。	同學同無學。	the same in learners, the same in non-learners.
['T27n1545_010:0048c19_14']	問彼二心云何相緣。	問彼二心云何相緣。	Question: How do those two minds mutually cognize each other?
['T27n1545_010:0048c20_1']	答但緣彼心。	答但緣彼心。	Answer: They only cognize that mind,
['T27n1545_010:0048c20_12']	非彼心所緣及能緣行相。	非彼心所緣及能緣行相。	not the object and mode of activity cognized by that mind.
['T27n1545_010:0048c21_6']	若緣彼心所緣及能緣行相者。	若緣彼心所緣及能緣行相者。	If they cognize the object and mode of activity cognized by that mind,
['T27n1545_010:0048c21_13']	則有自緣之過。	則有自緣之過。	then there would be the fault of cognizing oneself.
['T27n1545_010:0048c22_7']	問亦有餘智俱心展轉相緣。	問亦有餘智俱心展轉相緣。	Question: Are there other knowledges that mutually cognize each other?
['T27n1545_010:0048c22_16', 'T27n1545_010:0048c23_4']	何故但說他心智俱。🔽答是作論者。	何故但說他心智俱。 答是作論者。	Why is it only said to be the case for the knowledge of others' minds?🔽Answer: This is because
['T27n1545_010:0048c23_9']	意欲爾故。	意欲爾故。	the author of the treatise intended it to be so.
['T27n1545_010:0048c23_14']	乃至廣說。	乃至廣說。	Explained in detail.
['T27n1545_010:0048c23_17']	有說。	有說。	Some say:
['T27n1545_010:0048c24_4']	應說而不說者。	應說而不說者。	The meaning that should be explained but is not explained
['T27n1545_010:0048c24_11']	當知此義有餘。	當知此義有餘。	should be known to have other meanings.
['T27n1545_010:0048c24_14']	有說。	有說。	Some say:
['T27n1545_010:0048c25_8']	此中但說明了不雜易可知者。	此中但說明了不雜易可知者。	Here, only the clear, unmixed, and easily known are explained.
['T27n1545_010:0048c25_13']	餘智不爾。	餘智不爾。	Other knowledges are not like this.
['T27n1545_010:0048c26_3']	問有多種他心智。	問有多種他心智。	Question: There are many kinds of knowledge of others' minds.
['T27n1545_010:0048c26_10']	此中為說何者。	此中為說何者。	Which one is being discussed here?
['T27n1545_010:0048c27_2']	答說加行得離染得者。	答說加行得離染得者。	The answer is that it speaks of attainment through practice and attainment through detachment.
['T27n1545_010:0048c27_10']	問何故不說餘耶。	問何故不說餘耶。	Why is it that the rest are not spoken of?
['T27n1545_010:0048c28_2']	答是作論者意欲爾故。	答是作論者意欲爾故。	The answer is that it is the intention of the author of the treatise.
['T27n1545_010:0048c28_7']	乃至廣說。	乃至廣說。	And so on, it is said in detail.
['T27n1545_010:0048c28_10']	有說。	有說。	Some say:
['T27n1545_010:0048c28_17']	應說而不說者。	應說而不說者。	That which should be spoken of but is not spoken of,
['T27n1545_010:0048c29_6']	當知此義有餘。	當知此義有餘。	One should know that this meaning is incomplete.
['T27n1545_010:0048c29_9']	有說。	有說。	Some say:
['T27n1545_010:0049a01_1', 'T27n1545_010:0049a01_6']	此中但說名義勝者。🔽謂加行得。	此中但說名義勝者。 謂加行得。	Herein, only the superior meaning is spoken of.🔽Namely, attainment through practice,
['T27n1545_010:0049a01_11']	離染得者。	離染得者。	Attainment through detachment,
['T27n1545_010:0049a01_16']	是修所成。	是修所成。	Is accomplished through cultivation,
['T27n1545_010:0049a02_4']	通慧所攝四支五支。	通慧所攝四支五支。	The four and five branches that are included in the supernormal knowledges,
['T27n1545_010:0049a02_9']	勝靜慮果。	勝靜慮果。	Are the fruits of the superior meditations.
['T27n1545_010:0049a02_12']	有說。	有說。	Some say:
['T27n1545_010:0049a03_2']	此智於境無有謬失。	此智於境無有謬失。	This knowledge is without error regarding its object,
['T27n1545_010:0049a03_7']	餘則不爾。	餘則不爾。	The rest are not so.
['T27n1545_010:0049a03_12']	是以不說。	是以不說。	Therefore, it is not spoken of.
['T27n1545_010:0049a04_2']	今因此文動爾焰海。	今因此文動爾焰海。	Now, because of this text, the ocean of the erudite trembles.
['T27n1545_010:0049a04_5']	如說。	如說。	As it is said:
['T27n1545_010:0049a04_12']	二心展轉相緣。	二心展轉相緣。	Two minds successively take each other as objects.
['T27n1545_010:0049a05_6']	應知受等諸心所法相緣亦爾。	應知受等諸心所法相緣亦爾。	One should know that the various mental factors such as feeling also take each other as objects in the same way.
['T27n1545_010:0049a06_1']	又亦應說部界善等諸心相緣。	又亦應說部界善等諸心相緣。	Moreover, one should also speak of the various minds of the schools, realms, wholesome, etc. taking each other as objects.
['T27n1545_010:0049a06_4']	部者。	部者。	As for the schools,
['T27n1545_010:0049a06_11']	謂見苦所斷心。	謂見苦所斷心。	It refers to the mind that is to be eliminated by seeing the truth of suffering.
['T27n1545_010:0049a07_5']	與見苦集修所斷心展轉相緣。	與見苦集修所斷心展轉相緣。	and with the minds eliminated by seeing suffering, origination, and cultivation, they mutually serve as objects of each other.
['T27n1545_010:0049a07_11']	見集所斷心。	見集所斷心。	The mind eliminated by seeing origination,
['T27n1545_010:0049a08_1']	與見苦集修所斷心。	與見苦集修所斷心。	with the minds eliminated by seeing suffering, origination, and cultivation,
['T27n1545_010:0049a08_6']	展轉相緣。	展轉相緣。	mutually serve as objects of each other.
['T27n1545_010:0049a08_11']	見滅所斷。	見滅所斷。	The mind eliminated by seeing cessation,
['T27n1545_010:0049a09_1']	有漏緣心展轉相緣。	有漏緣心展轉相緣。	with the defiled minds that take contaminated objects, mutually serve as objects of each other.
['T27n1545_010:0049a09_6']	見道所斷。	見道所斷。	The mind eliminated by seeing the path,
['T27n1545_010:0049a09_15']	有漏緣心展轉相緣。	有漏緣心展轉相緣。	with the defiled minds that take contaminated objects, mutually serve as objects of each other.
['T27n1545_010:0049a10_1', 'T27n1545_010:0049a10_10']	見道所斷。🔽無漏緣心與無漏心。	見道所斷。 無漏緣心與無漏心。	The mind eliminated by seeing the path,
['T27n1545_010:0049a10_15']	展轉相緣。	展轉相緣。	with the pure minds that take pure objects, mutually serve as objects of each other.
['T27n1545_010:0049a11_7', 'T27n1545_010:0049a11_16']	應知無漏心亦展轉相緣。🔽修所斷心展轉相緣。	應知無漏心亦展轉相緣。 修所斷心展轉相緣。	It should be known that the pure mind also mutually serves as an object of each other.🔽The mind eliminated by cultivation mutually serves as an object of each other.
['T27n1545_010:0049a12_10']	修所斷心與無漏心展轉相緣。	修所斷心與無漏心展轉相緣。	The mind eliminated by cultivation and the pure mind mutually serve as objects of each other.
['T27n1545_010:0049a12_17']	應知修所斷心。	應知修所斷心。	It should be known that the mind eliminated by cultivation,
['T27n1545_010:0049a13_12']	與見苦集所斷心展轉相緣者。	與見苦集所斷心展轉相緣者。	with the minds eliminated by seeing suffering and origination, mutually serve as objects of each other.
['T27n1545_010:0049a14_1']	謂善無覆無記。	謂善無覆無記。	That is to say, the wholesome, unobscured, and indeterminate,
['T27n1545_010:0049a14_6']	與無漏心。	與無漏心。	with the pure mind,
['T27n1545_010:0049a14_14']	展轉相緣者唯善。	展轉相緣者唯善。	mutually serve as objects of each other. Only the wholesome [minds] are [so].
['T27n1545_010:0049a15_1']	界者欲界心。	界者欲界心。	As for the realms, the mind of the desire realm,
['T27n1545_010:0049a15_10']	與欲色界及不繫心。	與欲色界及不繫心。	with the minds of the desire realm, form realm, and unattached,
['T27n1545_010:0049a15_15']	展轉相緣。	展轉相緣。	mutually serve as objects of each other.
['T27n1545_010:0049a16_9']	色界心與色無色界及不繫心。	色界心與色無色界及不繫心。	The mind of the form realm and the mind of the formless realm and the unconditioned realm.
['T27n1545_010:0049a16_14']	展轉相緣。	展轉相緣。	Mutually condition each other.
['T27n1545_010:0049a17_1']	無色界心。	無色界心。	The mind of the formless realm.
['T27n1545_010:0049a17_10']	與無色界及不繫心。	與無色界及不繫心。	And the mind of the formless realm and the unconditioned realm.
['T27n1545_010:0049a17_15']	展轉相緣。	展轉相緣。	Mutually condition each other.
['T27n1545_010:0049a18_4']	應知無色界心。	應知無色界心。	It should be known that the mind of the formless realm.
['T27n1545_010:0049a18_14']	與色界心展轉相緣者。	與色界心展轉相緣者。	And the mind of the form realm mutually condition each other.
['T27n1545_010:0049a19_3']	謂空無邊處近分。	謂空無邊處近分。	That is to say, the access concentration to the sphere of infinite space.
['T27n1545_010:0049a19_7']	善等者。	善等者。	The good and so forth.
['T27n1545_010:0049a19_15']	謂善不善無記心。	謂善不善無記心。	That is to say, the good, bad, and indeterminate minds.
['T27n1545_010:0049a20_1', 'T27n1545_010:0049a20_6']	各與三種心。🔽展轉相緣。	各與三種心。 展轉相緣。	Each mutually condition three kinds of minds.
['T27n1545_010:0049a20_13']	唯除不善異熟。	唯除不善異熟。	Only excluding the bad retribution.
['T27n1545_010:0049a21_4']	以彼唯在五識身故。	以彼唯在五識身故。	Because it is only in the five consciousnesses.
['T27n1545_010:0049a21_11']	餘無覆無記心。	餘無覆無記心。	The remaining unrestrained indeterminate minds.
['T27n1545_010:0049a21_18']	有展轉相緣義。	有展轉相緣義。	Have the meaning of mutually conditioning each other.
['T27n1545_010:0049a22_5']	又此中所說。	又此中所說。	And what is said here.
['T27n1545_010:0049a22_13']	邪見謗因謗果者。	邪見謗因謗果者。	The wrong views that slander causes and slander effects.
['T27n1545_010:0049a23_1', 'T27n1545_010:0049a23_8']	有四句差別。🔽謂或依因謗果。	有四句差別。 謂或依因謗果。	There are four alternative distinctions.🔽That is to say, either relying on causes to slander effects.
['T27n1545_010:0049a23_14', 'T27n1545_010:0049a24_3']	或依果謗因。🔽或不依因謗果。	或依果謗因。 或不依因謗果。	Or relying on effects to slander causes.🔽Or not relying on causes to slander effects.
['T27n1545_010:0049a24_10']	或不依果謗因。	或不依果謗因。	Or not relying on effects to slander causes.
['T27n1545_010:0049a24_16']	依因謗果者。	依因謗果者。	Relying on causes to slander effects.
['T27n1545_010:0049a25_1']	如說。	如說。	As it is said.
['T27n1545_010:0049a25_10']	妙行惡行無果異熟。	妙行惡行無果異熟。	There are no good or bad actions that have no results and retributions.
['T27n1545_010:0049a25_16']	依果謗因者。	依果謗因者。	Denying causes while relying on effects is
['T27n1545_010:0049a26_1']	如說。	如說。	as in the statement:
['T27n1545_010:0049a27_2']	一切士夫補特伽羅所受苦樂無因無緣。	一切士夫補特伽羅所受苦樂無因無緣。	All the suffering and happiness experienced by human beings and individuals have no causes and no conditions.
['T27n1545_010:0049a27_9']	不依因謗果者。	不依因謗果者。	Denying effects while not relying on causes is
['T27n1545_010:0049a27_12']	如說。	如說。	as in the statement:
['T27n1545_010:0049a28_2']	無有化生有情。	無有化生有情。	There are no sentient beings born through transformation.
['T27n1545_010:0049a28_9']	不依果謗因者。	不依果謗因者。	Denying causes while not relying on effects is
['T27n1545_010:0049a28_12']	如說。	如說。	as in the statement:
['T27n1545_010:0049a29_1']	無有妙行惡行。	無有妙行惡行。	There are no good or bad actions.
['T27n1545_010:0049b01_5']	問緣有四種。	問緣有四種。	Question: There are four kinds of conditions.
['T27n1545_010:0049b01_16']	此中何故但說因及所緣。	此中何故但說因及所緣。	Why are only causes and objects mentioned here,
['T27n1545_010:0049b02_3']	非餘二耶。	非餘二耶。	and not the other two?
['T27n1545_010:0049b02_13']	答是作論者意欲爾故。	答是作論者意欲爾故。	Answer: Because this is the intention of the author of the treatise.
['T27n1545_010:0049b02_18']	乃至廣說。	乃至廣說。	And so on, it is said in detail.
['T27n1545_010:0049b03_1']	有說。	有說。	Some say:
['T27n1545_010:0049b03_8']	應說而不說者。	應說而不說者。	The fact that it should be said but is not said
['T27n1545_010:0049b03_15']	當知此義有餘。	當知此義有餘。	should be known to have a remainder of meaning.
['T27n1545_010:0049b03_18']	有說。	有說。	Some say:
['T27n1545_010:0049b04_8']	彼二亦在此所說中。	彼二亦在此所說中。	Those two are also included in what is said here.
['T27n1545_010:0049b04_14']	謂若說因緣。	謂若說因緣。	That is to say, if the causal condition is mentioned,
['T27n1545_010:0049b05_5', 'T27n1545_010:0049b05_14']	應知已說等無間緣。🔽如無二心展轉為因。	應知已說等無間緣。 如無二心展轉為因。	it should be known that the immediately preceding condition has already been mentioned.🔽Just as there are no two minds that mutually serve as causes for each other,
['T27n1545_010:0049b06_8']	亦無二心展轉為等無間故。	亦無二心展轉為等無間故。	there are also no two minds that mutually serve as immediately preceding conditions for each other.
['T27n1545_010:0049b06_14']	若說所緣緣。	若說所緣緣。	If the object-condition is mentioned,
['T27n1545_010:0049b07_4']	當知已說增上緣。	當知已說增上緣。	one should know that the dominant condition has already been mentioned.
['T27n1545_010:0049b07_14']	如有二心展轉為所緣。	如有二心展轉為所緣。	Just as there are two minds that mutually serve as objects,
['T27n1545_010:0049b08_7']	亦有二心展轉為增上故。	亦有二心展轉為增上故。	there are also two minds that mutually serve as dominant conditions.
['T27n1545_010:0049b08_16']	何故無一補特伽羅。	何故無一補特伽羅。	Why is there no single person,
['T27n1545_010:0049b09_3']	乃至廣說。	乃至廣說。	and so on in detail?
['T27n1545_010:0049b09_11']	問何故復作此論。	問何故復作此論。	Question: Why is this treatise composed again?
['T27n1545_010:0049b10_3']	答為止他宗顯己義故。	答為止他宗顯己義故。	Answer: In order to stop other schools' tenets and reveal one's own meaning.
['T27n1545_010:0049b10_8']	謂或有執。	謂或有執。	That is to say, some hold the view that
['T27n1545_010:0049b10_13']	等無間緣。	等無間緣。	the immediately preceding condition
['T27n1545_010:0049b10_18']	體非實有。	體非實有。	does not exist as a real entity.
['T27n1545_010:0049b11_3']	為遮彼意。	為遮彼意。	In order to refute this idea,
['T27n1545_010:0049b11_12']	欲顯實有等無間緣。	欲顯實有等無間緣。	one wishes to reveal that the immediately preceding condition truly exists.
['T27n1545_010:0049b11_16']	或有執。	或有執。	Some hold the view that
['T27n1545_010:0049b12_15']	一補特伽羅二心俱生為重遮彼顯唯一心。	一補特伽羅二心俱生為重遮彼顯唯一心。	two minds arise simultaneously in a single person. In order to heavily refute this and reveal that there is only a single mind,
['T27n1545_010:0049b13_1']	有說。	有說。	some say that
['T27n1545_010:0049b13_8']	此文是傍生論。	此文是傍生論。	this text is a digression.
['T27n1545_010:0049b13_17', 'T27n1545_010:0049b14_3']	前說無一補特伽羅。🔽非前非後。	前說無一補特伽羅。 非前非後。	Previously it was said that there is no single person
['T27n1545_010:0049b14_8']	二心俱生。	二心俱生。	in whom two minds arise simultaneously, neither before nor after.
['T27n1545_010:0049b14_13']	未說所以。	未說所以。	This has not yet been explained.
['T27n1545_010:0049b14_18']	今欲說之。	今欲說之。	Now I wish to explain it.
['T27n1545_010:0049b15_3']	故作斯論。	故作斯論。	Therefore, this treatise is composed.
['T27n1545_010:0049b15_12']	何故無一補特伽羅。	何故無一補特伽羅。	Why is there no single person?
['T27n1545_010:0049b16_2']	非前非後二心俱生。	非前非後二心俱生。	Two minds do not arise simultaneously, one before and one after.
['T27n1545_010:0049b16_12']	答無第二等無間緣故。	答無第二等無間緣故。	The answer is: because there is no second immediately antecedent condition.
['T27n1545_010:0049b17_7']	謂心心所法生必依止等無間緣。	謂心心所法生必依止等無間緣。	This means that the arising of mind and mental factors must rely on the immediately antecedent condition.
['T27n1545_010:0049b17_16']	既無第二等無間緣。	既無第二等無間緣。	Since there is no second immediately antecedent condition,
['T27n1545_010:0049b18_6']	故必無一補特伽羅。	故必無一補特伽羅。	therefore there is definitely no single person
['T27n1545_010:0049b18_15']	非前非後二心俱生。	非前非後二心俱生。	with two minds arising simultaneously, one before and one after.
['T27n1545_010:0049b19_1']	此復應問。	此復應問。	This should be further asked:
['T27n1545_010:0049b19_11']	何故無第二等無間緣。	何故無第二等無間緣。	Why is there no second immediately antecedent condition?
['T27n1545_010:0049b19_16']	故復答言。	故復答言。	Therefore, the answer is further given:
['T27n1545_010:0049b20_7']	有情一一心相續轉故。	有情一一心相續轉故。	Because the mind-continuum of each sentient being evolves.
['T27n1545_010:0049b20_12']	謂有情心。	謂有情心。	This means that the mind of sentient beings
['T27n1545_010:0049b21_2']	法爾一一相續而轉。	法爾一一相續而轉。	naturally evolves as a single continuum.
['T27n1545_010:0049b21_7']	無二無多。	無二無多。	There are not two or many.
['T27n1545_010:0049b21_16']	此是展轉更相答義。	此是展轉更相答義。	This is the meaning of the successive mutual answers.
['T27n1545_010:0049b21_19']	有說。	有說。	Some say:
['T27n1545_010:0049b22_10']	此文重答前問謂先問言。	此文重答前問謂先問言。	This text answers the previous question again. The question was:
['T27n1545_010:0049b23_1']	何故無一補特伽羅。	何故無一補特伽羅。	Why is there no single person
['T27n1545_010:0049b23_10']	非前非後二心俱生。	非前非後二心俱生。	with two minds arising simultaneously, one before and one after?
['T27n1545_010:0049b23_15']	今重答言。	今重答言。	Now it is answered again:
['T27n1545_010:0049b24_5']	有情一一心相續轉。	有情一一心相續轉。	The mind-continuum of each sentient being evolves.
['T27n1545_010:0049b24_15']	謂一一有情由法爾力。	謂一一有情由法爾力。	This means that due to the power of the nature of dharmas,🔽each sentient being
['T27n1545_010:0049b25_5']	但有一心相續而轉。	但有一心相續而轉。	But there is only a single mind continuum that continues to evolve.
['T27n1545_010:0049b25_10']	所以者何。	所以者何。	Why is this?
['T27n1545_010:0049b25_15']	未來心聚。	未來心聚。	Because future mind aggregates
['T27n1545_010:0049b26_4']	必由現在和合故生。	必由現在和合故生。	must arise due to the present combination.
['T27n1545_010:0049b26_11']	不和合則不生。	不和合則不生。	If there is no combination, they do not arise.
['T27n1545_010:0049b27_2']	現在但有一和合故。	現在但有一和合故。	The present has only a single combination,
['T27n1545_010:0049b27_11']	令未來心一一而起。	令未來心一一而起。	causing the future mind to arise one by one.
['T27n1545_010:0049b28_2']	猶如多人經於狹路。	猶如多人經於狹路。	It is like many people passing through a narrow road.
['T27n1545_010:0049b28_11']	一一而過尚無二並。	一一而過尚無二並。	Each one passes through, and there is no second one at the same time.
['T27n1545_010:0049b28_16']	何況有多。	何況有多。	How much less could there be many?
['T27n1545_010:0049b29_11']	又如牛羊圈門狹小一一而出。	又如牛羊圈門狹小一一而出。	It is also like a pen for cattle or sheep with a narrow gate. Each one comes out,
['T27n1545_010:0049b29_16']	無二無多。	無二無多。	there is no second one, and there are not many.
['T27n1545_010:0049c01_7']	如是有情未來心聚。	如是有情未來心聚。	In this way, future mind aggregates of sentient beings
['T27n1545_010:0049c01_16']	依現和合一一而生。	依現和合一一而生。	arise one by one based on the present combination.
['T27n1545_010:0049c02_7']	設現在世有多和合。	設現在世有多和合。	Even if there were many combinations in the present world,
['T27n1545_010:0049c02_12']	為開次者。	為開次者。	if they were opened in sequence,
['T27n1545_010:0049c03_3']	則應一時有多心起。	則應一時有多心起。	then many minds would arise at the same time.
['T27n1545_010:0049c03_12']	但無此事故一一生。	但無此事故一一生。	But since this is not the case, they arise one by one.
['T27n1545_010:0049c04_3']	又由和合有先後故。	又由和合有先後故。	Moreover, because there is a sequence in the combination,
['T27n1545_010:0049c04_12']	假使先有修道和合。	假使先有修道和合。	if there were first a combination for cultivating the path,
['T27n1545_010:0049c05_3']	後見道者則應修道。	後見道者則應修道。	then one who sees the path later would then cultivate the path.
['T27n1545_010:0049c05_13']	先見道生但無此事故。	先見道生但無此事故。	But the path of seeing that arises first does not have this.
['T27n1545_010:0049c05_18']	先起見道。	先起見道。	First, it gives rise to the path of seeing.
['T27n1545_010:0049c06_8']	由此無一補特伽羅。	由此無一補特伽羅。	For this reason, there is not a single pudgala
['T27n1545_010:0049c06_13']	非前非後。	非前非後。	who is neither before nor after,
['T27n1545_010:0049c06_18']	二心俱生。	二心俱生。	with two minds arising together.
['T27n1545_010:0049c07_8']	於此義中復有分別。	於此義中復有分別。	In this meaning, there is further discrimination.
['T27n1545_010:0049c08_1']	謂何故無一補特伽羅。	謂何故無一補特伽羅。	That is to say, why is there not a single pudgala
['T27n1545_010:0049c08_10']	非前非後二心俱生。	非前非後二心俱生。	who is neither before nor after, with two minds arising together?
['T27n1545_010:0049c08_17']	尊者世友說曰。	尊者世友說曰。	The Venerable Vasumitra said:
['T27n1545_010:0049c09_4']	於一剎那身。	於一剎那身。	In a single moment, the body
['T27n1545_010:0049c09_9']	唯有一心。	唯有一心。	has only one mind.
['T27n1545_010:0049c09_17']	依彼轉故無有二。	依彼轉故無有二。	Because it turns based on that, there are not two.
['T27n1545_010:0049c10_11']	復次於一剎那命根唯一心。	復次於一剎那命根唯一心。	Furthermore, in a single moment, the life faculty is only one mind.
['T27n1545_010:0049c11_2']	依彼轉故無有二。	依彼轉故無有二。	Because it turns based on that, there are not two.
['T27n1545_010:0049c11_9']	復次於一剎那。	復次於一剎那。	Furthermore, in a single moment,
['T27n1545_010:0049c12_1']	唯有一類眾同分心。	唯有一類眾同分心。	there is only one type of aggregate of the same kind and mind.
['T27n1545_010:0049c12_9']	依彼轉故無有二。	依彼轉故無有二。	Because it turns based on that, there are not two.
['T27n1545_010:0049c12_14']	大德說曰。	大德說曰。	The Venerable One said:
['T27n1545_010:0049c13_5']	法生時和合唯一無二。	法生時和合唯一無二。	When dharmas arise, they are united as one, not two.
['T27n1545_010:0049c13_16']	不可一和合有二果生故。	不可一和合有二果生故。	It is impossible for one union to have two fruits arising, therefore
['T27n1545_010:0049c14_7']	一剎那心唯有一。	一剎那心唯有一。	a single moment of mind is only one.
['T27n1545_010:0049c14_12']	復有說者。	復有說者。	There are also those who say:
['T27n1545_010:0049c15_1']	若有二心俱生。	若有二心俱生。	If there were two minds arising together,
['T27n1545_010:0049c15_8', 'T27n1545_010:0049c15_17']	則應不可調伏。🔽如今一心剛強𢤱悷。	則應不可調伏。 如今一心剛強𢤱悷。	then it would be impossible to subdue them.
['T27n1545_010:0049c16_7']	猶難調伏況二心耶。	猶難調伏況二心耶。	Even now, a single mind that is obstinate and unruly is still difficult to subdue, let alone two minds.
['T27n1545_010:0049c16_14']	若心不可調伏。	若心不可調伏。	If the mind cannot be subdued,
['T27n1545_010:0049c17_3']	則無得解脫義。	則無得解脫義。	then there is no meaning of attaining liberation.
['T27n1545_010:0049c17_12']	故一相續無二心俱。	故一相續無二心俱。	Therefore, there are no two minds arising together in a single continuity.
['T27n1545_010:0049c17_17']	或有說者。	或有說者。	Some say:
['T27n1545_010:0049c18_8', 'T27n1545_010:0049c18_15']	若一相續二心俱生。🔽則有雜染清淨。	若一相續二心俱生。 則有雜染清淨。	If two minds arise together in a single continuity,
['T27n1545_010:0049c19_1']	俱時起過。	俱時起過。	then there would be the fault of simultaneously arising defilement and purity.
['T27n1545_010:0049c19_7']	謂一心雜染。	謂一心雜染。	That is to say, one mind is defiled,
['T27n1545_010:0049c19_12']	一心清淨。	一心清淨。	while one mind is pure.
['T27n1545_010:0049c20_3']	如是則無得解脫理。	如是則無得解脫理。	In this case, there would be no principle of attaining liberation.
['T27n1545_010:0049c20_12']	又應一時生善惡趣。	又應一時生善惡趣。	Moreover, one would be born in both good and evil destinies at the same time.
['T27n1545_010:0049c21_5']	復次若一相續二心俱生。	復次若一相續二心俱生。	Furthermore, if two minds arise together in a single continuity,
['T27n1545_010:0049c21_10']	何妨有三。	何妨有三。	what prevents there being three?
['T27n1545_010:0049c21_15']	若有三者。	若有三者。	If there are three,
['T27n1545_010:0049c22_5']	應一時受三界異熟。	應一時受三界異熟。	then one would experience the ripening of three realms simultaneously.
['T27n1545_010:0049c22_14']	是則界壞亦無解脫。	是則界壞亦無解脫。	In this case, the realms would be destroyed and there would be no liberation.
['T27n1545_010:0049c23_6']	復次若一相續三心俱生。	復次若一相續三心俱生。	Furthermore, if three minds arise together in a single continuity,
['T27n1545_010:0049c23_11']	何妨有四。	何妨有四。	what prevents there being four?
['T27n1545_010:0049c23_16']	若有四者。	若有四者。	If there are four,
['T27n1545_010:0049c24_7']	應一時受四生異熟。	應一時受四生異熟。	One should experience the four kinds of birth and retribution at the same time.
['T27n1545_010:0049c24_16']	是則生壞亦無解脫。	是則生壞亦無解脫。	Then the destruction of birth would also be without liberation.
['T27n1545_010:0049c25_8']	復次若一相續四心俱生。	復次若一相續四心俱生。	Furthermore, if four minds arise simultaneously in one continuity,
['T27n1545_010:0049c25_13']	何妨有五。	何妨有五。	why prevent there from being five?
['T27n1545_010:0049c26_1']	若有五者。	若有五者。	If there are five,
['T27n1545_010:0049c26_10']	應一時受五趣異熟。	應一時受五趣異熟。	one should experience the five destinies' retribution at the same time.
['T27n1545_010:0049c27_1']	是則趣壞亦無解脫。	是則趣壞亦無解脫。	Then the destruction of the destinies would also be without liberation.
['T27n1545_010:0049c27_12']	復次若一相續五心俱生。	復次若一相續五心俱生。	Furthermore, if five minds arise simultaneously in one continuity,
['T27n1545_010:0049c27_17']	何妨有六。	何妨有六。	why prevent there from being six?
['T27n1545_010:0049c28_16']	則應一時六識俱起應一時取一切境界。	則應一時六識俱起應一時取一切境界。	Then the six consciousnesses should arise simultaneously at the same time, and one should grasp all objects at the same time.
['T27n1545_010:0049c29_10']	復次若一相續六心俱生。	復次若一相續六心俱生。	Furthermore, if six minds arise simultaneously in one continuity,
['T27n1545_010:0049c29_15']	何妨有百。	何妨有百。	why prevent there from being a hundred?
['T27n1545_010:0050a01_6']	若有百者何妨有千。	若有百者何妨有千。	If there are a hundred, why prevent there from being a thousand?
['T27n1545_010:0050a01_15']	乃至何妨無數俱起。	乃至何妨無數俱起。	Up to why prevent there from being innumerable arising simultaneously?
['T27n1545_010:0050a02_6', 'T27n1545_010:0050a02_11']	若爾諸法從未來世。🔽應一時生。	若爾諸法從未來世。 應一時生。	If so, then all dharmas🔽should arise simultaneously from the future,
['T27n1545_010:0050a03_2']	於現在世一時而滅。	於現在世一時而滅。	and perish simultaneously in the present.
['T27n1545_010:0050a03_11']	是則應無未來現在。	是則應無未來現在。	Then there should be no future or present,
['T27n1545_010:0050a04_1']	以觀未來現在故。	以觀未來現在故。	because the future and present are perceived.
['T27n1545_010:0050a04_6']	說有過去。	說有過去。	Therefore, the past is said to exist.
['T27n1545_010:0050a04_17']	未來現在無故過去亦無。	未來現在無故過去亦無。	Because the future and present do not exist, the past also does not exist.
['T27n1545_010:0050a05_7']	若無三世則無有為。	若無三世則無有為。	If the three time periods do not exist, then conditioned phenomena do not exist.
['T27n1545_010:0050a05_16']	若無有為則無無為。	若無有為則無無為。	If conditioned phenomena do not exist, then unconditioned phenomena do not exist.
['T27n1545_010:0050a06_7']	如是則一切法皆無。	如是則一切法皆無。	In this way, all phenomena would be nonexistent.
['T27n1545_010:0050a06_12']	是為大過。	是為大過。	This would be a great error.
['T27n1545_010:0050a07_3']	是故無有二心俱生。	是故無有二心俱生。	Therefore, two minds do not arise simultaneously.
['T27n1545_010:0050a07_8']	有餘師說。	有餘師說。	Other masters say:
['T27n1545_010:0050a07_17']	若一相續二心俱生。	若一相續二心俱生。	If two minds arise simultaneously in a single continuity,
['T27n1545_010:0050a08_11']	則應受等諸心所法亦二俱生。	則應受等諸心所法亦二俱生。	then the mental factors such as feeling would also arise simultaneously as two.
['T27n1545_010:0050a09_2']	則一剎那應有十蘊。	則一剎那應有十蘊。	Then in a single moment there would be ten aggregates.
['T27n1545_010:0050a09_7']	則有情壞。	則有情壞。	Then sentient beings would be destroyed.
['T27n1545_010:0050a09_16', 'T27n1545_010:0050a10_6']	有情壞故所依身壞。🔽所依壞故則五部壞。	有情壞故所依身壞。 所依壞故則五部壞。	Because sentient beings are destroyed, the supported body is destroyed.🔽Because the supported is destroyed, then the five divisions are destroyed.
['T27n1545_010:0050a10_15']	五部壞故則對治壞。	五部壞故則對治壞。	Because the five divisions are destroyed, then the antidotes are destroyed.
['T27n1545_010:0050a11_6']	對治壞故則遍知壞。	對治壞故則遍知壞。	Because the antidotes are destroyed, then the complete knowledges are destroyed.
['T27n1545_010:0050a12_1']	遍知壞故沙門果等一切皆壞。	遍知壞故沙門果等一切皆壞。	Because the complete knowledges are destroyed, then all such as the fruits of the śramaṇa are destroyed.
['T27n1545_010:0050a12_6']	勿有此過。	勿有此過。	Do not let this error occur.
['T27n1545_010:0050a12_15']	故一相續無二心俱。	故一相續無二心俱。	Therefore, in a single continuity, two minds do not arise simultaneously.
['T27n1545_010:0050a13_6']	問如一剎那有多心所。	問如一剎那有多心所。	Question: Just as there are many mental factors in a single moment,
['T27n1545_010:0050a13_15']	而無前過心亦應爾。	而無前過心亦應爾。	and yet there is no previous error, so should the mind also be.
['T27n1545_010:0050a14_4']	尊者世友說曰。	尊者世友說曰。	Venerable Vasumitra said:
['T27n1545_010:0050a14_14']	心所雖多而與心同一。	心所雖多而與心同一。	Although mental factors are numerous, they are the same as the mind.
['T27n1545_010:0050a15_4']	等無間緣之所引起。	等無間緣之所引起。	They are all equally the immediately preceding condition that gives rise to them.
['T27n1545_010:0050a15_13']	如心是一受等亦一。	如心是一受等亦一。	Just as the mind is one, so too are feeling, etc.
['T27n1545_010:0050a15_18']	故無有過。	故無有過。	Therefore there is no fault.
['T27n1545_010:0050a16_4']	大德說曰。	大德說曰。	The Venerable One said:
['T27n1545_010:0050a16_13']	心與受等一和合生。	心與受等一和合生。	The mind and feeling, etc. are born together in one combination.
['T27n1545_010:0050a17_4']	如心是一受等亦一。	如心是一受等亦一。	Just as the mind is one, so too are feeling, etc.
['T27n1545_010:0050a17_9']	故無有過。	故無有過。	Therefore there is no fault.
['T27n1545_010:0050a17_14']	復有說者。	復有說者。	There is also one who says:
['T27n1545_010:0050a18_4']	心與受等一作意生。	心與受等一作意生。	The mind and feeling, etc. are born together in one volition.
['T27n1545_010:0050a18_13']	如心是一受等亦一。	如心是一受等亦一。	Just as the mind is one, so too are feeling, etc.
['T27n1545_010:0050a19_6']	雖皆名心所而體類各異。	雖皆名心所而體類各異。	Although they are all called mental factors, their substance and type are each different.
['T27n1545_010:0050a19_11']	故無有失。	故無有失。	Therefore there is no fault.
['T27n1545_010:0050a20_5']	問如前所說。	問如前所說。	Question: As explained above,
['T27n1545_010:0050a20_14']	等無間緣自體是何。	等無間緣自體是何。	what is the essence of the immediately preceding condition?
['T27n1545_010:0050a21_8']	答除阿羅漢最後心心所法。	答除阿羅漢最後心心所法。	Answer: Except for the last mind and mental factors of an arhat,
['T27n1545_010:0050a22_1']	諸餘過去現在心心所法。	諸餘過去現在心心所法。	all other past and present mind and mental factors,
['T27n1545_010:0050a22_10']	是謂等無間緣自體。	是謂等無間緣自體。	are called the essence of the immediately preceding condition.
['T27n1545_010:0050a23_4']	問何故阿羅漢最後心心所法。	問何故阿羅漢最後心心所法。	Question: Why are the last mind and mental factors of an arhat
['T27n1545_010:0050a23_11']	非等無間緣耶。	非等無間緣耶。	not the immediately preceding condition?
['T27n1545_010:0050a23_18']	答彼心心所法。	答彼心心所法。	Answer: The mind and mental factors.
['T27n1545_010:0050a24_7']	若是等無間緣者。	若是等無間緣者。	If they are the immediately preceding condition,
['T27n1545_010:0050a24_17']	彼後應有心心所法生。	彼後應有心心所法生。	then later there should be the arising of mind and mental factors.
['T27n1545_010:0050a25_7']	若爾便無究竟解脫。	若爾便無究竟解脫。	If so, then there would be no ultimate liberation.
['T27n1545_010:0050a25_12']	有餘師說。	有餘師說。	Other masters say:
['T27n1545_010:0050a26_1']	彼亦是等無間緣。	彼亦是等無間緣。	They are also the immediately preceding condition.
['T27n1545_010:0050a26_11']	彼後心心所法不生者。	彼後心心所法不生者。	The reason why later mind and mental factors do not arise
['T27n1545_010:0050a26_16']	有餘緣故。	有餘緣故。	is because there are other conditions.
['T27n1545_010:0050a27_3']	非彼為礙。	非彼為礙。	They are not obstructed by that.
['T27n1545_010:0050a27_12']	設當生者亦與作緣。	設當生者亦與作緣。	Even if they were to arise, they would also act as conditions.
['T27n1545_010:0050a28_3']	猶如意根意界意處。	猶如意根意界意處。	Just like the faculty of mind, the mind element, and the mind sense field.
['T27n1545_010:0050a28_10']	彼不應作是說。	彼不應作是說。	They should not say this.
['T27n1545_010:0050a28_15']	所以者何。	所以者何。	Why is it so?
['T27n1545_010:0050a29_5']	等無間緣依作用立。	等無間緣依作用立。	The immediately preceding condition is established based on function.
['T27n1545_010:0050a29_16']	若法與彼法作等無間緣。	若法與彼法作等無間緣。	If a dharma acts as the immediately preceding condition for another dharma,
['T27n1545_010:0050b01_5']	無法無有情。	無法無有情。	there is no dharma, no sentient being,
['T27n1545_010:0050b01_13']	無呪術無藥物等。	無呪術無藥物等。	no spells, no medicines, etc.
['T27n1545_010:0050b02_5']	能為障礙令彼不生。	能為障礙令彼不生。	that can obstruct it and prevent its arising.
['T27n1545_010:0050b02_10']	意根界處。	意根界處。	The faculty of mind, the element of mind, and the sense field of mind.
['T27n1545_010:0050b02_16']	依根相故立。	依根相故立。	They are established based on the characteristics of the faculties.
['T27n1545_010:0050b03_4']	雖後識不生。	雖後識不生。	Even though later consciousness does not arise,
['T27n1545_010:0050b03_11']	而有根等相故。	而有根等相故。	there are still the characteristics of the faculties and so forth.
['T27n1545_010:0050b05_3']	得名根等問何故阿羅漢最後心有意根等相而無等無間緣相耶。	得名根等問何故阿羅漢最後心有意根等相而無等無間緣相耶。	Why is it that the final mind of an arhat has the characteristics of the faculties such as mind, but does not have the characteristic of the condition as the equivalent and immediate antecedent?
['T27n1545_010:0050b05_9']	答意根界處。	答意根界處。	The faculties, elements, and sense bases of mind
['T27n1545_010:0050b05_16']	不必觀於後法。	不必觀於後法。	do not necessarily consider subsequent dharmas.
['T27n1545_010:0050b06_4']	故立觀心所等。	故立觀心所等。	Therefore, the mind and mental factors are established as observed objects.
['T27n1545_010:0050b06_9']	亦得名故。	亦得名故。	Because they are also called faculties.
['T27n1545_010:0050b06_14']	等無間緣。	等無間緣。	The condition as the equivalent and immediate antecedent
['T27n1545_010:0050b07_4']	觀後法立後不生故。	觀後法立後不生故。	is established by considering subsequent dharmas. Because they do not arise later,
['T27n1545_010:0050b07_9']	不說為緣。	不說為緣。	they are not said to be conditions.
['T27n1545_010:0050b07_16']	復次不生法中。	復次不生法中。	Furthermore, among dharmas that do not arise,
['T27n1545_010:0050b08_3']	有意識相。	有意識相。	there is the characteristic of mental consciousness.
['T27n1545_010:0050b08_12']	故最後心是意根等。	故最後心是意根等。	Therefore, the final mind is the faculty of mind, etc.
['T27n1545_010:0050b09_3']	不生法中無等無間相。	不生法中無等無間相。	Among dharmas that do not arise, there is no characteristic of the condition as the equivalent and immediate antecedent.
['T27n1545_010:0050b09_9']	以雜亂住故。	以雜亂住故。	Because they abide in a state of confusion.
['T27n1545_010:0050b09_16', 'T27n1545_010:0050b10_4', 'T27n1545_010:0050b10_10']	是以最後心等。🔽不立等無間緣。🔽問等無間緣。	是以最後心等。 不立等無間緣。 問等無間緣。	Therefore, the final mind, etc.🔽are not established as the condition as the equivalent and immediate antecedent.
['T27n1545_010:0050b10_15', 'T27n1545_010:0050b11_2']	以何為相。🔽答體即是相。	以何為相。 答體即是相。	What are the characteristics of the condition as the equivalent and immediate antecedent?🔽The essence itself is the characteristic.
['T27n1545_010:0050b11_7']	相即是體。	相即是體。	The characteristic itself is the essence.
['T27n1545_010:0050b11_16']	不應離體別求其相。	不應離體別求其相。	One should not seek the characteristic apart from the essence.
['T27n1545_010:0050b12_4']	尊者世友說曰。	尊者世友說曰。	The Venerable Vasumitra said:
['T27n1545_010:0050b12_9']	能開避義。	能開避義。	The meaning of being able to make way
['T27n1545_010:0050b12_16']	是等無間緣相。	是等無間緣相。	is the characteristic of the condition as the equivalent and immediate antecedent.
['T27n1545_010:0050b13_4']	復次與次第義。	復次與次第義。	Next, the meaning of sequence.
['T27n1545_010:0050b13_11']	是等無間緣相。	是等無間緣相。	This is the characteristic of the immediately preceding condition.
['T27n1545_010:0050b13_18']	復次與作用義。	復次與作用義。	Next, the meaning of function.
['T27n1545_010:0050b14_5']	是等無間緣相。	是等無間緣相。	This is the characteristic of the immediately preceding condition.
['T27n1545_010:0050b14_12']	復次能生心義。	復次能生心義。	Next, the meaning of being able to give rise to the mind.
['T27n1545_010:0050b14_19']	是等無間緣相。	是等無間緣相。	This is the characteristic of the immediately preceding condition.
['T27n1545_010:0050b15_7']	復次能引發心義。	復次能引發心義。	Next, the meaning of being able to initiate the mind.
['T27n1545_010:0050b15_14']	是等無間緣相。	是等無間緣相。	This is the characteristic of the immediately preceding condition.
['T27n1545_010:0050b16_4']	復次能警覺心義。	復次能警覺心義。	Next, the meaning of being able to arouse the mind.
['T27n1545_010:0050b16_11']	是等無間緣相。	是等無間緣相。	This is the characteristic of the immediately preceding condition.
['T27n1545_010:0050b17_2']	復次能令心相續義。	復次能令心相續義。	Next, the meaning of being able to cause the mind to continue.
['T27n1545_010:0050b17_9']	是等無間緣相。	是等無間緣相。	This is the characteristic of the immediately preceding condition.
['T27n1545_010:0050b17_14']	大德說曰。	大德說曰。	The Venerable One said:
['T27n1545_010:0050b18_3']	能引生無間心義。	能引生無間心義。	The meaning of being able to give rise to the immediately following mind.
['T27n1545_010:0050b18_10']	是等無間緣相。	是等無間緣相。	This is the characteristic of the immediately preceding condition.
['T27n1545_010:0050b18_18']	尊者婆末羅說曰。	尊者婆末羅說曰。	The Venerable Vamalla said:
['T27n1545_010:0050b19_11']	能令未已生心續已生心義。	能令未已生心續已生心義。	The meaning of causing the mind that has not yet arisen to continue the mind that has already arisen.
['T27n1545_010:0050b19_18']	是等無間緣相。	是等無間緣相。	This is the characteristic of the immediately preceding condition.
['T27n1545_010:0050b20_7']	阿毘達磨者說曰。	阿毘達磨者說曰。	The Abhidharma masters say:
['T27n1545_010:0050b21_1']	能令各別自相法無間生義。	能令各別自相法無間生義。	The meaning of causing dharmas with distinct individual characteristics to arise without interval.
['T27n1545_010:0050b21_8']	是等無間緣相。	是等無間緣相。	This is the characteristic of the immediately preceding condition.
['T27n1545_010:0050b21_15']	各別自相法者。	各別自相法者。	Dharmas with distinct individual characteristics refer to
['T27n1545_010:0050b22_3']	謂受想等心所。	謂受想等心所。	mental factors such as feeling and conception, etc.
['T27n1545_010:0050b22_10']	及心自相各別。	及心自相各別。	And the self-characteristics of the mind are each different.
['T27n1545_010:0050b23_1']	俱時而生無容有二。	俱時而生無容有二。	They arise simultaneously and cannot have two.
['T27n1545_010:0050b23_6']	有餘師說。	有餘師說。	Other masters say:
['T27n1545_010:0050b23_15']	令相似法無間生義。	令相似法無間生義。	The meaning of causing similar dharmas to arise without interval.
['T27n1545_010:0050b24_3']	是等無間緣相。	是等無間緣相。	Is the characteristic of the immediately preceding condition.
['T27n1545_010:0050b24_8']	已說體相。	已說體相。	The essence and characteristics have already been explained.
['T27n1545_010:0050b24_14']	所以今當說。	所以今當說。	The reason will now be explained.
['T27n1545_010:0050b25_5']	問何故名曰等無間緣。	問何故名曰等無間緣。	Question: Why is it called the immediately preceding condition?
['T27n1545_010:0050b25_15']	答此緣能引等無間法。	答此緣能引等無間法。	Answer: This condition can attract dharmas that arise immediately after.
['T27n1545_010:0050b26_1']	是故名曰。	是故名曰。	Therefore it is called
['T27n1545_010:0050b26_6', 'T27n1545_010:0050b27_5', 'T27n1545_010:0050b27_10']	等無間緣。🔽問前後剎那。🔽諸心所法。	等無間緣。 問前後剎那。 諸心所法。	The immediately preceding condition.
['T27n1545_010:0050b27_15']	或多或少。	或多或少。	Question: In the case of the many or few mental factors in the preceding and following moments,
['T27n1545_010:0050b28_1']	云何名等。	云何名等。	How can it be called equal?
['T27n1545_010:0050b28_11']	如欲界心所多非色界。	如欲界心所多非色界。	For example, the mental factors in the desire realm are more than in the form realm,
['T27n1545_010:0050b29_3']	色界心所多非無色界。	色界心所多非無色界。	The mental factors in the form realm are more than in the formless realm,
['T27n1545_010:0050b29_11']	善心所多非不善。	善心所多非不善。	The mental factors in the wholesome mind are more than in the unwholesome,
['T27n1545_010:0050c01_2']	不善心所多非無記。	不善心所多非無記。	The mental factors in the unwholesome mind are more than in the indeterminate,
['T27n1545_010:0050c01_11']	有漏心所多非無漏。	有漏心所多非無漏。	The mental factors in the contaminated mind are more than in the uncontaminated.
['T27n1545_010:0050c02_7']	如何可說此緣能引等無間法耶。	如何可說此緣能引等無間法耶。	How can it be said that this condition can attract dharmas that arise immediately after?
['T27n1545_010:0050c02_9']	答。	答。	Answer:
['T27n1545_010:0050c02_14']	依事等說。	依事等說。	It is said to be equal based on the similarity of events,
['T27n1545_010:0050c03_1']	不依數等。	不依數等。	Not based on the equality of number.
['T27n1545_010:0050c03_6']	故無有過。	故無有過。	Therefore there is no fault.
['T27n1545_010:0050c03_11']	若一心中。	若一心中。	If in one mind,
['T27n1545_010:0050c04_4']	有一想二受等者可不名等。	有一想二受等者可不名等。	there is one thought, two feelings, etc., then it cannot be called equal.
['T27n1545_010:0050c04_17']	以一心中受等心所隨所應生。	以一心中受等心所隨所應生。	Because in one mind, the mental factors such as feeling, according to what is appropriate, arise.
['T27n1545_010:0050c05_4']	各唯有一。	各唯有一。	Each has only one.
['T27n1545_010:0050c05_9']	是故名等。	是故名等。	Therefore it is called equal.
['T27n1545_010:0050c05_16', 'T27n1545_010:0050c06_5']	問為心但與心。🔽受等但與受等。	問為心但與心。 受等但與受等。	Question: Does the mind only act as the equal and immediate condition for the mind,
['T27n1545_010:0050c06_11']	作等無間緣。	作等無間緣。	and do feeling, etc. only act as the equal and immediate condition for feeling, etc.?
['T27n1545_010:0050c06_16']	為不爾耶。	為不爾耶。	Or is it not so?
['T27n1545_010:0050c07_6']	相似相續沙門說曰。	相似相續沙門說曰。	The Śramaṇa who speaks of similar continuity says:
['T27n1545_010:0050c07_16']	心但與心作等無間緣。	心但與心作等無間緣。	The mind only acts as the equal and immediate condition for the mind,
['T27n1545_010:0050c08_2']	受等亦爾。	受等亦爾。	and feeling, etc. are also like this.
['T27n1545_010:0050c08_12']	各與自類作等無間緣。	各與自類作等無間緣。	Each acts as the equal and immediate condition for its own kind.
['T27n1545_010:0050c09_1']	彼不應作是說。	彼不應作是說。	He should not speak like this.
['T27n1545_010:0050c09_6']	所以者何。	所以者何。	Why is it so?
['T27n1545_010:0050c09_11']	若必爾者。	若必爾者。	If it must be so,
['T27n1545_010:0050c09_19']	應善心還生善心。	應善心還生善心。	then a good mind should still give rise to a good mind,
['T27n1545_010:0050c10_8']	不善心還生不善心。	不善心還生不善心。	an unwholesome mind should still give rise to an unwholesome mind,
['T27n1545_010:0050c10_17', 'T27n1545_010:0050c11_5', 'T27n1545_010:0050c11_12']	無記心還生無記心。🔽貪心還生貪心。🔽恚心還生恚心。	無記心還生無記心。 貪心還生貪心。 恚心還生恚心。	a neutral mind should still give rise to a neutral mind,🔽a greedy mind should still give rise to a greedy mind,🔽an angry mind should still give rise to an angry mind,
['T27n1545_010:0050c12_1']	癡心還生癡心。	癡心還生癡心。	a deluded mind should still give rise to a deluded mind.
['T27n1545_010:0050c12_10']	如是便無究竟解脫。	如是便無究竟解脫。	In this case, there would be no ultimate liberation.
['T27n1545_010:0050c12_15']	又諸心所。	又諸心所。	Moreover, the mental factors
['T27n1545_010:0050c13_1']	或少或多。	或少或多。	may be few or many.
['T27n1545_010:0050c13_6']	少生多時。	少生多時。	When few are produced and many arise,
['T27n1545_010:0050c13_11']	便應緣闕。	便應緣闕。	then there would be a lack of conditions.
['T27n1545_010:0050c13_16']	多生少時。	多生少時。	When many are produced and few arise,
['T27n1545_010:0050c14_2']	便應果減。	便應果減。	then there would be a decrease in fruits.
['T27n1545_010:0050c14_10', 'T27n1545_010:0050c14_15']	如是則一心聚中。🔽有從緣生。	如是則一心聚中。 有從緣生。	In this way, within a single aggregate of mind,🔽some arise from conditions,
['T27n1545_010:0050c15_2', 'T27n1545_010:0050c15_7']	有不從緣生。🔽有作緣者。	有不從緣生。 有作緣者。	while some do not arise from conditions.🔽Some act as conditions,
['T27n1545_010:0050c15_13']	有不作緣者。	有不作緣者。	while some do not act as conditions.
['T27n1545_010:0050c16_1']	又無漏心聚。	又無漏心聚。	Moreover, the aggregates of pure mind
['T27n1545_010:0050c16_7']	應無緣而生。	應無緣而生。	should arise without conditions.
['T27n1545_010:0050c16_12', 'T27n1545_010:0050c17_2']	應作是說。🔽心與心亦與受等。	應作是說。 心與心亦與受等。	It should be said:🔽The mind and mental factors, as well as the feelings, etc.,
['T27n1545_010:0050c17_10']	受與受亦與心等。	受與受亦與心等。	The feelings and other mental factors, as well as the mind, etc.,
['T27n1545_010:0050c17_16']	作等無間緣。	作等無間緣。	act as the similar and immediately antecedent condition.
['T27n1545_010:0050c18_3', 'T27n1545_010:0050c19_5']	餘心所亦爾。🔽問為心與心。	餘心所亦爾。 問為心與心。	The other mental factors are also like this.
['T27n1545_010:0050c19_15', 'T27n1545_010:0050c20_3']	作近等無間緣非受等。🔽受等與受等。	作近等無間緣非受等。 受等與受等。	Question: Does the mind act as the proximate similar and immediately antecedent condition for the mental factors, but not for the feelings, etc.?
['T27n1545_010:0050c20_13']	作近等無間緣非心等。	作近等無間緣非心等。	Do the feelings, etc., act as the proximate similar and immediately antecedent condition for the feelings, etc., but not for the mind, etc.?
['T27n1545_010:0050c21_1']	為不爾耶。	為不爾耶。	Or is it not so?
['T27n1545_010:0050c21_10']	相似相續沙門說曰。	相似相續沙門說曰。	The Śramaṇa who speaks of the continuity of the similar
['T27n1545_010:0050c22_4']	心與心作近等無間緣非受等。	心與心作近等無間緣非受等。	says: The mind acts as the proximate similar and immediately antecedent condition for the mental factors, but not for the feelings, etc.
['T27n1545_010:0050c22_10']	受等與受等。	受等與受等。	feeling, etc. and feeling, etc.
['T27n1545_010:0050c23_3']	作近等無間緣非心等。	作近等無間緣非心等。	act as the immediately preceding and closely antecedent condition, but not as mind, etc.
['T27n1545_010:0050c23_10']	彼不應作是說。	彼不應作是說。	They should not make such statements.
['T27n1545_010:0050c23_15']	所以者何。	所以者何。	Why is it so?
['T27n1545_010:0050c24_10']	前已說能開避義是等無間緣相。	前已說能開避義是等無間緣相。	Because it has already been said that the characteristic of the immediately preceding and closely antecedent condition is the meaning of making way.
['T27n1545_010:0050c24_15']	開避義中。	開避義中。	In the meaning of making way,
['T27n1545_010:0050c25_2']	無遠近故。	無遠近故。	there is no distance or nearness.
['T27n1545_010:0050c25_7', 'T27n1545_010:0050c25_17']	應作是說。🔽前生心聚與後生心聚。	應作是說。 前生心聚與後生心聚。	One should say:
['T27n1545_010:0050c26_4']	作等無間緣。	作等無間緣。	The previously arisen group of mind acts as the immediately preceding and closely antecedent condition for the subsequently arisen group of mind.
['T27n1545_010:0050c26_9']	無有差別。	無有差別。	There is no distinction.
['T27n1545_010:0050c26_14']	如豆等聚。	如豆等聚。	Like a group of beans, etc.🔽Here is the corrected and aligned text:
['T27n1545_010:0050c27_100']	說一切有部發智大毘婆沙論卷第十	說一切有部發智大毘婆沙論卷第十	Sarvâstivāda Abhidharma-mahāvibhāṣā-śāstra, fascicle 10
