segmentnr	original	analyzed	translated
['T27n1545_115:0596a14_0']	阿毘達磨大毘婆沙論卷第一百	阿毘達磨大毘婆沙論卷第一百	Abhidharma-mahāvibhāṣā-śāstra, fascicle 100
['T27n1545_115:0596a15_0']	一十五	一十五	fifteen
['T27n1545_115:0596a17_0']	五百大阿羅漢等造	五百大阿羅漢等造	composed by five hundred great arhats and others
['T27n1545_115:0596a20_2']	三藏法師玄奘奉　詔譯4業蘊第四中惡行納息第一之四三業。	三藏法師玄奘奉　詔譯4業蘊第四中惡行納息第一之四三業。	tripiṭaka master Xuanzang respectfully received
['T27n1545_115:0596a20_8']	謂身語意業。	謂身語意業。	namely, bodily, verbal, and mental actions.
['T27n1545_115:0596a20_13']	復有三業。	復有三業。	There are also three kinds of actions.
['T27n1545_115:0596a20_19']	謂順樂受業。	謂順樂受業。	Namely, actions that accord with pleasant feeling,
['T27n1545_115:0596a21_4']	順苦受業。	順苦受業。	actions that accord with painful feeling,
['T27n1545_115:0596a21_12']	順不苦不樂受業。	順不苦不樂受業。	and actions that accord with neither painful nor pleasant feeling.
['T27n1545_115:0596a21_19']	問何故作此論。	問何故作此論。	Why was this treatise composed?
['T27n1545_115:0596a22_9']	答為欲分別契經義故。	答為欲分別契經義故。	The answer is: in order to analyze the meaning of the sūtras.
['T27n1545_115:0596a22_14']	如契經說。	如契經說。	As the sūtras say:
['T27n1545_115:0596a23_3']	順樂受等業。	順樂受等業。	Actions that accord with pleasant feeling, etc.
['T27n1545_115:0596a23_10']	契經雖作是說。	契經雖作是說。	Although the sūtras say this,
['T27n1545_115:0596a23_15']	而不廣辯。	而不廣辯。	they do not explain it in detail.
['T27n1545_115:0596a24_1']	廣說如前。	廣說如前。	The detailed explanation is as above.
['T27n1545_115:0596a24_6']	復有說者。	復有說者。	There are also those who say:
['T27n1545_115:0596a24_15']	前雖分別身等三業。	前雖分別身等三業。	Although the three kinds of actions such as the body, etc. have been analyzed before,
['T27n1545_115:0596a25_8']	而未分別順樂受等三業。	而未分別順樂受等三業。	the three kinds of actions that accord with pleasant feeling, etc. have not yet been analyzed.
['T27n1545_115:0596a25_17']	今欲分別故作斯論。	今欲分別故作斯論。	Now, in order to analyze them, this treatise is composed.
['T27n1545_115:0596a26_8']	所說受名總有五種。	所說受名總有五種。	The term feeling is generally of five kinds:
['T27n1545_115:0596a26_13']	一自性受。	一自性受。	1. Essential nature feeling,
['T27n1545_115:0596a26_18']	二現前受。	二現前受。	2. Present feeling,
['T27n1545_115:0596a27_3']	三所緣受。	三所緣受。	3. Object of feeling,
['T27n1545_115:0596a27_8']	四相應受。	四相應受。	4. Associated feeling,
['T27n1545_115:0596a27_13']	五異熟受。	五異熟受。	Fifth, the feeling of karmic retribution.
['T27n1545_115:0596a27_18']	自性受者。	自性受者。	As for the nature of feeling,
['T27n1545_115:0596a28_3']	如說三受。	如說三受。	it is as explained in the three kinds of feeling.
['T27n1545_115:0596a28_7']	謂樂受。	謂樂受。	Namely, the feeling of pleasure,
['T27n1545_115:0596a28_10']	苦受。	苦受。	the feeling of pain,
['T27n1545_115:0596a28_16']	不苦不樂受。	不苦不樂受。	and the feeling that is neither painful nor pleasant.
['T27n1545_115:0596a29_1']	現前受者。	現前受者。	As for the feeling that is present,
['T27n1545_115:0596a29_10']	如大因緣法門經說。	如大因緣法門經說。	it is as explained in the Mahānidāna Sūtra.
['T27n1545_115:0596a29_15']	阿難當知。	阿難當知。	Ānanda should know that,
['T27n1545_115:0596b01_7']	受樂受時餘二受便滅。	受樂受時餘二受便滅。	when experiencing the feeling of pleasure, the other two feelings cease.
['T27n1545_115:0596b01_16']	應知如是所受樂受。	應知如是所受樂受。	One should know that such a pleasant feeling that is experienced
['T27n1545_115:0596b02_6']	是無常苦滅壞之法。	是無常苦滅壞之法。	is impermanent, suffering, and subject to destruction.
['T27n1545_115:0596b02_15']	離我我所如是苦受。	離我我所如是苦受。	It is apart from the self and what belongs to the self. The feeling of pain
['T27n1545_115:0596b03_7']	不苦不樂受應知亦爾。	不苦不樂受應知亦爾。	should be understood in the same way. The feeling that is neither painful nor pleasant should be understood in the same way.
['T27n1545_115:0596b03_12']	所緣受者。	所緣受者。	As for the feeling that has an object,
['T27n1545_115:0596b03_18']	如識身論說。	如識身論說。	it is as explained in the Vijñānakāya Śāstra.
['T27n1545_115:0596b04_8']	眼色為緣生於眼識。	眼色為緣生於眼識。	The eye and form are the conditions for the arising of eye-consciousness.
['T27n1545_115:0596b04_14']	三和合故觸。	三和合故觸。	Due to the combination of the three, there is contact.
['T27n1545_115:0596b05_2']	觸為緣故受。	觸為緣故受。	Because of contact, there is feeling.
['T27n1545_115:0596b05_15']	當知此受能領受色非數取趣。	當知此受能領受色非數取趣。	One should know that this feeling is able to experience form, not the individual.
['T27n1545_115:0596b06_9']	色是眼觸所生受緣非數取趣。	色是眼觸所生受緣非數取趣。	Form is the condition for the feeling that arises from eye-contact, not the individual.
['T27n1545_115:0596b07_2']	如是乃至意法廣說亦爾。	如是乃至意法廣說亦爾。	In the same way, up to the mind and dharmas, it is the same.
['T27n1545_115:0596b07_7']	相應受者。	相應受者。	As for the feeling that is associated,
['T27n1545_115:0596b07_14']	如說有樂受法。	如說有樂受法。	it is as explained in the statement: There is the dharma of pleasant feeling.
['T27n1545_115:0596b07_19']	有苦受法。	有苦受法。	There are dharmas associated with painful feeling.
['T27n1545_115:0596b08_7']	有不苦不樂受法。	有不苦不樂受法。	There are dharmas associated with neither-painful-nor-pleasant feeling.
['T27n1545_115:0596b08_13']	云何樂受法。	云何樂受法。	What are dharmas associated with pleasant feeling?
['T27n1545_115:0596b09_1']	謂樂受相應法。	謂樂受相應法。	They are dharmas associated with pleasant feeling.
['T27n1545_115:0596b09_7']	云何苦受法。	云何苦受法。	What are dharmas associated with painful feeling?
['T27n1545_115:0596b09_14']	謂苦受相應法。	謂苦受相應法。	They are dharmas associated with painful feeling.
['T27n1545_115:0596b10_3']	云何不苦不樂受法。	云何不苦不樂受法。	What are dharmas associated with neither-painful-nor-pleasant feeling?
['T27n1545_115:0596b10_13']	謂不苦不樂受相應法。	謂不苦不樂受相應法。	They are dharmas associated with neither-painful-nor-pleasant feeling.
['T27n1545_115:0596b10_18']	異熟受者。	異熟受者。	As for the retribution of feeling,
['T27n1545_115:0596b11_3']	如此中說。	如此中說。	it is explained like this.
['T27n1545_115:0596b11_8']	順樂受業。	順樂受業。	Actions that lead to pleasant feeling,
['T27n1545_115:0596b11_13']	順苦受業。	順苦受業。	actions that lead to painful feeling,
['T27n1545_115:0596b12_1']	順不苦不樂受業。	順不苦不樂受業。	and actions that lead to neither-painful-nor-pleasant feeling.
['T27n1545_115:0596b12_15']	於此五受中依異熟受而作此論。	於此五受中依異熟受而作此論。	Among these five feelings, this treatise is based on the retribution of feeling.
['T27n1545_115:0596b13_4']	云何順樂受業。	云何順樂受業。	What are actions that lead to pleasant feeling?
['T27n1545_115:0596b13_11']	謂欲界繫善業。	謂欲界繫善業。	They are wholesome actions bound to the desire realm,
['T27n1545_115:0596b14_2']	乃至第三靜慮地善業。	乃至第三靜慮地善業。	up to wholesome actions in the third meditative absorption.
['T27n1545_115:0596b14_9']	云何順苦受業。	云何順苦受業。	What are actions that lead to painful feeling?
['T27n1545_115:0596b14_14']	謂不善業。	謂不善業。	They are unwholesome actions.
['T27n1545_115:0596b15_4']	云何順不苦不樂受業。	云何順不苦不樂受業。	What are actions that lead to neither-painful-nor-pleasant feeling?
['T27n1545_115:0596b15_11']	謂廣果繫善業。	謂廣果繫善業。	They are wholesome actions bound to the sphere of unlimited space,
['T27n1545_115:0596b15_19']	及無色界繫善業。	及無色界繫善業。	and wholesome actions bound to the formless realm.
['T27n1545_115:0596b16_15']	問順樂受業決定能感樂受異熟果耶。	問順樂受業決定能感樂受異熟果耶。	Question: Does action that leads to pleasant feeling definitely give rise to pleasant feeling as its retribution?
['T27n1545_115:0596b17_6']	餘二受業為問亦爾。	餘二受業為問亦爾。	The same question can be asked about the other two types of karma.
['T27n1545_115:0596b17_11']	若決定者。	若決定者。	If it is definite,
['T27n1545_115:0596b18_2']	此後所說當云何通。	此後所說當云何通。	how can we understand the following statement?
['T27n1545_115:0596b18_7']	如後論言。	如後論言。	As the later treatise says:
['T27n1545_115:0596b18_18']	頗有業不感身心受異熟。	頗有業不感身心受異熟。	Are there any karmas that do not produce bodily or mental feelings as their ripening,
['T27n1545_115:0596b19_5']	而感異熟耶。	而感異熟耶。	but produce other ripening?
['T27n1545_115:0596b19_8']	答有。	答有。	The answer is: There are.
['T27n1545_115:0596b20_3']	謂諸業感色心不相應行異熟。	謂諸業感色心不相應行異熟。	It refers to karmas that produce form and dharmas not directly associated with mind as their ripening.
['T27n1545_115:0596b20_8']	若不定者。	若不定者。	If it is indefinite,
['T27n1545_115:0596b20_17']	何故說名順樂受業。	何故說名順樂受業。	why is it called karma that produces pleasant feelings,
['T27n1545_115:0596b21_3']	順苦受業。	順苦受業。	karma that produces painful feelings,
['T27n1545_115:0596b21_11']	順不苦不樂受業。	順不苦不樂受業。	and karma that produces neither-painful-nor-pleasant feelings?
['T27n1545_115:0596b21_16']	有說定感。	有說定感。	Some say it definitely produces.
['T27n1545_115:0596b22_3']	謂順樂受業。	謂順樂受業。	That is, karma that produces pleasant feelings
['T27n1545_115:0596b22_12']	決定能感樂受異熟。	決定能感樂受異熟。	definitely produces pleasant feelings as its ripening.
['T27n1545_115:0596b23_3']	由此故名順樂受業。	由此故名順樂受業。	For this reason, it is called karma that produces pleasant feelings.
['T27n1545_115:0596b23_13']	乃至順不苦不樂受業。	乃至順不苦不樂受業。	Up to karma that produces neither-painful-nor-pleasant feelings.
['T27n1545_115:0596b24_6']	決定能感不苦不樂受異熟。	決定能感不苦不樂受異熟。	It definitely produces neither-painful-nor-pleasant feelings as its ripening.
['T27n1545_115:0596b24_18']	由此故名順不苦不樂受業。	由此故名順不苦不樂受業。	For this reason, it is called karma that produces neither-painful-nor-pleasant feelings.
['T27n1545_115:0596b25_3']	問若爾。	問若爾。	If so,
['T27n1545_115:0596b25_10']	後所說云何通。	後所說云何通。	how can we understand the following statement?
['T27n1545_115:0596b25_13']	如說。	如說。	As it says:
['T27n1545_115:0596b26_5']	頗有業不感身心受異熟。	頗有業不感身心受異熟。	Are there any karmas that do not produce bodily or mental feelings as their ripening?
['T27n1545_115:0596b26_11']	而感異熟耶。	而感異熟耶。	but can still give rise to dissimilar karmic retribution?
['T27n1545_115:0596b26_16']	乃至廣說。	乃至廣說。	And so on, explaining in detail.
['T27n1545_115:0596b27_7']	答彼業定感彼受異熟。	答彼業定感彼受異熟。	The answer is: that karma definitely gives rise to that feeling's dissimilar karmic retribution,
['T27n1545_115:0596b27_16']	及感色心不相應行。	及感色心不相應行。	and also gives rise to form and factors not directly associated with thought.
['T27n1545_115:0596b28_7']	然所感受不常現前。	然所感受不常現前。	However, the feelings that are experienced are not always present.
['T27n1545_115:0596b28_16']	所感色等則恒相續。	所感色等則恒相續。	The form, etc. that are experienced are always in continuous succession.
['T27n1545_115:0596b29_6']	於所感受不現前時。	於所感受不現前時。	When the feelings that are experienced are not present,
['T27n1545_115:0596c01_2']	說彼受業唯感色心不相應行。	說彼受業唯感色心不相應行。	it is said that that feeling's karma only gives rise to form and factors not directly associated with thought.
['T27n1545_115:0596c01_7']	是故無過。	是故無過。	Therefore there is no fault.
['T27n1545_115:0596c01_15']	如此則二文善通。	如此則二文善通。	In this way, the two texts are well explained.
['T27n1545_115:0596c02_1']	復有說者。	復有說者。	Furthermore, there are those who say:
['T27n1545_115:0596c02_8']	順樂受業不定。	順樂受業不定。	Karma that accords with pleasant feeling is indeterminate,
['T27n1545_115:0596c02_16', 'T27n1545_115:0596c03_9']	能感順樂受異熟。🔽乃至順不苦不樂受業不定。	能感順樂受異熟。 乃至順不苦不樂受業不定。	and can give rise to the dissimilar karmic retribution that accords with pleasant feeling.🔽Up to karma that accords with neither-unpleasant-nor-pleasant feeling is indeterminate,
['T27n1545_115:0596c04_1']	能感不苦不樂受異熟。	能感不苦不樂受異熟。	and can give rise to the neither-unpleasant-nor-pleasant feeling's dissimilar karmic retribution.
['T27n1545_115:0596c04_5']	問若爾。	問若爾。	Question: If that is so,
['T27n1545_115:0596c04_16']	何故此業名順樂受等耶。	何故此業名順樂受等耶。	why is this karma called that which accords with pleasant feeling, etc.?
['T27n1545_115:0596c05_3']	答順樂受業。	答順樂受業。	Answer: Karma that accords with pleasant feeling,
['T27n1545_115:0596c05_12']	雖不定感樂受異熟。	雖不定感樂受異熟。	although it does not definitely give rise to the dissimilar karmic retribution of pleasant feeling,
['T27n1545_115:0596c06_7']	然感樂受異熟者唯此業非餘。	然感樂受異熟者唯此業非餘。	nevertheless, that which gives rise to the dissimilar karmic retribution of pleasant feeling is only this karma and not others.
['T27n1545_115:0596c06_16']	故說此為順樂受業。	故說此為順樂受業。	Therefore it is said to be karma that accords with pleasant feeling.
['T27n1545_115:0596c07_7']	餘二受業所說亦爾。	餘二受業所說亦爾。	The other two types of karma are explained in the same way.
['T27n1545_115:0596c07_12']	復有說者。	復有說者。	There is another explanation.
['T27n1545_115:0596c07_17']	順樂受業。	順樂受業。	Karma that produces pleasant feeling.
['T27n1545_115:0596c08_7']	雖不定感樂受異熟。	雖不定感樂受異熟。	Even though it does not definitely produce pleasant feeling as its ripened result,
['T27n1545_115:0596c09_3']	然如樂受能與喜樂作所依止。	然如樂受能與喜樂作所依止。	it is like pleasant feeling, which can serve as the support for joy and pleasure,
['T27n1545_115:0596c09_16']	令喜樂生相續而轉作安足處。	令喜樂生相續而轉作安足處。	causing joy and pleasure to be born and continue to exist, and it becomes a place of rest.
['T27n1545_115:0596c10_7']	餘異熟果亦能如是。	餘異熟果亦能如是。	The other ripened results are also able to do this.
['T27n1545_115:0596c10_14']	故名順樂受業。	故名順樂受業。	Therefore it is called karma that produces pleasant feeling.
['T27n1545_115:0596c11_1']	順苦受業。	順苦受業。	Karma that produces painful feeling.
['T27n1545_115:0596c11_10']	雖不定感苦受異熟。	雖不定感苦受異熟。	Even though it does not definitely produce painful feeling as its ripened result,
['T27n1545_115:0596c12_5']	然如苦受能與憂苦作所依止。	然如苦受能與憂苦作所依止。	it is like painful feeling, which can serve as the support for sorrow and suffering,
['T27n1545_115:0596c13_1']	令憂苦生相續而轉作安足處。	令憂苦生相續而轉作安足處。	causing sorrow and suffering to be born and continue to exist, and it becomes a place of rest.
['T27n1545_115:0596c13_10']	餘異熟果亦能如是。	餘異熟果亦能如是。	The other ripened results are also able to do this.
['T27n1545_115:0596c13_17']	故名順苦受業。	故名順苦受業。	Therefore it is called karma that produces painful feeling.
['T27n1545_115:0596c14_6', 'T27n1545_115:0596c14_18']	順不苦不樂受業。🔽雖不定感不苦不樂受異熟。	順不苦不樂受業。 雖不定感不苦不樂受異熟。	Karma that produces neither pleasant nor painful feeling.🔽Even though it does not definitely produce neither pleasant nor painful feeling as its ripened result,
['T27n1545_115:0596c15_7', 'T27n1545_115:0596c16_2']	然如不苦不樂受。🔽不能與喜樂憂苦作所依止。	然如不苦不樂受。 不能與喜樂憂苦作所依止。	it is like neither pleasant nor painful feeling,🔽which cannot serve as the support for joy, pleasure, sorrow, or suffering,
['T27n1545_115:0596c16_11']	不能令喜樂憂苦生。	不能令喜樂憂苦生。	and cannot cause joy, pleasure, sorrow, or suffering to be born.
['T27n1545_115:0596c17_2']	相續而轉作安足處。	相續而轉作安足處。	It continues to evolve and becomes a basis for further action.
['T27n1545_115:0596c17_11']	餘異熟果亦復如是。	餘異熟果亦復如是。	The remaining ripening fruits are also like this.
['T27n1545_115:0596c18_3']	故名順不苦不樂受業。	故名順不苦不樂受業。	Therefore, it is called karma that accords with neither-painful-nor-pleasant feeling.
['T27n1545_115:0596c18_8']	復有說者。	復有說者。	There is also an explanation.
['T27n1545_115:0596c18_17']	如樂受能長養所依。	如樂受能長養所依。	Just as pleasant feeling nourishes the basis,
['T27n1545_115:0596c19_4']	餘異熟亦爾。	餘異熟亦爾。	the remaining ripening fruits are also like this.
['T27n1545_115:0596c19_11']	故名順樂受業。	故名順樂受業。	Therefore, it is called karma that accords with pleasant feeling.
['T27n1545_115:0596c20_2']	如苦受能損害所依。	如苦受能損害所依。	Just as painful feeling harms the basis,
['T27n1545_115:0596c20_8']	餘異熟亦爾。	餘異熟亦爾。	the remaining ripening fruits are also like this.
['T27n1545_115:0596c20_15']	故名順苦受業。	故名順苦受業。	Therefore, it is called karma that accords with painful feeling.
['T27n1545_115:0596c21_3']	如不苦不樂受。	如不苦不樂受。	Just as neither-painful-nor-pleasant feeling
['T27n1545_115:0596c21_14']	非能長養亦非損害所依。	非能長養亦非損害所依。	neither nourishes nor harms the basis,
['T27n1545_115:0596c22_2']	餘異熟亦爾。	餘異熟亦爾。	the remaining ripening fruits are also like this.
['T27n1545_115:0596c22_12']	故名順不苦不樂受業。	故名順不苦不樂受業。	Therefore, it is called karma that accords with neither-painful-nor-pleasant feeling.
['T27n1545_115:0596c23_3']	問欲界乃至第三靜慮。	問欲界乃至第三靜慮。	Question: In the desire realm up to the third concentration,
['T27n1545_115:0596c23_13']	有不苦不樂受異熟不。	有不苦不樂受異熟不。	is there ripening of neither-painful-nor-pleasant feeling or not?
['T27n1545_115:0596c23_17']	若有者。	若有者。	If there is,
['T27n1545_115:0596c24_6']	此中所說云何通。	此中所說云何通。	how can this be reconciled with what is said here?
['T27n1545_115:0596c24_9']	如說。	如說。	As it is said:
['T27n1545_115:0596c25_1']	云何順不苦不樂受業。	云何順不苦不樂受業。	What is karma that accords with neither-painful-nor-pleasant feeling?
['T27n1545_115:0596c25_8']	謂廣果繫善業。	謂廣果繫善業。	It refers to wholesome karma bound to the Broad Fruit Heaven,
['T27n1545_115:0596c25_16']	及無色界繫善業。	及無色界繫善業。	and wholesome karma bound to the formless realm.🔽If there is not,
['T27n1545_115:0596c25_20']	若無者。	若無者。	then what?
['T27n1545_115:0596c26_8']	靜慮中間所有善業。	靜慮中間所有善業。	The good karma of the intermediate state of meditation.
['T27n1545_115:0596c26_17']	當言能感何受異熟。	當言能感何受異熟。	It should be said that it can induce what feeling as its karmic ripening?
['T27n1545_115:0596c27_3']	或有說者。	或有說者。	Some say:
['T27n1545_115:0596c27_15']	下地無有不苦不樂受異熟。	下地無有不苦不樂受異熟。	There is no feeling of neither-suffering-nor-happiness as its karmic ripening in the lower realms.
['T27n1545_115:0596c28_2']	所以者何。	所以者何。	Why is it so?
['T27n1545_115:0596c28_7']	下地法麁。	下地法麁。	The dharmas of the lower realms are coarse.
['T27n1545_115:0596c28_12']	此受微細。	此受微細。	This feeling is subtle.
['T27n1545_115:0596c28_18']	下地不寂靜。	下地不寂靜。	The lower realms are not tranquil.
['T27n1545_115:0596c29_3']	此受寂靜。	此受寂靜。	This feeling is tranquil.
['T27n1545_115:0596c29_8']	復有說者。	復有說者。	There are also those who say:
['T27n1545_115:0596c29_17']	下地有情所起善業。	下地有情所起善業。	The good karma produced by beings in the lower realms
['T27n1545_115:0597a01_5']	皆為求樂受故起。	皆為求樂受故起。	Is produced for the sake of seeking the feeling of happiness.
['T27n1545_115:0597a01_16']	無有希求不苦不樂受者。	無有希求不苦不樂受者。	There are none who aspire to the feeling of neither-suffering-nor-happiness.
['T27n1545_115:0597a02_8']	是故下地所有善業。	是故下地所有善業。	Therefore, the good karma in the lower realms
['T27n1545_115:0597a02_15']	不感此受異熟。	不感此受異熟。	Does not induce this feeling as its karmic ripening.
['T27n1545_115:0597a03_6']	問彼亦無有求苦受者。	問彼亦無有求苦受者。	Question: They also do not seek the feeling of suffering.
['T27n1545_115:0597a03_15']	何故下地感此異熟。	何故下地感此異熟。	Why does the lower realm induce this karmic ripening?
['T27n1545_115:0597a04_11']	答欲界有情為求樂故多造苦因。	答欲界有情為求樂故多造苦因。	Answer: Beings in the desire realm create many causes of suffering in order to seek happiness.
['T27n1545_115:0597a05_4']	故雖不求而感彼異熟。	故雖不求而感彼異熟。	Therefore, although they do not seek it, they induce that karmic ripening.
['T27n1545_115:0597a06_3']	捨受寂靜無有求樂受而造捨受業者。	捨受寂靜無有求樂受而造捨受業者。	The feeling of equanimity is tranquil. There are none who create the karma of the feeling of equanimity while seeking the feeling of happiness.
['T27n1545_115:0597a06_10']	是故無彼異熟。	是故無彼異熟。	Therefore, there is no such karmic ripening.
['T27n1545_115:0597a07_2']	問靜慮中間所有善業。	問靜慮中間所有善業。	Question: The good karma of the intermediate state of the dhyānas,
['T27n1545_115:0597a07_11']	當言能感何受異熟。	當言能感何受異熟。	should it be said to be able to induce what feeling as its retribution?
['T27n1545_115:0597a08_3']	答感初靜慮喜根異熟。	答感初靜慮喜根異熟。	Answer: It induces the retribution of the faculty of joy of the first dhyāna.
['T27n1545_115:0597a08_8']	復有說者。	復有說者。	Furthermore, there is an explanation.
['T27n1545_115:0597a08_17']	感初靜慮樂受異熟。	感初靜慮樂受異熟。	It induces the retribution of the pleasant feeling of the first dhyāna.
['T27n1545_115:0597a09_2']	問若爾。	問若爾。	Question: If that is so,
['T27n1545_115:0597a09_8']	後文云何通。	後文云何通。	how can the later text be understood?
['T27n1545_115:0597a09_11']	如說。	如說。	As it is said:
['T27n1545_115:0597a10_1']	頗有業感心受異熟。	頗有業感心受異熟。	Is there any karma that induces the retribution of mental feeling,
['T27n1545_115:0597a10_5']	非身耶。	非身耶。	but not of the body?
['T27n1545_115:0597a10_8']	答有。	答有。	Answer: There is.
['T27n1545_115:0597a10_14']	謂善無尋業。	謂善無尋業。	It refers to the karma of good without initial thought.
['T27n1545_115:0597a11_2']	答彼文應作是說。	答彼文應作是說。	Answer: That text should be formulated like this:
['T27n1545_115:0597a11_10']	謂善無尋無伺業。	謂善無尋無伺業。	It refers to the karma of good without initial thought and without sustained thought.
['T27n1545_115:0597a12_3']	而不作是說者有何意耶。	而不作是說者有何意耶。	But why is it not formulated like this?
['T27n1545_115:0597a12_12']	應知此中言勢減少。	應知此中言勢減少。	One should know that in this case, the force of the words is reduced.
['T27n1545_115:0597a12_17']	或有說者。	或有說者。	Or, there is an explanation.
['T27n1545_115:0597a13_7']	靜慮中間所有善業。	靜慮中間所有善業。	The good karma of the intermediate state of the dhyānas,
['T27n1545_115:0597a13_15']	雖不感受異熟果。	雖不感受異熟果。	although it does not experience the retribution of its fruit,
['T27n1545_115:0597a14_7']	而能感色心不相應行。	而能感色心不相應行。	it is able to induce form and factors not directly associated with mind.
['T27n1545_115:0597a14_11']	問若爾。	問若爾。	Question: If that is so,
['T27n1545_115:0597a14_18']	何故此後論言。	何故此後論言。	why does the later treatise say:
['T27n1545_115:0597a15_7']	善無尋業感心受耶。	善無尋業感心受耶。	The karma of good without initial thought induces mental feeling?
['T27n1545_115:0597a15_17']	答但言能感心受非身。	答但言能感心受非身。	Answer: It only says it is able to induce mental feeling, not the body.
['T27n1545_115:0597a16_8']	不言唯感心受異熟。	不言唯感心受異熟。	It does not say that it only produces mental feeling as its retribution.
['T27n1545_115:0597a17_1']	非感色心不相應行。	非感色心不相應行。	It does not produce form, mind, or factors not directly associated with mind.
['T27n1545_115:0597a17_6']	復有說者。	復有說者。	There is another explanation.
['T27n1545_115:0597a17_18']	下地亦有不苦不樂受異熟。	下地亦有不苦不樂受異熟。	The lower stages also have the retribution of neither-painful-nor-pleasant feeling.
['T27n1545_115:0597a18_9']	問此中所說當云何通。	問此中所說當云何通。	Question: How should we understand what is said here?
['T27n1545_115:0597a18_12']	如說。	如說。	It is said:
['T27n1545_115:0597a19_4']	云何順不苦不樂受業。	云何順不苦不樂受業。	What is karma that accords with neither-painful-nor-pleasant feeling?
['T27n1545_115:0597a19_11']	謂廣果繫善業。	謂廣果繫善業。	It refers to wholesome karma bound to the Broad Fruit Heaven,
['T27n1545_115:0597a20_1']	及無色界繫善業。	及無色界繫善業。	and wholesome karma bound to the formless realm.
['T27n1545_115:0597a21_2']	答此中但顯順不苦不樂受業異熟最後邊際。	答此中但顯順不苦不樂受業異熟最後邊際。	Answer: Here it only shows the ultimate limit of the retribution that accords with neither-painful-nor-pleasant feeling.
['T27n1545_115:0597a21_13']	謂第四靜慮是有色地邊。	謂第四靜慮是有色地邊。	The fourth meditation is the limit of the form realm,
['T27n1545_115:0597a22_2']	無色界是三界邊。	無色界是三界邊。	and the formless realm is the limit of the three realms.
['T27n1545_115:0597a22_7']	復有說者。	復有說者。	There is another explanation.
['T27n1545_115:0597a23_2']	此中但顯此受異熟不共田器。	此中但顯此受異熟不共田器。	Here it only shows the unique field and vessel for the retribution of this feeling.
['T27n1545_115:0597a23_13']	誰是此受異熟不共田器。	誰是此受異熟不共田器。	Who is the unique field and vessel for the retribution of this feeling?
['T27n1545_115:0597a24_1']	謂第四靜慮。	謂第四靜慮。	It refers to the fourth meditation,
['T27n1545_115:0597a24_6']	及無色界。	及無色界。	and the formless realm.
['T27n1545_115:0597a24_11']	復有說者。	復有說者。	There is another explanation.
['T27n1545_115:0597a25_1']	下地雖有此受異熟。	下地雖有此受異熟。	Although the lower stages have the retribution of this feeling,
['T27n1545_115:0597a25_8']	然為餘受所覆。	然為餘受所覆。	it is covered by other feelings.
['T27n1545_115:0597a25_17']	相不明了不久相續。	相不明了不久相續。	The characteristics are not clear and do not continue for a long time.
['T27n1545_115:0597a26_8']	從廣果上更無餘受。	從廣果上更無餘受。	Above the heaven of great fruit, there is no other feeling.
['T27n1545_115:0597a27_1']	唯有此受明了相續。	唯有此受明了相續。	Only this feeling is clear and continuous.
['T27n1545_115:0597a27_6']	是故偏說。	是故偏說。	Therefore, it is said in a biased way.
['T27n1545_115:0597a28_1']	諸說下地無不苦不樂受異熟者。	諸說下地無不苦不樂受異熟者。	Those who say that the lower realms do not have the ripening of neither-painful-nor-pleasant feeling,
['T27n1545_115:0597a28_14']	彼說欲界下三靜慮阿羅漢等。	彼說欲界下三靜慮阿羅漢等。	They say that in the desire realm and the first three meditations, arhats,
['T27n1545_115:0597a29_3']	住威儀心入涅槃。	住威儀心入涅槃。	Abiding in the mind of deportment, enter nirvana.
['T27n1545_115:0597a29_9']	廣果阿羅漢。	廣果阿羅漢。	The arhats of the heaven of great fruit,
['T27n1545_115:0597b01_2']	住威儀心異熟心入涅槃。	住威儀心異熟心入涅槃。	Abiding in the mind of deportment and the ripening mind, enter nirvana.
['T27n1545_115:0597b01_9']	無色界阿羅漢。	無色界阿羅漢。	The arhats of the formless realm,
['T27n1545_115:0597b01_17']	住異熟心入涅槃。	住異熟心入涅槃。	Abiding in the ripening mind, enter nirvana.
['T27n1545_115:0597b02_13']	諸說下地亦有不苦不樂受異熟者。	諸說下地亦有不苦不樂受異熟者。	Those who say that the lower realms also have the ripening of neither-painful-nor-pleasant feeling,
['T27n1545_115:0597b03_7']	彼說欲界四靜慮阿羅漢等。	彼說欲界四靜慮阿羅漢等。	They say that in the desire realm and the four meditations, arhats,
['T27n1545_115:0597b03_18']	住威儀心異熟心入涅槃。	住威儀心異熟心入涅槃。	Abiding in the mind of deportment and the ripening mind, enter nirvana.
['T27n1545_115:0597b04_6']	無色界阿羅漢。	無色界阿羅漢。	The arhats of the formless realm,
['T27n1545_115:0597b04_14']	住異熟心入涅槃。	住異熟心入涅槃。	Abiding in the ripening mind, enter nirvana.
['T27n1545_115:0597b05_8']	已說前後三業自性。	已說前後三業自性。	The three types of karma before and after have already been explained in terms of their intrinsic natures.
['T27n1545_115:0597b05_17', 'T27n1545_115:0597b06_4']	今當顯示雜無雜相。🔽為前攝後。	今當顯示雜無雜相。 為前攝後。	Now, their mixed and unmixed characteristics will be revealed.🔽Do the former include the latter?
['T27n1545_115:0597b06_9']	後攝前耶。	後攝前耶。	Do the latter include the former?
['T27n1545_115:0597b06_14']	答前攝後。	答前攝後。	The answer is: the former includes the latter,
['T27n1545_115:0597b07_1']	非後攝前。	非後攝前。	but the latter does not include the former.
['T27n1545_115:0597b07_6']	不攝者何。	不攝者何。	What is not included?
['T27n1545_115:0597b07_14']	謂無記業無漏業。	謂無記業無漏業。	It refers to indeterminate karma and pure karma.
['T27n1545_115:0597b08_5']	此中前三業通有記無記。	此中前三業通有記無記。	Among them, the first three karmas are both determinate and indeterminate,
['T27n1545_115:0597b08_12']	後三業唯有記。	後三業唯有記。	while the latter three karmas are only determinate.
['T27n1545_115:0597b09_4']	前三業通有漏無漏業。	前三業通有漏無漏業。	The first three karmas are both contaminated and uncontaminated,
['T27n1545_115:0597b09_11']	後三業唯有漏。	後三業唯有漏。	while the latter three karmas are only contaminated.
['T27n1545_115:0597b10_4']	是故言前攝後非後攝前。	是故言前攝後非後攝前。	Therefore, it is said that the former includes the latter but the latter does not include the former.
['T27n1545_115:0597b10_9']	不攝者何。	不攝者何。	What is not included?
['T27n1545_115:0597b10_18']	謂無記業及無漏業。	謂無記業及無漏業。	It refers to indeterminate karma and pure karma.
['T27n1545_115:0597b11_7']	三業謂身語意業。	三業謂身語意業。	The three karmas refer to bodily, verbal, and mental karmas.
['T27n1545_115:0597b11_12']	復有三業。	復有三業。	There are also three karmas:
['T27n1545_115:0597b12_2']	謂過去未來現在業。	謂過去未來現在業。	past, future, and present karmas.
['T27n1545_115:0597b12_14', 'T27n1545_115:0597b13_1', 'T27n1545_115:0597b13_12']	復有三業謂善不善無記業。🔽復有三業。🔽謂學無學非學非無學業。	復有三業謂善不善無記業。 復有三業。 謂學無學非學非無學業。	There are also three karmas: wholesome, unwholesome, and indeterminate karmas.
['T27n1545_115:0597b13_17']	復有三業。	復有三業。	There are also three karmas:
['T27n1545_115:0597b14_9', 'T27n1545_115:0597b14_14']	謂見所斷修所斷無斷業。🔽為前攝後。	謂見所斷修所斷無斷業。 為前攝後。	those that are to be eliminated by seeing the truths, those to be eliminated by cultivation, and those that are not to be eliminated.🔽Do the former include the latter,
['T27n1545_115:0597b15_1']	後攝前耶。	後攝前耶。	or do the latter include the former?
['T27n1545_115:0597b15_10']	答隨其事展轉相攝。	答隨其事展轉相攝。	The answer is: they mutually include each other according to the matter.
['T27n1545_115:0597b15_15']	所以者何。	所以者何。	Why is it so?
['T27n1545_115:0597b16_4']	以身語意業自性。	以身語意業自性。	The nature of the three karmas of body, speech, and mind.
['T27n1545_115:0597b16_14']	或過去或未來或現在。	或過去或未來或現在。	Either past, future, or present.
['T27n1545_115:0597b17_4']	或善或不善或無記。	或善或不善或無記。	Either wholesome, unwholesome, or indeterminate.
['T27n1545_115:0597b17_16']	或學或無學或非學非無學。	或學或無學或非學非無學。	Either training, post-training, or neither training nor post-training.
['T27n1545_115:0597b18_9']	或見所斷或修所斷或無斷。	或見所斷或修所斷或無斷。	Either eliminated by seeing the truths, eliminated by cultivation, or not eliminated.
['T27n1545_115:0597b19_1']	故言隨其事展轉相攝。	故言隨其事展轉相攝。	Therefore it is said that they mutually include each other according to their respective categories.
['T27n1545_115:0597b20_7']	三業謂身語意業。	三業謂身語意業。	The three karmas are the karmas of body, speech, and mind.
['T27n1545_115:0597b20_12']	復有三業。	復有三業。	There are also three karmas.
['T27n1545_115:0597b21_2', 'T27n1545_115:0597b21_7']	謂欲色無色界繫業。🔽為前攝後。	謂欲色無色界繫業。 為前攝後。	They are the karmas bound to the desire realm, form realm, and formless realm.🔽Do the former include the latter?
['T27n1545_115:0597b21_12']	後攝前耶。	後攝前耶。	Do the latter include the former?
['T27n1545_115:0597b21_17']	答前攝後。	答前攝後。	The answer is: The former include the latter.
['T27n1545_115:0597b22_3']	非後攝前。	非後攝前。	The latter do not include the former.
['T27n1545_115:0597b22_8']	不攝者何。	不攝者何。	What are they that are not included?
['T27n1545_115:0597b22_13']	謂無漏業。	謂無漏業。	They are the pure karmas.
['T27n1545_115:0597b23_5']	此中前三業通有漏無漏。	此中前三業通有漏無漏。	Among them, the first three karmas are both contaminated and uncontaminated.
['T27n1545_115:0597b23_12']	後三業唯有漏。	後三業唯有漏。	The latter three karmas are only contaminated.
['T27n1545_115:0597b24_5']	是故言前攝後非後攝前。	是故言前攝後非後攝前。	Therefore it is said that the former include the latter but the latter do not include the former.
['T27n1545_115:0597b24_10']	不攝者何。	不攝者何。	What are they that are not included?
['T27n1545_115:0597b24_15']	謂無漏業。	謂無漏業。	They are the pure karmas.
['T27n1545_115:0597b25_5']	四業如前說。	四業如前說。	The four karmas are as explained above.
['T27n1545_115:0597b25_15']	三業謂順現法受等業。	三業謂順現法受等業。	The three karmas are the karmas that produce results in the present life, etc.
['T27n1545_115:0597b26_1']	為四攝三。	為四攝三。	Do the four include the three?
['T27n1545_115:0597b26_6']	三攝四耶。	三攝四耶。	Do the four subsume the three?
['T27n1545_115:0597b26_12']	答應作四句。	答應作四句。	The answer is that four alternatives should be made.
['T27n1545_115:0597b26_17', 'T27n1545_115:0597b27_6']	有四非三。🔽謂能斷諸業學思。	有四非三。 謂能斷諸業學思。	There are four that are not three.
['T27n1545_115:0597b27_16']	欲界繫善不善不定業。	欲界繫善不善不定業。	Namely, the wholesome volition that can sever all karmic actions and the wholesome and indeterminate karmic actions bound to the desire realm,
['T27n1545_115:0597b28_5']	色界繫善不定業。	色界繫善不定業。	and the wholesome indeterminate karmic actions bound to the form realm.
['T27n1545_115:0597b28_10']	有三非四。	有三非四。	There are three that are not four.
['T27n1545_115:0597b29_2']	謂無色界繫善決定業。	謂無色界繫善決定業。	Namely, the wholesome definite karmic actions bound to the formless realm.
['T27n1545_115:0597b29_7']	有四亦三。	有四亦三。	There are four that are also three.
['T27n1545_115:0597b29_18']	謂欲界繫善不善決定業。	謂欲界繫善不善決定業。	Namely, the wholesome and unwholesome definite karmic actions bound to the desire realm,
['T27n1545_115:0597c01_7']	及色界繫善決定業。	及色界繫善決定業。	and the wholesome definite karmic actions bound to the form realm.
['T27n1545_115:0597c01_13']	有非四非三。	有非四非三。	There are those that are neither four nor three.
['T27n1545_115:0597c02_4']	謂除能斷諸業學思。	謂除能斷諸業學思。	Namely, excluding the wholesome volition that can sever all karmic actions,
['T27n1545_115:0597c02_9']	餘無漏業。	餘無漏業。	the remaining uncontaminated karmic actions,
['T27n1545_115:0597c02_18']	無色界繫善不定業。	無色界繫善不定業。	the wholesome indeterminate karmic actions bound to the formless realm,
['T27n1545_115:0597c03_3']	及無記業。	及無記業。	and the indeterminate karmic actions.
['T27n1545_115:0597c03_9']	四業如前說。	四業如前說。	The four karmic actions are as explained above.
['T27n1545_115:0597c03_18', 'T27n1545_115:0597c04_4']	三業謂順樂受等業。🔽為四攝三。	三業謂順樂受等業。 為四攝三。	The three karmic actions refer to karmic actions that accord with pleasant feeling, etc.🔽Do the four subsume the three?
['T27n1545_115:0597c04_9']	三攝四耶。	三攝四耶。	Do the three subsume the four?
['T27n1545_115:0597c04_15']	答應作四句。	答應作四句。	The answer is that four alternatives should be made.
['T27n1545_115:0597c05_2']	有四非三。	有四非三。	There are four that are not three.
['T27n1545_115:0597c05_10']	謂能斷諸業學思。	謂能斷諸業學思。	Namely, the wholesome volition that can sever all karmic actions,
['T27n1545_115:0597c05_15']	有三非四。	有三非四。	There are three that are not four.
['T27n1545_115:0597c06_4']	謂無色界繫善業。	謂無色界繫善業。	Namely, the wholesome karmic actions bound to the formless realm.
['T27n1545_115:0597c06_9']	有四亦三。	有四亦三。	There are four and also three.
['T27n1545_115:0597c06_18']	謂欲界繫善不善業。	謂欲界繫善不善業。	That is, wholesome and unwholesome karma bound to the desire realm.
['T27n1545_115:0597c07_4']	色界繫善業。	色界繫善業。	Wholesome karma bound to the form realm.
['T27n1545_115:0597c07_10']	有非四非三。	有非四非三。	There is that which is neither four nor three.
['T27n1545_115:0597c08_1']	謂除能斷諸業學思。	謂除能斷諸業學思。	That is, excluding the volition of learners that can sever all karma.
['T27n1545_115:0597c08_6']	餘無漏業。	餘無漏業。	The rest of uncontaminated karma.
['T27n1545_115:0597c08_11']	及無記業。	及無記業。	And indeterminate karma.
['T27n1545_115:0597c09_5']	四業如前說。	四業如前說。	The four karmas are as explained above.
['T27n1545_115:0597c09_13']	三業謂過去等業。	三業謂過去等業。	The three karmas are karma of the past, etc.
['T27n1545_115:0597c09_18']	復有三業。	復有三業。	There are also three karmas.
['T27n1545_115:0597c10_4']	謂善等業。	謂善等業。	That is, wholesome, etc. karma.
['T27n1545_115:0597c10_9']	復有三業。	復有三業。	There are also three karmas.
['T27n1545_115:0597c10_14']	謂學等業。	謂學等業。	That is, learner, etc. karma.
['T27n1545_115:0597c10_19']	復有三業。	復有三業。	There are also three karmas.
['T27n1545_115:0597c11_6', 'T27n1545_115:0597c11_11']	謂見所斷等業。🔽為四攝三。	謂見所斷等業。 為四攝三。	That is, karma to be eliminated by seeing, etc.🔽Do the four include the three?
['T27n1545_115:0597c11_16']	三攝四耶。	三攝四耶。	Do the three include the four?
['T27n1545_115:0597c12_2']	答三攝四。	答三攝四。	The answer is: The three include the four,
['T27n1545_115:0597c12_7']	非四攝三。	非四攝三。	but the four do not include the three.
['T27n1545_115:0597c12_12']	不攝者何。	不攝者何。	What is not included?
['T27n1545_115:0597c13_3']	謂除能斷諸業學思。	謂除能斷諸業學思。	That is, excluding the volition of learners that can sever all karma.
['T27n1545_115:0597c13_8']	餘無漏業。	餘無漏業。	The rest of uncontaminated karma.
['T27n1545_115:0597c13_15']	無色界繫善業。	無色界繫善業。	Wholesome karma bound to the formless realm.
['T27n1545_115:0597c14_1']	及無記業。	及無記業。	And indeterminate karma.
['T27n1545_115:0597c15_5']	四業如前說。	四業如前說。	The four karmas are as explained above.
['T27n1545_115:0597c15_14', 'T27n1545_115:0597c16_1']	三業謂欲界繫等業。🔽為四攝三。	三業謂欲界繫等業。 為四攝三。	The three karmas are karma bound to the desire realm, etc.🔽Do the four include the three?
['T27n1545_115:0597c16_6']	三攝四耶。	三攝四耶。	Do the three include the four?
['T27n1545_115:0597c16_12']	答應作四句。	答應作四句。	The answer is that there are four possibilities.
['T27n1545_115:0597c16_17']	有四非三。	有四非三。	There are four that are not three.
['T27n1545_115:0597c17_6']	謂能斷諸業學思。	謂能斷諸業學思。	Namely, the wholesome volition that can sever all karmic actions and the volition of learners.
['T27n1545_115:0597c17_11']	有三非四。	有三非四。	There are three that are not four.
['T27n1545_115:0597c18_1']	謂無色界繫善業。	謂無色界繫善業。	Namely, the wholesome karmic actions bound to the formless realm.
['T27n1545_115:0597c18_7']	一切無記業。	一切無記業。	All indeterminate karmic actions.
['T27n1545_115:0597c18_12']	有四亦三。	有四亦三。	There are four that are also three.
['T27n1545_115:0597c19_2']	謂欲界繫善不善業。	謂欲界繫善不善業。	Namely, the wholesome and unwholesome karmic actions bound to the desire realm.
['T27n1545_115:0597c19_8']	色界繫善業。	色界繫善業。	The wholesome karmic actions bound to the form realm.
['T27n1545_115:0597c19_14']	有非四非三。	有非四非三。	There are those that are neither four nor three.
['T27n1545_115:0597c20_4']	謂除能斷諸業學思。	謂除能斷諸業學思。	Namely, excluding the wholesome volition that can sever all karmic actions and the volition of learners.
['T27n1545_115:0597c20_9']	餘無漏業。	餘無漏業。	The remaining uncontaminated karmic actions.
['T27n1545_115:0597c20_19']	三業謂順現法受等業。	三業謂順現法受等業。	The three karmic actions refer to karmic actions that result in retribution in the present life, etc.
['T27n1545_115:0597c21_4']	復有三業。	復有三業。	There are also three karmic actions.
['T27n1545_115:0597c21_11', 'T27n1545_115:0597c21_16']	謂順樂受等業。🔽為前攝後。	謂順樂受等業。 為前攝後。	Namely, karmic actions that result in pleasant feelings, etc.🔽Do the former include the latter?
['T27n1545_115:0597c22_2']	後攝前耶。	後攝前耶。	Do the latter include the former?
['T27n1545_115:0597c22_7']	答後攝前。	答後攝前。	The answer is that the latter include the former.
['T27n1545_115:0597c22_12']	非前攝後。	非前攝後。	The former do not include the latter.
['T27n1545_115:0597c22_17']	不攝者何。	不攝者何。	What is not included?
['T27n1545_115:0597c23_2']	謂不定業。	謂不定業。	Namely, indeterminate karmic actions.
['T27n1545_115:0597c23_11']	此中前三唯攝定業。	此中前三唯攝定業。	Among them, the first three only include determinate karmic actions.
['T27n1545_115:0597c24_2']	後三通攝定不定業。	後三通攝定不定業。	The latter three include both determinate and indeterminate karmic actions.
['T27n1545_115:0597c24_13']	是故言後攝前非前攝後。	是故言後攝前非前攝後。	Therefore, it is said that the latter include the former, but the former do not include the latter.
['T27n1545_115:0597c24_18']	不攝者何。	不攝者何。	What is not included?
['T27n1545_115:0597c25_4']	謂不定業。	謂不定業。	Namely, indeterminate karmic actions.
['T27n1545_115:0597c26_9']	三業謂順現法受等業。	三業謂順現法受等業。	The three types of karma refer to karma that produces results in the present life, etc.
['T27n1545_115:0597c26_14']	復有三業。	復有三業。	There are also three types of karma:
['T27n1545_115:0597c27_1']	謂過去等業。	謂過去等業。	Karma of the past, etc.
['T27n1545_115:0597c27_6']	復有三業。	復有三業。	There are also three types of karma:
['T27n1545_115:0597c27_11']	謂善等業。	謂善等業。	Wholesome, etc., karma.
['T27n1545_115:0597c27_16']	復有三業。	復有三業。	There are also three types of karma:
['T27n1545_115:0597c28_1']	謂學等業。	謂學等業。	Karma of the learners, etc.
['T27n1545_115:0597c28_6']	復有三業。	復有三業。	There are also three types of karma:
['T27n1545_115:0597c28_13', 'T27n1545_115:0597c28_18']	謂見所斷等業。🔽為前攝後。	謂見所斷等業。 為前攝後。	Karma to be eliminated by the path of seeing, etc.
['T27n1545_115:0597c29_3']	後攝前耶。	後攝前耶。	Do the former include the latter, or do the latter include the former?
['T27n1545_115:0597c29_8']	答後攝前。	答後攝前。	The answer is: The latter include the former,
['T27n1545_115:0597c29_13']	非前攝後。	非前攝後。	but the former do not include the latter.
['T27n1545_115:0597c29_18', 'T27n1545_115:0598a01_3']	不攝者何。🔽謂不定業。	不攝者何。 謂不定業。	What is not included?🔽Indeterminate karma,
['T27n1545_115:0598a01_7']	無記業。	無記業。	indeterminate karma,
['T27n1545_115:0598a01_11']	無漏業。	無漏業。	and uncontaminated karma.
['T27n1545_115:0598a01_17']	此中前三業。	此中前三業。	Among these, the first three types of karma
['T27n1545_115:0598a02_8']	唯攝定唯有記唯有漏業。	唯攝定唯有記唯有漏業。	only include determinate, have only been taught, and have only been taught to have outflows.
['T27n1545_115:0598a02_13', 'T27n1545_115:0598a03_2']	後諸三業。🔽通攝定不定。	後諸三業。 通攝定不定。	The latter various types of karma🔽include both determinate and indeterminate,
['T27n1545_115:0598a03_7']	有記無記。	有記無記。	have both been taught and have not been taught,
['T27n1545_115:0598a03_13']	有漏無漏業。	有漏無漏業。	and have both outflows and no outflows.
['T27n1545_115:0598a04_5']	是故言後攝前非前攝後不。	是故言後攝前非前攝後不。	Therefore, it is said that the latter include the former, but the former do not include the latter.
['T27n1545_115:0598a04_9', 'T27n1545_115:0598a04_14']	攝者何。🔽謂不定業。	攝者何。 謂不定業。	What is included?🔽Indeterminate karma,
['T27n1545_115:0598a05_2']	無記業無漏業。	無記業無漏業。	indeterminate karma, and uncontaminated karma.
['T27n1545_115:0598a06_9']	三業謂順現法受等業。	三業謂順現法受等業。	The three types of karma refer to karma that produces results in the present life, etc.
['T27n1545_115:0598a06_14']	復有三業。	復有三業。	There are also three kinds of karma.
['T27n1545_115:0598a07_6']	謂欲界繫等業為前攝後。	謂欲界繫等業為前攝後。	Namely, karma bound to the desire realm, etc. Does the former include the latter?
['T27n1545_115:0598a07_11']	後攝前耶。	後攝前耶。	Do the latter include the former?
['T27n1545_115:0598a07_16']	答後攝前。	答後攝前。	The answer is: The latter include the former.
['T27n1545_115:0598a08_3']	非前攝後。	非前攝後。	The former do not include the latter.
['T27n1545_115:0598a08_8']	不攝者何。	不攝者何。	What is not included?
['T27n1545_115:0598a08_13']	謂不定業。	謂不定業。	Namely, indeterminate karma.
['T27n1545_115:0598a08_17', 'T27n1545_115:0598a09_10']	無記業。🔽此中前三業唯攝定唯有記業。	無記業。 此中前三業唯攝定唯有記業。	Neutral karma.🔽Among them, the first three karmas only include determinate and neutral karma.
['T27n1545_115:0598a10_1']	後三通攝定不定。	後三通攝定不定。	The latter three karmas include both determinate and indeterminate,
['T27n1545_115:0598a10_7']	有記無記業。	有記無記業。	and both wholesome and neutral karma.
['T27n1545_115:0598a10_14']	是故言後攝前。	是故言後攝前。	Therefore, it is said that the latter include the former.
['T27n1545_115:0598a10_19']	非前攝後。	非前攝後。	The former do not include the latter.
['T27n1545_115:0598a11_4']	不攝者何。	不攝者何。	What is not included?
['T27n1545_115:0598a11_9']	謂不定業。	謂不定業。	Namely, indeterminate karma.
['T27n1545_115:0598a11_13']	無記業。	無記業。	Neutral karma.
['T27n1545_115:0598a12_8']	三業謂順樂受等業。	三業謂順樂受等業。	The three karmas are karma that accords with pleasant feeling, etc.
['T27n1545_115:0598a12_13']	復有三業。	復有三業。	There are also three kinds of karma.
['T27n1545_115:0598a12_19']	謂過去等業。	謂過去等業。	Namely, past karma, etc.
['T27n1545_115:0598a13_4']	復有三業。	復有三業。	There are also three kinds of karma.
['T27n1545_115:0598a13_9']	謂善等業。	謂善等業。	Namely, wholesome karma, etc.
['T27n1545_115:0598a13_14']	復有三業。	復有三業。	There are also three kinds of karma.
['T27n1545_115:0598a13_19']	謂學等業。	謂學等業。	Namely, learner's karma, etc.
['T27n1545_115:0598a14_4']	復有三業。	復有三業。	There are also three kinds of karma.
['T27n1545_115:0598a14_11', 'T27n1545_115:0598a14_16']	謂見所斷等業。🔽為前攝後。	謂見所斷等業。 為前攝後。	Namely, karma to be eliminated by seeing the truths, etc.🔽Do the former include the latter?
['T27n1545_115:0598a15_2']	後攝前耶。	後攝前耶。	Do the latter include the former?
['T27n1545_115:0598a15_7']	答後攝前。	答後攝前。	The answer is: The latter include the former.
['T27n1545_115:0598a15_12']	非前攝後。	非前攝後。	The former do not include the latter.
['T27n1545_115:0598a15_17', 'T27n1545_115:0598a16_3']	不攝者何。🔽謂無記業。	不攝者何。 謂無記業。	What is not included?🔽It refers to indeterminate karma.
['T27n1545_115:0598a16_7']	無漏業。	無漏業。	And pure karma.
['T27n1545_115:0598a16_13']	此中前三業。	此中前三業。	Among these, the first three types of karma
['T27n1545_115:0598a17_1']	唯有記唯有漏。	唯有記唯有漏。	only have retribution and are only contaminated.
['T27n1545_115:0598a17_6', 'T27n1545_115:0598a17_12']	後諸三業。🔽通有記無記。	後諸三業。 通有記無記。	The latter three types of karma🔽are both with and without retribution.
['T27n1545_115:0598a17_17']	有漏無漏。	有漏無漏。	They are both contaminated and uncontaminated.
['T27n1545_115:0598a18_4']	是故言後攝前。	是故言後攝前。	Therefore, it is said that the latter includes the former,
['T27n1545_115:0598a18_9']	非前攝後。	非前攝後。	but the former does not include the latter.
['T27n1545_115:0598a18_14', 'T27n1545_115:0598a18_19']	不攝者何。🔽謂無記業。	不攝者何。 謂無記業。	What is not included?🔽It refers to indeterminate karma.
['T27n1545_115:0598a19_3']	無漏業。	無漏業。	And pure karma.
['T27n1545_115:0598a20_3']	問何故無記及無漏業不感樂受等異熟耶。	問何故無記及無漏業不感樂受等異熟耶。	Why do indeterminate and pure karma not produce the ripening of pleasant feelings, etc.?
['T27n1545_115:0598a20_17']	答諸無記業自性羸劣勢不堅住。	答諸無記業自性羸劣勢不堅住。	The answer is: Indeterminate karma is by nature weak and unstable,
['T27n1545_115:0598a21_3']	故無異熟。	故無異熟。	therefore it has no ripening.
['T27n1545_115:0598a21_12']	諸無漏業離諸煩惱。	諸無漏業離諸煩惱。	Pure karma is free from afflictions,
['T27n1545_115:0598a21_17']	非三界繫。	非三界繫。	and is not bound to the three realms,
['T27n1545_115:0598a22_3']	故無異熟。	故無異熟。	therefore it has no ripening.
['T27n1545_115:0598a22_8']	所以者何。	所以者何。	Why is this so?
['T27n1545_115:0598a22_17']	若所起業自性堅強。	若所起業自性堅強。	If the karma that is produced is by nature strong and firm,
['T27n1545_115:0598a23_8']	煩惱所繫者能感異熟。	煩惱所繫者能感異熟。	and is bound by afflictions, it can produce ripening.
['T27n1545_115:0598a23_17']	譬如外種若體堅實。	譬如外種若體堅實。	It is like external seeds: if their substance is firm and solid,
['T27n1545_115:0598a24_8']	有水所潤糞土所覆。	有水所潤糞土所覆。	if they are moistened by water and covered by manure and soil,
['T27n1545_115:0598a24_13']	乃能生芽。	乃能生芽。	only then can they produce sprouts.
['T27n1545_115:0598a24_18']	若不堅實。	若不堅實。	If it is not solid,
['T27n1545_115:0598a25_12']	雖有水潤糞土所覆不能生芽。	雖有水潤糞土所覆不能生芽。	even if moistened by water and covered by manure and soil, it cannot sprout.
['T27n1545_115:0598a26_12']	若雖堅實無水所潤糞土所覆亦不生芽。	若雖堅實無水所潤糞土所覆亦不生芽。	Even if it is solid but not moistened by water and covered by manure and soil, it still cannot sprout.
['T27n1545_115:0598a26_17']	內業亦爾。	內業亦爾。	Internal karma is also like this.
['T27n1545_115:0598a27_16']	若體堅強愛水所潤餘煩惱覆能感異熟。	若體堅強愛水所潤餘煩惱覆能感異熟。	If the substance is strong and moistened by the water of craving, and covered by other afflictions, it can produce retribution.
['T27n1545_115:0598a28_11']	諸無記業雖愛水潤餘煩惱覆。	諸無記業雖愛水潤餘煩惱覆。	Although unwholesome karma is moistened by the water of craving and covered by other afflictions,
['T27n1545_115:0598a29_3']	而性劣不堅不感異熟。	而性劣不堅不感異熟。	its nature is inferior and not strong, and it does not produce retribution.
['T27n1545_115:0598a29_12']	諸無漏業雖體堅強。	諸無漏業雖體堅強。	Although pure karma has a strong substance,
['T27n1545_115:0598b01_7']	無愛水潤餘煩惱覆不感異熟。	無愛水潤餘煩惱覆不感異熟。	it is not moistened by the water of craving and covered by other afflictions, and it does not produce retribution.
['T27n1545_115:0598b02_7']	諸不善業有漏善業具足二義能感異熟。	諸不善業有漏善業具足二義能感異熟。	Unwholesome karma and contaminated wholesome karma, having both meanings, can produce retribution.
['T27n1545_115:0598b02_16']	是故無記及無漏業。	是故無記及無漏業。	Therefore, indeterminate karma and pure karma
['T27n1545_115:0598b03_3']	非前所攝。	非前所攝。	are not included in the previous two categories.
['T27n1545_115:0598b04_8']	三業謂順樂受等業。	三業謂順樂受等業。	The three kinds of karma are karma that accords with pleasant feeling, etc.
['T27n1545_115:0598b04_13']	復有三業。	復有三業。	There are also three kinds of karma,
['T27n1545_115:0598b05_1', 'T27n1545_115:0598b05_6']	謂欲界繫等業。🔽為前攝後。	謂欲界繫等業。 為前攝後。	namely karma bound to the desire realm, etc.🔽Are the former included in the latter?
['T27n1545_115:0598b05_11']	後攝前耶。	後攝前耶。	Are the latter included in the former?
['T27n1545_115:0598b06_2']	答後攝前非前攝後。	答後攝前非前攝後。	The answer is: the latter are included in the former, but the former are not included in the latter.
['T27n1545_115:0598b06_7']	不攝者何。	不攝者何。	What is not included?
['T27n1545_115:0598b06_12']	謂無記業。	謂無記業。	It refers to indeterminate karma.
['T27n1545_115:0598b07_2']	此中前三業唯有記。	此中前三業唯有記。	Among them, the first three types of karma are only determinate.
['T27n1545_115:0598b07_10']	後三通有記無記。	後三通有記無記。	The latter three are both determinate and indeterminate.
['T27n1545_115:0598b08_3']	是故言後攝前非前攝後。	是故言後攝前非前攝後。	Therefore, it is said that the latter includes the former, but the former does not include the latter.
['T27n1545_115:0598b08_8']	不攝者何。	不攝者何。	What is not included?
['T27n1545_115:0598b08_13']	謂無記業。	謂無記業。	It refers to indeterminate karma.
['T27n1545_115:0598b09_8']	三業謂諸過去等業。	三業謂諸過去等業。	The three types of karma refer to past, etc., karma.
['T27n1545_115:0598b09_13']	復有三業。	復有三業。	There are also three types of karma,
['T27n1545_115:0598b09_18', 'T27n1545_115:0598b10_4', 'T27n1545_115:0598b10_9']	謂善等業。🔽復有三業。🔽謂學等業。	謂善等業。 復有三業。 謂學等業。	namely, wholesome, etc., karma.
['T27n1545_115:0598b10_14']	復有三業。	復有三業。	There are also three types of karma,
['T27n1545_115:0598b11_2', 'T27n1545_115:0598b11_7']	謂見所斷等業。🔽為前攝後。	謂見所斷等業。 為前攝後。	namely, karma to be eliminated by the path of seeing, etc.
['T27n1545_115:0598b11_12']	後攝前耶。	後攝前耶。	Do the former include the latter, or do the latter include the former?
['T27n1545_115:0598b12_3']	答隨其事展轉相攝。	答隨其事展轉相攝。	The answer is: they mutually include each other according to the matter.
['T27n1545_115:0598b12_10']	義異體不異故。	義異體不異故。	Because the meaning is different, but the substance is not different.
['T27n1545_115:0598b12_18']	三業謂過去等業。	三業謂過去等業。	The three types of karma refer to past, etc., karma.
['T27n1545_115:0598b13_9']	復有三業謂欲界繫等業。	復有三業謂欲界繫等業。	There are also three types of karma, namely, karma bound to the desire realm, etc.
['T27n1545_115:0598b14_1']	為前攝後後攝前耶。	為前攝後後攝前耶。	Do the former include the latter, or do the latter include the former?
['T27n1545_115:0598b14_6']	答前攝後。	答前攝後。	The answer is: the former include the latter,
['T27n1545_115:0598b14_11']	非後攝前。	非後攝前。	but the latter do not include the former.
['T27n1545_115:0598b14_16']	不攝者何。	不攝者何。	What is not included?
['T27n1545_115:0598b15_1']	謂無漏業。	謂無漏業。	It refers to uncontaminated karma.
['T27n1545_115:0598b15_12']	此中前三業通有漏無漏。	此中前三業通有漏無漏。	Among them, the first three types of karma are both contaminated and uncontaminated.
['T27n1545_115:0598b15_18']	後三唯有漏。	後三唯有漏。	The latter three are only contaminated.
['T27n1545_115:0598b16_10']	是故言前攝後非後攝前。	是故言前攝後非後攝前。	Therefore, it is said that the former includes the latter but the latter does not include the former.
['T27n1545_115:0598b16_15']	不攝者何。	不攝者何。	What is not included?
['T27n1545_115:0598b17_2']	謂無漏業。	謂無漏業。	It refers to uncontaminated karma.
['T27n1545_115:0598b18_6']	三業謂善等業。	三業謂善等業。	The three types of karma refer to wholesome and other types of karma.
['T27n1545_115:0598b18_11']	復有三業。	復有三業。	There are also three types of karma.
['T27n1545_115:0598b18_18', 'T27n1545_115:0598b19_4']	謂欲界繫等業。🔽為前攝後。	謂欲界繫等業。 為前攝後。	They are karma bound to the desire realm and other types of karma.🔽Do the former include the latter?
['T27n1545_115:0598b19_9']	後攝前耶。	後攝前耶。	Do the latter include the former?
['T27n1545_115:0598b20_1']	答前攝後非後攝前。	答前攝後非後攝前。	The answer is: the former includes the latter but the latter does not include the former.
['T27n1545_115:0598b20_6']	不攝者何。	不攝者何。	What is not included?
['T27n1545_115:0598b20_11']	謂無漏業。	謂無漏業。	It refers to uncontaminated karma.
['T27n1545_115:0598b21_3']	此中前三業通有漏無漏。	此中前三業通有漏無漏。	Among them, the first three types of karma are both contaminated and uncontaminated.
['T27n1545_115:0598b21_10']	後三業唯有漏。	後三業唯有漏。	The latter three types of karma are only contaminated.
['T27n1545_115:0598b22_3']	是故言前攝後非後攝前。	是故言前攝後非後攝前。	Therefore, it is said that the former includes the latter but the latter does not include the former.
['T27n1545_115:0598b22_8']	不攝者何。	不攝者何。	What is not included?
['T27n1545_115:0598b22_13']	謂無漏業。	謂無漏業。	It refers to uncontaminated karma.
['T27n1545_115:0598b23_1']	三業謂善等業。	三業謂善等業。	The three types of karma refer to wholesome and other types of karma.
['T27n1545_115:0598b23_6']	復有三業。	復有三業。	There are also three types of karma.
['T27n1545_115:0598b23_11']	謂學等業。	謂學等業。	They are karma of the learner and other types of karma.
['T27n1545_115:0598b23_16']	復有三業。	復有三業。	There are also three types of karma.
['T27n1545_115:0598b24_3', 'T27n1545_115:0598b24_8']	謂見所斷等業。🔽為前攝後。	謂見所斷等業。 為前攝後。	They are karma to be eliminated by the path of seeing and other types of karma.🔽Do the former include the latter?
['T27n1545_115:0598b24_13']	後攝前耶。	後攝前耶。	Do the latter include the former?
['T27n1545_115:0598b25_3']	答隨其事展轉相攝。	答隨其事展轉相攝。	The answer is: they mutually include each other according to the matter.
['T27n1545_115:0598b25_10']	義異體不異故。	義異體不異故。	Because the meaning is different but the substance is not different.
['T27n1545_115:0598b25_19']	三業謂欲界繫等業。	三業謂欲界繫等業。	The three types of karma refer to karma bound to the desire realm, etc.
['T27n1545_115:0598b26_4']	復有三業。	復有三業。	There are also three types of karma:
['T27n1545_115:0598b26_9']	謂學等業。	謂學等業。	That is, karma of the learner, etc.
['T27n1545_115:0598b26_14']	復有三業。	復有三業。	There are also three types of karma:
['T27n1545_115:0598b27_2', 'T27n1545_115:0598b27_7']	謂見所斷等業。🔽為前攝後。	謂見所斷等業。 為前攝後。	That is, karma to be eliminated by the path of seeing, etc.
['T27n1545_115:0598b27_12']	後攝前耶。	後攝前耶。	Do the former include the latter, or do the latter include the former?
['T27n1545_115:0598b28_2']	答後攝前非前攝後。	答後攝前非前攝後。	The answer is: The latter include the former, but the former do not include the latter.
['T27n1545_115:0598b28_7']	不攝者何。	不攝者何。	What is not included?
['T27n1545_115:0598b28_12']	謂無漏業。	謂無漏業。	That is, pure karma.
['T27n1545_115:0598b29_2']	此中前三業唯有漏。	此中前三業唯有漏。	Among them, the first three types of karma are only contaminated.
['T27n1545_115:0598b29_11']	後三業通有漏無漏。	後三業通有漏無漏。	The latter three types of karma are both contaminated and uncontaminated.
['T27n1545_115:0598c01_4']	是故言後攝前非前攝後。	是故言後攝前非前攝後。	Therefore, it is said that the latter include the former, but the former do not include the latter.
['T27n1545_115:0598c01_9']	不攝者何。	不攝者何。	What is not included?
['T27n1545_115:0598c01_14']	謂無漏業。	謂無漏業。	That is, pure karma.
['T27n1545_115:0598c02_2']	三業謂學等業。	三業謂學等業。	The three types of karma refer to karma of the learner, etc.
['T27n1545_115:0598c02_7']	復有三業。	復有三業。	There are also three types of karma:
['T27n1545_115:0598c02_14', 'T27n1545_115:0598c02_19']	謂見所斷等業。🔽為前攝後。	謂見所斷等業。 為前攝後。	That is, karma to be eliminated by the path of seeing, etc.
['T27n1545_115:0598c03_4']	後攝前耶。	後攝前耶。	Do the former include the latter, or do the latter include the former?
['T27n1545_115:0598c03_16']	答隨其事展轉相攝如前釋。	答隨其事展轉相攝如前釋。	The answer is: They mutually include each other according to the situation, as explained before.
['T27n1545_115:0598c04_8']	頗有業感身受非心耶。	頗有業感身受非心耶。	Is there any karma that produces bodily feeling but not mental feeling?
['T27n1545_115:0598c04_11', 'T27n1545_115:0598c04_16']	答有。🔽謂不善業。	答有。 謂不善業。	The answer is: There is.🔽That is, unwholesome karma.
['T27n1545_115:0598c05_10']	謂以不善業唯感苦根異熟故。	謂以不善業唯感苦根異熟故。	That is, because unwholesome karma only produces the ripening of the faculty of suffering.
['T27n1545_115:0598c06_5']	問何故不善業不感心受耶。	問何故不善業不感心受耶。	Question: Why do unwholesome actions not produce mental feelings?
['T27n1545_115:0598c06_11']	答彼類心受。	答彼類心受。	Answer: The type of mental feeling
['T27n1545_115:0598c07_9']	所謂憂根而憂根非異熟故不感心受。	所謂憂根而憂根非異熟故不感心受。	referred to as the faculty of sorrow. But since the faculty of sorrow is not a ripening, it does not produce mental feelings.
['T27n1545_115:0598c08_2']	問何故憂根非異熟耶。	問何故憂根非異熟耶。	Question: Why is the faculty of sorrow not a ripening?
['T27n1545_115:0598c08_10']	答憂根作意生故。	答憂根作意生故。	Answer: Because the faculty of sorrow arises from attention.
['T27n1545_115:0598c08_15']	分別強故。	分別強故。	Because it is strongly discriminated.
['T27n1545_115:0598c09_1']	離欲捨故。	離欲捨故。	Because it is abandoned upon separation from desire.
['T27n1545_115:0598c09_6']	異熟不爾。	異熟不爾。	Ripening is not like this.
['T27n1545_115:0598c10_9']	頗有業感心受非身耶。	頗有業感心受非身耶。	Is there any action that produces mental feelings but not bodily feelings?
['T27n1545_115:0598c10_12']	答有。	答有。	Answer: There is.
['T27n1545_115:0598c10_18']	謂善無尋業。	謂善無尋業。	Namely, wholesome action without initial mental application.
['T27n1545_115:0598c12_1']	此中諸有欲令下地無不苦不樂受異熟果者。	此中諸有欲令下地無不苦不樂受異熟果者。	Here, those who wish to have the ripening of neither-unpleasant-nor-pleasant feeling in the lower stages,
['T27n1545_115:0598c12_13', 'T27n1545_115:0598c13_2']	此善無尋業所感心受異熟。🔽謂第二靜慮喜根。	此善無尋業所感心受異熟。 謂第二靜慮喜根。	the mental feeling produced by this wholesome action without initial mental application is the ripening.🔽Namely, the faculty of joy in the second meditative absorption.
['T27n1545_115:0598c13_9']	第三靜慮樂根。	第三靜慮樂根。	The faculty of pleasure in the third meditative absorption.
['T27n1545_115:0598c13_14']	第四靜慮。	第四靜慮。	The fourth meditative absorption.
['T27n1545_115:0598c14_1']	及無色界捨根。	及無色界捨根。	And the faculty of equanimity in the formless realm.
['T27n1545_115:0598c14_4']	有說。	有說。	Some say:
['T27n1545_115:0598c14_16']	亦感初靜慮喜根同一地故。	亦感初靜慮喜根同一地故。	It also produces the faculty of joy in the first meditative absorption, because they are in the same stage.
['T27n1545_115:0598c15_5']	而不感三識相應。	而不感三識相應。	But it does not produce the faculty of pleasure associated with the three consciousnesses.
['T27n1545_115:0598c15_14']	樂根以此業微細故。	樂根以此業微細故。	Because this action is subtle.
['T27n1545_115:0598c16_14']	諸有欲令下地亦有不苦不樂受異熟果者。	諸有欲令下地亦有不苦不樂受異熟果者。	Those who believe that there is also a result of karmic maturation that is neither pleasant nor painful in the lower stages,
['T27n1545_115:0598c17_9', 'T27n1545_115:0598c18_1']	此善無尋業所感心受異熟。🔽謂第二靜慮喜根捨根。	此善無尋業所感心受異熟。 謂第二靜慮喜根捨根。	this wholesome karma without initial mental application produces a feeling as its result.🔽In the second meditative absorption, it is the faculty of pleasure and the faculty of indifference.
['T27n1545_115:0598c18_10']	第三靜慮樂根捨根。	第三靜慮樂根捨根。	In the third meditative absorption, it is the faculty of pleasure and the faculty of indifference.
['T27n1545_115:0598c18_15']	第四靜慮。	第四靜慮。	In the fourth meditative absorption,
['T27n1545_115:0598c19_2']	及無色界捨根。	及無色界捨根。	and in the formless realm, it is the faculty of indifference.
['T27n1545_115:0598c19_5']	有說。	有說。	Some say
['T27n1545_115:0598c19_14']	亦感靜慮中間捨根。	亦感靜慮中間捨根。	it also produces the faculty of indifference in the intermediate meditative absorption.
['T27n1545_115:0598c19_17']	有說。	有說。	Some say
['T27n1545_115:0598c20_13']	亦感初靜慮喜根樂根麁故非此業感。	亦感初靜慮喜根樂根麁故非此業感。	it also produces the faculty of joy and the faculty of pleasure in the first meditative absorption, but because they are coarse, they are not produced by this karma.
['T27n1545_115:0598c21_8']	頗有業感身心受耶。	頗有業感身心受耶。	Can there be karma that produces both bodily and mental feelings?
['T27n1545_115:0598c21_11']	答有。	答有。	The answer is yes.
['T27n1545_115:0598c21_17']	謂善有尋業。	謂善有尋業。	It is wholesome karma with initial mental application.
['T27n1545_115:0598c22_15']	諸有欲令下地無不苦不樂受異熟果者。	諸有欲令下地無不苦不樂受異熟果者。	Those who believe that there is no result of karmic maturation that is neither pleasant nor painful in the lower stages,
['T27n1545_115:0598c23_3']	此善有尋業。	此善有尋業。	this wholesome karma with initial mental application,
['T27n1545_115:0598c23_14']	若在欲界感五識身相應。	若在欲界感五識身相應。	if in the desire realm, produces bodily feelings associated with the five consciousnesses,
['T27n1545_115:0598c24_3']	樂根身受異熟。	樂根身受異熟。	the faculty of pleasure as a bodily feeling as its result.
['T27n1545_115:0598c24_10']	及感意識相應。	及感意識相應。	And it produces mental feelings associated with mental consciousness,
['T27n1545_115:0598c24_17']	喜根心受異熟。	喜根心受異熟。	the faculty of joy as a mental feeling as its result.
['T27n1545_115:0598c25_10']	若在初靜慮感三識身相應。	若在初靜慮感三識身相應。	If in the first meditative absorption, it produces feelings associated with three consciousnesses,
['T27n1545_115:0598c25_17']	樂根身受異熟。	樂根身受異熟。	The faculty of pleasure is the ripening of bodily feeling.
['T27n1545_115:0598c26_6']	及感意識相應。	及感意識相應。	And it produces the ripening of mental feeling associated with the sixth consciousness.
['T27n1545_115:0598c26_13']	喜根心受異熟。	喜根心受異熟。	The faculty of joy is the ripening of mental feeling.
['T27n1545_115:0598c27_13']	諸有欲令下地亦有不苦不樂受異熟果者。	諸有欲令下地亦有不苦不樂受異熟果者。	Those who hold that the lower stages also have the ripening of the feeling of neither pleasure nor pain,
['T27n1545_115:0598c28_1']	此善有尋業。	此善有尋業。	this good karma with initial thought,
['T27n1545_115:0598c28_12']	若在欲界感五識身相應。	若在欲界感五識身相應。	if in the desire realm, produces the ripening of the five consciousnesses.
['T27n1545_115:0598c29_3']	樂根捨根身受異熟。	樂根捨根身受異熟。	The faculty of pleasure and the faculty of indifference are the ripening of bodily feeling.
['T27n1545_115:0598c29_10']	及感意識相應。	及感意識相應。	And it produces the ripening of mental feeling associated with the sixth consciousness.
['T27n1545_115:0599a01_1']	喜根捨根心受異熟。	喜根捨根心受異熟。	The faculty of joy and the faculty of indifference are the ripening of mental feeling.
['T27n1545_115:0599a01_13']	若在初靜慮感三識身相應。	若在初靜慮感三識身相應。	If in the first trance state, it produces the ripening of the three consciousnesses.
['T27n1545_115:0599a02_4']	樂根捨根身受異熟。	樂根捨根身受異熟。	The faculty of pleasure and the faculty of indifference are the ripening of bodily feeling.
['T27n1545_115:0599a02_11']	及感意識相應。	及感意識相應。	And it produces the ripening of mental feeling associated with the sixth consciousness.
['T27n1545_115:0599a03_1']	喜根捨根心受異熟。	喜根捨根心受異熟。	The faculty of joy and the faculty of indifference are the ripening of mental feeling.
['T27n1545_115:0599a03_15']	問何故喜根是異熟果非憂根耶。	問何故喜根是異熟果非憂根耶。	Question: Why is the faculty of joy the ripening result, but not the faculty of sorrow?
['T27n1545_115:0599a04_7']	答喜受行相有麁有細。	答喜受行相有麁有細。	Answer: The mode of activity of the feeling of joy is coarse and subtle.
['T27n1545_115:0599a04_16']	不必恒時作意而起。	不必恒時作意而起。	It does not necessarily arise through attention.
['T27n1545_115:0599a05_7']	不必恒時是強分別。	不必恒時是強分別。	It is not necessarily strong discrimination at all times.
['T27n1545_115:0599a05_16']	微細定中亦得有故。	微細定中亦得有故。	Because it can also exist in subtle concentration.
['T27n1545_115:0599a06_6']	又此喜根非離欲捨。	又此喜根非離欲捨。	Moreover, this faculty of joy is not abandoned by separation from desire.
['T27n1545_115:0599a07_2']	與異熟法不相違故有是異熟。	與異熟法不相違故有是異熟。	Because it is not incompatible with dharmas that are results of retribution, it is a result of retribution.
['T27n1545_115:0599a07_11']	憂根不爾故非異熟。	憂根不爾故非異熟。	The faculty of sorrow is not like this, and therefore it is not a result of retribution.
['T27n1545_115:0599a08_7']	問何故捨根唯善業感非不善耶。	問何故捨根唯善業感非不善耶。	Why is it that the faculty of equanimity is only produced by good karma and not by bad karma?
['T27n1545_115:0599a08_17']	答捨根行相微細寂靜。	答捨根行相微細寂靜。	The mode of activity of the faculty of equanimity is subtle and tranquil,
['T27n1545_115:0599a09_7']	智者所樂故善業感。	智者所樂故善業感。	and is liked by the wise, and therefore it is produced by good karma.
['T27n1545_115:0599a09_16']	諸不善業性是麁動。	諸不善業性是麁動。	The nature of bad karma is coarse and agitated,
['T27n1545_115:0599a10_6']	故不能感捨受異熟。	故不能感捨受異熟。	and therefore it cannot produce the retribution of the feeling of equanimity.
['T27n1545_115:0599a11_4']	頗有業不感身心受而感異熟耶。	頗有業不感身心受而感異熟耶。	Is there any karma that does not produce bodily or mental feelings but produces retribution?
['T27n1545_115:0599a11_7']	答有。	答有。	The answer is: There is.
['T27n1545_115:0599a12_1']	謂諸業感色心不相應行異熟。	謂諸業感色心不相應行異熟。	It refers to karma that produces retribution that is form and dharmas not directly associated with mind.
['T27n1545_115:0599a12_6']	色異熟者。	色異熟者。	As for the retribution of form,
['T27n1545_115:0599a12_13']	謂九處除聲處。	謂九處除聲處。	it refers to the nine sense bases, excluding the sense base of sound.
['T27n1545_115:0599a13_3']	心不相應行異熟者。	心不相應行異熟者。	As for the retribution of dharmas not directly associated with mind,
['T27n1545_115:0599a13_16']	謂命根眾同分得生住老無常。	謂命根眾同分得生住老無常。	it refers to the life faculty, similarity of species, acquisition, birth, abiding, aging, and impermanence.
['T27n1545_115:0599a13_19']	有說。	有說。	Some say
['T27n1545_115:0599a14_4']	及無想事。	及無想事。	and also the state of non-perception.
['T27n1545_115:0599a15_8']	問此中何者名身受。	問此中何者名身受。	What is called bodily feeling in this context?
['T27n1545_115:0599a15_14']	何者名心受。	何者名心受。	What is called mental feeling?
['T27n1545_115:0599a16_7']	答若受在五識身名身受。	答若受在五識身名身受。	The answer is: If a feeling is in the group of five consciousnesses, it is called bodily feeling.
['T27n1545_115:0599a16_14']	在意地名心受。	在意地名心受。	If it is in the mind, it is called mental feeling.
['T27n1545_115:0599a17_2']	復有說者。	復有說者。	There is another explanation.
['T27n1545_115:0599a17_13']	諸受中無分別者名身受。	諸受中無分別者名身受。	Among the various feelings, those without discrimination are called bodily feelings.
['T27n1545_115:0599a18_2']	有分別者名心受。	有分別者名心受。	Those with discrimination are called mental feelings.
['T27n1545_115:0599a18_7']	復有說者。	復有說者。	There is another explanation.
['T27n1545_115:0599a18_17']	若受緣自相境名身受。	若受緣自相境名身受。	If a feeling takes its own characteristics as its object, it is called a bodily feeling.
['T27n1545_115:0599a19_8']	緣自相共相境名心受。	緣自相共相境名心受。	If it takes its own characteristics and common characteristics as its objects, it is called a mental feeling.
['T27n1545_115:0599a19_13']	復有說者。	復有說者。	There is another explanation.
['T27n1545_115:0599a20_5']	若受緣現在境名身受。	若受緣現在境名身受。	If a feeling takes the present as its object, it is called a bodily feeling.
['T27n1545_115:0599a20_16']	緣三世及無為境名心受。	緣三世及無為境名心受。	If it takes the three times and unconditioned dharmas as its objects, it is called a mental feeling.
['T27n1545_115:0599a21_3', 'T27n1545_115:0599a21_13']	復有說者。🔽若受緣實有境名身受。	復有說者。 若受緣實有境名身受。	There is another explanation.🔽If a feeling takes an existent object, it is called a bodily feeling.
['T27n1545_115:0599a22_5']	緣實有假有境名心受。	緣實有假有境名心受。	If it takes an existent and a nominal object, it is called a mental feeling.
['T27n1545_115:0599a22_10']	復有說者。	復有說者。	There is another explanation.
['T27n1545_115:0599a23_4']	若受於境一往取者名身受。	若受於境一往取者名身受。	If a feeling takes an object once, it is called a bodily feeling.
['T27n1545_115:0599a23_12']	數數取者名心受。	數數取者名心受。	If it takes it repeatedly, it is called a mental feeling.
['T27n1545_115:0599a23_17']	復有說者。	復有說者。	There is another explanation.
['T27n1545_115:0599a24_11']	若受於境暫緣即了者名身受。	若受於境暫緣即了者名身受。	If a feeling takes an object and understands it immediately upon contact, it is called a bodily feeling.
['T27n1545_115:0599a25_2']	推尋乃了者名心受。	推尋乃了者名心受。	If it seeks and then understands it, it is called a mental feeling.
['T27n1545_115:0599a25_7']	復有說者。	復有說者。	There is another explanation.
['T27n1545_115:0599a26_1']	諸受中若依色緣色名身受。	諸受中若依色緣色名身受。	Among the various feelings, those that depend on form and take form as their object are called bodily feelings.
['T27n1545_115:0599a26_13']	若依非色緣色非色名心受。	若依非色緣色非色名心受。	If it is said that the mind consciousness is based on non-form and takes form and non-form as objects, it is called mental feeling.
['T27n1545_115:0599a27_7']	如色非色如是有對無對。	如色非色如是有對無對。	Just as form and non-form, so too is there resistance and non-resistance.
['T27n1545_115:0599a27_13']	積聚非積聚。	積聚非積聚。	Accumulation and non-accumulation.
['T27n1545_115:0599a28_4']	和合非和合說亦爾。	和合非和合說亦爾。	Combination and non-combination are also explained in the same way.
['T27n1545_115:0599a28_11']	尊者世友說曰。	尊者世友說曰。	Venerable Vasumitra said:
['T27n1545_115:0599a28_16']	佛說二受。	佛說二受。	The Buddha speaks of two kinds of feelings,
['T27n1545_115:0599a29_3']	謂身受心受。	謂身受心受。	namely bodily feelings and mental feelings.
['T27n1545_115:0599a29_9']	何者名身受。	何者名身受。	What is called bodily feeling?
['T27n1545_115:0599a29_15']	何者名心受。	何者名心受。	What is called mental feeling?
['T27n1545_115:0599b01_3']	此中無有身受。	此中無有身受。	There is no bodily feeling in this.
['T27n1545_115:0599b01_12']	諸所有受皆是心受。	諸所有受皆是心受。	All feelings are mental feelings.
['T27n1545_115:0599b01_16']	何以故。	何以故。	Why is it so?
['T27n1545_115:0599b02_2']	心相應故。	心相應故。	Because they are associated with the mind.
['T27n1545_115:0599b02_15']	然所有受若依五根轉名身受。	然所有受若依五根轉名身受。	However, all feelings that arise based on the five sense faculties are called bodily feelings,
['T27n1545_115:0599b03_6']	恒以身為增上緣故。	恒以身為增上緣故。	because they always take the body as their dominant condition.
['T27n1545_115:0599b03_15']	若依意根轉名心受。	若依意根轉名心受。	Those that arise based on the mind faculty are called mental feelings,
['T27n1545_115:0599b04_7']	恒以心為增上緣故。	恒以心為增上緣故。	because they always take the mind as their dominant condition.
['T27n1545_115:0599b04_12']	有作是說。	有作是說。	There is an explanation that says:
['T27n1545_115:0599b04_17']	無有身受。	無有身受。	There is no bodily feeling.
['T27n1545_115:0599b05_8']	諸所有受皆是心受。	諸所有受皆是心受。	All feelings are mental feelings.
['T27n1545_115:0599b05_12']	何以故。	何以故。	Why is it so?
['T27n1545_115:0599b05_17']	心相應故。	心相應故。	Because they are associated with the mind.
['T27n1545_115:0599b06_8']	然所有受若依三根轉。	然所有受若依三根轉。	However, all feelings that arise based on the three faculties,
['T27n1545_115:0599b06_16']	取和合境名身受。	取和合境名身受。	Taking combined objects is called bodily feeling.
['T27n1545_115:0599b07_3']	恒作想故。	恒作想故。	Because it always forms concepts.
['T27n1545_115:0599b07_17']	若依三根轉取不和合境名心受。	若依三根轉取不和合境名心受。	If it arises based on the three faculties, taking non-combined objects is called mental feeling.
['T27n1545_115:0599b08_5']	非恒作想故。	非恒作想故。	Because it does not always form concepts.
['T27n1545_115:0599b08_10']	大德說曰。	大德說曰。	The Venerable One said:
['T27n1545_115:0599b08_15']	受有二種。	受有二種。	Feelings are of two kinds.
['T27n1545_115:0599b09_1']	一者身受。	一者身受。	First, bodily feelings.
['T27n1545_115:0599b09_6']	二者心受。	二者心受。	Second, mental feelings.
['T27n1545_115:0599b09_11']	若是身受。	若是身受。	If it is bodily feeling,
['T27n1545_115:0599b09_16']	亦是心受。	亦是心受。	it is also mental feeling.
['T27n1545_115:0599b10_5']	有是心受而非身受。	有是心受而非身受。	There are mental feelings that are not bodily feelings.
['T27n1545_115:0599b11_1']	謂所有受不取外事而起分別。	謂所有受不取外事而起分別。	That is, all feelings that do not take external things but arise from discrimination.
['T27n1545_115:0599b11_14']	但依內事執取其相而起分別。	但依內事執取其相而起分別。	Only based on internal things, grasping their characteristics and arising from discrimination.
['T27n1545_115:0599b12_5']	謂緣一切補特伽羅。	謂緣一切補特伽羅。	That is, taking all sentient beings as objects.
['T27n1545_115:0599b12_13']	及緣法處所攝色。	及緣法處所攝色。	And taking the form included in the dharma realm as objects.
['T27n1545_115:0599b13_7']	心不相應行無為法等名心受。	心不相應行無為法等名心受。	The mental factors not directly associated with the mind and the unconditioned dharmas, etc., are called mental feelings.
['T27n1545_115:0599b13_16']	大德欲令如是心受。	大德欲令如是心受。	The Venerable One wants to make such mental feelings
['T27n1545_115:0599b14_7']	無實境界唯分別轉。	無實境界唯分別轉。	have no real objects, only arising from discrimination.
['T27n1545_115:0599b15_4']	如說三障。	如說三障。	As it is said, there are three obstacles:
['T27n1545_115:0599b15_14']	謂煩惱障業障異熟障。	謂煩惱障業障異熟障。	The obstacle of afflictions, the obstacle of karma, and the obstacle of retribution.
['T27n1545_115:0599b16_2']	問何故作此論。	問何故作此論。	Question: Why is this treatise composed?
['T27n1545_115:0599b16_12']	答為欲分別契經義故。	答為欲分別契經義故。	Answer: In order to distinguish the meaning of the sutras.🔽Here is the corrected and aligned text:
['T27n1545_115:0599b16_17']	如契經說。	如契經說。	As stated in the sutra:
['T27n1545_115:0599b17_7']	若諸有情成就六法。	若諸有情成就六法。	If sentient beings possess six dharmas,
['T27n1545_115:0599b18_2']	雖聞如來所證所說法毘奈耶。	雖聞如來所證所說法毘奈耶。	even if they hear the Dharma and Vinaya realized and taught by the Tathāgata,
['T27n1545_115:0599b18_11']	而不堪任遠塵離垢。	而不堪任遠塵離垢。	they will be unable to shake off dust and impurities,
['T27n1545_115:0599b19_2']	於諸法中生淨法眼。	於諸法中生淨法眼。	and will not be able to give rise to the pure Dharma eye with regard to dharmas.
['T27n1545_115:0599b19_7']	何等為六。	何等為六。	What are the six?
['T27n1545_115:0599b19_12']	一煩惱障。	一煩惱障。	First, the obstacle of afflictions;
['T27n1545_115:0599b19_16']	二業障。	二業障。	second, the obstacle of karma;
['T27n1545_115:0599b20_1']	三異熟障。	三異熟障。	third, the obstacle of retribution;
['T27n1545_115:0599b20_5']	四不信。	四不信。	fourth, lack of faith;
['T27n1545_115:0599b20_9']	五不樂。	五不樂。	fifth, lack of delight;
['T27n1545_115:0599b20_13']	六惡慧。	六惡慧。	sixth, evil wisdom.
['T27n1545_115:0599b21_2']	雖說成就如是六法。	雖說成就如是六法。	Although it is said that one possesses these six dharmas,
['T27n1545_115:0599b21_11']	而未廣辯亦未曾說。	而未廣辯亦未曾說。	it has not been extensively explained, nor has it been taught.
['T27n1545_115:0599b21_18']	云何名煩惱障。	云何名煩惱障。	What is called the obstacle of afflictions?
['T27n1545_115:0599b22_4']	云何業障。	云何業障。	What is the obstacle of karma?
['T27n1545_115:0599b22_10']	云何異熟障。	云何異熟障。	What is the obstacle of retribution?
['T27n1545_115:0599b23_2']	彼契經是此論緣起根本。	彼契經是此論緣起根本。	That sutra is the fundamental basis for this treatise.
['T27n1545_115:0599b23_16']	彼所未說者今應說之故作斯論。	彼所未說者今應說之故作斯論。	What was not explained there should be explained now, and thus this treatise is composed.
['T27n1545_115:0599b24_3']	復有說者。	復有說者。	Furthermore, there are those who say:
['T27n1545_115:0599b24_10']	前雖分別諸業。	前雖分別諸業。	Although the various karmas were distinguished before,
['T27n1545_115:0599b25_1']	而未分別彼業等障。	而未分別彼業等障。	the obstacles of those karmas and so forth were not distinguished.
['T27n1545_115:0599b25_10']	今欲分別故作斯論。	今欲分別故作斯論。	Now, in order to distinguish them, this treatise is composed.
['T27n1545_115:0599b26_4']	如是三障。	如是三障。	These three obstacles,
['T27n1545_115:0599b27_7']	總以熾然猛利煩惱五無間業那落迦等種種異熟。	總以熾然猛利煩惱五無間業那落迦等種種異熟。	In general, they take the various retributions such as the blazing and intense afflictions, the five heinous crimes, and the hells as their own nature.
['T27n1545_115:0599b27_12']	為其自性。	為其自性。	This is their nature.
['T27n1545_115:0599b28_3']	已說自性所以今當說。	已說自性所以今當說。	The reason for their existence will be explained now.
['T27n1545_115:0599b28_9']	問何故名障。	問何故名障。	Question: Why are they called hindrances?
['T27n1545_115:0599b28_15']	答如是三種。	答如是三種。	Answer: These three kinds
['T27n1545_115:0599b29_8']	能礙聖道及聖道加行善根。	能礙聖道及聖道加行善根。	can obstruct the noble path and the wholesome roots of the preparatory path of the noble ones.
['T27n1545_115:0599b29_13']	是故名障。	是故名障。	Therefore, they are called hindrances.
['T27n1545_115:0599b29_19']	云何煩惱障。	云何煩惱障。	What is the hindrance of afflictions?
['T27n1545_115:0599c01_15']	謂如有一本性具足熾然貪瞋癡煩惱。	謂如有一本性具足熾然貪瞋癡煩惱。	It refers to someone who is by nature fully endowed with the blazing afflictions of greed, hatred, and delusion.
['T27n1545_115:0599c02_2', 'T27n1545_115:0599c02_7']	由如此故。🔽難生厭離。	由如此故。 難生厭離。	Because of this,🔽it is difficult to give rise to disgust,
['T27n1545_115:0599c02_12']	難可教誨。	難可教誨。	difficult to be taught,
['T27n1545_115:0599c02_17', 'T27n1545_115:0599c03_3']	難可開悟。🔽難得免離。	難可開悟。 難得免離。	difficult to be enlightened,🔽difficult to be free from,
['T27n1545_115:0599c03_8']	難得解脫。	難得解脫。	and difficult to attain liberation.
['T27n1545_115:0599c04_5']	此中本性具足熾然猛利貪煩惱者。	此中本性具足熾然猛利貪煩惱者。	Among them, those who are fully endowed with the blazing and intense affliction of greed by nature
['T27n1545_115:0599c04_10']	如難陀等。	如難陀等。	are like Nanda and others.
['T27n1545_115:0599c05_3']	具足熾然猛利瞋煩惱者。	具足熾然猛利瞋煩惱者。	Those who are fully endowed with the blazing and intense affliction of hatred
['T27n1545_115:0599c05_8']	如指鬘等。	如指鬘等。	are like Aṅgulimāla and others.
['T27n1545_115:0599c06_1']	具足熾然猛利癡煩惱者。	具足熾然猛利癡煩惱者。	Those who are fully endowed with the blazing and intense affliction of delusion
['T27n1545_115:0599c06_7']	如迦葉波等。	如迦葉波等。	are like Mahākāśyapa and others.
['T27n1545_115:0599c06_18', 'T27n1545_115:0599c07_4']	問若爾者如說難生厭離。🔽難可教誨。	問若爾者如說難生厭離。 難可教誨。	Question: If that is so, then it is like saying that it is difficult to give rise to disgust,🔽difficult to be taught,
['T27n1545_115:0599c07_9', 'T27n1545_115:0599c07_14']	難可開悟。🔽難得免離。	難可開悟。 難得免離。	difficult to be enlightened,🔽difficult to be liberated,
['T27n1545_115:0599c08_1']	難得解脫。	難得解脫。	difficult to be liberated.
['T27n1545_115:0599c08_6']	此言善通。	此言善通。	This statement is well understood.
['T27n1545_115:0599c09_1']	由彼精勤方便教化皆見諦故。	由彼精勤方便教化皆見諦故。	Because they all see the truth through diligent effort and skillful means.
['T27n1545_115:0599c09_15']	如說能礙聖道及聖道加行善根。	如說能礙聖道及聖道加行善根。	As it is said, it obstructs the noble path and the wholesome roots of the noble path's preparatory practices.
['T27n1545_115:0599c10_1']	此云何通。	此云何通。	How is this understood?
['T27n1545_115:0599c10_16']	答彼雖能礙聖道及聖道加行善根。	答彼雖能礙聖道及聖道加行善根。	Answer: Although it can obstruct the noble path and the wholesome roots of the noble path's preparatory practices,
['T27n1545_115:0599c11_11']	然由佛力巧化方便彼得見諦。	然由佛力巧化方便彼得見諦。	nevertheless, through the Buddha's skillful transformation and skillful means, they see the truth.
['T27n1545_115:0599c12_8']	於舍利子等諸大聲聞非所化境。	於舍利子等諸大聲聞非所化境。	It is not within the realm of transformation of the great disciples such as Śāriputra and others.
['T27n1545_115:0599c12_13']	復有說者。	復有說者。	Furthermore, there is another explanation.
['T27n1545_115:0599c13_7']	具足熾然猛利貪煩惱者。	具足熾然猛利貪煩惱者。	Those who are fully endowed with blazing and intense afflictions of craving,
['T27n1545_115:0599c13_12']	如黃門等。	如黃門等。	like eunuchs and others,
['T27n1545_115:0599c14_5']	具足熾然猛利瞋煩惱者。	具足熾然猛利瞋煩惱者。	those who are fully endowed with blazing and intense afflictions of hatred,
['T27n1545_115:0599c14_10']	如氣噓等。	如氣噓等。	like Ājñāta Kauṇḍinya and others,
['T27n1545_115:0599c15_3']	具足熾然猛利癡煩惱者。	具足熾然猛利癡煩惱者。	those who are fully endowed with blazing and intense afflictions of delusion,
['T27n1545_115:0599c15_8']	如六師等。	如六師等。	like the six non-Buddhist teachers and others.
['T27n1545_115:0599c16_7']	問若爾如說能礙聖道及聖道加行善根。	問若爾如說能礙聖道及聖道加行善根。	Question: If that is so, then it is like saying that it obstructs the noble path and the wholesome roots of the noble path's preparatory practices.
['T27n1545_115:0599c16_12']	此言善通。	此言善通。	This statement is well explained.
['T27n1545_115:0599c17_2']	由彼畢竟不見諦故。	由彼畢竟不見諦故。	Because they never see the truth.
['T27n1545_115:0599c17_13']	如說難生厭離難教誨等。	如說難生厭離難教誨等。	As it is said, it is difficult to give rise to disgust, difficult to be taught, and so forth.
['T27n1545_115:0599c18_1']	此云何通。	此云何通。	How is this to be understood?
['T27n1545_115:0599c18_14']	由彼畢竟不得見諦不名難故。	由彼畢竟不得見諦不名難故。	Because they never attain seeing the truth, they are not called difficult.
['T27n1545_115:0599c19_2']	答應作是說。	答應作是說。	The answer should be given as follows.
['T27n1545_115:0599c19_12']	不生厭離不可教誨等。	不生厭離不可教誨等。	Those who do not give rise to disgust cannot be taught, and so forth.
['T27n1545_115:0599c20_6']	而不作是說者有何意趣。	而不作是說者有何意趣。	But why is it not stated like this?
['T27n1545_115:0599c21_2']	謂即不生厭離名難生厭離。	謂即不生厭離名難生厭離。	It means that those who do not give rise to disgust are called those who find it difficult to give rise to disgust.
['T27n1545_115:0599c21_10']	乃至即不得解脫。	乃至即不得解脫。	Up to those who do not attain liberation
['T27n1545_115:0599c21_16']	名難得解脫。	名難得解脫。	are called those who find it difficult to attain liberation.
['T27n1545_115:0599c22_9']	問云何建立此煩惱障。	問云何建立此煩惱障。	How is this afflictive obstruction established?
['T27n1545_115:0599c22_14', 'T27n1545_115:0599c23_1']	為依成就。🔽為依現行。	為依成就。 為依現行。	Is it based on accomplishment🔽or on present activity?
['T27n1545_115:0599c23_7']	答此依現行。	答此依現行。	The answer is that it is based on present activity.
['T27n1545_115:0599c23_12']	不依成就。	不依成就。	It is not based on accomplishment.
['T27n1545_115:0599c24_9']	若依成就者則一切有情無有差別。	若依成就者則一切有情無有差別。	If it were based on accomplishment, then all sentient beings would be no different,
['T27n1545_115:0599c25_1']	等具成就諸煩惱故。	等具成就諸煩惱故。	because they are all equally accomplished in all afflictions.
['T27n1545_115:0599c25_14']	由依現行而建立故煩惱差別。	由依現行而建立故煩惱差別。	Because it is established based on present activity, the distinctions in afflictions
['T27n1545_115:0599c26_1']	則成四句。	則成四句。	then form four alternatives.
['T27n1545_115:0599c26_11']	或有煩惱熾然非猛利。	或有煩惱熾然非猛利。	There are afflictions that are intense but not sharp,
['T27n1545_115:0599c27_3']	或有煩惱猛利非熾然。	或有煩惱猛利非熾然。	There may be afflictions that are intense but not burning.
['T27n1545_115:0599c27_14', 'T27n1545_115:0599c28_8']	或有煩惱亦熾然亦猛利。🔽或有煩惱非熾然亦非猛利。	或有煩惱亦熾然亦猛利。 或有煩惱非熾然亦非猛利。	There may be afflictions that are both burning and intense.🔽There may be afflictions that are neither burning nor intense.
['T27n1545_115:0599c28_17']	煩惱熾然非猛利者。	煩惱熾然非猛利者。	As for afflictions that are burning but not intense,
['T27n1545_115:0599c29_9']	謂下品煩惱數行者是。	謂下品煩惱數行者是。	this refers to afflictions of the lower grade that are frequently practiced.
['T27n1545_115:0599c29_16']	猛利非熾然者。	猛利非熾然者。	As for those that are intense but not burning,
['T27n1545_115:0600a01_8']	謂上品煩惱不數行者是。	謂上品煩惱不數行者是。	this refers to afflictions of the upper grade that are not frequently practiced.
['T27n1545_115:0600a01_15']	熾然亦猛利者。	熾然亦猛利者。	As for those that are both burning and intense,
['T27n1545_115:0600a02_6']	謂上品煩惱數行者是。	謂上品煩惱數行者是。	this refers to afflictions of the upper grade that are frequently practiced.
['T27n1545_115:0600a02_14']	非熾然非猛利者。	非熾然非猛利者。	As for those that are neither burning nor intense,
['T27n1545_115:0600a03_7']	謂下品煩惱不數行者是。	謂下品煩惱不數行者是。	this refers to afflictions of the lower grade that are not frequently practiced.
['T27n1545_115:0600a03_17']	此中熾然非猛利煩惱。	此中熾然非猛利煩惱。	Among them, afflictions that are burning but not intense
['T27n1545_115:0600a04_4']	亦是煩惱障。	亦是煩惱障。	are also afflictive hindrances.
['T27n1545_115:0600a04_17', 'T27n1545_115:0600a05_4']	由此煩惱雖是下品以數行故。🔽依下生中。	由此煩惱雖是下品以數行故。 依下生中。	Because although these afflictions are of the lower grade, they are frequently practiced.🔽Based on the lower, the middle arises.
['T27n1545_115:0600a05_9']	依中生上。	依中生上。	Based on the middle, the upper arises.
['T27n1545_115:0600a05_18']	漸次乃至能斷善根。	漸次乃至能斷善根。	Gradually, up to the point where one can sever wholesome roots.
['T27n1545_115:0600a06_8']	彼猛利非熾然煩惱。	彼猛利非熾然煩惱。	As for afflictions that are intense but not burning,
['T27n1545_115:0600a06_14']	亦非煩惱障。	亦非煩惱障。	they are also not afflictive hindrances.
['T27n1545_115:0600a07_5']	由此煩惱雖是上品。	由此煩惱雖是上品。	Because although these afflictions are of the upper grade,🔽...
['T27n1545_115:0600a07_14']	不數行故漸可損減。	不數行故漸可損減。	Because they are not practiced frequently, they can gradually be reduced.
['T27n1545_115:0600a08_9']	乃至能入正性離生究竟斷滅。	乃至能入正性離生究竟斷滅。	Until one can enter the correct nature of detachment from birth and ultimately eliminate them.
['T27n1545_115:0600a08_18']	彼熾然亦猛利煩惱。	彼熾然亦猛利煩惱。	Those who are burning and also have intense afflictions
['T27n1545_115:0600a09_8']	是煩惱障一切為重。	是煩惱障一切為重。	are those with the heaviest afflictions.
['T27n1545_115:0600a10_1']	彼非熾然非猛利煩惱。	彼非熾然非猛利煩惱。	Those who are not burning and do not have intense afflictions
['T27n1545_115:0600a10_10']	非煩惱障一切為輕。	非煩惱障一切為輕。	are those with the lightest afflictions.
['T27n1545_115:0600a11_1', 'T27n1545_115:0600a11_11']	如是善根亦有四句。🔽或有善根熾然非猛利。	如是善根亦有四句。 或有善根熾然非猛利。	There are also four statements about wholesome roots like this.🔽There are wholesome roots that are burning but not intense.
['T27n1545_115:0600a12_3', 'T27n1545_115:0600a12_13']	或有善根猛利非熾然。🔽或有善根熾然亦猛利。	或有善根猛利非熾然。 或有善根熾然亦猛利。	There are wholesome roots that are intense but not burning.🔽There are wholesome roots that are both burning and intense.
['T27n1545_115:0600a13_7']	或有善根非熾然非猛利。	或有善根非熾然非猛利。	There are wholesome roots that are neither burning nor intense.
['T27n1545_115:0600a13_14']	熾然非猛利者。	熾然非猛利者。	Those that are burning but not intense
['T27n1545_115:0600a14_7']	謂下品善根數行者是。	謂下品善根數行者是。	are the lower grade wholesome roots of those who practice frequently.
['T27n1545_115:0600a14_14']	猛利非熾然者。	猛利非熾然者。	Those that are intense but not burning
['T27n1545_115:0600a15_7']	謂上品善根不數行者是。	謂上品善根不數行者是。	are the higher grade wholesome roots of those who do not practice frequently.
['T27n1545_115:0600a15_14']	熾然亦猛利者。	熾然亦猛利者。	Those that are both burning and intense
['T27n1545_115:0600a16_5']	謂上品善根數行者是。	謂上品善根數行者是。	are the higher grade wholesome roots of those who practice frequently.
['T27n1545_115:0600a16_13']	非熾然非猛利者。	非熾然非猛利者。	Those that are neither burning nor intense
['T27n1545_115:0600a17_6']	謂下品善根不數行者是。	謂下品善根不數行者是。	are the lower grade wholesome roots of those who do not practice frequently.
['T27n1545_115:0600a17_16']	此中熾然非猛利善根。	此中熾然非猛利善根。	Here, the burning but not sharp wholesome roots
['T27n1545_115:0600a18_6']	不為煩惱障所障。	不為煩惱障所障。	are not obstructed by the afflictions.
['T27n1545_115:0600a19_2', 'T27n1545_115:0600a19_7']	由此雖是下品善根以數行故。🔽依下生中。	由此雖是下品善根以數行故。 依下生中。	Although these are inferior wholesome roots, because they are frequently practiced,🔽based on the inferior, the medium arises.
['T27n1545_115:0600a19_12']	依中生上。	依中生上。	Based on the medium, the superior arises.
['T27n1545_115:0600a20_7']	漸次增長能速趣證一切結斷。	漸次增長能速趣證一切結斷。	Gradually increasing, one can quickly attain the severance of all bonds.
['T27n1545_115:0600a20_16']	彼猛利非熾然善根。	彼猛利非熾然善根。	Those sharp but not burning wholesome roots
['T27n1545_115:0600a21_5']	則為煩惱障所障。	則為煩惱障所障。	are obstructed by the afflictions.
['T27n1545_115:0600a22_1']	由此雖是上品善根不數行故。	由此雖是上品善根不數行故。	Although these are superior wholesome roots, because they are not frequently practiced,
['T27n1545_115:0600a22_10']	或容煩惱數數現行。	或容煩惱數數現行。	the afflictions may still frequently manifest.
['T27n1545_115:0600a23_1']	漸次增長能斷善根。	漸次增長能斷善根。	Gradually increasing, one may sever the wholesome roots.
['T27n1545_115:0600a23_14']	彼熾然亦猛利善根一切為勝。	彼熾然亦猛利善根一切為勝。	Those burning and also sharp wholesome roots are all superior.
['T27n1545_115:0600a24_9']	彼不熾然不猛利善根一切為劣。	彼不熾然不猛利善根一切為劣。	Those not burning and not sharp wholesome roots are all inferior.
['T27n1545_115:0600a25_4']	云何業障。	云何業障。	What are the karmic hindrances?
['T27n1545_115:0600a25_10']	謂五無間業。	謂五無間業。	They are the five heinous acts.
['T27n1545_115:0600a25_15']	何等為五。	何等為五。	What are the five?
['T27n1545_115:0600a25_19']	一害母。	一害母。	First, killing one's mother.
['T27n1545_115:0600a26_3']	二害父。	二害父。	Second, killing one's father.
['T27n1545_115:0600a26_9']	三害阿羅漢。	三害阿羅漢。	Third, killing an arhat.
['T27n1545_115:0600a26_13']	四破僧。	四破僧。	Fourth, disrupting the harmony of the Saṅgha.
['T27n1545_115:0600a27_2']	五惡心出佛身血。	五惡心出佛身血。	Fifth, maliciously drawing blood from a Buddha.
['T27n1545_115:0600a28_1']	問如前所說能礙聖道及聖道加行善根。	問如前所說能礙聖道及聖道加行善根。	Question: As previously explained, it obstructs the noble path and the wholesome roots of the path's practice.
['T27n1545_115:0600a28_6']	故名為障。	故名為障。	Therefore it is called an obstruction.
['T27n1545_115:0600a28_12']	除五無間業。	除五無間業。	Excluding the five immediate karmas,
['T27n1545_115:0600a29_2']	復有其餘妙行惡行。	復有其餘妙行惡行。	there are also other good and evil actions.
['T27n1545_115:0600a29_11']	所謂決定第八有業。	所謂決定第八有業。	Namely, the karma of the eighth existence that is determined,
['T27n1545_115:0600b01_3']	及上瞋恚纏害捃多蟻等。	及上瞋恚纏害捃多蟻等。	and the entanglements of anger and malice towards ants and so forth.
['T27n1545_115:0600b02_1']	由此為障不能於現法中趣入聖道。	由此為障不能於現法中趣入聖道。	Because of this, one is unable to enter the noble path in the present life.
['T27n1545_115:0600b02_10']	何故不說為業障耶。	何故不說為業障耶。	Why is it not said to be an obstruction of karma?
['T27n1545_115:0600b03_2']	答亦應說此以為業障。	答亦應說此以為業障。	Answer: It should also be said to be an obstruction of karma.
['T27n1545_115:0600b03_13']	而不說者當知此義有餘。	而不說者當知此義有餘。	But it is not said, one should know that this meaning is incomplete.
['T27n1545_115:0600b04_4']	此中三障皆有餘說。	此中三障皆有餘說。	Here, all three obstructions have incomplete explanations.
['T27n1545_115:0600b04_9']	復有說者。	復有說者。	There are also those who say:
['T27n1545_115:0600b05_3']	五無間業定能為障是故偏說。	五無間業定能為障是故偏說。	The five immediate karmas definitely obstruct, therefore they are mentioned specifically.
['T27n1545_115:0600b05_9', 'T27n1545_115:0600b05_14']	餘妙行惡行。🔽或能為障。	餘妙行惡行。 或能為障。	The other good and evil actions,
['T27n1545_115:0600b05_19']	或不為障。	或不為障。	may or may not obstruct.
['T27n1545_115:0600b06_4']	是故不說。	是故不說。	Therefore they are not mentioned.
['T27n1545_115:0600b06_9']	復有說者。	復有說者。	There are also those who say:
['T27n1545_115:0600b06_18']	五無間業具五因緣。	五無間業具五因緣。	The five immediate karmas are endowed with five conditions,
['T27n1545_115:0600b07_8']	易見易知是故偏說。	易見易知是故偏說。	easy to see and easy to know, therefore they are mentioned specifically.
['T27n1545_115:0600b07_13']	何等為五。	何等為五。	What are the five?
['T27n1545_115:0600b07_18']	一自性故。	一自性故。	First, by nature.
['T27n1545_115:0600b08_3']	二趣故。	二趣故。	Second, by destination.
['T27n1545_115:0600b08_7']	三生故。	三生故。	Third, by rebirth.
['T27n1545_115:0600b08_11']	四果故。	四果故。	Fourth, by fruit.
['T27n1545_115:0600b08_18']	五補特伽羅故。	五補特伽羅故。	Fifth, by person.
['T27n1545_115:0600b09_3']	自性故者。	自性故者。	As for by nature,
['T27n1545_115:0600b09_16']	謂此五種性是決定極重惡業。	謂此五種性是決定極重惡業。	these five kinds of natures are determined to be extremely grave evil karma.
['T27n1545_115:0600b10_1']	趣故者。	趣故者。	As for by destination,
['T27n1545_115:0600b10_14']	此五決定於地獄受不於餘趣。	此五決定於地獄受不於餘趣。	these five are determined to be experienced in hell, not in other destinies.
['T27n1545_115:0600b10_18']	生故者。	生故者。	As for by rebirth,
['T27n1545_115:0600b11_8', 'T27n1545_115:0600b11_14']	此五決定順次生受。🔽非順現法受。	此五決定順次生受。 非順現法受。	these five are determined to be experienced in the next life.🔽They are not experienced in the present life,
['T27n1545_115:0600b12_2']	非順後次受。	非順後次受。	nor are they experienced in the subsequent life,🔽nor are they experienced in an undetermined way.
['T27n1545_115:0600b12_11']	非順不定受果故者。	非順不定受果故者。	As for by fruit,
['T27n1545_115:0600b13_6']	謂此五種定感世間極不愛果。	謂此五種定感世間極不愛果。	these five definitely bring about the most unloved fruits in the world.
['T27n1545_115:0600b13_13']	補特伽羅故者。	補特伽羅故者。	As for by person,
['T27n1545_115:0600b14_8']	謂能造此五補特伽羅易見易知。	謂能造此五補特伽羅易見易知。	those who commit these five kinds of persons are easy to see and know.
['T27n1545_115:0600b14_14']	謂此能害母。	謂此能害母。	That is, they are able to kill their mother,
['T27n1545_115:0600b15_1']	此能害父。	此能害父。	they are able to kill their father,
['T27n1545_115:0600b15_10', 'T27n1545_115:0600b16_5']	乃至此能出佛身血。🔽除此五種所餘一切妙行惡行。	乃至此能出佛身血。 除此五種所餘一切妙行惡行。	up to they are able to draw blood from the Buddha.🔽Apart from these five kinds, all the other good and evil actions
['T27n1545_115:0600b16_14']	皆無如是五種因緣。	皆無如是五種因緣。	do not have these five kinds of causes and conditions.
['T27n1545_115:0600b17_5']	易見易知是故不說。	易見易知是故不說。	Because they are easy to see and easy to know, they are not explained.
['T27n1545_115:0600b18_11']	問諸無間加行能滿彼果業。	問諸無間加行能滿彼果業。	Question: The preparatory actions of all uninterrupted paths can fulfill the results of those actions.
['T27n1545_115:0600b19_3']	此於彼果為定不定。	此於彼果為定不定。	Are they definite or indefinite with respect to those results?
['T27n1545_115:0600b19_14']	若言定者此中何故不說。	若言定者此中何故不說。	If they are definite, why are they not explained here?
['T27n1545_115:0600b20_10']	又尊者指鬘室利毱多云何能轉。	又尊者指鬘室利毱多云何能轉。	Moreover, how could the Venerable Aṅgulimāla and Śrī Saṃgharakṣita be able to transform [their destinies]?
['T27n1545_115:0600b20_15']	若不定者。	若不定者。	If they are indefinite,
['T27n1545_115:0600b21_7']	害生命納息所說云何通。	害生命納息所說云何通。	how can the Śikṣā-samuccaya passage be understood?
['T27n1545_115:0600b22_1']	如說頗有未害生殺生未滅。	如說頗有未害生殺生未滅。	It says, Is there a case where, without having killed a living being, the killing has not yet ceased,
['T27n1545_115:0600b22_11']	此業異熟定生地獄耶。	此業異熟定生地獄耶。	and this karma is definitely destined to result in rebirth in hell?
['T27n1545_115:0600b23_6']	答有如作無間業加行時命終。	答有如作無間業加行時命終。	The answer is: There is, such as when one who has committed an uninterrupted action dies.
['T27n1545_115:0600b23_11']	或有說者。	或有說者。	Or some say:
['T27n1545_115:0600b23_18']	此業於彼果定。	此業於彼果定。	This karma is definite with respect to that result.
['T27n1545_115:0600b24_10']	問害生命納息則為善通。	問害生命納息則為善通。	The Śikṣā-samuccaya passage is then well understood.
['T27n1545_115:0600b24_18']	而此中何故不說。	而此中何故不說。	But why is it not explained here?
['T27n1545_115:0600b25_13']	答此中應說五無間業及彼加行。	答此中應說五無間業及彼加行。	The answer is: It should be explained here that the five uninterrupted karmas and their preparatory actions,
['T27n1545_115:0600b26_5', 'T27n1545_115:0600b26_15']	而不說者有何意耶。🔽答此已說在五無間中。	而不說者有何意耶。 答此已說在五無間中。	but why is it not explained?🔽The answer is: It is already explained among the five uninterrupted karmas,
['T27n1545_115:0600b27_8']	五無間業用此為加行故。	五無間業用此為加行故。	because the five uninterrupted karmas use this as their preparatory action.
['T27n1545_115:0600b28_1']	若說果當知已說加行。	若說果當知已說加行。	If it is said that the effect is, it should be understood that the preparatory action has already been said.
['T27n1545_115:0600b28_11']	問尊者指鬘云何能轉。	問尊者指鬘云何能轉。	Question: How could Venerable Angulimāla turn back?
['T27n1545_115:0600b29_2']	答彼猶未作無間加行。	答彼猶未作無間加行。	Answer: He had not yet committed the uninterrupted preparatory action.
['T27n1545_115:0600b29_17']	是故彼說我今且未殺母且當飯食。	是故彼說我今且未殺母且當飯食。	Therefore he said, I will not kill my mother for now. I will eat first.
['T27n1545_115:0600c01_9']	問豈非欲害一切智耶。	問豈非欲害一切智耶。	Question: Isn't it the case that he wanted to harm the Omniscient One?
['T27n1545_115:0600c02_6']	答爾時彼於非一切智起害加行。	答爾時彼於非一切智起害加行。	Answer: At that time, he generated the uninterrupted preparatory action towards one who is not the Omniscient One.
['T27n1545_115:0600c02_12']	非於一切智。	非於一切智。	Not towards the Omniscient One.
['T27n1545_115:0600c03_7']	由是因緣世尊化作凡流苾芻。	由是因緣世尊化作凡流苾芻。	For this reason, the World-Honored One transformed into an ordinary monk.
['T27n1545_115:0600c03_16']	入踏婆林勿彼尊者。	入踏婆林勿彼尊者。	Entering the forest of tramplers, lest that Venerable One
['T27n1545_115:0600c04_11']	於一切智起殺加行不可救療。	於一切智起殺加行不可救療。	generate the uninterrupted preparatory action towards the Omniscient One, which would be incurable.
['T27n1545_115:0600c05_7']	若諸有情於一切智起殺加行。	若諸有情於一切智起殺加行。	If sentient beings generate the uninterrupted preparatory action towards the Omniscient One,
['T27n1545_115:0600c06_1']	如殑伽沙數如來應正等覺。	如殑伽沙數如來應正等覺。	even Tathāgatas, Arhats, and Perfectly Awakened Ones as numerous as the sands of the Ganges River
['T27n1545_115:0600c06_10']	亦不能救令脫地獄。	亦不能救令脫地獄。	would be unable to save them from hell.
['T27n1545_115:0600c07_5']	故知彼於非一切智起殺加行。	故知彼於非一切智起殺加行。	Therefore, know that he generated the uninterrupted preparatory action towards one who is not the Omniscient One.
['T27n1545_115:0600c07_11']	非於一切智。	非於一切智。	Not towards the Omniscient One.
['T27n1545_115:0600c08_3']	問室利毱多云何能轉。	問室利毱多云何能轉。	Question: How could Śrīghana turn back?
['T27n1545_115:0600c08_13']	答彼亦不作無間加行。	答彼亦不作無間加行。	Answer: He also did not commit the uninterrupted preparatory action.
['T27n1545_115:0600c09_8']	是故彼雖密設火穽及雜毒食。	是故彼雖密設火穽及雜毒食。	Therefore, although they secretly set up fire pits and mixed poison in the food,
['T27n1545_115:0600c09_13']	而心念言。	而心念言。	they thought in their minds,
['T27n1545_115:0600c10_7']	如來若是一切智者自當避之。	如來若是一切智者自當避之。	If the Tathāgata is omniscient, he will surely avoid it.
['T27n1545_115:0600c11_1']	若非一切智者便當殄滅。	若非一切智者便當殄滅。	If he is not omniscient, he will be completely destroyed.
['T27n1545_115:0600c11_11']	勿令幻惑食噉世間故。	勿令幻惑食噉世間故。	Do not allow this deceptive food to devour the world.
['T27n1545_115:0600c12_10']	彼非於一切智所起殺加行是以可轉。	彼非於一切智所起殺加行是以可轉。	They did not intend to kill the omniscient one, so it could be turned away.
['T27n1545_115:0600c12_15']	復有說者。	復有說者。	There is another explanation.
['T27n1545_115:0600c13_5']	此業於彼果不定。	此業於彼果不定。	This karma is not fixed in its result for them.
['T27n1545_115:0600c13_15']	問此中不說則為善通。	問此中不說則為善通。	If this is not explained here, it is well understood.
['T27n1545_115:0600c14_10']	尊者指鬘室利毱多業亦可轉。	尊者指鬘室利毱多業亦可轉。	The venerable Aṅgulimāla and Śrī Saṃgharakṣita's karma can also be turned away.
['T27n1545_115:0600c15_2']	害生命納息當云何通。	害生命納息當云何通。	How should the chapter on killing living beings be understood?
['T27n1545_115:0600c15_14']	答諸無間加行能滿彼果業。	答諸無間加行能滿彼果業。	Answer: The preparatory actions for the immediate [karmas] can fulfill the result of that karma.
['T27n1545_115:0600c16_6']	此於彼果有定有不定。	此於彼果有定有不定。	This has both fixed and unfixed results for them.
['T27n1545_115:0600c16_13']	害生命納息說。	害生命納息說。	The chapter on killing living beings says:
['T27n1545_115:0600c16_17']	彼定者。	彼定者。	That which is fixed,
['T27n1545_115:0600c17_11']	尊者指鬘室利毱多所可轉易。	尊者指鬘室利毱多所可轉易。	the venerable Aṅgulimāla and Śrī Saṃgharakṣita can turn away.
['T27n1545_115:0600c17_16']	是不定者。	是不定者。	That which is unfixed,
['T27n1545_115:0600c18_7']	如是二說俱為善通。	如是二說俱為善通。	Both of these explanations are well understood.
['T27n1545_115:0600c18_13']	云何異熟障。	云何異熟障。	What is the obstacle of retribution?
['T27n1545_115:0600c19_1']	謂諸有情處。	謂諸有情處。	It refers to the abodes of sentient beings.
['T27n1545_115:0600c19_5']	那落迦。	那落迦。	The hells.
['T27n1545_115:0600c19_8']	傍生。	傍生。	Animals.
['T27n1545_115:0600c19_11']	鬼界。	鬼界。	The ghost realm.
['T27n1545_115:0600c19_16']	北拘盧洲。	北拘盧洲。	The Northern Kurus.
['T27n1545_115:0600c19_21']	無想天處。	無想天處。	The heaven of non-perception.
['T27n1545_115:0600c20_9']	問餘洲亦有異熟為障。	問餘洲亦有異熟為障。	Question: Are there also other realms with karmic retributions that are obstacles?
['T27n1545_115:0600c21_5']	如扇搋迦半擇迦無形二形等。	如扇搋迦半擇迦無形二形等。	Such as the eunuch, the impotent, the sexless, and the hermaphrodite, etc.
['T27n1545_115:0600c21_12']	此中何故不說。	此中何故不說。	Why are they not mentioned here?
['T27n1545_115:0600c22_11']	答此中應說而不說者當知此是有餘之說。	答此中應說而不說者當知此是有餘之說。	Answer: What should be mentioned but is not mentioned here should be known as incomplete teachings.
['T27n1545_115:0600c23_6']	是以前說此中三障皆有餘說。	是以前說此中三障皆有餘說。	Because the previous three obstacles are all incomplete teachings.
['T27n1545_115:0600c23_11']	復有說者。	復有說者。	Furthermore, there are those who say:
['T27n1545_115:0600c24_1']	此中但說決定為障。	此中但說決定為障。	Here only the definite obstacles are mentioned.
['T27n1545_115:0600c24_6']	彼非決定。	彼非決定。	Those are not definite.
['T27n1545_115:0600c24_15']	由彼有情所有異熟。	由彼有情所有異熟。	Because the karmic retributions of those sentient beings
['T27n1545_115:0600c25_9']	或有為障或不為障是以不說。	或有為障或不為障是以不說。	may or may not be obstacles, therefore they are not mentioned.
['T27n1545_115:0600c26_13']	問如是三障於一相續可成就幾。	問如是三障於一相續可成就幾。	Question: How many of these three obstacles can be accomplished in one continuum?
['T27n1545_115:0600c27_2', 'T27n1545_115:0600c27_16', 'T27n1545_115:0600c28_5']	答或但成一。🔽謂於三種隨一一成就或成就二。🔽謂煩惱障業障。	答或但成一。 謂於三種隨一一成就或成就二。 謂煩惱障業障。	Answer: One may only accomplish one.🔽One may accomplish two, namely the afflictive obstacle and the karmic obstacle,
['T27n1545_115:0600c28_13']	或煩惱障異熟障。	或煩惱障異熟障。	or the afflictive obstacle and the karmic retribution obstacle.
['T27n1545_115:0600c29_10']	無有成就業障異熟障非煩惱障者。	無有成就業障異熟障非煩惱障者。	There is no one who commits karmic hindrances and karmic retribution hindrances but not afflictive hindrances.
['T27n1545_115:0601a01_2']	由此亦無成就三者。	由此亦無成就三者。	For this reason, there is also no one who commits all three.
['T27n1545_115:0601a02_9']	問如是三障何者最重。	問如是三障何者最重。	Question: Among these three hindrances, which one is the heaviest?
['T27n1545_115:0601a02_14']	或有說者。	或有說者。	Some say:
['T27n1545_115:0601a03_1']	異熟障重。	異熟障重。	Karmic retribution hindrances are the heaviest.
['T27n1545_115:0601a03_6', 'T27n1545_115:0601a03_11']	所以者何。🔽因時可轉。	所以者何。 因時可轉。	Why is this?🔽Because they can be transformed during the causal stage,
['T27n1545_115:0601a03_18']	果時不可轉故。	果時不可轉故。	but not during the fruition stage.
['T27n1545_115:0601a04_3']	復有說者。	復有說者。	Some others say:
['T27n1545_115:0601a04_12']	業障最重所以者何。	業障最重所以者何。	Karmic hindrances are the heaviest. Why is this?
['T27n1545_115:0601a05_6']	業障能引異熟障故如是說者。	業障能引異熟障故如是說者。	Because karmic hindrances can attract karmic retribution hindrances. Those who say this
['T27n1545_115:0601a05_11']	煩惱障重。	煩惱障重。	Say that afflictive hindrances are the heaviest.
['T27n1545_115:0601a06_2']	以煩惱障能引業障。	以煩惱障能引業障。	Because afflictive hindrances can attract karmic hindrances,
['T27n1545_115:0601a06_11']	業障復能引異熟障。	業障復能引異熟障。	And karmic hindrances can further attract karmic retribution hindrances.
['T27n1545_115:0601a07_6']	如是皆以煩惱為本是故最重。	如是皆以煩惱為本是故最重。	In this way, all of them have afflictions as their basis, so they are the heaviest.
['T27n1545_115:0601a08_9']	三惡行中何者最大罪。	三惡行中何者最大罪。	Among the three evil deeds, which one has the greatest sin?
['T27n1545_115:0601a08_16']	謂破僧虛誑語。	謂破僧虛誑語。	It is the false speech of breaking the Sangha.
['T27n1545_115:0601a09_14']	此業能取無間地獄一劫壽量異熟苦果。	此業能取無間地獄一劫壽量異熟苦果。	This karma can take the karmic retribution of suffering for one eon in the Avīci Hell.
['T27n1545_115:0601a10_2']	餘業不定故。	餘業不定故。	Other karmas are not fixed.
['T27n1545_115:0601a10_15']	問此說破僧虛誑語為最大罪。	問此說破僧虛誑語為最大罪。	Question: This says that the greatest sin is the false speech of breaking the Sangha.
['T27n1545_115:0601a11_2']	餘處復說。	餘處復說。	Other places also say:
['T27n1545_115:0601a11_9']	意業為最大罪。	意業為最大罪。	Mental actions are the greatest sin.
['T27n1545_115:0601a11_14']	餘處復說。	餘處復說。	Other places also say:
['T27n1545_115:0601a12_2']	邪見為最大罪。	邪見為最大罪。	Wrong views are the greatest sin.
['T27n1545_115:0601a12_11']	此三大罪有何差別。	此三大罪有何差別。	What is the difference between these three great sins?
['T27n1545_115:0601a12_16']	或有說者。	或有說者。	Some say:
['T27n1545_115:0601a13_2']	罪有三種。	罪有三種。	There are three kinds of sins:
['T27n1545_115:0601a13_5']	一業。	一業。	First, karma;
['T27n1545_115:0601a13_9']	二煩惱。	二煩惱。	Second, afflictions;
['T27n1545_115:0601a13_13']	三惡行。	三惡行。	Third, evil conduct.
['T27n1545_115:0601a14_1']	業中意業為大罪。	業中意業為大罪。	Among karmas, mental actions are the greatest sin.
['T27n1545_115:0601a14_10']	煩惱中邪見為大罪。	煩惱中邪見為大罪。	Among afflictions, wrong views are the greatest sin.
['T27n1545_115:0601a15_3']	惡行中破僧虛誑語為大罪。	惡行中破僧虛誑語為大罪。	Among evil conduct, the false speech of breaking the monastic community is the greatest sin.
['T27n1545_115:0601a15_8']	復有說者。	復有說者。	Some also say:
['T27n1545_115:0601a16_1']	惱亂大眾故意業為大罪。	惱亂大眾故意業為大罪。	The intention to disturb the great assembly is the greatest sin of mental action.
['T27n1545_115:0601a16_13']	滅一切善根故邪見為大罪。	滅一切善根故邪見為大罪。	Because it destroys all wholesome roots, wrong views are the greatest sin.
['T27n1545_115:0601a17_4']	能感大苦異熟果故。	能感大苦異熟果故。	Because it can lead to a great suffering retribution,
['T27n1545_115:0601a17_13']	破僧虛誑語為大罪。	破僧虛誑語為大罪。	the false speech of breaking the monastic community is the greatest sin.
['T27n1545_115:0601a17_18']	復有說者。	復有說者。	Some also say:
['T27n1545_115:0601a18_8']	三業中意業為大罪。	三業中意業為大罪。	Among the three karmas, mental actions are the greatest sin.
['T27n1545_115:0601a18_17']	五見中邪見為大罪。	五見中邪見為大罪。	Among the five views, wrong views are the greatest sin.
['T27n1545_115:0601a19_12']	五無間業中破僧虛誑語為大罪。	五無間業中破僧虛誑語為大罪。	Among the five heinous acts, the false speech of breaking the monastic community is the greatest sin.
['T27n1545_115:0601a19_17']	復有說者。	復有說者。	Some also say:
['T27n1545_115:0601a20_10']	見所斷業道中邪見為大罪。	見所斷業道中邪見為大罪。	Among the paths of action to be eliminated by the path of seeing, wrong view is the greatest sin.
['T27n1545_115:0601a20_17']	修所斷業道中。	修所斷業道中。	Among the paths of action to be eliminated by the path of cultivation,
['T27n1545_115:0601a21_7']	破僧虛誑語為大罪。	破僧虛誑語為大罪。	the false speech of schism in the Sangha is the greatest sin.
['T27n1545_115:0601a22_1']	見修所斷業中意業為大罪。	見修所斷業中意業為大罪。	Among the mental actions to be eliminated by the paths of seeing and cultivation, mental action is the greatest sin.
['T27n1545_115:0601a22_6']	復有說者。	復有說者。	Moreover, there is an explanation.
['T27n1545_115:0601a22_17']	依思業故說意業為大罪。	依思業故說意業為大罪。	Based on the karma of intention, it is said that mental action is the greatest sin.
['T27n1545_115:0601a23_6']	依思所造業故。	依思所造業故。	Based on the karma created by intention,
['T27n1545_115:0601a23_16']	說破僧虛誑語為大罪。	說破僧虛誑語為大罪。	it is said that the false speech of schism in the Sangha is the greatest sin.
['T27n1545_115:0601a24_9']	依非業故說邪見為大罪。	依非業故說邪見為大罪。	Based on non-karma, it is said that wrong view is the greatest sin.
['T27n1545_115:0601a24_14']	復有說者。	復有說者。	Moreover, there is an explanation.
['T27n1545_115:0601a25_9']	依能起業故說意業為大罪。	依能起業故說意業為大罪。	Based on the ability to initiate karma, it is said that mental action is the greatest sin.
['T27n1545_115:0601a26_7']	依所起業故說破僧虛誑語為大罪。	依所起業故說破僧虛誑語為大罪。	Based on the karma that is initiated, it is said that the false speech of schism in the Sangha is the greatest sin.
['T27n1545_115:0601a27_1']	依非業故說邪見為大罪。	依非業故說邪見為大罪。	Based on non-karma, it is said that wrong view is the greatest sin.
['T27n1545_115:0601a27_6']	復有說者。	復有說者。	Moreover, there is an explanation.
['T27n1545_115:0601a28_1']	依能轉業故說意業為大罪。	依能轉業故說意業為大罪。	Based on the ability to transform karma, it is said that mental action is the greatest sin.
['T27n1545_115:0601a28_7']	依所轉業故。	依所轉業故。	Based on the karma that is transformed,
['T27n1545_115:0601a28_17']	說破僧虛誑語為大罪。	說破僧虛誑語為大罪。	it is said that the false speech of schism in the Sangha is the greatest sin.
['T27n1545_115:0601a29_10']	依非業故說邪見為大罪。	依非業故說邪見為大罪。	Based on non-karma, it is said that wrong view is the greatest sin.
['T27n1545_115:0601b01_2']	是名三種大罪差別。	是名三種大罪差別。	This is called the distinction of the three kinds of great sins.
['T27n1545_115:0601b02_5']	問彼破僧時。	問彼破僧時。	Question: When they destroy the Saṅgha,
['T27n1545_115:0601b03_2']	亦有身業往來加行思惟及餘語業。	亦有身業往來加行思惟及餘語業。	they also have physical actions, going and coming, applied thought, and other verbal actions.
['T27n1545_115:0601b03_14']	何故但說虛誑語能破僧耶。	何故但說虛誑語能破僧耶。	Why is it said that only false speech can destroy the Saṅgha?
['T27n1545_115:0601b04_6']	答若破僧時加行究竟。	答若破僧時加行究竟。	Answer: When destroying the Saṅgha, the preparatory and final stages,
['T27n1545_115:0601b04_16']	一切時有者此中說之。	一切時有者此中說之。	all times when it exists, are explained here.
['T27n1545_115:0601b05_10']	於諸業中唯虛誑語加行究竟。	於諸業中唯虛誑語加行究竟。	Among all actions, only false speech in the preparatory and final stages,
['T27n1545_115:0601b06_6']	一切時有能令僧壞是故偏說。	一切時有能令僧壞是故偏說。	all times when it exists, can destroy the Saṅgha. Therefore it is said in particular.
['T27n1545_115:0601b06_15']	餘業不爾是故不說。	餘業不爾是故不說。	Other actions are not like this, so they are not explained.
['T27n1545_115:0601b07_10']	問如說能取無間地獄果。	問如說能取無間地獄果。	Question: As it is said, it can take the fruit of uninterrupted hell.
['T27n1545_115:0601b08_2']	何故名無間地獄耶。	何故名無間地獄耶。	Why is it called uninterrupted hell?
['T27n1545_115:0601b08_11']	答此假立名假立想。	答此假立名假立想。	Answer: This is a nominal designation, a conceptual designation.
['T27n1545_115:0601b09_3']	不必如名悉有其義。	不必如名悉有其義。	It is not necessarily the same as the meaning of the name.
['T27n1545_115:0601b09_12']	又此地獄亦名無間。	又此地獄亦名無間。	Moreover, this hell is also called uninterrupted,
['T27n1545_115:0601b10_7']	亦名熱鐵猛焰熾然攢射支體。	亦名熱鐵猛焰熾然攢射支體。	also called burning with fierce flames of red-hot iron piercing the limbs,
['T27n1545_115:0601b11_3']	亦名常於六觸處門受諸苦惱。	亦名常於六觸處門受諸苦惱。	also called constantly experiencing suffering through the six sense bases,
['T27n1545_115:0601b11_12']	亦名自受業所招苦。	亦名自受業所招苦。	also called suffering attracted by one's own karma.
['T27n1545_115:0601b11_17']	復有說者。	復有說者。	Furthermore, there is another explanation:
['T27n1545_115:0601b13_3', 'T27n1545_115:0601b13_9']	以於此中無間無隙可令樂受暫現在前故名無間。🔽問餘地獄中。	以於此中無間無隙可令樂受暫現在前故名無間。 問餘地獄中。	Because in this hell there is no interval or gap that would allow a pleasant feeling to appear before one, it is called uninterrupted.
['T27n1545_115:0601b14_4']	為有歌舞及飲食等喜樂事耶。	為有歌舞及飲食等喜樂事耶。	Question: Are there singing, dancing, food and drink, and joyful activities in the other hells?
['T27n1545_115:0601b14_16']	答餘地獄中雖無異熟喜樂。	答餘地獄中雖無異熟喜樂。	Answer: Although the other hells do not have the ripening of joyful feelings,
['T27n1545_115:0601b15_5']	而有等流喜樂。	而有等流喜樂。	they do have the natural outflow of joyful feelings.
['T27n1545_115:0601b15_11']	如施設論說。	如施設論說。	As the Abhidharma states:
['T27n1545_115:0601b16_6']	等活地獄有時有分涼風暫吹。	等活地獄有時有分涼風暫吹。	In the Saṃjīva hell, sometimes a cool breeze blows for a while.
['T27n1545_115:0601b16_15']	或聞如是音聲唱言。	或聞如是音聲唱言。	Or one hears such a sound exclaiming:
['T27n1545_115:0601b17_2']	等活等活。	等活等活。	Saṃjīva! Saṃjīva!
['T27n1545_115:0601b17_11']	時彼有情忽然還活。	時彼有情忽然還活。	At that time, the beings there suddenly come back to life.
['T27n1545_115:0601b18_2']	支節血肉平復如本。	支節血肉平復如本。	Their limbs and flesh are restored to their original state.
['T27n1545_115:0601b18_7']	暫生喜樂。	暫生喜樂。	They temporarily experience joy and pleasure.
['T27n1545_115:0601b19_2']	無間地獄無如是事故名無間。	無間地獄無如是事故名無間。	The Avīci hell does not have such things, so it is called uninterrupted.
['T27n1545_115:0601b19_7']	復有說者。	復有說者。	There is also a view that
['T27n1545_115:0601b19_16']	生彼有情其數甚多。	生彼有情其數甚多。	the number of beings born there is very large.
['T27n1545_115:0601b20_6']	無間無隙故名無間。	無間無隙故名無間。	There is no interval or gap, so it is called uninterrupted.
['T27n1545_115:0601b20_11']	此說不然。	此說不然。	This explanation is not correct.
['T27n1545_115:0601b20_16']	所以者何。	所以者何。	Why is it so?
['T27n1545_115:0601b21_6']	上品惡行生彼地獄。	上品惡行生彼地獄。	Those who commit the worst evil deeds are born in that hell.
['T27n1545_115:0601b22_1']	世間有情不皆能起上品惡行。	世間有情不皆能起上品惡行。	Not all sentient beings in the world are able to give rise to the highest evil conduct.
['T27n1545_115:0601b22_14']	如要修習上品妙行方生有頂。	如要修習上品妙行方生有頂。	If one must cultivate the highest excellent conduct in order to be born in the peak of existence,
['T27n1545_115:0601b23_9']	世間有情不皆能起上品妙行。	世間有情不皆能起上品妙行。	not all sentient beings in the world are able to give rise to the highest excellent conduct.
['T27n1545_115:0601b23_17']	是故生有頂者少。	是故生有頂者少。	Therefore, those born in the peak of existence are few.
['T27n1545_115:0601b24_6']	生無間者亦爾。	生無間者亦爾。	Those born in Avīci are also like this.
['T27n1545_115:0601b24_11']	故彼非說。	故彼非說。	Therefore, it is not said.
['T27n1545_115:0601b25_2']	問若爾云何名無間。	問若爾云何名無間。	Question: If that is so, then what is called Avīci?
['T27n1545_115:0601b25_12']	答依異熟果說名無間。	答依異熟果說名無間。	Answer: It is called Avīci based on the ripening fruit.
['T27n1545_115:0601b26_7']	以諸有情造大惡業生彼地獄。	以諸有情造大惡業生彼地獄。	Because sentient beings who commit great evil karma are born in that hell.
['T27n1545_115:0601b27_3']	得廣大身一一身形悉皆廣大。	得廣大身一一身形悉皆廣大。	They attain a vast body, and each individual form is vast.
['T27n1545_115:0601b27_16']	遍彼多處中無間隙故名無間。	遍彼多處中無間隙故名無間。	Because there is no gap between them in the many places, it is called Avīci.🔽Here is the corrected and aligned text:🔽Here is the corrected and aligned text:
['T27n1545_115:0601b29_100']	說一切有部發智大毘婆沙論卷第一百一十五	說一切有部發智大毘婆沙論卷第一百一十五	Here is the corrected and aligned text:
