segmentnr	original	analyzed	translated
['T27n1545_121:0629a07_0']	阿毘達磨大毘婆沙論卷第一百	阿毘達磨大毘婆沙論卷第一百	Abhidharma-mahāvibhāṣā-śāstra, fascicle 100
['T27n1545_121:0629a08_0']	二十一	二十一	twenty-one
['T27n1545_121:0629a10_0']	五百大阿羅漢等造	五百大阿羅漢等造	composed by five hundred great arhats and others
['T27n1545_121:0629a13_5']	三藏法師玄奘奉　詔譯4業蘊第四中害生納息第三之四若業未離染。	三藏法師玄奘奉　詔譯4業蘊第四中害生納息第三之四若業未離染。	tripiṭaka master Xuanzang respectfully received
['T27n1545_121:0629a13_14']	彼業異熟未離染耶。	彼業異熟未離染耶。	Is the ripening of that karma not yet free from defilements?
['T27n1545_121:0629a14_1']	乃至廣說。	乃至廣說。	And so on at length.
['T27n1545_121:0629a14_8']	問何故作此論。	問何故作此論。	Question: Why was this treatise composed?
['T27n1545_121:0629a14_18']	答為止他宗顯己義故。	答為止他宗顯己義故。	Answer: In order to stop the tenets of others and reveal one's own meaning.
['T27n1545_121:0629a15_8']	謂犢子部說五部業。	謂犢子部說五部業。	Namely, the Vātsīputrīya school says that the five types of karma
['T27n1545_121:0629a15_17']	所得異熟亦通五部。	所得異熟亦通五部。	also generally belong to the five types in terms of the ripening they obtain.
['T27n1545_121:0629a17_5']	欲止彼意顯業雖通五部而彼異熟唯修所斷故作斯論。	欲止彼意顯業雖通五部而彼異熟唯修所斷故作斯論。	In order to stop their intention and reveal that although karma generally belongs to the five types, its ripening is only eliminated by cultivation, this treatise is composed.
['T27n1545_121:0629a17_11']	若業未離染。	若業未離染。	If karma is not yet free from defilements,
['T27n1545_121:0629a18_2']	彼業異熟未離染耶。	彼業異熟未離染耶。	is the ripening of that karma not yet free from defilements?
['T27n1545_121:0629a18_9']	答諸業未離染。	答諸業未離染。	Answer: All karma that is not yet free from defilements,
['T27n1545_121:0629a18_18']	彼業異熟定未離染。	彼業異熟定未離染。	the ripening of that karma is definitely not yet free from defilements.
['T27n1545_121:0629a19_8']	或有業異熟未離染。	或有業異熟未離染。	There may be the ripening of karma that is not yet free from defilements,
['T27n1545_121:0629a19_14']	彼業已離染。	彼業已離染。	but that karma has already been freed from defilements.
['T27n1545_121:0629a20_7']	謂預流者見所斷業已離染。	謂預流者見所斷業已離染。	Namely, for a stream-enterer, karma eliminated by the path of seeing has already been freed from defilements.
['T27n1545_121:0629a20_15']	彼業異熟未離染。	彼業異熟未離染。	The ripening of that karma is not yet free from defilements.🔽Here is the corrected and aligned text:
['T27n1545_121:0629a21_7']	應知此中或有業先離染。	應知此中或有業先離染。	It should be known that in this case, there may be karma that is first separated from defilements,
['T27n1545_121:0629a21_14']	後異熟方離染。	後異熟方離染。	but the retribution is only later separated from defilements.
['T27n1545_121:0629a22_7']	或有業與彼異熟俱時離染。	或有業與彼異熟俱時離染。	There may be karma whose retribution is separated from defilements at the same time.
['T27n1545_121:0629a22_16']	必無異熟先得離染。	必無異熟先得離染。	There is definitely no retribution that first attains separation from defilements,
['T27n1545_121:0629a23_7']	後時彼業方得離染。	後時彼業方得離染。	and later that karma attains separation from defilements.
['T27n1545_121:0629a23_13']	謂四法忍時。	謂四法忍時。	That is to say, at the time of the four dharma forbearances,
['T27n1545_121:0629a24_8']	令四部所攝諸不善業先得離染。	令四部所攝諸不善業先得離染。	it causes the unwholesome karma included in the four categories to first attain separation from defilements.
['T27n1545_121:0629a24_13']	非彼異熟。	非彼異熟。	It is not their retribution.
['T27n1545_121:0629a25_7']	又離欲界染前八無間道時。	又離欲界染前八無間道時。	Also, at the time of the first eight uninterrupted paths before separating from the defilements of the desire realm,
['T27n1545_121:0629a26_5']	令前八品修所斷諸不善業先得離染。	令前八品修所斷諸不善業先得離染。	it causes the unwholesome karma to be eliminated through cultivation in the first eight categories to first attain separation from defilements.
['T27n1545_121:0629a26_10']	非彼異熟。	非彼異熟。	It is not their retribution.
['T27n1545_121:0629a27_9']	彼諸異熟要至第九無間道時方得離染。	彼諸異熟要至第九無間道時方得離染。	Those retributions must attain separation from defilements at the time of the ninth uninterrupted path.
['T27n1545_121:0629a27_16']	是名業先離染。	是名業先離染。	This is called karma that is first separated from defilements,
['T27n1545_121:0629a28_7']	後彼異熟方得離染。	後彼異熟方得離染。	and later its retribution attains separation from defilements.
['T27n1545_121:0629a29_1']	若離欲界染第九無間道時。	若離欲界染第九無間道時。	At the time of the ninth uninterrupted path of separating from the defilements of the desire realm,
['T27n1545_121:0629a29_10']	令第九品諸不善業。	令第九品諸不善業。	it causes the unwholesome karma in the ninth category
['T27n1545_121:0629a29_19']	一切不善身業語業。	一切不善身業語業。	and all the unwholesome bodily and verbal karma,
['T27n1545_121:0629b01_4']	欲界善業。	欲界善業。	and the wholesome karma of the desire realm,
['T27n1545_121:0629b01_14']	及彼諸異熟俱時離染。	及彼諸異熟俱時離染。	and the corresponding karmic retribution are simultaneously abandoned.
['T27n1545_121:0629b02_7']	離初靜慮染第九無間道時。	離初靜慮染第九無間道時。	When abandoning the defilements of the first dhyāna, at the time of the ninth uninterrupted path,
['T27n1545_121:0629b03_3']	令初靜慮業及彼異熟俱時離染。	令初靜慮業及彼異熟俱時離染。	it causes the karma of the first dhyāna and its corresponding karmic retribution to be simultaneously abandoned.
['T27n1545_121:0629b03_16']	如是乃至離非想非非想處染。	如是乃至離非想非非想處染。	In this way, up to abandoning the defilements of the sphere of neither-perception-nor-non-perception,
['T27n1545_121:0629b04_5']	第九無間道時。	第九無間道時。	at the time of the ninth uninterrupted path,
['T27n1545_121:0629b04_14']	令非想非非想處業。	令非想非非想處業。	it causes the karma of the sphere of neither-perception-nor-non-perception
['T27n1545_121:0629b05_4']	及彼異熟俱時離染。	及彼異熟俱時離染。	and its corresponding karmic retribution to be simultaneously abandoned.
['T27n1545_121:0629b05_17']	如是名為業與異熟俱時離染。	如是名為業與異熟俱時離染。	This is called karma and its corresponding karmic retribution being simultaneously abandoned.
['T27n1545_121:0629b06_6']	以非色不善業。	以非色不善業。	As for non-form and unwholesome karma,
['T27n1545_121:0629b06_16']	五部所攝亦九品道斷。	五部所攝亦九品道斷。	it is also categorized as the five parts and is severed by the nine grades of the path.
['T27n1545_121:0629b07_3']	諸不善色業。	諸不善色業。	As for all unwholesome form karma,
['T27n1545_121:0629b07_8']	有漏善業。	有漏善業。	contaminated wholesome karma,
['T27n1545_121:0629b07_13']	一切異熟。	一切異熟。	and all karmic retribution,
['T27n1545_121:0629b07_18']	唯修所斷。	唯修所斷。	they are only severed by the path of cultivation.
['T27n1545_121:0629b08_5']	唯上上品道斷故。	唯上上品道斷故。	They are only severed by the highest grade of the superior path.
['T27n1545_121:0629b08_14']	是名此處略毘婆沙。	是名此處略毘婆沙。	This is called the brief discussion of this point.
['T27n1545_121:0629b09_4']	然此中依二業作論。	然此中依二業作論。	However, in this case, the treatise is composed based on two kinds of karma,
['T27n1545_121:0629b09_16']	謂見所斷修所斷故作是說。	謂見所斷修所斷故作是說。	namely, that which is severed by insight and that which is severed by cultivation. This is said.
['T27n1545_121:0629b10_6']	若依五業作論者。	若依五業作論者。	If the treatise is composed based on five kinds of karma,
['T27n1545_121:0629b11_2']	則不應言謂預流者見所斷業。	則不應言謂預流者見所斷業。	Then one should not say that it refers to the karma to be eliminated by seeing of the stream-enterer,
['T27n1545_121:0629b11_7']	乃至廣說。	乃至廣說。	and so on in detail.
['T27n1545_121:0629b11_12']	應作是說。	應作是說。	One should say:
['T27n1545_121:0629b12_1']	謂未離欲染者。	謂未離欲染者。	It refers to one who has not yet eliminated the passion of desire.
['T27n1545_121:0629b12_10']	苦智已生集智未生。	苦智已生集智未生。	When the knowledge of suffering has arisen but the knowledge of accumulation has not yet arisen,
['T27n1545_121:0629b13_1']	見苦所斷業已離染。	見苦所斷業已離染。	the karma to be eliminated by seeing suffering has already been eliminated,
['T27n1545_121:0629b13_9']	彼業異熟未離染。	彼業異熟未離染。	but the retribution of that karma has not yet been eliminated.
['T27n1545_121:0629b13_18']	集智已生滅智未生。	集智已生滅智未生。	When the knowledge of accumulation has arisen but the knowledge of cessation has not yet arisen,
['T27n1545_121:0629b14_9']	見苦集所斷業已離染。	見苦集所斷業已離染。	the karma to be eliminated by seeing suffering and accumulation has already been eliminated,
['T27n1545_121:0629b14_17']	彼業異熟未離染。	彼業異熟未離染。	but the retribution of that karma has not yet been eliminated.
['T27n1545_121:0629b15_8']	滅智已生道智未生。	滅智已生道智未生。	When the knowledge of cessation has arisen but the knowledge of the path has not yet arisen,
['T27n1545_121:0629b16_1']	見苦集滅所斷業已離染。	見苦集滅所斷業已離染。	the karma to be eliminated by seeing suffering, accumulation, and cessation has already been eliminated,
['T27n1545_121:0629b16_9']	彼業異熟未離染。	彼業異熟未離染。	but the retribution of that karma has not yet been eliminated.
['T27n1545_121:0629b17_2']	道智已生未離欲界染者。	道智已生未離欲界染者。	When the knowledge of the path has arisen but one has not yet eliminated the passion of the desire realm,
['T27n1545_121:0629b17_14']	見苦集滅道所斷業已離染。	見苦集滅道所斷業已離染。	the karma to be eliminated by seeing suffering, accumulation, cessation, and the path has already been eliminated,
['T27n1545_121:0629b18_3']	彼業異熟未離染。	彼業異熟未離染。	but the retribution of that karma has not yet been eliminated.
['T27n1545_121:0629b18_10']	離欲界染一品。	離欲界染一品。	When one has eliminated one stage of the passion of the desire realm,
['T27n1545_121:0629b18_16']	乃至八品時。	乃至八品時。	up to the eighth stage,
['T27n1545_121:0629b19_5']	彼八品業已離染。	彼八品業已離染。	the eighth stage of karma has already been eliminated,
['T27n1545_121:0629b19_13']	彼業異熟未離染。	彼業異熟未離染。	but the retribution of that karma has not yet been eliminated.
['T27n1545_121:0629b20_6']	離欲界染第九無間道時。	離欲界染第九無間道時。	When one is in the ninth uninterrupted path of detachment from the desire realm,
['T27n1545_121:0629b20_12']	彼第九品業。	彼第九品業。	that ninth category of karma,
['T27n1545_121:0629b21_1']	一切不善身語業。	一切不善身語業。	all unwholesome bodily and verbal karma,
['T27n1545_121:0629b21_6']	欲界善業。	欲界善業。	wholesome karma of the desire realm,
['T27n1545_121:0629b21_16', 'T27n1545_121:0629b22_11']	及彼諸異熟俱時離染。🔽離初靜慮乃至非想非非想處染。	及彼諸異熟俱時離染。 離初靜慮乃至非想非非想處染。	and their respective karmic maturations are simultaneously detached from defilements.
['T27n1545_121:0629b22_18']	第九無間道時。	第九無間道時。	When one is in the ninth uninterrupted path of detachment from the first dhyāna up to the sphere of neither-perception-nor-non-perception,
['T27n1545_121:0629b23_12']	諸地善業及彼異熟俱時離染。	諸地善業及彼異熟俱時離染。	the wholesome karma of all stages and their respective karmic maturations are simultaneously detached from defilements.
['T27n1545_121:0629b24_2']	而不作是說者。	而不作是說者。	But this is not stated.
['T27n1545_121:0629b24_11']	由依二業而作論故。	由依二業而作論故。	Because the treatise is based on two kinds of karma.
['T27n1545_121:0629b25_5']	若業已離染。	若業已離染。	If karma is already detached from defilements,
['T27n1545_121:0629b25_14', 'T27n1545_121:0629b26_4']	彼業異熟已離染耶。🔽答諸業異熟已離染。	彼業異熟已離染耶。 答諸業異熟已離染。	is that karma's karmic maturation also already detached from defilements?
['T27n1545_121:0629b26_11']	彼業定已離染。	彼業定已離染。	The answer is: All karma whose karmic maturation is already detached from defilements, that karma is definitely already detached from defilements.
['T27n1545_121:0629b26_18']	或有業已離染。	或有業已離染。	There may be karma that is already detached from defilements,
['T27n1545_121:0629b27_7', 'T27n1545_121:0629b28_1']	彼業異熟未離染。🔽謂預流者見所斷業已離染。	彼業異熟未離染。 謂預流者見所斷業已離染。	but whose karmic maturation is not yet detached from defilements.
['T27n1545_121:0629b28_9']	彼業異熟未離染。	彼業異熟未離染。	This refers to karma to be experienced in the present life by a stream-enterer that is to be eliminated by seeing, whose karmic maturation is not yet detached from defilements.
['T27n1545_121:0629b28_18']	此中分別廣如前說。	此中分別廣如前說。	Here, the distinctions are explained in detail as before.
['T27n1545_121:0629b29_4']	若業有果。	若業有果。	If karma has results,
['T27n1545_121:0629b29_12']	彼業皆有異熟耶。	彼業皆有異熟耶。	does that karma all have karmic maturations?
['T27n1545_121:0629b29_17']	乃至廣說。	乃至廣說。	And so on, explaining in detail.
['T27n1545_121:0629c01_5']	問何故作此論。	問何故作此論。	Question: Why is this treatise composed?
['T27n1545_121:0629c01_15']	答為止邪宗顯正義故。	答為止邪宗顯正義故。	Answer: In order to stop heterodox schools and reveal the correct principle.
['T27n1545_121:0629c02_13']	謂有外道執一切善惡業無果異熟。	謂有外道執一切善惡業無果異熟。	There are non-Buddhists who hold that all good and evil karma have no fruition or ripening.
['T27n1545_121:0629c03_9']	為止彼意顯一切業無不有果。	為止彼意顯一切業無不有果。	In order to stop their views and show that all karma has fruition,
['T27n1545_121:0629c04_9']	諸有漏善及不善業皆有異熟故作斯論。	諸有漏善及不善業皆有異熟故作斯論。	because all contaminated good and evil karma have ripening. Thus this treatise is composed.
['T27n1545_121:0629c04_15']	然契經中說。	然契經中說。	However, in the sutras it is said:
['T27n1545_121:0629c05_2']	果有五種。	果有五種。	There are five kinds of fruits.
['T27n1545_121:0629c05_7']	一等流果。	一等流果。	1. Retribution fruit.
['T27n1545_121:0629c05_12']	二異熟果。	二異熟果。	2. Ripened fruit.
['T27n1545_121:0629c05_17']	三離繫果。	三離繫果。	3. Fruit of separation.
['T27n1545_121:0629c06_1']	四士用果。	四士用果。	4. Fruit of human effort.
['T27n1545_121:0629c06_6']	五增上果。	五增上果。	5. Dominant fruit.
['T27n1545_121:0629c06_11']	等流果者。	等流果者。	As for the retribution fruit,
['T27n1545_121:0629c06_16']	謂善生善。	謂善生善。	it means good giving rise to good,
['T27n1545_121:0629c07_2']	不善生不善。	不善生不善。	evil giving rise to evil,
['T27n1545_121:0629c07_8']	無記生無記。	無記生無記。	indeterminate giving rise to indeterminate.
['T27n1545_121:0629c07_13']	異熟果者。	異熟果者。	As for the ripened fruit,
['T27n1545_121:0629c08_7']	謂諸不善有漏善法所招異熟因。	謂諸不善有漏善法所招異熟因。	it refers to the ripening caused by unwholesome and contaminated wholesome dharmas.
['T27n1545_121:0629c08_15']	是善惡果唯無記。	是善惡果唯無記。	This good and evil fruit is only indeterminate,
['T27n1545_121:0629c09_6']	異類而熟故立異熟名。	異類而熟故立異熟名。	because it ripens as a different category, it is called the ripened fruit.
['T27n1545_121:0629c09_11']	離繫果者。	離繫果者。	As for the fruit of separation,
['T27n1545_121:0629c10_1']	謂無間道斷諸煩惱。	謂無間道斷諸煩惱。	it refers to the severing of afflictions by the uninterrupted path.
['T27n1545_121:0629c10_6']	此無間道。	此無間道。	This uninterrupted path,
['T27n1545_121:0629c10_16']	以煩惱等斷為離繫果。	以煩惱等斷為離繫果。	with the elimination of afflictions, etc., as its disjunction effect.
['T27n1545_121:0629c11_2']	及士用果。	及士用果。	And as its human effort effect.
['T27n1545_121:0629c11_11']	以解脫道為等流果。	以解脫道為等流果。	With the liberation path as its outflow effect.
['T27n1545_121:0629c11_16']	及士用果。	及士用果。	And as its human effort effect.
['T27n1545_121:0629c12_10']	以後等勝自類諸道為等流果。	以後等勝自類諸道為等流果。	With subsequent similar superior paths as its outflow effect.
['T27n1545_121:0629c12_15']	若無間道。	若無間道。	If it is an uninterrupted path,
['T27n1545_121:0629c13_11']	以能於先來諸煩惱斷集得作證。	以能於先來諸煩惱斷集得作證。	it is able to realize the accumulation of previously eliminated afflictions.
['T27n1545_121:0629c14_3']	此無間道以彼煩惱斷。	此無間道以彼煩惱斷。	This uninterrupted path, with the elimination of those afflictions,
['T27n1545_121:0629c14_9']	但為士用果。	但為士用果。	only has the human effort effect.
['T27n1545_121:0629c14_14']	此則總說。	此則總說。	This is the general explanation.
['T27n1545_121:0629c14_19']	若別說者。	若別說者。	If the specific explanation is given,
['T27n1545_121:0629c15_4']	苦法智忍。	苦法智忍。	the receptivity to the cognition of the factors of the path,
['T27n1545_121:0629c15_18']	以彼欲界見苦所斷十隨眠等斷。	以彼欲界見苦所斷十隨眠等斷。	with the elimination of the ten latent afflictions, etc., eliminated by seeing the truth of suffering in the desire realm,
['T27n1545_121:0629c16_4']	為離繫果。	為離繫果。	as its disjunction effect.
['T27n1545_121:0629c16_9']	及士用果。	及士用果。	And as its human effort effect.
['T27n1545_121:0629c17_1']	以苦法智品為等流果。	以苦法智品為等流果。	With the category of cognition of the factors of the path as its outflow effect.
['T27n1545_121:0629c17_6']	及士用果。	及士用果。	And as its human effort effect.
['T27n1545_121:0629c18_1']	以後等勝諸無漏道為等流果。	以後等勝諸無漏道為等流果。	With subsequent similar superior pure paths as its outflow effect.
['T27n1545_121:0629c18_10']	如是乃至道類智忍。	如是乃至道類智忍。	In this way, up to the receptivity to the cognition of the class of the path,
['T27n1545_121:0629c18_16']	以色無色界。	以色無色界。	with the elimination of the afflictions of the form and formless realms,
['T27n1545_121:0629c19_12']	見道所斷十四隨眠等斷為離繫果。	見道所斷十四隨眠等斷為離繫果。	The abandonment of the fourteen latent afflictions and so on that are eliminated by the path of seeing is the effect of disjunction.
['T27n1545_121:0629c19_17']	及士用果。	及士用果。	And it is also the effect of human effort.
['T27n1545_121:0629c20_8']	以道類智品為等流果。	以道類智品為等流果。	The class of the path of insight into the truth of the path is the effect of outflow.
['T27n1545_121:0629c20_13']	及士用果。	及士用果。	And it is also the effect of human effort.
['T27n1545_121:0629c21_8']	以後等勝諸無漏道為等流果。	以後等勝諸無漏道為等流果。	The subsequent pure paths that are equal or superior are the effect of outflow.
['T27n1545_121:0629c22_1']	以三界見苦集滅所斷。	以三界見苦集滅所斷。	The abandonment of the latent afflictions and so on that are eliminated by seeing the truths of suffering, origination, and cessation in the three realms,
['T27n1545_121:0629c22_18']	及欲界見道所斷諸隨眠等斷集得作證。	及欲界見道所斷諸隨眠等斷集得作證。	and the abandonment of the latent afflictions and so on that are eliminated by seeing the truth of the path in the desire realm, are all accumulated and attained as evidence.
['T27n1545_121:0629c23_4']	此道類忍。	此道類忍。	This acceptance of the class of the path of insight into the truth of the path
['T27n1545_121:0629c23_13']	以彼諸斷為士用果。	以彼諸斷為士用果。	is the effect of human effort of those abandonments.
['T27n1545_121:0629c23_18']	諸預流者。	諸預流者。	All stream-enterers
['T27n1545_121:0629c24_8']	於一來果求作證時。	於一來果求作證時。	when seeking to realize the fruit of once-returning
['T27n1545_121:0629c24_14']	初五無間道。	初五無間道。	the first five uninterrupted paths
['T27n1545_121:0629c25_5']	以彼五品隨眠等斷。	以彼五品隨眠等斷。	the abandonment of the five categories of latent afflictions and so on
['T27n1545_121:0629c25_14']	為離繫果及士用果。	為離繫果及士用果。	is the effect of disjunction and the effect of human effort.
['T27n1545_121:0629c26_2']	以五解脫道。	以五解脫道。	The five paths of liberation
['T27n1545_121:0629c26_11']	為等流果及士用果。	為等流果及士用果。	are the effect of outflow and the effect of human effort.
['T27n1545_121:0629c27_5']	以後等勝自類諸道為等流果。	以後等勝自類諸道為等流果。	The subsequent paths of the same kind that are equal or superior are the effect of outflow.
['T27n1545_121:0629c28_2']	第六無間道以第六品隨眠等斷。	第六無間道以第六品隨眠等斷。	The sixth uninterrupted path abandons the sixth category of latent afflictions and so on
['T27n1545_121:0629c28_11']	為離繫果及士用果。	為離繫果及士用果。	is the effect of disjunction and the effect of human effort.
['T27n1545_121:0629c29_8']	以第六解脫道為等流果及士用果。	以第六解脫道為等流果及士用果。	The sixth path of liberation takes the homogeneous cause and the effect of human effort as its effect.
['T27n1545_121:0630a01_4', 'T27n1545_121:0630a01_17']	以後等勝自類諸道為等流果。🔽以三界見所斷及欲界修所斷。	以後等勝自類諸道為等流果。 以三界見所斷及欲界修所斷。	The subsequent, equal, and superior paths of the same type take the homogeneous cause as their effect.🔽The three realms of views to be eliminated, and the first five categories of the afflictions to be eliminated through cultivation in the desire realm,
['T27n1545_121:0630a02_10']	前五品隨眠等斷集得作證。	前五品隨眠等斷集得作證。	are eliminated and the attainment of realization is accomplished.
['T27n1545_121:0630a02_17']	此第六無間道。	此第六無間道。	This sixth uninterrupted path,
['T27n1545_121:0630a03_7']	以彼諸斷為士用果。	以彼諸斷為士用果。	takes the elimination of those afflictions as the effect of human effort.
['T27n1545_121:0630a03_12']	諸一來者。	諸一來者。	For those who are once-returners,
['T27n1545_121:0630a04_3']	於不還果求作證時。	於不還果求作證時。	when seeking to realize the fruit of non-returning,
['T27n1545_121:0630a04_18']	無間道起能斷欲界修所斷四隨眠。	無間道起能斷欲界修所斷四隨眠。	the uninterrupted path arises and is able to eliminate the four latent afflictions to be eliminated through cultivation in the desire realm.
['T27n1545_121:0630a05_8']	若斷第七及第八品。	若斷第七及第八品。	If the seventh and eighth categories are eliminated,
['T27n1545_121:0630a05_13']	此無間道。	此無間道。	this uninterrupted path,
['T27n1545_121:0630a06_3']	以彼二品隨眠等斷。	以彼二品隨眠等斷。	takes the elimination of those two categories of latent afflictions,
['T27n1545_121:0630a06_12']	為離繫果及士用果。	為離繫果及士用果。	as the effect of separation and the effect of human effort.
['T27n1545_121:0630a07_8']	以二解脫道為等流果及士用果。	以二解脫道為等流果及士用果。	The two paths of liberation take the homogeneous cause and the effect of human effort as their effects.
['T27n1545_121:0630a07_17']	以後等勝自類諸道。	以後等勝自類諸道。	The subsequent, equal, and superior paths of the same type,
['T27n1545_121:0630a08_4', 'T27n1545_121:0630a08_14']	為等流果。🔽若斷第九品一無間道。	為等流果。 若斷第九品一無間道。	take the homogeneous cause as their effect.🔽If the ninth category is eliminated, the single uninterrupted path,
['T27n1545_121:0630a09_5']	以第九品隨眠等斷。	以第九品隨眠等斷。	takes the elimination of the ninth category of latent afflictions,
['T27n1545_121:0630a09_14']	為離繫果及士用果。	為離繫果及士用果。	It is the effect of disjunction and the effect of human effort.
['T27n1545_121:0630a10_2']	以第九解脫道。	以第九解脫道。	With the ninth path of liberation,
['T27n1545_121:0630a10_11']	為等流果及士用果。	為等流果及士用果。	it is the effect of natural outflow and the effect of human effort.
['T27n1545_121:0630a11_1']	以後等勝自類諸道。	以後等勝自類諸道。	With the subsequent paths of the same type that are equal or superior,
['T27n1545_121:0630a11_6']	為等流果。	為等流果。	it is the effect of natural outflow.
['T27n1545_121:0630a12_8']	以三界見所斷及欲界修所斷前八品隨眠等斷集。	以三界見所斷及欲界修所斷前八品隨眠等斷集。	With the cessation of the abandonment of the defilements to be eliminated by the path of seeing in the three realms and the first eight categories of defilements to be eliminated by cultivation in the desire realm,
['T27n1545_121:0630a12_12']	得作證。	得作證。	one attains realization.
['T27n1545_121:0630a12_19']	此第九無間道。	此第九無間道。	This ninth uninterrupted path,
['T27n1545_121:0630a13_8']	以彼諸斷為士用果。	以彼諸斷為士用果。	with those abandonments as the effect of human effort.
['T27n1545_121:0630a13_13']	諸不還者。	諸不還者。	For those who are non-returners,
['T27n1545_121:0630a14_4']	於無學果求作證時。	於無學果求作證時。	when seeking to realize the fruit of arhatship,
['T27n1545_121:0630a15_3']	無間道起能斷色無色界修所斷六隨眠。	無間道起能斷色無色界修所斷六隨眠。	the uninterrupted path arises, able to eliminate the six latent defilements to be eliminated by cultivation in the formless realm.
['T27n1545_121:0630a15_12']	若斷初靜慮染一品。	若斷初靜慮染一品。	If one eliminates the first category of defilements of the first trance state,
['T27n1545_121:0630a15_17']	乃至九品。	乃至九品。	up to the ninth category,
['T27n1545_121:0630a16_3']	此九無間道。	此九無間道。	these nine uninterrupted paths,
['T27n1545_121:0630a16_12']	以彼九品隨眠等斷。	以彼九品隨眠等斷。	with the abandonment of those nine categories of latent defilements,
['T27n1545_121:0630a17_2']	為離繫果及士用果。	為離繫果及士用果。	are the effect of disjunction and the effect of human effort.
['T27n1545_121:0630a17_16']	以九解脫道為等流果及士用果。	以九解脫道為等流果及士用果。	With the nine paths of liberation, they are the effect of natural outflow and the effect of human effort.
['T27n1545_121:0630a18_11']	以後等勝自類諸道為等流果。	以後等勝自類諸道為等流果。	With the subsequent paths of the same type that are equal or superior, they are the effect of natural outflow.
['T27n1545_121:0630a19_7']	如是乃至離非想非非想處染。	如是乃至離非想非非想處染。	In this way, up to being free from the defilements of the sphere of neither-perception-nor-non-perception.
['T27n1545_121:0630a19_13']	前八無間道。	前八無間道。	The first eight uninterrupted paths
['T27n1545_121:0630a20_3']	以彼八品隨眠等斷。	以彼八品隨眠等斷。	with the abandonment of those eight classes of latent afflictions, etc.
['T27n1545_121:0630a20_12']	為離繫果及士用果。	為離繫果及士用果。	are the fruit of separation and the fruit of human effort.
['T27n1545_121:0630a21_8']	以八解脫道為等流果及士用果。	以八解脫道為等流果及士用果。	With the eight liberated paths, they are the fruit of outflow and the fruit of human effort.
['T27n1545_121:0630a21_17']	以後等勝諸無漏道。	以後等勝諸無漏道。	With the subsequent superior pure paths,
['T27n1545_121:0630a22_3']	為等流果。	為等流果。	they are the fruit of outflow.
['T27n1545_121:0630a22_16']	金剛喻定以第九品隨眠等斷。	金剛喻定以第九品隨眠等斷。	The diamond-like concentration, with the abandonment of the ninth class of latent afflictions, etc.,
['T27n1545_121:0630a23_6']	為離繫果及士用果。	為離繫果及士用果。	is the fruit of separation and the fruit of human effort.
['T27n1545_121:0630a24_2']	以初盡智品為等流果及士用果。	以初盡智品為等流果及士用果。	With the first class of knowledge of elimination, it is the fruit of outflow and the fruit of human effort.
['T27n1545_121:0630a24_11']	以後等勝諸無漏道。	以後等勝諸無漏道。	With the subsequent superior pure paths,
['T27n1545_121:0630a24_16']	為等流果。	為等流果。	it is the fruit of outflow.
['T27n1545_121:0630a25_11']	以三界見所斷及下八地修所斷。	以三界見所斷及下八地修所斷。	With the abandonment of the seen and cultivated [afflictions] of the three realms, and the first eight classes of afflictions to be eliminated by cultivation in the lower eight stages,
['T27n1545_121:0630a26_4']	并非想非非想處修所斷。	并非想非非想處修所斷。	not the sphere of neither-perception-nor-non-perception,
['T27n1545_121:0630a26_13']	前八品隨眠等斷集。	前八品隨眠等斷集。	the accumulation of the abandonment of the first eight classes of latent afflictions, etc.,
['T27n1545_121:0630a26_17']	得作證。	得作證。	is attained.
['T27n1545_121:0630a27_11']	此金剛喻定以彼諸斷為士用果。	此金剛喻定以彼諸斷為士用果。	This diamond-like concentration, with those abandonments as the fruit of human effort,
['T27n1545_121:0630a28_8']	若諸異生離欲界乃至無所有處。	若諸異生離欲界乃至無所有處。	if ordinary beings are free from the desire realm up to the sphere of nothingness,
['T27n1545_121:0630a28_18']	見修所斷染諸無間道。	見修所斷染諸無間道。	The uninterrupted paths of defilements to be eliminated by the path of seeing and cultivation.
['T27n1545_121:0630a29_8']	以彼諸斷諸解脫道。	以彼諸斷諸解脫道。	The paths of liberation of those eliminations.
['T27n1545_121:0630a29_17']	及後等勝自類諸道。	及後等勝自類諸道。	And the subsequent, equal, and superior paths of the same type.
['T27n1545_121:0630b01_1']	為果。	為果。	Are the fruits.
['T27n1545_121:0630b01_8']	多少如理應思。	多少如理應思。	The number of each should be considered according to reason.
['T27n1545_121:0630b01_13']	士用果者。	士用果者。	As for the effect of human effort,
['T27n1545_121:0630b02_5']	若法由彼士用故成此法。	若法由彼士用故成此法。	if a dharma is accomplished by human effort,
['T27n1545_121:0630b02_12']	說為彼士用果。	說為彼士用果。	it is said to be the effect of human effort.
['T27n1545_121:0630b02_17']	增上果者。	增上果者。	As for the dominant effect,
['T27n1545_121:0630b03_7']	若法由彼增上所起。	若法由彼增上所起。	if a dharma is produced by the dominant condition,
['T27n1545_121:0630b04_2']	當知此法是彼增上及增上果。	當知此法是彼增上及增上果。	it should be known that this dharma is the dominant condition and the dominant effect.
['T27n1545_121:0630b04_11', 'T27n1545_121:0630b05_3']	是餘增上非增上果。🔽謂後生諸法是前法增上。	是餘增上非增上果。 謂後生諸法是前法增上。	The remaining dominant conditions are not dominant effects.
['T27n1545_121:0630b05_8']	及增上果。	及增上果。	Namely, the subsequently arisen dharmas are the dominant conditions and dominant effects of the preceding dharmas.
['T27n1545_121:0630b05_13']	前生諸法。	前生諸法。	The preceding dharmas
['T27n1545_121:0630b06_3']	是後法增上非增上果。	是後法增上非增上果。	are the dominant conditions but not the dominant effects of the subsequent dharmas.
['T27n1545_121:0630b06_8', 'T27n1545_121:0630b06_15']	未來諸法。🔽是過現法增上。	未來諸法。 是過現法增上。	The future dharmas
['T27n1545_121:0630b06_20']	及增上果。	及增上果。	are the dominant conditions and dominant effects of the past and present dharmas.
['T27n1545_121:0630b07_4']	過現諸法。	過現諸法。	The past and present dharmas
['T27n1545_121:0630b07_15']	是未來法增上非增上果。	是未來法增上非增上果。	are the dominant conditions but not the dominant effects of the future dharmas.
['T27n1545_121:0630b08_2']	未來現在法。	未來現在法。	The future and present dharmas
['T27n1545_121:0630b08_9']	是過去法增上。	是過去法增上。	are the dominant conditions of the past dharmas.
['T27n1545_121:0630b08_14', 'T27n1545_121:0630b08_19']	及增上果。🔽過去諸法。	及增上果。 過去諸法。	and dominant fruit.🔽Past dharmas
['T27n1545_121:0630b09_7']	是未來現在法增上。	是未來現在法增上。	are the dominant conditions for future and present dharmas.
['T27n1545_121:0630b09_12']	非增上果。	非增上果。	They are not dominant fruits.
['T27n1545_121:0630b10_4']	問士用果增上果何差別。	問士用果增上果何差別。	Question: What is the difference between the human effort fruit and the dominant fruit?
['T27n1545_121:0630b10_10']	答諸所作事。	答諸所作事。	Answer: All things that are done
['T27n1545_121:0630b11_4']	於能作者是士用果及增上果。	於能作者是士用果及增上果。	are the human effort fruit and the dominant fruit for the doer.
['T27n1545_121:0630b11_13', 'T27n1545_121:0630b12_11']	於能受者唯增上果。🔽如稼穡等所作諸事於農夫等是士用果。	於能受者唯增上果。 如稼穡等所作諸事於農夫等是士用果。	For the experiencer, they are only the dominant fruit.
['T27n1545_121:0630b12_16']	及增上果。	及增上果。	For example, all things that are done, such as farming, are the human effort fruit and the dominant fruit for farmers.
['T27n1545_121:0630b13_7', 'T27n1545_121:0630b13_16']	於受用者唯增上果。🔽士用力起名士用果。	於受用者唯增上果。 士用力起名士用果。	For the enjoyer, they are only the dominant fruit.🔽Arising from the power of human effort is called the human effort fruit.
['T27n1545_121:0630b14_6']	增上力起名增上果。	增上力起名增上果。	Arising from the dominant power is called the dominant fruit.
['T27n1545_121:0630b14_15']	增上力寬不障礙故。	增上力寬不障礙故。	The dominant power is broad because it does not obstruct.
['T27n1545_121:0630b15_6']	士用力狹能引證故。	士用力狹能引證故。	The power of human effort is narrow because it can lead to realization.
['T27n1545_121:0630b15_13']	是名二果差別。	是名二果差別。	This is called the difference between the two fruits.
['T27n1545_121:0630b16_4']	西方諸師說果有九種。	西方諸師說果有九種。	Western masters say that there are nine kinds of fruits.
['T27n1545_121:0630b16_13']	謂於前五更加四種。	謂於前五更加四種。	That is, in addition to the previous five, four more are added.
['T27n1545_121:0630b16_18']	一安立果。	一安立果。	First, the established fruit.
['T27n1545_121:0630b17_4']	二加行果。	二加行果。	Second, the practice fruit.
['T27n1545_121:0630b17_9']	三和合果。	三和合果。	Third, the combined fruit.
['T27n1545_121:0630b17_14']	四修習果。	四修習果。	Fourth, the cultivated fruit.
['T27n1545_121:0630b17_19']	安立果者。	安立果者。	As for the established fruit,
['T27n1545_121:0630b18_7']	謂依風輪安立水輪。	謂依風輪安立水輪。	it refers to the fact that the water wheel is established based on the wind wheel,
['T27n1545_121:0630b18_16']	復依水輪安立金輪。	復依水輪安立金輪。	and the gold wheel is established based on the water wheel,
['T27n1545_121:0630b19_7']	復依金輪安立大地。	復依金輪安立大地。	and the great earth is established based on the gold wheel,
['T27n1545_121:0630b20_3']	復依大地安立一切情非情數。	復依大地安立一切情非情數。	and all sentient and non-sentient things are established based on the great earth.
['T27n1545_121:0630b20_12']	此中後後是前前果。	此中後後是前前果。	Here, the latter is the fruit of the former.
['T27n1545_121:0630b21_2']	餘安立果類此應知。	餘安立果類此應知。	The other established fruits should be understood in this way.
['T27n1545_121:0630b21_7']	加行果者。	加行果者。	As for the fruit of application,
['T27n1545_121:0630b21_12']	謂不淨觀。	謂不淨觀。	it refers to the fact that the contemplation of impurity
['T27n1545_121:0630b21_17']	或持息念。	或持息念。	or mindfulness of breathing
['T27n1545_121:0630b22_1']	為加行。	為加行。	is the application.
['T27n1545_121:0630b22_11']	故漸次引起盡無生智。	故漸次引起盡無生智。	Therefore, it gradually gives rise to the knowledge of extinction and non-arising.
['T27n1545_121:0630b23_2']	餘加行果類此應知。	餘加行果類此應知。	The other fruits of application should be understood in this way.
['T27n1545_121:0630b23_7']	和合果者。	和合果者。	As for the fruit of combination,
['T27n1545_121:0630b23_16']	謂眼色和合生眼識。	謂眼色和合生眼識。	it refers to the fact that eye and form combine to give rise to eye consciousness,
['T27n1545_121:0630b24_7']	乃至意法和合生意識。	乃至意法和合生意識。	and mind and dharmas combine to give rise to mental consciousness.
['T27n1545_121:0630b24_16']	餘和合果類此應知。	餘和合果類此應知。	The other fruits of combination should be understood in this way.
['T27n1545_121:0630b25_3', 'T27n1545_121:0630b25_13']	修習果者。🔽謂由色界道起欲界化。	修習果者。 謂由色界道起欲界化。	As for the fruit of cultivation,
['T27n1545_121:0630b25_18']	及欲界語。	及欲界語。	it refers to the fact that the path of the form realm gives rise to transformations and speech of the desire realm.
['T27n1545_121:0630b26_4']	此化及語。	此化及語。	This transformation and speech
['T27n1545_121:0630b26_9']	是修習果。	是修習果。	are the fruit of cultivation.
['T27n1545_121:0630b26_16']	餘修習果亦爾。	餘修習果亦爾。	The other fruits of cultivation are also like this.
['T27n1545_121:0630b27_6']	迦濕彌羅國諸論師言。	迦濕彌羅國諸論師言。	The Abhidharma masters of Kaśmīra say:
['T27n1545_121:0630b27_15']	此中後四即前五攝。	此中後四即前五攝。	The last four are included in the first five.
['T27n1545_121:0630b28_5']	彼即士用增上果故。	彼即士用增上果故。	Because they are the results of human effort and predominance.
['T27n1545_121:0630b29_8']	應知世俗對治道業。	應知世俗對治道業。	One should know that the worldly path of practice and the path of cultivation have results.
['T27n1545_121:0630b29_17']	具由五果說名有果。	具由五果說名有果。	They are called having results because they are endowed with the five results.
['T27n1545_121:0630c01_9']	彼加行解脫勝進道業。	彼加行解脫勝進道業。	The path of preparation, the path of liberation, and the path of advancement have results.
['T27n1545_121:0630c01_18']	及餘不善善有漏業。	及餘不善善有漏業。	And the other unwholesome and wholesome contaminated actions
['T27n1545_121:0630c02_8']	由四果故說名有果。	由四果故說名有果。	are called having results because they have four results.
['T27n1545_121:0630c02_13']	除離繫果。	除離繫果。	Excluding the result of disentanglement.
['T27n1545_121:0630c03_4']	若諸無漏對治道業。	若諸無漏對治道業。	If the uncontaminated path of practice has results,
['T27n1545_121:0630c03_13']	亦由四果說名有果。	亦由四果說名有果。	it is also called having results because it has four results.
['T27n1545_121:0630c04_9']	除異熟果彼加行解脫勝進道業。	除異熟果彼加行解脫勝進道業。	Excluding the result of karmic maturation. The path of preparation, the path of liberation, and the path of advancement
['T27n1545_121:0630c04_14']	及無記業。	及無記業。	and indeterminate actions
['T27n1545_121:0630c05_4']	由三果故說名有果。	由三果故說名有果。	are called having results because they have three results.
['T27n1545_121:0630c05_13']	除離繫果及異熟果。	除離繫果及異熟果。	Excluding the result of disentanglement and the result of karmic maturation.
['T27n1545_121:0630c06_4']	是名此處略毘婆沙。	是名此處略毘婆沙。	This is called the brief discussion of this topic.
['T27n1545_121:0630c07_11']	若業有果彼業皆有異熟耶。	若業有果彼業皆有異熟耶。	If an action has results, does that action all have karmic maturation?
['T27n1545_121:0630c08_1']	答諸業有異熟。	答諸業有異熟。	Answer: Those actions that have karmic maturation
['T27n1545_121:0630c08_7']	彼業皆有果。	彼業皆有果。	all have results.
['T27n1545_121:0630c08_12']	應知此業。	應知此業。	One should know that this action
['T27n1545_121:0630c08_17']	或由五果。	或由五果。	may be by the five results.
['T27n1545_121:0630c09_2']	或由四果。	或由四果。	Or by the four fruits.
['T27n1545_121:0630c09_7']	說名有果。	說名有果。	It is said to have fruits.
['T27n1545_121:0630c09_13']	或有業有果。	或有業有果。	Or there are actions that have fruits.
['T27n1545_121:0630c09_19', 'T27n1545_121:0630c10_4']	彼業無異熟。🔽謂無記業。	彼業無異熟。 謂無記業。	But those actions have no retribution.🔽It refers to indeterminate actions.
['T27n1545_121:0630c10_8']	無漏業。	無漏業。	And pure actions.
['T27n1545_121:0630c10_17']	應知此業或由四果。	應知此業或由四果。	It should be known that this action is either by the four fruits.
['T27n1545_121:0630c11_3']	或由三果。	或由三果。	Or by the three fruits.
['T27n1545_121:0630c11_8']	說名有果。	說名有果。	It is said to have fruits.
['T27n1545_121:0630c11_17']	然無異熟不堅實故。	然無異熟不堅實故。	However, it has no retribution because it is not solid.
['T27n1545_121:0630c12_3']	無愛潤故。	無愛潤故。	Because it is not moistened by craving.
['T27n1545_121:0630c13_11']	若業無果彼業皆無異熟耶。	若業無果彼業皆無異熟耶。	If an action has no fruit, does that action have no retribution?
['T27n1545_121:0630c14_1']	答無有業無果。	答無有業無果。	The answer is: There is no action that has no fruit.
['T27n1545_121:0630c14_10']	謂一切業或由五果。	謂一切業或由五果。	It refers to all actions, which are either by the five fruits.
['T27n1545_121:0630c14_15']	或由四果。	或由四果。	Or by the four fruits.
['T27n1545_121:0630c15_1']	或由三果。	或由三果。	Or by the three fruits.
['T27n1545_121:0630c15_6']	說有果故。	說有果故。	Because it is said to have fruits.
['T27n1545_121:0630c15_13', 'T27n1545_121:0630c15_18']	或有業無異熟。🔽謂無記業。	或有業無異熟。 謂無記業。	Or there are actions that have no retribution.🔽It refers to indeterminate actions.
['T27n1545_121:0630c16_2']	無漏業。	無漏業。	And pure actions.
['T27n1545_121:0630c16_6']	如前說。	如前說。	As explained above.
['T27n1545_121:0630c16_16']	問若一切業皆有果者。	問若一切業皆有果者。	If all actions have fruits,
['T27n1545_121:0630c17_6']	佛所說頌當云何通。	佛所說頌當云何通。	how can we understand the verse spoken by the Buddha?
['T27n1545_121:0630c17_9']	如說。	如說。	It says:
['T27n1545_121:0630c18_0']	如花雖可愛　　有色而無香	如花雖可愛　　有色而無香	Although a flower may be lovely, it has color but no fragrance.
['T27n1545_121:0630c19_0']	如是有妙語　　無果無所作	如是有妙語　　無果無所作	In the same way, there may be beautiful words, but they have no fruit and no effect.
['T27n1545_121:0630c20_9']	答依說法者佛說此頌。	答依說法者佛說此頌。	Answer: It is based on the expounder of the Dharma that the Buddha spoke this verse.
['T27n1545_121:0630c21_1']	謂說法時彼聽法者。	謂說法時彼聽法者。	That is to say, when expounding the Dharma, the listener
['T27n1545_121:0630c21_10']	不能信受如教奉行。	不能信受如教奉行。	is unable to accept it in faith and practice it as taught.
['T27n1545_121:0630c21_15']	名為無果。	名為無果。	This is called having no fruit.
['T27n1545_121:0630c22_5']	或說法者雖復善說。	或說法者雖復善說。	Or, even though the expounder of the Dharma may expound it well,
['T27n1545_121:0630c22_14']	而不能行故言無果。	而不能行故言無果。	he is unable to practice it, so it is said to have no fruit.
['T27n1545_121:0630c23_6']	或先有所言許施他物。	或先有所言許施他物。	Or, having previously promised to give something to another,
['T27n1545_121:0630c23_15']	後不能惠故言無果。	後不能惠故言無果。	he is unable to bestow it, so it is said to have no fruit.
['T27n1545_121:0630c24_7']	問餘經所說復云何通。	問餘經所說復云何通。	Question: How can we understand the other sūtras?
['T27n1545_121:0630c24_10']	如說。	如說。	As it is said:
['T27n1545_121:0630c25_0']	有命樂惛眠　　空無果無義	有命樂惛眠　　空無果無義	Having life, pleasure, dullness, and sleep, empty, fruitless, and meaningless,
['T27n1545_121:0630c26_0']	無味無勝利　　都無有出生	無味無勝利　　都無有出生	Without flavor, without benefit, utterly without arising.
['T27n1545_121:0630c27_9']	答有覺寤時能逮勝德。	答有覺寤時能逮勝德。	Answer: When one is awake, one is able to attain superior virtues.
['T27n1545_121:0630c28_1']	樂睡眠故虛越此時。	樂睡眠故虛越此時。	Because of delighting in sleep, one passes over this time in vain.
['T27n1545_121:0630c28_10']	世尊依彼說如是頌。	世尊依彼說如是頌。	The World-Honored One, based on this, spoke this verse.
['T27n1545_121:0630c29_2']	問若樂睡眠空無果者。	問若樂睡眠空無果者。	Question: If delighting in sleep is empty and fruitless,
['T27n1545_121:0630c29_11']	餘經所說復云何通。	餘經所說復云何通。	how can we understand what is said in other sūtras?
['T27n1545_121:0630c29_14']	如說。	如說。	As it is said:
['T27n1545_121:0631a01_4']	寧可睡眠勿餘尋伺。	寧可睡眠勿餘尋伺。	It is better to sleep than to have other discursive thoughts.
['T27n1545_121:0631a01_14']	答有覺寤時起惡尋伺。	答有覺寤時起惡尋伺。	Answer: When one is awake, one gives rise to evil discursive thoughts.
['T27n1545_121:0631a02_5']	鬪諍惱亂無量有情。	鬪諍惱亂無量有情。	Causing immeasurable sentient beings to be disturbed by disputes.
['T27n1545_121:0631a02_14']	佛為誡彼故作是說。	佛為誡彼故作是說。	The Buddha warned them about this and said it.
['T27n1545_121:0631a03_5']	由此義故經有別意。	由此義故經有別意。	For this reason, the sutra has a separate meaning.
['T27n1545_121:0631a03_14']	非謂諸業都無有果。	非謂諸業都無有果。	It does not mean that all karma is completely without results.
['T27n1545_121:0631a04_10']	若業不善彼業皆顛倒耶。	若業不善彼業皆顛倒耶。	If karma is unwholesome, is that karma all inverted?
['T27n1545_121:0631a04_16']	答應作四句。	答應作四句。	The answer is that four sentences should be made.
['T27n1545_121:0631a05_7']	有業不善彼業非顛倒。	有業不善彼業非顛倒。	There is karma that is unwholesome but that karma is not inverted.
['T27n1545_121:0631a05_16']	謂如有一見有因果。	謂如有一見有因果。	This refers to someone who sees that there is cause and effect.
['T27n1545_121:0631a06_3']	起如是見。	起如是見。	They give rise to such a view.
['T27n1545_121:0631a06_8']	立如是論。	立如是論。	They establish such a theory.
['T27n1545_121:0631a07_6']	有業有業果異熟而行身語意惡行。	有業有業果異熟而行身語意惡行。	There is karma and the ripening of the results of karma, yet they engage in physical, verbal, and mental evil deeds.
['T27n1545_121:0631a07_16']	問何因緣故彼行惡行。	問何因緣故彼行惡行。	What is the reason for their engaging in evil deeds?
['T27n1545_121:0631a08_3']	答三因緣故。	答三因緣故。	The answer is that there are three reasons.
['T27n1545_121:0631a08_8']	一由時故。	一由時故。	First, due to time.
['T27n1545_121:0631a08_13']	二由處故。	二由處故。	Second, due to place.
['T27n1545_121:0631a09_2']	三由補特伽羅故。	三由補特伽羅故。	Third, due to the person.
['T27n1545_121:0631a09_7', 'T27n1545_121:0631a09_17']	由時故者。🔽謂五濁增時諸有情類。	由時故者。 謂五濁增時諸有情類。	As for due to time,
['T27n1545_121:0631a10_7']	威德損減喜造諸惡。	威德損減喜造諸惡。	It refers to the time when the five turbidities increase, and the spiritual powers of sentient beings decrease, and they happily create all kinds of evil.
['T27n1545_121:0631a10_16']	在彼時故亦行惡行。	在彼時故亦行惡行。	Because they are in that time, they also engage in evil deeds.
['T27n1545_121:0631a11_3']	由處故者。	由處故者。	As for due to place,
['T27n1545_121:0631a11_16']	謂生達絮蔑戾車中諸有情類。	謂生達絮蔑戾車中諸有情類。	It refers to sentient beings born among cotton-growers and mleccha people.
['T27n1545_121:0631a12_7']	其性愚鄙多造惡業。	其性愚鄙多造惡業。	Their nature is foolish and vulgar, often creating evil karma.
['T27n1545_121:0631a12_16']	生彼處故亦行惡行。	生彼處故亦行惡行。	Because they are born in that place, they also engage in evil conduct.
['T27n1545_121:0631a13_6']	由補特伽羅故者。	由補特伽羅故者。	As for the reason of the person,
['T27n1545_121:0631a13_17']	謂有一類得惡行眾同分。	謂有一類得惡行眾同分。	there is a type that obtains the common destiny of evil conduct.
['T27n1545_121:0631a14_8']	其性獷暴多造惡業。	其性獷暴多造惡業。	Their nature is fierce and violent, often creating evil karma.
['T27n1545_121:0631a14_17']	如屠羊等諸不律儀。	如屠羊等諸不律儀。	Like butchers of sheep and others who are not disciplined.
['T27n1545_121:0631a15_8']	親近彼故亦行惡行。	親近彼故亦行惡行。	Because of associating with them, they also engage in evil conduct.
['T27n1545_121:0631a16_4']	應知此業由自性故說名不善。	應知此業由自性故說名不善。	It should be known that this karma is called unwholesome by nature.
['T27n1545_121:0631a16_13']	是身語意惡行攝故。	是身語意惡行攝故。	Because it is included in evil conduct of body, speech, and mind.
['T27n1545_121:0631a17_4']	由所依故名非顛倒。	由所依故名非顛倒。	By the reason of the basis, it is called non-inverted.
['T27n1545_121:0631a17_13']	是有作見不愚因果。	是有作見不愚因果。	It is the view of action, not ignorant of cause and effect.
['T27n1545_121:0631a18_4']	正見身中所等起故。	正見身中所等起故。	Because it is equally produced in the body of right view.
['T27n1545_121:0631a18_13']	如寶器中盛諸糞穢。	如寶器中盛諸糞穢。	Like feces and filth contained in a precious vessel.
['T27n1545_121:0631a19_5']	有業顛倒彼業非不善。	有業顛倒彼業非不善。	There is karma that is inverted, but that karma is not unwholesome.
['T27n1545_121:0631a19_14']	謂如有一見無因果。	謂如有一見無因果。	It is like someone who does not see cause and effect.
['T27n1545_121:0631a20_1']	起如是見。	起如是見。	Gives rise to such a view.
['T27n1545_121:0631a20_6']	立如是論。	立如是論。	Establishes such a doctrine.
['T27n1545_121:0631a20_14']	無業無業果異熟。	無業無業果異熟。	There is no karma, no karma and its result to be experienced.
['T27n1545_121:0631a21_4']	而行身語意妙行。	而行身語意妙行。	Yet practices good conduct of body, speech, and mind.
['T27n1545_121:0631a21_14']	問何因緣故彼行妙行。	問何因緣故彼行妙行。	Why do they practice good conduct?
['T27n1545_121:0631a22_2']	答三因緣故。	答三因緣故。	The answer is: for three reasons.
['T27n1545_121:0631a22_7']	一由時故。	一由時故。	First, by time.
['T27n1545_121:0631a22_12']	二由處故。	二由處故。	Second, by place.
['T27n1545_121:0631a23_1', 'T27n1545_121:0631a23_6']	三由補特伽羅故。🔽由時故者。	三由補特伽羅故。 由時故者。	Third, by the person.🔽By time means
['T27n1545_121:0631a23_13']	謂五濁不增時。	謂五濁不增時。	at the time when the five turbidities are not increasing,
['T27n1545_121:0631a24_3']	諸有情類具大威德。	諸有情類具大威德。	all sentient beings have great authority and power,
['T27n1545_121:0631a24_12']	好修諸善在彼時故。	好修諸善在彼時故。	liking to cultivate various good deeds, being in that time.
['T27n1545_121:0631a25_4']	雖不樂為亦行妙行。	雖不樂為亦行妙行。	Even if they do not enjoy doing it, they still practice good conduct.
['T27n1545_121:0631a25_9']	由處故者。	由處故者。	By place means
['T27n1545_121:0631a25_18']	謂生中國諸有情類。	謂生中國諸有情類。	being born in the central country, all sentient beings
['T27n1545_121:0631a26_8']	其性聰敏志意調柔。	其性聰敏志意調柔。	are by nature intelligent and their minds are pliable,
['T27n1545_121:0631a26_17']	多修善業生彼處故。	多修善業生彼處故。	often cultivating good deeds, being born in that place.
['T27n1545_121:0631a27_8']	雖不樂為亦行妙行。	雖不樂為亦行妙行。	Even if they do not enjoy doing it, they still practice good conduct.
['T27n1545_121:0631a27_16']	由補特伽羅故者。	由補特伽羅故者。	By the person means
['T27n1545_121:0631a28_10']	謂有一類得妙行眾同分。	謂有一類得妙行眾同分。	there is a type of person who obtains the good conduct of the same group,
['T27n1545_121:0631a29_2']	其性和雅多修善業。	其性和雅多修善業。	their nature is harmonious and elegant, often cultivating good deeds,
['T27n1545_121:0631a29_11']	如住律儀親近彼故。	如住律儀親近彼故。	like those who abide by the precepts, being close to them.
['T27n1545_121:0631b01_3']	雖不樂為亦行妙行。	雖不樂為亦行妙行。	Even if they do not enjoy doing it, they still practice good conduct.
['T27n1545_121:0631b01_16']	應知此業由所依故說名顛倒。	應知此業由所依故說名顛倒。	It should be known that this karma is said to be upside-down by its basis.
['T27n1545_121:0631b02_7']	是無作見愚於因果。	是無作見愚於因果。	This view of non-action is ignorant of cause and effect.
['T27n1545_121:0631b02_16']	邪見身中所等起故。	邪見身中所等起故。	Because it arises equally in the body of wrong view.
['T27n1545_121:0631b03_7']	由自性故名非不善。	由自性故名非不善。	By its very nature, it is called not unwholesome.
['T27n1545_121:0631b03_16']	是身語意妙行攝故。	是身語意妙行攝故。	Because it is included in the good conduct of body, speech, and mind.
['T27n1545_121:0631b04_7']	如穢器中盛諸珍寶。	如穢器中盛諸珍寶。	Like precious treasures stored in a filthy vessel.
['T27n1545_121:0631b04_16']	有業亦不善亦顛倒。	有業亦不善亦顛倒。	There is karma that is both unwholesome and inverted.
['T27n1545_121:0631b05_6']	謂如有一見無因果。	謂如有一見無因果。	For example, if someone sees no cause and effect,
['T27n1545_121:0631b05_11']	起如是見。	起如是見。	they give rise to such a view.
['T27n1545_121:0631b06_6']	立如是論無業無業果異熟。	立如是論無業無業果異熟。	They establish such a doctrine, saying there is no karma, no result of karma, and no ripening of karma.
['T27n1545_121:0631b06_14']	復行身語意惡行。	復行身語意惡行。	And they engage in evil conduct of body, speech, and mind.
['T27n1545_121:0631b07_6']	問何因緣故彼行惡行。	問何因緣故彼行惡行。	Question: For what reason do they engage in evil conduct?
['T27n1545_121:0631b07_15']	答三因緣故如前說。	答三因緣故如前說。	Answer: For three reasons, as explained before.
['T27n1545_121:0631b08_10']	應知此業由自性故說名不善。	應知此業由自性故說名不善。	It should be known that this karma is called unwholesome by its very nature.
['T27n1545_121:0631b09_2']	以身語意惡行攝故。	以身語意惡行攝故。	Because it is included in the evil conduct of body, speech, and mind.
['T27n1545_121:0631b09_11']	由所依故復名顛倒。	由所依故復名顛倒。	By its basis, it is also called inverted.
['T27n1545_121:0631b10_2']	是無作見愚於因果。	是無作見愚於因果。	This view of non-action is ignorant of cause and effect.
['T27n1545_121:0631b10_11']	邪見身中等所起故。	邪見身中等所起故。	Because it arises equally in the body of wrong view.
['T27n1545_121:0631b11_1']	如穢器中盛諸糞穢。	如穢器中盛諸糞穢。	Like filth stored in a filthy vessel.
['T27n1545_121:0631b11_10']	有業非不善非顛倒。	有業非不善非顛倒。	There is karma that is neither unwholesome nor inverted.
['T27n1545_121:0631b12_2']	謂如有一見有因果。	謂如有一見有因果。	It is like someone who sees cause and effect.
['T27n1545_121:0631b12_7']	起如是見。	起如是見。	They give rise to such a view.
['T27n1545_121:0631b12_12']	立如是論。	立如是論。	They establish such a doctrine.
['T27n1545_121:0631b13_2']	有業有業果異熟。	有業有業果異熟。	There is karma and there is the ripening of karma and its effects.
['T27n1545_121:0631b13_10']	復行身語意妙行。	復行身語意妙行。	They also practice good conduct of body, speech, and mind.
['T27n1545_121:0631b14_1']	問何因緣故彼行妙行。	問何因緣故彼行妙行。	Why do they practice good conduct?
['T27n1545_121:0631b14_10']	答三因緣故如前說。	答三因緣故如前說。	The answer is: for three reasons, as explained before.
['T27n1545_121:0631b15_5']	應知此業由自性故名非不善。	應知此業由自性故名非不善。	It should be known that this karma is called not unwholesome by nature.
['T27n1545_121:0631b15_14']	以身語意妙行攝故。	以身語意妙行攝故。	Because it is included in the good conduct of body, speech, and mind.
['T27n1545_121:0631b16_5']	由所依故名非顛倒。	由所依故名非顛倒。	It is called not inverted by basis.
['T27n1545_121:0631b16_14']	是有作見不愚因果。	是有作見不愚因果。	This is the view of action, not ignorant of cause and effect.
['T27n1545_121:0631b17_5']	正見身中等所起故。	正見身中等所起故。	Because it arises equally in the body and so on of right view.
['T27n1545_121:0631b17_14']	如寶器中盛諸珍寶。	如寶器中盛諸珍寶。	It is like precious treasures contained in a precious vessel.
['T27n1545_121:0631b18_10']	若業是善彼業不顛倒耶。	若業是善彼業不顛倒耶。	If an action is good, is that action not inverted?
['T27n1545_121:0631b18_16', 'T27n1545_121:0631b19_8']	答應作四句。🔽謂前第二句作此第一句。	答應作四句。 謂前第二句作此第一句。	The answer is: four sentences should be made.🔽That is, the second sentence above becomes the first sentence here.
['T27n1545_121:0631b19_18']	前第一句作此第二句。	前第一句作此第二句。	The first sentence above becomes the second sentence here.
['T27n1545_121:0631b20_9']	前第四句作此第三句。	前第四句作此第三句。	The fourth sentence above becomes the third sentence here.
['T27n1545_121:0631b21_1']	前第三句作此第四句。	前第三句作此第四句。	The third sentence above becomes the fourth sentence here.
['T27n1545_121:0631b21_6']	廣如前說。	廣如前說。	It is explained in detail as before.
['T27n1545_121:0631b21_15']	復次於此有異解釋。	復次於此有異解釋。	Furthermore, there is another explanation for this.
['T27n1545_121:0631b22_7']	若業不善彼業皆顛倒耶。	若業不善彼業皆顛倒耶。	If an action is unwholesome, is that action all inverted?
['T27n1545_121:0631b22_13']	答應作四句。	答應作四句。	The answer should be made in four sentences.
['T27n1545_121:0631b23_5']	有業不善彼業非顛倒。	有業不善彼業非顛倒。	There is an action that is unwholesome but that action is not inverted.
['T27n1545_121:0631b23_16']	謂如有一於見有不見想。	謂如有一於見有不見想。	This refers to a case where someone, regarding what is seen, has the notion of not seeing.
['T27n1545_121:0631b24_5']	他問言汝見不。	他問言汝見不。	When asked by another, Did you see?
['T27n1545_121:0631b24_10']	彼或自為。	彼或自為。	Whether for oneself,
['T27n1545_121:0631b24_14']	或為他。	或為他。	for others,
['T27n1545_121:0631b24_19']	或為名利。	或為名利。	or for fame and profit,
['T27n1545_121:0631b25_10']	便覆此想此忍此見此欲。	便覆此想此忍此見此欲。	one conceals this notion, this forbearance, this view, and this desire.
['T27n1545_121:0631b25_13']	答言。	答言。	The answer is,
['T27n1545_121:0631b25_16']	我見。	我見。	I saw.
['T27n1545_121:0631b26_10']	應知此業由想力故名為不善。	應知此業由想力故名為不善。	It should be known that this action is called unwholesome by the power of the notion.
['T27n1545_121:0631b26_16']	以覆想說故。	以覆想說故。	Because it is said to conceal the notion.
['T27n1545_121:0631b27_7']	由所說事名非顛倒。	由所說事名非顛倒。	By the matter spoken of, it is called non-inverted.
['T27n1545_121:0631b27_13']	於見言見故。	於見言見故。	Because it is said to see what is seen.
['T27n1545_121:0631b28_5']	有業顛倒彼業非不善。	有業顛倒彼業非不善。	There is an action that is inverted but that action is not unwholesome.
['T27n1545_121:0631b28_16']	謂如有一於見有不見想。	謂如有一於見有不見想。	This refers to a case where someone, regarding what is seen, has the notion of not seeing.
['T27n1545_121:0631b29_2']	他問言。	他問言。	When asked by another,
['T27n1545_121:0631b29_6']	汝見不。	汝見不。	Did you see?
['T27n1545_121:0631b29_11']	彼不自為。	彼不自為。	He does not do it for himself,
['T27n1545_121:0631b29_15']	不為他。	不為他。	not for others,
['T27n1545_121:0631c01_1']	不為名利。	不為名利。	not for fame and profit,
['T27n1545_121:0631c01_12']	不覆此想此忍此見此欲。	不覆此想此忍此見此欲。	and does not conceal this notion, this forbearance, this view, and this desire.
['T27n1545_121:0631c01_15']	答言。	答言。	He replied:
['T27n1545_121:0631c01_18']	不見。	不見。	I did not see.
['T27n1545_121:0631c02_11']	應知此業由所說事名為顛倒。	應知此業由所說事名為顛倒。	It should be known that this karma is called inverted due to the matter spoken of.
['T27n1545_121:0631c03_2']	以於見言不見故。	以於見言不見故。	Because he said he did not see what he saw.
['T27n1545_121:0631c03_11']	由想力故名非不善。	由想力故名非不善。	It is called not unwholesome due to the power of thought.
['T27n1545_121:0631c04_2']	以不覆想而說故。	以不覆想而說故。	Because he spoke with a thought of concealment.
['T27n1545_121:0631c04_11']	有業亦不善亦顛倒。	有業亦不善亦顛倒。	There is karma that is both unwholesome and inverted.
['T27n1545_121:0631c05_3']	謂如有一於見有見想。	謂如有一於見有見想。	It is like when someone has seen something and has the thought of having seen it.
['T27n1545_121:0631c05_7']	他問言。	他問言。	Another asks him:
['T27n1545_121:0631c05_11']	汝見不。	汝見不。	Did you see it or not?
['T27n1545_121:0631c05_16']	彼或自為。	彼或自為。	He may do this for himself,
['T27n1545_121:0631c05_20']	或為他。	或為他。	for others,
['T27n1545_121:0631c06_4']	或為名利。	或為名利。	or for fame and profit.
['T27n1545_121:0631c06_15']	便覆此想此忍此見此欲。	便覆此想此忍此見此欲。	He then conceals this thought, this forbearance, this view, and this desire.
['T27n1545_121:0631c06_18']	答言。	答言。	He replies:
['T27n1545_121:0631c07_14']	不見應知此業由想力故名為不善。	不見應知此業由想力故名為不善。	I did not see. It should be known that this karma is called unwholesome due to the power of thought.
['T27n1545_121:0631c08_12']	以覆想而說故由所說事復名顛倒。	以覆想而說故由所說事復名顛倒。	Because he spoke with a thought of concealment. It is called inverted due to the matter spoken of.
['T27n1545_121:0631c09_4']	以於所見言不見故。	以於所見言不見故。	Because he said he did not see what he saw.
['T27n1545_121:0631c09_13']	有業非不善非顛倒。	有業非不善非顛倒。	There is karma that is neither unwholesome nor inverted.
['T27n1545_121:0631c10_6']	謂如有一於見有見想。	謂如有一於見有見想。	It is like when someone has seen something and has the thought of having seen it.
['T27n1545_121:0631c10_10']	他問言。	他問言。	Another asks him:
['T27n1545_121:0631c10_18']	汝見不彼不自為。	汝見不彼不自為。	Did you see it or not? He does not do this for himself,
['T27n1545_121:0631c11_3']	不為他。	不為他。	not for others,
['T27n1545_121:0631c11_8']	不為名利。	不為名利。	Not for fame or profit.
['T27n1545_121:0631c12_2']	不覆此想此忍此見此欲。	不覆此想此忍此見此欲。	Not concealing this thought, this forbearance, this view, this desire.
['T27n1545_121:0631c12_5']	答言。	答言。	Answer:
['T27n1545_121:0631c12_8']	我見。	我見。	I see.
['T27n1545_121:0631c13_2']	應知此業由想力故名非不善。	應知此業由想力故名非不善。	It should be known that this karma is called non-unwholesome due to the power of thought.
['T27n1545_121:0631c13_10']	以不覆想而說故。	以不覆想而說故。	Because it is said with the thought of non-concealment.
['T27n1545_121:0631c14_9']	由所說事名非顛倒以於所見說言見故。	由所說事名非顛倒以於所見說言見故。	It is called non-inverted due to the matter being spoken of, because it is said that one sees what one has seen.
['T27n1545_121:0631c15_1']	如於所見作四句。	如於所見作四句。	As there are four propositions regarding what is seen,
['T27n1545_121:0631c15_14']	如是於所聞覺知亦各作四句。	如是於所聞覺知亦各作四句。	so there are also four propositions regarding what is heard, cognized, and known.
['T27n1545_121:0631c16_9']	如於所見聞覺知各作四句。	如於所見聞覺知各作四句。	As there are four propositions regarding each of what is seen, heard, cognized, and known,
['T27n1545_121:0631c17_7']	如是於所不見聞覺知亦各作四句。	如是於所不見聞覺知亦各作四句。	so there are also four propositions regarding each of what is not seen, not heard, not cognized, and not known.
['T27n1545_121:0631c18_3']	如以不善對顛倒作八四句。	如以不善對顛倒作八四句。	As there are eight propositions with four propositions each by contrasting unwholesomeness with inversion,
['T27n1545_121:0631c18_16']	如是以善對不顛倒應知亦爾。	如是以善對不顛倒應知亦爾。	so it should be known that by contrasting wholesomeness with non-inversion,
['T27n1545_121:0631c19_7']	是則合成十六四句。	是則合成十六四句。	this then forms sixteen propositions with four propositions each.
['T27n1545_121:0631c20_1']	及前二四句成十八四句。	及前二四句成十八四句。	And the previous two propositions with four propositions each form eighteen propositions with four propositions each.
['T27n1545_121:0631c20_11']	復總以不善九小四句。	復總以不善九小四句。	Furthermore, the nine small propositions with four propositions each of unwholesomeness,
['T27n1545_121:0631c20_18']	及善九小四句。	及善九小四句。	and the nine small propositions with four propositions each of wholesomeness,
['T27n1545_121:0631c21_5']	各為一大四句。	各為一大四句。	each form one large proposition with four propositions each.
['T27n1545_121:0631c21_15']	是故總別有二十四句。	是故總別有二十四句。	Therefore, there are a total of twenty-four sentences, general and specific.
['T27n1545_121:0631c22_8']	此中眼識所受名見。	此中眼識所受名見。	Here, what is received by eye consciousness is called seeing.
['T27n1545_121:0631c22_15']	耳識所受名聞。	耳識所受名聞。	What is received by ear consciousness is called hearing.
['T27n1545_121:0631c23_4']	三識所受名覺。	三識所受名覺。	What is received by the three consciousnesses is called cognition.
['T27n1545_121:0631c23_11']	意識所受名知。	意識所受名知。	What is received by mental consciousness is called knowing.
['T27n1545_121:0631c24_2']	說四境故見聞覺知。	說四境故見聞覺知。	Because the four objects are spoken of, there is seeing, hearing, cognition, and knowing.
['T27n1545_121:0631c25_6']	是根非識然舉識者顯眼等根必由識助方能取境。	是根非識然舉識者顯眼等根必由識助方能取境。	These are faculties, not consciousnesses. However, in mentioning consciousness, it is shown that the eye and other faculties can only apprehend objects by the assistance of consciousness.
['T27n1545_121:0631c26_3']	以同分根能有作用非彼同分故。	以同分根能有作用非彼同分故。	Because the homogeneous faculties can have function, not their non-homogeneous counterparts.
['T27n1545_121:0631c26_17']	問何故眼等三識所受各立一種。	問何故眼等三識所受各立一種。	Why are the three consciousnesses received by the eye, etc. each established as one kind,
['T27n1545_121:0631c27_7']	而鼻舌身三識所受。	而鼻舌身三識所受。	while the three consciousnesses received by the nose, tongue, and body,
['T27n1545_121:0631c27_16']	合立一種名為覺耶。	合立一種名為覺耶。	are combined and established as one kind called cognition?
['T27n1545_121:0631c28_5']	尊者世友說曰。	尊者世友說曰。	Venerable Vasumitra said:
['T27n1545_121:0631c28_14']	三識所緣皆唯無記。	三識所緣皆唯無記。	The objects of the three consciousnesses are all only indeterminate.
['T27n1545_121:0631c29_4']	境無記故根立覺名。	境無記故根立覺名。	Because the objects are indeterminate, the faculties are established with the name cognition.
['T27n1545_121:0631c29_13']	又以三根唯取至境。	又以三根唯取至境。	Moreover, the three faculties only apprehend objects that have arrived.
['T27n1545_121:0632a01_4']	與境合故立以覺名。	與境合故立以覺名。	Because they combine with the objects, they are established with the name cognition.
['T27n1545_121:0632a01_9']	大德說言。	大德說言。	The Venerable One said:
['T27n1545_121:0632a02_3']	唯此三根境界鈍昧猶如死尸。	唯此三根境界鈍昧猶如死尸。	Only these three faculties have dull and dim objects, just like corpses.
['T27n1545_121:0632a02_12']	故發識時說名為覺。	故發識時說名為覺。	Therefore, when consciousness arises, it is called cognition.
['T27n1545_121:0632a02_17']	有餘師言。	有餘師言。	Other masters say:
['T27n1545_121:0632a03_10']	眼耳二識依自界緣自他界。	眼耳二識依自界緣自他界。	The two consciousnesses of eye and ear rely on their own realm and take their own and other realms as objects.
['T27n1545_121:0632a03_17']	意識依自他界。	意識依自他界。	Mental consciousness relies on its own and other realms.
['T27n1545_121:0632a04_12']	緣自他界故彼所受各立一種。	緣自他界故彼所受各立一種。	Because it takes its own and other realms as objects, each is established as one kind.
['T27n1545_121:0632a05_7']	鼻等三識唯依自界唯緣自界。	鼻等三識唯依自界唯緣自界。	The three consciousnesses of nose, etc. only rely on their own realm and only take their own realm as objects.
['T27n1545_121:0632a05_16']	故彼所受合立一種。	故彼所受合立一種。	Therefore, what they experience is combined into one kind.
['T27n1545_121:0632a06_12']	如自界他界同分不同分說亦爾。	如自界他界同分不同分說亦爾。	As for the same realm and different realms, the same and different classes, it is said to be the same.
['T27n1545_121:0632a06_17']	有餘師言。	有餘師言。	Other masters say:
['T27n1545_121:0632a07_6']	眼耳二識依同分。	眼耳二識依同分。	The two consciousnesses of eye and ear rely on the same class.
['T27n1545_121:0632a07_13']	緣同分不同分。	緣同分不同分。	They take the same and different classes as objects.
['T27n1545_121:0632a08_4']	意識依同分不同分。	意識依同分不同分。	Mental consciousness relies on the same and different classes.
['T27n1545_121:0632a08_11']	緣同分不同分。	緣同分不同分。	It takes the same and different classes as objects.
['T27n1545_121:0632a09_2']	故彼所受各立一種。	故彼所受各立一種。	Therefore, what it experiences is established as one kind.
['T27n1545_121:0632a09_11']	鼻等三識唯依同分。	鼻等三識唯依同分。	The three consciousnesses of nose, etc. only rely on the same class.
['T27n1545_121:0632a09_16']	唯緣同分。	唯緣同分。	They only take the same class as objects.
['T27n1545_121:0632a10_6']	故彼所受合立一種。	故彼所受合立一種。	Therefore, what they experience is combined into one kind.
['T27n1545_121:0632a10_12']	此說界同分。	此說界同分。	This is said to be the same realm.
['T27n1545_121:0632a10_15']	有說。	有說。	Some say:
['T27n1545_121:0632a11_7']	眼耳二識依無記緣三種。	眼耳二識依無記緣三種。	The two consciousnesses of eye and ear rely on the indeterminate and take three kinds as objects.
['T27n1545_121:0632a11_16']	意識依三種緣三種。	意識依三種緣三種。	Mental consciousness relies on three kinds and takes three kinds as objects.
['T27n1545_121:0632a12_7']	故彼所受各立一種。	故彼所受各立一種。	Therefore, the feelings they experience are established as one kind each.
['T27n1545_121:0632a13_3']	鼻等三識唯依無記唯緣無記。	鼻等三識唯依無記唯緣無記。	The three consciousnesses of nose, etc. only rely on the indeterminate and only take the indeterminate as objects.
['T27n1545_121:0632a13_12']	故彼所受合立一種。	故彼所受合立一種。	Therefore, the feelings they experience are combined and established as one kind.
['T27n1545_121:0632a13_15']	有說。	有說。	Some say:
['T27n1545_121:0632a14_6']	眼耳二識依近緣近遠。	眼耳二識依近緣近遠。	The two consciousnesses of eye and ear rely on the near and take the near as objects, and the far as objects.
['T27n1545_121:0632a14_15']	意識依近遠緣近遠。	意識依近遠緣近遠。	The mental consciousness relies on the near and far and takes the near and far as objects.
['T27n1545_121:0632a15_7']	故彼所受各立一種。	故彼所受各立一種。	Therefore, the feelings they experience are established as one kind each.
['T27n1545_121:0632a15_16']	鼻等三識依近緣近。	鼻等三識依近緣近。	The three consciousnesses of nose, etc. rely on the near and take the near as objects.
['T27n1545_121:0632a16_7']	故彼所受合立一種。	故彼所受合立一種。	Therefore, the feelings they experience are combined and established as one kind.
['T27n1545_121:0632a16_16']	此三根境無間而住。	此三根境無間而住。	These three faculties and objects abide without interval.
['T27n1545_121:0632a17_3']	方能發識故。	方能發識故。	Only then can they give rise to consciousness, therefore,
['T27n1545_121:0632a17_7']	名為近。	名為近。	they are called near.
['T27n1545_121:0632a17_10']	有說。	有說。	Some say:
['T27n1545_121:0632a18_3']	眼耳二識或所依大所緣小。	眼耳二識或所依大所緣小。	The two consciousnesses of eye and ear may have a small faculty as support and a large object,
['T27n1545_121:0632a18_11']	或所緣大所依小。	或所緣大所依小。	a large faculty as support and a small object,
['T27n1545_121:0632a18_18']	或所依所緣等。	或所依所緣等。	or a faculty and object of equal size.
['T27n1545_121:0632a19_8']	眼識所依大所緣小者。	眼識所依大所緣小者。	The eye consciousness having a small faculty as support and a large object means
['T27n1545_121:0632a19_14']	如見毛端等。	如見毛端等。	seeing the tip of a hair, etc.
['T27n1545_121:0632a20_7']	所緣大所依小者如見山等。	所緣大所依小者如見山等。	Having a large object and a small faculty as support means seeing a mountain, etc.
['T27n1545_121:0632a20_14']	所依所緣等者。	所依所緣等者。	Having a faculty and object of equal size means
['T27n1545_121:0632a21_3']	如見蒲桃果等。	如見蒲桃果等。	seeing a grape fruit, etc.
['T27n1545_121:0632a21_12']	如是耳識如量應知。	如是耳識如量應知。	The same should be understood for the ear consciousness.
['T27n1545_121:0632a22_7']	意識所依雖不可說其量大小。	意識所依雖不可說其量大小。	Although the basis of the mental consciousness cannot be said to have a size,
['T27n1545_121:0632a22_16']	而所緣境或小或大。	而所緣境或小或大。	the objects it perceives are sometimes small and sometimes large.
['T27n1545_121:0632a23_7']	故彼所受各立一種。	故彼所受各立一種。	Therefore, the feelings it experiences are established as being of one kind each.
['T27n1545_121:0632a24_3']	鼻等三識所依所緣大小量等故。	鼻等三識所依所緣大小量等故。	The three consciousnesses of the nose, etc., have the same size for their basis and objects.
['T27n1545_121:0632a24_11']	彼所受合立一種。	彼所受合立一種。	Therefore, the feelings they experience are combined and established as being of one kind.
['T27n1545_121:0632a25_2']	隨所依根極微多少。	隨所依根極微多少。	According to the number of atoms that make up the sense organs that are their basis,
['T27n1545_121:0632a25_11']	與爾所境極微合時。	與爾所境極微合時。	when they combine with that many atoms of objects,
['T27n1545_121:0632a26_2']	方能發生鼻等識故。	方能發生鼻等識故。	they are then able to give rise to the nose consciousness, etc.
['T27n1545_121:0632a26_5']	有說。	有說。	Some say:
['T27n1545_121:0632a26_14']	眼等三識緣業非業。	眼等三識緣業非業。	The three consciousnesses of the eye, etc., perceive both karma and what is not karma.
['T27n1545_121:0632a27_4']	故彼所受各立一種。	故彼所受各立一種。	Therefore, the feelings they experience are established as being of one kind each.
['T27n1545_121:0632a27_13']	鼻等三識唯緣非業。	鼻等三識唯緣非業。	The three consciousnesses of the nose, etc., only perceive what is not karma.
['T27n1545_121:0632a28_4']	故彼所受合立一種。	故彼所受合立一種。	Therefore, the feelings they experience are combined and established as being of one kind.
['T27n1545_121:0632a28_7']	有說。	有說。	Some say:
['T27n1545_121:0632a28_12']	眼等三識。	眼等三識。	The three consciousnesses of the eye, etc.,
['T27n1545_121:0632a29_3']	緣持戒犯戒及緣餘法。	緣持戒犯戒及緣餘法。	perceive both the observance of precepts and the violation of precepts, as well as other dharmas.
['T27n1545_121:0632a29_12']	故彼所受各立一種。	故彼所受各立一種。	Therefore, the feelings they experience are established as being of one kind each.
['T27n1545_121:0632b01_3']	鼻等三識唯緣餘法。	鼻等三識唯緣餘法。	The three consciousnesses of the nose, etc., only perceive other dharmas.
['T27n1545_121:0632b01_12']	故彼所受合立一種。	故彼所受合立一種。	Therefore, the feelings they experience are combined and established as being of one kind.
['T27n1545_121:0632b01_17']	有餘師言。	有餘師言。	Other masters say:
['T27n1545_121:0632b02_3']	眼等三識。	眼等三識。	The three consciousnesses of the eye, etc.
['T27n1545_121:0632b02_14']	通緣律儀不律儀及餘法。	通緣律儀不律儀及餘法。	Universally take the precepts, the non-precepts, and other dharmas as objects.
['T27n1545_121:0632b03_4']	故彼所受各立一種。	故彼所受各立一種。	Therefore, the precepts they receive are established as each being one kind.
['T27n1545_121:0632b03_13']	鼻等三識唯緣餘法。	鼻等三識唯緣餘法。	The three consciousnesses of the nose, etc. only take other dharmas as objects.
['T27n1545_121:0632b04_4']	故彼所受合立一種。	故彼所受合立一種。	Therefore, the precepts they receive are combined and established as one kind.
['T27n1545_121:0632b04_7']	有說。	有說。	Some say:
['T27n1545_121:0632b04_18']	眼等三識通緣表及餘法。	眼等三識通緣表及餘法。	The three consciousnesses of the eye, etc. universally take the expressed and other dharmas as objects.
['T27n1545_121:0632b05_8']	故彼所受各立一種。	故彼所受各立一種。	Therefore, the precepts they receive are established as each being one kind.
['T27n1545_121:0632b05_17']	鼻等三識唯緣餘法。	鼻等三識唯緣餘法。	The three consciousnesses of the nose, etc. only take other dharmas as objects.
['T27n1545_121:0632b06_7']	故彼所受合立一種。	故彼所受合立一種。	Therefore, the precepts they receive are combined and established as one kind.
['T27n1545_121:0632b06_10']	有說。	有說。	Some say:
['T27n1545_121:0632b07_3']	眼等三識通緣染不染法。	眼等三識通緣染不染法。	The three consciousnesses of the eye, etc. universally take defiled and undefiled dharmas as objects.
['T27n1545_121:0632b07_12']	故彼所受各立一種。	故彼所受各立一種。	Therefore, the precepts they receive are established as each being one kind.
['T27n1545_121:0632b08_2']	鼻等三識唯緣不染。	鼻等三識唯緣不染。	The three consciousnesses of the nose, etc. only take the undefiled as objects.
['T27n1545_121:0632b08_11']	故彼所受合立一種。	故彼所受合立一種。	Therefore, the precepts they receive are combined and established as one kind.
['T27n1545_121:0632b08_14']	有說。	有說。	Some say:
['T27n1545_121:0632b08_19']	眼等三識。	眼等三識。	The three consciousnesses of the eye, etc.
['T27n1545_121:0632b09_10']	通緣妙行惡行及緣餘法。	通緣妙行惡行及緣餘法。	Universally take right conduct, wrong conduct, and other dharmas as objects.
['T27n1545_121:0632b10_2']	故彼所受各立一種。	故彼所受各立一種。	Therefore, the precepts they receive are established as each being one kind.
['T27n1545_121:0632b10_11']	鼻等三識唯緣餘法。	鼻等三識唯緣餘法。	The three consciousnesses of the nose, etc. only take other dharmas as objects.
['T27n1545_121:0632b11_1']	故彼所受合立一種。	故彼所受合立一種。	Therefore, the precepts they receive are combined and established as one kind.
['T27n1545_121:0632b11_10']	由此所說見聞覺知。	由此所說見聞覺知。	Therefore, what is said about seeing, hearing, knowing, and perceiving,
['T27n1545_121:0632b12_1']	隨識依緣有別有總。	隨識依緣有別有總。	according to the basis and objects of the consciousnesses, there are distinctions and general categories.
['T27n1545_121:0632b12_8']	若成就不善業。	若成就不善業。	If one possesses unwholesome karma,
['T27n1545_121:0632b13_1']	彼成就色無色界繫業耶。	彼成就色無色界繫業耶。	do they possess karma bound to the form and formless realms?
['T27n1545_121:0632b13_9']	答諸成就不善業。	答諸成就不善業。	The answer is: Those who possess unwholesome karma,
['T27n1545_121:0632b14_1']	彼定成就色無色界繫業。	彼定成就色無色界繫業。	they definitely possess karma bound to the form and formless realms.
['T27n1545_121:0632b14_10']	謂生欲界若斷善根。	謂生欲界若斷善根。	This refers to those born in the desire realm who have severed wholesome roots.
['T27n1545_121:0632b14_18']	彼定成就不善業。	彼定成就不善業。	They definitely possess unwholesome karma,
['T27n1545_121:0632b15_8']	及色無色界繫一業。	及色無色界繫一業。	and one karma bound to the form and formless realms,
['T27n1545_121:0632b15_13']	謂染污業。	謂染污業。	namely defiled karma.
['T27n1545_121:0632b16_9']	不斷善根未得色界善心者亦爾。	不斷善根未得色界善心者亦爾。	Those who have not severed wholesome roots but have not yet attained wholesome thoughts of the form realm are also like this.
['T27n1545_121:0632b16_17']	若已得色界善心。	若已得色界善心。	If one has already attained wholesome thoughts of the form realm,
['T27n1545_121:0632b17_5']	未離欲界染。	未離欲界染。	but has not yet become free from the defilements of the desire realm,
['T27n1545_121:0632b17_12']	彼成就不善業。	彼成就不善業。	they possess unwholesome karma,
['T27n1545_121:0632b18_1']	及色界繫二業。	及色界繫二業。	and two karmas bound to the form realm,
['T27n1545_121:0632b18_6']	謂善染污。	謂善染污。	namely wholesome and defiled.
['T27n1545_121:0632b18_13']	無色界繫一業。	無色界繫一業。	One karma bound to the formless realm,
['T27n1545_121:0632b18_17']	謂染污。	謂染污。	namely defiled.
['T27n1545_121:0632b19_11']	有成就色無色界繫業非不善業。	有成就色無色界繫業非不善業。	There are those who possess karma bound to the form and formless realms but not unwholesome karma.
['T27n1545_121:0632b20_4']	謂生欲界已離欲界染。	謂生欲界已離欲界染。	This refers to those born in the desire realm who have already become free from the defilements of the desire realm,
['T27n1545_121:0632b20_9']	若生色界。	若生色界。	or those born in the form realm.
['T27n1545_121:0632b21_1']	謂生欲界已離欲界染。	謂生欲界已離欲界染。	It refers to those born in the desire realm who have already separated from the defilements of the desire realm.
['T27n1545_121:0632b21_10']	若未得無色界善心。	若未得無色界善心。	If they have not yet attained a wholesome mind of the formless realm,
['T27n1545_121:0632b22_1']	彼成就色界繫三業。	彼成就色界繫三業。	they possess three kinds of actions bound to the form realm,
['T27n1545_121:0632b22_10']	謂善染污無覆無記。	謂善染污無覆無記。	namely wholesome, defiled, and unobscured indeterminate.
['T27n1545_121:0632b22_17']	無色界繫一業。	無色界繫一業。	They possess one kind of action bound to the formless realm,
['T27n1545_121:0632b23_2']	謂染污。	謂染污。	namely defiled.
['T27n1545_121:0632b23_11']	若已得無色界善心。	若已得無色界善心。	If they have already attained a wholesome mind of the formless realm,
['T27n1545_121:0632b23_17']	未離色界染。	未離色界染。	but have not yet separated from the defilements of the form realm,
['T27n1545_121:0632b24_7']	彼成就色界繫三業。	彼成就色界繫三業。	they possess three kinds of actions bound to the form realm,
['T27n1545_121:0632b24_16']	謂善染污無覆無記。	謂善染污無覆無記。	namely wholesome, defiled, and unobscured indeterminate.
['T27n1545_121:0632b25_4']	無色界繫二業。	無色界繫二業。	They possess two kinds of actions bound to the formless realm,
['T27n1545_121:0632b25_9']	謂善染污。	謂善染污。	namely wholesome and defiled.
['T27n1545_121:0632b25_16']	若已離色界染。	若已離色界染。	If they have already separated from the defilements of the form realm,
['T27n1545_121:0632b26_4']	未離無色界染。	未離無色界染。	but have not yet separated from the defilements of the formless realm,
['T27n1545_121:0632b26_13']	彼成就色界繫二業。	彼成就色界繫二業。	they possess two kinds of actions bound to the form realm,
['T27n1545_121:0632b27_1']	謂善無覆無記。	謂善無覆無記。	namely wholesome and unobscured indeterminate.
['T27n1545_121:0632b27_8']	無色界繫二業。	無色界繫二業。	They possess two kinds of actions bound to the formless realm,
['T27n1545_121:0632b27_13']	謂善染污。	謂善染污。	namely wholesome and defiled.
['T27n1545_121:0632b28_2']	若已離無色界染。	若已離無色界染。	If they have already separated from the defilements of the formless realm,
['T27n1545_121:0632b28_11']	彼成就色界繫二業。	彼成就色界繫二業。	they possess two kinds of actions bound to the form realm,
['T27n1545_121:0632b28_18']	謂善無覆無記。	謂善無覆無記。	namely wholesome and unobscured indeterminate.
['T27n1545_121:0632b29_5']	無色界繫一業。	無色界繫一業。	They possess one kind of action bound to the formless realm,
['T27n1545_121:0632b29_8']	謂善。	謂善。	namely wholesome.
['T27n1545_121:0632b29_14']	若生色界者。	若生色界者。	As for those born in the form realm,
['T27n1545_121:0632c01_5']	謂若未得無色界善心。	謂若未得無色界善心。	If one has not yet attained a wholesome mind of the formless realm,
['T27n1545_121:0632c01_14']	彼成就色界繫三業。	彼成就色界繫三業。	one possesses three kinds of actions bound to the form realm,
['T27n1545_121:0632c02_4']	謂善染污無覆無記。	謂善染污無覆無記。	namely wholesome, defiled, and unwholesome indeterminate.
['T27n1545_121:0632c02_11']	無色界繫一業。	無色界繫一業。	One possesses one kind of action bound to the formless realm,
['T27n1545_121:0632c02_15']	謂染污。	謂染污。	namely defiled.
['T27n1545_121:0632c03_4']	若已得無色界善心。	若已得無色界善心。	If one has already attained a wholesome mind of the formless realm,
['T27n1545_121:0632c03_10']	未離色界染。	未離色界染。	but has not yet separated from attachment to the form realm,
['T27n1545_121:0632c04_1']	彼成就色界繫三業。	彼成就色界繫三業。	one possesses three kinds of actions bound to the form realm,
['T27n1545_121:0632c04_10']	謂善染污無覆無記。	謂善染污無覆無記。	namely wholesome, defiled, and unwholesome indeterminate.
['T27n1545_121:0632c04_17']	無色界繫二業。	無色界繫二業。	One possesses two kinds of actions bound to the formless realm,
['T27n1545_121:0632c05_2']	謂善染污。	謂善染污。	namely wholesome and defiled.
['T27n1545_121:0632c05_9']	若已離色界染。	若已離色界染。	If one has already separated from attachment to the form realm,
['T27n1545_121:0632c05_16']	未離無色界染。	未離無色界染。	but has not yet separated from attachment to the formless realm,
['T27n1545_121:0632c06_7']	彼成就色界繫二業。	彼成就色界繫二業。	one possesses two kinds of actions bound to the form realm,
['T27n1545_121:0632c06_14']	謂善無覆無記。	謂善無覆無記。	namely wholesome and unwholesome indeterminate.
['T27n1545_121:0632c07_2']	無色界繫二業。	無色界繫二業。	One possesses two kinds of actions bound to the formless realm,
['T27n1545_121:0632c07_7']	謂善染污。	謂善染污。	namely wholesome and defiled.
['T27n1545_121:0632c07_15']	若已離無色界染。	若已離無色界染。	If one has already separated from attachment to the formless realm,
['T27n1545_121:0632c08_5']	彼成就色界繫二業。	彼成就色界繫二業。	one possesses two kinds of actions bound to the form realm,
['T27n1545_121:0632c08_12']	謂善無覆無記。	謂善無覆無記。	namely wholesome and unwholesome indeterminate.
['T27n1545_121:0632c08_19']	無色界繫一業。	無色界繫一業。	One possesses one kind of action bound to the formless realm,
['T27n1545_121:0632c09_2']	謂善。	謂善。	namely wholesome.
['T27n1545_121:0632c09_11']	若成就欲界繫善業。	若成就欲界繫善業。	If one possesses wholesome action bound to the desire realm,
['T27n1545_121:0632c10_4']	彼成就色無色界繫業耶。	彼成就色無色界繫業耶。	Do they accomplish actions bound to the form and formless realms?
['T27n1545_121:0632c10_14']	答諸成就欲界繫善業。	答諸成就欲界繫善業。	Answer: Those who accomplish wholesome actions bound to the desire realm,
['T27n1545_121:0632c11_7']	彼定成就色無色界繫業。	彼定成就色無色界繫業。	they definitely accomplish actions bound to the form and formless realms.
['T27n1545_121:0632c11_17']	有成就色無色界繫業。	有成就色無色界繫業。	There are those who accomplish actions bound to the form and formless realms,
['T27n1545_121:0632c12_6']	非欲界繫善業。	非欲界繫善業。	but not wholesome actions bound to the desire realm.
['T27n1545_121:0632c12_15']	謂斷善根補特伽羅。	謂斷善根補特伽羅。	This refers to the person who has severed wholesome roots.
['T27n1545_121:0632c13_1']	若生色界。	若生色界。	If born in the form realm,
['T27n1545_121:0632c13_10']	謂若成就欲界善業。	謂若成就欲界善業。	This refers to those who accomplish wholesome actions bound to the desire realm,
['T27n1545_121:0632c13_17']	未得色界善心。	未得色界善心。	but have not yet attained wholesome thoughts bound to the form realm.
['T27n1545_121:0632c14_9']	彼成就色無色界繫一業。	彼成就色無色界繫一業。	They accomplish one action bound to the form and formless realms.
['T27n1545_121:0632c14_17']	若已得色界善心。	若已得色界善心。	If they have already attained wholesome thoughts bound to the form realm,
['T27n1545_121:0632c15_4']	未離欲界染。	未離欲界染。	but have not yet become free from the defilements of the desire realm,
['T27n1545_121:0632c15_13']	彼成就色界繫二業。	彼成就色界繫二業。	they accomplish two actions bound to the form realm,
['T27n1545_121:0632c16_2']	無色界繫一業。	無色界繫一業。	and one action bound to the formless realm.
['T27n1545_121:0632c16_9']	若已離欲界染。	若已離欲界染。	If they have already become free from the defilements of the desire realm,
['T27n1545_121:0632c16_17']	未得無色界善心。	未得無色界善心。	but have not yet attained wholesome thoughts bound to the formless realm,
['T27n1545_121:0632c17_7']	彼成就色界繫三業。	彼成就色界繫三業。	they accomplish three actions bound to the form realm,
['T27n1545_121:0632c17_14']	無色界繫一業。	無色界繫一業。	and one action bound to the formless realm.
['T27n1545_121:0632c18_4']	若已得無色界善心。	若已得無色界善心。	If they have already attained wholesome thoughts bound to the formless realm,
['T27n1545_121:0632c18_10']	未離色界染。	未離色界染。	but have not yet become free from the defilements of the form realm,🔽they accomplish three actions bound to the form realm,
['T27n1545_121:0632c19_1']	彼成就色界繫三業。	彼成就色界繫三業。	and three actions.
['T27n1545_121:0632c19_8']	無色界繫二業。	無色界繫二業。	The two types of karma bound to the formless realm.
['T27n1545_121:0632c19_15']	若已離色界染。	若已離色界染。	If one has already become detached from the realm of form,
['T27n1545_121:0632c20_3', 'T27n1545_121:0632c20_12']	未離無色界染。🔽彼成就色界繫二業。	未離無色界染。 彼成就色界繫二業。	but has not yet become detached from the formless realm,🔽one possesses the two types of karma bound to the realm of form,
['T27n1545_121:0632c21_4']	及成就無色界繫二業。	及成就無色界繫二業。	and also possesses the two types of karma bound to the formless realm.
['T27n1545_121:0632c21_12']	若已離無色界染。	若已離無色界染。	If one has already become detached from the formless realm,
['T27n1545_121:0632c22_3']	彼成就色界繫二業。	彼成就色界繫二業。	one possesses the two types of karma bound to the realm of form,
['T27n1545_121:0632c22_13']	及成就無色界繫一業。	及成就無色界繫一業。	and also possesses one type of karma bound to the formless realm.
['T27n1545_121:0632c22_18']	若斷善根。	若斷善根。	If one has severed the roots of goodness,
['T27n1545_121:0632c23_10']	彼成就色無色界繫一業。	彼成就色無色界繫一業。	one possesses one type of karma bound to the realm of form and the formless realm.
['T27n1545_121:0632c24_5']	若生色界未得無色界善心。	若生色界未得無色界善心。	If one is born in the realm of form and has not yet attained the wholesome thought of the formless realm,
['T27n1545_121:0632c24_14']	彼成就色界繫三業。	彼成就色界繫三業。	one possesses the three types of karma bound to the realm of form,
['T27n1545_121:0632c25_2']	無色界繫一業。	無色界繫一業。	and one type of karma bound to the formless realm.
['T27n1545_121:0632c25_11']	若已得無色界善心。	若已得無色界善心。	If one has already attained the wholesome thought of the formless realm,
['T27n1545_121:0632c25_17']	未離色界染。	未離色界染。	but has not yet become detached from the realm of form,
['T27n1545_121:0632c26_7']	彼成就色界繫三業。	彼成就色界繫三業。	one possesses the three types of karma bound to the realm of form,
['T27n1545_121:0632c26_14']	無色界繫二業。	無色界繫二業。	and the two types of karma bound to the formless realm.
['T27n1545_121:0632c27_2']	若已離色界染。	若已離色界染。	If one has already become detached from the realm of form,
['T27n1545_121:0632c27_9', 'T27n1545_121:0632c27_18']	未離無色界染。🔽彼成就色界繫二業。	未離無色界染。 彼成就色界繫二業。	but has not yet become detached from the formless realm,🔽one possesses the two types of karma bound to the realm of form,
['T27n1545_121:0632c28_6']	無色界繫二業。	無色界繫二業。	and the two types of karma bound to the formless realm.
['T27n1545_121:0632c28_14']	若已離無色界染。	若已離無色界染。	If one has already separated from the defilements of the formless realm,
['T27n1545_121:0632c29_4']	彼成就色界繫二業。	彼成就色界繫二業。	they accomplish two kinds of karma bound to the form realm,
['T27n1545_121:0632c29_11']	無色界繫一業。	無色界繫一業。	and one kind of karma bound to the formless realm.
['T27n1545_121:0632c29_16']	前斷善根。	前斷善根。	The previously severed wholesome roots,
['T27n1545_121:0633a01_6']	此生色界俱不成就。	此生色界俱不成就。	and those born in the form realm do not accomplish [any].
['T27n1545_121:0633a01_17']	欲界繫善業已斷善根故。	欲界繫善業已斷善根故。	Because wholesome karma bound to the desire realm has already severed the wholesome roots,
['T27n1545_121:0633a02_5']	已捨彼善故。	已捨彼善故。	and has already abandoned those wholesome [roots].
['T27n1545_121:0633a02_14']	若成就欲界繫善業。	若成就欲界繫善業。	If one accomplishes wholesome karma bound to the desire realm,
['T27n1545_121:0633a03_8']	彼成就色無色界繫善業耶。	彼成就色無色界繫善業耶。	do they accomplish wholesome karma bound to the form and formless realms?
['T27n1545_121:0633a03_14']	答應作四句。	答應作四句。	The answer is that four alternatives should be made.
['T27n1545_121:0633a04_5']	有成就欲界繫善業。	有成就欲界繫善業。	There are those who accomplish wholesome karma bound to the desire realm,
['T27n1545_121:0633a04_14']	非色無色界繫善業。	非色無色界繫善業。	but not wholesome karma bound to the form and formless realms.
['T27n1545_121:0633a05_5']	謂生欲界不斷善根。	謂生欲界不斷善根。	This refers to those born in the desire realm who have not severed the wholesome roots,
['T27n1545_121:0633a05_12']	未得色界善心。	未得色界善心。	but have not yet attained a wholesome mind of the form realm.
['T27n1545_121:0633a06_6']	有成就色無色界繫善業。	有成就色無色界繫善業。	There are those who accomplish wholesome karma bound to the form and formless realms,
['T27n1545_121:0633a06_13']	非欲界繫善業。	非欲界繫善業。	but not wholesome karma bound to the desire realm.
['T27n1545_121:0633a07_6']	謂生色界得無色界善心。	謂生色界得無色界善心。	This refers to those born in the form realm who have attained a wholesome mind of the formless realm.
['T27n1545_121:0633a07_15']	有成就欲界繫善業。	有成就欲界繫善業。	There are those who accomplish wholesome karma bound to the desire realm,
['T27n1545_121:0633a08_5']	亦色無色界繫善業。	亦色無色界繫善業。	and also wholesome karma bound to the form and formless realms.
['T27n1545_121:0633a08_16']	謂生欲界得無色界善心。	謂生欲界得無色界善心。	This refers to those born in the desire realm who have attained a wholesome mind of the formless realm.
['T27n1545_121:0633a09_8']	有非成就欲界繫善業。	有非成就欲界繫善業。	There are those who do not possess wholesome karma of the desire realm,
['T27n1545_121:0633a10_1']	亦非色無色界繫善業。	亦非色無色界繫善業。	and also do not possess wholesome karma of the form and formless realms.
['T27n1545_121:0633a10_10']	謂斷善根補特伽羅。	謂斷善根補特伽羅。	This refers to the person who has severed wholesome roots.
['T27n1545_121:0633a10_18']	若成就欲界繫業。	若成就欲界繫業。	If one possesses karma of the desire realm,
['T27n1545_121:0633a11_7']	彼成就色界繫業耶。	彼成就色界繫業耶。	does one possess karma of the form realm?
['T27n1545_121:0633a11_11']	答如是。	答如是。	The answer is: Yes.
['T27n1545_121:0633a12_1']	設成就色界繫業。	設成就色界繫業。	If one possesses karma of the form realm,
['T27n1545_121:0633a12_10']	彼成就欲界繫業耶。	彼成就欲界繫業耶。	does one possess karma of the desire realm?
['T27n1545_121:0633a12_14']	答如是。	答如是。	The answer is: Yes.
['T27n1545_121:0633a13_4']	謂生欲界若斷善根。	謂生欲界若斷善根。	This refers to one born in the desire realm who has severed wholesome roots.
['T27n1545_121:0633a13_13']	彼成就欲界繫二業。	彼成就欲界繫二業。	They possess two types of karma of the desire realm,
['T27n1545_121:0633a14_1']	色界繫一業。	色界繫一業。	and one type of karma of the form realm.
['T27n1545_121:0633a14_6']	若不斷善。	若不斷善。	If one has not severed wholesome roots,
['T27n1545_121:0633a14_14']	而未得色界善心。	而未得色界善心。	but has not yet attained a wholesome mind of the form realm,
['T27n1545_121:0633a15_4']	彼成就欲界繫三業。	彼成就欲界繫三業。	they possess three types of karma of the desire realm,
['T27n1545_121:0633a15_10']	色界繫一業。	色界繫一業。	and one type of karma of the form realm.
['T27n1545_121:0633a15_18']	若已得色界善心。	若已得色界善心。	If one has already attained a wholesome mind of the form realm,
['T27n1545_121:0633a16_4']	未離欲界染。	未離欲界染。	but has not yet become free from the defilements of the desire realm,
['T27n1545_121:0633a16_13']	彼成就欲界繫三業。	彼成就欲界繫三業。	they possess three types of karma of the desire realm,
['T27n1545_121:0633a17_1']	色界繫二業。	色界繫二業。	and two types of karma of the form realm.
['T27n1545_121:0633a17_8']	若已離欲界染。	若已離欲界染。	If one has already become free from the defilements of the desire realm,
['T27n1545_121:0633a17_14']	未離色界染。	未離色界染。	but has not yet become free from the defilements of the form realm,🔽they possess two types of karma of the desire realm,
['T27n1545_121:0633a18_4']	彼成就欲界繫二業。	彼成就欲界繫二業。	and
['T27n1545_121:0633a18_16']	色界繫三業若已離色界染。	色界繫三業若已離色界染。	If one has already become free from the defilements of the form realm,
['T27n1545_121:0633a19_7']	彼成就欲界繫二業。	彼成就欲界繫二業。	one possesses two kinds of karma belonging to the desire realm,
['T27n1545_121:0633a19_13']	色界繫二業。	色界繫二業。	and two kinds of karma belonging to the form realm.
['T27n1545_121:0633a20_5']	若生色界未離色界染。	若生色界未離色界染。	If one is born in the form realm but has not yet become free from the defilements of the form realm,
['T27n1545_121:0633a20_14']	彼成就欲界繫一業。	彼成就欲界繫一業。	one possesses one kind of karma belonging to the desire realm,
['T27n1545_121:0633a21_2']	色界繫三業。	色界繫三業。	and three kinds of karma belonging to the form realm.
['T27n1545_121:0633a21_9']	若已離色界染。	若已離色界染。	If one has already become free from the defilements of the form realm,
['T27n1545_121:0633a21_18']	彼成就欲界繫一業。	彼成就欲界繫一業。	one possesses one kind of karma belonging to the desire realm,
['T27n1545_121:0633a22_5']	色界繫二業。	色界繫二業。	and two kinds of karma belonging to the form realm.
['T27n1545_121:0633a23_7']	若成就欲界繫業。	若成就欲界繫業。	If one possesses karma belonging to the desire realm,
['T27n1545_121:0633a23_17']	彼成就無色界繫業耶。	彼成就無色界繫業耶。	does one also possess karma belonging to the formless realm?
['T27n1545_121:0633a24_8']	答諸成就欲界繫業。	答諸成就欲界繫業。	The answer is: Those who possess karma belonging to the desire realm
['T27n1545_121:0633a24_17']	彼成就無色界繫業。	彼成就無色界繫業。	also possess karma belonging to the formless realm.
['T27n1545_121:0633a25_7']	謂生欲界若斷善根。	謂生欲界若斷善根。	This refers to those born in the desire realm who have severed wholesome roots.
['T27n1545_121:0633a25_16']	彼成就欲界繫二業。	彼成就欲界繫二業。	They possess two kinds of karma belonging to the desire realm,
['T27n1545_121:0633a26_5']	無色界繫一業。	無色界繫一業。	and one kind of karma belonging to the formless realm.
['T27n1545_121:0633a26_11']	若不斷善根。	若不斷善根。	If they have not severed wholesome roots,
['T27n1545_121:0633a26_17']	未離欲界染。	未離欲界染。	and have not yet become free from the defilements of the desire realm,
['T27n1545_121:0633a27_7']	彼成就欲界繫三業。	彼成就欲界繫三業。	they possess three kinds of karma belonging to the desire realm,
['T27n1545_121:0633a27_14']	無色界繫一業。	無色界繫一業。	and one kind of karma belonging to the formless realm.
['T27n1545_121:0633a28_2']	若已離欲界染。	若已離欲界染。	If they have already become free from the defilements of the desire realm,
['T27n1545_121:0633a28_10']	未得無色界善心。	未得無色界善心。	but have not yet attained a wholesome mind belonging to the formless realm,
['T27n1545_121:0633a29_1']	彼成就欲界繫二業。	彼成就欲界繫二業。	They accomplish two types of karma bound to the desire realm.
['T27n1545_121:0633a29_8']	無色界繫一業。	無色界繫一業。	One type of karma bound to the formless realm.
['T27n1545_121:0633a29_17']	若已得無色界善心。	若已得無色界善心。	If one has already attained a wholesome mind of the formless realm.
['T27n1545_121:0633b01_5']	未離無色界染。	未離無色界染。	But has not yet separated from the defilements of the formless realm.
['T27n1545_121:0633b01_14']	彼成就欲界繫二業。	彼成就欲界繫二業。	They accomplish two types of karma bound to the desire realm.
['T27n1545_121:0633b02_3']	無色界繫二業。	無色界繫二業。	Two types of karma bound to the formless realm.
['T27n1545_121:0633b02_11']	若已離無色界染。	若已離無色界染。	If one has already separated from the defilements of the formless realm.
['T27n1545_121:0633b03_1']	彼成就欲界繫二業。	彼成就欲界繫二業。	They accomplish two types of karma bound to the desire realm.
['T27n1545_121:0633b03_8']	無色界繫一業。	無色界繫一業。	One type of karma bound to the formless realm.
['T27n1545_121:0633b04_2']	若生色界未得無色界善心。	若生色界未得無色界善心。	If born in the form realm and has not yet attained a wholesome mind of the formless realm.
['T27n1545_121:0633b04_11']	彼成就欲界繫一業。	彼成就欲界繫一業。	They accomplish one type of karma bound to the desire realm.
['T27n1545_121:0633b04_18']	無色界繫一業。	無色界繫一業。	One type of karma bound to the formless realm.
['T27n1545_121:0633b05_7']	若已得無色界善心。	若已得無色界善心。	If one has already attained a wholesome mind of the formless realm.
['T27n1545_121:0633b05_14']	未離無色界染。	未離無色界染。	But has not yet separated from the defilements of the formless realm.
['T27n1545_121:0633b06_5']	彼成就欲界繫一業。	彼成就欲界繫一業。	They accomplish one type of karma bound to the desire realm.
['T27n1545_121:0633b06_12']	無色界繫二業。	無色界繫二業。	Two types of karma bound to the formless realm.
['T27n1545_121:0633b07_1']	若已離無色界染。	若已離無色界染。	If one has already separated from the defilements of the formless realm.
['T27n1545_121:0633b07_10']	彼成就欲界繫一業。	彼成就欲界繫一業。	They accomplish one type of karma bound to the desire realm.
['T27n1545_121:0633b07_17']	無色界繫一業。	無色界繫一業。	One type of karma bound to the formless realm.
['T27n1545_121:0633b08_7']	有成就無色界繫業。	有成就無色界繫業。	There are those who accomplish karma bound to the formless realm.
['T27n1545_121:0633b08_13']	非欲界繫業。	非欲界繫業。	But not karma bound to the desire realm.
['T27n1545_121:0633b09_5']	謂生無色界補特伽羅。	謂生無色界補特伽羅。	It refers to the person who is born in the formless realm.
['T27n1545_121:0633b09_10']	謂生彼界。	謂生彼界。	It refers to being born in that realm.
['T27n1545_121:0633b09_17']	若未離彼界染。	若未離彼界染。	If one has not yet separated from the defilements of that realm,
['T27n1545_121:0633b10_4']	起異熟生心。	起異熟生心。	and gives rise to a mind that is the result of retribution,
['T27n1545_121:0633b10_14']	彼成就無色界繫三業。	彼成就無色界繫三業。	one possesses the three kinds of actions bound to the formless realm.
['T27n1545_121:0633b11_4']	若不起異熟生心。	若不起異熟生心。	If one does not give rise to a mind that is the result of retribution,
['T27n1545_121:0633b11_14']	彼成就無色界繫二業。	彼成就無色界繫二業。	one possesses the two kinds of actions bound to the formless realm.
['T27n1545_121:0633b12_3']	若已離無色界染。	若已離無色界染。	If one has already separated from the defilements of the formless realm,
['T27n1545_121:0633b12_9']	起異熟生心。	起異熟生心。	and gives rise to a mind that is the result of retribution,
['T27n1545_121:0633b12_19']	彼成就無色界繫二業。	彼成就無色界繫二業。	one possesses the two kinds of actions bound to the formless realm.
['T27n1545_121:0633b13_7']	若不起異熟生心。	若不起異熟生心。	If one does not give rise to a mind that is the result of retribution,
['T27n1545_121:0633b13_17']	彼成就無色界繫一業。	彼成就無色界繫一業。	one possesses the one kind of action bound to the formless realm.
['T27n1545_121:0633b14_8']	俱不成就欲界繫業。	俱不成就欲界繫業。	One does not possess the actions bound to the desire realm,
['T27n1545_121:0633b14_13']	已捨彼故。	已捨彼故。	because one has already abandoned them.
['T27n1545_121:0633b15_3']	若成就欲界繫業。	若成就欲界繫業。	If one possesses the actions bound to the desire realm,
['T27n1545_121:0633b15_11']	彼成就不繫業耶。	彼成就不繫業耶。	does one possess the unattached actions?
['T27n1545_121:0633b15_17']	答應作四句。	答應作四句。	The answer is: one should make four alternatives.
['T27n1545_121:0633b16_6']	有成就欲界繫業。	有成就欲界繫業。	There is one who possesses the actions bound to the desire realm,
['T27n1545_121:0633b16_11']	非不繫業。	非不繫業。	but not the unattached actions.
['T27n1545_121:0633b17_2']	謂諸異生生欲色界。	謂諸異生生欲色界。	It refers to the ordinary person born in the desire or form realms.
['T27n1545_121:0633b17_9']	有成就不繫業。	有成就不繫業。	There is one who possesses the unattached actions,
['T27n1545_121:0633b17_15']	非欲界繫業。	非欲界繫業。	but not the actions bound to the desire realm.
['T27n1545_121:0633b18_5']	謂諸聖者生無色界。	謂諸聖者生無色界。	It refers to noble ones born in the formless realm.
['T27n1545_121:0633b18_13']	有成就欲界繫業。	有成就欲界繫業。	There are those who accomplish actions bound to the desire realm,
['T27n1545_121:0633b18_18']	亦不繫業。	亦不繫業。	and also actions not bound.
['T27n1545_121:0633b19_8']	謂諸聖者生欲色界。	謂諸聖者生欲色界。	It refers to noble ones born in the desire or form realms.
['T27n1545_121:0633b19_17']	有非成就欲界繫業。	有非成就欲界繫業。	There are those who do not accomplish actions bound to the desire realm,
['T27n1545_121:0633b20_5']	亦非不繫業。	亦非不繫業。	and also not actions not bound.
['T27n1545_121:0633b20_14']	謂諸異生生無色界。	謂諸異生生無色界。	It refers to ordinary beings born in the formless realm.
['T27n1545_121:0633b21_7']	若成就色界繫業。	若成就色界繫業。	If one accomplishes actions bound to the form realm,
['T27n1545_121:0633b21_17']	彼成就無色界繫業耶。	彼成就無色界繫業耶。	do they accomplish actions bound to the formless realm?
['T27n1545_121:0633b22_8']	答諸成就色界繫業。	答諸成就色界繫業。	The answer is: Those who accomplish actions bound to the form realm,
['T27n1545_121:0633b22_18']	彼定成就無色界繫業。	彼定成就無色界繫業。	they definitely accomplish actions bound to the formless realm.
['T27n1545_121:0633b23_11']	謂生欲界若未得色界善心。	謂生欲界若未得色界善心。	It refers to those born in the desire realm who have not yet attained a wholesome mind of the form realm.
['T27n1545_121:0633b24_3']	彼成就色界繫一業。	彼成就色界繫一業。	They accomplish one action bound to the form realm,
['T27n1545_121:0633b24_10']	無色界繫一業。	無色界繫一業。	and one action bound to the formless realm.
['T27n1545_121:0633b24_18']	若已得色界善心。	若已得色界善心。	If they have already attained a wholesome mind of the form realm,
['T27n1545_121:0633b25_4']	未離欲界染。	未離欲界染。	but have not yet become free from the defilements of the desire realm,
['T27n1545_121:0633b25_13']	彼成就色界繫二業。	彼成就色界繫二業。	they accomplish two actions bound to the form realm,
['T27n1545_121:0633b26_1']	無色界繫一業。	無色界繫一業。	and one action bound to the formless realm.
['T27n1545_121:0633b26_8']	若已離欲界染。	若已離欲界染。	If they have already become free from the defilements of the desire realm,
['T27n1545_121:0633b26_16']	未得無色界善心。	未得無色界善心。	but have not yet attained a wholesome mind of the formless realm,
['T27n1545_121:0633b27_6']	彼成就色界繫三業。	彼成就色界繫三業。	they accomplish three actions bound to the form realm,
['T27n1545_121:0633b27_13']	無色界繫一業。	無色界繫一業。	One action bound to the formless realm.
['T27n1545_121:0633b28_3']	若已得無色界善心。	若已得無色界善心。	If one has already attained a wholesome mind of the formless realm,
['T27n1545_121:0633b28_9']	未離色界染。	未離色界染。	but has not yet separated from attachment to the form realm,
['T27n1545_121:0633b28_18']	彼成就色界繫三業。	彼成就色界繫三業。	one possesses three actions bound to the form realm,
['T27n1545_121:0633b29_6']	無色界繫二業。	無色界繫二業。	and two actions bound to the formless realm.
['T27n1545_121:0633b29_13']	若已離色界染。	若已離色界染。	If one has already separated from attachment to the form realm,
['T27n1545_121:0633c01_2']	未離無色界染。	未離無色界染。	but has not yet separated from attachment to the formless realm,
['T27n1545_121:0633c01_11']	彼成就色界繫二業。	彼成就色界繫二業。	one possesses two actions bound to the form realm,
['T27n1545_121:0633c01_18']	無色界繫二業。	無色界繫二業。	and two actions bound to the formless realm.
['T27n1545_121:0633c02_6']	若已離無色界染。	若已離無色界染。	If one has already separated from attachment to the formless realm,
['T27n1545_121:0633c02_15']	彼成就色界繫二業。	彼成就色界繫二業。	one possesses two actions bound to the form realm,
['T27n1545_121:0633c03_4']	無色界繫一業。	無色界繫一業。	and one action bound to the formless realm.
['T27n1545_121:0633c03_16']	若生色界未得無色界善心。	若生色界未得無色界善心。	If one is born in the form realm and has not yet attained a wholesome mind of the formless realm,
['T27n1545_121:0633c04_7']	彼成就色界繫三業。	彼成就色界繫三業。	one possesses three actions bound to the form realm,
['T27n1545_121:0633c04_14']	無色界繫一業。	無色界繫一業。	and one action bound to the formless realm.
['T27n1545_121:0633c05_4']	若已得無色界善心。	若已得無色界善心。	If one has already attained a wholesome mind of the formless realm,
['T27n1545_121:0633c05_10']	未離色界染。	未離色界染。	but has not yet separated from attachment to the form realm,
['T27n1545_121:0633c06_1']	彼成就色界繫三業。	彼成就色界繫三業。	one possesses three actions bound to the form realm,
['T27n1545_121:0633c06_8']	無色界繫二業。	無色界繫二業。	and two actions bound to the formless realm.
['T27n1545_121:0633c06_15']	若已離色界染。	若已離色界染。	If one has already separated from attachment to the form realm,
['T27n1545_121:0633c07_3']	未離無色界染。	未離無色界染。	but has not yet separated from attachment to the formless realm,
['T27n1545_121:0633c07_12']	彼成就色界繫二業。	彼成就色界繫二業。	one possesses two actions bound to the form realm,
['T27n1545_121:0633c07_19']	無色界繫二業。	無色界繫二業。	The two types of karma bound to the formless realm.
['T27n1545_121:0633c08_7']	若已離無色界染。	若已離無色界染。	If one has already become detached from the defilements of the formless realm,
['T27n1545_121:0633c08_16']	彼成就色界繫二業。	彼成就色界繫二業。	one possesses the two types of karma bound to the form realm.
['T27n1545_121:0633c09_5']	無色界繫一業。	無色界繫一業。	And one type of karma bound to the formless realm.
['T27n1545_121:0633c09_14']	有成就無色界繫業。	有成就無色界繫業。	There are those who possess karma bound to the formless realm,
['T27n1545_121:0633c10_2']	非色界繫業。	非色界繫業。	but not karma bound to the form realm.
['T27n1545_121:0633c10_11']	謂諸有情生無色界。	謂諸有情生無色界。	That is, sentient beings born in the formless realm.
['T27n1545_121:0633c11_5']	謂生彼界若未離無色界染。	謂生彼界若未離無色界染。	That is, those born in that realm who have not yet become detached from the defilements of the formless realm,
['T27n1545_121:0633c11_11']	起異熟生心。	起異熟生心。	and who give rise to a mind of retribution.
['T27n1545_121:0633c12_3']	彼成就無色界繫三業。	彼成就無色界繫三業。	They possess the three types of karma bound to the formless realm.
['T27n1545_121:0633c12_11']	若不起異熟生心。	若不起異熟生心。	If they do not give rise to a mind of retribution,
['T27n1545_121:0633c13_3']	彼成就無色界繫二業。	彼成就無色界繫二業。	they possess the two types of karma bound to the formless realm.
['T27n1545_121:0633c13_11']	若已離無色界染。	若已離無色界染。	If they have already become detached from the defilements of the formless realm,
['T27n1545_121:0633c13_17']	起異熟生心。	起異熟生心。	and give rise to a mind of retribution,
['T27n1545_121:0633c14_8']	彼成就無色界繫二業。	彼成就無色界繫二業。	they possess the two types of karma bound to the formless realm.
['T27n1545_121:0633c14_16']	若不起異熟生心。	若不起異熟生心。	If they do not give rise to a mind of retribution,
['T27n1545_121:0633c15_8']	彼成就無色界繫一業。	彼成就無色界繫一業。	they possess the one type of karma bound to the formless realm.
['T27n1545_121:0633c16_7']	若成就色界繫業。	若成就色界繫業。	If one possesses karma bound to the form realm,
['T27n1545_121:0633c16_15']	彼成就不繫業耶。	彼成就不繫業耶。	does one also possess unconditioned karma?
['T27n1545_121:0633c17_3']	答應作四句。	答應作四句。	The answer is that one should make a fourfold distinction.
['T27n1545_121:0633c17_11']	有成就色界繫業。	有成就色界繫業。	There are those who possess karma bound to the form realm,
['T27n1545_121:0633c17_16']	非不繫業。	非不繫業。	but not unconditioned karma.
['T27n1545_121:0633c18_6']	謂諸異生生欲色界。	謂諸異生生欲色界。	It refers to ordinary beings born in the desire or form realms.
['T27n1545_121:0633c18_13']	有成就不繫業。	有成就不繫業。	There are those who have unattached karma,
['T27n1545_121:0633c19_1']	非色界繫業。	非色界繫業。	but not form realm-bound karma.
['T27n1545_121:0633c19_6']	謂諸聖者。	謂諸聖者。	It refers to noble ones.
['T27n1545_121:0633c19_11']	生無色界。	生無色界。	Born in the formless realm.
['T27n1545_121:0633c19_19']	有成就色界繫業。	有成就色界繫業。	There are those who have form realm-bound karma,
['T27n1545_121:0633c20_4']	亦不繫業。	亦不繫業。	and also unattached karma.
['T27n1545_121:0633c20_9']	謂諸聖者。	謂諸聖者。	It refers to noble ones.
['T27n1545_121:0633c20_14']	生欲色界。	生欲色界。	Born in the desire or form realms.
['T27n1545_121:0633c21_4']	有非成就色界繫業。	有非成就色界繫業。	There are those who do not have form realm-bound karma,
['T27n1545_121:0633c21_10']	亦非不繫業。	亦非不繫業。	and also not unattached karma.
['T27n1545_121:0633c22_1']	謂諸異生生無色界。	謂諸異生生無色界。	It refers to ordinary beings born in the formless realm.
['T27n1545_121:0633c23_8']	若成就無色界繫業。	若成就無色界繫業。	If one has formless realm-bound karma,
['T27n1545_121:0633c23_16']	彼成就不繫業耶。	彼成就不繫業耶。	does one have unattached karma?
['T27n1545_121:0633c24_6']	答諸成就不繫業。	答諸成就不繫業。	The answer is: Those who have unattached karma,
['T27n1545_121:0633c24_16']	彼定成就無色界繫業。	彼定成就無色界繫業。	they definitely have formless realm-bound karma.
['T27n1545_121:0633c25_6']	謂諸聖者生欲色界。	謂諸聖者生欲色界。	It refers to noble ones born in the desire or form realms.
['T27n1545_121:0633c25_15']	若未得無色界善心。	若未得無色界善心。	If they have not yet attained the wholesome mind of the formless realm,
['T27n1545_121:0633c26_5']	彼成就不繫學業。	彼成就不繫學業。	they have unattached learner karma.
['T27n1545_121:0633c26_12']	無色界繫一業。	無色界繫一業。	One formless realm-bound karma.
['T27n1545_121:0633c27_2']	若已得無色界善心。	若已得無色界善心。	If they have already attained the wholesome mind of the formless realm,
['T27n1545_121:0633c27_9']	未離無色界染。	未離無色界染。	but have not yet become free from the defilements of the formless realm,
['T27n1545_121:0633c27_17']	彼成就不繫學業。	彼成就不繫學業。	they have unattached learner karma.
['T27n1545_121:0633c28_5']	無色界繫二業。	無色界繫二業。	The two types of karma bound to the formless realm.
['T27n1545_121:0633c28_13']	若已離無色界染。	若已離無色界染。	If one has already become detached from the formless realm,
['T27n1545_121:0633c29_3']	彼成就不繫無學業。	彼成就不繫無學業。	one possesses unattached non-learner karma.
['T27n1545_121:0633c29_10']	無色界繫一業。	無色界繫一業。	The one type of karma bound to the formless realm.
['T27n1545_121:0633c29_19']	若諸聖者生無色界。	若諸聖者生無色界。	If noble ones are born in the formless realm,
['T27n1545_121:0634a01_6']	未離無色界染。	未離無色界染。	and have not yet become detached from the formless realm,
['T27n1545_121:0634a01_12']	起異熟生心。	起異熟生心。	and give rise to a mind of karmic retribution,
['T27n1545_121:0634a02_2']	彼成就不繫學業。	彼成就不繫學業。	they possess unattached learner karma.
['T27n1545_121:0634a02_9']	無色界繫三業。	無色界繫三業。	The three types of karma bound to the formless realm.
['T27n1545_121:0634a02_17']	若不起異熟生心。	若不起異熟生心。	If one does not give rise to a mind of karmic retribution,
['T27n1545_121:0634a03_6']	彼成就不繫學業。	彼成就不繫學業。	one possesses unattached learner karma.
['T27n1545_121:0634a03_13']	無色界繫二業。	無色界繫二業。	The two types of karma bound to the formless realm.
['T27n1545_121:0634a04_3']	若已離無色界染。	若已離無色界染。	If one has already become detached from the formless realm,
['T27n1545_121:0634a04_9']	起異熟生心。	起異熟生心。	and gives rise to a mind of karmic retribution,
['T27n1545_121:0634a04_18']	彼成就不繫無學業。	彼成就不繫無學業。	one possesses unattached non-learner karma.
['T27n1545_121:0634a05_6']	無色界繫二業。	無色界繫二業。	The two types of karma bound to the formless realm.
['T27n1545_121:0634a05_14']	若不起異熟生心。	若不起異熟生心。	If one does not give rise to a mind of karmic retribution,
['T27n1545_121:0634a06_5']	彼成就不繫無學業。	彼成就不繫無學業。	one possesses unattached non-learner karma.
['T27n1545_121:0634a06_12']	無色界繫一業。	無色界繫一業。	The one type of karma bound to the formless realm.
['T27n1545_121:0634a07_3']	有成就無色界繫業。	有成就無色界繫業。	There are those who possess karma bound to the formless realm,
['T27n1545_121:0634a07_8']	非不繫業。	非不繫業。	but not unattached karma.
['T27n1545_121:0634a07_18']	謂諸異生若生欲色界。	謂諸異生若生欲色界。	This refers to ordinary beings born in the desire or form realms,
['T27n1545_121:0634a08_7']	未得無色界善心。	未得無色界善心。	who have not yet attained a wholesome mind of the formless realm.
['T27n1545_121:0634a08_17']	彼成就無色界繫一業。	彼成就無色界繫一業。	They accomplish one action bound to the formless realm.
['T27n1545_121:0634a09_8']	若已得無色界善心。	若已得無色界善心。	If they have already attained a wholesome mind of the formless realm,
['T27n1545_121:0634a10_1']	彼成就無色界繫二業。	彼成就無色界繫二業。	they accomplish two actions bound to the formless realm.
['T27n1545_121:0634a10_10']	若諸異生生無色界。	若諸異生生無色界。	If ordinary beings are born in the formless realm,
['T27n1545_121:0634a10_17']	若起異熟生心。	若起異熟生心。	if they give rise to a mind born of retribution,
['T27n1545_121:0634a11_8']	彼成就無色界繫三業。	彼成就無色界繫三業。	they accomplish three actions bound to the formless realm.
['T27n1545_121:0634a11_16']	若不起異熟生心。	若不起異熟生心。	If they do not give rise to a mind born of retribution,
['T27n1545_121:0634a12_8']	彼成就無色界繫二業。	彼成就無色界繫二業。	they accomplish two actions bound to the formless realm.
['T27n1545_121:0634a13_5']	若成就欲界色界無色界繫不繫業。	若成就欲界色界無色界繫不繫業。	If one accomplishes actions bound to the desire realm, form realm, and formless realm, as well as unconditioned actions,
['T27n1545_121:0634a13_12']	彼命終生何處。	彼命終生何處。	where will they be reborn after death?
['T27n1545_121:0634a13_17', 'T27n1545_121:0634a14_1']	答或欲界。🔽或色界。	答或欲界。 或色界。	Answer: Either in the desire realm,🔽or in the form realm,
['T27n1545_121:0634a14_6']	或無色界。	或無色界。	or in the formless realm,
['T27n1545_121:0634a14_11']	或無生處。	或無生處。	or in a place of no rebirth.
['T27n1545_121:0634a15_1']	謂諸聖者若生欲界。	謂諸聖者若生欲界。	This refers to noble ones who are born in the desire realm
['T27n1545_121:0634a15_7']	未離欲界染。	未離欲界染。	but have not yet eliminated the defilements of the desire realm.
['T27n1545_121:0634a15_16']	彼成就欲界繫三業。	彼成就欲界繫三業。	They accomplish three actions bound to the desire realm,
['T27n1545_121:0634a16_3']	色界繫二業。	色界繫二業。	two actions bound to the form realm,
['T27n1545_121:0634a16_10']	無色界繫一業。	無色界繫一業。	and one action bound to the formless realm.
['T27n1545_121:0634a16_15']	不繫學業。	不繫學業。	Unconditioned learner actions.
['T27n1545_121:0634a17_2']	彼命終生欲界。	彼命終生欲界。	They die and are reborn in the desire realm.
['T27n1545_121:0634a17_9']	若已離欲界染。	若已離欲界染。	If they have already eliminated the defilements of the desire realm,🔽...
['T27n1545_121:0634a17_17']	未得無色界善心。	未得無色界善心。	but has not yet attained a wholesome mind of the formless realm.
['T27n1545_121:0634a18_7']	彼成就欲界繫二業。	彼成就欲界繫二業。	They possess two kinds of karma bound to the desire realm,
['T27n1545_121:0634a18_13']	色界繫三業。	色界繫三業。	three kinds of karma bound to the form realm,
['T27n1545_121:0634a19_1']	無色界繫一業。	無色界繫一業。	and one kind of karma bound to the formless realm.
['T27n1545_121:0634a19_6']	不繫學業。	不繫學業。	They possess unconditioned and learner's karma.
['T27n1545_121:0634a19_13']	彼命終生色界。	彼命終生色界。	When they die, they are reborn in the form realm.
['T27n1545_121:0634a20_3']	若已得無色界善心。	若已得無色界善心。	If they have already attained a wholesome mind of the formless realm,
['T27n1545_121:0634a20_9']	未離色界染。	未離色界染。	but have not yet become free from the defilements of the form realm,
['T27n1545_121:0634a20_18']	彼成就欲界繫二業。	彼成就欲界繫二業。	they possess two kinds of karma bound to the desire realm,
['T27n1545_121:0634a21_5']	色界繫三業。	色界繫三業。	three kinds of karma bound to the form realm,
['T27n1545_121:0634a21_12']	無色界繫二業。	無色界繫二業。	and two kinds of karma bound to the formless realm.
['T27n1545_121:0634a21_17']	不繫學業。	不繫學業。	They possess unconditioned and learner's karma.
['T27n1545_121:0634a22_5']	彼命終亦生色界。	彼命終亦生色界。	When they die, they are also reborn in the form realm.
['T27n1545_121:0634a22_12']	若已離色界染。	若已離色界染。	If they have already become free from the defilements of the form realm,
['T27n1545_121:0634a23_1']	未離無色界染。	未離無色界染。	but have not yet become free from the defilements of the formless realm,
['T27n1545_121:0634a23_10', 'T27n1545_121:0634a23_16']	彼成就欲界繫二業。🔽色界繫二業。	彼成就欲界繫二業。 色界繫二業。	they possess two kinds of karma bound to the desire realm,🔽two kinds of karma bound to the form realm,
['T27n1545_121:0634a24_4']	無色界繫二業。	無色界繫二業。	and two kinds of karma bound to the formless realm.
['T27n1545_121:0634a24_9']	不繫學業。	不繫學業。	They possess unconditioned and learner's karma.
['T27n1545_121:0634a24_17']	彼命終生無色界。	彼命終生無色界。	When they die, they are reborn in the formless realm.
['T27n1545_121:0634a25_6']	若已離無色界染。	若已離無色界染。	If they have already become free from the defilements of the formless realm,
['T27n1545_121:0634a25_15']	彼成就欲界繫二業。	彼成就欲界繫二業。	they possess two kinds of karma bound to the desire realm,
['T27n1545_121:0634a26_2']	色界繫二業。	色界繫二業。	two kinds of karma bound to the form realm,
['T27n1545_121:0634a26_9']	無色界繫一業。	無色界繫一業。	and one kind of karma bound to the formless realm.
['T27n1545_121:0634a26_15']	不繫無學業。	不繫無學業。	Unrestrained and unlearned karma.
['T27n1545_121:0634a27_9']	彼命終無生處若諸聖者生色界。	彼命終無生處若諸聖者生色界。	When they die, there is no place of rebirth. If the noble ones are born in the form realm,
['T27n1545_121:0634a27_17']	未得無色界善心。	未得無色界善心。	They have not yet attained the wholesome mind of the formless realm.
['T27n1545_121:0634a28_8']	彼成就欲界繫一業。	彼成就欲界繫一業。	They accomplish one karma bound to the desire realm,
['T27n1545_121:0634a28_14']	色界繫三業。	色界繫三業。	Three karmas bound to the form realm,
['T27n1545_121:0634a29_2']	無色界繫一業。	無色界繫一業。	And one karma bound to the formless realm.
['T27n1545_121:0634a29_7']	不繫學業。	不繫學業。	Unrestrained and learned karma.
['T27n1545_121:0634a29_14']	彼命終生色界。	彼命終生色界。	When they die, they are born in the form realm.
['T27n1545_121:0634b01_4']	若已得無色界善心。	若已得無色界善心。	If they have already attained the wholesome mind of the formless realm,
['T27n1545_121:0634b02_1']	未離色界染彼成就欲界繫一業。	未離色界染彼成就欲界繫一業。	But have not yet abandoned the defilements of the form realm, they accomplish one karma bound to the desire realm,
['T27n1545_121:0634b02_7']	色界繫三業。	色界繫三業。	Three karmas bound to the form realm,
['T27n1545_121:0634b02_14']	無色界繫二業。	無色界繫二業。	And two karmas bound to the formless realm.
['T27n1545_121:0634b02_19']	不繫學業。	不繫學業。	Unrestrained and learned karma.
['T27n1545_121:0634b03_6']	彼命終亦生色界。	彼命終亦生色界。	When they die, they are also born in the form realm.
['T27n1545_121:0634b03_13']	若已離色界染。	若已離色界染。	If they have already abandoned the defilements of the form realm,
['T27n1545_121:0634b04_2']	未離無色界染。	未離無色界染。	But have not yet abandoned the defilements of the formless realm,
['T27n1545_121:0634b04_11']	彼成就欲界繫一業。	彼成就欲界繫一業。	They accomplish one karma bound to the desire realm,
['T27n1545_121:0634b04_17']	色界繫二業。	色界繫二業。	Two karmas bound to the form realm,
['T27n1545_121:0634b05_5']	無色界繫一業。	無色界繫一業。	And one karma bound to the formless realm.
['T27n1545_121:0634b05_10']	不繫學業。	不繫學業。	Unrestrained and learned karma.
['T27n1545_121:0634b05_18']	彼命終生無色界。	彼命終生無色界。	When they die, they are born in the formless realm.
['T27n1545_121:0634b06_7']	若已離無色界染。	若已離無色界染。	If they have already abandoned the defilements of the formless realm,
['T27n1545_121:0634b06_16']	彼成就欲界繫一業。	彼成就欲界繫一業。	They accomplish one karma bound to the desire realm,
['T27n1545_121:0634b07_3']	色界繫一業。	色界繫一業。	One action bound to the form realm.
['T27n1545_121:0634b07_10']	無色界繫一業。	無色界繫一業。	One action bound to the formless realm.
['T27n1545_121:0634b07_16']	不繫無學業。	不繫無學業。	One unattached action of a post-learner.
['T27n1545_121:0634b08_4', 'T27n1545_121:0634b08_17']	彼命終無生處。🔽由此故說成就四業者彼命終。	彼命終無生處。 由此故說成就四業者彼命終。	They die and are not reborn in any place.
['T27n1545_121:0634b09_4', 'T27n1545_121:0634b09_9']	或生欲界。🔽或生色界。	或生欲界。 或生色界。	For this reason, it is said that one who possesses four actions dies and is either reborn in the desire realm,🔽or reborn in the form realm,
['T27n1545_121:0634b09_15']	或生無色界。	或生無色界。	or reborn in the formless realm,
['T27n1545_121:0634b10_1']	或無生處。	或無生處。	or there is no place of rebirth.🔽Here is the corrected and aligned text:
['T27n1545_121:0634b12_100']	說一切有部發智大毘婆沙論卷第一百二十一	說一切有部發智大毘婆沙論卷第一百二十一	Sarvâstivāda Abhidharma-mahāvibhāṣā-śāstra, fascicle 121
