segmentnr	original	analyzed	translated
['T27n1545_114:0589c13_0']	阿毘達磨大毘婆沙論卷第一百	阿毘達磨大毘婆沙論卷第一百	Abhidharma-mahāvibhāṣā-śāstra, fascicle 100
['T27n1545_114:0589c14_0']	一十四	一十四	fourteen
['T27n1545_114:0589c16_0']	五百大阿羅漢等造	五百大阿羅漢等造	composed by five hundred great arhats and others
['T27n1545_114:0589c19_2']	三藏法師玄奘奉　詔譯3業蘊第四中惡行納息第一之三三業。	三藏法師玄奘奉　詔譯3業蘊第四中惡行納息第一之三三業。	tripiṭaka master Xuanzang respectfully received
['T27n1545_114:0589c19_8']	謂身語意業。	謂身語意業。	namely, bodily, verbal, and mental actions.
['T27n1545_114:0589c19_11']	四業。	四業。	four kinds of actions.
['T27n1545_114:0589c19_18']	謂黑黑異熟業。	謂黑黑異熟業。	namely, black with black ripening,
['T27n1545_114:0589c20_3', 'T27n1545_114:0589c20_11']	白白異熟業。🔽黑白黑白異熟業。	白白異熟業。 黑白黑白異熟業。	white with white ripening,🔽black and white with black and white ripening,
['T27n1545_114:0589c21_1']	非黑非白無異熟業。	非黑非白無異熟業。	neither black nor white with neither black nor white ripening,
['T27n1545_114:0589c21_6', 'T27n1545_114:0589c21_11']	能盡諸業。🔽為三攝四。	能盡諸業。 為三攝四。	which can exhaust all karmic actions.🔽Are the three included in the four?
['T27n1545_114:0589c21_16']	四攝三耶。	四攝三耶。	Are the four included in the three?
['T27n1545_114:0589c22_4']	問何故作此論。	問何故作此論。	Why was this treatise composed?
['T27n1545_114:0589c22_14']	答為欲分別契經義故。	答為欲分別契經義故。	In order to analyze the meaning of the sūtras.
['T27n1545_114:0589c23_5']	如契經說三業四業。	如契經說三業四業。	As the sūtras say, there are three kinds of actions and four kinds of actions.
['T27n1545_114:0589c23_12']	契經雖作是說。	契經雖作是說。	Although the sūtras say this,
['T27n1545_114:0589c23_17']	而未廣辯。	而未廣辯。	they have not extensively explained it.
['T27n1545_114:0589c24_7']	亦未曾說為三攝四。	亦未曾說為三攝四。	They have also not yet said whether the four are included in the three
['T27n1545_114:0589c24_12']	為四攝三。	為四攝三。	or whether the three are included in the four.
['T27n1545_114:0589c24_17']	乃至廣說。	乃至廣說。	And so on, explaining in detail.
['T27n1545_114:0589c25_3']	復有說者。	復有說者。	There is also a saying:
['T27n1545_114:0589c25_10']	前雖分別三業。	前雖分別三業。	Although the three kinds of actions have been analyzed before,
['T27n1545_114:0589c25_17']	而未分別四業。	而未分別四業。	the four kinds of actions have not yet been analyzed.
['T27n1545_114:0589c26_7']	今欲分別故作斯論。	今欲分別故作斯論。	Now, in order to analyze them, this treatise is composed.
['T27n1545_114:0589c26_17']	此中云何黑黑異熟業。	此中云何黑黑異熟業。	What is black karma with black ripening?
['T27n1545_114:0589c27_11']	謂不善業能感嶮惡趣異熟。	謂不善業能感嶮惡趣異熟。	It is unwholesome karma that can lead to the ripening of the lower realms.
['T27n1545_114:0589c28_5']	問異熟不應名黑所以者何。	問異熟不應名黑所以者何。	Question: Ripening should not be called black. Why is it so?
['T27n1545_114:0589c28_11']	如品類足說。	如品類足說。	As the Abhidharma-nyāyânusāra-śāstra says:
['T27n1545_114:0589c28_16']	云何黑法。	云何黑法。	What is black dharma?
['T27n1545_114:0589c29_8']	謂不善法及有覆無記法。	謂不善法及有覆無記法。	It refers to unwholesome dharmas and obscured-neutral dharmas.
['T27n1545_114:0589c29_13']	云何白法。	云何白法。	What is white dharma?
['T27n1545_114:0590a01_4']	謂善法及無覆無記法。	謂善法及無覆無記法。	It refers to wholesome dharmas and unobscured-neutral dharmas.
['T27n1545_114:0590a01_13']	諸異熟果無覆無記。	諸異熟果無覆無記。	All ripening fruits are unobscured-neutral.
['T27n1545_114:0590a01_18']	何故名黑。	何故名黑。	Why is it called black?
['T27n1545_114:0590a02_10']	答此中但應說云何黑業。	答此中但應說云何黑業。	Answer: Here, it should only be said what is black karma.
['T27n1545_114:0590a03_2']	謂不善業能感嶮惡趣。	謂不善業能感嶮惡趣。	It refers to unwholesome karma that can lead to the lower realms.
['T27n1545_114:0590a03_11', 'T27n1545_114:0590a04_3']	不應更說黑異熟言。🔽應如是說而不爾者。	不應更說黑異熟言。 應如是說而不爾者。	One should not further say the words black ripening.
['T27n1545_114:0590a04_8', 'T27n1545_114:0590a05_3']	有何意趣。🔽謂如是說已成立黑是因非果。	有何意趣。 謂如是說已成立黑是因非果。	Why is it so?
['T27n1545_114:0590a05_6']	如說。	如說。	It is said:
['T27n1545_114:0590a05_17']	賊兒此所出言罵父非子。	賊兒此所出言罵父非子。	The son of a thief speaks this way to scold his father, not his son.
['T27n1545_114:0590a06_3']	此中亦爾。	此中亦爾。	It is the same here.
['T27n1545_114:0590a06_8']	復有說者。	復有說者。	Moreover, there are those who say:
['T27n1545_114:0590a07_3']	此中依止不可意黑故作是說。	此中依止不可意黑故作是說。	Here, it is said based on the unlikable black.
['T27n1545_114:0590a07_8']	黑有二種。	黑有二種。	Black has two kinds.
['T27n1545_114:0590a07_13']	一染污黑。	一染污黑。	One is defiled black.
['T27n1545_114:0590a07_19']	二不可意黑。	二不可意黑。	One is disagreeable black.
['T27n1545_114:0590a08_11']	此中業由二黑故說名為黑。	此中業由二黑故說名為黑。	Here, karma is called black because of these two kinds of black.
['T27n1545_114:0590a09_7']	異熟但由不可意黑故亦名黑。	異熟但由不可意黑故亦名黑。	Retribution is also called black only because of disagreeable black.
['T27n1545_114:0590a10_1']	問黑業亦感人天中異熟。	問黑業亦感人天中異熟。	Question: Black karma also produces retribution in the human and heavenly realms.
['T27n1545_114:0590a10_12']	何故但說感惡趣異熟耶。	何故但說感惡趣異熟耶。	Why is it only said to produce retribution in the evil destinies?
['T27n1545_114:0590a11_3']	答亦應說而不說者。	答亦應說而不說者。	Answer: It should be said, but it is not said.
['T27n1545_114:0590a11_10']	當知此義有餘。	當知此義有餘。	One should know that this meaning is incomplete.
['T27n1545_114:0590a11_15']	復有說者。	復有說者。	Furthermore, there are those who say:
['T27n1545_114:0590a12_1']	彼不決定。	彼不決定。	That is not definite.
['T27n1545_114:0590a12_13']	謂人天中若處有黑業異熟。	謂人天中若處有黑業異熟。	It means that if there is black karma retribution in the human and heavenly realms,
['T27n1545_114:0590a13_3']	此處必有白業異熟。	此處必有白業異熟。	then there must also be white karma retribution in that place.
['T27n1545_114:0590a13_12']	無處唯有黑業異熟。	無處唯有黑業異熟。	There is no place where there is only black karma retribution
['T27n1545_114:0590a14_2']	無白業異熟者。	無白業異熟者。	and no white karma retribution.
['T27n1545_114:0590a14_14']	諸惡趣中若處有白業異熟。	諸惡趣中若處有白業異熟。	In the evil destinies, if there is white karma retribution in a certain place,
['T27n1545_114:0590a15_5']	此處必有黑業異熟。	此處必有黑業異熟。	then there must also be black karma retribution in that place.
['T27n1545_114:0590a15_14']	有處唯有黑業異熟。	有處唯有黑業異熟。	There are places where there is only black karma retribution
['T27n1545_114:0590a16_4']	無白業異熟者。	無白業異熟者。	and no white karma retribution.
['T27n1545_114:0590a16_16']	由惡趣中有決定黑異熟處。	由惡趣中有決定黑異熟處。	Because in the evil destinies there are definitely places with black retribution.
['T27n1545_114:0590a17_3']	是故偏說。	是故偏說。	Therefore, it is said in a biased way.
['T27n1545_114:0590a17_12']	集異門論復作是說。	集異門論復作是說。	The Saṃyuktâbhidharmahṛdaya also says:
['T27n1545_114:0590a18_1']	云何黑黑異熟業。	云何黑黑異熟業。	What is black-black retribution?
['T27n1545_114:0590a18_11']	謂不善業感那落迦趣。	謂不善業感那落迦趣。	It is unwholesome karma that leads to the realm of nāraka.
['T27n1545_114:0590a19_6']	問諸不善業亦感傍生鬼趣異熟。	問諸不善業亦感傍生鬼趣異熟。	Question: Unwholesome karma also leads to the retribution of the animal realm and the ghost realm.
['T27n1545_114:0590a20_2']	何故唯說感那落迦不說餘耶。	何故唯說感那落迦不說餘耶。	Why is it only said to lead to the hells and not the others?
['T27n1545_114:0590a20_10']	答應說而不說者。	答應說而不說者。	Answer: What should be said but is not said,
['T27n1545_114:0590a20_17']	當知此義有餘。	當知此義有餘。	one should know that this meaning is incomplete.
['T27n1545_114:0590a21_3']	復有說者。	復有說者。	Furthermore, there is another explanation:
['T27n1545_114:0590a21_8']	彼不決定。	彼不決定。	That is not definite.
['T27n1545_114:0590a22_3']	謂傍生鬼趣亦受不善業異熟。	謂傍生鬼趣亦受不善業異熟。	It is said that the animal realm and the ghost realm also experience the retribution of unwholesome karma,
['T27n1545_114:0590a22_10']	亦受善業異熟。	亦受善業異熟。	and also experience the retribution of wholesome karma.
['T27n1545_114:0590a23_6']	那落迦趣決定唯受不善業異熟。	那落迦趣決定唯受不善業異熟。	The realm of nāraka is definite in only experiencing the retribution of unwholesome karma.
['T27n1545_114:0590a23_11']	是故偏說。	是故偏說。	Therefore, it is said in a biased way.
['T27n1545_114:0590a23_16']	復有說者。	復有說者。	Furthermore, there is another explanation:
['T27n1545_114:0590a24_10']	世尊經中以重惡業怖諸有情。	世尊經中以重惡業怖諸有情。	The World-Honored One, in the sūtras, frightens sentient beings with heavy evil karma.
['T27n1545_114:0590a25_16']	為順彼經是故但說感那落迦諸不善業名黑黑異熟業。	為順彼經是故但說感那落迦諸不善業名黑黑異熟業。	In order to follow that sūtra, it is only said that unwholesome karma that leads to the hells is called black-black retribution karma.
['T27n1545_114:0590a26_7']	為顯此義應引彼經。	為顯此義應引彼經。	In order to show this meaning, that sūtra should be quoted.
['T27n1545_114:0590a26_12']	有二外道。	有二外道。	There were two non-Buddhist practitioners.
['T27n1545_114:0590a27_4']	一名布剌拏憍雉迦。	一名布剌拏憍雉迦。	One was named Pūraṇa Kāśyapa.
['T27n1545_114:0590a27_9']	受持牛戒。	受持牛戒。	He upheld the precepts of an ox.
['T27n1545_114:0590a27_18']	二名頞制羅拪爾迦。	二名頞制羅拪爾迦。	The other was named Maskarin Gośālīputra.
['T27n1545_114:0590a28_4']	受持狗戒。	受持狗戒。	He upheld the precepts of a dog.
['T27n1545_114:0590a28_17']	此二外道於一時間同集會坐。	此二外道於一時間同集會坐。	These two non-Buddhists gathered together at one time and sat down.
['T27n1545_114:0590a29_4']	作如是言。	作如是言。	They said this:
['T27n1545_114:0590a29_13']	世間所有難行禁戒。	世間所有難行禁戒。	In the world, there are difficult practices and precepts.
['T27n1545_114:0590b01_4']	我等二人修學已滿。	我等二人修學已滿。	We two have already completed their study and practice.
['T27n1545_114:0590b01_17']	誰能如實記別我等所感異熟。	誰能如實記別我等所感異熟。	Who can truly record and explain the different retributions we will receive?
['T27n1545_114:0590b02_11']	聞釋迦種生一太子顏貌端正。	聞釋迦種生一太子顏貌端正。	They heard that a prince of the Śākya clan had been born, with an upright appearance.
['T27n1545_114:0590b03_10']	以三十二大丈夫相八十隨好莊嚴其身。	以三十二大丈夫相八十隨好莊嚴其身。	His body was adorned with the thirty-two marks of a great man and the eighty minor characteristics.
['T27n1545_114:0590b03_15']	觀無厭足。	觀無厭足。	Beholding him, one never tires of looking at him.
['T27n1545_114:0590b04_2']	身真金色。	身真金色。	His body was the color of true gold.
['T27n1545_114:0590b04_15']	常光一尋言音清亮和雅悅意。	常光一尋言音清亮和雅悅意。	His constant light was one fathom. His voice was clear, bright, harmonious, and pleasing to the mind.
['T27n1545_114:0590b05_5']	過妙音鳥羯羅頻迦。	過妙音鳥羯羅頻迦。	It surpassed the melodious sounds of the kalaviṅka bird.
['T27n1545_114:0590b05_14']	智見無礙辯才無滯。	智見無礙辯才無滯。	His wisdom and insight were unobstructed, and his eloquence was unhindered.
['T27n1545_114:0590b06_9']	厭捨家法出趣非家勤修苦行。	厭捨家法出趣非家勤修苦行。	He became disgusted with the family Dharma and left home to pursue the non-home life, diligently practicing austerities.
['T27n1545_114:0590b07_1']	復還厭離修處中行。	復還厭離修處中行。	He then returned to become disgusted with that and practiced the middle way.
['T27n1545_114:0590b07_10']	證得無上正等菩提。	證得無上正等菩提。	He attained supreme perfect enlightenment.
['T27n1545_114:0590b08_5']	具一切智如實證見諸法性相。	具一切智如實證見諸法性相。	He is fully endowed with omniscience and has realized and seen the nature and characteristics of all dharmas.
['T27n1545_114:0590b08_11']	斷一切疑網。	斷一切疑網。	He has severed all nets of doubt.
['T27n1545_114:0590b08_17']	施一切決定。	施一切決定。	He bestows all certainty.
['T27n1545_114:0590b09_7']	究達一切問論原底。	究達一切問論原底。	He has thoroughly penetrated the fundamental principles of all doctrinal discussions.
['T27n1545_114:0590b09_16', 'T27n1545_114:0590b10_10']	我等二人今應往問。🔽若得記別我等禁戒所感異熟。	我等二人今應往問。 若得記別我等禁戒所感異熟。	The two of us should now go and ask him.🔽If we receive a prediction, then we will be able to rely on the ripening of our own precepts.
['T27n1545_114:0590b11_2']	則當依學豈不快哉。	則當依學豈不快哉。	Wouldn't that be wonderful?
['T27n1545_114:0590b11_11', 'T27n1545_114:0590b11_16']	於是二人來至佛所。🔽種種愛語。	於是二人來至佛所。 種種愛語。	Then the two of them came to where the Buddha was.
['T27n1545_114:0590b12_2']	相慰問已。	相慰問已。	They exchanged various kinds of affectionate greetings.🔽After comforting each other,
['T27n1545_114:0590b12_7']	退坐一面。	退坐一面。	they sat to one side.
['T27n1545_114:0590b12_12']	時布剌拏。	時布剌拏。	At that time, Pula Na
['T27n1545_114:0590b12_17']	先為他問。	先為他問。	first asked on behalf of the other.
['T27n1545_114:0590b13_2']	而白佛言。	而白佛言。	He said to the Buddha,
['T27n1545_114:0590b13_15']	此拪爾迦受持狗戒修學已滿。	此拪爾迦受持狗戒修學已滿。	This Sairka has upheld the dog precepts and completed his training.
['T27n1545_114:0590b14_6']	當何所趣當何所生。	當何所趣當何所生。	Where will he go? Where will he be reborn?
['T27n1545_114:0590b14_11']	世尊告曰。	世尊告曰。	The World-Honored One said,
['T27n1545_114:0590b15_6']	汝布剌拏止不須問勿因此事。	汝布剌拏止不須問勿因此事。	Pula Na, stop! You don't need to ask. Don't cause this matter.
['T27n1545_114:0590b16_2']	汝等皆當不忍不信心懷恥恨。	汝等皆當不忍不信心懷恥恨。	You will all be unable to bear it, will lose faith, and will feel shame and resentment.
['T27n1545_114:0590b16_7']	如是至三。	如是至三。	This was said up to three times.
['T27n1545_114:0590b16_16']	彼猶慇懃請問不止。	彼猶慇懃請問不止。	They still earnestly requested to ask, not stopping.
['T27n1545_114:0590b17_4']	佛以慈慜告言。	佛以慈慜告言。	The Buddha, out of compassion, said,
['T27n1545_114:0590b17_15']	諦聽吾當為汝如實記別。	諦聽吾當為汝如實記別。	Listen attentively, I will truthfully predict for you.
['T27n1545_114:0590b18_10']	受持狗戒若無缺犯當生狗中。	受持狗戒若無缺犯當生狗中。	If you uphold the dog precepts without transgression, you will be reborn as a dog.
['T27n1545_114:0590b19_3']	若有缺犯當墮地獄。	若有缺犯當墮地獄。	If there is transgression, you will fall into hell.
['T27n1545_114:0590b19_12']	時布剌拏聞佛語已。	時布剌拏聞佛語已。	At that time, when Pula Na heard the Buddha's words,
['T27n1545_114:0590b20_7']	心懷憂怖悲泣哽咽不能自勝。	心懷憂怖悲泣哽咽不能自勝。	he was filled with worry and fear, weeping and choking with sobs, unable to control himself.
['T27n1545_114:0590b20_12']	世尊告曰。	世尊告曰。	The World-Honored One said,
['T27n1545_114:0590b21_3']	吾先豈不數告汝言。	吾先豈不數告汝言。	Didn't I tell you many times before,
['T27n1545_114:0590b21_12']	止不須問勿因此事。	止不須問勿因此事。	to stop and not ask, not to cause this matter?
['T27n1545_114:0590b22_7']	汝等皆當不忍不信心懷恥恨。	汝等皆當不忍不信心懷恥恨。	You will all be unable to bear it, your faith will be ashamed and resentful.
['T27n1545_114:0590b22_12']	今果如是。	今果如是。	Now it is just as I said.
['T27n1545_114:0590b23_7']	時布剌拏便自抑止而白佛言。	時布剌拏便自抑止而白佛言。	At that time, Pula Na restrained himself and said to the Buddha,
['T27n1545_114:0590b23_16']	不以世尊記拪爾迦。	不以世尊記拪爾迦。	It is not because the World-Honored One predicted that Xi Er Jia
['T27n1545_114:0590b24_7']	當生狗趣故我悲泣。	當生狗趣故我悲泣。	will be reborn in the realm of dogs that I weep.
['T27n1545_114:0590b25_3']	然我長夜受持牛戒修學已滿。	然我長夜受持牛戒修學已滿。	But I have long upheld the cow precepts and practiced them to completion.
['T27n1545_114:0590b25_12']	恐亦當爾所以憂怖。	恐亦當爾所以憂怖。	I fear it will be the same for me, and that is why I am worried and afraid.
['T27n1545_114:0590b26_7']	唯願大慈為我宣說受持牛戒。	唯願大慈為我宣說受持牛戒。	I only pray that the Great Compassionate One will proclaim for me the upholding of the cow precepts.
['T27n1545_114:0590b26_16']	當何所趣當何所生。	當何所趣當何所生。	Where will I go? Where will I be reborn?
['T27n1545_114:0590b27_3']	世尊告曰。	世尊告曰。	The World-Honored One said,
['T27n1545_114:0590b27_16']	受持牛戒若無缺犯當生牛中。	受持牛戒若無缺犯當生牛中。	If one observes the cow precepts without any violation, one will be reborn as a cow.
['T27n1545_114:0590b28_7']	若有缺犯當墮地獄。	若有缺犯當墮地獄。	If there is a violation, one will fall into hell.
['T27n1545_114:0590b28_16']	如是等事如經廣說。	如是等事如經廣說。	Such matters are explained in detail in the sutra.
['T27n1545_114:0590b29_12']	問云何受持狗戒牛戒名無缺犯。	問云何受持狗戒牛戒名無缺犯。	Question: How is it that observing the dog precepts and the cow precepts is called without violation?
['T27n1545_114:0590c01_9']	答若持狗戒一如狗法名無缺犯。	答若持狗戒一如狗法名無缺犯。	Answer: If one observes the dog precepts just like the way of a dog, it is called without violation.
['T27n1545_114:0590c02_5']	若持牛戒一如牛法名無缺犯。	若持牛戒一如牛法名無缺犯。	If one observes the cow precepts just like the way of a cow, it is called without violation.
['T27n1545_114:0590c02_14']	若不爾者名有缺犯。	若不爾者名有缺犯。	If it is not so, it is called with violation.
['T27n1545_114:0590c03_9']	是故世尊以重惡業怖諸有情。	是故世尊以重惡業怖諸有情。	Therefore, the World-Honored One, fearing sentient beings with heavy evil karma,
['T27n1545_114:0590c04_4']	故說能感那落迦趣諸不善業。	故說能感那落迦趣諸不善業。	Explained the unwholesome karma that can lead to the realm of hell.
['T27n1545_114:0590c04_17']	為順彼經故集異門作如是說。	為順彼經故集異門作如是說。	In order to follow that sutra, the Saṃyuktâbhidharmahṛdaya explains it like this.
['T27n1545_114:0590c05_14']	感那落迦諸不善業名黑黑異熟業。	感那落迦諸不善業名黑黑異熟業。	The unwholesome karma that leads to hell is called black-black ripening karma.
['T27n1545_114:0590c06_2']	復有說者。	復有說者。	There are also those who say:
['T27n1545_114:0590c06_17']	見道所斷諸不善業名黑黑異熟業。	見道所斷諸不善業名黑黑異熟業。	The unwholesome karma that is eliminated by the path of seeing is called black-black ripening karma.
['T27n1545_114:0590c07_7']	自種類中無白雜故。	自種類中無白雜故。	Because there is no white mixture in its own category.
['T27n1545_114:0590c07_12']	如是說者。	如是說者。	Those who say this:
['T27n1545_114:0590c08_6']	一切不善業皆名黑黑異熟業。	一切不善業皆名黑黑異熟業。	All unwholesome karma is called black-black ripening karma.
['T27n1545_114:0590c08_15']	由欲界中不善強盛。	由欲界中不善強盛。	Because in the desire realm, unwholesome [karma] is powerful and flourishing.
['T27n1545_114:0590c09_6']	不為善法之所陵雜。	不為善法之所陵雜。	It is not mixed with wholesome dharmas.
['T27n1545_114:0590c10_2']	以不善法能伏能斷自地善故。	以不善法能伏能斷自地善故。	Because unwholesome dharmas can suppress and cut off the wholesome of one's own realm.
['T27n1545_114:0590c10_15']	善業羸劣而為不善之所陵雜。	善業羸劣而為不善之所陵雜。	Wholesome karma is weak and is mixed with unwholesomeness.
['T27n1545_114:0590c11_8']	以欲界善不能斷不善故。	以欲界善不能斷不善故。	Because wholesome karma in the desire realm cannot cut off unwholesomeness.
['T27n1545_114:0590c12_7']	云何白白異熟業。	云何白白異熟業。	What is karma with white and white ripening?
['T27n1545_114:0590c12_14']	謂色界繫善業。	謂色界繫善業。	It refers to wholesome karma bound to the form realm.
['T27n1545_114:0590c13_8']	問無色界繫善業亦感白異熟。	問無色界繫善業亦感白異熟。	Question: Wholesome karma bound to the formless realm also produces white ripening.
['T27n1545_114:0590c14_7']	何故唯說色界繫善業名白白異熟業。	何故唯說色界繫善業名白白異熟業。	Why is it that only wholesome karma bound to the form realm is called karma with white and white ripening,
['T27n1545_114:0590c14_17']	不說無色界繫善業耶。	不說無色界繫善業耶。	and wholesome karma bound to the formless realm is not mentioned?
['T27n1545_114:0590c15_7']	答應說而不說者。	答應說而不說者。	Answer: The reason why it should be mentioned but is not mentioned
['T27n1545_114:0590c15_14']	當知此義有餘。	當知此義有餘。	is that this meaning is incomplete.
['T27n1545_114:0590c16_1']	復有說者。	復有說者。	Furthermore, there is an explanation.
['T27n1545_114:0590c16_15']	若說色界繫善業名白白異熟業。	若說色界繫善業名白白異熟業。	If wholesome karma bound to the form realm is called karma with white and white ripening,
['T27n1545_114:0590c17_12']	當知已說無色界繫善業亦是彼業。	當知已說無色界繫善業亦是彼業。	it should be understood that wholesome karma bound to the formless realm is also that kind of karma.
['T27n1545_114:0590c18_3']	同是定地修地法故。	同是定地修地法故。	Because they are both of the stage of concentration and the stage of cultivation.
['T27n1545_114:0590c18_12']	若說此當知亦說彼。	若說此當知亦說彼。	If this is mentioned, it should be understood that that is also mentioned.
['T27n1545_114:0590c18_17']	復有說者。	復有說者。	Furthermore, there is an explanation.
['T27n1545_114:0590c19_10']	若諸善業能感二種異熟果。	若諸善業能感二種異熟果。	If wholesome karma can produce two kinds of karmic ripening,
['T27n1545_114:0590c20_7']	謂中有生有此善業名白白異熟業。	謂中有生有此善業名白白異熟業。	namely, the intermediate state and the state of birth, this wholesome karma is called karma with white-white karmic ripening.
['T27n1545_114:0590c20_16']	無色界業唯感生有。	無色界業唯感生有。	Karma of the formless realm only produces the state of birth,
['T27n1545_114:0590c21_3']	不感中有。	不感中有。	not the intermediate state.
['T27n1545_114:0590c21_8']	是故不說。	是故不說。	Therefore it is not mentioned.
['T27n1545_114:0590c21_16', 'T27n1545_114:0590c22_3', 'T27n1545_114:0590c22_10']	如中有生有如是。🔽起受生受。🔽起異熟生異熟。	如中有生有如是。 起受生受。 起異熟生異熟。	Just as there is the intermediate state and the state of birth,🔽there is the arising of the experience of birth and the arising of the experience of karmic ripening,
['T27n1545_114:0590c22_15']	起果生果。	起果生果。	the arising of the result of birth and the arising of the result of karmic ripening,
['T27n1545_114:0590c22_20']	細果麁果。	細果麁果。	the subtle result and the coarse result.
['T27n1545_114:0590c23_4']	應知亦爾。	應知亦爾。	One should understand it is the same.
['T27n1545_114:0590c23_9']	復有說者。	復有說者。	Furthermore, there are those who say,
['T27n1545_114:0590c23_18']	若業能感二種異熟。	若業能感二種異熟。	if karma can produce two kinds of karmic ripening,
['T27n1545_114:0590c24_14']	謂色非色此諸善業名白白異熟業。	謂色非色此諸善業名白白異熟業。	namely, form and non-form, this wholesome karma is called karma with white-white karmic ripening.🔽Karma of the formless realm only produces non-form,
['T27n1545_114:0590c25_5', 'T27n1545_114:0590c25_10']	無色界業唯感非色。🔽不感於色。	無色界業唯感非色。 不感於色。	not form.
['T27n1545_114:0590c25_15']	是故不說。	是故不說。	Therefore it is not mentioned.
['T27n1545_114:0590c26_2']	復有說者。	復有說者。	Furthermore, there are those who say,
['T27n1545_114:0590c26_11']	若具二業能感異熟。	若具二業能感異熟。	if one possesses two kinds of karma that can produce karmic ripening,
['T27n1545_114:0590c26_16']	謂色非色。	謂色非色。	namely, form and non-form,
['T27n1545_114:0590c27_8']	此中善業名白白異熟業。	此中善業名白白異熟業。	among them, wholesome karma is called karma with white-white karmic ripening.
['T27n1545_114:0590c27_17']	無色界唯有非色業。	無色界唯有非色業。	The formless realm only has non-form karma,
['T27n1545_114:0590c28_4']	無有色業。	無有色業。	not form karma.
['T27n1545_114:0590c28_9']	是故不說。	是故不說。	Therefore, it is not mentioned.
['T27n1545_114:0590c28_16']	如色非色如是。	如色非色如是。	Just as form and non-form are like this,
['T27n1545_114:0590c29_4', 'T27n1545_114:0590c29_11', 'T27n1545_114:0590c29_18']	相應不相應。🔽有所依無所依。🔽有行相無行相。	相應不相應。 有所依無所依。 有行相無行相。	so are association and non-association,🔽having a basis and having no basis,🔽having characteristics and having no characteristics,
['T27n1545_114:0591a01_5']	有所緣無所緣。	有所緣無所緣。	having an object and having no object,
['T27n1545_114:0591a01_12']	有作意無作意。	有作意無作意。	having attention and having no attention.
['T27n1545_114:0591a02_1']	二種業應知亦爾。	二種業應知亦爾。	It should be known that the two kinds of karma are also like this.
['T27n1545_114:0591a02_6']	復有說者。	復有說者。	Moreover, there are those who say:
['T27n1545_114:0591a02_15']	若具三業能感異熟。	若具三業能感異熟。	If one possesses the three karmas, one can experience retribution,
['T27n1545_114:0591a03_1']	謂身語意。	謂身語意。	namely, body, speech, and mind.
['T27n1545_114:0591a03_12']	此淨善業名白白異熟業。	此淨善業名白白異熟業。	This pure good karma is called karma with pure white retribution.
['T27n1545_114:0591a04_7']	無色界中唯有意業能感異熟。	無色界中唯有意業能感異熟。	In the formless realm, there is only mental karma that can experience retribution.
['T27n1545_114:0591a04_12']	是故不說。	是故不說。	Therefore, it is not mentioned.
['T27n1545_114:0591a04_17']	復有說者。	復有說者。	Moreover, there are those who say:
['T27n1545_114:0591a05_8']	若具以五蘊能感異熟。	若具以五蘊能感異熟。	If one possesses the five aggregates that can experience retribution,
['T27n1545_114:0591a06_2']	此淨善業名白白異熟業。	此淨善業名白白異熟業。	this pure good karma is called karma with pure white retribution.
['T27n1545_114:0591a06_15']	無色界中唯有四蘊能感異熟。	無色界中唯有四蘊能感異熟。	In the formless realm, there are only the four aggregates that can experience retribution.
['T27n1545_114:0591a07_2']	是故不說。	是故不說。	Therefore, it is not mentioned.
['T27n1545_114:0591a07_7']	復有說者。	復有說者。	Moreover, there are those who say:
['T27n1545_114:0591a08_2']	若有具足十善業道能感異熟。	若有具足十善業道能感異熟。	If one possesses the ten wholesome courses of action that can experience retribution,
['T27n1545_114:0591a08_13']	此淨善業名白白異熟業。	此淨善業名白白異熟業。	this pure good karma is called karma with pure white retribution.
['T27n1545_114:0591a09_6']	無色界中唯有三善業道。	無色界中唯有三善業道。	In the formless realm, there are only three wholesome karmic paths.
['T27n1545_114:0591a09_11']	能感異熟。	能感異熟。	That can induce retribution.
['T27n1545_114:0591a09_16']	是故不說。	是故不說。	Therefore, it is not mentioned.
['T27n1545_114:0591a10_3']	復有說者。	復有說者。	Furthermore, some say:
['T27n1545_114:0591a10_12']	若此界中有二鮮淨。	若此界中有二鮮淨。	If in this realm there are two pure and bright,
['T27n1545_114:0591a10_17']	有二明白。	有二明白。	Two clear and distinct,
['T27n1545_114:0591a11_1']	一因。	一因。	One is the cause,
['T27n1545_114:0591a11_4']	二果。	二果。	And the other is the effect.
['T27n1545_114:0591a11_15']	此界善業名白白異熟業。	此界善業名白白異熟業。	This realm's wholesome karma is called the karma with white and white retribution.
['T27n1545_114:0591a12_7']	無色界中有一鮮淨明白。	無色界中有一鮮淨明白。	In the formless realm, there is one pure and bright,
['T27n1545_114:0591a12_10']	謂因。	謂因。	Which is the cause.
['T27n1545_114:0591a12_15']	是故不說。	是故不說。	Therefore, it is not mentioned.
['T27n1545_114:0591a13_5']	由如是等種種因緣。	由如是等種種因緣。	Due to these various causes and conditions,
['T27n1545_114:0591a14_1']	唯色界繫善業名白白異熟業。	唯色界繫善業名白白異熟業。	Only the wholesome karma bound to the form realm is called the karma with white and white retribution.
['T27n1545_114:0591a14_9']	非無色界繫善業。	非無色界繫善業。	Not the wholesome karma bound to the formless realm.
['T27n1545_114:0591a14_19']	云何黑白黑白異熟業。	云何黑白黑白異熟業。	What is the karma with black and white and black and white retribution?
['T27n1545_114:0591a15_6']	謂欲界繫善業。	謂欲界繫善業。	It refers to the wholesome karma bound to the desire realm,
['T27n1545_114:0591a15_15']	能感人天趣異熟業。	能感人天趣異熟業。	Which can induce the karma with retribution in the human and heavenly realms.
['T27n1545_114:0591a16_7']	問無有一業亦黑亦白。	問無有一業亦黑亦白。	Question: There is no karma that is both black and white.
['T27n1545_114:0591a17_2']	何故名黑白黑白異熟業耶。	何故名黑白黑白異熟業耶。	Why is it called the karma with black and white and black and white retribution?
['T27n1545_114:0591a17_12']	答為欲顯示一依止中。	答為欲顯示一依止中。	Answer: It is in order to show that within a single basis,
['T27n1545_114:0591a17_17']	一相續中。	一相續中。	Within a single continuity,
['T27n1545_114:0591a18_7']	受二種業所感異熟。	受二種業所感異熟。	It receives the ripening of two kinds of karma.
['T27n1545_114:0591a18_10']	一黑。	一黑。	One is black.
['T27n1545_114:0591a18_13']	二白。	二白。	The other is white.
['T27n1545_114:0591a19_6']	是故說名黑白黑白異熟業。	是故說名黑白黑白異熟業。	Therefore it is called black-and-white karma with black-and-white ripening.
['T27n1545_114:0591a20_2']	問諸惡趣中亦受黑白二業異熟。	問諸惡趣中亦受黑白二業異熟。	Question: In the evil destinies, one also receives the ripening of black-and-white two kinds of karma.
['T27n1545_114:0591a20_15']	何故唯說能感人天趣異熟業。	何故唯說能感人天趣異熟業。	Why is it said that only the karma that can cause the ripening of the human and heavenly destinies
['T27n1545_114:0591a21_6']	名黑白黑白異熟業。	名黑白黑白異熟業。	is called black-and-white karma with black-and-white ripening,
['T27n1545_114:0591a21_17']	不說能感惡趣異熟業耶。	不說能感惡趣異熟業耶。	and not the karma that can cause the ripening of the evil destinies?
['T27n1545_114:0591a22_7']	答應說而不說者。	答應說而不說者。	Answer: It should be explained, but it is not explained.
['T27n1545_114:0591a22_12']	當知此義。	當知此義。	One should know that this meaning exists.
['T27n1545_114:0591a23_6']	有餘復有說者。	有餘復有說者。	There are also other explanations.
['T27n1545_114:0591a24_6']	若說能感人天善業名黑白黑白異熟業。	若說能感人天善業名黑白黑白異熟業。	If it is said that the good karma that can cause the human and heavenly destinies is black-and-white karma with black-and-white ripening,
['T27n1545_114:0591a25_3']	當知已說能感惡趣善業亦是彼業。	當知已說能感惡趣善業亦是彼業。	it should be known that it is also said that the good karma that can cause the evil destinies is that karma.
['T27n1545_114:0591a25_12']	以雜雜相無差別故。	以雜雜相無差別故。	Because the mixed characteristics are no different.
['T27n1545_114:0591a26_3']	若說此當知已說彼。	若說此當知已說彼。	If this is said, it should be known that that is also said.
['T27n1545_114:0591a26_8']	復有說者。	復有說者。	There is also another explanation.
['T27n1545_114:0591a26_13']	彼不決定。	彼不決定。	That is not definite.
['T27n1545_114:0591a26_18']	是故不說。	是故不說。	Therefore it is not said.
['T27n1545_114:0591a27_8']	謂在欲界人天趣中。	謂在欲界人天趣中。	In the desire realm, among the human and heavenly destinies,
['T27n1545_114:0591a28_6', 'T27n1545_114:0591a29_3']	無有一處而不雜受黑白業異熟者。🔽諸惡趣中雖有雜受黑白業異熟處。	無有一處而不雜受黑白業異熟者。 諸惡趣中雖有雜受黑白業異熟處。	There is no place where black and white karmic retributions are not mixed.🔽Although there are places in the evil destinies where black and white karmic retributions are mixed,
['T27n1545_114:0591a29_16']	而更有處一向純受黑業異熟。	而更有處一向純受黑業異熟。	there are also places where only black karma is exclusively experienced.
['T27n1545_114:0591b01_4']	謂一分傍生鬼。	謂一分傍生鬼。	This refers to a part of the animal and ghost realms,
['T27n1545_114:0591b01_10']	及一切地獄。	及一切地獄。	and all the hells.
['T27n1545_114:0591b01_19']	由惡趣中有不決定。	由惡趣中有不決定。	Because there is no certainty in the evil destinies,
['T27n1545_114:0591b02_4']	是故不說。	是故不說。	therefore it is not mentioned.
['T27n1545_114:0591b02_9']	復有說者。	復有說者。	There is another explanation.
['T27n1545_114:0591b03_2']	欲界繫修所斷善不善業。	欲界繫修所斷善不善業。	The wholesome and unwholesome karma to be eliminated by cultivation in the desire realm,
['T27n1545_114:0591b03_11']	名黑白黑白異熟業。	名黑白黑白異熟業。	is called black and white karma with black and white karmic retributions.
['T27n1545_114:0591b04_1']	一種類中二業雜故。	一種類中二業雜故。	Because the two karmas are mixed in one category.
['T27n1545_114:0591b04_6']	復有說者。	復有說者。	There is another explanation.
['T27n1545_114:0591b04_12']	若善不善業。	若善不善業。	If wholesome or unwholesome karma
['T27n1545_114:0591b05_5']	能感欲界人天傍生鬼趣異熟。	能感欲界人天傍生鬼趣異熟。	can induce the karmic retribution of humans, celestials, animals, or ghosts in the desire realm,
['T27n1545_114:0591b05_14']	名黑白黑白異熟業。	名黑白黑白異熟業。	it is called black and white karma with black and white karmic retributions.
['T27n1545_114:0591b06_8']	於一趣中雜受二業異熟故。	於一趣中雜受二業異熟故。	Because the two karmas are mixed in one destiny and their karmic retributions are experienced.
['T27n1545_114:0591b06_13']	如是說者。	如是說者。	According to this explanation,
['T27n1545_114:0591b07_2']	欲界一切善業。	欲界一切善業。	all wholesome karma in the desire realm,
['T27n1545_114:0591b07_11']	名黑白黑白異熟業。	名黑白黑白異熟業。	is called black and white karma with black and white karmic retributions.
['T27n1545_114:0591b08_2']	以彼善業體雖是白。	以彼善業體雖是白。	Because although the essence of that wholesome karma is white,
['T27n1545_114:0591b08_11']	而為不善黑所陵雜。	而為不善黑所陵雜。	But it is mixed with unwholesomeness, which is dark.
['T27n1545_114:0591b09_3']	以不善能斷自地善故。	以不善能斷自地善故。	Because unwholesomeness can sever the wholesome of its own realm.
['T27n1545_114:0591b09_8']	不善不爾。	不善不爾。	Unwholesomeness does not do this.
['T27n1545_114:0591b09_17']	不為自地善所陵雜。	不為自地善所陵雜。	It is not mixed with the wholesome of its own realm.
['T27n1545_114:0591b10_11']	自地善不能斷自地不善故。	自地善不能斷自地不善故。	Because the wholesome of its own realm cannot sever the unwholesomeness of its own realm.
['T27n1545_114:0591b11_5']	由此欲界善業名第三業。	由此欲界善業名第三業。	For this reason, wholesome karma in the desire realm is called the third kind of karma.
['T27n1545_114:0591b12_3']	云何非黑非白無異熟業能盡諸業。	云何非黑非白無異熟業能盡諸業。	What is non-black, non-white karma without retribution that can exhaust all karma?
['T27n1545_114:0591b12_12']	謂能永斷諸業學思。	謂能永斷諸業學思。	It refers to the volition of learners that can permanently sever karma.
['T27n1545_114:0591b13_12']	問諸無漏業是勝義白何故乃名非黑非白。	問諸無漏業是勝義白何故乃名非黑非白。	Question: All pure karma is ultimate goodness. Why is it called non-black, non-white?
['T27n1545_114:0591b14_3']	答集異門論施設論。	答集異門論施設論。	Answer: The Abhidharma-samuccaya and the Prajñapti-śāstra
['T27n1545_114:0591b14_10']	皆說此業不同。	皆說此業不同。	Both explain this karma differently.
['T27n1545_114:0591b14_16']	不善染污黑。	不善染污黑。	Unwholesome defiled karma is black.
['T27n1545_114:0591b15_10']	及感不可意異熟黑故說非黑。	及感不可意異熟黑故說非黑。	And because it produces undesirable retribution, it is called non-black.
['T27n1545_114:0591b16_2']	又亦不同善有漏白。	又亦不同善有漏白。	Moreover, it is also not the same as wholesome contaminated karma.
['T27n1545_114:0591b16_14']	及感可意異熟白故說非白。	及感可意異熟白故說非白。	And because it produces desirable retribution, it is called non-white.
['T27n1545_114:0591b17_1']	復有說者。	復有說者。	There is another explanation.
['T27n1545_114:0591b17_10']	此依果白故說非白。	此依果白故說非白。	This is called non-white because it is white in terms of its effect.
['T27n1545_114:0591b17_15']	白有二種。	白有二種。	There are two kinds of white.
['T27n1545_114:0591b18_1']	一因白。	一因白。	One is causal white.
['T27n1545_114:0591b18_5']	二果白。	二果白。	The second is white.
['T27n1545_114:0591b18_16']	善有漏業具二白故名白。	善有漏業具二白故名白。	Because wholesome contaminated karma has both kinds of whiteness, it is called white.
['T27n1545_114:0591b19_2']	諸無漏業。	諸無漏業。	All uncontaminated karma
['T27n1545_114:0591b19_11']	唯有因白而無果白。	唯有因白而無果白。	Only has the cause of whiteness but not the fruit of whiteness.
['T27n1545_114:0591b19_16']	故不名白。	故不名白。	Therefore it is not called white.
['T27n1545_114:0591b20_3']	復有說者。	復有說者。	There is another explanation.
['T27n1545_114:0591b20_12']	依異熟白故名非白。	依異熟白故名非白。	It is called non-white because it relies on the whiteness of ripening.
['T27n1545_114:0591b20_17']	白有二種。	白有二種。	Whiteness is of two kinds.
['T27n1545_114:0591b21_4']	一自體白。	一自體白。	The first is the whiteness of the essence.
['T27n1545_114:0591b21_9']	二異熟白。	二異熟白。	The second is the whiteness of ripening.
['T27n1545_114:0591b22_2']	善有漏業具二白故名白。	善有漏業具二白故名白。	Because wholesome contaminated karma has both kinds of whiteness, it is called white.
['T27n1545_114:0591b23_2']	無漏業唯有自體白無異熟白故不名白。	無漏業唯有自體白無異熟白故不名白。	Uncontaminated karma only has the whiteness of the essence and does not have the whiteness of ripening, so it is not called white.
['T27n1545_114:0591b23_7']	復有說者。	復有說者。	There is another explanation.
['T27n1545_114:0591b24_2']	此無漏業能斷世間所愛異熟。	此無漏業能斷世間所愛異熟。	This uncontaminated karma can cut off the beloved ripening of the world.
['T27n1545_114:0591b24_11']	非世所愛無有白相。	非世所愛無有白相。	What is not beloved by the world does not have the characteristic of whiteness.
['T27n1545_114:0591b24_16']	故不名白。	故不名白。	Therefore it is not called white.
['T27n1545_114:0591b25_7']	以是義故名非黑白。	以是義故名非黑白。	For this reason it is called neither black nor white.
['T27n1545_114:0591b26_2']	此無漏業非如前三感異熟果。	此無漏業非如前三感異熟果。	This uncontaminated karma is not like the first three in producing ripening fruits.
['T27n1545_114:0591b26_11']	是故說名無異熟業。	是故說名無異熟業。	Therefore it is called karma without ripening.
['T27n1545_114:0591b27_10']	此無漏業令前三業畢竟滅盡等盡遍盡。	此無漏業令前三業畢竟滅盡等盡遍盡。	This uncontaminated karma causes the first three karmas to be completely extinguished, completely exhausted, and completely annihilated.
['T27n1545_114:0591b28_5']	永斷永害棄捨變吐離欲寂滅。	永斷永害棄捨變吐離欲寂滅。	Forever cut off, forever destroyed, abandoned, rejected, separated from desire, and extinguished.
['T27n1545_114:0591b28_14']	是故說名能盡諸業。	是故說名能盡諸業。	Therefore, it is said to be able to exhaust all karma.
['T27n1545_114:0591b29_5']	如是則說十七學思。	如是則說十七學思。	Thus, it is said that there are seventeen kinds of wholesome volition of learners.
['T27n1545_114:0591b29_18']	謂見道中四法智忍相應學思。	謂見道中四法智忍相應學思。	That is to say, the wholesome volition associated with the four forbearances of dharma knowledge in the path of seeing,
['T27n1545_114:0591c01_12']	離欲界染八無間道相應學思。	離欲界染八無間道相應學思。	The wholesome volition associated with the eight uninterrupted paths that are free from the defilements of the desire realm,
['T27n1545_114:0591c02_6']	此十二思能盡黑黑異熟業。	此十二思能盡黑黑異熟業。	These twelve kinds of volition can exhaust black karma with black ripening.
['T27n1545_114:0591c03_2']	離欲界染第九無間道相應學思。	離欲界染第九無間道相應學思。	The wholesome volition associated with the ninth uninterrupted path that is free from the defilements of the desire realm,
['T27n1545_114:0591c03_10']	能盡黑黑異熟業。	能盡黑黑異熟業。	Can exhaust black karma with black ripening,
['T27n1545_114:0591c03_19']	及黑白黑白異熟業。	及黑白黑白異熟業。	And black and white karma with black and white ripening.
['T27n1545_114:0591c04_14']	離初靜慮染第九無間道相應學思。	離初靜慮染第九無間道相應學思。	The wholesome volition associated with the ninth uninterrupted path that is free from the defilements of the first dhyāna,
['T27n1545_114:0591c05_14']	乃至離第四靜慮染第九無間道相應學思。	乃至離第四靜慮染第九無間道相應學思。	Up to the wholesome volition associated with the ninth uninterrupted path that is free from the defilements of the fourth dhyāna,
['T27n1545_114:0591c06_4']	能盡白白異熟業。	能盡白白異熟業。	Can exhaust white karma with white ripening.
['T27n1545_114:0591c06_12']	如是十七無漏思。	如是十七無漏思。	Thus, these seventeen kinds of uncontaminated volition,
['T27n1545_114:0591c07_3']	說名能斷諸業學思。	說名能斷諸業學思。	Are called the wholesome volition of learners that can cut off all karma.
['T27n1545_114:0591c07_8']	復有說者。	復有說者。	There are also those who say:
['T27n1545_114:0591c07_17']	一切無間道無漏思。	一切無間道無漏思。	All uncontaminated volition associated with the uninterrupted paths,
['T27n1545_114:0591c08_7']	皆名能斷諸業學思。	皆名能斷諸業學思。	Are all called the wholesome volition of learners that can cut off all karma.
['T27n1545_114:0591c09_2']	以一切無間道皆能斷諸業故。	以一切無間道皆能斷諸業故。	Because all uninterrupted paths can eliminate all karmas.
['T27n1545_114:0591c09_7']	復有說者。	復有說者。	There is another explanation.
['T27n1545_114:0591c10_2']	一切學思皆名能斷諸業學思。	一切學思皆名能斷諸業學思。	All wholesome thoughts of learners are called those that can eliminate all karmas.
['T27n1545_114:0591c10_15']	以諸學思皆能對治有漏業故。	以諸學思皆能對治有漏業故。	Because all wholesome thoughts of learners can counteract karmas with outflows.
['T27n1545_114:0591c11_2']	如是說者。	如是說者。	Those who explain this way say:
['T27n1545_114:0591c11_12']	謂初說唯十七無漏思。	謂初說唯十七無漏思。	The first explanation is that only seventeen wholesome thoughts are uncontaminated.
['T27n1545_114:0591c12_3']	正能對治前三業故。	正能對治前三業故。	Because they can directly counteract the first three types of karmas.
['T27n1545_114:0591c12_13']	問諸無漏慧相應俱有。	問諸無漏慧相應俱有。	Question: All uncontaminated wisdom and its associated dharmas
['T27n1545_114:0591c13_3']	皆能正斷前三種業。	皆能正斷前三種業。	can directly eliminate the first three types of karmas.
['T27n1545_114:0591c13_12']	何故唯說無漏學思。	何故唯說無漏學思。	Why is it only said that uncontaminated wholesome thoughts of learners can?
['T27n1545_114:0591c14_8']	答思能發動諸法令斷是故偏說。	答思能發動諸法令斷是故偏說。	Answer: Because thoughts can activate dharmas and cause them to be eliminated, they are mentioned specifically.
['T27n1545_114:0591c14_13']	復有說者。	復有說者。	There is another explanation.
['T27n1545_114:0591c15_8']	雖皆能斷此中辨業故唯說思。	雖皆能斷此中辨業故唯說思。	Although they can all eliminate [karmas], since this is about karmas, only thoughts are mentioned.
['T27n1545_114:0591c15_12']	問若爾。	問若爾。	Question: If that is so,
['T27n1545_114:0591c16_4']	亦應說隨轉身語業。	亦應說隨轉身語業。	one should also mention the bodily and verbal karmas that are concomitant [with thoughts].
['T27n1545_114:0591c16_11']	何故唯說思耶。	何故唯說思耶。	Why is it only said that thoughts can?
['T27n1545_114:0591c17_7', 'T27n1545_114:0591c17_16']	答由此學思與無漏慧相應而轉。🔽同一所緣同一行相。	答由此學思與無漏慧相應而轉。 同一所緣同一行相。	Answer: Because these wholesome thoughts of learners are associated with uncontaminated wisdom,🔽they have the same object, the same aspect,
['T27n1545_114:0591c18_3']	同一所依。	同一所依。	and the same support.
['T27n1545_114:0591c18_12']	相助有力能斷諸業。	相助有力能斷諸業。	They assist each other with power and are able to sever all karmic actions.
['T27n1545_114:0591c19_3']	非身語業得有是事。	非身語業得有是事。	This is not the case for bodily and verbal actions.
['T27n1545_114:0591c19_8']	是故不說。	是故不說。	Therefore, they are not mentioned.
['T27n1545_114:0591c20_8']	已說三業四業自性。	已說三業四業自性。	The intrinsic natures of the three karmas and four karmas have already been explained.
['T27n1545_114:0591c20_17']	今當顯示雜無雜相。	今當顯示雜無雜相。	Now, the mixed and unmixed characteristics will be revealed.
['T27n1545_114:0591c21_12']	三業四業為三攝四四攝三耶。	三業四業為三攝四四攝三耶。	Are the three karmas included in the four, and are the four karmas included in the three?
['T27n1545_114:0591c21_17']	答三攝四。	答三攝四。	The answer is: the three include the four,
['T27n1545_114:0591c22_4']	非四攝三。	非四攝三。	but the four do not include the three.
['T27n1545_114:0591c22_9']	不攝者何。	不攝者何。	What is not included?
['T27n1545_114:0591c22_18']	謂除能斷諸業學思。	謂除能斷諸業學思。	It refers to excluding the wholesome volition that severs all karmas, and
['T27n1545_114:0591c23_15']	餘無漏業無色界繫善業一切無記業。	餘無漏業無色界繫善業一切無記業。	the wholesome karmas of the formless realm, and all indeterminate karmas.
['T27n1545_114:0591c25_7']	此中除能斷諸業學思餘無漏業者諸說十七無漏思為第四業者。	此中除能斷諸業學思餘無漏業者諸說十七無漏思為第四業者。	Among them, excluding the wholesome volition that severs all karmas refers to those who say the four wholesome karmas are the seventeen wholesome volitions.
['T27n1545_114:0591c25_14']	彼說除十七思。	彼說除十七思。	They say to exclude the seventeen volitions,
['T27n1545_114:0591c26_12', 'T27n1545_114:0591c26_18']	餘無漏加行無間解脫勝進道相應思。🔽及學隨轉業。	餘無漏加行無間解脫勝進道相應思。 及學隨轉業。	and the wholesome volitions associated with the paths of preparation, uninterrupted path, liberation, and progress,🔽as well as the karmas that accompany the training,
['T27n1545_114:0591c27_6']	并一切無學業。	并一切無學業。	and all the karmas of the adepts.
['T27n1545_114:0591c27_13']	是名餘無漏業。	是名餘無漏業。	These are called the remaining wholesome karmas.
['T27n1545_114:0591c28_11']	諸說一切無間道相應學思為第四業者。	諸說一切無間道相應學思為第四業者。	Those who say the wholesome volitions associated with all uninterrupted paths are the fourth wholesome karma,
['T27n1545_114:0591c29_2']	彼說除一切無間道。	彼說除一切無間道。	They say that all uninterrupted paths are excluded.
['T27n1545_114:0591c29_17']	餘無漏加行解脫勝進道相應學思。	餘無漏加行解脫勝進道相應學思。	The remaining uncontaminated preparatory, liberation, and enhanced paths associated with the wisdom of training,
['T27n1545_114:0592a01_4']	及學隨轉業。	及學隨轉業。	and the karma that accompanies the wisdom of training,
['T27n1545_114:0592a01_11']	并一切無學業。	并一切無學業。	as well as all the karma of the adepts,
['T27n1545_114:0592a01_18']	是名餘無漏業。	是名餘無漏業。	are called the remaining uncontaminated karma.
['T27n1545_114:0592a02_10']	諸說一切學思為第四業者。	諸說一切學思為第四業者。	Those who say that all the wisdom of training is the fourth [type of karma],
['T27n1545_114:0592a02_17']	彼說學隨轉業。	彼說學隨轉業。	they say that the karma that accompanies the wisdom of training,
['T27n1545_114:0592a03_4']	一切無學業。	一切無學業。	all the karma of the adepts,
['T27n1545_114:0592a03_11']	是名餘無漏業。	是名餘無漏業。	are called the remaining uncontaminated karma.
['T27n1545_114:0592a03_16']	如是說者。	如是說者。	Those who explain it in this way,
['T27n1545_114:0592a04_9']	謂初說除無色界繫善業者。	謂初說除無色界繫善業者。	they say that the first [type of karma] excludes the wholesome karma bound to the formless realm.
['T27n1545_114:0592a05_2']	謂無色界繫一切善業。	謂無色界繫一切善業。	It refers to all the wholesome karma bound to the formless realm.
['T27n1545_114:0592a05_8']	除無記業者。	除無記業者。	As for excluding the indeterminate karma,
['T27n1545_114:0592a05_17']	謂三界繫諸無記業。	謂三界繫諸無記業。	it refers to the indeterminate karma bound to the three realms.
['T27n1545_114:0592a06_16']	由此道理三業具攝學無學非學非無學業。	由此道理三業具攝學無學非學非無學業。	By this principle, the three types of karma completely include the karma of training, the karma of no-more-training, and the karma of neither-training-nor-no-more-training.
['T27n1545_114:0592a07_10']	四業唯攝學非學非無學業。	四業唯攝學非學非無學業。	The four types of karma only include the karma of training and the karma of neither-training-nor-no-more-training.
['T27n1545_114:0592a08_7']	三業具攝欲界色界無色界繫業。	三業具攝欲界色界無色界繫業。	The three types of karma completely include the karma bound to the desire realm, the form realm, and the formless realm.
['T27n1545_114:0592a08_17']	四業唯攝欲色界繫業。	四業唯攝欲色界繫業。	The four types of karma only include the karma bound to the desire realm and the form realm.
['T27n1545_114:0592a09_10']	三業具攝善不善無記業。	三業具攝善不善無記業。	The three kinds of karma completely include good, bad, and indeterminate karma.
['T27n1545_114:0592a10_2']	四業唯攝善不善業。	四業唯攝善不善業。	The four kinds of karma only include good and bad karma.
['T27n1545_114:0592a10_16']	三業具攝見所斷修所斷無斷業。	三業具攝見所斷修所斷無斷業。	The three kinds of karma completely include karma that is to be eliminated by insight, karma that is to be eliminated by cultivation, and karma that is not to be eliminated.
['T27n1545_114:0592a11_6', 'T27n1545_114:0592a11_16']	四業唯攝三種一分。🔽三業具攝有漏無漏業。	四業唯攝三種一分。 三業具攝有漏無漏業。	The four kinds of karma only include one part of the three kinds.🔽The three kinds of karma completely include contaminated and uncontaminated karma.
['T27n1545_114:0592a12_5', 'T27n1545_114:0592a12_13', 'T27n1545_114:0592a13_1']	染污不染污業。🔽有異熟無異熟業。🔽相應不相應業。	染污不染污業。 有異熟無異熟業。 相應不相應業。	Defiled and undefiled karma.🔽Karma with retribution and karma without retribution.🔽Associated and unassociated karma.
['T27n1545_114:0592a13_9']	有隨轉無隨轉業。	有隨轉無隨轉業。	Karma with concomitant and karma without concomitant.
['T27n1545_114:0592a13_14']	表無表業。	表無表業。	Indicated and unindicated karma.
['T27n1545_114:0592a14_5']	四業唯攝諸二業少分。	四業唯攝諸二業少分。	The four kinds of karma only include a small part of the two kinds of karma.
['T27n1545_114:0592a14_14']	如是等門皆應廣說。	如是等門皆應廣說。	Such categories should all be explained in detail.
['T27n1545_114:0592a15_4']	是故說言三攝四。	是故說言三攝四。	Therefore it is said that the three include the four.
['T27n1545_114:0592a15_9']	非四攝三。	非四攝三。	The four do not include the three.
['T27n1545_114:0592a15_14']	不攝者何。	不攝者何。	What is not included?
['T27n1545_114:0592a16_4']	謂除能斷諸業學思。	謂除能斷諸業學思。	It refers to excluding the wholesome volition that can eliminate karma.
['T27n1545_114:0592a16_9']	餘無漏業。	餘無漏業。	The rest of the uncontaminated karma.
['T27n1545_114:0592a16_16']	無色界繫善業。	無色界繫善業。	The wholesome karma bound to the formless realm.
['T27n1545_114:0592a17_2']	一切無記業。	一切無記業。	All indeterminate karma.
['T27n1545_114:0592a17_14']	三業謂身語意業復有三業。	三業謂身語意業復有三業。	The three kinds of karma refer to bodily, verbal, and mental karma. There are also three kinds of karma:
['T27n1545_114:0592a18_2']	謂順現法受業。	謂順現法受業。	Karma that produces results in the present life.
['T27n1545_114:0592a18_8']	順次生受業。	順次生受業。	Karma that produces results in the next life.
['T27n1545_114:0592a18_14']	順後次受業。	順後次受業。	Karma to be experienced in the next life, etc.
['T27n1545_114:0592a19_2']	問何故作此論。	問何故作此論。	Question: Why was this treatise composed?
['T27n1545_114:0592a19_12']	答為欲分別契經義故。	答為欲分別契經義故。	Answer: In order to analyze the meaning of the sutras.
['T27n1545_114:0592a19_17']	如契經說。	如契經說。	As the sutras say:
['T27n1545_114:0592a20_6']	順現法受等三業。	順現法受等三業。	The three karmas to be experienced in the present life, etc.
['T27n1545_114:0592a20_11']	而不廣辯。	而不廣辯。	But they are not extensively explained.
['T27n1545_114:0592a20_16']	廣說如前。	廣說如前。	The extensive explanation is as above.
['T27n1545_114:0592a21_2']	復有說者。	復有說者。	Furthermore, some say:
['T27n1545_114:0592a21_11']	前雖分別身等三業。	前雖分別身等三業。	Although the three karmas of body, etc. have been analyzed before,
['T27n1545_114:0592a22_5']	而未分別順現法受等三業。	而未分別順現法受等三業。	The three karmas to be experienced in the present life, etc. have not yet been analyzed.
['T27n1545_114:0592a22_14']	今欲分別故作斯論。	今欲分別故作斯論。	Now, in order to analyze them, this treatise is composed.
['T27n1545_114:0592a23_7']	云何順現法受業。	云何順現法受業。	What is karma to be experienced in the present life?
['T27n1545_114:0592a23_17']	謂若業此生造作增長。	謂若業此生造作增長。	It refers to karma that is created and accumulated in this life,
['T27n1545_114:0592a24_7']	則於此生受異熟果。	則於此生受異熟果。	And the results of retribution are experienced in this life.
['T27n1545_114:0592a24_15']	是名順現法受業。	是名順現法受業。	This is called karma to be experienced in the present life.
['T27n1545_114:0592a25_7']	問若業此時造作增長。	問若業此時造作增長。	Question: If karma is created and accumulated at this time,
['T27n1545_114:0592a25_17']	則於此時受異熟果耶。	則於此時受異熟果耶。	Are the results of retribution experienced at this time?
['T27n1545_114:0592a26_3']	答不爾。	答不爾。	Answer: No.
['T27n1545_114:0592a26_8']	所以者何。	所以者何。	Why is it so?
['T27n1545_114:0592a26_17']	諸善惡業要待相續。	諸善惡業要待相續。	All good and evil karma must wait for the continuity,
['T27n1545_114:0592a27_7']	或度相續方受異熟。	或度相續方受異熟。	Or transcend the continuity before the results of retribution are experienced.
['T27n1545_114:0592a27_16']	謂若此業造作增長。	謂若此業造作增長。	It means that if this karma is created and accumulated,
['T27n1545_114:0592a28_7']	或則於此一相續中。	或則於此一相續中。	Or it is within this single continuity,
['T27n1545_114:0592a28_16']	或則於此一時分中。	或則於此一時分中。	or it is within this single temporal period,
['T27n1545_114:0592a29_12']	或則於此一眾同分中受異熟果。	或則於此一眾同分中受異熟果。	or it is within this single class of sentient beings that the results of karmic maturation are experienced.
['T27n1545_114:0592b01_5']	如是名為順現法受業。	如是名為順現法受業。	This is called karma that is to be experienced in the present life.
['T27n1545_114:0592b01_14']	必無有業此剎那造。	必無有業此剎那造。	There is definitely no karma that is created in this very moment,
['T27n1545_114:0592b02_5']	則此及次剎那熟義。	則此及次剎那熟義。	and then in the very next moment its results mature.
['T27n1545_114:0592b02_10']	由異類故。	由異類故。	This is because of the difference in types,
['T27n1545_114:0592b02_15']	親引發故。	親引發故。	and because it directly induces [the result].🔽As for the karma that is seen in the world to be experienced in the present life,
['T27n1545_114:0592b03_10']	此中所有世所現見順現法受業者。	此中所有世所現見順現法受業者。	it is like this:
['T27n1545_114:0592b03_13', 'T27n1545_114:0592b03_18']	曾聞。🔽有採樵者。	曾聞。 有採樵者。	It is heard that
['T27n1545_114:0592b04_8']	入山遇雪迷失途路。	入山遇雪迷失途路。	there were woodcutters who entered the mountains, encountered snow, and lost their way.
['T27n1545_114:0592b04_17']	時會日暮雪深寒凍。	時會日暮雪深寒凍。	At that time, it was evening, the snow was deep, and the cold was freezing.
['T27n1545_114:0592b05_12']	將死不久即前入一蒙密林中。	將死不久即前入一蒙密林中。	They were about to die soon, so they immediately entered a dense forest.
['T27n1545_114:0592b06_4']	乃見一羆先在林內。	乃見一羆先在林內。	They saw a bear that was already inside the forest.
['T27n1545_114:0592b06_13']	形色青紺眼如雙炬。	形色青紺眼如雙炬。	Its body was blue-black and its eyes were like two torches.
['T27n1545_114:0592b07_3']	其人惶恐分當失命。	其人惶恐分當失命。	The people were terrified, thinking they would lose their lives.
['T27n1545_114:0592b07_12']	此實菩薩現受羆身。	此實菩薩現受羆身。	This was actually a bodhisattva who was currently experiencing the body of a bear.
['T27n1545_114:0592b08_3']	見其憂恐尋慰喻言。	見其憂恐尋慰喻言。	Seeing their worry and fear, [the bear] comforted them, saying,
['T27n1545_114:0592b08_8']	汝今勿怖。	汝今勿怖。	You should not be afraid now.
['T27n1545_114:0592b08_17']	父母於子或有異心。	父母於子或有異心。	The parents may have different thoughts about their child.
['T27n1545_114:0592b09_7']	吾今於汝終無惡意。	吾今於汝終無惡意。	I now have no evil intentions towards you at all.
['T27n1545_114:0592b09_16']	即前捧取將入窟中。	即前捧取將入窟中。	He then picked him up and took him into the cave.
['T27n1545_114:0592b10_7']	溫煖其身令穌息已。	溫煖其身令穌息已。	He warmed his body and made him recover.
['T27n1545_114:0592b10_16']	取諸根果勸隨所食。	取諸根果勸隨所食。	He took various fruits and encouraged him to eat them.
['T27n1545_114:0592b11_8']	恐冷不消抱持而臥。	恐冷不消抱持而臥。	Fearing the cold would not be digested, he held him and lay down.
['T27n1545_114:0592b11_13']	如是恩養。	如是恩養。	In this way, he nurtured him with kindness.
['T27n1545_114:0592b12_4']	經於六日至第七日。	經於六日至第七日。	For six days, until the seventh day.
['T27n1545_114:0592b12_13']	天晴路現人有歸心。	天晴路現人有歸心。	The weather cleared, the road appeared, and people had a place to return to.
['T27n1545_114:0592b13_8']	羆既知已復取甘果飽而餞之。	羆既知已復取甘果飽而餞之。	The bear, knowing this, again took sweet fruits to satisfy him and see him off.
['T27n1545_114:0592b13_17']	送至林外慇懃告別。	送至林外慇懃告別。	He sent him outside the forest, earnestly saying goodbye.
['T27n1545_114:0592b14_4']	人跪謝曰。	人跪謝曰。	The man knelt and thanked him, saying:
['T27n1545_114:0592b14_9']	何以報恩。	何以報恩。	How can I repay your kindness?
['T27n1545_114:0592b14_12']	羆言。	羆言。	The bear said:
['T27n1545_114:0592b15_1']	我今不須餘報。	我今不須餘報。	I do not need any other repayment now.
['T27n1545_114:0592b15_10']	但如此日我護汝身。	但如此日我護汝身。	But just as you have protected my body today,
['T27n1545_114:0592b16_1']	汝於我命亦願如是。	汝於我命亦願如是。	I hope you will do the same for my life.
['T27n1545_114:0592b16_10']	其人敬諾擔樵下山。	其人敬諾擔樵下山。	The man respectfully agreed and carried firewood down the mountain.
['T27n1545_114:0592b16_15']	逢二獵師。	逢二獵師。	He encountered two hunters.
['T27n1545_114:0592b16_18']	問言。	問言。	They asked:
['T27n1545_114:0592b17_5']	山中見何虫獸。	山中見何虫獸。	What insects and beasts did you see in the mountains?
['T27n1545_114:0592b17_10']	樵人答言。	樵人答言。	The woodcutter replied:
['T27n1545_114:0592b17_17']	我亦不見餘獸。	我亦不見餘獸。	I did not see any other beasts.
['T27n1545_114:0592b18_3']	唯見一羆。	唯見一羆。	Only saw a bear.
['T27n1545_114:0592b18_8']	獵師求請。	獵師求請。	The hunter asked for help.
['T27n1545_114:0592b18_13', 'T27n1545_114:0592b18_18']	能相示不。🔽樵人答曰。	能相示不。 樵人答曰。	Can you show me?
['T27n1545_114:0592b19_7']	若能與我三分之二。	若能與我三分之二。	The woodcutter replied, If you can give me two-thirds,
['T27n1545_114:0592b19_12']	吾當示汝。	吾當示汝。	I will show you.
['T27n1545_114:0592b20_3']	獵師依許相與俱行。	獵師依許相與俱行。	The hunter agreed and they went together.
['T27n1545_114:0592b20_12']	竟害羆命分肉為三。	竟害羆命分肉為三。	In the end, they killed the bear and divided the meat into three parts.
['T27n1545_114:0592b21_3']	樵人兩手欲取羆肉。	樵人兩手欲取羆肉。	When the woodcutter tried to take the bear meat with both hands,
['T27n1545_114:0592b21_12']	惡業力故雙臂俱落。	惡業力故雙臂俱落。	due to the power of evil karma, both arms fell off.
['T27n1545_114:0592b21_17']	如珠縷斷。	如珠縷斷。	Like a string of beads broken,
['T27n1545_114:0592b22_3', 'T27n1545_114:0592b22_12']	如截藕根。🔽獵師荒忙驚問所以。	如截藕根。 獵師荒忙驚問所以。	like a lotus root cut off.🔽The hunter was startled and frightened, and asked the reason.
['T27n1545_114:0592b23_3']	樵人恥愧具述委由。	樵人恥愧具述委由。	The woodcutter was ashamed and told the whole story.
['T27n1545_114:0592b23_12']	是二獵師責樵人曰。	是二獵師責樵人曰。	The two hunters scolded the woodcutter, saying,
['T27n1545_114:0592b24_4']	他既於汝有此大恩。	他既於汝有此大恩。	Since he had such great kindness towards you,
['T27n1545_114:0592b24_13']	汝今何忍行斯惡逆。	汝今何忍行斯惡逆。	how could you bear to do such an evil and rebellious act?
['T27n1545_114:0592b25_3']	怪哉汝身何不糜爛。	怪哉汝身何不糜爛。	Alas! Why doesn't your body rot?
['T27n1545_114:0592b25_16']	於是獵師共持其肉施僧伽藍。	於是獵師共持其肉施僧伽藍。	Then the hunters together carried the meat to offer to the Saṃgha monastery.
['T27n1545_114:0592b26_7']	時僧上座得妙願智。	時僧上座得妙願智。	At that time, the senior monk of the Saṃgha had attained the wonderful supernormal knowledge of vows.
['T27n1545_114:0592b26_16']	則時入定觀是何肉。	則時入定觀是何肉。	He then entered concentration and observed what kind of meat it was.
['T27n1545_114:0592b27_15']	則知是與一切眾生作利樂者大菩薩肉。	則知是與一切眾生作利樂者大菩薩肉。	Then they knew that it was the flesh of a great bodhisattva who had brought benefit and joy to all sentient beings.
['T27n1545_114:0592b28_8']	尋時出定以此事白眾。	尋時出定以此事白眾。	He immediately came out of concentration and told the assembly about this matter.
['T27n1545_114:0592b28_17']	眾皆驚歎共取香薪。	眾皆驚歎共取香薪。	The assembly was all amazed and together they gathered fragrant firewood.
['T27n1545_114:0592b29_8']	焚燒其肉收其餘骨。	焚燒其肉收其餘骨。	They cremated the flesh and collected the remaining bones.
['T27n1545_114:0592b29_17']	起窣堵波禮拜供養。	起窣堵波禮拜供養。	They built a stupa and made offerings with prostrations.
['T27n1545_114:0592c01_4']	如是惡業。	如是惡業。	Such evil karma
['T27n1545_114:0592c01_9']	要待相續。	要待相續。	must wait for the continuity
['T27n1545_114:0592c01_14']	或度相續。	或度相續。	or the completion of the continuity
['T27n1545_114:0592c02_1']	方受其果。	方受其果。	before it receives its fruit.
['T27n1545_114:0592c03_8']	復次昔有屠販牛人。	復次昔有屠販牛人。	Furthermore, in the past there was a butcher who sold cattle.
['T27n1545_114:0592c04_3']	驅牛涉路人多糧盡飢渴熱乏。	驅牛涉路人多糧盡飢渴熱乏。	He drove the cattle across the road. Many people had exhausted their provisions and were hungry, thirsty, and exhausted from the heat.
['T27n1545_114:0592c04_8']	息而議曰。	息而議曰。	They rested and discussed, saying:
['T27n1545_114:0592c04_17']	此等群牛終非己物。	此等群牛終非己物。	These herds of cattle are not our own in the end.
['T27n1545_114:0592c05_7']	宜割取舌以濟飢虛。	宜割取舌以濟飢虛。	We should cut off their tongues to relieve our hunger.
['T27n1545_114:0592c05_16']	則時以鹽塗諸牛口。	則時以鹽塗諸牛口。	Then they used salt to smear the cattle's mouths.
['T27n1545_114:0592c06_7']	牛貪醎味出舌舐之。	牛貪醎味出舌舐之。	The cattle greedily licked the salty taste with their tongues.
['T27n1545_114:0592c06_16']	則用利刀一時截取。	則用利刀一時截取。	They used sharp knives to cut them off all at once.
['T27n1545_114:0592c07_8']	以火暗炙而共食之。	以火暗炙而共食之。	They roasted them over the fire and ate them together.
['T27n1545_114:0592c07_17', 'T27n1545_114:0592c08_8']	食已相與臨水澡漱。🔽俱嚼楊枝揩齒既了。	食已相與臨水澡漱。 俱嚼楊枝揩齒既了。	After eating, they went to the water together to rinse their mouths.🔽They all chewed willow branches to clean their teeth.
['T27n1545_114:0592c08_13']	擘以刮舌。	擘以刮舌。	They then split them to scrape their tongues.
['T27n1545_114:0592c08_18']	惡業力故。	惡業力故。	Due to the power of evil karma,
['T27n1545_114:0592c09_12']	諸人舌根猶如爛果一時俱落。	諸人舌根猶如爛果一時俱落。	the tongues of all people were like rotten fruits, falling off at the same time.
['T27n1545_114:0592c09_17']	如是惡業。	如是惡業。	Such evil karma,
['T27n1545_114:0592c10_4']	要待相續。	要待相續。	must wait for continuity,
['T27n1545_114:0592c10_9']	或度相續。	或度相續。	or cross over continuity,
['T27n1545_114:0592c10_14']	方受其果。	方受其果。	only then will it receive its fruits.
['T27n1545_114:0592c11_8']	復次聞昔有暴惡者。	復次聞昔有暴惡者。	Furthermore, it is heard that in the past there was a violent and evil person,
['T27n1545_114:0592c11_17']	令母執器自搆牛乳。	令母執器自搆牛乳。	who made his mother hold a vessel and milk a cow herself.
['T27n1545_114:0592c12_4']	搆便過量。	搆便過量。	When milking, she exceeded the proper amount.
['T27n1545_114:0592c12_9']	母止之言。	母止之言。	The mother stopped her and said,
['T27n1545_114:0592c12_18']	餘者可留以乳犢子。	餘者可留以乳犢子。	Leave some to milk the calf.
['T27n1545_114:0592c13_8']	其人既聞忽生瞋忿。	其人既聞忽生瞋忿。	When that person heard this, he suddenly became angry.
['T27n1545_114:0592c13_17']	以手掬乳散其母面。	以手掬乳散其母面。	He scooped up milk with his hand and scattered it on his mother's face.
['T27n1545_114:0592c14_8']	隨著母身乳滴多少。	隨著母身乳滴多少。	As many drops of milk as there were on his mother's body,
['T27n1545_114:0592c15_7']	惡業力故則令彼人身上還生爾所白癩。	惡業力故則令彼人身上還生爾所白癩。	due to the power of evil karma, he caused that many white leprosy spots to appear on his body.
['T27n1545_114:0592c15_12']	如是惡業。	如是惡業。	Such evil karma,
['T27n1545_114:0592c15_17']	要待相續。	要待相續。	must wait for continuity,
['T27n1545_114:0592c16_3']	或度相續。	或度相續。	or cross over continuity,
['T27n1545_114:0592c16_8']	方受其果。	方受其果。	only then will it receive its fruits.
['T27n1545_114:0592c17_3']	是為略引順現法受三種惡業。	是為略引順現法受三種惡業。	This is a brief introduction to the three kinds of evil karma that are experienced in the present life.
['T27n1545_114:0592c17_14']	昔憍薩羅國有王名勝軍。	昔憍薩羅國有王名勝軍。	In the past, there was a king named Jita in the country of Kosala.
['T27n1545_114:0592c18_5']	生其一女具十八醜。	生其一女具十八醜。	He had a daughter with eighteen ugly features.
['T27n1545_114:0592c18_11']	貧賤者不與。	貧賤者不與。	He did not give to the poor and lowly,
['T27n1545_114:0592c18_17']	富貴者不求。	富貴者不求。	but did not seek from the rich and noble.
['T27n1545_114:0592c19_7']	有長者子財位喪失。	有長者子財位喪失。	There was a son of a wealthy man whose wealth and status were lost.
['T27n1545_114:0592c19_16']	王聞遣使召至告言。	王聞遣使召至告言。	The king heard of this and sent an envoy to summon him, saying,
['T27n1545_114:0592c20_7']	吾有小女少乏容色。	吾有小女少乏容色。	I have a young daughter who lacks beauty.
['T27n1545_114:0592c20_16']	卿若不恥厚俸珍財。	卿若不恥厚俸珍財。	If you are not ashamed, I will give you a generous salary and precious wealth.
['T27n1545_114:0592c21_3']	其人許之。	其人許之。	The man agreed.
['T27n1545_114:0592c21_8']	王聞歡喜。	王聞歡喜。	The king heard this and was delighted.
['T27n1545_114:0592c22_3']	多賜財寶田宅僕使恣其所欲。	多賜財寶田宅僕使恣其所欲。	He bestowed much wealth, fields, houses, and servants, allowing him to have whatever he desired.
['T27n1545_114:0592c22_12']	降嬪以禮密令歸第。	降嬪以禮密令歸第。	He lowered his concubine with propriety and secretly ordered her to return to his residence.
['T27n1545_114:0592c23_3']	其人慚恥出則關鑰。	其人慚恥出則關鑰。	The man was ashamed and locked the door when going out.
['T27n1545_114:0592c23_8']	親知莫見。	親知莫見。	No one close to him saw her.
['T27n1545_114:0592c23_13']	有諸密友。	有諸密友。	There were some close friends.
['T27n1545_114:0592c23_16']	責言。	責言。	They scolded him, saying,
['T27n1545_114:0592c24_3']	何故不示我妻。	何故不示我妻。	Why don't you show us your wife?
['T27n1545_114:0592c24_8']	長者子言。	長者子言。	The son of the wealthy man said,
['T27n1545_114:0592c24_13']	何遽之有。	何遽之有。	Why the rush?
['T27n1545_114:0592c25_5']	眾人怪其推延遂共立約。	眾人怪其推延遂共立約。	The people found his delay strange and eventually made an agreement together.
['T27n1545_114:0592c26_5']	却後七日各將室家會某園林歡娛讌賞。	却後七日各將室家會某園林歡娛讌賞。	After seven days, each would bring their wife to a certain garden and park to enjoy themselves and have a feast.
['T27n1545_114:0592c26_14']	違者當罰金錢五百。	違者當罰金錢五百。	Those who violated this would be fined five hundred gold coins.
['T27n1545_114:0592c27_5']	至第七日皆如所約。	至第七日皆如所約。	On the seventh day, everyone followed the agreement.
['T27n1545_114:0592c27_14']	唯長者子不將婦來。	唯長者子不將婦來。	Only the son of the wealthy man did not bring his wife.
['T27n1545_114:0592c28_6']	自恃財富任罰多少。	自恃財富任罰多少。	Relying on their wealth, they imposed heavy fines.
['T27n1545_114:0592c28_17']	其婦獨在家中自責自恨。	其婦獨在家中自責自恨。	His wife was alone at home, blaming herself and feeling ashamed.
['T27n1545_114:0592c29_8']	我宿何罪受此惡身。	我宿何罪受此惡身。	What bad karma did I create in my past lives to have such a bad body?
['T27n1545_114:0592c29_17']	眾人皆樂唯我獨苦。	眾人皆樂唯我獨苦。	Everyone else is happy, only I suffer.
['T27n1545_114:0593a01_4']	不如早死。	不如早死。	It would be better to die early.
['T27n1545_114:0593a01_13']	一心念佛便欲自害。	一心念佛便欲自害。	She single-mindedly thought of the Buddha and wanted to kill herself.
['T27n1545_114:0593a01_18']	佛知時至。	佛知時至。	The Buddha knew the time had come.
['T27n1545_114:0593a02_8']	則於此沒踊出其前。	則於此沒踊出其前。	He disappeared from there and emerged in front of her.
['T27n1545_114:0593a02_17']	女見如來深生悲喜。	女見如來深生悲喜。	The woman saw the Tathagata and deeply felt sorrow and joy.
['T27n1545_114:0593a03_8']	發殷淨心觀佛相好。	發殷淨心觀佛相好。	She observed the Buddha's excellent features with a sincere and pure mind.
['T27n1545_114:0593a03_13']	善業力故。	善業力故。	By the power of her good karma,
['T27n1545_114:0593a04_4']	須臾變身猶如天女。	須臾變身猶如天女。	in an instant her body transformed like a heavenly maiden.
['T27n1545_114:0593a04_9']	倍增踊躍。	倍增踊躍。	She became even more elated.
['T27n1545_114:0593a04_14']	佛為說法。	佛為說法。	The Buddha taught her the Dharma.
['T27n1545_114:0593a05_4']	遠塵離垢得預流果。	遠塵離垢得預流果。	She removed the dust and defilements and attained the fruit of stream-entry.
['T27n1545_114:0593a05_13']	世尊既還彼女獨坐。	世尊既還彼女獨坐。	After the World-Honored One left, the woman sat alone.
['T27n1545_114:0593a06_3']	端正無比安隱快樂。	端正無比安隱快樂。	She was incomparably upright and felt peaceful and blissful.
['T27n1545_114:0593a07_3']	時彼朋類既見其人不將妻室便醉以酒。	時彼朋類既見其人不將妻室便醉以酒。	At that time, her friends, seeing that she did not bring her wife, became drunk on wine.
['T27n1545_114:0593a07_12']	竊其戶鑰共往其家。	竊其戶鑰共往其家。	They secretly took her house keys and went to her house together.
['T27n1545_114:0593a08_7']	遙見其婦端嚴無比如帝釋妃。	遙見其婦端嚴無比如帝釋妃。	From afar they saw her wife, upright and incomparably beautiful like Shakra's consort.
['T27n1545_114:0593a08_16', 'T27n1545_114:0593a09_3']	於是眾人深生讚仰。🔽因相謂曰。	於是眾人深生讚仰。 因相謂曰。	The people present deeply admired and praised her.🔽They said to each other,
['T27n1545_114:0593a09_12']	比不示人誠由於此。	比不示人誠由於此。	The reason she has not shown herself to others is truly because of this.
['T27n1545_114:0593a10_8']	則馳園所共謝其夫并慶讚之。	則馳園所共謝其夫并慶讚之。	Then the people in the garden all apologized to her husband and congratulated and praised her.
['T27n1545_114:0593a10_17']	其人慚𧹞謂相譏弄。	其人慚𧹞謂相譏弄。	The man was ashamed and thought they were mocking him.
['T27n1545_114:0593a11_8']	及還見之深生疑怪。	及還見之深生疑怪。	When he returned home, he saw her and was deeply suspicious.
['T27n1545_114:0593a11_11']	問言。	問言。	He asked,
['T27n1545_114:0593a11_18']	聖女為是幻術。	聖女為是幻術。	Is this holy woman an illusion?
['T27n1545_114:0593a12_4']	為鬼魅耶。	為鬼魅耶。	Or a ghost or spirit?
['T27n1545_114:0593a12_9']	我婦安在。	我婦安在。	Where is my wife?
['T27n1545_114:0593a12_18']	其妻具以上事答之。	其妻具以上事答之。	His wife then told him everything that had happened.
['T27n1545_114:0593a13_12']	於是其夫得未曾有歸依三寶。	於是其夫得未曾有歸依三寶。	Then the husband attained something he had never had before and took refuge in the Three Jewels.
['T27n1545_114:0593a13_17', 'T27n1545_114:0593a14_4']	如是善業。🔽要待相續。	如是善業。 要待相續。	Such good karma,🔽must wait for continuity,
['T27n1545_114:0593a14_9']	或度相續。	或度相續。	or for the continuity to be severed,
['T27n1545_114:0593a14_14']	方受其果。	方受其果。	only then will it receive its fruit.
['T27n1545_114:0593a15_10']	昔健馱羅國迦膩色迦王。	昔健馱羅國迦膩色迦王。	In the past, in the country of Gandhara, there was a eunuch named Kaniska.
['T27n1545_114:0593a16_1']	有一黃門恒監內事。	有一黃門恒監內事。	He was always in charge of internal affairs.
['T27n1545_114:0593a17_2']	暫出城外見有群牛數盈五百來入城內。	暫出城外見有群牛數盈五百來入城內。	He went out of the city for a while and saw a herd of five hundred cows entering the city.
['T27n1545_114:0593a17_7']	問驅牛者。	問驅牛者。	He asked the cowherds,
['T27n1545_114:0593a17_12']	此是何牛。	此是何牛。	What kind of cows are these?
['T27n1545_114:0593a17_15']	答言。	答言。	They replied,
['T27n1545_114:0593a18_2']	此牛將去其種。	此牛將去其種。	These cows are about to be castrated.
['T27n1545_114:0593a18_11']	於是黃門則自思忖。	於是黃門則自思忖。	Then the eunuch thought to himself:
['T27n1545_114:0593a19_2']	我宿惡業受不男身。	我宿惡業受不男身。	Because of my evil karma in a past life, I have received a body without male organs.
['T27n1545_114:0593a19_11']	今應以財救此牛難。	今應以財救此牛難。	Now I should use wealth to save this cow's difficulty.
['T27n1545_114:0593a20_2']	遂償其價悉令得脫。	遂償其價悉令得脫。	He then paid the price and let them all be released.
['T27n1545_114:0593a20_7']	善業力故。	善業力故。	Because of the power of good karma,
['T27n1545_114:0593a20_16']	令此黃門則復男身。	令此黃門則復男身。	he made this eunuch then restore his male body.
['T27n1545_114:0593a21_7']	深生慶悅尋還城內。	深生慶悅尋還城內。	He was deeply delighted and returned to the city.
['T27n1545_114:0593a21_16']	佇立宮門附使啟王。	佇立宮門附使啟王。	He stood at the palace gate and sent a message to the king.
['T27n1545_114:0593a22_3']	請入奉覲。	請入奉覲。	He requested to enter and pay his respects.
['T27n1545_114:0593a22_12']	王令喚入怪問所由。	王令喚入怪問所由。	The king ordered him to be brought in and asked him in surprise why he had come.
['T27n1545_114:0593a23_3']	於是黃門具奏上事。	於是黃門具奏上事。	Then the eunuch fully reported the matter above.
['T27n1545_114:0593a23_12']	王聞驚喜厚賜珍財。	王聞驚喜厚賜珍財。	The king was surprised and delighted and bestowed precious wealth on him.
['T27n1545_114:0593a24_3']	轉授高官令知外事。	轉授高官令知外事。	He was promoted to a high official and put in charge of external affairs.
['T27n1545_114:0593a24_8']	如是善業。	如是善業。	Such good karma,
['T27n1545_114:0593a24_13']	要待相續。	要待相續。	must wait for continuity,
['T27n1545_114:0593a24_18']	或度相續。	或度相續。	or cross over continuity,
['T27n1545_114:0593a25_4']	方受其果。	方受其果。	only then will it receive its fruit.
['T27n1545_114:0593a26_10']	昔怛叉尸羅國有一女人。	昔怛叉尸羅國有一女人。	In the past, in the country of Takṣaśilā, there was a woman.
['T27n1545_114:0593a27_10']	至月光王捨千頭處禮無憂王所起靈廟。	至月光王捨千頭處禮無憂王所起靈廟。	She went to the place where King Candraprabha gave away a thousand heads and paid homage to the spirit shrine built by King Aśoka.
['T27n1545_114:0593a28_2']	見有狗糞在佛座前。	見有狗糞在佛座前。	She saw dog feces in front of the Buddha's seat.
['T27n1545_114:0593a28_7']	尋作是思。	尋作是思。	She then thought like this:
['T27n1545_114:0593a28_12']	此處清淨。	此處清淨。	This place is pure.
['T27n1545_114:0593a29_2']	如何狗糞穢污其中。	如何狗糞穢污其中。	How could dog feces defile it?
['T27n1545_114:0593a29_11']	以手捧除香泥塗飾。	以手捧除香泥塗飾。	He took it in his hands, removed the impurities, and applied fragrant mud to decorate it.
['T27n1545_114:0593a29_16']	善業力故。	善業力故。	By the power of good karma,
['T27n1545_114:0593b01_10']	令此女人遍體生香如栴檀樹。	令此女人遍體生香如栴檀樹。	he caused this woman's entire body to emit a fragrance like a sandalwood tree.
['T27n1545_114:0593b02_1']	口中常出青蓮華香。	口中常出青蓮華香。	Her mouth always emitted the fragrance of blue lotus flowers.
['T27n1545_114:0593b02_6']	如是善業。	如是善業。	Such good karma,
['T27n1545_114:0593b02_11']	要待相續。	要待相續。	must wait for continuity,
['T27n1545_114:0593b02_16']	或度相續。	或度相續。	or transcend continuity,
['T27n1545_114:0593b03_2']	方受其果。	方受其果。	only then will it receive its fruit.
['T27n1545_114:0593b03_15']	是為略引順現法受三種善業。	是為略引順現法受三種善業。	This is a brief introduction to the three kinds of good karma that are experienced in the present life.
['T27n1545_114:0593b04_7']	云何順次生受業。	云何順次生受業。	What is karma that is experienced in the next life?
['T27n1545_114:0593b04_17']	謂若業此生造作增長。	謂若業此生造作增長。	It refers to karma that is created and increased in this life,
['T27n1545_114:0593b05_7']	於第二生受異熟果。	於第二生受異熟果。	and the results of which are experienced in the second life.
['T27n1545_114:0593b05_15']	是名順次生受業。	是名順次生受業。	This is called karma that is experienced in the next life.
['T27n1545_114:0593b06_7']	云何順後次受業。	云何順後次受業。	What is karma that is experienced in a subsequent life?
['T27n1545_114:0593b06_17']	謂若業此生造作增長。	謂若業此生造作增長。	It refers to karma that is created and increased in this life,
['T27n1545_114:0593b07_3']	隨第三生。	隨第三生。	according to the third life,
['T27n1545_114:0593b07_8']	或隨第四。	或隨第四。	or according to the fourth,
['T27n1545_114:0593b07_13']	或復過此。	或復過此。	or beyond that,
['T27n1545_114:0593b07_18']	受異熟果。	受異熟果。	the results of which are experienced.
['T27n1545_114:0593b08_6']	是名順後次受業。	是名順後次受業。	This is called karma that is experienced in a subsequent life.
['T27n1545_114:0593b09_7']	問諸順現法受業。	問諸順現法受業。	It is asked: As for karma that is experienced in the present life,
['T27n1545_114:0593b09_14']	定於現法受耶。	定於現法受耶。	is it definitely experienced in the present life?
['T27n1545_114:0593b10_5']	順生順後為問亦爾。	順生順後為問亦爾。	The same is true for the question of whether it is in accordance with birth or in accordance with the later period.
['T27n1545_114:0593b10_10']	譬喻者說。	譬喻者說。	The Vaibhāṣikas say:
['T27n1545_114:0593b10_15']	此不決定。	此不決定。	This is not definite.
['T27n1545_114:0593b11_5']	以一切業皆可轉故。	以一切業皆可轉故。	Because all karma can be transformed.
['T27n1545_114:0593b11_15']	乃至無間業亦可令轉。	乃至無間業亦可令轉。	Even the karma of immediate retribution can be transformed.
['T27n1545_114:0593b11_19']	問若爾。	問若爾。	Question: If that is so,
['T27n1545_114:0593b12_15']	云何說名順現法受業等耶彼作是說。	云何說名順現法受業等耶彼作是說。	why is it called karma that definitely produces results in the present life, etc.? They say:
['T27n1545_114:0593b13_7']	諸順現法受業不定。	諸順現法受業不定。	Karma that produces results in the present life is indefinite.
['T27n1545_114:0593b13_16']	於現法中受異熟果。	於現法中受異熟果。	It receives the result of retribution in the present life.
['T27n1545_114:0593b14_7']	若受者定於現法非餘。	若受者定於現法非餘。	If it is received, it is in the present life and not elsewhere.
['T27n1545_114:0593b14_15']	故名順現法受業。	故名順現法受業。	Therefore it is called karma that produces results in the present life.
['T27n1545_114:0593b15_6']	順生順後所說亦爾。	順生順後所說亦爾。	The same is true for what is in accordance with birth and what is in accordance with the later period.
['T27n1545_114:0593b15_15']	彼說一切業皆可轉。	彼說一切業皆可轉。	They say that all karma can be transformed.
['T27n1545_114:0593b16_6']	乃至無間業亦可轉。	乃至無間業亦可轉。	Even the karma of immediate retribution can be transformed.
['T27n1545_114:0593b16_15']	若無間業不可轉者。	若無間業不可轉者。	If the karma of immediate retribution cannot be transformed,
['T27n1545_114:0593b17_6']	應無有能越第一有。	應無有能越第一有。	then there would be no one able to transcend the first meditative absorption.
['T27n1545_114:0593b17_15']	然有能越第一有者。	然有能越第一有者。	However, there are those able to transcend the first meditative absorption.
['T27n1545_114:0593b18_8']	是故無間業亦應可轉。	是故無間業亦應可轉。	Therefore, the karma of immediate retribution should also be able to be transformed.
['T27n1545_114:0593b18_17']	阿毘達磨諸論師言。	阿毘達磨諸論師言。	The Abhidharma masters say:
['T27n1545_114:0593b19_5']	諸順現法受業。	諸順現法受業。	Karma that produces results in the present life,
['T27n1545_114:0593b19_16']	決定於現法中受異熟果。	決定於現法中受異熟果。	It is certain to experience retribution in the present life.
['T27n1545_114:0593b20_6']	故名順現法受業。	故名順現法受業。	Therefore it is called karma to be experienced in the present life.
['T27n1545_114:0593b20_15']	順生順後所說亦爾。	順生順後所說亦爾。	The explanations of karma to be experienced in the next life and in subsequent lives are also like this.
['T27n1545_114:0593b21_9']	是故若問何故名順現法受業。	是故若問何故名順現法受業。	Therefore, if one asks why it is called karma to be experienced in the present life,
['T27n1545_114:0593b21_17']	乃至順後次受業。	乃至順後次受業。	up to karma to be experienced in the next life and in subsequent lives,
['T27n1545_114:0593b22_3']	應以此答。	應以此答。	one should answer with this.
['T27n1545_114:0593b23_4']	復有餘師。	復有餘師。	Furthermore, there are other masters.
['T27n1545_114:0593b23_9']	說四種業。	說四種業。	They explain four kinds of karma.
['T27n1545_114:0593b23_16', 'T27n1545_114:0593b24_3']	謂順現法受業。🔽順次生受業。	謂順現法受業。 順次生受業。	Namely, karma to be experienced in the present life,🔽karma to be experienced in the next life,
['T27n1545_114:0593b24_9']	順後次受業。	順後次受業。	karma to be experienced in subsequent lives,
['T27n1545_114:0593b24_15']	順不定受業。	順不定受業。	and karma to be experienced without certainty.
['T27n1545_114:0593b25_2']	諸順現法受業。	諸順現法受業。	As for all karma to be experienced in the present life,
['T27n1545_114:0593b25_15']	乃至順後次受業此業不可轉。	乃至順後次受業此業不可轉。	up to karma to be experienced in subsequent lives, this karma cannot be changed.
['T27n1545_114:0593b26_8']	諸順不定受業此業可轉。	諸順不定受業此業可轉。	As for all karma to be experienced without certainty, this karma can be changed.
['T27n1545_114:0593b26_17']	唯為轉此第四業故。	唯為轉此第四業故。	It is only for the sake of changing this fourth kind of karma
['T27n1545_114:0593b27_8']	受持禁戒勤修梵行。	受持禁戒勤修梵行。	that one upholds precepts and diligently cultivates pure conduct.
['T27n1545_114:0593b27_13']	彼作是思。	彼作是思。	They think like this:
['T27n1545_114:0593b28_4']	願我由是當轉此業。	願我由是當轉此業。	I wish that by this, I will change this karma.
['T27n1545_114:0593b28_9']	復有餘師。	復有餘師。	Furthermore, there are other masters.
['T27n1545_114:0593b28_14', 'T27n1545_114:0593b29_3']	說五種業。🔽謂順現法受業。	說五種業。 謂順現法受業。	They explain five kinds of karma.🔽Namely, karma to be experienced in the present life,
['T27n1545_114:0593b29_9']	順次生受業。	順次生受業。	karma to be experienced in the next life,
['T27n1545_114:0593b29_15']	順後次受業。	順後次受業。	Karma that is to be experienced in the next life.
['T27n1545_114:0593c01_11', 'T27n1545_114:0593c01_17']	各唯一種順不定受業中復有二種。🔽一異熟決定。	各唯一種順不定受業中復有二種。 一異熟決定。	Each has only one kind. Among karma to be experienced in an indefinite future, there are also two kinds.🔽One is determined in its retribution.
['T27n1545_114:0593c02_5']	二異熟不決定。	二異熟不決定。	The other is undetermined in its retribution.
['T27n1545_114:0593c02_12', 'T27n1545_114:0593c02_18']	諸順現法受業。🔽順次生受業。	諸順現法受業。 順次生受業。	Karma to be experienced in the present life,🔽Karma to be experienced in the next life,
['T27n1545_114:0593c03_4']	順後次受業。	順後次受業。	Karma to be experienced in the future,
['T27n1545_114:0593c03_16']	順不定受業中異熟決定業。	順不定受業中異熟決定業。	Among karma to be experienced in an indefinite future, determined karma.
['T27n1545_114:0593c04_2']	皆不可轉。	皆不可轉。	All are irreversible.
['T27n1545_114:0593c04_15']	順不定受業中異熟不決定業。	順不定受業中異熟不決定業。	Among karma to be experienced in an indefinite future, undetermined karma.
['T27n1545_114:0593c05_2']	此業可轉。	此業可轉。	This karma can be changed.
['T27n1545_114:0593c05_11']	唯為轉此第五業故。	唯為轉此第五業故。	Only for the sake of changing this fifth karma,
['T27n1545_114:0593c06_3']	受持禁戒勤修梵行。	受持禁戒勤修梵行。	One observes precepts and diligently practices pure conduct.
['T27n1545_114:0593c06_16']	彼作是思願我由是當轉此業。	彼作是思願我由是當轉此業。	They think like this: I wish to change this karma by this.
['T27n1545_114:0593c07_3']	復有餘師。	復有餘師。	There are also other masters.
['T27n1545_114:0593c07_8']	說八種業。	說八種業。	Who speak of eight kinds of karma.
['T27n1545_114:0593c07_18', 'T27n1545_114:0593c08_5']	謂順現法受業有二種。🔽一異熟決定。	謂順現法受業有二種。 一異熟決定。	Namely, karma to be experienced in the present life has two kinds.🔽One is determined in its retribution.
['T27n1545_114:0593c08_12', 'T27n1545_114:0593c08_18']	二異熟不決定。🔽順次生受業。	二異熟不決定。 順次生受業。	The other is undetermined in its retribution.🔽Karma to be experienced in the next life,
['T27n1545_114:0593c09_4']	順後次受業。	順後次受業。	Karma to be experienced in the future,
['T27n1545_114:0593c09_14']	順不定受業亦各有二。	順不定受業亦各有二。	Karma to be experienced in an indefinite future also each has two.
['T27n1545_114:0593c10_1']	一異熟決定。	一異熟決定。	First, the definite ripening.
['T27n1545_114:0593c10_8']	二異熟不決定。	二異熟不決定。	Second, the indefinite ripening.
['T27n1545_114:0593c10_13']	是謂八業。	是謂八業。	These are called the eight kinds of karma.
['T27n1545_114:0593c11_6']	於中諸異熟定業皆不可轉。	於中諸異熟定業皆不可轉。	Among them, all karma with definite ripening is irreversible.
['T27n1545_114:0593c11_16']	諸異熟不定業皆可轉。	諸異熟不定業皆可轉。	All karma with indefinite ripening is reversible.
['T27n1545_114:0593c12_11']	為轉此故受持禁戒勤修梵行。	為轉此故受持禁戒勤修梵行。	In order to transform this, one upholds precepts and diligently cultivates pure conduct.
['T27n1545_114:0593c13_3', 'T27n1545_114:0593c13_16']	是故此中應作四句。🔽謂或有業時分決定異熟不定。	是故此中應作四句。 謂或有業時分決定異熟不定。	Therefore, in this case, one should make four statements.🔽That is to say, there may be karma whose time period is definite but whose ripening is indefinite.
['T27n1545_114:0593c14_10']	或有業異熟決定時分不定。	或有業異熟決定時分不定。	There may be karma whose ripening is definite but whose time period is indefinite.
['T27n1545_114:0593c15_4']	或有業時分決定異熟亦定。	或有業時分決定異熟亦定。	There may be karma whose time period is definite and whose ripening is also definite.
['T27n1545_114:0593c15_17']	或有業時分不定異熟亦不定。	或有業時分不定異熟亦不定。	There may be karma whose time period is indefinite and whose ripening is also indefinite.
['T27n1545_114:0593c16_10']	云何業時分決定異熟不定。	云何業時分決定異熟不定。	What is karma whose time period is definite but whose ripening is indefinite?
['T27n1545_114:0593c16_17', 'T27n1545_114:0593c17_4']	謂順現法受業。🔽順次生受業。	謂順現法受業。 順次生受業。	It refers to karma that is to be experienced in the present life,🔽karma that is to be experienced in the next life,
['T27n1545_114:0593c17_11']	順後次受業中。	順後次受業中。	and karma that is to be experienced in a subsequent life.
['T27n1545_114:0593c17_17']	異熟不定業。	異熟不定業。	Among them, karma whose ripening is indefinite.
['T27n1545_114:0593c18_5']	云何業異熟決定。	云何業異熟決定。	What is karma whose ripening is definite?
['T27n1545_114:0593c19_3']	時分不定謂順不定受業中異熟定業。	時分不定謂順不定受業中異熟定業。	It refers to karma whose ripening is definite among karma to be experienced in an unspecified way.
['T27n1545_114:0593c19_15']	云何業時分決定異熟亦定。	云何業時分決定異熟亦定。	How is it that the time and the retribution of an action are both determined?
['T27n1545_114:0593c20_3', 'T27n1545_114:0593c20_9']	謂順現法受業。🔽順次生受業。	謂順現法受業。 順次生受業。	It means an action that is to be experienced in the present life,🔽an action that is to be experienced in the next life,
['T27n1545_114:0593c21_1']	順後次受業中異熟定業。	順後次受業中異熟定業。	and an action that is to be experienced in a subsequent life, among which the retribution is determined.
['T27n1545_114:0593c21_14']	云何業時分不定異熟亦不定。	云何業時分不定異熟亦不定。	How is it that the time and the retribution of an action are both undetermined?
['T27n1545_114:0593c22_8']	謂順不定受業中異熟不定業。	謂順不定受業中異熟不定業。	It means an action that is to be experienced in an undetermined way, among which the retribution is undetermined.
['T27n1545_114:0593c22_17']	如是名為八業四句。	如是名為八業四句。	These are called the eight propositions of action.
['T27n1545_114:0593c23_15']	問頗有一時一剎那頃能起三種業耶。	問頗有一時一剎那頃能起三種業耶。	Question: Can one give rise to three kinds of actions at one time and in one moment?
['T27n1545_114:0593c24_4', 'T27n1545_114:0593c24_10']	謂順現法受業。🔽順次生受業。	謂順現法受業。 順次生受業。	Namely, an action that is to be experienced in the present life,🔽an action that is to be experienced in the next life,
['T27n1545_114:0593c24_16']	順後次受業。	順後次受業。	and an action that is to be experienced in a subsequent life?
['T27n1545_114:0593c24_19']	答有。	答有。	Answer: There is.
['T27n1545_114:0593c25_5']	謂先遣二使。	謂先遣二使。	It means first dispatching two messengers,
['T27n1545_114:0593c25_9']	斷生命。	斷生命。	to kill living beings,
['T27n1545_114:0593c25_13']	不與取。	不與取。	and to take what is not given.
['T27n1545_114:0593c26_1']	後自行欲邪行。	後自行欲邪行。	Later, one personally engages in sexual misconduct.
['T27n1545_114:0593c26_12']	以此自所究竟非由他故。	以此自所究竟非由他故。	Because this is accomplished by oneself and not through others.
['T27n1545_114:0593c27_3']	若有如是種類法生。	若有如是種類法生。	If there is a dharma of this kind that arises,
['T27n1545_114:0593c27_12']	三業同時皆得究竟。	三業同時皆得究竟。	the three actions are simultaneously completed.
['T27n1545_114:0593c28_7']	於中初業於現法中受異熟果。	於中初業於現法中受異熟果。	Among them, the first action experiences the retribution in the present life,
['T27n1545_114:0593c29_2']	第二業於無間生受異熟果。	第二業於無間生受異熟果。	The second type of karma produces its ripening in the next life.
['T27n1545_114:0594a01_2']	第三業於隨第三生以後諸生受異熟果。	第三業於隨第三生以後諸生受異熟果。	The third type of karma produces its ripening in the third life and in all subsequent lives.
['T27n1545_114:0594a01_15']	其餘業道自作教他差別亦爾。	其餘業道自作教他差別亦爾。	The distinction between the other karmic paths that one performs oneself and those that one commands others to perform is also like this.
['T27n1545_114:0594a02_8', 'T27n1545_114:0594a02_16']	問此順現法受業等。🔽幾能引眾同分果。	問此順現法受業等。 幾能引眾同分果。	Question: As for this karma that produces results in the present life, etc.,🔽how many are able to attract the result of a shared destiny?
['T27n1545_114:0594a03_5']	幾能滿眾同分果。	幾能滿眾同分果。	How many are able to fulfill the shared destiny?
['T27n1545_114:0594a03_10', 'T27n1545_114:0594a03_18']	或有說者。🔽二能引眾同分果。	或有說者。 二能引眾同分果。	Some say:🔽two are able to attract the shared destiny and
['T27n1545_114:0594a04_7', 'T27n1545_114:0594a04_14']	亦能滿眾同分果。🔽謂順次生受業。	亦能滿眾同分果。 謂順次生受業。	are also able to fulfill the shared destiny,🔽namely, karma to be experienced in the next life
['T27n1545_114:0594a05_1']	順後次受業。	順後次受業。	and karma to be experienced in a later period.
['T27n1545_114:0594a05_9']	二能滿眾同分果。	二能滿眾同分果。	Two are able to fulfill the shared destiny
['T27n1545_114:0594a05_17']	不能引眾同分果。	不能引眾同分果。	but are not able to attract the shared destiny,
['T27n1545_114:0594a06_5']	謂順現法受業。	謂順現法受業。	namely, karma to be experienced in the present life
['T27n1545_114:0594a06_11']	順不定受業。	順不定受業。	and karma to be experienced without any fixed period.
['T27n1545_114:0594a06_16', 'T27n1545_114:0594a07_5']	復有說者。🔽三能引眾同分果。	復有說者。 三能引眾同分果。	Again, some say:🔽three are able to attract the shared destiny
['T27n1545_114:0594a07_13']	亦能滿眾同分果。	亦能滿眾同分果。	and are also able to fulfill the shared destiny,
['T27n1545_114:0594a08_2', 'T27n1545_114:0594a08_10']	謂除順現法受。🔽一能滿眾同分果。	謂除順現法受。 一能滿眾同分果。	excluding karma to be experienced in the present life.🔽One is able to fulfill the shared destiny
['T27n1545_114:0594a08_18']	不能引眾同分果。	不能引眾同分果。	but is not able to attract the shared destiny.
['T27n1545_114:0594a09_5']	謂順現法受。	謂順現法受。	It is said to be karma to be experienced in the present life.
['T27n1545_114:0594a09_15']	復有欲令順現法受業。	復有欲令順現法受業。	There are also those who wish to have karma to be experienced in the present life
['T27n1545_114:0594a10_5']	亦能引眾同分果。	亦能引眾同分果。	Also able to lead to the fruit of the same kind of existence.
['T27n1545_114:0594a10_10']	若作是說。	若作是說。	If this is said,
['T27n1545_114:0594a10_15']	此四種業。	此四種業。	These four kinds of karma,
['T27n1545_114:0594a11_6']	一切皆能引眾同分果。	一切皆能引眾同分果。	All are able to lead to the fruit of the same kind of existence,
['T27n1545_114:0594a11_13']	及滿眾同分果。	及滿眾同分果。	And to fulfill the fruit of the same kind of existence.
['T27n1545_114:0594a12_5']	問如是諸業何者最勝。	問如是諸業何者最勝。	Question: Of these karmas, which is the most superior?
['T27n1545_114:0594a12_10']	或有說者。	或有說者。	Some say,
['T27n1545_114:0594a12_18']	順現法受業最勝。	順現法受業最勝。	Karma to be experienced in the present life is the most superior.
['T27n1545_114:0594a13_3']	所以者何。	所以者何。	Why is it so?
['T27n1545_114:0594a13_8']	近得果故。	近得果故。	Because it is able to attain its fruit quickly.
['T27n1545_114:0594a13_13']	復有說者。	復有說者。	There are also those who say,
['T27n1545_114:0594a14_2']	順後次受業最勝。	順後次受業最勝。	Karma to be experienced in the next life is the most superior.
['T27n1545_114:0594a14_7']	所以者何。	所以者何。	Why is it so?
['T27n1545_114:0594a14_16']	一切菩薩業最為勝。	一切菩薩業最為勝。	Because all the karmas of bodhisattvas are the most superior.
['T27n1545_114:0594a15_6']	而皆是順後次受故。	而皆是順後次受故。	And they are all karma to be experienced in the next life.
['T27n1545_114:0594a15_17']	問順現法受業能近得果。	問順現法受業能近得果。	Question: Karma to be experienced in the present life is able to quickly attain its fruit.
['T27n1545_114:0594a16_7']	於諸業中可說為勝。	於諸業中可說為勝。	Among all karmas, it can be said to be the most superior.
['T27n1545_114:0594a16_17']	順後次受業去果懸遠。	順後次受業去果懸遠。	Karma to be experienced in the next life is far removed from its fruit.
['T27n1545_114:0594a17_5']	云何最勝耶。	云何最勝耶。	How can it be the most superior?
['T27n1545_114:0594a17_16']	答順現法受業雖近得果。	答順現法受業雖近得果。	Answer: Although karma to be experienced in the present life quickly attains its fruit,
['T27n1545_114:0594a18_6']	而果下劣不名最勝。	而果下劣不名最勝。	Its fruit is inferior and cannot be called the most superior.
['T27n1545_114:0594a18_16']	順後次受業雖去果遠。	順後次受業雖去果遠。	Although the karma that produces results in the next life is distant from its result,
['T27n1545_114:0594a19_9']	而果殊勝難盡故名最勝。	而果殊勝難盡故名最勝。	the result is superior and difficult to exhaust, so it is called supreme.
['T27n1545_114:0594a20_5']	如外種子有近得果而果下劣。	如外種子有近得果而果下劣。	Like external seeds, some produce results quickly but the results are inferior,
['T27n1545_114:0594a20_14']	有去果遠而果最勝。	有去果遠而果最勝。	some are distant from their results but the results are supreme.
['T27n1545_114:0594a21_9']	如有秋苗經三半月則便結果。	如有秋苗經三半月則便結果。	Like autumn seedlings, if they go through three and a half months they will produce results.
['T27n1545_114:0594a22_1']	此果最近而最下劣。	此果最近而最下劣。	This result is the closest but the most inferior.
['T27n1545_114:0594a22_14']	如稻麥等經於六月其果乃熟。	如稻麥等經於六月其果乃熟。	Like rice and wheat, they take six months for their results to ripen.
['T27n1545_114:0594a23_5']	去果次遠而次為勝。	去果次遠而次為勝。	They are next farthest from their results but next best.
['T27n1545_114:0594a24_5']	如佉梨樹經五六年或十二年方結其果。	如佉梨樹經五六年或十二年方結其果。	Like the kāli tree, it takes five to six years or twelve years for its results to form.
['T27n1545_114:0594a24_10']	此果次勝。	此果次勝。	This result is next best.
['T27n1545_114:0594a25_5']	如多羅樹經於百年方結其果。	如多羅樹經於百年方結其果。	Like the tāla tree, it takes a hundred years for its results to form.
['T27n1545_114:0594a25_10']	此果最勝。	此果最勝。	This result is supreme.
['T27n1545_114:0594a26_5', 'T27n1545_114:0594a26_14']	如外種子去果最近其果最劣。🔽去果次遠其果次勝。	如外種子去果最近其果最劣。 去果次遠其果次勝。	Like external seeds, the closest to their results have the most inferior results.🔽The next farthest have the next best results.
['T27n1545_114:0594a27_4']	去果最遠其果最勝。	去果最遠其果最勝。	The farthest have the best results.
['T27n1545_114:0594a27_13']	種隨其果勝劣差別。	種隨其果勝劣差別。	Seeds follow the distinctions of the superiority and inferiority of their results.
['T27n1545_114:0594a27_18']	內業亦爾。	內業亦爾。	Internal karma is also like this.
['T27n1545_114:0594a28_4']	順現法受業。	順現法受業。	Karma that produces results in the present life,
['T27n1545_114:0594a28_13']	去果最近而果最劣。	去果最近而果最劣。	The effect is closest to the cause, but the effect is the worst.
['T27n1545_114:0594a29_8']	順次生受業去果次遠而果次勝。	順次生受業去果次遠而果次勝。	The effect of karma to be experienced in the next life is next farthest from the cause, but the effect is next best.
['T27n1545_114:0594a29_14']	順後次受業。	順後次受業。	The effect of karma to be experienced in a subsequent life.
['T27n1545_114:0594b01_4']	去果最遠而果最勝。	去果最遠而果最勝。	The effect is farthest from the cause, but the effect is the best.
['T27n1545_114:0594b01_13']	業隨其果勝劣差別。	業隨其果勝劣差別。	Karma follows the superiority and inferiority of its effects.
['T27n1545_114:0594b02_5']	故順後次受業最勝非餘。	故順後次受業最勝非餘。	Therefore, the effect of karma to be experienced in a subsequent life is the best, not the others.
['T27n1545_114:0594b02_15']	問於何界中能造幾業。	問於何界中能造幾業。	Question: In which realm can one create how many kinds of karma?
['T27n1545_114:0594b02_18']	有說。	有說。	Some say:
['T27n1545_114:0594b03_10']	欲界能造四種善不善業。	欲界能造四種善不善業。	The desire realm can create four kinds of good and bad karma.
['T27n1545_114:0594b04_3']	色無色界能造三種善業。	色無色界能造三種善業。	The form and formless realms can create three kinds of good karma.
['T27n1545_114:0594b04_9']	除順現法受。	除順現法受。	Excluding karma to be experienced in the present life.
['T27n1545_114:0594b04_14']	所以者何。	所以者何。	Why is this so?
['T27n1545_114:0594b05_16']	於欲界中依佛菩薩聲聞獨覺父母師長諸有德邊。	於欲界中依佛菩薩聲聞獨覺父母師長諸有德邊。	In the desire realm, based on the Buddha, bodhisattvas, śrāvakas, pratyekabuddhas, parents, teachers, and those with virtue,
['T27n1545_114:0594b06_7']	發起增上善惡業故。	發起增上善惡業故。	One gives rise to superior good and evil karma.
['T27n1545_114:0594b06_16']	此業速疾受異熟果。	此業速疾受異熟果。	This karma quickly experiences the effect of retribution.
['T27n1545_114:0594b07_7']	色無色界無此勝緣。	色無色界無此勝緣。	The form and formless realms do not have these superior conditions.
['T27n1545_114:0594b08_4']	是故於彼不能起此順現法受業。	是故於彼不能起此順現法受業。	Therefore, one cannot create this karma to be experienced in the present life there.
['T27n1545_114:0594b08_8']	問若爾。	問若爾。	Question: If that is so,
['T27n1545_114:0594b08_17']	品類足說當云何通。	品類足說當云何通。	How can the Pāli text be understood?
['T27n1545_114:0594b09_3', 'T27n1545_114:0594b09_9', 'T27n1545_114:0594b09_15']	如彼說言。🔽順現法受業。🔽順次生受業。	如彼說言。 順現法受業。 順次生受業。	As it is said:🔽Karma that produces results in the present life,🔽karma that produces results in the next life,
['T27n1545_114:0594b10_1']	順後次受業。	順後次受業。	karma that produces results in subsequent lives,
['T27n1545_114:0594b10_10']	一切隨眠之所隨增。	一切隨眠之所隨增。	are all increased by the latent afflictions.
['T27n1545_114:0594b11_2']	答於彼論中應作是說。	答於彼論中應作是說。	Answer: In that treatise, it should be said:
['T27n1545_114:0594b11_8']	順現法受業。	順現法受業。	Karma that produces results in the present life,
['T27n1545_114:0594b11_19', 'T27n1545_114:0594b12_5']	欲界一切隨眠之所隨增。🔽順次生受業。	欲界一切隨眠之所隨增。 順次生受業。	is increased by all the latent afflictions of the desire realm.🔽Karma that produces results in the next life,
['T27n1545_114:0594b12_11']	順後次受業。	順後次受業。	karma that produces results in subsequent lives,
['T27n1545_114:0594b12_18']	欲界一切隨眠。	欲界一切隨眠。	are increased by all the latent afflictions of the desire realm,
['T27n1545_114:0594b13_7']	色無色界遍行隨眠。	色無色界遍行隨眠。	by the universal latent afflictions of the form and formless realms,
['T27n1545_114:0594b13_18']	及修所斷隨眠之所隨增。	及修所斷隨眠之所隨增。	and by the latent afflictions to be eliminated by cultivation.
['T27n1545_114:0594b14_4']	應作是說。	應作是說。	This should be said.
['T27n1545_114:0594b14_9']	而不說者。	而不說者。	But why is it not said?
['T27n1545_114:0594b14_14']	有何意趣。	有何意趣。	What is the meaning?
['T27n1545_114:0594b15_6']	當知彼文是總略而說。	當知彼文是總略而說。	It should be known that that text is spoken in a general and concise way.
['T27n1545_114:0594b15_10']	問若爾。	問若爾。	Question: If so,
['T27n1545_114:0594b15_19']	集異門說復云何通。	集異門說復云何通。	how can the Abhidharma-samuccaya be understood?
['T27n1545_114:0594b16_4']	如彼說言。	如彼說言。	As it is said:
['T27n1545_114:0594b16_10', 'T27n1545_114:0594b16_16']	順現法受業。🔽順次生受業。	順現法受業。 順次生受業。	Karma that produces results in the present life,🔽karma that produces results in the next life,
['T27n1545_114:0594b17_3', 'T27n1545_114:0594b17_10']	順後次受業。🔽欲界一切隨眠。	順後次受業。 欲界一切隨眠。	karma that produces results in subsequent lives,🔽are increased by all the latent afflictions of the desire realm,
['T27n1545_114:0594b17_19']	色無色界遍行隨眠。	色無色界遍行隨眠。	by the universal latent afflictions of the form and formless realms,
['T27n1545_114:0594b18_10']	及修所斷隨眠之所隨增。	及修所斷隨眠之所隨增。	and the latent afflictions to be eliminated by cultivation increase.
['T27n1545_114:0594b19_1']	答彼文應作是說。	答彼文應作是說。	The answer is that the text should say:
['T27n1545_114:0594b19_7']	順現法受業。	順現法受業。	Karma to be experienced in the present life
['T27n1545_114:0594b19_18', 'T27n1545_114:0594b20_4']	欲界一切隨眠之所隨增。🔽順次生受業。	欲界一切隨眠之所隨增。 順次生受業。	is increased by all the latent afflictions of the desire realm.🔽Karma to be experienced in the next life
['T27n1545_114:0594b20_10']	順後次受業。	順後次受業。	Karma to be experienced in a subsequent life
['T27n1545_114:0594b20_17']	欲界一切隨眠。	欲界一切隨眠。	All the latent afflictions of the desire realm
['T27n1545_114:0594b21_7']	色無色界遍行隨眠。	色無色界遍行隨眠。	The universal latent afflictions of the form and formless realms
['T27n1545_114:0594b21_18']	及修所斷隨眠之所隨增。	及修所斷隨眠之所隨增。	and the latent afflictions to be eliminated by cultivation increase.
['T27n1545_114:0594b22_4']	應作是說。	應作是說。	This should be said.
['T27n1545_114:0594b22_13']	而不說者有何意趣。	而不說者有何意趣。	What is the meaning of not saying it?
['T27n1545_114:0594b23_4']	當知彼中言勢所引。	當知彼中言勢所引。	It should be known that it is drawn by the power of the words in that context.
['T27n1545_114:0594b23_9']	故作是說。	故作是說。	Therefore it is said.
['T27n1545_114:0594b23_14']	如是說者。	如是說者。	If it is said like this,
['T27n1545_114:0594b24_9']	色無色界亦能引起順現法受業。	色無色界亦能引起順現法受業。	the form and formless realms can also induce karma to be experienced in the present life.
['T27n1545_114:0594b25_11']	問前說欲界依佛菩薩等勝緣能起順現法受業。	問前說欲界依佛菩薩等勝緣能起順現法受業。	It was previously said that in the desire realm, based on superior conditions such as Buddhas and Bodhisattvas, karma to be experienced in the present life can arise.
['T27n1545_114:0594b26_1']	上二界無此勝緣。	上二界無此勝緣。	In the upper two realms there are no such superior conditions.
['T27n1545_114:0594b26_6']	云何能起。	云何能起。	How can it arise?
['T27n1545_114:0594b26_16']	答彼處但以因力任持。	答彼處但以因力任持。	The answer is that in those realms, it can only be maintained by the power of causes.
['T27n1545_114:0594b27_7']	亦能引起順現法受業。	亦能引起順現法受業。	It can also induce karma to be experienced in the present life.
['T27n1545_114:0594b28_3']	欲界亦有但由因力起此業者。	欲界亦有但由因力起此業者。	In the desire realm, there are also those who give rise to this karma solely due to the power of causes.
['T27n1545_114:0594b28_16']	謂或有人開門大施供養賢聖。	謂或有人開門大施供養賢聖。	This refers to a person who opens the door to great giving and makes offerings to sages,
['T27n1545_114:0594b29_8']	而不能引順現法受業。	而不能引順現法受業。	but is unable to attract karma that will result in the present life.
['T27n1545_114:0594c01_4']	或復有人以一摶食施一傍生。	或復有人以一摶食施一傍生。	Or it refers to a person who gives a single morsel of food to an animal,
['T27n1545_114:0594c01_14']	而能引起順現法受業。	而能引起順現法受業。	and is able to give rise to karma that will result in the present life.
['T27n1545_114:0594c02_11']	如是等故知不必皆依勝緣而起此業。	如是等故知不必皆依勝緣而起此業。	Thus, we know that this karma is not necessarily given rise to based on superior conditions.
['T27n1545_114:0594c03_7']	然其要由因力任持方能引起。	然其要由因力任持方能引起。	However, it must be maintained by the power of causes in order to be able to give rise to it.
['T27n1545_114:0594c04_10']	是故往昔阿毘達磨迦濕彌羅諸大論師咸作是說。	是故往昔阿毘達磨迦濕彌羅諸大論師咸作是說。	Therefore, the great masters of the Abhidharma of Kaśmīra in the past all said:
['T27n1545_114:0594c05_5']	若慇淨心持一把草施他牛食。	若慇淨心持一把草施他牛食。	If one sincerely and purely gives a handful of grass to an ox to eat,
['T27n1545_114:0594c05_15']	當知能引順現法受業。	當知能引順現法受業。	one should know that it can attract karma that will result in the present life.
['T27n1545_114:0594c06_9']	問於何趣中能造幾業。	問於何趣中能造幾業。	Question: In what destinies can one create how many kinds of karma?
['T27n1545_114:0594c07_9']	答那落迦中能造四種不善業三種善業。	答那落迦中能造四種不善業三種善業。	Answer: In the hells, one can create four kinds of unwholesome karma and three kinds of wholesome karma,
['T27n1545_114:0594c07_15']	除順現法受。	除順現法受。	excluding that which results in the present life.
['T27n1545_114:0594c08_1']	傍生餓鬼。	傍生餓鬼。	In the animal realm, the ghost realm,
['T27n1545_114:0594c08_6']	及三洲人。	及三洲人。	and among humans in the three continents,
['T27n1545_114:0594c08_11']	欲界天中。	欲界天中。	and in the desire realm heavens,
['T27n1545_114:0594c09_1']	能造四種善不善業。	能造四種善不善業。	They are able to create the four kinds of good and bad karma.
['T27n1545_114:0594c09_17']	北拘盧洲能造四種善業三種不善業。	北拘盧洲能造四種善業三種不善業。	In Uttarakuru they are able to create the four kinds of good karma and three kinds of bad karma.
['T27n1545_114:0594c10_4']	除順次生受。	除順次生受。	Excluding karma to be experienced in the next life.
['T27n1545_114:0594c10_11']	色無色界天中。	色無色界天中。	In the heavens of the form and formless realms,
['T27n1545_114:0594c11_2']	能造多少如前已說。	能造多少如前已說。	The amount that can be created has already been explained above.
['T27n1545_114:0594c11_12']	問於何生中能造幾業。	問於何生中能造幾業。	Question: In how many births is one able to create how many kinds of karma?
['T27n1545_114:0594c12_9']	答於四生中皆能造四種善不善業。	答於四生中皆能造四種善不善業。	Answer: In the four kinds of birth, one is able to create the four kinds of good and bad karma.
['T27n1545_114:0594c13_9']	問誰於何地能造幾業。	問誰於何地能造幾業。	Question: Who in how many stages is able to create how many kinds of karma?
['T27n1545_114:0594c14_6']	答若諸異生生在欲界未離欲界染。	答若諸異生生在欲界未離欲界染。	Answer: If ordinary beings are born in the desire realm and have not yet eliminated the defilements of the desire realm,
['T27n1545_114:0594c14_17']	能造欲界四種善不善業。	能造欲界四種善不善業。	They are able to create the four kinds of good and bad karma of the desire realm.
['T27n1545_114:0594c15_12']	若已離欲界染未離初靜慮染。	若已離欲界染未離初靜慮染。	If they have already eliminated the defilements of the desire realm but have not yet eliminated the defilements of the first dhyana,
['T27n1545_114:0594c15_17']	若退法者。	若退法者。	If they are of the type that regresses,
['T27n1545_114:0594c16_8']	彼能造欲界四種業。	彼能造欲界四種業。	They are able to create the four kinds of karma of the desire realm,
['T27n1545_114:0594c16_17']	能造初靜慮三種業。	能造初靜慮三種業。	And are able to create the three kinds of karma of the first dhyana,
['T27n1545_114:0594c17_5']	除順現法受。	除順現法受。	Excluding karma to be experienced in the present life.
['T27n1545_114:0594c17_8']	有說。	有說。	Some say,
['T27n1545_114:0594c17_18']	彼能造初靜慮二種業。	彼能造初靜慮二種業。	They are able to create the two kinds of karma of the first dhyana,
['T27n1545_114:0594c18_8']	謂順後次受及不定受。	謂順後次受及不定受。	Namely, karma to be experienced in the next life and in a subsequent life, and indeterminate karma.
['T27n1545_114:0594c18_14']	若不退法者。	若不退法者。	If they are of the type that does not regress,
['T27n1545_114:0594c19_5']	彼能造欲界三種善業。	彼能造欲界三種善業。	They can create three kinds of good karma in the desire realm.
['T27n1545_114:0594c19_11']	除順次生受。	除順次生受。	Excluding that which is to be experienced in the next life.
['T27n1545_114:0594c20_1']	能造初靜慮三種業。	能造初靜慮三種業。	They can create three kinds of karma in the first dhyana.
['T27n1545_114:0594c20_7', 'T27n1545_114:0594c20_15']	除順現法受。🔽若已離初靜慮染。	除順現法受。 若已離初靜慮染。	Excluding that which is to be experienced in the present life.
['T27n1545_114:0594c21_4']	未離第二靜慮染。	未離第二靜慮染。	If one has already become detached from the defilements of the first dhyana, but has not yet become detached from the defilements of the second dhyana,
['T27n1545_114:0594c21_9']	若退法者。	若退法者。	if one is a person who is liable to retrogress,
['T27n1545_114:0594c21_18']	彼能造欲界四種業。	彼能造欲界四種業。	they can create four kinds of karma in the desire realm.
['T27n1545_114:0594c22_8']	能造初二靜慮三種業。	能造初二靜慮三種業。	They can create three kinds of karma in the first two dhyanas.
['T27n1545_114:0594c22_14']	除順現法受。	除順現法受。	Excluding that which is to be experienced in the present life.
['T27n1545_114:0594c22_17']	有說。	有說。	Some say,
['T27n1545_114:0594c23_14']	彼能造第二靜慮二種業謂順後次受。	彼能造第二靜慮二種業謂順後次受。	they can create two kinds of karma in the second dhyana, namely that which is to be experienced in the next life,
['T27n1545_114:0594c24_1']	及不定受。	及不定受。	and that which is to be experienced at an indefinite time.
['T27n1545_114:0594c24_7']	若不退法者。	若不退法者。	If one is not a person who is liable to retrogress,
['T27n1545_114:0594c24_17']	彼能造欲界三種善業。	彼能造欲界三種善業。	they can create three kinds of good karma in the desire realm.
['T27n1545_114:0594c25_4', 'T27n1545_114:0594c25_13']	除順次生受。🔽能造初靜慮二種業。	除順次生受。 能造初靜慮二種業。	Excluding that which is to be experienced in the next life.
['T27n1545_114:0594c25_19']	謂順後次受。	謂順後次受。	They can create two kinds of karma in the first dhyana, namely that which is to be experienced in the next life,
['T27n1545_114:0594c26_13']	及不定受能造第二靜慮三種業。	及不定受能造第二靜慮三種業。	and that which is to be experienced at an indefinite time. They can create three kinds of karma in the second dhyana.
['T27n1545_114:0594c27_1']	除順現法受。	除順現法受。	Excluding that which is to be experienced in the present life.
['T27n1545_114:0594c27_6']	廣說乃至。	廣說乃至。	Explained in detail up to,
['T27n1545_114:0594c27_15']	若已離無所有處染。	若已離無所有處染。	if one has already become detached from the defilements of the sphere of nothingness,
['T27n1545_114:0594c28_1']	若退法者。	若退法者。	if one is a person who is liable to retrogress,
['T27n1545_114:0594c28_10', 'T27n1545_114:0594c29_3']	彼能造欲界四種業。🔽能造四靜慮四無色三種業。	彼能造欲界四種業。 能造四靜慮四無色三種業。	They can create four kinds of karma in the desire realm.
['T27n1545_114:0594c29_9']	除順現法受。	除順現法受。	They can create three kinds of karma in the four meditations and four formless [absorptions], excluding that which ripens in the present life.
['T27n1545_114:0594c29_12']	有說。	有說。	Some say:
['T27n1545_114:0595a01_6']	彼能造非想非非想處二種業。	彼能造非想非非想處二種業。	They can create two kinds of karma in the base of neither-perception-nor-non-perception,
['T27n1545_114:0595a01_12']	謂順後次受。	謂順後次受。	namely that which ripens in the next life
['T27n1545_114:0595a01_17']	及不定受。	及不定受。	and that which ripens indefinitely.
['T27n1545_114:0595a02_3']	若不退法者。	若不退法者。	If one is of the type who does not regress,
['T27n1545_114:0595a02_13']	彼能造欲界三種善業。	彼能造欲界三種善業。	they can create three kinds of wholesome karma in the desire realm,
['T27n1545_114:0595a03_1']	除順次生受。	除順次生受。	excluding that which ripens in the next life.
['T27n1545_114:0595a03_13']	能造四靜慮三無色二種業。	能造四靜慮三無色二種業。	They can create two kinds of karma in the four meditations and three formless [absorptions],
['T27n1545_114:0595a04_4']	謂順後次受及不定受。	謂順後次受及不定受。	namely that which ripens in the next life and that which ripens indefinitely.
['T27n1545_114:0595a04_16']	能造非想非非想處三種業。	能造非想非非想處三種業。	They can create three kinds of karma in the base of neither-perception-nor-non-perception,
['T27n1545_114:0595a05_3']	除順現法受。	除順現法受。	excluding that which ripens in the present life.
['T27n1545_114:0595a05_14']	如是已說異生生在欲界。	如是已說異生生在欲界。	Thus it has been explained that ordinary beings are born in the desire realm.
['T27n1545_114:0595a06_11']	若諸異生生初靜慮未離初靜慮染。	若諸異生生初靜慮未離初靜慮染。	If ordinary beings are born in the first meditation and have not yet abandoned the defilements of the first meditation,
['T27n1545_114:0595a07_4']	彼能造初靜慮四種業。	彼能造初靜慮四種業。	they can create four kinds of karma in the first meditation.
['T27n1545_114:0595a08_2']	若已離初靜慮染未離第二靜慮染。	若已離初靜慮染未離第二靜慮染。	If they have already abandoned the defilements of the first meditation but have not yet abandoned the defilements of the second meditation,
['T27n1545_114:0595a08_12']	彼能造初靜慮三種業。	彼能造初靜慮三種業。	they can create three kinds of karma in the first meditation,
['T27n1545_114:0595a08_18']	除順次生受。	除順次生受。	Excluding karma to be experienced in the next life.
['T27n1545_114:0595a09_9']	能造第二靜慮三種業。	能造第二靜慮三種業。	One who has attained the second dhyana can create three kinds of karma.
['T27n1545_114:0595a09_15']	除順現法受。	除順現法受。	Excluding karma to be experienced in the present life.
['T27n1545_114:0595a10_2']	廣說乃至。	廣說乃至。	Explained in detail up to...
['T27n1545_114:0595a10_11']	若已離無所有處染。	若已離無所有處染。	If one has already become detached from the sphere of nothingness,
['T27n1545_114:0595a11_3']	彼能造初靜慮三種業。	彼能造初靜慮三種業。	One who has attained the first dhyana can create three kinds of karma.
['T27n1545_114:0595a11_9']	除順次生受。	除順次生受。	Excluding karma to be experienced in the next life.
['T27n1545_114:0595a12_3']	能造三靜慮三無色二種業。	能造三靜慮三無色二種業。	One who has attained the three dhyanas and the three formless [absorptions] can create two kinds of karma.
['T27n1545_114:0595a12_13']	謂順後次受及不定受。	謂順後次受及不定受。	Namely, karma to be experienced in the next life and in a subsequent life, and indeterminate karma.
['T27n1545_114:0595a13_7']	能造非想非非想處三種業。	能造非想非非想處三種業。	One who has attained the sphere of neither-perception-nor-non-perception can create three kinds of karma.
['T27n1545_114:0595a13_13']	除順現法受。	除順現法受。	Excluding karma to be experienced in the present life.
['T27n1545_114:0595a14_3']	如說生初靜慮。	如說生初靜慮。	As it is said, one born in the first dhyana,
['T27n1545_114:0595a15_2']	如是乃至生非想非非想處亦應廣說。	如是乃至生非想非非想處亦應廣說。	In the same way, one born up to the sphere of neither-perception-nor-non-perception should also be explained in detail.
['T27n1545_114:0595a15_11']	如是已說諸地異生。	如是已說諸地異生。	Thus, the differences in the stages of ordinary beings have been explained.
['T27n1545_114:0595a16_8']	若諸聖者生在欲界未離欲界染。	若諸聖者生在欲界未離欲界染。	If the noble ones are born in the desire realm and have not yet become detached from the defilements of the desire realm,
['T27n1545_114:0595a17_3']	彼能造欲界四種善不善業。	彼能造欲界四種善不善業。	They can create four kinds of good and bad karma of the desire realm.
['T27n1545_114:0595a17_15']	已離欲界染未離初靜慮染。	已離欲界染未離初靜慮染。	Having become detached from the defilements of the desire realm but not yet detached from the defilements of the first dhyana,
['T27n1545_114:0595a18_7']	彼能造欲界二種業。	彼能造欲界二種業。	They can create two kinds of karma of the desire realm.
['T27n1545_114:0595a18_13']	謂順現法受。	謂順現法受。	Namely, karma to be experienced in the present life,
['T27n1545_114:0595a19_8']	及不定受能造初靜慮三種業。	及不定受能造初靜慮三種業。	and indeterminate karma that can be created in the first dhyāna.
['T27n1545_114:0595a19_14']	除順現法受。	除順現法受。	Excluding karma to be experienced in the present life.
['T27n1545_114:0595a20_3']	已離初靜慮染。	已離初靜慮染。	Having already become free from the defilements of the first dhyāna,
['T27n1545_114:0595a20_11']	未離第二靜慮染。	未離第二靜慮染。	but not yet free from the defilements of the second dhyāna,
['T27n1545_114:0595a20_16']	若退法者。	若退法者。	if one is of the type to retrogress,
['T27n1545_114:0595a21_6']	彼能造欲界二種業。	彼能造欲界二種業。	one can create two kinds of karma in the desire realm,
['T27n1545_114:0595a21_16']	謂順現法受及不定受。	謂順現法受及不定受。	namely karma to be experienced in the present life and indeterminate karma.
['T27n1545_114:0595a22_8']	能造初二靜慮三種業。	能造初二靜慮三種業。	One can create three kinds of karma in the first two dhyānas,
['T27n1545_114:0595a22_14']	除順現法受。	除順現法受。	excluding karma to be experienced in the present life.
['T27n1545_114:0595a22_17']	有說。	有說。	Some say,
['T27n1545_114:0595a23_10']	彼能造第二靜慮二種業。	彼能造第二靜慮二種業。	one can create two kinds of karma in the second dhyāna,
['T27n1545_114:0595a24_2']	謂順後次受及不定受。	謂順後次受及不定受。	namely karma to be experienced in the next life and indeterminate karma.
['T27n1545_114:0595a24_8']	若不退法者。	若不退法者。	If one is of the type not to retrogress,
['T27n1545_114:0595a24_18']	彼能造欲界二種善業。	彼能造欲界二種善業。	one can create two kinds of wholesome karma in the desire realm,
['T27n1545_114:0595a25_9']	謂順現法受及不定受。	謂順現法受及不定受。	namely karma to be experienced in the present life and indeterminate karma.
['T27n1545_114:0595a25_18']	能造初靜慮一種業。	能造初靜慮一種業。	One can create one kind of karma in the first dhyāna,
['T27n1545_114:0595a26_4']	謂不定受。	謂不定受。	namely indeterminate karma.
['T27n1545_114:0595a26_14']	能造第二靜慮三種業。	能造第二靜慮三種業。	One can create three kinds of karma in the second dhyāna,
['T27n1545_114:0595a27_2', 'T27n1545_114:0595a27_13']	除順現法受。🔽乃至若已離無所有處染。	除順現法受。 乃至若已離無所有處染。	excluding karma to be experienced in the present life.🔽Up to if one has already become free from the defilements of the sphere of nothingness,
['T27n1545_114:0595a28_5']	未離非想非非想處染。	未離非想非非想處染。	but not yet free from the defilements of the sphere of neither-perception-nor-non-perception,
['T27n1545_114:0595a28_10']	若退法者。	若退法者。	If one is of the type that can regress,
['T27n1545_114:0595a28_19']	彼能造欲界二種業。	彼能造欲界二種業。	they can create two kinds of karma in the desire realm,
['T27n1545_114:0595a29_9']	謂順現法受及不定受。	謂順現法受及不定受。	namely karma to be experienced in the present life and karma of indeterminate experience.
['T27n1545_114:0595a29_18']	能造四靜慮三種業。	能造四靜慮三種業。	They can create three kinds of karma in the four meditations,
['T27n1545_114:0595b01_4']	除現法受。	除現法受。	excluding karma to be experienced in the present life.
['T27n1545_114:0595b01_13']	能造四無色三種業。	能造四無色三種業。	They can create three kinds of karma in the four formless [absorptions],
['T27n1545_114:0595b02_1']	除順現法受。	除順現法受。	excluding karma to be experienced in the present life.
['T27n1545_114:0595b02_6']	此則總說。	此則總說。	This is the general explanation.
['T27n1545_114:0595b02_11']	若別說者。	若別說者。	If explained separately,
['T27n1545_114:0595b02_16']	四無色中。	四無色中。	in the four formless [absorptions],
['T27n1545_114:0595b03_4']	若造順次生受業。	若造順次生受業。	if one creates karma to be experienced in the next life,
['T27n1545_114:0595b03_13']	則不造順後次受業。	則不造順後次受業。	then one does not create karma to be experienced in a subsequent life.
['T27n1545_114:0595b04_3']	若造順後次受業。	若造順後次受業。	If one creates karma to be experienced in a subsequent life,
['T27n1545_114:0595b04_12']	則不造順次生受業。	則不造順次生受業。	then one does not create karma to be experienced in the next life.
['T27n1545_114:0595b04_15']	有說。	有說。	Some say,
['T27n1545_114:0595b05_9']	彼能造非想非非想處二種業。	彼能造非想非非想處二種業。	they can create two kinds of karma in the sphere of neither-perception-nor-non-perception,
['T27n1545_114:0595b06_1']	謂順後次受及不定受。	謂順後次受及不定受。	namely karma to be experienced in a subsequent life and karma of indeterminate experience.
['T27n1545_114:0595b06_7']	若不退法者。	若不退法者。	If one is of the type that cannot regress,
['T27n1545_114:0595b06_17']	彼能造欲界二種善業。	彼能造欲界二種善業。	they can create two kinds of wholesome karma in the desire realm,
['T27n1545_114:0595b07_8']	謂順現法受及不定受。	謂順現法受及不定受。	namely karma to be experienced in the present life and karma of indeterminate experience.
['T27n1545_114:0595b08_2']	能造四靜慮三無色一種業。	能造四靜慮三無色一種業。	They can create one kind of karma in the four meditations and three formless [absorptions],
['T27n1545_114:0595b08_7']	謂不定受。	謂不定受。	namely karma of indeterminate experience.
['T27n1545_114:0595b09_1']	能造非想非非想處二種業。	能造非想非非想處二種業。	One is able to create two kinds of karma for the base of neither-perception-nor-non-perception,
['T27n1545_114:0595b09_11']	謂順次生受及不定受。	謂順次生受及不定受。	namely karma to be experienced in the next life and karma to be experienced without any fixed time.
['T27n1545_114:0595b10_3']	若已離非想非非想處染。	若已離非想非非想處染。	If one has already become free from the defilements of the base of neither-perception-nor-non-perception,
['T27n1545_114:0595b10_12']	彼能造欲界二種業。	彼能造欲界二種業。	one is able to create two kinds of karma for the desire realm,
['T27n1545_114:0595b11_3']	謂順現法受及不定受。	謂順現法受及不定受。	namely karma to be experienced in the present life and karma to be experienced without any fixed time.
['T27n1545_114:0595b11_15']	能造四靜慮四無色一種業。	能造四靜慮四無色一種業。	One is able to create one kind of karma for the four meditations and four formless [absorptions],
['T27n1545_114:0595b12_1']	謂不定受。	謂不定受。	namely karma to be experienced without any fixed time.
['T27n1545_114:0595b12_12']	如是已說聖者生在欲界。	如是已說聖者生在欲界。	Thus, it has been explained that the noble ones are born in the desire realm.
['T27n1545_114:0595b13_3']	若諸聖者生初靜慮。	若諸聖者生初靜慮。	If the noble ones are born in the first meditation,
['T27n1545_114:0595b13_10']	未離初靜慮染。	未離初靜慮染。	not yet free from the defilements of the first meditation,
['T27n1545_114:0595b14_2']	彼能造初靜慮三種業。	彼能造初靜慮三種業。	they are able to create three kinds of karma for the first meditation,
['T27n1545_114:0595b14_8']	除順後次受。	除順後次受。	excluding karma to be experienced in the next life.
['T27n1545_114:0595b14_16']	若已離初靜慮染。	若已離初靜慮染。	If they have already become free from the defilements of the first meditation,
['T27n1545_114:0595b15_5']	未離第二靜慮染。	未離第二靜慮染。	not yet free from the defilements of the second meditation,
['T27n1545_114:0595b15_15']	彼能造初靜慮二種業。	彼能造初靜慮二種業。	they are able to create two kinds of karma for the first meditation,
['T27n1545_114:0595b16_6']	謂順現法受及不定受。	謂順現法受及不定受。	namely karma to be experienced in the present life and karma to be experienced without any fixed time.
['T27n1545_114:0595b16_16']	能造第二靜慮三種業。	能造第二靜慮三種業。	They are able to create three kinds of karma for the second meditation,
['T27n1545_114:0595b17_3']	除順現法受。	除順現法受。	excluding karma to be experienced in the present life.
['T27n1545_114:0595b17_12']	若已離第二靜慮染。	若已離第二靜慮染。	If they have already become free from the defilements of the second meditation,
['T27n1545_114:0595b18_2']	未離第三靜慮染。	未離第三靜慮染。	Those who have not yet eliminated the defilements of the third meditation,
['T27n1545_114:0595b18_12']	彼能造初靜慮二種業。	彼能造初靜慮二種業。	they can create two kinds of karma for the first meditation,
['T27n1545_114:0595b19_3']	謂順現法受及不定受。	謂順現法受及不定受。	namely, karma to be experienced in the present life and karma to be experienced without certainty.
['T27n1545_114:0595b19_13']	能造第二靜慮一種業。	能造第二靜慮一種業。	They can create one kind of karma for the second meditation,
['T27n1545_114:0595b19_18']	謂不定受。	謂不定受。	namely, karma to be experienced without certainty.
['T27n1545_114:0595b20_8']	能造第三靜慮三種業。	能造第三靜慮三種業。	They can create three kinds of karma for the third meditation,
['T27n1545_114:0595b20_14']	除順現法受。	除順現法受。	excluding karma to be experienced in the present life.
['T27n1545_114:0595b21_1']	廣說乃至。	廣說乃至。	Explained in detail up to...
['T27n1545_114:0595b21_10']	若已離無所有處染。	若已離無所有處染。	If one has already eliminated the defilements of the sphere of nothingness,
['T27n1545_114:0595b22_2']	未離非想非非想處染。	未離非想非非想處染。	but has not yet eliminated the defilements of the sphere of neither-perception-nor-non-perception,
['T27n1545_114:0595b22_12']	彼能造初靜慮二種業。	彼能造初靜慮二種業。	they can create two kinds of karma for the first meditation,
['T27n1545_114:0595b23_4']	謂順現法受及不定受。	謂順現法受及不定受。	namely, karma to be experienced in the present life and karma to be experienced without certainty.
['T27n1545_114:0595b23_16']	能造三靜慮三無色一種業。	能造三靜慮三無色一種業。	They can create one kind of karma for the three meditations and the three formless [absorptions],
['T27n1545_114:0595b24_2']	謂不定受。	謂不定受。	namely, karma to be experienced without certainty.
['T27n1545_114:0595b24_14']	能造非想非非想處二種業。	能造非想非非想處二種業。	They can create two kinds of karma for the sphere of neither-perception-nor-non-perception,
['T27n1545_114:0595b25_5']	謂順次生受及不定受。	謂順次生受及不定受。	namely, karma to be experienced in the next life and karma to be experienced without certainty.
['T27n1545_114:0595b25_16']	若已離非想非非想處染。	若已離非想非非想處染。	If one has already eliminated the defilements of the sphere of neither-perception-nor-non-perception,
['T27n1545_114:0595b26_7']	彼能造初靜慮二種業。	彼能造初靜慮二種業。	they can create two kinds of karma for the first meditation,
['T27n1545_114:0595b26_17']	謂順現法受及不定受。	謂順現法受及不定受。	namely, karma to be experienced in the present life and karma to be experienced without certainty.
['T27n1545_114:0595b27_10']	能造三靜慮四無色一種業。	能造三靜慮四無色一種業。	They can create one kind of karma to be experienced in the three meditations and four formless concentrations.
['T27n1545_114:0595b27_15']	謂不定受。	謂不定受。	That is, indeterminate karma.
['T27n1545_114:0595b28_5']	如說聖者生初靜慮。	如說聖者生初靜慮。	As it is said, noble ones born in the first meditation,
['T27n1545_114:0595b29_4']	如是生第二第三第四靜慮廣說亦爾。	如是生第二第三第四靜慮廣說亦爾。	in the same way, those born in the second, third, and fourth meditations are also extensively explained.
['T27n1545_114:0595b29_11']	除未離自地染。	除未離自地染。	Except for those who have not yet become free from the defilements of their own stage.
['T27n1545_114:0595c01_6']	彼能造自地四種業與前差別。	彼能造自地四種業與前差別。	They can create four kinds of karma in their own stage, which is different from the previous.
['T27n1545_114:0595c01_16']	若諸聖者生空無邊處。	若諸聖者生空無邊處。	If noble ones are born in the sphere of infinite space,
['T27n1545_114:0595c02_6']	未離空無邊處染。	未離空無邊處染。	they have not yet become free from the defilements of the sphere of infinite space.
['T27n1545_114:0595c02_17']	彼能造空無邊處二種業。	彼能造空無邊處二種業。	They can create two kinds of karma in the sphere of infinite space.
['T27n1545_114:0595c03_9']	謂順現法受及不定受。	謂順現法受及不定受。	That is, karma to be experienced in the present life and indeterminate karma.
['T27n1545_114:0595c03_18']	若已離空無邊處染。	若已離空無邊處染。	If they have already become free from the defilements of the sphere of infinite space,
['T27n1545_114:0595c04_7']	未離識無邊處染。	未離識無邊處染。	but have not yet become free from the defilements of the sphere of infinite consciousness,
['T27n1545_114:0595c05_1']	彼能造空無邊處二種業。	彼能造空無邊處二種業。	they can create two kinds of karma in the sphere of infinite space.
['T27n1545_114:0595c05_11']	謂順現法受及不定受。	謂順現法受及不定受。	That is, karma to be experienced in the present life and indeterminate karma.
['T27n1545_114:0595c06_2']	能造識無邊處二種業。	能造識無邊處二種業。	They can create two kinds of karma in the sphere of infinite consciousness.
['T27n1545_114:0595c06_12']	謂順次生受及不定受。	謂順次生受及不定受。	That is, karma to be experienced in the next life and indeterminate karma.
['T27n1545_114:0595c07_2']	若已離識無邊處染。	若已離識無邊處染。	If they have already become free from the defilements of the sphere of infinite consciousness,
['T27n1545_114:0595c07_10']	未離無所有處染。	未離無所有處染。	but have not yet become free from the defilements of the sphere of nothingness,
['T27n1545_114:0595c08_3']	彼能造空無邊處二種業。	彼能造空無邊處二種業。	They can create two kinds of karma for the sphere of infinite space.
['T27n1545_114:0595c08_13']	謂順現法受及不定受。	謂順現法受及不定受。	Namely, karma to be experienced in the present life and karma to be experienced without certainty.
['T27n1545_114:0595c09_4']	能造識無邊處一種業。	能造識無邊處一種業。	They can create one kind of karma for the sphere of infinite consciousness.
['T27n1545_114:0595c09_9']	謂不定受。	謂不定受。	Namely, karma to be experienced without certainty.
['T27n1545_114:0595c10_1']	能造無所有處二種業。	能造無所有處二種業。	They can create two kinds of karma for the sphere of nothingness.
['T27n1545_114:0595c10_11', 'T27n1545_114:0595c11_1']	謂順次生受及不定受。🔽若已離無所有處染。	謂順次生受及不定受。 若已離無所有處染。	Namely, karma to be experienced in the next life and karma to be experienced without certainty.
['T27n1545_114:0595c11_11']	未離非想非非想處染。	未離非想非非想處染。	If one has already become detached from the sphere of nothingness but has not yet become detached from the sphere of neither-perception-nor-non-perception,
['T27n1545_114:0595c12_4']	彼能造空無邊處二種業。	彼能造空無邊處二種業。	they can create two kinds of karma for the sphere of infinite space.
['T27n1545_114:0595c12_14']	謂順現法受及不定受。	謂順現法受及不定受。	Namely, karma to be experienced in the present life and karma to be experienced without certainty.
['T27n1545_114:0595c13_9']	能造識無邊處無所有處一種業。	能造識無邊處無所有處一種業。	They can create one kind of karma for the sphere of infinite consciousness and the sphere of nothingness.
['T27n1545_114:0595c13_14']	謂不定受。	謂不定受。	Namely, karma to be experienced without certainty.
['T27n1545_114:0595c14_7']	能造非想非非想處二種業。	能造非想非非想處二種業。	They can create two kinds of karma for the sphere of neither-perception-nor-non-perception.
['T27n1545_114:0595c14_17']	謂順次生受及不定受。	謂順次生受及不定受。	Namely, karma to be experienced in the next life and karma to be experienced without certainty.
['T27n1545_114:0595c15_9']	若已離非想非非想處染。	若已離非想非非想處染。	If one has already become detached from the sphere of neither-perception-nor-non-perception,
['T27n1545_114:0595c16_2']	彼能造空無邊處二種業。	彼能造空無邊處二種業。	they can create two kinds of karma for the sphere of infinite space.
['T27n1545_114:0595c16_12']	謂順現法受及不定受。	謂順現法受及不定受。	Namely, karma to be experienced in the present life and karma to be experienced without certainty.
['T27n1545_114:0595c17_2']	能造三無色一種業。	能造三無色一種業。	They can create one kind of karma for the three formless [realms].
['T27n1545_114:0595c17_7']	謂不定受。	謂不定受。	It refers to indeterminate [karmic results].
['T27n1545_114:0595c17_17']	如說聖者生空無邊處。	如說聖者生空無邊處。	It is said that noble ones are born in the sphere of infinite space.
['T27n1545_114:0595c18_14']	如是乃至生非想非非想處廣說亦爾。	如是乃至生非想非非想處廣說亦爾。	In the same way, up to being born in the sphere of neither-perception-nor-non-perception, it is explained in detail in the same way.
['T27n1545_114:0595c19_4']	住欲界中有位。	住欲界中有位。	Abiding in the desire realm, in the intermediate state,
['T27n1545_114:0595c19_12']	能造二十二種業。	能造二十二種業。	One can create twenty-two kinds of karma.
['T27n1545_114:0595c20_6']	謂中有位異熟定業及不定業。	謂中有位異熟定業及不定業。	That is to say, in the intermediate state, there is karma with fixed results and karma without fixed results.
['T27n1545_114:0595c20_12']	如是羯剌藍。	如是羯剌藍。	In the same way, the kalala stage,
['T27n1545_114:0595c20_16', 'T27n1545_114:0595c20_19', 'T27n1545_114:0595c21_2']	遏部曇。🔽閉尸。🔽鍵南。	遏部曇。 閉尸。 鍵南。	the arbuda stage,🔽the peśī stage,🔽the ghana stage,
['T27n1545_114:0595c21_7']	鉢羅奢佉。	鉢羅奢佉。	the praśākhā stage,
['T27n1545_114:0595c21_10', 'T27n1545_114:0595c21_13', 'T27n1545_114:0595c21_16']	初生。🔽嬰孩。🔽童子。	初生。 嬰孩。 童子。	the stage of initial birth,🔽the stage of infancy,🔽the stage of childhood,
['T27n1545_114:0595c21_19']	少壯。	少壯。	the stage of youth,
['T27n1545_114:0595c22_2']	衰老位。	衰老位。	the stage of old age,
['T27n1545_114:0595c22_12']	各有異熟定及不定業。	各有異熟定及不定業。	Each has fixed and unfixed karma with results.
['T27n1545_114:0595c23_1']	是名二十二業。	是名二十二業。	These are called the twenty-two kinds of karma.
['T27n1545_114:0595c23_7']	住羯羅藍位。	住羯羅藍位。	Abiding in the kalala stage,
['T27n1545_114:0595c23_14']	能造二十種業。	能造二十種業。	One can create twenty kinds of karma.
['T27n1545_114:0595c24_2']	謂除中有業二。	謂除中有業二。	That is to say, excluding the two kinds of karma in the intermediate state.
['T27n1545_114:0595c24_15']	如是乃至住衰老位能造二業。	如是乃至住衰老位能造二業。	In the same way, up to abiding in the stage of old age, one can create two kinds of karma.
['T27n1545_114:0595c25_7']	謂則老位定及不定業。	謂則老位定及不定業。	That is to say, the fixed and unfixed karma in the stage of old age.
['T27n1545_114:0595c25_17']	問若中有位所造諸業。	問若中有位所造諸業。	Question: If the karma created in the intermediate state
['T27n1545_114:0595c26_7']	至本有位受異熟者。	至本有位受異熟者。	Reaches the stage of the fundamental existence and receives retribution,
['T27n1545_114:0595c26_17']	此業當言是順現法受。	此業當言是順現法受。	This karma should be said to be karma to be experienced in the present life.
['T27n1545_114:0595c27_5']	順次生受耶。	順次生受耶。	Is it karma to be experienced in the next life?
['T27n1545_114:0595c27_14']	答此是順現法受業。	答此是順現法受業。	The answer is: This is karma to be experienced in the present life.
['T27n1545_114:0595c28_2']	非順次生受。	非順次生受。	It is not karma to be experienced in the next life.
['T27n1545_114:0595c28_7']	所以者何。	所以者何。	Why is it so?
['T27n1545_114:0595c29_1']	中有本有總眾同分無差別故。	中有本有總眾同分無差別故。	Because the intermediate existence and the fundamental existence are not distinguished in the general continuity of existence.
['T27n1545_114:0596a01_8']	已說前後三業自性。	已說前後三業自性。	The nature of the three karmas before and after has already been explained.
['T27n1545_114:0596a01_17', 'T27n1545_114:0596a02_4']	今當顯示雜無雜相。🔽為前攝後。	今當顯示雜無雜相。 為前攝後。	Now, the mixed and unmixed characteristics should be revealed.🔽Are the former included in the latter?
['T27n1545_114:0596a02_9']	後攝前耶。	後攝前耶。	Are the latter included in the former?
['T27n1545_114:0596a02_14']	答前攝後。	答前攝後。	The answer is: The former are included in the latter.
['T27n1545_114:0596a03_1']	非後攝前。	非後攝前。	The latter are not included in the former.
['T27n1545_114:0596a03_6']	不攝者何。	不攝者何。	What is not included?
['T27n1545_114:0596a03_11', 'T27n1545_114:0596a03_15']	謂不定業。🔽無記業。	謂不定業。 無記業。	It refers to indeterminate karma.🔽It refers to neutral karma.
['T27n1545_114:0596a03_19']	無漏業。	無漏業。	It refers to uncontaminated karma.
['T27n1545_114:0596a04_9']	此中前三通攝定不定業。	此中前三通攝定不定業。	Among them, the first three generally include determinate and indeterminate karma.
['T27n1545_114:0596a04_16']	後三唯攝定業。	後三唯攝定業。	The last three only include determinate karma.
['T27n1545_114:0596a05_9']	前三通攝善不善無記業。	前三通攝善不善無記業。	The first three generally include wholesome, unwholesome, and neutral karma.
['T27n1545_114:0596a06_1']	後三唯攝善不善業。	後三唯攝善不善業。	The last three only include wholesome and unwholesome karma.
['T27n1545_114:0596a06_11']	前三通攝有漏無漏業。	前三通攝有漏無漏業。	The first three generally include contaminated and uncontaminated karma.
['T27n1545_114:0596a07_1']	後三唯攝有漏業。	後三唯攝有漏業。	The last three only include contaminated karma.
['T27n1545_114:0596a07_14']	如是廣說有無量門前後差別。	如是廣說有無量門前後差別。	Thus, there are innumerable categories of distinctions before and after that are extensively explained.
['T27n1545_114:0596a08_1']	今簡略說。	今簡略說。	Now, it is briefly explained.
['T27n1545_114:0596a08_11']	故言前攝後非後攝前。	故言前攝後非後攝前。	Therefore, it is said that the former includes the latter, but the latter does not include the former.
['T27n1545_114:0596a08_16', 'T27n1545_114:0596a09_2']	不攝者何。🔽謂不定業。	不攝者何。 謂不定業。	What is not included?🔽It refers to indeterminate karma,🔽non-recordable karma, and pure karma.🔽Here is the corrected and aligned text:
['T27n1545_114:0596a09_9', 'T27n1545_114:0596a11_100']	無記業無漏業。🔽說一切有部發智大毘婆沙論卷第一百一十四	無記業無漏業。🔽說一切有部發智大毘婆沙論卷第一百一十四	Here is the corrected and aligned text:🔽Here is the corrected and aligned text:Here is the corrected and aligned text:Here is the corrected and aligned text:Here is the corrected and aligned text:Here is the corrected and aligned text:Here is the corrected and aligned text:Here is the corrected and aligned text:Here is the corrected and aligned text:Here is the corrected and aligned text:Here is the corrected and aligned text:Here is the corrected and aligned text:Here is the corrected and aligned text:Here is the corrected and aligned text:Here is the corrected and aligned text:Here is the corrected and aligned text:Here is the corrected and aligned text:Here is the corrected and aligned text:Here is the corrected and aligned text:Here is the corrected and aligned text:Here is the corrected and aligned text:Here is the corrected and aligned text:Here is the corrected and aligned text:Here is the corrected and aligned text:Here is the corrected and aligned text:Here is the corrected and aligned text:Here is the corrected and aligned text:Here is the corrected and aligned text:Here is the corrected and aligned text:Here is the corrected and aligned text:Here is the corrected and aligned text:Here is the corrected and aligned text:Here is the corrected and aligned text:Here is the corrected and aligned text:Here is the corrected and aligned text:Here is the corrected and aligned text:Here is the corrected and aligned text:Here is the corrected and aligned text:Here is the corrected and aligned text:Here is the corrected and aligned text:Here is the corrected and aligned text:Here is the corrected and aligned text:Here is the corrected and aligned text:Here is the corrected and aligned text:Here is the corrected and aligned text:Here is the corrected and aligned text:Here is the corrected and aligned text:Here is the corrected and aligned text:Here is the corrected and aligned text:Here is the corrected and aligned text:Here is the corrected and aligned text:Here is the corrected and aligned text:Here is the corrected and aligned text:Here is the corrected and aligned text:Here is the corrected and aligned text:Here is the corrected and aligned text:
