segmentnr	original	analyzed	translated
['T27n1545_087:0447c16_0']	阿毘達磨大毘婆沙論卷第八十	阿毘達磨大毘婆沙論卷第八十	Abhidharma-mahāvibhāṣā-śāstra, fascicle 80
['T27n1545_087:0447c17_0']	七	七	seven
['T27n1545_087:0447c19_0']	五百大阿羅漢等造	五百大阿羅漢等造	composed by 500 great arhats and others
['T27n1545_087:0447c22_8']	三藏法師玄奘奉　詔譯17結蘊第二中十門納息第四之十七此中隨眠於諸隨眠。	三藏法師玄奘奉　詔譯17結蘊第二中十門納息第四之十七此中隨眠於諸隨眠。	tripiṭaka master Xuanzang respectfully received
['T27n1545_087:0447c22_17']	為所緣縛及相應縛。	為所緣縛及相應縛。	are bound by the object and bound by association.
['T27n1545_087:0447c23_7']	寬狹不等應作四句。	寬狹不等應作四句。	The wide and narrow are not the same, so four sentences should be made.
['T27n1545_087:0447c23_12']	或有隨眠。	或有隨眠。	There are some latent tendencies.
['T27n1545_087:0447c24_8']	於諸隨眠為所緣縛非相應縛。	於諸隨眠為所緣縛非相應縛。	With regard to the latent tendencies, they are bound by the object but not bound by association.
['T27n1545_087:0447c24_17']	謂有漏緣不共無明。	謂有漏緣不共無明。	This refers to the non-universal ignorance that takes contaminated objects.
['T27n1545_087:0447c25_4']	或有隨眠。	或有隨眠。	There are some latent tendencies.
['T27n1545_087:0447c26_9']	於諸隨眠為相應縛非所緣縛謂除無漏緣不共無明。	於諸隨眠為相應縛非所緣縛謂除無漏緣不共無明。	With regard to the latent tendencies, they are bound by association but not bound by the object. This refers to the latent tendencies that take pure objects, excluding the non-universal ignorance that takes contaminated objects.
['T27n1545_087:0447c26_17']	諸餘無漏緣隨眠。	諸餘無漏緣隨眠。	All the remaining latent tendencies that take pure objects.
['T27n1545_087:0447c27_4']	或有隨眠。	或有隨眠。	There are some latent tendencies.
['T27n1545_087:0447c27_17']	於諸隨眠為所緣縛亦相應縛。	於諸隨眠為所緣縛亦相應縛。	With regard to the latent tendencies, they are bound by the object and also bound by association.
['T27n1545_087:0447c28_9']	謂除有漏緣不共無明。	謂除有漏緣不共無明。	This refers to the latent tendencies that take contaminated objects, excluding the non-universal ignorance that takes contaminated objects.
['T27n1545_087:0447c28_17']	諸餘有漏緣隨眠。	諸餘有漏緣隨眠。	All the remaining latent tendencies that take contaminated objects.
['T27n1545_087:0447c29_3']	此即總說。	此即總說。	This is the general explanation.
['T27n1545_087:0448a01_5']	若別說者若於彼為所緣縛即於彼非相應縛。	若別說者若於彼為所緣縛即於彼非相應縛。	If it is explained separately, if it is bound by the object with regard to them, then it is not bound by association with regard to them.
['T27n1545_087:0448a02_3']	若於彼為相應縛即於彼非所緣縛。	若於彼為相應縛即於彼非所緣縛。	If one is bound by association to a certain [affliction], one is not bound by the object of that [affliction].
['T27n1545_087:0448a02_8']	或有隨眠。	或有隨眠。	There are also latent afflictions
['T27n1545_087:0448a03_4']	於諸隨眠非所緣縛亦非相應縛。	於諸隨眠非所緣縛亦非相應縛。	that are neither bound by the object of the latent afflictions nor bound by association.
['T27n1545_087:0448a03_13']	謂無漏緣不共無明。	謂無漏緣不共無明。	Namely, the unique ignorance that takes the uncontaminated as its object.
['T27n1545_087:0448a03_18']	於此義中。	於此義中。	In this meaning,
['T27n1545_087:0448a04_4']	霧尊者說。	霧尊者說。	Venerable Bhrgu
['T27n1545_087:0448a04_9']	四句有異。	四句有異。	has a different four-part statement.
['T27n1545_087:0448a04_14']	或有隨眠。	或有隨眠。	There are also latent afflictions
['T27n1545_087:0448a05_8']	於諸隨眠為所緣縛非相應縛。	於諸隨眠為所緣縛非相應縛。	that are bound by the object of the latent afflictions but not bound by association.
['T27n1545_087:0448a06_3']	謂自地不共無明緣彼未斷。	謂自地不共無明緣彼未斷。	Namely, the unique ignorance of one's own stage that takes them as its object has not yet been eliminated.
['T27n1545_087:0448a06_8']	或有隨眠。	或有隨眠。	There are also latent afflictions
['T27n1545_087:0448a07_4']	於諸隨眠為相應縛非所緣縛。	於諸隨眠為相應縛非所緣縛。	that are bound by association to the latent afflictions but not bound by the object.
['T27n1545_087:0448a07_12']	謂除自地他界緣。	謂除自地他界緣。	Namely, excluding those that take other realms as their object in one's own stage,
['T27n1545_087:0448a07_17']	或他地緣。	或他地緣。	or those that take other stages as their object,
['T27n1545_087:0448a08_5']	或自界他界緣。	或自界他界緣。	or those that take one's own realm and other realms as their object,
['T27n1545_087:0448a08_12']	或自地餘法緣。	或自地餘法緣。	or those that take other dharmas in one's own stage as their object,
['T27n1545_087:0448a09_9']	或無漏緣不共無明諸餘自地他界緣。	或無漏緣不共無明諸餘自地他界緣。	or the unique ignorance that takes the uncontaminated as its object, and the other latent afflictions of one's own stage that take other realms as their object,
['T27n1545_087:0448a09_14', 'T27n1545_087:0448a10_2']	或他地緣。🔽或自界他界緣。	或他地緣。 或自界他界緣。	or those that take other stages as their object,🔽or those that take one's own realm and other realms as their object,
['T27n1545_087:0448a10_9']	或自地餘法緣。	或自地餘法緣。	or those that take other dharmas in one's own stage as their object,
['T27n1545_087:0448a10_18']	或無漏緣隨眠未斷。	或無漏緣隨眠未斷。	or the latent afflictions that have not yet been eliminated.
['T27n1545_087:0448a11_3']	或有隨眠。	或有隨眠。	There are also latent afflictions.
['T27n1545_087:0448a11_16']	於諸隨眠為所緣縛亦相應縛。	於諸隨眠為所緣縛亦相應縛。	Regarding the latent afflictions, they are both bound as objects and bound as associates.
['T27n1545_087:0448a12_9']	謂除自地緣彼不共無明。	謂除自地緣彼不共無明。	This refers to the uncommon ignorance that takes its own stage as its object, excluding it.
['T27n1545_087:0448a13_2']	諸餘自地緣彼隨眠未斷。	諸餘自地緣彼隨眠未斷。	The remaining latent afflictions of its own stage that take it as their object have not yet been eliminated.
['T27n1545_087:0448a13_7']	此即總說。	此即總說。	This is a general statement.
['T27n1545_087:0448a13_12']	若別說者。	若別說者。	If it is explained separately,
['T27n1545_087:0448a14_8']	若於彼為所緣縛即於彼非相應縛。	若於彼為所緣縛即於彼非相應縛。	if it is bound as an object regarding it, then it is not bound as an associate regarding it.
['T27n1545_087:0448a14_16']	若於彼為相應縛。	若於彼為相應縛。	If it is bound as an associate regarding it,
['T27n1545_087:0448a15_6']	即於彼非所緣縛。	即於彼非所緣縛。	then it is not bound as an object regarding it.
['T27n1545_087:0448a15_11']	或有隨眠。	或有隨眠。	There are also latent afflictions.
['T27n1545_087:0448a16_7']	於諸隨眠非所緣縛亦非相應縛。	於諸隨眠非所緣縛亦非相應縛。	Regarding the latent afflictions, they are neither bound as objects nor bound as associates.
['T27n1545_087:0448a16_14']	謂諸隨眠已斷。	謂諸隨眠已斷。	This refers to the latent afflictions that have already been eliminated.
['T27n1545_087:0448a17_1', 'T27n1545_087:0448a17_7']	設未斷者。🔽若他地隨眠。	設未斷者。 若他地隨眠。	Even if they have not yet been eliminated,🔽if they are the latent afflictions of other stages,
['T27n1545_087:0448a17_14']	若自地他界緣。	若自地他界緣。	if they take other realms as their objects in their own realm,
['T27n1545_087:0448a17_19', 'T27n1545_087:0448a18_5']	或他地緣。🔽或自界他界緣。	或他地緣。 或自界他界緣。	or if they take other stages as their objects,🔽or if they take other realms and their own realm as their objects,
['T27n1545_087:0448a18_12']	或自地餘法緣。	或自地餘法緣。	or if they take other dharmas in their own stage as their objects,
['T27n1545_087:0448a19_2']	或無漏緣不共無明。	或無漏緣不共無明。	or if they are the uncommon ignorance that takes the unconditioned as its object.
['T27n1545_087:0448a20_9']	問若諸隨眠有尋有伺。	問若諸隨眠有尋有伺。	Question: If the latent afflictions are with initial and sustained thought,
['T27n1545_087:0448a21_4']	彼於有尋有伺法為所緣縛耶。	彼於有尋有伺法為所緣縛耶。	are they bound as objects regarding dharmas with initial and sustained thought?
['T27n1545_087:0448a21_10']	答應作四句。	答應作四句。	The answer is: four sentences should be made.
['T27n1545_087:0448a21_15']	有諸隨眠。	有諸隨眠。	There are some latent afflictions
['T27n1545_087:0448a22_12']	有尋有伺而於有尋有伺法非所緣縛。	有尋有伺而於有尋有伺法非所緣縛。	that are with investigation and with deliberation, but do not bind as objects in dharmas with investigation and with deliberation.
['T27n1545_087:0448a23_7']	謂諸隨眠有尋有伺而已斷。	謂諸隨眠有尋有伺而已斷。	Namely, latent afflictions that are with investigation and with deliberation have already been eliminated.
['T27n1545_087:0448a23_15']	設未斷而他界緣。	設未斷而他界緣。	Even if they have not been eliminated, they are with other realms as objects,
['T27n1545_087:0448a24_1', 'T27n1545_087:0448a24_8']	或他地緣。🔽或自界他界緣。	或他地緣。 或自界他界緣。	or with other stages as objects,🔽or with one's own realm and other realms as objects,
['T27n1545_087:0448a24_15']	或自地餘法緣。	或自地餘法緣。	or with other dharmas in one's own stage as objects,
['T27n1545_087:0448a24_20']	或無漏緣。	或無漏緣。	or with the uncontaminated as objects.
['T27n1545_087:0448a25_4']	有諸隨眠。	有諸隨眠。	There are some latent afflictions
['T27n1545_087:0448a26_4']	於有尋有伺法為所緣縛而非有尋有伺。	於有尋有伺法為所緣縛而非有尋有伺。	that bind as objects in dharmas with investigation and with deliberation, but are not with investigation and with deliberation.
['T27n1545_087:0448a26_13']	謂諸隨眠無尋唯伺。	謂諸隨眠無尋唯伺。	Namely, latent afflictions that are without investigation and only with deliberation,
['T27n1545_087:0448a27_3']	是有漏緣緣彼未斷。	是有漏緣緣彼未斷。	and have contaminated objects as objects, and have not yet been eliminated regarding those.
['T27n1545_087:0448a27_8']	有諸隨眠。	有諸隨眠。	There are some latent afflictions
['T27n1545_087:0448a28_6']	有尋有伺亦於有尋有伺法為所緣縛。	有尋有伺亦於有尋有伺法為所緣縛。	that are with investigation and with deliberation, and also bind as objects in dharmas with investigation and with deliberation.
['T27n1545_087:0448a28_15']	謂諸隨眠有尋有伺。	謂諸隨眠有尋有伺。	Namely, latent afflictions that are with investigation and with deliberation,
['T27n1545_087:0448a29_7', 'T27n1545_087:0448a29_17']	是自地有漏緣緣彼未斷。🔽有諸隨眠非有尋有伺。	是自地有漏緣緣彼未斷。 有諸隨眠非有尋有伺。	have their own stage as contaminated objects as objects, and have not yet been eliminated regarding those.🔽There are some latent afflictions
['T27n1545_087:0448b01_11']	亦於有尋有伺法非所緣縛。	亦於有尋有伺法非所緣縛。	that are not with investigation and with deliberation, and also do not bind as objects in dharmas with investigation and with deliberation.
['T27n1545_087:0448b02_5']	謂諸隨眠無尋唯伺而已斷。	謂諸隨眠無尋唯伺而已斷。	It refers to the latent afflictions that are without initial thought but only with sustained thought, and have already been eliminated.
['T27n1545_087:0448b02_13']	設未斷而他界緣。	設未斷而他界緣。	Even if they have not yet been eliminated, they are objects of other realms.
['T27n1545_087:0448b02_18']	或他地緣。	或他地緣。	Or they are objects of other stages.
['T27n1545_087:0448b03_5']	或自界他界緣。	或自界他界緣。	Or they are objects of one's own realm and other realms.
['T27n1545_087:0448b03_12']	或自地餘法緣。	或自地餘法緣。	Or they are objects of other dharmas in one's own stage.
['T27n1545_087:0448b04_6']	或無漏緣及諸隨眠無尋無伺。	或無漏緣及諸隨眠無尋無伺。	Or they are pure objects. And the latent afflictions that are without initial thought and without sustained thought.
['T27n1545_087:0448b05_9']	問若諸隨眠無尋唯伺。	問若諸隨眠無尋唯伺。	Question: If the latent afflictions are without initial thought but only with sustained thought,
['T27n1545_087:0448b06_4']	彼於無尋唯伺法為所緣縛耶。	彼於無尋唯伺法為所緣縛耶。	are they bound to the objects of dharmas without initial thought but only with sustained thought?
['T27n1545_087:0448b06_10']	答應作四句。	答應作四句。	Answer: Four sentences should be made.
['T27n1545_087:0448b07_1']	有諸隨眠無尋唯伺。	有諸隨眠無尋唯伺。	There are latent afflictions that are without initial thought but only with sustained thought,
['T27n1545_087:0448b07_13']	而於無尋唯伺法非所緣縛。	而於無尋唯伺法非所緣縛。	but they are not bound to the objects of dharmas without initial thought but only with sustained thought.
['T27n1545_087:0448b08_7']	謂諸隨眠無尋唯伺而已斷。	謂諸隨眠無尋唯伺而已斷。	It refers to the latent afflictions that are without initial thought but only with sustained thought, and have already been eliminated.
['T27n1545_087:0448b08_15']	設未斷而他界緣。	設未斷而他界緣。	Even if they have not yet been eliminated, they are objects of other realms.
['T27n1545_087:0448b09_1', 'T27n1545_087:0448b09_8']	或他地緣。🔽或自界他界緣。	或他地緣。 或自界他界緣。	Or they are objects of other stages.🔽Or they are objects of one's own realm and other realms.
['T27n1545_087:0448b09_15']	或自地餘法緣。	或自地餘法緣。	Or they are objects of other dharmas in one's own stage.
['T27n1545_087:0448b09_20']	或無漏緣。	或無漏緣。	Or they are pure objects.
['T27n1545_087:0448b10_14']	有諸隨眠於無尋唯伺法為所緣縛。	有諸隨眠於無尋唯伺法為所緣縛。	There are latent afflictions that are bound to the objects of dharmas without initial thought but only with sustained thought,
['T27n1545_087:0448b11_4']	而非無尋唯伺。	而非無尋唯伺。	but they are not without initial thought but only with sustained thought.
['T27n1545_087:0448b11_13']	謂諸隨眠有尋有伺。	謂諸隨眠有尋有伺。	It refers to the latent afflictions that are with initial thought and with sustained thought.
['T27n1545_087:0448b12_5']	是自地有漏緣緣彼未斷。	是自地有漏緣緣彼未斷。	It is the impure dharmas of one's own stage that are the objects of those not yet eliminated.
['T27n1545_087:0448b12_14']	有諸隨眠無尋唯伺。	有諸隨眠無尋唯伺。	There are some proclivities that are only accompanied by investigation but not by initial thought.
['T27n1545_087:0448b13_8']	亦於無尋唯伺法為所緣縛。	亦於無尋唯伺法為所緣縛。	They are also bound as objects in relation to dharmas that are only accompanied by initial thought but not by investigation.
['T27n1545_087:0448b13_17']	謂諸隨眠無尋唯伺。	謂諸隨眠無尋唯伺。	The proclivities that are only accompanied by initial thought but not by investigation.
['T27n1545_087:0448b14_7']	是有漏緣緣彼未斷。	是有漏緣緣彼未斷。	They are the impure dharmas that are the objects of those not yet eliminated.
['T27n1545_087:0448b14_17']	有諸隨眠非無尋唯伺。	有諸隨眠非無尋唯伺。	There are some proclivities that are neither accompanied by initial thought nor by investigation.
['T27n1545_087:0448b15_11']	亦於無尋唯伺法非所緣縛。	亦於無尋唯伺法非所緣縛。	They are also not bound as objects in relation to dharmas that are only accompanied by initial thought but not by investigation.
['T27n1545_087:0448b16_5']	謂諸隨眠有尋有伺而已斷。	謂諸隨眠有尋有伺而已斷。	The proclivities that are accompanied by both initial thought and investigation and have already been eliminated.
['T27n1545_087:0448b16_13']	設未斷而他界緣。	設未斷而他界緣。	Even if they have not yet been eliminated, they are related to other realms.
['T27n1545_087:0448b16_18', 'T27n1545_087:0448b17_5']	或他地緣。🔽或自界他界緣。	或他地緣。 或自界他界緣。	Or they are related to other stages.🔽Or they are related to one's own realm and other realms.
['T27n1545_087:0448b17_12']	或自地餘法緣。	或自地餘法緣。	Or they are related to other dharmas of one's own stage.
['T27n1545_087:0448b17_17']	或無漏緣。	或無漏緣。	Or they are related to the pure.
['T27n1545_087:0448b18_11']	若諸隨眠有尋有伺而是他地。	若諸隨眠有尋有伺而是他地。	If the proclivities that are accompanied by both initial thought and investigation are related to other stages,
['T27n1545_087:0448b19_2']	及諸隨眠無尋無伺。	及諸隨眠無尋無伺。	and the proclivities that are neither accompanied by initial thought nor by investigation.
['T27n1545_087:0448b20_9']	問若諸隨眠無尋無伺。	問若諸隨眠無尋無伺。	Question: If the proclivities are neither accompanied by initial thought nor by investigation,
['T27n1545_087:0448b21_4']	彼於無尋無伺法為所緣縛耶。	彼於無尋無伺法為所緣縛耶。	are they bound as objects in relation to dharmas that are neither accompanied by initial thought nor by investigation?
['T27n1545_087:0448b21_10']	答應作四句。	答應作四句。	Answer: Four sentences should be made.
['T27n1545_087:0448b22_1']	有諸隨眠無尋無伺。	有諸隨眠無尋無伺。	There are some proclivities that are neither accompanied by initial thought nor by investigation.
['T27n1545_087:0448b22_13']	而於無尋無伺法非所緣縛。	而於無尋無伺法非所緣縛。	But they are not bound to the object of dharmas without initial and sustained thought.
['T27n1545_087:0448b23_7']	謂諸隨眠無尋無伺而已斷。	謂諸隨眠無尋無伺而已斷。	This refers to the proclivities that are without initial and sustained thought, and have already been eliminated.
['T27n1545_087:0448b23_15']	設未斷而他界緣。	設未斷而他界緣。	Even if they have not yet been eliminated, they are the objects of other realms.
['T27n1545_087:0448b24_1']	或他地緣。	或他地緣。	Or they are the objects of other stages.
['T27n1545_087:0448b24_8']	或自界他界緣。	或自界他界緣。	Or they are the objects of one's own realm and other realms.
['T27n1545_087:0448b24_13']	或無漏緣。	或無漏緣。	Or they are the objects of the uncontaminated.
['T27n1545_087:0448b25_9']	有諸隨眠於無尋無伺法為所緣縛。	有諸隨眠於無尋無伺法為所緣縛。	There are proclivities that are bound to the object of dharmas without initial and sustained thought,
['T27n1545_087:0448b25_16']	而非無尋無伺。	而非無尋無伺。	But they are not without initial and sustained thought.
['T27n1545_087:0448b26_7']	謂諸隨眠有尋有伺。	謂諸隨眠有尋有伺。	This refers to the proclivities that are with initial and sustained thought,
['T27n1545_087:0448b27_5']	或無尋唯伺是自地有漏緣緣彼未斷。	或無尋唯伺是自地有漏緣緣彼未斷。	Or those that are without initial thought but only sustained thought, which are the objects of one's own stage and contaminated dharmas. If they have not yet been eliminated,
['T27n1545_087:0448b27_14']	有諸隨眠無尋無伺。	有諸隨眠無尋無伺。	There are proclivities that are without initial and sustained thought,
['T27n1545_087:0448b28_8']	亦於無尋無伺法為所緣縛。	亦於無尋無伺法為所緣縛。	And are also bound to the object of dharmas without initial and sustained thought.
['T27n1545_087:0448b28_17']	謂諸隨眠無尋無伺。	謂諸隨眠無尋無伺。	This refers to the proclivities that are without initial and sustained thought,
['T27n1545_087:0448b29_9']	是自地有漏緣緣彼未斷。	是自地有漏緣緣彼未斷。	Which are the objects of one's own stage and contaminated dharmas. If they have not yet been eliminated,
['T27n1545_087:0448c01_2']	有諸隨眠非無尋無伺。	有諸隨眠非無尋無伺。	There are proclivities that are not without initial and sustained thought,
['T27n1545_087:0448c01_14']	亦於無尋無伺法非所緣縛。	亦於無尋無伺法非所緣縛。	And are also not bound to the object of dharmas without initial and sustained thought.
['T27n1545_087:0448c02_5']	謂諸隨眠有尋有伺。	謂諸隨眠有尋有伺。	This refers to the proclivities that are with initial and sustained thought,
['T27n1545_087:0448c02_14']	或無尋唯伺而已斷。	或無尋唯伺而已斷。	Or those that are without initial thought but only sustained thought, which have already been eliminated.
['T27n1545_087:0448c03_3']	設未斷而他界緣。	設未斷而他界緣。	Even if not yet eliminated, [the afflictions] take other realms as objects,
['T27n1545_087:0448c03_8', 'T27n1545_087:0448c03_15']	或他地緣。🔽或自界他界緣。	或他地緣。 或自界他界緣。	or take other stages as objects,🔽or take one's own realm and other realms as objects,
['T27n1545_087:0448c04_2']	或自地餘法緣。	或自地餘法緣。	or take the remaining dharmas of one's own stage as objects,
['T27n1545_087:0448c04_7']	或無漏緣。	或無漏緣。	or take the unconditioned as objects.
['T27n1545_087:0448c05_9']	問若諸隨眠有尋有伺。	問若諸隨眠有尋有伺。	Question: If the latent afflictions are with initial and sustained thought,
['T27n1545_087:0448c06_4']	彼於有尋有伺法為相應縛耶。	彼於有尋有伺法為相應縛耶。	are they bound to dharmas with initial and sustained thought through association?
['T27n1545_087:0448c07_9']	答若諸隨眠於有尋有伺法為相應縛彼必有尋有伺。	答若諸隨眠於有尋有伺法為相應縛彼必有尋有伺。	Answer: If the latent afflictions are bound to dharmas with initial and sustained thought through association, they must be with initial and sustained thought.
['T27n1545_087:0448c08_1']	或有隨眠有尋有伺。	或有隨眠有尋有伺。	Or there may be latent afflictions that are with initial and sustained thought,
['T27n1545_087:0448c08_13']	而於有尋有伺法非相應縛。	而於有尋有伺法非相應縛。	but are not bound to dharmas with initial and sustained thought through association.
['T27n1545_087:0448c09_7']	謂諸隨眠有尋有伺而已斷。	謂諸隨眠有尋有伺而已斷。	This refers to the latent afflictions that are with initial and sustained thought that have already been eliminated.
['T27n1545_087:0448c09_17']	問若諸隨眠無尋唯伺。	問若諸隨眠無尋唯伺。	Question: If the latent afflictions are without initial thought but only with sustained thought,
['T27n1545_087:0448c10_11']	彼於無尋唯伺法為相應縛耶。	彼於無尋唯伺法為相應縛耶。	are they bound to dharmas without initial thought but only with sustained thought through association?
['T27n1545_087:0448c10_17']	答應作四句。	答應作四句。	Answer: Four sentences should be made.
['T27n1545_087:0448c11_8']	有諸隨眠無尋唯伺。	有諸隨眠無尋唯伺。	There may be latent afflictions that are without initial thought but only with sustained thought,
['T27n1545_087:0448c12_3']	而於無尋唯伺法非相應縛。	而於無尋唯伺法非相應縛。	but they are not bound to dharmas without initial thought but only with sustained thought through association.
['T27n1545_087:0448c12_15']	謂諸隨眠無尋唯伺而已斷。	謂諸隨眠無尋唯伺而已斷。	This refers to the latent afflictions that are without initial thought but only with sustained thought that have already been eliminated.
['T27n1545_087:0448c13_11']	有諸隨眠於無尋唯伺法為相應縛。	有諸隨眠於無尋唯伺法為相應縛。	There are some latent afflictions that are bound by association to dharmas without initial thought but with sustained thought,
['T27n1545_087:0448c14_1']	而非無尋唯伺。	而非無尋唯伺。	but are not without initial thought and sustained thought.
['T27n1545_087:0448c14_10']	謂諸隨眠有尋有伺。	謂諸隨眠有尋有伺。	This refers to latent afflictions with initial thought and sustained thought,
['T27n1545_087:0448c15_3']	於無尋唯伺法為相應縛。	於無尋唯伺法為相應縛。	which are bound by association to dharmas without initial thought but with sustained thought.
['T27n1545_087:0448c15_12']	有諸隨眠無尋唯伺。	有諸隨眠無尋唯伺。	There are some latent afflictions without initial thought but with sustained thought,
['T27n1545_087:0448c16_6']	亦於無尋唯伺法為相應縛。	亦於無尋唯伺法為相應縛。	which are also bound by association to dharmas without initial thought and sustained thought.
['T27n1545_087:0448c16_18']	謂諸隨眠無尋唯伺而未斷。	謂諸隨眠無尋唯伺而未斷。	This refers to latent afflictions without initial thought and sustained thought that have not yet been eliminated.
['T27n1545_087:0448c17_9']	有諸隨眠非無尋唯伺。	有諸隨眠非無尋唯伺。	There are some latent afflictions that are not without initial thought and sustained thought,
['T27n1545_087:0448c18_4']	亦於無尋唯伺法非相應縛。	亦於無尋唯伺法非相應縛。	and are also not bound by association to dharmas without initial thought and sustained thought.
['T27n1545_087:0448c18_16']	謂諸隨眠有尋有伺而已斷。	謂諸隨眠有尋有伺而已斷。	This refers to latent afflictions with initial thought and sustained thought that have already been eliminated,
['T27n1545_087:0448c19_6']	及諸隨眠無尋無伺。	及諸隨眠無尋無伺。	and latent afflictions without initial thought and sustained thought.
['T27n1545_087:0448c19_16']	問若諸隨眠無尋無伺。	問若諸隨眠無尋無伺。	Question: If latent afflictions are without initial thought and sustained thought,
['T27n1545_087:0448c20_10']	彼於無尋無伺法為相應縛耶。	彼於無尋無伺法為相應縛耶。	are they bound by association to dharmas without initial thought and sustained thought?
['T27n1545_087:0448c20_16']	答應作四句。	答應作四句。	Answer: Four sentences should be made.
['T27n1545_087:0448c21_7']	有諸隨眠無尋無伺。	有諸隨眠無尋無伺。	There are some latent afflictions without initial thought and sustained thought,
['T27n1545_087:0448c22_2']	而於無尋無伺法非相應縛。	而於無尋無伺法非相應縛。	which are not bound by association to dharmas without initial thought and sustained thought.
['T27n1545_087:0448c22_14']	謂諸隨眠無尋無伺而已斷。	謂諸隨眠無尋無伺而已斷。	This refers to latent afflictions without initial thought and sustained thought that have already been eliminated.
['T27n1545_087:0448c23_6']	有諸隨眠於無尋無伺法。	有諸隨眠於無尋無伺法。	There are certain latent afflictions that are bound to the associated [mind] in relation to dharmas without initial or sustained thought,
['T27n1545_087:0448c23_17']	為相應縛而非無尋無伺。	為相應縛而非無尋無伺。	but are not without initial or sustained thought themselves.
['T27n1545_087:0448c24_8']	謂諸隨眠無尋唯伺。	謂諸隨眠無尋唯伺。	Namely, the latent afflictions that are without initial thought but with sustained thought,
['T27n1545_087:0448c25_1']	於無尋無伺法為相應縛。	於無尋無伺法為相應縛。	are bound to the associated [mind] in relation to dharmas without initial or sustained thought.
['T27n1545_087:0448c25_10']	有諸隨眠無尋無伺。	有諸隨眠無尋無伺。	There are certain latent afflictions that are without initial and sustained thought,
['T27n1545_087:0448c26_4']	亦於無尋無伺法為相應縛。	亦於無尋無伺法為相應縛。	and are also bound to the associated [mind] in relation to dharmas without initial or sustained thought.
['T27n1545_087:0448c26_16']	謂諸隨眠無尋無伺而未斷。	謂諸隨眠無尋無伺而未斷。	Namely, the latent afflictions that are without initial and sustained thought but have not yet been eliminated.
['T27n1545_087:0448c27_8']	有諸隨眠非無尋無伺。	有諸隨眠非無尋無伺。	There are certain latent afflictions that are not without initial and sustained thought,
['T27n1545_087:0448c28_3', 'T27n1545_087:0448c28_15']	亦於無尋無伺法非相應縛。🔽謂諸隨眠無尋唯伺而已斷。	亦於無尋無伺法非相應縛。 謂諸隨眠無尋唯伺而已斷。	and are also not bound to the associated [mind] in relation to dharmas without initial or sustained thought.🔽Namely, the latent afflictions that are without initial thought but with sustained thought and have already been eliminated,
['T27n1545_087:0448c29_5']	及諸隨眠有尋有伺。	及諸隨眠有尋有伺。	and the latent afflictions that are with initial and sustained thought.
['T27n1545_087:0449a01_9']	頗有法是有漏是心所。	頗有法是有漏是心所。	Are there any dharmas that are contaminated, mental factors,
['T27n1545_087:0449a02_1']	無尋唯伺未斷未遍知。	無尋唯伺未斷未遍知。	without initial but with sustained thought, that have not been eliminated and completely known,
['T27n1545_087:0449a02_13']	而非無尋唯伺隨眠隨增耶。	而非無尋唯伺隨眠隨增耶。	but are not the latent afflictions of those without initial but with sustained thought that increase?
['T27n1545_087:0449a02_16']	答有。	答有。	The answer is: There are.
['T27n1545_087:0449a03_2']	謂欲界尋。	謂欲界尋。	Namely, initial thought in the desire realm.
['T27n1545_087:0449a03_12']	頗有法是有漏是心所。	頗有法是有漏是心所。	Are there any dharmas that are contaminated, mental factors,🔽without initial but with sustained thought, that have not been eliminated and completely known,
['T27n1545_087:0449a04_3']	無尋唯伺未斷未遍知。	無尋唯伺未斷未遍知。	but
['T27n1545_087:0449a04_15']	而為有尋有伺隨眠隨增耶。	而為有尋有伺隨眠隨增耶。	Are there any that are with applied thought and sustained thought, but whose latent tendencies increase?
['T27n1545_087:0449a04_18']	答有。	答有。	Answer: There are.
['T27n1545_087:0449a05_7']	謂欲界初靜慮尋。	謂欲界初靜慮尋。	Namely, applied thought in the desire realm and first absorption.
['T27n1545_087:0449a06_3']	頗有法是有漏是心所無尋無伺。	頗有法是有漏是心所無尋無伺。	Are there any dharmas that are contaminated, are mental factors, are without applied thought and sustained thought,
['T27n1545_087:0449a06_15']	而非無尋無伺隨眠隨增耶。	而非無尋無伺隨眠隨增耶。	but whose latent tendencies do not increase without applied thought and sustained thought?
['T27n1545_087:0449a06_18']	答有。	答有。	Answer: There are.
['T27n1545_087:0449a07_6']	謂靜慮中間伺。	謂靜慮中間伺。	Namely, sustained thought in the intermediate absorption.
['T27n1545_087:0449a07_10']	頗有聚。	頗有聚。	Are there any aggregates
['T27n1545_087:0449a07_14']	一時生。	一時生。	that arise at the same time,
['T27n1545_087:0449a07_18']	一時住。	一時住。	abide at the same time,
['T27n1545_087:0449a08_2', 'T27n1545_087:0449a08_6', 'T27n1545_087:0449a08_10']	一時滅。🔽一所依。🔽一所緣。	一時滅。 一所依。 一所緣。	cease at the same time,🔽have the same basis,🔽the same object,
['T27n1545_087:0449a08_14']	同行相。	同行相。	the same accompanying characteristics,
['T27n1545_087:0449a08_19']	生時俱生。	生時俱生。	when arising, arise together,
['T27n1545_087:0449a09_3']	滅時俱滅。	滅時俱滅。	when ceasing, cease together,
['T27n1545_087:0449a10_3']	而隨眠於彼有是相應縛有非相應縛耶。	而隨眠於彼有是相應縛有非相應縛耶。	but whose latent tendencies have the bond of association with them, and do not have the bond of association?
['T27n1545_087:0449a10_6']	答有。	答有。	Answer: There are.
['T27n1545_087:0449a10_13']	謂不共無明聚。	謂不共無明聚。	Namely, the aggregate of non-shared ignorance.
['T27n1545_087:0449a11_4']	無明於彼有是相應縛。	無明於彼有是相應縛。	Ignorance has the bond of association with it.
['T27n1545_087:0449a11_17']	謂於無明相應法有非相應縛。	謂於無明相應法有非相應縛。	Namely, with regard to dharmas associated with ignorance, there is the bond of non-association.
['T27n1545_087:0449a12_6']	謂於無明自性。	謂於無明自性。	Namely, with regard to the intrinsic nature of ignorance.
['T27n1545_087:0449a13_14']	眼根乃至無色界修所斷無明隨眠。	眼根乃至無色界修所斷無明隨眠。	The latent tendencies of the eye faculty up to the ignorance eliminated by cultivation in the formless realm.
['T27n1545_087:0449a14_10']	緣識及緣緣識於九十八隨眠中。	緣識及緣緣識於九十八隨眠中。	As for the perceptual consciousness and the perceptual consciousness with supporting object among the ninety-eight latent afflictions,
['T27n1545_087:0449a15_2']	一一有幾隨眠隨增耶。	一一有幾隨眠隨增耶。	how many latent afflictions increase in each?
['T27n1545_087:0449a15_9']	問何故作此論。	問何故作此論。	Why is this treatise composed?
['T27n1545_087:0449a16_2']	答為止他宗顯正義故。	答為止他宗顯正義故。	The answer is: in order to stop other schools and reveal the correct principle.
['T27n1545_087:0449a16_11']	謂譬喻者作如是說。	謂譬喻者作如是說。	The Dārṣṭāntikas say:
['T27n1545_087:0449a17_4']	眼等六識身所緣境各別。	眼等六識身所緣境各別。	The six kinds of perceptual consciousness, such as the eye, each have different objects.
['T27n1545_087:0449a17_13']	彼說意識別有所緣。	彼說意識別有所緣。	They say that mental consciousness has a separate object.
['T27n1545_087:0449a18_4']	不緣眼等五識所緣。	不緣眼等五識所緣。	It does not take as its object what is taken as object by the five consciousnesses such as the eye.
['T27n1545_087:0449a18_13']	又說六識唯緣外境。	又說六識唯緣外境。	They also say that the six kinds of perceptual consciousness only take external objects as their objects.
['T27n1545_087:0449a19_4']	不緣內根亦不緣識。	不緣內根亦不緣識。	They do not take internal faculties as their objects, nor do they take consciousness as their objects.
['T27n1545_087:0449a19_17']	為遮彼意顯前五識各別所緣。	為遮彼意顯前五識各別所緣。	To block this idea and reveal that the five consciousnesses each have separate objects,
['T27n1545_087:0449a20_8']	唯緣外境不緣根識。	唯緣外境不緣根識。	only taking external objects as their objects, not taking faculties or consciousness as their objects,
['T27n1545_087:0449a20_17']	意識所緣與五識境。	意識所緣與五識境。	and that mental consciousness takes as its objects the same as the objects of the five consciousnesses,
['T27n1545_087:0449a21_12']	有同有異亦緣內根亦緣諸識。	有同有異亦緣內根亦緣諸識。	also taking internal faculties as its objects and also taking various consciousnesses as its objects,
['T27n1545_087:0449a22_14']	復次為欲顯示諸法正理令他了知故作斯論。	復次為欲顯示諸法正理令他了知故作斯論。	Furthermore, in order to reveal the correct principle of dharmas and cause others to understand, this treatise is composed.
['T27n1545_087:0449a23_12']	應知此中所緣諸法有十六種。	應知此中所緣諸法有十六種。	It should be known that in this context, the dharmas that are objects are of sixteen kinds.
['T27n1545_087:0449a24_1']	謂三界各五部。	謂三界各五部。	Namely, the three realms each have five categories.
['T27n1545_087:0449a24_10']	及無漏法能緣諸識。	及無漏法能緣諸識。	and the pure dharmas that can be objects of various consciousnesses,
['T27n1545_087:0449a25_1']	亦有如是十六種異。	亦有如是十六種異。	also have these sixteen kinds of differences.
['T27n1545_087:0449a25_11']	問此中何法幾識所緣。	問此中何法幾識所緣。	Question: What dharmas are objects of how many consciousnesses in this context?
['T27n1545_087:0449a26_6', 'T27n1545_087:0449a27_3']	答欲界見苦所斷法五識所緣。🔽一欲界見苦所斷一切隨眠相應識。	答欲界見苦所斷法五識所緣。 一欲界見苦所斷一切隨眠相應識。	Answer: Dharmas to be eliminated by seeing suffering in the desire realm are objects of five consciousnesses.🔽The first is consciousness associated with all latent tendencies eliminated by seeing suffering in the desire realm.
['T27n1545_087:0449a27_18']	二欲界見集所斷遍行隨眠相應識。	二欲界見集所斷遍行隨眠相應識。	The second is consciousness associated with omnipresent latent tendencies eliminated by seeing the accumulation [of suffering] in the desire realm.
['T27n1545_087:0449a28_13']	三欲界修所斷善及無覆無記識。	三欲界修所斷善及無覆無記識。	The third is wholesome and unobscured-neutral consciousness to be eliminated by cultivation in the desire realm.
['T27n1545_087:0449a29_9']	四色界修所斷善及無覆無記識。	四色界修所斷善及無覆無記識。	The fourth is wholesome and unobscured-neutral consciousness to be eliminated by cultivation in the form realm.
['T27n1545_087:0449a29_17']	五法智品無漏識。	五法智品無漏識。	The fifth is pure consciousness belonging to the class of dharma cognition.
['T27n1545_087:0449b01_6']	欲界見集所斷法。	欲界見集所斷法。	Dharmas to be eliminated by seeing the accumulation [of suffering] in the desire realm,
['T27n1545_087:0449b01_13']	五識所緣亦爾。	五識所緣亦爾。	are objects of five consciousnesses, also like this.
['T27n1545_087:0449b01_18', 'T27n1545_087:0449b02_12']	有差別者。🔽謂見集所斷一切隨眠相應識。	有差別者。 謂見集所斷一切隨眠相應識。	There is a difference:🔽Namely, consciousness associated with all latent tendencies eliminated by seeing the accumulation [of suffering].
['T27n1545_087:0449b03_6']	見苦所斷遍行隨眠相應識。	見苦所斷遍行隨眠相應識。	Consciousness associated with omnipresent latent tendencies eliminated by seeing suffering.
['T27n1545_087:0449b03_18']	欲界見滅所斷法六識所緣。	欲界見滅所斷法六識所緣。	Dharmas to be eliminated by seeing cessation in the desire realm are objects of six consciousnesses.
['T27n1545_087:0449b04_14']	一欲界見苦所斷遍行隨眠相應識。	一欲界見苦所斷遍行隨眠相應識。	The first is consciousness associated with omnipresent latent tendencies eliminated by seeing suffering in the desire realm.
['T27n1545_087:0449b05_11']	二欲界見集所斷遍行隨眠相應識。	二欲界見集所斷遍行隨眠相應識。	Second, consciousness associated with the universal contaminants to be eliminated by seeing the origin in the desire realm.
['T27n1545_087:0449b06_9']	三欲界見滅所斷有漏緣隨眠相應識。	三欲界見滅所斷有漏緣隨眠相應識。	Third, consciousness associated with the contaminants to be eliminated by seeing cessation in the desire realm that take contaminated objects in the desire realm as their objects.
['T27n1545_087:0449b07_5']	四欲界修所斷善及無覆無記識。	四欲界修所斷善及無覆無記識。	Fourth, wholesome and unobscured-neutral consciousness in the desire realm.
['T27n1545_087:0449b08_1']	五色界修所斷善及無覆無記識。	五色界修所斷善及無覆無記識。	Fifth, wholesome and unobscured-neutral consciousness in the form realm.
['T27n1545_087:0449b08_9']	六法智品無漏識。	六法智品無漏識。	Sixth, uncontaminated consciousness belonging to the class of the cognition of the law.
['T27n1545_087:0449b09_4']	欲界見道所斷法六識所緣亦爾。	欲界見道所斷法六識所緣亦爾。	The objects of the dharmas to be eliminated by the path of seeing in the desire realm are also like this.
['T27n1545_087:0449b09_9']	有差別者。	有差別者。	There is a difference.
['T27n1545_087:0449b10_4']	謂見道所斷有漏緣隨眠相應識。	謂見道所斷有漏緣隨眠相應識。	Namely, consciousness associated with the contaminants to be eliminated by the path of seeing that take contaminated objects in the desire realm as their objects.
['T27n1545_087:0449b10_15', 'T27n1545_087:0449b11_11']	欲界修所斷法五識所緣。🔽一欲界見苦所斷遍行隨眠相應識。	欲界修所斷法五識所緣。 一欲界見苦所斷遍行隨眠相應識。	The objects of the dharmas to be eliminated by cultivation in the desire realm are the objects of five consciousnesses.🔽First, consciousness associated with the universal contaminants to be eliminated by seeing suffering in the desire realm.
['T27n1545_087:0449b12_8', 'T27n1545_087:0449b12_16']	二欲界見集所斷遍行隨眠相應識。🔽三欲界修所斷善。	二欲界見集所斷遍行隨眠相應識。 三欲界修所斷善。	Second, consciousness associated with the universal contaminants to be eliminated by seeing the origin in the desire realm.
['T27n1545_087:0449b13_6']	及染污無覆無記識。	及染污無覆無記識。	Third, wholesome and defiled unobscured-neutral consciousness in the desire realm.
['T27n1545_087:0449b14_2']	四色界修所斷善及無覆無記識。	四色界修所斷善及無覆無記識。	Fourth, wholesome and unobscured-neutral consciousness in the form realm.
['T27n1545_087:0449b14_10']	五法智品無漏識。	五法智品無漏識。	Fifth, uncontaminated consciousness belonging to the class of the cognition of the law.
['T27n1545_087:0449b15_3', 'T27n1545_087:0449b16_3']	色界見苦所斷法八識所緣。🔽一欲界見苦所斷他界緣遍行隨眠相應識。	色界見苦所斷法八識所緣。 一欲界見苦所斷他界緣遍行隨眠相應識。	The dharmas to be eliminated by seeing suffering in the form realm are the objects of eight consciousnesses.🔽The first is the consciousness associated with the universal contaminants eliminated by seeing suffering in the desire realm that take other realms as objects.
['T27n1545_087:0449b17_3']	二欲界見集所斷他界緣遍行隨眠相應識。	二欲界見集所斷他界緣遍行隨眠相應識。	The second is the consciousness associated with the universal contaminants eliminated by seeing the accumulation in the desire realm that take other realms as objects.
['T27n1545_087:0449b17_12']	三欲界修所斷善識。	三欲界修所斷善識。	The third is the wholesome consciousness eliminated by cultivation in the desire realm.
['T27n1545_087:0449b18_8']	四色界見苦所斷一切隨眠相應識。	四色界見苦所斷一切隨眠相應識。	The fourth is the consciousness associated with all contaminants eliminated by seeing suffering in the form realm.
['T27n1545_087:0449b19_5']	五色界見集所斷遍行隨眠相應識。	五色界見集所斷遍行隨眠相應識。	The fifth is the consciousness associated with the universal contaminants eliminated by seeing the accumulation in the form realm.
['T27n1545_087:0449b20_1']	六色界修所斷善及無覆無記識。	六色界修所斷善及無覆無記識。	The sixth is the wholesome and unobscured-neutral consciousness eliminated by cultivation in the form realm.
['T27n1545_087:0449b20_11']	七無色界修所斷善識。	七無色界修所斷善識。	The seventh is the wholesome consciousness eliminated by cultivation in the formless realm.
['T27n1545_087:0449b20_19']	八類智品無漏識。	八類智品無漏識。	The eighth is the pure consciousness in the class of subsequent knowledge.
['T27n1545_087:0449b21_13']	色界見集所斷法八識所緣亦爾。	色界見集所斷法八識所緣亦爾。	The dharmas to be eliminated by seeing the accumulation in the form realm are the objects of eight consciousnesses, which are also the same.
['T27n1545_087:0449b21_18']	有差別者。	有差別者。	There is a difference.
['T27n1545_087:0449b22_14']	謂色界見集所斷一切隨眠相應識。	謂色界見集所斷一切隨眠相應識。	Namely, the consciousness associated with all contaminants eliminated by seeing the accumulation in the form realm.
['T27n1545_087:0449b23_8']	見苦所斷遍行隨眠相應識。	見苦所斷遍行隨眠相應識。	The consciousness associated with the universal contaminants eliminated by seeing suffering.
['T27n1545_087:0449b24_2']	色界見滅所斷法九識所緣。	色界見滅所斷法九識所緣。	The dharmas to be eliminated by seeing cessation in the form realm are the objects of nine consciousnesses.
['T27n1545_087:0449b25_2']	一欲界見苦所斷他界緣遍行隨眠相應識。	一欲界見苦所斷他界緣遍行隨眠相應識。	First, consciousness associated with the universal contaminants to be eliminated by insight into suffering in the desire realm that take other realms as objects.
['T27n1545_087:0449b26_2']	二欲界見集所斷他界緣遍行隨眠相應識。	二欲界見集所斷他界緣遍行隨眠相應識。	Second, consciousness associated with the universal contaminants to be eliminated by insight into the accumulation [of suffering] in the desire realm that take other realms as objects.
['T27n1545_087:0449b26_11', 'T27n1545_087:0449b27_7']	三欲界修所斷善識。🔽四色界見苦所斷遍行隨眠相應識。	三欲界修所斷善識。 四色界見苦所斷遍行隨眠相應識。	Third, wholesome consciousness to be eliminated by cultivation in the desire realm.🔽Fourth, consciousness associated with the universal contaminants to be eliminated by insight into suffering in the form realm.
['T27n1545_087:0449b28_4']	五色界見集所斷遍行隨眠相應識。	五色界見集所斷遍行隨眠相應識。	Fifth, consciousness associated with the universal contaminants to be eliminated by insight into the accumulation [of suffering] in the form realm.
['T27n1545_087:0449b29_2']	六色界見滅所斷有漏緣隨眠相應識。	六色界見滅所斷有漏緣隨眠相應識。	Sixth, consciousness associated with the contaminants to be eliminated by insight into cessation in the form realm that take contaminated objects in the form realm as objects.
['T27n1545_087:0449b29_16']	七色界修所斷善及無覆無記識。	七色界修所斷善及無覆無記識。	Seventh, wholesome and unobscured-indeterminate consciousness to be eliminated by cultivation in the form realm.
['T27n1545_087:0449c01_7']	八無色界修所斷善識。	八無色界修所斷善識。	Eighth, wholesome consciousness to be eliminated by cultivation in the formless realm.
['T27n1545_087:0449c01_15']	九類智品無漏識。	九類智品無漏識。	Ninth, uncontaminated consciousness in the class of the cognition of the class [of the four noble truths].
['T27n1545_087:0449c02_10']	色界見道所斷法九識所緣亦爾。	色界見道所斷法九識所緣亦爾。	The objects of the nine consciousnesses to be eliminated by insight into the path in the form realm are also like this.
['T27n1545_087:0449c02_15', 'T27n1545_087:0449c03_12']	有差別者。🔽謂色界見道所斷有漏緣隨眠相應識。	有差別者。 謂色界見道所斷有漏緣隨眠相應識。	There is a difference.🔽Namely, consciousness associated with the contaminants to be eliminated by insight into the path in the form realm that take contaminated objects in the form realm as objects.
['T27n1545_087:0449c04_5']	色界修所斷法八識所緣。	色界修所斷法八識所緣。	The objects of the eight consciousnesses to be eliminated by cultivation in the form realm.
['T27n1545_087:0449c05_5']	一欲界見苦所斷他界緣遍行隨眠相應識。	一欲界見苦所斷他界緣遍行隨眠相應識。	First, consciousness associated with the universal defilements pertaining to other realms that are to be eliminated by [the path of] seeing suffering in the desire realm.
['T27n1545_087:0449c06_5']	二欲界見集所斷他界緣遍行隨眠相應識。	二欲界見集所斷他界緣遍行隨眠相應識。	Second, consciousness associated with the universal defilements pertaining to other realms that are to be eliminated by [the path of] seeing the origin [of suffering] in the desire realm.
['T27n1545_087:0449c06_14', 'T27n1545_087:0449c07_10']	三欲界修所斷善識。🔽四色界見苦所斷遍行隨眠相應識。	三欲界修所斷善識。 四色界見苦所斷遍行隨眠相應識。	Third, wholesome consciousness to be eliminated by [the path of] cultivation in the desire realm.🔽Fourth, consciousness associated with the universal defilements to be eliminated by [the path of] seeing suffering in the form realm.
['T27n1545_087:0449c08_7']	五色界見集所斷遍行隨眠相應識。	五色界見集所斷遍行隨眠相應識。	Fifth, consciousness associated with the universal defilements to be eliminated by [the path of] seeing the origin [of suffering] in the form realm.
['T27n1545_087:0449c09_5']	六色界修所斷善及染污無覆無記識。	六色界修所斷善及染污無覆無記識。	Sixth, wholesome and defiled, as well as unobscured-neutral consciousness to be eliminated by [the path of] cultivation in the form realm.
['T27n1545_087:0449c09_15']	七無色界修所斷善識。	七無色界修所斷善識。	Seventh, wholesome consciousness to be eliminated by [the path of] cultivation in the formless realm.
['T27n1545_087:0449c10_4']	八類智品無漏識。	八類智品無漏識。	Eighth, uncontaminated consciousness belonging to the class of knowledge of the subsequent [truths].
['T27n1545_087:0449c10_17', 'T27n1545_087:0449c11_16']	無色界見苦所斷法十識所緣。🔽一欲界見苦所斷他界緣遍行隨眠相應識。	無色界見苦所斷法十識所緣。 一欲界見苦所斷他界緣遍行隨眠相應識。	The dharmas to be eliminated by [the path of] seeing suffering in the formless realm are the objects of ten kinds of consciousness.🔽First, consciousness associated with the universal defilements pertaining to other realms that are to be eliminated by [the path of] seeing suffering in the desire realm.
['T27n1545_087:0449c12_16']	二欲界見集所斷他界緣遍行隨眠相應識。	二欲界見集所斷他界緣遍行隨眠相應識。	Second, consciousness associated with the universal defilements pertaining to other realms that are to be eliminated by [the path of] seeing the origin [of suffering] in the desire realm.
['T27n1545_087:0449c13_7']	三欲界修所斷善識。	三欲界修所斷善識。	Third, wholesome consciousness to be eliminated by [the path of] cultivation in the desire realm.
['T27n1545_087:0449c14_7']	四色界見苦所斷他界緣遍行隨眠相應識。	四色界見苦所斷他界緣遍行隨眠相應識。	Fourth, consciousness associated with the universal defilements pertaining to other realms that are to be eliminated by [the path of] seeing suffering in the form realm.
['T27n1545_087:0449c15_7']	五色界見集所斷他界緣遍行隨眠相應識。	五色界見集所斷他界緣遍行隨眠相應識。	The consciousness associated with the universal contaminants that take other realms as objects and are to be eliminated by seeing the origination of the form realm.🔽🔽
['T27n1545_087:0449c15_16']	六色界修所斷善識。	六色界修所斷善識。	The sixth is the wholesome consciousness of the form realm.
['T27n1545_087:0449c16_13']	七無色界見苦所斷一切隨眠相應識。	七無色界見苦所斷一切隨眠相應識。	The seventh is the consciousness associated with all the latent tendencies eliminated by the path of seeing of the suffering truth in the formless realm.
['T27n1545_087:0449c17_11']	八無色界見集所斷遍行隨眠相應識。	八無色界見集所斷遍行隨眠相應識。	The eighth is the consciousness associated with the omnipresent latent tendencies eliminated by the path of seeing of the origin truth in the formless realm.
['T27n1545_087:0449c18_8']	九無色界修所斷善及無覆無記識。	九無色界修所斷善及無覆無記識。	The ninth is the wholesome and unobscured-neutral consciousness of the formless realm.
['T27n1545_087:0449c18_16']	十類智品無漏識。	十類智品無漏識。	The tenth is the pure consciousness of the class of cognition of the specific nature of dharmas.
['T27n1545_087:0449c19_12']	無色界見集所斷法十識所緣亦爾。	無色界見集所斷法十識所緣亦爾。	The dharmas eliminated by the path of seeing of the origin truth in the formless realm are also the objects of these ten consciousnesses.
['T27n1545_087:0449c19_17']	有差別者。	有差別者。	There is a difference,
['T27n1545_087:0449c20_14']	謂無色界見集所斷一切隨眠相應識。	謂無色界見集所斷一切隨眠相應識。	namely, the consciousness associated with all the latent tendencies eliminated by the path of seeing of the origin truth in the formless realm.
['T27n1545_087:0449c21_8']	見苦所斷遍行隨眠相應識。	見苦所斷遍行隨眠相應識。	The consciousness associated with the omnipresent latent tendencies eliminated by the path of seeing of the suffering truth.
['T27n1545_087:0449c22_4', 'T27n1545_087:0449c23_4']	無色界見滅所斷法十一識所緣。🔽一欲界見苦所斷他界緣遍行隨眠相應識。	無色界見滅所斷法十一識所緣。 一欲界見苦所斷他界緣遍行隨眠相應識。	The dharmas eliminated by the path of seeing of the cessation truth in the formless realm are the objects of eleven consciousnesses.🔽The first is the consciousness associated with the omnipresent latent tendencies pertaining to other realms eliminated by the path of seeing of the suffering truth in the desire realm.
['T27n1545_087:0449c24_4']	二欲界見集所斷他界緣遍行隨眠相應識。	二欲界見集所斷他界緣遍行隨眠相應識。	The second is the consciousness associated with the omnipresent latent tendencies pertaining to other realms eliminated by the path of seeing of the origin truth in the desire realm.
['T27n1545_087:0449c24_13']	三欲界修所斷善識。	三欲界修所斷善識。	Third, the wholesome consciousnesses that are eliminated by cultivation in the desire realm.
['T27n1545_087:0449c25_12']	四色界見苦所斷他界緣遍行隨眠相應識。	四色界見苦所斷他界緣遍行隨眠相應識。	Fourth, the consciousnesses associated with the pervasive contaminants that are eliminated by seeing the truth of suffering in other realms in the form realm.
['T27n1545_087:0449c26_12']	五色界見集所斷他界緣遍行隨眠相應識。	五色界見集所斷他界緣遍行隨眠相應識。	Fifth, the consciousnesses associated with the pervasive contaminants that are eliminated by seeing the truth of origination in other realms in the form realm.
['T27n1545_087:0449c27_3']	六色界修所斷善識。	六色界修所斷善識。	Sixth, the wholesome consciousnesses that are eliminated by cultivation in the form realm.
['T27n1545_087:0449c28_1', 'T27n1545_087:0449c28_17']	七無色界見苦所斷遍行隨眠相應識。🔽八無色界見集所斷遍行隨眠相應識。	七無色界見苦所斷遍行隨眠相應識。 八無色界見集所斷遍行隨眠相應識。	Seventh, the consciousnesses associated with the pervasive contaminants that are eliminated by seeing the truth of suffering in the formless realm.🔽Eighth, the consciousnesses associated with the pervasive contaminants that are eliminated by seeing the truth of origination in the formless realm.
['T27n1545_087:0449c29_15']	九無色界見滅所斷有漏緣隨眠相應識。	九無色界見滅所斷有漏緣隨眠相應識。	Ninth, the consciousnesses associated with the contaminants that are eliminated by seeing the truth of cessation and that take contaminated objects in the formless realm.
['T27n1545_087:0450a01_12']	十無色界修所斷善及無覆無記識。	十無色界修所斷善及無覆無記識。	Tenth, the wholesome and non-obscuring-non-defined consciousnesses that are eliminated by cultivation in the formless realm.
['T27n1545_087:0450a02_3']	十一類智品無漏識。	十一類智品無漏識。	Eleventh, the uncontaminated consciousnesses in the class of the cognition of the class.
['T27n1545_087:0450a03_1']	無色界見道所斷法十一識所緣亦爾。	無色界見道所斷法十一識所緣亦爾。	The dharmas that are eliminated by seeing the truth of the path in the formless realm are also the objects of eleven consciousnesses.
['T27n1545_087:0450a03_6']	有差別者。	有差別者。	There is a difference.
['T27n1545_087:0450a04_4']	謂無色界見道所斷有漏緣隨眠相應識。	謂無色界見道所斷有漏緣隨眠相應識。	Namely, the consciousnesses associated with the contaminants that are eliminated by seeing the truth of the path in the formless realm and that take contaminated objects in the formless realm.
['T27n1545_087:0450a04_16']	無色界修所斷法十識所緣。	無色界修所斷法十識所緣。	The dharmas that are eliminated by cultivation in the formless realm are the objects of ten consciousnesses.
['T27n1545_087:0450a05_15']	一欲界見苦所斷他界緣遍行隨眠相應識。	一欲界見苦所斷他界緣遍行隨眠相應識。	First, consciousness associated with the universal contaminants to be eliminated by insight into suffering in the desire realm that take other realms as objects.
['T27n1545_087:0450a06_15']	二欲界見集所斷他界緣遍行隨眠相應識。	二欲界見集所斷他界緣遍行隨眠相應識。	Second, consciousness associated with the universal contaminants to be eliminated by insight into the origin [of suffering] in the desire realm that take other realms as objects.
['T27n1545_087:0450a07_6', 'T27n1545_087:0450a08_6']	三欲界修所斷善識。🔽四色界見苦所斷他界緣遍行隨眠相應識。	三欲界修所斷善識。 四色界見苦所斷他界緣遍行隨眠相應識。	Third, wholesome consciousness in the desire realm to be eliminated by cultivation.🔽Fourth, consciousness associated with the universal contaminants to be eliminated by insight into suffering in the form realm that take other realms as objects.
['T27n1545_087:0450a09_6']	五色界見集所斷他界緣遍行隨眠相應識。	五色界見集所斷他界緣遍行隨眠相應識。	Fifth, consciousness associated with the universal contaminants to be eliminated by insight into the origin [of suffering] in the form realm that take other realms as objects.
['T27n1545_087:0450a09_15', 'T27n1545_087:0450a10_12']	六色界修所斷善識。🔽七無色界見苦所斷遍行隨眠相應識。	六色界修所斷善識。 七無色界見苦所斷遍行隨眠相應識。	Sixth, wholesome consciousness in the form realm to be eliminated by cultivation.🔽Seventh, consciousness associated with the universal contaminants to be eliminated by insight into suffering in the formless realm.
['T27n1545_087:0450a11_10']	八無色界見集所斷遍行隨眠相應識。	八無色界見集所斷遍行隨眠相應識。	Eighth, consciousness associated with the universal contaminants to be eliminated by insight into the origin [of suffering] in the formless realm.
['T27n1545_087:0450a12_1']	九無色界修所斷善。	九無色界修所斷善。	Ninth, wholesome [consciousness] in the formless realm to be eliminated by cultivation.
['T27n1545_087:0450a12_10']	及染污無覆無記識。	及染污無覆無記識。	And defiled and non-obscuring neutral consciousness.
['T27n1545_087:0450a13_6', 'T27n1545_087:0450a14_4']	十類智品無漏識無漏法十識所緣。🔽一欲界見滅所斷無漏緣隨眠相應識。	十類智品無漏識無漏法十識所緣。 一欲界見滅所斷無漏緣隨眠相應識。	The pure dharmas are the objects of ten kinds of consciousness:🔽First, consciousness associated with the contaminants to be eliminated by insight into cessation that take the pure as objects in the desire realm.
['T27n1545_087:0450a15_2']	二欲界見道所斷無漏緣隨眠相應識。	二欲界見道所斷無漏緣隨眠相應識。	Second, consciousness associated with the contaminants to be eliminated by insight into the path that take the pure as objects in the desire realm.
['T27n1545_087:0450a15_11', 'T27n1545_087:0450a16_8']	三欲界修所斷善識。🔽四色界見滅所斷無漏緣隨眠相應識。	三欲界修所斷善識。 四色界見滅所斷無漏緣隨眠相應識。	Third, the wholesome consciousnesses to be eliminated by cultivation in the desire realm.🔽Fourth, the consciousnesses associated with the contaminants with pure objects to be eliminated by seeing cessation in the form realm.
['T27n1545_087:0450a17_6']	五色界見道所斷無漏緣隨眠相應識。	五色界見道所斷無漏緣隨眠相應識。	Fifth, the consciousnesses associated with the contaminants with pure objects to be eliminated by seeing the path in the form realm.
['T27n1545_087:0450a17_15', 'T27n1545_087:0450a18_13']	六色界修所斷善識。🔽七無色界見滅所斷無漏緣隨眠相應識。	六色界修所斷善識。 七無色界見滅所斷無漏緣隨眠相應識。	Sixth, the wholesome consciousnesses to be eliminated by cultivation in the form realm.🔽Seventh, the consciousnesses associated with the contaminants with pure objects to be eliminated by seeing cessation in the formless realm.
['T27n1545_087:0450a19_12']	八無色界見道所斷無漏緣隨眠相應識。	八無色界見道所斷無漏緣隨眠相應識。	Eighth, the consciousnesses associated with the contaminants with pure objects to be eliminated by seeing the path in the formless realm.
['T27n1545_087:0450a20_4']	九無色界修所斷善識。	九無色界修所斷善識。	Ninth, the wholesome consciousnesses to be eliminated by cultivation in the formless realm.
['T27n1545_087:0450a20_13']	十法類智品無漏識。	十法類智品無漏識。	Tenth, the pure consciousnesses belonging to the class of the knowledge of dharmas and the knowledge of the path.
['T27n1545_087:0450a21_8']	問此十六識一一有幾隨眠隨增。	問此十六識一一有幾隨眠隨增。	Question: How many contaminants increase in each of these sixteen consciousnesses?
['T27n1545_087:0450a21_17']	答欲界見苦所斷識。	答欲界見苦所斷識。	Answer: The consciousnesses to be eliminated by seeing suffering in the desire realm.
['T27n1545_087:0450a22_7']	欲界見苦所斷一切。	欲界見苦所斷一切。	All those to be eliminated by seeing suffering in the desire realm,
['T27n1545_087:0450a23_1']	及見集所斷遍行隨眠隨增。	及見集所斷遍行隨眠隨增。	and the omnipresent contaminants to be eliminated by seeing the origin [of suffering] increase.
['T27n1545_087:0450a23_9']	欲界見集所斷識。	欲界見集所斷識。	The consciousnesses to be eliminated by seeing the origin [of suffering] in the desire realm.
['T27n1545_087:0450a23_18']	欲界見集所斷一切。	欲界見集所斷一切。	All those to be eliminated by seeing the origin [of suffering] in the desire realm,
['T27n1545_087:0450a24_10']	及見苦所斷遍行隨眠隨增。	及見苦所斷遍行隨眠隨增。	and the omnipresent contaminants to be eliminated by seeing suffering increase.
['T27n1545_087:0450a24_18']	欲界見滅所斷識。	欲界見滅所斷識。	The consciousnesses to be eliminated by seeing cessation in the desire realm.
['T27n1545_087:0450a25_8']	欲界見滅所斷一切。	欲界見滅所斷一切。	All [afflictions] to be eliminated by seeing cessation in the desire realm.
['T27n1545_087:0450a25_16']	及遍行隨眠隨增。	及遍行隨眠隨增。	And the universal proclivities increase.
['T27n1545_087:0450a26_5']	欲界見道所斷識。	欲界見道所斷識。	The consciousness to be eliminated by seeing the path in the desire realm.
['T27n1545_087:0450a26_14']	欲界見道所斷一切。	欲界見道所斷一切。	All [afflictions] to be eliminated by seeing the path in the desire realm.
['T27n1545_087:0450a27_3']	及遍行隨眠隨增。	及遍行隨眠隨增。	And the universal proclivities increase.
['T27n1545_087:0450a27_10', 'T27n1545_087:0450a27_18']	欲界修所斷識。🔽欲界修所斷一切。	欲界修所斷識。 欲界修所斷一切。	The consciousness to be eliminated by cultivation in the desire realm.🔽All [afflictions] to be eliminated by cultivation in the desire realm.
['T27n1545_087:0450a28_6']	及遍行隨眠隨增。	及遍行隨眠隨增。	And the universal proclivities increase.
['T27n1545_087:0450a28_17']	色無色界各五部識亦爾。	色無色界各五部識亦爾。	The consciousnesses of the five categories in the form and formless realms are also like this.
['T27n1545_087:0450a29_3']	有差別者。	有差別者。	There are differences.
['T27n1545_087:0450a29_13']	謂各應說自界無漏識。	謂各應說自界無漏識。	It is said that one should speak of the uncontaminated consciousness of one's own realm.
['T27n1545_087:0450b01_5']	非隨眠隨增義如前說。	非隨眠隨增義如前說。	The meaning of the proclivities not increasing is as explained before.
['T27n1545_087:0450b02_12']	復次此中所緣法有三十二種。	復次此中所緣法有三十二種。	Next, among these, there are thirty-two kinds of objects.
['T27n1545_087:0450b03_4']	謂前十六法各有二種。	謂前十六法各有二種。	That is to say, the first sixteen dharmas each have two kinds.
['T27n1545_087:0450b03_11']	前四部二種者。	前四部二種者。	The two kinds of the first four categories are:
['T27n1545_087:0450b03_15']	一相應。	一相應。	1. Associated.
['T27n1545_087:0450b04_1']	二不相應。	二不相應。	2. Not associated.
['T27n1545_087:0450b04_8']	修所斷二種者。	修所斷二種者。	The two kinds of the category to be eliminated by cultivation are:
['T27n1545_087:0450b04_12']	一染污。	一染污。	1. Defiled.
['T27n1545_087:0450b04_17']	二不染污。	二不染污。	2. Undefiled.
['T27n1545_087:0450b05_3']	無漏法二種者。	無漏法二種者。	The two kinds of the uncontaminated dharmas are:
['T27n1545_087:0450b05_7', 'T27n1545_087:0450b05_11']	一有為。🔽二無為。	一有為。 二無為。	1. Conditioned.🔽2. Unconditioned.
['T27n1545_087:0450b05_16']	有為無漏。	有為無漏。	The conditioned uncontaminated dharmas.
['T27n1545_087:0450b06_1']	謂法類智品。	謂法類智品。	Namely, the class of dharma cognition and subsequent cognition.
['T27n1545_087:0450b06_6']	無為無漏。	無為無漏。	Unconditioned and uncontaminated.
['T27n1545_087:0450b06_11']	謂三無為。	謂三無為。	Namely, the three unconditioned [dharmas].
['T27n1545_087:0450b07_1']	能緣識亦有三十二種。	能緣識亦有三十二種。	The consciousnesses that can take them as objects are also of thirty-two kinds.
['T27n1545_087:0450b07_11']	謂前十六識各有二種。	謂前十六識各有二種。	Namely, each of the previous sixteen consciousnesses has two kinds.
['T27n1545_087:0450b07_19', 'T27n1545_087:0450b08_8']	見苦集所斷二者。🔽一遍行隨眠相應識。	見苦集所斷二者。 一遍行隨眠相應識。	The two [consciousnesses] eliminated by seeing suffering and accumulation.🔽First, the consciousness associated with the pervasive latent afflictions.
['T27n1545_087:0450b08_18']	二不遍行隨眠相應識。	二不遍行隨眠相應識。	Second, the consciousness associated with the non-pervasive latent afflictions.
['T27n1545_087:0450b09_6']	見滅所斷二者。	見滅所斷二者。	The two [consciousnesses] eliminated by seeing cessation.
['T27n1545_087:0450b09_16']	一有為緣隨眠相應識。	一有為緣隨眠相應識。	First, the consciousness associated with the latent afflictions that take conditioned [dharmas] as objects.
['T27n1545_087:0450b10_7']	二無為緣隨眠相應識。	二無為緣隨眠相應識。	Second, the consciousness associated with the latent afflictions that take unconditioned [dharmas] as objects.
['T27n1545_087:0450b10_14', 'T27n1545_087:0450b11_5']	見道所斷二者。🔽一有漏緣隨眠相應識。	見道所斷二者。 一有漏緣隨眠相應識。	The two [consciousnesses] eliminated by seeing the path.🔽First, the consciousness associated with the latent afflictions that take contaminated [dharmas] as objects.
['T27n1545_087:0450b11_15']	二無漏緣隨眠相應識。	二無漏緣隨眠相應識。	Second, the consciousness associated with the latent afflictions that take uncontaminated [dharmas] as objects.
['T27n1545_087:0450b12_2']	修所斷二者。	修所斷二者。	The two [consciousnesses] eliminated by cultivation.
['T27n1545_087:0450b12_7']	一染污識。	一染污識。	First, defiled consciousness.
['T27n1545_087:0450b12_13']	二不染污識。	二不染污識。	Second, undefiled consciousness.
['T27n1545_087:0450b12_19']	無漏有二者。	無漏有二者。	Uncontaminated [consciousness] is of two kinds.
['T27n1545_087:0450b13_7']	一法智品無漏識。	一法智品無漏識。	First, the uncontaminated consciousness belonging to the class of dharma cognition.
['T27n1545_087:0450b13_15']	二類智品無漏識。	二類智品無漏識。	Second, the uncontaminated consciousness belonging to the class of subsequent cognition.
['T27n1545_087:0450b14_8']	此中一一法有爾所識所緣。	此中一一法有爾所識所緣。	Here, each dharma has as many consciousnesses as its objects.
['T27n1545_087:0450b15_1']	一一識有爾所隨眠隨增。	一一識有爾所隨眠隨增。	Each consciousness has that many latent afflictions that increase.
['T27n1545_087:0450b15_10']	各隨所應准前應說。	各隨所應准前應說。	Each should be explained according to the appropriate cases, as above.
['T27n1545_087:0450b16_11']	復次此中所緣法有百二十。	復次此中所緣法有百二十。	Next, in this [system], there are one hundred and twenty dharmas that are objects [of the latent afflictions].
['T27n1545_087:0450b17_6']	謂三界五部染污法有九十八。	謂三界五部染污法有九十八。	Namely, the defiled dharmas of the three realms and five categories number ninety-eight.
['T27n1545_087:0450b17_14']	即九十八隨眠品。	即九十八隨眠品。	These are the ninety-eight latent afflictions.
['T27n1545_087:0450b18_2']	此中若彼自性。	此中若彼自性。	Here, if they are their own natures,
['T27n1545_087:0450b18_7']	若彼相應。	若彼相應。	if they are associated with them,
['T27n1545_087:0450b18_12']	若彼等起。	若彼等起。	if they are produced by them,
['T27n1545_087:0450b18_17']	皆名彼品。	皆名彼品。	they are all called those categories.
['T27n1545_087:0450b19_10']	三界修所斷不染污法有十七。	三界修所斷不染污法有十七。	The undefiled dharmas eliminated by cultivation of the three realms number seventeen.
['T27n1545_087:0450b19_15']	謂欲界七。	謂欲界七。	Namely, seven in the desire realm,
['T27n1545_087:0450b19_19']	色界六。	色界六。	six in the form realm,
['T27n1545_087:0450b20_4']	無色界四。	無色界四。	and four in the formless realm.
['T27n1545_087:0450b20_9']	欲界七者。	欲界七者。	The seven in the desire realm are:
['T27n1545_087:0450b20_14']	謂善有二。	謂善有二。	The wholesome has two types:
['T27n1545_087:0450b21_1']	一生得善法。	一生得善法。	First, innate wholesome dharmas;
['T27n1545_087:0450b21_7']	二加行善法。	二加行善法。	second, wholesome dharmas of spiritual practice.
['T27n1545_087:0450b21_12']	無記有五。	無記有五。	The indeterminate has five types:
['T27n1545_087:0450b21_18']	一異熟生法。	一異熟生法。	First, dharmas born of karmic retribution;
['T27n1545_087:0450b22_4']	二威儀路法。	二威儀路法。	second, dharmas of deportment;
['T27n1545_087:0450b22_10']	三工巧處法。	三工巧處法。	third, dharmas of craftsmanship;
['T27n1545_087:0450b22_17']	四通果無記法。	四通果無記法。	fourth, indeterminate dharmas of spiritual powers;
['T27n1545_087:0450b23_5']	五自性無記法。	五自性無記法。	fifth, dharmas of indeterminate nature.
['T27n1545_087:0450b23_10']	色界六者。	色界六者。	The six in the form realm are:
['T27n1545_087:0450b23_15']	謂善有二。	謂善有二。	The wholesome has two types:
['T27n1545_087:0450b24_1']	如欲界說。	如欲界說。	As explained in the desire realm.
['T27n1545_087:0450b24_6']	無記有四。	無記有四。	The indeterminate [dharmas] are four.
['T27n1545_087:0450b24_11']	除工巧處。	除工巧處。	Excluding the craftsmanship realm.
['T27n1545_087:0450b24_17']	餘如欲界說。	餘如欲界說。	The rest are explained as in the desire realm.
['T27n1545_087:0450b25_4']	無色界四者。	無色界四者。	The four in the formless realm are:
['T27n1545_087:0450b25_9']	謂善有二。	謂善有二。	The wholesome [dharmas] are two.
['T27n1545_087:0450b25_14']	如欲界說。	如欲界說。	As explained in the desire realm.
['T27n1545_087:0450b25_19']	無記有二。	無記有二。	The indeterminate [dharmas] are two.
['T27n1545_087:0450b26_4']	一異熟生。	一異熟生。	One is born of retribution.
['T27n1545_087:0450b26_10']	二自性無記。	二自性無記。	The other is indeterminate by nature.
['T27n1545_087:0450b26_16']	無漏法有五。	無漏法有五。	The pure dharmas are five.
['T27n1545_087:0450b27_4']	謂法智品類智品。	謂法智品類智品。	They are the class of dharma cognition, the class of subsequent cognition,
['T27n1545_087:0450b27_9']	及三無為。	及三無為。	and the three unconditioned [dharmas].
['T27n1545_087:0450b27_18']	能緣識有百一十四。	能緣識有百一十四。	The consciousnesses that can take them as objects are one hundred and fourteen.
['T27n1545_087:0450b28_11']	謂三界五部染污識有九十八。	謂三界五部染污識有九十八。	The defiled consciousnesses of the three realms and the five classes are ninety-eight.
['T27n1545_087:0450b29_3']	即九十八隨眠相應識。	即九十八隨眠相應識。	They are the consciousnesses associated with the ninety-eight latent afflictions.
['T27n1545_087:0450b29_16']	三界修所斷不染污識有十四。	三界修所斷不染污識有十四。	The undefiled consciousnesses eliminated by cultivation in the three realms are fourteen.
['T27n1545_087:0450c01_3']	謂欲界有六。	謂欲界有六。	In the desire realm, there are six.
['T27n1545_087:0450c01_9']	一生得善識。	一生得善識。	One is the consciousness obtained by birth.
['T27n1545_087:0450c01_15']	二加行善識。	二加行善識。	The second is the consciousness of applied effort.
['T27n1545_087:0450c02_1']	三異熟生識。	三異熟生識。	The third is the consciousness born of retribution.
['T27n1545_087:0450c02_7']	四威儀路識。	四威儀路識。	The fourth is the consciousness of deportment.
['T27n1545_087:0450c02_13']	五工巧處識。	五工巧處識。	The fifth is the consciousness of craftsmanship.
['T27n1545_087:0450c02_20']	六通果無記識。	六通果無記識。	The sixth is the indeterminate consciousness of spiritual powers.
['T27n1545_087:0450c03_4']	色界有五。	色界有五。	In the form realm, there are five.
['T27n1545_087:0450c03_10']	除工巧處識。	除工巧處識。	Excluding the consciousness of craftsmanship.
['T27n1545_087:0450c03_16']	餘如欲界說。	餘如欲界說。	The rest are explained like the desire realm.
['T27n1545_087:0450c04_3']	無色界有三。	無色界有三。	The formless realm has three types.
['T27n1545_087:0450c04_9']	一生得善識。	一生得善識。	First, the consciousness born of innate goodness.
['T27n1545_087:0450c04_15']	二加行善識。	二加行善識。	Second, the consciousness of applied goodness.
['T27n1545_087:0450c05_1']	三異熟生識。	三異熟生識。	Third, the consciousness born of karmic retribution.
['T27n1545_087:0450c05_7']	無漏識有二。	無漏識有二。	There are two types of pure consciousness.
['T27n1545_087:0450c05_15']	一法智品無漏識。	一法智品無漏識。	First, the pure consciousness belonging to the class of dharma cognition.
['T27n1545_087:0450c06_3']	二類智品無漏識。	二類智品無漏識。	Second, the pure consciousness belonging to the class of subsequent cognition.
['T27n1545_087:0450c06_15']	此中一一法有爾所識所緣。	此中一一法有爾所識所緣。	Among these, each dharma is the object of so many consciousnesses.
['T27n1545_087:0450c07_7']	一一識有爾所隨眠隨增。	一一識有爾所隨眠隨增。	Each consciousness has so many latent afflictions that increase.
['T27n1545_087:0450c07_16']	各隨所應准前應說。	各隨所應准前應說。	Each according to its suitability should be explained like before.
['T27n1545_087:0450c08_8']	問生得善識能緣何法。	問生得善識能緣何法。	Question: What dharmas can the consciousness born of innate goodness take as objects?
['T27n1545_087:0450c08_14']	答欲色界者。	答欲色界者。	Answer: Those of the desire and form realms
['T27n1545_087:0450c09_6']	能緣三界及無漏一切法。	能緣三界及無漏一切法。	can take as objects all dharmas of the three realms and the unconditioned.
['T27n1545_087:0450c09_11']	無色界者。	無色界者。	Those of the formless realm
['T27n1545_087:0450c10_8']	能緣自上地有漏無漏一切法及虛空。	能緣自上地有漏無漏一切法及虛空。	can take as objects all defiled and undefiled dharmas of their own and higher stages, as well as space.
['T27n1545_087:0450c11_5']	問加行善識能緣何法答欲色界者。	問加行善識能緣何法答欲色界者。	Question: What dharmas can the consciousness of applied goodness take as objects? Answer: Those of the desire and form realms
['T27n1545_087:0450c11_16']	能緣三界及無漏一切法。	能緣三界及無漏一切法。	can take as objects all dharmas of the three realms and the unconditioned.
['T27n1545_087:0450c12_2']	無色界者。	無色界者。	Those of the formless realm
['T27n1545_087:0450c12_18']	能緣自上地有漏無漏一切法及虛空。	能緣自上地有漏無漏一切法及虛空。	can take as objects all defiled and undefiled dharmas of their own and higher stages, as well as space.
['T27n1545_087:0450c13_7']	并次下地有漏法。	并次下地有漏法。	and the contaminated dharmas of the lower stages.
['T27n1545_087:0450c14_1']	問異熟生無記識能緣何法。	問異熟生無記識能緣何法。	Question: What dharmas can the non-defined consciousnesses that are retribution take as objects?
['T27n1545_087:0450c14_9']	答欲界不善果者。	答欲界不善果者。	Answer: The fruits of demeritorious actions in the realm of desire
['T27n1545_087:0450c14_18']	唯緣欲界修所斷法。	唯緣欲界修所斷法。	only take as objects the dharmas eliminated by cultivation in the realm of desire.
['T27n1545_087:0450c15_2']	善果者。	善果者。	The fruits of meritorious actions
['T27n1545_087:0450c15_10']	唯緣欲界五部法。	唯緣欲界五部法。	only take as objects the five classes of dharmas in the realm of desire.
['T27n1545_087:0450c15_14']	色界者。	色界者。	Those in the realm of form
['T27n1545_087:0450c16_5']	緣自下地一切有漏法。	緣自下地一切有漏法。	take as objects all contaminated dharmas of their own stage and lower stages.
['T27n1545_087:0450c16_15']	有說唯緣自地五部法。	有說唯緣自地五部法。	Some say they only take as objects the five classes of dharmas of their own stage.
['T27n1545_087:0450c17_1']	無色界者。	無色界者。	Those in the formless realm
['T27n1545_087:0450c17_9']	唯緣自地五部法。	唯緣自地五部法。	only take as objects the five classes of dharmas of their own stage.
['T27n1545_087:0450c18_1']	問威儀路識能緣何法。	問威儀路識能緣何法。	Question: What dharmas can the consciousnesses of deportment take as objects?
['T27n1545_087:0450c18_6']	答欲界者。	答欲界者。	Answer: Those in the realm of desire
['T27n1545_087:0450c18_14']	唯緣欲界五部法。	唯緣欲界五部法。	only take as objects the five classes of dharmas in the realm of desire.
['T27n1545_087:0450c18_18']	色界者。	色界者。	Those in the realm of form
['T27n1545_087:0450c19_7']	唯緣欲色界五部法。	唯緣欲色界五部法。	only take as objects the five classes of dharmas in the realms of desire and form.
['T27n1545_087:0450c19_17']	問工巧處識能緣何法。	問工巧處識能緣何法。	Question: What dharmas can the consciousnesses of craftsmanship take as objects?
['T27n1545_087:0450c20_7']	答唯緣欲界五部法。	答唯緣欲界五部法。	Answer: They only take as objects the five classes of dharmas in the realm of desire.
['T27n1545_087:0450c20_18']	問通果無記識能緣何法。	問通果無記識能緣何法。	Question: What dharmas can the non-defined consciousnesses that are the fruits of the practice of higher faculties take as objects?
['T27n1545_087:0450c21_4']	答欲界者。	答欲界者。	Answer: Those in the realm of desire
['T27n1545_087:0450c21_13']	唯緣欲界修所斷法。	唯緣欲界修所斷法。	only take as objects the dharmas eliminated by cultivation in the realm of desire.
['T27n1545_087:0450c21_17']	色界者。	色界者。	Those in the realm of form
['T27n1545_087:0450c22_8']	唯緣欲色界修所斷法。	唯緣欲色界修所斷法。	They only take as objects dharmas of the desire and form realms that are eliminated by cultivation.
['T27n1545_087:0450c23_10']	問虛空非擇滅何識所緣。	問虛空非擇滅何識所緣。	Question: What consciousness takes space and non-analytical cessation as objects?
['T27n1545_087:0450c24_3']	答三界修所斷善識所緣。	答三界修所斷善識所緣。	Answer: The wholesome consciousnesses of the three realms that are eliminated by cultivation take them as objects.
['T27n1545_087:0450c25_9']	眼根緣識欲色界三部。	眼根緣識欲色界三部。	The eye faculty's object-condition consciousness belongs to the desire and form realms in three categories.
['T27n1545_087:0450c25_15']	無色界遍行。	無色界遍行。	In the formless realm, it is a universal [contaminant].
['T27n1545_087:0450c26_4']	及修所斷緣緣識。	及修所斷緣緣識。	And it is an object-condition of that eliminated by cultivation.
['T27n1545_087:0450c27_4']	三界四部者眼根通欲色界五地唯修所斷。	三界四部者眼根通欲色界五地唯修所斷。	The eye faculty belongs to the desire and form realms and the five stages. It is only eliminated by cultivation.
['T27n1545_087:0450c27_13']	十六識內八識所緣。	十六識內八識所緣。	Among the sixteen consciousnesses, it is the object of eight consciousnesses.
['T27n1545_087:0450c28_9']	一欲界見苦所斷遍行隨眠相應識。	一欲界見苦所斷遍行隨眠相應識。	First, the consciousness associated with the universal contaminants eliminated by seeing suffering in the desire realm.
['T27n1545_087:0450c29_2']	此識欲界見苦所斷一切。	此識欲界見苦所斷一切。	This consciousness has all those eliminated by seeing suffering in the desire realm.
['T27n1545_087:0450c29_14']	及見集所斷遍行隨眠隨增。	及見集所斷遍行隨眠隨增。	And the universal contaminants eliminated by seeing accumulation increase along with it.
['T27n1545_087:0451a01_10']	二欲界見集所斷遍行隨眠相應識。	二欲界見集所斷遍行隨眠相應識。	Second, the consciousness associated with the universal contaminants eliminated by seeing accumulation in the desire realm.
['T27n1545_087:0451a02_3']	此識欲界見集所斷一切。	此識欲界見集所斷一切。	This consciousness has all those eliminated by seeing accumulation in the desire realm.
['T27n1545_087:0451a02_15']	及見苦所斷遍行隨眠隨增。	及見苦所斷遍行隨眠隨增。	And the universal contaminants eliminated by seeing suffering increase along with it.
['T27n1545_087:0451a03_12']	三欲界修所斷善及染污無覆無記識。	三欲界修所斷善及染污無覆無記識。	Third, the wholesome and defiled, uncovered, and unconditioned consciousness eliminated by cultivation in the desire realm.
['T27n1545_087:0451a04_4', 'T27n1545_087:0451a04_12']	此識欲界修所斷一切。🔽及遍行隨眠隨增。	此識欲界修所斷一切。 及遍行隨眠隨增。	This consciousness is increased by all the permeating propensities that are to be eliminated by cultivation in the realm of desire.
['T27n1545_087:0451a05_8']	四色界見苦所斷遍行隨眠相應識。	四色界見苦所斷遍行隨眠相應識。	The fourth is the consciousness associated with the permeating propensities to be eliminated by the path of seeing suffering in the realm of form.
['T27n1545_087:0451a06_1', 'T27n1545_087:0451a06_13']	此識色界見苦所斷一切。🔽及見集所斷遍行隨眠隨增。	此識色界見苦所斷一切。 及見集所斷遍行隨眠隨增。	This consciousness is increased by all those to be eliminated by the path of seeing suffering in the realm of form,🔽and by the permeating propensities to be eliminated by the path of seeing the accumulation of suffering in the realm of form.
['T27n1545_087:0451a07_9']	五色界見集所斷遍行隨眠相應識。	五色界見集所斷遍行隨眠相應識。	The fifth is the consciousness associated with the permeating propensities to be eliminated by the path of seeing the accumulation of suffering in the realm of form.
['T27n1545_087:0451a08_2']	此識色界見集所斷一切。	此識色界見集所斷一切。	This consciousness is increased by all those to be eliminated by the path of seeing the accumulation of suffering in the realm of form,
['T27n1545_087:0451a08_14']	及見苦所斷遍行隨眠隨增。	及見苦所斷遍行隨眠隨增。	and by the permeating propensities to be eliminated by the path of seeing suffering in the realm of form.
['T27n1545_087:0451a09_11']	六色界修所斷善及染污無覆無記識。	六色界修所斷善及染污無覆無記識。	The sixth is the wholesome and defiled consciousness without hindrances in the realm of form that is to be eliminated by cultivation.
['T27n1545_087:0451a10_3']	此識色界修所斷一切。	此識色界修所斷一切。	This consciousness is increased by all those to be eliminated by the path of cultivation in the realm of form,
['T27n1545_087:0451a10_11']	及遍行隨眠隨增。	及遍行隨眠隨增。	and by the permeating propensities.
['T27n1545_087:0451a11_2']	七無色界修所斷善識。	七無色界修所斷善識。	The seventh is the wholesome consciousness in the formless realm that is to be eliminated by cultivation.
['T27n1545_087:0451a11_12']	即空無邊處近分善心。	即空無邊處近分善心。	This refers to the wholesome mind of the preliminary stage of the sphere of infinite space.
['T27n1545_087:0451a12_4']	此識無色界修所斷一切。	此識無色界修所斷一切。	This consciousness is increased by all those to be eliminated by the path of cultivation in the formless realm,
['T27n1545_087:0451a12_12']	及遍行隨眠隨增。	及遍行隨眠隨增。	and by the permeating propensities.
['T27n1545_087:0451a12_17']	八無漏識。	八無漏識。	The eighth is the uncontaminated consciousness.
['T27n1545_087:0451a13_5']	謂苦集法類智品。	謂苦集法類智品。	This refers to the categories of the knowledge of suffering, the knowledge of accumulation, the knowledge of the Dharma, and the subsequent knowledge.
['T27n1545_087:0451a13_13']	此識非隨眠隨增。	此識非隨眠隨增。	This consciousness is not increased by the latent afflictions.
['T27n1545_087:0451a14_6']	故說眼根緣識欲色界三部。	故說眼根緣識欲色界三部。	Therefore it is said that the eye faculty conditions the consciousness of the desire and form realms in three parts.
['T27n1545_087:0451a15_2']	無色界遍行及修所斷隨眠隨增。	無色界遍行及修所斷隨眠隨增。	The formless realm is increased by the universal and those eliminated by cultivation.
['T27n1545_087:0451a15_7']	眼根緣識。	眼根緣識。	The eye faculty conditions the consciousness.
['T27n1545_087:0451a15_17']	十六識內十三識所緣。	十六識內十三識所緣。	Among the sixteen consciousnesses, it is the object of thirteen consciousnesses.
['T27n1545_087:0451a16_12']	一欲界見苦所斷一切隨眠相應識。	一欲界見苦所斷一切隨眠相應識。	The first is the consciousness associated with all the latent afflictions eliminated by seeing suffering in the desire realm.
['T27n1545_087:0451a17_1']	是眼根緣緣識。	是眼根緣緣識。	This is the eye faculty as the dominant condition for consciousness.
['T27n1545_087:0451a17_6']	緣緣眼根。	緣緣眼根。	The dominant condition of the eye faculty.
['T27n1545_087:0451a18_2']	欲界見苦所斷遍行隨眠相應識等。	欲界見苦所斷遍行隨眠相應識等。	The consciousness associated with the universal latent afflictions eliminated by seeing suffering in the desire realm, and so on.
['T27n1545_087:0451a18_14']	故此識欲界見苦所斷一切。	故此識欲界見苦所斷一切。	Therefore this consciousness is increased by all those eliminated by seeing suffering in the desire realm.
['T27n1545_087:0451a19_8']	及見集所斷遍行隨眠隨增。	及見集所斷遍行隨眠隨增。	And by the universal latent afflictions eliminated by seeing accumulation.
['T27n1545_087:0451a20_5']	二欲界見集所斷一切隨眠相應識。	二欲界見集所斷一切隨眠相應識。	The second is the consciousness associated with all the latent afflictions eliminated by seeing accumulation in the desire realm.
['T27n1545_087:0451a20_12']	是眼根緣緣識。	是眼根緣緣識。	This is the eye faculty as the dominant condition for consciousness.
['T27n1545_087:0451a20_17']	緣緣眼根。	緣緣眼根。	The dominant condition of the eye faculty.
['T27n1545_087:0451a21_13']	欲界見集所斷遍行隨眠相應識等。	欲界見集所斷遍行隨眠相應識等。	The consciousness associated with the universal latent afflictions eliminated by seeing accumulation in the desire realm, and so on.
['T27n1545_087:0451a22_7']	故此識欲界見集所斷一切。	故此識欲界見集所斷一切。	Therefore this consciousness is increased by all those eliminated by seeing accumulation in the desire realm.
['T27n1545_087:0451a23_1']	及見苦所斷遍行隨眠隨增。	及見苦所斷遍行隨眠隨增。	And by the universal latent afflictions eliminated by seeing suffering.
['T27n1545_087:0451a23_17']	三欲界見道所斷無漏緣隨眠相應識。	三欲界見道所斷無漏緣隨眠相應識。	The third is the consciousness associated with the anusayas to be eliminated by the path of insight in the realm of desire that have pure objects as their objects.
['T27n1545_087:0451a24_5']	是眼根緣緣識。	是眼根緣緣識。	This is the eye faculty as the dominant condition for the seeing part of consciousness.
['T27n1545_087:0451a24_10']	緣緣眼根。	緣緣眼根。	The eye faculty as the dominant condition.
['T27n1545_087:0451a25_1']	苦集法智品相應識。	苦集法智品相應識。	The consciousness associated with the class of knowledge of suffering and origination.
['T27n1545_087:0451a25_13']	故此識欲界見道所斷一切。	故此識欲界見道所斷一切。	Therefore, this consciousness is all that is to be eliminated by the path of insight in the realm of desire.
['T27n1545_087:0451a26_2']	及遍行隨眠隨增。	及遍行隨眠隨增。	And the universal anusayas increase along with it.
['T27n1545_087:0451a26_18']	四欲界修所斷善及染污無覆無記識。	四欲界修所斷善及染污無覆無記識。	The fourth is the good and defiled consciousness without outflows to be eliminated by cultivation in the realm of desire.
['T27n1545_087:0451a27_6']	是眼根緣緣識。	是眼根緣緣識。	This is the eye faculty as the dominant condition for the seeing part of consciousness.
['T27n1545_087:0451a27_11']	緣緣眼根。	緣緣眼根。	The eye faculty as the dominant condition.
['T27n1545_087:0451a28_1']	欲界修所斷識等。	欲界修所斷識等。	The consciousness, etc., to be eliminated by cultivation in the realm of desire.
['T27n1545_087:0451a28_12']	故此識欲界修所斷一切。	故此識欲界修所斷一切。	Therefore, this consciousness is all that is to be eliminated by cultivation in the realm of desire.
['T27n1545_087:0451a29_1']	及遍行隨眠隨增。	及遍行隨眠隨增。	And the universal anusayas increase along with it.
['T27n1545_087:0451a29_16']	五色界見苦所斷一切隨眠相應識。	五色界見苦所斷一切隨眠相應識。	The fifth is the consciousness associated with all the anusayas to be eliminated by insight into the truth of suffering in the realm of form.
['T27n1545_087:0451b01_4']	是眼根緣緣識。	是眼根緣緣識。	This is the eye faculty as the dominant condition for the seeing part of consciousness.
['T27n1545_087:0451b01_9']	緣緣眼根。	緣緣眼根。	The eye faculty as the dominant condition.
['T27n1545_087:0451b02_5']	色界見苦所斷遍行隨眠相應識等。	色界見苦所斷遍行隨眠相應識等。	The consciousness, etc., associated with the universal anusayas to be eliminated by insight into the truth of suffering in the realm of form.
['T27n1545_087:0451b02_17']	故此識色界見苦所斷一切。	故此識色界見苦所斷一切。	Therefore, this consciousness is all that is to be eliminated by insight into the truth of suffering in the realm of form.
['T27n1545_087:0451b03_10']	及見集所斷遍行隨眠隨增。	及見集所斷遍行隨眠隨增。	And the universal anusayas to be eliminated by insight into the truth of origination increase along with it.
['T27n1545_087:0451b04_7']	六色界見集所斷一切隨眠相應識。	六色界見集所斷一切隨眠相應識。	The sixth is the consciousness associated with all the latent tendencies eliminated by seeing the origin in the form realm.
['T27n1545_087:0451b04_14']	是眼根緣緣識。	是眼根緣緣識。	This is the eye faculty's object-pervading consciousness.
['T27n1545_087:0451b05_1']	緣緣眼根。	緣緣眼根。	The object-pervading eye faculty.
['T27n1545_087:0451b05_16']	色界見集所斷遍行隨眠相應識等。	色界見集所斷遍行隨眠相應識等。	The consciousness associated with the latent tendencies eliminated by seeing the origin in the form realm and the universal ones.
['T27n1545_087:0451b06_9']	故此識色界見集所斷一切。	故此識色界見集所斷一切。	Therefore, this consciousness has all the latent tendencies eliminated by seeing the origin in the form realm.
['T27n1545_087:0451b07_3']	及見苦所斷遍行隨眠隨增。	及見苦所斷遍行隨眠隨增。	And the universal latent tendencies eliminated by seeing suffering increase.
['T27n1545_087:0451b08_1']	七色界見道所斷無漏緣隨眠相應識。	七色界見道所斷無漏緣隨眠相應識。	The seventh is the consciousness associated with the latent tendencies with pure objects eliminated by seeing the path in the form realm.
['T27n1545_087:0451b08_8']	是眼根緣緣識。	是眼根緣緣識。	This is the eye faculty's object-pervading consciousness.
['T27n1545_087:0451b08_13']	緣緣眼根。	緣緣眼根。	The object-pervading eye faculty.
['T27n1545_087:0451b09_3']	苦集類智品相應識。	苦集類智品相應識。	The consciousness associated with the categories of suffering and origination of the path of seeing.
['T27n1545_087:0451b09_15']	故此識色界見道所斷一切。	故此識色界見道所斷一切。	Therefore, this consciousness has all the latent tendencies eliminated by seeing the path in the form realm.
['T27n1545_087:0451b10_4']	及遍行隨眠隨增。	及遍行隨眠隨增。	And the universal latent tendencies increase.
['T27n1545_087:0451b11_2']	八色界修所斷善及染污無覆無記識。	八色界修所斷善及染污無覆無記識。	The eighth is the wholesome, defiled, and unobscured-indeterminate consciousness eliminated by cultivation in the form realm.
['T27n1545_087:0451b11_9']	是眼根緣緣識。	是眼根緣緣識。	This is the eye faculty's object-pervading consciousness.
['T27n1545_087:0451b11_14']	緣緣眼根。	緣緣眼根。	The object-pervading eye faculty.
['T27n1545_087:0451b12_3']	色界修所斷識等。	色界修所斷識等。	The consciousness eliminated by cultivation in the form realm, etc.
['T27n1545_087:0451b12_14']	故此識色界修所斷一切。	故此識色界修所斷一切。	Therefore, this consciousness has all the latent tendencies eliminated by cultivation in the form realm.
['T27n1545_087:0451b13_3']	及遍行隨眠隨增。	及遍行隨眠隨增。	And the universal latent tendencies increase.
['T27n1545_087:0451b14_1']	九無色界見苦所斷遍行隨眠相應識。	九無色界見苦所斷遍行隨眠相應識。	The ninth is the consciousness associated with the universal defilements to be eliminated by insight into suffering in the formless realm.
['T27n1545_087:0451b14_8']	是眼根緣緣識。	是眼根緣緣識。	This is the consciousness that takes the eye faculty as its dominant condition.
['T27n1545_087:0451b14_13']	緣緣眼根。	緣緣眼根。	The dominant condition of the eye faculty.
['T27n1545_087:0451b15_3']	無色界修所斷善識。	無色界修所斷善識。	The wholesome consciousness to be eliminated by cultivation in the formless realm.
['T27n1545_087:0451b15_16']	故此識無色界見苦所斷一切。	故此識無色界見苦所斷一切。	Therefore, this consciousness has all those to be eliminated by insight into suffering in the formless realm,
['T27n1545_087:0451b16_9']	及見集所斷遍行隨眠隨增。	及見集所斷遍行隨眠隨增。	and the universal defilements to be eliminated by insight into the origin of suffering increase along with it.
['T27n1545_087:0451b17_7']	十無色界見集所斷遍行隨眠相應識。	十無色界見集所斷遍行隨眠相應識。	The tenth is the consciousness associated with the universal defilements to be eliminated by insight into the origin of suffering in the formless realm.
['T27n1545_087:0451b17_14']	是眼根緣緣識。	是眼根緣緣識。	This is the consciousness that takes the eye faculty as its dominant condition.
['T27n1545_087:0451b18_1']	緣緣眼根。	緣緣眼根。	The dominant condition of the eye faculty.
['T27n1545_087:0451b18_10']	無色界修所斷善識。	無色界修所斷善識。	The wholesome consciousness to be eliminated by cultivation in the formless realm.
['T27n1545_087:0451b19_4']	故此識無色界見集所斷一切。	故此識無色界見集所斷一切。	Therefore, this consciousness has all those to be eliminated by insight into the origin of suffering in the formless realm,
['T27n1545_087:0451b19_16']	及見苦所斷遍行隨眠隨增。	及見苦所斷遍行隨眠隨增。	and the universal defilements to be eliminated by insight into suffering increase along with it.
['T27n1545_087:0451b20_15']	十一無色界見道所斷無漏緣隨眠相應識。	十一無色界見道所斷無漏緣隨眠相應識。	The eleventh is the consciousness associated with the universal defilements that take the pure [truths] as their object and are to be eliminated by insight into the path in the formless realm.
['T27n1545_087:0451b21_4']	是眼根緣緣識。	是眼根緣緣識。	This is the consciousness that takes the eye faculty as its dominant condition.
['T27n1545_087:0451b21_9']	緣緣眼根。	緣緣眼根。	The dominant condition of the eye faculty.
['T27n1545_087:0451b22_1']	苦集類智品相應識故。	苦集類智品相應識故。	Because it is associated with the consciousness of the category of the knowledge of suffering and accumulation.
['T27n1545_087:0451b22_13']	此識無色界見道所斷一切。	此識無色界見道所斷一切。	This consciousness has all those to be eliminated by insight into the path in the formless realm,🔽and
['T27n1545_087:0451b23_2']	及遍行隨眠隨增。	及遍行隨眠隨增。	and the universal and particular proclivities increase.
['T27n1545_087:0451b23_12']	十二無色界修所斷善。	十二無色界修所斷善。	The twelfth is the wholesome consciousness of the formless realm that is to be eliminated by cultivation,
['T27n1545_087:0451b24_2']	及染污無覆無記識。	及染污無覆無記識。	and the defiled and non-obscuring-non-defined consciousness.
['T27n1545_087:0451b24_9']	是眼根緣緣識。	是眼根緣緣識。	This is the consciousness that takes the eye faculty as its dominant condition.
['T27n1545_087:0451b24_14']	緣緣眼根。	緣緣眼根。	The dominant condition of the eye faculty
['T27n1545_087:0451b25_5']	無色界修所斷善識等。	無色界修所斷善識等。	is the wholesome consciousness, etc. of the formless realm that is to be eliminated by cultivation.
['T27n1545_087:0451b25_17']	故此識無色界修所斷一切。	故此識無色界修所斷一切。	Therefore, in this consciousness, all those of the formless realm that are to be eliminated by cultivation,
['T27n1545_087:0451b26_6']	及遍行隨眠隨增。	及遍行隨眠隨增。	and the universal proclivities increase.
['T27n1545_087:0451b26_17']	十三苦集道智品無漏識。	十三苦集道智品無漏識。	The thirteenth is the pure consciousness of the class of the cognition of suffering, origination, and the path.
['T27n1545_087:0451b27_5']	是眼根緣緣識。	是眼根緣緣識。	This is the consciousness that takes the eye faculty as its dominant condition.
['T27n1545_087:0451b27_10']	緣緣眼根。	緣緣眼根。	The dominant condition of the eye faculty
['T27n1545_087:0451b27_16']	有漏無漏識。	有漏無漏識。	is the consciousness that is both contaminated and uncontaminated.
['T27n1545_087:0451b28_6']	故此識非隨眠隨增。	故此識非隨眠隨增。	Therefore, in this consciousness, the proclivities do not increase.
['T27n1545_087:0451b28_14']	故說眼根緣緣識。	故說眼根緣緣識。	Therefore, it is said that the consciousness that takes the eye faculty as its dominant condition
['T27n1545_087:0451b29_4']	三界四部隨眠隨增。	三界四部隨眠隨增。	increases with the proclivities of the three realms and the four categories.
['T27n1545_087:0451b29_13']	耳鼻舌身根亦爾者。	耳鼻舌身根亦爾者。	The ear, nose, tongue, and body faculties are also like this.
['T27n1545_087:0451c01_6']	謂耳等根亦通欲色界五地。	謂耳等根亦通欲色界五地。	This means that the ear faculties, etc. also extend to the desire and form realms and the five stages,
['T27n1545_087:0451c01_15']	唯修所斷如眼根故。	唯修所斷如眼根故。	because they are only to be eliminated by cultivation, just like the eye faculty.
['T27n1545_087:0451c02_6']	女根緣識欲界三部。	女根緣識欲界三部。	The object of the female faculty is the three categories of the desire realm,
['T27n1545_087:0451c02_11']	色界遍行。	色界遍行。	the universal [categories] of the form realm,
['T27n1545_087:0451c02_19']	及修所斷緣緣識。	及修所斷緣緣識。	and the object of the dominant condition of the object of the female faculty is the consciousness that is to be eliminated by cultivation.
['T27n1545_087:0451c03_4']	欲界四部。	欲界四部。	The four types in the desire realm.
['T27n1545_087:0451c03_9']	色界三部。	色界三部。	The three types in the form realm.
['T27n1545_087:0451c03_15']	無色界遍行。	無色界遍行。	The universal [contaminants] in the formless realm.
['T27n1545_087:0451c04_1']	及修所斷者。	及修所斷者。	And those eliminated by cultivation.
['T27n1545_087:0451c04_18']	女根唯欲界修所斷十六識內五識所緣。	女根唯欲界修所斷十六識內五識所緣。	The female faculty is only eliminated by cultivation in the desire realm, and is the object of five consciousnesses among the sixteen consciousnesses.
['T27n1545_087:0451c05_14']	一欲界見苦所斷遍行隨眠相應識。	一欲界見苦所斷遍行隨眠相應識。	The first is the consciousness associated with the universal contaminants eliminated by seeing suffering in the desire realm.
['T27n1545_087:0451c06_7']	此識欲界見苦所斷一切。	此識欲界見苦所斷一切。	This consciousness has all those eliminated by seeing suffering in the desire realm,
['T27n1545_087:0451c07_1']	及見集所斷遍行隨眠隨增。	及見集所斷遍行隨眠隨增。	and the universal contaminants eliminated by seeing the accumulation [of suffering] increase along with it.
['T27n1545_087:0451c07_16']	二欲界見集所斷遍行隨眠相應識。	二欲界見集所斷遍行隨眠相應識。	The second is the consciousness associated with the universal contaminants eliminated by seeing the accumulation [of suffering] in the desire realm.
['T27n1545_087:0451c08_8']	此識欲界見集所斷一切。	此識欲界見集所斷一切。	This consciousness has all those eliminated by seeing the accumulation [of suffering] in the desire realm,
['T27n1545_087:0451c09_2', 'T27n1545_087:0451c09_10']	及見苦所斷遍行隨眠隨增。🔽三欲界修所斷善。	及見苦所斷遍行隨眠隨增。 三欲界修所斷善。	and the universal contaminants eliminated by seeing suffering increase along with it.
['T27n1545_087:0451c09_19']	及染污無覆無記識。	及染污無覆無記識。	The third is the wholesome and defiled non-obscured-neutral consciousness eliminated by cultivation in the desire realm.
['T27n1545_087:0451c10_9']	此識欲界修所斷一切。	此識欲界修所斷一切。	This consciousness has all those eliminated by cultivation in the desire realm,
['T27n1545_087:0451c10_17', 'T27n1545_087:0451c11_6']	及遍行隨眠隨增。🔽四色界修所斷善。	及遍行隨眠隨增。 四色界修所斷善。	and the universal contaminants increase along with it.
['T27n1545_087:0451c11_13']	及無覆無記識。	及無覆無記識。	The fourth is the wholesome and non-obscured-neutral consciousness eliminated by cultivation in the form realm.
['T27n1545_087:0451c12_4']	此識色界修所斷一切。	此識色界修所斷一切。	This consciousness has all those eliminated by cultivation in the form realm,
['T27n1545_087:0451c12_12']	及遍行隨眠隨增。	及遍行隨眠隨增。	and the pervasive and secondary afflictions increase.
['T27n1545_087:0451c12_17']	五無漏識。	五無漏識。	The fifth is the five pure consciousnesses.
['T27n1545_087:0451c13_11']	謂苦集法智品此識非隨眠隨增。	謂苦集法智品此識非隨眠隨增。	That is, the class of dharma knowledge of suffering and accumulation. This consciousness is not increased by the secondary afflictions.
['T27n1545_087:0451c13_18']	故說女根緣識。	故說女根緣識。	Therefore, it is said that the consciousness that takes the female faculty as its object
['T27n1545_087:0451c14_8']	欲界三部色界遍行。	欲界三部色界遍行。	is increased by the three categories in the desire realm and the pervasive [afflictions] in the form realm,
['T27n1545_087:0451c14_17']	及修所斷隨眠隨增。	及修所斷隨眠隨增。	and by the secondary afflictions eliminated by cultivation.
['T27n1545_087:0451c15_4']	女根緣緣識。	女根緣緣識。	The consciousness that takes the female faculty as its object-condition
['T27n1545_087:0451c15_13']	十六識內九識所緣。	十六識內九識所緣。	is the object of nine consciousnesses out of the sixteen consciousnesses.
['T27n1545_087:0451c16_15']	一欲界見苦所斷一切隨眠相應識是女根緣緣識。	一欲界見苦所斷一切隨眠相應識是女根緣緣識。	The first is the consciousness associated with all secondary afflictions eliminated by seeing suffering in the desire realm, which is the consciousness that takes the female faculty as its object-condition.
['T27n1545_087:0451c17_2']	緣緣女根。	緣緣女根。	The object-condition of the female faculty
['T27n1545_087:0451c17_17']	欲界見苦所斷遍行隨眠相應識等。	欲界見苦所斷遍行隨眠相應識等。	is the consciousness associated with the pervasive secondary afflictions eliminated by seeing suffering in the desire realm, and so on.
['T27n1545_087:0451c18_10']	故此識欲界見苦所斷一切。	故此識欲界見苦所斷一切。	Therefore, this consciousness is increased by all those eliminated by seeing suffering in the desire realm,
['T27n1545_087:0451c19_4']	及見集所斷遍行隨眠隨增。	及見集所斷遍行隨眠隨增。	and by the pervasive secondary afflictions eliminated by seeing accumulation.
['T27n1545_087:0451c20_1']	二欲界見集所斷一切隨眠相應識。	二欲界見集所斷一切隨眠相應識。	The second is the consciousness associated with all secondary afflictions eliminated by seeing accumulation in the desire realm.
['T27n1545_087:0451c20_8']	是女根緣緣識。	是女根緣緣識。	This is the consciousness that takes the female faculty as its object-condition.
['T27n1545_087:0451c20_13']	緣緣女根。	緣緣女根。	The object-condition of the female faculty
['T27n1545_087:0451c21_9']	欲界見集所斷遍行隨眠相應識等。	欲界見集所斷遍行隨眠相應識等。	is the consciousness associated with the pervasive secondary afflictions eliminated by seeing accumulation in the desire realm, and so on.
['T27n1545_087:0451c22_3']	故此識欲界見集所斷一切。	故此識欲界見集所斷一切。	Therefore, this consciousness is all that is to be eliminated by seeing the origination of suffering in the desire realm.
['T27n1545_087:0451c22_15']	及見苦所斷遍行隨眠隨增。	及見苦所斷遍行隨眠隨增。	Therefore, this consciousness is increased by all the permeating propensities abandoned by insight into the truths of suffering and of the cause of suffering in the realm of desire.
['T27n1545_087:0451c23_12']	三欲界見道所斷無漏緣隨眠相應識。	三欲界見道所斷無漏緣隨眠相應識。	Third is the consciousness associated with the permeating propensities with impure objects abandoned by insight into the truth of the path in the realm of desire.🔽It is the result of the condition as object of the female faculty.
['T27n1545_087:0451c24_5']	是女根緣緣識緣緣女根。	是女根緣緣識緣緣女根。	It is the result of the condition as object of the female faculty.
['T27n1545_087:0451c24_14', 'T27n1545_087:0451c25_7']	苦集法智品相應識。🔽故此識欲界見道所斷一切。	苦集法智品相應識。 故此識欲界見道所斷一切。	Consciousness associated with the class of the knowledge of suffering and of the cause of suffering.
['T27n1545_087:0451c25_15', 'T27n1545_087:0451c26_4']	及遍行隨眠隨增。🔽四欲界修所斷善。	及遍行隨眠隨增。 四欲界修所斷善。	Therefore, this consciousness is increased by all the permeating propensities abandoned by insight into the truth of the path in the realm of desire.
['T27n1545_087:0451c26_13', 'T27n1545_087:0451c27_1']	及染污無覆無記識。🔽是女根緣緣識。	及染污無覆無記識。 是女根緣緣識。	Fourth is the good consciousness and the unobscured-indeterminate consciousness abandoned through the path of cultivation in the realm of desire.🔽It is the result of the condition as object of the female faculty.
['T27n1545_087:0451c27_6']	緣緣女根。	緣緣女根。	It is the result of the condition as object of the female faculty.
['T27n1545_087:0451c27_14', 'T27n1545_087:0451c28_6']	欲界修所斷識等。🔽故此識欲界修所斷一切。	欲界修所斷識等。 故此識欲界修所斷一切。	Consciousness, etc., abandoned through the path of cultivation in the realm of desire.
['T27n1545_087:0451c28_14']	及遍行隨眠隨增。	及遍行隨眠隨增。	Therefore, this consciousness is increased by all the permeating propensities abandoned through the path of cultivation in the realm of desire.
['T27n1545_087:0451c29_10', 'T27n1545_087:0451c29_17']	五色界見苦所斷遍行隨眠相應識。🔽是女根緣緣識。	五色界見苦所斷遍行隨眠相應識。 是女根緣緣識。	Fifth is the consciousness associated with the permeating propensities abandoned by insight into the truth of suffering in the realm of form.🔽It is the result of the condition as object of the female faculty.
['T27n1545_087:0452a01_3', 'T27n1545_087:0452a01_10']	緣緣女根。🔽色界修所斷善。	緣緣女根。 色界修所斷善。	It is the result of the condition as object of the female faculty.
['T27n1545_087:0452a01_17']	及無覆無記識。	及無覆無記識。	The good consciousness and the unobscured-indeterminate consciousness abandoned through the path of cultivation in the realm of form.
['T27n1545_087:0452a02_9']	故此識色界見苦所斷一切。	故此識色界見苦所斷一切。	Therefore, this consciousness is all that is to be eliminated by seeing suffering in the form realm.
['T27n1545_087:0452a03_3']	及見集所斷遍行隨眠隨增。	及見集所斷遍行隨眠隨增。	Therefore, this consciousness is increased by all the pervasive contaminants to be eliminated by seeing suffering and by seeing origination in the form realm.
['T27n1545_087:0452a03_18']	六色界見集所斷遍行隨眠相應識。	六色界見集所斷遍行隨眠相應識。	The sixth is the consciousness associated with the pervasive contaminants to be eliminated by seeing origination in the form realm.
['T27n1545_087:0452a04_6']	是女根緣緣識。	是女根緣緣識。	This is the result of the condition as object of the female faculty.
['T27n1545_087:0452a04_11']	緣緣女根。	緣緣女根。	The condition as object of the female faculty.
['T27n1545_087:0452a04_18']	色界修所斷善。	色界修所斷善。	The wholesome of the form realm to be eliminated by cultivation,
['T27n1545_087:0452a05_6', 'T27n1545_087:0452a05_18']	及無覆無記識。🔽故此識色界見集所斷一切。	及無覆無記識。 故此識色界見集所斷一切。	and the non-obscured-non-defined consciousness.
['T27n1545_087:0452a06_11']	及見苦所斷遍行隨眠隨增。	及見苦所斷遍行隨眠隨增。	Therefore, this consciousness is increased by all the pervasive contaminants to be eliminated by seeing origination and by seeing suffering in the form realm.
['T27n1545_087:0452a07_1']	七色界修所斷善。	七色界修所斷善。	The seventh is the wholesome of the form realm to be eliminated by cultivation,
['T27n1545_087:0452a07_10']	及染污無覆無記識。	及染污無覆無記識。	and the defiled and non-obscured-non-defined consciousness.
['T27n1545_087:0452a08_2']	是女根緣緣識緣緣女根。	是女根緣緣識緣緣女根。	This is the result of the condition as object of the female faculty. The condition as object of the female faculty.
['T27n1545_087:0452a08_9']	色界修所斷善。	色界修所斷善。	The wholesome of the form realm to be eliminated by cultivation,
['T27n1545_087:0452a08_17', 'T27n1545_087:0452a09_8']	及無覆無記識等。🔽故此識色界修所斷一切。	及無覆無記識等。 故此識色界修所斷一切。	and the non-obscured-non-defined consciousness, etc.
['T27n1545_087:0452a09_16']	及遍行隨眠隨增。	及遍行隨眠隨增。	Therefore, this consciousness is increased by all the pervasive contaminants to be eliminated by cultivation in the form realm.
['T27n1545_087:0452a10_7', 'T27n1545_087:0452a10_14']	八無色界修所斷善識。🔽是女根緣緣識。	八無色界修所斷善識。 是女根緣緣識。	The eighth is the wholesome consciousness to be eliminated by cultivation in the formless realm.
['T27n1545_087:0452a11_1']	緣緣女根。	緣緣女根。	This is the result of the condition as object of the female faculty. The condition as object of the female faculty.
['T27n1545_087:0452a11_14']	色界修所斷善及無覆無記識。	色界修所斷善及無覆無記識。	The good and non-obscuring-non-defined consciousnesses of the form realm that are to be eliminated by cultivation.
['T27n1545_087:0452a12_7']	故此識無色界修所斷一切。	故此識無色界修所斷一切。	Therefore, this consciousness does not have any of the afflictions to be eliminated by cultivation in the formless realm.
['T27n1545_087:0452a12_15']	及遍行隨眠隨增。	及遍行隨眠隨增。	And the universal proclivities increase along with it.
['T27n1545_087:0452a13_6']	九苦集道智品無漏識。	九苦集道智品無漏識。	The nine kinds of pure consciousness of the classes of the knowledge of suffering, origination, and the path.
['T27n1545_087:0452a13_13']	是女根緣緣識。	是女根緣緣識。	Are the resultants of the object-condition of the female faculty.
['T27n1545_087:0452a13_18']	緣緣女根。	緣緣女根。	The object-condition of the female faculty.
['T27n1545_087:0452a14_5']	有漏無漏識。	有漏無漏識。	Has both pure and impure consciousness.
['T27n1545_087:0452a14_14']	故此識非隨眠隨增。	故此識非隨眠隨增。	Therefore, the proclivities do not increase along with this consciousness.
['T27n1545_087:0452a15_3']	故說女根緣緣識。	故說女根緣緣識。	Therefore, it is said that the resultant consciousness of the object-condition of the female faculty
['T27n1545_087:0452a15_8']	欲界四部。	欲界四部。	Has four parts in the desire realm.
['T27n1545_087:0452a15_13']	色界三部。	色界三部。	Has three parts in the form realm.
['T27n1545_087:0452a15_19']	無色界遍行。	無色界遍行。	Has the universal [proclivities] in the formless realm.
['T27n1545_087:0452a16_7']	及修所斷隨眠隨增。	及修所斷隨眠隨增。	And the proclivities to be eliminated by cultivation increase along with it.
['T27n1545_087:0452a16_14']	男苦根亦爾者。	男苦根亦爾者。	The male faculty and the faculty of suffering are also like this.
['T27n1545_087:0452a17_7']	謂男苦根亦唯欲界修所斷。	謂男苦根亦唯欲界修所斷。	That is to say, the male faculty and the faculty of suffering are also only to be eliminated by cultivation in the desire realm.
['T27n1545_087:0452a17_12']	如女根故。	如女根故。	Because they are like the female faculty.
['T27n1545_087:0452a18_11']	命根緣識三界三部緣緣識。	命根緣識三界三部緣緣識。	The resultant consciousness of the object-condition of the life faculty has three parts in the three realms. The resultant consciousness of the object-condition
['T27n1545_087:0452a18_17']	三界四部者。	三界四部者。	Has four parts in the three realms.
['T27n1545_087:0452a19_10']	命根通三界九地唯修所斷。	命根通三界九地唯修所斷。	The life faculty is common to the nine levels of the three realms and is only to be eliminated by cultivation.
['T27n1545_087:0452a20_1']	十六識內十識所緣。	十六識內十識所緣。	It is the object of ten kinds of consciousness out of the sixteen consciousnesses.
['T27n1545_087:0452a20_16']	一欲界見苦所斷遍行隨眠相應識。	一欲界見苦所斷遍行隨眠相應識。	First, consciousness associated with the universal defilements to be eliminated by seeing suffering in the desire realm.
['T27n1545_087:0452a21_8']	此識欲界見苦所斷一切。	此識欲界見苦所斷一切。	This consciousness has all those to be eliminated by seeing suffering in the desire realm,
['T27n1545_087:0452a22_2']	及見集所斷遍行隨眠隨增。	及見集所斷遍行隨眠隨增。	and the universal defilements to be eliminated by seeing the accumulation [of suffering] in the desire realm increase along with it.
['T27n1545_087:0452a22_17']	二欲界見集所斷遍行隨眠相應識。	二欲界見集所斷遍行隨眠相應識。	Second, consciousness associated with the universal defilements to be eliminated by seeing the accumulation [of suffering] in the desire realm.
['T27n1545_087:0452a23_9']	此識欲界見集所斷一切。	此識欲界見集所斷一切。	This consciousness has all those to be eliminated by seeing the accumulation [of suffering] in the desire realm,
['T27n1545_087:0452a24_3']	及見苦所斷遍行隨眠隨增。	及見苦所斷遍行隨眠隨增。	and the universal defilements to be eliminated by seeing suffering in the desire realm increase along with it.
['T27n1545_087:0452a25_1']	三欲界修所斷善及染污無覆無記識。	三欲界修所斷善及染污無覆無記識。	Third, consciousness of wholesome and defiled indeterminate states without hindrances to be eliminated by cultivation in the desire realm.
['T27n1545_087:0452a25_11']	此識欲界修所斷一切。	此識欲界修所斷一切。	This consciousness has all those to be eliminated by cultivation in the desire realm,
['T27n1545_087:0452a25_19']	及遍行隨眠隨增。	及遍行隨眠隨增。	and the universal defilements increase along with it.
['T27n1545_087:0452a26_6']	如欲界三部識。	如欲界三部識。	Just as there are three kinds of consciousness in the desire realm,
['T27n1545_087:0452a26_17']	色無色界各三部識亦爾。	色無色界各三部識亦爾。	so too are there three kinds of consciousness in the form and formless realms.
['T27n1545_087:0452a27_3']	合為九識。	合為九識。	Together they form nine kinds of consciousness.
['T27n1545_087:0452a27_8']	十無漏識。	十無漏識。	Ten kinds of undefiled consciousness,
['T27n1545_087:0452a27_16']	謂苦集法類智品。	謂苦集法類智品。	namely those of the categories of the cognition of suffering, the cognition of the accumulation [of suffering], the cognition of the Dharma, and the subsequent cognition.
['T27n1545_087:0452a28_6']	此識非隨眠隨增故。	此識非隨眠隨增故。	This consciousness is not increased by the increase of the latent afflictions,
['T27n1545_087:0452a29_2']	說命根緣識三界三部隨眠隨增。	說命根緣識三界三部隨眠隨增。	therefore it is said that the consciousness that takes the life faculty as its object is increased by the latent afflictions of the three realms and the three categories.
['T27n1545_087:0452a29_7']	命根緣識。	命根緣識。	The consciousness that takes the life faculty as its object,
['T27n1545_087:0452a29_17']	十六識內十三識所緣。	十六識內十三識所緣。	Among the sixteen consciousnesses, it is the object of thirteen consciousnesses.
['T27n1545_087:0452b02_1']	一欲界見苦所斷一切隨眠相應識是命根緣緣識。	一欲界見苦所斷一切隨眠相應識是命根緣緣識。	The first is the consciousness associated with all the latent afflictions abandoned by insight into the truth of suffering in the desire realm, which is the life faculty as object condition.
['T27n1545_087:0452b02_6']	緣緣命根。	緣緣命根。	The life faculty is the object condition.
['T27n1545_087:0452b03_2']	欲界見苦所斷遍行隨眠相應識等。	欲界見苦所斷遍行隨眠相應識等。	The consciousness associated with the omnipresent latent afflictions abandoned by insight into the truth of suffering in the desire realm, and so on.
['T27n1545_087:0452b03_14']	故此識欲界見苦所斷一切。	故此識欲界見苦所斷一切。	Therefore, this consciousness has all the latent afflictions abandoned by insight into the truth of suffering in the desire realm.
['T27n1545_087:0452b04_7']	及見集所斷遍行隨眠隨增。	及見集所斷遍行隨眠隨增。	And the omnipresent latent afflictions abandoned by insight into the truth of accumulation increase in it.
['T27n1545_087:0452b05_4']	二欲界見集所斷一切隨眠相應識。	二欲界見集所斷一切隨眠相應識。	The second is the consciousness associated with all the latent afflictions abandoned by insight into the truth of accumulation in the desire realm.
['T27n1545_087:0452b05_11']	是命根緣緣識。	是命根緣緣識。	It is the life faculty as object condition.
['T27n1545_087:0452b05_16']	緣緣命根。	緣緣命根。	The life faculty is the object condition.
['T27n1545_087:0452b06_10']	見集所斷遍行隨眠相應識等。	見集所斷遍行隨眠相應識等。	The consciousness associated with the omnipresent latent afflictions abandoned by insight into the truth of accumulation, and so on.
['T27n1545_087:0452b07_4']	故此識欲界見集所斷一切。	故此識欲界見集所斷一切。	Therefore, this consciousness has all the latent afflictions abandoned by insight into the truth of accumulation in the desire realm.
['T27n1545_087:0452b07_16']	及見苦所斷遍行隨眠隨增。	及見苦所斷遍行隨眠隨增。	And the omnipresent latent afflictions abandoned by insight into the truth of suffering increase in it.
['T27n1545_087:0452b08_13']	三欲界見道所斷無漏緣隨眠相應識。	三欲界見道所斷無漏緣隨眠相應識。	The third is the consciousness associated with the latent afflictions with pure objects abandoned by insight into the truth of the path in the desire realm.
['T27n1545_087:0452b09_2']	是命根緣緣識。	是命根緣緣識。	It is the life faculty as object condition.
['T27n1545_087:0452b09_7']	緣緣命根。	緣緣命根。	The life faculty is the object condition.
['T27n1545_087:0452b09_16']	苦集法智品相應識。	苦集法智品相應識。	The consciousness associated with the class of the knowledge of the truths of suffering and accumulation, and so on.
['T27n1545_087:0452b10_9', 'T27n1545_087:0452b10_17', 'T27n1545_087:0452b11_6']	故此識欲界見道所斷一切。🔽及遍行隨眠隨增。🔽四欲界修所斷善。	故此識欲界見道所斷一切。 及遍行隨眠隨增。 四欲界修所斷善。	Therefore, this consciousness is increased by all the permeating propensities eliminated by the path of insight in the realm of desire.
['T27n1545_087:0452b11_15', 'T27n1545_087:0452b12_3']	及染污無覆無記識。🔽是命根緣緣識。	及染污無覆無記識。 是命根緣緣識。	The fourth is the wholesome consciousness and the defiled and non-obscured-non-defined consciousness eliminated by cultivation in the realm of desire.🔽This is the consciousness that has the faculty of life as its object-condition.
['T27n1545_087:0452b12_8']	緣緣命根。	緣緣命根。	The faculty of life is the object-condition of this consciousness.
['T27n1545_087:0452b12_16']	欲界修所斷識等。	欲界修所斷識等。	The consciousnesses eliminated by cultivation in the realm of desire, etc.
['T27n1545_087:0452b13_8', 'T27n1545_087:0452b13_16']	故此識欲界修所斷一切。🔽及遍行隨眠隨增。	故此識欲界修所斷一切。 及遍行隨眠隨增。	Therefore, this consciousness is increased by all the permeating propensities eliminated by cultivation in the realm of desire.
['T27n1545_087:0452b14_4']	如欲界四部識。	如欲界四部識。	Just as there are four kinds of consciousness in the realm of desire,
['T27n1545_087:0452b14_15']	色無色界各四部識亦爾。	色無色界各四部識亦爾。	so too are there four kinds of consciousness in the realms of form and non-form.
['T27n1545_087:0452b15_1']	有差別者。	有差別者。	There is a difference,
['T27n1545_087:0452b15_15']	謂見道所斷無漏緣隨眠相應識。	謂見道所斷無漏緣隨眠相應識。	namely, the consciousness associated with the permeating propensities that have the pure dharmas as their object and are eliminated by the path of insight.
['T27n1545_087:0452b16_1']	緣緣命根。	緣緣命根。	This is the consciousness that has the faculty of life as its object-condition.
['T27n1545_087:0452b16_10']	苦集類智品相應識。	苦集類智品相應識。	The consciousness associated with the class of knowledge of suffering and its origination.
['T27n1545_087:0452b16_15']	後准應知。	後准應知。	The following should be understood in the same way.
['T27n1545_087:0452b17_2']	合為十二識。	合為十二識。	Combined, they form twelve kinds of consciousness.
['T27n1545_087:0452b17_13']	十三苦集道智品無漏識。	十三苦集道智品無漏識。	The thirteenth is the pure consciousness associated with the class of knowledge of suffering, its origination, and the path.
['T27n1545_087:0452b18_1']	是命根緣緣識。	是命根緣緣識。	This is the consciousness that has the faculty of life as its object-condition.🔽The faculty of life is the object-condition of this consciousness.
['T27n1545_087:0452b18_11']	緣緣命根有漏無漏識。	緣緣命根有漏無漏識。	The defiled and undefiled consciousnesses.
['T27n1545_087:0452b19_2']	故此識非隨眠隨增。	故此識非隨眠隨增。	Therefore, this consciousness is not increased by the permeating propensities.
['T27n1545_087:0452b19_10']	故說命根緣緣識。	故說命根緣緣識。	Therefore, it is said that the life faculty is the object condition of consciousness.
['T27n1545_087:0452b19_19']	三界四部隨眠隨增。	三界四部隨眠隨增。	The latent tendencies of the four categories in the three realms increase.🔽Here is the corrected and aligned text:
['T27n1545_087:0452b20_100']	說一切有部發智大毘婆沙論卷第八十七	說一切有部發智大毘婆沙論卷第八十七	Abhidharma-mahāvibhāṣā-śāstra, fascicle 87
