segmentnr	original	analyzed	translated
['T27n1545_096:0494b15_0']	阿毘達磨大毘婆沙論卷第九十	阿毘達磨大毘婆沙論卷第九十	Abhidharma-mahāvibhāṣā-śāstra, fascicle 90
['T27n1545_096:0494b16_0']	六	六	six
['T27n1545_096:0494b18_0']	五百大阿羅漢等造	五百大阿羅漢等造	composed by 500 great arhats and others
['T27n1545_096:0494b21_16']	三藏法師玄奘奉　詔譯4智蘊第三中學支納息第一之四彼後所引舍利子經亦不定遮一時生義。	三藏法師玄奘奉　詔譯4智蘊第三中學支納息第一之四彼後所引舍利子經亦不定遮一時生義。	tripiṭaka master Xuanzang respectfully received
['T27n1545_096:0494b22_3', 'T27n1545_096:0494b22_12']	謂舍利子。🔽善知入出覺支定心。	謂舍利子。 善知入出覺支定心。	namely Śāriputra.
['T27n1545_096:0494b22_17']	於覺支定。	於覺支定。	Well-versed in entering and exiting the factors of enlightenment and the mind of concentration.🔽In the factors of enlightenment and concentration,
['T27n1545_096:0494b23_7']	隨心所欲能自在住。	隨心所欲能自在住。	one can abide freely according to one's mind.
['T27n1545_096:0494b24_3']	此依時分說住覺支隨意自在。	此依時分說住覺支隨意自在。	This is said based on the time period, abiding in the factors of enlightenment according to one's wishes.
['T27n1545_096:0494b24_12']	不說別起一一覺支。	不說別起一一覺支。	It does not speak of separately arising each of the factors of enlightenment.
['T27n1545_096:0494b24_17']	故不成證。	故不成證。	Therefore it is not established as evidence.
['T27n1545_096:0494b25_9']	復次彼經依住三地覺支。	復次彼經依住三地覺支。	Furthermore, that sūtra is based on abiding in the factors of enlightenment of the three grounds,
['T27n1545_096:0494b26_1']	故作是說亦不違理。	故作是說亦不違理。	Therefore it is said that it also does not contradict reason.
['T27n1545_096:0494b26_16']	謂於日初分欲住有尋有伺地覺支。	謂於日初分欲住有尋有伺地覺支。	That is to say, in the first part of the day, if one wishes to abide in the factors of enlightenment of the ground with investigation and analysis,
['T27n1545_096:0494b27_3']	即便能住。	即便能住。	One can immediately abide in it.
['T27n1545_096:0494b28_1']	於日中分欲住無尋唯伺地覺支。	於日中分欲住無尋唯伺地覺支。	In the middle part of the day, if one wishes to abide in the factors of enlightenment of the ground without investigation but with analysis,
['T27n1545_096:0494b28_6']	即便能住。	即便能住。	One can immediately abide in it.
['T27n1545_096:0494b29_2']	於日後分欲住無尋無伺地覺支。	於日後分欲住無尋無伺地覺支。	In the last part of the day, if one wishes to abide in the factors of enlightenment of the ground without investigation and without analysis,
['T27n1545_096:0494b29_7']	即便能住。	即便能住。	One can immediately abide in it.
['T27n1545_096:0494b29_16']	故作是說不違俱起。	故作是說不違俱起。	Therefore it is said that it does not contradict simultaneous arising.
['T27n1545_096:0494c01_16']	復次彼經依住三根相應覺支而說亦不違理。	復次彼經依住三根相應覺支而說亦不違理。	Moreover, that sūtra explains it in terms of the factors of enlightenment associated with the three faculties, and this does not contradict reason.
['T27n1545_096:0494c02_13']	謂於日初分欲住樂根相應覺支。	謂於日初分欲住樂根相應覺支。	That is to say, in the first part of the day, if one wishes to abide in the factors of enlightenment associated with the faculty of pleasure,
['T27n1545_096:0494c03_1']	即便能住。	即便能住。	one is then able to abide in it.
['T27n1545_096:0494c03_14']	於日中分欲住喜根相應覺支。	於日中分欲住喜根相應覺支。	In the middle part of the day, if one wishes to abide in the factors of enlightenment associated with the faculty of joy,
['T27n1545_096:0494c04_1']	即便能住。	即便能住。	one is then able to abide in it.
['T27n1545_096:0494c04_14']	於日後分欲住捨根相應覺支。	於日後分欲住捨根相應覺支。	In the last part of the day, if one wishes to abide in the factors of enlightenment associated with the faculty of equanimity,
['T27n1545_096:0494c05_1']	即便能住。	即便能住。	one is then able to abide in it.
['T27n1545_096:0494c05_10']	故作是說不違俱起。	故作是說不違俱起。	Therefore, this explanation does not contradict their simultaneous arising.
['T27n1545_096:0494c06_13']	復次彼經依住三三摩地俱生覺支而說亦不違理。	復次彼經依住三三摩地俱生覺支而說亦不違理。	Moreover, that sūtra explains it in terms of the factors of enlightenment that arise together with the three samādhis, and this does not contradict reason.
['T27n1545_096:0494c07_11']	謂於日初分欲住空三摩地俱生覺支。	謂於日初分欲住空三摩地俱生覺支。	That is to say, in the first part of the day, if one wishes to abide in the factors of enlightenment that arise together with the emptiness samādhi,
['T27n1545_096:0494c07_16']	即便能住。	即便能住。	one is then able to abide in it.
['T27n1545_096:0494c08_14']	於日中分欲住無願三摩地俱生覺支。	於日中分欲住無願三摩地俱生覺支。	In the middle part of the day, if one wishes to abide in the factors of enlightenment that arise together with the wishless samādhi,
['T27n1545_096:0494c09_1']	即便能住。	即便能住。	one is then able to abide in it.
['T27n1545_096:0494c09_17']	於日後分欲住無相三摩地俱生覺支。	於日後分欲住無相三摩地俱生覺支。	In the last part of the day, if one wishes to abide in the factors of enlightenment that arise together with the signless samādhi,
['T27n1545_096:0494c10_4']	即便能住。	即便能住。	one is then able to abide in it.
['T27n1545_096:0494c10_13']	故作是說不違俱起。	故作是說不違俱起。	Therefore, this explanation does not contradict their simultaneous arising.
['T27n1545_096:0494c11_14']	復次彼經依住三智俱生覺支而說亦不違理。	復次彼經依住三智俱生覺支而說亦不違理。	Furthermore, that sūtra explains based on the simultaneous arising of the seven factors of enlightenment and the three knowledges, which is also not contrary to reason.
['T27n1545_096:0494c12_11']	謂於日初分欲住盡智俱生覺支。	謂於日初分欲住盡智俱生覺支。	That is to say, in the first part of the day, if one wishes to abide in the seven factors of enlightenment that arise simultaneously with the knowledge of elimination,
['T27n1545_096:0494c12_16']	即便能住。	即便能住。	one will then be able to abide in it.
['T27n1545_096:0494c13_12']	於日中分欲住無生智俱生覺支。	於日中分欲住無生智俱生覺支。	In the middle part of the day, if one wishes to abide in the seven factors of enlightenment that arise simultaneously with the knowledge of non-arising,
['T27n1545_096:0494c13_17']	即便能住。	即便能住。	one will then be able to abide in it.
['T27n1545_096:0494c14_15']	於日後分欲住無學正見智俱生覺支。	於日後分欲住無學正見智俱生覺支。	In the last part of the day, if one wishes to abide in the seven factors of enlightenment that arise simultaneously with the knowledge of right view of one beyond training,
['T27n1545_096:0494c15_3']	即便能住。	即便能住。	one will then be able to abide in it.
['T27n1545_096:0494c15_12']	故作是說不違俱起。	故作是說不違俱起。	Therefore, making this statement does not contradict their simultaneous arising.
['T27n1545_096:0494c16_11']	復次彼經依住九地覺支而說亦不違理。	復次彼經依住九地覺支而說亦不違理。	Furthermore, that sūtra explains based on the seven factors of enlightenment abiding in the nine stages, which is also not contrary to reason.
['T27n1545_096:0494c17_10']	謂於日初分欲住未至定等三地覺支。	謂於日初分欲住未至定等三地覺支。	That is to say, in the first part of the day, if one wishes to abide in the seven factors of enlightenment of the three stages such as the preliminary concentration,
['T27n1545_096:0494c17_15']	即便能住。	即便能住。	one will then be able to abide in it.
['T27n1545_096:0494c18_11']	於日中分欲住後三靜慮地覺支。	於日中分欲住後三靜慮地覺支。	In the middle part of the day, if one wishes to abide in the seven factors of enlightenment of the latter three concentrations,
['T27n1545_096:0494c18_16']	即便能住。	即便能住。	one will then be able to abide in it.
['T27n1545_096:0494c19_12']	於日後分欲住前三無色地覺支。	於日後分欲住前三無色地覺支。	In the last part of the day, if one wishes to abide in the seven factors of enlightenment of the former three formless concentrations,
['T27n1545_096:0494c19_17']	即便能住。	即便能住。	one will then be able to abide in it.
['T27n1545_096:0494c20_8']	故作是說不違俱起。	故作是說不違俱起。	Therefore, making this statement does not contradict their simultaneous arising.
['T27n1545_096:0494c20_13']	或復有執。	或復有執。	Moreover, there are those who hold the view:
['T27n1545_096:0494c21_4']	靜慮近分有喜無戒。	靜慮近分有喜無戒。	The preliminary stages of the dhyanas have joy but not morality.
['T27n1545_096:0494c21_9']	或復有執。	或復有執。	Or there are those who hold the view that
['T27n1545_096:0494c22_4']	靜慮中間以上諸地有正思惟。	靜慮中間以上諸地有正思惟。	the intermediate dhyana and above have right thought.
['T27n1545_096:0494c22_9']	或復有執。	或復有執。	Or there are those who hold the view that
['T27n1545_096:0494c22_18']	無色地中亦得有戒。	無色地中亦得有戒。	morality can also be obtained in the formless realms.
['T27n1545_096:0494c23_16']	為遮此等種種異執及顯正理故作斯論。	為遮此等種種異執及顯正理故作斯論。	In order to refute these various heterodox views and to reveal the correct principle, this treatise is composed.
['T27n1545_096:0494c24_12']	若依未至定念覺支現在前時。	若依未至定念覺支現在前時。	If, relying on the stage of access concentration to the first dhyana, the factor of recollection is present,
['T27n1545_096:0494c25_6']	學六覺支八道支現在前。	學六覺支八道支現在前。	for one in training, six factors of enlightenment and eight factors of the path are present.
['T27n1545_096:0494c25_18']	無學六覺支九道支現在前。	無學六覺支九道支現在前。	For one beyond training, six factors of enlightenment and nine factors of the path are present.
['T27n1545_096:0494c26_10']	此中六覺支者除喜覺支。	此中六覺支者除喜覺支。	Among them, the six factors of enlightenment refer to excluding the factor of joy.
['T27n1545_096:0494c27_5']	九道支者正見正智隨除一種。	九道支者正見正智隨除一種。	The nine factors of the path refer to excluding either right view or right knowledge,
['T27n1545_096:0494c27_10']	餘皆具有。	餘皆具有。	while the rest are all present.
['T27n1545_096:0494c28_5']	此說即遮靜慮近分有喜無戒。	此說即遮靜慮近分有喜無戒。	This refutes the view that the preliminary stages of the dhyanas have joy but not morality.
['T27n1545_096:0494c28_10', 'T27n1545_096:0494c29_2']	亦有誦言。🔽若依有尋有伺未至定。	亦有誦言。 若依有尋有伺未至定。	There is also a recitation that says:🔽If, relying on the stage of access concentration to the first dhyana, which has investigation and analysis,
['T27n1545_096:0494c29_10']	念覺支現在前者。	念覺支現在前者。	the factor of recollection is present,
['T27n1545_096:0495a01_6']	雖於義無益而為除疑故作是說。	雖於義無益而為除疑故作是說。	although it does not benefit the meaning, this is said in order to remove doubts.
['T27n1545_096:0495a01_11']	如餘處說。	如餘處說。	As it is said in other places:
['T27n1545_096:0495a02_4']	依未至言通靜慮中間。	依未至言通靜慮中間。	The phrase based on the preliminary stage includes the intermediate dhyāna.
['T27n1545_096:0495a02_10']	及上地近分。	及上地近分。	The words “access concentration” include the intermediate concentration and the access concentrations of the higher stages.
['T27n1545_096:0495a03_5']	皆未至彼根本定故立未至名。	皆未至彼根本定故立未至名。	All are called “access” because they are not yet the fundamental meditative states.
['T27n1545_096:0495a04_1', 'T27n1545_096:0495a04_14']	今為簡去靜慮中間及上近分。🔽故說若依有尋有伺未至定言。	今為簡去靜慮中間及上近分。 故說若依有尋有伺未至定言。	Now, in order to exclude the intermediate concentration and the access concentrations of the higher stages,🔽it is said that if one relies on the concentration of access to the first trance state that is accompanied by applied and sustained thought,
['T27n1545_096:0495a05_14']	此顯唯依初靜慮前未至定念覺支現在前。	此顯唯依初靜慮前未至定念覺支現在前。	this shows that only in the preliminary concentration preceding the first trance state is the factor of recollection present.
['T27n1545_096:0495a06_9', 'T27n1545_096:0495a07_2']	若依初靜慮念覺支現在前時。🔽學七覺支八道支現在前。	若依初靜慮念覺支現在前時。 學七覺支八道支現在前。	If one relies on the first trance state and the factor of recollection is present,🔽then for the one still in training, seven factors of enlightenment and eight factors of the path are present.
['T27n1545_096:0495a07_14']	無學七覺支九道支現在前。	無學七覺支九道支現在前。	For the post-learner, seven factors of enlightenment and nine factors of the path are present.
['T27n1545_096:0495a08_5']	此中九道支者如前說。	此中九道支者如前說。	Here, the nine factors of the path are as explained above.
['T27n1545_096:0495a08_10']	餘皆具有。	餘皆具有。	The rest are all present.
['T27n1545_096:0495a09_6']	若依靜慮中間念覺支現在前時。	若依靜慮中間念覺支現在前時。	If one relies on the intermediate concentration and the factor of recollection is present,
['T27n1545_096:0495a09_17']	學六覺支七道支現在前。	學六覺支七道支現在前。	then for the one still in training, six factors of enlightenment and seven factors of the path are present.
['T27n1545_096:0495a10_10']	無學六覺支八道支現在前。	無學六覺支八道支現在前。	For the post-learner, six factors of enlightenment and eight factors of the path are present.
['T27n1545_096:0495a11_2']	依第三第四靜慮亦爾。	依第三第四靜慮亦爾。	It is the same for the third and fourth trance states.
['T27n1545_096:0495a11_13']	此中六覺支者除喜覺支。	此中六覺支者除喜覺支。	Here, the six factors of enlightenment are the same as above, excluding the factor of joy.
['T27n1545_096:0495a12_5']	學七道支者除正思惟。	學七道支者除正思惟。	Those cultivating seven factors of the path have right thought removed.
['T27n1545_096:0495a13_5']	無學八道支者除正思惟及正見正智隨一。	無學八道支者除正思惟及正見正智隨一。	Those with eight factors of the path in the stage of no-more-learning have right thought and either right view or right knowledge removed.
['T27n1545_096:0495a14_1']	此說便止上地亦有正思惟執。	此說便止上地亦有正思惟執。	This discussion then stops the attachment that there is also right thought in the upper stages.
['T27n1545_096:0495a14_15']	若依第二靜慮念覺支現在前時。	若依第二靜慮念覺支現在前時。	If the factor of recollection is present in the second concentration,
['T27n1545_096:0495a15_7']	學七覺支七道支現在前。	學七覺支七道支現在前。	those in training have seven factors of enlightenment and seven factors of the path present.
['T27n1545_096:0495a16_1']	無學七覺支八道支現在前。	無學七覺支八道支現在前。	Those beyond training have seven factors of enlightenment and eight factors of the path present.
['T27n1545_096:0495a16_10']	彼地有喜無正思惟。	彼地有喜無正思惟。	In that stage there is joy but no right thought.
['T27n1545_096:0495a16_15']	餘如前說。	餘如前說。	The rest is as explained above.
['T27n1545_096:0495a17_9']	若依無色定念覺支現在前時。	若依無色定念覺支現在前時。	If the factor of recollection is present in the formless concentrations,
['T27n1545_096:0495a18_2']	學六覺支四道支現在前。	學六覺支四道支現在前。	those in training have six factors of enlightenment and four factors of the path present.
['T27n1545_096:0495a18_14']	無學六覺支五道支現在前。	無學六覺支五道支現在前。	Those beyond training have six factors of enlightenment and five factors of the path present.
['T27n1545_096:0495a19_6']	此中六覺支者除喜覺支。	此中六覺支者除喜覺支。	Among them, the six factors of enlightenment are those excluding the factor of joy.
['T27n1545_096:0495a19_12']	學四道支者。	學四道支者。	The four factors of the path for those in training
['T27n1545_096:0495a20_3']	除正思惟及正語業命。	除正思惟及正語業命。	exclude right thought, right speech, right action, and right livelihood.
['T27n1545_096:0495a20_10']	無學五道支者。	無學五道支者。	The five factors of the path for those beyond training
['T27n1545_096:0495a21_3']	即除前四及正見正智隨一。	即除前四及正見正智隨一。	exclude the above four and either right view or right knowledge.
['T27n1545_096:0495a22_8']	此說便止無色定中亦有戒執擇法精進輕安定捨覺支。	此說便止無色定中亦有戒執擇法精進輕安定捨覺支。	This explanation stops here. It is also said that in the formless concentrations there are also the factors of enlightenment of morality, investigation of dharmas, energy, joy, tranquility, concentration, and equanimity.
['T27n1545_096:0495a23_3']	正見正勤正念正定道支亦爾。	正見正勤正念正定道支亦爾。	The same is true for the path factors of right view, right effort, right mindfulness, and right concentration.
['T27n1545_096:0495a24_1']	皆通一切地如念覺支故此即總說。	皆通一切地如念覺支故此即總說。	All are common to all stages, because they are like the factor of enlightenment of mindfulness. This is the general explanation.
['T27n1545_096:0495a24_6']	有差別者。	有差別者。	There are distinctions.
['T27n1545_096:0495a25_2']	若正見道支現在前時定除正智。	若正見道支現在前時定除正智。	When the path factor of right view is present, concentration and right knowledge are definitely excluded.
['T27n1545_096:0495a26_12']	若依初靜慮喜覺支現在前時。	若依初靜慮喜覺支現在前時。	When the factor of enlightenment of joy is present based on the first concentration,
['T27n1545_096:0495a27_5']	學七覺支八道支現在前。	學七覺支八道支現在前。	seven factors of enlightenment and eight path factors are present for one in training.
['T27n1545_096:0495a27_17']	無學七覺支九道支現在前。	無學七覺支九道支現在前。	Nine path factors are present for one beyond training.
['T27n1545_096:0495a28_13']	此中九道支者正見正智隨除一種。	此中九道支者正見正智隨除一種。	Among these, the nine path factors are right view and right knowledge, excluding one.
['T27n1545_096:0495a28_18']	餘皆具有。	餘皆具有。	The rest are all present.
['T27n1545_096:0495a29_13']	若依第二靜慮喜覺支現在前時。	若依第二靜慮喜覺支現在前時。	When the factor of enlightenment of joy is present based on the second concentration,
['T27n1545_096:0495b01_6']	學七覺支七道支現在前。	學七覺支七道支現在前。	seven factors of enlightenment and seven path factors are present for one in training.
['T27n1545_096:0495b01_18']	無學七覺支八道支現在前。	無學七覺支八道支現在前。	Eight path factors are present for one beyond training.
['T27n1545_096:0495b02_11']	此中學七道支者除正思惟。	此中學七道支者除正思惟。	Among these, the seven path factors for one in training exclude right thought.
['T27n1545_096:0495b02_18']	無學八道支者。	無學八道支者。	The eight path factors for one beyond training.
['T27n1545_096:0495b03_11']	除正思惟及正見正智隨一。	除正思惟及正見正智隨一。	Excluding right thought and either right view or right knowledge.
['T27n1545_096:0495b04_5']	問何故近分地無喜覺支耶。	問何故近分地無喜覺支耶。	Why is there no factor of joy in the stages of access concentration?
['T27n1545_096:0495b04_11']	答非田器故。	答非田器故。	Because they are not suitable fields.
['T27n1545_096:0495b05_12']	復次諸近分地已離下染未離下染俱得現前。	復次諸近分地已離下染未離下染俱得現前。	Furthermore, in the stages of access concentration, one has already abandoned the defilements of the lower stage but has not yet abandoned the defilements of the lower stage, both of which can manifest.
['T27n1545_096:0495b06_5']	未甚希奇故不生喜。	未甚希奇故不生喜。	Because it is not very extraordinary, joy is not produced.
['T27n1545_096:0495b07_1']	如人被縛及解脫時所得勝事。	如人被縛及解脫時所得勝事。	When a person is bound and then liberated, the superior things they obtain,
['T27n1545_096:0495b07_10']	心於此事不以為奇。	心於此事不以為奇。	the mind does not consider them extraordinary.
['T27n1545_096:0495b07_15']	故不生喜。	故不生喜。	Therefore, joy is not produced.
['T27n1545_096:0495b08_8']	復次若近分地亦有喜者。	復次若近分地亦有喜者。	Furthermore, if joy also exists in the stages of access concentration,
['T27n1545_096:0495b08_17']	與根本地應無差別。	與根本地應無差別。	there should be no difference from the fundamental stages.
['T27n1545_096:0495b09_10']	復次若近分地亦有喜者。	復次若近分地亦有喜者。	Furthermore, if joy also exists in the stages of access concentration,
['T27n1545_096:0495b10_4']	應耽著此喜不求根本地。	應耽著此喜不求根本地。	one should be attached to that joy and not seek the fundamental stages.
['T27n1545_096:0495b10_13']	若爾便應障離下染。	若爾便應障離下染。	In that case, one would be obstructed from abandoning the defilements of the lower stage,
['T27n1545_096:0495b11_4']	如人中路有所耽著。	如人中路有所耽著。	just as when a person is attached to something on the way,
['T27n1545_096:0495b11_13']	於所趣方不能速至。	於所趣方不能速至。	they are unable to quickly reach their destination.
['T27n1545_096:0495b12_5']	故諸近分無喜覺支。	故諸近分無喜覺支。	Therefore, the stages of access concentration do not have the factor of joy.
['T27n1545_096:0495b13_1']	若依未至定正思惟現在前時。	若依未至定正思惟現在前時。	If one relies on the stage of access concentration to the first dhyana and right thought manifests,
['T27n1545_096:0495b13_12']	學六覺支八道支現在前。	學六覺支八道支現在前。	When cultivating the six factors of enlightenment and eight factors of the path,
['T27n1545_096:0495b14_5']	無學六覺支九道支現在前。	無學六覺支九道支現在前。	when the six factors of enlightenment and nine factors of the path are present for one beyond training.
['T27n1545_096:0495b14_12']	此中六覺支者。	此中六覺支者。	Among them, the six factors of enlightenment are:
['T27n1545_096:0495b14_17']	除喜覺支。	除喜覺支。	Excluding the factor of enlightenment of joy.
['T27n1545_096:0495b15_2']	九道支者。	九道支者。	The nine factors of the path are:
['T27n1545_096:0495b15_11']	正見正智隨除一種。	正見正智隨除一種。	Correct view and correct knowledge, excluding one of them.
['T27n1545_096:0495b15_16']	餘皆具有。	餘皆具有。	The rest are all present.
['T27n1545_096:0495b16_10', 'T27n1545_096:0495b17_3']	若依初靜慮正思惟現在前時。🔽學七覺支八道支現在前。	若依初靜慮正思惟現在前時。 學七覺支八道支現在前。	If correct thought is present in the first trance state,🔽when the seven factors of enlightenment and eight factors of the path are present for one still in training,
['T27n1545_096:0495b17_15']	無學七覺支九道支現在前。	無學七覺支九道支現在前。	when the seven factors of enlightenment and nine factors of the path are present for one beyond training.
['T27n1545_096:0495b18_9']	此中無學九道支者如前應知。	此中無學九道支者如前應知。	Among them, the nine factors of the path for one beyond training should be understood as before.
['T27n1545_096:0495b19_1']	問何故上地無正思惟。	問何故上地無正思惟。	Question: Why is there no correct thought in the upper stages?
['T27n1545_096:0495b19_7']	答非田器故。	答非田器故。	Answer: Because it is not a field of merit.
['T27n1545_096:0495b20_1']	復次為對治尋希求上地。	復次為對治尋希求上地。	Furthermore, it is a counteragent to the investigation that eagerly seeks higher stages.
['T27n1545_096:0495b20_10']	若上地中亦有尋者。	若上地中亦有尋者。	If there were also investigation in the upper stages,
['T27n1545_096:0495b21_1']	應不希求起勝加行。	應不希求起勝加行。	one should not eagerly seek to give rise to superior practices.
['T27n1545_096:0495b21_12']	復次若下地法上地皆有。	復次若下地法上地皆有。	Furthermore, if the dharmas of the lower stages were all present in the upper stages,
['T27n1545_096:0495b22_2']	是則應無漸次滅法。	是則應無漸次滅法。	then there would be no gradually extinguished dharmas.
['T27n1545_096:0495b22_14']	若無漸滅法應無究竟滅法。	若無漸滅法應無究竟滅法。	If there were no gradually extinguished dharmas, there would be no ultimately extinguished dharmas.
['T27n1545_096:0495b23_3']	若無究竟滅法。	若無究竟滅法。	If there were no ultimate cessation of dharmas,
['T27n1545_096:0495b23_12']	應無解脫出離涅槃。	應無解脫出離涅槃。	there would be no liberation, emancipation, or nirvāṇa.
['T27n1545_096:0495b23_17']	勿有此失。	勿有此失。	Do not make this mistake.
['T27n1545_096:0495b24_7']	是故上地無正思惟。	是故上地無正思惟。	Therefore, there is no right thought in the upper stages.
['T27n1545_096:0495b24_18']	復次正思惟麁上地微細。	復次正思惟麁上地微細。	Moreover, right thought is coarse, and subtle in the upper stages.
['T27n1545_096:0495b25_6']	復次正思惟者。	復次正思惟者。	Moreover, right thought
['T27n1545_096:0495b25_11']	是尋求相。	是尋求相。	is the characteristic of seeking.
['T27n1545_096:0495b26_1']	上無尋求故彼非有。	上無尋求故彼非有。	Since there is no seeking in the upper stages, it does not exist there.
['T27n1545_096:0495b26_12']	復次若地中有身語表業。	復次若地中有身語表業。	Moreover, if there is bodily and verbal informative action
['T27n1545_096:0495b27_3']	及五識中隨有一種。	及五識中隨有一種。	and any one of the five consciousnesses
['T27n1545_096:0495b27_12']	可於此地有正思惟。	可於此地有正思惟。	in a stage, there can be right thought in that stage.
['T27n1545_096:0495b28_3']	上地中無身語表業。	上地中無身語表業。	Since there is no bodily and verbal informative action
['T27n1545_096:0495b28_12']	及五識身故彼非有。	及五識身故彼非有。	and the five consciousnesses in the upper stages, it does not exist there.
['T27n1545_096:0495b29_16']	若依未至定正語現在前時學六覺支八道支現在前。	若依未至定正語現在前時學六覺支八道支現在前。	If right speech is present based on the stage of non-access concentration, the six factors of enlightenment and eight factors of the path are present for one in training.
['T27n1545_096:0495c01_10']	無學六覺支九道支現在前。	無學六覺支九道支現在前。	For one beyond training, the six factors of enlightenment and nine factors of the path are present.
['T27n1545_096:0495c01_17']	此中六覺支者。	此中六覺支者。	Here, the six factors of enlightenment
['T27n1545_096:0495c02_3']	除喜覺支。	除喜覺支。	exclude the factor of enlightenment of joy.
['T27n1545_096:0495c02_8']	餘如前說。	餘如前說。	The rest are as explained above.
['T27n1545_096:0495c03_2']	若依初靜慮正語現在前時。	若依初靜慮正語現在前時。	If right speech is present based on the first meditative absorption,
['T27n1545_096:0495c03_13']	學七覺支八道支現在前。	學七覺支八道支現在前。	When the seven factors of enlightenment and eight factors of the path are present for one in training,
['T27n1545_096:0495c04_6']	無學七覺支九道支現在前。	無學七覺支九道支現在前。	when the seven factors of enlightenment and nine factors of the path are present for one beyond training,
['T27n1545_096:0495c05_1']	此中無學九道支者如前應知。	此中無學九道支者如前應知。	among them, the nine factors of the path for one beyond training should be understood as before.
['T27n1545_096:0495c05_14']	若依靜慮中間正語現在前時。	若依靜慮中間正語現在前時。	If right speech is present in the intermediate concentration,
['T27n1545_096:0495c06_7']	學六覺支七道支現在前。	學六覺支七道支現在前。	six factors of enlightenment and seven factors of the path are present for one in training,
['T27n1545_096:0495c07_1']	無學六覺支八道支現在前。	無學六覺支八道支現在前。	six factors of enlightenment and eight factors of the path are present for one beyond training.
['T27n1545_096:0495c07_11']	依第三第四靜慮亦爾。	依第三第四靜慮亦爾。	It is the same in the third and fourth concentrations.
['T27n1545_096:0495c08_4']	此中六覺支者除喜覺支。	此中六覺支者除喜覺支。	Among them, the six factors of enlightenment are excluding the factor of enlightenment of joy.
['T27n1545_096:0495c08_14']	學七道支者除正思惟。	學七道支者除正思惟。	The seven factors of the path for one in training are excluding right thought.
['T27n1545_096:0495c09_2']	無學八道支者。	無學八道支者。	The eight factors of the path for one beyond training
['T27n1545_096:0495c09_14']	除正思惟及正見正智隨一。	除正思惟及正見正智隨一。	are excluding right thought, right view, and right knowledge, taking one of them.
['T27n1545_096:0495c10_8']	若依第二靜慮正語現在前時。	若依第二靜慮正語現在前時。	If right speech is present in the second concentration,
['T27n1545_096:0495c11_1']	學七覺支七道支現在前。	學七覺支七道支現在前。	seven factors of enlightenment and seven factors of the path are present for one in training,
['T27n1545_096:0495c11_13']	無學七覺支八道支現在前。	無學七覺支八道支現在前。	seven factors of enlightenment and eight factors of the path are present for one beyond training.
['T27n1545_096:0495c12_10']	此中學七道支無學八道支俱如前說。	此中學七道支無學八道支俱如前說。	Among them, the seven factors of the path for one in training and the eight factors of the path for one beyond training are both as explained before.
['T27n1545_096:0495c12_18']	正業正命亦爾者。	正業正命亦爾者。	Right action and right livelihood are also like this.
['T27n1545_096:0495c13_6']	俱唯六地有故。	俱唯六地有故。	Because both are only found in the six levels.
['T27n1545_096:0495c14_2']	問何故無色無正語等三種戒耶。	問何故無色無正語等三種戒耶。	Question: Why are there no three kinds of precepts such as right speech in the formless realm?
['T27n1545_096:0495c14_8']	答非田器故。	答非田器故。	Answer: Because it is not a field of capacity.
['T27n1545_096:0495c14_16']	復次戒是色一分。	復次戒是色一分。	Moreover, precepts are a part of form.
['T27n1545_096:0495c15_6']	無色無色故彼無戒。	無色無色故彼無戒。	Because the formless realm is formless, it has no precepts.
['T27n1545_096:0495c15_15']	復次戒是大種所造。	復次戒是大種所造。	Moreover, precepts are created by the great elements.
['T27n1545_096:0495c16_6']	無色無大種故亦無戒。	無色無大種故亦無戒。	Because the formless realm has no great elements, it also has no precepts.
['T27n1545_096:0495c16_14']	問既無無漏大種。	問既無無漏大種。	Question: Since there are no pure great elements,
['T27n1545_096:0495c17_4']	亦應無無漏戒耶。	亦應無無漏戒耶。	should there also be no pure precepts?
['T27n1545_096:0495c17_13']	答戒由大種而得成。	答戒由大種而得成。	Answer: Precepts are accomplished by the great elements.
['T27n1545_096:0495c18_3']	色不由大種而成。	色不由大種而成。	Form is not accomplished by the great elements.
['T27n1545_096:0495c18_14']	無漏但由心力成無漏故。	無漏但由心力成無漏故。	Because the pure [precepts] are only accomplished by the power of the mind, they are pure.
['T27n1545_096:0495c19_7']	復次厭患諸色入無色定。	復次厭患諸色入無色定。	Moreover, one who is disgusted with form enters the formless concentrations.
['T27n1545_096:0495c19_16']	戒是色故彼地中無。	戒是色故彼地中無。	Because precepts are form, they do not exist in those stages.
['T27n1545_096:0495c20_8']	復次若無色定猶有色者。	復次若無色定猶有色者。	Moreover, if the formless concentrations still had form,
['T27n1545_096:0495c20_17']	則應無有漸次滅法。	則應無有漸次滅法。	then there would be no gradual cessation of dharmas.
['T27n1545_096:0495c21_4']	乃至廣說。	乃至廣說。	And so on at length.
['T27n1545_096:0495c21_9']	故彼無戒。	故彼無戒。	Therefore they have no precepts.
['T27n1545_096:0495c22_2']	復次對治惡戒故有善戒。	復次對治惡戒故有善戒。	Moreover, because they counteract evil precepts, there are good precepts.
['T27n1545_096:0495c22_15']	無色界定不能對治諸惡戒法。	無色界定不能對治諸惡戒法。	The concentrations of the formless realm cannot counteract the dharmas of evil precepts.
['T27n1545_096:0495c23_2']	故無善戒。	故無善戒。	Therefore there are no wholesome precepts.
['T27n1545_096:0495c23_7']	所以者何。	所以者何。	Why is this?
['T27n1545_096:0495c23_16']	諸惡戒法唯欲界有。	諸惡戒法唯欲界有。	The dharmas of evil precepts exist only in the desire realm.
['T27n1545_096:0495c24_9']	無色於欲具四遠故不能對治。	無色於欲具四遠故不能對治。	The formless realm is far from the desire realm in four ways, and therefore cannot counteract it.
['T27n1545_096:0495c24_14', 'T27n1545_096:0495c25_1']	云何四遠。🔽一所依遠。	云何四遠。 一所依遠。	What are the four distances?🔽First, distance of basis.
['T27n1545_096:0495c25_6']	二所緣遠。	二所緣遠。	Second, distance of object.
['T27n1545_096:0495c25_11']	三行相遠。	三行相遠。	Third, distance of aspect.
['T27n1545_096:0495c25_16']	四對治遠。	四對治遠。	Fourth, distance of antidote.
['T27n1545_096:0495c26_8']	故無色定無正語等三種戒支。	故無色定無正語等三種戒支。	Therefore the formless concentrations have no three kinds of precepts such as right speech.
['T27n1545_096:0495c27_8']	有三十七菩提分法。	有三十七菩提分法。	There are thirty-seven factors of enlightenment.
['T27n1545_096:0495c28_11']	謂四念住四正勝四神足五根五力七覺支八道支。	謂四念住四正勝四神足五根五力七覺支八道支。	Namely, the four establishments of mindfulness, the four right efforts, the four bases of supernatural power, the five faculties, the five powers, the seven factors of enlightenment, and the eightfold path.
['T27n1545_096:0495c29_10']	世尊雖說菩提分法而不說有三十七種。	世尊雖說菩提分法而不說有三十七種。	Although the World-Honored One spoke of the factors of enlightenment, he did not say there are thirty-seven kinds.
['T27n1545_096:0496a01_4']	但說七覺支名菩提分法。	但說七覺支名菩提分法。	He only spoke of the seven factors of enlightenment as being the factors of enlightenment.
['T27n1545_096:0496a01_9']	云何知然。	云何知然。	How do we know this?
['T27n1545_096:0496a01_14']	經為量故。	經為量故。	Because the sutras are the standard.
['T27n1545_096:0496a02_12']	謂契經說有一苾芻來詣佛所頂禮雙足。	謂契經說有一苾芻來詣佛所頂禮雙足。	It is said in the sutras that a certain bhikṣu came to where the Buddha was, bowed at his feet,
['T27n1545_096:0496a03_4']	却住一面而白佛言。	却住一面而白佛言。	and then stood to one side and said to the Buddha:
['T27n1545_096:0496a03_9']	如世尊說。	如世尊說。	As the World-Honored One said.
['T27n1545_096:0496a04_1']	七覺支者何謂七覺支。	七覺支者何謂七覺支。	What are the seven factors of awakening?
['T27n1545_096:0496a04_6']	世尊告曰。	世尊告曰。	The World-Honored One said:
['T27n1545_096:0496a04_18']	即七種菩提分法名七覺支。	即七種菩提分法名七覺支。	The seven kinds of factors of enlightenment are called the seven factors of awakening.
['T27n1545_096:0496a05_8']	問菩提分法有三十七。	問菩提分法有三十七。	Question: There are thirty-seven factors of enlightenment.
['T27n1545_096:0496a06_5']	何故世尊唯說七覺支名菩提分法。	何故世尊唯說七覺支名菩提分法。	Why did the World-Honored One only speak of the seven factors of awakening as the factors of enlightenment?
['T27n1545_096:0496a06_15']	答佛隨苾芻所問而答。	答佛隨苾芻所問而答。	Answer: The Buddha answers according to the questions of the bhikṣus.
['T27n1545_096:0496a07_6']	苾芻唯問七覺支故。	苾芻唯問七覺支故。	Since the bhikṣus only asked about the seven factors of awakening,
['T27n1545_096:0496a07_15']	佛唯說七菩提分法。	佛唯說七菩提分法。	the Buddha also only spoke of the seven factors of enlightenment.
['T27n1545_096:0496a08_14']	若彼苾芻問四念住乃至若問八道支者。	若彼苾芻問四念住乃至若問八道支者。	If those bhikṣus asked about the four establishments of mindfulness, up to if they asked about the eightfold path,
['T27n1545_096:0496a09_9']	佛亦應隨彼所問一一而答。	佛亦應隨彼所問一一而答。	the Buddha would also have answered each according to their questions.
['T27n1545_096:0496a10_7']	復次彼契經中唯說無漏菩提分法。	復次彼契經中唯說無漏菩提分法。	Furthermore, in that sūtra, only the pure factors of enlightenment are spoken of.
['T27n1545_096:0496a10_16']	唯七覺支一向無漏。	唯七覺支一向無漏。	Only the seven factors of awakening are exclusively pure,
['T27n1545_096:0496a11_2']	故偏說之。	故偏說之。	therefore they are spoken of in particular.
['T27n1545_096:0496a11_11']	餘通有漏故彼不說。	餘通有漏故彼不說。	The others are also contaminated, therefore they are not spoken of.
['T27n1545_096:0496a11_16']	有作是說。	有作是說。	There is an explanation that says:
['T27n1545_096:0496a12_15']	餘契經中亦具說有三十七種菩提分法。	餘契經中亦具說有三十七種菩提分法。	In other sūtras, the thirty-seven kinds of factors of enlightenment are also fully spoken of.🔽Here is the corrected and aligned text:
['T27n1545_096:0496a13_6']	時既久遠彼經滅沒。	時既久遠彼經滅沒。	Since it has been a long time, that sūtra has disappeared.
['T27n1545_096:0496a13_11']	云何知然。	云何知然。	How do we know this?
['T27n1545_096:0496a14_5']	如彼尊者達羅達多作如是說。	如彼尊者達羅達多作如是說。	As the Venerable Dharadatta said:
['T27n1545_096:0496a14_14']	世尊有時說一道支。	世尊有時說一道支。	The World-Honored One sometimes taught one branch of the path,
['T27n1545_096:0496a15_1']	有時說二。	有時說二。	sometimes two,
['T27n1545_096:0496a15_10']	乃至有時說三十七。	乃至有時說三十七。	up to sometimes thirty-seven.
['T27n1545_096:0496a15_19']	即三十七菩提分法。	即三十七菩提分法。	These are the thirty-seven factors of enlightenment.
['T27n1545_096:0496a16_4']	如斧柯喻。	如斧柯喻。	Like the analogy of the axe handle.
['T27n1545_096:0496a17_6']	契經中說於三十七修道法中若唯取決定者。	契經中說於三十七修道法中若唯取決定者。	The sūtras say that among the thirty-seven factors of the path of cultivation, if one only takes the determined ones,
['T27n1545_096:0496a17_15']	則應說七種修道法。	則應說七種修道法。	then one should speak of seven kinds of factors of the path of cultivation.
['T27n1545_096:0496a18_6']	謂七覺支唯無漏故。	謂七覺支唯無漏故。	This refers to the seven factors of enlightenment, because they are only uncontaminated.
['T27n1545_096:0496a18_14']	若唯取不決定者。	若唯取不決定者。	If one only takes the undetermined ones,
['T27n1545_096:0496a19_6']	則應說餘六位修道法。	則應說餘六位修道法。	then one should speak of the remaining six stages of factors of the path of cultivation.
['T27n1545_096:0496a19_16']	謂四念住乃至八道支。	謂四念住乃至八道支。	This refers to the four establishments of mindfulness up to the eightfold path,
['T27n1545_096:0496a20_4']	通有漏無漏故。	通有漏無漏故。	because they are both contaminated and uncontaminated.
['T27n1545_096:0496a20_14']	若通取決定不決定者。	若通取決定不決定者。	If one comprehensively takes the determined and undetermined ones,
['T27n1545_096:0496a21_7']	則應說三十七種修道法。	則應說三十七種修道法。	then one should speak of thirty-seven kinds of factors of the path of cultivation.
['T27n1545_096:0496a21_16']	謂前六位及七覺支。	謂前六位及七覺支。	This refers to the previous six stages and the seven factors of enlightenment.
['T27n1545_096:0496a22_6']	故三十七菩提分法。	故三十七菩提分法。	Therefore, the thirty-seven factors of enlightenment🔽are
['T27n1545_096:0496a22_15']	亦是世尊契經所說。	亦是世尊契經所說。	It is also what the World-Honored One spoke in the sutras.
['T27n1545_096:0496a23_7']	問菩提分法名有三十七。	問菩提分法名有三十七。	Question: The names of the factors of enlightenment are thirty-seven.
['T27n1545_096:0496a23_13']	實體有幾耶。	實體有幾耶。	How many real entities are there?
['T27n1545_096:0496a23_18']	答此實體。	答此實體。	Answer: These real entities
['T27n1545_096:0496a24_6']	有十一或十二。	有十一或十二。	are eleven or twelve.
['T27n1545_096:0496a25_2']	若以一切攝入覺支即七覺支。	若以一切攝入覺支即七覺支。	If all are included in the factors of enlightenment, then there are seven factors of enlightenment.
['T27n1545_096:0496a26_5']	名既有七實體亦七信正思惟各唯一種正語業命。	名既有七實體亦七信正思惟各唯一種正語業命。	The names are seven, and the real entities are also seven. Faith and right thought are each of one kind. Right speech, right action, and right livelihood
['T27n1545_096:0496a26_10']	有說為二。	有說為二。	Some say they are two.
['T27n1545_096:0496a27_1']	正命即是正語業故。	正命即是正語業故。	Right livelihood is the same as right speech and right action.
['T27n1545_096:0496a27_6']	有說為三。	有說為三。	Some say they are three.
['T27n1545_096:0496a27_15']	正語業外有正命故。	正語業外有正命故。	Because there is right livelihood outside of right speech and right action.
['T27n1545_096:0496a28_5']	若說為二即唯十一。	若說為二即唯十一。	If they are said to be two, then there are only eleven.
['T27n1545_096:0496a28_14']	若說為三則有十二。	若說為三則有十二。	If they are said to be three, then there are twelve.
['T27n1545_096:0496a29_1']	所以者何。	所以者何。	Why is this?
['T27n1545_096:0496a29_12']	謂四念住慧根慧力正見。	謂四念住慧根慧力正見。	This is because the four establishments of mindfulness, the faculty of wisdom, the power of wisdom, and right view
['T27n1545_096:0496a29_19']	攝入擇法覺支。	攝入擇法覺支。	are included in the factor of enlightenment of investigating dharmas.
['T27n1545_096:0496b01_11']	四正勝精進根精進力正勤。	四正勝精進根精進力正勤。	The four right efforts, the faculty of vigor, the power of vigor, and right exertion
['T27n1545_096:0496b01_18']	攝入精進覺支。	攝入精進覺支。	are included in the factor of enlightenment of vigor.
['T27n1545_096:0496b02_9']	四神足定根定力正定。	四神足定根定力正定。	The four bases of supernatural power, the faculty of concentration, the power of concentration, and right concentration
['T27n1545_096:0496b02_15']	攝入定覺支。	攝入定覺支。	are included in the factor of enlightenment of concentration.
['T27n1545_096:0496b03_3']	念根念力正念。	念根念力正念。	The faculty of mindfulness, the power of mindfulness, and right mindfulness.
['T27n1545_096:0496b03_9']	攝入念覺支。	攝入念覺支。	Are included in the factor of enlightenment of mindfulness.
['T27n1545_096:0496b03_18']	信根信力合為信故。	信根信力合為信故。	The faculty of faith and the power of faith are combined into one faith.
['T27n1545_096:0496b04_12']	若以一切攝入道支即八道支。	若以一切攝入道支即八道支。	If all are included in the factors of the path, there are eight factors of the path.
['T27n1545_096:0496b05_4']	名雖有八實體不定。	名雖有八實體不定。	Although the names are eight, the actual essence is not fixed.
['T27n1545_096:0496b05_13']	若說正念即正語業。	若說正念即正語業。	If right mindfulness is said to be right speech and right action,
['T27n1545_096:0496b05_18']	實體唯七。	實體唯七。	The actual essence is only seven.
['T27n1545_096:0496b06_8']	若說正命非正語業。	若說正命非正語業。	If right livelihood is said to be neither right speech nor right action,
['T27n1545_096:0496b06_13']	實體有八。	實體有八。	The actual essence is eight.
['T27n1545_096:0496b07_4']	復有信喜輕安捨四。	復有信喜輕安捨四。	There are also four: faith, joy, tranquility, and equanimity.
['T27n1545_096:0496b07_9']	故亦十一。	故亦十一。	Therefore, there are also eleven.
['T27n1545_096:0496b07_14']	或有十二。	或有十二。	Or there may be twelve.
['T27n1545_096:0496b07_19']	所以者何。	所以者何。	Why is this?
['T27n1545_096:0496b08_12']	謂四念住慧根慧力擇法覺支。	謂四念住慧根慧力擇法覺支。	The four establishments of mindfulness, the faculty of wisdom, the power of wisdom, and the factor of enlightenment of investigation of dharmas.
['T27n1545_096:0496b08_17']	攝入正見。	攝入正見。	Are included in right view.
['T27n1545_096:0496b09_12']	四正勝精進根精進力精進覺支。	四正勝精進根精進力精進覺支。	The four right efforts, the faculty of vigor, the power of vigor, and the factor of enlightenment of vigor.
['T27n1545_096:0496b09_17']	攝入正勤。	攝入正勤。	Are included in right exertion.
['T27n1545_096:0496b10_9']	四神足定根定力定覺支。	四神足定根定力定覺支。	The four bases of supernatural power, the faculty of concentration, the power of concentration, and the factor of enlightenment of concentration.
['T27n1545_096:0496b10_14']	攝入正定。	攝入正定。	Are included in right concentration.
['T27n1545_096:0496b11_3']	念根念力念覺支。	念根念力念覺支。	The faculty of mindfulness, the power of mindfulness, and the factor of enlightenment of mindfulness.
['T27n1545_096:0496b11_8']	攝入正念。	攝入正念。	Are included in right mindfulness.
['T27n1545_096:0496b11_18']	信根信力合為一信故。	信根信力合為一信故。	The faculty of faith and the power of faith are combined into one faith.
['T27n1545_096:0496b12_4']	有作是說。	有作是說。	There is an opinion that says:
['T27n1545_096:0496b12_17']	正語業命戒自性故應合為一。	正語業命戒自性故應合為一。	Right speech, action, and livelihood are by nature precepts, so they should be combined into one.
['T27n1545_096:0496b13_4']	若作是說。	若作是說。	If this is said,
['T27n1545_096:0496b13_14']	菩提分法名有三十七。	菩提分法名有三十七。	the factors of enlightenment are called thirty-seven,
['T27n1545_096:0496b14_1']	實體唯十。	實體唯十。	but in reality there are only ten.
['T27n1545_096:0496b14_8']	如名實體如是。	如名實體如是。	Just as the name and reality are like this,
['T27n1545_096:0496b14_12']	名施設。	名施設。	name establishment,
['T27n1545_096:0496b14_16']	體施設。	體施設。	substance establishment,
['T27n1545_096:0496b14_20']	名異相。	名異相。	name different characteristics,
['T27n1545_096:0496b15_3']	體異相。	體異相。	substance different characteristics,
['T27n1545_096:0496b15_7']	名異性。	名異性。	name different natures,
['T27n1545_096:0496b15_11']	體異性。	體異性。	substance different natures,
['T27n1545_096:0496b15_15']	名差別。	名差別。	name distinctions,
['T27n1545_096:0496b15_19']	體差別。	體差別。	substance distinctions,
['T27n1545_096:0496b16_5']	名分別體分別。	名分別體分別。	name discrimination, substance discrimination,
['T27n1545_096:0496b16_8']	名覺。	名覺。	name enlightenment,
['T27n1545_096:0496b16_11']	體覺。	體覺。	substance enlightenment,
['T27n1545_096:0496b16_16']	應知亦爾。	應知亦爾。	should be understood as such.
['T27n1545_096:0496b17_4', 'T27n1545_096:0496b17_8']	如是名為菩提分。🔽法自性。	如是名為菩提分。 法自性。	This is called the intrinsic nature of the factors of enlightenment.
['T27n1545_096:0496b17_15']	我物相分本性。	我物相分本性。	One's own things, characteristics, and inherent nature.
['T27n1545_096:0496b18_1']	已說自性。	已說自性。	The intrinsic nature has already been explained.
['T27n1545_096:0496b18_7']	所以今當說。	所以今當說。	The reasons will now be explained.
['T27n1545_096:0496b18_17']	問何故名為菩提分法。	問何故名為菩提分法。	Why are they called the factors of enlightenment?
['T27n1545_096:0496b19_7']	菩提分法是何義耶。	菩提分法是何義耶。	What is the meaning of the factors of enlightenment?
['T27n1545_096:0496b19_17']	答盡無生智說名菩提。	答盡無生智說名菩提。	Answer: Exhaustion and non-arising cognition are called enlightenment.
['T27n1545_096:0496b20_7']	已究竟覺四聖諦故。	已究竟覺四聖諦故。	Because the four noble truths have already been fully realized.
['T27n1545_096:0496b21_2']	若法隨順此究竟覺勢用增上。	若法隨順此究竟覺勢用增上。	If a dharma accords with this ultimate realization and increases its power,
['T27n1545_096:0496b21_11']	此中說為菩提分法。	此中說為菩提分法。	These are called the factors of enlightenment.
['T27n1545_096:0496b21_16']	已釋總名。	已釋總名。	The general names have been explained.
['T27n1545_096:0496b22_6']	一一所以今應別說。	一一所以今應別說。	The specific meanings of each should now be explained separately.
['T27n1545_096:0496b23_1']	問何故名念住乃至道支耶。	問何故名念住乃至道支耶。	Why are they called the foundations of mindfulness, up to the factors of the path?
['T27n1545_096:0496b24_7']	答由念勢力折除自體故名念住自體即是有漏五蘊。	答由念勢力折除自體故名念住自體即是有漏五蘊。	Because by the power of mindfulness one subdues one's own body, they are called the foundations of mindfulness. One's own body refers to the five contaminated aggregates.
['T27n1545_096:0496b24_16']	要由念住折除彼故。	要由念住折除彼故。	One must subdue them by means of the foundations of mindfulness.
['T27n1545_096:0496b25_12']	於正持策身語意中此最為勝。	於正持策身語意中此最為勝。	Among the correct restraints of body, speech, and mind, this is the most excellent.
['T27n1545_096:0496b26_4']	故名正勝或名正斷。	故名正勝或名正斷。	Therefore, it is called right effort or right abandonment.
['T27n1545_096:0496b26_13']	於正修習斷修法時。	於正修習斷修法時。	When one correctly cultivates the abandonment and cultivation of dharmas,
['T27n1545_096:0496b27_5']	能斷懈怠故名正斷。	能斷懈怠故名正斷。	one is able to abandon laziness. Therefore, it is called right abandonment.
['T27n1545_096:0496b27_15']	能為神妙功德所依故。	能為神妙功德所依故。	Because it is able to serve as the basis for wondrous merits,
['T27n1545_096:0496b28_1']	名神足。	名神足。	it is called the bases of spiritual power.
['T27n1545_096:0496b29_1']	勢用增上故名為根難可摧制故名為力。	勢用增上故名為根難可摧制故名為力。	Because its power is supreme, it is called the faculties. Because it is difficult to suppress, it is called the powers.
['T27n1545_096:0496b29_10']	助如實覺故名覺支。	助如實覺故名覺支。	Because it assists in the realization of reality, it is called the factors of enlightenment.
['T27n1545_096:0496c01_2']	助正求趣故名道支。	助正求趣故名道支。	Because it assists in correctly seeking the path, it is called the factors of the path.
['T27n1545_096:0496c01_12']	問言覺支者是何義耶。	問言覺支者是何義耶。	What is the meaning of the factors of enlightenment?
['T27n1545_096:0496c02_3']	為能覺悟故名覺支。	為能覺悟故名覺支。	Are they called factors of enlightenment because they are able to awaken?
['T27n1545_096:0496c02_12']	為覺之支故名覺支。	為覺之支故名覺支。	Because they are factors of enlightenment, they are called factors of enlightenment.
['T27n1545_096:0496c03_3']	若能覺悟故名覺支。	若能覺悟故名覺支。	If they are called factors of enlightenment because they can enlighten,
['T27n1545_096:0496c04_1']	則應一是六非若覺之支故名覺支。	則應一是六非若覺之支故名覺支。	then one should be a factor and the other six should not be. If they are called factors of enlightenment because they are factors of enlightenment,
['T27n1545_096:0496c04_8']	則應六是一非。	則應六是一非。	then the six should be factors and one should not be.
['T27n1545_096:0496c04_13']	有作是說。	有作是說。	There is an explanation that
['T27n1545_096:0496c05_3']	此能覺悟故名覺支。	此能覺悟故名覺支。	they are called factors of enlightenment because they can enlighten.
['T27n1545_096:0496c05_7']	問若爾。	問若爾。	Question: If that is so,
['T27n1545_096:0496c05_14']	則應一是六非。	則應一是六非。	then one should be a factor and the other six should not be.
['T27n1545_096:0496c06_5']	答六是覺分能隨順覺。	答六是覺分能隨順覺。	Answer: The six are factors of enlightenment that can follow enlightenment.
['T27n1545_096:0496c06_14']	從勝而說亦名覺支。	從勝而說亦名覺支。	From the superior perspective, they are also called factors of enlightenment.
['T27n1545_096:0496c07_1']	復有說者。	復有說者。	There is another explanation that
['T27n1545_096:0496c07_10']	是覺之支故名覺支。	是覺之支故名覺支。	they are called factors of enlightenment because they are factors of enlightenment.
['T27n1545_096:0496c08_1']	問若爾則應六是一非。	問若爾則應六是一非。	Question: If that is so, then the six should be factors and one should not be.
['T27n1545_096:0496c08_11']	答擇法是覺亦是覺支。	答擇法是覺亦是覺支。	Answer: Discrimination of dharmas is both enlightenment and a factor of enlightenment.
['T27n1545_096:0496c09_1']	餘六是覺支而非覺。	餘六是覺支而非覺。	The other six are factors of enlightenment but not enlightenment.
['T27n1545_096:0496c09_11']	如正見是道亦是道支。	如正見是道亦是道支。	Just as right view is the path and also a factor of the path,
['T27n1545_096:0496c10_1']	餘七是道支而非道。	餘七是道支而非道。	the other seven are factors of the path but not the path.
['T27n1545_096:0496c10_14']	心一境性是靜慮亦是靜慮支。	心一境性是靜慮亦是靜慮支。	One-pointedness of mind is meditative absorption and also a factor of meditative absorption.
['T27n1545_096:0496c11_5']	餘是靜慮支而非靜慮。	餘是靜慮支而非靜慮。	The others are factors of meditative absorption but not meditative absorption.
['T27n1545_096:0496c11_16']	離非時食是齋亦是齋支。	離非時食是齋亦是齋支。	Abstaining from eating at improper times is fasting and also a factor of fasting.
['T27n1545_096:0496c12_6']	餘是齋支而非齋。	餘是齋支而非齋。	The rest are components of the precepts but not precepts.
['T27n1545_096:0496c12_11']	此亦如是。	此亦如是。	This is also like that.
['T27n1545_096:0496c13_10']	問言道支者是何義耶為能求趣故名道支。	問言道支者是何義耶為能求趣故名道支。	The question is asked: What is the meaning of the term factors of the path? Does it mean that because they are able to seek and progress, they are called factors of the path?
['T27n1545_096:0496c14_2']	為道之支故名道支。	為道之支故名道支。	Or does it mean that because they are branches of the path, they are called factors of the path?
['T27n1545_096:0496c14_11']	若能求趣故名道支。	若能求趣故名道支。	If it means that because they are able to seek and progress, they are called factors of the path,
['T27n1545_096:0496c14_18']	則應一是七非。	則應一是七非。	then one should be and seven should not be.
['T27n1545_096:0496c15_8']	若道之支故名道支。	若道之支故名道支。	If it means that because they are branches of the path, they are called factors of the path,
['T27n1545_096:0496c15_15']	則應七是一非。	則應七是一非。	then seven should be and one should not be.
['T27n1545_096:0496c16_2']	有作是說。	有作是說。	There is an explanation:
['T27n1545_096:0496c16_11']	此能求趣故名道支。	此能求趣故名道支。	This is because they are able to seek and progress, so they are called factors of the path.
['T27n1545_096:0496c16_15']	問若爾。	問若爾。	The question is asked: If that is so,
['T27n1545_096:0496c18_3']	則應一是七非答七是道分能隨順道從勝而說亦名道支。	則應一是七非答七是道分能隨順道從勝而說亦名道支。	then one should be and seven should not be. The answer is: Seven are factors of the path that can follow the path. They are also called factors of the path because they are superior.
['T27n1545_096:0496c18_8']	復有說者。	復有說者。	There is another explanation:
['T27n1545_096:0496c18_17']	是道之支故名道支。	是道之支故名道支。	It is called a factor of the path because it is a branch of the path.
['T27n1545_096:0496c19_2']	問若爾。	問若爾。	The question is asked: If that is so,
['T27n1545_096:0496c19_9']	則應七是一非。	則應七是一非。	then seven should be and one should not be.
['T27n1545_096:0496c20_1']	答正見是道亦是道支。	答正見是道亦是道支。	The answer is: Right view is the path and also a factor of the path.
['T27n1545_096:0496c20_10']	餘七是道支而非道。	餘七是道支而非道。	The other seven are factors of the path but not the path.
['T27n1545_096:0496c21_2']	如擇法是覺亦是覺支。	如擇法是覺亦是覺支。	Just as distinguishing dharmas is an enlightenment and also a factor of enlightenment,
['T27n1545_096:0496c21_11']	餘六是覺支而非覺。	餘六是覺支而非覺。	the other six are factors of enlightenment but not enlightenment.
['T27n1545_096:0496c21_16']	餘如前說。	餘如前說。	The rest is as explained before.
['T27n1545_096:0496c22_6']	已說菩提分法。	已說菩提分法。	The factors of enlightenment have been explained.
['T27n1545_096:0496c22_14']	所以次第今當說。	所以次第今當說。	The order will now be explained.
['T27n1545_096:0496c23_13']	問何故先說四念住乃至後說八道支耶。	問何故先說四念住乃至後說八道支耶。	Why are the four establishments of mindfulness explained first, up to the eight factors of the path being explained last?
['T27n1545_096:0496c24_8']	答隨順文詞巧妙次第法故。	答隨順文詞巧妙次第法故。	The answer is: because the order of the Dharma is in accordance with the sequence of skillful words and phrases.
['T27n1545_096:0496c25_5']	復次隨順說者受者輕便次第法故。	復次隨順說者受者輕便次第法故。	Moreover, because the order of the Dharma is easy to understand for both the expounder and the listener.
['T27n1545_096:0496c26_3']	復次四念住從初業地乃至盡無生智。	復次四念住從初業地乃至盡無生智。	Moreover, the four establishments of mindfulness, from the stage of initial practice up to the knowledge of the destruction of the taints and the knowledge of non-arising,
['T27n1545_096:0496c26_12']	勢用常勝是故先說。	勢用常勝是故先說。	are always superior in power. Therefore, they are explained first.
['T27n1545_096:0496c27_5']	四正勝從煖乃至盡無生智。	四正勝從煖乃至盡無生智。	The four right efforts, from the stage of heat up to the knowledge of the destruction of the taints and the knowledge of non-arising,
['T27n1545_096:0496c27_14']	勢用常勝是故次說。	勢用常勝是故次說。	are always superior in power. Therefore, they are explained next.
['T27n1545_096:0496c28_7']	四神足從頂乃至盡無生智。	四神足從頂乃至盡無生智。	The four bases of supernatural power, from the stage of the summit up to the knowledge of the destruction of the taints and the knowledge of non-arising,
['T27n1545_096:0496c28_16']	勢用常勝是故次說。	勢用常勝是故次說。	are always superior in power. Therefore, they are explained next.
['T27n1545_096:0496c29_8']	五根從忍乃至盡無生智。	五根從忍乃至盡無生智。	The five faculties, from the stage of patience up to the knowledge of the destruction of the taints and the knowledge of non-arising,
['T27n1545_096:0496c29_17']	勢用常勝是故次說。	勢用常勝是故次說。	are always superior in power. Therefore, they are explained next.
['T27n1545_096:0497a01_12']	五力從世第一法乃至盡無生智。	五力從世第一法乃至盡無生智。	The five powers, from the stage of the highest worldly factor up to the knowledge of the destruction of the taints and the knowledge of non-arising,
['T27n1545_096:0497a02_3']	勢用常勝是故次說。	勢用常勝是故次說。	are always superior in power. Therefore, they are explained next.
['T27n1545_096:0497a02_18']	八道支見道中勝七覺支修道中勝。	八道支見道中勝七覺支修道中勝。	The eight factors of the path are superior in the path of seeing, and the seven factors of awakening are superior in the path of cultivation.
['T27n1545_096:0497a03_10']	問何故八道支見道中勝。	問何故八道支見道中勝。	Why are the eight factors of the path superior in the path of seeing?
['T27n1545_096:0497a04_1']	七覺支修道中勝耶。	七覺支修道中勝耶。	Why are the seven factors of awakening superior in the path of cultivation?
['T27n1545_096:0497a04_10']	答求趣義是道支義。	答求趣義是道支義。	The meaning of seeking is the meaning of the factors of the path.
['T27n1545_096:0497a05_1']	見道速疾不越期心。	見道速疾不越期心。	The path of seeing is swift and does not exceed the period of time [required].
['T27n1545_096:0497a05_14']	順求趣義故見道中八道支勝。	順求趣義故見道中八道支勝。	In accordance with the meaning of seeking, the eight factors of the path are superior in the path of seeing.
['T27n1545_096:0497a06_3']	覺悟義是覺支義。	覺悟義是覺支義。	The meaning of awakening is the meaning of the factors of awakening.
['T27n1545_096:0497a06_12']	修道九品數數覺悟。	修道九品數數覺悟。	The path of cultivation repeatedly awakens to the nine grades [of defilements].
['T27n1545_096:0497a07_6']	順覺悟義故修道中七覺支勝。	順覺悟義故修道中七覺支勝。	In accordance with the meaning of awakening, the seven factors of awakening are superior in the path of cultivation.
['T27n1545_096:0497a07_10']	問若爾。	問若爾。	If that is so,
['T27n1545_096:0497a07_18']	何故先說七覺支。	何故先說七覺支。	why are the seven factors of awakening mentioned first,
['T27n1545_096:0497a08_5']	後說八道支耶。	後說八道支耶。	and the eight factors of the path are mentioned later?
['T27n1545_096:0497a08_17']	答隨順文詞巧妙次第法故。	答隨順文詞巧妙次第法故。	The answer is: It is in accordance with the sequence of the Dharma, which is the skillful sequence of literary expression.
['T27n1545_096:0497a09_14']	復次隨順說者受者輕便次第法故。	復次隨順說者受者輕便次第法故。	Moreover, it is in accordance with the sequence of the Dharma, which is the easy sequence for the expounder and the listener.
['T27n1545_096:0497a10_7']	復次隨順增數次第法故。	復次隨順增數次第法故。	Moreover, it is in accordance with the sequence of the Dharma, which is the sequence of increasing numbers.
['T27n1545_096:0497a11_5']	謂先說四次說五次說七後說八故。	謂先說四次說五次說七後說八故。	That is to say, the four are mentioned first, then the five, then the seven, and finally the eight.
['T27n1545_096:0497a11_16']	復次顯清淨法漸增長故。	復次顯清淨法漸增長故。	Moreover, it is in order to show that the pure Dharma gradually increases.
['T27n1545_096:0497a12_13']	謂先修四次修五次修七後修八故。	謂先修四次修五次修七後修八故。	That is, first one cultivates the four foundations of mindfulness, next one cultivates the four right efforts, next one cultivates the five faculties and powers, and finally one cultivates the seven factors of enlightenment and the eightfold path.🔽Other masters say:
['T27n1545_096:0497a13_1', 'T27n1545_096:0497a13_6']	有餘師說。🔽諸修行者。	有餘師說。 諸修行者。	The practitioner
['T27n1545_096:0497a13_15']	先由念住於身等境。	先由念住於身等境。	first uses the foundations of mindfulness to
['T27n1545_096:0497a14_5']	自相共相如實了知。	自相共相如實了知。	truly understand the specific and common characteristics of objects such as the body.
['T27n1545_096:0497a15_1']	除自相愚及所緣愚導起諸善。	除自相愚及所緣愚導起諸善。	Eliminating the delusion of specific characteristics and the delusion of objects, he guides the arising of wholesome dharmas.
['T27n1545_096:0497a15_10']	如有目者引導盲徒。	如有目者引導盲徒。	It is like a person with eyes leading a group of blind people.
['T27n1545_096:0497a16_1']	是故最初說四念住。	是故最初說四念住。	Therefore, the four foundations of mindfulness are mentioned first.
['T27n1545_096:0497a16_10']	由念住力了知境已。	由念住力了知境已。	By the power of the foundations of mindfulness, having understood the objects,
['T27n1545_096:0497a17_2']	於斷修事能發正勤。	於斷修事能發正勤。	he is able to arouse right effort in the matter of abandoning and cultivating.
['T27n1545_096:0497a17_11', 'T27n1545_096:0497a18_2']	故於第二說四正勝。🔽由正勝力令相續中。	故於第二說四正勝。 由正勝力令相續中。	Therefore, the four right efforts are mentioned second.
['T27n1545_096:0497a18_11']	過失損減功德增盛。	過失損減功德增盛。	By the power of the right efforts, faults are reduced and merits increase in the mindstream,
['T27n1545_096:0497a19_1']	於殊勝定能正修習。	於殊勝定能正修習。	and he is able to properly cultivate superior samādhi.
['T27n1545_096:0497a19_10']	故於第三說四神足。	故於第三說四神足。	Therefore, the four bases of supernatural powers are mentioned third.
['T27n1545_096:0497a20_9', 'T27n1545_096:0497a21_9']	由神足力令信等五與出世法為增上緣。🔽故於第四說於五根根義既成能招惡趣。	由神足力令信等五與出世法為增上緣。 故於第四說於五根根義既成能招惡趣。	By the power of the bases of supernatural powers, faith and the other five faculties become the dominant conditions for supramundane dharmas.
['T27n1545_096:0497a22_1']	煩惱惡業不能屈伏。	煩惱惡業不能屈伏。	Therefore, the five faculties are mentioned fourth. Once the meaning of the faculties is established, he is not overcome by the afflictions and evil karma that can lead to evil destinies.
['T27n1545_096:0497a22_10']	故於第五說於五力。	故於第五說於五力。	Therefore, the fifth [stage] speaks of the five powers.
['T27n1545_096:0497a23_9']	力義既成能如實覺四聖諦境無有猶豫。	力義既成能如實覺四聖諦境無有猶豫。	Since the meaning of power is already accomplished, one is able to truly realize the four noble truths without hesitation.
['T27n1545_096:0497a24_9']	故於第六說七覺支既如實覺四聖諦已。	故於第六說七覺支既如實覺四聖諦已。	Therefore, the sixth [stage] speaks of the seven factors of awakening. Having already truly realized the four noble truths,
['T27n1545_096:0497a25_1']	厭捨生死欣趣涅槃。	厭捨生死欣趣涅槃。	one becomes disgusted with and abandons samsara, and delights in and aspires for nirvana.
['T27n1545_096:0497a25_10']	故於第七說八道支。	故於第七說八道支。	Therefore, the seventh [stage] speaks of the eightfold path.
['T27n1545_096:0497a25_13']	評曰。	評曰。	The judges say:
['T27n1545_096:0497a26_3']	應知此中前說為勝。	應知此中前說為勝。	One should know that the former explanation is superior in this context.
['T27n1545_096:0497a26_12']	以修道位隣近菩提。	以修道位隣近菩提。	Because in the stage of cultivation, one is close to enlightenment.
['T27n1545_096:0497a27_3']	順覺義勝故說覺支。	順覺義勝故說覺支。	The meaning of following realization is superior, therefore it is said to be the factors of awakening.
['T27n1545_096:0497a28_2']	又修道位九地九品數數能覺覺支勝故。	又修道位九地九品數數能覺覺支勝故。	Moreover, in the stage of cultivation, the nine grounds and nine grades are able to repeatedly realize the superior factors of awakening.
['T27n1545_096:0497a28_16']	如是已總說菩提分法七位次第。	如是已總說菩提分法七位次第。	Thus, the seven stages of the factors of enlightenment have been generally explained.
['T27n1545_096:0497a29_11']	今當別說覺支道支二位次第。	今當別說覺支道支二位次第。	Now, the sequence of the two stages of the factors of enlightenment and the factors of the path will be explained separately.
['T27n1545_096:0497b01_6']	問何故七覺支中先說念覺支。	問何故七覺支中先說念覺支。	Why is it that among the seven factors of enlightenment, mindfulness is mentioned first,
['T27n1545_096:0497b01_15']	乃至後說捨覺支耶。	乃至後說捨覺支耶。	and up to equanimity is mentioned last?
['T27n1545_096:0497b02_9']	答隨順文詞巧妙次第法故。	答隨順文詞巧妙次第法故。	The answer is: It is because of the sequence of the Dharma that is skillfully expressed in the text.
['T27n1545_096:0497b03_6']	復次隨順說者受者輕便次第法故。	復次隨順說者受者輕便次第法故。	Moreover, it is because of the sequence of the Dharma that is easily received and understood by the expounder and the listener.
['T27n1545_096:0497b03_15']	尊者妙音作如是說。	尊者妙音作如是說。	Venerable Subhūti said this.
['T27n1545_096:0497b04_2']	已見諦者。	已見諦者。	Those who have already seen the truth,
['T27n1545_096:0497b04_15']	憶念先時所現觀事而為上首。	憶念先時所現觀事而為上首。	remembering the events of their previous realization as foremost,
['T27n1545_096:0497b05_6']	修習覺支令漸圓滿。	修習覺支令漸圓滿。	cultivate the factors of enlightenment, causing them to gradually become complete.
['T27n1545_096:0497b05_11']	如契經說。	如契經說。	As a sutra says:
['T27n1545_096:0497b06_6']	彼於此法繫念思惟令不迷謬。	彼於此法繫念思惟令不迷謬。	They fix their mindfulness on this Dharma, contemplate it, and prevent delusion.
['T27n1545_096:0497b06_15']	起念覺支修令圓滿。	起念覺支修令圓滿。	They give rise to the factor of enlightenment of mindfulness and cultivate it to perfection.
['T27n1545_096:0497b08_2']	念圓滿已於法簡擇籌量觀察起擇法覺支修令圓滿。	念圓滿已於法簡擇籌量觀察起擇法覺支修令圓滿。	Having perfected mindfulness, they discern, ponder, and contemplate the Dharma, giving rise to the factor of enlightenment of discriminating wisdom and cultivating it to perfection.
['T27n1545_096:0497b08_15']	擇法滿已發勤精進心不退屈。	擇法滿已發勤精進心不退屈。	Having perfected discriminating wisdom, they give rise to diligent effort without retreating.
['T27n1545_096:0497b09_7']	起精進覺支修令圓滿。	起精進覺支修令圓滿。	They give rise to the factor of enlightenment of diligence and cultivate it to perfection.
['T27n1545_096:0497b10_3']	精進滿已發生勝喜心不染著。	精進滿已發生勝喜心不染著。	Having perfected diligence, they give rise to supreme joy without being attached.
['T27n1545_096:0497b10_12']	起喜覺支修令圓滿。	起喜覺支修令圓滿。	They give rise to the factor of enlightenment of joy and cultivate it to perfection.
['T27n1545_096:0497b11_7']	喜圓滿已身心猗適離惛沈故。	喜圓滿已身心猗適離惛沈故。	Having perfected joy, their body and mind are at ease, free from torpor.
['T27n1545_096:0497b11_17']	起輕安覺支修令圓滿。	起輕安覺支修令圓滿。	They give rise to the factor of enlightenment of tranquility and cultivate it to perfection.
['T27n1545_096:0497b12_12']	輕安滿已身心悅樂得三摩地。	輕安滿已身心悅樂得三摩地。	Having perfected tranquility, their body and mind experience bliss and attain concentration.
['T27n1545_096:0497b13_3']	起定覺支修令圓滿。	起定覺支修令圓滿。	They give rise to the factor of enlightenment of concentration and cultivate it to perfection.
['T27n1545_096:0497b13_16']	定圓滿已遠離貪憂心便住捨。	定圓滿已遠離貪憂心便住捨。	When concentration is perfected, one is far removed from greed and sorrow, and the mind abides in equanimity.
['T27n1545_096:0497b14_7']	起捨覺支修令圓滿。	起捨覺支修令圓滿。	One gives rise to the factor of enlightenment of equanimity and cultivates it to perfection.
['T27n1545_096:0497b14_16']	故七覺支如是次第。	故七覺支如是次第。	Therefore, the seven factors of enlightenment have this sequence.
['T27n1545_096:0497b15_11']	問何故八道支中先說正見支。	問何故八道支中先說正見支。	Question: Why does the eightfold noble path first speak of the factor of right view,
['T27n1545_096:0497b16_2']	乃至後說正定支耶。	乃至後說正定支耶。	and finally speak of the factor of right concentration?
['T27n1545_096:0497b16_14']	答隨順文詞巧妙次第法故。	答隨順文詞巧妙次第法故。	Answer: It is because of the sequence of the Dharma that is skillfully expressed in the text.
['T27n1545_096:0497b17_11']	復次隨順說者受者輕便次第法故。	復次隨順說者受者輕便次第法故。	Moreover, it is because of the sequence of the Dharma that is easily received by the one who speaks and the one who receives.
['T27n1545_096:0497b18_2']	尊者妙音作如是說。	尊者妙音作如是說。	The Venerable Subhūti says this:
['T27n1545_096:0497b19_6']	求見諦者於現觀事正見為先修習道支令漸圓滿。	求見諦者於現觀事正見為先修習道支令漸圓滿。	Those who seek to see the truth first cultivate the factors of the path with right view as the foremost, causing them to gradually be perfected in regard to the matters of realization.
['T27n1545_096:0497b19_11']	如契經說。	如契經說。	As a scripture says:
['T27n1545_096:0497b20_2']	由正見故起正思惟。	由正見故起正思惟。	Because of right view, one gives rise to right thought.
['T27n1545_096:0497b20_11']	由正思惟故得正語。	由正思惟故得正語。	Because of right thought, one attains right speech.
['T27n1545_096:0497b21_2']	由正語故復得正業。	由正語故復得正業。	Because of right speech, one further attains right action.
['T27n1545_096:0497b21_11']	由正業故復得正命。	由正業故復得正命。	Because of right action, one further attains right livelihood.
['T27n1545_096:0497b22_2', 'T27n1545_096:0497b22_11']	由正命故發起正勤。🔽由正勤故便起正念。	由正命故發起正勤。 由正勤故便起正念。	Because of right livelihood, one gives rise to right effort.🔽Because of right effort, one then gives rise to right mindfulness.
['T27n1545_096:0497b23_2']	由正念故能起正定。	由正念故能起正定。	Because of right mindfulness, one is able to give rise to right concentration.
['T27n1545_096:0497b23_11']	故八道支如是次第。	故八道支如是次第。	Therefore, the eight factors of the path are in this order.
['T27n1545_096:0497b24_4']	已說次第。	已說次第。	The order has been explained.
['T27n1545_096:0497b24_11']	所依地今當說。	所依地今當說。	The stages they rely on will now be discussed.
['T27n1545_096:0497b25_3']	問何地有幾菩提分法。	問何地有幾菩提分法。	Question: In which stages are there how many factors of enlightenment?
['T27n1545_096:0497b25_13']	答未至定中有三十六。	答未至定中有三十六。	Answer: In the preliminary concentration there are thirty-six.
['T27n1545_096:0497b25_18']	除喜覺支。	除喜覺支。	Excluding the factor of joy.
['T27n1545_096:0497b26_8']	初靜慮中具三十七。	初靜慮中具三十七。	In the first dhyāna there are all thirty-seven.
['T27n1545_096:0497b27_8']	靜慮中間及第三第四靜慮各唯有三十五。	靜慮中間及第三第四靜慮各唯有三十五。	In the intermediate dhyāna and the third and fourth dhyānas there are only thirty-five.
['T27n1545_096:0497b27_17']	除喜覺支及正思惟。	除喜覺支及正思惟。	Excluding the factor of joy and right thought.
['T27n1545_096:0497b28_7']	第二靜慮有三十六。	第二靜慮有三十六。	In the second dhyāna there are thirty-six.
['T27n1545_096:0497b28_12']	除正思惟。	除正思惟。	Excluding right thought.
['T27n1545_096:0497b29_3']	前三無色有三十二。	前三無色有三十二。	In the first three formless [absorptions] there are thirty-two.
['T27n1545_096:0497b29_16']	除喜覺支及正思惟正語業命。	除喜覺支及正思惟正語業命。	Excluding the factor of joy, right thought, right speech, right action, and right livelihood.
['T27n1545_096:0497c01_7']	欲界有頂各有二十二。	欲界有頂各有二十二。	In the desire realm and the peak of existence there are each twenty-two.
['T27n1545_096:0497c01_11']	除覺支。	除覺支。	Excluding the factors of enlightenment.
['T27n1545_096:0497c01_18']	道支唯無漏故。	道支唯無漏故。	Because the factors of the path are only pure.
['T27n1545_096:0497c02_8']	若覺支前說道支者。	若覺支前說道支者。	If the factors of the path are explained before the factors of enlightenment,
['T27n1545_096:0497c03_4']	欲界有頂亦有道支通有漏故。	欲界有頂亦有道支通有漏故。	in the desire realm and the peak of existence there are also the factors of the path, because they are common to both the contaminated and uncontaminated.
['T27n1545_096:0497c04_4']	已說依地。	已說依地。	The stages they rely on have been explained.
['T27n1545_096:0497c04_11']	現在前今當說。	現在前今當說。	Now the present will be discussed.
['T27n1545_096:0497c05_7']	問何地有幾菩提分法俱時現前。	問何地有幾菩提分法俱時現前。	Question: In which stages and how many factors of enlightenment are present simultaneously?
['T27n1545_096:0497c06_3']	答未至定中有三十六菩提分法。	答未至定中有三十六菩提分法。	Answer: In the preliminary concentration, there are thirty-six factors of enlightenment.
['T27n1545_096:0497c06_12']	唯三十三俱時現前。	唯三十三俱時現前。	Only thirty-three are present simultaneously.
['T27n1545_096:0497c06_17']	除三念住。	除三念住。	Excluding three applications of mindfulness.
['T27n1545_096:0497c07_2']	所以者何。	所以者何。	Why is this?
['T27n1545_096:0497c07_11']	以四念住所緣各別。	以四念住所緣各別。	Because the objects of the four applications of mindfulness are each different.
['T27n1545_096:0497c08_2']	尚無有二俱時現前。	尚無有二俱時現前。	There are not even two present simultaneously.
['T27n1545_096:0497c08_7']	況有三四。	況有三四。	How much less three or four?
['T27n1545_096:0497c08_16']	初靜慮中具三十七。	初靜慮中具三十七。	In the first dhyāna, there are thirty-seven.
['T27n1545_096:0497c09_6']	唯三十四俱時現前。	唯三十四俱時現前。	Only thirty-four are present simultaneously.
['T27n1545_096:0497c09_11']	除三念住。	除三念住。	Excluding three applications of mindfulness.
['T27n1545_096:0497c10_8']	靜慮中間及第三第四靜慮各三十五。	靜慮中間及第三第四靜慮各三十五。	In the intermediate dhyāna and the third and fourth dhyānas, there are thirty-five each.
['T27n1545_096:0497c11_3']	唯三十二俱時現前除三念住。	唯三十二俱時現前除三念住。	Only thirty-two are present simultaneously, excluding three applications of mindfulness.
['T27n1545_096:0497c11_12']	第二靜慮有三十六。	第二靜慮有三十六。	In the second dhyāna, there are thirty-six.
['T27n1545_096:0497c12_2']	唯三十三俱時現前。	唯三十三俱時現前。	Only thirty-three are present simultaneously.
['T27n1545_096:0497c12_7']	除三念住。	除三念住。	Excluding three applications of mindfulness.
['T27n1545_096:0497c12_16']	前三無色有三十二。	前三無色有三十二。	The first three formless [absorptions] have thirty-two.
['T27n1545_096:0497c13_6']	唯二十九俱時現前。	唯二十九俱時現前。	Only twenty-nine are present simultaneously.
['T27n1545_096:0497c13_11']	除三念住。	除三念住。	Excluding three applications of mindfulness.
['T27n1545_096:0497c14_1']	欲界有頂有二十二。	欲界有頂有二十二。	The desire realm and the peak of existence have twenty-two.
['T27n1545_096:0497c14_10']	唯有十九俱時現前。	唯有十九俱時現前。	There are only nineteen present simultaneously.
['T27n1545_096:0497c15_5']	除三念住餘隨義說非要別體。	除三念住餘隨義說非要別體。	Except for the three establishments of mindfulness, the rest are explained according to their meaning and are not necessarily separate entities.
['T27n1545_096:0497c16_5']	已說現在前。	已說現在前。	The present has already been explained.
['T27n1545_096:0497c16_13']	雜不雜相今當說。	雜不雜相今當說。	The mixed and unmixed characteristics will now be explained.
['T27n1545_096:0497c17_6']	問此三十七菩提分法中。	問此三十七菩提分法中。	It is asked: Among these thirty-seven factors of enlightenment,
['T27n1545_096:0497c17_17']	諸是覺支者亦是道支耶。	諸是覺支者亦是道支耶。	are those that are factors of enlightenment also factors of the path?
['T27n1545_096:0497c18_4']	答應作四句。	答應作四句。	The answer is: Four sentences should be made.
['T27n1545_096:0497c18_12']	有是覺支非道支。	有是覺支非道支。	There are those that are factors of enlightenment but not factors of the path.
['T27n1545_096:0497c18_18']	謂喜輕安捨。	謂喜輕安捨。	Namely, joy, pliancy, and equanimity.
['T27n1545_096:0497c19_7']	有是道支非覺支。	有是道支非覺支。	There are those that are factors of the path but not factors of enlightenment.
['T27n1545_096:0497c19_16']	謂正思惟正語業命。	謂正思惟正語業命。	Namely, right thought, right speech, right action, and right livelihood.
['T27n1545_096:0497c20_7']	有是覺支亦是道支。	有是覺支亦是道支。	There are those that are factors of enlightenment and also factors of the path.
['T27n1545_096:0497c20_17']	謂除信諸餘菩提分法。	謂除信諸餘菩提分法。	Namely, all the factors of enlightenment except faith.
['T27n1545_096:0497c21_8']	有非覺支亦非道支。	有非覺支亦非道支。	There are those that are neither factors of enlightenment nor factors of the path.
['T27n1545_096:0497c21_11']	謂信。	謂信。	Namely, faith.
['T27n1545_096:0497c22_3']	問何故立喜為覺支耶。	問何故立喜為覺支耶。	It is asked: Why is joy established as a factor of enlightenment?
['T27n1545_096:0497c22_13']	答順覺悟義是覺支義。	答順覺悟義是覺支義。	The answer is: The meaning of being in accordance with enlightenment is the meaning of being a factor of enlightenment.
['T27n1545_096:0497c23_4']	喜順彼勝故立覺支。	喜順彼勝故立覺支。	Joy is superior in accordance with that, so it is established as a factor of enlightenment.
['T27n1545_096:0497c23_12']	問云何喜順彼勝。	問云何喜順彼勝。	It is asked: How is joy superior in accordance with that?
['T27n1545_096:0497c24_8']	答以修道中九地九品數修勝覺。	答以修道中九地九品數修勝覺。	The answer is: In the path of cultivation, the superior enlightenment is cultivated in the nine stages and nine grades.
['T27n1545_096:0497c24_17']	如如於諦能如實覺。	如如於諦能如實覺。	Just as it is, one is able to truly awaken to the truth.
['T27n1545_096:0497c25_8']	如是如是發生勝喜。	如是如是發生勝喜。	In this way, one gives rise to supreme joy.
['T27n1545_096:0497c25_13']	如如生喜。	如如生喜。	Just as it is, one gives rise to joy.
['T27n1545_096:0497c25_18']	如是如是。	如是如是。	In this way,
['T27n1545_096:0497c26_8']	復樂於諦起如實覺。	復樂於諦起如實覺。	one further delights in truly awakening to the truth.
['T27n1545_096:0497c26_17']	如人掘地得諸珍寶。	如人掘地得諸珍寶。	It is like a person digging the earth and obtaining various treasures.
['T27n1545_096:0497c27_12']	如如掘地如是如是得寶生喜。	如如掘地如是如是得寶生喜。	Just as it is, as one digs the earth, in this way one obtains treasures and gives rise to joy.
['T27n1545_096:0497c28_2']	如如得寶生喜。	如如得寶生喜。	Just as it is, as one obtains treasures and gives rise to joy,
['T27n1545_096:0497c28_11']	如是如是復樂掘地。	如是如是復樂掘地。	in this way one further delights in digging the earth.
['T27n1545_096:0497c28_16']	此亦如是。	此亦如是。	This is also like that.
['T27n1545_096:0497c29_7']	問何故不立喜為道支。	問何故不立喜為道支。	Question: Why is joy not established as a factor of the path?
['T27n1545_096:0497c29_17']	答順求趣義是道支義。	答順求趣義是道支義。	Answer: The meaning of being in accord with seeking and progressing is the meaning of the factors of the path.
['T27n1545_096:0498a01_10']	喜非順彼勝故不立道支。	喜非順彼勝故不立道支。	Joy is not in accord with that, and therefore it is not established as a factor of the path.
['T27n1545_096:0498a02_2']	問云何喜非順彼勝。	問云何喜非順彼勝。	Question: How is joy not in accord with that?
['T27n1545_096:0498a02_12']	答如如於諦發生勝喜。	答如如於諦發生勝喜。	Answer: Just as it is, as one gives rise to supreme joy regarding the truth,
['T27n1545_096:0498a03_3']	如是如是樂住不去。	如是如是樂住不去。	in this way one delights in abiding and does not leave.
['T27n1545_096:0498a03_12']	故於求趣喜非隨順。	故於求趣喜非隨順。	Therefore, regarding seeking and progressing, joy is not in accord with it.
['T27n1545_096:0498a04_3']	如人在路有所樂著。	如人在路有所樂著。	It is like a person on a road who has something he delights in.
['T27n1545_096:0498a04_12']	於所趣方不能速至。	於所趣方不能速至。	Regarding the direction he is heading towards, he is unable to arrive quickly.
['T27n1545_096:0498a04_17']	此亦如是。	此亦如是。	This is also like that.
['T27n1545_096:0498a05_11']	問何故輕安捨俱立為覺支。	問何故輕安捨俱立為覺支。	Question: Why are lightness and equanimity established together as factors of enlightenment?
['T27n1545_096:0498a06_3']	答順覺悟義是覺支義。	答順覺悟義是覺支義。	Answer: The meaning of being in accord with enlightenment is the meaning of factors of enlightenment.
['T27n1545_096:0498a06_16']	輕安與捨順彼勝故俱立覺支。	輕安與捨順彼勝故俱立覺支。	Because lightness and equanimity are superior in accordance with that, they are both established as factors of enlightenment.
['T27n1545_096:0498a07_10']	問云何輕安捨俱順彼勝耶。	問云何輕安捨俱順彼勝耶。	Question: How are lightness and equanimity superior in accordance with that?
['T27n1545_096:0498a08_7']	答由輕安力息諸事務住平等捨。	答由輕安力息諸事務住平等捨。	Answer: By the power of lightness, one ceases all activities and abides in equanimity.
['T27n1545_096:0498a09_3']	便能於諦起如實覺故順彼勝。	便能於諦起如實覺故順彼勝。	One is then able to give rise to true understanding of the truths. Therefore, they are superior in accordance with that.
['T27n1545_096:0498a09_15']	問何故輕安捨不立為道支。	問何故輕安捨不立為道支。	Question: Why are lightness and equanimity not established as factors of the path?
['T27n1545_096:0498a10_7']	答順求趣義是道支義。	答順求趣義是道支義。	Answer: The meaning of being in accord with seeking and progressing is the meaning of factors of the path.
['T27n1545_096:0498a11_5']	輕安與捨非順彼勝故不立為道支。	輕安與捨非順彼勝故不立為道支。	Because lightness and equanimity are not superior in accordance with that, they are not established as factors of the path.
['T27n1545_096:0498a11_15']	問云何此二非順彼勝。	問云何此二非順彼勝。	Question: How are these two not superior in accordance with that?
['T27n1545_096:0498a12_3']	答輕安息求。	答輕安息求。	Answer: Lightness ceases seeking.
['T27n1545_096:0498a12_8']	捨不樂趣。	捨不樂趣。	Equanimity does not delight in progressing.
['T27n1545_096:0498a12_17']	與求趣義一向相違。	與求趣義一向相違。	It is completely contrary to the meaning of seeking and progressing.
['T27n1545_096:0498a13_11']	如去與住睡眠與覺一向相違。	如去與住睡眠與覺一向相違。	Like going and staying, sleep and wakefulness are completely contrary.
['T27n1545_096:0498a13_16']	此亦如是。	此亦如是。	This is also like that.
['T27n1545_096:0498a14_13']	問正思惟何故立為道支非覺支耶。	問正思惟何故立為道支非覺支耶。	Question: Why is right thought established as a factor of the path but not a factor of enlightenment?
['T27n1545_096:0498a15_6']	答順求趣義是道支義。	答順求趣義是道支義。	The meaning of following and seeking is the meaning of the factors of the path.
['T27n1545_096:0498a16_2']	彼策正見求出生死速趣涅槃。	彼策正見求出生死速趣涅槃。	They urge right view to seek liberation and quickly enter nirvana.
['T27n1545_096:0498a16_15']	如杖捶牛速有所至故立道支。	如杖捶牛速有所至故立道支。	Like a stick driving an ox to quickly reach a destination, it is established as a factor of the path.
['T27n1545_096:0498a17_8']	求趣不息是正思惟覺支。	求趣不息是正思惟覺支。	Seeking without stopping is right thought, a factor of enlightenment.
['T27n1545_096:0498a17_15']	安靜義不相順。	安靜義不相順。	The meaning of tranquility is not in accord.
['T27n1545_096:0498a18_13']	諸安靜者能如實覺是故不立彼為覺支。	諸安靜者能如實覺是故不立彼為覺支。	Those who are tranquil can truly awaken, therefore it is not established as a factor of enlightenment.
['T27n1545_096:0498a19_12']	問何故正語業命立為道支非覺支耶。	問何故正語業命立為道支非覺支耶。	Why are right speech, action, and livelihood established as factors of the path but not factors of enlightenment?
['T27n1545_096:0498a20_5']	答順求趣義是道支義。	答順求趣義是道支義。	The meaning of following and seeking is the meaning of the factors of the path.
['T27n1545_096:0498a21_1']	正語業命如轂能成見道輪故。	正語業命如轂能成見道輪故。	Right speech, action, and livelihood are like the hub that can form the wheel of the path of seeing,
['T27n1545_096:0498a21_10']	順求趣義立為道支。	順求趣義立為道支。	therefore the meaning of following and seeking is established as the factors of the path.
['T27n1545_096:0498a21_19']	順覺悟義是覺支義。	順覺悟義是覺支義。	The meaning of following and awakening is the meaning of the factors of enlightenment.
['T27n1545_096:0498a22_7']	覺悟非色是相應。	覺悟非色是相應。	Awakening is formless and associated.
['T27n1545_096:0498a22_11', 'T27n1545_096:0498a22_15']	有所依。🔽有所緣。	有所依。 有所緣。	It has a basis.🔽It has an object.
['T27n1545_096:0498a22_19']	有行相。	有行相。	It has aspects.
['T27n1545_096:0498a23_3']	有警覺。	有警覺。	It has alertness.
['T27n1545_096:0498a24_1']	正語業命與彼相違故不立為覺支。	正語業命與彼相違故不立為覺支。	Right speech, action, and livelihood are contrary to that, therefore they are not established as factors of enlightenment.
['T27n1545_096:0498a24_13']	問何故信不立覺支道支耶。	問何故信不立覺支道支耶。	Why are faith not established as factors of enlightenment or factors of the path?
['T27n1545_096:0498a25_5']	答初發趣時信用增上。	答初發趣時信用增上。	Answer: When first setting out, faith and reliance increase.
['T27n1545_096:0498a25_14']	已入聖位修覺道支。	已入聖位修覺道支。	Having already entered the holy stage, one cultivates the factors of enlightenment and the path.
['T27n1545_096:0498a26_5']	時分不同故俱不立。	時分不同故俱不立。	Since the time periods are different, they are not established together.
['T27n1545_096:0498a26_16']	復次諸清淨法於清淨品。	復次諸清淨法於清淨品。	Furthermore, among the pure dharmas in the category of purity,🔽some have complete characteristics and some do not.
['T27n1545_096:0498a27_9', 'T27n1545_096:0498a27_13']	相有圓滿者有不圓滿者。🔽圓滿者。	相有圓滿者有不圓滿者。 圓滿者。	Those with complete characteristics
['T27n1545_096:0498a28_5']	謂具有根力覺道支相。	謂具有根力覺道支相。	are those that possess the characteristics of the faculties, powers, factors of enlightenment, and factors of the path.
['T27n1545_096:0498a28_14']	與此相違名不圓滿。	與此相違名不圓滿。	Those that are contrary to this are called incomplete.
['T27n1545_096:0498a29_4']	不圓滿中有覺支相。	不圓滿中有覺支相。	Among the incomplete, there are those that have the characteristics of the factors of enlightenment
['T27n1545_096:0498a29_17']	無道支相者立為覺支非道支。	無道支相者立為覺支非道支。	but not the characteristics of the factors of the path. They are established as factors of enlightenment but not factors of the path.
['T27n1545_096:0498b01_5']	如喜輕安捨。	如喜輕安捨。	Such as joy, pliancy, and equanimity.
['T27n1545_096:0498b01_15']	有道支相無覺支相者。	有道支相無覺支相者。	There are those that have the characteristics of the factors of the path but not the characteristics of the factors of enlightenment.
['T27n1545_096:0498b02_5']	立為道支非覺支。	立為道支非覺支。	They are established as factors of the path but not factors of enlightenment.
['T27n1545_096:0498b02_14']	如正思惟正語業命。	如正思惟正語業命。	Such as right thought, right speech, and right action.
['T27n1545_096:0498b03_5']	相圓滿者立覺道支。	相圓滿者立覺道支。	Those with complete characteristics are established as factors of enlightenment and the path.
['T27n1545_096:0498b03_11']	如念定慧等。	如念定慧等。	Such as mindfulness, concentration, wisdom, and so forth.
['T27n1545_096:0498b04_9', 'T27n1545_096:0498b05_3']	不圓滿中無覺道支相者俱不立如信。🔽問何不立心為菩提分法。	不圓滿中無覺道支相者俱不立如信。 問何不立心為菩提分法。	Among the incomplete, those that lack the characteristics of the factors of enlightenment and the path are not established together, such as faith.🔽Question: Why are not the mind established as factors of enlightenment?
['T27n1545_096:0498b05_13']	答心無菩提分法相故。	答心無菩提分法相故。	Answer: Because the mind lacks the characteristics of factors of enlightenment.
['T27n1545_096:0498b06_10']	復次心於雜染清淨品中勢用均等。	復次心於雜染清淨品中勢用均等。	Moreover, the mind is equal in power in the defiled and pure categories.
['T27n1545_096:0498b07_1']	菩提分法於清淨品。	菩提分法於清淨品。	The factors of enlightenment are biased in power in the pure category.
['T27n1545_096:0498b07_10']	勢用偏增是故不立。	勢用偏增是故不立。	Therefore, they are not established.
['T27n1545_096:0498b08_3']	復次菩提分法多緣共相。	復次菩提分法多緣共相。	Moreover, the factors of enlightenment are mostly based on common characteristics.
['T27n1545_096:0498b08_13']	心多緣自相是故不立。	心多緣自相是故不立。	The mind is mostly based on its own characteristics. Therefore, they are not established.
['T27n1545_096:0498b09_6']	復次菩提分法對治煩惱。	復次菩提分法對治煩惱。	Moreover, the factors of enlightenment counteract the afflictions.
['T27n1545_096:0498b09_15']	一切煩惱皆是心所。	一切煩惱皆是心所。	All afflictions are mental factors.
['T27n1545_096:0498b10_5']	故能對治亦非是心。	故能對治亦非是心。	Therefore, the counteragent is also not the mind.
['T27n1545_096:0498b10_16']	復次菩提分法輔佐菩提。	復次菩提分法輔佐菩提。	Moreover, the factors of enlightenment assist enlightenment.
['T27n1545_096:0498b11_6']	心王不應輔佐於覺。	心王不應輔佐於覺。	The mind king should not assist in enlightenment.
['T27n1545_096:0498b11_15']	如王無有輔佐臣義。	如王無有輔佐臣義。	It is like a king who has no ministers to assist him.
['T27n1545_096:0498b12_8']	復次心令生死輪轉無窮。	復次心令生死輪轉無窮。	Moreover, the mind causes the wheel of birth and death to revolve endlessly.
['T27n1545_096:0498b12_17']	菩提分法能斷生死。	菩提分法能斷生死。	The factors of enlightenment can cut off birth and death.
['T27n1545_096:0498b13_8']	義不相應是故不立。	義不相應是故不立。	The meaning is not appropriate. Therefore, they are not established.
['T27n1545_096:0498b14_2']	復次菩提分法能調伏心。	復次菩提分法能調伏心。	Moreover, the factors of enlightenment can subdue the mind.
['T27n1545_096:0498b14_11']	不可所調即能調攝。	不可所調即能調攝。	It is impossible for that which is to be subdued to subdue itself.
['T27n1545_096:0498b15_2']	諸有欲令定即心者。	諸有欲令定即心者。	Those who wish for concentration to be the mind
['T27n1545_096:0498b15_11']	說心亦是菩提分法。	說心亦是菩提分法。	say that the mind is also a factor of enlightenment.
['T27n1545_096:0498b16_2']	彼違理故非此所論。	彼違理故非此所論。	Because they are contrary to reason, they are not discussed here.
['T27n1545_096:0498b17_2']	問大地法中何故但立念定慧受為菩提分。	問大地法中何故但立念定慧受為菩提分。	Question: Among the great grounds, why are only mindfulness, concentration, wisdom, and feeling established as factors of enlightenment?
['T27n1545_096:0498b17_16']	答念定慧三順清淨品勢用增上。	答念定慧三順清淨品勢用增上。	Answer: The three of mindfulness, concentration, and wisdom are superior in power in accordance with the category of purity.
['T27n1545_096:0498b18_6']	菩提分法亦復如是。	菩提分法亦復如是。	The factors of enlightenment are also like this.
['T27n1545_096:0498b18_11']	故攝此三。	故攝此三。	Therefore, these three are included.
['T27n1545_096:0498b19_6']	受於雜染清淨品中勢用俱勝。	受於雜染清淨品中勢用俱勝。	Feeling is superior in power in both the category of defilement and the category of purity.
['T27n1545_096:0498b19_15']	故亦立為菩提分法。	故亦立為菩提分法。	Therefore, it is also established as a factor of enlightenment.
['T27n1545_096:0498b20_2']	有餘師說。	有餘師說。	Other masters say:
['T27n1545_096:0498b21_2']	受於雜染勢用雖勝而於淨品作饒益事。	受於雜染勢用雖勝而於淨品作饒益事。	Although feeling is superior in power in defilement, it performs beneficial activities in the category of purity.
['T27n1545_096:0498b22_3']	如旃荼羅姓雖鄙劣而與豪族作饒益事。	如旃荼羅姓雖鄙劣而與豪族作饒益事。	Just as the candāla caste, although lowly, performs beneficial activities for the noble clans.
['T27n1545_096:0498b22_12']	故亦立為菩提分法。	故亦立為菩提分法。	Therefore, it is also established as a factor of enlightenment.
['T27n1545_096:0498b23_6']	想思觸欲於雜染品勢用偏增。	想思觸欲於雜染品勢用偏增。	Imagination, intention, contact, and desire are biased in increasing power in the category of defilement.
['T27n1545_096:0498b23_15']	故不立為菩提分法。	故不立為菩提分法。	Therefore, they are not established as factors of enlightenment.
['T27n1545_096:0498b24_6']	於假想觀勝解偏增。	於假想觀勝解偏增。	In conceptual meditation, resolve increases biasedly.
['T27n1545_096:0498b24_15']	菩提分法順真實觀。	菩提分法順真實觀。	The factors of enlightenment are in accordance with true observation.
['T27n1545_096:0498b25_5']	是故勝解非彼所攝。	是故勝解非彼所攝。	Therefore, resolve is not included in them.
['T27n1545_096:0498b25_10']	有餘師說。	有餘師說。	Other masters say:
['T27n1545_096:0498b26_1']	菩提分法學位偏增。	菩提分法學位偏增。	The factors of enlightenment are especially cultivated in the learner stage.
['T27n1545_096:0498b26_10']	至無學位勝解方勝。	至無學位勝解方勝。	When one reaches the stage of post-learner, only the superior resolve is superior.
['T27n1545_096:0498b27_1']	故不立為菩提分法。	故不立為菩提分法。	Therefore, they are not established as factors of enlightenment.
['T27n1545_096:0498b27_14']	作意於境令心發覺易脫不定。	作意於境令心發覺易脫不定。	Attention causes the mind to be easily distracted and unstable when encountering objects.
['T27n1545_096:0498b28_5']	菩提分法令心住境。	菩提分法令心住境。	The factors of enlightenment cause the mind to abide in objects.
['T27n1545_096:0498b28_14']	義不相應故亦不立。	義不相應故亦不立。	Since the meanings are not compatible, they are also not established.
['T27n1545_096:0498b29_1']	有餘師說。	有餘師說。	Other masters say:
['T27n1545_096:0498b29_10']	初取境時作意力勝。	初取境時作意力勝。	When first grasping objects, the power of attention is superior.
['T27n1545_096:0498b29_19']	至境相續彼力漸微。	至境相續彼力漸微。	When objects continue, its power gradually diminishes.
['T27n1545_096:0498c01_12']	菩提分法要取境已多時方有。	菩提分法要取境已多時方有。	The factors of enlightenment only exist after a long time of grasping objects.
['T27n1545_096:0498c02_3']	義不相應故亦不立。	義不相應故亦不立。	Since the meanings are not compatible, they are also not established.
['T27n1545_096:0498c02_13']	問何故三受皆通無漏。	問何故三受皆通無漏。	Why are the three feelings all uncontaminated,
['T27n1545_096:0498c03_4']	唯立喜為菩提分法。	唯立喜為菩提分法。	but only joy is established as a factor of enlightenment?
['T27n1545_096:0498c03_14']	答樂捨二受無彼相故。	答樂捨二受無彼相故。	Because the two feelings of pleasure and equanimity do not have that characteristic.
['T27n1545_096:0498c04_6']	復次菩提分法行相猛利。	復次菩提分法行相猛利。	Furthermore, the aspects of the factors of enlightenment are sharp.
['T27n1545_096:0498c04_15']	樂捨遲鈍故俱不立。	樂捨遲鈍故俱不立。	Pleasure and equanimity are dull, so they are both not established.
['T27n1545_096:0498c05_11']	復次無漏樂受為輕安樂所覆損故。	復次無漏樂受為輕安樂所覆損故。	Furthermore, the uncontaminated feeling of pleasure is obscured by the pleasure of tranquility,
['T27n1545_096:0498c06_7']	捨為行捨所覆損故相不明了。	捨為行捨所覆損故相不明了。	and equanimity is obscured by the practice of equanimity, so its characteristics are not clear.
['T27n1545_096:0498c06_16']	故不立為菩提分法。	故不立為菩提分法。	Therefore they are not established as factors of enlightenment.
['T27n1545_096:0498c07_9']	問何故尋伺俱通無漏。	問何故尋伺俱通無漏。	Question: Why are both applied thought and sustained thought both pure,
['T27n1545_096:0498c08_1']	唯立尋為菩提分法。	唯立尋為菩提分法。	but only applied thought is established as a factor of enlightenment?
['T27n1545_096:0498c08_11']	答伺無彼相是故不立。	答伺無彼相是故不立。	Answer: Sustained thought lacks that characteristic, therefore it is not established.
['T27n1545_096:0498c09_4']	復次菩提分法行相猛利。	復次菩提分法行相猛利。	Furthermore, the characteristics of the factors of enlightenment are sharp and intense.
['T27n1545_096:0498c09_13']	伺用微劣是故不立。	伺用微劣是故不立。	Sustained thought has weak function, therefore it is not established.
['T27n1545_096:0498c10_5']	復次伺用為尋所覆損故。	復次伺用為尋所覆損故。	Furthermore, the function of sustained thought is obscured by applied thought, and therefore it is damaged.
['T27n1545_096:0498c10_14']	於策正見尋用偏增。	於策正見尋用偏增。	The function of applied thought is biased towards encouraging right view.
['T27n1545_096:0498c11_5']	故伺不立菩提分法。	故伺不立菩提分法。	Therefore sustained thought is not established as a factor of enlightenment.
['T27n1545_096:0498c12_12']	問大善地法中何故但立信精進輕安捨四種為菩提分法耶。	問大善地法中何故但立信精進輕安捨四種為菩提分法耶。	Question: Why are only the four of faith, zeal, tranquility, and equanimity established as factors of enlightenment among the great wholesome factors?
['T27n1545_096:0498c13_6']	答由此四種順菩提勝故。	答由此四種順菩提勝故。	Answer: Because these four are superior in accordance with enlightenment,
['T27n1545_096:0498c13_14']	偏立為菩提分法。	偏立為菩提分法。	they are exclusively established as factors of enlightenment.
['T27n1545_096:0498c14_4']	謂趣菩提信為上首。	謂趣菩提信為上首。	That is to say, faith is foremost in progressing towards enlightenment.
['T27n1545_096:0498c14_13']	將起眾行信為初基。	將起眾行信為初基。	When about to give rise to various practices, faith is the initial foundation.
['T27n1545_096:0498c15_4']	故立信為菩提分法。	故立信為菩提分法。	Therefore faith is established as a factor of enlightenment.
['T27n1545_096:0498c15_13']	精進遍策趣菩提行。	精進遍策趣菩提行。	Zeal universally encourages the practices progressing towards enlightenment,
['T27n1545_096:0498c16_4']	令速趣向三乘菩提。	令速趣向三乘菩提。	causing one to quickly progress towards the enlightenment of the three vehicles.
['T27n1545_096:0498c16_13']	故亦立為菩提分法。	故亦立為菩提分法。	Therefore they are also established as factors of enlightenment.
['T27n1545_096:0498c17_7']	輕安調適對治惛沈助觀品勝。	輕安調適對治惛沈助觀品勝。	Lightness and comfort counteract torpor and are superior in the category of contemplation.
['T27n1545_096:0498c18_2']	行捨平等對治掉舉助止品勝。	行捨平等對治掉舉助止品勝。	Equanimity and impartiality counteract agitation and are superior in the category of cessation.
['T27n1545_096:0498c18_11']	菩提分中止觀為主。	菩提分中止觀為主。	Among the factors of enlightenment, contemplation is primary.
['T27n1545_096:0498c19_1', 'T27n1545_096:0498c19_14']	故俱立為菩提分法。🔽慚愧等六散善品中勢用雖勝。	故俱立為菩提分法。 慚愧等六散善品中勢用雖勝。	Therefore both are established as factors of enlightenment.🔽The six such as shame and conscience, although powerful in the category of scattered goodness,
['T27n1545_096:0498c20_5']	而於定善勢用微劣。	而於定善勢用微劣。	are of little power in the goodness of samādhi.
['T27n1545_096:0498c20_14']	故不立為菩提分法。	故不立為菩提分法。	Therefore they are not established as factors of enlightenment.
['T27n1545_096:0498c21_5']	以菩提分定善攝故。	以菩提分定善攝故。	This is because the factors of enlightenment are subsumed in the goodness of samādhi.
['T27n1545_096:0498c21_10']	有餘師說。	有餘師說。	Other masters say:
['T27n1545_096:0498c22_8']	大善法中若所治強自性勝者立為覺分。	大善法中若所治強自性勝者立為覺分。	Among the greatly good dharmas, those whose objects of elimination are strong and whose natures are superior are established as factors of enlightenment.
['T27n1545_096:0498c22_17']	餘則不爾所治強者。	餘則不爾所治強者。	The others are not like this. Those whose objects of elimination are strong
['T27n1545_096:0498c23_7']	謂與一切染心相應。	謂與一切染心相應。	are associated with all defiled minds.
['T27n1545_096:0498c23_12']	自性勝者。	自性勝者。	Those whose natures are superior
['T27n1545_096:0498c24_7']	謂眾行本策發眾行助止觀勝。	謂眾行本策發眾行助止觀勝。	are the basis of many practices, encouraging many practices, and are superior in assisting cessation and contemplation.
['T27n1545_096:0498c25_1']	信精進輕安捨皆具二義。	信精進輕安捨皆具二義。	Faith, zeal, lightness, and equanimity all have both meanings.
['T27n1545_096:0498c25_10']	慚愧等六無具二者。	慚愧等六無具二者。	The six such as shame and conscience do not have both.
['T27n1545_096:0498c26_1']	謂慚等五二義並無。	謂慚等五二義並無。	The five such as shame do not have both meanings.
['T27n1545_096:0498c26_12']	不放逸一種唯𨵗自性勝。	不放逸一種唯𨵗自性勝。	Non-negligence is only one kind, and its nature is superior,
['T27n1545_096:0498c27_3']	故不立為菩提分法。	故不立為菩提分法。	Therefore it is not established as a factor of enlightenment.
['T27n1545_096:0498c27_13']	問何故欣厭亦體是善。	問何故欣厭亦體是善。	Question: Why are joy and disgust also good in essence,
['T27n1545_096:0498c28_3']	而不立為菩提分法。	而不立為菩提分法。	But not established as factors of enlightenment?
['T27n1545_096:0498c28_13']	答欣厭二法不能遍緣。	答欣厭二法不能遍緣。	Answer: The two dharmas of joy and disgust cannot universally be objects of cognition,
['T27n1545_096:0498c29_3']	一心品中無容俱起。	一心品中無容俱起。	And cannot occur together in one thought.
['T27n1545_096:0498c29_12']	助覺非勝是故不立。	助覺非勝是故不立。	They are not superior aids to enlightenment, therefore they are not established.
['T27n1545_096:0499a01_8']	問何故一切色等法中唯無表色。	問何故一切色等法中唯無表色。	Question: Why is only the avijñapti-rūpa among all dharmas such as form,
['T27n1545_096:0499a01_17']	有立覺分非餘法耶。	有立覺分非餘法耶。	Established as a factor of enlightenment, and not other dharmas?
['T27n1545_096:0499a02_9']	答正語業命隨順聖道。	答正語業命隨順聖道。	Answer: Right speech, action, and livelihood conform to the noble path,
['T27n1545_096:0499a02_18']	勢用偏增故立覺分。	勢用偏增故立覺分。	And their power is especially increased, therefore they are established as factors of enlightenment.
['T27n1545_096:0499a03_8']	餘法不爾是故不立。	餘法不爾是故不立。	Other dharmas are not like this, therefore they are not established.
['T27n1545_096:0499a04_1']	問何故聖種不立覺分。	問何故聖種不立覺分。	Question: Why are the noble practices not established as factors of enlightenment?
['T27n1545_096:0499a04_11']	答若於在家及出家眾。	答若於在家及出家眾。	Answer: If, among the householders and renunciants,
['T27n1545_096:0499a05_1']	二事勝者立為覺分。	二事勝者立為覺分。	The two superior things are established as factors of enlightenment,
['T27n1545_096:0499a05_6']	一期心勝。	一期心勝。	One is superior in the mind of one period,
['T27n1545_096:0499a05_11']	二受行勝。	二受行勝。	And the other is superior in practice and acceptance.
['T27n1545_096:0499a06_5']	彼四聖種於出家眾有二事勝。	彼四聖種於出家眾有二事勝。	Those four noble practices are superior in two things among the renunciants,
['T27n1545_096:0499a06_14']	於在家者唯一事勝。	於在家者唯一事勝。	And in only one thing among the householders.
['T27n1545_096:0499a07_5']	謂有期心無受行義。	謂有期心無受行義。	It means having a determined mind but no meaning of receiving and practicing.
['T27n1545_096:0499a07_14']	如天帝釋坐寶花座。	如天帝釋坐寶花座。	It is like Śakra Devānām-Indra sitting on a jeweled flower seat.
['T27n1545_096:0499a08_11']	有十二那庾多諸天美女恒自圍遶。	有十二那庾多諸天美女恒自圍遶。	There are twelve nayutas of heavenly beauties who always surround him.
['T27n1545_096:0499a08_18']	常有六萬音樂。	常有六萬音樂。	There are always sixty thousand musical instruments.
['T27n1545_096:0499a09_4']	而為娛樂。	而為娛樂。	As entertainment.
['T27n1545_096:0499a10_1']	於四聖種雖有期心無受行義。	於四聖種雖有期心無受行義。	Although there is a determined mind regarding the four noble lineages, there is no meaning of receiving and practicing.
['T27n1545_096:0499a10_10']	影堅王等諸大國王。	影堅王等諸大國王。	Great kings such as King Chādanīya.
['T27n1545_096:0499a11_4']	給孤獨等諸大長者亦復如是。	給孤獨等諸大長者亦復如是。	Great elders such as Anāthapiṇḍada are also like this.
['T27n1545_096:0499a11_13']	故四聖種不立覺分。	故四聖種不立覺分。	Therefore, the four noble lineages are not established as factors of enlightenment.
['T27n1545_096:0499a11_18']	有作是說。	有作是說。	There is a theory.
['T27n1545_096:0499a12_12']	前三聖種無貪善根以為自性。	前三聖種無貪善根以為自性。	The first three noble lineages take the root of goodness of non-greed as their nature.
['T27n1545_096:0499a13_3']	第四聖種即是精進。	第四聖種即是精進。	The fourth noble lineage is precisely vigor.
['T27n1545_096:0499a13_12']	樂斷樂修精進攝故。	樂斷樂修精進攝故。	Because vigor includes delight in abandoning and delight in cultivating.
['T27n1545_096:0499a13_17']	若作是說。	若作是說。	If this is said.
['T27n1545_096:0499a14_6']	第四聖種亦是覺分。	第四聖種亦是覺分。	The fourth noble lineage is also a factor of enlightenment.
['T27n1545_096:0499a15_1']	分別論者立四十一菩提分法。	分別論者立四十一菩提分法。	The Vaibhāṣika establishes forty-one factors of enlightenment.
['T27n1545_096:0499a15_10']	謂四聖種足三十七。	謂四聖種足三十七。	Namely, the thirty-seven plus the four noble lineages.
['T27n1545_096:0499a16_5']	不應理故非此所論品類足說。	不應理故非此所論品類足說。	Because it is unreasonable, it is not discussed here. The Abhidharma-nyāyânusāra-śāstra says:
['T27n1545_096:0499a16_11']	云何念覺支。	云何念覺支。	What is the factor of enlightenment of mindfulness?
['T27n1545_096:0499a16_16']	謂聖弟子。	謂聖弟子。	Refers to the noble disciples.
['T27n1545_096:0499a17_3']	於苦集滅道。	於苦集滅道。	Regarding suffering, its origin, its cessation, and the path.
['T27n1545_096:0499a17_16']	思惟苦集滅道起能助菩提念。	思惟苦集滅道起能助菩提念。	Contemplating suffering, its origin, its cessation, and the path, they give rise to mindfulness that aids in realizing enlightenment.
['T27n1545_096:0499a18_3']	乃至廣說。	乃至廣說。	And so on, at length.
['T27n1545_096:0499a18_10']	是未知當知根。	是未知當知根。	This is the faculty of understanding the unknown.
['T27n1545_096:0499a19_5']	或諸學者見生死過患涅槃勝利。	或諸學者見生死過患涅槃勝利。	Or, those in training, seeing the faults of saṃsāra and the benefits of nirvāṇa,
['T27n1545_096:0499a19_12']	起能助菩提念。	起能助菩提念。	Give rise to mindfulness that aids in realizing enlightenment.
['T27n1545_096:0499a19_17']	乃至廣說。	乃至廣說。	And so on, at length.
['T27n1545_096:0499a20_2']	是已知根。	是已知根。	This is the faculty of understanding.
['T27n1545_096:0499a20_7']	或阿羅漢。	或阿羅漢。	Or, the arhats,
['T27n1545_096:0499a20_18']	觀心解脫起能助菩提念。	觀心解脫起能助菩提念。	Contemplating the liberation of the mind, give rise to mindfulness that aids in realizing enlightenment.
['T27n1545_096:0499a21_3']	乃至廣說。	乃至廣說。	And so on, at length.
['T27n1545_096:0499a21_8']	是具知根。	是具知根。	This is the faculty of possessing understanding.
['T27n1545_096:0499a21_19']	是名念覺支乃至捨覺支。	是名念覺支乃至捨覺支。	This is called the factor of enlightenment of mindfulness, and so on up to the factor of enlightenment of equanimity.
['T27n1545_096:0499a22_4']	廣說亦爾。	廣說亦爾。	The extensive explanation is also like this.
['T27n1545_096:0499a22_9']	云何正見。	云何正見。	What is right view?
['T27n1545_096:0499a23_6']	謂聖弟子於苦集滅道思惟苦集滅道。	謂聖弟子於苦集滅道思惟苦集滅道。	It refers to the noble disciples contemplating suffering, its origin, its cessation, and the path regarding suffering, its origin, its cessation, and the path.
['T27n1545_096:0499a23_10']	起擇法。	起擇法。	They give rise to the discernment of dharmas.
['T27n1545_096:0499a24_2']	乃至廣說是未知當知根。	乃至廣說是未知當知根。	And so on, at length. This is the faculty of understanding the unknown.
['T27n1545_096:0499a24_16']	或諸學者見生死過患涅槃勝利。	或諸學者見生死過患涅槃勝利。	Or, those in training, seeing the faults of saṃsāra and the benefits of nirvāṇa,
['T27n1545_096:0499a25_5']	起擇法乃至廣說。	起擇法乃至廣說。	Give rise to the discernment of dharmas, and so on, at length.
['T27n1545_096:0499a25_10']	是已知根。	是已知根。	This is the faculty of understanding.
['T27n1545_096:0499a25_15']	或阿羅漢。	或阿羅漢。	Or, the arhats,
['T27n1545_096:0499a26_3']	觀心解脫起擇法。	觀心解脫起擇法。	The liberation of contemplating the mind gives rise to the discernment of dharmas.
['T27n1545_096:0499a26_8']	乃至廣說。	乃至廣說。	And so on, at length.
['T27n1545_096:0499a26_17']	是具知根是名正見。	是具知根是名正見。	This faculty of perfect knowledge is called right view.
['T27n1545_096:0499a27_7', 'T27n1545_096:0499a27_13']	乃至正定廣說亦爾。🔽問何故覺支。	乃至正定廣說亦爾。 問何故覺支。	And so on, in detail, up to right concentration.
['T27n1545_096:0499a28_5']	中說起能助菩提念等言。	中說起能助菩提念等言。	Question: Why is it said in the factors of enlightenment that they give rise to the mindfulness that assists enlightenment,
['T27n1545_096:0499a29_9']	道支中不說起能助菩提擇法等言答應說而不說者。	道支中不說起能助菩提擇法等言答應說而不說者。	But it is not said in the factors of the path that they give rise to the discernment of dharmas that assists enlightenment? Answer: Although it should be said, it is not said.
['T27n1545_096:0499a29_16']	當知此義有餘。	當知此義有餘。	One should know that this meaning is incomplete.
['T27n1545_096:0499b01_7']	復次欲現異說異文。	復次欲現異說異文。	Furthermore, it is in order to show different statements and different texts.
['T27n1545_096:0499b01_14']	由異說異文故。	由異說異文故。	Because of the different statements and different texts,
['T27n1545_096:0499b02_5']	說者受者俱生欣樂。	說者受者俱生欣樂。	The speaker and the listener both give rise to joy and delight.
['T27n1545_096:0499b03_12']	復次欲現二門二略二階二蹬二炬二明二光二影故作是說。	復次欲現二門二略二階二蹬二炬二明二光二影故作是說。	Furthermore, it is in order to show two doors, two summaries, two steps, two ladders, two torches, two lights, and two shadows, that this is said.
['T27n1545_096:0499b04_1']	復次先作是說。	復次先作是說。	Furthermore, it was said previously:
['T27n1545_096:0499b04_10']	盡無生智名曰菩提。	盡無生智名曰菩提。	The knowledge of extinction and non-arising is called enlightenment.
['T27n1545_096:0499b04_19']	修道位中覺支義顯。	修道位中覺支義顯。	In the stage of the path of cultivation, the meaning of the factors of enlightenment is evident.
['T27n1545_096:0499b05_8']	近菩提故說助菩提。	近菩提故說助菩提。	Because it is close to enlightenment, it is said to assist enlightenment.
['T27n1545_096:0499b05_17']	見道位中道支義顯。	見道位中道支義顯。	In the stage of the path of seeing, the meaning of the factors of the path is evident.
['T27n1545_096:0499b06_8']	去菩提遠是故不說。	去菩提遠是故不說。	Because it is far from enlightenment, it is therefore not said.
['T27n1545_096:0499b06_13']	如契經說。	如契經說。	As a sutra says:
['T27n1545_096:0499b07_4']	不淨觀俱修念覺支。	不淨觀俱修念覺支。	Contemplating impurity, one cultivates the factor of enlightenment of mindfulness.
['T27n1545_096:0499b08_2']	依止厭依止離依止滅迴向於捨。	依止厭依止離依止滅迴向於捨。	Relying on disgust, relying on detachment, relying on cessation, and turning towards letting go.
['T27n1545_096:0499b08_12']	乃至捨覺支廣說亦爾。	乃至捨覺支廣說亦爾。	Up to the factor of enlightenment of equanimity, the extensive explanation is also like this.
['T27n1545_096:0499b09_1']	問不淨觀是有漏。	問不淨觀是有漏。	Question: Contemplating impurity is contaminated.
['T27n1545_096:0499b09_8']	七覺支是無漏。	七覺支是無漏。	The seven factors of enlightenment are uncontaminated.
['T27n1545_096:0499b10_1']	云何有漏法與無漏法俱。	云何有漏法與無漏法俱。	How can contaminated dharmas be together with uncontaminated dharmas?
['T27n1545_096:0499b10_10']	尊者世友作如是說。	尊者世友作如是說。	Venerable Vasumitra said:
['T27n1545_096:0499b11_1']	以不淨觀攝伏其心。	以不淨觀攝伏其心。	By contemplating impurity, one subdues the mind.
['T27n1545_096:0499b12_1']	令極調柔有堪能已無間能起覺支現前。	令極調柔有堪能已無間能起覺支現前。	Causing it to become extremely pliable and capable, one is able to immediately arouse the factors of enlightenment and manifest them.
['T27n1545_096:0499b12_10']	從此復能起不淨觀。	從此復能起不淨觀。	From this, one is able to arouse the contemplation of impurity again.
['T27n1545_096:0499b13_1']	依如是義故說俱言。	依如是義故說俱言。	Based on this meaning, the word together is said.
['T27n1545_096:0499b14_4']	如契經說。	如契經說。	As a sutra says:
['T27n1545_096:0499b14_9']	諸聖弟子。	諸聖弟子。	The noble disciples.
['T27n1545_096:0499b15_1']	若以一心屬耳聽法。	若以一心屬耳聽法。	If with a single mind they listen to the Dharma with their ears,
['T27n1545_096:0499b15_14']	能斷五蓋修七覺支速令圓滿。	能斷五蓋修七覺支速令圓滿。	They are able to sever the five hindrances and cultivate the seven factors of enlightenment, quickly bringing them to perfection.
['T27n1545_096:0499b16_15']	問要在意識修所成慧能斷煩惱非在五識。	問要在意識修所成慧能斷煩惱非在五識。	Question: It is only the cultivated wisdom in the mental consciousness that is able to sever afflictions, not in the five consciousnesses.
['T27n1545_096:0499b17_7']	生得聞思能斷煩惱。	生得聞思能斷煩惱。	The innate wisdom from hearing and contemplation is able to sever afflictions.
['T27n1545_096:0499b18_7']	如何乃說若以一心屬耳聽法能斷五蓋。	如何乃說若以一心屬耳聽法能斷五蓋。	How can it be said that if one focuses the mind on the ears to listen to the Dharma, one can eliminate the five hindrances?
['T27n1545_096:0499b18_17']	答依展轉因故作是說。	答依展轉因故作是說。	Answer: This is said based on the successive causes.
['T27n1545_096:0499b19_11']	謂善耳識無間引生善意識。	謂善耳識無間引生善意識。	That is to say, the wholesome ear consciousness immediately induces the wholesome mental consciousness.
['T27n1545_096:0499b20_6']	此善意識無間引生聞所成慧。	此善意識無間引生聞所成慧。	This wholesome mental consciousness immediately induces the wisdom derived from hearing.
['T27n1545_096:0499b21_2']	此聞所成慧無間引生思所成慧。	此聞所成慧無間引生思所成慧。	This wisdom derived from hearing immediately induces the wisdom derived from thinking.
['T27n1545_096:0499b21_16']	此思所成慧無間引生修所成慧。	此思所成慧無間引生修所成慧。	This wisdom derived from thinking immediately induces the wisdom derived from cultivation.
['T27n1545_096:0499b22_7']	此修所成慧修習純熟。	此修所成慧修習純熟。	This wisdom derived from cultivation, when cultivated to perfection,
['T27n1545_096:0499b22_16']	能斷五蓋故不違理。	能斷五蓋故不違理。	can eliminate the five hindrances, so it does not contradict reason.
['T27n1545_096:0499b23_12']	問斷五蓋時未能圓滿修七覺支。	問斷五蓋時未能圓滿修七覺支。	Question: When eliminating the five hindrances, one is not yet able to fully cultivate the seven factors of awakening.
['T27n1545_096:0499b24_4']	何故契經作如是說。	何故契經作如是說。	Why did the sutra say:
['T27n1545_096:0499b25_1']	能斷五蓋修七覺支速令圓滿。	能斷五蓋修七覺支速令圓滿。	One can eliminate the five hindrances and quickly perfect the cultivation of the seven factors of awakening.
['T27n1545_096:0499b25_12']	答離欲染時名能斷五蓋。	答離欲染時名能斷五蓋。	Answer: The time of being free from desire realm defilements is called able to eliminate the five hindrances.
['T27n1545_096:0499b27_2']	離色染時名修七覺支離無色染時名速令圓滿故無有失。	離色染時名修七覺支離無色染時名速令圓滿故無有失。	The time of being free from form realm defilements is called cultivating the seven factors of awakening. The time of being free from formless realm defilements is called quickly perfecting them, so there is no error.
['T27n1545_096:0499b27_7']	有作是說。	有作是說。	Some say:
['T27n1545_096:0499b27_17']	離欲染時名能斷五蓋。	離欲染時名能斷五蓋。	The time of being free from desire realm defilements is called able to eliminate the five hindrances.
['T27n1545_096:0499b28_14']	離無色染時名修七覺支速令圓滿。	離無色染時名修七覺支速令圓滿。	When one is free from the defilements of the formless realm, one is said to cultivate the seven factors of enlightenment and quickly perfect them.
['T27n1545_096:0499b29_10']	此說初後略去中間故無有失。	此說初後略去中間故無有失。	This is said to be the beginning and end, omitting the middle, so there is no error.
['T27n1545_096:0499b29_15']	復有說者。	復有說者。	Furthermore, there are those who say:
['T27n1545_096:0499c01_7']	無間道時名能斷五蓋。	無間道時名能斷五蓋。	At the time of the uninterrupted path, one is said to be able to eliminate the five hindrances.
['T27n1545_096:0499c02_3']	解脫道時名修七覺支速令圓滿。	解脫道時名修七覺支速令圓滿。	At the time of the path of liberation, one is said to cultivate the seven factors of enlightenment and quickly perfect them.
['T27n1545_096:0499c02_12']	相隣近故說名為速。	相隣近故說名為速。	Because they are close to each other, it is said to be quick.🔽Here is the corrected and aligned text:
['T27n1545_096:0499c03_100']	說一切有部發智大毘婆沙論卷第九十六	說一切有部發智大毘婆沙論卷第九十六	Sarvâstivāda Abhidharma-mahāvibhāṣā-śāstra, fascicle 96
