segmentnr	original	analyzed	translated
['T27n1545_109:0562a19_0']	阿毘達磨大毘婆沙論卷第一百	阿毘達磨大毘婆沙論卷第一百	Abhidharma-mahāvibhāṣā-śāstra, fascicle 100
['T27n1545_109:0562a20_0']	九	九	nine
['T27n1545_109:0562a22_0']	五百大阿羅漢等造	五百大阿羅漢等造	composed by 500 great arhats and others
['T27n1545_109:0562a25_8']	三藏法師玄奘奉　詔譯5 七聖納息1智蘊第三中七聖納息第五之一隨信行乃至俱解脫。	三藏法師玄奘奉　詔譯5 七聖納息1智蘊第三中七聖納息第五之一隨信行乃至俱解脫。	tripiṭaka master Xuanzang respectfully received
['T27n1545_109:0562a25_15']	於八智幾成就。	於八智幾成就。	among the eight knowledges, how many are accomplished
['T27n1545_109:0562a26_1']	幾不成就。	幾不成就。	and how many are not accomplished
['T27n1545_109:0562a26_10']	如是等章及解章義。	如是等章及解章義。	such chapters and the meaning of the chapters
['T27n1545_109:0562a27_1']	既領會已次應廣釋。	既領會已次應廣釋。	having been understood, they should next be extensively explained
['T27n1545_109:0562a27_8']	問何故作此論。	問何故作此論。	question: why is this treatise composed?
['T27n1545_109:0562a28_1']	答為止他宗顯正理故。	答為止他宗顯正理故。	answer: in order to stop other schools and reveal the correct principle
['T27n1545_109:0562a28_6']	謂或有執。	謂或有執。	that is to say, some hold the view
['T27n1545_109:0562a28_15']	無實成就不成就性。	無實成就不成就性。	that the nature of real accomplishment and non-accomplishment does not exist
['T27n1545_109:0562b01_1']	為遮彼執顯成就性不成就性體俱實有故作斯論。	為遮彼執顯成就性不成就性體俱實有故作斯論。	in order to refute that view and reveal that the nature of accomplishment and non-accomplishment both really exist, this treatise is composed
['T27n1545_109:0562b02_4']	問何故此中及後定蘊俱依七種補特伽羅而作論。	問何故此中及後定蘊俱依七種補特伽羅而作論。	question: why is this treatise and the subsequent treatise on concentration both composed based on seven kinds of pudgalas
['T27n1545_109:0562b02_13']	前於結蘊不善納息。	前於結蘊不善納息。	in the previous treatise on knots, the unwholesome nidāna
['T27n1545_109:0562b03_8']	唯依五種補特伽羅而作論耶。	唯依五種補特伽羅而作論耶。	is only composed based on five kinds of pudgalas?
['T27n1545_109:0562b03_18']	答是作論者意欲爾故。	答是作論者意欲爾故。	answer: it is because the author of the treatise so intended
['T27n1545_109:0562b04_4']	乃至廣說。	乃至廣說。	and so on at length
['T27n1545_109:0562b05_1']	復次前結蘊中依有結者而作論故。	復次前結蘊中依有結者而作論故。	Furthermore, in the previous chapter on the aggregates of fetters, the discussion was based on those who possess fetters.
['T27n1545_109:0562b05_10']	不說後二補特伽羅。	不說後二補特伽羅。	Therefore, the last two types of persons were not mentioned.
['T27n1545_109:0562b06_5']	此及定蘊依有智定補特伽羅。	此及定蘊依有智定補特伽羅。	In this chapter on concentration and in the chapter on aggregates, the discussion is based on those who possess the concentration of knowledge.
['T27n1545_109:0562b06_14']	而作論故亦說後二。	而作論故亦說後二。	Therefore, the last two are also mentioned.
['T27n1545_109:0562b07_9']	復次前結蘊中以補特伽羅為章。	復次前結蘊中以補特伽羅為章。	Furthermore, in the previous chapter on the aggregates of fetters, the person is the topic.
['T27n1545_109:0562b08_3']	以煩惱為門故不說後二。	以煩惱為門故不說後二。	Since afflictions are the gateway, the last two are not mentioned.
['T27n1545_109:0562b08_15']	此及定蘊以補特伽羅為章。	此及定蘊以補特伽羅為章。	In this chapter on concentration and in the chapter on aggregates, the person is the topic.
['T27n1545_109:0562b09_8']	以智定為門故亦說後二。	以智定為門故亦說後二。	Since knowledge and concentration are the gateway, the last two are also mentioned.
['T27n1545_109:0562b10_4']	以慧解脫及俱解脫雖無煩惱。	以慧解脫及俱解脫雖無煩惱。	Although those liberated by wisdom and those liberated in both ways are without afflictions,
['T27n1545_109:0562b10_17', 'T27n1545_109:0562b12_7']	而有智定故具說七補特伽羅。🔽廣辯七種補特伽羅如前結蘊不善納息答隨信行於八智。	而有智定故具說七補特伽羅。 廣辯七種補特伽羅如前結蘊不善納息答隨信行於八智。	they possess knowledge and concentration. Therefore, all seven types of persons are fully discussed.
['T27n1545_109:0562b13_5']	或成就一二三四五六七八義不定故。	或成就一二三四五六七八義不定故。	The extensive explanation of the seven types of persons is like the previous chapter on the aggregates of fetters, in the section on the unwholesome. The answer is: The one practicing in accordance with faith may possess one, two, three, four, five, six, seven, or eight knowledges. The meaning is indefinite.
['T27n1545_109:0562b13_17']	謂苦法智忍時無他心智一。	謂苦法智忍時無他心智一。	That is to say, at the time of the receptivity to the knowledge of the dharma with regard to suffering, if one does not possess the knowledge of others' minds, one possesses one.
['T27n1545_109:0562b14_6']	有他心智二者。	有他心智二者。	If one possesses the knowledge of others' minds, one possesses two.
['T27n1545_109:0562b14_17']	若未離欲染入正性離生。	若未離欲染入正性離生。	If one who has not yet eliminated the defilements of the desire realm enters the correct state of birthlessness,
['T27n1545_109:0562b15_12']	不成就他心智故名無他心智。	不成就他心智故名無他心智。	because one does not yet possess the knowledge of others' minds, one is said to be without the knowledge of others' minds.
['T27n1545_109:0562b16_3']	彼成就一世俗智。	彼成就一世俗智。	One possesses one conventional knowledge.
['T27n1545_109:0562b16_14']	若已離欲染入正性離生。	若已離欲染入正性離生。	If one who has already eliminated the defilements of the desire realm enters the correct state of birthlessness,
['T27n1545_109:0562b17_9']	成就他心智故名有他心智。	成就他心智故名有他心智。	because one possesses the knowledge of others' minds, one is said to possess the knowledge of others' minds.
['T27n1545_109:0562b18_1']	彼成就世俗他心二智。	彼成就世俗他心二智。	One possesses the conventional knowledge and the knowledge of others' minds.
['T27n1545_109:0562b18_10']	苦法智苦類智忍時。	苦法智苦類智忍時。	At the time of the receptivity to the knowledge of the factors of the path of seeing and the receptivity to the knowledge of the subsequent state of the path of seeing,
['T27n1545_109:0562b19_4']	無他心智三有他心智四者。	無他心智三有他心智四者。	one does not possess the knowledge of others' minds, so one possesses three knowledges. One possesses the knowledge of others' minds, so one possesses four knowledges.
['T27n1545_109:0562b20_3']	此二心頃若不成就他心智但成就三。	此二心頃若不成就他心智但成就三。	At these two moments, if one does not yet possess the knowledge of others' minds, one only possesses three knowledges.
['T27n1545_109:0562b20_12']	謂法智苦智世俗智。	謂法智苦智世俗智。	Namely, the knowledge of the factors, the knowledge of suffering, and the conventional knowledge.
['T27n1545_109:0562b21_5']	若成就他心智則成就四。	若成就他心智則成就四。	If one possesses the knowledge of others' minds, then one possesses four knowledges.
['T27n1545_109:0562b21_13']	謂前三加他心智。	謂前三加他心智。	Namely, the previous three plus the knowledge of others' minds.
['T27n1545_109:0562b22_4']	後位增智准前應知。	後位增智准前應知。	The increase of knowledges in the subsequent stages should be understood in the same way as before.
['T27n1545_109:0562b22_11']	隨法行亦爾者。	隨法行亦爾者。	Those who practice in accordance with the teachings are also like this.
['T27n1545_109:0562b23_6']	如隨信行或成就一乃至八故。	如隨信行或成就一乃至八故。	Because those who follow faith may possess one to eight knowledges.
['T27n1545_109:0562b24_5']	以此二聖地等道等所依身等離染亦等。	以此二聖地等道等所依身等離染亦等。	Because these two noble ones are equal in stages, equal in paths, equal in bases, and equal in detachment.
['T27n1545_109:0562b24_10']	唯根有異。	唯根有異。	They only differ in faculties.
['T27n1545_109:0562b24_19']	謂隨信行是鈍根攝。	謂隨信行是鈍根攝。	It means that those who follow faith are of dull faculties,
['T27n1545_109:0562b25_8']	若隨法行是利根攝。	若隨法行是利根攝。	while those who follow the teachings are of sharp faculties.
['T27n1545_109:0562b26_2']	信勝解於八智或成就七八。	信勝解於八智或成就七八。	Those with faith and understanding have either seven or eight of the eight knowledges.
['T27n1545_109:0562b26_9']	謂無他心智七。	謂無他心智七。	If they do not have the knowledge of others' minds, they have seven.
['T27n1545_109:0562b26_16']	有他心智八者。	有他心智八者。	If they have the knowledge of others' minds, they have eight.
['T27n1545_109:0562b27_14']	謂未離欲染不成就他心智故唯成就七。	謂未離欲染不成就他心智故唯成就七。	This is because those who have not yet eliminated the defilements of the desire realm do not have the knowledge of others' minds and thus only have seven.
['T27n1545_109:0562b28_14']	若已離欲染亦成就他心智故具成就八。	若已離欲染亦成就他心智故具成就八。	If they have already eliminated the defilements of the desire realm and also have the knowledge of others' minds, they have all eight.
['T27n1545_109:0562b29_7']	見至亦爾者如信勝解。	見至亦爾者如信勝解。	Those who attain by insight are also like this.
['T27n1545_109:0562b29_12']	或成就七。	或成就七。	Either they have seven,
['T27n1545_109:0562b29_17']	或具八故。	或具八故。	or they have all eight.
['T27n1545_109:0562c01_4']	以此二聖地。	以此二聖地。	Because these two noble ones
['T27n1545_109:0562c01_16']	等道等所依身等離染亦等。	等道等所依身等離染亦等。	have the same stages, the same paths, the same basis of the body, and the same elimination of defilements.
['T27n1545_109:0562c02_6']	唯根有異准前應知。	唯根有異准前應知。	They only differ in faculties, which should be understood as before.
['T27n1545_109:0562c02_15']	身證慧解脫俱解脫。	身證慧解脫俱解脫。	Those who attain by body, those liberated by wisdom, and those doubly liberated
['T27n1545_109:0562c03_7']	於此八智皆成就者。	於此八智皆成就者。	have all eight of these knowledges.
['T27n1545_109:0562c04_6']	以此三聖皆已離欲染具成就八智故。	以此三聖皆已離欲染具成就八智故。	This is because these three noble ones have all eliminated the defilements of the desire realm and have all eight knowledges.
['T27n1545_109:0562c05_8']	隨信行乃至俱解脫。	隨信行乃至俱解脫。	Those who follow faith up to those doubly liberated,
['T27n1545_109:0562c06_5']	於八智成就過去幾未來幾現在幾。	於八智成就過去幾未來幾現在幾。	As for the eight knowledges, how many are accomplished in the past, how many in the future, and how many in the present?
['T27n1545_109:0562c06_12']	問何故作此論。	問何故作此論。	Why is this treatise composed?
['T27n1545_109:0562c07_4']	答為止他宗顯正理故。	答為止他宗顯正理故。	The answer is: In order to refute other schools and reveal the correct principle.
['T27n1545_109:0562c07_17']	謂或有執過去未來俱非實有。	謂或有執過去未來俱非實有。	That is to say, some hold the view that the past and future do not both really exist.
['T27n1545_109:0562c08_8']	為遮彼執顯彼實有。	為遮彼執顯彼實有。	In order to refute this view and reveal their real existence,
['T27n1545_109:0562c09_2']	復次前雖總說成就八智。	復次前雖總說成就八智。	Furthermore, although it was previously generally said that one accomplishes the eight knowledges,
['T27n1545_109:0562c09_11']	未依三世分別多少。	未依三世分別多少。	The number based on the three times has not yet been distinguished.
['T27n1545_109:0562c10_3']	今欲說之故作斯論。	今欲說之故作斯論。	Now, wishing to explain this, this treatise is composed.
['T27n1545_109:0562c10_11']	答隨信行於八智。	答隨信行於八智。	The answer is: For one practicing according to faith, regarding the eight knowledges,
['T27n1545_109:0562c11_8']	苦法智忍時無他心智過去未來一。	苦法智忍時無他心智過去未來一。	At the time of the receptivity to the knowledge of the factors of the path of suffering, there is no knowledge of others' minds. In the past and future, there is one.
['T27n1545_109:0562c12_3']	現在無有他心智過去未來二。	現在無有他心智過去未來二。	In the present, there is none. In the past and future, there are two.
['T27n1545_109:0562c13_2']	現在無者無他心智有他心智義如前說。	現在無者無他心智有他心智義如前說。	In the present, there is none. As for the meaning of the knowledge of others' minds, it is as explained above.
['T27n1545_109:0562c13_8']	一謂世俗智。	一謂世俗智。	One refers to conventional knowledge.
['T27n1545_109:0562c13_16']	二謂世俗他心智。	二謂世俗他心智。	Two refers to conventional knowledge of others' minds.
['T27n1545_109:0562c14_5']	忍非智故現在都無。	忍非智故現在都無。	Because receptivity is not knowledge, there is none in the present at all.
['T27n1545_109:0562c14_10']	苦法智時。	苦法智時。	At the time of the knowledge of the factors of the path of suffering,
['T27n1545_109:0562c15_1']	無他心智過去一者。	無他心智過去一者。	There is no knowledge of others' minds. In the past, there is one.
['T27n1545_109:0562c15_10']	謂世俗智未來三者。	謂世俗智未來三者。	That is, conventional knowledge. In the future, there are three.
['T27n1545_109:0562c15_19']	謂法智苦智世俗智。	謂法智苦智世俗智。	Namely, dharma cognition, cognition of suffering, and conventional cognition.
['T27n1545_109:0562c16_9']	現在二者謂法智苦智。	現在二者謂法智苦智。	Two in the present: namely, dharma cognition and cognition of suffering.
['T27n1545_109:0562c17_2']	有他心智過去二未來四。	有他心智過去二未來四。	If there is cognition of others' minds, two in the past and four in the future.
['T27n1545_109:0562c18_1']	現在二者過去未來加他心智現在不加。	現在二者過去未來加他心智現在不加。	Two in the present: adding cognition of others' minds in the past and future, not adding it in the present.
['T27n1545_109:0562c19_1']	以他心智見道決定無容現前亦不修故。	以他心智見道決定無容現前亦不修故。	Because cognition of others' minds is definitely not manifest in the path of seeing, and it is also not cultivated.
['T27n1545_109:0562c19_10']	後位增智准前應知。	後位增智准前應知。	The increase of cognition in later stages should be understood according to the previous explanation.
['T27n1545_109:0562c19_17']	隨法行亦爾者。	隨法行亦爾者。	Those who follow the teachings are also like this.
['T27n1545_109:0562c20_7']	此二地等廣說如前。	此二地等廣說如前。	These two stages and so on are explained in detail as before.
['T27n1545_109:0562c20_14']	信勝解於八智。	信勝解於八智。	Those with faith and understanding possess eight cognitions.
['T27n1545_109:0562c21_3']	無他心智未來七。	無他心智未來七。	If there is no cognition of others' minds, seven in the future.
['T27n1545_109:0562c21_11']	有他心智未來八。	有他心智未來八。	If there is cognition of others' minds, eight in the future.
['T27n1545_109:0562c22_1']	過去若已滅不失。	過去若已滅不失。	If the past has already ceased and is not lost,
['T27n1545_109:0562c22_9']	現在若現在前者。	現在若現在前者。	and the present is present.
['T27n1545_109:0562c23_8']	過去若已滅非得果練根及退故失則成就。	過去若已滅非得果練根及退故失則成就。	If the past has already ceased but is lost due to attaining the fruit, training in faculties, or falling back, then it is possessed.
['T27n1545_109:0562c24_1']	若未已滅設已滅三緣故。	若未已滅設已滅三緣故。	If it has not yet ceased, or if it has ceased but is lost due to the three conditions,
['T27n1545_109:0562c24_7']	失則不成就。	失則不成就。	then it is not possessed.
['T27n1545_109:0562c24_13']	此說無漏智。	此說無漏智。	This refers to uncontaminated cognition.
['T27n1545_109:0562c25_3']	或他心智非世俗智。	或他心智非世俗智。	Or cognition of others' minds that is not conventional cognition.
['T27n1545_109:0562c26_6']	以世俗智過去未來定成就故現在或一或二或三。	以世俗智過去未來定成就故現在或一或二或三。	Because conventional knowledge definitely exists in the past and future, in the present it may be one, two, or three.
['T27n1545_109:0562c26_15']	若無心時都不成就。	若無心時都不成就。	If there is no mind, it is not accomplished at all.
['T27n1545_109:0562c27_7']	見至亦爾者准前應知。	見至亦爾者准前應知。	Those who attain by insight are also like this. This should be understood according to the previous explanation.
['T27n1545_109:0562c27_16']	身證等三如文具說。	身證等三如文具說。	The three such as bodily witness are fully explained in the text.
['T27n1545_109:0562c29_1']	已滅不失謂若已滅非練根等及退故失則成就。	已滅不失謂若已滅非練根等及退故失則成就。	If it has already ceased but is not lost, it means if it has already ceased but is not lost due to the cultivation of faculties, etc., or due to regression, then it is accomplished.
['T27n1545_109:0563a01_8']	隨信行乃至俱解脫。	隨信行乃至俱解脫。	From the stage of following faith up to the stage of liberation through both parts.
['T27n1545_109:0563a02_1']	法智乃至道智現在前時。	法智乃至道智現在前時。	When the knowledge of dharmas up to the knowledge of the path are present,
['T27n1545_109:0563a02_8']	幾智現在前耶。	幾智現在前耶。	how many knowledges are present?
['T27n1545_109:0563a02_15']	問何故作此論。	問何故作此論。	Why is this treatise composed?
['T27n1545_109:0563a03_6']	答為止他宗顯正理故。	答為止他宗顯正理故。	The answer is: in order to refute other schools and reveal the correct principle.
['T27n1545_109:0563a03_11']	謂或有執。	謂或有執。	This means that some hold the view
['T27n1545_109:0563a04_7']	諸智雖可一一現前不得有二。	諸智雖可一一現前不得有二。	that although the various knowledges can be present one by one, two cannot occur together.
['T27n1545_109:0563a05_8']	為遮彼執顯智現前或一或二或復三種。	為遮彼執顯智現前或一或二或復三種。	In order to refute this view and show that the knowledges may be present one, two, or three at a time,
['T27n1545_109:0563a05_13', 'T27n1545_109:0563a06_3']	有餘復執。🔽入現觀時總觀四諦。	有餘復執。 入現觀時總觀四諦。	others further hold the view🔽that when entering into realization, one universally realizes the four truths,🔽and the four knowledges arise simultaneously. In order to refute this view and show that
['T27n1545_109:0563a06_16']	四智頓起為遮彼執顯現觀時。	四智頓起為遮彼執顯現觀時。	when entering into realization,
['T27n1545_109:0563a07_15']	各別觀諦無二諦智俱時起義況得起多。	各別觀諦無二諦智俱時起義況得起多。	The meaning of the simultaneous arising of two knowledges observing different truths does not exist, let alone the arising of many.
['T27n1545_109:0563a08_3']	或復有執。	或復有執。	Or there are those who grasp
['T27n1545_109:0563a08_12']	多識俱生多智並起。	多識俱生多智並起。	that many consciousnesses arise simultaneously and many knowledges arise together.
['T27n1545_109:0563a09_11']	為遮彼執顯一有情一剎那中唯起一識。	為遮彼執顯一有情一剎那中唯起一識。	In order to refute this grasping, it is shown that in a single sentient being, in a single moment, only a single consciousness arises.
['T27n1545_109:0563a10_2']	智體亦爾故作斯論。	智體亦爾故作斯論。	The essence of knowledge is also like this, therefore this treatise is composed.
['T27n1545_109:0563a10_13']	答隨信行法智現在前時。	答隨信行法智現在前時。	Answer: When the knowledge of dharmas of one who practices according to faith is present,
['T27n1545_109:0563a10_19']	二智現在前。	二智現在前。	two knowledges are present.
['T27n1545_109:0563a11_5']	謂法苦智二。	謂法苦智二。	Namely, the knowledge of dharmas and the knowledge of suffering.
['T27n1545_109:0563a12_3']	廣說乃至道智現在前時二智現在前。	廣說乃至道智現在前時二智現在前。	Extending this explanation, up to when the knowledge of the path is present, two knowledges are present.
['T27n1545_109:0563a12_8']	謂道法智。	謂道法智。	Namely, the knowledge of dharmas and the knowledge of the path.
['T27n1545_109:0563a13_2']	二者謂見道位七智現在前時。	二者謂見道位七智現在前時。	The second refers to when seven knowledges are present in the path of seeing.
['T27n1545_109:0563a13_15']	一一剎那智體雖一而義說二。	一一剎那智體雖一而義說二。	In each instant, although the essence of knowledge is single, it is explained as two in meaning.
['T27n1545_109:0563a14_9']	謂對治故或名法智或名類智。	謂對治故或名法智或名類智。	Namely, because of counteracting, it is either called the knowledge of dharmas or the knowledge of species.
['T27n1545_109:0563a15_6']	行相故或名苦智乃至或名道智。	行相故或名苦智乃至或名道智。	Because of aspects, it is either called the knowledge of suffering up to the knowledge of the path.
['T27n1545_109:0563a15_13']	隨法行亦爾者。	隨法行亦爾者。	One who practices according to the teachings is also like this.
['T27n1545_109:0563a16_3']	此二地等廣說如前。	此二地等廣說如前。	These two stages and so on are explained in detail as before.
['T27n1545_109:0563a16_13']	信勝解法智現在前時。	信勝解法智現在前時。	When the knowledge of dharmas of one with faith and understanding is present,
['T27n1545_109:0563a17_2']	或二三智現在前。	或二三智現在前。	Or two or three knowledges are present.
['T27n1545_109:0563a17_18']	謂法苦智二廣說乃至道智現在前時。	謂法苦智二廣說乃至道智現在前時。	That is, when the knowledge of dharmas and suffering, etc., up to the knowledge of the path are present,
['T27n1545_109:0563a18_7']	或二三智現在前。	或二三智現在前。	or two or three knowledges are present.
['T27n1545_109:0563a18_17']	謂道法智非他心智二。	謂道法智非他心智二。	That is, when the knowledge of dharmas and the path, but not the knowledge of others' minds, are present, there are two.
['T27n1545_109:0563a19_4']	是他心智三。	是他心智三。	When the knowledge of others' minds is present, there are three.
['T27n1545_109:0563a19_13']	道類智非他心智二。	道類智非他心智二。	When the knowledge of the species and the path, but not the knowledge of others' minds, are present, there are two.
['T27n1545_109:0563a20_1']	是他心智三者。	是他心智三者。	When the knowledge of others' minds is present, there are three.
['T27n1545_109:0563a20_12']	謂修道位諸智現在前時。	謂修道位諸智現在前時。	That is, when the various knowledges are present in the path of cultivation,
['T27n1545_109:0563a21_2']	一一剎那智體雖一。	一一剎那智體雖一。	although the essence of each knowledge is only one,
['T27n1545_109:0563a21_11']	而義說二或義說三。	而義說二或義說三。	it is said to be two or three in meaning.
['T27n1545_109:0563a22_2']	謂無漏智現在前時。	謂無漏智現在前時。	That is, when pure knowledge is present,
['T27n1545_109:0563a23_3']	若苦集滅智及他心智所不攝道智但義說二。	若苦集滅智及他心智所不攝道智但義說二。	if it is the knowledge of suffering, origination, cessation, or the knowledge of the path not included in the knowledge of others' minds, it is only said to be two in meaning.
['T27n1545_109:0563a23_12']	謂對治故或名法智。	謂對治故或名法智。	Because it is the antidote, it is called the knowledge of dharmas,
['T27n1545_109:0563a23_17']	或名類智。	或名類智。	or it is called the knowledge of species.
['T27n1545_109:0563a24_6']	行相故或名苦智。	行相故或名苦智。	Because of the aspects, it is called the knowledge of suffering,
['T27n1545_109:0563a24_13']	乃至或名道智。	乃至或名道智。	up to it is called the knowledge of the path.
['T27n1545_109:0563a25_8']	若他心智所攝道智則義說三。	若他心智所攝道智則義說三。	If it is the knowledge of the path included in the knowledge of others' minds, then it is said to be three in meaning.
['T27n1545_109:0563a26_3']	謂對治故或名法智或名類智。	謂對治故或名法智或名類智。	Because it is the antidote, it is called the knowledge of dharmas or the knowledge of species.
['T27n1545_109:0563a26_10']	行相故名道智。	行相故名道智。	It is called the knowledge of the path because of its mode of activity.
['T27n1545_109:0563a26_18']	加行故名他心智。	加行故名他心智。	It is called the knowledge of others' minds because of its preparatory effort.
['T27n1545_109:0563a27_7']	有漏智現在前時。	有漏智現在前時。	When a contaminated knowledge is present,
['T27n1545_109:0563a27_17']	若非他心智則唯一智。	若非他心智則唯一智。	if it is not the knowledge of others' minds, then there is only one knowledge,
['T27n1545_109:0563a28_3']	謂世俗智。	謂世俗智。	namely conventional knowledge.
['T27n1545_109:0563a28_13']	若是他心智則義說二。	若是他心智則義說二。	If it is the knowledge of others' minds, then two are nominally established.
['T27n1545_109:0563a29_3']	謂自性故名世俗智。	謂自性故名世俗智。	This is because it is called conventional knowledge due to its intrinsic nature,
['T27n1545_109:0563a29_11']	加行故名他心智。	加行故名他心智。	and it is called the knowledge of others' minds due to its preparatory effort.
['T27n1545_109:0563a29_19']	見至身證亦爾者。	見至身證亦爾者。	The same applies to the one liberated by wisdom and the one who attains liberation by the body.
['T27n1545_109:0563b01_12']	謂位等故諸智現前義相似故。	謂位等故諸智現前義相似故。	This is because their stages are the same and the meaning of the knowledge that appears is similar.
['T27n1545_109:0563b02_4']	慧解脫法智現在前時。	慧解脫法智現在前時。	When the knowledge of dharmas is present for one liberated by wisdom,
['T27n1545_109:0563b02_12']	或二三智現在前。	或二三智現在前。	either two or three knowledges are present.
['T27n1545_109:0563b02_17']	謂法苦智。	謂法苦智。	Namely, the knowledge of dharmas and the knowledge of suffering.
['T27n1545_109:0563b03_4']	非盡無生智二。	非盡無生智二。	If it is not the knowledge of elimination or non-production, then two.
['T27n1545_109:0563b03_12']	是盡或無生智三。	是盡或無生智三。	If it is the knowledge of elimination or non-production, then three.
['T27n1545_109:0563b04_4']	廣說乃至道智現在前時。	廣說乃至道智現在前時。	Extending this explanation, when the knowledge of the path is present,
['T27n1545_109:0563b04_12']	或二三智現在前。	或二三智現在前。	either two or three knowledges are present.
['T27n1545_109:0563b04_17', 'T27n1545_109:0563b05_6']	謂道法智。🔽非盡無生他心智二。	謂道法智。 非盡無生他心智二。	Namely, the knowledge of dharmas and the knowledge of the path.🔽If it is not the knowledge of elimination or non-production or the knowledge of others' minds, then two.
['T27n1545_109:0563b05_17']	是盡或無生或他心智三。	是盡或無生或他心智三。	If it is the knowledge of elimination or non-production or the knowledge of others' minds, then three.
['T27n1545_109:0563b06_10']	道類智非盡無生他心智二。	道類智非盡無生他心智二。	The cognition of the path and the cognition of the class do not include the cognition of exhaustion, the cognition of non-arising, and the cognition of others' minds.
['T27n1545_109:0563b07_4']	是盡或無生或他心智三者。	是盡或無生或他心智三者。	The cognition of exhaustion or non-arising or the cognition of others' minds includes three.
['T27n1545_109:0563b07_15']	謂無學位諸智現在前時。	謂無學位諸智現在前時。	This refers to when the various cognitions are present in the state of post-learner.
['T27n1545_109:0563b08_9']	一一剎那智體雖一而義說二。	一一剎那智體雖一而義說二。	Although the essence of each instant of cognition is one, it is said to be two in meaning.
['T27n1545_109:0563b08_14']	或義說三。	或義說三。	Or it is said to be three in meaning.
['T27n1545_109:0563b09_17']	謂無漏智現在前時若盡無生智所不攝苦集滅智。	謂無漏智現在前時若盡無生智所不攝苦集滅智。	This refers to when the uncontaminated cognition is present. If the cognition of suffering, origination, and cessation is not included in the cognition of exhaustion or non-arising,
['T27n1545_109:0563b10_16']	及盡無生他心智所不攝道智但義說二。	及盡無生他心智所不攝道智但義說二。	and the cognition of the path is not included in the cognition of exhaustion, non-arising, or the cognition of others' minds, then it is said to be two in meaning.
['T27n1545_109:0563b11_7']	謂對治故或名法智。	謂對治故或名法智。	This is because it is the antidote, and it is also called the cognition of dharmas.
['T27n1545_109:0563b11_12']	或名類智。	或名類智。	Or it is called the cognition of classes.
['T27n1545_109:0563b12_2']	行相故或名苦智。	行相故或名苦智。	This is because of the aspects, and it is also called the cognition of suffering.
['T27n1545_109:0563b12_9']	乃至或名道智。	乃至或名道智。	Up to it is also called the cognition of the path.
['T27n1545_109:0563b13_3', 'T27n1545_109:0563b13_9']	若盡或無生智所攝苦集滅智。🔽及盡或無生。	若盡或無生智所攝苦集滅智。 及盡或無生。	If the cognition of suffering, origination, and cessation included in the cognition of exhaustion or non-arising,
['T27n1545_109:0563b14_3']	或他心智所攝道智則義說三。	或他心智所攝道智則義說三。	and the cognition of the path included in the cognition of exhaustion or non-arising or the cognition of others' minds, then it is said to be three in meaning.
['T27n1545_109:0563b14_12']	謂對治故或名法智。	謂對治故或名法智。	This is because it is the antidote, and it is also called the cognition of dharmas.
['T27n1545_109:0563b14_17']	或名類智。	或名類智。	Or it is called the cognition of classes.
['T27n1545_109:0563b15_6']	行相故或名苦智。	行相故或名苦智。	This is because of the aspects, and it is also called the cognition of suffering.
['T27n1545_109:0563b15_13']	乃至或名道智。	乃至或名道智。	Up to it is also called the cognition of the path.
['T27n1545_109:0563b16_3']	事辦故或名盡智。	事辦故或名盡智。	Or it is called the knowledge of exhaustion because the task is accomplished.
['T27n1545_109:0563b16_12']	因圓故或名無生智。	因圓故或名無生智。	Or it is called the knowledge of non-arising because the cause is complete.
['T27n1545_109:0563b17_3']	加行故或名他心智。	加行故或名他心智。	Or it is called the knowledge of others' minds because it is a preparatory stage.
['T27n1545_109:0563b17_11']	有漏智現在前時。	有漏智現在前時。	When a contaminated knowledge is present,
['T27n1545_109:0563b18_2']	若非他心智則唯一智。	若非他心智則唯一智。	if it is not the knowledge of others' minds, then there is only one knowledge,
['T27n1545_109:0563b18_16']	謂世俗智若是他心智則義說二。	謂世俗智若是他心智則義說二。	which is called conventional knowledge. If it is the knowledge of others' minds, then it is said to be two in meaning.
['T27n1545_109:0563b19_6']	謂自性故名世俗智。	謂自性故名世俗智。	Because of its intrinsic nature, it is called conventional knowledge.
['T27n1545_109:0563b19_14']	加行故名他心智。	加行故名他心智。	Because it is a preparatory stage, it is called the knowledge of others' minds.
['T27n1545_109:0563b20_13']	問何故盡智無生智他心智體不相雜耶。	問何故盡智無生智他心智體不相雜耶。	Why are the essence of the knowledge of exhaustion, the knowledge of non-arising, and the knowledge of others' minds not mixed together?
['T27n1545_109:0563b21_5']	答盡無生智非見自性。	答盡無生智非見自性。	The knowledge of exhaustion and the knowledge of non-arising are not the intrinsic nature of views.
['T27n1545_109:0563b21_17']	他心智是見自性故不相雜。	他心智是見自性故不相雜。	The knowledge of others' minds is the intrinsic nature of views, so they are not mixed together.
['T27n1545_109:0563b22_16']	盡智無生智所起行相互有異故亦不相雜。	盡智無生智所起行相互有異故亦不相雜。	The knowledge of exhaustion and the knowledge of non-arising are not mixed together because the modes of activity that arise from them are different.
['T27n1545_109:0563b23_12']	謂苦我已知等是盡智所起行相。	謂苦我已知等是盡智所起行相。	That is to say, the modes of activity that arise from the knowledge of exhaustion are I have already known suffering and so forth.
['T27n1545_109:0563b24_8']	不復當知等是無生智所起行相。	不復當知等是無生智所起行相。	The modes of activity that arise from the knowledge of non-arising are I will not know again and so forth.
['T27n1545_109:0563b24_15']	俱解脫亦爾者。	俱解脫亦爾者。	Those liberated by wisdom are also like this.
['T27n1545_109:0563b25_1']	謂位等故。	謂位等故。	That is to say, because their stages are the same.
['T27n1545_109:0563b26_10']	隨信行乃至俱解脫於三三摩地幾成就幾不成就問何故作此論。	隨信行乃至俱解脫於三三摩地幾成就幾不成就問何故作此論。	From the faith-follower up to the liberated one through understanding, how many of the three samādhis are accomplished and how many are not accomplished? Why is this treatise composed?
['T27n1545_109:0563b27_3']	答為止他宗顯正理故。	答為止他宗顯正理故。	The answer is: In order to refute other schools and reveal the correct principle.
['T27n1545_109:0563b27_8']	謂或有執。	謂或有執。	That is to say, some hold the view that
['T27n1545_109:0563b28_2']	三三摩地體唯是一義說三種。	三三摩地體唯是一義說三種。	the substance of the three samādhis is only one, but the meaning is explained as three kinds.
['T27n1545_109:0563b29_2']	為遮彼執顯此三種自性各異故作斯論。	為遮彼執顯此三種自性各異故作斯論。	In order to refute this view and show that these three kinds have different natures, this treatise is composed.
['T27n1545_109:0563b29_12']	答隨信行於三三摩地。	答隨信行於三三摩地。	The answer is: For the faith-follower, regarding the three samādhis,
['T27n1545_109:0563c01_4']	滅法智忍未已生成就二。	滅法智忍未已生成就二。	when the receptivity to the cognition of the law of cessation has not yet arisen, two are accomplished.
['T27n1545_109:0563c01_11']	已生成就三者。	已生成就三者。	When it has arisen, three are accomplished.
['T27n1545_109:0563c02_9']	謂滅法智忍未現在前但成就空無願二。	謂滅法智忍未現在前但成就空無願二。	That is to say, when the receptivity to the cognition of the law of cessation is not present, only emptiness and non-desire are accomplished.
['T27n1545_109:0563c03_1']	苦法智忍時二雙修故。	苦法智忍時二雙修故。	Because the two are cultivated together at the time of the receptivity to the cognition of the law of suffering.
['T27n1545_109:0563c03_8']	滅法智忍已生。	滅法智忍已生。	When the receptivity to the cognition of the law of cessation has arisen,
['T27n1545_109:0563c04_4']	乃至道類智忍現在前時皆成就三。	乃至道類智忍現在前時皆成就三。	up to when the receptivity to the cognition of the class of the path is present, all three are accomplished.
['T27n1545_109:0563c04_11']	復成就無相故。	復成就無相故。	And because the signless is also accomplished.
['T27n1545_109:0563c04_18']	隨法行亦爾者。	隨法行亦爾者。	The one of the dharma-follower is also like this.
['T27n1545_109:0563c05_8']	此二地等廣說如前。	此二地等廣說如前。	These two stages and so on are explained in detail as before.
['T27n1545_109:0563c06_12']	信勝解乃至俱解脫於三三摩地皆成就者已具得故。	信勝解乃至俱解脫於三三摩地皆成就者已具得故。	Those from the faith-following stage up to the liberated by both parts stage who have already attained all three concentrations are said to have perfected them.
['T27n1545_109:0563c07_8']	隨信行乃至俱解脫。	隨信行乃至俱解脫。	Those from the faith-following stage up to the liberated by both parts stage,
['T27n1545_109:0563c07_14']	於三三摩地。	於三三摩地。	with regard to the three concentrations,
['T27n1545_109:0563c08_7']	成就過去幾未來幾現在幾。	成就過去幾未來幾現在幾。	how many past, future, and present [concentrations] do they have?
['T27n1545_109:0563c08_17']	答隨信行於三三摩地。	答隨信行於三三摩地。	The answer is: Those in the faith-following stage,
['T27n1545_109:0563c09_12']	若依空入正性離生苦法智忍時。	若依空入正性離生苦法智忍時。	if they enter the correct state of detachment from birth based on emptiness and have the acceptance of the knowledge of dharmas regarding suffering,
['T27n1545_109:0563c09_16']	過去無。	過去無。	they have none in the past.
['T27n1545_109:0563c10_4']	未來二現在一。	未來二現在一。	They have two in the future and one in the present.
['T27n1545_109:0563c10_12']	廣說乃至滅法智。	廣說乃至滅法智。	This is explained in detail up to the knowledge of cessation of dharmas.
['T27n1545_109:0563c11_4']	乃至道類智忍時過去二。	乃至道類智忍時過去二。	Up to the acceptance of the knowledge of the lineage of the path, they have two in the past,
['T27n1545_109:0563c11_8']	未來三。	未來三。	three in the future,
['T27n1545_109:0563c11_13']	現在一者。	現在一者。	and one in the present.
['T27n1545_109:0563c12_3']	謂若依空入正性離生。	謂若依空入正性離生。	This refers to those who enter the correct state of detachment from birth based on emptiness.
['T27n1545_109:0563c12_12']	見苦初心頃過去無。	見苦初心頃過去無。	At the time of the first thought of seeing suffering, they have none in the past.
['T27n1545_109:0563c13_2']	見苦四心頃現在一。	見苦四心頃現在一。	At the time of the four thoughts of seeing suffering, they have one in the present.
['T27n1545_109:0563c13_11']	謂空見苦後三心頃。	謂空見苦後三心頃。	This refers to the three subsequent thoughts of seeing suffering based on emptiness.
['T27n1545_109:0563c14_2']	及見集初心頃過去一。	及見集初心頃過去一。	At the time of the first thought of seeing the accumulation, they have one in the past.
['T27n1545_109:0563c14_11']	謂空見集後三心頃。	謂空見集後三心頃。	This refers to the three subsequent thoughts of seeing the accumulation based on emptiness.
['T27n1545_109:0563c15_1']	見滅初心頃過去二。	見滅初心頃過去二。	At the time of the first thought of seeing cessation, they have two in the past.
['T27n1545_109:0563c15_17']	謂空無願見苦見集各四心頃未來二。	謂空無願見苦見集各四心頃未來二。	That is, in the four moments of the view of emptiness and the view of non-resolve regarding the truths of suffering and accumulation, two in the future.
['T27n1545_109:0563c16_11']	謂空無願見滅四心頃現在一。	謂空無願見滅四心頃現在一。	That is, in the four moments of the view of emptiness and the view of non-resolve regarding the truth of cessation, one in the present.
['T27n1545_109:0563c17_10', 'T27n1545_109:0563c18_2']	謂無相見集四心頃見道三心頃現在一。🔽謂無願見滅後三心頃。	謂無相見集四心頃見道三心頃現在一。 謂無願見滅後三心頃。	That is, in the four moments of the view of signlessness regarding the truth of accumulation and the three moments of the view of the path, one in the present.
['T27n1545_109:0563c18_13']	見道三心頃皆過去具三。	見道三心頃皆過去具三。	That is, in the last three moments of the view of non-resolve regarding the truth of cessation, and in the three moments of the view of the path, all three are in the past.
['T27n1545_109:0563c19_11']	見滅四心頃見道三心頃皆未來亦具三。	見滅四心頃見道三心頃皆未來亦具三。	In the four moments of the view of cessation and the three moments of the view of the path, all three are also in the future.
['T27n1545_109:0563c20_7']	若依無願入正性離生應知亦爾。	若依無願入正性離生應知亦爾。	If one enters the state of certainty of the truth of suffering by relying on the state of non-resolve, one should know it is also like this.
['T27n1545_109:0563c20_12']	有差別者。	有差別者。	There is a difference.
['T27n1545_109:0563c21_1']	謂過去定無。	謂過去定無。	That is, in the past, there are none.
['T27n1545_109:0563c22_7']	空唯有一或二見苦見集各四心頃見道三心頃皆現在一。	空唯有一或二見苦見集各四心頃見道三心頃皆現在一。	Emptiness has only one or two. In the four moments of the view of suffering and the view of accumulation, and in the three moments of the view of the path, all are in the present.
['T27n1545_109:0563c22_11']	謂無願。	謂無願。	That is, non-resolve.
['T27n1545_109:0563c23_7']	問何等補特伽羅依空入正性離生。	問何等補特伽羅依空入正性離生。	Question: What kind of person enters the state of certainty of the truth of suffering by relying on emptiness?
['T27n1545_109:0563c24_6']	何等補特伽羅依無願入正性離生耶。	何等補特伽羅依無願入正性離生耶。	What kind of person enters the state of certainty of the truth of suffering by relying on non-resolve?
['T27n1545_109:0563c25_2']	答若見行者依空入正性離生。	答若見行者依空入正性離生。	Answer: If one is a practitioner who sees, one enters the state of certainty of the truth of suffering by relying on emptiness.
['T27n1545_109:0563c25_15']	若愛行者依無願入正性離生。	若愛行者依無願入正性離生。	If one practices with desire, one enters the correct stage of renunciation based on the absence of wishes.
['T27n1545_109:0563c26_2']	唯除菩薩。	唯除菩薩。	Except for bodhisattvas.
['T27n1545_109:0563c26_15']	雖是愛行而依空入正性離生。	雖是愛行而依空入正性離生。	Although they practice with desire, they enter the correct stage of renunciation based on emptiness.
['T27n1545_109:0563c27_6']	又見行者復有二種。	又見行者復有二種。	Moreover, there are two kinds of practitioners of the view.
['T27n1545_109:0563c28_4']	著我見者依非我行相入正性離生。	著我見者依非我行相入正性離生。	Those who are attached to the view of self enter the correct stage of renunciation based on the aspect of non-self.
['T27n1545_109:0563c29_2']	著我所見者依空行相入正性離生。	著我所見者依空行相入正性離生。	Those who are attached to the view of what belongs to the self enter the correct stage of renunciation based on the aspect of emptiness.
['T27n1545_109:0563c29_11']	諸愛行者亦有二種。	諸愛行者亦有二種。	There are also two kinds of practitioners of desire.
['T27n1545_109:0564a01_7']	我慢增者依非常行相入正性離生。	我慢增者依非常行相入正性離生。	Those whose arrogance is predominant enter the correct stage of renunciation based on the aspect of impermanence.
['T27n1545_109:0564a02_4']	懈怠增者依苦行相入正性離生。	懈怠增者依苦行相入正性離生。	Those whose laziness is predominant enter the correct stage of renunciation based on the aspect of suffering.
['T27n1545_109:0564a03_1']	復次若利根者多依空入正性離生。	復次若利根者多依空入正性離生。	Furthermore, if one has sharp faculties, one often enters the correct stage of renunciation based on emptiness.
['T27n1545_109:0564a03_15']	若鈍根者多依無願入正性離生。	若鈍根者多依無願入正性離生。	If one has dull faculties, one often enters the correct stage of renunciation based on the absence of wishes.
['T27n1545_109:0564a04_14']	如利根鈍根乃至開智說智應知亦爾。	如利根鈍根乃至開智說智應知亦爾。	It should be known that those with sharp faculties and dull faculties, up to those with open wisdom and those with the wisdom of explanation, are also like this.
['T27n1545_109:0564a05_7']	若依無願入正性離生者。	若依無願入正性離生者。	If one enters the correct stage of renunciation based on the absence of wishes,
['T27n1545_109:0564a06_10']	彼或依無願無相離三界染盡眾同分空不現前。	彼或依無願無相離三界染盡眾同分空不現前。	then either based on the absence of wishes and the absence of characteristics, one exhausts the defilements of the three realms and the emptiness of the common lot does not manifest.
['T27n1545_109:0564a06_17']	隨法行亦爾者。	隨法行亦爾者。	Those who practice in accordance with the teachings are also like this.
['T27n1545_109:0564a07_8']	此二地等廣說如前。	此二地等廣說如前。	These two grounds and so forth are explained in detail as before.
['T27n1545_109:0564a07_17']	信勝解乃至俱解脫。	信勝解乃至俱解脫。	From those resolute in faith up to those liberated by both means.
['T27n1545_109:0564a08_8']	於三三摩地皆未來三。	於三三摩地皆未來三。	In the three samādhis, all are future three.
['T27n1545_109:0564a08_16']	過去若已滅不失。	過去若已滅不失。	If past, if already extinguished but not lost.
['T27n1545_109:0564a09_6']	現在若現在前者。	現在若現在前者。	If present, if present.
['T27n1545_109:0564a09_15']	此皆准前應知其相。	此皆准前應知其相。	All of these should be understood according to the previous pattern.
['T27n1545_109:0564a11_1']	隨信行乃至俱解脫空無願無相三摩地現在前時。	隨信行乃至俱解脫空無願無相三摩地現在前時。	When the samādhis of emptiness, wishlessness, and signlessness are present for those resolute in faith up to those liberated by both means.
['T27n1545_109:0564a11_8']	幾智現在前耶。	幾智現在前耶。	How many knowledges are present?
['T27n1545_109:0564a12_2']	答隨信行空三摩地現在前時。	答隨信行空三摩地現在前時。	The answer: When the samādhi of emptiness is present for those resolute in faith,
['T27n1545_109:0564a12_7']	或二或無。	或二或無。	either two or none.
['T27n1545_109:0564a12_18']	廣說乃至俱解脫亦爾者。	廣說乃至俱解脫亦爾者。	The same applies up to those liberated by both means.
['T27n1545_109:0564a13_7']	謂見道中忍時無智。	謂見道中忍時無智。	That is to say, in the path of seeing, at the time of forbearance there is no knowledge.
['T27n1545_109:0564a13_13']	智時有二智。	智時有二智。	At the time of knowledge, there are two knowledges.
['T27n1545_109:0564a14_6']	修道中苦集滅智時有二智。	修道中苦集滅智時有二智。	In the path of cultivation, at the time of the knowledges of suffering, origination, and cessation, there are two knowledges.
['T27n1545_109:0564a14_15']	道智時或二或三智。	道智時或二或三智。	At the time of the knowledge of the path, there are either two or three knowledges.
['T27n1545_109:0564a15_5']	無學道中苦集滅智。	無學道中苦集滅智。	In the path of no-more-learning, the knowledges of suffering, origination, and cessation,
['T27n1545_109:0564a15_17']	無學正見攝者一一有二智。	無學正見攝者一一有二智。	which are included in the right view of no-more-learning, each have two knowledges.
['T27n1545_109:0564a16_6']	非無學正見攝者。	非無學正見攝者。	Those not included in the right views of the adept.
['T27n1545_109:0564a16_12']	一一有三智。	一一有三智。	Each has three knowledges.
['T27n1545_109:0564a17_7']	道智若非無學正見攝者有三智。	道智若非無學正見攝者有三智。	If the knowledge of the path is not included in the right views of the adept, it has three knowledges.
['T27n1545_109:0564a18_5']	若是無學正見攝他心智者亦有三智。	若是無學正見攝他心智者亦有三智。	If it is included in the right views of the adept and is the knowledge of others' minds, it also has three knowledges.
['T27n1545_109:0564a18_18']	即此若非他心智者唯有二智。	即此若非他心智者唯有二智。	If it is not the knowledge of others' minds, it has only two knowledges.
['T27n1545_109:0564a19_16']	問何故盡無生智不與空三摩地相應耶。	問何故盡無生智不與空三摩地相應耶。	Why are the knowledge of elimination and the knowledge of non-arising not associated with the emptiness concentration?
['T27n1545_109:0564a20_5', 'T27n1545_109:0564a20_15']	答行相異故。🔽謂空行相非盡無生智。	答行相異故。 謂空行相非盡無生智。	The answer is: because their modes of activity are different.🔽The mode of activity of emptiness is not the knowledge of elimination and non-arising.
['T27n1545_109:0564a21_6']	若盡無生智行相非空。	若盡無生智行相非空。	If the knowledge of elimination and non-arising is the mode of activity, it is not emptiness.
['T27n1545_109:0564a21_17']	復次空三摩地與見相應。	復次空三摩地與見相應。	Furthermore, the emptiness concentration is associated with views.
['T27n1545_109:0564a22_7']	盡無生智非見性故。	盡無生智非見性故。	The knowledge of elimination and non-arising is not of the nature of views.
['T27n1545_109:0564a23_1']	復次空三摩地自性是勝義。	復次空三摩地自性是勝義。	Furthermore, the nature of the emptiness concentration is ultimate truth.
['T27n1545_109:0564a23_10']	所起行相亦是勝義。	所起行相亦是勝義。	The mode of activity it gives rise to is also ultimate truth.
['T27n1545_109:0564a24_2']	盡無生智自性雖是勝義。	盡無生智自性雖是勝義。	Although the nature of the knowledge of elimination and non-arising is ultimate truth,
['T27n1545_109:0564a24_11']	而所起行相非勝義。	而所起行相非勝義。	The mode of activity it gives rise to is not ultimate truth.
['T27n1545_109:0564a25_2']	謂此智後作是念言。	謂此智後作是念言。	That is to say, after this knowledge, one thinks like this:
['T27n1545_109:0564a26_2']	我生已盡等有我行相是世俗攝非勝義故。	我生已盡等有我行相是世俗攝非勝義故。	The aspects of self in the phrases my birth is exhausted and so on are included in the conventional [truth] and not in the ultimate [truth].
['T27n1545_109:0564a27_8']	隨信行乃至俱解脫。	隨信行乃至俱解脫。	[The text] says from the faith-follower up to the liberated one through both parts.
['T27n1545_109:0564a28_7']	三無漏根七覺支八道支隨應現在前時。	三無漏根七覺支八道支隨應現在前時。	When the three pure faculties, seven factors of enlightenment, and eight factors of the path appear,
['T27n1545_109:0564a28_14']	幾智現在前耶。	幾智現在前耶。	how many knowledges appear?
['T27n1545_109:0564a29_9']	答隨信行未知當知根現在前時。	答隨信行未知當知根現在前時。	The answer is: When the faculty of knowing the unknown appears for the faith-follower,
['T27n1545_109:0564a29_14']	或二或無。	或二或無。	either two or none.
['T27n1545_109:0564b01_6']	廣說乃至俱解脫亦爾者。	廣說乃至俱解脫亦爾者。	... up to the liberated one through both parts is also like this.
['T27n1545_109:0564b01_17']	謂見道中八忍時全無智。	謂見道中八忍時全無智。	It means that in the path of seeing, when there are eight forbearances, there is no knowledge at all.
['T27n1545_109:0564b02_6']	七智時各有二智。	七智時各有二智。	When there are seven knowledges, there are two knowledges each.
['T27n1545_109:0564b03_1']	修道中苦集滅智時各有二智。	修道中苦集滅智時各有二智。	In the path of cultivation, when there are knowledges of suffering, origination, and cessation, there are two knowledges each.
['T27n1545_109:0564b03_13']	道智時或有二智或有三智。	道智時或有二智或有三智。	When there is knowledge of the path, there are either two knowledges or three knowledges.
['T27n1545_109:0564b04_4']	無學道中苦集滅道智。	無學道中苦集滅道智。	In the path of no-more-learning, the knowledges of suffering, origination, cessation, and path,
['T27n1545_109:0564b05_1']	皆或有二智或有三智准前應知。	皆或有二智或有三智准前應知。	are all either two knowledges or three knowledges, which should be understood according to the previous [explanation].
['T27n1545_109:0564b05_15']	問此中數說慧解脫者起他心智。	問此中數說慧解脫者起他心智。	The question is: Why is it said here that the one liberated by wisdom produces the knowledge of others' minds?
['T27n1545_109:0564b06_6']	此起必依根本靜慮。	此起必依根本靜慮。	This production must be based on the fundamental meditative absorptions.
['T27n1545_109:0564b07_1']	若慧解脫亦能現起根本靜慮。	若慧解脫亦能現起根本靜慮。	If those liberated by wisdom can also manifest fundamental meditative absorptions,
['T27n1545_109:0564b07_10']	豈不違害蘇尸摩經。	豈不違害蘇尸摩經。	wouldn't this contradict the Sūtra on Susīma?
['T27n1545_109:0564b07_15']	彼經中說。	彼經中說。	In that sūtra it says:
['T27n1545_109:0564b08_8']	慧解脫者不能現起根本靜慮。	慧解脫者不能現起根本靜慮。	Those liberated by wisdom cannot manifest fundamental meditative absorptions.
['T27n1545_109:0564b08_16']	答慧解脫有二種。	答慧解脫有二種。	The answer is: There are two kinds of those liberated by wisdom.
['T27n1545_109:0564b09_3']	一是少分。	一是少分。	One is partial,
['T27n1545_109:0564b09_8']	二是全分。	二是全分。	and the other is complete.
['T27n1545_109:0564b10_4']	少分慧解脫於四靜慮能起一二三。	少分慧解脫於四靜慮能起一二三。	Those partially liberated by wisdom can manifest one, two, or three of the four meditative absorptions.
['T27n1545_109:0564b11_1']	全分慧解脫於四靜慮皆不能起。	全分慧解脫於四靜慮皆不能起。	Those completely liberated by wisdom cannot manifest any of the four meditative absorptions.
['T27n1545_109:0564b11_11']	此論中說少分慧解脫。	此論中說少分慧解脫。	This treatise speaks of those partially liberated by wisdom.
['T27n1545_109:0564b11_18']	故能起他心智。	故能起他心智。	Therefore they can manifest the knowledge of others' minds.
['T27n1545_109:0564b12_10']	蘇尸摩經說全分慧解脫。	蘇尸摩經說全分慧解脫。	The Sūtra on Susīma speaks of those completely liberated by wisdom.
['T27n1545_109:0564b13_2']	彼於四靜慮皆不能起。	彼於四靜慮皆不能起。	They cannot manifest any of the four meditative absorptions.
['T27n1545_109:0564b13_11']	如是二說俱為善通。	如是二說俱為善通。	These two explanations are both good.
['T27n1545_109:0564b14_2']	由此少分慧解脫者。	由此少分慧解脫者。	For this reason, those partially liberated by wisdom
['T27n1545_109:0564b14_16']	乃至能起有頂等至但不得滅定。	乃至能起有頂等至但不得滅定。	can manifest up to the meditative absorption of the peak of existence, but do not attain the concentration of cessation.
['T27n1545_109:0564b15_7', 'T27n1545_109:0564b15_14']	若得滅定名俱解脫。🔽諸法法智相應。	若得滅定名俱解脫。 諸法法智相應。	If they attain the concentration of cessation, they are called those liberated in both ways.🔽The dharmas that are associated with the knowledge of dharmas,
['T27n1545_109:0564b16_4']	彼法類智相應耶。	彼法類智相應耶。	are those dharmas also associated with the knowledge of species?
['T27n1545_109:0564b16_9']	乃至廣說。	乃至廣說。	And so on, explaining in detail.
['T27n1545_109:0564b16_16']	問何故作此論。	問何故作此論。	Question: Why is this treatise composed?
['T27n1545_109:0564b17_7']	答為止他宗顯正理故。	答為止他宗顯正理故。	Answer: In order to stop other schools and reveal the correct principle.
['T27n1545_109:0564b17_12']	謂或有執。	謂或有執。	That is to say, some hold the view that
['T27n1545_109:0564b17_17']	心心所法。	心心所法。	the mind and mental factors
['T27n1545_109:0564b18_7']	一一而生無相應義。	一一而生無相應義。	arise one by one, without the meaning of association.
['T27n1545_109:0564b19_7']	為遮彼執顯心心所必俱時生有相應義。	為遮彼執顯心心所必俱時生有相應義。	In order to refute that view and show that the mind and mental factors necessarily arise simultaneously and have the meaning of association,
['T27n1545_109:0564b19_12']	或復有執。	或復有執。	some also hold the view that
['T27n1545_109:0564b20_2']	心心所法前後相應。	心心所法前後相應。	the mind and mental factors are associated sequentially.
['T27n1545_109:0564b20_7']	有餘復執。	有餘復執。	Others further hold the view that
['T27n1545_109:0564b20_15']	自性與自性相應。	自性與自性相應。	the intrinsic nature is associated with the intrinsic nature.
['T27n1545_109:0564b21_9']	為遮彼執顯相應者必俱時生。	為遮彼執顯相應者必俱時生。	In order to refute those views and show that that which is associated necessarily arises simultaneously,
['T27n1545_109:0564b22_1']	別有自體故作斯論。	別有自體故作斯論。	because it has a separate substance, this treatise is composed.
['T27n1545_109:0564b22_10']	此中諸法由三緣故。	此中諸法由三緣故。	Herein, the various dharmas, by means of three conditions,
['T27n1545_109:0564b23_1', 'T27n1545_109:0564b23_10', 'T27n1545_109:0564b24_1']	互相交涉對顯相應。🔽謂或有法由相攝故。🔽互相交涉如智與智。	互相交涉對顯相應。 謂或有法由相攝故。 互相交涉如智與智。	mutually interact and reveal association.🔽That is to say, there are dharmas that mutually interact by means of inclusion, like cognition with cognition.
['T27n1545_109:0564b25_3']	或復有法由相應故互相交涉如智與三摩地。	或復有法由相應故互相交涉如智與三摩地。	Or there are dharmas that mutually interact by means of association, like cognition with samādhi.
['T27n1545_109:0564b26_8']	或復有法由相攝相應故互相交涉如智與根覺支道支。	或復有法由相攝相應故互相交涉如智與根覺支道支。	Or there are dharmas that mutually intersect each other by being included in the same aggregates and being associated, like cognition and faculties, and the factors of enlightenment and the factors of the path.
['T27n1545_109:0564b26_17']	是謂此處略毘婆沙。	是謂此處略毘婆沙。	This is the brief explanation of this matter.
['T27n1545_109:0564b27_6']	諸法法智相應。	諸法法智相應。	The dharmas that are associated with the cognition of dharmas,
['T27n1545_109:0564b27_14']	彼法類智相應耶。	彼法類智相應耶。	are those dharmas also associated with the cognition of the subsequent?
['T27n1545_109:0564b27_18']	答不爾。	答不爾。	Answer: No.
['T27n1545_109:0564b28_5']	設法類智相應。	設法類智相應。	If dharmas are associated with the cognition of the subsequent,
['T27n1545_109:0564b28_13']	彼法法智相應耶。	彼法法智相應耶。	are those dharmas also associated with the cognition of dharmas?
['T27n1545_109:0564b28_17']	答不爾。	答不爾。	Answer: No.
['T27n1545_109:0564b29_2']	所以者何。	所以者何。	Why is it so?
['T27n1545_109:0564b29_7']	非一心故。	非一心故。	Because they are not in the same mind.
['T27n1545_109:0564b29_12']	所緣異故。	所緣異故。	Because their objects are different.
['T27n1545_109:0564c01_1']	對世俗智亦爾。	對世俗智亦爾。	The same applies to the conventional cognition.
['T27n1545_109:0564c01_6']	所以者何。	所以者何。	Why is it so?
['T27n1545_109:0564c01_11']	非一心故。	非一心故。	Because they are not in the same mind.
['T27n1545_109:0564c02_1']	有漏無漏聚各異故。	有漏無漏聚各異故。	Because the groups of contaminated and uncontaminated [dharmas] are different.
['T27n1545_109:0564c02_8']	諸法法智相應。	諸法法智相應。	The dharmas that are associated with the cognition of dharmas,
['T27n1545_109:0564c02_17']	彼法他心智相應耶。	彼法他心智相應耶。	are those dharmas also associated with the cognition of others' minds?
['T27n1545_109:0564c03_3']	答應作四句。	答應作四句。	Answer: Four sentences should be made.
['T27n1545_109:0564c03_8']	義不定故。	義不定故。	Because the meaning is indefinite.
['T27n1545_109:0564c04_1']	有法法智相應非他心智。	有法法智相應非他心智。	There are dharmas that are associated with the cognition of dharmas but not with the cognition of others' minds.
['T27n1545_109:0564c04_14']	謂他心智所不攝法智相應法。	謂他心智所不攝法智相應法。	Namely, dharmas associated with the cognition of dharmas that are not included in the cognition of others' minds.
['T27n1545_109:0564c05_1']	此法是何。	此法是何。	What are these dharmas?
['T27n1545_109:0564c05_8']	謂苦集滅法智。	謂苦集滅法智。	Namely, the cognition of dharmas of suffering, accumulation, and cessation.
['T27n1545_109:0564c06_3', 'T27n1545_109:0564c06_14']	及他心智所不攝道法智相應法。🔽有法他心智相應非法智。	及他心智所不攝道法智相應法。 有法他心智相應非法智。	And dharmas associated with the cognition of the dharma of the path that are not included in the cognition of others' minds.🔽There are dharmas associated with the cognition of others' minds but not associated with the cognition of the dharma.
['T27n1545_109:0564c07_8']	謂法智所不攝他心智相應法。	謂法智所不攝他心智相應法。	Namely, dharmas associated with the cognition of others' minds that are not included in the cognition of the dharma.
['T27n1545_109:0564c07_13']	此法是何。	此法是何。	What are these dharmas?
['T27n1545_109:0564c08_9']	謂類智世俗智所攝他心智相應法。	謂類智世俗智所攝他心智相應法。	Namely, dharmas associated with the cognition of others' minds that are included in the cognition of similarity and conventional cognition.
['T27n1545_109:0564c09_2']	有法法智相應亦他心智。	有法法智相應亦他心智。	There are dharmas associated with the cognition of the dharma and also with the cognition of others' minds.
['T27n1545_109:0564c09_14']	謂法智所攝他心智相應法。	謂法智所攝他心智相應法。	Namely, dharmas associated with the cognition of the dharma and the cognition of others' minds.
['T27n1545_109:0564c09_19']	此法是何。	此法是何。	What are these dharmas?
['T27n1545_109:0564c10_8']	謂此相應九大地法。	謂此相應九大地法。	Namely, the nine universal mental factors associated with it,
['T27n1545_109:0564c10_14']	十大善地法。	十大善地法。	the ten wholesome factors of the great ground,
['T27n1545_109:0564c10_19', 'T27n1545_109:0564c11_7']	尋伺及心。🔽有法非法智相應。	尋伺及心。 有法非法智相應。	initial and sustained thought, and the mind.
['T27n1545_109:0564c11_13']	亦非他心智。	亦非他心智。	There are dharmas that are associated with the cognition of the dharma but not with the cognition of others' minds.
['T27n1545_109:0564c12_2']	謂法智他心智。	謂法智他心智。	Namely, the cognition of the dharma and the cognition of others' minds.
['T27n1545_109:0564c13_1']	及法智他心智不攝不相應諸餘心心所法。	及法智他心智不攝不相應諸餘心心所法。	And other mental and mental factors that are not included in the cognition of the dharma and the cognition of others' minds, and are not associated with them.
['T27n1545_109:0564c13_10']	色無為心不相應行。	色無為心不相應行。	Form, the unconditioned, and factors not directly associated with the mind.
['T27n1545_109:0564c13_19']	此中法智他心智者。	此中法智他心智者。	Here, the cognition of the dharma and the cognition of others' minds.
['T27n1545_109:0564c14_9']	自性與自性不相應故。	自性與自性不相應故。	Because the intrinsic nature is not associated with the intrinsic nature.
['T27n1545_109:0564c15_4']	及法智他心智不攝不相應。	及法智他心智不攝不相應。	and the dharma cognition and cognition of others' minds do not include it and are not associated with it.
['T27n1545_109:0564c15_14']	諸餘心心所法者不攝。	諸餘心心所法者不攝。	The remaining mental factors do not include it.
['T27n1545_109:0564c16_3']	除彼自性不相應。	除彼自性不相應。	Excluding its own nature and what is not associated with it.
['T27n1545_109:0564c16_8']	除彼相應。	除彼相應。	Excluding what is associated with it.
['T27n1545_109:0564c16_16']	取諸餘心心所法。	取諸餘心心所法。	Taking the remaining mental factors.
['T27n1545_109:0564c17_2']	此法是何。	此法是何。	What is this dharma?
['T27n1545_109:0564c17_15']	謂苦集滅類智他心智所不攝。	謂苦集滅類智他心智所不攝。	It is said to be the cognition of suffering, origination, and cessation that does not include the cognition of others' minds.
['T27n1545_109:0564c18_3']	道類智相應聚。	道類智相應聚。	The aggregate associated with the cognition of the path and the class of cognition.
['T27n1545_109:0564c18_10']	無漏忍相應聚。	無漏忍相應聚。	The aggregate associated with the forbearance of the uncontaminated.
['T27n1545_109:0564c19_6']	他心智不相應一切有漏心心所法。	他心智不相應一切有漏心心所法。	All the contaminated mental factors and mental activities that are not associated with the cognition of others' minds.
['T27n1545_109:0564c19_15', 'T27n1545_109:0564c20_8']	色無為心不相應者。🔽謂一切色無為心不相應行。	色無為心不相應者。 謂一切色無為心不相應行。	The form, unconditioned, and mind that are not associated with it.🔽It is said that all forms, unconditioned, and mental activities that are not associated with the mind are not associated with the cognition of dharmas.
['T27n1545_109:0564c21_6']	皆非法智相應亦非他心智無所緣故。	皆非法智相應亦非他心智無所緣故。	Because they have no object.
['T27n1545_109:0564c22_1']	對苦集滅道智及正見亦爾者。	對苦集滅道智及正見亦爾者。	The same applies to the cognition of suffering, origination, cessation, and the path, as well as to right view.
['T27n1545_109:0564c22_12']	如法智對他心智作四句。	如法智對他心智作四句。	Just as the cognition of dharmas is made into four statements in relation to the cognition of others' minds,
['T27n1545_109:0564c23_11']	此對苦集滅道智及八道支中正見亦爾。	此對苦集滅道智及八道支中正見亦爾。	the same applies to the cognition of suffering, origination, cessation, and the path, as well as to right view, which is one of the eight branches of the path.
['T27n1545_109:0564c24_15']	諸法法智相應彼法空三摩地相應耶。	諸法法智相應彼法空三摩地相應耶。	Are dharmas associated with dharma cognition also associated with the emptiness meditative absorption?
['T27n1545_109:0564c25_3']	答應作四句。	答應作四句。	The answer is that four sentences should be made.
['T27n1545_109:0564c25_15']	此中法智與三三摩地相應。	此中法智與三三摩地相應。	Here, dharma cognition is associated with the three meditative absorptions.
['T27n1545_109:0564c26_9']	空三摩地與二智二忍相應。	空三摩地與二智二忍相應。	The emptiness meditative absorption is associated with two cognitions and two forbearances.
['T27n1545_109:0564c26_13']	二智者。	二智者。	The two cognitions are:
['T27n1545_109:0564c27_2']	謂苦法智苦類智。	謂苦法智苦類智。	Dharma cognition of suffering and subsequent cognition of suffering.
['T27n1545_109:0564c27_6']	二忍者。	二忍者。	The two forbearances are:
['T27n1545_109:0564c27_16']	謂苦法智忍苦類智忍。	謂苦法智忍苦類智忍。	Dharma forbearance of suffering and subsequent forbearance of suffering.
['T27n1545_109:0564c28_5']	是故此中作大四句。	是故此中作大四句。	Therefore, four sentences are made here.
['T27n1545_109:0564c28_14']	有法法智相應非空。	有法法智相應非空。	There are dharmas associated with dharma cognition but not associated with emptiness.
['T27n1545_109:0564c29_3', 'T27n1545_109:0564c29_14']	謂法智相應空。🔽及空不相應法智相應法。	謂法智相應空。 及空不相應法智相應法。	Namely, dharma cognition associated with emptiness.🔽And dharmas associated with dharma cognition but not associated with emptiness.
['T27n1545_109:0565a01_4']	此中法智相應空者。	此中法智相應空者。	Here, dharmas associated with dharma cognition but not associated with emptiness are:
['T27n1545_109:0565a01_14']	謂法智俱生空三摩地。	謂法智俱生空三摩地。	The emptiness meditative absorption that arises together with dharma cognition.
['T27n1545_109:0565a02_5']	此與法智相應非空。	此與法智相應非空。	This is associated with dharma cognition but not with emptiness.
['T27n1545_109:0565a02_15']	自性與自性不相應故。	自性與自性不相應故。	Because the essence is not associated with the essence.
['T27n1545_109:0565a03_9']	及空不相應法智相應法者。	及空不相應法智相應法者。	Dharmas associated with dharma cognition but not associated with emptiness are:
['T27n1545_109:0565a04_4']	謂無願無相俱生法智相應法。	謂無願無相俱生法智相應法。	Dharmas associated with dharma cognition that arise together with wishlessness and signlessness.
['T27n1545_109:0565a04_13']	有法空相應非法智。	有法空相應非法智。	There are dharmas associated with emptiness but not with dharma cognition.
['T27n1545_109:0565a05_1']	謂空相應法智。	謂空相應法智。	Namely, the cognition of dharmas associated with emptiness,
['T27n1545_109:0565a05_8']	及法智不相應。	及法智不相應。	and those not associated with the cognition of dharmas,
['T27n1545_109:0565a05_13', 'T27n1545_109:0565a06_2']	空相應法。🔽此中空相應法智者。	空相應法。 此中空相應法智者。	the dharmas associated with emptiness.🔽Here, the cognition of dharmas associated with emptiness means
['T27n1545_109:0565a06_9']	謂空俱生法智。	謂空俱生法智。	the cognition of dharmas that arises together with emptiness.
['T27n1545_109:0565a06_18']	此與空相應非法智。	此與空相應非法智。	This is associated with emptiness but not with the cognition of dharmas.
['T27n1545_109:0565a07_9']	自性與自性不相應故。	自性與自性不相應故。	Because the intrinsic nature is not associated with the intrinsic nature.
['T27n1545_109:0565a08_4']	及法智不相應空相應法者。	及法智不相應空相應法者。	And the dharmas associated with emptiness that are not associated with the cognition of dharmas means
['T27n1545_109:0565a09_3']	謂苦類智及苦忍俱生空三摩地相應法。	謂苦類智及苦忍俱生空三摩地相應法。	the cognition of the class of suffering and the dharmas associated with the concentration of emptiness that arise together with the patience of suffering.
['T27n1545_109:0565a09_12']	有法法智相應亦空。	有法法智相應亦空。	There are dharmas that are associated with the cognition of dharmas and also with emptiness.
['T27n1545_109:0565a09_18']	謂二相應法。	謂二相應法。	Namely, the dharmas associated with the two.
['T27n1545_109:0565a10_6']	此中二相應法者。	此中二相應法者。	Here, the dharmas associated with the two means
['T27n1545_109:0565a10_15']	謂法智空俱生聚中。	謂法智空俱生聚中。	in the aggregate that arises together with the cognition of dharmas and emptiness,
['T27n1545_109:0565a11_1']	除二自性。	除二自性。	excluding the two intrinsic natures.
['T27n1545_109:0565a11_8']	諸餘心心所法。	諸餘心心所法。	The remaining mental and mental factors.
['T27n1545_109:0565a11_13']	此法是何。	此法是何。	What are these dharmas?
['T27n1545_109:0565a12_2']	謂二相應八大地法。	謂二相應八大地法。	Namely, the two associated eight great fundamental mental factors,
['T27n1545_109:0565a12_8']	十大善地法。	十大善地法。	the ten great wholesome factors,
['T27n1545_109:0565a12_13', 'T27n1545_109:0565a13_5', 'T27n1545_109:0565a13_13']	尋伺及心。🔽有法非法智相應亦非空。🔽謂法智不相應空。	尋伺及心。 有法非法智相應亦非空。 謂法智不相應空。	investigation, analysis, and mind.🔽There are dharmas that are not associated with the cognition of dharmas and also not with emptiness.🔽Namely, emptiness not associated with the cognition of dharmas,
['T27n1545_109:0565a14_1']	空不相應法智。	空不相應法智。	the cognition of dharmas not associated with emptiness,
['T27n1545_109:0565a14_8']	及法智空不攝。	及法智空不攝。	and the emptiness that is not conjoined with the cognition of the law.
['T27n1545_109:0565a14_12']	不相應。	不相應。	are not mutually concomitant.
['T27n1545_109:0565a15_7']	諸餘心心所法色無為心不相應行。	諸餘心心所法色無為心不相應行。	The remaining mental factors, form, unconditioned factors, and factors not directly associated with mind.
['T27n1545_109:0565a15_17']	此中法智不相應空者。	此中法智不相應空者。	Among them, the emptiness that is not conjoined with the cognition of the law.
['T27n1545_109:0565a16_12']	謂苦類智及苦忍俱生空三摩地。	謂苦類智及苦忍俱生空三摩地。	Refers to the emptiness concentration that arises together with the cognition of the class of suffering and the receptivity to the cognition of the class of suffering.
['T27n1545_109:0565a17_5']	此非法智相應是他聚故。	此非法智相應是他聚故。	This is not conjoined with the cognition of the law because it belongs to a different group.
['T27n1545_109:0565a17_11']	亦非空相應。	亦非空相應。	It is also not conjoined with emptiness.
['T27n1545_109:0565a18_3']	自性與自性不相應故。	自性與自性不相應故。	Because the intrinsic nature is not conjoined with the intrinsic nature.
['T27n1545_109:0565a18_11']	空不相應法智者。	空不相應法智者。	The cognition of the law that is not conjoined with emptiness.
['T27n1545_109:0565a19_3']	謂無願無相俱生法智。	謂無願無相俱生法智。	Refers to the cognition of the law that arises together with the wishless and signless concentrations.
['T27n1545_109:0565a19_13']	此非空相應是他聚故。	此非空相應是他聚故。	This is not conjoined with emptiness because it belongs to a different group.
['T27n1545_109:0565a20_2']	亦非法智相應。	亦非法智相應。	It is also not conjoined with the cognition of the law.
['T27n1545_109:0565a20_11']	自性與自性不相應。	自性與自性不相應。	Because the intrinsic nature is not conjoined with the intrinsic nature.
['T27n1545_109:0565a21_2']	及法智空不攝不相應。	及法智空不攝不相應。	And the cognition of the law and emptiness that are not conjoined.
['T27n1545_109:0565a21_12']	諸餘心心所法者不攝。	諸餘心心所法者不攝。	The remaining mental factors that are not included.
['T27n1545_109:0565a22_1']	除二自性不相應。	除二自性不相應。	Excluding the two intrinsic natures that are not conjoined.
['T27n1545_109:0565a22_6']	除二相應。	除二相應。	Excluding the two that are conjoined.
['T27n1545_109:0565a22_14']	取諸餘心心所法。	取諸餘心心所法。	Taking the remaining mental factors.
['T27n1545_109:0565a22_19']	此法是何。	此法是何。	What are these factors?
['T27n1545_109:0565a23_13']	謂法智不相應無願無相相應聚。	謂法智不相應無願無相相應聚。	It refers to the aggregate associated with the signless and wishless but not associated with the knowledge of dharmas.
['T27n1545_109:0565a24_5']	及一切有漏心心所法。	及一切有漏心心所法。	And all contaminated mind and mental factors.
['T27n1545_109:0565a24_15']	色無為心不相應行者。	色無為心不相應行者。	As for form, the unconditioned, and the factors not directly associated with mind,
['T27n1545_109:0565a25_8']	謂一切色無為心不相應行。	謂一切色無為心不相應行。	it refers to all form, the unconditioned, and the factors not directly associated with mind.
['T27n1545_109:0565a25_15']	皆非法智相應。	皆非法智相應。	They are not associated with the knowledge of dharmas.
['T27n1545_109:0565a26_4']	亦非空無所緣故。	亦非空無所緣故。	Because they are not the object of emptiness.
['T27n1545_109:0565a27_1']	對無願無相喜覺支正思惟亦爾者。	對無願無相喜覺支正思惟亦爾者。	The same applies to the joy enlightenment factor, right thought, and the wishless and signless.
['T27n1545_109:0565a27_11']	如法智對空作大四句。	如法智對空作大四句。	Just as the knowledge of dharmas is used to make the four major distinctions with regard to emptiness,
['T27n1545_109:0565a28_8']	此對無願無相喜覺支正思惟亦爾。	此對無願無相喜覺支正思惟亦爾。	the same applies to the joy enlightenment factor, right thought, and the wishless and signless.
['T27n1545_109:0565a29_6']	諸法法智相應。	諸法法智相應。	The dharmas associated with the knowledge of dharmas,
['T27n1545_109:0565a29_17']	彼法未知當知根相應耶。	彼法未知當知根相應耶。	are those dharmas associated with the faculty of knowing the unknown?
['T27n1545_109:0565b01_8']	答應作四句義不定故。	答應作四句義不定故。	The answer is: four sentences should be made, because the meaning is indefinite.
['T27n1545_109:0565b02_4']	有法法智相應非未知當知根。	有法法智相應非未知當知根。	There are dharmas associated with the knowledge of dharmas but not associated with the faculty of knowing the unknown.
['T27n1545_109:0565b03_1']	謂未知當知根所不攝法智相應法。	謂未知當知根所不攝法智相應法。	It refers to dharmas associated with the knowledge of dharmas not included in the faculty of knowing the unknown.
['T27n1545_109:0565b03_6']	此法是何。	此法是何。	What are these dharmas?
['T27n1545_109:0565b04_2']	謂已知根具知根所攝法智相應法。	謂已知根具知根所攝法智相應法。	It refers to dharmas associated with the knowledge of dharmas included in the faculty of knowing and the faculty of having known.
['T27n1545_109:0565b04_15']	此與法智相應非未知當知根。	此與法智相應非未知當知根。	This is associated with dharma cognition but not the faculty of understanding the unknown.
['T27n1545_109:0565b05_2']	是他聚故。	是他聚故。	Because it belongs to a different aggregate.
['T27n1545_109:0565b05_15']	有法未知當知根相應非法智。	有法未知當知根相應非法智。	There are dharmas associated with the faculty of understanding the unknown but not dharma cognition.
['T27n1545_109:0565b06_7']	謂未知當知根所攝法智。	謂未知當知根所攝法智。	Namely, dharmas included in the faculty of understanding the unknown that are dharma cognition,
['T27n1545_109:0565b07_6']	及法智不攝不相應未知當知根相應法。	及法智不攝不相應未知當知根相應法。	and dharmas associated with the faculty of understanding the unknown that are not included in or associated with dharma cognition.
['T27n1545_109:0565b08_1']	此中未知當知根所攝法智者。	此中未知當知根所攝法智者。	Among them, dharmas included in the faculty of understanding the unknown that are dharma cognition
['T27n1545_109:0565b08_14']	謂未知當知根俱生聚中法智。	謂未知當知根俱生聚中法智。	refer to dharma cognition that arises in the aggregate associated with the faculty of understanding the unknown.
['T27n1545_109:0565b09_9']	此與未知當知根相應非法智。	此與未知當知根相應非法智。	This is associated with the faculty of understanding the unknown but not dharma cognition.
['T27n1545_109:0565b10_2']	自性與自性不相應故。	自性與自性不相應故。	Because the intrinsic nature does not correspond to the intrinsic nature.
['T27n1545_109:0565b11_2', 'T27n1545_109:0565b11_15']	及法智不攝不相應未知當知根相應法者。🔽謂諸類智及無漏忍俱生聚中。	及法智不攝不相應未知當知根相應法者。 謂諸類智及無漏忍俱生聚中。	Dharmas associated with the faculty of understanding the unknown that are not included in or associated with dharma cognition
['T27n1545_109:0565b12_6']	未知當知根相應法。	未知當知根相應法。	refer to dharmas associated with the faculty of understanding the unknown that arise in the aggregate associated with subsequent cognition and pure acceptance.
['T27n1545_109:0565b13_1']	此與未知當知根相應非法智。	此與未知當知根相應非法智。	This is associated with the faculty of understanding the unknown but not dharma cognition.
['T27n1545_109:0565b13_6']	是他聚故。	是他聚故。	Because it belongs to a different aggregate.
['T27n1545_109:0565b13_19']	有法法智相應亦未知當知根。	有法法智相應亦未知當知根。	There are dharmas that are associated with both dharma cognition and the faculty of understanding the unknown.
['T27n1545_109:0565b14_13']	謂未知當知根所攝法智相應法。	謂未知當知根所攝法智相應法。	Namely, the dharmas associated with dharma cognition included in the faculty of understanding what has not been understood.
['T27n1545_109:0565b14_18']	此法是何。	此法是何。	What are these dharmas?
['T27n1545_109:0565b15_8']	謂餘八根及彼相應。	謂餘八根及彼相應。	Namely, the remaining eight faculties and what is associated with them.
['T27n1545_109:0565b15_15']	餘非根心所法。	餘非根心所法。	The other mental factors that are not faculties.
['T27n1545_109:0565b16_12']	有法非法智相應亦非未知當知根。	有法非法智相應亦非未知當知根。	There are dharmas that are associated with dharma cognition but not with the faculty of understanding what has not been understood.
['T27n1545_109:0565b17_6']	謂未知當知根所不攝法智。	謂未知當知根所不攝法智。	Namely, dharma cognition not included in the faculty of understanding what has not been understood.
['T27n1545_109:0565b18_2']	及法智未知當知根不攝不相應。	及法智未知當知根不攝不相應。	And dharmas not included in or not associated with dharma cognition or the faculty of understanding what has not been understood.
['T27n1545_109:0565b18_9']	諸餘心心所法。	諸餘心心所法。	The other mental factors and mental activities.
['T27n1545_109:0565b18_18']	色無為心不相應行。	色無為心不相應行。	Form, the unconditioned, and factors not directly associated with mind.
['T27n1545_109:0565b19_12']	此中未知當知根所不攝法智者。	此中未知當知根所不攝法智者。	Here, dharma cognition not included in the faculty of understanding what has not been understood means:
['T27n1545_109:0565b20_8']	謂已知根具知根俱生聚中法智。	謂已知根具知根俱生聚中法智。	Dharma cognition arising in the aggregates associated with the faculty of understanding what has been understood and the faculty of final and perfect understanding.
['T27n1545_109:0565b20_15']	此非法智相應。	此非法智相應。	This is not associated with dharma cognition.
['T27n1545_109:0565b21_7']	自性與自性不相應故。	自性與自性不相應故。	Because the essence of something is not associated with its own essence.
['T27n1545_109:0565b21_17']	亦非未知當知根相應。	亦非未知當知根相應。	It is also not associated with the faculty of understanding what has not been understood.
['T27n1545_109:0565b22_4']	是他聚故。	是他聚故。	Because it belongs to a different aggregate.
['T27n1545_109:0565b22_18']	及法智未知當知根不攝不相應。	及法智未知當知根不攝不相應。	And dharmas not included in or not associated with dharma cognition or the faculty of understanding what has not been understood.
['T27n1545_109:0565b23_7']	諸餘心心所法者。	諸餘心心所法者。	The other mental factors and mental activities means:
['T27n1545_109:0565b23_16']	謂法智不攝不相應。	謂法智不攝不相應。	That is, dharmas not included in dharma cognition and those not associated with it.
['T27n1545_109:0565b24_12']	已知根具知根俱生聚中心心所法。	已知根具知根俱生聚中心心所法。	The aggregate of mind and mental factors that arise simultaneously with the root of knowing already known and the root of knowing all,
['T27n1545_109:0565b25_3']	及一切有漏心心所法。	及一切有漏心心所法。	and all defiled mind and mental factors,
['T27n1545_109:0565b25_10']	皆非法智相應。	皆非法智相應。	are all not associated with dharma cognition.
['T27n1545_109:0565b25_18']	亦非未知當知根。	亦非未知當知根。	They are also not the root of knowing that which is to be known.
['T27n1545_109:0565b26_4']	是他聚故。	是他聚故。	Because they belong to another aggregate.
['T27n1545_109:0565b26_14']	色無為心不相應行者。	色無為心不相應行者。	The category of form, unconditioned, and mental factors not associated with mind,
['T27n1545_109:0565b27_12']	謂一切色無為心不相應行皆俱不相應。	謂一切色無為心不相應行皆俱不相應。	all forms, unconditioned, and mental factors not associated with mind are all not associated with each other.
['T27n1545_109:0565b27_17']	無所緣故。	無所緣故。	Because they have no objects.
['T27n1545_109:0565b28_8']	對已知具知根亦爾者。	對已知具知根亦爾者。	The same applies to the already known and the root of knowing all.
['T27n1545_109:0565b29_4']	如法智對未知當知根有四句。	如法智對未知當知根有四句。	Just as dharma cognition is classified into four propositions in relation to the root of knowing that which is to be known,
['T27n1545_109:0565b29_15']	此對已知根具知根亦爾。	此對已知根具知根亦爾。	the same applies to the already known and the root of knowing all.
['T27n1545_109:0565c01_14']	諸法法智相應彼法念覺支相應耶。	諸法法智相應彼法念覺支相應耶。	Are the dharmas associated with dharma cognition also associated with the factor of enlightenment of mindfulness?
['T27n1545_109:0565c02_6']	答應作四句義不定故。	答應作四句義不定故。	The answer is that four propositions should be made because the meaning is indefinite.
['T27n1545_109:0565c03_5']	有法法智相應非念謂法智相應念覺支。	有法法智相應非念謂法智相應念覺支。	There are dharmas associated with dharma cognition but not with mindfulness, namely the factor of enlightenment of mindfulness associated with dharma cognition.
['T27n1545_109:0565c03_14']	此與法智相應非念。	此與法智相應非念。	This is associated with dharma cognition but not with mindfulness.
['T27n1545_109:0565c04_6']	自性與自性不相應故。	自性與自性不相應故。	Because the intrinsic nature does not correspond to the intrinsic nature.
['T27n1545_109:0565c04_17']	有法念覺支相應非法智。	有法念覺支相應非法智。	There are dharmas associated with the factor of enlightenment of mindfulness that are not associated with the cognition of dharmas.
['T27n1545_109:0565c05_15']	謂法智及法智不相應念覺支相應法。	謂法智及法智不相應念覺支相應法。	Namely, the cognition of dharmas and the dharmas associated with the factor of enlightenment of mindfulness that are not associated with the cognition of dharmas.
['T27n1545_109:0565c06_3']	此中法智者。	此中法智者。	Here, the cognition of dharmas refers to
['T27n1545_109:0565c06_12']	謂念覺支俱生法智。	謂念覺支俱生法智。	the cognition of dharmas that arises together with the factor of enlightenment of mindfulness.
['T27n1545_109:0565c07_5']	此與念覺支相應非法智。	此與念覺支相應非法智。	This is associated with the factor of enlightenment of mindfulness but is not the cognition of dharmas.
['T27n1545_109:0565c07_15']	自性與自性不相應故。	自性與自性不相應故。	Because the intrinsic nature is not associated with the intrinsic nature.
['T27n1545_109:0565c08_4']	及法智不相應。	及法智不相應。	And it is not associated with the cognition of dharmas.
['T27n1545_109:0565c08_12']	念覺支相應法者。	念覺支相應法者。	The dharmas associated with the factor of enlightenment of mindfulness refer to
['T27n1545_109:0565c09_11']	謂無漏忍及類智俱生聚中念覺支相應法。	謂無漏忍及類智俱生聚中念覺支相應法。	the dharmas associated with the factor of enlightenment of mindfulness in the aggregate of uncontaminated receptivity and the aggregate that arises together with the cognition of similarity.
['T27n1545_109:0565c10_4']	此與念覺支相應非法智。	此與念覺支相應非法智。	This is associated with the factor of enlightenment of mindfulness but is not the cognition of dharmas.
['T27n1545_109:0565c10_9']	是他聚故。	是他聚故。	Because it belongs to another aggregate.
['T27n1545_109:0565c10_18']	有法法智相應亦念。	有法法智相應亦念。	There are dharmas that are associated with the cognition of dharmas and also with mindfulness.
['T27n1545_109:0565c11_17']	謂二相應法即法智俱生聚中除法智及念。	謂二相應法即法智俱生聚中除法智及念。	Namely, the dharmas associated with the two, namely, in the aggregate that arises together with the cognition of dharmas, excluding the cognition of dharmas and mindfulness,
['T27n1545_109:0565c12_10']	諸餘心心所法與二相應。	諸餘心心所法與二相應。	the other mind and mental factors are associated with the two.
['T27n1545_109:0565c12_15']	此復是何。	此復是何。	What are they?
['T27n1545_109:0565c13_5']	謂二相應八大地法。	謂二相應八大地法。	Namely, the eight great fundamental mental factors associated with the two,
['T27n1545_109:0565c13_11']	十大善地法。	十大善地法。	the ten great wholesome factors,
['T27n1545_109:0565c13_16']	尋伺及心。	尋伺及心。	investigation, analysis, and mind.
['T27n1545_109:0565c14_8']	有法非法智相應亦非念。	有法非法智相應亦非念。	There are dharmas that are neither associated with knowledge of dharmas and adharmas nor with mindfulness.
['T27n1545_109:0565c14_18']	謂法智不相應念覺支。	謂法智不相應念覺支。	Namely, the aggregate of mindfulness that is not associated with knowledge of dharmas.
['T27n1545_109:0565c15_6']	及餘心心所法。	及餘心心所法。	And the other mental factors and mental activities.
['T27n1545_109:0565c15_15']	色無為心不相應行。	色無為心不相應行。	Form, the unconditioned, and the factors not directly associated with mind.
['T27n1545_109:0565c16_8']	此中法智不相應念覺支者。	此中法智不相應念覺支者。	Here, the aggregate of mindfulness that is not associated with knowledge of dharmas.
['T27n1545_109:0565c17_4']	謂無漏忍類智俱生聚中念覺支。	謂無漏忍類智俱生聚中念覺支。	Refers to the aggregate of mindfulness that arises together with the class of undefiled patience and subsequent knowledge.
['T27n1545_109:0565c17_15']	此非法智相應是他聚故。	此非法智相應是他聚故。	This is not associated with knowledge of dharmas because it belongs to another aggregate.
['T27n1545_109:0565c18_3']	亦非念相應。	亦非念相應。	It is also not associated with mindfulness.
['T27n1545_109:0565c18_13']	自性與自性不相應故。	自性與自性不相應故。	Because the intrinsic nature is not associated with the intrinsic nature.
['T27n1545_109:0565c19_3']	及餘心心所法者。	及餘心心所法者。	The other mental factors and mental activities.
['T27n1545_109:0565c19_12']	此非無漏心心所法。	此非無漏心心所法。	This is not the undefiled mental factors and mental activities.
['T27n1545_109:0565c20_2']	但是有漏心心所法。	但是有漏心心所法。	But it is the defiled mental factors and mental activities.
['T27n1545_109:0565c20_12']	色無為心不相應行者。	色無為心不相應行者。	Form, the unconditioned, and the factors not directly associated with mind.
['T27n1545_109:0565c21_5']	謂一切色無為心不相應行。	謂一切色無為心不相應行。	Refers to all forms, the unconditioned, and the factors not directly associated with mind.
['T27n1545_109:0565c21_15']	皆俱不相應無所緣故。	皆俱不相應無所緣故。	They are all not associated because they have no object.
['T27n1545_109:0565c22_17']	對精進輕安定捨覺支正精進正念正定亦爾者。	對精進輕安定捨覺支正精進正念正定亦爾者。	The same applies to the factors of enlightenment of vigor, tranquility, concentration, and equanimity, and to right effort, right mindfulness, and right concentration.
['T27n1545_109:0565c23_10']	如法智對念覺支有四句。	如法智對念覺支有四句。	As knowledge of dharmas is applied to the factor of enlightenment of mindfulness, there are four alternatives.
['T27n1545_109:0565c24_6']	此對精進覺支乃至正定亦爾。	此對精進覺支乃至正定亦爾。	This is the same for the factors of enlightenment of right effort up to right concentration.
['T27n1545_109:0565c24_13']	諸法法智相應。	諸法法智相應。	All dharmas that are associated with the knowledge of dharmas,
['T27n1545_109:0565c25_4']	彼法擇法覺支相應耶。	彼法擇法覺支相應耶。	are those dharmas associated with the factor of enlightenment of investigation of dharmas?
['T27n1545_109:0565c25_12']	答諸法法智相應。	答諸法法智相應。	Answer: All dharmas that are associated with the knowledge of dharmas
['T27n1545_109:0565c26_1']	亦擇法覺支法智。	亦擇法覺支法智。	are also associated with the factor of enlightenment of investigation of dharmas and the knowledge of dharmas.
['T27n1545_109:0565c26_10', 'T27n1545_109:0565c27_3']	皆是擇法覺支攝故。🔽有法擇法覺支相應非法智。	皆是擇法覺支攝故。 有法擇法覺支相應非法智。	Because they are all included in the factor of enlightenment of investigation of dharmas.🔽There are dharmas that are associated with the factor of enlightenment of investigation of dharmas but not with the knowledge of dharmas.
['T27n1545_109:0565c27_17']	謂法智所不攝擇法覺支相應法。	謂法智所不攝擇法覺支相應法。	Namely, dharmas associated with the factor of enlightenment of investigation of dharmas that are not included in the knowledge of dharmas.
['T27n1545_109:0565c28_4']	此法是何。	此法是何。	What are these dharmas?
['T27n1545_109:0565c29_4']	謂無漏忍類智俱生聚中擇法覺支相應法。	謂無漏忍類智俱生聚中擇法覺支相應法。	Namely, dharmas associated with the factor of enlightenment of investigation of dharmas in the aggregate of patience and the aggregate of subsequent knowledge.
['T27n1545_109:0565c29_16']	此與擇法覺支相應非法智。	此與擇法覺支相應非法智。	These are associated with the factor of enlightenment of investigation of dharmas but not with the knowledge of dharmas.
['T27n1545_109:0566a01_2']	是他聚故。	是他聚故。	Because they belong to a different aggregate.
['T27n1545_109:0566a01_8']	如法智對後。	如法智對後。	Just as the knowledge of dharmas is related to the subsequent,
['T27n1545_109:0566a01_16']	類智對後亦爾者。	類智對後亦爾者。	so is the subsequent knowledge related to the other.
['T27n1545_109:0566a02_4']	如法智對類智。	如法智對類智。	Just as the knowledge of dharmas is related to the subsequent knowledge,
['T27n1545_109:0566a03_3']	乃至正定類智對他心智乃至正定亦爾。	乃至正定類智對他心智乃至正定亦爾。	so is the subsequent knowledge related to the knowledge of other minds up to right concentration.
['T27n1545_109:0566a03_11']	諸法他心智相應。	諸法他心智相應。	All dharmas that are associated with the knowledge of other minds,
['T27n1545_109:0566a04_1']	彼法世俗智相應耶。	彼法世俗智相應耶。	are those dharmas associated with conventional knowledge?
['T27n1545_109:0566a04_11']	答應作四句義不定故。	答應作四句義不定故。	The answer is: four sentences should be made because the meaning is indefinite.
['T27n1545_109:0566a05_5']	有法他心智相應非世俗智。	有法他心智相應非世俗智。	There are dharmas associated with the knowledge of others' minds but not with conventional knowledge.
['T27n1545_109:0566a06_1']	謂世俗智所不攝他心智相應法。	謂世俗智所不攝他心智相應法。	These dharmas are those associated with the knowledge of others' minds not included in conventional knowledge.
['T27n1545_109:0566a06_6']	此法是何。	此法是何。	What are these dharmas?
['T27n1545_109:0566a06_16']	謂無漏他心智相應法。	謂無漏他心智相應法。	They are the dharmas associated with the pure knowledge of others' minds.
['T27n1545_109:0566a07_8']	有法世俗智相應非他心智。	有法世俗智相應非他心智。	There are dharmas associated with conventional knowledge but not with the knowledge of others' minds.
['T27n1545_109:0566a08_4']	謂他心智所不攝世俗智相應法。	謂他心智所不攝世俗智相應法。	These dharmas are those associated with conventional knowledge not included in the knowledge of others' minds.
['T27n1545_109:0566a08_9', 'T27n1545_109:0566a08_17']	此法是何。🔽謂他心智所不攝。	此法是何。 謂他心智所不攝。	What are these dharmas?
['T27n1545_109:0566a09_13']	諸善染污無覆無記世俗智相應法。	諸善染污無覆無記世俗智相應法。	They are the wholesome, defiled, and unobscured indeterminate dharmas not included in the knowledge of others' minds.
['T27n1545_109:0566a10_7']	有法他心智相應亦世俗智。	有法他心智相應亦世俗智。	There are dharmas associated with both the knowledge of others' minds and conventional knowledge.
['T27n1545_109:0566a11_2']	謂他心智所攝世俗智相應法。	謂他心智所攝世俗智相應法。	These dharmas are those associated with conventional knowledge included in the knowledge of others' minds.
['T27n1545_109:0566a11_7']	此法是何。	此法是何。	What are these dharmas?
['T27n1545_109:0566a11_12']	謂此相應。	謂此相應。	They are those associated with
['T27n1545_109:0566a11_17']	九大地法。	九大地法。	the nine universal mental factors,
['T27n1545_109:0566a12_6']	十大善地法尋伺及心。	十大善地法尋伺及心。	the ten wholesome factors, applied thought, sustained thought, and the mind.
['T27n1545_109:0566a12_15']	有法非他心智相應。	有法非他心智相應。	There are dharmas not associated with the knowledge of others' minds,
['T27n1545_109:0566a13_3']	亦非世俗智。	亦非世俗智。	nor with conventional knowledge.
['T27n1545_109:0566a14_3']	謂他心世俗智及他心世俗智不攝不相應。	謂他心世俗智及他心世俗智不攝不相應。	Namely, the conventional knowledge of others' minds and the conventional knowledge of others' minds that are not included and not associated.
['T27n1545_109:0566a14_10']	諸餘心心所法。	諸餘心心所法。	All other mental factors and mental activities.
['T27n1545_109:0566a14_19']	色無為心不相應行。	色無為心不相應行。	Form, the unconditioned, and factors not directly associated with the mind.
['T27n1545_109:0566a15_8']	此中他心世俗智者。	此中他心世俗智者。	Among them, the conventional knowledge of others' minds.
['T27n1545_109:0566a16_1']	自性與自性不相應故。	自性與自性不相應故。	Because the intrinsic nature is not associated with the intrinsic nature.
['T27n1545_109:0566a16_13']	及他心世俗智不攝不相應。	及他心世俗智不攝不相應。	And the conventional knowledge of others' minds that are not included and not associated.
['T27n1545_109:0566a17_2']	諸餘心心所法者。	諸餘心心所法者。	All other mental factors and mental activities.
['T27n1545_109:0566a17_11']	謂無漏忍苦集滅智。	謂無漏忍苦集滅智。	Refers to the uncontaminated acceptance, the knowledge of suffering, origination, and cessation.
['T27n1545_109:0566a18_9']	及他心智所不攝道智俱生聚心心所法。	及他心智所不攝道智俱生聚心心所法。	And the mental factors and mental activities that arise together with the knowledge of the path that are not included in the knowledge of others' minds.
['T27n1545_109:0566a18_18']	俱不相應是他聚故。	俱不相應是他聚故。	They are not mutually associated because they belong to different groups.
['T27n1545_109:0566a19_9']	色無為心不相應行者。	色無為心不相應行者。	Form, the unconditioned, and factors not directly associated with the mind.
['T27n1545_109:0566a20_11']	謂一切色無為心不相應行俱不相應無所緣故。	謂一切色無為心不相應行俱不相應無所緣故。	All forms, the unconditioned, and factors not directly associated with the mind are not mutually associated because they have no objects.
['T27n1545_109:0566a21_6']	對道智擇法覺支正見亦爾者。	對道智擇法覺支正見亦爾者。	The same applies to the knowledge of the path, the factor of enlightenment of investigating phenomena, and right view.
['T27n1545_109:0566a22_1']	如他心智對世俗智有四句。	如他心智對世俗智有四句。	Just as the knowledge of others' minds has four alternatives in relation to conventional knowledge,
['T27n1545_109:0566a22_14']	此對道智擇法覺支正見亦爾。	此對道智擇法覺支正見亦爾。	the same applies to the knowledge of the path, the factor of enlightenment of investigating phenomena, and right view.
['T27n1545_109:0566a23_4']	諸法他心智相應。	諸法他心智相應。	All dharmas that are associated with the knowledge of others' minds.
['T27n1545_109:0566a23_12']	彼法苦智相應耶。	彼法苦智相應耶。	Are those dharmas associated with the cognition of suffering?
['T27n1545_109:0566a23_16']	答不爾。	答不爾。	The answer is: No.
['T27n1545_109:0566a24_11']	設法苦智相應彼法他心智相應耶。	設法苦智相應彼法他心智相應耶。	If dharmas are associated with the cognition of suffering, are they also associated with the cognition of others' minds?
['T27n1545_109:0566a24_15']	答不爾。	答不爾。	The answer is: No.
['T27n1545_109:0566a25_15']	對集滅智空無相三摩地未知當知根亦爾者。	對集滅智空無相三摩地未知當知根亦爾者。	The same applies to the cognition of the path, the cognition of the origin, the cognition of cessation, the cognition of the path, the emptiness concentration, and the signless concentration, and the faculty of knowing the unknown.
['T27n1545_109:0566a26_2', 'T27n1545_109:0566a26_8']	非一心故。🔽或行相異故。	非一心故。 或行相異故。	Because they are not in the same mind.🔽Or because the aspects are different.
['T27n1545_109:0566a26_14']	或所緣異故。	或所緣異故。	Or because the objects are different.
['T27n1545_109:0566a27_3']	諸法他心智相應。	諸法他心智相應。	Dharmas that are associated with the cognition of others' minds,
['T27n1545_109:0566a27_14']	彼法無願三摩地相應耶。	彼法無願三摩地相應耶。	are they also associated with the wishless concentration?
['T27n1545_109:0566a28_5']	答應作四句義不定故。	答應作四句義不定故。	The answer is: Four sentences should be made, because the meaning is indefinite.
['T27n1545_109:0566a28_16']	有法他心智相應非無願。	有法他心智相應非無願。	There are dharmas that are associated with the cognition of others' minds but not with the wishless [concentration].
['T27n1545_109:0566b01_1']	謂他心智相應無願及無願不相應他心智相應法。	謂他心智相應無願及無願不相應他心智相應法。	Namely, the wishless [concentration] associated with the cognition of others' minds, and the dharmas associated with the cognition of others' minds that are not associated with the wishless [concentration].
['T27n1545_109:0566b01_12']	此中他心智相應無願者。	此中他心智相應無願者。	Among them, the wishless [concentration] associated with the cognition of others' minds means:
['T27n1545_109:0566b02_2']	謂他心智俱生無願。	謂他心智俱生無願。	The wishless [concentration] that arises together with the cognition of others' minds.
['T27n1545_109:0566b02_13']	此與他心智相應非無願。	此與他心智相應非無願。	This is associated with the cognition of others' minds but not with the wishless [concentration].
['T27n1545_109:0566b03_5']	自性與自性不相應故。	自性與自性不相應故。	Because the intrinsic nature is not associated with the intrinsic nature.
['T27n1545_109:0566b04_1']	及無願不相應他心智相應法者。	及無願不相應他心智相應法者。	And dharmas associated with the cognition of others' minds that are not associated with the aspiration for non-production.
['T27n1545_109:0566b04_11']	謂有漏他心智相應法。	謂有漏他心智相應法。	This refers to defiled dharmas associated with the cognition of others' minds.
['T27n1545_109:0566b05_8']	此與他心智相應非無願是他聚故。	此與他心智相應非無願是他聚故。	This is associated with the cognition of others' minds but not with the aspiration for non-production because it belongs to a different aggregate.
['T27n1545_109:0566b06_1']	有法無願相應非他心智。	有法無願相應非他心智。	There are dharmas associated with the aspiration for non-production that are not associated with the cognition of others' minds.
['T27n1545_109:0566b06_10']	謂無願相應他心智。	謂無願相應他心智。	This refers to the cognition of others' minds associated with the aspiration for non-production.
['T27n1545_109:0566b07_5', 'T27n1545_109:0566b07_16']	及他心智不相應無願相應法。🔽此中無願相應他心智者。	及他心智不相應無願相應法。 此中無願相應他心智者。	And dharmas associated with the aspiration for non-production that are not associated with the cognition of others' minds.
['T27n1545_109:0566b08_6', 'T27n1545_109:0566b08_17']	謂無願俱生他心智。🔽此與無願相應非他心智。	謂無願俱生他心智。 此與無願相應非他心智。	Here, the cognition of others' minds associated with the aspiration for non-production refers to the cognition of others' minds that arises simultaneously with the aspiration for non-production.
['T27n1545_109:0566b09_9', 'T27n1545_109:0566b10_6']	自性與自性不相應故。🔽及他心智不相應無願相應法者。	自性與自性不相應故。 及他心智不相應無願相應法者。	This is associated with the aspiration for non-production but not with the cognition of others' minds because the essence of a dharma is not associated with itself.
['T27n1545_109:0566b10_12']	謂苦集無願。	謂苦集無願。	And dharmas associated with the aspiration for non-production that are not associated with the cognition of others' minds refer to the aspiration for non-production associated with the truths of suffering and accumulation.
['T27n1545_109:0566b11_1']	及他心智不相應。	及他心智不相應。	And dharmas associated with the aspiration for non-production that are not associated with the cognition of others' minds.
['T27n1545_109:0566b11_8']	道無願相應法。	道無願相應法。	And dharmas associated with the path and the aspiration for non-production.
['T27n1545_109:0566b12_4']	此無願相應非他心智是他聚故。	此無願相應非他心智是他聚故。	This is associated with the aspiration for non-production but not with the cognition of others' minds because it belongs to a different aggregate.
['T27n1545_109:0566b12_15']	有法他心智相應亦無願。	有法他心智相應亦無願。	There are dharmas associated with the cognition of others' minds that are also associated with the aspiration for non-production.
['T27n1545_109:0566b13_2']	謂二相應法。	謂二相應法。	This refers to dharmas associated with both.Here is the corrected and aligned text:
['T27n1545_109:0566b13_13']	即無漏他心智俱生聚中。	即無漏他心智俱生聚中。	It is the aggregate that arises together with the uncontaminated knowledge of others' minds.
['T27n1545_109:0566b14_5']	除他心智及無願三摩地。	除他心智及無願三摩地。	Excluding the knowledge of others' minds and the three concentrations of non-aspiration.
['T27n1545_109:0566b14_12']	諸餘心心所法。	諸餘心心所法。	The remaining mental factors.
['T27n1545_109:0566b14_17']	此法是何。	此法是何。	What are these dharmas?
['T27n1545_109:0566b15_3']	謂八大地法。	謂八大地法。	They are the eight great fundamental mental factors,
['T27n1545_109:0566b15_13']	十大善地法尋伺及心。	十大善地法尋伺及心。	the ten wholesome factors, investigation, and deliberation, as well as the mind.
['T27n1545_109:0566b16_3']	有法非他心智相應。	有法非他心智相應。	There are dharmas that are not associated with the knowledge of others' minds,
['T27n1545_109:0566b16_8', 'T27n1545_109:0566b16_18']	亦非無願。🔽謂他心智不相應無願。	亦非無願。 謂他心智不相應無願。	and also not with non-aspiration.🔽They are the non-aspiration that is not associated with the knowledge of others' minds,
['T27n1545_109:0566b17_7']	無願不相應他心智。	無願不相應他心智。	the knowledge of others' minds that is not associated with non-aspiration,
['T27n1545_109:0566b17_15']	及諸餘心心所法。	及諸餘心心所法。	and the remaining mental factors.
['T27n1545_109:0566b18_5']	色無為心不相應行。	色無為心不相應行。	Form, the unconditioned, and factors not directly associated with the mind.
['T27n1545_109:0566b18_17']	此中他心智不相應無願者。	此中他心智不相應無願者。	Among them, the non-aspiration that is not associated with the knowledge of others' minds refers to
['T27n1545_109:0566b19_14']	謂苦集無願及他心智不相應道無願。	謂苦集無願及他心智不相應道無願。	the non-aspiration of suffering, accumulation, and the path that is not associated with the knowledge of others' minds.
['T27n1545_109:0566b20_8']	此非他心智相應是他聚故。	此非他心智相應是他聚故。	This is not associated with the knowledge of others' minds because it belongs to a different aggregate.
['T27n1545_109:0566b20_15']	亦非無願相應。	亦非無願相應。	It is also not associated with non-aspiration.
['T27n1545_109:0566b21_7']	自性與自性不相應故。	自性與自性不相應故。	Because the intrinsic nature does not directly correspond to the intrinsic nature.
['T27n1545_109:0566b21_17']	無願不相應他心智者。	無願不相應他心智者。	The knowledge of others' minds that is not associated with non-aspiration refers to
['T27n1545_109:0566b22_16']	謂有漏他心智此非無願相應是他聚故。	謂有漏他心智此非無願相應是他聚故。	That is, the contaminated knowledge of others' minds is not associated with the aspirationlessness aggregate because it belongs to a different aggregate.
['T27n1545_109:0566b23_6']	亦非他心智相應。	亦非他心智相應。	It is also not associated with the knowledge of others' minds.
['T27n1545_109:0566b23_16']	自性與自性不相應故。	自性與自性不相應故。	Because the intrinsic nature is not associated with the intrinsic nature.
['T27n1545_109:0566b24_7']	及諸餘心心所法者。	及諸餘心心所法者。	And the remaining minds and mental factors.
['T27n1545_109:0566b24_16']	謂空無相俱生聚中。	謂空無相俱生聚中。	That is, in the aggregate born together with emptiness and signlessness.
['T27n1545_109:0566b25_17']	心心所法及他心智不攝不相應有漏心心所法。	心心所法及他心智不攝不相應有漏心心所法。	The minds and mental factors, the knowledge of others' minds, and the contaminated minds and mental factors not included in the knowledge of others' minds are not associated.
['T27n1545_109:0566b26_9']	此俱不相應是他聚故。	此俱不相應是他聚故。	Because they are not associated with each other, belonging to different aggregates.
['T27n1545_109:0566b27_1']	色無為心不相應行者。	色無為心不相應行者。	Form, the unconditioned, and the factors not directly associated with the mind.
['T27n1545_109:0566b27_8']	謂一切色無為。	謂一切色無為。	That is, all form and the unconditioned.
['T27n1545_109:0566b27_14']	心不相應行。	心不相應行。	The factors not directly associated with the mind.
['T27n1545_109:0566b28_4']	此俱不相應無所緣故。	此俱不相應無所緣故。	They are not associated with each other because they have no objects.
['T27n1545_109:0566b29_11']	對念精進喜輕安定捨覺支正思惟正精進正念正定亦爾者。	對念精進喜輕安定捨覺支正思惟正精進正念正定亦爾者。	The same applies to the mindfulness, vigor, joy, tranquility, concentration, and equanimity factors of enlightenment, right thought, right vigor, right mindfulness, and right concentration.
['T27n1545_109:0566c01_4']	如他心智對無願有四句。	如他心智對無願有四句。	Just as the knowledge of others' minds has four alternatives with respect to the aspirationlessness aggregate,
['T27n1545_109:0566c01_15']	此對六覺支四道支亦爾。	此對六覺支四道支亦爾。	it is the same with respect to the six factors of enlightenment and the four path factors.
['T27n1545_109:0566c02_7']	諸法他心智相應。	諸法他心智相應。	The dharmas that are associated with the knowledge of others' minds,
['T27n1545_109:0566c02_16']	彼法已知根相應耶。	彼法已知根相應耶。	are those dharmas associated with the faculty of knowing the unknown?
['T27n1545_109:0566c03_7']	答應作四句義不定故。	答應作四句義不定故。	The answer is: four sentences should be made because the meaning is indefinite.
['T27n1545_109:0566c03_15']	有法他心智相應。	有法他心智相應。	There are dharmas associated with the knowledge of others' minds,
['T27n1545_109:0566c04_2']	非已知根。	非已知根。	but not with the faculty of having understood.
['T27n1545_109:0566c04_16']	謂已知根所不攝他心智相應法。	謂已知根所不攝他心智相應法。	This refers to dharmas associated with the knowledge of others' minds not included in the faculty of having understood.
['T27n1545_109:0566c05_3']	此法是何。	此法是何。	What are these dharmas?
['T27n1545_109:0566c05_15']	謂具知根所攝他心智相應。	謂具知根所攝他心智相應。	This refers to the knowledge of others' minds included in the faculty of perfect knowledge,
['T27n1545_109:0566c06_9']	及有漏他心智相應心心所法。	及有漏他心智相應心心所法。	and the mind and mental factors associated with the knowledge of others' minds that are contaminated.
['T27n1545_109:0566c07_7']	此法他心智相應非已知根是他聚故。	此法他心智相應非已知根是他聚故。	These dharmas are associated with the knowledge of others' minds, but not with the faculty of having understood, because they belong to a different aggregate.
['T27n1545_109:0566c07_15']	有法已知根相應。	有法已知根相應。	There are dharmas associated with the faculty of having understood,
['T27n1545_109:0566c08_2']	非他心智。	非他心智。	but not with the knowledge of others' minds.
['T27n1545_109:0566c08_12']	謂已知根所攝他心智。	謂已知根所攝他心智。	This refers to the knowledge of others' minds included in the faculty of having understood,
['T27n1545_109:0566c09_9']	及他心智不攝不相應已知根相應法。	及他心智不攝不相應已知根相應法。	and the dharmas associated with the faculty of having understood that are not included in or associated with the knowledge of others' minds.
['T27n1545_109:0566c10_3']	此中已知根所攝他心智者。	此中已知根所攝他心智者。	Here, the knowledge of others' minds included in the faculty of having understood refers to
['T27n1545_109:0566c10_13']	謂修道中無漏他心智。	謂修道中無漏他心智。	the uncontaminated knowledge of others' minds in the path of cultivation.
['T27n1545_109:0566c11_6']	此與已知根相應非他心智。	此與已知根相應非他心智。	This is associated with the faculty of having understood, but not with the knowledge of others' minds,
['T27n1545_109:0566c11_16']	自性與自性不相應故。	自性與自性不相應故。	because the essence of a dharma is not associated with itself.
['T27n1545_109:0566c12_15']	及他心智不攝不相應已知根相應法者。	及他心智不攝不相應已知根相應法者。	The dharmas associated with the faculty of having understood that are not included in or associated with the knowledge of others' minds refer to🔽the faculty of having understood that is not the knowledge of others' minds, and the mind and mental factors associated with it.
['T27n1545_109:0566c13_9']	謂修道中苦集滅智俱生聚。	謂修道中苦集滅智俱生聚。	That is, the aggregates that arise together with the knowledge of suffering, origination, and cessation in the path of cultivation,
['T27n1545_109:0566c14_1']	及他心智所不攝道智。	及他心智所不攝道智。	and the aggregates that arise together with the knowledge of the path, which are not included in the knowledge of others' minds.
['T27n1545_109:0566c14_10']	俱生聚中心心所法。	俱生聚中心心所法。	The mental factors of mind and mental factors in the mind.
['T27n1545_109:0566c15_8']	此與已知根相應非他心智是他聚故。	此與已知根相應非他心智是他聚故。	This is associated with the faculty of knowing, but not with the knowledge of others' minds, because it belongs to a different aggregate.
['T27n1545_109:0566c16_2']	有法他心智相應亦已知根。	有法他心智相應亦已知根。	There are dharmas that are associated with the knowledge of others' minds and also with the faculty of knowing.
['T27n1545_109:0566c16_15']	謂已知根所攝他心智相應法。	謂已知根所攝他心智相應法。	That is, the dharmas associated with the knowledge of others' minds included in the faculty of knowing.
['T27n1545_109:0566c17_1']	此法是何。	此法是何。	What are these dharmas?
['T27n1545_109:0566c17_14']	謂修道中無漏他心智相應法。	謂修道中無漏他心智相應法。	That is, the dharmas associated with the pure knowledge of others' minds in the path of cultivation.
['T27n1545_109:0566c18_4']	即此相應八無漏根。	即此相應八無漏根。	The eight pure faculties associated with this,
['T27n1545_109:0566c18_15']	及彼相應餘非根心所法。	及彼相應餘非根心所法。	and the other mental factors not included in the faculties that are associated with them.
['T27n1545_109:0566c19_6']	有法非他心智相應。	有法非他心智相應。	There are dharmas that are not associated with the knowledge of others' minds,
['T27n1545_109:0566c19_12', 'T27n1545_109:0566c20_5']	亦非已知根。🔽謂已知根所不攝他心智。	亦非已知根。 謂已知根所不攝他心智。	and also not with the faculty of knowing.🔽That is, the knowledge of others' minds not included in the faculty of knowing,
['T27n1545_109:0566c20_18']	及他心智已知根不攝不相應。	及他心智已知根不攝不相應。	and the knowledge of others' minds and the faculty of knowing that are not included or associated with each other,
['T27n1545_109:0566c21_6']	諸餘心心所法。	諸餘心心所法。	and the other mental factors and mental activities.
['T27n1545_109:0566c21_15']	色無為心不相應行。	色無為心不相應行。	Form, the unconditioned, and the factors not directly associated with mind.
['T27n1545_109:0566c22_9']	此中已知根所不攝他心智者。	此中已知根所不攝他心智者。	Here, the knowledge of others' minds not included in the faculty of knowing is:
['T27n1545_109:0566c23_1']	謂具知根所攝他心智。	謂具知根所攝他心智。	It refers to the cognition of others' minds included in the faculty of perfect knowledge,
['T27n1545_109:0566c23_8']	及有漏他心智。	及有漏他心智。	and the contaminated cognition of others' minds.
['T27n1545_109:0566c23_16']	此非他心智相應。	此非他心智相應。	This is not associated with the cognition of others' minds.
['T27n1545_109:0566c24_7']	自性與自性不相應故。	自性與自性不相應故。	Because the essence is not associated with the essence itself.
['T27n1545_109:0566c25_2']	亦非已知根相應是他聚故。	亦非已知根相應是他聚故。	It is also not associated with the faculty of having known, because it belongs to a different aggregate.
['T27n1545_109:0566c25_15']	及他心智已知根不攝不相應。	及他心智已知根不攝不相應。	The cognition of others' minds is not included in the faculty of having known, and is not associated with it.
['T27n1545_109:0566c26_4']	諸餘心心所法者。	諸餘心心所法者。	The remaining mental factors and mental activities.
['T27n1545_109:0566c26_18']	謂未知當知根俱生聚心心所法。	謂未知當知根俱生聚心心所法。	It refers to the mental factors and mental activities born in the aggregate associated with the faculty of being able to know the unknown.
['T27n1545_109:0566c27_8']	他心智不攝不相應。	他心智不攝不相應。	The cognition of others' minds is not included in it, and is not associated with it.
['T27n1545_109:0566c28_1']	具知根俱生聚心心所法。	具知根俱生聚心心所法。	The mental factors and mental activities born in the aggregate associated with the faculty of perfect knowledge,
['T27n1545_109:0566c28_10']	他心智不攝不相應。	他心智不攝不相應。	the cognition of others' minds is not included in it, and is not associated with it.
['T27n1545_109:0566c28_17']	有漏心心所法。	有漏心心所法。	The contaminated mental factors and mental activities,
['T27n1545_109:0566c29_8']	此俱不相應是他聚故。	此俱不相應是他聚故。	they are not associated with it, because they belong to a different aggregate.
['T27n1545_109:0566c29_18']	色無為心不相應行者。	色無為心不相應行者。	The form, unconditioned, and factors not directly associated with the mind.
['T27n1545_109:0567a01_6']	謂一切色無為。	謂一切色無為。	It refers to all form and unconditioned factors.
['T27n1545_109:0567a02_2']	心不相應行俱不相應無所緣故。	心不相應行俱不相應無所緣故。	The factors not directly associated with the mind are not associated with it, because they have no object.
['T27n1545_109:0567a02_10']	對具知根亦爾者。	對具知根亦爾者。	As for the faculty of perfect knowledge, it is the same.
['T27n1545_109:0567a03_4']	如他心智對已知根有四句。	如他心智對已知根有四句。	As for the cognition of others' minds in relation to the faculty of having known, there are four propositions.
['T27n1545_109:0567a03_12']	此對具知根亦爾。	此對具知根亦爾。	The same applies to the faculty of perfect knowledge.
['T27n1545_109:0567a04_13']	諸法世俗智相應彼法苦智乃至正定相應耶。	諸法世俗智相應彼法苦智乃至正定相應耶。	Are the dharmas associated with conventional knowledge also associated with the knowledge of suffering up to right concentration?
['T27n1545_109:0567a04_17']	答不爾。	答不爾。	The answer is no.
['T27n1545_109:0567a05_9']	設法苦智乃至正定相應。	設法苦智乃至正定相應。	If the dharmas are associated with the knowledge of suffering up to right concentration,
['T27n1545_109:0567a05_18']	彼法世俗智相應耶。	彼法世俗智相應耶。	are they also associated with conventional knowledge?
['T27n1545_109:0567a06_3']	答不爾。	答不爾。	The answer is no.
['T27n1545_109:0567a06_8']	所以者何。	所以者何。	Why is this?
['T27n1545_109:0567a06_13']	非一心故。	非一心故。	Because they are not in the same mind.
['T27n1545_109:0567a07_5']	苦智乃至正定皆無漏故。	苦智乃至正定皆無漏故。	Because the knowledge of suffering up to right concentration are all pure.
['T27n1545_109:0567a08_6']	諸法苦智相應。	諸法苦智相應。	The dharmas associated with the knowledge of suffering,
['T27n1545_109:0567a08_14']	彼法集智相應耶。	彼法集智相應耶。	are they also associated with the knowledge of accumulation?
['T27n1545_109:0567a08_18']	答不爾。	答不爾。	The answer is no.
['T27n1545_109:0567a09_5']	設法集智相應。	設法集智相應。	If the dharmas are associated with the knowledge of accumulation,
['T27n1545_109:0567a09_13']	彼法苦智相應耶。	彼法苦智相應耶。	are they also associated with the knowledge of suffering?
['T27n1545_109:0567a09_17']	答不爾。	答不爾。	The answer is no.
['T27n1545_109:0567a10_10']	對滅道智無相三摩地亦爾。	對滅道智無相三摩地亦爾。	The same applies to the knowledge of cessation, the knowledge of the path, and signless concentration.
['T27n1545_109:0567a10_15']	所以者何。	所以者何。	Why is this?
['T27n1545_109:0567a11_2']	非一心故。	非一心故。	Because they are not in the same mind.
['T27n1545_109:0567a11_7']	行相異故。	行相異故。	Because the aspects are different.
['T27n1545_109:0567a11_13']	或所緣異故。	或所緣異故。	Or because the objects are different.
['T27n1545_109:0567a12_1']	諸法苦智相應。	諸法苦智相應。	The dharmas associated with the knowledge of suffering,
['T27n1545_109:0567a12_11']	彼法空三摩地相應耶。	彼法空三摩地相應耶。	are they also associated with the concentration on emptiness?
['T27n1545_109:0567a13_3']	答應作四句義不定故。	答應作四句義不定故。	The answer is that four sentences should be made because the meaning is indefinite.
['T27n1545_109:0567a13_12']	有法苦智相應非空。	有法苦智相應非空。	There are dharmas associated with the cognition of suffering but not with emptiness.
['T27n1545_109:0567a14_1']	謂苦智相應空。	謂苦智相應空。	Namely, those associated with the cognition of suffering and emptiness.
['T27n1545_109:0567a15_2']	及空不相應空者。	及空不相應空者。	And those not associated with emptiness.
['T27n1545_109:0567a15_12']	謂苦智相應空三摩地。	謂苦智相應空三摩地。	Namely, those associated with the cognition of suffering and the concentration of emptiness.
['T27n1545_109:0567a16_2']	此與苦智相應非空。	此與苦智相應非空。	This is associated with the cognition of suffering but not with emptiness.
['T27n1545_109:0567a16_12']	自性與自性不相應故。	自性與自性不相應故。	Because the intrinsic nature is not associated with the intrinsic nature.
['T27n1545_109:0567a17_6']	及空不相應苦智相應法者。	及空不相應苦智相應法者。	And those dharmas associated with the cognition of suffering but not associated with emptiness.
['T27n1545_109:0567a17_17']	謂無願俱生苦智相應法。	謂無願俱生苦智相應法。	Namely, those dharmas associated with the cognition of suffering and arising together with the concentration of wishlessness.
['T27n1545_109:0567a18_11']	此與苦智相應非空是他聚故。	此與苦智相應非空是他聚故。	This is associated with the cognition of suffering but not with emptiness because it belongs to another aggregate.
['T27n1545_109:0567a19_5']	有法空三摩地相應非苦智。	有法空三摩地相應非苦智。	There are dharmas associated with the concentration of emptiness but not with the cognition of suffering.
['T27n1545_109:0567a19_12', 'T27n1545_109:0567a20_4']	謂空相應苦智。🔽及苦智不相應空相應法。	謂空相應苦智。 及苦智不相應空相應法。	Namely, those associated with the cognition of suffering and emptiness.🔽And those dharmas associated with the concentration of emptiness but not associated with the cognition of suffering.
['T27n1545_109:0567a20_13']	此中空相應苦智者。	此中空相應苦智者。	Among them, those associated with the cognition of suffering and emptiness.
['T27n1545_109:0567a21_3']	謂空三摩地俱生苦智。	謂空三摩地俱生苦智。	Namely, the cognition of suffering arising together with the concentration of emptiness.
['T27n1545_109:0567a21_12']	此與空相應非苦智。	此與空相應非苦智。	This is associated with emptiness but not with the cognition of suffering.
['T27n1545_109:0567a22_4', 'T27n1545_109:0567a22_16']	自性與自性不相應故。🔽及苦智不相應空相應法者。	自性與自性不相應故。 及苦智不相應空相應法者。	Because the intrinsic nature is not associated with the intrinsic nature.🔽And those dharmas associated with the concentration of emptiness but not associated with the cognition of suffering.
['T27n1545_109:0567a23_7']	謂苦忍俱生空相應法。	謂苦忍俱生空相應法。	Namely, those dharmas associated with the concentration of emptiness and arising together with the acceptance of suffering.
['T27n1545_109:0567a24_2']	此與空相應非苦智是他聚故。	此與空相應非苦智是他聚故。	This is associated with the emptiness aggregate, but not with the cognition of suffering, because it belongs to a different aggregate.
['T27n1545_109:0567a24_11']	有法苦智相應亦空。	有法苦智相應亦空。	There are dharmas that are associated with the cognition of suffering and also with emptiness.
['T27n1545_109:0567a24_17']	謂二相應法。	謂二相應法。	Namely, the dharmas associated with the two.
['T27n1545_109:0567a25_2']	此法是何。	此法是何。	What are these dharmas?
['T27n1545_109:0567a25_9']	謂苦智相應空。	謂苦智相應空。	Namely, the cognition of suffering associated with emptiness.
['T27n1545_109:0567a25_19']	俱生聚中除苦智及空。	俱生聚中除苦智及空。	In the aggregate born together with it, excluding the cognition of suffering and emptiness,
['T27n1545_109:0567a26_6']	諸餘心心所法。	諸餘心心所法。	all the other mental factors.
['T27n1545_109:0567a26_12']	即八大地法。	即八大地法。	That is, the eight great fundamental mental factors,
['T27n1545_109:0567a27_3']	十大善地法尋伺及心。	十大善地法尋伺及心。	the ten great wholesome factors, initial and sustained thought, and mind.
['T27n1545_109:0567a27_11']	有法非苦智相應。	有法非苦智相應。	There are dharmas that are not associated with the cognition of suffering,
['T27n1545_109:0567a27_15']	亦非空。	亦非空。	nor with emptiness.
['T27n1545_109:0567a28_4']	謂苦智不相應空。	謂苦智不相應空。	Namely, emptiness that is not associated with the cognition of suffering,
['T27n1545_109:0567a28_9']	乃至廣說。	乃至廣說。	and so on in detail.
['T27n1545_109:0567a28_19']	此中苦智不相應空者。	此中苦智不相應空者。	Here, emptiness that is not associated with the cognition of suffering means
['T27n1545_109:0567a29_6']	謂苦忍俱生空。	謂苦忍俱生空。	emptiness born together with the acceptance of suffering.
['T27n1545_109:0567a29_17']	此非苦智相應是他聚故。	此非苦智相應是他聚故。	This is not associated with the cognition of suffering, because it belongs to a different aggregate.
['T27n1545_109:0567b01_4']	亦非空相應。	亦非空相應。	It is also not associated with emptiness,
['T27n1545_109:0567b01_14', 'T27n1545_109:0567b02_4']	自性與自性不相應故。🔽空不相應苦智者。	自性與自性不相應故。 空不相應苦智者。	because a nature is not associated with its own nature.🔽The cognition of suffering that is not associated with emptiness means
['T27n1545_109:0567b02_12']	謂無願俱生苦智。	謂無願俱生苦智。	the cognition of suffering born together with the aspirationlessness aggregate.
['T27n1545_109:0567b03_1']	此非苦智相應。	此非苦智相應。	This is not associated with the cognition of suffering,
['T27n1545_109:0567b03_11']	自性與自性不相應故。	自性與自性不相應故。	because a nature is not associated with its own nature.
['T27n1545_109:0567b04_3']	亦非空相應是他聚故。	亦非空相應是他聚故。	because they are not associated with the characteristic of emptiness, as they belong to a different aggregate.
['T27n1545_109:0567b04_12']	及諸餘心心所法者。	及諸餘心心所法者。	And all other mental factors and mental activities.
['T27n1545_109:0567b05_9']	謂苦智不相應無願俱生聚心心所法。	謂苦智不相應無願俱生聚心心所法。	This refers to the aggregates of mental factors and mental activities that arise together with the cognition of suffering but are not associated with the aspiration for non-existence.
['T27n1545_109:0567b06_1']	無相俱生聚心心所法。	無相俱生聚心心所法。	The aggregates of mental factors and mental activities that arise together with the aspiration for signlessness.
['T27n1545_109:0567b06_10']	一切有漏心心所法。	一切有漏心心所法。	All defiled mental factors and mental activities.
['T27n1545_109:0567b07_1']	此俱不相應是他聚故。	此俱不相應是他聚故。	They are not associated with this [cognition of suffering], as they belong to a different aggregate.
['T27n1545_109:0567b07_11']	色無為心不相應行者。	色無為心不相應行者。	Form, the unconditioned, and the mental activities not associated with the mind.
['T27n1545_109:0567b08_4']	謂一切色無為心不相應行。	謂一切色無為心不相應行。	This refers to all forms, the unconditioned, and the mental activities not associated with the mind.
['T27n1545_109:0567b08_14']	此俱不相應無所緣故。	此俱不相應無所緣故。	They are not associated with this [cognition of suffering], as they have no object.
['T27n1545_109:0567b09_4']	對無願亦爾者。	對無願亦爾者。	The same applies to the aspiration for non-existence.
['T27n1545_109:0567b09_13']	如苦智對空有四句。	如苦智對空有四句。	Just as the cognition of suffering has four alternatives with regard to emptiness,
['T27n1545_109:0567b10_2']	此對無願亦爾。	此對無願亦爾。	the same applies to the aspiration for non-existence.
['T27n1545_109:0567b11_2']	對三無漏根七覺支八道支如法智說者。	對三無漏根七覺支八道支如法智說者。	The same as the cognition of dharmas is said with regard to the three pure faculties, the seven factors of enlightenment, and the eightfold path.
['T27n1545_109:0567b11_12']	如法智對三無漏根等。	如法智對三無漏根等。	Just as the cognition of dharmas has [four alternatives] with regard to the three pure faculties and so forth,
['T27n1545_109:0567b12_4']	此苦智對三無漏根等。	此苦智對三無漏根等。	the same applies to the cognition of suffering with regard to the three pure faculties and so forth.
['T27n1545_109:0567b12_9']	廣說亦爾。	廣說亦爾。	The extensive explanation is also like this.Here is the corrected and aligned text:
['T27n1545_109:0567b13_100']	說一切有部發智大毘婆沙論卷第一百九	說一切有部發智大毘婆沙論卷第一百九	Abhidharma-mahāvibhāṣā-śāstra, fascicle 109
