segmentnr	original	analyzed	translated
['T29n1558_006:0030a02_0']	4阿毘達磨俱舍論卷第六	4阿毘達磨俱舍論卷第六	4 Abhidharma-kośa, fascicle 6
['T29n1558_006:0030a04_0']	尊者世親造	尊者世親造	Composed by Ārya-Vasubandhu
['T29n1558_006:0030a05_0']	三藏法師玄奘奉　詔譯	三藏法師玄奘奉　詔譯	Translated by Tripiṭaka Master Xuanzang on Imperial Order
['T29n1558_006:0030a07_8']	分別根品第二之四如是已說不相應行。	分別根品第二之四如是已說不相應行。	Chapter 2, Section 4: Distinguishing Faculties. As such, the non-associated compositional factors have been explained.
['T29n1558_006:0030a09_1']	前言生相生所生時，非離所餘因緣和合，此中何法說為因緣？	前言生相生所生時，非離所餘因緣和合，此中何法說為因緣？	When the arising factor gives rise to what is to be arisen, it is not apart from the convergence of the remaining causes and conditions. What dharma is said to be the cause and condition in this context?
['T29n1558_006:0030a09_11']	且因六種，何等為六？	且因六種，何等為六？	Moreover, there are six kinds of causes. What are the six?
['T29n1558_006:0030a09_14']	頌曰：	頌曰：	Verse:
['T29n1558_006:0030a10_0']	能作及俱有，　　同類與相應，	能作及俱有，　　同類與相應，	Causal, co-existent, homogeneous, and associated,
['T29n1558_006:0030a11_13']	遍行并異熟，　　許因唯六種。	遍行并異熟，　　許因唯六種。	Pervasive, and karmic maturation - causes are accepted as only these six kinds.
['T29n1558_006:0030a12_2']	論曰：	論曰：	Commentary:
['T29n1558_006:0030a14_9']	因有六種，一能作因、二俱有因、三同類因、四相應因、五遍行因、六異熟因，對法諸師許因唯有如是六種。	因有六種，一能作因、二俱有因、三同類因、四相應因、五遍行因、六異熟因，對法諸師許因唯有如是六種。	There are six kinds of causes. The first is the causal cause, the second is the co-existent cause, the third is the homogeneous cause, the fourth is the associated cause, the fifth is the pervasive cause, and the sixth is the karmic maturation cause. The masters of Abhidharma accept that causes are only of these six kinds.
['T29n1558_006:0030a15_1']	且初能作因相云何？	且初能作因相云何？	First, what is the characteristic of the causal cause?
['T29n1558_006:0030a15_4']	頌曰：	頌曰：	Verse:
['T29n1558_006:0030a16_5']	除自餘能作。	除自餘能作。	Excluding itself, the rest are the causal.
['T29n1558_006:0030a17_2']	論曰：	論曰：	Commentary:
['T29n1558_006:0030a18_11']	一切有為唯除自體，以一切法為能作因，由彼生時無障住故。	一切有為唯除自體，以一切法為能作因，由彼生時無障住故。	All conditioned dharmas, with the exception of itself, are the efficient cause of all dharmas, because when they arise, they do not obstruct the arising of other dharmas.
['T29n1558_006:0030a20_2']	雖餘因性亦能作因，然能作因更無別稱，如色處等總即別名。	雖餘因性亦能作因，然能作因更無別稱，如色處等總即別名。	Although other causes also are efficient causes, the efficient cause has no other name, just as rūpa, etc., have no other name.
['T29n1558_006:0030a21_11']	豈不未知諸漏當起，由已知故諸漏不生，智於漏生能為障礙；	豈不未知諸漏當起，由已知故諸漏不生，智於漏生能為障礙；	Why is it not so? It is because the arising of the contaminants is not known, but because they are known, the contaminants do not arise. Knowledge is able to obstruct the arising of contaminants,
['T29n1558_006:0030a22_2']	日光能障現覩眾星。	日光能障現覩眾星。	just as sunlight is able to obstruct the perception of stars.
['T29n1558_006:0030a23_2', 'T29n1558_006:0030a24_4']	如何有為唯除自體，以一切法為能作因？🔽應知此生時，彼皆無障住，故彼於此是能作因。	如何有為唯除自體，以一切法為能作因？ 應知此生時，彼皆無障住，故彼於此是能作因。	How can it be said that all conditioned dharmas, with the exception of itself, are the efficient cause of all dharmas?🔽You must understand that when they arise, they do not obstruct the arising of other dharmas, and therefore they are efficient causes.
['T29n1558_006:0030a25_4', 'T29n1558_006:0030a26_4']	若於此生，彼能為障而不為障，可立為因。🔽譬如國人以其國主不為損害，咸作是言：	若於此生，彼能為障而不為障，可立為因。 譬如國人以其國主不為損害，咸作是言：	If they are able to obstruct the arising of other dharmas but do not do so, they are established as causes.🔽For example, the people of a country all say, The king causes us to enjoy peace and happiness,
['T29n1558_006:0030a26_13']	我因國主而得安樂。	我因國主而得安樂。	because the king does not harm them.
['T29n1558_006:0030a27_13']	若於此生彼無障用，設不為障何得為因？	若於此生彼無障用，設不為障何得為因？	If it does not have the function of obstruction in regard to this, then even if it does not obstruct, how can it be a cause?
['T29n1558_006:0030a28_14']	且如涅槃及不生法，普於一切有為生中；	且如涅槃及不生法，普於一切有為生中；	For example, nirvana and dharmas that do not arise are universally present in the arising of all conditioned dharmas.
['T29n1558_006:0030b02_7']	那落迦等有情相續於無色界諸蘊生中，有如非有無能障用，雖無障用而亦為因，如無力國王，亦得如前說。	那落迦等有情相續於無色界諸蘊生中，有如非有無能障用，雖無障用而亦為因，如無力國王，亦得如前說。	The life-continuum of beings in the hells, etc., in the arising of the aggregates in the formless realm, has the function of non-existence, not existence, and is able to obstruct. Even though it does not have the function of obstruction, it is still a cause, just as a powerless king is still a king. It can also be as explained above.
['T29n1558_006:0030b03_6']	此即通說諸能作因，就勝為言非無生力。	此即通說諸能作因，就勝為言非無生力。	This generally explains all efficient causes, but it is said in terms of the superior ones, not in terms of those without the power to produce.
['T29n1558_006:0030b04_9']	如眼色等於眼識等，生飲食於身種等於牙等。	如眼色等於眼識等，生飲食於身種等於牙等。	For example, the eye and form, etc., are in regard to the eye consciousness, etc.; food and drink are in regard to the body; seeds, etc., are in regard to sprouts, etc.
['T29n1558_006:0030b04_14']	有作是難：	有作是難：	There are those who raise objections, saying:
['T29n1558_006:0030b06_1']	若一切法無障住故皆能作因，何緣諸法非皆頓起？	若一切法無障住故皆能作因，何緣諸法非皆頓起？	If all dharmas are able to be efficient causes because they are unobstructed, why do all dharmas not arise suddenly?
['T29n1558_006:0030b07_1']	一殺生時，何緣一切非如殺者皆成殺業？	一殺生時，何緣一切非如殺者皆成殺業？	When one kills a living being, why are not all [present] beings, like the killer, guilty of the crime of killing?
['T29n1558_006:0030b07_6']	此難不然。	此難不然。	This objection is not valid.
['T29n1558_006:0030b08_10']	但由無障，許一切法為能作因，非由於生有親作力。	但由無障，許一切法為能作因，非由於生有親作力。	But it is only because they do not obstruct that all dharmas are considered to be efficient conditions, not because they have the power to directly produce.
['T29n1558_006:0030b08_15']	有餘師說：	有餘師說：	Other masters say:
['T29n1558_006:0030b09_9']	諸能作因皆於果生有能作力。	諸能作因皆於果生有能作力。	All efficient conditions have the power to produce results.
['T29n1558_006:0030b10_10', 'T29n1558_006:0030b12_6']	且涅槃等於眼識生，云何名為有能作力？🔽意識緣彼為境而生或善或惡，因此意識後時眼識次第得生，展轉因故。	且涅槃等於眼識生，云何名為有能作力？ 意識緣彼為境而生或善或惡，因此意識後時眼識次第得生，展轉因故。	How can nirvana, etc., be said to have the power to produce the arising of eye consciousness?
['T29n1558_006:0030b14_1']	彼涅槃等於眼識生有能作力，如是餘法由此方隅展轉應知有能生力。	彼涅槃等於眼識生有能作力，如是餘法由此方隅展轉應知有能生力。	Because the mental consciousness takes them as objects and arises, sometimes wholesome and sometimes unwholesome. Because of this mental consciousness, eye consciousness is subsequently able to arise, because it is a remote cause. Therefore, nirvana, etc., have the power to produce the arising of eye consciousness. In the same way, the other dharmas should be understood to have the power to produce through this method.
['T29n1558_006:0030b14_10']	如是已說能作因相。	如是已說能作因相。	Thus the characteristics of the efficient condition have been explained.
['T29n1558_006:0030b15_1']	第二俱有因相云何？	第二俱有因相云何？	What are the characteristics of the second, co-existent condition?
['T29n1558_006:0030b15_4']	頌曰：	頌曰：	The verse states:
['T29n1558_006:0030b16_0']	俱有互為果，　　如大相所相，	俱有互為果，　　如大相所相，	Co-existent conditions are mutually results, like the primary characteristics and the characterized,
['T29n1558_006:0030b17_5']	心於心隨轉。	心於心隨轉。	and the mind and mental factors.
['T29n1558_006:0030b18_2']	論曰：	論曰：	The treatise states:
['T29n1558_006:0030b19_1']	若法更互為士用果，彼法更互為俱有因。	若法更互為士用果，彼法更互為俱有因。	If dharmas are mutually dominant results, those dharmas are mutually co-existent conditions.
['T29n1558_006:0030b19_6']	其相云何？	其相云何？	What are their characteristics?
['T29n1558_006:0030b21_3']	如四大種更互相望為俱有因，如是諸相與所相法心與心隨轉亦更互為因。	如四大種更互相望為俱有因，如是諸相與所相法心與心隨轉亦更互為因。	Just as the four great elements mutually serve as co-existent causes for each other, so do the characteristics and the characterized dharmas, and mind and mental factors mutually serve as causes for each other.
['T29n1558_006:0030b22_6']	是則俱有因由互為果遍攝有為法，如其所應。	是則俱有因由互為果遍攝有為法，如其所應。	This means that co-existent causes universally include conditioned dharmas according to their respective capacities by virtue of being mutually resultant.
['T29n1558_006:0030b23_12']	法與隨相非互為果，然法與隨相為俱有因，非隨相於法。	法與隨相非互為果，然法與隨相為俱有因，非隨相於法。	Dharmas and their characteristics are not mutually resultant, but dharmas serve as co-existent causes for their characteristics, while characteristics do not serve as co-existent causes for dharmas.
['T29n1558_006:0030b23_17']	此中應辯。	此中應辯。	Here we should analyze.
['T29n1558_006:0030b24_7']	何等名為心隨轉法？	何等名為心隨轉法？	What are called mental factors that accompany mind?
['T29n1558_006:0030b24_10']	頌曰：	頌曰：	Verse:
['T29n1558_006:0030b25_0']	心所二律儀，　　彼及心諸相，	心所二律儀，　　彼及心諸相，	Mental factors, two restraints, those and mind's characteristics,
['T29n1558_006:0030b26_5']	是心隨轉法。	是心隨轉法。	Are mental factors that accompany mind.
['T29n1558_006:0030b27_2']	論曰：	論曰：	Commentary:
['T29n1558_006:0030b29_1']	一切所有心相應法，靜慮無漏二種律儀，彼法及心之生等相，如是皆謂心隨轉法。	一切所有心相應法，靜慮無漏二種律儀，彼法及心之生等相，如是皆謂心隨轉法。	All dharmas that are associated with mind, the two kinds of restraints of meditative absorption and the undefiled, those dharmas and the characteristics of mind's arising, etc., are all called mental factors that accompany mind.
['T29n1558_006:0030b29_10']	如何此法名心隨轉？	如何此法名心隨轉？	How are these dharmas called mental factors that accompany mind?
['T29n1558_006:0030b29_13']	頌曰：	頌曰：	Verse:
['T29n1558_006:0030c01_5']	由時果善等。	由時果善等。	By time, effect, goodness, etc.
['T29n1558_006:0030c02_2']	論曰：	論曰：	Commentary:
['T29n1558_006:0030c03_2']	略說由時果等善等，故說此法名心隨轉。	略說由時果等善等，故說此法名心隨轉。	In brief, these dharmas are called mental concomitants because they are similar to the mind in terms of basis, object, time, substance, result, and so on.
['T29n1558_006:0030c04_1']	且由時者，謂此與心一生住滅及墮一世。	且由時者，謂此與心一生住滅及墮一世。	As for being similar in terms of time, they are born, abide, and perish together with the mind, and they fall into the same time period.
['T29n1558_006:0030c05_1']	由果等者，謂此與心一果異熟及一等流。	由果等者，謂此與心一果異熟及一等流。	As for being similar in terms of result and so on, they have the same results, the same ripening, and the same outflow as the mind.
['T29n1558_006:0030c06_1']	應知此中前一後一，顯俱顯共其義不同。	應知此中前一後一，顯俱顯共其義不同。	You should understand that the terms “the same” and “together” in the above phrases have different meanings.
['T29n1558_006:0030c07_1']	由善等者，謂此與心同善、不善、無記性故。	由善等者，謂此與心同善、不善、無記性故。	As for being similar in terms of being good and so on, they are good, bad, or indeterminate in accordance with the mind.
['T29n1558_006:0030c07_10']	由此十因名心隨轉。	由此十因名心隨轉。	For these ten reasons, they are called mental concomitants.
['T29n1558_006:0030c09_15']	此中心王極少猶與五十八法為俱有因，謂十大地法彼四十本相、心八本隨相，名五十八法。	此中心王極少猶與五十八法為俱有因，謂十大地法彼四十本相、心八本隨相，名五十八法。	The mind as king has as its coexistent cause fifty-eight dharmas, namely, the ten universal dharmas, the forty primary characteristics, the eight primary characteristics of the mind, and the eight secondary characteristics of the mind, which are called the fifty-eight dharmas.
['T29n1558_006:0030c10_15']	五十八中除心四隨相，餘五十四為心俱有因。	五十八中除心四隨相，餘五十四為心俱有因。	Of the fifty-eight, except for the four secondary characteristics of the mind, the remaining fifty-four are the coexistent causes of the mind.
['T29n1558_006:0030c10_18']	有說：	有說：	Some say
['T29n1558_006:0030c11_17']	為心因唯十四法，謂十大地法并心本相。	為心因唯十四法，謂十大地法并心本相。	that there are only fourteen dharmas that are causes of the mind, namely, the ten universal dharmas and the primary characteristics of the mind.
['T29n1558_006:0030c12_3']	此說非善。	此說非善。	This explanation is not good.
['T29n1558_006:0030c12_8']	所以者何？	所以者何？	Why is this?
['T29n1558_006:0030c12_19']	違《品類足論》所說故。	違《品類足論》所說故。	Because it contradicts what is said in the Abhidharma-nyāyânusāra-śāstra.
['T29n1558_006:0030c13_3']	如彼論言：	如彼論言：	As that treatise says:
['T29n1558_006:0030c15_10']	或有苦諦以有身見為因，非與有身見為因，除未來有身見及彼相應法生老住非常諸餘染污苦諦。	或有苦諦以有身見為因，非與有身見為因，除未來有身見及彼相應法生老住非常諸餘染污苦諦。	There is a truth of suffering that takes the view of self and aggregates as its cause, but does not take the view of self and aggregates as its cause. Excluding future views of self and aggregates, and the arising, aging, abiding, and impermanence of dharmas associated with them, all other defiled truths of suffering.
['T29n1558_006:0030c16_17']	或有苦諦以有身見為因，亦與有身見為因，即所除法。	或有苦諦以有身見為因，亦與有身見為因，即所除法。	There is a truth of suffering that takes the view of self and aggregates as its cause, and also takes the view of self and aggregates as its cause. Namely, the dharmas that are excluded.
['T29n1558_006:0030c17_9']	有餘師不誦及彼相應法。	有餘師不誦及彼相應法。	Some other masters do not recite [the phrase] and the dharmas associated with them.
['T29n1558_006:0030c18_2']	迦濕彌羅國毘婆沙師言：	迦濕彌羅國毘婆沙師言：	The Vaibhāṣikas of Kaśmīra say:
['T29n1558_006:0030c19_16']	彼文必應作如是誦，或應准義知說有餘，諸由俱有因故成因彼必俱有。	彼文必應作如是誦，或應准義知說有餘，諸由俱有因故成因彼必俱有。	That text must be recited like this, or one should understand that it speaks of the remainder by analogy. Those that become causes by means of the simultaneous cause must be simultaneous.
['T29n1558_006:0030c21_12']	或有俱有非由俱有因故成因，謂諸隨相各於本法，此諸隨相各互相對。	或有俱有非由俱有因故成因，謂諸隨相各於本法，此諸隨相各互相對。	There are some that are simultaneous but do not become causes by means of the simultaneous cause, namely, the characteristics of all dharmas with respect to their fundamental dharmas, and these characteristics of all dharmas with respect to each other.
['T29n1558_006:0030c22_11']	隨心轉法隨相於心，此諸隨相展轉相對。	隨心轉法隨相於心，此諸隨相展轉相對。	The characteristics of all dharmas that accompany the mind with respect to the mind, and these characteristics of all dharmas that accompany the mind with respect to each other.
['T29n1558_006:0030c23_18']	一切俱生有對造色展轉相對，少分俱生無對造色展轉相對。	一切俱生有對造色展轉相對，少分俱生無對造色展轉相對。	All co-arisen resistant derived forms are mutually causes in the sense of co-existent cause. A small part of co-arisen non-resistant derived forms are mutually causes in the sense of co-existent cause.
['T29n1558_006:0030c25_7']	一切俱生造色大種展轉相對，一切俱生得與所得展轉相對。	一切俱生造色大種展轉相對，一切俱生得與所得展轉相對。	All co-arisen derived forms and the primary elements are mutually causes in the sense of co-existent cause. All co-arisen attainment and the attained are mutually causes in the sense of co-existent cause.
['T29n1558_006:0030c27_3']	如是等諸法雖名俱有，而非由俱有因故成因，非一果異熟及一等流故。	如是等諸法雖名俱有，而非由俱有因故成因，非一果異熟及一等流故。	Although these dharmas are called co-existent, they are not established as causes by means of the co-existent cause, because they are not the same effect, the same retribution, or the same outflow.
['T29n1558_006:0030c28_3']	得與所得非定俱行，或前或後或俱生故。	得與所得非定俱行，或前或後或俱生故。	Attainment and the attained are not necessarily co-occurring, because they may occur before, after, or simultaneously.
['T29n1558_006:0031a01_7']	如是一切理且可然，而諸世間種等芽等極成因果相生事中，未見如斯同時因果，故今應說。	如是一切理且可然，而諸世間種等芽等極成因果相生事中，未見如斯同時因果，故今應說。	Although this is reasonable in all cases, in the well-known causal relations of seeds, sprouts, etc. in the world, such simultaneous causes and effects have not been seen. Therefore, it should be explained now.
['T29n1558_006:0031a02_2']	云何俱起諸法聚中有因果義？	云何俱起諸法聚中有因果義？	How can there be the meaning of cause and effect in a collection of co-arisen dharmas?
['T29n1558_006:0031a03_2']	豈不現見燈焰燈明芽影同時亦為因果。	豈不現見燈焰燈明芽影同時亦為因果。	Isn't it seen that the flame of a lamp and its light, and the sprout and its shadow, are simultaneous causes and effects?
['T29n1558_006:0031a03_7']	此應詳辯？	此應詳辯？	This should be carefully discussed.
['T29n1558_006:0031a03_16']	為即燈焰與明為因？	為即燈焰與明為因？	Is the flame of a lamp the cause of its light?
['T29n1558_006:0031a05_3']	為由前生因緣和合焰明俱起，餘物障光明而有影現？	為由前生因緣和合焰明俱起，餘物障光明而有影現？	Is it that light and shadow arise together through the combination of causes and conditions from the previous moment, and other objects obstruct the light to produce shadows?
['T29n1558_006:0031a05_13']	如何說此影用芽為因？	如何說此影用芽為因？	How can it be said that shadows use sprouts as their cause?
['T29n1558_006:0031a06_6']	理不應然，隨有無故。	理不應然，隨有無故。	This is unreasonable, because [shadows] exist or do not exist according to [the existence or non-existence of light].
['T29n1558_006:0031a07_19']	善因明者說因果相，言若此有無，彼隨有無者，此定為因，彼定為果。	善因明者說因果相，言若此有無，彼隨有無者，此定為因，彼定為果。	Those who are skilled in logic explain the characteristics of cause and effect as follows: If this exists or does not exist, and that exists or does not exist accordingly, then this is definitely the cause, and that is definitely the effect.
['T29n1558_006:0031a09_1']	俱有法中一有一切有、一無一切無，理成因果。	俱有法中一有一切有、一無一切無，理成因果。	In the case of co-existent dharmas, if one exists, all exist; if one does not exist, all do not exist. This principle establishes cause and effect.
['T29n1558_006:0031a10_1']	俱起因果理且可然，如何可言互為因果？	俱起因果理且可然，如何可言互為因果？	The principle of cause and effect in co-arisen [dharmas] is acceptable, but how can it be said that they are mutually causes and effects?
['T29n1558_006:0031a10_11']	即由前說，此亦無違。	即由前說，此亦無違。	This is also not contradictory, for the very reasons given above.
['T29n1558_006:0031a11_10']	若爾，如前所說造色互不相離，應互為因。	若爾，如前所說造色互不相離，應互為因。	If so, then as previously stated, form that is not separate from each other should be mutually causes.
['T29n1558_006:0031a13_1']	如是造色與諸大種心隨相等與心等法皆不相離，應互為因。	如是造色與諸大種心隨相等與心等法皆不相離，應互為因。	In the same way, form and the primary elements, mind and its concomitant characteristics, etc., and mind and mental factors, etc., are all not separate, so they should be mutually causes.
['T29n1558_006:0031a14_3']	若謂如三杖互相依住，如是俱有法因果義成。	若謂如三杖互相依住，如是俱有法因果義成。	If it is argued that just as three sticks standing by mutually supporting each other, in the same way the principle of cause and effect of co-existent dharmas is established,🔽[we reply:]
['T29n1558_006:0031a15_3']	此應思惟，如是三杖為由俱起相依力住？	此應思惟，如是三杖為由俱起相依力住？	This should be considered: do these three sticks abide by the power of mutual dependence, or
['T29n1558_006:0031a16_3']	為由前生因緣合力令彼三杖俱起住耶？	為由前生因緣合力令彼三杖俱起住耶？	do the three sticks arise and abide by the power of the combination of causes and conditions that arose previously?
['T29n1558_006:0031a18_2']	又於彼中亦有別物繩鉤地等連持令住，此亦有餘同類因等，是故俱有因義得成。	又於彼中亦有別物繩鉤地等連持令住，此亦有餘同類因等，是故俱有因義得成。	Moreover, there are also other things such as ropes, hooks, and the ground that connect and make them abide. This also has other similar causes and so forth. Therefore, the meaning of co-existent cause is established.
['T29n1558_006:0031a18_11']	如是已說俱有因相。	如是已說俱有因相。	Thus, the characteristics of co-existent cause have been explained.
['T29n1558_006:0031a19_2']	第三同類因相云何？	第三同類因相云何？	What are the characteristics of the third similar cause?
['T29n1558_006:0031a19_5']	頌曰：	頌曰：	Verse:
['T29n1558_006:0031a20_0']	同類因相似，　　自部地前生，	同類因相似，　　自部地前生，	Similar causes are similar, arising before in the same category and stage,
['T29n1558_006:0031a21_0']	道展轉九地，　　唯等勝為果，	道展轉九地，　　唯等勝為果，	The path is mutually nine stages, only equal and superior are the fruits,
['T29n1558_006:0031a22_13']	加行生亦然，　　聞思所成等。	加行生亦然，　　聞思所成等。	The same is true for the born from practice, the accomplished by hearing and contemplation, and so forth.
['T29n1558_006:0031a23_2']	論曰：	論曰：	Treatise:
['T29n1558_006:0031a26_3']	同類因者，謂相似法與相似法為同類因，謂善五蘊與善五蘊展轉相望為同類因，染污與染污、無記與無記五蘊相望應知亦爾。	同類因者，謂相似法與相似法為同類因，謂善五蘊與善五蘊展轉相望為同類因，染污與染污、無記與無記五蘊相望應知亦爾。	Similar causes are similar dharmas that are the similar causes of similar dharmas. That is, the five aggregates that are good are the similar causes of the five aggregates that are good, and so on, up to the aggregates that are defiled, undefiled and nondetermined.
['T29n1558_006:0031a26_8']	有餘師說：	有餘師說：	Other masters say:
['T29n1558_006:0031a27_3']	淨無記蘊五是色果，四非色因。	淨無記蘊五是色果，四非色因。	The pure and nondetermined aggregates are the effects of form, but form is not the cause of the four.
['T29n1558_006:0031a27_8']	有餘師說：	有餘師說：	Other masters say:
['T29n1558_006:0031a27_18']	五是四果，色非四因。	五是四果，色非四因。	The four are the effects of form, but form is not the cause of the four.
['T29n1558_006:0031a28_3']	有餘師說：	有餘師說：	Other masters say:
['T29n1558_006:0031a28_16']	色與四蘊相望展轉皆不為因。	色與四蘊相望展轉皆不為因。	Form and the four aggregates are not mutual causes.
['T29n1558_006:0031a29_16']	又一身中羯剌藍位，能與十位為同類因。	又一身中羯剌藍位，能與十位為同類因。	Also, in a single body, the state of kalala is the similar cause of the ten states.
['T29n1558_006:0031b02_17']	頞部曇等九位，一一皆除前位與餘為因，若對餘身同類十位，一一皆與十位為因。	頞部曇等九位，一一皆除前位與餘為因，若對餘身同類十位，一一皆與十位為因。	The nine states of arbuda, etc., each exclude the preceding state and are the causes of the remaining states. If they are compared with the ten states of similar species in another body, each is the cause of the ten states.
['T29n1558_006:0031b03_17']	由此方隅外麥稻等，自類自類應廣思擇。	由此方隅外麥稻等，自類自類應廣思擇。	By means of this method, you should investigate extensively the species of external things such as wheat, rice, etc.
['T29n1558_006:0031b05_2']	若不許色為色同類因，彼執便違本論文所說。	若不許色為色同類因，彼執便違本論文所說。	If you do not admit that form is a similar cause of form, then you contradict the Abhidharma treatise.
['T29n1558_006:0031b05_7']	故本論說：	故本論說：	The Abhidharma treatise says:
['T29n1558_006:0031b06_2']	過去大種、未來大種因增上等。	過去大種、未來大種因增上等。	Past primary elements are the cause and dominant condition of future primary elements.
['T29n1558_006:0031b07_2']	為諸相似於相似法皆可得說為同類因？	為諸相似於相似法皆可得說為同類因？	Can all similar dharmas be said to be similar causes for similar dharmas?
['T29n1558_006:0031b07_5']	不爾。	不爾。	No, it is not so.
['T29n1558_006:0031b07_8']	云何？	云何？	How is it then?
['T29n1558_006:0031b08_11']	自部自地唯與自部自地為因，是故說言自部自地。	自部自地唯與自部自地為因，是故說言自部自地。	Only those of the same category and stage are causes for those of the same category and stage. Therefore it is said: of the same category and stage.
['T29n1558_006:0031b09_7']	部謂五部，即見苦所斷乃至修所斷。	部謂五部，即見苦所斷乃至修所斷。	Category refers to the five categories, namely those eliminated by seeing suffering, up to those eliminated by cultivation.
['T29n1558_006:0031b10_5']	地謂九地，即欲界為一靜慮、無色八。	地謂九地，即欲界為一靜慮、無色八。	Stage refers to the nine stages, namely the desire realm as one, and the four meditations and four formless [absorptions] as eight.
['T29n1558_006:0031b12_9']	此中見苦所斷法還與見苦所斷為同類因非餘，如是乃至修所斷還與修所斷法為同類因非餘。	此中見苦所斷法還與見苦所斷為同類因非餘，如是乃至修所斷還與修所斷法為同類因非餘。	Here, dharmas eliminated by seeing suffering are only similar causes for those eliminated by seeing suffering, not for the others. Thus, up to those eliminated by cultivation are only similar causes for dharmas eliminated by cultivation, not for the others.
['T29n1558_006:0031b15_1']	於中一一，若欲界地還與欲界為同類因，初靜慮地與初靜慮為同類因，乃至有頂與有頂地為同類因；	於中一一，若欲界地還與欲界為同類因，初靜慮地與初靜慮為同類因，乃至有頂與有頂地為同類因；	Within this, each of the desire realm levels takes the desire realm as its homogeneous cause, the first dhyāna level takes the first dhyāna as its homogeneous cause, up to the peak of existence taking the peak of existence as its homogeneous cause;
['T29n1558_006:0031b15_10']	異地相望皆無因義。	異地相望皆無因義。	the different levels are mutually unrelated as causes.
['T29n1558_006:0031b15_16']	又此非一切。	又此非一切。	Moreover, this is not all.
['T29n1558_006:0031b15_19']	何者？	何者？	What is it?
['T29n1558_006:0031b17_2']	謂前生唯諸前生與後相似生未生法為同類因。	謂前生唯諸前生與後相似生未生法為同類因。	It means that only the previously arisen takes the similar dharmas that have arisen later or have not yet arisen as its homogeneous cause.
['T29n1558_006:0031b17_7']	云何知然？	云何知然？	How do we know this?
['T29n1558_006:0031b17_12']	本論說故。	本論說故。	Because the Abhidharma treatise states it thus.
['T29n1558_006:0031b17_20']	如《發智論》說：	如《發智論》說：	As the *Abhidharma-jñāna-prasthāna-śāstra says:
['T29n1558_006:0031b18_4']	云何同類因？	云何同類因？	What is a homogeneous cause?
['T29n1558_006:0031b19_9']	謂前生善根與後生自界善根及彼相應法為同類因。	謂前生善根與後生自界善根及彼相應法為同類因。	It means the previously arisen wholesome roots take the later arisen wholesome roots of the same realm and the dharmas associated with them as their homogeneous cause.
['T29n1558_006:0031b20_14']	如是過去與餘二世，過去現在與未來等皆應廣說。	如是過去與餘二世，過去現在與未來等皆應廣說。	In this way, the past takes the other two time periods, the past and present take the future, etc., all of which should be explained in detail.
['T29n1558_006:0031b21_5']	然即彼論作是問言：	然即彼論作是問言：	However, that treatise asks this question:
['T29n1558_006:0031b22_5']	若法與彼法為因，或時此法與彼非因耶？	若法與彼法為因，或時此法與彼非因耶？	If a dharma is a cause for that dharma, is it possible that at some time this dharma is not a cause for that?
['T29n1558_006:0031b22_10']	彼即答言：	彼即答言：	It then answers:
['T29n1558_006:0031b23_18']	無時非因者，此依俱有、相應、異熟三因密說，故無有過。	無時非因者，此依俱有、相應、異熟三因密說，故無有過。	As for the statement that there is no time when it is not a cause, this is a secret reference to the three causes of co-existence, association, and retribution, so there is no error.
['T29n1558_006:0031b25_14']	有謂未來正生位法定能與彼為同類因，是故彼文依最後位密作是答無時非因。	有謂未來正生位法定能與彼為同類因，是故彼文依最後位密作是答無時非因。	The existence refers to dharmas in the state of being born in the future, which are definitely able to be the similar causes for those [dharmas]. Therefore, that passage secretly answers this by referring to the final state, saying there is no time when it is not a cause.
['T29n1558_006:0031b26_7']	彼於所難非為善釋。	彼於所難非為善釋。	That is not a good explanation of the objection.
['T29n1558_006:0031b27_8']	以未來法正生位前非同類因，後方成故。	以未來法正生位前非同類因，後方成故。	Because dharmas in the future, prior to the state of being born, are not similar causes, but only become so later.
['T29n1558_006:0031b27_18']	又若爾者，彼復問言：	又若爾者，彼復問言：	Moreover, if it were so, he would also ask:
['T29n1558_006:0031b29_3']	若法與彼法為等無間，或時此法與彼非等無間耶？	若法與彼法為等無間，或時此法與彼非等無間耶？	If a dharma is the equal and immediate antecedent condition for another dharma, is there a time when this dharma is not the equal and immediate antecedent condition for that?
['T29n1558_006:0031b29_8']	彼即答言：	彼即答言：	He would then answer:
['T29n1558_006:0031b29_17']	若時此法未至已生。	若時此法未至已生。	When this dharma has not yet reached the state of having been born.
['T29n1558_006:0031c02_8']	若如彼釋，應亦答言無時非緣，如何乃答若時此法未至已生。	若如彼釋，應亦答言無時非緣，如何乃答若時此法未至已生。	If it were explained in that way, he should also answer that there is no time when it is not a condition. How is it that he answers that when this dharma has not yet reached the state of having been born?
['T29n1558_006:0031c03_9']	然彼復釋，為現二門，如彼處說，此亦應爾；	然彼復釋，為現二門，如彼處說，此亦應爾；	However, he further explains that it presents two gates, just as it is said in that place, so it should be in this case as well.
['T29n1558_006:0031c03_19']	如此處說，彼亦應爾。	如此處說，彼亦應爾。	Just as it is explained here, it should be so in that case as well.
['T29n1558_006:0031c04_8']	如是作文獲何功德？	如是作文獲何功德？	What merit is gained by composing such a text?
['T29n1558_006:0031c04_17']	唯顯論主非善於文。	唯顯論主非善於文。	It only shows that the author is not skilled in composition.
['T29n1558_006:0031c05_8']	是故應知前釋為善。	是故應知前釋為善。	Therefore, one should know that the previous explanation is correct.
['T29n1558_006:0031c05_20']	若爾，何故《品類足》說：	若爾，何故《品類足》說：	If so, why does the *Prakaraṇagrantha state:
['T29n1558_006:0031c08_3']	或有苦諦以有身見為因，非與有身見為因，除未來有身見及彼相應苦諦諸餘染污苦諦。	或有苦諦以有身見為因，非與有身見為因，除未來有身見及彼相應苦諦諸餘染污苦諦。	There is suffering that is a cause of the view of self, but not a result of the view of self, namely, all defiled suffering except for the future view of self and the suffering associated with it.
['T29n1558_006:0031c09_9']	或有苦諦以有身見為因，亦與有身見為因，即所除法。	或有苦諦以有身見為因，亦與有身見為因，即所除法。	There is suffering that is a cause of the view of self and also a result of the view of self, namely, the aforementioned exception.
['T29n1558_006:0031c10_6']	彼文應說，除未來有身見相應苦諦。	彼文應說，除未來有身見相應苦諦。	That text should state, except for the future suffering associated with the view of self.
['T29n1558_006:0031c10_18']	設有如彼說，由義應知非。	設有如彼說，由義應知非。	Even if there were such a statement, one should know that it is not so by the meaning.
['T29n1558_006:0031c11_10']	復云何通《施設足論》？	復云何通《施設足論》？	How can the *Prajñaptiśāstra be understood?
['T29n1558_006:0031c12_10']	彼說諸法四事決定，所謂因、果、所依、所緣。	彼說諸法四事決定，所謂因、果、所依、所緣。	It states that all dharmas are definitely determined by four things, namely cause, effect, support, and object.
['T29n1558_006:0031c13_8']	應知彼文，因者謂能作、俱有、相應、異熟因。	應知彼文，因者謂能作、俱有、相應、異熟因。	You should understand that the text means that the cause is the efficient cause, coexistent cause, associated cause, and retributive cause.
['T29n1558_006:0031c13_22']	果者，謂增上、士用、異熟果。	果者，謂增上、士用、異熟果。	The effect is the dominant effect, the effect of the human effort, and the retributive effect.
['T29n1558_006:0031c14_7']	所依者謂眼等六根。	所依者謂眼等六根。	The support is the six organs, such as the eye, etc.
['T29n1558_006:0031c14_16']	所緣者謂色等六境。	所緣者謂色等六境。	The object is the six objects, such as visible form, etc.
['T29n1558_006:0031c15_13']	若爾，同類因應本無而有，許故無過。	若爾，同類因應本無而有，許故無過。	In that case, the homogeneous cause must exist prior to the arising of its effect, because you admit that it exists.
['T29n1558_006:0031c16_10']	約位非體，由和合作用位果非體果。	約位非體，由和合作用位果非體果。	We reply, that is not so, because the effect of the cause is the state of union, not the substance of the effect.
['T29n1558_006:0031c17_11']	若同類因未來世有，如異熟因，當有何過？	若同類因未來世有，如異熟因，當有何過？	If the homogeneous cause exists in the future, like the retributive cause, what error is there in this?
['T29n1558_006:0031c18_1']	未來若有，本論應說。	未來若有，本論應說。	We reply, if it exists in the future, it should have been mentioned in the treatise.
['T29n1558_006:0031c19_1']	本論唯說能取與果諸同類因，故無有失。	本論唯說能取與果諸同類因，故無有失。	The treatise speaks only of the homogeneous cause that takes and gives effects, and therefore there is no error.
['T29n1558_006:0031c20_11']	無如是義，以同類因引等流果此未來有，理必不然，無前後故。	無如是義，以同類因引等流果此未來有，理必不然，無前後故。	There is no such principle, because it is not reasonable that the homogeneous cause exists in the future and attracts a homogeneous effect, because there is no priority and posteriority.
['T29n1558_006:0031c21_12']	不應已生法為未生等流，如過去法非現在果。	不應已生法為未生等流，如過去法非現在果。	It is not possible for a presently existing dharma to be the homogeneous cause of a future dharma, just as a past dharma is not a present effect.
['T29n1558_006:0031c22_12']	勿有果先因後過失故，未來世無同類因。	勿有果先因後過失故，未來世無同類因。	Therefore there is no error in saying that the effect precedes the cause.
['T29n1558_006:0031c23_15']	若爾，異熟因應未來非有，不應異熟果因前及俱故。	若爾，異熟因應未來非有，不應異熟果因前及俱故。	If this is so, then the cause of karmic maturation should not exist in the future, because the effect of karmic maturation cannot precede or be simultaneous with the cause.
['T29n1558_006:0031c24_16']	未來世法無前後故，無如是失，不相似故。	未來世法無前後故，無如是失，不相似故。	There is no such error, because future dharmas have no priority or posteriority, and because they are not similar.
['T29n1558_006:0031c26_16']	謂同類因與果相似，若無前後應互為因，既互為因應互為果，互為因果與理相違。	謂同類因與果相似，若無前後應互為因，既互為因應互為果，互為因果與理相違。	That is, similar causes are similar to their effects. If they do not precede or succeed each other, they should be causes for each other. If they are causes for each other, they should be effects for each other, and this contradicts reason.
['T29n1558_006:0031c29_6']	非異熟因與果相似，雖離前後而無上過，故同類因就位建立未來非有，若異熟因就相建立未來非無。	非異熟因與果相似，雖離前後而無上過，故同類因就位建立未來非有，若異熟因就相建立未來非無。	The cause of karmic maturation is not similar to its effect. Even though it is not separated from the effect by priority or posteriority, there is no such error. Therefore similar causes are established on the basis of state, and as a consequence, they do not exist in the future. The cause of karmic maturation is established on the basis of characteristics, and as a consequence, it does not not exist in the future.
['T29n1558_006:0032a01_2']	言同類因唯自地者，定依何說？	言同類因唯自地者，定依何說？	When it is said that similar causes are only of the same stage, on what is this determination based?
['T29n1558_006:0032a01_7']	定依有漏。	定依有漏。	It is based on impure dharmas.
['T29n1558_006:0032a03_13']	若無漏道展轉相望一一皆與九地為因，謂未至定、靜慮中間、四本靜慮、三本無色，九地道諦皆互為因。	若無漏道展轉相望一一皆與九地為因，謂未至定、靜慮中間、四本靜慮、三本無色，九地道諦皆互為因。	If pure paths are compared with each other, each is the cause of the nine stages, that is, the stage of preliminary concentration, the intermediate stage, the four fundamental stages of meditation, and the three fundamental formless stages. The nine paths of the truth of the path are all causes for each other.
['T29n1558_006:0032a03_18']	所以者何？	所以者何？	Why is this?
['T29n1558_006:0032a06_6']	此於諸地皆如客住不墮界攝，非諸地愛執為己有，是故九地道雖地不同而展轉為因，由同類故。	此於諸地皆如客住不墮界攝，非諸地愛執為己有，是故九地道雖地不同而展轉為因，由同類故。	These paths are like guests in the various stages and are not included in the realms. They are not grasped as one’s own by craving for the various stages. Therefore, even though the nine paths of the various stages are not the same, they are causes for each other, because they are of the same species.
['T29n1558_006:0032a07_7']	然唯得與等勝為因，非為劣因，加行生故。	然唯得與等勝為因，非為劣因，加行生故。	However, they are only causes for the equal and superior, not for the inferior, because they are born of added effort.
['T29n1558_006:0032a08_14']	且如已生苦法智忍還與未來苦法智忍為同類因，是名為等。	且如已生苦法智忍還與未來苦法智忍為同類因，是名為等。	For example, the patience resulting from knowledge of the Dharma with regard to suffering that has already arisen is a cause of the same species for the patience resulting from knowledge of the Dharma with regard to suffering that will be received in the future. This is called equal.
['T29n1558_006:0032a10_6']	又即此忍復能與後從苦法智至無生智為同類因，是名為勝。	又即此忍復能與後從苦法智至無生智為同類因，是名為勝。	Also, this patience can be a cause of the same species for that which follows, from the knowledge of the Dharma with regard to suffering up to the knowledge of nonproduction. This is called superior.
['T29n1558_006:0032a11_14']	如是廣說，乃至已生諸無生智唯與等類為同類因，更無勝故。	如是廣說，乃至已生諸無生智唯與等類為同類因，更無勝故。	In this way, it is extensively explained up to the knowledge of nonproduction that has already arisen, which is only a cause of the same species, because there is nothing superior to it.
['T29n1558_006:0032a13_5']	又諸已生見道修道及無學道，隨其次第與三二一為同類因。	又諸已生見道修道及無學道，隨其次第與三二一為同類因。	Also, the paths of insight, cultivation, and no-more-learning that have already arisen are, respectively, similar causes for three, two, and one.
['T29n1558_006:0032a14_5']	又於此中諸鈍根道與鈍及利為同類因。	又於此中諸鈍根道與鈍及利為同類因。	Also, among these, the paths of dull faculties are similar causes for the dull and sharp faculties.
['T29n1558_006:0032a16_5']	若利根道唯利道因，如隨信行及信勝解時解脫道，隨其次第與六四二為同類因。	若利根道唯利道因，如隨信行及信勝解時解脫道，隨其次第與六四二為同類因。	If the path of sharp faculties is only the cause of the sharp path, then the paths of insight, cultivation, and no-more-learning of the faith-follower and the one liberated at times are, respectively, similar causes for six, four, and two.
['T29n1558_006:0032a17_12']	若隨法行及見至非時解脫道，隨其次第與三二一為同類因。	若隨法行及見至非時解脫道，隨其次第與三二一為同類因。	If the paths of insight, cultivation, and no-more-learning of the Dharma-follower and the one liberated not at times are, respectively, similar causes for three, two, and one.
['T29n1558_006:0032a18_4']	諸上地道為下地因。	諸上地道為下地因。	The higher stages of the path are the causes for the lower stages.
['T29n1558_006:0032a18_13']	云何名為或等或勝？	云何名為或等或勝？	What is meant by “equal or superior”?
['T29n1558_006:0032a19_4']	由因增長及由根故。	由因增長及由根故。	Because the causes increase and because of the faculties.
['T29n1558_006:0032a20_3']	謂見道等下下品等，後後位中因轉增長。	謂見道等下下品等，後後位中因轉增長。	That is to say, the lower-lower stage, etc., of the path of insight, etc., become causes that gradually increase in the later stages.
['T29n1558_006:0032a21_14']	雖一相續中無容可得隨信隨法行二道現起，而已生者為未來因。	雖一相續中無容可得隨信隨法行二道現起，而已生者為未來因。	Although it is not possible to attain the two paths of faith-follower and Dharma-follower in a single continuum, the already arisen [paths] are causes for the future [paths].
['T29n1558_006:0032a22_9']	為唯聖道但與等勝為同類因？	為唯聖道但與等勝為同類因？	Are only the holy paths only equal and superior similar causes?
['T29n1558_006:0032a22_12']	不爾。	不爾。	It is not so.
['T29n1558_006:0032a22_15']	云何？	云何？	How is it?
['T29n1558_006:0032a23_13']	餘世間法加行生者亦與等勝為因非劣。	餘世間法加行生者亦與等勝為因非劣。	Other mundane dharmas born of practice also take the equal and superior as their causes, not the inferior.
['T29n1558_006:0032a24_5']	加行生法其體云何？	加行生法其體云何？	What is the essence of dharmas born of practice?
['T29n1558_006:0032a24_15']	謂聞所成、思所成等。	謂聞所成、思所成等。	It refers to those accomplished through hearing, thinking, etc.
['T29n1558_006:0032a24_20']	等者等取。	等者等取。	The word etc.
['T29n1558_006:0032a26_12']	修所成等，因聞思修所生功德，名彼所成，加行生故唯與等勝為因非劣。	修所成等，因聞思修所生功德，名彼所成，加行生故唯與等勝為因非劣。	refers to those accomplished through cultivation, etc. The merits born from hearing, thinking, and cultivation are called those accomplished by them. Because they are born of practice, they only take the equal and superior as their causes, not the inferior.
['T29n1558_006:0032a28_10']	如欲界繫，聞所成法能與自界聞思所成為同類因，非修所成因，欲界無故。	如欲界繫，聞所成法能與自界聞思所成為同類因，非修所成因，欲界無故。	Just as those accomplished through hearing in the desire realm can be the homogeneous causes for those accomplished through hearing and thinking in their own realm, but not for those accomplished through cultivation, because there are none in the desire realm.
['T29n1558_006:0032a29_16']	思所成法與思所成為同類因，非聞所成因，以彼劣故。	思所成法與思所成為同類因，非聞所成因，以彼劣故。	Those accomplished through thinking are the homogeneous causes for those accomplished through thinking in their own realm, but not for those accomplished through hearing, because they are inferior.
['T29n1558_006:0032b02_12']	若色界繫聞所成法，能與自界聞修所成為同類因，非思所成因，色界無故。	若色界繫聞所成法，能與自界聞修所成為同類因，非思所成因，色界無故。	If those accomplished through hearing in the form realm can be the homogeneous causes for those accomplished through hearing and cultivation in their own realm, but not for those accomplished through thinking, because there are none in the form realm.
['T29n1558_006:0032b04_3']	修所成法唯與自界修所成法為同類因，非聞所成因，以彼劣故。	修所成法唯與自界修所成法為同類因，非聞所成因，以彼劣故。	dharmas acquired through cultivation are only similar causes for dharmas acquired through cultivation in their own realm, not for those acquired through hearing, because the latter are inferior.
['T29n1558_006:0032b06_1']	無色界繫修所成法，唯與自界修所成法為同類因，非聞思所成因，以無故劣故。	無色界繫修所成法，唯與自界修所成法為同類因，非聞思所成因，以無故劣故。	Dharmas acquired through cultivation in the realm of form are only similar causes for dharmas acquired through cultivation in their own realm, not for those acquired through hearing or thinking, because they do not exist and are inferior.
['T29n1558_006:0032b08_1']	如是諸法復有九品，若下下品為九品因，下中八因，乃至上上唯上上因，除前劣故。	如是諸法復有九品，若下下品為九品因，下中八因，乃至上上唯上上因，除前劣故。	These dharmas are also divided into nine classes. If they are of the lowest class, they are similar causes for the nine classes. Those of the second lowest class are causes for eight classes, and so on, up to those of the highest class, which are only similar causes for dharmas of the highest class, because they are inferior to those of the preceding classes.
['T29n1558_006:0032b09_1']	生得善法九品相望展轉為因，染污亦爾。	生得善法九品相望展轉為因，染污亦爾。	Innate good dharmas are mutually similar causes for the nine classes. Defiled dharmas are also like this.
['T29n1558_006:0032b11_2']	無覆無記總有四種，謂異熟生、威儀路、工巧處、化心俱品，隨其次第，能與四三二一為因。	無覆無記總有四種，謂異熟生、威儀路、工巧處、化心俱品，隨其次第，能與四三二一為因。	Undefiled and non-defined dharmas are of four kinds: those born of retribution, those of deportment, those of craftsmanship, and those of the realm of desire. They are, in order, similar causes for four, three, two, and one class.
['T29n1558_006:0032b13_6']	又欲界化心有四靜慮果，非上靜慮果下靜慮果因，非加行因得下劣果，如勤功力種稻麥等。	又欲界化心有四靜慮果，非上靜慮果下靜慮果因，非加行因得下劣果，如勤功力種稻麥等。	Also, the mind of transformation of the desire realm has the four meditations as its fruit. The fruit of a lower meditation is not the cause of the fruit of a higher meditation. The inferior fruit is not the cause of the superior fruit. It is like the case of planting rice and wheat, etc., with great effort.
['T29n1558_006:0032b13_15']	勿設劬勞而無所獲。	勿設劬勞而無所獲。	Do not expend great effort and receive nothing in return.
['T29n1558_006:0032b14_8']	因如是義，故有問言：	因如是義，故有問言：	Because of this meaning, there is a question:
['T29n1558_006:0032b15_7']	頗有已生諸無漏法非未生位無漏法因？	頗有已生諸無漏法非未生位無漏法因？	Is there a case where the already arisen pure dharmas are not the cause of the not yet arisen pure dharmas?
['T29n1558_006:0032b16_15']	有，謂已生苦法智品於未生位苦法忍品，又一切勝於一切劣。	有，謂已生苦法智品於未生位苦法忍品，又一切勝於一切劣。	There is, namely, the class of the knowledge of dharmas with regard to suffering that has already arisen is not the cause of the class of the receptivity to the knowledge of dharmas with regard to suffering that has not yet arisen. Also, all superior [dharmas] are not the cause of all inferior [dharmas].
['T29n1558_006:0032b17_13']	頗有一身諸無漏法前所定得非後生因？	頗有一身諸無漏法前所定得非後生因？	Is there a case where the pure dharmas in one's body that are definitely attained first are not the cause of those that arise later?
['T29n1558_006:0032b19_13']	有，謂未來苦法忍品於後已生苦法智品，以果必無在因前故，或同類因未來無故。	有，謂未來苦法忍品於後已生苦法智品，以果必無在因前故，或同類因未來無故。	There is, namely, the class of the receptivity to the knowledge of dharmas with regard to suffering in the future is not the cause of the class of the knowledge of dharmas with regard to suffering that has already arisen. Because the fruit must never precede the cause, or because there are no homogeneous causes in the future.
['T29n1558_006:0032b20_12']	頗有前生諸無漏法非後已起無漏法因？	頗有前生諸無漏法非後已起無漏法因？	Is there a case where the pure dharmas that have already arisen in the past are not the cause of the pure dharmas that have already arisen?
['T29n1558_006:0032b22_3']	有，謂前生勝無漏法於後已起劣無漏法，如退上果下果現前。	有，謂前生勝無漏法於後已起劣無漏法，如退上果下果現前。	There is, namely, the prior arising of superior pure dharmas in relation to later arising inferior pure dharmas, such as when one falls from a higher fruit and a lower fruit becomes manifest.
['T29n1558_006:0032b23_11']	又前已生苦法智得，於後已生苦法忍得非同類因，以彼劣故。	又前已生苦法智得，於後已生苦法忍得非同類因，以彼劣故。	Also, the acquisition of the knowledge of dharmas in relation to suffering that has already arisen is not a similar cause in relation to the acquisition of the receptivity to the knowledge of dharmas in relation to suffering that has already arisen, because the latter is inferior.
['T29n1558_006:0032b24_2']	如是已說同類因相。	如是已說同類因相。	Thus the characteristics of similar causes have been explained.
['T29n1558_006:0032b24_11']	第四相應因相云何？	第四相應因相云何？	What are the characteristics of the fourth, the associated cause?
['T29n1558_006:0032b24_14']	頌曰：	頌曰：	The verse states:
['T29n1558_006:0032b25_13']	相應因決定，　　心心所同依。	相應因決定，　　心心所同依。	The associated cause is determined to be the mind and mental factors that share the same support.
['T29n1558_006:0032b26_2']	論曰：	論曰：	The treatise states:
['T29n1558_006:0032b26_11']	唯心心所是相應因。	唯心心所是相應因。	Only the mind and mental factors are associated causes.
['T29n1558_006:0032b27_10']	若爾，所緣行相別者，亦應更互為相應因。	若爾，所緣行相別者，亦應更互為相應因。	If that is so, then those that have different objects and aspects should also be mutually associated causes.
['T29n1558_006:0032b28_9']	不爾，所緣行相同者乃可得說為相應故。	不爾，所緣行相同者乃可得說為相應故。	No, because only those that have the same object and aspect can be said to be associated.
['T29n1558_006:0032b29_9']	若爾，異時所緣行相同者應說為相應因。	若爾，異時所緣行相同者應說為相應因。	If that is so, then those that have the same object and aspect at different times should be said to be associated causes.
['T29n1558_006:0032c01_9']	不爾，要須所緣行相及時同者乃相應故。	不爾，要須所緣行相及時同者乃相應故。	No, because only those that have the same object, aspect, and time are associated.
['T29n1558_006:0032c03_17']	若爾，異身所緣行相及時同者應說相應，如眾同觀初月等事，為以一言總遮如是眾多妨難，故說同依。	若爾，異身所緣行相及時同者應說相應，如眾同觀初月等事，為以一言總遮如是眾多妨難，故說同依。	If this is so, then the associated cause should be said to be the same for those with different bodies, the same object, aspect, and time, just as many people see the new moon at the same time. In order to refute these many difficulties, the same support is mentioned.
['T29n1558_006:0032c04_17']	謂要同依心心所法，方得更互為相應因。	謂要同依心心所法，方得更互為相應因。	That is, mind and mental activities must have the same support in order to be a reciprocally related cause.
['T29n1558_006:0032c07_15']	此中同言顯所依一，謂若眼識用此剎那眼根為依，相應受等亦即用此眼根為依，乃至意識及相應法同依意根，應知亦爾。	此中同言顯所依一，謂若眼識用此剎那眼根為依，相應受等亦即用此眼根為依，乃至意識及相應法同依意根，應知亦爾。	The word same in this verse shows that the support is the same. That is, if visual consciousness uses a certain moment of the organ of sight as its support, the feeling, etc., associated with it also use that organ of sight as their support. The same is true of mental consciousness and its associated dharmas, which use the organ of thought as their support.
['T29n1558_006:0032c08_14']	相應因體即俱有因，如是二因義何差別？	相應因體即俱有因，如是二因義何差別？	The substance of the associated cause is the same as that of the simultaneous cause. What is the difference between these two causes?
['T29n1558_006:0032c09_16']	由互為果義立俱有因，如商侶相依共遊險道。	由互為果義立俱有因，如商侶相依共遊險道。	The simultaneous cause is established on the basis of the meaning of being a fruit for each other, just as merchants traveling together through a dangerous area depend on each other for protection.
['T29n1558_006:0032c12_8']	由五平等共相應義立相應因，即如商侶同受同作食等事業，其中闕一皆不相應，是故極成互為因義。	由五平等共相應義立相應因，即如商侶同受同作食等事業，其中闕一皆不相應，是故極成互為因義。	The five are equally associated, and therefore the meaning of association is established as the cause of association. It is just like merchants who equally experience and equally perform activities such as eating, and if one of them is missing, they are all not associated. Therefore, the meaning of being causes for each other is extremely established.
['T29n1558_006:0032c12_17']	如是已說相應因相。	如是已說相應因相。	Thus, the characteristics of the cause of association have been explained.
['T29n1558_006:0032c13_8']	第五遍行因相云何？	第五遍行因相云何？	What are the characteristics of the fifth, the cause of universal permeation?
['T29n1558_006:0032c13_11']	頌曰：	頌曰：	The verse states:
['T29n1558_006:0032c14_13']	遍行謂前遍，　　為同地染因。	遍行謂前遍，　　為同地染因。	The cause of universal permeation is said to be the universal permeations that precede, which are the cause of defilements in the same stage.
['T29n1558_006:0032c15_2']	論曰：	論曰：	The treatise states:
['T29n1558_006:0032c16_10']	遍行因者，謂前已生遍行諸法，與後同地染污諸法為遍行因。	遍行因者，謂前已生遍行諸法，與後同地染污諸法為遍行因。	The cause of universal permeation refers to the universal permeating dharmas that have already arisen, which are the cause of universal permeation for the defiled dharmas that follow in the same stage.
['T29n1558_006:0032c17_10']	遍行諸法，隨眠品中遍行義處當廣分別。	遍行諸法，隨眠品中遍行義處當廣分別。	The meaning of universal permeation of the universal permeating dharmas will be extensively distinguished in the chapter on latent afflictions.
['T29n1558_006:0032c18_11']	此與染法為通因故，同類因外更別建立。	此與染法為通因故，同類因外更別建立。	Because this serves as the common cause for defiled dharmas, it is established separately from the cause of the same type.
['T29n1558_006:0032c20_2']	亦為餘部染法因故，由此勢力餘部煩惱及彼眷屬亦生長故。	亦為餘部染法因故，由此勢力餘部煩惱及彼眷屬亦生長故。	It is also because it is the cause of defiled dharmas in other categories. Because of its power, the afflictions of other categories and their retinue also arise and grow.
['T29n1558_006:0032c21_1']	聖者身中諸染污法，豈亦用此為遍行因？	聖者身中諸染污法，豈亦用此為遍行因？	Can the defiled dharmas in the body of an arhat also use this as the cause of universal permeation?
['T29n1558_006:0032c21_12']	迦濕彌羅國毘婆沙師說：	迦濕彌羅國毘婆沙師說：	The Vaibhāṣikas of Kaśmīra say:
['T29n1558_006:0032c22_4']	一切染污法，見所斷為因。	一切染污法，見所斷為因。	All defiled dharmas have the seen as their cause.
['T29n1558_006:0032c22_15']	故《品類足》說如是言：	故《品類足》說如是言：	Therefore the Prakaraṇa-śāstra says:
['T29n1558_006:0032c23_4']	云何見所斷為因法？	云何見所斷為因法？	What are the dharmas whose cause is the seen?
['T29n1558_006:0032c24_1']	謂諸染污法及見所斷法所感異熟。	謂諸染污法及見所斷法所感異熟。	They are the defiled dharmas and the retribution produced by the dharmas whose cause is the seen.
['T29n1558_006:0032c24_9']	云何無記為因法？	云何無記為因法？	What are the dharmas whose cause is the indeterminate?
['T29n1558_006:0032c25_2']	謂諸無記有為法及不善法。	謂諸無記有為法及不善法。	They are the conditioned indeterminate dharmas and the unwholesome dharmas.
['T29n1558_006:0032c27_14']	或有苦諦以有身見為因，非與有身見為因，廣說乃至，除未來有身見及彼相應法生老住無常諸餘染污苦諦。	或有苦諦以有身見為因，非與有身見為因，廣說乃至，除未來有身見及彼相應法生老住無常諸餘染污苦諦。	Or there is a truth of suffering that has the view of self as its cause but is not a cause for the view of self. It is explained in detail up to the exception of the arising, old age, duration, and impermanence of future views of self and the dharmas associated with it, and the remaining defiled truths of suffering.
['T29n1558_006:0032c28_9']	若爾，云何通《施設足論》說？	若爾，云何通《施設足論》說？	If that is so, how does it accord with the explanation in the Prajñapti-śāstra?
['T29n1558_006:0032c28_14']	如彼論說：	如彼論說：	As that treatise says:
['T29n1558_006:0032c29_7']	頗有法是不善唯不善為因耶？	頗有法是不善唯不善為因耶？	Are there any unwholesome dharmas that are only caused by the unwholesome?
['T29n1558_006:0033a01_13']	有，謂聖人離欲退最初已起染污思，依未斷因密作是說。	有，謂聖人離欲退最初已起染污思，依未斷因密作是說。	There are, namely the defiled volition that arises when an arhat first regresses from detachment, based on the cause of what has not yet been eliminated. This is said in secret.
['T29n1558_006:0033a02_13']	見所斷法雖是此因，而由已斷故廢不說。	見所斷法雖是此因，而由已斷故廢不說。	Although dharmas to be eliminated by the path of insight are this cause, they are not mentioned because they have already been eliminated.
['T29n1558_006:0033a03_4']	如是已說遍行因相。	如是已說遍行因相。	Thus the characteristics of the cause of universal permeation have been explained.
['T29n1558_006:0033a03_13']	第六異熟因相云何？	第六異熟因相云何？	What are the characteristics of the sixth cause, cause of retribution?
['T29n1558_006:0033a03_16']	頌曰：	頌曰：	Verse:
['T29n1558_006:0033a04_13']	異熟因不善，　　及善唯有漏。	異熟因不善，　　及善唯有漏。	The cause of retribution is unwholesome and wholesome, and only has outflows.
['T29n1558_006:0033a05_2']	論曰：	論曰：	Discussion:
['T29n1558_006:0033a06_1']	唯諸不善及善有漏是異熟因，異熟法故。	唯諸不善及善有漏是異熟因，異熟法故。	Only unwholesome and wholesome dharmas with outflows are the cause of retribution, because they are dharmas with retribution.
['T29n1558_006:0033a06_10']	何緣無記不招異熟？	何緣無記不招異熟？	Why does the indeterminate not attract retribution?
['T29n1558_006:0033a07_1']	由力劣故，如朽敗種。	由力劣故，如朽敗種。	Because of its weakness, like rotten seeds.
['T29n1558_006:0033a07_10']	何緣無漏不招異熟？	何緣無漏不招異熟？	Why does the uncontaminated not attract retribution?
['T29n1558_006:0033a08_5']	無愛潤故，如貞實種無水潤沃。	無愛潤故，如貞實種無水潤沃。	Because it is not moistened by craving, like sound seeds without water to moisten them.
['T29n1558_006:0033a09_1']	又非繫地，如何能招繫地異熟？	又非繫地，如何能招繫地異熟？	Moreover, it is not bound to a realm. How can it attract retribution bound to a realm?
['T29n1558_006:0033a10_1']	餘法具二，是故能招，如貞實種、水所沃潤。	餘法具二，是故能招，如貞實種、水所沃潤。	Other dharmas have both. Therefore they can attract it, like sound seeds moistened by water.
['T29n1558_006:0033a10_10', 'T29n1558_006:0033a11_2']	異熟因義如何可了？🔽為異熟之因名異熟因？	異熟因義如何可了？ 為異熟之因名異熟因？	How can the meaning of the cause of retribution be understood?🔽Is it called the cause of retribution because it is the cause of retribution?
['T29n1558_006:0033a11_12']	為異熟即因名異熟因？	為異熟即因名異熟因？	Or is it the cause of retribution because retribution is the cause?
['T29n1558_006:0033a12_3']	義兼兩釋，斯有何過？	義兼兩釋，斯有何過？	What is wrong with this?
['T29n1558_006:0033a13_5']	若異熟之因名異熟因，聖教不應言異熟生眼。	若異熟之因名異熟因，聖教不應言異熟生眼。	If the cause of retribution is called the cause of retribution, the holy teachings should not say that the eye is born from retribution.
['T29n1558_006:0033a14_7']	若異熟即因名異熟因，聖教不應言業之異熟。	若異熟即因名異熟因，聖教不應言業之異熟。	If retribution itself is the cause and is called the cause of retribution, the holy teachings should not say that it is the retribution of karma.
['T29n1558_006:0033a14_17']	兩釋俱通，已如前辯。	兩釋俱通，已如前辯。	Both explanations are correct, as has already been discussed.
['T29n1558_006:0033a15_7']	所言異熟其義云何？	所言異熟其義云何？	What is the meaning of retribution?
['T29n1558_006:0033a15_16']	毘婆沙師作如是釋：	毘婆沙師作如是釋：	The Vaibhāṣika masters explain it like this:
['T29n1558_006:0033a16_16']	異類而熟是異熟義，謂異熟因唯異類熟。	異類而熟是異熟義，謂異熟因唯異類熟。	The meaning of retribution is that different types mature. This means that the cause of retribution only matures in different types.
['T29n1558_006:0033a18_5']	俱有等因唯同類熟，能作一因兼同異熟，故唯此一名異熟因。	俱有等因唯同類熟，能作一因兼同異熟，故唯此一名異熟因。	The co-existent cause and the homogeneous cause only mature in the same type. The enabling cause both matures in the same and different types. Therefore, only this one is called the cause of retribution.
['T29n1558_006:0033a19_5']	熟果不應餘因所得，果具二義方得熟名：	熟果不應餘因所得，果具二義方得熟名：	Retribution should not be obtained by other causes. The fruit has two meanings before it can be called retribution:
['T29n1558_006:0033a20_14']	一由相續轉變差別其體得生，二由隨因勢力勝劣時有分限。	一由相續轉變差別其體得生，二由隨因勢力勝劣時有分限。	First, by the transformation and difference of the continuity, its substance is born. Second, following the power of the cause, there is a limit to the time.
['T29n1558_006:0033a22_14']	非彼俱有、相應二因所生果體，要由相續轉變差別方乃得生，由取果時即與果故。	非彼俱有、相應二因所生果體，要由相續轉變差別方乃得生，由取果時即與果故。	The substance of a result born from the two causes of coexistent and associated causes is born only through the transformation of a series, because when the causes take a result, they immediately give a result.
['T29n1558_006:0033a25_4']	又非能作同類、遍行三因之果，亦由隨因勢力勝劣、時有分限，由善惡等窮生死邊果數數生、時無限故。	又非能作同類、遍行三因之果，亦由隨因勢力勝劣、時有分限，由善惡等窮生死邊果數數生、時無限故。	Also, the results of the three causes of primary, similar, and universal are also due to the strength of the causes, which are superior or inferior, and time, which has limits, because the results of good, bad, etc., are born repeatedly to the end of saṃsāra, and time is unlimited.
['T29n1558_006:0033a25_13']	由此但應作如是釋。	由此但應作如是釋。	Therefore we should only make the following explanation.
['T29n1558_006:0033a26_13', 'T29n1558_006:0033a28_3', 'T29n1558_006:0033a29_11']	變異而熟是異熟義，不應但異簡別餘因。🔽於欲界中有時一蘊為異熟因共感一果，謂有記得及彼生等。🔽有時二蘊為異熟因共感一果，謂善不善身業語業及彼生等。	變異而熟是異熟義，不應但異簡別餘因。 於欲界中有時一蘊為異熟因共感一果，謂有記得及彼生等。 有時二蘊為異熟因共感一果，謂善不善身業語業及彼生等。	The meaning of “maturation through transformation” is that of “retribution.” It should not be said that it is only different and distinguished from other causes.🔽Sometimes one aggregate is the cause of retribution and produces a single result in the realm of desire, i.e., actual dharmas and their characteristics, etc.🔽Sometimes two aggregates are the cause of retribution and produce a single result, i.e., good and bad bodily and vocal actions and their characteristics, etc.
['T29n1558_006:0033b02_1']	有時四蘊為異熟因共感一果，謂善不善心心所法及彼生等。	有時四蘊為異熟因共感一果，謂善不善心心所法及彼生等。	Sometimes four aggregates are the cause of retribution and produce a single result, i.e., good and bad mind and mental activities and their characteristics, etc.
['T29n1558_006:0033b03_15']	於色界中有時一蘊為異熟因共感一果，謂有記得、無想等至及彼生等。	於色界中有時一蘊為異熟因共感一果，謂有記得、無想等至及彼生等。	Sometimes one aggregate is the cause of retribution and produces one result, namely, the attainment of non-perception and the attainment of non-thought and their arising, etc.
['T29n1558_006:0033b05_3']	有時二蘊為異熟因共感一果，謂初靜慮善有表業及彼生等。	有時二蘊為異熟因共感一果，謂初靜慮善有表業及彼生等。	Sometimes two aggregates are the cause of retribution and produce one result, namely, good form of the first trance state and its arising, etc.
['T29n1558_006:0033b06_11']	有時四蘊為異熟因共感一果，謂非等引善心心所及彼生等。	有時四蘊為異熟因共感一果，謂非等引善心心所及彼生等。	Sometimes four aggregates are the cause of retribution and produce one result, namely, good mind and mental activities of the non-concentrated stage and their arising, etc.
['T29n1558_006:0033b08_5']	有時五蘊為異熟因共感一果，謂是等引心心所法并隨轉色及彼生等。	有時五蘊為異熟因共感一果，謂是等引心心所法并隨轉色及彼生等。	Sometimes five aggregates are the cause of retribution and produce one result, namely, mind and mental activities of the concentrated stage, form that accompanies them, and their arising, etc.
['T29n1558_006:0033b09_18']	無色界中有時一蘊為異熟因共感一果，謂有記得、滅盡等至及彼生等。	無色界中有時一蘊為異熟因共感一果，謂有記得、滅盡等至及彼生等。	Sometimes one aggregate is the cause of retribution and produces one result, namely, the attainment of non-perception, the attainment of cessation, and their arising, etc.
['T29n1558_006:0033b11_6']	有時四蘊為異熟因共感一果，謂一切善心心所法及彼生等。	有時四蘊為異熟因共感一果，謂一切善心心所法及彼生等。	Sometimes four aggregates are the cause of retribution and produce one result, namely, all good mind and mental activities and their arising, etc.
['T29n1558_006:0033b12_7']	有業唯感一處異熟，謂感法處，即命根等。	有業唯感一處異熟，謂感法處，即命根等。	There is karma that produces only one sphere as retribution, namely, the dharma sphere, which is the vitality faculty, etc.
['T29n1558_006:0033b13_2']	若感意處，定感二處，謂意與法。	若感意處，定感二處，謂意與法。	If it produces the mental faculty, it definitely produces two faculties, namely, the mental faculty and dharmas.
['T29n1558_006:0033b13_11']	若感觸處應知亦爾。	若感觸處應知亦爾。	If it produces the faculty of touch, it should be understood in the same way.
['T29n1558_006:0033b14_8']	若感身處，定感三處，謂身觸法。	若感身處，定感三處，謂身觸法。	If it produces the body faculty, it definitely produces three faculties, namely, the body, touch, and dharmas.
['T29n1558_006:0033b14_17']	感色香味應知亦爾。	感色香味應知亦爾。	Producing the faculties of form, smell, and taste should be understood in the same way.
['T29n1558_006:0033b15_16']	若感眼處定感四處、謂感眼處及身觸法。	若感眼處定感四處、謂感眼處及身觸法。	If it produces the eye faculty, it definitely produces four faculties, namely, the eye, body, touch, and dharmas.
['T29n1558_006:0033b16_7']	感耳鼻舌應知亦爾。	感耳鼻舌應知亦爾。	Producing the ear, nose, and tongue faculties should be understood in the same way.
['T29n1558_006:0033b18_2']	有業能感或五或六或七或八或九或十或十一處，業或少果或多果故。	有業能感或五或六或七或八或九或十或十一處，業或少果或多果故。	There is karma that can produce five, six, seven, eight, nine, ten, or eleven faculties. Karma may have few or many fruits.
['T29n1558_006:0033b19_15']	如外種果或少或多，種果少者如穀麥等，種果多者如蓮石榴諾瞿陀等。	如外種果或少或多，種果少者如穀麥等，種果多者如蓮石榴諾瞿陀等。	Just as the fruits of external seeds may be few or many. Seeds with few fruits are like grains and wheat, while seeds with many fruits are like lotus, pomegranate, and banyan trees.
['T29n1558_006:0033b21_5']	有一世業三世異熟，無三世業一世異熟，勿設劬勞果減因故。	有一世業三世異熟，無三世業一世異熟，勿設劬勞果減因故。	There is karma of one moment that has ripening of three moments, but there is no karma of three moments that has ripening of one moment. Do not exert effort if the fruit is less than the cause.
['T29n1558_006:0033b22_14']	有一念業多念異熟，無多念業一念異熟，此中所以如上應知。	有一念業多念異熟，無多念業一念異熟，此中所以如上應知。	There is karma of one moment that has ripening of many moments, but there is no karma of many moments that has ripening of one moment. The reason for this should be understood as above.
['T29n1558_006:0033b23_13']	然異熟果無與業俱，非造業時即受果故。	然異熟果無與業俱，非造業時即受果故。	However, the effect of retribution does not occur simultaneously with the action, because one does not experience the effect at the time of performing the action.
['T29n1558_006:0033b24_14']	亦非無間，由次剎那等無間緣力所引故。	亦非無間，由次剎那等無間緣力所引故。	Nor does it occur immediately after, because it is attracted by the power of the immediately antecedent condition in the next moment.
['T29n1558_006:0033b25_12']	又異熟因感異類果必待相續方能辦故。	又異熟因感異類果必待相續方能辦故。	Moreover, the cause of retribution must wait for a continuity to produce an effect that is of a different kind.
['T29n1558_006:0033b26_4']	如是六因定居何世？	如是六因定居何世？	In what time periods do these six causes definitely exist?
['T29n1558_006:0033b26_9']	因居世定。	因居世定。	The causes exist in definite time periods.
['T29n1558_006:0033b27_4']	義雖已說而未頌攝，故應重辯。	義雖已說而未頌攝，故應重辯。	Although the meaning has already been explained, it has not yet been summarized in verse, so it should be discussed again.
['T29n1558_006:0033b27_7']	頌曰：	頌曰：	The verse says:
['T29n1558_006:0033b28_13']	遍行與同類，　　二世三世三。	遍行與同類，　　二世三世三。	Universal and similar causes exist in two time periods, the three causes exist in three time periods.
['T29n1558_006:0033b29_2']	論曰：	論曰：	The treatise says:
['T29n1558_006:0033c01_2']	遍行、同類唯居過現，未來世無，理如前說。	遍行、同類唯居過現，未來世無，理如前說。	Universal and similar causes only exist in the past and present. They do not exist in the future. The reason is as explained above.
['T29n1558_006:0033c02_1']	相應、俱有、異熟三因，於三世中皆悉遍有。	相應、俱有、異熟三因，於三世中皆悉遍有。	The three causes of association, co-existence, and retribution all exist in the three time periods.
['T29n1558_006:0033c03_4']	頌既不說能作因所居，義准應知通三世非世。	頌既不說能作因所居，義准應知通三世非世。	Since the verse does not say that the efficient cause exists, one should understand by implication that it exists in the three time periods and is not limited to a time period.
['T29n1558_006:0033c03_13']	已說六因相別世定。	已說六因相別世定。	The characteristics and time periods of the six causes have already been explained.
['T29n1558_006:0033c04_3']	何等為果對彼成因？	何等為果對彼成因？	What are the effects for which they become causes?
['T29n1558_006:0033c04_6']	頌曰：	頌曰：	The verse says:
['T29n1558_006:0033c05_13']	果有為離繫，　　無為無因果。	果有為離繫，　　無為無因果。	The effect is conditioned, the disjunction from the fetters is unconditioned, and the unconditioned has no cause or effect.
['T29n1558_006:0033c06_2']	論曰：	論曰：	The treatise says:
['T29n1558_006:0033c06_7']	如本論說：	如本論說：	As the Abhidharma-vibhāṣā-śāstra says:
['T29n1558_006:0033c06_12']	果法云何？	果法云何？	What are the dharmas that are effects?
['T29n1558_006:0033c07_2']	謂諸有為及與擇滅。	謂諸有為及與擇滅。	They are the conditioned and the cessation due to discrimination.
['T29n1558_006:0033c08_10']	若爾，無為許是果故則應有因，要對彼因乃可得說此為果故。	若爾，無為許是果故則應有因，要對彼因乃可得說此為果故。	If that is so, since the unconditioned is accepted as an effect, it must have a cause, because it can only be said to be an effect in relation to that cause.
['T29n1558_006:0033c10_3']	又此無為許是因故亦應有果，要對彼果乃可得說此為因故。	又此無為許是因故亦應有果，要對彼果乃可得說此為因故。	Moreover, since this unconditioned is accepted as a cause, it must also have an effect, because it can only be said to be a cause in relation to that effect.
['T29n1558_006:0033c10_17']	唯有為法有因有果，非諸無為。	唯有為法有因有果，非諸無為。	Only conditioned dharmas have causes and effects, not the unconditioned.
['T29n1558_006:0033c11_3']	所以者何？	所以者何？	Why is this?
['T29n1558_006:0033c11_13']	無六因故、無五果故。	無六因故、無五果故。	Because there are no six causes and no five effects.
['T29n1558_006:0033c12_11']	何緣不許諸無間道與離繫果為能作因？	何緣不許諸無間道與離繫果為能作因？	Why is it not accepted that the uninterrupted paths are the active causes of the disjunction effect?
['T29n1558_006:0033c13_12']	於生不障立能作因，無為無生道何所作？	於生不障立能作因，無為無生道何所作？	The active cause is established because it does not obstruct arising. Since the unconditioned has no arising, what does the path do?
['T29n1558_006:0033c13_18']	若爾，誰果？	若爾，誰果？	If that is so, whose effect is it?
['T29n1558_006:0033c14_3']	果義如何？	果義如何？	What is the meaning of effect?
['T29n1558_006:0033c14_13']	謂是道果，道力得故。	謂是道果，道力得故。	It is the effect of the path, because it is obtained by the power of the path.
['T29n1558_006:0033c15_14']	若爾，道果應唯是得，道於得有能，非於擇滅故。	若爾，道果應唯是得，道於得有能，非於擇滅故。	If this is so, then the fruit of the path should be only acquisition, because the path has power with regard to acquisition, not with regard to cessation through discrimination.
['T29n1558_006:0033c16_13']	不爾，於得於擇滅中，道之功能有差別故。	不爾，於得於擇滅中，道之功能有差別故。	This is not so, because the power of the path with regard to acquisition and with regard to cessation through discrimination is different.
['T29n1558_006:0033c17_4']	云何於得道有功能？	云何於得道有功能？	How does the path have power with regard to acquisition?
['T29n1558_006:0033c17_9']	謂能生故。	謂能生故。	It is said that it has power because it is able to generate.
['T29n1558_006:0033c17_18']	云何於滅道有功能？	云何於滅道有功能？	How does the path have power with regard to cessation?
['T29n1558_006:0033c18_4']	謂能證故。	謂能證故。	It is said that it has power because it is able to realize.
['T29n1558_006:0033c19_7']	由此理故，道雖非滅因，而可得說擇滅為道果。	由此理故，道雖非滅因，而可得說擇滅為道果。	For this reason, although the path is not a cause of cessation, it can be said that cessation through discrimination is the fruit of the path.
['T29n1558_006:0033c20_7']	既諸無為無增上果，如何可說為能作因？	既諸無為無增上果，如何可說為能作因？	Since the unconditioned has no dominant fruit, how can it be said to be a condition as the dominant?
['T29n1558_006:0033c21_7']	以諸無為於他生位不為障故立能作因。	以諸無為於他生位不為障故立能作因。	Because the unconditioned does not obstruct the arising of other dharmas, it is established as a condition as the dominant.
['T29n1558_006:0033c22_8']	然無果者，由離世法無能取果與果用故。	然無果者，由離世法無能取果與果用故。	However, it has no fruit, because it is a supramundane dharma and lacks the function of taking or giving up a fruit.
['T29n1558_006:0033c22_13']	經部師說：	經部師說：	The Sautrāntikas say:
['T29n1558_006:0033c23_17']	無為非因，無經說因是無為故，有經說因唯有為故。	無為非因，無經說因是無為故，有經說因唯有為故。	The unconditioned is not a cause, because no scripture says that a cause is unconditioned, and because a scripture says that causes are only conditioned.
['T29n1558_006:0033c24_4']	何處經說？	何處經說？	Where is this said in the scriptures?
['T29n1558_006:0033c24_9']	如有經說：	如有經說：	As a scripture says:
['T29n1558_006:0033c25_3']	諸因諸緣能生色者皆是無常。	諸因諸緣能生色者皆是無常。	All causes and conditions that give rise to form are impermanent.
['T29n1558_006:0033c25_16']	無常因緣所生諸色如何是常？	無常因緣所生諸色如何是常？	How can form, which is produced by impermanent causes and conditions, be permanent?
['T29n1558_006:0033c26_6']	廣說乃至識亦如是。	廣說乃至識亦如是。	This is extensively explained up to consciousness, which is also like this.
['T29n1558_006:0033c27_6']	若爾，無為亦應不與能緣識等作所緣緣。	若爾，無為亦應不與能緣識等作所緣緣。	If that is so, then the unconditioned should also not be the condition qua object for the consciousness that cognizes it.
['T29n1558_006:0033c29_16']	唯說能生故得作所緣緣，謂經唯說諸因諸緣能生識者皆是無常，不說一切為識緣者皆是無常，故不成難。	唯說能生故得作所緣緣，謂經唯說諸因諸緣能生識者皆是無常，不說一切為識緣者皆是無常，故不成難。	It is said to be the condition qua object only because it can give rise to [consciousness]. That is to say, the sūtra only says that all causes and conditions that give rise to consciousness are impermanent, but it does not say that all that is a condition for consciousness is impermanent. Therefore, [your] objection is not established.
['T29n1558_006:0034a02_7']	豈不亦說唯能生因是無常故，不撥無為唯不障故為能作因。	豈不亦說唯能生因是無常故，不撥無為唯不障故為能作因。	Isn't it also said that only causes that can give rise [to effects] are impermanent? Therefore, [we] do not deny that the unconditioned is a condition qua non-obstruction only because it does not obstruct.
['T29n1558_006:0034a03_17']	有契經中說無為法為所緣緣，無契經中說無為法為能作因故。	有契經中說無為法為所緣緣，無契經中說無為法為能作因故。	There are sūtras that say that unconditioned dharmas are the condition qua object, but there are no sūtras that say that unconditioned dharmas are the condition qua efficient cause. Therefore,
['T29n1558_006:0034a05_2']	不應立為唯不障因性，雖無經說亦無處遮。	不應立為唯不障因性，雖無經說亦無處遮。	[the unconditioned] should not be established as having the nature of a condition qua non-obstruction. Although there are no sūtras that say this, there is also no place that prohibits it.
['T29n1558_006:0034a06_2']	又無量經今已隱沒，云何定判無經說耶？	又無量經今已隱沒，云何定判無經說耶？	Moreover, innumerable sūtras have already disappeared. How can [you] definitively determine that there are no sūtras that say this?
['T29n1558_006:0034a06_12']	若爾，何法名為離繫？	若爾，何法名為離繫？	If this is so, what is the dharma called disjunction?
['T29n1558_006:0034a07_2']	即本論中所說擇滅。	即本論中所說擇滅。	It is the cessation obtained through deliberation explained in the Abhidharma.
['T29n1558_006:0034a07_7']	豈不先問：	豈不先問：	Isn’t it the case that the question was asked,
['T29n1558_006:0034a07_12']	何謂擇滅？	何謂擇滅？	“What is cessation obtained through deliberation?”
['T29n1558_006:0034a07_17']	答是離繫。	答是離繫。	And the answer was given, “It is disjunction.”
['T29n1558_006:0034a08_6']	今問何法名為離繫？	今問何法名為離繫？	Now the question is asked, “What is the dharma called disjunction?”
['T29n1558_006:0034a08_11']	答是擇滅。	答是擇滅。	And the answer is given, “It is cessation obtained through deliberation.”
['T29n1558_006:0034a10_2']	如是二答更互相依，於此自性竟不能顯，故應別門開顯自性。	如是二答更互相依，於此自性竟不能顯，故應別門開顯自性。	These two answers are mutually dependent and cannot reveal the intrinsic nature of disjunction. Therefore, another approach must be used to reveal its intrinsic nature.
['T29n1558_006:0034a12_9']	此法自性實有離言，唯諸聖者各別內證，但可方便總相說言是善是常，別有實物名為擇滅亦名離繫。	此法自性實有離言，唯諸聖者各別內證，但可方便總相說言是善是常，別有實物名為擇滅亦名離繫。	The intrinsic nature of this dharma really exists apart from words and is realized individually by the saints within themselves. It can only be described in a general way as good and permanent. There is a separate real entity called cessation obtained through deliberation, also called disjunction.
['T29n1558_006:0034a12_14']	經部師說：	經部師說：	The Sautrāntika school says:
['T29n1558_006:0034a14_1']	一切無為皆非實有，如色受等別有實物，此所無故。	一切無為皆非實有，如色受等別有實物，此所無故。	All unconditioned dharmas do not really exist, just like form, feeling, etc., which have a separate real substance. They are called unconditioned because they do not have this.
['T29n1558_006:0034a14_11']	若爾，何故名虛空等？	若爾，何故名虛空等？	If this is so, why are they called space, etc.?
['T29n1558_006:0034a16_1']	唯無所觸說名虛空，謂於闇中無所觸對，便作是說此是虛空。	唯無所觸說名虛空，謂於闇中無所觸對，便作是說此是虛空。	Only the absence of obstruction is called space. When one does not encounter any obstruction in the dark, one says, “This is space.”
['T29n1558_006:0034a17_6']	已起隨眠生種滅位，由簡擇力餘不更生，說名擇滅。	已起隨眠生種滅位，由簡擇力餘不更生，說名擇滅。	When the seeds of the already arisen propensities are destroyed, they do not arise again through the power of discernment, and this is called cessation through discrimination.
['T29n1558_006:0034a18_18']	離簡擇力，由闕緣故餘不更生，名非擇滅，如殘眾同分中夭者餘蘊。	離簡擇力，由闕緣故餘不更生，名非擇滅，如殘眾同分中夭者餘蘊。	Cessation not due to discrimination is the nonarising of dharmas again due to the absence of conditions, not through the power of discernment, such as the nonarising of the remaining aggregates of one whose life span is complete.
['T29n1558_006:0034a19_4']	餘部師說：	餘部師說：	Other Buddhist schools say:
['T29n1558_006:0034a19_18']	由慧功能隨眠不生，名為擇滅。	由慧功能隨眠不生，名為擇滅。	Cessation through discrimination is the nonarising of propensities due to the power of discernment.
['T29n1558_006:0034a20_17']	隨眠緣闕後苦不生不由慧能，名非擇滅。	隨眠緣闕後苦不生不由慧能，名非擇滅。	Cessation not due to discrimination is the nonarising of future suffering due to the absence of conditions, not due to the power of discernment.
['T29n1558_006:0034a21_17']	離簡擇力此滅不成，故此不生即擇滅攝。	離簡擇力此滅不成，故此不生即擇滅攝。	This cessation is not possible without the power of discernment, and therefore this nonarising is included in cessation through discrimination.
['T29n1558_006:0034a22_2']	有說：	有說：	Some say:
['T29n1558_006:0034a22_19']	諸法生已後無，自然滅故，名非擇滅。	諸法生已後無，自然滅故，名非擇滅。	When dharmas have already arisen, they subsequently do not exist because they perish by themselves, and this is called cessation not due to discrimination.
['T29n1558_006:0034a23_16']	如是所執非擇滅體應是無常，未滅無故。	如是所執非擇滅體應是無常，未滅無故。	In this case, the substance of cessation not due to discrimination would be impermanent, because it does not exist before it is extinguished.
['T29n1558_006:0034a25_7']	豈不擇滅擇為先故，先無後有應亦無常，非擇為先方有擇滅。	豈不擇滅擇為先故，先無後有應亦無常，非擇為先方有擇滅。	Isn’t it true that cessation through discrimination is due to discrimination as a prior cause? If it does not exist before and exists after, it should also be impermanent. It is not the case that cessation through discrimination exists only after discrimination as a prior cause.
['T29n1558_006:0034a25_16']	如何擇滅亦是無常？	如何擇滅亦是無常？	How can cessation through discrimination be impermanent?
['T29n1558_006:0034a26_3']	所以者何？	所以者何？	Why is this?
['T29n1558_006:0034a26_16']	非先有擇後未生法方有不生。	非先有擇後未生法方有不生。	It is not that non-arising exists only after discrimination exists and dharmas that have not yet arisen do not arise.
['T29n1558_006:0034a27_3']	何者不生？	何者不生？	What is non-arising?
['T29n1558_006:0034a28_8']	本來自有，若無簡擇諸法應生，簡擇生時法永不起。	本來自有，若無簡擇諸法應生，簡擇生時法永不起。	It originally exists by itself. If there were no discrimination, dharmas would arise. When discrimination arises, dharmas never arise.
['T29n1558_006:0034b01_1']	於此不起，擇有功能，謂於先時未有生障，今為生障非造不生。	於此不起，擇有功能，謂於先時未有生障，今為生障非造不生。	Discrimination has the function of preventing arising in this case, that is, it prevents arising that did not exist previously. It does not create non-arising.
['T29n1558_006:0034b01_19']	若唯不生是涅槃者，此經文句當云何通？	若唯不生是涅槃者，此經文句當云何通？	If only non-arising is nirvāṇa, how can we understand the following passage from the sūtra?
['T29n1558_006:0034b02_2']	經言：	經言：	The sūtra says:
['T29n1558_006:0034b03_7']	五根若修若習若多修習，能令過去未來現在眾苦永斷。	五根若修若習若多修習，能令過去未來現在眾苦永斷。	If the five faculties are cultivated, practiced, and cultivated much, they can cause the complete cessation of past, future, and present suffering.
['T29n1558_006:0034b04_16']	此永斷體即是涅槃，唯於未來有不生義非於過現，豈不相違？	此永斷體即是涅槃，唯於未來有不生義非於過現，豈不相違？	The essence of this complete cessation is nirvāṇa. It only has the meaning of non-arising in the future, not in the past or present. Isn't this contradictory?
['T29n1558_006:0034b05_7']	雖有此文而不違義。	雖有此文而不違義。	Although there is this passage, it does not contradict the meaning.
['T29n1558_006:0034b06_8']	此經意說，緣過現苦煩惱斷故名眾苦斷。	此經意說，緣過現苦煩惱斷故名眾苦斷。	The meaning of this sūtra is to say that because the afflictions that take past and present suffering as objects are eliminated, it is called the cessation of all suffering.
['T29n1558_006:0034b06_13']	如世尊言：	如世尊言：	As the World-Honored One said:
['T29n1558_006:0034b08_8']	汝等於色應斷貪欲，貪欲斷時便名色斷及色遍智，廣說乃至識亦如是。	汝等於色應斷貪欲，貪欲斷時便名色斷及色遍智，廣說乃至識亦如是。	You should eliminate craving for form, and when craving is eliminated, this is called the elimination of form and the thorough understanding of form. The same is so for consciousness.
['T29n1558_006:0034b08_17']	過現苦斷義亦應然。	過現苦斷義亦應然。	The meaning of eliminating past and present suffering should be understood in the same way.
['T29n1558_006:0034b10_8']	設有餘經言斷過去未來現在諸煩惱者，准前理釋，義亦無違。	設有餘經言斷過去未來現在諸煩惱者，准前理釋，義亦無違。	Even if there are other sutras that say one eliminates past, future, and present afflictions, according to the previous principle, the meaning is also not contradictory.
['T29n1558_006:0034b12_6']	或此經中別有意趣，過去煩惱謂過去生所起煩惱，現在煩惱謂現在生所起煩惱。	或此經中別有意趣，過去煩惱謂過去生所起煩惱，現在煩惱謂現在生所起煩惱。	Or this sutra has a different intended meaning. Past afflictions refer to the afflictions that arose in past lives, and present afflictions refer to the afflictions that arise in the present life.
['T29n1558_006:0034b13_16']	如愛行中十八愛行，過去世起者依過去生說，未來現在應知亦爾。	如愛行中十八愛行，過去世起者依過去生說，未來現在應知亦爾。	Like the eighteen kinds of craving in the craving practice, those that arose in the past are based on past lives, and those in the future and present should be understood in the same way.
['T29n1558_006:0034b15_16']	如是二世所起煩惱，為生未來諸煩惱故，於現相續引起種子，此種斷故彼亦名斷。	如是二世所起煩惱，為生未來諸煩惱故，於現相續引起種子，此種斷故彼亦名斷。	The afflictions that arise in these two time periods give rise to seeds in the present continuity in order to give rise to future afflictions. When these seeds are eliminated, they are also called eliminated.
['T29n1558_006:0034b17_13']	如異熟盡時亦說名業盡，未來眾苦及諸煩惱，由無種故畢竟不生，說名為斷。	如異熟盡時亦說名業盡，未來眾苦及諸煩惱，由無種故畢竟不生，說名為斷。	When the retribution is exhausted, it is also said that the action is exhausted. Future suffering and all passions are said to be eliminated because they are forever unproduced due to the absence of seeds.
['T29n1558_006:0034b18_8']	若異此者，過去現在何緣須斷？	若異此者，過去現在何緣須斷？	If this were not so, why would it be necessary to eliminate past and present ?
['T29n1558_006:0034b19_8']	非於已滅及正滅時，須設劬勞為令其滅。	非於已滅及正滅時，須設劬勞為令其滅。	It is not necessary to expend effort to cause them to cease, since they have already ceased or are in the process of cessation.
['T29n1558_006:0034b20_4']	若無為法其體都無，何故經說：	若無為法其體都無，何故經說：	If unconditioned dharmas are totally nonexistent, why does a scripture say:
['T29n1558_006:0034b21_7']	所有諸法，若諸有為若諸無為，於中離染最為第一。	所有諸法，若諸有為若諸無為，於中離染最為第一。	Among all dharmas, whether conditioned or unconditioned, freedom from impurity is the most excellent.
['T29n1558_006:0034b22_3']	如何無法可於無中立為第一？	如何無法可於無中立為第一？	How can a nonexistent dharma be established as the most excellent among nonexistents?
['T29n1558_006:0034b23_7']	我亦不說諸無為法其體都無，但應如我所說而有。	我亦不說諸無為法其體都無，但應如我所說而有。	We do not say that unconditioned dharmas are totally nonexistent, but only that they exist as we explain.
['T29n1558_006:0034b24_17']	如說此聲有先非有、有後非有，不可非有說為有故有義得成。	如說此聲有先非有、有後非有，不可非有說為有故有義得成。	It is like saying that this sound existed before it existed and will not exist after it ceases, because it cannot be said to exist when it does not exist. Thus the meaning of existence is established.
['T29n1558_006:0034b25_9']	說有無為，應知亦爾。	說有無為，應知亦爾。	You should understand that the same is true of the explanation of unconditioned dharmas.
['T29n1558_006:0034b26_14']	有雖非有而可稱歎，故諸災橫畢竟非有名為離染。	有雖非有而可稱歎，故諸災橫畢竟非有名為離染。	Although it is not existent, it can be praised. Therefore, the ultimate nonexistence of all calamities and misfortunes is called separation from defilements.
['T29n1558_006:0034b28_10']	此於一切有非有中最為殊勝，為令所化深生欣樂，故應稱歎此為第一。	此於一切有非有中最為殊勝，為令所化深生欣樂，故應稱歎此為第一。	This is the most excellent of all existences and nonexistences. In order to cause those to be converted to deeply generate joy and delight, therefore it should be praised as the foremost.
['T29n1558_006:0034b29_10']	若無為法唯非有者，無故不應名滅聖諦？	若無為法唯非有者，無故不應名滅聖諦？	If unconditioned dharmas are only nonexistence, then because they are nonexistent, they should not be called the holy truth of cessation.
['T29n1558_006:0034c01_1']	且言聖諦其義云何？	且言聖諦其義云何？	What is the meaning of the term holy truth?
['T29n1558_006:0034c01_10']	豈不此言屬無倒義。	豈不此言屬無倒義。	Isn't this term related to the meaning of non-error?
['T29n1558_006:0034c03_10']	聖見有無皆無顛倒，謂聖於苦見唯是苦，於苦非有見唯非有，此於聖諦義有何違？	聖見有無皆無顛倒，謂聖於苦見唯是苦，於苦非有見唯非有，此於聖諦義有何違？	The holy see existence and nonexistence as both being without error. This means that the holy see suffering as only suffering, and see the nonexistence of suffering as only nonexistence. What contradiction is there in the meaning of the holy truths?
['T29n1558_006:0034c04_5']	如何非有而可立為第三聖諦？	如何非有而可立為第三聖諦？	How can that which is nonexistent be established as the third holy truth?
['T29n1558_006:0034c04_19']	第二無間聖見及說，故成第三。	第二無間聖見及說，故成第三。	Because the second is immediately seen and spoken of by the holy, it becomes the third.
['T29n1558_006:0034c05_17']	若無為法其體唯無，空涅槃識應緣無境。	若無為法其體唯無，空涅槃識應緣無境。	If the essence of unconditioned dharmas is only nonexistence, then the consciousness of emptiness and nirvana should have nonexistence as its object.
['T29n1558_006:0034c06_16']	此緣無境亦無有過，辯去來中當應思擇。	此緣無境亦無有過，辯去來中當應思擇。	There is no error in this having nonexistence as its object. This should be considered in the discussion of the past and future.
['T29n1558_006:0034c07_13']	若許無為別有實體，當有何失？	若許無為別有實體，當有何失？	If you admit that unconditioned dharmas really exist, what fault is there?
['T29n1558_006:0034c07_18']	復有何德？	復有何德？	What is the merit?
['T29n1558_006:0034c09_8']	許便擁護毘婆沙宗是名為德，若有可護，天神定知自當擁護。	許便擁護毘婆沙宗是名為德，若有可護，天神定知自當擁護。	The merit is that you protect the tenets of the Vaibhāṣikas. If there is something to be protected, the gods will certainly know and protect it themselves.
['T29n1558_006:0034c10_4']	然許實有，明虛妄計是名為失。	然許實有，明虛妄計是名為失。	The fault is that you clearly falsely imagine that unconditioned dharmas really exist.
['T29n1558_006:0034c10_9']	所以者何？	所以者何？	Why is this so?
['T29n1558_006:0034c11_13']	此非有體可得如色受等，亦非有用可得如眼耳等。	此非有體可得如色受等，亦非有用可得如眼耳等。	They are not like form and feeling, which can be apprehended as real entities. Nor are they like the eyes and ears, which can be apprehended as real functions.
['T29n1558_006:0034c12_12']	又若別有，如何可立彼事之滅第六轉聲？	又若別有，如何可立彼事之滅第六轉聲？	Also, if they really exist, how can you establish the sixth sound, i.e., the sound of the suffix ta, which indicates the abstract noun in the phrase cessation of that dharma?
['T29n1558_006:0034c13_13']	由滅與事非互相屬，此彼相望非因果故。	由滅與事非互相屬，此彼相望非因果故。	This is because cessation and dharmas are not mutually dependent, and they are not cause and effect.
['T29n1558_006:0034c14_13']	唯遮彼事，第六可成，彼事之無名為滅故。	唯遮彼事，第六可成，彼事之無名為滅故。	Only the negation of that dharma can be accomplished by the sixth sound, because the absence of that dharma is called cessation.
['T29n1558_006:0034c16_4']	滅雖別有，而由彼事或得斷時方得此滅，可言此滅屬於彼事。	滅雖別有，而由彼事或得斷時方得此滅，可言此滅屬於彼事。	Even though cessation really exists, it is only obtained when the dharma is destroyed, and then it can be said that this cessation belongs to that dharma.
['T29n1558_006:0034c16_13']	何因此滅定屬此得？	何因此滅定屬此得？	Why is it necessary that this cessation definitely belong to this attainment?
['T29n1558_006:0034c16_18']	如契經言：	如契經言：	As a scripture says:
['T29n1558_006:0034c17_8']	苾蒭獲得現法涅槃。	苾蒭獲得現法涅槃。	bhikṣus attain nirvāṇa in the present life.
['T29n1558_006:0034c17_17']	如何非有可言獲得？	如何非有可言獲得？	How can it be said that they attain what does not exist?
['T29n1558_006:0034c19_4']	由得對治便獲永違煩惱，後有所依身故名得涅槃。	由得對治便獲永違煩惱，後有所依身故名得涅槃。	Because they attain the antidote, they attain eternal separation from the afflictions, and because there is a body that serves as a basis, it is called attaining nirvāṇa.
['T29n1558_006:0034c20_9']	復有聖教能顯涅槃唯以非有為其自性，謂契經言：	復有聖教能顯涅槃唯以非有為其自性，謂契經言：	There is also a holy teaching that can manifest that nirvāṇa only has non-existence as its intrinsic nature. A sūtra says:
['T29n1558_006:0034c21_14']	所有眾苦皆無餘斷，各別捨棄盡、離染滅、靜息永沒。	所有眾苦皆無餘斷，各別捨棄盡、離染滅、靜息永沒。	All suffering is completely eliminated, each separately abandoned, exhausted, free from defilements, extinguished, calmed, and eternally submerged.
['T29n1558_006:0034c23_13']	餘苦不續不取不生，此極寂靜、此極美妙，謂捨諸依及一切愛盡、離染滅，名為涅槃。	餘苦不續不取不生，此極寂靜、此極美妙，謂捨諸依及一切愛盡、離染滅，名為涅槃。	Other suffering does not continue, is not grasped, and does not arise. This is ultimate tranquility, this is ultimate beauty. It is called the complete abandonment of all bases and the exhaustion, freedom from defilements, and cessation of all craving, and is called nirvāṇa.
['T29n1558_006:0034c24_11']	云何不許言不生者依此無生故言不生？	云何不許言不生者依此無生故言不生？	Why do you not allow the statement non-arising to be based on the non-arising of this [nirvāṇa], and say it is non-arising?
['T29n1558_006:0034c25_12']	我等見此第七轉聲，於證滅有都無功力。	我等見此第七轉聲，於證滅有都無功力。	We see that this seventh-turned sound has no power at all in proving the existence of nirvāṇa.
['T29n1558_006:0034c26_3']	何意故說依此無生？	何意故說依此無生？	Why do you say it is based on the non-arising of this [nirvāṇa]?
['T29n1558_006:0034c27_3']	若依此言屬已有義，應本不生，涅槃常故。	若依此言屬已有義，應本不生，涅槃常故。	If the phrase based on this means based on what already exists, it should originally be non-arising, because nirvāṇa is permanent.
['T29n1558_006:0034c28_16']	若依此言屬已得義，是則應許依道之得，故唯依道或依道得令苦不生。	若依此言屬已得義，是則應許依道之得，故唯依道或依道得令苦不生。	If the word “dependent” means “already obtained,” then you must admit that it means “dependent on the obtaining of the path,” and therefore suffering is not produced only in dependence on the path or on the obtaining of the path.
['T29n1558_006:0034c29_3']	汝應信受。	汝應信受。	You must accept this.
['T29n1558_006:0035a01_5']	由此善釋經說喻言，如燈焰，涅槃心解脫亦爾。	由此善釋經說喻言，如燈焰，涅槃心解脫亦爾。	On the basis of this, we can explain the meaning of the simile in the scripture, which says, “Just as the extinction of a lamp is the liberation of mind and liberation through wisdom.”
['T29n1558_006:0035a02_4']	此經意說，如燈涅槃，唯燈焰謝，無別有物。	此經意說，如燈涅槃，唯燈焰謝，無別有物。	The meaning of this scripture is that just as the extinction of a lamp is nothing more than the extinction of the flame, and no other thing exists,
['T29n1558_006:0035a03_4']	如是世尊心得解脫，唯諸蘊滅，更無所有。	如是世尊心得解脫，唯諸蘊滅，更無所有。	so also is the liberation of the mind of the World Honored One, which is nothing more than the extinction of the aggregates, and nothing else exists.
['T29n1558_006:0035a03_13']	阿毘達磨亦作是言：	阿毘達磨亦作是言：	The Abhidharma also says,
['T29n1558_006:0035a04_1']	無事法云何？	無事法云何？	“What is a dharma without a real substance?
['T29n1558_006:0035a04_7']	謂諸無為法。	謂諸無為法。	It is a non-conditioned dharma.”
['T29n1558_006:0035a04_17']	言無事者，謂無體性。	言無事者，謂無體性。	The term “without a real substance” means “without substance.”
['T29n1558_006:0035a05_6']	毘婆沙師不許此釋。	毘婆沙師不許此釋。	The Vaibhāṣikas do not accept this interpretation.
['T29n1558_006:0035a05_16']	若爾，彼釋事義云何？	若爾，彼釋事義云何？	If that is so, what is their interpretation of the meaning of “real substance”?
['T29n1558_006:0035a06_6']	彼言事者略有五種：	彼言事者略有五種：	They say that “real substance” is of five kinds:
['T29n1558_006:0035a06_16']	一自性事，如有處言：	一自性事，如有處言：	1. The real substance of self-nature, as in the statement:
['T29n1558_006:0035a07_9']	若已得此事，彼成就此事。	若已得此事，彼成就此事。	“If one obtains this real substance, one is said to possess this real substance.”
['T29n1558_006:0035a07_19']	二所緣事，如有處言：	二所緣事，如有處言：	Second, the objective realm, as stated in some texts:
['T29n1558_006:0035a08_9']	一切法智所知隨其事。	一切法智所知隨其事。	All dharmas are known by cognition according to their objective realms.
['T29n1558_006:0035a08_19']	三繫縛事，如有處言：	三繫縛事，如有處言：	Third, the realm of bondage, as stated in some texts:
['T29n1558_006:0035a09_17']	若於此事愛結所繫，彼於此事恚結繫耶？	若於此事愛結所繫，彼於此事恚結繫耶？	If in a certain realm the fetter of craving binds, does the fetter of hatred also bind in that realm?
['T29n1558_006:0035a10_9']	四所因事，如有處言：	四所因事，如有處言：	Fourth, the realm of cause, as stated in some texts:
['T29n1558_006:0035a10_15']	有事法云何？	有事法云何？	What are the dharmas with a realm?
['T29n1558_006:0035a11_1']	謂諸有為法。	謂諸有為法。	It refers to all conditioned dharmas.
['T29n1558_006:0035a11_11']	五所攝事，如有處言：	五所攝事，如有處言：	Fifth, the realm of inclusion, as stated in some texts:
['T29n1558_006:0035a12_1']	田事宅事妻子等事。	田事宅事妻子等事。	The realm of fields, the realm of houses, the realm of wife and children, and so forth.
['T29n1558_006:0035a14_1']	今於此中說因名事，顯無為法都無有因，是故無為雖實有物，常無用故無因無果。	今於此中說因名事，顯無為法都無有因，是故無為雖實有物，常無用故無因無果。	Here, cause is called the realm, showing that unconditioned dharmas have no cause at all. Therefore, although unconditioned dharmas really exist, because they are always without function, they have no cause and no effect.
['T29n1558_006:0035a14_6']	總論已竟。	總論已竟。	The general discussion is now complete.
['T29n1558_006:0035a15_1']	於諸果中應說何果何因所得？	於諸果中應說何果何因所得？	Among the various fruits, which fruit is obtained by which cause?
['T29n1558_006:0035a15_4']	頌曰：	頌曰：	In verse it is said:
['T29n1558_006:0035a16_0']	後因果異熟，　　前因增上果，	後因果異熟，　　前因增上果，	The subsequent fruit is the retribution cause, the prior cause is the dominant fruit,
['T29n1558_006:0035a17_13']	同類遍等流，　　俱相應士用。	同類遍等流，　　俱相應士用。	The homogeneous and pervasive are the outflow fruit, the simultaneous and associated are the human effort fruit.
['T29n1558_006:0035a18_2']	論曰：	論曰：	In the treatise it is said:🔽Here is the corrected and aligned text:
['T29n1558_006:0035a19_11']	言後因者，謂異熟因，於六因中最後說故，初異熟果此因所得。	言後因者，謂異熟因，於六因中最後說故，初異熟果此因所得。	The last cause is the cause of karmic retribution, because it is the last of the six causes. The first result is the result of karmic retribution, because it is obtained from this cause.
['T29n1558_006:0035a21_1']	言前因者，謂能作因，於六因中最初說故，後增上果此因所得。	言前因者，謂能作因，於六因中最初說故，後增上果此因所得。	The first cause is the efficient cause, because it is the first of the six causes. The last result is the dominant result, because it is obtained from this cause.
['T29n1558_006:0035a21_11']	增上之果，名增上果。	增上之果，名增上果。	The dominant result is called the dominant result.
['T29n1558_006:0035a22_1']	唯無障住，有何增上？	唯無障住，有何增上？	If it is only nonobstruction, what is its dominance?
['T29n1558_006:0035a22_10']	即由無障得增上名。	即由無障得增上名。	It is called dominant because of the absence of obstruction.
['T29n1558_006:0035a25_8']	或能作因亦有勝力，如十處界於五識身，諸有情業於器世界，耳等對於眼識生等，亦有展轉增上生力，聞已便生欣見欲故。	或能作因亦有勝力，如十處界於五識身，諸有情業於器世界，耳等對於眼識生等，亦有展轉增上生力，聞已便生欣見欲故。	Or the efficient cause also has a superior power, as in the case of the ten sense bases and elements in relation to the five sense consciousnesses, the actions of sentient beings in relation to the receptacle world, and the ear, etc., in relation to the arising of eye consciousness, etc. There is also a power of dominant influence in the mutual generation of these, because after hearing, one then gives rise to a desire to see.
['T29n1558_006:0035a25_18']	此等增上，如應當思。	此等增上，如應當思。	This dominant influence should be considered as appropriate.
['T29n1558_006:0035a26_18']	同類、遍行得等流果，此二因果皆似因故。	同類、遍行得等流果，此二因果皆似因故。	Homogeneous and omnipresent causes obtain the similar result, because these two causes and results are all similar to the cause.
['T29n1558_006:0035a28_8']	俱有相應得士用果，非越士體有別士用，即此所得名士用果。	俱有相應得士用果，非越士體有別士用，即此所得名士用果。	Coexistent causes and associated causes have as their result the effect of human action. There is no effect of human action apart from the substance of the human action. The effect obtained is called the effect of human action.
['T29n1558_006:0035a28_17']	此士用名為目何法？	此士用名為目何法？	What is the meaning of the term effect of human action?
['T29n1558_006:0035b01_12']	即目諸法所有作用，如士用故得士用名，如世間說鴉足藥草醉象將軍。	即目諸法所有作用，如士用故得士用名，如世間說鴉足藥草醉象將軍。	It means the function of all dharmas, because it is like the effect of human action. It is like the worldly saying that the crow’s foot is a medicinal herb, or that the general is drunk.
['T29n1558_006:0035b02_9']	為唯此二有士用果、為餘亦然？	為唯此二有士用果、為餘亦然？	Do only these two causes have the effect of human action, or do the other causes also?
['T29n1558_006:0035b02_12']	有說：	有說：	Some say:
['T29n1558_006:0035b04_4']	餘因亦有此果，唯除異熟，由士用果與因俱生或無間生，異熟不爾。	餘因亦有此果，唯除異熟，由士用果與因俱生或無間生，異熟不爾。	The other causes also have this effect, with the exception of the cause of karmic retribution, because the effect of human action is either simultaneous with or immediately antecedent to the cause, but karmic retribution is not like this.
['T29n1558_006:0035b04_9']	有餘師說：	有餘師說：	Other masters say:
['T29n1558_006:0035b05_12']	此異熟因亦有隔越遠士用果，譬如農夫所收果實。	此異熟因亦有隔越遠士用果，譬如農夫所收果實。	This cause of karmic retribution also has the effect of human action that is distant, just as the fruits reaped by a farmer.
['T29n1558_006:0035b06_2']	異熟等果其相云何？	異熟等果其相云何？	What are the characteristics of the effect of karmic retribution, etc.?
['T29n1558_006:0035b06_5']	頌曰：	頌曰：	A verse says:
['T29n1558_006:0035b07_0']	異熟無記法，　　有情有記生，	異熟無記法，　　有情有記生，	The effect of karmic retribution is a neutral dharma, and is born from the karmic retribution of sentient beings.
['T29n1558_006:0035b08_13']	等流似自因，　　離繫由慧盡。	等流似自因，　　離繫由慧盡。	The effect of similar outflow is similar to its own cause. The effect of disjunction is the extinction attained through wisdom.🔽A verse says:
['T29n1558_006:0035b09_0']	若因彼力生，　　是果名士用，	若因彼力生，　　是果名士用，	If it arises through the power of that, this effect is called the effect of human effort.
['T29n1558_006:0035b10_13']	除前有為法，　　有為增上果。	除前有為法，　　有為增上果。	Excluding the above conditioned dharmas, there is the dominant effect of conditioned [dharmas].
['T29n1558_006:0035b11_2']	論曰：	論曰：	The treatise says:
['T29n1558_006:0035b11_15']	唯於無覆無記法中有異熟果。	唯於無覆無記法中有異熟果。	Only in the case of unobstructed indeterminate dharmas is there a retribution effect.
['T29n1558_006:0035b12_11']	為此亦通非有情數、唯局有情？	為此亦通非有情數、唯局有情？	Does this also apply to what is not sentient or only to what is sentient?
['T29n1558_006:0035b13_2']	為通等流及所長養？	為通等流及所長養？	Does it apply to the homogeneous cause and the cause of nutriment?
['T29n1558_006:0035b14_10']	應知唯是有記所生，一切不善及善有漏能記異熟，故名有記。	應知唯是有記所生，一切不善及善有漏能記異熟，故名有記。	One should know that it is only what is produced by what is determinate. All that is unwholesome and the contaminated wholesome can determine retribution, and therefore it is called determinate.
['T29n1558_006:0035b15_11']	從彼後時異熟方起，非俱無間，名有記生。	從彼後時異熟方起，非俱無間，名有記生。	After that, retribution arises later, not simultaneously or immediately after, and is called produced by what is determinate.
['T29n1558_006:0035b16_1']	如是名為異熟果相。	如是名為異熟果相。	This is called the characteristic of the retribution effect.
['T29n1558_006:0035b16_15']	非有情數亦從業生，何非異熟？	非有情數亦從業生，何非異熟？	What is not sentient is also produced from karma. Why is it not retribution?
['T29n1558_006:0035b17_1']	以共有故。	以共有故。	Because it is shared.
['T29n1558_006:0035b17_10']	謂餘亦能如是受用。	謂餘亦能如是受用。	This means that others can also enjoy it in the same way.
['T29n1558_006:0035b19_2']	夫異熟果必無有餘共受用義，非餘造業餘可因斯受異熟果。	夫異熟果必無有餘共受用義，非餘造業餘可因斯受異熟果。	The retribution effect is definitely not shared and enjoyed by others. It is not the case that others create karma and others can experience the retribution effect due to that.
['T29n1558_006:0035b19_16']	其增上果亦業所生，何得共受？	其增上果亦業所生，何得共受？	The dominant fruit is also born of action. How can it be experienced in common?
['T29n1558_006:0035b20_2']	共業生故。	共業生故。	Because it is born of common action.
['T29n1558_006:0035b21_2']	似自因法名等流果，謂似同類、遍行二因。	似自因法名等流果，謂似同類、遍行二因。	A dharma similar to its cause is called the fruit of similar outflow, that is, similar to the two causes of similar katṛ and universal sabhāga.
['T29n1558_006:0035b22_4']	若遍行因亦得等流果，何不許此即名同類因？	若遍行因亦得等流果，何不許此即名同類因？	If the universal cause also obtains the fruit of similar outflow, why is it not permitted that this is called the cause of similar katṛ?
['T29n1558_006:0035b24_4']	此果但由地等染故，與因相似不由種類，若由種類果亦似因，此果所因乃名同類。	此果但由地等染故，與因相似不由種類，若由種類果亦似因，此果所因乃名同類。	This fruit is only similar to the cause in terms of defilement by such things as realm, and not in terms of species. If the fruit is also similar to the cause in terms of species, the cause of this fruit is called the cause of similar katṛ.
['T29n1558_006:0035b24_9']	故作是問：	故作是問：	Therefore, this question is asked:
['T29n1558_006:0035b25_1']	若是同類因亦遍行因耶？	若是同類因亦遍行因耶？	If it is the cause of similar katṛ, is it also the universal cause?
['T29n1558_006:0035b25_6']	應作四句。	應作四句。	Four sentences should be made.
['T29n1558_006:0035b26_1']	第一句者，非遍行法為同類因。	第一句者，非遍行法為同類因。	The first sentence is a non-universal dharma as the cause of similar katṛ.
['T29n1558_006:0035b26_15']	第二句者，他部遍法為遍行因。	第二句者，他部遍法為遍行因。	The second sentence is a universal dharma of another category as the universal cause.
['T29n1558_006:0035b27_10']	第三句者，自部遍法為遍行因。	第三句者，自部遍法為遍行因。	The third sentence is a universal dharma of one's own category as the universal cause.
['T29n1558_006:0035b28_10']	第四句者，除前諸相，由慧盡法名離繫果。	第四句者，除前諸相，由慧盡法名離繫果。	The fourth sentence is the exclusion of the above characteristics. The fruit of disjunction is called the fruit of disjunction by the wisdom that exhausts dharmas.
['T29n1558_006:0035b29_10']	滅故名盡，擇故名慧，即說擇滅名離繫果。	滅故名盡，擇故名慧，即說擇滅名離繫果。	Extinction is called “extinction,” and selection is called “wisdom.” The extinction resulting from discrimination is called the effect of separation.
['T29n1558_006:0035c01_10']	若法因彼勢力所生，即說此法名士用果。	若法因彼勢力所生，即說此法名士用果。	If a dharma is produced by the power of another dharma, then this dharma is called the effect of the human effort of that dharma.
['T29n1558_006:0035c03_17']	如因下地加行心力上地有漏無漏定生，及因清淨靜慮心力變化心生，如是等類擇滅應言由道力得。	如因下地加行心力上地有漏無漏定生，及因清淨靜慮心力變化心生，如是等類擇滅應言由道力得。	For example, the power of the mind of preparatory effort of the lower stage produces the impure and pure dhyāna concentrations of the upper stage, and the power of the mind of pure dhyāna concentration produces the mind of transformation. In this way, etc. Extinction resulting from discrimination should be said to be obtained by the power of the path.
['T29n1558_006:0035c04_18']	諸有為法，除前已生，是餘有為之增上果。	諸有為法，除前已生，是餘有為之增上果。	All conditioned dharmas, except those already produced, are the dominant effect of the remaining conditioned dharmas.
['T29n1558_006:0035c05_9']	士用、增上二果何殊？	士用、增上二果何殊？	What is the difference between the two effects, the effect of the human effort and the dominant effect?
['T29n1558_006:0035c06_7']	士用果名唯對作者，增上果稱通對此餘。	士用果名唯對作者，增上果稱通對此餘。	The name of the effect of the human effort is only in relation to the agent, while the name of the dominant effect is common to both this and the other.
['T29n1558_006:0035c07_8']	如匠所成，對能成匠，具得士用、增上果名；	如匠所成，對能成匠，具得士用、增上果名；	For example, in relation to the craftsman who accomplishes it, the effect is called both the effect of the human effort and the dominant effect;
['T29n1558_006:0035c07_18']	對餘非匠，唯增上果。	對餘非匠，唯增上果。	in relation to others who are not craftsmen, it is only the dominant effect.
['T29n1558_006:0035c08_16']	於上所說六種因中，何位何因取果與果？	於上所說六種因中，何位何因取果與果？	Among the six causes explained above, in what stage and in what state do the causes take their effects and give forth their effects?
['T29n1558_006:0035c08_19']	頌曰：	頌曰：	The verse says:
['T29n1558_006:0035c09_0']	五取果唯現，　　二與果亦然，	五取果唯現，　　二與果亦然，	The five causes take their fruits only in the present. Two causes give forth their fruits in the same way.
['T29n1558_006:0035c10_13']	過現與二因，　　一與唯過去。	過現與二因，　　一與唯過去。	Two causes give forth their fruits in the present and the past. One cause gives forth its fruit only in the past.
['T29n1558_006:0035c11_2']	論曰：	論曰：	The treatise says:
['T29n1558_006:0035c12_2']	五因取果唯於現在，定非過去，彼已取故；	五因取果唯於現在，定非過去，彼已取故；	The five causes take their fruits only in the present. They definitely do not take their fruits in the past, because they have already taken them.
['T29n1558_006:0035c12_12']	亦非未來，彼無用故。	亦非未來，彼無用故。	They also do not take their fruits in the future, because the future has no activity.
['T29n1558_006:0035c13_11']	亦應如是說，能作因非定有果，故此不說。	亦應如是說，能作因非定有果，故此不說。	It should also be said that the efficient cause is not necessarily a cause that has a fruit. Therefore it is not discussed here.
['T29n1558_006:0035c15_2']	俱有、相應與果亦爾，唯於現在，由此二因取果與果必俱時故。	俱有、相應與果亦爾，唯於現在，由此二因取果與果必俱時故。	The coexistent and associated causes give forth their fruits in the same way, only in the present. This is because these two causes take their fruits and give forth their fruits necessarily at the same time.
['T29n1558_006:0035c16_1']	同類、遍行二因與果通於過現，過去可然。	同類、遍行二因與果通於過現，過去可然。	The two causes, similar and homogeneous and pervasive, give forth their fruits in the past and present. It is reasonable that they give forth their fruits in the past.
['T29n1558_006:0035c16_10']	如何現在與等流果？	如何現在與等流果？	How do they give forth their fruits in the present?
['T29n1558_006:0035c17_1']	有等流果無間生故。	有等流果無間生故。	Because the fruits that are similar and homogeneous arise immediately after them.
['T29n1558_006:0035c18_1']	若果已生，因便過去，名已與果，不應更與。	若果已生，因便過去，名已與果，不應更與。	If the fruit has already arisen, the cause is then in the past and is called a cause that has given forth its fruit. It should not be said to give forth its fruit again.
['T29n1558_006:0035c19_1']	善同類因有時取果而非與果，應作四句。	善同類因有時取果而非與果，應作四句。	There are times when the similar and homogeneous cause of the good is a cause that takes its fruit but is not a cause that gives forth its fruit. Four sentences are established.
['T29n1558_006:0035c19_17']	第一句者，謂斷善根時最後所捨得。	第一句者，謂斷善根時最後所捨得。	The first alternative is the last acquisition of the root of goodness that is abandoned when one severs the root of goodness.
['T29n1558_006:0035c21_3']	第二句者，謂續善根時最初所得得，應說爾時續者前得。	第二句者，謂續善根時最初所得得，應說爾時續者前得。	The second alternative is the first acquisition of the root of goodness that is obtained when one restores the root of goodness. It should be said that at that time, the one who restores obtains the former.
['T29n1558_006:0035c21_19']	第三句者，謂不斷善根於所餘諸位。	第三句者，謂不斷善根於所餘諸位。	The third alternative is when one does not sever the root of goodness, in the remaining states.
['T29n1558_006:0035c22_9']	第四句者，謂除前相。	第四句者，謂除前相。	The fourth alternative is excluding the above characteristics.
['T29n1558_006:0035c23_4']	又於不善同類因中亦有四句。	又於不善同類因中亦有四句。	Also, in the similar causes of the unwholesome, there are also four alternatives.
['T29n1558_006:0035c24_2']	第一句者，謂離欲貪時最後所捨得。	第一句者，謂離欲貪時最後所捨得。	The first alternative is the last acquisition abandoned when one is free from craving.
['T29n1558_006:0035c25_8']	第二句者，謂退欲貪時最初所得得，應說爾時退者前得。	第二句者，謂退欲貪時最初所得得，應說爾時退者前得。	The second alternative is the first acquisition of craving obtained when one falls away from freedom from craving. It should be said that at that time, the one who falls away obtains the former.
['T29n1558_006:0035c26_5']	第三句者，謂未離欲貪於所餘諸位。	第三句者，謂未離欲貪於所餘諸位。	The third alternative is when one is not yet free from craving, in the remaining states.
['T29n1558_006:0035c26_15']	第四句者，謂除前相。	第四句者，謂除前相。	The fourth alternative is excluding the above characteristics.
['T29n1558_006:0035c28_11']	有覆無記同類因中亦有四句，於阿羅漢得時、退時、未得及餘，如理應說。	有覆無記同類因中亦有四句，於阿羅漢得時、退時、未得及餘，如理應說。	In the similar causes of the obscured and neutral, there are also four alternatives, as they should be explained in the case of the arhat obtaining, falling away, not yet obtaining, and the rest.
['T29n1558_006:0035c29_13']	無覆無記同類因中有順後句，謂與果時必亦取果。	無覆無記同類因中有順後句，謂與果時必亦取果。	As for the homogeneous cause of nondetermined indeterminate dharmas, the fourth alternative is possible, i.e., that which is a cause giving forth but does not take up. That is, when it gives forth a result, it must also take up a result.
['T29n1558_006:0036a02_3']	或時取果而非與果，謂阿羅漢最後諸蘊，約有所緣剎那差別。	或時取果而非與果，謂阿羅漢最後諸蘊，約有所緣剎那差別。	Sometimes it takes up a result but does not give forth a result, i.e., the final aggregates of an arhat, in terms of the distinctions of moments with objects.
['T29n1558_006:0036a02_12']	善同類因亦有四句。	善同類因亦有四句。	There are also four alternatives for the good homogeneous cause.
['T29n1558_006:0036a03_8']	第一句者，謂善心無間起染無記心。	第一句者，謂善心無間起染無記心。	The first alternative is a good mind that immediately precedes a defiled or indeterminate mind.
['T29n1558_006:0036a04_1']	第二句者，謂與上相違。	第二句者，謂與上相違。	The second alternative is the opposite of the above.
['T29n1558_006:0036a04_16']	第三句者，謂善心無間還起善心。	第三句者，謂善心無間還起善心。	The third alternative is a good mind that immediately precedes another good mind.
['T29n1558_006:0036a05_6']	第四句者，謂除前相。	第四句者，謂除前相。	The fourth alternative is the above three characteristics.
['T29n1558_006:0036a06_6']	不善心等如其所應，亦有四句，准例應說。	不善心等如其所應，亦有四句，准例應說。	The four alternatives for bad minds, etc., should be explained according to the circumstances.
['T29n1558_006:0036a06_16']	取果、與果其義云何？	取果、與果其義云何？	What is the meaning of taking up a result and giving forth a result?
['T29n1558_006:0036a07_14']	能為彼種故名取果，正與彼力故名與果。	能為彼種故名取果，正與彼力故名與果。	It is called taking up a result because it can be the seed of that result. It is called giving forth a result because it is the power that produces that result.
['T29n1558_006:0036a09_1']	異熟與果唯於過去，由異熟果無與因俱及無間故。	異熟與果唯於過去，由異熟果無與因俱及無間故。	As for the cause giving an maturational result, it only gives forth in the past, because the maturational result does not occur simultaneously with or immediately following the cause.
['T29n1558_006:0036a09_15']	復有餘師，前五果外別說四果：	復有餘師，前五果外別說四果：	There are other masters who, in addition to the five fruits mentioned above, speak of four fruits:
['T29n1558_006:0036a10_17']	一安立果，謂如水輪為風輪果，乃至草等為大地果。	一安立果，謂如水輪為風輪果，乃至草等為大地果。	1. The fruit of establishment, i.e., the water wheel is the fruit of the wind wheel, and so on up to grass, etc., which are the fruit of the great earth.
['T29n1558_006:0036a11_17']	二加行果，謂如無生智等遠為不淨等果。	二加行果，謂如無生智等遠為不淨等果。	2. The fruit of added effort, i.e., the knowledge of non-production, etc., is the distant fruit of impurity, etc.
['T29n1558_006:0036a12_14']	三和合果，謂如眼識等為眼根等果。	三和合果，謂如眼識等為眼根等果。	3. The fruit of combination, i.e., visual consciousness, etc., is the fruit of the eye faculty, etc.
['T29n1558_006:0036a13_12']	四修習果，謂如化心等為諸靜慮果。	四修習果，謂如化心等為諸靜慮果。	4. The fruit of cultivation, i.e., the mind of transformation, etc., is the fruit of the various meditations.
['T29n1558_006:0036a14_8']	如是四果皆是士用、增上果攝。	如是四果皆是士用、增上果攝。	These four fruits are all included in the fruits of human effort and predominance.
['T29n1558_006:0036a14_13']	說因果已。	說因果已。	Having discussed cause and effect,
['T29n1558_006:0036a15_7']	復應思擇，此中何法幾因所生？	復應思擇，此中何法幾因所生？	we should further consider which dharmas are produced by how many causes.
['T29n1558_006:0036a16_12']	法略有四，謂染污法、異熟生法、初無漏法、三所餘法。	法略有四，謂染污法、異熟生法、初無漏法、三所餘法。	Dharmas are generally of four kinds: defiled dharmas, dharmas born of retribution, the first pure dharma, and the remaining dharmas.
['T29n1558_006:0036a16_17']	餘法者何？	餘法者何？	What are the remaining dharmas?
['T29n1558_006:0036a17_15']	謂除異熟餘無記法，除初無漏諸餘善法。	謂除異熟餘無記法，除初無漏諸餘善法。	They are the indeterminate dharmas other than those born of retribution, and the good dharmas other than the first pure dharma.
['T29n1558_006:0036a18_5']	如是四法，頌曰：	如是四法，頌曰：	As for these four dharmas, a verse says:
['T29n1558_006:0036a19_0', 'T29n1558_006:0036a20_0', 'T29n1558_006:0036a21_13', 'T29n1558_006:0036a22_2', 'T29n1558_006:0036a22_17']	染污異熟生，　　餘初聖如次，🔽除異熟遍二，　　及同類餘生，🔽此謂心心所，　　餘及除相應。🔽論曰：🔽諸染污法，除異熟因，餘五因生。	染污異熟生，　　餘初聖如次， 除異熟遍二，　　及同類餘生， 此謂心心所，　　餘及除相應。 論曰： 諸染污法，除異熟因，餘五因生。	Defiled and karmically ripening natures are born from the remaining five causes.
['T29n1558_006:0036a23_12']	異熟生法，除遍行因，餘五因生。	異熟生法，除遍行因，餘五因生。	Karmically ripening natures are born from the remaining five causes, excluding the universal cause.
['T29n1558_006:0036a24_12']	三所餘法，雙除異熟、遍行二因，餘四因生。	三所餘法，雙除異熟、遍行二因，餘四因生。	The remaining natures are born from the remaining four causes, excluding both the karmically ripening cause and the universal cause.
['T29n1558_006:0036a25_10']	初無漏法，雙除前二及同類因，餘三因生。	初無漏法，雙除前二及同類因，餘三因生。	The first pure natures are born from the remaining three causes, excluding the above two and the similar cause.
['T29n1558_006:0036a26_1']	如是四法，為說何等？	如是四法，為說何等？	What are these four natures?
['T29n1558_006:0036a26_14']	謂心心所不相應行及色四法。	謂心心所不相應行及色四法。	They are the four natures of mind, mental factors, dharmas not associated with mind, and form.
['T29n1558_006:0036a26_19']	復幾因生？	復幾因生？	How many causes do they arise from?
['T29n1558_006:0036a28_8']	如心心所所除因外及除相應，應知餘法從四三二餘因所生。	如心心所所除因外及除相應，應知餘法從四三二餘因所生。	Except for the causes excluded by mind and mental factors, and except for the associated cause, one should know that the remaining dharmas arise from four, three, two, and the remaining causes.
['T29n1558_006:0036a29_3']	此中染污異熟生法，餘四因生。	此中染污異熟生法，餘四因生。	Among them, defiled and karmically ripening natures arise from the remaining four causes.
['T29n1558_006:0036a29_13']	三所餘法，餘三因生。	三所餘法，餘三因生。	The remaining dharmas are born from the other three causes.
['T29n1558_006:0036b01_2']	初無漏法，餘二因生。	初無漏法，餘二因生。	The first pure dharma is born from the other two causes.
['T29n1558_006:0036b01_12']	一因生法，決定無有。	一因生法，決定無有。	There are definitely no dharmas born from one cause.🔽Here is the corrected and aligned text:
['T29n1558_006:0036b02_100']	說一切有部俱舍論卷第六	說一切有部俱舍論卷第六	Abhidharma-kośa-bhāṣya, Fascicle 6
